track_id,name,artists,album,album_release_date,popularity,duration_ms,spotify_link,emotion
3xk45uMMCK1SOlLbehld94,Bloom,Patrick Lite,Bloom,2025-11-07,35,164000,https://open.spotify.com/track/3xk45uMMCK1SOlLbehld94,happy
7gxVoExA6DhISkfkHd8TqG,New Dawn,Willow,New Dawn,2025-11-07,33,174004,https://open.spotify.com/track/7gxVoExA6DhISkfkHd8TqG,happy
3BRkshxgeXZ8mDfHhpMo2K,When You're Wrong,"Plaha, Iskarelyn",When You're Wrong,2025-11-07,26,171864,https://open.spotify.com/track/3BRkshxgeXZ8mDfHhpMo2K,happy
1OSsU75ZoLKWjYYSfSxGEP,This Dance,KYRIL,This Dance,2025-07-18,46,199166,https://open.spotify.com/track/1OSsU75ZoLKWjYYSfSxGEP,happy
4K3IRZq72PJsyWuIqLkRkX,Not My Problem,Floating Club,Not My Problem,2025-11-04,31,139826,https://open.spotify.com/track/4K3IRZq72PJsyWuIqLkRkX,happy
5bdlV0zEi5UEmY9ycCJ8Iw,Stuck On Your Love,HNE,Stuck On Your Love,2025-11-07,29,169033,https://open.spotify.com/track/5bdlV0zEi5UEmY9ycCJ8Iw,happy
2SfKlKzlcnXC4I8UL15xDb,Say I Do,"Tom Brownlow, JenJammin Sax",Say I Do,2025-11-07,28,142000,https://open.spotify.com/track/2SfKlKzlcnXC4I8UL15xDb,happy
5EKwTugs7zjQhRwwfcCGD3,Shining For You,NOAM,Shining For You,2025-11-07,30,155520,https://open.spotify.com/track/5EKwTugs7zjQhRwwfcCGD3,happy
02MWAaffLxlfxAUY7c5dvx,Heat Waves,Glass Animals,Dreamland (+ Bonus Levels),2020-08-06,9,238805,https://open.spotify.com/track/02MWAaffLxlfxAUY7c5dvx,happy
2JzXBqTIVHYX43t7EcLyMs,Following The Sun,"SUPER-Hi, NEEKA",Following The Sun,2020-10-02,1,206226,https://open.spotify.com/track/2JzXBqTIVHYX43t7EcLyMs,happy
0uVyZywUNOp6S0dU5r8TS8,Prayer in C - Robin Schulz Radio Edit,"Lilly Wood and The Prick, Robin Schulz",Prayer,2014-09-16,65,189399,https://open.spotify.com/track/0uVyZywUNOp6S0dU5r8TS8,happy
2UFW1gnrEIQqxyK88wIW0X,Heaven Takes You Home - SHM Remake,"Swedish House Mafia, Connie Constance",Heaven Takes You Home (SHM Remake),2022-04-29,51,265479,https://open.spotify.com/track/2UFW1gnrEIQqxyK88wIW0X,happy
5bGNsC7FTQ3WZzz0XYOmvZ,Houdini - Adam Port Mix,"Dua Lipa, Adam Port",Houdini (Adam Port Mix),2023-12-22,11,202000,https://open.spotify.com/track/5bGNsC7FTQ3WZzz0XYOmvZ,happy
4Dvkj6JhhA12EX05fT7y2e,As It Was,Harry Styles,Harry's House,2022-05-20,88,167303,https://open.spotify.com/track/4Dvkj6JhhA12EX05fT7y2e,happy
1Cv1YLb4q0RzL6pybtaMLo,Sunday Best,Surfaces,Where the Light Is,2019-01-06,6,158571,https://open.spotify.com/track/1Cv1YLb4q0RzL6pybtaMLo,happy
51MsIjtqDtQa36mYh1VaqZ,Sunshine (feat. Dan Harkna) - Radio Edit,"TIEKS, Dan Harkna",Sunshine (feat. Dan Harkna) [Radio Edit],2015-10-09,51,180646,https://open.spotify.com/track/51MsIjtqDtQa36mYh1VaqZ,happy
7DlZH8EiVDgQXNoj3dnyZC,Paint The Town Red,Doja Cat,Scarlet,2023-09-22,60,230466,https://open.spotify.com/track/7DlZH8EiVDgQXNoj3dnyZC,happy
0K6iKgHPPhAb4Acmg9aD77,On My Love,"Zara Larsson, David Guetta",On My Love (Sped Up),2023-09-12,2,222911,https://open.spotify.com/track/0K6iKgHPPhAb4Acmg9aD77,happy
567e29TDzLwZwfDuEpGTwo,STAY (with Justin Bieber),"The Kid LAROI, Justin Bieber",F*CK LOVE 3+: OVER YOU,2021-07-27,80,141805,https://open.spotify.com/track/567e29TDzLwZwfDuEpGTwo,happy
5CM4UuQ9Gnd6K2YyKGPMoK,Bad Habit,Steve Lacy,Bad Habit,2022-06-29,72,232114,https://open.spotify.com/track/5CM4UuQ9Gnd6K2YyKGPMoK,happy
6ldTJym80VUaeFQNX1SYOQ,Body Moving,"Eliza Rose, Calvin Harris",Body Moving (Extended),2023-12-15,37,154215,https://open.spotify.com/track/6ldTJym80VUaeFQNX1SYOQ,happy
5Iv4HuT9pKPi5WuE2ii3vs,Fireworks (feat. Moss Kena & The Knocks),"Purple Disco Machine, Moss Kena, The Knocks",Exotica,2021-10-15,56,200015,https://open.spotify.com/track/5Iv4HuT9pKPi5WuE2ii3vs,happy
50nfwKoDiSYg8zOCREWAm5,Shivers,Ed Sheeran,=,2021-10-25,82,207853,https://open.spotify.com/track/50nfwKoDiSYg8zOCREWAm5,happy
3K00Ib1shkOEiAXU5pec6e,Back To You,"Lost Frequencies, Elley Duhé, X Ambassadors",Back To You,2022-12-09,64,157252,https://open.spotify.com/track/3K00Ib1shkOEiAXU5pec6e,happy
2lWc1iJlz2NVcStV5fbtPG,Clouds,"BUNT., Nate Traveller",Clouds,2023-01-13,67,158760,https://open.spotify.com/track/2lWc1iJlz2NVcStV5fbtPG,happy
1DunhgeZSEgWiIYbHqXl0c,Latch,"Disclosure, Sam Smith",Settle (Deluxe),2013-06-03,67,255866,https://open.spotify.com/track/1DunhgeZSEgWiIYbHqXl0c,happy
5IZXB5IKAD2qlvTPJYDCFB,I Had Some Help (Feat. Morgan Wallen),"Post Malone, Morgan Wallen",F-1 Trillion,2024-08-15,82,178205,https://open.spotify.com/track/5IZXB5IKAD2qlvTPJYDCFB,happy
5YqEzk3C5c3UZ1D5fJUlXA,Sunroof,"Nicky Youre, hey daisy",Good Times Go,2023-06-09,80,163025,https://open.spotify.com/track/5YqEzk3C5c3UZ1D5fJUlXA,happy
4kfSXPK13aXkLzuz02hCSC,greedy,Tate McRae,THINK LATER,2023-12-08,67,129686,https://open.spotify.com/track/4kfSXPK13aXkLzuz02hCSC,happy
2ktWMIAd8l67RTUQh1Vx6A,Maneater,"Oceanside, CALUA",Maneater,2025-11-07,31,152903,https://open.spotify.com/track/2ktWMIAd8l67RTUQh1Vx6A,happy
4b7akpitIiR9vJOiLbi06c,Baddie,"Tom Enzy, Lucas Estrada, Tanaka",Baddie,2025-01-24,1,150000,https://open.spotify.com/track/4b7akpitIiR9vJOiLbi06c,happy
7FESgYLcOufHqKlwrvJN60,Feel It Still,Portugal. The Man,Feel It Still,2017-03-02,56,163250,https://open.spotify.com/track/7FESgYLcOufHqKlwrvJN60,happy
36gcliMRX1vCpgnrZE3dFZ,10:35,"Tiësto, Tate McRae",DRIVE,2023-04-21,72,172252,https://open.spotify.com/track/36gcliMRX1vCpgnrZE3dFZ,happy
003vvx7Niy0yvhvHt4a68B,Mr. Brightside,The Killers,Hot Fuss,2004,88,222973,https://open.spotify.com/track/003vvx7Niy0yvhvHt4a68B,happy
25jTLospI6eYVZ5TDDQN7V,The Feeling,"Lost Frequencies, Bonn",All Stand Together,2023-11-10,67,154386,https://open.spotify.com/track/25jTLospI6eYVZ5TDDQN7V,happy
0wrtKD0qovTXfjwCNLIYCp,Hear Me Now,"Alok, Bruno Martini, Zeeba",Hear Me Now,2016-11-18,0,192846,https://open.spotify.com/track/0wrtKD0qovTXfjwCNLIYCp,happy
3j11iDncb7ZeDMw7lFucqM,The Motto,"Tiësto, Ava Max",DRIVE,2023-04-21,70,164818,https://open.spotify.com/track/3j11iDncb7ZeDMw7lFucqM,happy
7w0iz7rFWWFxUJEdQ4h9Pb,Lose Control,Henry Conlon,American Wild,2025-10-24,34,207800,https://open.spotify.com/track/7w0iz7rFWWFxUJEdQ4h9Pb,happy
5gB2IrxOCX2j9bMnHKP38i,Life is a Highway,Rascal Flatts,Cars (Original Motion Picture Soundtrack),2006-01-01,73,275640,https://open.spotify.com/track/5gB2IrxOCX2j9bMnHKP38i,happy
1ZpPaBDswjV3VSUKqLDXPE,23,Chayce Beckham,23,2021-05-14,65,228144,https://open.spotify.com/track/1ZpPaBDswjV3VSUKqLDXPE,happy
6AqwH2Y9FJwhUE2dCSkw1u,5 Foot 9,Tyler Hubbard,5 Foot 9,2022-05-20,65,189780,https://open.spotify.com/track/6AqwH2Y9FJwhUE2dCSkw1u,happy
7cPPeSxJ1VNAzUFH3Ms4Tm,TEXAS HOLD 'EM,Beyoncé,TEXAS HOLD 'EM,2024-02-09,56,233456,https://open.spotify.com/track/7cPPeSxJ1VNAzUFH3Ms4Tm,happy
7iQMm50NNwlUIRWhONZR2k,Wind Up Missin’ You,Tucker Wetmore,Wind Up Missin’ You,2024-03-29,63,166040,https://open.spotify.com/track/7iQMm50NNwlUIRWhONZR2k,happy
6HBRLaSQ7NB8MNlaqzYen1,What My World Spins Around,Jordan Davis,What My World Spins Around,2022-05-27,64,186790,https://open.spotify.com/track/6HBRLaSQ7NB8MNlaqzYen1,happy
3AszgPDZd9q0DpDFt4HFBy,Hey Ya!,Outkast,The Way You Move / Hey Ya!,2003,58,239240,https://open.spotify.com/track/3AszgPDZd9q0DpDFt4HFBy,happy
0uI7yAKUf52Cn7y3sYyjiX,3 Nights,Dominic Fike,"Don't Forget About Me, Demos",2018-10-16,73,177666,https://open.spotify.com/track/0uI7yAKUf52Cn7y3sYyjiX,happy
2Dz8KeCYs9awlwUJStJlmh,Classic,MKTO,MKTO,2014,1,175426,https://open.spotify.com/track/2Dz8KeCYs9awlwUJStJlmh,happy
2dlEdDEmuQsrcXaAL3Znzi,You Make My Dreams (Come True),Daryl Hall & John Oates,The Essential Daryl Hall & John Oates,2005-04-25,56,190706,https://open.spotify.com/track/2dlEdDEmuQsrcXaAL3Znzi,happy
1WkMMavIMc4JZ8cfMmxHkI,"CAN'T STOP THE FEELING! (from DreamWorks Animation's ""TROLLS"")",Justin Timberlake,TROLLS (Original Motion Picture Soundtrack),2016-09-23,71,237546,https://open.spotify.com/track/1WkMMavIMc4JZ8cfMmxHkI,happy
0kzw2tRyuL9rzipi5ntlIy,Shut Up and Dance,WALK THE MOON,TALKING IS HARD (Expanded Edition),2014-12-02,60,199080,https://open.spotify.com/track/0kzw2tRyuL9rzipi5ntlIy,happy
0DMxPZjivXo96zWKlQhMeR,Ordinary,"Mecdoux, Ro, Chill Covers",Ordinary,2025-07-11,65,178909,https://open.spotify.com/track/0DMxPZjivXo96zWKlQhMeR,happy
0c2Y7YWGOEDQTR1s7seczw,Show Me Love,"Mecdoux, Chill Covers",Show Me Love,2025-10-10,62,150267,https://open.spotify.com/track/0c2Y7YWGOEDQTR1s7seczw,happy
6WOGxTKxnLB1QZGXiC0EvG,Once In A Lifetime Groove,Mecdoux,Once In A Lifetime Groove,2025-10-31,56,161694,https://open.spotify.com/track/6WOGxTKxnLB1QZGXiC0EvG,happy
0BfVfNe8R6nNyb8KN11RsP,All My Life (feat. Jordan Jade),"Dawilk, phil's ok., Jordan Jade",All My Life (feat. Jordan Jade),2025-08-22,62,132888,https://open.spotify.com/track/0BfVfNe8R6nNyb8KN11RsP,happy
6ZGZRTObSeSbEqf5fQAA6C,Shining,"joki, Chella",Shining,2025-08-22,61,153103,https://open.spotify.com/track/6ZGZRTObSeSbEqf5fQAA6C,happy
2MYrsUSmp0I3dPtq6NiydX,Like Seventeen,"C3DRIC, annxious",Like Seventeen,2025-10-31,55,138303,https://open.spotify.com/track/2MYrsUSmp0I3dPtq6NiydX,happy
7HXUFIILHAhS6esiRy5Ibz,Sapphire,Ed Sheeran,Play,2025-09-12,78,179082,https://open.spotify.com/track/7HXUFIILHAhS6esiRy5Ibz,happy
2GcqT7vCpcFUoApmkoCqRG,Know This - Feat. Miley Cyrus,"Braison Cyrus, Miley Cyrus",Know This (Feat. Miley Cyrus),2025-09-05,59,219674,https://open.spotify.com/track/2GcqT7vCpcFUoApmkoCqRG,happy
7BOUHKBXLNckvD59Gw2IqA,Azizam,"Mecdoux, Chill Covers",Azizam,2025-09-19,60,174915,https://open.spotify.com/track/7BOUHKBXLNckvD59Gw2IqA,happy
3Gpr6hXtcL20eWVz0BBbMO,Sex On The Beach,Ziggy Jones,Sex On The Beach,2025-08-01,56,186736,https://open.spotify.com/track/3Gpr6hXtcL20eWVz0BBbMO,happy
5T1uszxLrHd1qsxSfl17Pd,Find My Way,"ODBLU, Juli Mala, Portugal Sunset",Find My Way,2025-11-07,44,159327,https://open.spotify.com/track/5T1uszxLrHd1qsxSfl17Pd,happy
2WfUcK7vW9wx6c1MY8ilFX,Take My Hand,"Mecdoux, Chill Covers",Take My Hand,2025-09-12,61,151016,https://open.spotify.com/track/2WfUcK7vW9wx6c1MY8ilFX,happy
7zkiG1IFEYgy6z1HHGcTjC,Summer In My Heart,Jorden Dux,Summer In My Heart,2025-03-14,56,158397,https://open.spotify.com/track/7zkiG1IFEYgy6z1HHGcTjC,happy
4UINrzSXtc1blrnqo00Atj,Sun In The Cold,"Thierry Von Der Warth, LOWEN, Carston",Sun In The Cold,2025-11-07,45,144761,https://open.spotify.com/track/4UINrzSXtc1blrnqo00Atj,happy
6jhLOoyuZwxxudhmVU76iy,All I See,Valentino,All I See,2025-09-18,61,151145,https://open.spotify.com/track/6jhLOoyuZwxxudhmVU76iy,happy
01Ua40rpS1mSEB45SwEPtP,One More Song (I'll Be On My Way),"Why U So, Luis Coren",One More Song (I'll Be On My Way),2025-05-09,63,212682,https://open.spotify.com/track/01Ua40rpS1mSEB45SwEPtP,happy
3zAQQXsqLkD7ji4pQzKD0v,Riptide (feat. Ilan Kidron),"Sigala, Jaxomy, Ilan Kidron",Riptide (feat. Ilan Kidron),2025-07-11,57,138036,https://open.spotify.com/track/3zAQQXsqLkD7ji4pQzKD0v,happy
6OxXtiZvdqMRnVQtRWoSmC,Get Down Saturday Night,"Leclaire., Janse",Get Down Saturday Night,2025-11-07,43,168602,https://open.spotify.com/track/6OxXtiZvdqMRnVQtRWoSmC,happy
15jT1dg2pOOSp691Byz1Tg,Wandering Heart (feat. Séb Mont),"C3DRIC, Séb Mont",Wandering Heart (feat. Séb Mont),2025-05-02,58,128561,https://open.spotify.com/track/15jT1dg2pOOSp691Byz1Tg,happy
43AA8tDCsvf2HrOYUevX7s,Better,"GAMPER & DADONI, Luca Schreiner",Better,2025-11-07,43,136605,https://open.spotify.com/track/43AA8tDCsvf2HrOYUevX7s,happy
5ejTcCJOozPqRPMs9gW3pN,Be Mine,KAMRAD,Be Mine,2025-05-16,69,156463,https://open.spotify.com/track/5ejTcCJOozPqRPMs9gW3pN,happy
2Q8j3fVghHmlXjxQBLEhiS,Think Of Me,"Jonas Dufrasne, Walk on Water",Think Of Me,2025-10-17,59,178016,https://open.spotify.com/track/2Q8j3fVghHmlXjxQBLEhiS,happy
7nzVaCMPneSZKFIdSQcoFn,Summer Somewhere,"MY PARADE, Graham Candy",Summer Somewhere,2025-10-31,52,143656,https://open.spotify.com/track/7nzVaCMPneSZKFIdSQcoFn,happy
4VfbcTen9ol9YjND5MfrIZ,Get Me Moving,"Jack David, Montagu",Get Me Moving,2025-10-31,53,125056,https://open.spotify.com/track/4VfbcTen9ol9YjND5MfrIZ,happy
0C0Y3DSMKMUKp5uDtT7qaJ,Go To Hell,"Cheat Codes, CeeLo Green",Future Renaissance,2025-07-25,53,146982,https://open.spotify.com/track/0C0Y3DSMKMUKp5uDtT7qaJ,happy
0V6l9Z9VjxfKNZ6700zMms,Wishing You Were Here,"Hobes, SEM",Wishing You Were Here,2025-09-19,58,150500,https://open.spotify.com/track/0V6l9Z9VjxfKNZ6700zMms,happy
1musbempyJAw5gfSKZHXP9,Anxiety,Doechii,Anxiety,2025-03-05,79,249302,https://open.spotify.com/track/1musbempyJAw5gfSKZHXP9,happy
33GpayCrgsddMdYrBm0e3d,Whole Summer,Ziggy Jones,Whole Summer,2025-09-12,57,144634,https://open.spotify.com/track/33GpayCrgsddMdYrBm0e3d,happy
3dudWvfW6hu6WlBf58M9m2,Lullaby,"C3DRIC, MY PARADE",Lullaby,2025-09-05,61,123932,https://open.spotify.com/track/3dudWvfW6hu6WlBf58M9m2,happy
15zJeVUmKFnbrxm9dxcxYD,Sorry I'm Here For Someone Else,Benson Boone,American Heart,2025-06-20,83,156582,https://open.spotify.com/track/15zJeVUmKFnbrxm9dxcxYD,happy
6LWedVom7fX8o5rWP7X5du,That's Alright,"LOWEN, Alon, Denzel Chain",That's Alright (feat. Denzel Chain),2025-08-29,59,178512,https://open.spotify.com/track/6LWedVom7fX8o5rWP7X5du,happy
1R4PXtes2lUiaXHRuQGxZJ,California Dreams,"Edwardo Atlas, King Ky",California Dreams,2025-09-26,58,164000,https://open.spotify.com/track/1R4PXtes2lUiaXHRuQGxZJ,happy
717aa8CvM7xQTBpBM7eYD5,Color (Sun Goes Down),"Thierry Von Der Warth, Lenji",Color (Sun Goes Down),2025-06-13,62,156547,https://open.spotify.com/track/717aa8CvM7xQTBpBM7eYD5,happy
3IERUtYxhaQQ1776PWiHNr,Wait For You,Felipe Allenn,Wait For You,2025-10-10,57,164000,https://open.spotify.com/track/3IERUtYxhaQQ1776PWiHNr,happy
2cTEraaDZNwEg4fyXJicf3,Best Day Of My Life,"Mecdoux, Chill Covers",Best Day Of My Life,2025-09-26,61,132000,https://open.spotify.com/track/2cTEraaDZNwEg4fyXJicf3,happy
7EsC5VJiQP7ONWK012h326,Burn Me Down,Foínix,Burn Me Down,2025-10-03,55,109920,https://open.spotify.com/track/7EsC5VJiQP7ONWK012h326,happy
1tOSliOATS9kfN8NW7UiK4,Lifetime,"King Ky, Duke Voss",Lifetime,2025-10-17,57,192480,https://open.spotify.com/track/1tOSliOATS9kfN8NW7UiK4,happy
1sHYgxjupTTtoyuTI71GIs,Run Slow,"Jordan Arts, Sickluv",Run Slow,2025-11-07,42,222002,https://open.spotify.com/track/1sHYgxjupTTtoyuTI71GIs,happy
3OJDtCdYs8QJnui708tEU3,Soltera,Shakira,Soltera,2024-09-25,79,214642,https://open.spotify.com/track/3OJDtCdYs8QJnui708tEU3,happy
7EVXquOqzdcb7cBLnRrHR0,Am I Wrong,"Mecdoux, Chill Covers",Am I Wrong,2025-08-08,60,196173,https://open.spotify.com/track/7EVXquOqzdcb7cBLnRrHR0,happy
2EB3UgVGHsaHurRRI4YHsH,One More Day,DJ Licious,One More Day,2025-09-19,51,159435,https://open.spotify.com/track/2EB3UgVGHsaHurRRI4YHsH,happy
0l4fHFJ0qzr1o61jnViaGc,That's So True,"Mecdoux, Chill Covers",That's So True,2025-04-25,60,172363,https://open.spotify.com/track/0l4fHFJ0qzr1o61jnViaGc,happy
6NOlVkuAFtqTiBInHuqlrs,All My Life,"Purple Disco Machine, The Magician",Paradise,2024-09-20,60,202935,https://open.spotify.com/track/6NOlVkuAFtqTiBInHuqlrs,happy
2IMYd9xzr2jJ6GOpYcmJ7Q,Lucky Star,"Superfunk, Holseek, Ron Carroll",Lucky Star,2025-06-13,51,150967,https://open.spotify.com/track/2IMYd9xzr2jJ6GOpYcmJ7Q,happy
7lF7iTxy7SWgW1NcMUGR0K,On My Way,"Alex D'Rosso, ZHIKO, Fred Michael",On My Way,2025-07-18,54,168000,https://open.spotify.com/track/7lF7iTxy7SWgW1NcMUGR0K,happy
6mVVmX5YJ5vdlxokspwb1C,This Feeling,Acer's Eleven,This Feeling,2025-09-05,53,157000,https://open.spotify.com/track/6mVVmX5YJ5vdlxokspwb1C,happy
5NlMCnlHIh0XmUYa1czRiS,Can We Be Us,Luis Coren,Can We Be Us,2025-06-20,57,161311,https://open.spotify.com/track/5NlMCnlHIh0XmUYa1czRiS,happy
43Q4Evn5AcIkxYZFkLr1pb,Do You Want It Right Now,"DE SOFFER, Yann Muller",Do You Want It Right Now,2024-12-13,57,180487,https://open.spotify.com/track/43Q4Evn5AcIkxYZFkLr1pb,happy
34iTNO4c53dHZyJVtP9ZMH,Be Okay,"Alon, Mollythevibe",Be Okay,2025-10-03,57,140533,https://open.spotify.com/track/34iTNO4c53dHZyJVtP9ZMH,happy
3N6AhbiagcojnXm4GiugHk,Beautiful,Olivia Addams,Beautiful,2025-09-26,50,164500,https://open.spotify.com/track/3N6AhbiagcojnXm4GiugHk,happy
3P8fleBT6ouHcSNs5hkaLh,Stick Season,"Mecdoux, Chill Covers, Ro",Stick Season,2024-12-13,55,186315,https://open.spotify.com/track/3P8fleBT6ouHcSNs5hkaLh,happy
5JV1dBnfaVCgVb8kvAUjRy,When You Smile To Me,ERIICE,When You Smile To Me,2025-09-26,60,193388,https://open.spotify.com/track/5JV1dBnfaVCgVb8kvAUjRy,happy
5i46HEgMsjkueWlmqvIfXh,Love Me Hard,"Miles Carter, Emily J",Love Me Hard,2025-10-31,51,148018,https://open.spotify.com/track/5i46HEgMsjkueWlmqvIfXh,happy
2tl8AJW59Re1lYZySsVwD0,Stumblin' In,"Mecdoux, Chill Covers",Stumblin' In,2025-04-04,61,168305,https://open.spotify.com/track/2tl8AJW59Re1lYZySsVwD0,happy
0fgULfeWr0tfIHcjLMc70O,Heartless,"Edwardo Atlas, King Ky",Heartless,2025-05-09,57,158709,https://open.spotify.com/track/0fgULfeWr0tfIHcjLMc70O,happy
2TF5wHwTGDL2NsVm3SH36z,Belong Together,"Mecdoux, Chill Covers",Belong Together,2024-10-18,54,164700,https://open.spotify.com/track/2TF5wHwTGDL2NsVm3SH36z,happy
4gYJ2fgoOeTzo3nvIorC5J,Morning Coffee,Ziggy Jones,Morning Coffee,2025-10-17,52,181894,https://open.spotify.com/track/4gYJ2fgoOeTzo3nvIorC5J,happy
7coAfP1dXtU6PQI3wVzziv,Safari,"Sevek, Chiara Meloni, Thierry Von Der Warth",Safari,2025-08-22,54,178290,https://open.spotify.com/track/7coAfP1dXtU6PQI3wVzziv,happy
0JjecOzaIzBTfIY35QGmgw,Wait For You,Myles Smith,Wait For You,2024-08-23,72,201533,https://open.spotify.com/track/0JjecOzaIzBTfIY35QGmgw,happy
7ENNV4JYxBOWukJT3TBCOd,My Lady,Teyo,My Lady,2025-08-01,52,138213,https://open.spotify.com/track/7ENNV4JYxBOWukJT3TBCOd,happy
6oAnsgzbaCOrHVprDQIOgb,On The Low,Jorden Dux,On The Low,2025-06-20,55,151666,https://open.spotify.com/track/6oAnsgzbaCOrHVprDQIOgb,happy
2pU7oYLFcMtgC87h7QyyvB,Messy,"Mecdoux, Chill Covers",Messy,2025-06-06,61,187909,https://open.spotify.com/track/2pU7oYLFcMtgC87h7QyyvB,happy
50h4U5q4hJLR2tSeta4RrF,Inkunzi,"millforlife, MUSHROOMZ",Inkunzi,2025-07-11,52,132000,https://open.spotify.com/track/50h4U5q4hJLR2tSeta4RrF,happy
6qF0SR9i7pojaAgHdUO2Iz,Ocean Drive,"Mecdoux, Ro, Chill Covers",Ocean Drive,2025-08-29,58,178909,https://open.spotify.com/track/6qF0SR9i7pojaAgHdUO2Iz,happy
0g1gkZ5JUCyF7bpoTo5O2L,Paralyzed,"Alber-K, Jo Le Grelle",Paralyzed,2025-08-01,55,129578,https://open.spotify.com/track/0g1gkZ5JUCyF7bpoTo5O2L,happy
2ZK59ad7I739Z9WNp7ElkB,Mixed Feelings,"Sainte Barbe, Jan Aygün",Mixed Feelings,2025-09-12,57,143571,https://open.spotify.com/track/2ZK59ad7I739Z9WNp7ElkB,happy
5REMa10O4aA2mLtYyflWxs,Stars Will Align,"Kygo, Imagine Dragons",Stars Will Align,2024-09-27,72,234366,https://open.spotify.com/track/5REMa10O4aA2mLtYyflWxs,happy
3xHKRoHhGEFFomtkSPHsUH,Beautiful Things,Mecdoux,Beautiful Things,2024-11-15,58,189913,https://open.spotify.com/track/3xHKRoHhGEFFomtkSPHsUH,happy
10WWosq6z75o3WGRjL4v2D,Paradise (with Bipolar Sunshine),"DJ Snake, Bipolar Sunshine",Paradise (with Bipolar Sunshine),2025-05-16,74,200000,https://open.spotify.com/track/10WWosq6z75o3WGRjL4v2D,happy
57ngVDxuy5vYQ0m28GRiCK,I Don't Wanna Know,"Laedon, hmny.",I Don't Wanna Know,2025-08-08,58,165000,https://open.spotify.com/track/57ngVDxuy5vYQ0m28GRiCK,happy
6mOToz07g18pFYbnkAkWGD,Everybody's Free (To Feel Good),DE SOFFER,Everybody's Free (To Feel Good),2025-04-11,58,165853,https://open.spotify.com/track/6mOToz07g18pFYbnkAkWGD,happy
5wIuLkz7apWwVcfAj4Crwv,Ushuaia (Party Everyday),"C3DRIC, Chestford",Ushuaia (Party Everyday),2025-07-25,54,167700,https://open.spotify.com/track/5wIuLkz7apWwVcfAj4Crwv,happy
3Rfp7eWFi5e4DSmJwiCFwr,Beautiful Life,House Party,Beautiful Life,2025-10-10,56,137766,https://open.spotify.com/track/3Rfp7eWFi5e4DSmJwiCFwr,happy
6hrWJXFCodRVjzpGyarwsA,Dreams,Kenn Colt,Dreams,2022-06-24,52,202568,https://open.spotify.com/track/6hrWJXFCodRVjzpGyarwsA,happy
2SIN4dOkN94Bn3j2Ihqofm,Fine,"Gavin Moss, RUSSI",Fine,2025-04-04,57,124957,https://open.spotify.com/track/2SIN4dOkN94Bn3j2Ihqofm,happy
4MY9JEvdvDhENN4lyxWhX3,Luv It,"Karim Naas, R.A.E",Luv It,2025-10-10,58,151475,https://open.spotify.com/track/4MY9JEvdvDhENN4lyxWhX3,happy
0qmhTHMVxnXRmT5N92wTD9,Bloodline,"Alex Warren, Jelly Roll",Bloodline,2025-05-22,79,182008,https://open.spotify.com/track/0qmhTHMVxnXRmT5N92wTD9,happy
2pw12Ta8UfYKesE52ldUFm,True,"CYRIL, Kita Alexander",True,2024-08-09,60,125806,https://open.spotify.com/track/2pw12Ta8UfYKesE52ldUFm,happy
2N1FpaKgmj2a750NMkwxJU,Put It On Ice,"Arthur, Horxata, Iggy",Put It On Ice,2025-09-19,57,132125,https://open.spotify.com/track/2N1FpaKgmj2a750NMkwxJU,happy
25eP5WfzHnkWWt4JIQUDyg,Everything,"Alon, LOWEN",Everything,2025-03-07,54,148506,https://open.spotify.com/track/25eP5WfzHnkWWt4JIQUDyg,happy
5FC5usNqCax1dFzRKW1aOR,Waste No Time,DE SOFFER,Waste No Time,2025-02-21,53,183750,https://open.spotify.com/track/5FC5usNqCax1dFzRKW1aOR,happy
5yKeX3JXUrjsYZ7EraTxI3,Summer Nights,Horizon Blue,Summer Nights,2025-09-12,58,162479,https://open.spotify.com/track/5yKeX3JXUrjsYZ7EraTxI3,happy
0RqAxIVVabwGj3sxGrQALh,Wanna See You,Luis Coren,Wanna See You,2025-09-05,56,223728,https://open.spotify.com/track/0RqAxIVVabwGj3sxGrQALh,happy
0Xz7tgOxs2dOR4OeD9iumx,Birds Of A Feather,Mecdoux,Birds Of A Feather,2025-01-17,60,200727,https://open.spotify.com/track/0Xz7tgOxs2dOR4OeD9iumx,happy
68nPFqITBRDCSNiOhpINmS,Bulanga,"Felipe Allenn, Fabi Hernandez, NCO, Call me Juana",Bulanga,2025-09-26,54,166500,https://open.spotify.com/track/68nPFqITBRDCSNiOhpINmS,happy
3oBiYIssbRzcHeIWYUl0LB,Heavy Cross,Les Bisous,Heavy Cross,2025-04-11,53,208292,https://open.spotify.com/track/3oBiYIssbRzcHeIWYUl0LB,happy
50albig5hZxYxtG1yJ4vmD,When You Smile,"Fresh Coast, Sico Vox, C-Mart",When You Smile,2025-09-19,54,148000,https://open.spotify.com/track/50albig5hZxYxtG1yJ4vmD,happy
4cVUwET6QBkiWUdGVNSYPt,feelslikeimfallinginlove - Zerb x Coldplay,"Coldplay, Zerb",feelslikeimfallinginlove (Zerb x Coldplay),2024-08-02,64,236612,https://open.spotify.com/track/4cVUwET6QBkiWUdGVNSYPt,happy
0omRJnA5XrUJ0c6yqMxsB2,The Park,Gavin Moss,The Park,2025-03-07,54,127510,https://open.spotify.com/track/0omRJnA5XrUJ0c6yqMxsB2,happy
7gaA3wERFkFkgivjwbSvkG,"yes, and?",Ariana Grande,"yes, and?",2024-01-12,71,214994,https://open.spotify.com/track/7gaA3wERFkFkgivjwbSvkG,happy
430XJGZksdlWMtveEMl7oK,Lose Control,"Mecdoux, Ro, Chill Covers",Lose Control,2024-06-14,56,177857,https://open.spotify.com/track/430XJGZksdlWMtveEMl7oK,happy
38jN7CrEA0ike1GOUSUzBQ,Say It Right,"LÖVEE, Angie Robba, Holly",Say It Right,2025-09-19,60,141665,https://open.spotify.com/track/38jN7CrEA0ike1GOUSUzBQ,happy
7dHSg7x2gsFSno0np92B6u,Leh Na Leh,"Chiara Meloni, Impani",Leh Na Leh,2025-04-11,54,198000,https://open.spotify.com/track/7dHSg7x2gsFSno0np92B6u,happy
5O16SnZui65Ivhj7MWDHRv,Your Shine,"Bakermat, Fly Disco Butter",Your Shine,2024-06-28,44,163000,https://open.spotify.com/track/5O16SnZui65Ivhj7MWDHRv,happy
7AplbBlJuyQmKkliFy25Yf,Chasing The Sun,"C3DRIC, Carston",Chasing The Sun,2024-09-20,57,138668,https://open.spotify.com/track/7AplbBlJuyQmKkliFy25Yf,happy
0EM4GayYlSrpgm3zXCs2iw,Magic,Tanaka,Magic,2025-08-15,50,193278,https://open.spotify.com/track/0EM4GayYlSrpgm3zXCs2iw,happy
6wtFZTx9LtCLSvymCA3K0m,I Like The Way You Kiss Me,"Joe Stone, Marmaux",I Like The Way You Kiss Me,2025-06-13,56,170863,https://open.spotify.com/track/6wtFZTx9LtCLSvymCA3K0m,happy
1B7xiLBhKRBpD5KlnEWtrR,Medusa,Cameron Whitcomb,Medusa,2024-11-08,70,157200,https://open.spotify.com/track/1B7xiLBhKRBpD5KlnEWtrR,happy
7oDSG2Q9RBU0QjgtfYQOdD,Cry Baby,"Clean Bandit, Anne-Marie, David Guetta",Cry Baby,2024-08-09,60,157086,https://open.spotify.com/track/7oDSG2Q9RBU0QjgtfYQOdD,happy
2N3S5G1dwo8t1Z3ai6ONHd,Million Dollar Smile,Jorden Dux,Million Dollar Smile,2025-10-10,56,148095,https://open.spotify.com/track/2N3S5G1dwo8t1Z3ai6ONHd,happy
7cgPijTM61WxeVKPYoUyxq,Sagora,"joki, LIMO",Sagora,2025-10-10,51,196000,https://open.spotify.com/track/7cgPijTM61WxeVKPYoUyxq,happy
1x7NAvqHgCvhV549ls0FTE,Sunset Lovers,"Thierry Von Der Warth, Horizon Blue, Carston",Sunset Lovers,2022-08-12,56,176000,https://open.spotify.com/track/1x7NAvqHgCvhV549ls0FTE,happy
4QECgFL34Co7AdI0YBz3VQ,Stumblin' In,Lone Tusker,Stumblin' In,2024-06-28,66,177158,https://open.spotify.com/track/4QECgFL34Co7AdI0YBz3VQ,happy
4NPNycvo2niuqwooztOaNR,Mwaki,Mecdoux,Mwaki,2024-05-17,57,138782,https://open.spotify.com/track/4NPNycvo2niuqwooztOaNR,happy
3uhAgsPsYM6ZQxQ7fGOidu,Feeling Low,Alon,Feeling Low,2024-09-20,54,132235,https://open.spotify.com/track/3uhAgsPsYM6ZQxQ7fGOidu,happy
3YyyrX4LkrEVTm5rFX3PBG,Someday,Thierry Von Der Warth,Someday,2025-10-03,59,144412,https://open.spotify.com/track/3YyyrX4LkrEVTm5rFX3PBG,happy
3SA0gz8JsaiGXKWuh2U34H,Strawberry Blue,Solar State,Strawberry Blue,2023-09-29,50,163215,https://open.spotify.com/track/3SA0gz8JsaiGXKWuh2U34H,happy
1UNEuG9DYOWiikf00ayr52,Love Me Not,Ravyn Lenae,Love Me Not / Love Is Blind,2024-05-03,84,213466,https://open.spotify.com/track/1UNEuG9DYOWiikf00ayr52,happy
5zy6PlQPiu8UKl8oAKuKiL,Summertime Sadness,"LÖVEE, Jethro, Jessi G",Summertime Sadness,2024-08-30,59,131933,https://open.spotify.com/track/5zy6PlQPiu8UKl8oAKuKiL,happy
0fyOhR6FmhkaXceDMiag2y,Young Kids,Broken Back,Young Kids,2025-05-02,47,140204,https://open.spotify.com/track/0fyOhR6FmhkaXceDMiag2y,happy
2iSfSJrho5XkU2NmAnZ9ZV,Amen,"Shaboozey, Jelly Roll","Where I've Been, Isn't Where I'm Going: The Complete Edition",2025-04-25,69,197403,https://open.spotify.com/track/2iSfSJrho5XkU2NmAnZ9ZV,happy
2pvj1vAvqf0MRLGxJtXoIK,Smooth Operator,"Jorden Dux, Mecdoux, Chill Covers",Smooth Operator,2023-09-15,55,190000,https://open.spotify.com/track/2pvj1vAvqf0MRLGxJtXoIK,happy
5FgjpvDIZ9gJD7wcJD7LXk,All On Me,Kiara Nelson,All On Me,2025-09-19,49,201000,https://open.spotify.com/track/5FgjpvDIZ9gJD7wcJD7LXk,happy
3A4VmshtXfYrPGTpTM25ZR,On My Own,"azvre, Chris Crone, MVNA, KALUMA",On My Own,2025-08-22,54,146516,https://open.spotify.com/track/3A4VmshtXfYrPGTpTM25ZR,happy
4nXtx2ziEiXoJxsEWQh8JX,Good Day,Alon,Good Day,2025-07-18,52,131282,https://open.spotify.com/track/4nXtx2ziEiXoJxsEWQh8JX,happy
0UbQsNEUv1iNfKQIo25R4z,Feel The Sunset,"Dawilk, phil's ok.",Feel The Sunset,2024-05-24,56,172700,https://open.spotify.com/track/0UbQsNEUv1iNfKQIo25R4z,happy
4F46hLf9W8H4AZ9yf4tkVp,I Like The Way You Kiss Me,One Flame,I Like The Way You Kiss Me,2025-01-03,56,125750,https://open.spotify.com/track/4F46hLf9W8H4AZ9yf4tkVp,happy
5ztq1zM2wUPgFqr2PbwXj6,Lost In The Night,"Thierry Von Der Warth, Jack David",Lost In The Night,2024-05-31,58,169937,https://open.spotify.com/track/5ztq1zM2wUPgFqr2PbwXj6,happy
0kP63YkYyR03OeACwParCZ,Golden,"MY PARADE, C3DRIC",Golden,2024-05-17,53,138305,https://open.spotify.com/track/0kP63YkYyR03OeACwParCZ,happy
77Yxkw6gSW9NyQmEnXL4Yh,Lock Me Up,Dominic Neill,Lock Me Up,2025-08-08,55,191533,https://open.spotify.com/track/77Yxkw6gSW9NyQmEnXL4Yh,happy
1QivDiWJzscO03qHvPXhOX,Addicted (feat. LAUD),"sleepy dude, LAUD",Addicted (feat. LAUD),2025-06-27,52,135555,https://open.spotify.com/track/1QivDiWJzscO03qHvPXhOX,happy
4GgUjL3ORr2RF5f1UbqarV,1000 Years,Les Bisous,1000 Years,2025-10-03,51,158709,https://open.spotify.com/track/4GgUjL3ORr2RF5f1UbqarV,happy
2H7DGhi0jujT3PEaqkD2mM,Temptation,"Karim Naas, Syon",Temptation (feat. Syon),2025-05-23,57,156000,https://open.spotify.com/track/2H7DGhi0jujT3PEaqkD2mM,happy
7qoxdajngC0j9VXrcnephA,Before You Leave Me,Alex Warren,Before You Leave Me,2024-02-16,67,176178,https://open.spotify.com/track/7qoxdajngC0j9VXrcnephA,happy
7LEhV2ppU5eHfscVPeRMrA,Morning Comes,Alon,Morning Comes,2025-05-09,57,136551,https://open.spotify.com/track/7LEhV2ppU5eHfscVPeRMrA,happy
09SeFTIX9wjIPeDJokttb2,Save My Soul (feat. AMANZI),"Bakermat, AMANZI",Save My Soul (feat. AMANZI),2024-09-06,44,153750,https://open.spotify.com/track/09SeFTIX9wjIPeDJokttb2,happy
3fAnnlaTKtnq5F87jbwmUh,Don't Let Me Down,"joki, Ridges",Don't Let Me Down,2025-06-06,58,138000,https://open.spotify.com/track/3fAnnlaTKtnq5F87jbwmUh,happy
0mflMxspEfB0VbI1kyLiAv,Stick Season,Noah Kahan,Stick Season,2022-10-14,84,182346,https://open.spotify.com/track/0mflMxspEfB0VbI1kyLiAv,happy
2OzhQlSqBEmt7hmkYxfT6m,Fortnight (feat. Post Malone),"Taylor Swift, Post Malone",THE TORTURED POETS DEPARTMENT,2024-04-18,81,228965,https://open.spotify.com/track/2OzhQlSqBEmt7hmkYxfT6m,happy
2doTn2LWTKN1Z0lZJG2WQw,UNHEALTHY (feat. Shania Twain),"Anne-Marie, Shania Twain",UNHEALTHY (feat. Shania Twain),2023-05-18,59,149653,https://open.spotify.com/track/2doTn2LWTKN1Z0lZJG2WQw,happy
7d3UINr3Bl6eG27mnLajMp,It's a Mad World,Solar State,It's a Mad World,2023-12-29,50,153540,https://open.spotify.com/track/7d3UINr3Bl6eG27mnLajMp,happy
3eHsiVPVg4VAd0Tx7YQXlT,No Good,DE SOFFER,No Good,2025-08-29,55,210491,https://open.spotify.com/track/3eHsiVPVg4VAd0Tx7YQXlT,happy
7iM6Esdfc4CBi9CcSeJXqR,Good Life,"Thierry Von Der Warth, Eirik Næss",Good Life,2024-08-09,53,134426,https://open.spotify.com/track/7iM6Esdfc4CBi9CcSeJXqR,happy
3BntzKsnLf2pc0dsvE3Zav,Bad Dreams,Teddy Swims,I've Tried Everything But Therapy (Part 2),2025-01-24,84,184577,https://open.spotify.com/track/3BntzKsnLf2pc0dsvE3Zav,happy
0fsvmpQXzs2jwsuXMxxuiE,Long Long Gone,"Viva La Panda, Edwardo Atlas",Long Long Gone,2024-06-28,52,138782,https://open.spotify.com/track/0fsvmpQXzs2jwsuXMxxuiE,happy
2ley15tZzfak1BoW8EIHZ7,Writing On The Wall,"Jack David, C3DRIC",Writing On The Wall,2025-01-03,57,150315,https://open.spotify.com/track/2ley15tZzfak1BoW8EIHZ7,happy
5hRGVmAudNvg3g55v8YReR,Sweater Weather,"Umur Anil Gokdag, Ascence",Sweater Weather,2023-05-04,53,151466,https://open.spotify.com/track/5hRGVmAudNvg3g55v8YReR,happy
6vg9PnlpahS0y0Tuuix442,Chasing Time,"Thierry Von Der Warth, Jay Mason, Edwardo Atlas",Chasing Time,2023-05-19,56,151470,https://open.spotify.com/track/6vg9PnlpahS0y0Tuuix442,happy
438rCCvweJ8y1CW7ZPLHwP,Barcelona,"Olly Wall, James Stefano",Barcelona,2023-05-12,49,137894,https://open.spotify.com/track/438rCCvweJ8y1CW7ZPLHwP,happy
7mBgBeeuweHnacfcVR2dpv,Sun Goes Down,Kenn Colt,Sun Goes Down,2020-05-15,48,166779,https://open.spotify.com/track/7mBgBeeuweHnacfcVR2dpv,happy
7uEvezzgCoYmqRDloOXUSR,Something On My Mind,"Purple Disco Machine, Duke Dumont, Nothing But Thieves",Something On My Mind,2023-09-08,55,216626,https://open.spotify.com/track/7uEvezzgCoYmqRDloOXUSR,happy
3RQHMgJrpWmWaTNbB5svBx,Lost In Love (feat. Rolipso),"Jack David, okafuwa, Jorden Dux, Rolipso",Lost In Love (feat. Rolipso),2024-07-26,54,124033,https://open.spotify.com/track/3RQHMgJrpWmWaTNbB5svBx,happy
57IjEiMjFRKIiYJ5riLsXp,Peace & Love,Luis Coren,Peace & Love,2025-07-18,51,151142,https://open.spotify.com/track/57IjEiMjFRKIiYJ5riLsXp,happy
1xfj8i1OvEhqJmWncOV2d5,June,"Thierry Von Der Warth, Carston, Horizon Blue",June,2024-04-26,56,163572,https://open.spotify.com/track/1xfj8i1OvEhqJmWncOV2d5,happy
2fMTIOfv8jzsDyHGnHbDlz,Find the Light,Joey McCrilley,Find the Light,2024-04-12,38,165246,https://open.spotify.com/track/2fMTIOfv8jzsDyHGnHbDlz,happy
1dEBmUUWWf06FtdcNeBX0D,Because You Move Me,"Tinlicker, Helsloot",Because You Move Me,2017-07-31,0,196375,https://open.spotify.com/track/1dEBmUUWWf06FtdcNeBX0D,happy
5Xu7nrKiVHslrdlNHRsSsP,Reality,"Lost Frequencies, Janieck",Reality,2015-05-18,56,159480,https://open.spotify.com/track/5Xu7nrKiVHslrdlNHRsSsP,happy
47DTgukfewxwLF2dbkznCC,Walking On A Dream,"Viva La Panda, Tyron Dixon, Her Majesty",Walking On A Dream,2025-04-11,59,199024,https://open.spotify.com/track/47DTgukfewxwLF2dbkznCC,happy
5Sf3GyLEAzJXxZ5mbCPXTu,Waves - Robin Schulz Radio Edit,"Mr. Probz, Robin Schulz",Waves (Robin Schulz Radio Edit),2014-02-07,8,208133,https://open.spotify.com/track/5Sf3GyLEAzJXxZ5mbCPXTu,happy
6dGnYIeXmHdcikdzNNDMm2,Here Comes The Sun - Remastered 2009,The Beatles,Abbey Road (Remastered),1969-09-26,82,185733,https://open.spotify.com/track/6dGnYIeXmHdcikdzNNDMm2,happy
6XK6Zw6JkFsHXzAcMWNiIr,Send Me On My Way,Rusted Root,When I Woke,1994-01-01,71,263360,https://open.spotify.com/track/6XK6Zw6JkFsHXzAcMWNiIr,happy
2eF8pWbiivYsYRpbntYsnc,"Signed, Sealed, Delivered (I'm Yours)",Stevie Wonder,"Signed, Sealed And Delivered",1970-08-07,6,161160,https://open.spotify.com/track/2eF8pWbiivYsYRpbntYsnc,happy
2Nz6aF1umHh5Et6I5H581L,Hooked On A Feeling,"Blue Swede, Björn Skifs",Hooked On A Feeling - 40th Anniversary Collection,2014-09-30,67,172866,https://open.spotify.com/track/2Nz6aF1umHh5Et6I5H581L,happy
3G7tRC24Uh09Hmp1KZ7LQ2,I'm a Believer - 2006 Remaster,The Monkees,More of The Monkees (Deluxe Edition),1967-01-09,71,167373,https://open.spotify.com/track/3G7tRC24Uh09Hmp1KZ7LQ2,happy
1h2xVEoJORqrg71HocgqXd,Superstition - Single Version,Stevie Wonder,The Definitive Collection,2002-10-29,76,245493,https://open.spotify.com/track/1h2xVEoJORqrg71HocgqXd,happy
62AuGbAkt8Ox2IrFFb8GKV,Sweet Caroline,Neil Diamond,Sweet Caroline,1969-06-06,76,203573,https://open.spotify.com/track/62AuGbAkt8Ox2IrFFb8GKV,happy
5RsUlxLto4NZbhJpqJbHfN,Jessie's Girl,Rick Springfield,Working Class Dog,1981-03-13,73,194120,https://open.spotify.com/track/5RsUlxLto4NZbhJpqJbHfN,happy
3mRM4NM8iO7UBqrSigCQFH,"Stayin' Alive - From ""Saturday Night Fever"" Soundtrack",Bee Gees,Greatest,1979-01-01,79,285373,https://open.spotify.com/track/3mRM4NM8iO7UBqrSigCQFH,happy
4pNiE4LCVV74vfIBaUHm1b,Sir Duke,Stevie Wonder,Songs In The Key Of Life,1976-09-28,72,232760,https://open.spotify.com/track/4pNiE4LCVV74vfIBaUHm1b,happy
3Vby4nGmtbDo7HDJamOWkT,Stuck In The Middle With You,Stealers Wheel,Stealers Wheel,1972-01-01,76,208946,https://open.spotify.com/track/3Vby4nGmtbDo7HDJamOWkT,happy
70C4NyhjD5OZUMzvWZ3njJ,Piano Man,Billy Joel,Piano Man (Legacy Edition),1973-11-07,84,339000,https://open.spotify.com/track/70C4NyhjD5OZUMzvWZ3njJ,happy
39shmbIHICJ2Wxnk1fPSdz,Should I Stay or Should I Go - Remastered,The Clash,Combat Rock (Remastered),1982,80,188986,https://open.spotify.com/track/39shmbIHICJ2Wxnk1fPSdz,happy
6OnfBiiSc9RGKiBKKtZXgQ,We Built This City,Starship,Knee Deep In The Hoopla,1985-09-10,77,296080,https://open.spotify.com/track/6OnfBiiSc9RGKiBKKtZXgQ,happy
40NRm1ZLvZpUSCUXAGGZ8J,Kung Fu Fighting,Carl Douglas,The Soul of the Kung Fu Fighter,2001,2,197693,https://open.spotify.com/track/40NRm1ZLvZpUSCUXAGGZ8J,happy
67iAlVNDDdddxqSD2EZhFs,I'm Gonna Be (500 Miles),The Proclaimers,Sunshine on Leith,1988-01-01,75,219466,https://open.spotify.com/track/67iAlVNDDdddxqSD2EZhFs,happy
1QEEqeFIZktqIpPI4jSVSF,More Than a Feeling,Boston,Boston,1976,80,285133,https://open.spotify.com/track/1QEEqeFIZktqIpPI4jSVSF,happy
3VbGCXWRiouAq8VyMYN2MI,Love Me Do - Remastered 2009,The Beatles,Please Please Me (Remastered),1963-03-22,68,141693,https://open.spotify.com/track/3VbGCXWRiouAq8VyMYN2MI,happy
7HKez549fwJQDzx3zLjHKC,Start Me Up - Remastered 2009,The Rolling Stones,Tattoo You (2009 Re-Mastered),1981-08-24,76,213066,https://open.spotify.com/track/7HKez549fwJQDzx3zLjHKC,happy
57i3M29DWoo7RDk0Tf0LZG,Daylight,Matt and Kim,Grand,2009-01-20,25,171333,https://open.spotify.com/track/57i3M29DWoo7RDk0Tf0LZG,happy
7KWGfnsUU4Ri46TIvjpAPx,Home - 2019 - Remaster,Edward Sharpe & The Magnetic Zeros,Up From Below (10th Anniversary Edition) [2019 - Remaster],2009-07-07,1,306373,https://open.spotify.com/track/7KWGfnsUU4Ri46TIvjpAPx,happy
2HcyIzVsX45jLIxK7SH2aI,One Love / People Get Ready - Medley,Bob Marley & The Wailers,Exodus (Deluxe Edition),1977-06-03,0,172933,https://open.spotify.com/track/2HcyIzVsX45jLIxK7SH2aI,happy
5tVA6TkbaAH9QMITTQRrNv,Free Fallin',Tom Petty,Full Moon Fever,1989-01-01,77,256000,https://open.spotify.com/track/5tVA6TkbaAH9QMITTQRrNv,happy
2HHtWyy5CgaQbC7XSoOb0e,Eye of the Tiger,Survivor,Eye Of The Tiger,1982,78,243773,https://open.spotify.com/track/2HHtWyy5CgaQbC7XSoOb0e,happy
2PzU4IB8Dr6mxV3lHuaG34,(I Can't Get No) Satisfaction - Mono,The Rolling Stones,Out Of Our Heads,1965-07-30,76,222813,https://open.spotify.com/track/2PzU4IB8Dr6mxV3lHuaG34,happy
3fH4KjXFYMmljxrcGrbPj9,Don't You (Forget About Me),Simple Minds,Once Upon A Time (Super Deluxe),1985,75,263040,https://open.spotify.com/track/3fH4KjXFYMmljxrcGrbPj9,happy
3Cx4yrFaX8CeHwBMReOWXI,We Didn't Start the Fire,Billy Joel,Storm Front,1989-10-17,78,287733,https://open.spotify.com/track/3Cx4yrFaX8CeHwBMReOWXI,happy
5ChkMS8OtdzJeqyybCc9R5,Billie Jean,Michael Jackson,Thriller 25 Super Deluxe Edition,2008-02-08,79,293826,https://open.spotify.com/track/5ChkMS8OtdzJeqyybCc9R5,happy
4DMKwE2E2iYDKY01C335Uw,Carry on Wayward Son,Kansas,Leftoverture (Expanded Edition),1976,78,323000,https://open.spotify.com/track/4DMKwE2E2iYDKY01C335Uw,happy
5DiXcVovI0FcY2s0icWWUu,Mr. Jones,Counting Crows,August And Everything After,1993-01-01,80,272293,https://open.spotify.com/track/5DiXcVovI0FcY2s0icWWUu,happy
29SyMC0plk6qw8NMF7lfRL,You Really Got Me,The Kinks,Kinks (Deluxe),1964-10-02,3,131573,https://open.spotify.com/track/29SyMC0plk6qw8NMF7lfRL,happy
4FlYcJnfkeBpowEHJ72Bmt,Rockin' Robin,Bobby Day,Rockin' With Robin,1959,60,160080,https://open.spotify.com/track/4FlYcJnfkeBpowEHJ72Bmt,happy
29hBRadFZf9QTGRHZmxm65,One Week,Barenaked Ladies,Stunt (20th Anniversary Edition),1998-07-07,69,169760,https://open.spotify.com/track/29hBRadFZf9QTGRHZmxm65,happy
6Xz7FeyE8HTP90HecgHV57,Wild World,Yusuf / Cat Stevens,Tea For The Tillerman (Remastered),1970-11-23,1,200173,https://open.spotify.com/track/6Xz7FeyE8HTP90HecgHV57,happy
43btz2xjMKpcmjkuRsvxyg,Jack & Diane,John Mellencamp,American Fool,1982,71,254493,https://open.spotify.com/track/43btz2xjMKpcmjkuRsvxyg,happy
4igIYHF3B5VBxEafHauVo3,Fat Bottomed Girls - Remastered 2011,Queen,Jazz (Deluxe Remastered Version),1978-11-10,66,255600,https://open.spotify.com/track/4igIYHF3B5VBxEafHauVo3,happy
7hQJA50XrCWABAu5v6QZ4i,Don't Stop Me Now - Remastered 2011,Queen,Jazz (Deluxe Remastered Version),1978-11-10,74,209413,https://open.spotify.com/track/7hQJA50XrCWABAu5v6QZ4i,happy
11IzgLRXV7Cgek3tEgGgjw,Under Pressure - Remastered 2011,"Queen, David Bowie",Hot Space (Deluxe Remastered Version),1982-05-03,73,248440,https://open.spotify.com/track/11IzgLRXV7Cgek3tEgGgjw,happy
6cFZ4PLC19taNlpl9pbGMf,Somebody To Love - Remastered 2011,Queen,A Day At The Races (Deluxe Remastered Version),1976-12-10,68,296493,https://open.spotify.com/track/6cFZ4PLC19taNlpl9pbGMf,happy
6shRGWCtBUOPFLFTTqXZIC,Upside Down,Jack Johnson,Jack Johnson And Friends: Sing-A-Longs And Lullabies For The Film Curious George,2006,69,208653,https://open.spotify.com/track/6shRGWCtBUOPFLFTTqXZIC,happy
2QfiRTz5Yc8DdShCxG1tB2,Johnny B. Goode,Chuck Berry,Berry Is On Top,1959-07-01,74,161560,https://open.spotify.com/track/2QfiRTz5Yc8DdShCxG1tB2,happy
4gphxUgq0JSFv2BCLhNDiE,Jailhouse Rock,Elvis Presley,Elvis' Golden Records,1958-03-21,67,146480,https://open.spotify.com/track/4gphxUgq0JSFv2BCLhNDiE,happy
6WCeFNVAXUtNczb7lqLiZU,Crocodile Rock,Elton John,Don't Shoot Me I'm Only The Piano Player,1973-01-22,72,235440,https://open.spotify.com/track/6WCeFNVAXUtNczb7lqLiZU,happy
5EOoMWIB9iK4ZpcSex9Ec7,Old Time Rock & Roll,Bob Seger,Stranger In Town,1978-05-05,74,194146,https://open.spotify.com/track/5EOoMWIB9iK4ZpcSex9Ec7,happy
4c4jJJoaiY21t2TyRZgdWS,Magic Carpet Ride,Steppenwolf,The Second,1968-10-01,67,271573,https://open.spotify.com/track/4c4jJJoaiY21t2TyRZgdWS,happy
42et6fnHCw1HIPSrdPprMl,Semi-Charmed Life,Third Eye Blind,Third Eye Blind,1997-04-08,79,268360,https://open.spotify.com/track/42et6fnHCw1HIPSrdPprMl,happy
5rX6C5QVvvZB7XckETNych,All Summer Long,Kid Rock,Rock n Roll Jesus,2007-10-09,72,297586,https://open.spotify.com/track/5rX6C5QVvvZB7XckETNych,happy
63T7DJ1AFDD6Bn8VzG6JE8,"Paint It, Black",The Rolling Stones,Aftermath,1966-04-15,83,202266,https://open.spotify.com/track/63T7DJ1AFDD6Bn8VzG6JE8,happy
5uuJruktM9fMdN9Va0DUMl,Play That Funky Music,Wild Cherry,Wild Cherry,1976,72,300000,https://open.spotify.com/track/5uuJruktM9fMdN9Va0DUMl,happy
7sqK6f8dHVx3Q1GjFrVyGl,Sherry,Frankie Valli & The Four Seasons,Sherry and 11 Other Hits,1962-10-01,61,152160,https://open.spotify.com/track/7sqK6f8dHVx3Q1GjFrVyGl,happy
1O0xeZrBDbq7HPREdmYUYK,"Bad, Bad Leroy Brown",Jim Croce,Life & Times,1973-07-01,0,182240,https://open.spotify.com/track/1O0xeZrBDbq7HPREdmYUYK,happy
2obblQ6tcePeOEVJV6nEGD,Cat's in the Cradle,Harry Chapin,Verities & Balderdash,1974,66,222951,https://open.spotify.com/track/2obblQ6tcePeOEVJV6nEGD,happy
00qOE7OjRl0BpYiCiweZB2,Juke Box Hero,Foreigner,4 (Expanded),1981,71,259799,https://open.spotify.com/track/00qOE7OjRl0BpYiCiweZB2,happy
40fD7ct05FvQHLdQTgJelG,Splish Splash,Bobby Darin,Bobby Darin,1958,59,131719,https://open.spotify.com/track/40fD7ct05FvQHLdQTgJelG,happy
00meczE1jpLTX0BBzIGrAR,Big Girls Don't Cry,Frankie Valli & The Four Seasons,Sherry and 11 Other Hits,1962-10-01,62,148013,https://open.spotify.com/track/00meczE1jpLTX0BBzIGrAR,happy
0lzNXoZINVBLHWNIxKxWOo,Takin' Care Of Business,Bachman-Turner Overdrive,Bachman-Turner Overdrive II,1973-12-01,64,289893,https://open.spotify.com/track/0lzNXoZINVBLHWNIxKxWOo,happy
5e9TFTbltYBg2xThimr0rU,The Chain - 2004 Remaster,Fleetwood Mac,Rumours (Super Deluxe),1977-02-04,87,270213,https://open.spotify.com/track/5e9TFTbltYBg2xThimr0rU,happy
0HOrDVS349XFcpCYsO2hAP,You Ain't Seen Nothing Yet,Bachman-Turner Overdrive,Not Fragile,1974,69,234866,https://open.spotify.com/track/0HOrDVS349XFcpCYsO2hAP,happy
1uRKT2LRANv4baowBWHfDS,(We're Gonna) Rock Around The Clock,Bill Haley & His Comets,Rock Around The Clock,1955-12-19,64,129893,https://open.spotify.com/track/1uRKT2LRANv4baowBWHfDS,happy
5ytPMYb6dkoli8sNSEsdmZ,Love Potion No. 9 - Remastered / Single Version,The Clovers,The Best Of The Clovers (Love Potion No. 9),1991-08-10,59,113200,https://open.spotify.com/track/5ytPMYb6dkoli8sNSEsdmZ,happy
4ZfQwNx3FlCN07cnUvekh3,Ain't That A Shame,Fats Domino,Fats Domino Swings,1959-01-01,57,152200,https://open.spotify.com/track/4ZfQwNx3FlCN07cnUvekh3,happy
2qhASBzpbFhPRtrnZ5lLnz,Unchained Melody,The Righteous Brothers,Just Once In My Life,1965-04-04,77,218013,https://open.spotify.com/track/2qhASBzpbFhPRtrnZ5lLnz,happy
7caj6X6NMX3tlhWnu1du6V,We Belong Together,Ritchie Valens,Ritchie Valens,1959,71,116626,https://open.spotify.com/track/7caj6X6NMX3tlhWnu1du6V,happy
2xar08Fq5xra2KKZs5Bw9j,I've Got a Woman,Ray Charles,"Ray Charles (aka: Hallelujah, I Love Her So)",1957-01-01,69,171466,https://open.spotify.com/track/2xar08Fq5xra2KKZs5Bw9j,happy
3eOPqWsjHNM73kL6j6z9cY,Do You Wanna Dance,Bobby Freeman,Do You Wanna Dance,2005-05-17,44,156160,https://open.spotify.com/track/3eOPqWsjHNM73kL6j6z9cY,happy
3MfO2eMTwf5LLyMqjwGXLl,Rama Lama Ding Dong (Original version 1958),The Edsels,The Rama Lama Ding Dong EP,2005-10-04,43,147720,https://open.spotify.com/track/3MfO2eMTwf5LLyMqjwGXLl,happy
7hxZF4jETnE5Q75rKQnMjE,I Walk the Line,Johnny Cash,I Walk the Line (Original Soundtrack Recording),1970-11-11,65,176533,https://open.spotify.com/track/7hxZF4jETnE5Q75rKQnMjE,happy
265Anh9hGoozFigjUVLUeD,New Shoes,Paolo Nutini,These Streets,2007-01-30,65,203653,https://open.spotify.com/track/265Anh9hGoozFigjUVLUeD,happy
0eByS8fRy2pSmKBww6Sdmn,I Get's My Boogie On,T Bird and the Breaks,Never Get Out of This Funk Alive,2011-07-12,37,250408,https://open.spotify.com/track/0eByS8fRy2pSmKBww6Sdmn,happy
6n6EXIwLtNwe4u4CFzENYm,The General,DISPATCH,Bang Bang,1997-09-01,58,246920,https://open.spotify.com/track/6n6EXIwLtNwe4u4CFzENYm,happy
00s8dO3RWrFkBqC9JIy6ag,Right Back Where We Started From,Maxine Nightingale,Right Back Where We Started From,2019-06-14,54,192266,https://open.spotify.com/track/00s8dO3RWrFkBqC9JIy6ag,happy
0fjYN9BylnRXMA3or3QSld,If You Could Read My Mind,Gordon Lightfoot,Gord's Gold,1975,53,229560,https://open.spotify.com/track/0fjYN9BylnRXMA3or3QSld,happy
6txWz9UapYHVxEd7dDIHXT,No Rain,Blind Melon,Blind Melon,1992-01-01,73,217106,https://open.spotify.com/track/6txWz9UapYHVxEd7dDIHXT,happy
0jWgAnTrNZmOGmqgvHhZEm,What's Up?,4 Non Blondes,"Bigger, Better, Faster, More !",1992-01-01,85,295533,https://open.spotify.com/track/0jWgAnTrNZmOGmqgvHhZEm,happy
4lHaUgqumnhiqLPwoG4MND,Supermodel,Jill Sobule,Clueless / Original Motion Picture Soundtrack,1995-01-01,43,187533,https://open.spotify.com/track/4lHaUgqumnhiqLPwoG4MND,happy
5xC8uOesnn0udeXAYlAnoY,Alright,Supergrass,I Should Coco,1995-05-15,4,180880,https://open.spotify.com/track/5xC8uOesnn0udeXAYlAnoY,happy
59CLe8stbcx4XYBWdsfbwK,One Way Or Another,Blondie,Parallel Lines,1978-09-23,70,217364,https://open.spotify.com/track/59CLe8stbcx4XYBWdsfbwK,happy
5ZBeML7Lf3FMEVviTyvi8l,Twist And Shout - Remastered 2009,The Beatles,Please Please Me (Remastered),1963-03-22,75,155226,https://open.spotify.com/track/5ZBeML7Lf3FMEVviTyvi8l,happy
1TfqLAPs4K3s2rJMoCokcS,Sweet Dreams (Are Made of This) - 2005 Remaster,"Eurythmics, Annie Lennox, Dave Stewart",Sweet Dreams (Are Made Of This),1983-01-04,85,216933,https://open.spotify.com/track/1TfqLAPs4K3s2rJMoCokcS,happy
19Shlms2uTnOjIUg50TXzd,Never Going Back Again - 2004 Remaster,Fleetwood Mac,Rumours (Super Deluxe),1977-02-04,71,134400,https://open.spotify.com/track/19Shlms2uTnOjIUg50TXzd,happy
6FvtSHS3hzjS8itHJPRzoJ,Diamonds On The Inside,Ben Harper,Diamonds On The Inside,2003-01-01,59,266906,https://open.spotify.com/track/6FvtSHS3hzjS8itHJPRzoJ,happy
1whPn2zDDURHnpNllftJ5Q,Like Dreamers Do,The Radiators,The Best of the Radiators: Songs from the Ancient Furnace,2015-04-20,29,242960,https://open.spotify.com/track/1whPn2zDDURHnpNllftJ5Q,happy
1a2iF9XymafjRk56q7oCxo,Pride and Joy,Stevie Ray Vaughan,Texas Flood (Legacy Edition),1983,66,219586,https://open.spotify.com/track/1a2iF9XymafjRk56q7oCxo,happy
3d8y0t70g7hw2FOWl9Z4Fm,Ophelia,The Lumineers,Cleopatra,2016-04-08,5,160097,https://open.spotify.com/track/3d8y0t70g7hw2FOWl9Z4Fm,happy
3YKptz29AsOlm7WAVnztBh,Kiss from a Rose,Seal,Seal,1994-05-31,75,288426,https://open.spotify.com/track/3YKptz29AsOlm7WAVnztBh,happy
6VoIBz0VhCyz7OdEoRYDiA,Say It Ain't So - Original Mix,Weezer,Weezer,1994-05-10,76,258826,https://open.spotify.com/track/6VoIBz0VhCyz7OdEoRYDiA,happy
16VhHtoaOjTU4AJBNSBNQ1,"Hey, Hey, What Can I Do - Remaster",Led Zeppelin,Coda (Deluxe Edition),1982-11-19,68,236760,https://open.spotify.com/track/16VhHtoaOjTU4AJBNSBNQ1,happy
2aibwv5hGXSgw7Yru8IYTO,Snow (Hey Oh),Red Hot Chili Peppers,Stadium Arcadium,2006-05-09,81,334666,https://open.spotify.com/track/2aibwv5hGXSgw7Yru8IYTO,happy
1N883b1C3trjGcx2h4E99B,We're Going To Be Friends,The White Stripes,White Blood Cells,2001-07-03,0,142226,https://open.spotify.com/track/1N883b1C3trjGcx2h4E99B,happy
4AlgqXQ5QA5bsNa6Nmchz7,Can't You See,The Marshall Tucker Band,Keeping The Love Alive,1997-01-01,0,362933,https://open.spotify.com/track/4AlgqXQ5QA5bsNa6Nmchz7,happy
1mCsF9Tw4AkIZOjvZbZZdT,Break My Stride,Matthew Wilder,I Don't Speak The Language,1983-03-19,74,184480,https://open.spotify.com/track/1mCsF9Tw4AkIZOjvZbZZdT,happy
3aPlQWU07jGgyHaBHVS5TS,Fever,Peggy Lee,Things Are Swingin',1958-11-03,66,199600,https://open.spotify.com/track/3aPlQWU07jGgyHaBHVS5TS,happy
7AqISujIaWcY3h5zrOqt5v,Forget You,CeeLo Green,The Lady Killer,2010-11-09,59,222733,https://open.spotify.com/track/7AqISujIaWcY3h5zrOqt5v,happy
3gdewACMIVMEWVbyb8O9sY,"Rocket Man (I Think It's Going To Be A Long, Long Time)",Elton John,Honky Chateau,1972-05-19,82,281613,https://open.spotify.com/track/3gdewACMIVMEWVbyb8O9sY,happy
2bD1AW4yqiCurGCva6r88a,You Are a Tourist,Death Cab for Cutie,Codes and Keys,2011-05-27,46,286653,https://open.spotify.com/track/2bD1AW4yqiCurGCva6r88a,happy
4s6LhHAV5SEsOV0lC2tjvJ,California Dreamin' - Single Version,The Mamas & The Papas,If You Can Believe Your Eyes & Ears,1966-03,78,162373,https://open.spotify.com/track/4s6LhHAV5SEsOV0lC2tjvJ,happy
5NlFXQ0si6U87gXs6hq81B,Candy,Robbie Williams,Take The Crown (Deluxe Edition),2012-11-05,68,201053,https://open.spotify.com/track/5NlFXQ0si6U87gXs6hq81B,happy
1fDsrQ23eTAVFElUMaf38X,American Pie,Don McLean,American Pie,1971,78,516893,https://open.spotify.com/track/1fDsrQ23eTAVFElUMaf38X,happy
0jvN7eQJJt4nxQzgQfZ1SP,Spirit In The Sky - Deluxe Edition,Norman Greenbaum,Spirit In The Sky (Deluxe Edition),1969-01-01,74,242893,https://open.spotify.com/track/0jvN7eQJJt4nxQzgQfZ1SP,happy
5IMtdHjJ1OtkxbGe4zfUxQ,Escape (The Pina Colada Song),Rupert Holmes,Partners In Crime,1979-01-01,75,276493,https://open.spotify.com/track/5IMtdHjJ1OtkxbGe4zfUxQ,happy
2TVxnKdb3tqe1nhQWwwZCO,Tiny Dancer,Elton John,Madman Across The Water,1971-11-05,77,377093,https://open.spotify.com/track/2TVxnKdb3tqe1nhQWwwZCO,happy
1ynmMEK1fkyiZ6Z6F3ThEt,Centerfold,The J. Geils Band,Freeze Frame,1981,69,216533,https://open.spotify.com/track/1ynmMEK1fkyiZ6Z6F3ThEt,happy
47y8hRlWLEJ4VafE6LMjEZ,A Little Less Conversation,Elvis Presley,The Essential Elvis Presley,2007,56,132013,https://open.spotify.com/track/47y8hRlWLEJ4VafE6LMjEZ,happy
714hERk9U1W8FMYkoC83CO,You Sexy Thing,Hot Chocolate,Hot Chocolate,1975,72,244920,https://open.spotify.com/track/714hERk9U1W8FMYkoC83CO,happy
4pxfRRSEn8EfgZWcN3IgL8,Walking on Sunshine - 2004 Version,Katrina & The Waves,Walking on Sunshine (2004 Version),2004-01-01,2,216000,https://open.spotify.com/track/4pxfRRSEn8EfgZWcN3IgL8,happy
3LRJbFT9rKoKv4aW7PuBJC,Longview,Green Day,Dookie,1994-02-01,66,233240,https://open.spotify.com/track/3LRJbFT9rKoKv4aW7PuBJC,happy
3k9qjgu8zVKTEuJVJIYyc0,Just Breathe,Pearl Jam,Backspacer,2009-09-21,0,215853,https://open.spotify.com/track/3k9qjgu8zVKTEuJVJIYyc0,happy
4cIwg5VY8Lo1NYwq7llOth,Steal My Kisses,Ben Harper And The Innocent Criminals,Burn To Shine,1999-09-21,1,245360,https://open.spotify.com/track/4cIwg5VY8Lo1NYwq7llOth,happy
5piJiL6aRhvrKBa9YuEfS9,Peace Frog,The Doors,Morrison Hotel,1970-02-09,64,170132,https://open.spotify.com/track/5piJiL6aRhvrKBa9YuEfS9,happy
1ppuHX1oVMku5LTL0swNZP,Peace Train,Yusuf / Cat Stevens,Teaser And The Firecat,1971-01-01,0,251333,https://open.spotify.com/track/1ppuHX1oVMku5LTL0swNZP,happy
3MrWxJaD2AT0W9DjWF64Vm,Come On Eileen,Dexys Midnight Runners,Too Rye Ay,1982-07-22,77,287306,https://open.spotify.com/track/3MrWxJaD2AT0W9DjWF64Vm,happy
5t9KYe0Fhd5cW6UYT4qP8f,Good Vibrations - Remastered 2001,The Beach Boys,Smiley Smile (Remastered),1967-09-18,70,219026,https://open.spotify.com/track/5t9KYe0Fhd5cW6UYT4qP8f,happy
3nGWzFBJ5tMzHWAgs16fK6,What Makes A Good Man?,The Heavy,The Glorious Dead,2012-08-17,59,226380,https://open.spotify.com/track/3nGWzFBJ5tMzHWAgs16fK6,happy
29U7stRjqHU6rMiS8BfaI9,What A Wonderful World,Louis Armstrong,What A Wonderful World,1968-01-01,76,139226,https://open.spotify.com/track/29U7stRjqHU6rMiS8BfaI9,happy
5ghIJDpPoe3CfHMGu71E6T,Smells Like Teen Spirit,Nirvana,Nevermind (Remastered),1991-09-26,79,301920,https://open.spotify.com/track/5ghIJDpPoe3CfHMGu71E6T,happy
2FfZg072w8RoxlMOR7M4CT,Ants Marching,Dave Matthews Band,Under the Table and Dreaming (Expanded Edition),1994-09-27,59,271186,https://open.spotify.com/track/2FfZg072w8RoxlMOR7M4CT,happy
6QhXQOpyYvbpdbyjgAqKdY,Cecilia,Simon & Garfunkel,Bridge Over Troubled Water,1970-01-26,70,174826,https://open.spotify.com/track/6QhXQOpyYvbpdbyjgAqKdY,happy
5xD021bM8VbqrhCVhxRozx,Message In A Bottle - Remastered 2003,The Police,Reggatta De Blanc,1979-10-02,0,290280,https://open.spotify.com/track/5xD021bM8VbqrhCVhxRozx,happy
3RNyGLgSvmVRZ7xKUp8Wgd,In the Summertime,Mungo Jerry,In the Summertime,1970-01-01,2,215800,https://open.spotify.com/track/3RNyGLgSvmVRZ7xKUp8Wgd,happy
7MnW39mkRfm6ygw9gKxDp9,F.N.T.,Semisonic,Great Divide,1996-01-01,48,209960,https://open.spotify.com/track/7MnW39mkRfm6ygw9gKxDp9,happy
305WCRhhS10XUcH6AEwZk6,Are You Gonna Be My Girl,Jet,Get Born,2003,11,213800,https://open.spotify.com/track/305WCRhhS10XUcH6AEwZk6,happy
1VuBmEauSZywQVtqbxNqka,Beautiful Day,U2,All That You Can't Leave Behind,2000-01-01,64,246400,https://open.spotify.com/track/1VuBmEauSZywQVtqbxNqka,happy
2skmOCFU64Bg7Ytkgwliwe,All For You,Sister Hazel,...Somewhere More Familiar,1997-01-01,65,218706,https://open.spotify.com/track/2skmOCFU64Bg7Ytkgwliwe,happy
6LbbHFEajG9e4m0G3L47c4,Pinball Wizard,The Who,Tommy,1969-05-23,64,180943,https://open.spotify.com/track/6LbbHFEajG9e4m0G3L47c4,happy
71SvEDmsOwIWw1IozsZoMA,Any Way You Want It,Journey,Departure,1980,71,201693,https://open.spotify.com/track/71SvEDmsOwIWw1IozsZoMA,happy
10Nmj3JCNoMeBQ87uw5j8k,Dani California,Red Hot Chili Peppers,Stadium Arcadium,2006-05-09,79,282160,https://open.spotify.com/track/10Nmj3JCNoMeBQ87uw5j8k,happy
4ebcE2SmkG7nplvzFAWRu7,What I Like About You,The Romantics,The Romantics,1980,63,175266,https://open.spotify.com/track/4ebcE2SmkG7nplvzFAWRu7,happy
72ahyckBJfTigJCFCviVN7,Don't Bring Me Down,Electric Light Orchestra,Discovery,1979-05-31,75,243373,https://open.spotify.com/track/72ahyckBJfTigJCFCviVN7,happy
5MMLS3xm12D7N26xlfFApr,Runaway Baby,Bruno Mars,Doo-Wops & Hooligans,2010-05-11,73,148448,https://open.spotify.com/track/5MMLS3xm12D7N26xlfFApr,happy
3BEZCNZSmVv30vsMNSOCri,"Layla - Acoustic; Live at MTV Unplugged, Bray Film Studios, Windsor, England, UK, 1/16/1992; 2013 Remaster",Eric Clapton,Unplugged (Deluxe Edition),1992-08-25,1,289026,https://open.spotify.com/track/3BEZCNZSmVv30vsMNSOCri,happy
08ORg3M5ly7J9b7YpCLjKz,The Perfect Space,The Avett Brothers,I And Love And You,2009-01-01,38,271080,https://open.spotify.com/track/08ORg3M5ly7J9b7YpCLjKz,happy
1HOMkjp0nHMaTnfAkslCQj,My Sharona,The Knack,Get The Knack,1979-01-01,70,295400,https://open.spotify.com/track/1HOMkjp0nHMaTnfAkslCQj,happy
7jIAttgQTpLDoNtykIQXjH,Blister In The Sun,Violent Femmes,Violent Femmes,1983-01-01,69,145706,https://open.spotify.com/track/7jIAttgQTpLDoNtykIQXjH,happy
1MANhf0nwr6gFwsRJMeDbr,Turning Japanese - Non Stop Edit,The Vapors,New Clear Days,1980-07-01,50,224106,https://open.spotify.com/track/1MANhf0nwr6gFwsRJMeDbr,happy
2eDdFHgqNJltzlvlZFVDWd,Over the Hills and Far Away - Remaster,Led Zeppelin,Houses of the Holy (Remaster),1973-03-28,67,290933,https://open.spotify.com/track/2eDdFHgqNJltzlvlZFVDWd,happy
6YtkOhiHmf46w1noltVnF2,Naked Eye,Luscious Jackson,Fever In Fever Out,1996-01-01,49,280693,https://open.spotify.com/track/6YtkOhiHmf46w1noltVnF2,happy
460Wn6Dq2uMviG5nPXtPnb,Better Days (And the Bottom Drops Out),Citizen King,Mobile Estates,1999-02-26,57,207026,https://open.spotify.com/track/460Wn6Dq2uMviG5nPXtPnb,happy
7h2yhVxcZOGyQdOwD4Hu8J,I Want To Break Free - Remastered 2011,Queen,The Works (Deluxe Remastered Version),1984-02-27,61,258013,https://open.spotify.com/track/7h2yhVxcZOGyQdOwD4Hu8J,happy
6hJhVBOnkchxBsDHbLOBJP,Drift Away - Single Version,Dobie Gray,Ultimate Collection: Dobie Gray,2001-01-01,61,237466,https://open.spotify.com/track/6hJhVBOnkchxBsDHbLOBJP,happy
0qRR9d89hIS0MHRkQ0ejxX,Rich Girl,Daryl Hall & John Oates,Bigger Than Both Of Us,1976-08-01,76,142786,https://open.spotify.com/track/0qRR9d89hIS0MHRkQ0ejxX,happy
6vxHp3CDNo0afgKGp2yi1E,Me and Julio Down by the Schoolyard,Paul Simon,Paul Simon,1972-01-14,67,164813,https://open.spotify.com/track/6vxHp3CDNo0afgKGp2yi1E,happy
1qPbGZqppFwLwcBC1JQ6Vr,Wonderwall,Oasis,(What's The Story) Morning Glory?,1995-10-02,75,258906,https://open.spotify.com/track/1qPbGZqppFwLwcBC1JQ6Vr,happy
1OFKUn2VLafrHj7ybnap0Q,Only Wanna Be With You,Hootie & The Blowfish,Cracked Rear View,1994-07-01,71,229586,https://open.spotify.com/track/1OFKUn2VLafrHj7ybnap0Q,happy
0qxYx4F3vm1AOnfux6dDxP,You Can Call Me Al,Paul Simon,Graceland (25th Anniversary Deluxe Edition),1986-08-12,75,280000,https://open.spotify.com/track/0qxYx4F3vm1AOnfux6dDxP,happy
0jmHObvVIbWJse3OoE4Jmz,Kids In America,The Muffs,Clueless / Original Motion Picture Soundtrack,1995-01-01,0,198400,https://open.spotify.com/track/0jmHObvVIbWJse3OoE4Jmz,happy
3d9DChrdc6BOeFsbrZ3Is0,Under the Bridge,Red Hot Chili Peppers,Blood Sugar Sex Magik (Deluxe Edition),1991-09-24,84,264306,https://open.spotify.com/track/3d9DChrdc6BOeFsbrZ3Is0,happy
1uzWOoJdADfstQuFtQFTUn,Breakfast At Tiffany's,Deep Blue Something,Home,1995-01-01,70,257373,https://open.spotify.com/track/1uzWOoJdADfstQuFtQFTUn,happy
1v3Ozpbcx2B926aVW0UuXk,AOK,Tai Verdes,AOK,2021-05-06,54,173640,https://open.spotify.com/track/1v3Ozpbcx2B926aVW0UuXk,happy
500Tkm3vJmVtdUwdCVxCTb,Run-Around,Blues Traveler,Four,1994-01-01,68,279800,https://open.spotify.com/track/500Tkm3vJmVtdUwdCVxCTb,happy
4O4dhPrjcw7GSLNafNydmb,Big Yellow Taxi,"Counting Crows, Vanessa Carlton",Hard Candy,2002-07-08,64,225573,https://open.spotify.com/track/4O4dhPrjcw7GSLNafNydmb,happy
4IU1RL4BKvFyXtbTwaHAvW,Ventura Highway,"America, George Martin",Homecoming,1972-01-01,77,211680,https://open.spotify.com/track/4IU1RL4BKvFyXtbTwaHAvW,happy
7jIFGkTBIK1UwWaEXMW2Nh,Life Is A Highway,Tom Cochrane,Mad Mad World (Deluxe),1991-09-19,62,266080,https://open.spotify.com/track/7jIFGkTBIK1UwWaEXMW2Nh,happy
77YKoNCjP5hWqiXMRG2839,Shine,Collective Soul,"Hints, Allegations & Things Left Unsaid",1994-03-22,72,306040,https://open.spotify.com/track/77YKoNCjP5hWqiXMRG2839,happy
20OFwXhEXf12DzwXmaV7fj,Bad Moon Rising,Creedence Clearwater Revival,Green River (Expanded Edition),1969-08-03,79,141600,https://open.spotify.com/track/20OFwXhEXf12DzwXmaV7fj,happy
7c1Dar0pIAW7w5TzaGjt9t,Jane Says,Jane's Addiction,Nothing's Shocking,1988-08-23,62,287000,https://open.spotify.com/track/7c1Dar0pIAW7w5TzaGjt9t,happy
2u2udGmop1z67EPpr91km7,Man in the Mirror,Michael Jackson,"HIStory - PAST, PRESENT AND FUTURE - BOOK I",1995-06-16,69,319306,https://open.spotify.com/track/2u2udGmop1z67EPpr91km7,happy
4VI4uQEBBz8iqO6EWHtQYA,Skating Away (On the Thin Ice of the New Day),Jethro Tull,M.U. - The Best of Jethro Tull,2007-03-16,27,236293,https://open.spotify.com/track/4VI4uQEBBz8iqO6EWHtQYA,happy
0MGMZ1413F9obd1qt4vkhy,Ten Thousand Words,The Avett Brothers,I And Love And You,2009-01-01,44,336000,https://open.spotify.com/track/0MGMZ1413F9obd1qt4vkhy,happy
6KgBpzTuTRPebChN0VTyzV,Good as Hell,Lizzo,Cuz I Love You (Super Deluxe),2019-04-17,67,159735,https://open.spotify.com/track/6KgBpzTuTRPebChN0VTyzV,happy
2qVZpGu1v98tvUAutqyAfJ,Get Down Tonight - 2004 Remaster,KC & The Sunshine Band,KC & the Sunshine Band,1975,63,317160,https://open.spotify.com/track/2qVZpGu1v98tvUAutqyAfJ,happy
1qmFsdNHa7QB1PRbSkkI0r,Out Loud (Live),DISPATCH,Bang Bang,1997-09-01,47,212160,https://open.spotify.com/track/1qmFsdNHa7QB1PRbSkkI0r,happy
4iW98ZK1gNzcXmQ5TgTD9X,I Just Want To Celebrate,Rare Earth,One World,1971-06-02,50,217560,https://open.spotify.com/track/4iW98ZK1gNzcXmQ5TgTD9X,happy
263aNAQCeFSWipk896byo6,Friday I'm in Love,The Cure,Wish,1992-04-21,70,214400,https://open.spotify.com/track/263aNAQCeFSWipk896byo6,happy
5QTxFnGygVM4jFQiBovmRo,(Don't Fear) The Reaper,Blue Öyster Cult,Agents Of Fortune,1976,80,308120,https://open.spotify.com/track/5QTxFnGygVM4jFQiBovmRo,happy
3YuaBvuZqcwN3CEAyyoaei,Like a Stone,Audioslave,Audioslave,2002-11-17,79,293960,https://open.spotify.com/track/3YuaBvuZqcwN3CEAyyoaei,happy
07GvNcU1WdyZJq3XxP0kZa,Go Your Own Way - 2004 Remaster,Fleetwood Mac,Rumours,1977-02-04,82,223613,https://open.spotify.com/track/07GvNcU1WdyZJq3XxP0kZa,happy
4ZKgPZ9d4V5WW6H2s4qMD3,Lola - 2020 Stereo Remaster,The Kinks,"Lola Versus Powerman and the Moneygoround, Pt. 1",1970-11-27,0,241991,https://open.spotify.com/track/4ZKgPZ9d4V5WW6H2s4qMD3,happy
6lFZbCc7pn6Lme1NP7qQqQ,You Can't Always Get What You Want,The Rolling Stones,Let It Bleed,1969-12-05,68,448720,https://open.spotify.com/track/6lFZbCc7pn6Lme1NP7qQqQ,happy
6kotXaSQaGYxE62hVpdHWu,Werewolves of London,Warren Zevon,Excitable Boy,1978-06-01,70,209466,https://open.spotify.com/track/6kotXaSQaGYxE62hVpdHWu,happy
64UioB4Nmwgn2f4cbIpAkl,It's Still Rock and Roll to Me,Billy Joel,Glass Houses,1980-03-12,70,176440,https://open.spotify.com/track/64UioB4Nmwgn2f4cbIpAkl,happy
6hTcuIQa0sxrrByu9wTD7s,Born to Run,Bruce Springsteen,Born To Run,1975-08-25,73,269920,https://open.spotify.com/track/6hTcuIQa0sxrrByu9wTD7s,happy
5qHYXcVvc9xsFB2uH7GpMN,Kokomo,The Beach Boys,The Very Best Of The Beach Boys: Sounds Of Summer,2003-01-01,71,217692,https://open.spotify.com/track/5qHYXcVvc9xsFB2uH7GpMN,happy
0fzCtVM9D5UEwiLqcY8Ouq,Hard Sun,Eddie Vedder,Into The Wild (Music For The Motion Picture),2007-09-18,63,322080,https://open.spotify.com/track/0fzCtVM9D5UEwiLqcY8Ouq,happy
4u9IvdoXfFo4sgLOUbltRu,Stand Up,The Revivalists,Men Amongst Mountains,2015-07-15,51,231053,https://open.spotify.com/track/4u9IvdoXfFo4sgLOUbltRu,happy
5liaHAv1MYIIIFEPbS5qFZ,Astronauts,Quietkid,Astronauts,2023-05-01,25,185196,https://open.spotify.com/track/5liaHAv1MYIIIFEPbS5qFZ,happy
7g5WuWnwVThfrHC4Y49xdi,Holiday Road,The Frank & Todd Show,...Take It Twice,2008-07-28,29,155173,https://open.spotify.com/track/7g5WuWnwVThfrHC4Y49xdi,happy
7ycKoW46Lx2jbZJRamqlPO,Everything's Alright,"Yvonne Elliman, Ian Gillan, Murray Head, Andrew Lloyd Webber, Tim Rice",Jesus Christ Superstar,2012-01-01,35,314737,https://open.spotify.com/track/7ycKoW46Lx2jbZJRamqlPO,happy
1bp2IO61zbQrbWNmKKxg3f,The Joker,Steve Miller Band,The Joker,1973-01-01,74,264503,https://open.spotify.com/track/1bp2IO61zbQrbWNmKKxg3f,happy
3qiyyUfYe7CRYLucrPmulD,Baba O'Riley,The Who,Who's Next (Deluxe Edition),1971-08-14,75,300400,https://open.spotify.com/track/3qiyyUfYe7CRYLucrPmulD,happy
7Ar4G7Ci11gpt6sfH9Cgz5,Listen to the Music,The Doobie Brothers,Toulouse Street,1972,78,227266,https://open.spotify.com/track/7Ar4G7Ci11gpt6sfH9Cgz5,happy
0KeDuUqEX3P0cKzRD5pEom,"If I Had $1,000,000",Barenaked Ladies,Gordon,1992-07-28,57,266733,https://open.spotify.com/track/0KeDuUqEX3P0cKzRD5pEom,happy
6iz58z2LC8uHL3H2aiwX6I,Something Beautiful,NEEDTOBREATHE,The Outsiders,2009-08-21,52,220613,https://open.spotify.com/track/6iz58z2LC8uHL3H2aiwX6I,happy
43DeSV93pJPT4lCZaWZ6b1,The Boys Are Back In Town,Thin Lizzy,Jailbreak (Deluxe Edition),1976,71,266720,https://open.spotify.com/track/43DeSV93pJPT4lCZaWZ6b1,happy
2h47SG8bNphmicAll4H9RV,Dead Man's Party,Oingo Boingo,Dead Man's Party,1985-01-01,68,381626,https://open.spotify.com/track/2h47SG8bNphmicAll4H9RV,happy
2fmMPJb5EzZCx8BcNJvVk4,Low Rider,War,Why Can't We Be Friends?,1975-01-01,0,191560,https://open.spotify.com/track/2fmMPJb5EzZCx8BcNJvVk4,happy
0EQ7FRSSQhWt99hB3djFB6,"Long Black Veil - Live at Continental Airlines Arena, East Rutherford, NJ - September 1999",Dave Matthews Band,Listener Supported (Live),1999-11-23,36,524493,https://open.spotify.com/track/0EQ7FRSSQhWt99hB3djFB6,happy
49eplIHvgCLY8HAgcaWrUb,Fireball (feat. John Ryan),"Pitbull, John Ryan",Fireball (feat. John Ryan),2014-07-23,62,235012,https://open.spotify.com/track/49eplIHvgCLY8HAgcaWrUb,happy
1L94M3KIu7QluZe63g64rv,Alive,Pearl Jam,Ten,1991-08-27,76,340907,https://open.spotify.com/track/1L94M3KIu7QluZe63g64rv,happy
7jGzYUZ2Bgg8BDfYlQRfn8,Wild Thing,The Troggs,From Nowhere,1966-07-25,61,155333,https://open.spotify.com/track/7jGzYUZ2Bgg8BDfYlQRfn8,happy
1KxwZYyzWNyZSRyErj2ojT,Let Her Go,Passenger,All The Little Lights,2012-08-28,74,252733,https://open.spotify.com/track/1KxwZYyzWNyZSRyErj2ojT,happy
2EqlS6tkEnglzr7tkKAAYD,Come Together - Remastered 2009,The Beatles,Abbey Road (Remastered),1969-09-26,78,259946,https://open.spotify.com/track/2EqlS6tkEnglzr7tkKAAYD,happy
0iOZM63lendWRTTeKhZBSC,"Mrs. Robinson - From ""The Graduate"" Soundtrack",Simon & Garfunkel,Bookends,1968-04-03,73,244026,https://open.spotify.com/track/0iOZM63lendWRTTeKhZBSC,happy
4ZoBC5MhSEzuknIgAkBaoT,My Life,Billy Joel,52nd Street,1978-10-13,78,284000,https://open.spotify.com/track/4ZoBC5MhSEzuknIgAkBaoT,happy
4yugZvBYaoREkJKtbG08Qr,Take It Easy - 2013 Remaster,Eagles,Eagles (2013 Remaster),1972-06-01,77,211577,https://open.spotify.com/track/4yugZvBYaoREkJKtbG08Qr,happy
7FwBtcecmlpc1sLySPXeGE,Dancing In the Dark,Bruce Springsteen,Born In The U.S.A.,1984-06-04,83,241306,https://open.spotify.com/track/7FwBtcecmlpc1sLySPXeGE,happy
1Ud6moTC0KyXMq1Oxfien0,Sympathy For The Devil - 50th Anniversary Edition,The Rolling Stones,Beggars Banquet (50th Anniversary Edition),1968-12-06,73,378146,https://open.spotify.com/track/1Ud6moTC0KyXMq1Oxfien0,happy
73TxYZd0lBCVRrHawrAglA,Sweet Emotion,Aerosmith,Toys In The Attic,1975-04-08,74,274088,https://open.spotify.com/track/73TxYZd0lBCVRrHawrAglA,happy
2DkxSUXblz5fcctAccM3bl,Colorful,Rocco DeLuca and The Burden,I Trust You To Kill Me (Walmart Version),2006,27,185706,https://open.spotify.com/track/2DkxSUXblz5fcctAccM3bl,happy
5dE8s6uWRGNc1Ac7y8rULq,Goodbye Stranger,Supertramp,Breakfast In America,1979-03-29,50,350560,https://open.spotify.com/track/5dE8s6uWRGNc1Ac7y8rULq,happy
0ttHpMs250dpFkCYAnuhnE,Good,Better Than Ezra,Deluxe,1995-02-28,61,185093,https://open.spotify.com/track/0ttHpMs250dpFkCYAnuhnE,happy
5PntSbMHC1ud6Vvl8x56qd,Loser,Beck,Mellow Gold,1994-03-01,72,235000,https://open.spotify.com/track/5PntSbMHC1ud6Vvl8x56qd,happy
3OOFEF20WqtsUPcRbPY3L7,Short Skirt / Long Jacket,CAKE,Comfort Eagle,2001-07-24,66,204128,https://open.spotify.com/track/3OOFEF20WqtsUPcRbPY3L7,happy
5JcaA4A9ZoXthwEnxOxWvP,Psychotic Reaction,Count Five,Psychotic Reaction,1966-01-01,52,185523,https://open.spotify.com/track/5JcaA4A9ZoXthwEnxOxWvP,happy
7gYEcnIrG2MZsHHlfihStV,Wolfman Jack,Todd Rundgren,Something / Anything?,1972,30,174386,https://open.spotify.com/track/7gYEcnIrG2MZsHHlfihStV,happy
2Bxt2qamL6iu0XN0Td484J,Virtual Insanity - Remastered 2013,Jamiroquai,Travelling Without Moving (Remastered),1996-09-09,59,340906,https://open.spotify.com/track/2Bxt2qamL6iu0XN0Td484J,happy
77oU2rjC5XbjQfNe3bD6so,Beast Of Burden - Remastered 1994,The Rolling Stones,Some Girls,1978-06-09,75,265173,https://open.spotify.com/track/77oU2rjC5XbjQfNe3bD6so,happy
5Wj1rJnCLpMHdLaxsFtJLs,Bennie And The Jets - Remastered 2014,Elton John,Goodbye Yellow Brick Road (Remastered),1973-10-05,74,322548,https://open.spotify.com/track/5Wj1rJnCLpMHdLaxsFtJLs,happy
0LzeivEHO16a8eBQGlpVkE,Love Shack - Edit; 2019 Remaster,The B-52's,Cosmic Thing (30th Anniversary Expanded Edition),1989-06-27,54,262586,https://open.spotify.com/track/0LzeivEHO16a8eBQGlpVkE,happy
1xOXXYh6lTW8laxlW7JP2J,Only the Good Die Young,Billy Joel,The Stranger (Legacy Edition),1977,67,235560,https://open.spotify.com/track/1xOXXYh6lTW8laxlW7JP2J,happy
05NYcsjJwOYq4jIiKPVj9p,Hard To Handle,The Black Crowes,Shake Your Money Maker,1990-02-13,67,188066,https://open.spotify.com/track/05NYcsjJwOYq4jIiKPVj9p,happy
38YgZVHPWOWsKrsCXz6JyP,Come On Get Higher,Matt Nathanson,Some Mad Hope,2007-01-01,64,215173,https://open.spotify.com/track/38YgZVHPWOWsKrsCXz6JyP,happy
2wMCXQNJ3gkgFSY9jbQy9i,Farrah Fawcett Hair,"Capital Cities, André 3000",In A Tidal Wave Of Mystery (Deluxe Edition),2013,0,229822,https://open.spotify.com/track/2wMCXQNJ3gkgFSY9jbQy9i,happy
2WDvW3o8WeGN4v4cpsYVhT,Slippery People - Live,Talking Heads,Stop Making Sense (Live),1984,52,240960,https://open.spotify.com/track/2WDvW3o8WeGN4v4cpsYVhT,happy
4o5GyaeGMgDsrclBsL3au7,Coconut,Harry Nilsson,Nilsson Schmilsson,1971,56,231733,https://open.spotify.com/track/4o5GyaeGMgDsrclBsL3au7,happy
6wpGqhRvJGNNXwWlPmkMyO,I Still Haven't Found What I'm Looking For,U2,The Joshua Tree (Super Deluxe),1987-03-03,78,277476,https://open.spotify.com/track/6wpGqhRvJGNNXwWlPmkMyO,happy
5JEM7lT9uSyhUsKFXwGfSm,Time After Time,Iron & Wine,Time After Time,2016-10-28,63,170216,https://open.spotify.com/track/5JEM7lT9uSyhUsKFXwGfSm,happy
1JlssWnwFUiEzuSqw4H1V1,The Cave,Mumford & Sons,Sigh No More,2009-10-02,70,217986,https://open.spotify.com/track/1JlssWnwFUiEzuSqw4H1V1,happy
5zp4ky32SAN5qgVHKu4x5L,Darlin' do Not Fear,Brett Dennen,So Much More,2006-11-21,29,310480,https://open.spotify.com/track/5zp4ky32SAN5qgVHKu4x5L,happy
54bO2CHOgGN44oWmAqib0I,Gold on the Ceiling - 2021 Remaster,The Black Keys,El Camino (2021 Remaster),2011,65,224490,https://open.spotify.com/track/54bO2CHOgGN44oWmAqib0I,happy
476JcJ3TpAuCOlGdCmomGm,New Soul,Yael Naim,Yael Naïm,2007-10-22,60,225106,https://open.spotify.com/track/476JcJ3TpAuCOlGdCmomGm,happy
4I8Nhe8qN9xgR8tosYQ5ut,Be OK,Ingrid Michaelson,Be OK,2008-10-14,54,148080,https://open.spotify.com/track/4I8Nhe8qN9xgR8tosYQ5ut,happy
1EAgPzRbK9YmdOESSMUm6P,Home,Phillip Phillips,The World From The Side Of The Moon,2012-01-01,70,210173,https://open.spotify.com/track/1EAgPzRbK9YmdOESSMUm6P,happy
1jDJFeK9x3OZboIAHsY9k2,I'm Still Standing,Elton John,Too Low For Zero,1983-05-30,83,183440,https://open.spotify.com/track/1jDJFeK9x3OZboIAHsY9k2,happy
6liaHE9iHh23PLVvw7lK8V,Closing Time,Semisonic,Feeling Strangely Fine (20th Anniversary Edition),1998-03-24,70,273826,https://open.spotify.com/track/6liaHE9iHh23PLVvw7lK8V,happy
2LawezPeJhN4AWuSB0GtAU,Have You Ever Seen The Rain,Creedence Clearwater Revival,Pendulum (Expanded Edition),1970-12-07,85,160133,https://open.spotify.com/track/2LawezPeJhN4AWuSB0GtAU,happy
5tOjRq5shlEdm15nmJBq7Z,Out Of My Head,Fastball,All The Pain Money Can Buy,1998-01-01,58,153066,https://open.spotify.com/track/5tOjRq5shlEdm15nmJBq7Z,happy
27IRo2rYeizhRMDaNVplNM,Hook,Blues Traveler,Four,1994-01-01,67,289200,https://open.spotify.com/track/27IRo2rYeizhRMDaNVplNM,happy
6pb5BBnIM5IM7R1cqag6rE,Big Me,Foo Fighters,Foo Fighters,1995-07-04,61,132840,https://open.spotify.com/track/6pb5BBnIM5IM7R1cqag6rE,happy
0o995gJCGebaza0LWybToU,Doesn't Remind Me,Audioslave,Out of Exile,2005-01-01,63,255000,https://open.spotify.com/track/0o995gJCGebaza0LWybToU,happy
4jed0rSbEOJCi5GW2Tq4j7,Slipping Away,Sons Of Levin,Slipping Away,2025-02-18,24,449039,https://open.spotify.com/track/4jed0rSbEOJCi5GW2Tq4j7,happy
7mCQK9YB25WZw1saUjfL4e,The Rockafeller Skank,Fatboy Slim,You've Come A Long Way Baby,1998-01-01,54,413880,https://open.spotify.com/track/7mCQK9YB25WZw1saUjfL4e,happy
5PbdVk09VHHcvGa0pX86RP,Flowers In Your Hair,The Lumineers,The Lumineers,2012-04-03,72,109735,https://open.spotify.com/track/5PbdVk09VHHcvGa0pX86RP,happy
4JGKZS7h4Qa16gOU3oNETV,Dreams,The Cranberries,"Everybody Else Is Doing It, So Why Can't We?",1993-03-01,82,271560,https://open.spotify.com/track/4JGKZS7h4Qa16gOU3oNETV,happy
0cGG2EouYCEEC3xfa0tDFV,Tainted Love,Soft Cell,Non-Stop Erotic Cabaret,1981,79,153800,https://open.spotify.com/track/0cGG2EouYCEEC3xfa0tDFV,happy
48iWbsOaBUAGzMdoSmqyg1,Lightning Crashes,Live,Throwing Copper,1994-01-01,70,325600,https://open.spotify.com/track/48iWbsOaBUAGzMdoSmqyg1,happy
4DX82Vc8qAH4jJPvKxvwg6,Move Your Feet,Junior Senior,D-D-Don't Don't Stop The Beat,2002-04-03,70,181826,https://open.spotify.com/track/4DX82Vc8qAH4jJPvKxvwg6,happy
0DwClY2t9YAWHBROMIgrXb,Ho Hey,The Lumineers,The Lumineers,2012-04-03,82,163133,https://open.spotify.com/track/0DwClY2t9YAWHBROMIgrXb,happy
2zFdsAIk9r2Mi7Lmm1w3sM,That's All - 2007 Remaster,Genesis,Genesis (2007 Remaster),1983-10-03,74,264573,https://open.spotify.com/track/2zFdsAIk9r2Mi7Lmm1w3sM,happy
1JO1xLtVc8mWhIoE3YaCL0,Happy Together,The Turtles,Happy Together,1967,75,176293,https://open.spotify.com/track/1JO1xLtVc8mWhIoE3YaCL0,happy
683b4ikwa62JevCjwrmfg6,Moondance - 2013 Remaster,Van Morrison,Moondance (Deluxe Edition),1970-02,67,274040,https://open.spotify.com/track/683b4ikwa62JevCjwrmfg6,happy
340t55txxJWQmTFK7wARZh,"If You Want To Sing Out, Sing Out",Yusuf / Cat Stevens,Tea For The Tillerman (Super Deluxe),2020-12-04,57,165133,https://open.spotify.com/track/340t55txxJWQmTFK7wARZh,happy
5jgFfDIR6FR0gvlA56Nakr,Blackbird - Remastered 2009,The Beatles,The Beatles (Remastered),1968-11-22,77,138386,https://open.spotify.com/track/5jgFfDIR6FR0gvlA56Nakr,happy
30SCXVFyQGOFMdKnbgJS18,I Can See Clearly Now,Johnny Nash,The Best Of,1996-05-04,59,166933,https://open.spotify.com/track/30SCXVFyQGOFMdKnbgJS18,happy
2kgqupahrJpYB4r1poTXEY,Axel F,Harold Faltermeyer,Harold F,1988-01-01,59,180866,https://open.spotify.com/track/2kgqupahrJpYB4r1poTXEY,happy
0Jl5bIEve3A4axcjY3EgDZ,Feelin' Alright,Joe Cocker,With A Little Help From My Friends,1969-05-01,62,250840,https://open.spotify.com/track/0Jl5bIEve3A4axcjY3EgDZ,happy
0YZ3J8xzGwLOg4yEgST1YK,With A Little Help From My Friends,Joe Cocker,With A Little Help From My Friends,1969-05-01,65,312173,https://open.spotify.com/track/0YZ3J8xzGwLOg4yEgST1YK,happy
2RnPATK99oGOZygnD2GTO6,With A Little Help From My Friends - Remastered 2009,The Beatles,Sgt. Pepper's Lonely Hearts Club Band (Remastered),1967-06-01,61,164106,https://open.spotify.com/track/2RnPATK99oGOZygnD2GTO6,happy
099L0yzX4UHJip4WwfxluS,High Steppin',The Avett Brothers,Closer Than Together,2019-10-04,38,201453,https://open.spotify.com/track/099L0yzX4UHJip4WwfxluS,happy
0gEyKnHvgkrkBM6fbeHdwK,Linger,The Cranberries,"Everybody Else Is Doing It, So Why Can't We?",1993-03-01,85,274706,https://open.spotify.com/track/0gEyKnHvgkrkBM6fbeHdwK,happy
13iTIQHlw3VHIdycCUcc3M,Drift Away,Dobie Gray,Drift Away,1973-01-01,63,238386,https://open.spotify.com/track/13iTIQHlw3VHIdycCUcc3M,happy
5NK8jad728pj6YeqM5VJD4,She Talks To Angels,The Black Crowes,Shake Your Money Maker,1990-02-13,67,329400,https://open.spotify.com/track/5NK8jad728pj6YeqM5VJD4,happy
70gbuMqwNBE2Y5rkQJE9By,Going to California - Remaster,Led Zeppelin,Led Zeppelin IV (Deluxe Edition),1971-11-08,69,212160,https://open.spotify.com/track/70gbuMqwNBE2Y5rkQJE9By,happy
1HPmY8IBXWtVMXevwKnfC4,Hold Me Roll Me,The Modbeats,Hold Me Roll Me,2025-05-22,26,265593,https://open.spotify.com/track/1HPmY8IBXWtVMXevwKnfC4,happy
4xmeLj3uVcoAwgDtwM4MbG,Heavy Metal Drummer,Wilco,Yankee Hotel Foxtrot,2003-10-07,46,188840,https://open.spotify.com/track/4xmeLj3uVcoAwgDtwM4MbG,happy
5cfYurP1XKldMBtvBBJiTs,Ramblin' Man,Allman Brothers Band,Dreams,1989-06-20,55,288506,https://open.spotify.com/track/5cfYurP1XKldMBtvBBJiTs,happy
6ORqU0bHbVCRjXm9AjyHyZ,Good Riddance (Time of Your Life),Green Day,Nimrod,1997-10-14,79,153466,https://open.spotify.com/track/6ORqU0bHbVCRjXm9AjyHyZ,happy
1t6tQ0ETeOIDl5cscjEC55,Brimful of Asha,Cornershop,When I Was Born For The 7th Time (Expanded),1997,43,317026,https://open.spotify.com/track/1t6tQ0ETeOIDl5cscjEC55,happy
6EZUcu7GHI1sS0UPQivz7e,Glad Tidings - 2013 Remaster,Van Morrison,Moondance (Deluxe Edition),1970-02,48,220066,https://open.spotify.com/track/6EZUcu7GHI1sS0UPQivz7e,happy
0E29BKKGCJHcb7b9oIWgGB,Calling All Angels,Train,My Private Nation,2003-06-03,56,242200,https://open.spotify.com/track/0E29BKKGCJHcb7b9oIWgGB,happy
0aym2LBJBk9DAYuHHutrIl,Hey Jude - Remastered 2015,The Beatles,1 (Remastered),2000-11-13,69,425653,https://open.spotify.com/track/0aym2LBJBk9DAYuHHutrIl,happy
57460SJgSpCXaRJ9YIYHxy,Going Up The Country,Canned Heat,The Best Of Canned Heat,1987-01-01,61,171373,https://open.spotify.com/track/57460SJgSpCXaRJ9YIYHxy,happy
6ZBeRXjadHvBk9VYSnoO0R,You Don't Mess Around with Jim,Jim Croce,You Don't Mess Around With Jim,1972-04-01,64,182533,https://open.spotify.com/track/6ZBeRXjadHvBk9VYSnoO0R,happy
3M8FzayQWtkvOhqMn2V4T2,Lean on Me,Bill Withers,Still Bill,1972-05-01,73,258834,https://open.spotify.com/track/3M8FzayQWtkvOhqMn2V4T2,happy
3dmqIB2Qxe2XZobw9gXxJ6,Mary Jane's Last Dance,Tom Petty and the Heartbreakers,Greatest Hits,2008-05-20,75,273600,https://open.spotify.com/track/3dmqIB2Qxe2XZobw9gXxJ6,happy
5fc3OtAHC5Od69c30s7N11,Easy Ryder,"Ty Segall, White Fence",Hair,2012-04-24,37,143693,https://open.spotify.com/track/5fc3OtAHC5Od69c30s7N11,happy
383Xl5QTigwj3QiA3Qc6S7,The Devil Went Down to Georgia,The Charlie Daniels Band,A Decade Of Hits,1988-08-10,67,214866,https://open.spotify.com/track/383Xl5QTigwj3QiA3Qc6S7,happy
6k2cLXLnrAnFFqt3W6sjT8,Cruel to Be Kind,Nick Lowe,Labour of Lust,1979,56,210131,https://open.spotify.com/track/6k2cLXLnrAnFFqt3W6sjT8,happy
0ue906ORJ0Qoi8RIDL9l75,Seven Bridges Road,Ian Matthews,Valley Hi,1973,40,245093,https://open.spotify.com/track/0ue906ORJ0Qoi8RIDL9l75,happy
7G7tgVYORlDuVprcYHuFJh,Don't Dream It's Over,Crowded House,Crowded House,1986-01-01,81,236933,https://open.spotify.com/track/7G7tgVYORlDuVprcYHuFJh,happy
5DH7nDryMhpixm4G4B7RP9,The Longest Time,Billy Joel,An Innocent Man,1983-08-08,66,217906,https://open.spotify.com/track/5DH7nDryMhpixm4G4B7RP9,happy
2qidsb8HBxsVjnXzUbvSJ1,Can't Commit,River Sage,Familiar,2025-10-14,21,188764,https://open.spotify.com/track/2qidsb8HBxsVjnXzUbvSJ1,happy
35wi9jUnYQdsRMnZJxW46h,Hotel California,Deuce,Hotel California,2023-12-15,42,228000,https://open.spotify.com/track/35wi9jUnYQdsRMnZJxW46h,happy
75nqiR6kErgAAMwLf0nwAF,Escape (The Piña Colada Song),Deuce,Escape (The Piña Colada Song),2024-03-08,40,131500,https://open.spotify.com/track/75nqiR6kErgAAMwLf0nwAF,happy
33lLMAyL3PuuQp5vXarrUs,Every Breath You Take,Deuce,Every Breath You Take,2023-10-20,40,172000,https://open.spotify.com/track/33lLMAyL3PuuQp5vXarrUs,happy
7qjs69xWVULg9u1FjPz0my,It Must Have Been Love,Ocean Breeze Band,It Must Have Been Love,2023-11-10,41,188600,https://open.spotify.com/track/7qjs69xWVULg9u1FjPz0my,happy
3oe2GFrcb8Qa6nGzc3g8JO,Africa,Deuce,Africa,2024-02-09,39,160231,https://open.spotify.com/track/3oe2GFrcb8Qa6nGzc3g8JO,happy
4NSLtKZFq7yz5LMvvKQgmU,Save Tonight,Deuce,Save Tonight,2023-11-10,38,238000,https://open.spotify.com/track/4NSLtKZFq7yz5LMvvKQgmU,happy
1gyaNHpA1jJIaeuOZQmKj9,Here Comes The Sun,Deuce,Here Comes The Sun,2024-02-02,38,216000,https://open.spotify.com/track/1gyaNHpA1jJIaeuOZQmKj9,happy
6A3Q8BVAAI2PW1s6MX4ZGF,Boa Sorte / Good Luck (feat. Ben Harper),"Vanessa Da Mata, Ben Harper",Sim (Deluxe),2007,67,235600,https://open.spotify.com/track/6A3Q8BVAAI2PW1s6MX4ZGF,happy
3nQUViL1DIKpo8VOwOTwNE,Is This Love,Ocean Breeze Band,Is This Love,2024-03-01,44,166363,https://open.spotify.com/track/3nQUViL1DIKpo8VOwOTwNE,happy
2I1ro4PvqAlA1YSuVo9Fqw,Bailamos,Deuce,Bailamos,2024-10-04,37,180000,https://open.spotify.com/track/2I1ro4PvqAlA1YSuVo9Fqw,happy
5PjUbWFXC25ngsN3AFaxTg,Forever Young,Deuce,Forever Young,2023-09-22,39,174000,https://open.spotify.com/track/5PjUbWFXC25ngsN3AFaxTg,happy
4aVOavUqPhLtyHxkHQdHPe,Right Here Waiting,Deuce,Right Here Waiting,2025-06-27,36,144000,https://open.spotify.com/track/4aVOavUqPhLtyHxkHQdHPe,happy
6ftTqktQYXGnKafJwdyxuN,Frozen,Deuce,Frozen,2025-05-30,36,82222,https://open.spotify.com/track/6ftTqktQYXGnKafJwdyxuN,happy
4vm8UmxfzV7MeQYNMwR8vT,Smooth Operator,Deuce,Smooth Operator,2024-11-22,38,223469,https://open.spotify.com/track/4vm8UmxfzV7MeQYNMwR8vT,happy
3NZFzgdDpY3cWMj93s80kI,The Look,Deuce,The Look,2025-05-02,37,214400,https://open.spotify.com/track/3NZFzgdDpY3cWMj93s80kI,happy
0y13TNXQWWbBytBAbQOkIx,What A Wonderful World,Deuce,What A Wonderful World,2023-11-24,38,157846,https://open.spotify.com/track/0y13TNXQWWbBytBAbQOkIx,happy
4WDUuusvxd9aPtGEIiSX0g,In Your Eyes,Ocean Breeze Band,In Your Eyes,2024-01-19,37,198400,https://open.spotify.com/track/4WDUuusvxd9aPtGEIiSX0g,happy
6hzIuIgIyigEmVxKfbr0WQ,Luka,Deuce,Luka,2025-06-06,35,179520,https://open.spotify.com/track/6hzIuIgIyigEmVxKfbr0WQ,happy
6AW2uUjWLNW7Me7Op3wX89,One,Deuce,One,2024-11-08,37,169200,https://open.spotify.com/track/6AW2uUjWLNW7Me7Op3wX89,happy
5FIYZPxA1EKeL2QvjgLtwD,Private Eyes,Deuce,Private Eyes,2025-04-25,35,156521,https://open.spotify.com/track/5FIYZPxA1EKeL2QvjgLtwD,happy
3JLTWEOKCpgyzgAILHESHK,La Isla Bonita,Deuce,La Isla Bonita,2024-10-25,37,177692,https://open.spotify.com/track/3JLTWEOKCpgyzgAILHESHK,happy
4uGhh61Ge2cSxOlnynyWmE,Lady (Hear Me Tonight),Deuce,Lady (Hear Me Tonight),2023-10-06,36,232800,https://open.spotify.com/track/4uGhh61Ge2cSxOlnynyWmE,happy
2nKzbH85WbPJLpaOP53SSU,It's My Life,Ocean Breeze Band,It's My Life,2024-01-12,36,159600,https://open.spotify.com/track/2nKzbH85WbPJLpaOP53SSU,happy
0hOP4U36HugIzM6tw8CzHO,Down Under,Deuce,Down Under,2025-04-18,37,194538,https://open.spotify.com/track/0hOP4U36HugIzM6tw8CzHO,happy
1mjBbaIT8AZuZjWzCYONad,Back To Black,Ocean Breeze Band,Back To Black,2023-11-17,38,213461,https://open.spotify.com/track/1mjBbaIT8AZuZjWzCYONad,happy
4PEZmvRrPz3ymRGvUalbri,Genie In A Bottle,Deuce,Genie In A Bottle,2024-05-27,36,200000,https://open.spotify.com/track/4PEZmvRrPz3ymRGvUalbri,happy
4qVIcLJa1SaKaA6P80sZgV,Heaven Is a Place on Earth,Deuce,Heaven Is a Place on Earth,2024-10-18,35,176708,https://open.spotify.com/track/4qVIcLJa1SaKaA6P80sZgV,happy
16aVOG9YBesM18yE4ReEHo,Sexual Healing - Studio Rio Version,"Marvin Gaye, Studio Rio",Studio Rio Presents: The Brazil Connection,2014-05-12,45,249333,https://open.spotify.com/track/16aVOG9YBesM18yE4ReEHo,happy
4EgHX47478Rq4UCXXUcW2U,Don't Speak,Deuce,Don't Speak,2023-10-27,40,273000,https://open.spotify.com/track/4EgHX47478Rq4UCXXUcW2U,happy
6YiGFObGsPfNxbKJALS6Fa,Sweat (A La La La La Long),Ocean Breeze Band,Sweat (A La La La La Long),2024-03-08,40,181846,https://open.spotify.com/track/6YiGFObGsPfNxbKJALS6Fa,happy
4rdxAZMERoAfU2RqyikNQm,Don't Stop Believin',Ocean Breeze Band,Don't Stop Believin',2023-11-24,37,184000,https://open.spotify.com/track/4rdxAZMERoAfU2RqyikNQm,happy
4IPcPsV2G64ZYbJ5YRpUr7,Summer Of '69,Ocean Breeze Band,Summer Of '69,2024-03-29,36,159545,https://open.spotify.com/track/4IPcPsV2G64ZYbJ5YRpUr7,happy
5A2h93oe8UQj9SXzQJ8i39,Believe,Deuce,Believe,2024-10-11,34,180604,https://open.spotify.com/track/5A2h93oe8UQj9SXzQJ8i39,happy
4lAbPbTlqF11Kcpc9owHJL,Un-Break My Heart,Ocean Breeze Band,Un-Break My Heart,2024-04-26,39,195230,https://open.spotify.com/track/4lAbPbTlqF11Kcpc9owHJL,happy
3Uubb0lml4q16fjxngKACr,All I Wanna Do,Deuce,All I Wanna Do,2024-04-19,36,204827,https://open.spotify.com/track/3Uubb0lml4q16fjxngKACr,happy
4GH763m82RxNzy1zoKRtby,Like A Virgin,Deuce,Like A Virgin,2024-05-09,34,131076,https://open.spotify.com/track/4GH763m82RxNzy1zoKRtby,happy
3bXkvNv6IEEvY52KPNu8tT,Uptown Girl,Ocean Breeze Band,Uptown Girl,2024-03-15,41,203000,https://open.spotify.com/track/3bXkvNv6IEEvY52KPNu8tT,happy
7cyl0yzEAB8O5nLC5l5okV,With Or Without You,Deuce,With Or Without You,2024-05-03,35,188000,https://open.spotify.com/track/7cyl0yzEAB8O5nLC5l5okV,happy
49bD6xGAOxcvQXJdzAPS9r,Maneater,Deuce,Maneater,2024-04-29,35,163250,https://open.spotify.com/track/49bD6xGAOxcvQXJdzAPS9r,happy
12rftHy9WH28v1bRev1LW3,I'm Yours,Ocean Breeze Band,I'm Yours,2023-12-01,36,199714,https://open.spotify.com/track/12rftHy9WH28v1bRev1LW3,happy
73nY28ObUaLpK5qBOYpSPo,Take My Breath Away,Ocean Breeze Band,Take My Breath Away,2024-04-19,40,179454,https://open.spotify.com/track/73nY28ObUaLpK5qBOYpSPo,happy
0hDZRB74nuo1Cqdb5gPw5K,True Colors,Deuce,True Colors,2024-05-02,34,180978,https://open.spotify.com/track/0hDZRB74nuo1Cqdb5gPw5K,happy
1JRJb3FTk9NczGDB3hUnis,Your Love,Deuce,Your Love,2024-11-15,34,141230,https://open.spotify.com/track/1JRJb3FTk9NczGDB3hUnis,happy
4ToyVIPZHLoU3TIobJDsRN,It's My Life,Deuce,It's My Life,2023-11-03,34,273600,https://open.spotify.com/track/4ToyVIPZHLoU3TIobJDsRN,happy
10kIBzTMb4RG1I8BtL5sCI,Love Fool,Deuce,Love Fool,2024-11-01,34,174915,https://open.spotify.com/track/10kIBzTMb4RG1I8BtL5sCI,happy
3r128fDEduKfES5fDHNh53,Time After Time,Ocean Breeze Band,Time After Time,2024-04-12,41,157961,https://open.spotify.com/track/3r128fDEduKfES5fDHNh53,happy
3Jmn9AXA6whherNXszSufb,Any Way You Want It,Deuce,Any Way You Want It,2024-04-26,33,144500,https://open.spotify.com/track/3Jmn9AXA6whherNXszSufb,happy
1QpHqSishunJvrRxZd9CiE,Rock With You,Ocean Breeze Band,Rock With You,2024-04-05,37,133448,https://open.spotify.com/track/1QpHqSishunJvrRxZd9CiE,happy
6hUDSpKDvVSrzvtTslnmqn,Here I Go Again,Deuce,Here I Go Again,2024-05-10,33,192500,https://open.spotify.com/track/6hUDSpKDvVSrzvtTslnmqn,happy
5BkM602I37kUdGVas949Mn,Billie Jean,Ocean Breeze Band,Billie Jean,2024-01-05,36,156000,https://open.spotify.com/track/5BkM602I37kUdGVas949Mn,happy
6QeivxjaNb0KZj0I5wpXqT,Careless Whisper,Ocean Breeze Band,Careless Whisper,2024-03-22,36,151403,https://open.spotify.com/track/6QeivxjaNb0KZj0I5wpXqT,happy
7qowHBjLXYCLF8EZoiOPeO,Crazy,Deuce,Crazy,2023-09-08,35,185052,https://open.spotify.com/track/7qowHBjLXYCLF8EZoiOPeO,happy
0IMzOwH5WHRSalBqGDISHg,Faith,Ocean Breeze Band,Faith,2024-02-23,35,199124,https://open.spotify.com/track/0IMzOwH5WHRSalBqGDISHg,happy
6GflEjunkkyTrlyrrIyyMj,The Sweet Escape,Ocean Breeze Band,The Sweet Escape,2023-12-08,33,231000,https://open.spotify.com/track/6GflEjunkkyTrlyrrIyyMj,happy
6W4WwTrSIpaHbDlN35iaz9,Halo,Deuce,Halo,2023-10-13,36,241038,https://open.spotify.com/track/6W4WwTrSIpaHbDlN35iaz9,happy
5bk1ptGazmOeysRKAkqism,Someboy's Watching Me,Deuce,Someboy's Watching Me,2024-02-23,33,169267,https://open.spotify.com/track/5bk1ptGazmOeysRKAkqism,happy
6RoGvhMPbLXX66nVIizlXQ,Celebration,Deuce,Celebration,2024-02-16,33,122400,https://open.spotify.com/track/6RoGvhMPbLXX66nVIizlXQ,happy
5iAggfyEMwhRN8N58jXfuY,The Way You Make Me Feel,Deuce,The Way You Make Me Feel,2024-03-01,33,147333,https://open.spotify.com/track/5iAggfyEMwhRN8N58jXfuY,happy
0G3gXQpMPSFLOLdB5EpAt1,Hip To Be Square,Deuce,Hip To Be Square,2024-04-30,32,164500,https://open.spotify.com/track/0G3gXQpMPSFLOLdB5EpAt1,happy
4sxdQErfnnO9cYE9DJWGaz,Everybody Wants to Rule the World,Deuce,Everybody Wants to Rule the World,2024-05-03,33,192500,https://open.spotify.com/track/4sxdQErfnnO9cYE9DJWGaz,happy
1m90CHtApeU8WP9tIMFiiu,Walking On Sunshine,Deuce,Walking On Sunshine,2024-05-01,33,160058,https://open.spotify.com/track/1m90CHtApeU8WP9tIMFiiu,happy
0MldGoeORMiggUefQ0r179,Heartbeat in Half-Time,Casa Rio,Postcards from Rio,2025-07-04,32,210750,https://open.spotify.com/track/0MldGoeORMiggUefQ0r179,happy
5N6pQ2vYtd3Rb9w7LC8PZ9,The Girl From Ipanema,"Antônio Carlos Jobim, Frank Sinatra",Sinatra/Jobim: The Complete Reprise Recordings,1967-03,65,200360,https://open.spotify.com/track/5N6pQ2vYtd3Rb9w7LC8PZ9,happy
6yIreRhyenNIKEOUcaDi4g,Aguas de Marco,Stan Getz,Pure... Brazil,2013-03-22,34,282146,https://open.spotify.com/track/6yIreRhyenNIKEOUcaDi4g,happy
5EoKmHibfQ6jNILdwjpClN,Love at Bossa Tempo,Casa Rio,Postcards from Rio,2025-07-04,29,196000,https://open.spotify.com/track/5EoKmHibfQ6jNILdwjpClN,happy
3QKJELWORZZ7rUZDWeMWSA,Água de Beber,"Astrud Gilberto, Antônio Carlos Jobim",The Astrud Gilberto Album,1965-01-01,65,138013,https://open.spotify.com/track/3QKJELWORZZ7rUZDWeMWSA,happy
4kpnFYuPBiixdGzmjhU2se,Pillow Talk in Portuguese,Casa Rio,Postcards from Rio,2025-07-04,29,168500,https://open.spotify.com/track/4kpnFYuPBiixdGzmjhU2se,happy
15ouqiBsgL12olEwP3COsH,Águas De Março,"Elis Regina, Antônio Carlos Jobim",Elis & Tom,1974-06-17,68,214003,https://open.spotify.com/track/15ouqiBsgL12olEwP3COsH,happy
0ZUCpYG1jpEbyxAqxrNo1d,A Touch Too Soft,Casa Rio,Postcards from Rio,2025-07-04,30,154133,https://open.spotify.com/track/0ZUCpYG1jpEbyxAqxrNo1d,happy
1vt0n3GcAYrsSMue1C6OtC,Samba De Verão,Caetano Veloso,A Bossa De Caetano,2000-01-01,64,187626,https://open.spotify.com/track/1vt0n3GcAYrsSMue1C6OtC,happy
2v9LGwYybWMNhO0xZXpo6M,Bim Bom,João Gilberto,Bossa Nova Café,2013-02-19,49,72671,https://open.spotify.com/track/2v9LGwYybWMNhO0xZXpo6M,happy
2ZVdBQm8oWZ6LIWRglSjGI,Mist and Melody,Casa Rio,Sunset in Ipanema,2025-07-11,29,139433,https://open.spotify.com/track/2ZVdBQm8oWZ6LIWRglSjGI,happy
4SpqtLElDsO6KGbd4ub96Z,Pela Luz dos Olhos Teus - Bonus Track,"Miúcha, Antônio Carlos Jobim",Miucha & Tom Jobim Vol. 1,1977-07-15,65,164160,https://open.spotify.com/track/4SpqtLElDsO6KGbd4ub96Z,happy
5je0CDv1Z1hT82Nek1Fjhl,Só Danço Samba,"Stan Getz, Luiz Bonfá",Jazz Samba Encore!,1963,62,216226,https://open.spotify.com/track/5je0CDv1Z1hT82Nek1Fjhl,happy
6QbI6q1yaBf1i021h4KJvn,Rain on My Roof,Casa Rio,Tide and Time,2025-07-18,30,144850,https://open.spotify.com/track/6QbI6q1yaBf1i021h4KJvn,happy
4fTmfK5efjGjADhAUAjgKl,Sorriu Para Mim,João Gilberto,Joao,1991-01-01,50,185506,https://open.spotify.com/track/4fTmfK5efjGjADhAUAjgKl,happy
6EjktD6MSJUNEOwqkhxG2R,Coffee and Kisses,Casa Rio,Postcards from Rio,2025-07-04,30,166606,https://open.spotify.com/track/6EjktD6MSJUNEOwqkhxG2R,happy
6au6zu7SJAbqf4a6RDqySc,You've Changed - Studio Rio Version,"Billie Holiday, Studio Rio",Studio Rio Presents: The Brazil Connection,2014-05-12,50,226906,https://open.spotify.com/track/6au6zu7SJAbqf4a6RDqySc,happy
7vK0BPgWQtAdgjwDbDTG9J,Echoes of Her Laughter,Casa Rio,Postcards from Rio,2025-07-04,30,178787,https://open.spotify.com/track/7vK0BPgWQtAdgjwDbDTG9J,happy
6cTHDAnKgDOMP1gL8irmHu,I've Got You Under My Skin - Studio Rio Version,"Mel Tormé, Studio Rio",Studio Rio Presents: The Brazil Connection,2014-05-12,39,190520,https://open.spotify.com/track/6cTHDAnKgDOMP1gL8irmHu,happy
2t09vaKNgmeRCfV6GpWcy3,Amor de Lento,Casa Rio,Postcards from Rio,2025-07-04,30,179175,https://open.spotify.com/track/2t09vaKNgmeRCfV6GpWcy3,happy
2dQHxGf4ayRgL4rLHuCiUs,I Can See Clearly Now - Studio Rio Version,"Johnny Nash, Studio Rio",Studio Rio Presents: The Brazil Connection,2014-05-12,38,191920,https://open.spotify.com/track/2dQHxGf4ayRgL4rLHuCiUs,happy
5dH5rAiuth3dvy3G7vFVbl,Quiet Solo,Casa Rio,Sunset in Ipanema,2025-07-11,28,216633,https://open.spotify.com/track/5dH5rAiuth3dvy3G7vFVbl,happy
3ponDZeMH4ONWpPCyfrJ5L,Tainted Love,"Trinix, Queen D",Tainted Love,2023-01-30,65,184333,https://open.spotify.com/track/3ponDZeMH4ONWpPCyfrJ5L,happy
77aXKTGNtAEmtDcPpqyXAG,Sheesh!,"Surfaces, Tai Verdes",Pacifico (Deluxe),2021-06-25,59,148846,https://open.spotify.com/track/77aXKTGNtAEmtDcPpqyXAG,happy
4tekXLedu6wxNhHkKjFkPE,Let's Vibe,FRENCHGRL,Let's Vibe,2024-07-17,56,193663,https://open.spotify.com/track/4tekXLedu6wxNhHkKjFkPE,happy
0hbgaixFghGK7zjc3p27H6,Ripple,Good Neighbours,Ripple,2025-01-24,60,161007,https://open.spotify.com/track/0hbgaixFghGK7zjc3p27H6,happy
0YFpML4m6QGTF3Y9UXwBeK,Teenage Luv,"Lost In Pacific, Hadar Sopher",Teenage Luv,2024-10-02,44,123306,https://open.spotify.com/track/0YFpML4m6QGTF3Y9UXwBeK,happy
3WNZCfPoouCRTbZR0pi0Vn,Sunny Day,MR TOUT LE MONDE,SUN,2022-10-07,63,192000,https://open.spotify.com/track/3WNZCfPoouCRTbZR0pi0Vn,happy
3FY31NSLVU5zXaUbjtCgo5,Go Back (Someday),Tom Kha,Go Back (Someday),2025-06-25,49,133920,https://open.spotify.com/track/3FY31NSLVU5zXaUbjtCgo5,happy
3h0tEwAyOCQDa4X8NEcy0Q,Crazy,PLÜM,Crazy,2022-02-11,60,220000,https://open.spotify.com/track/3h0tEwAyOCQDa4X8NEcy0Q,happy
4yhwd5qPo0KZfKjNPiQEWl,Are You Bad Or Not?,Moment in Time,Are You Bad Or Not?,2025-01-29,45,114594,https://open.spotify.com/track/4yhwd5qPo0KZfKjNPiQEWl,happy
2rt6MSYNNgm1RfEoyEqKst,Fuego,"Monaldin, Kay Young",Fuego,2025-04-16,50,183465,https://open.spotify.com/track/2rt6MSYNNgm1RfEoyEqKst,happy
06rcHn4ehOCA1I1n6CJ2lb,Sexy and I Know It,TEEMID,Sexy and I Know It,2021-07-30,60,213345,https://open.spotify.com/track/06rcHn4ehOCA1I1n6CJ2lb,happy
5ZQrl9NUVXMYIiJiComuT1,Mali Spirit,LAGOS IN PARIS,We Are Lagos In Paris,2025-06-27,41,216500,https://open.spotify.com/track/5ZQrl9NUVXMYIiJiComuT1,happy
6yc6GZm46yU5lYd9mfKTkw,Stolen Dance,"PLÜM, FRENCHGRL",Stolen Dance,2024-05-31,62,205458,https://open.spotify.com/track/6yc6GZm46yU5lYd9mfKTkw,happy
4WnmTHCNN45jvQCrlbEWs0,Skate,"Bruno Mars, Anderson .Paak, Silk Sonic",An Evening With Silk Sonic,2021-11-12,0,203122,https://open.spotify.com/track/4WnmTHCNN45jvQCrlbEWs0,happy
6pffSARv4nXEvjLeRBBWn1,Silhouettes,Snazzy,Silhouettes,2025-01-07,47,159452,https://open.spotify.com/track/6pffSARv4nXEvjLeRBBWn1,happy
7kbwgvxI9GqSM0iLeXQ33n,Who I Am,MR TOUT LE MONDE,Who I Am,2025-05-09,55,179647,https://open.spotify.com/track/7kbwgvxI9GqSM0iLeXQ33n,happy
04caEZhAsQKnWqKsMwk9ud,My Number,Foals,Holy Fire,2013-02-08,66,238853,https://open.spotify.com/track/04caEZhAsQKnWqKsMwk9ud,happy
5u227fVmzxX4bHjs95yGvq,Way Back Home,Tom Kha,Way Back Home,2025-09-24,44,147000,https://open.spotify.com/track/5u227fVmzxX4bHjs95yGvq,happy
2uXlHCUbq9OMUwx3hrk06o,Riptide,Vance Joy,Dream Your Life Away (Deluxe Edition),2014-08-05,85,204280,https://open.spotify.com/track/2uXlHCUbq9OMUwx3hrk06o,happy
7tYCf3ftc99AQrn2cXYM6d,Just One Dance,"PLÜM, Tanaë",Just One Dance,2020-06-05,0,212352,https://open.spotify.com/track/7tYCf3ftc99AQrn2cXYM6d,happy
6fvD2Rlml96iOUjmgoiIn4,It's Alright,MR TOUT LE MONDE,It's Alright,2025-10-24,55,162642,https://open.spotify.com/track/6fvD2Rlml96iOUjmgoiIn4,happy
6hb6lIxUkaf336YTJ8gTyZ,Chapéu,Ron Puma,Chapéu,2024-06-19,50,194786,https://open.spotify.com/track/6hb6lIxUkaf336YTJ8gTyZ,happy
2hPIKvnUTG6xklMU1TWhOe,Baby Doll,"Møme, Ricky Ducati",Baby Doll,2023-09-01,44,264960,https://open.spotify.com/track/2hPIKvnUTG6xklMU1TWhOe,happy
2jxB6JRcwnyP5nLXStZJxs,Flowers,Bleu Azur,Flowers,2024-01-03,54,141297,https://open.spotify.com/track/2jxB6JRcwnyP5nLXStZJxs,happy
2wXfd4Vz6pzJrrPvGhpYz0,No Time For Toxic People,Imagine Dragons,Mercury - Acts 1 & 2,2022-07-01,59,207870,https://open.spotify.com/track/2wXfd4Vz6pzJrrPvGhpYz0,happy
4wIHSLK4N8lmG3tyDSe7Nn,Summer Sun,Tom Kha,Summer Sun,2025-07-23,44,144047,https://open.spotify.com/track/4wIHSLK4N8lmG3tyDSe7Nn,happy
0CFDOgUcUUngd612sIAjyF,Treasure,MR TOUT LE MONDE,Treasure,2023-08-04,49,163361,https://open.spotify.com/track/0CFDOgUcUUngd612sIAjyF,happy
3juipaq8Z1iYYHyVg27wHs,I Kissed A Girl,FRENCHGRL,I Kissed A Girl,2024-05-08,46,206338,https://open.spotify.com/track/3juipaq8Z1iYYHyVg27wHs,happy
5e6uRmRhnXEqzq6Fvf96BT,Shade In The Summer,"Lost In Pacific, Landon Ryle",Shade In The Summer,2023-08-02,60,166909,https://open.spotify.com/track/5e6uRmRhnXEqzq6Fvf96BT,happy
40gooTta3y4FgzXaMOGDJL,I Can't Help But Feel,Surfaces,I Can't Help But Feel,2022-04-01,0,178780,https://open.spotify.com/track/40gooTta3y4FgzXaMOGDJL,happy
7wsn9GRkhsKP4gqs4d8pEP,No One Else,Moment in Time,No One Else,2025-09-03,49,137974,https://open.spotify.com/track/7wsn9GRkhsKP4gqs4d8pEP,happy
4BdGO1CaObRD4La9l5Zanz,Sit Next to Me,Foster The People,Sacred Hearts Club,2017-07-21,73,243146,https://open.spotify.com/track/4BdGO1CaObRD4La9l5Zanz,happy
1nWydPjxaHwae1T4DMhOMf,Chemicals,"Lonely in the Rain, Oaks",Chemicals,2023-01-25,49,156005,https://open.spotify.com/track/1nWydPjxaHwae1T4DMhOMf,happy
52UESFZWWJ0ATZa0PNe8ki,Wanderlust,"Pablo Leo, Oxyoze",Wanderlust,2024-07-03,47,159835,https://open.spotify.com/track/52UESFZWWJ0ATZa0PNe8ki,happy
67p96tIoC4ESrod9kW331R,Hot Air Balloon,"Don Diablo, AR/CO",FORΞVΞR (DΞLUXΞ ΞDITION),2021-11-05,64,173658,https://open.spotify.com/track/67p96tIoC4ESrod9kW331R,happy
33qyOS1DofZGTYwKtDTZG2,I liked it - edapollo edit,"edapollo, Pool Girl",I liked it (edapollo edit),2025-04-30,39,178028,https://open.spotify.com/track/33qyOS1DofZGTYwKtDTZG2,happy
43VvkZyh76hSu1aACUa4BK,Soul,Moment in Time,Soul,2023-08-09,47,144000,https://open.spotify.com/track/43VvkZyh76hSu1aACUa4BK,happy
554YDu1pjgLaNj5FDCzsz8,Mirage,"Toro, Polocorp, EmmaNuma",Mirage,2025-10-29,48,162489,https://open.spotify.com/track/554YDu1pjgLaNj5FDCzsz8,happy
6nNXTSvVO6ue9Ywshh4PZ4,Now or Never,"Trinix, Dominic Neill",Now or Never,2022-07-01,52,182750,https://open.spotify.com/track/6nNXTSvVO6ue9Ywshh4PZ4,happy
3qYVWB6ICwOzTqApjQa6h8,Higher Ground,Mizmo,Higher Ground,2025-02-25,57,163157,https://open.spotify.com/track/3qYVWB6ICwOzTqApjQa6h8,happy
6rqMPZWn7rOZEUy14y2OB2,Can't Hide,Lenji,Can't Hide,2024-10-30,57,149057,https://open.spotify.com/track/6rqMPZWn7rOZEUy14y2OB2,happy
65wzicJctsW9GwnTnLWxQO,GOOD FEELiNGS,"Coldplay, Ayra Starr",Moon Music,2024-10-04,63,217380,https://open.spotify.com/track/65wzicJctsW9GwnTnLWxQO,happy
5ant0aQ3nfO4mZlp6lN2MF,I'm So Lucky,"French Fuse, Tish Hyman",I'm So Lucky,2025-01-15,47,175109,https://open.spotify.com/track/5ant0aQ3nfO4mZlp6lN2MF,happy
3IHaiorYWOcr8Kzs85PWF7,CUFF IT,Beyoncé,RENAISSANCE,2022-07-29,51,225388,https://open.spotify.com/track/3IHaiorYWOcr8Kzs85PWF7,happy
3L4jHpBf2gil2kUYFcYVxO,It's So Simple,Mizmo,It's So Simple,2023-03-21,40,154109,https://open.spotify.com/track/3L4jHpBf2gil2kUYFcYVxO,happy
6qtWLaLL3nRHqlGnzitDvJ,Before You Go,"MR TOUT LE MONDE, Oaks",YOU,2024-09-13,42,163843,https://open.spotify.com/track/6qtWLaLL3nRHqlGnzitDvJ,happy
4pi1G1x8tl9VfdD9bL3maT,Big Energy,Latto,777,2022-03-25,64,172540,https://open.spotify.com/track/4pi1G1x8tl9VfdD9bL3maT,happy
3OWoUTFewCAnGIkFHdL6KK,the things that bring me joy,heylucas,the things that bring me joy,2024-05-10,56,179047,https://open.spotify.com/track/3OWoUTFewCAnGIkFHdL6KK,happy
0DZ3Z2MrXZkc5YLaKNlkN2,This Is Love,Snazzy,Feels,2023-07-25,54,127914,https://open.spotify.com/track/0DZ3Z2MrXZkc5YLaKNlkN2,happy
2OppwKF9gUH6mkPT07cBef,Faya,"LAGOS IN PARIS, Ayisi",We Are Lagos In Paris,2025-06-27,40,236080,https://open.spotify.com/track/2OppwKF9gUH6mkPT07cBef,happy
0BWBqb5XxraObLopqskk6D,Feels Right,Biig Piig,Feels Right,2020-11-17,58,199006,https://open.spotify.com/track/0BWBqb5XxraObLopqskk6D,happy
4ORnzlTobOUSShAKrzwcQ3,About Last Night,Moment in Time,About Last Night,2025-03-05,45,150375,https://open.spotify.com/track/4ORnzlTobOUSShAKrzwcQ3,happy
7pgy6WlDetgieGS7ABkftw,A l'eau de rose,Two Muses After,Nobody on the Moon,2022-08-02,46,132586,https://open.spotify.com/track/7pgy6WlDetgieGS7ABkftw,happy
7eQGEdnhZdTv8qCbKnOpvf,Neon,Ron Puma,Neon,2024-09-18,43,137053,https://open.spotify.com/track/7eQGEdnhZdTv8qCbKnOpvf,happy
5GZyTkTSAAzcbSnwcEcwFD,Stay The Same,"Thunder, Dominic Neill",Stay The Same,2025-05-02,47,138787,https://open.spotify.com/track/5GZyTkTSAAzcbSnwcEcwFD,happy
46clCWv55EyW1ZlOl796It,Cinderella,Remi Wolf,Big Ideas,2024-07-12,64,243952,https://open.spotify.com/track/46clCWv55EyW1ZlOl796It,happy
2hNaljpWGHzwcIvkPIHMk7,Virtual Insanity - Remastered 2006,Jamiroquai,High Times: Singles 1992-2006,2006-11-06,56,229360,https://open.spotify.com/track/2hNaljpWGHzwcIvkPIHMk7,happy
06lkQ3OaTSqXeomrCyNctg,Ceiling Lights,Snazzy,Ceiling Lights,2025-02-07,44,141261,https://open.spotify.com/track/06lkQ3OaTSqXeomrCyNctg,happy
38dsbVCJvf4fmlktpFCk7k,Wonderful World,MR TOUT LE MONDE,YOU,2024-09-13,49,179026,https://open.spotify.com/track/38dsbVCJvf4fmlktpFCk7k,happy
53yryXhiQH6zt8tUjE6V32,Promise,heylucas,Euphoria,2023-05-26,51,200422,https://open.spotify.com/track/53yryXhiQH6zt8tUjE6V32,happy
7lxjMD40JXRFRjMSSVHKDU,Greedy,"Bleu Azur, Queen D",Greedy,2023-11-29,56,142982,https://open.spotify.com/track/7lxjMD40JXRFRjMSSVHKDU,happy
5lfWrciYtohtIMVDVZd0Rf,"Stay With Me (with Justin Timberlake, Halsey, & Pharrell)","Calvin Harris, Justin Timberlake, Halsey, Pharrell Williams","Stay With Me (with Justin Timberlake, Halsey, & Pharrell)",2022-07-15,56,229282,https://open.spotify.com/track/5lfWrciYtohtIMVDVZd0Rf,happy
1Ad2HcIX9zBqoWRvxtpYGf,Candle Flame,"Jungle, Erick the Architect",Volcano,2023-08-11,67,174020,https://open.spotify.com/track/1Ad2HcIX9zBqoWRvxtpYGf,happy
7DE1A26mXzpWU1zguzRIMB,When I Call You,Moment in Time,When I Call You,2025-08-06,50,132413,https://open.spotify.com/track/7DE1A26mXzpWU1zguzRIMB,happy
4tUEEazNNKuPRP1CNb1TjM,We Don't Know,Two Muses After,We Don't Know,2022-06-28,44,138697,https://open.spotify.com/track/4tUEEazNNKuPRP1CNb1TjM,happy
260Ub1Yuj4CobdISTOBvM9,Wet Dream,Wet Leg,Wet Leg,2022-04-08,68,140080,https://open.spotify.com/track/260Ub1Yuj4CobdISTOBvM9,happy
71DSaeKtXQaMAqnvMT7Uoc,Mona Lisa,Dominic Fike,Sunburn,2023-07-07,66,186066,https://open.spotify.com/track/71DSaeKtXQaMAqnvMT7Uoc,happy
4Z2zWAUN9YVxHkZXS7s1KE,Beach Boy,BENEE,Lychee,2022-03-04,53,192694,https://open.spotify.com/track/4Z2zWAUN9YVxHkZXS7s1KE,happy
51O8EYlnutNjVvFLIE4e2b,Mrs. Summer,Snazzy,Mrs. Summer,2025-05-14,53,165423,https://open.spotify.com/track/51O8EYlnutNjVvFLIE4e2b,happy
6Wm9TyKk0lsHHT6HBrBczM,Espresso,"Bleu Azur, Bea Go",Espresso,2025-08-20,49,175384,https://open.spotify.com/track/6Wm9TyKk0lsHHT6HBrBczM,happy
4vHNeBWDQpVCmGbaccrRzi,Goodie Bag,Still Woozy,Goodie Bag,2017-11-05,69,146390,https://open.spotify.com/track/4vHNeBWDQpVCmGbaccrRzi,happy
7JgNAnCjJvL8hBR1kmCOFF,Worth It.,RAYE,My 21st Century Blues,2023-02-03,81,246813,https://open.spotify.com/track/7JgNAnCjJvL8hBR1kmCOFF,happy
1z3ulT9OvoGdGjwbIQGw1h,Ocean,"Lost In Pacific, TALI",Ocean,2024-12-18,53,133928,https://open.spotify.com/track/1z3ulT9OvoGdGjwbIQGw1h,happy
1Efuhe5pbP6oBeBZ9VbGw8,Toxic,FRENCHGRL,Toxic,2024-06-12,46,158961,https://open.spotify.com/track/1Efuhe5pbP6oBeBZ9VbGw8,happy
3zIyOzZR70dOjAI1OPom7W,Burn For You,Two Muses After,Burn For You,2024-06-26,48,152322,https://open.spotify.com/track/3zIyOzZR70dOjAI1OPom7W,happy
0L3XCv9i9IHs8cJEVhsJ3J,More Than A Woman - SG's Paradise Edit,"Bee Gees, SG Lewis",More Than A Woman (SG's Paradise Edit),2021-06-25,65,357936,https://open.spotify.com/track/0L3XCv9i9IHs8cJEVhsJ3J,happy
7snltzeGB2v44Qb6Qvh9Um,Problemz,Jungle,Volcano,2023-08-11,62,184086,https://open.spotify.com/track/7snltzeGB2v44Qb6Qvh9Um,happy
0mpkpO26XkXjT5t3vyl8PA,5th Avenue,Trinix,5th Avenue,2022-04-29,54,184888,https://open.spotify.com/track/0mpkpO26XkXjT5t3vyl8PA,happy
7j1LaDo4yc84aySDuWcSXd,The Sun,"Myd, JAWNY",Born a Loser (Deluxe Edition),2022-11-22,38,159426,https://open.spotify.com/track/7j1LaDo4yc84aySDuWcSXd,happy
0tZkVZ9DeAa0MNK2gY5NtV,Baby I'm Yours,"Breakbot, Irfane",By Your Side,2012-09-17,67,215506,https://open.spotify.com/track/0tZkVZ9DeAa0MNK2gY5NtV,happy
5dwTDs7oHx1HFm2npdddgH,Amour & Vinaigre,Majeur Mineur,Amour & Vinaigre,2025-02-28,49,128155,https://open.spotify.com/track/5dwTDs7oHx1HFm2npdddgH,happy
1vMGIZbIkpaLSagdF2ygcV,Music Sounds Better with You,NEIL FRANCES,Music Sounds Better with You,2017-07-21,68,198305,https://open.spotify.com/track/1vMGIZbIkpaLSagdF2ygcV,happy
5o6SMJaMQqDdG21ypMH6js,My Love,Moment in Time,My Love,2023-12-20,46,146337,https://open.spotify.com/track/5o6SMJaMQqDdG21ypMH6js,happy
3QtNPpwrajozNB5AORHYzP,Take You Higher,LEISURE,Sunsetter,2021-12-03,63,228853,https://open.spotify.com/track/3QtNPpwrajozNB5AORHYzP,happy
3lUQpvfWFcxZC3RYAVGE7F,I Feel Good,Pink Sweat$,I Feel Good,2021-10-15,57,136058,https://open.spotify.com/track/3lUQpvfWFcxZC3RYAVGE7F,happy
7aXPP2PcgYed5TYEC0JHIF,Midnight Feelings,Nounours,Midnight Feelings,2023-05-24,41,145454,https://open.spotify.com/track/7aXPP2PcgYed5TYEC0JHIF,happy
2XWV1kIh4nth7BbpUjd371,Keep On Trying,"Mizmo, Roundrobin",Keep On Trying,2022-04-22,44,190656,https://open.spotify.com/track/2XWV1kIh4nth7BbpUjd371,happy
1SgUjGzbmmMOsGFTVwQ59L,seaside_demo,SEB,seaside_demo,2021-05-17,60,132000,https://open.spotify.com/track/1SgUjGzbmmMOsGFTVwQ59L,happy
48ZVI4VYa24tjRVG4hiZvn,New Day,"LissA, Moglii",New Day,2025-10-03,48,143818,https://open.spotify.com/track/48ZVI4VYa24tjRVG4hiZvn,happy
38XLUjlR84JEwK0SOvX77a,Let's go to Hell,Tai Verdes,Let's go to Hell,2021-11-03,48,152181,https://open.spotify.com/track/38XLUjlR84JEwK0SOvX77a,happy
16frIpnyUb9poRwQxQTmaC,Come With Me,"Surfaces, salem ilese",Pacifico,2021-06-25,1,209732,https://open.spotify.com/track/16frIpnyUb9poRwQxQTmaC,happy
61OJxhoY3Ix50rYVKo8zRK,Can I Call You Tonight?,Dayglow,Fuzzybrain,2019-11-14,75,278769,https://open.spotify.com/track/61OJxhoY3Ix50rYVKo8zRK,happy
28EhQLzjlwo6PreN9WJxHq,Dream With Me,Snazzy,"For Now, Vol. 1",2025-04-09,47,128451,https://open.spotify.com/track/28EhQLzjlwo6PreN9WJxHq,happy
7j3zZ2jAjzFD60UjhldhHo,I've Been In Love,"Jungle, Channel Tres",Volcano,2023-08-11,68,169472,https://open.spotify.com/track/7j3zZ2jAjzFD60UjhldhHo,happy
0o6HQPoHbOrXpBM1L2yKLV,danse avec moi...,Two Muses After,danse avec moi...,2023-06-21,47,165880,https://open.spotify.com/track/0o6HQPoHbOrXpBM1L2yKLV,happy
7nkxIKWh0PQYwYcKmwt1Fj,Highly Functioning,"Panta Ray, Leonel P, Anna-Sophia Henry",Highly Functioning,2022-04-08,47,219637,https://open.spotify.com/track/7nkxIKWh0PQYwYcKmwt1Fj,happy
7nqeKUkuQb3pIiNUas2FEV,Clocks,"Alex Baker, Sahara Moon",Clocks,2023-07-12,61,230400,https://open.spotify.com/track/7nqeKUkuQb3pIiNUas2FEV,happy
0KgNLxs2ODFscK6x7TxN0U,Drifting,Gentle Blue,Drifting,2025-07-02,39,149708,https://open.spotify.com/track/0KgNLxs2ODFscK6x7TxN0U,happy
7FxjNZ1oOSlhLjsT7TghYR,Sunchaser,Arc De Soleil,Sunchaser,2025-02-21,46,214188,https://open.spotify.com/track/7FxjNZ1oOSlhLjsT7TghYR,happy
3GNP7F9bggyDb6uJppiUev,Midnight Groove,DÏVÄG,Midnight Groove,2025-10-15,41,165000,https://open.spotify.com/track/3GNP7F9bggyDb6uJppiUev,happy
0deK1kN7aBhfhCy0BEoN1G,Riders Of The Moon,Arc De Soleil,Riders Of The Moon,2025-05-16,49,199893,https://open.spotify.com/track/0deK1kN7aBhfhCy0BEoN1G,happy
4AfGJPK64DlMAy86TtTVUa,Yebba's Heartbreak (I Do),PLÜM,Yebba's Heartbreak (I Do),2023-04-26,65,145000,https://open.spotify.com/track/4AfGJPK64DlMAy86TtTVUa,happy
00dAUElofoVRvDw8zNS9IW,No Fire,Triomphe,No Fire,2025-03-12,50,185546,https://open.spotify.com/track/00dAUElofoVRvDw8zNS9IW,happy
7L3AkxTIVosuV9q251kjfC,Here Comes The Sun,TEEMID,Here Comes The Sun,2023-07-14,55,145161,https://open.spotify.com/track/7L3AkxTIVosuV9q251kjfC,happy
5hvznt8954z2jvpp5pAIDC,Just the Two of Us,Bleu Azur,Just the Two of Us,2024-01-31,49,136088,https://open.spotify.com/track/5hvznt8954z2jvpp5pAIDC,happy
3gHqqfGzGlA6AomepHu4zj,Roches blanches,Mizmo,Roches blanches,2021-04-30,55,156298,https://open.spotify.com/track/3gHqqfGzGlA6AomepHu4zj,happy
7Cz7380pHAT02HQGSeeibY,Sunshine After Rain,"LissA, Moglii",Sunshine After Rain,2025-04-16,59,147497,https://open.spotify.com/track/7Cz7380pHAT02HQGSeeibY,happy
76dIZzTdrNO15mGBrU3MHi,One Kiss (with Dua Lipa),"Calvin Harris, Dua Lipa",96 Months,2024-08-08,73,214846,https://open.spotify.com/track/76dIZzTdrNO15mGBrU3MHi,happy
45uwWuhL7nNamSKw3DnpQl,Fever,"heylucas, Nina Carr",Fever,2021-06-15,61,173411,https://open.spotify.com/track/45uwWuhL7nNamSKw3DnpQl,happy
34SOfQtPs3l7MdA2qboT7Q,I Follow,Tom Kha,I Follow,2025-10-22,40,121935,https://open.spotify.com/track/34SOfQtPs3l7MdA2qboT7Q,happy
1qtiESAzfGMw3YqJvI97ki,Lightenup,Parcels,Parcels,2018-10-12,70,237227,https://open.spotify.com/track/1qtiESAzfGMw3YqJvI97ki,happy
1kXFAvglQfFf7qyCJO15Dw,Rather Be,Monaldin,Rather Be,2025-09-10,50,154020,https://open.spotify.com/track/1kXFAvglQfFf7qyCJO15Dw,happy
1bE98D49uKNetOyLiaB8tG,Never Walk Alone,"BLOND:ISH, Stevie Appleton",Never Walk Alone,2025-02-14,74,188360,https://open.spotify.com/track/1bE98D49uKNetOyLiaB8tG,happy
6I6QkE2UVSj9YX48oRrD6e,GOOD TIMES,Jungle,GOOD TIMES / PROBLEMZ,2022-05-30,58,181312,https://open.spotify.com/track/6I6QkE2UVSj9YX48oRrD6e,happy
6mb6lVLNrcUgLnEN8QnDJd,How Far I'll Go,"Auli'i Cravalho, Disney",Moana (Original Motion Picture Soundtrack/Deluxe Edition),2016-11-18,74,163386,https://open.spotify.com/track/6mb6lVLNrcUgLnEN8QnDJd,happy
6U4VqEHy4n5VeiH4pQPL24,You're Welcome,"Dwayne Johnson, Disney",Moana (Original Motion Picture Soundtrack/Deluxe Edition),2016-11-18,74,163893,https://open.spotify.com/track/6U4VqEHy4n5VeiH4pQPL24,happy
5ygDXis42ncn6kYG14lEVG,Baby Shark,Pinkfong,Pinkfong Animal Songs,2017-07-27,77,80927,https://open.spotify.com/track/5ygDXis42ncn6kYG14lEVG,happy
3K7xYRXPFDVyen7cZF5Zk2,Get Back Up Again,Anna Kendrick,TROLLS (Original Motion Picture Soundtrack),2016-09-23,63,165773,https://open.spotify.com/track/3K7xYRXPFDVyen7cZF5Zk2,happy
4bAFo6r2ODMDoqM5YHV2gM,I Like To Move It,will.i.am,Madagascar: Escape 2 Africa (Music From The Motion Picture),2008-11-04,72,221466,https://open.spotify.com/track/4bAFo6r2ODMDoqM5YHV2gM,happy
6DE96OoBcJiJXkEJKNksR9,"Dig a Little Deeper - From ""The Princess and the Frog""/Soundtrack Version","Jenifer Lewis, The Pinnacle Gospel Choir",The Princess and the Frog,2009-01-01,0,167933,https://open.spotify.com/track/6DE96OoBcJiJXkEJKNksR9,happy
5b88tNINg4Q4nrRbrCXUmg,"Happy - From ""Despicable Me 2""",Pharrell Williams,G I R L,2014-03-03,5,232720,https://open.spotify.com/track/5b88tNINg4Q4nrRbrCXUmg,happy
7zQFM7bHcyMh4QQFdBkjrE,Baby Beluga,Raffi,Baby Beluga,1980,63,160826,https://open.spotify.com/track/7zQFM7bHcyMh4QQFdBkjrE,happy
6oYkwjI1TKP9D0Y9II1GT7,Under the Sea,"Samuel E. Wright, Disney",The Little Mermaid Special Edition,2006-01-01,68,195146,https://open.spotify.com/track/6oYkwjI1TKP9D0Y9II1GT7,happy
0T4L7WF4M9sEf5ZUbUMBSe,Shake Your Sillies Out,The Wiggles,Yummy Yummy (Classic Wiggles),1994-03-12,0,95706,https://open.spotify.com/track/0T4L7WF4M9sEf5ZUbUMBSe,happy
7tUSJY4nsDBJTjd1UXKRsT,Part of Your World,"Jodi Benson, Disney",The Little Mermaid Special Edition,2006-01-01,67,195493,https://open.spotify.com/track/7tUSJY4nsDBJTjd1UXKRsT,happy
0qxtQ8rf3W1nId3D2r0xH4,I Just Can't Wait to Be King,"Jason Weaver, Rowan Atkinson, Laura Williams",The Lion King,1994-01-01,70,170880,https://open.spotify.com/track/0qxtQ8rf3W1nId3D2r0xH4,happy
2tGgIA04KdLTRRGY5Ndw5w,Old MacDonald Had a Farm,The Countdown Kids,Fun Songs for Kids,2001-01-01,0,125332,https://open.spotify.com/track/2tGgIA04KdLTRRGY5Ndw5w,happy
5k3U0OGYBccHdKJJu3HrUN,Hakuna Matata,"Nathan Lane, Ernie Sabella, Jason Weaver, Joseph Williams",The Lion King,1994-01-01,70,213600,https://open.spotify.com/track/5k3U0OGYBccHdKJJu3HrUN,happy
6kOXFFNTzraDTj6fceHenx,"Let It Go - From ""Frozen""/Soundtrack Version",Idina Menzel,Frozen (Original Motion Picture Soundtrack),2013-01-01,52,223840,https://open.spotify.com/track/6kOXFFNTzraDTj6fceHenx,happy
6nFYXpBgrNcZjbtNEuc6yR,I Am Your Gummy Bear (The Gummy Bear Song),Gummibär,I Am Your Gummy Bear,2007-11-13,63,192226,https://open.spotify.com/track/6nFYXpBgrNcZjbtNEuc6yR,happy
5EbX5xL3O2xT8FxCpYzgUO,"How Far I'll Go - From ""Moana""","Alessia Cara, Disney","How Far I'll Go (From ""Moana"")",2016-10-28,59,175517,https://open.spotify.com/track/5EbX5xL3O2xT8FxCpYzgUO,happy
6YfgINyGYB76E8dZygu4XO,Hot Potato,The Wiggles,Yummy Yummy (Classic Wiggles),1994-03-12,0,81066,https://open.spotify.com/track/6YfgINyGYB76E8dZygu4XO,happy
7HsCmonROWdAi1ZhnAMX5C,"Frozen Heart - From ""Frozen""/Soundtrack Version",Cast - Frozen,Frozen (Original Motion Picture Soundtrack),2013-01-01,43,105293,https://open.spotify.com/track/7HsCmonROWdAi1ZhnAMX5C,happy
2stkLJ0JNcXkIRDNF3ld6c,You've Got a Friend in Me,Randy Newman,Toy Story (Original Motion Picture Soundtrack),1995-01-01,70,124160,https://open.spotify.com/track/2stkLJ0JNcXkIRDNF3ld6c,happy
11g9GgpchfORJxVEYFFDoL,"Do You Want to Build a Snowman? - From ""Frozen""/Soundtrack Version","Kristen Bell, Agatha Lee Monn, Katie Lopez",Frozen (Original Motion Picture Soundtrack),2013-01-01,49,206506,https://open.spotify.com/track/11g9GgpchfORJxVEYFFDoL,happy
2H6cMXx0Kmj6XlbMx4BYi9,Trip,"A2O, A2O MAY, A2O SHIJIE",PAPARAZZI ARRIVE,2025-10-24,44,195946,https://open.spotify.com/track/2H6cMXx0Kmj6XlbMx4BYi9,happy
6btdYzQ8eZFBrOlUKVHuz0,Be Our Guest,"Angela Lansbury, Jerry Orbach, Chorus - Beauty And the Beast, Disney",Beauty and the Beast,1991-01-01,59,224733,https://open.spotify.com/track/6btdYzQ8eZFBrOlUKVHuz0,happy
5E8yddtSG3sH4hw2SfwcgW,Can You Feel the Love Tonight,"Joseph Williams, Sally Dworsky, Nathan Lane, Ernie Sabella, Kristle Edwards",The Lion King,1994-01-01,60,177786,https://open.spotify.com/track/5E8yddtSG3sH4hw2SfwcgW,happy
4w9soAM7IrmYDhSXLp14p6,Peaches,Jack Black,The Super Mario Bros. Movie (Original Motion Picture Soundtrack),2023-04-07,67,95440,https://open.spotify.com/track/4w9soAM7IrmYDhSXLp14p6,happy
3Z0oQ8r78OUaHvGPiDBR3W,Into the Unknown,"Idina Menzel, AURORA",Frozen 2 (Original Motion Picture Soundtrack/Deluxe Edition),2019-11-15,73,194848,https://open.spotify.com/track/3Z0oQ8r78OUaHvGPiDBR3W,happy
3dStFusdsAA8t2Aom7r4R0,Someone You Loved,"A2O, A2O MAY, A2O CHENYU",PAPARAZZI ARRIVE,2025-10-24,46,184226,https://open.spotify.com/track/3dStFusdsAA8t2Aom7r4R0,happy
1IZwCzAmaFmmdJj0cmhaax,Shiny,"Jemaine Clement, Disney",Moana (Original Motion Picture Soundtrack/Deluxe Edition),2016-11-18,64,185466,https://open.spotify.com/track/1IZwCzAmaFmmdJj0cmhaax,happy
7wjiMdiSgsL9Vkrwb10Num,"On My Way - From ""Brother Bear""/Soundtrack Version",Phil Collins,Brother Bear,2003-01-01,60,220293,https://open.spotify.com/track/7wjiMdiSgsL9Vkrwb10Num,happy
0HU5JnVaKNTWf6GykV9Zn8,Circle of Life,"Carmen Twillie, Lebo M.",The Lion King,1994-01-01,63,239146,https://open.spotify.com/track/0HU5JnVaKNTWf6GykV9Zn8,happy
2KI7jwc4PaEMEclXcnI7nv,Five Little Ducks,Super Simple Songs,Baby Shark & More Kids Songs,2017-03-24,0,152224,https://open.spotify.com/track/2KI7jwc4PaEMEclXcnI7nv,happy
663LGTeJco27vlEHFZsy3v,Clap Your Hands,The Kiboomers,150 Preschool Songs,2009-05-01,54,103291,https://open.spotify.com/track/663LGTeJco27vlEHFZsy3v,happy
1SCdGgPJpO3r4e92NhqG6g,No Jonze,Patoranking,No Jonze,2025-10-15,50,157391,https://open.spotify.com/track/1SCdGgPJpO3r4e92NhqG6g,happy
23Ypb2SLgeY2OQxfXHPKLN,"Bibbidi-Bobbidi-Boo - From ""Cinderella"" Soundtrack",Verna Felton,Songs and Story: Cinderella,2009-01-01,44,77973,https://open.spotify.com/track/23Ypb2SLgeY2OQxfXHPKLN,happy
6FJmVOcQPaRYGiJQRIpWAL,"I Wan'na Be Like You (The Monkey Song) - From ""The Jungle Book"" / Soundtrack Version","Louis Prima, Phil Harris, Bruce Reitherman",Songs and Story: The Jungle Book,2014-01-01,50,278346,https://open.spotify.com/track/6FJmVOcQPaRYGiJQRIpWAL,happy
4Xbotg4PCLJw9cDx2dtZLK,Some Things Never Change,"Kristen Bell, Idina Menzel, Josh Gad, Jonathan Groff, Cast of Frozen 2",Frozen 2 (Original Motion Picture Soundtrack/Deluxe Edition),2019-11-15,64,209964,https://open.spotify.com/track/4Xbotg4PCLJw9cDx2dtZLK,happy
4dT14t0kG0bPlHzAp2Sx9k,"In Summer - From ""Frozen""/Soundtrack Version",Josh Gad,Frozen (Original Motion Picture Soundtrack),2013-01-01,52,110986,https://open.spotify.com/track/4dT14t0kG0bPlHzAp2Sx9k,happy
5BEItY9of9nR4zj51JO0jU,Prince Ali (Reprise),"Jonathan Freeman, Disney",Aladdin (Original Motion Picture Soundtrack),1992-01-01,47,67653,https://open.spotify.com/track/5BEItY9of9nR4zj51JO0jU,happy
19A7srqQSXoW14muGyiHjg,BOSS - English Ver.,"A2O, A2O MAY",PAPARAZZI ARRIVE,2025-10-24,43,175746,https://open.spotify.com/track/19A7srqQSXoW14muGyiHjg,happy
1Tt7zr1yDbKbT8L4jzSZ74,When I Am Older,Josh Gad,Frozen 2 (Original Motion Picture Soundtrack/Deluxe Edition),2019-11-15,64,111452,https://open.spotify.com/track/1Tt7zr1yDbKbT8L4jzSZ74,happy
0sXJUHfwsocaJaLM5osoWX,Beauty and the Beast,Emma Thompson,Beauty and the Beast (Original Motion Picture Soundtrack/Deluxe Edition),2017-03-10,52,199509,https://open.spotify.com/track/0sXJUHfwsocaJaLM5osoWX,happy
7hH6xRAqH9yCkPfRVDGHrt,Wall Flowers,POW,Wall Flowers,2025-09-29,55,180000,https://open.spotify.com/track/7hH6xRAqH9yCkPfRVDGHrt,happy
7EA9SlGReyET1cYHIeFbIH,"The Bare Necessities (Reprise) - From ""The Jungle Book""/Soundtrack Version","Sebastion Cabot, Phil Harris",The Jungle Book Original Soundtrack (English Version),1997-01-01,0,54480,https://open.spotify.com/track/7EA9SlGReyET1cYHIeFbIH,happy
506nvAQgHmkGd13ipZuBwo,A Whole New World,"Lea Salonga, Brad Kane, Disney",Aladdin: Special Edition Soundtrack,2004-01-01,41,160800,https://open.spotify.com/track/506nvAQgHmkGd13ipZuBwo,happy
5ZkAx8zjLiSs1nMmBwJoZS,"When Can I See You Again? - From ""Wreck-It Ralph""/Soundtrack Version",Owl City,Wreck-It Ralph,2012-01-01,67,218093,https://open.spotify.com/track/5ZkAx8zjLiSs1nMmBwJoZS,happy
0II9l1sI3Mo9XKaszKfizl,"When We're Human - From ""The Princess and the Frog""/Soundtrack Version","Michael-Leon Wooley, Bruno Campos, Anika Noni Rose, Terence Blanchard",The Princess and the Frog,2009-01-01,0,142093,https://open.spotify.com/track/0II9l1sI3Mo9XKaszKfizl,happy
5f2TWu6R2YYCJtLQ0fP78H,Friend Like Me,Will Smith,Aladdin (Original Motion Picture Soundtrack),2019-05-22,66,155531,https://open.spotify.com/track/5f2TWu6R2YYCJtLQ0fP78H,happy
2dlxN435ZY9ruxGYND2Hq0,"Almost There - From ""The Princess and the Frog"" / Soundtrack Version",Anika Noni Rose,The Princess and the Frog,2009-01-01,0,144426,https://open.spotify.com/track/2dlxN435ZY9ruxGYND2Hq0,happy
4QiUN7Xquwdkz2Na700Wwv,Take My Hand,Will Roush,Water We Doing?,2025-09-17,41,193500,https://open.spotify.com/track/4QiUN7Xquwdkz2Na700Wwv,happy
2NtrTPwgjK6nLefb8icrue,Open Shut Them,Super Simple Songs,Twinkle Twinkle Little Star & More Kids Songs,2017-03-24,0,142794,https://open.spotify.com/track/2NtrTPwgjK6nLefb8icrue,happy
5n5IxMcG2oV8IOzklsW6Vd,Party Freeze Dance Song,The Kiboomers,Freeze Dance Songs for Learning,2016-12-05,56,128627,https://open.spotify.com/track/5n5IxMcG2oV8IOzklsW6Vd,happy
1bHnRc60O1N0l3PbHjaKyK,Better Place (From TROLLS Band Together),"*NSYNC, Justin Timberlake",Better Place (From TROLLS Band Together),2023-09-29,63,216670,https://open.spotify.com/track/1bHnRc60O1N0l3PbHjaKyK,happy
1R2dxgvv9DLFAdpNJX72pN,Head Shoulders Knees and Toes,Nursery Rhymes,Children's Favourites,2015-11-15,37,45416,https://open.spotify.com/track/1R2dxgvv9DLFAdpNJX72pN,happy
4V1Sh9Y2z6e8HpzNOet5rC,PAPARAZZI ARRIVE - English Ver.,"A2O, A2O MAY",PAPARAZZI ARRIVE,2025-10-24,55,173413,https://open.spotify.com/track/4V1Sh9Y2z6e8HpzNOet5rC,happy
7EZN8D5xZme75gJoPw4rBI,Sleeping Bunnies,LooLoo Kids,"The Best Songs for Kids, Vol. 1",2018-04-02,49,113062,https://open.spotify.com/track/7EZN8D5xZme75gJoPw4rBI,happy
3HoMLZMs2Fn9HuYOIzhGqt,"When Will My Life Begin? - From ""Tangled"" / Soundtrack Version",Mandy Moore,Songs and Story: Tangled,2011-10-18,44,151293,https://open.spotify.com/track/3HoMLZMs2Fn9HuYOIzhGqt,happy
6rup3MnFORKLyVwn10k2uO,Row Row Your Boat (Merrily),Children's Music,Children's Favourites,2015,58,52250,https://open.spotify.com/track/6rup3MnFORKLyVwn10k2uO,happy
2d85Zcuzp4zMrSZS19qHnS,Wiggy Wiggles Freeze Dance,Hap Palmer,Two Little Sounds - Fun with Phonics and Numbers,2004-01-01,43,97200,https://open.spotify.com/track/2d85Zcuzp4zMrSZS19qHnS,happy
0mIdphqftxR9uyxudOukWZ,We're Going on a Lion Hunt,The Kiboomers,150 Preschool Songs,2009-05-01,53,200840,https://open.spotify.com/track/0mIdphqftxR9uyxudOukWZ,happy
3BaEKTqmjehu2qMDcv4UGk,Everything Is AWESOME!!! (feat. The Lonely Island),"Tegan and Sara, The Lonely Island",The Lego® Movie: Original Motion Picture Soundtrack,2014-02-04,0,163423,https://open.spotify.com/track/3BaEKTqmjehu2qMDcv4UGk,happy
30ZfTczCwmriqccBpeWn1x,Outland,"YNG BNZO, Ku$h Drifter",Outland,2024-12-20,33,264007,https://open.spotify.com/track/30ZfTczCwmriqccBpeWn1x,happy
7toIqSTfa9Phsmu2hKwTyx,Slippery Fish,Amy Liz,Kid Hits,2011-12-12,60,103493,https://open.spotify.com/track/7toIqSTfa9Phsmu2hKwTyx,happy
6d3edMXJpns1A0zGKkmlGw,Move Your Feet / D.A.N.C.E. / It's A Sunshine Day,"Anna Kendrick, Gwen Stefani, James Corden, Ron Funches, Walt Dohrn, Caroline Hjelt, Aino Jawo, Kunal Nayyar",TROLLS (Original Motion Picture Soundtrack),2016-09-23,61,156493,https://open.spotify.com/track/6d3edMXJpns1A0zGKkmlGw,happy
0grxFyenxR3OYMdIhxRzJ6,Hot Dog!,They Might Be Giants (For Kids),Here Come the 123s,2008,50,149040,https://open.spotify.com/track/0grxFyenxR3OYMdIhxRzJ6,happy
2Ls4QknWvBoGSeAlNKw0Xj,Y.M.C.A.,The Minions,Despicable Me 2 (Original Motion Picture Soundtrack),2013-06-18,0,175291,https://open.spotify.com/track/2Ls4QknWvBoGSeAlNKw0Xj,happy
7ciTZoxqPMMvxJLNiFZDTH,We Go Together,"Alexandre Desplat, The Sausage Factory Singers",The Secret Life of Pets (Original Motion Picture Soundtrack),2016-07-01,0,84080,https://open.spotify.com/track/7ciTZoxqPMMvxJLNiFZDTH,happy
7mdkjzoIYlf1rx9EtBpGmU,Hard 2 Find,"Riff Raff, Mike G",Hard 2 Find,2025-10-31,39,153142,https://open.spotify.com/track/7mdkjzoIYlf1rx9EtBpGmU,happy
3IPnBzGRMg6BfViFxxa0Gq,"Love Is an Open Door - From ""Frozen""/Soundtrack Version","Kristen Bell, Santino Fontana",Frozen (Original Motion Picture Soundtrack / Deluxe Edition),2013-01-01,68,124733,https://open.spotify.com/track/3IPnBzGRMg6BfViFxxa0Gq,happy
2GYwPKUR3skT704Xnu5fis,Itsy Bitsy Spider,Caspar Babypants,More Please!,2009-11-17,42,116720,https://open.spotify.com/track/2GYwPKUR3skT704Xnu5fis,happy
56haYHLheHNq7yz4hYUx7A,Down By the Bay,Kim Mitzo Thompson,Down By the Bay,2013-01-09,35,80433,https://open.spotify.com/track/56haYHLheHNq7yz4hYUx7A,happy
4DzyW03YPAmvZ3s8xSXKXI,Do Your Ears Hang Low?,The Kiboomers,Toddler Dance Songs,2013-05-07,36,108866,https://open.spotify.com/track/4DzyW03YPAmvZ3s8xSXKXI,happy
6Tq0qQUFrBbrF016DC1DeY,"Don't Worry, Be Happy (From ""Wall-E"")",TMC Movie Tunez,Ultimate Songs from Kids Movies & Family Favourites,2014-03-03,0,227795,https://open.spotify.com/track/6Tq0qQUFrBbrF016DC1DeY,happy
5cnZ0QltVk3c2kQymkBc1R,VAPOREON,"YNG BNZO, Ku$h Drifter",VAPOREON,2025-02-14,36,136050,https://open.spotify.com/track/5cnZ0QltVk3c2kQymkBc1R,happy
6Hkd95mjIbWyL97rtTAigl,Baby Shark 1.5x,Pinkfong,Baby Shark Special,2017-12-13,58,72247,https://open.spotify.com/track/6Hkd95mjIbWyL97rtTAigl,happy
4c5TBUUCxSbfxoiLbaXVeG,Bob The Builder’s - Mambo No.5 Theme,The Hoopty Do’s,Kids Road Trip Vol.1 - Favourite TV Themes,2002,0,216773,https://open.spotify.com/track/4c5TBUUCxSbfxoiLbaXVeG,happy
5gg8RynvlcRb9e96nFHgrq,Fruit Salad,The Wiggles,Hit Songs & Rarities,2012-10-26,0,148066,https://open.spotify.com/track/5gg8RynvlcRb9e96nFHgrq,happy
6cjt26MPeceXYuPuNRf7XW,Walking Walking,Super Simple Songs,The Bath Song & More Kids Songs,2017-03-24,0,93405,https://open.spotify.com/track/6cjt26MPeceXYuPuNRf7XW,happy
4kWUwbf0KeT3mRmodSeMfk,Wheels on the Bus,CoComelon,"Cocomelon Kids Hits, Vol. 1",2019-11-26,0,208041,https://open.spotify.com/track/4kWUwbf0KeT3mRmodSeMfk,happy
6SXIVHuUeBtKK6OWjE9Qz6,Animal Freeze Dance Song,The Kiboomers,Freeze Dance Songs for Learning,2016-12-05,54,132333,https://open.spotify.com/track/6SXIVHuUeBtKK6OWjE9Qz6,happy
0oFzsGRIzjGaHfTZTSCBlW,Drivin' in My Car,Ralph's World,Ralph's World,2015-07-06,57,169440,https://open.spotify.com/track/0oFzsGRIzjGaHfTZTSCBlW,happy
5o9AeVzzYjWyxem3qd60i3,"Zoom, Zoom We're Going to the Moon",The Kiboomers,150 Preschool Songs,2009-05-01,56,93920,https://open.spotify.com/track/5o9AeVzzYjWyxem3qd60i3,happy
0PursvcXaOfKR79VxOOSDV,If All Of The Raindrops,Old Town School of Folk Music,Songs for Wiggleworms,2004-05-11,0,74933,https://open.spotify.com/track/0PursvcXaOfKR79VxOOSDV,happy
76IFAYw4vhWJxvaDDiEFOp,Freeze Dance,Happy Tunes,Happy Birthday: Party Time,2008,44,122033,https://open.spotify.com/track/76IFAYw4vhWJxvaDDiEFOp,happy
36ojJplD0EWqjpHkNMu9pq,Icky Sticky Bubble Gum,David Landau,Kids and Kitties,2005-02-11,61,128253,https://open.spotify.com/track/36ojJplD0EWqjpHkNMu9pq,happy
4bhX85fxOd0E2UtOJcg7TN,Going On A Bear Hunt,Denise Gagne,Musicplay Grade 1 Greatest Hits (Part 2),2011-06-17,53,183745,https://open.spotify.com/track/4bhX85fxOd0E2UtOJcg7TN,happy
4nF2XnuskfFZPOaOnyyxEx,Synthmania,"YNG BNZO, Ku$h Drifter",Synthmania,2024-12-13,30,141120,https://open.spotify.com/track/4nF2XnuskfFZPOaOnyyxEx,happy
1rS4UtjhT4A4g1EILBmHfH,Action Song,The Singing Walrus,The Singing Walrus Song Collection #2,2016-09-06,43,222483,https://open.spotify.com/track/1rS4UtjhT4A4g1EILBmHfH,happy
54dl92HCkG2o56mYNRfekm,Skip To My Lou,Children's Music,Children's Favourites,2015,36,46968,https://open.spotify.com/track/54dl92HCkG2o56mYNRfekm,happy
3EBvkRP3jtM9RbwjAO7Xju,Elephants Have Wrinkles,Rock 'n' Rainbow,Let's Boogie!,2015-03-17,42,125866,https://open.spotify.com/track/3EBvkRP3jtM9RbwjAO7Xju,happy
1eRhg0Op88eW3ohKAblWc8,Ring Around the Rosie,Children's Music,Children's Favourites,2015,35,51500,https://open.spotify.com/track/1eRhg0Op88eW3ohKAblWc8,happy
2v4Tr06c6pj4omEgluFfIh,The Finger Family (Daddy Finger),Muffin Songs,70 Best Kids Songs with Muffin Songs,2015-10-12,63,63570,https://open.spotify.com/track/2v4Tr06c6pj4omEgluFfIh,happy
0vzG5oTY4vCG6hFANTpqYu,Monkey,Pinkfong,Animal Songs 2,2017-12-08,36,69705,https://open.spotify.com/track/0vzG5oTY4vCG6hFANTpqYu,happy
5eVSOpZbYSutAgrLyqKvq3,We're Going on a Bear Hunt,The Kiboomers,Kids Songs for Back to School,2017-07-18,50,199743,https://open.spotify.com/track/5eVSOpZbYSutAgrLyqKvq3,happy
3Jui3TOVXgDCYeVa3sS28C,Better When I'm Dancin',Meghan Trainor,The Peanuts Movie - Original Motion Picture Soundtrack,2015-10-23,40,176266,https://open.spotify.com/track/3Jui3TOVXgDCYeVa3sS28C,happy
0mb7btREdC3wuIUmuVRgWn,"I'm Still Standing - From ""Sing"" Original Motion Picture Soundtrack",Taron Egerton,Sing (Original Motion Picture Soundtrack / Deluxe),2016-12-09,67,187853,https://open.spotify.com/track/0mb7btREdC3wuIUmuVRgWn,happy
7wVZ2eKRUjQQoIfHzCAUwd,"Sunshine, Lollipops And Rainbows - Re-Recording",Lesley Gore,The Sunshine Collection,2002-08-01,36,95680,https://open.spotify.com/track/7wVZ2eKRUjQQoIfHzCAUwd,happy
3fthfkkvy9av3q3uAGVf7U,Shake It Off,Taylor Swift,1989 (Deluxe Edition),2014-10-27,50,219200,https://open.spotify.com/track/3fthfkkvy9av3q3uAGVf7U,happy
2D3Ipk7arjd1WYq6zRt4eg,Yellow Submarine,Rockabye Baby!,More Lullaby Renditions of the Beatles,2009-01-09,39,174013,https://open.spotify.com/track/2D3Ipk7arjd1WYq6zRt4eg,happy
421eObjg0DTm2qajJl5OJm,Into the Unknown - Panic! At The Disco Version,Panic! At The Disco,Frozen 2 (Original Motion Picture Soundtrack/Deluxe Edition),2019-11-15,59,189132,https://open.spotify.com/track/421eObjg0DTm2qajJl5OJm,happy
2vKqdZMwcalLuCBFkG45vA,"Real Gone - From ""Cars""/Soundtrack Version",Sheryl Crow,Cars (Versión de Colección),2006-06-06,0,200733,https://open.spotify.com/track/2vKqdZMwcalLuCBFkG45vA,happy
37He57IJo7gkUUHqmn0N6I,Alphabet Song,Abc Alphabet Sounds App,Alphabet Song - Single,2011-04-28,36,49933,https://open.spotify.com/track/37He57IJo7gkUUHqmn0N6I,happy
3bz6iGA0InGJGZU0Y2qEiX,For The First Time In Forever,"Kristen Bell, Idina Menzel",Frozen (Original Motion Picture Soundtrack),2013-01-01,0,225080,https://open.spotify.com/track/3bz6iGA0InGJGZU0Y2qEiX,happy
7n70tzvZDfdAL1j9XqsAbH,PAW Patrol Opening Theme,PAW Patrol,PAW Patrol Official Theme Song & More,2013,0,40593,https://open.spotify.com/track/7n70tzvZDfdAL1j9XqsAbH,happy
2Ea1iuiNtpR9BcFlQYRE5d,Axel F,Crazy Frog,Crazy Hits,2005-08-04,0,172695,https://open.spotify.com/track/2Ea1iuiNtpR9BcFlQYRE5d,happy
3mXOoFswXWtqAR8vAYUtBG,PAW Patrol Pup Pup Boogie,PAW Patrol,PAW Patrol Official Theme Song & More,2013,0,99176,https://open.spotify.com/track/3mXOoFswXWtqAR8vAYUtBG,happy
6bb8PPHBSrV06tvXIxhh8X,I'm Bringing Home a Baby Bumblebee,"Little Playdates, Jennifer Ivester",Little Friends,2006-02-28,35,78786,https://open.spotify.com/track/6bb8PPHBSrV06tvXIxhh8X,happy
3zpbWaTHZutGOjT4S4CuUq,The Duck Song,Bryant Oden,The Duck Song (The Duck And The Lemonade Stand),2009-04-21,46,191733,https://open.spotify.com/track/3zpbWaTHZutGOjT4S4CuUq,happy
7nQbtErv3NmiMMYKfjJu0j,Skidamarink,Super Simple Songs,Twinkle Twinkle Little Star & More Kids Songs,2017-03-24,68,139058,https://open.spotify.com/track/7nQbtErv3NmiMMYKfjJu0j,happy
1WpeCc2avUIfptKLqartG2,Popcorn,Crazy Frog,Crazy Hits,2005-08-04,0,192287,https://open.spotify.com/track/1WpeCc2avUIfptKLqartG2,happy
6BqdNDLZ3Pdcly46pu6nwj,I Am A Gummy Bear - The Gummy Bear Song,Gummibär,Tha 'mai Kalo Paidi (I Am A Gummy Bear),2009,0,190200,https://open.spotify.com/track/6BqdNDLZ3Pdcly46pu6nwj,happy
72Lo8CwVosyInkViXWPVrh,Five Little Monkeys,Pinkfong,Pinkfong & Hogi Sing-Along,2025-04-18,52,124543,https://open.spotify.com/track/72Lo8CwVosyInkViXWPVrh,happy
69WlhkemuX4ZE8yJh6w9ta,Like A Sponge,"Spongebob Squarepants, Nickelodeon, CHLLER",Nautical Nonsense: 25th Anniversary Tribute Album,2025-04-18,35,169000,https://open.spotify.com/track/69WlhkemuX4ZE8yJh6w9ta,happy
6qKr5DEHMhyD8HugUyD19C,Roll Call,"Thomas & Friends, Mattel",Thomas & Friends: All Star Tracks,2011-04-10,52,75856,https://open.spotify.com/track/6qKr5DEHMhyD8HugUyD19C,happy
66QngXG93miT8fkSBUGawc,She Doesn’t Mind,"Magic Juice, J R, Afro Queen",She Doesn’t Mind,2025-02-21,47,147500,https://open.spotify.com/track/66QngXG93miT8fkSBUGawc,happy
4ODbxG2eUII8zr1Z6TEdse,Young And Beautiful,"Make it Maks, Danna Max, PACANI",Young And Beautiful,2024-11-27,54,209500,https://open.spotify.com/track/4ODbxG2eUII8zr1Z6TEdse,happy
06d69nUor892LIyTx5dOnz,Jungle,"beyondlight., Catching Sunrises",Jungle,2024-08-10,21,155357,https://open.spotify.com/track/06d69nUor892LIyTx5dOnz,happy
6uJYg3q03qJCGg9fNgumYo,Faded,"Goodscandal, T'art, May Zoean",Faded,2024-04-12,40,137948,https://open.spotify.com/track/6uJYg3q03qJCGg9fNgumYo,happy
4BJ83GHwyDFvw0HQfjOK1s,Body,Badscandal,Body,2024-11-29,58,148000,https://open.spotify.com/track/4BJ83GHwyDFvw0HQfjOK1s,happy
4HaNiw0Pp27kILK3DbGb6m,Space Song,"Mayvee, Marin Hoxha",Space Song,2024-09-27,16,175161,https://open.spotify.com/track/4HaNiw0Pp27kILK3DbGb6m,happy
1X6t0aOYAUSw2oQ1wmJQrC,Stay,"Blrrdpctrs, Catching Sunrises",Stay,2024-07-19,19,124801,https://open.spotify.com/track/1X6t0aOYAUSw2oQ1wmJQrC,happy
20OH7wRKCLelkw3J0bl5Oo,How Deep Is Your Love,"MetaBoy, Afro Queen, Izabela",How Deep Is Your Love,2024-11-08,57,149500,https://open.spotify.com/track/20OH7wRKCLelkw3J0bl5Oo,happy
1srEf7bf95tk85fkvPawB4,Hymn For The Weekend (Afro Mix),"Cale, HALUNA, Afro Queen",Hymn For The Weekend (Afro Mix),2024-12-06,42,145555,https://open.spotify.com/track/1srEf7bf95tk85fkvPawB4,happy
4kB9KJxBj9Bw59lWQqd24u,Adore You,"T'art, Jess Taggart",Adore You,2024-10-12,18,160000,https://open.spotify.com/track/4kB9KJxBj9Bw59lWQqd24u,happy
5bH36Z6xgdVpDNLPUjDFVS,Mwaki,"Zerb, Sofiya Nzau",Mwaki (Tiësto's VIP Mix),2023-12-29,18,208135,https://open.spotify.com/track/5bH36Z6xgdVpDNLPUjDFVS,happy
2Z71BlrnxH7HvV3iFXsL0D,We Found Love,"BONIIL, Elle Blue, Afro Queen",We Found Love,2024-11-25,43,142500,https://open.spotify.com/track/2Z71BlrnxH7HvV3iFXsL0D,happy
4AXUWmQcDpRpULGY5ge6aV,Mind,"millforlife, Kajo",Mind,2024-10-18,57,132022,https://open.spotify.com/track/4AXUWmQcDpRpULGY5ge6aV,happy
2fr3zUXQFLztUhpfBu6Wpq,Last Night,Rivo,Last Night,2024-10-11,71,222786,https://open.spotify.com/track/2fr3zUXQFLztUhpfBu6Wpq,happy
0gFz5rnmhfkxutM4hkfUq8,In My Mind,"May Zoean, T'art",In My Mind,2024-07-26,40,146880,https://open.spotify.com/track/0gFz5rnmhfkxutM4hkfUq8,happy
4d3ZnlwQMWkf6jpHJZ19nC,Midnight Sun,"Jan Blomqvist, Natascha Polké",Midnight Sun,2024-09-04,32,204039,https://open.spotify.com/track/4d3ZnlwQMWkf6jpHJZ19nC,happy
2Y8F6VghlLx4lpUSDOTHZK,Dusk Till Dawn,"FMTM, Catching Sunrises",Dusk Till Dawn,2024-05-03,18,170451,https://open.spotify.com/track/2Y8F6VghlLx4lpUSDOTHZK,happy
02YMpD1xbZZzpZbuZNvmD7,Sideways,"Gordo, Drake",DIAMANTE,2024-07-26,67,253770,https://open.spotify.com/track/02YMpD1xbZZzpZbuZNvmD7,happy
2atyQXIPpoNBekvHoVwdcX,Moonlight,"Sherman de Vries, Zebee",Moonlight,2024-05-04,29,173011,https://open.spotify.com/track/2atyQXIPpoNBekvHoVwdcX,happy
4kar5EtR271EvY3FIFsnJP,Makeda,Alice DiMar,Makeda,2024-08-02,52,239878,https://open.spotify.com/track/4kar5EtR271EvY3FIFsnJP,happy
1uMcYjWIrfJ3J7ElVxFXMG,I Adore You,"MetaBoy, DVO, Afro Queen",I Adore You,2024-12-16,51,164000,https://open.spotify.com/track/1uMcYjWIrfJ3J7ElVxFXMG,happy
0HV7B3E5uzevwgj8faXO23,Where Did I Go,"Tinlicker, Felix Raphael",Where Did I Go,2024-08-30,41,251612,https://open.spotify.com/track/0HV7B3E5uzevwgj8faXO23,happy
5hih8IR1CDq87y8W6j1V1N,All Of Me - Afro Mix,"Cale, Afro Queen",All Of Me (Afro Mix),2024-12-18,43,149464,https://open.spotify.com/track/5hih8IR1CDq87y8W6j1V1N,happy
0GTuyzPTs2G0wqFD1trSOw,Phone,"MEDUZA, Sam Tompkins, Em Beihold",Phone,2023-07-07,54,155076,https://open.spotify.com/track/0GTuyzPTs2G0wqFD1trSOw,happy
2tVfNkZHdvZZHO3BWInKEN,Faded,"Boostereo, Veronica Bravo, Afro Queen",Faded,2024-11-01,41,177991,https://open.spotify.com/track/2tVfNkZHdvZZHO3BWInKEN,happy
22oIJRdQwzREbrnrOOqC6F,Deep End,"Rommii, DEV, Cal-A",Deep End,2024-08-15,32,148333,https://open.spotify.com/track/22oIJRdQwzREbrnrOOqC6F,happy
6uflD5CJQvJ5agADZxw50K,Chemicals,"Madism, Thierry Von Der Warth",Chemicals,2024-08-23,47,186589,https://open.spotify.com/track/6uflD5CJQvJ5agADZxw50K,happy
71KYvmtTDxWggYdmJP3tTV,Feel Your Love (Rapture),"Duncan Laurence, Tanishk Bagchi, Ganesh Waghela",Feel Your Love (Rapture),2024-08-23,35,190070,https://open.spotify.com/track/71KYvmtTDxWggYdmJP3tTV,happy
6WbtdsNqsvhZowDvQHh26b,Another Love,"Nair, Project Gemini",Another Love,2024-07-05,17,198974,https://open.spotify.com/track/6WbtdsNqsvhZowDvQHh26b,happy
2Hu7zmAQE8aDtjW3oIKbps,Just Like A Dance,"Ali Bakgor, Marsias",Just Like A Dance,2024-11-22,21,172187,https://open.spotify.com/track/2Hu7zmAQE8aDtjW3oIKbps,happy
76XsgurVtL8tGAjMjXdOza,Lonely (Planet Earth),"Dillon Francis, chloe moriondo",Lonely (Planet Earth),2024-07-19,29,127110,https://open.spotify.com/track/76XsgurVtL8tGAjMjXdOza,happy
2d57oiLdCaAc8zcfByKQ82,Addicted,"CREN, Catching Sunrises",Addicted,2024-08-31,24,150870,https://open.spotify.com/track/2d57oiLdCaAc8zcfByKQ82,happy
6lDg8yp4XNiqqln72dEtsr,Wicked Game,"Alban Chela, Veronica Bravo",Wicked Game,2024-07-19,19,151525,https://open.spotify.com/track/6lDg8yp4XNiqqln72dEtsr,happy
5MZtSCAvjvCoUbJ0a9ljum,Lady,"LANNÉ, Giorgio Gee, Scott Rill",Lady,2020-10-30,0,155267,https://open.spotify.com/track/5MZtSCAvjvCoUbJ0a9ljum,happy
7Dwk4YmBNSqOfRAN7MjQZK,set me free,"Aaron Hibell, Alex Wann",set me free,2024-09-27,67,218360,https://open.spotify.com/track/7Dwk4YmBNSqOfRAN7MjQZK,happy
5PTZJWka2Y6esj5u9AvldQ,Sugar Baby,LYOD,Sugar Baby,2024-09-06,33,156363,https://open.spotify.com/track/5PTZJWka2Y6esj5u9AvldQ,happy
30xZdA4AI2upt7nw6ShGqM,Lose It,"Freaky DJs, LUJANO, L!LY",Lose It,2024-09-13,13,134545,https://open.spotify.com/track/30xZdA4AI2upt7nw6ShGqM,happy
15z2xOc2TLj1ljQK1Bo5S6,Rain,"PARISI, Clementine Douglas",Rain,2024-11-15,41,186997,https://open.spotify.com/track/15z2xOc2TLj1ljQK1Bo5S6,happy
45c9wiUAAYRgbAnBcfPEsk,In My Mind,Lavern,In My Mind,2024-02-23,59,120461,https://open.spotify.com/track/45c9wiUAAYRgbAnBcfPEsk,happy
6xmMQMs6gCDsf2kEXfSt1u,Make You Mine,"beyondlight., Murphy",Make You Mine,2024-07-19,17,159268,https://open.spotify.com/track/6xmMQMs6gCDsf2kEXfSt1u,happy
1mPhj6VWS4BsLQumiXcQXG,Call my name,AVAION,Call my name,2024-02-09,41,174803,https://open.spotify.com/track/1mPhj6VWS4BsLQumiXcQXG,happy
5jEzH49bL7F8px6LVBluvL,Summer Days,AIZZO,Summer Days,2024-11-15,31,212015,https://open.spotify.com/track/5jEzH49bL7F8px6LVBluvL,happy
6QiMlAAWY6CV1ItB9oAgF2,Si Ai - Marshmello & UKAY Remix,"Tayna, Marshmello, UKAY",Si Ai (Marshmello & UKAY Remix),2024-08-02,3,183999,https://open.spotify.com/track/6QiMlAAWY6CV1ItB9oAgF2,happy
4sQ7BGTw2GOnMvtwdCp25R,It Can Be Better Now,"anamē, Welt",Hero / It Can Be Better Now,2024-11-22,35,191379,https://open.spotify.com/track/4sQ7BGTw2GOnMvtwdCp25R,happy
3Z6qOqLlTF1oVlfKmcPNab,Seraph,widerberg,Seraph,2024-03-22,40,249600,https://open.spotify.com/track/3Z6qOqLlTF1oVlfKmcPNab,happy
69WFYs3DrunVbNGnWU9Jsr,Mind,"Alex Martura, MRYN",Mind,2024-11-08,22,177120,https://open.spotify.com/track/69WFYs3DrunVbNGnWU9Jsr,happy
7362RSRNasXinEZ1705jIW,Grey Skies,"Iaco, S3DA, Oscar Corney",Grey Skies,2024-09-12,18,249756,https://open.spotify.com/track/7362RSRNasXinEZ1705jIW,happy
6L3AbPy2MhugXGVi9BoL97,Memories,"Lane Boy, LissA",Memories,2024-06-27,22,140005,https://open.spotify.com/track/6L3AbPy2MhugXGVi9BoL97,happy
0GkrM4KSni09TkKnGJqGJj,Solar Symphony,"22Bullets, Ekko",Solar Symphony,2024-11-22,28,186500,https://open.spotify.com/track/0GkrM4KSni09TkKnGJqGJj,happy
73Ro9Wi19muexSwwV4vTm1,Moments,"D.Polo, Passing Clouds",Moments,2024-11-08,30,147000,https://open.spotify.com/track/73Ro9Wi19muexSwwV4vTm1,happy
2KsmMg0gF3kHJOybu0MajI,Summer Fun,"Freaky DJs, Penubiz, Oly",Summer Fun,2024-10-11,14,197088,https://open.spotify.com/track/2KsmMg0gF3kHJOybu0MajI,happy
0sZMQI6SvNPglR94TaPFt9,Alive,"Freaky DJs, LUJANO, L!LY",Alive,2024-10-04,13,150200,https://open.spotify.com/track/0sZMQI6SvNPglR94TaPFt9,happy
5vjitsTPOBbmnN2j24hlte,I Don’t Wanna,"FIXL, 3M9",I Don’t Wanna,2024-09-20,16,133548,https://open.spotify.com/track/5vjitsTPOBbmnN2j24hlte,happy
3a9RgB8vspsS5tvbo0q3lw,Neverender,"T'art, May Zoean",Neverender,2024-09-13,15,154102,https://open.spotify.com/track/3a9RgB8vspsS5tvbo0q3lw,happy
0aO3SHnRxN0mPlM2WjjmqE,WILDFLOWER,"T'art, Andreea Flavia",WILDFLOWER,2024-09-06,17,127304,https://open.spotify.com/track/0aO3SHnRxN0mPlM2WjjmqE,happy
3iICxIDbJqal1moBz2giSl,My Oh My,"beyondlight., Murphy",My Oh My,2024-09-06,18,154426,https://open.spotify.com/track/3iICxIDbJqal1moBz2giSl,happy
7pvpwxaDupkgJEzYW1Tpzf,Home,"Ryan Blu, Jakob Lande",Home,2024-08-16,15,145920,https://open.spotify.com/track/7pvpwxaDupkgJEzYW1Tpzf,happy
3Lpy5FPhjS8qcmWJCJFrFx,When We Were Young,"Nair, Catching Sunrises",When We Were Young,2024-08-10,17,201290,https://open.spotify.com/track/3Lpy5FPhjS8qcmWJCJFrFx,happy
6WEwUZ22riDuWHFXzkPEMG,One Of The Girls,Nair,One Of The Girls,2024-08-09,14,162875,https://open.spotify.com/track/6WEwUZ22riDuWHFXzkPEMG,happy
4mQYg2yBi5D4RtTmc7qast,Giving Me,"Nair, Catching Sunrises",Giving Me,2024-08-03,14,128588,https://open.spotify.com/track/4mQYg2yBi5D4RtTmc7qast,happy
4xClEfW4g88ojXsbN809J0,Breaking Me,"T'art, Timmy Commerford",Breaking Me,2024-08-02,15,165245,https://open.spotify.com/track/4xClEfW4g88ojXsbN809J0,happy
2xPLPGItrcu6xgUT5NzaPr,Babydoll,"beyondlight., Catching Sunrises",Babydoll,2024-07-27,16,139826,https://open.spotify.com/track/2xPLPGItrcu6xgUT5NzaPr,happy
2kfVGHTyDpfu4Yo1CXnOiK,Broken,"Ben Leuman, Kingsy, Allexno",Broken,2024-07-19,14,147096,https://open.spotify.com/track/2kfVGHTyDpfu4Yo1CXnOiK,happy
62srOpiTZAS76R3T9UEZvi,Afterglow,"BCMP, Alex Kein, Clarees",Afterglow,2024-07-19,18,170624,https://open.spotify.com/track/62srOpiTZAS76R3T9UEZvi,happy
21NeuYqVMCZZtTyhjUG2Z2,My Stupid Heart,"Nair, Murphy",My Stupid Heart,2024-04-18,14,154778,https://open.spotify.com/track/21NeuYqVMCZZtTyhjUG2Z2,happy
5Sl64oouht5YoCokr2U9qe,Meet You,"Van Herpen, FAVIA",Meet You,2024-04-13,15,203604,https://open.spotify.com/track/5Sl64oouht5YoCokr2U9qe,happy
0NHoxlHHqUZ4LIvYA6aLI1,One In A Million,"FMTM, Catching Sunrises",One In A Million,2024-07-06,16,159756,https://open.spotify.com/track/0NHoxlHHqUZ4LIvYA6aLI1,happy
0V76HJgn6h8893syrM1tEW,Mad House,"Ben Leuman, JB RICKY, Jessalyn",Mad House,2024-07-05,29,128225,https://open.spotify.com/track/0V76HJgn6h8893syrM1tEW,happy
6cYYc1WoJJwIQMXxEqLiYF,Havana,"Artesa, Goodscandal, Jasmine Crowe",Havana,2024-06-14,26,119487,https://open.spotify.com/track/6cYYc1WoJJwIQMXxEqLiYF,happy
1zcvl564fS1dFAq2HPnHMO,Fade Away,"tomrees., MAESTRI, LizAnn",Fade Away,2024-06-14,15,167213,https://open.spotify.com/track/1zcvl564fS1dFAq2HPnHMO,happy
4ww9sScscVbpJlpcF4zCEx,Where Are You Now,"FMTM, Timmy Commerford",Where Are You Now,2024-06-07,14,164137,https://open.spotify.com/track/4ww9sScscVbpJlpcF4zCEx,happy
3sTUtMlTdTKvI2OqIsnTm3,Tattoo,"ay-Mill, Holly Terrens",Tattoo,2024-06-07,30,149880,https://open.spotify.com/track/3sTUtMlTdTKvI2OqIsnTm3,happy
5IMeGZoU1lNqe2VQF3bXHD,Where Are You Now,"Konn, V.GIRL",Where Are You Now,2024-06-06,15,142928,https://open.spotify.com/track/5IMeGZoU1lNqe2VQF3bXHD,happy
0ABebuoLjfqxIuh7pTA0Tv,Falling In Love,"Sherman de Vries, Navaro, Leaha, Cymatic Audio, Luigi Society",Falling In Love,2024-05-31,16,158188,https://open.spotify.com/track/0ABebuoLjfqxIuh7pTA0Tv,happy
0ZOLiieFJj50vKiwUScHeo,Without You,"LVCAS WATTER, MRTY, hmny.",Without You,2024-05-24,14,177240,https://open.spotify.com/track/0ZOLiieFJj50vKiwUScHeo,happy
3egcCy6aBhFWna2fqZJEQC,Lose Myself,"LUKA, Severin",Lose Myself,2024-05-17,14,174250,https://open.spotify.com/track/3egcCy6aBhFWna2fqZJEQC,happy
6ZjPGSwQH1I9srKKLacKKh,Living In The Darkness,"Sven and Jeffrey, Almost Weekend, Sam Heselwood",Living In The Darkness,2024-05-10,16,150000,https://open.spotify.com/track/6ZjPGSwQH1I9srKKLacKKh,happy
1mFvzhLbVatFcdxvp2qxQt,Desire,"ZEXTONE, Catching Sunrises",Desire,2024-05-10,29,161951,https://open.spotify.com/track/1mFvzhLbVatFcdxvp2qxQt,happy
5V4TuOw4h9aZDUQqIqOhYu,Infected,"Segah, Reaktive, Goodscandal",Infected,2024-05-03,14,142500,https://open.spotify.com/track/5V4TuOw4h9aZDUQqIqOhYu,happy
72euncylUwxUEKy8pwC1Vo,Leave Us,Goodscandal,Leave Us,2024-04-27,14,145214,https://open.spotify.com/track/72euncylUwxUEKy8pwC1Vo,happy
3QCJcihh6ilbm3y9d1i1xg,Strangers,Konn,Strangers,2024-04-26,15,192000,https://open.spotify.com/track/3QCJcihh6ilbm3y9d1i1xg,happy
46WaHyWcFjSfpwpjAyTuKw,Ocean Drive,"T'art, Catching Sunrises",Ocean Drive,2024-04-26,15,131803,https://open.spotify.com/track/46WaHyWcFjSfpwpjAyTuKw,happy
4qjUn2NPtZg5kVokQvbTYm,My Eyes Your Eyes,"HOMAN, Giorgia Ari",My Eyes Your Eyes,2024-04-20,15,165120,https://open.spotify.com/track/4qjUn2NPtZg5kVokQvbTYm,happy
7DkqM6N7UCFXh8TBsgW0Fk,Love Is Gone,"LexMorris, OANA, Alpha Morris",Love Is Gone,2024-04-20,14,161612,https://open.spotify.com/track/7DkqM6N7UCFXh8TBsgW0Fk,happy
0Z5ELiFPJsVQiFJkw5iakJ,Everything I Wanted,Goodscandal,Everything I Wanted,2024-04-11,17,191000,https://open.spotify.com/track/0Z5ELiFPJsVQiFJkw5iakJ,happy
78zjYIT72Ifd5oMHHoYB4E,Car Keys,"Nair, Nito-Onna",Car Keys,2024-04-19,14,144343,https://open.spotify.com/track/78zjYIT72Ifd5oMHHoYB4E,happy
05SFJTcTuJkcnwneEYy3WJ,Dancing With Your Ghost,beyondlight.,Dancing With Your Ghost,2024-04-12,21,132711,https://open.spotify.com/track/05SFJTcTuJkcnwneEYy3WJ,happy
4QPIQa7CHx5ltl4MV5KYSs,Love Tonight,"T'art, Mayvee",Love Tonight,2024-04-12,19,163333,https://open.spotify.com/track/4QPIQa7CHx5ltl4MV5KYSs,happy
2W96EfjMzf0CQAG8iYtjV2,Crazy What Love Can Do,beyondlight.,Crazy What Love Can Do,2024-04-11,16,146341,https://open.spotify.com/track/2W96EfjMzf0CQAG8iYtjV2,happy
7GFxNhPxE4mwnx1lIVWNwh,Stay The Night,"Kintexa, NYLA",Stay The Night,2024-04-06,18,187383,https://open.spotify.com/track/7GFxNhPxE4mwnx1lIVWNwh,happy
2uXaKvC7fMDV3MiBMOyEXX,Lies,"ETERN3, MALØ",Lies,2024-03-23,14,164516,https://open.spotify.com/track/2uXaKvC7fMDV3MiBMOyEXX,happy
6CS50FGdlk9nmAKep8yj7R,Desert Rose,"Sam Bagira, SLYOZY ALYASKI, Afro Queen",Desert Rose,2024-10-11,41,195260,https://open.spotify.com/track/6CS50FGdlk9nmAKep8yj7R,happy
55QkuHQu18Nh6BIcSjlES1,Crazy,"MetaBoy, Nito-Onna, Afro Queen",Crazy,2024-12-27,50,197500,https://open.spotify.com/track/55QkuHQu18Nh6BIcSjlES1,happy
2oOUgkS0kHC44RizKttDab,Water,"Nair, Andreea Flavia",Water,2024-03-22,17,192288,https://open.spotify.com/track/2oOUgkS0kHC44RizKttDab,happy
7BW0iCxm1s2CPbviss268o,Lonely,LexMorris,Lonely,2024-03-15,21,156272,https://open.spotify.com/track/7BW0iCxm1s2CPbviss268o,happy
6ttkxzpyshcm4rhyC2HAEO,Lean On,"beyondlight., Catching Sunrises",Lean On,2024-08-23,16,125309,https://open.spotify.com/track/6ttkxzpyshcm4rhyC2HAEO,happy
1OL56iuOV5oMgtWazZA6SI,Wicked Game,"LexMorris, Harddope, Afro Queen, Nito-Onna",Wicked Game,2024-11-20,43,133347,https://open.spotify.com/track/1OL56iuOV5oMgtWazZA6SI,happy
3IngO7kIk9b8IBrrIm4QkT,California Dreamin’,"Boostereo, HALUNA, Afro Queen",California Dreamin’,2024-12-04,42,192000,https://open.spotify.com/track/3IngO7kIk9b8IBrrIm4QkT,happy
0aJfWvQ2mZQJTauKjg8kgR,Right Now,"SAKKO, Afro Queen",Right Now,2025-01-10,42,168813,https://open.spotify.com/track/0aJfWvQ2mZQJTauKjg8kgR,happy
7rglLriMNBPAyuJOMGwi39,Cold Heart - PNAU Remix,"Elton John, Dua Lipa, PNAU",The Lockdown Sessions,2021-10-22,68,202735,https://open.spotify.com/track/7rglLriMNBPAyuJOMGwi39,happy
7uYQELhe7g6QLIzZDOlhbW,Beige,Yoke Lore,Goodpain,2017-06-16,70,204208,https://open.spotify.com/track/7uYQELhe7g6QLIzZDOlhbW,happy
6AGOKlMZWLCaEJGnaROtF9,Put Your Records On,Ritt Momney,Put Your Records On,2020-04-24,67,210463,https://open.spotify.com/track/6AGOKlMZWLCaEJGnaROtF9,happy
0UV5zxRMz6AO4ZwUOZNIKI,Where'd All the Time Go?,Dr. Dog,"Shame, Shame (Deluxe Edition)",2010-11-02,79,234800,https://open.spotify.com/track/0UV5zxRMz6AO4ZwUOZNIKI,happy
5YgTlbMcCbpzwEA8D67rxM,nice to know you,lovelytheband,nice to know you,2023-11-03,39,195348,https://open.spotify.com/track/5YgTlbMcCbpzwEA8D67rxM,happy
3IQF4xCQUPicbA4hWfTxPo,I Lived,OneRepublic,Native,2013-01-01,76,234546,https://open.spotify.com/track/3IQF4xCQUPicbA4hWfTxPo,happy
5yszl4UEZcnrXdTmkawdjw,5 estrellas,Marc Seguí,5 estrellas,2023-06-09,33,198214,https://open.spotify.com/track/5yszl4UEZcnrXdTmkawdjw,happy
1uUVwLyzKnU8ft18H3QDu9,solo x ti,Pol Granch,Amor Escupido,2022-10-28,49,198758,https://open.spotify.com/track/1uUVwLyzKnU8ft18H3QDu9,happy
2pZJhvpin385eqAFRp3ASJ,Sun Is Shining,Bob Marley & The Wailers,Kaya,1978,65,298506,https://open.spotify.com/track/2pZJhvpin385eqAFRp3ASJ,happy
7037bX3jdaUWUAXL12CHGy,Sarà perché ti amo,Ricchi E Poveri,The Collection,1998,70,190693,https://open.spotify.com/track/7037bX3jdaUWUAXL12CHGy,happy
6BX3OWb6eAtKzUhLyMPpWD,Déjame vivir (feat. Chambao),"Jarabe De Palo, Chambao",Adelantando,2007-04-10,56,217880,https://open.spotify.com/track/6BX3OWb6eAtKzUhLyMPpWD,happy
0akyEssGRVHstqCSWXusJL,Fuentes de Ortiz,Ed Maverick,mix pa llorar en tu cuarto,2018-03-02,76,207400,https://open.spotify.com/track/0akyEssGRVHstqCSWXusJL,happy
5qEn8c0MBzyRKgQq91Vevi,Out of My League,Fitz and The Tantrums,Out of My League,2013-02-08,60,209386,https://open.spotify.com/track/5qEn8c0MBzyRKgQq91Vevi,happy
1XZPtZVqcOzzxbYIR7MjQw,Ontario,"Novo Amor, Lowswimmer",Heiress,2017-11-10,67,192866,https://open.spotify.com/track/1XZPtZVqcOzzxbYIR7MjQw,happy
6x0v6SaLC9E4XY39efEeCs,You're Never Fully Dressed Without a Smile (2014 Film Version),Sia,Annie (Original Motion Picture Soundtrack),2014-11-17,56,190373,https://open.spotify.com/track/6x0v6SaLC9E4XY39efEeCs,happy
6pYbhX5gYix4ESpbSUArnA,Devuélveme a mi chica,Hombres G,Lo Mejor De Los Hombres G,1999-03-26,57,194080,https://open.spotify.com/track/6pYbhX5gYix4ESpbSUArnA,happy
1wncA7mz0ntqvZ8UzFokGk,Venezia,Hombres G,Hombres G (Edición 30 Aniversario),1985,65,270080,https://open.spotify.com/track/1wncA7mz0ntqvZ8UzFokGk,happy
3CQDFLetMMxD5hzAnUk410,SHORTY QUE TE VAYA BN <3,Rels B,SHORTY QUE TE VAYA BN <3,2021-09-29,68,219681,https://open.spotify.com/track/3CQDFLetMMxD5hzAnUk410,happy
4qeley9uBf9DcJnG7DBwW0,Tengo Que Calmarme,Pol Granch,Tengo Que Calmarme,2020-06-26,43,168899,https://open.spotify.com/track/4qeley9uBf9DcJnG7DBwW0,happy
6dDhaHqJ3wUD3jbjGUBwzh,El Conticinio,Guitarricadelafuente,El Conticinio,2018-10-09,0,213993,https://open.spotify.com/track/6dDhaHqJ3wUD3jbjGUBwzh,happy
2quOFSbQCtEISRvZCfJPQG,si volvemos a querernos - bonus track,"Chill Chicos, Natalia Lacunza",si volvemos a querernos (bonus track),2020-12-22,20,198000,https://open.spotify.com/track/2quOFSbQCtEISRvZCfJPQG,happy
1SKPmfSYaPsETbRHaiA18G,Somewhere Only We Know,Keane,Hopes And Fears,2004-05-10,86,237146,https://open.spotify.com/track/1SKPmfSYaPsETbRHaiA18G,happy
0s9COZY8wLOadAzbHka2GO,Good Day,Nappy Roots,The Humdinger,2008-08-05,57,261373,https://open.spotify.com/track/0s9COZY8wLOadAzbHka2GO,happy
0aePOPP6t864hWQGL8izY5,Breaking Bad,Leiva,Monstruos,2016-08-26,53,258373,https://open.spotify.com/track/0aePOPP6t864hWQGL8izY5,happy
6XPOXobXwTz9Bh8p9u0QXW,Los Charcos,Dani Martín,La Montaña Rusa,2016-09-23,48,258693,https://open.spotify.com/track/6XPOXobXwTz9Bh8p9u0QXW,happy
3Q8avvsQE7mtTXT2TrDx3I,Sincericidio,Leiva,Monstruos,2016-08-26,60,251453,https://open.spotify.com/track/3Q8avvsQE7mtTXT2TrDx3I,happy
2AviITab6bCBtts9zJIPYz,Ya mi mama me decía,Guitarricadelafuente,Ya mi mama me decía,2020-06-26,0,188372,https://open.spotify.com/track/2AviITab6bCBtts9zJIPYz,happy
4BNqM0h2wukiQkAUKZjurV,Una Foto en Blanco y Negro,"David Otero, Taburete",Una Foto en Blanco y Negro,2020-01-24,51,212090,https://open.spotify.com/track/4BNqM0h2wukiQkAUKZjurV,happy
3Y7fpFZbHLpAvWJJYGehz0,Follow The Sun,Xavier Rudd,Spirit Bird,2012-01-01,71,256266,https://open.spotify.com/track/3Y7fpFZbHLpAvWJJYGehz0,happy
11BAVEGi1ivJ6JWLqKUNrZ,Catch & Release - Deepend Remix,"Matt Simons, Deepend",When The Lights Go Down,2015-09-30,72,195173,https://open.spotify.com/track/11BAVEGi1ivJ6JWLqKUNrZ,happy
5ZCamgcqvkckdf2FdfYuth,La Llamada,Leiva,La Llamada,2017-09-27,53,240205,https://open.spotify.com/track/5ZCamgcqvkckdf2FdfYuth,happy
7dITAq1YP5e0kTcaDq4YWI,Limón y Sal,Julieta Venegas,Limon Y Sal,2006-05-25,75,205413,https://open.spotify.com/track/7dITAq1YP5e0kTcaDq4YWI,happy
5BmPzGQctgm3XkNNZnkSKq,Color Pomelo,Cheti,Color Pomelo,2019-08-02,0,233168,https://open.spotify.com/track/5BmPzGQctgm3XkNNZnkSKq,happy
0rWPArhbubvBz9jmEg3IFN,Abierto en Vena,Taburete,Abierto en Vena,2020-10-26,0,227442,https://open.spotify.com/track/0rWPArhbubvBz9jmEg3IFN,happy
0GKlIuZcQCiv8bvWgRNiAb,Es gratis - Acústico,Arnau Griso,Es gratis (Acústico),2016-04-04,42,203080,https://open.spotify.com/track/0GKlIuZcQCiv8bvWgRNiAb,happy
7y7wBlwoftRZQIWcFGv0IY,Jóvenes Eternamente,Pol 3.14,Jóvenes Eternamente,2012-06-05,50,267645,https://open.spotify.com/track/7y7wBlwoftRZQIWcFGv0IY,happy
3B54sVLJ402zGa6Xm4YGNe,Unforgettable,"French Montana, Swae Lee",Jungle Rules,2017-07-14,86,233901,https://open.spotify.com/track/3B54sVLJ402zGa6Xm4YGNe,happy
6jA8HL9i4QGzsj6fjoxp8Y,There for You,"Martin Garrix, Troye Sivan",There for You,2017-05-26,64,221904,https://open.spotify.com/track/6jA8HL9i4QGzsj6fjoxp8Y,happy
6potEImiklXkwD9qFzpu15,Forever,Labrinth,Euphoria (Original Score from the HBO Series),2019-10-04,67,202536,https://open.spotify.com/track/6potEImiklXkwD9qFzpu15,happy
1INWPr855fwWdAOeecbu0W,Let's Twist Again,Chubby Checker,It's Pony Time/Let's Twist Again,1961-01-01,68,137360,https://open.spotify.com/track/1INWPr855fwWdAOeecbu0W,happy
2EPr9Wx7e1cpGEbNAtuN7x,Surfin' U.S.A.,The Beach Boys,50 Big Ones: Greatest Hits,2012-01-01,58,150160,https://open.spotify.com/track/2EPr9Wx7e1cpGEbNAtuN7x,happy
1YnVYHXoak0syv4xBRHQRb,Kingston Town,UB40,Labour Of Love II,1989-01-01,71,231733,https://open.spotify.com/track/1YnVYHXoak0syv4xBRHQRb,happy
2le9fblYnfoLr9dkZIsJUa,"Baby, I Love Your Way",Big Mountain,Unity,1994-07-19,73,249520,https://open.spotify.com/track/2le9fblYnfoLr9dkZIsJUa,happy
7KPr0YxECy4Q1k2F17Sa0Q,Memories (feat. Kid Cudi),"David Guetta, Kid Cudi",Memories (feat. Kid Cudi),2010-02-12,62,210840,https://open.spotify.com/track/7KPr0YxECy4Q1k2F17Sa0Q,happy
2HDhsfCmbVjLHYXK32jaCC,Waves [feat. Chris Brown & T.I.] - Robin Schulz Remix,"Mr. Probz, Chris Brown, T.I.",Waves [feat. Chris Brown & T.I.] (Robin Schulz Remix),2014-11-13,57,190846,https://open.spotify.com/track/2HDhsfCmbVjLHYXK32jaCC,happy
721Lxh9pNJJhNERON4Zjmw,nana triste,"Natalia Lacunza, Guitarricadelafuente",Otras Alas,2019-06-20,63,187016,https://open.spotify.com/track/721Lxh9pNJJhNERON4Zjmw,happy
3EEWAjhev1Gam6KIU5KR58,Blessings - THEMBA Remix,"Calvin Harris, Clementine Douglas, THEMBA",Blessings (THEMBA Remix),2025-07-04,59,207612,https://open.spotify.com/track/3EEWAjhev1Gam6KIU5KR58,happy
6MLA8Ycs7OnAfemM7a6paz,Baille,ERIICE,Afro House Compilation 2025 Vol. 4,2025-10-30,31,153442,https://open.spotify.com/track/6MLA8Ycs7OnAfemM7a6paz,happy
3oFk1dezV5MEdKjv4IDCIw,Morenita,"Felipe Allenn, MORENITA",Afro House Compilation 2025 Vol. 4,2025-10-30,29,177541,https://open.spotify.com/track/3oFk1dezV5MEdKjv4IDCIw,happy
66tTks0fdZ1t8Ux7SF0yrZ,Weyu,"Lucas Estrada, Lenji, Amadi Blue",Weyu,2024-08-15,39,133365,https://open.spotify.com/track/66tTks0fdZ1t8Ux7SF0yrZ,happy
3DidOh90QTm6XAnD40gyJv,Kalabancoro,"Ginton, Richard Bona, Salif Keita",Kalabancoro,2025-06-20,61,186000,https://open.spotify.com/track/3DidOh90QTm6XAnD40gyJv,happy
2GwsSbo6IbNDVvcm9rtmal,Say What,"Rampa, Adam Port, &ME, chuala, Keinemusik",Say What,2024-10-25,74,181593,https://open.spotify.com/track/2GwsSbo6IbNDVvcm9rtmal,happy
1F2YrREvfFqnOujYfN65yE,Dance With Me,"Joe Stone, Mkaya",Afro House Compilation 2025 Vol.3,2025-08-28,36,166125,https://open.spotify.com/track/1F2YrREvfFqnOujYfN65yE,happy
4OGIbfnkUJXtvZbkIFPvRC,Like a Rocket,Luna & Lenthe,Like a Rocket,2025-10-10,42,236500,https://open.spotify.com/track/4OGIbfnkUJXtvZbkIFPvRC,happy
6VVIMIXp8UeHXW6Fcyt26f,Gbon,Mkaya,Afro House Compilation 2025 Vol. 4,2025-10-30,25,163125,https://open.spotify.com/track/6VVIMIXp8UeHXW6Fcyt26f,happy
6DOyiOMWDDINjB7NuyJlR8,Rakata,Daww,Afro House Compilation 2025 Vol. 4,2025-10-30,25,166687,https://open.spotify.com/track/6DOyiOMWDDINjB7NuyJlR8,happy
697Ub7j26uCkn3VtWSucG3,Ice 2 Water,"Wakyin, Ronis Goliath, bees & honey",Ice 2 Water,2025-06-20,61,196700,https://open.spotify.com/track/697Ub7j26uCkn3VtWSucG3,happy
19a3Bte7JTRhBN26kL8ocQ,Girl,"Felipe Allenn, 4Rain, Tanaka",Afro House Compilation 2025 Vol.3,2025-08-28,35,177049,https://open.spotify.com/track/19a3Bte7JTRhBN26kL8ocQ,happy
4thF83xkGC9hLkzQ6TnW09,Never Walk Alone - Alex Wann Remix,"BLOND:ISH, Stevie Appleton, Alex Wann",Never Walk Alone (Alex Wann Remix),2025-06-18,56,237096,https://open.spotify.com/track/4thF83xkGC9hLkzQ6TnW09,happy
5kSnTnRtxwVQ47y4GbBPqb,Mi Are,Mkaya,Mi Are,2025-10-31,48,173686,https://open.spotify.com/track/5kSnTnRtxwVQ47y4GbBPqb,happy
1F48Sbl8JAZYatxfOQvtIs,Only Wanna Talk,Jonas Dufrasne,Afro House Compilation 2025 Vol.3,2025-08-28,35,164000,https://open.spotify.com/track/1F48Sbl8JAZYatxfOQvtIs,happy
1o4qyeyiflbk9NHhOPWHIK,"love, don't make me","joki, Ridges","love, don't make me",2025-04-25,20,144590,https://open.spotify.com/track/1o4qyeyiflbk9NHhOPWHIK,happy
5oO4A9xKVeBEsffcFNU7AQ,Closer,Alex Martura,Closer,2025-08-29,58,144480,https://open.spotify.com/track/5oO4A9xKVeBEsffcFNU7AQ,happy
6DFVJqG6DNPrJ492Vvng9u,"You, Tonight",Jonas Dufrasne,Afro House Compilation 2025 Vol.2,2025-06-13,35,144000,https://open.spotify.com/track/6DFVJqG6DNPrJ492Vvng9u,happy
4whm0OtmAQ9TRekkP5mnqP,aye,ERIICE,Afro House Compilation 2025 Vol.3,2025-08-28,34,195000,https://open.spotify.com/track/4whm0OtmAQ9TRekkP5mnqP,happy
0uoaBsc4Ic0nnZ4RBUipdX,Atmosphere,"Chiara Meloni, Tanaka",Afro House Compilation 2025 Vol.3,2025-08-28,33,149000,https://open.spotify.com/track/0uoaBsc4Ic0nnZ4RBUipdX,happy
38FWbKB13dMOGf2oJhSZ10,Karibu,WITH U,Karibu,2024-03-29,56,242500,https://open.spotify.com/track/38FWbKB13dMOGf2oJhSZ10,happy
7d6bWTHr7EZgygynnxAKCA,Electric Feel,"James Carter, Malou",Electric Feel,2024-08-09,52,170909,https://open.spotify.com/track/7d6bWTHr7EZgygynnxAKCA,happy
1mO3hOEayERMNUGIpAwImF,Found Love,"Francis Mercier, Von Boch",Found Love,2025-04-08,57,200778,https://open.spotify.com/track/1mO3hOEayERMNUGIpAwImF,happy
5GV1V8gGI7fPXN8JONGKeG,Lighter,Walk on Water,Lighter,2025-09-12,56,204000,https://open.spotify.com/track/5GV1V8gGI7fPXN8JONGKeG,happy
7mTIbvSTzKYCthVX8qxTZU,Off The Ground (feat. MRYN),"Chiara Meloni, MRYN",Afro House Compilation 2025 Vol. 1,2025-04-18,35,154549,https://open.spotify.com/track/7mTIbvSTzKYCthVX8qxTZU,happy
23bnITjpOWGslspFIRVQOp,El Dorado,"Sonaba, Felipe Allenn",Afro House Compilation 2025 Vol.3,2025-08-28,33,191803,https://open.spotify.com/track/23bnITjpOWGslspFIRVQOp,happy
65CwK6coaH8GnQnatXnJDH,Come With Me (feat. Jorja Smith),"Major League Djz, Jorja Smith",Come With Me (feat. Jorja Smith),2025-03-18,56,214886,https://open.spotify.com/track/65CwK6coaH8GnQnatXnJDH,happy
7ooOYLj6tDtpbeedgvOzhk,Umuntu,Mkaya,Afro House Compilation 2025 Vol.2,2025-06-13,33,148000,https://open.spotify.com/track/7ooOYLj6tDtpbeedgvOzhk,happy
2F8eiUxSGMbRYr62P27XI9,More Than You Know - Mont Rouge Remix,"Axwell /\ Ingrosso, Axwell, Sebastian Ingrosso, Mont Rouge",More Than You Know (Mont Rouge Remix),2024-03-15,42,405853,https://open.spotify.com/track/2F8eiUxSGMbRYr62P27XI9,happy
4sigK97eEYw3PhLHZuJ5tI,Loyal To You,"Chris Crone, MVNA, Lane Boy",Afro House Compilation 2025 Vol. 1,2025-04-18,34,166375,https://open.spotify.com/track/4sigK97eEYw3PhLHZuJ5tI,happy
2YyfgZHGMsf4Bi9umjEiKg,N Yaa Yere La,YASHA,N Yaa Yere La,2025-01-24,49,182033,https://open.spotify.com/track/2YyfgZHGMsf4Bi9umjEiKg,happy
334RaRoiRG89vt0LCEZ6L0,Birthday Sex (feat. Jeremih) - Levi Mix,"Levi, Jeremih",Birthday Sex (feat. Jeremih) [Levi Mix],2025-03-07,67,146973,https://open.spotify.com/track/334RaRoiRG89vt0LCEZ6L0,happy
2ZZPPsYU52K0VlXnjexi0l,Osu Qala,Impani,Afro House Compilation 2025 Vol.3,2025-08-28,32,163278,https://open.spotify.com/track/2ZZPPsYU52K0VlXnjexi0l,happy
5Ft7pnZo8P8WEnTTOUrhq0,Dani Na Kli,Chiara Meloni,Afro House Compilation 2025 Vol.2,2025-06-13,33,194000,https://open.spotify.com/track/5Ft7pnZo8P8WEnTTOUrhq0,happy
6T6NIXPtD786quBOycpUTX,Wait For You,"AMÉMÉ, Franc Fala",Wait For You,2024-11-29,53,176528,https://open.spotify.com/track/6T6NIXPtD786quBOycpUTX,happy
4nez484HxKNCzYx1G9K2XB,Pamoja Vibes,Mkaya,Afro House Compilation 2025 Vol.3,2025-08-28,32,160128,https://open.spotify.com/track/4nez484HxKNCzYx1G9K2XB,happy
1jIPZNXnnoOsROZanpVOor,Let Me Go,"Karim Naas, ZHIKO",Afro House Compilation 2025 Vol. 4,2025-10-30,22,139000,https://open.spotify.com/track/1jIPZNXnnoOsROZanpVOor,happy
4HWc84GnljtjC26nM9xGoo,Hold On Me,vidi roca,Afro House Compilation 2025 Vol.2,2025-06-13,32,181500,https://open.spotify.com/track/4HWc84GnljtjC26nM9xGoo,happy
5lyiB5R6eO3y7WXSXZzlaW,Ndaci,CICI DAZE,Afro House Compilation 2025 Vol.3,2025-08-28,32,181000,https://open.spotify.com/track/5lyiB5R6eO3y7WXSXZzlaW,happy
6PpTPihkMbkEhKNBnuUsYm,Without You (Uh Na Na),POOLSE,Afro House Compilation 2025 Vol.2,2025-06-13,32,157741,https://open.spotify.com/track/6PpTPihkMbkEhKNBnuUsYm,happy
696godhdSB2c0cqV3JJAAV,I Don't Know,"Spirit Fly, Natty Rico",Afro House Compilation 2025 Vol.3,2025-08-28,32,216000,https://open.spotify.com/track/696godhdSB2c0cqV3JJAAV,happy
59EkJ38bPx1JTgFvyK4ssO,Confidence,"Foínix, Edward Maya, ERIICE",Afro House Compilation 2025 Vol. 1,2025-04-18,33,132295,https://open.spotify.com/track/59EkJ38bPx1JTgFvyK4ssO,happy
0smB5zD5CJYMtdXvS2qS5A,Unforgettable,"Alok, Daecolm, Malou",Unforgettable,2025-06-27,57,154500,https://open.spotify.com/track/0smB5zD5CJYMtdXvS2qS5A,happy
40RcfqsF0PGyH0DPQdkCVc,Heart's Enigma (feat. Madeline Roose),"AL3, Madeline Roose",Afro House Compilation 2025 Vol.2,2025-06-13,32,207278,https://open.spotify.com/track/40RcfqsF0PGyH0DPQdkCVc,happy
7gXkpftiAPuVGAQKx5lUoJ,Paradise - AL3 Remix,"Thierry Von Der Warth, Modi, AL3",Afro House Compilation 2025 Vol. 1,2025-04-18,33,202926,https://open.spotify.com/track/7gXkpftiAPuVGAQKx5lUoJ,happy
6NLcXLE7kCTfVjvkQE8cwD,Sanity,"Jack David, LAYLO",Afro House Compilation 2025 Vol.3,2025-08-28,32,157690,https://open.spotify.com/track/6NLcXLE7kCTfVjvkQE8cwD,happy
4fQPIuiEguxW3PdJV7Wbwu,Cambiaron Papeles,"LU2VYK, Da Smile",Afro House Compilation 2025 Vol. 1,2025-04-18,33,172000,https://open.spotify.com/track/4fQPIuiEguxW3PdJV7Wbwu,happy
7nrGLZog2xRJ3R6etXLc46,Don't Depend,"Walk on Water, Plu2",Don't Depend,2025-08-15,54,164000,https://open.spotify.com/track/7nrGLZog2xRJ3R6etXLc46,happy
7x0RIQjVXoCyapWthlRG69,It's Not Right - Radio Edit,"Gianni Romano, Emanuele Esposito, Helen Tesfazghi",It's Not Right (Remixes Part I),2023-01-13,52,195121,https://open.spotify.com/track/7x0RIQjVXoCyapWthlRG69,happy
6VVB9Lu1oAmuMw26lRZwou,Low,"Viva La Panda, Swizznife",Low,2025-06-13,49,138658,https://open.spotify.com/track/6VVB9Lu1oAmuMw26lRZwou,happy
6xx81cx4Ktl8XOeMeImEyh,Always on the road - OOVA Remix,"Dawda, OOVA",Always on the road (OOVA Remix),2025-07-11,39,180000,https://open.spotify.com/track/6xx81cx4Ktl8XOeMeImEyh,happy
3UAHbVgRmsa05ffqbjNKzV,T'estim,"LissA, Goodman",Afro House Compilation 2025 Vol. 1,2025-04-18,32,129874,https://open.spotify.com/track/3UAHbVgRmsa05ffqbjNKzV,happy
1FA0Adwe8FnRNpja1KYyT5,Back To Life,"Adriatique, Samm (BE), Jaimes",Back To Life,2025-03-14,61,213250,https://open.spotify.com/track/1FA0Adwe8FnRNpja1KYyT5,happy
4o1t8bOiuHwjijH2b0LrmA,It Feels So Good - Jamy Nox Remix,"Matt Sassari, HUGEL, Sonique, Jamy Nox",It Feels So Good (Jamy Nox Remix),2025-02-28,67,172080,https://open.spotify.com/track/4o1t8bOiuHwjijH2b0LrmA,happy
6N04kMTTITQofSlAttEKnT,Say It Right - Afro House Mix,"Sunlike Brothers, Mannymore",Say It Right (Afro House Mix),2024-09-06,41,163389,https://open.spotify.com/track/6N04kMTTITQofSlAttEKnT,happy
2DjQNBBOFTz3js2tMbLVAc,Messy,"Ted Bear, Nito-Onna",Messy,2025-02-05,54,224262,https://open.spotify.com/track/2DjQNBBOFTz3js2tMbLVAc,happy
54jyhwMPIyNaYABgKhWqvk,Lugar Favorito,"BRAN, AFRONOM, Mannymore",Lugar Favorito,2024-08-02,57,130000,https://open.spotify.com/track/54jyhwMPIyNaYABgKhWqvk,happy
0ygVWTvx8IJW71S4QhRLl6,Lay It On Me,"Sevek, joki, Ridges",Afro House Compilation 2025 Vol. 1,2025-04-18,33,184918,https://open.spotify.com/track/0ygVWTvx8IJW71S4QhRLl6,happy
3JhpsFR2yZhprzqXuzwGqj,In Love Today,"Zerb, Ape Drums, Jeremih",In Love Today,2025-03-07,56,165135,https://open.spotify.com/track/3JhpsFR2yZhprzqXuzwGqj,happy
7xSFxdiohvPmxMF9nkmVHU,Feel Good (feat. Charlotte Cardin) [Remix],"RUSH AVENUE, Charlotte Cardin",Feel Good (feat. Charlotte Cardin) [Remix],2025-02-27,57,180000,https://open.spotify.com/track/7xSFxdiohvPmxMF9nkmVHU,happy
3WEBHtHAW8Oha6AkhFsRMg,Spectrum (Say My Name) - Afro House Version,"Anthony Keyrouz, Felix Schorn",Spectrum (Say My Name) [Afro House Version],2024-11-22,52,162926,https://open.spotify.com/track/3WEBHtHAW8Oha6AkhFsRMg,happy
799db91cR00On6N158VLHS,Tantalizing,"Tiësto, Soaky Siren",Tantalizing,2024-11-08,57,146341,https://open.spotify.com/track/799db91cR00On6N158VLHS,happy
2YI4OGizFqHQzhFxLZ9SP0,Rosa (Que Linda Eres) [Chiara Meloni Remix],"Chiara Meloni, Mecdoux",Afro House Compilation 2025 Vol. 1,2025-04-18,32,136000,https://open.spotify.com/track/2YI4OGizFqHQzhFxLZ9SP0,happy
6BxwkJCZSYQVDF6fA24go1,Ferrari,"Allstark, Cramoki, Daniel Best, Chris Crone",Ferrari,2024-09-20,44,161658,https://open.spotify.com/track/6BxwkJCZSYQVDF6fA24go1,happy
2OC0kob06GxOeWL9TxCHds,Zula,"RUSSI, Gavin Moss",Zula,2025-06-06,55,130819,https://open.spotify.com/track/2OC0kob06GxOeWL9TxCHds,happy
5MGzRBSlXuNhN19ze9o5GY,Maria Maria,"TECH IT DEEP, Gordo",Maria Maria,2024-11-08,60,262763,https://open.spotify.com/track/5MGzRBSlXuNhN19ze9o5GY,happy
6PzVu5ezYMozozOQR51zfG,TIKI,"AFRONOM, Marc Moon",TIKI,2024-07-19,57,166000,https://open.spotify.com/track/6PzVu5ezYMozozOQR51zfG,happy
4Q9ZUCGB0K3QDCNQBeV8GQ,Don't Worry,Lumine,Don't Worry,2025-01-24,31,171428,https://open.spotify.com/track/4Q9ZUCGB0K3QDCNQBeV8GQ,happy
6r0GDSVOZ4ZCcLEwvfK2fJ,Let Me Love You,"Giorgio Gee, Matthew Clanton",Let Me Love You,2024-09-27,45,163333,https://open.spotify.com/track/6r0GDSVOZ4ZCcLEwvfK2fJ,happy
5EaPr3zaXIEFq6QhcyI99N,Lost In Your Vibe,"Miles Carter, Emily J",Lost In Your Vibe,2025-10-03,50,166829,https://open.spotify.com/track/5EaPr3zaXIEFq6QhcyI99N,happy
5nUlevjEAdIKeMBKxpSEHm,I Don't Wanna Know,"Buzz Low, BACOLE, Kuala",I Don't Wanna Know,2024-07-19,51,146000,https://open.spotify.com/track/5nUlevjEAdIKeMBKxpSEHm,happy
3QyBIOU1sASeDvh9Lom7qe,Original (feat. ERIICE),"Foínix, Jake Neumar, ERIICE",Afro House Compilation 2025 Vol.2,2025-06-13,31,147375,https://open.spotify.com/track/3QyBIOU1sASeDvh9Lom7qe,happy
2cKUMbHf6vmqoXerYhNeaZ,Be With You,EMOTIONAL,Skin,2025-03-07,48,182000,https://open.spotify.com/track/2cKUMbHf6vmqoXerYhNeaZ,happy
4SylEKPh0HWqJep7CfISHk,Your Love - Antdot Remix,"PLS&TY, Sofiya Nzau, Antdot",Your Love (Antdot Remix),2023-10-13,64,177541,https://open.spotify.com/track/4SylEKPh0HWqJep7CfISHk,happy
1wAwUS81gDhouQb4xVECZs,Rise (feat. Carston),"Horizon Blue, Carston",Afro House Compilation 2025 Vol. 1,2025-04-18,32,152015,https://open.spotify.com/track/1wAwUS81gDhouQb4xVECZs,happy
2jTBv0VmeixgNWS2hN3SNV,Wicked Game,"Gavin Moss, RUSSI",Afro House Compilation 2025 Vol. 1,2025-04-18,33,145573,https://open.spotify.com/track/2jTBv0VmeixgNWS2hN3SNV,happy
2ThK2zeU9IvmR9ayr6PoFl,Kiboko,"Viva La Panda, Edmundo Silva",Afro House Compilation 2025 Vol.2,2025-06-13,31,141000,https://open.spotify.com/track/2ThK2zeU9IvmR9ayr6PoFl,happy
0Rx9o4cMFrDQommZX3r3UC,World Hold On - Soubeiran & Sasson Remix - Edit,"Bob Sinclar, Soubeiran, Sasson (FR), Steve Edwards",World Hold On (Soubeiran & Sasson Remix),2024-09-27,53,218057,https://open.spotify.com/track/0Rx9o4cMFrDQommZX3r3UC,happy
5kXRX5mrnKulXnLZ61JcZ7,Fade Out Lines - Francis Mercier Remix,"The Avener, Phoebe Killdeer, Francis Mercier",Fade Out Lines (Francis Mercier Remix),2024-09-12,51,236547,https://open.spotify.com/track/5kXRX5mrnKulXnLZ61JcZ7,happy
392sHFrXXxwD6ApLiDqOwP,Xale,Gavin Moss,Afro House Compilation 2025 Vol. 1,2025-04-18,32,150512,https://open.spotify.com/track/392sHFrXXxwD6ApLiDqOwP,happy
1iKJxbCsI4fYDKb0yuLSdX,Cry (Just A Little),"Steff da Campo, Robbie Mendez",Cry (Just A Little),2025-01-24,40,181475,https://open.spotify.com/track/1iKJxbCsI4fYDKb0yuLSdX,happy
3NFs3XUduzBfvc5Bx1gmzh,The Dead Dance,Lady Gaga,The Dead Dance,2025-09-03,85,228518,https://open.spotify.com/track/3NFs3XUduzBfvc5Bx1gmzh,happy
2LHNTC9QZxsL3nWpt8iaSR,Abracadabra,Lady Gaga,MAYHEM,2025-03-07,81,223398,https://open.spotify.com/track/2LHNTC9QZxsL3nWpt8iaSR,happy
78mE33YpoWqMQTwgUQRhyo,Die With A Smile,"Lady Gaga, Bruno Mars",Die With A Smile (Main + Instrumental),2024-10-16,56,251667,https://open.spotify.com/track/78mE33YpoWqMQTwgUQRhyo,happy
4wJ5Qq0jBN4ajy7ouZIV1c,APT.,"ROSÉ, Bruno Mars",rosie,2024-12-06,83,169917,https://open.spotify.com/track/4wJ5Qq0jBN4ajy7ouZIV1c,happy
5IoPnNiYAOvHHJpz13wzRL,Vanish Into You,Lady Gaga,MAYHEM,2025-03-07,72,244915,https://open.spotify.com/track/5IoPnNiYAOvHHJpz13wzRL,happy
2rvd6akG8qEtBNUvQpN7iY,How Bad Do U Want Me,Lady Gaga,MAYHEM,2025-03-07,74,238886,https://open.spotify.com/track/2rvd6akG8qEtBNUvQpN7iY,happy
4mUR5Tv0CvJtpmnUtzeIgd,Garden Of Eden,Lady Gaga,MAYHEM,2025-03-07,74,239720,https://open.spotify.com/track/4mUR5Tv0CvJtpmnUtzeIgd,happy
0T3Hw3kPj9T2E4UoaSXmfn,Disease,Lady Gaga,MAYHEM,2025-03-07,72,229997,https://open.spotify.com/track/0T3Hw3kPj9T2E4UoaSXmfn,happy
2rbDhOo9Fh61Bbu23T2qCk,Always Remember Us This Way,Lady Gaga,A Star Is Born Soundtrack (Without Dialogue),2018-10-05,84,210200,https://open.spotify.com/track/2rbDhOo9Fh61Bbu23T2qCk,happy
0ElVpg9XIswx3XWs6kUj6a,Zombieboy,Lady Gaga,MAYHEM,2025-03-07,69,213337,https://open.spotify.com/track/0ElVpg9XIswx3XWs6kUj6a,happy
3oldbUVvh8ExC8qbWW5B8t,Tombstone,Lody Souz,Tombstone,2025-10-03,46,204881,https://open.spotify.com/track/3oldbUVvh8ExC8qbWW5B8t,happy
7F25roCtYi55JouckaayPC,Judas,Lady Gaga,Born This Way (International Special Edition Version),2011-05-23,81,249066,https://open.spotify.com/track/7F25roCtYi55JouckaayPC,happy
1wVuPmvt6AWvTL5W2GJnzZ,Talking to the Moon,Bruno Mars,Doo-Wops & Hooligans,2010-05-11,76,217866,https://open.spotify.com/track/1wVuPmvt6AWvTL5W2GJnzZ,happy
6393yGahSJ9slVdOwSxOVR,Pink Pony Club,Chappell Roan,The Rise and Fall of a Midwest Princess,2023-09-21,83,258034,https://open.spotify.com/track/6393yGahSJ9slVdOwSxOVR,happy
0IsIY8pfu1yaGkPUD7pkDx,Guess featuring billie eilish,"Charli xcx, Billie Eilish",Brat and it’s completely different but also still brat,2024-10-11,80,143330,https://open.spotify.com/track/0IsIY8pfu1yaGkPUD7pkDx,happy
0hqwYITePFx2qO6tY73DA3,Yesterday,Lody Souz,Yesterday,2025-03-07,29,218857,https://open.spotify.com/track/0hqwYITePFx2qO6tY73DA3,happy
3MYz54tDi5fnEJjjCfPPlZ,Golden Burning Sun,Miley Cyrus,Something Beautiful,2025-05-30,56,294193,https://open.spotify.com/track/3MYz54tDi5fnEJjjCfPPlZ,happy
43x4drok2kDJqm9dgRr685,MEXE,"Pabllo Vittar, NMIXX",MEXE,2025-08-21,63,146204,https://open.spotify.com/track/43x4drok2kDJqm9dgRr685,happy
142PiXzA84lmEw2RstFHFa,supernatural,Ariana Grande,eternal sunshine,2024-03-08,82,163381,https://open.spotify.com/track/142PiXzA84lmEw2RstFHFa,happy
4zSPRXPBgSRuNTrZT7Qdog,Living My Best Life,Jessie J,Living My Best Life,2025-05-16,56,177273,https://open.spotify.com/track/4zSPRXPBgSRuNTrZT7Qdog,happy
6iAWfzQSSHemnvL5yq1q2k,Kill For Love,Lady Gaga,MAYHEM,2025-09-01,66,246600,https://open.spotify.com/track/6iAWfzQSSHemnvL5yq1q2k,happy
6HMtHNpW6YPi1hrw9tgF8P,About Damn Time,Lizzo,Special,2022-07-15,73,191937,https://open.spotify.com/track/6HMtHNpW6YPi1hrw9tgF8P,happy
6ZEAXknmx2mrO3KgcDNpFI,Wake Me Up Before You Go-Go,Wham!,80s 100 Hits,2010-03-01,50,223066,https://open.spotify.com/track/6ZEAXknmx2mrO3KgcDNpFI,happy
62bOmKYxYg7dhrC6gH9vFn,Bye Bye Bye,*NSYNC,No Strings Attached,2000-03-21,79,200400,https://open.spotify.com/track/62bOmKYxYg7dhrC6gH9vFn,happy
191PYDOv25E8hj8to2BeQx,Don't Worry Be Happy,Bobby McFerrin,Essential,2011-01-01,35,290840,https://open.spotify.com/track/191PYDOv25E8hj8to2BeQx,happy
7x9aauaA9cu6tyfpHnqDLo,Seven (feat. Latto),"Jung Kook, Latto",Seven (feat. Latto),2023-07-14,77,184400,https://open.spotify.com/track/7x9aauaA9cu6tyfpHnqDLo,happy
5QDLhrAOJJdNAmCTJ8xMyW,Dynamite,BTS,BE,2020-11-20,79,199053,https://open.spotify.com/track/5QDLhrAOJJdNAmCTJ8xMyW,happy
3DmW6y7wTEYHJZlLo1r6XJ,Shower,Becky G,Shower,2014-04-23,78,206166,https://open.spotify.com/track/3DmW6y7wTEYHJZlLo1r6XJ,happy
4CoGNqLap7UGU5Q3VdKug0,Ain't Too Proud To Beg,The Temptations,Gettin' Ready (Expanded Edition),1966,64,156173,https://open.spotify.com/track/4CoGNqLap7UGU5Q3VdKug0,happy
15tHagkk8z306XkyOHqiip,"I'll Be There for You - Theme From ""Friends""",The Rembrandts,L.P.,1995-05-02,66,188359,https://open.spotify.com/track/15tHagkk8z306XkyOHqiip,happy
3S0OXQeoh0w6AY8WQVckRW,I'm Yours,Jason Mraz,We Sing. We Dance. We Steal Things. (Bonus Tracks Version),2008-05-01,81,242946,https://open.spotify.com/track/3S0OXQeoh0w6AY8WQVckRW,happy
2oDIQJdfIbTbPZev1OKtRT,Dancing in the Moonlight,Toploader,Alternative Love,2010-02-05,0,227480,https://open.spotify.com/track/2oDIQJdfIbTbPZev1OKtRT,happy
0b18g3G5spr4ZCkz7Y6Q0Q,Rasputin,"Majestic, Boney M.",Rasputin,2021-02-26,78,186209,https://open.spotify.com/track/0b18g3G5spr4ZCkz7Y6Q0Q,happy
1Z18G3Uk0uIgGwa8ugDhrX,Walking on Sunshine,"CARSTN, Katrina & The Waves, Agent Zed",Walking on Sunshine,2023-05-19,0,161641,https://open.spotify.com/track/1Z18G3Uk0uIgGwa8ugDhrX,happy
4MFCXniy7I8tj0GXtf3wgC,Adventure of a Lifetime,Coldplay,Adventure of a Lifetime,2015-11-06,54,263786,https://open.spotify.com/track/4MFCXniy7I8tj0GXtf3wgC,happy
2XU0oxnq2qxCpomAAuJY8K,Dance Monkey,Tones And I,Dance Monkey (Stripped Back) / Dance Monkey,2019-10-17,73,209438,https://open.spotify.com/track/2XU0oxnq2qxCpomAAuJY8K,happy
2VeJYNq0R3kWIb5IRyRgYh,Believe In Ya,"T-Pain, Yaeji, Girl Talk",Believe In Ya,2025-01-15,40,179089,https://open.spotify.com/track/2VeJYNq0R3kWIb5IRyRgYh,happy
1R6sDs5ovdcweZlFzGxQVD,Walking On Sunshine,Katrina & The Waves,Anthology,1995,34,241426,https://open.spotify.com/track/1R6sDs5ovdcweZlFzGxQVD,happy
7KOlSRYkRfwrndUMEYrikx,Rather Be (feat. Jess Glynne),"Clean Bandit, Jess Glynne",I Cry When I Laugh,2015,39,227833,https://open.spotify.com/track/7KOlSRYkRfwrndUMEYrikx,happy
7sVxvaLH9Bx9YZyBjdRpdQ,Surfin' U.S.A. - Remastered 2001,The Beach Boys,The Very Best Of The Beach Boys: Sounds Of Summer,2003-01-01,41,148276,https://open.spotify.com/track/7sVxvaLH9Bx9YZyBjdRpdQ,happy
6WrI0LAC5M1Rw2MnX2ZvEg,Don't Start Now,Dua Lipa,Don't Start Now,2019-10-31,73,183290,https://open.spotify.com/track/6WrI0LAC5M1Rw2MnX2ZvEg,happy
2gb95RFKmkENznqzuR976c,Swalla,"MITCH DB, Navagio",Swalla,2023-06-15,50,151688,https://open.spotify.com/track/2gb95RFKmkENznqzuR976c,happy
7jYMmMoERkazQziPj9LAqS,I Kissed A Girl,"MITCH DB, Wrex, Navagio",I Kissed A Girl,2024-03-21,49,141445,https://open.spotify.com/track/7jYMmMoERkazQziPj9LAqS,happy
6egvKtS4FL8FNEyBMUu2Yn,No Diggity,"MITCH DB, Thornballin', Navagio",No Diggity,2023-10-12,51,137213,https://open.spotify.com/track/6egvKtS4FL8FNEyBMUu2Yn,happy
1z8wM1mBrEebIuXI4j5pW7,Girl Next Door,"Saco, Liz Beekman",Girl Next Door,2025-11-07,36,170927,https://open.spotify.com/track/1z8wM1mBrEebIuXI4j5pW7,happy
4VVu9lqjGZgHBg3a4XBgNZ,Hello,"MITCH DB, Navagio",Hello,2023-12-28,50,137058,https://open.spotify.com/track/4VVu9lqjGZgHBg3a4XBgNZ,happy
3DBMMpm0BbF3KLseErUMoI,Memories,"Felixx, Navagio",Memories,2024-10-25,50,131142,https://open.spotify.com/track/3DBMMpm0BbF3KLseErUMoI,happy
1d7Ptw3qYcfpdLNL5REhtJ,Taste,Sabrina Carpenter,Short n' Sweet,2024-08-23,70,157279,https://open.spotify.com/track/1d7Ptw3qYcfpdLNL5REhtJ,happy
02VBYrHfVwfEWXk5DXyf0T,Leave The Door Open,"Bruno Mars, Anderson .Paak, Silk Sonic",An Evening With Silk Sonic,2021-11-11,81,242096,https://open.spotify.com/track/02VBYrHfVwfEWXk5DXyf0T,happy
0RUGuh2uSNFJpGMSsD1F5C,It Will Rain,Bruno Mars,The Twilight Saga: Breaking Dawn - Part 1 (Original Motion Picture Soundtrack),2011-11-04,75,257720,https://open.spotify.com/track/0RUGuh2uSNFJpGMSsD1F5C,happy
7BqBn9nzAq8spo5e7cZ0dJ,Just the Way You Are,Bruno Mars,Doo-Wops & Hooligans,2010-05-11,85,220734,https://open.spotify.com/track/7BqBn9nzAq8spo5e7cZ0dJ,happy
0nJW01T7XtvILxQgC5J7Wh,When I Was Your Man,Bruno Mars,Unorthodox Jukebox,2012-12-07,88,213826,https://open.spotify.com/track/0nJW01T7XtvILxQgC5J7Wh,happy
2tJulUYLDKOg9XrtVkMgcJ,Grenade,Bruno Mars,Doo-Wops & Hooligans,2010-05-11,78,222091,https://open.spotify.com/track/2tJulUYLDKOg9XrtVkMgcJ,happy
2G1tXoGBaEMJ7FKGnkf6ud,Wake Up in the Sky,"Gucci Mane, Bruno Mars, Kodak Black",Evil Genius,2018-12-07,75,203161,https://open.spotify.com/track/2G1tXoGBaEMJ7FKGnkf6ud,happy
3xVZYkcuWalGudeKl861wb,Smokin Out The Window,"Bruno Mars, Anderson .Paak, Silk Sonic",An Evening With Silk Sonic,2021-11-11,72,197442,https://open.spotify.com/track/3xVZYkcuWalGudeKl861wb,happy
1ExfPZEiahqhLyajhybFeS,The Lazy Song,Bruno Mars,Doo-Wops & Hooligans,2010-05-11,74,189109,https://open.spotify.com/track/1ExfPZEiahqhLyajhybFeS,happy
5HQVUIKwCEXpe7JIHyY734,"Young, Wild & Free (feat. Bruno Mars)","Snoop Dogg, Wiz Khalifa, Bruno Mars","Young, Wild & Free (feat. Bruno Mars)",2011-10-11,74,207333,https://open.spotify.com/track/5HQVUIKwCEXpe7JIHyY734,happy
0kN8xEmgMW9mh7UmDYHlJP,Versace on the Floor,Bruno Mars,24K Magic,2016-11-17,80,261240,https://open.spotify.com/track/0kN8xEmgMW9mh7UmDYHlJP,happy
3jiKUMXqwEodB7gVv1RMZU,After Last Night (with Thundercat & Bootsy Collins),"Bruno Mars, Anderson .Paak, Silk Sonic, Thundercat, Bootsy Collins",An Evening With Silk Sonic,2021-11-11,72,249444,https://open.spotify.com/track/3jiKUMXqwEodB7gVv1RMZU,happy
7l1qvxWjxcKpB9PCtBuTbU,Count on Me,Bruno Mars,Doo-Wops & Hooligans,2010-05-11,75,197469,https://open.spotify.com/track/7l1qvxWjxcKpB9PCtBuTbU,happy
2M9ULmQwTaTGmAdXaXpfz5,Billionaire (feat. Bruno Mars),"Travie McCoy, Bruno Mars",Billionaire (feat. Bruno Mars),2010-03-09,70,211160,https://open.spotify.com/track/2M9ULmQwTaTGmAdXaXpfz5,happy
2JUQ7mV1AHk2owXLydmN4Z,Love's Train,"Bruno Mars, Anderson .Paak, Silk Sonic",An Evening With Silk Sonic,2021-11-11,65,307014,https://open.spotify.com/track/2JUQ7mV1AHk2owXLydmN4Z,happy
0PG9fbaaHFHfre2gUVo7AN,Please Me,"Cardi B, Bruno Mars",Please Me,2019-02-15,80,200889,https://open.spotify.com/track/0PG9fbaaHFHfre2gUVo7AN,happy
0mBKv9DkYfQHjdMcw2jdyI,Chunky,Bruno Mars,24K Magic,2016-11-17,70,186973,https://open.spotify.com/track/0mBKv9DkYfQHjdMcw2jdyI,happy
2ih2U8ttFzCjnQ5njF3SrR,Gorilla,Bruno Mars,Unorthodox Jukebox,2012-12-07,66,244493,https://open.spotify.com/track/2ih2U8ttFzCjnQ5njF3SrR,happy
4mOWnjz30frv1pKMM6DNfv,Bonde do Brunão,Bruno Mars,Bonde do Brunão,2024-10-15,63,57230,https://open.spotify.com/track/4mOWnjz30frv1pKMM6DNfv,happy
3G5iN5QBqMeXx3uZPy8tgB,Young Girls,Bruno Mars,Unorthodox Jukebox,2012-12-07,68,228720,https://open.spotify.com/track/3G5iN5QBqMeXx3uZPy8tgB,happy
1I6pKIyaBp4OebTGLJpCCC,Perm,Bruno Mars,24K Magic,2016-11-17,63,210053,https://open.spotify.com/track/1I6pKIyaBp4OebTGLJpCCC,happy
7suB6D6uKX5DfPukdGaz0W,Fly As Me,"Bruno Mars, Anderson .Paak, Silk Sonic",An Evening With Silk Sonic,2021-11-12,58,219389,https://open.spotify.com/track/7suB6D6uKX5DfPukdGaz0W,happy
0B0tYbVp7pDQAqKDhgMeaL,Too Good to Say Goodbye,Bruno Mars,24K Magic,2016-11-17,74,281826,https://open.spotify.com/track/0B0tYbVp7pDQAqKDhgMeaL,happy
2mrZYZGmPFV3QOyYPZ1zsn,Straight up & Down,Bruno Mars,24K Magic,2016-11-17,62,198186,https://open.spotify.com/track/2mrZYZGmPFV3QOyYPZ1zsn,happy
6EbduYTr62sSzvl36wWiFM,BLOW (with Chris Stapleton & Bruno Mars),"Ed Sheeran, Chris Stapleton, Bruno Mars",BLOW (with Chris Stapleton & Bruno Mars),2019-07-05,53,209120,https://open.spotify.com/track/6EbduYTr62sSzvl36wWiFM,happy
2NqyjfDXy0XfXCSPXMsKzi,Blast Off,"Bruno Mars, Anderson .Paak, Silk Sonic",An Evening With Silk Sonic,2021-11-12,53,284870,https://open.spotify.com/track/2NqyjfDXy0XfXCSPXMsKzi,happy
4KykoaJQ5UxjCpp3lYkvTE,Liquor Store Blues (feat. Damian Marley),"Bruno Mars, Damian Marley",Doo-Wops & Hooligans,2010-05-11,62,229383,https://open.spotify.com/track/4KykoaJQ5UxjCpp3lYkvTE,happy
7lXOqE38eCr979gp27O5wr,If I Knew,Bruno Mars,Unorthodox Jukebox,2012-12-07,69,132640,https://open.spotify.com/track/7lXOqE38eCr979gp27O5wr,happy
6ObpR8ek44tvWefQRcSo8K,Calling All My Lovelies,Bruno Mars,24K Magic,2016-11-17,64,250080,https://open.spotify.com/track/6ObpR8ek44tvWefQRcSo8K,happy
0inMKhbKWOTDA9UBUAKoU6,Natalie,Bruno Mars,Unorthodox Jukebox,2012-12-07,61,225026,https://open.spotify.com/track/0inMKhbKWOTDA9UBUAKoU6,happy
5lka5RUbLVQGO94mKAPMRO,Put On A Smile,"Bruno Mars, Anderson .Paak, Silk Sonic",An Evening With Silk Sonic,2021-11-12,56,255455,https://open.spotify.com/track/5lka5RUbLVQGO94mKAPMRO,happy
2tCPIp83mRXvVTytTAf1W4,Show Me,Bruno Mars,Unorthodox Jukebox,2012-12-07,59,207560,https://open.spotify.com/track/2tCPIp83mRXvVTytTAf1W4,happy
30raivfq7rSt5nKltiHfzG,Moonshine,Bruno Mars,Unorthodox Jukebox,2012-12-07,61,228573,https://open.spotify.com/track/30raivfq7rSt5nKltiHfzG,happy
2K6vUau7bnZUamjbRSOOvJ,777,"Bruno Mars, Anderson .Paak, Silk Sonic",An Evening With Silk Sonic,2021-11-12,59,165000,https://open.spotify.com/track/2K6vUau7bnZUamjbRSOOvJ,happy
0HasfWMrNxTjycDy9TkRtA,The Other Side (feat. CeeLo Green and B.o.B),"Bruno Mars, B.o.B, CeeLo Green",Doo-Wops & Hooligans,2010-05-11,56,228346,https://open.spotify.com/track/0HasfWMrNxTjycDy9TkRtA,happy
5BmKRyAjCnvkko7Ms00YtA,Our First Time,Bruno Mars,Doo-Wops & Hooligans,2010-05-11,56,243004,https://open.spotify.com/track/5BmKRyAjCnvkko7Ms00YtA,happy
6FPQabaldvKE5cjqRfY9Os,Money Make Her Smile,Bruno Mars,Unorthodox Jukebox,2012-12-07,54,203973,https://open.spotify.com/track/6FPQabaldvKE5cjqRfY9Os,happy
4K09vJ27xCOreumtSuU6Ao,Silk Sonic Intro,"Bruno Mars, Anderson .Paak, Silk Sonic",An Evening With Silk Sonic,2021-11-12,59,63060,https://open.spotify.com/track/4K09vJ27xCOreumtSuU6Ao,happy
3P4v70V3Zt804r2c9dZivK,Somewhere in Brooklyn,Bruno Mars,Doo-Wops & Hooligans,2010-05-11,55,181691,https://open.spotify.com/track/3P4v70V3Zt804r2c9dZivK,happy
6YKT5HoPwjTwhHiCNQsBMK,Talking to the Moon - Acoustic Piano,Bruno Mars,Doo-Wops & Hooligans,2010-05-11,56,217753,https://open.spotify.com/track/6YKT5HoPwjTwhHiCNQsBMK,happy
3L1aanqHBTHmqN6pPcYBgJ,Just the Way You Are (feat. Lupe Fiasco) - 2010 Remix [Remix],"Bruno Mars, Lupe Fiasco",Doo-Wops & Hooligans (Deluxe),2010-05-11,33,238125,https://open.spotify.com/track/3L1aanqHBTHmqN6pPcYBgJ,happy
4yquBJIY3mKsL3pqcU9q0q,Point Of No Return - Live From The Studio,"Adam Port, Monolink",Point Of No Return (Live From The Studio),2023-06-02,0,140113,https://open.spotify.com/track/4yquBJIY3mKsL3pqcU9q0q,happy
1JRwTqV7Gc434iacyjeBkt,Gold,"Nu, Cengiz Can",Gold,2020-03-04,43,368571,https://open.spotify.com/track/1JRwTqV7Gc434iacyjeBkt,happy
06wMMYvmlT9pgJgIctB46Q,So Free,Alex Serra,In The Real World,2019-06-21,51,252236,https://open.spotify.com/track/06wMMYvmlT9pgJgIctB46Q,happy
6Flu33CZc4xS2gkA6cRcNh,Texas Sun,"Khruangbin, Leon Bridges",Texas Sun,2020-02-07,0,252811,https://open.spotify.com/track/6Flu33CZc4xS2gkA6cRcNh,happy
7Gxn5gM3Qi6cYPn4zaWNNb,Moonlight Ride,"Isaac Chambers, Bluey Moon",Moonlight Ride,2018-11-06,0,289600,https://open.spotify.com/track/7Gxn5gM3Qi6cYPn4zaWNNb,happy
7IF0lROP3ZjeZJVS13RJpR,A Sound from the Void,Melodysheep,The Music of Sound,2020-02-25,36,146554,https://open.spotify.com/track/7IF0lROP3ZjeZJVS13RJpR,happy
0fkHdHiGkus3r5aPMqYMKa,What We Leave Behind,Kupla,What We Leave Behind,2021-11-05,33,142545,https://open.spotify.com/track/0fkHdHiGkus3r5aPMqYMKa,happy
0QauAplVsgqQG6Vkp4bEvk,H,Keinemusik,Highsnobiety,2019-11-22,46,203006,https://open.spotify.com/track/0QauAplVsgqQG6Vkp4bEvk,happy
0rvgGiIKX9EqH85S6RD83o,Absence of Gravity,Audio Dope,Absence of Gravity,2020-01-03,32,236987,https://open.spotify.com/track/0rvgGiIKX9EqH85S6RD83o,happy
0CV1BCWRE3WvgwB2kclSVh,I Feel Good,René Aubry,Petits sauts délicats avec grand écart,2018-05-25,40,208147,https://open.spotify.com/track/0CV1BCWRE3WvgwB2kclSVh,happy
1ua6hBq18qZLyprXjMcpyf,Someday,Virgil Howe,Someday,2009-10-19,39,251266,https://open.spotify.com/track/1ua6hBq18qZLyprXjMcpyf,happy
1YmPS3jF3RMCTajDYgTD2q,Ulysses and the Sea,Papooz,Papooz,2015-01-19,57,120165,https://open.spotify.com/track/1YmPS3jF3RMCTajDYgTD2q,happy
2HGdQEuyft4sUIGFpaDi2S,Balera De Mar,Opez,Dead Dance,2015-06-08,0,215056,https://open.spotify.com/track/2HGdQEuyft4sUIGFpaDi2S,happy
0xsWoUGThGgTdfiFdhn4Dt,Untitled 1,Ocelote Rojo,Digging the Blogosphere,2012-03-09,45,171533,https://open.spotify.com/track/0xsWoUGThGgTdfiFdhn4Dt,happy
4uKzc4cK3OOzVPluOAoBj2,Phase 09 - Sombrero,Solar Fields,Until We Meet The Sky,2011-12-20,43,345170,https://open.spotify.com/track/4uKzc4cK3OOzVPluOAoBj2,happy
4AKUOaCRcoKTFnVI9LtsrN,White Gloves,Khruangbin,The Universe Smiles Upon You,2015-11-06,1,218306,https://open.spotify.com/track/4AKUOaCRcoKTFnVI9LtsrN,happy
17OHJfDyorFpjHAhEmbccW,Trauerweide,Stimming x Lambert,Exodus,2018-03-09,36,230192,https://open.spotify.com/track/17OHJfDyorFpjHAhEmbccW,happy
2ZIaH69kaz55RM4Pjx6KXl,Two Thousand and Seventeen,Four Tet,New Energy,2017-09-29,54,252255,https://open.spotify.com/track/2ZIaH69kaz55RM4Pjx6KXl,happy
64gpgh5jBMxyh7iVJll23t,The Sound of Silence,Simon & Garfunkel,The Collection,2002-10-14,0,185200,https://open.spotify.com/track/64gpgh5jBMxyh7iVJll23t,happy
5G3ZKjCHie2Ikr3I4QCQGt,Nil,Christian Löffler,Mare,2016-10-07,40,410949,https://open.spotify.com/track/5G3ZKjCHie2Ikr3I4QCQGt,happy
57c1a9h5kVBhWKQYqbKE8Y,YMA,Boozoo Bajou,Satta,2001,0,390000,https://open.spotify.com/track/57c1a9h5kVBhWKQYqbKE8Y,happy
0Snfykh4GFKKUVx2ozToYK,On the Mountain Top,Superpoze,For We the Living,2017-02-24,0,223466,https://open.spotify.com/track/0Snfykh4GFKKUVx2ozToYK,happy
3MDkws8QGzLrMrWVAbzoXO,Every Time,Boogie Belgique,Volta,2016-09-23,55,241743,https://open.spotify.com/track/3MDkws8QGzLrMrWVAbzoXO,happy
4NRhB5OTb0KNxeV6yb5JP4,End of Sky,Hang Massive,Luminous Emptiness,2018-09-08,0,497020,https://open.spotify.com/track/4NRhB5OTb0KNxeV6yb5JP4,happy
65p97eP4CoW3rG7OIcBgoq,Mumma Don't Tell,Leifur James,A Louder Silence,2018-10-05,0,308252,https://open.spotify.com/track/65p97eP4CoW3rG7OIcBgoq,happy
5LLfL25W8ELqVXOLBhkJOP,Miniyamba,"Yeahman, Mina Shankha, Hajna",Shika Shika / Botanas Series,2018-05-06,0,250786,https://open.spotify.com/track/5LLfL25W8ELqVXOLBhkJOP,happy
4JpG8QBgozejzgDNeAzzSx,Love Songs For Robots,Patrick Watson,Love Songs For Robots,2015-05-12,0,217599,https://open.spotify.com/track/4JpG8QBgozejzgDNeAzzSx,happy
3vZ41qZR29470JVWKsdzsV,Tuur mang Welten,Niklas Paschburg,Tuur mang Welten,2016-11-25,46,277597,https://open.spotify.com/track/3vZ41qZR29470JVWKsdzsV,happy
14rZpPRoQcJeJrBQZ2edCF,Virga,Tipper,Flunked,2017-01-04,37,246143,https://open.spotify.com/track/14rZpPRoQcJeJrBQZ2edCF,happy
2dHP9EkRq46gBdMjbgcRLj,Miraflores,"FEATHERED SUN, Jo.Ke, Chris Schwarzwälder",Bulbo,2016-05-13,42,332770,https://open.spotify.com/track/2dHP9EkRq46gBdMjbgcRLj,happy
7jSPe1uHhxc50TsEuQZNrJ,Rosa,"Rainer Scheurenbrand, Jenna Conrad, Raúl Pereira",Diosana,2017-02-02,41,328328,https://open.spotify.com/track/7jSPe1uHhxc50TsEuQZNrJ,happy
1e1a7eAlICks9mch3UVsEH,Melody Noir,Patrick Watson,Wave,2019-10-18,56,194000,https://open.spotify.com/track/1e1a7eAlICks9mch3UVsEH,happy
2kGMBOPXMtb9gxzVYdplg9,Two Fish and an Elephant,Khruangbin,The Universe Smiles Upon You,2015-11-06,1,213760,https://open.spotify.com/track/2kGMBOPXMtb9gxzVYdplg9,happy
6jIre2jDGPsXm9sQOagu0q,Move On,Pete Josef,Colour,2015-10-23,34,310573,https://open.spotify.com/track/6jIre2jDGPsXm9sQOagu0q,happy
4F17fOFNxTHhNk6fXq46w6,Everybody Loves The Sunshine,"Takuya Kuroda, José James",Rising Son,2014-01-01,51,565502,https://open.spotify.com/track/4F17fOFNxTHhNk6fXq46w6,happy
64cR8bRHatXuVJNd2Lg6TX,Surrender,Ólöf Arnalds,Innundir Skinni,2010-09-13,0,323213,https://open.spotify.com/track/64cR8bRHatXuVJNd2Lg6TX,happy
3vNhE0W0zQSopAZ5pyad9d,Formosa,Samart,Calling You Home,2011-07-25,23,423440,https://open.spotify.com/track/3vNhE0W0zQSopAZ5pyad9d,happy
1rox2i78IScnOtSBK68dwh,Traveling Blues,"The Human Experience, Lights in the Sky, Mal Webb",Broken Open,2017-02-14,0,232153,https://open.spotify.com/track/1rox2i78IScnOtSBK68dwh,happy
7mptueK99zxqmgIdT3SaWF,Spirit Bird,Xavier Rudd,Spirit Bird,2012-06-05,0,429235,https://open.spotify.com/track/7mptueK99zxqmgIdT3SaWF,happy
6YPRWU79U3rbxUN1Gy5SoR,10 Laws,East Forest,The Education of the Individual Soul,2008-01-01,0,259746,https://open.spotify.com/track/6YPRWU79U3rbxUN1Gy5SoR,happy
2RASyjlXSdqZXV4LsEzk2N,Raoui,Souad Massi,Raoui,2001,0,226933,https://open.spotify.com/track/2RASyjlXSdqZXV4LsEzk2N,happy
1TkEWtBcGGo3iEryzHB7LG,Soul Alphabet,Colleen,Captain Of None,2015-04-07,39,294256,https://open.spotify.com/track/1TkEWtBcGGo3iEryzHB7LG,happy
5nqvTmSm0tQmRndmB4Dn1t,Pale Skin,Christian Löffler,A Forest,2012-06-15,41,230991,https://open.spotify.com/track/5nqvTmSm0tQmRndmB4Dn1t,happy
2SSGN6UrTZWOIGmIwHWSIK,Overnight,Chilly Gonzales,Solo Piano,2004,0,202840,https://open.spotify.com/track/2SSGN6UrTZWOIGmIwHWSIK,happy
1tohi5NQEpXI81oMHc2Yve,In the Androgynous Dark,Brambles,Charcoal,2012-10-22,0,283000,https://open.spotify.com/track/1tohi5NQEpXI81oMHc2Yve,happy
2vAi5nLRH3ydCiwBjynOs4,Rainbows - Live,"Sepalot, Fabian Füss, Angela Aux, Matthias Lindermayr",A New Cycle,2018-11-02,38,499293,https://open.spotify.com/track/2vAi5nLRH3ydCiwBjynOs4,happy
2HyzvdOcJLmeAMoxx2VoP3,All Related,Nessi Gomes,Diamonds & Demons,2016-10-14,52,369449,https://open.spotify.com/track/2HyzvdOcJLmeAMoxx2VoP3,happy
5TfIL9BMItna4HdDe4b5Br,Machi,Peia,Four Great Winds,2015-10-30,0,459000,https://open.spotify.com/track/5TfIL9BMItna4HdDe4b5Br,happy
3cBeZh1L3646SicBYHxmnu,Dawn,Niklas Paschburg,Dawn,2014-11-16,41,223918,https://open.spotify.com/track/3cBeZh1L3646SicBYHxmnu,happy
1QxJy1uqmjbcWUvg0OxIxH,London Bridges,Grandbrothers,Open,2017-10-20,0,315813,https://open.spotify.com/track/1QxJy1uqmjbcWUvg0OxIxH,happy
0FHUc53O9m8pYmIZodzet1,I Am the Changer,Den Dala,I Am the Changer,2022-06-03,0,213080,https://open.spotify.com/track/0FHUc53O9m8pYmIZodzet1,happy
5lIOhDGfy2lQJWWwxBm8L4,Quelqu'un m'a dit,Carla Bruni,Quelqu'un m'a dit,2002-11-05,59,168626,https://open.spotify.com/track/5lIOhDGfy2lQJWWwxBm8L4,happy
1Idw9ktw7yEkJmsOOrBpmd,Hamburg (Turtle Rework),Mt. Wolf,Red (Deluxe Version),2015-06-11,0,311658,https://open.spotify.com/track/1Idw9ktw7yEkJmsOOrBpmd,happy
6cgpls7GPR5K1NYPU1malK,Lace,Random Rab,aRose,2009,0,227253,https://open.spotify.com/track/6cgpls7GPR5K1NYPU1malK,happy
5WNgbLnDlU0VRd7XOomHdv,You're My Chocolate,Savages,Five Finger Discount,2016-07-29,38,323581,https://open.spotify.com/track/5WNgbLnDlU0VRd7XOomHdv,happy
3dJXvBddoH1AGLpKvmbYDA,Time for Space,Emancipator,Baralku,2017-11-17,0,433613,https://open.spotify.com/track/3dJXvBddoH1AGLpKvmbYDA,happy
0PJcDvLOhj2u6CNaGtvvet,Les choristes,"Bruno Coulais, La Maîtrise de Saint Marc - LES CHORISTES",Die Kinder des Monsieur Mathieu (Original Motion Picture Soundtrack),2004-03-17,0,92293,https://open.spotify.com/track/0PJcDvLOhj2u6CNaGtvvet,happy
1oCHMNWzKJdwdwjsPMjXf3,Cumbia del Olvido,Nicola Cruz,Prender el Alma,2015-10-30,58,216015,https://open.spotify.com/track/1oCHMNWzKJdwdwjsPMjXf3,happy
1xTMo9M0UWSarnMlRBCXXe,The Secret Kissing of the Sun and Moon,Hang Massive,Luminous Emptiness,2018-09-08,0,537920,https://open.spotify.com/track/1xTMo9M0UWSarnMlRBCXXe,happy
6vTtMyCg96xwpoIBws9K0Q,Feels Like We Only Go Backwards,Tame Impala,Lonerism,2012-01-01,0,192960,https://open.spotify.com/track/6vTtMyCg96xwpoIBws9K0Q,happy
24ylIO48nRsdaONlM8l2HF,Time Is the Enemy,Quantic,The 5th Exotic,2001-06-19,58,219880,https://open.spotify.com/track/24ylIO48nRsdaONlM8l2HF,happy
53NSKqbkbEXM68YTxJGvPM,Tearz,"El Michels Affair, Lee Fields, The Shacks",Return To The 37th Chamber,2017-04-14,0,151926,https://open.spotify.com/track/53NSKqbkbEXM68YTxJGvPM,happy
3qMafnX3yXjzvQf3cRCDrn,Forever Changeless,Nils Frahm,All Melody,2018-01-26,37,167318,https://open.spotify.com/track/3qMafnX3yXjzvQf3cRCDrn,happy
159xHPF9XxKuMWEsB9Pg5W,Daydream in Blue - BBC Radio 2 Session,I Monster,Dear John EP,2009-11-02,45,238737,https://open.spotify.com/track/159xHPF9XxKuMWEsB9Pg5W,happy
3LxQmpUDVo9KBfkMTxgmza,Cunumicita,"Mala, Danitse",Mirrors,2016-06-24,0,140666,https://open.spotify.com/track/3LxQmpUDVo9KBfkMTxgmza,happy
482BNjycfik4vDZ8VjX5Om,Chanson triste,Carla Bruni,Quelqu'un m'a dit,2002-11-05,46,213586,https://open.spotify.com/track/482BNjycfik4vDZ8VjX5Om,happy
1UH4viviUjZnS9aWgPGrk0,La vie en rose - Single Version,Louis Armstrong,The Best Of The Decca Years Volume One: The Singer,1989-01-01,56,204400,https://open.spotify.com/track/1UH4viviUjZnS9aWgPGrk0,happy
4rMXiffcTBsg1QJUcV9Rhn,Midnight Snack,HOMESHAKE,Midnight Snack,2015-09-18,0,174342,https://open.spotify.com/track/4rMXiffcTBsg1QJUcV9Rhn,happy
2NLAQ5IHQbMzTa0nCK0mkU,A Soft Embrace,Deep Inside,Silent Shores,2014-03-04,0,158133,https://open.spotify.com/track/2NLAQ5IHQbMzTa0nCK0mkU,happy
1C0bWhNWIF3yBdjNh4GlCT,Wonderful Life,Katie Melua,Ultimate Collection,2018-10-05,0,244106,https://open.spotify.com/track/1C0bWhNWIF3yBdjNh4GlCT,happy
2MddqD0MryxIAKS03raHsz,You Wish,Nightmares On Wax,In A Space Outta Sound,2006-02-20,1,210466,https://open.spotify.com/track/2MddqD0MryxIAKS03raHsz,happy
3dsd09qrt34YuS6NPbQtYq,The Magician,Andy Shauf,The Party,2016-05-20,47,231838,https://open.spotify.com/track/3dsd09qrt34YuS6NPbQtYq,happy
7zkLpY72g6lKQbiHDqri1S,Sunrise,Norah Jones,Feels Like Home,2004-01-01,73,200626,https://open.spotify.com/track/7zkLpY72g6lKQbiHDqri1S,happy
2SPTGg9SC5MT1FwNX4IYfx,Greenland,Emancipator,Safe In the Steep Cliffs,2010-06-29,0,191066,https://open.spotify.com/track/2SPTGg9SC5MT1FwNX4IYfx,happy
0lnfcWRREvnGtXPP2ZDeq7,Que Sera,Wax Tailor,Tales of the Forgotten Melodies,2005-02-22,0,164093,https://open.spotify.com/track/0lnfcWRREvnGtXPP2ZDeq7,happy
4yXk2RU7dpPEPgqRnnHRcI,Ungodly Fruit,Wax Tailor,Tales of the Forgotten Melodies,2005-02-22,0,180333,https://open.spotify.com/track/4yXk2RU7dpPEPgqRnnHRcI,happy
6WuZeRJ8RWPdNgtqLNqn4F,Dusk to Dawn,Emancipator,Dusk to Dawn,2013-01-29,51,325744,https://open.spotify.com/track/6WuZeRJ8RWPdNgtqLNqn4F,happy
3oEMnpisOfU783XlG6BgGN,Ayahuasca (The Lone Wolf),"Marcus D, Nitsua",The Lone Wolf LP,2015-03-11,0,256342,https://open.spotify.com/track/3oEMnpisOfU783XlG6BgGN,happy
6DRJodBYtXRhomceUa2N4O,Micro e Macro,Y E L A G U A,Urban Cosmonaut Reveries,2017-12-18,0,322000,https://open.spotify.com/track/6DRJodBYtXRhomceUa2N4O,happy
5RYHcdefsC4KQzj9l9NehZ,How Did I Get Here - Instrumental Version,ODESZA,Late Night Tales: Ólafur Arnalds,2016-06-24,26,130000,https://open.spotify.com/track/5RYHcdefsC4KQzj9l9NehZ,happy
7pBud054VWrJpGh5shRSsB,Veiled Grey,Christian Löffler,Young Alaska,2014-04-21,34,350104,https://open.spotify.com/track/7pBud054VWrJpGh5shRSsB,happy
5L9MdJjYonYyktDQk2Ei6b,Mona Ki Ngi Xica,Bonga,The Lusafrica Series : Angola 72/74,2013-09-30,43,296960,https://open.spotify.com/track/5L9MdJjYonYyktDQk2Ei6b,happy
1LjDVV9sjJvvqE4ropBTSt,C.R.E.A.M.,El Michels Affair,Enter The 37th Chamber,2009-04-17,0,173826,https://open.spotify.com/track/1LjDVV9sjJvvqE4ropBTSt,happy
3IuCUFbRlEXQv9Wjbbxyys,Midnat,Bremer/McCoy,Ordet,2015-04-13,49,216362,https://open.spotify.com/track/3IuCUFbRlEXQv9Wjbbxyys,happy
4CFxa5FH7VSyYrlIep3HfX,Naturaleza (Mose Edit),"Danit, Mose",Naturaleza (Mose Edit),2018-07-11,0,445217,https://open.spotify.com/track/4CFxa5FH7VSyYrlIep3HfX,happy
0Sg9bWEaPtDO2JE7qwcMvy,The End of the World,Sharon Van Etten,The End of the World,2017-03-03,47,178640,https://open.spotify.com/track/0Sg9bWEaPtDO2JE7qwcMvy,happy
0BeAL5sGX7mxLNDWUJ36Ci,I Am The Changer,Cotton Jones,Paranoid Cocoon,2009-01-27,0,394840,https://open.spotify.com/track/0BeAL5sGX7mxLNDWUJ36Ci,happy
01Q3OyB05mLgH01fpdAMPP,Wait,M83,"Hurry up, We're Dreaming",2011-10-17,71,343253,https://open.spotify.com/track/01Q3OyB05mLgH01fpdAMPP,happy
6IF2P93LkyW4GqDQu1yS7H,Here with Me,"Susie Suh, Robot Koch",Here with Me,2014-05-19,53,238971,https://open.spotify.com/track/6IF2P93LkyW4GqDQu1yS7H,happy
3GZvy4B0ZzMjoDezkiDekS,Pompidou,Portico Quartet,Knee-Deep In the North Sea,2007,48,193066,https://open.spotify.com/track/3GZvy4B0ZzMjoDezkiDekS,happy
54KPTl41PC7e2yf0oDjtC9,Margin - Zachary Gray Remix,"Benoît Pioulard, Zachary Gray",Hymnal (Remixes),2014-01-21,25,224175,https://open.spotify.com/track/54KPTl41PC7e2yf0oDjtC9,happy
7h4zfJe5KFg9zUedbWmhGl,Yr Love,Holy Other,With U,2011-06-06,0,282214,https://open.spotify.com/track/7h4zfJe5KFg9zUedbWmhGl,happy
30u5328ERA8OFk3qrla5m2,Natural Cause,Emancipator,Dusk to Dawn,2013-01-29,46,315768,https://open.spotify.com/track/30u5328ERA8OFk3qrla5m2,happy
7cHRys0Lhk9642dLaPUMkm,Soon It Will Be Cold Enough to Build Fires,Emancipator,Soon It Will Be Cold Enough,2006-12-06,47,180520,https://open.spotify.com/track/7cHRys0Lhk9642dLaPUMkm,happy
6QLp8WLQlkqSd9l5fEt36R,Moon,Little People,Mickey Mouse Operation,2006-09-04,51,227866,https://open.spotify.com/track/6QLp8WLQlkqSd9l5fEt36R,happy
5GiEgcvmqbD1WgHzICDvOb,Bridges,Koresma,Bridges,2016-04-23,36,221333,https://open.spotify.com/track/5GiEgcvmqbD1WgHzICDvOb,happy
07eGxuz8bL6QMsRqEe1Adu,Svefn-g-englar,Sigur Rós,Ágætis byrjun,1999-06-12,58,606850,https://open.spotify.com/track/07eGxuz8bL6QMsRqEe1Adu,happy
052z2UsE2wPrHsBJ9tly0g,Playground Love,"Air, Gordon Tracks",The Virgin Suicides (Original Motion Picture Score),2000-02-25,10,211500,https://open.spotify.com/track/052z2UsE2wPrHsBJ9tly0g,happy
2TFXdRFnNtBCIWjDtJ6oIX,Sea Of Voices,Porter Robinson,Sea Of Voices,2014-03-03,0,298980,https://open.spotify.com/track/2TFXdRFnNtBCIWjDtJ6oIX,happy
0QhRc9zvsoJ08eqGiRSu38,Desert Raven,Jonathan Wilson,Gentle Spirit,2011-08-15,48,478413,https://open.spotify.com/track/0QhRc9zvsoJ08eqGiRSu38,happy
31sA8ISj9szuMramrDUIgT,Warmth of the Sun's Rays,Hang Massive,Luminous Emptiness,2018-09-08,0,553831,https://open.spotify.com/track/31sA8ISj9szuMramrDUIgT,happy
0cFyMyGiXySrooKVF8qWnH,Amniotic,Monolink,Amniotic,2018-04-20,37,450813,https://open.spotify.com/track/0cFyMyGiXySrooKVF8qWnH,happy
02ARurN3YINKqNGod37rt7,Tierra Azul,Vibrasphere,Archipelago,2006-04-11,33,415813,https://open.spotify.com/track/02ARurN3YINKqNGod37rt7,happy
2EWnKuspetOzgfBtmaNZvJ,Familiar,Agnes Obel,Citizen of Glass,2016-10-21,63,235988,https://open.spotify.com/track/2EWnKuspetOzgfBtmaNZvJ,happy
2hlT89txX7ehfXmDwPPsDj,A Calf Born in Winter,Khruangbin,A Calf Born in Winter,2014-05-26,0,209024,https://open.spotify.com/track/2hlT89txX7ehfXmDwPPsDj,happy
10lFD0kqBuJTa3f0YqXtNH,At The River,Groove Armada,Northern Star 15th Anniversary,2014-02-11,37,394933,https://open.spotify.com/track/10lFD0kqBuJTa3f0YqXtNH,happy
65x8PLeBCisLJVSibyXemB,Mul Mantra,Snatam Kaur,Anand Bliss,2006-12-02,55,475826,https://open.spotify.com/track/65x8PLeBCisLJVSibyXemB,happy
1OLEDVEEYO7cZVNlPV59AB,The Riddle,"Goopsteppa, Rou",Aurora Ep,2016-02-17,26,251040,https://open.spotify.com/track/1OLEDVEEYO7cZVNlPV59AB,happy
0DikFQ9fBQnpvtXGAAgElv,Tierra Azul - Omnimotion Remix,"Vibrasphere, Krister Linder, Omnimotion",Archipelago (Remixed),2007-03-23,33,217093,https://open.spotify.com/track/0DikFQ9fBQnpvtXGAAgElv,happy
7sRMepOClh09cgoSE0Qhts,Them Is Us,Rival Consoles,Them Is Us,2018-10-19,37,346171,https://open.spotify.com/track/7sRMepOClh09cgoSE0Qhts,happy
6e65fH1wClamA2QPI5HUi3,Prickly Pear,Portico Quartet,Knee-Deep In the North Sea,2007,48,341880,https://open.spotify.com/track/6e65fH1wClamA2QPI5HUi3,happy
3gE9U5mNrJewDXN1wU7d8x,Mt. Wolf - Life Size Ghosts - Catching Flies Remix,Catching Flies,The Stars,2012,51,254117,https://open.spotify.com/track/3gE9U5mNrJewDXN1wU7d8x,happy
4lvpzkGh5OpHSHKEdFzyem,Ulenflucht,Niklas Paschburg,Tuur mang Welten,2016-11-25,39,238872,https://open.spotify.com/track/4lvpzkGh5OpHSHKEdFzyem,happy
2pYvd6cHcAIMAM6xMD6nok,Break Apart,"Bonobo, Rhye",Migration,2017-01-13,55,274693,https://open.spotify.com/track/2pYvd6cHcAIMAM6xMD6nok,happy
73eUiyq2OGr7JtOmgbyMxj,El Jardin,Hermanos Gutiérrez,8 Años,2017-01-06,0,200725,https://open.spotify.com/track/73eUiyq2OGr7JtOmgbyMxj,happy
6BGlP9eGVEvAXUf3I9mdSA,Something,Weval,Half Age EP,2013-03-19,0,223972,https://open.spotify.com/track/6BGlP9eGVEvAXUf3I9mdSA,happy
7DB5RP6zdF2GicNnqCL2je,Das ganze Boot auf Acid,Christopher Schwarzwälder,Akumal,2012-12-22,0,299730,https://open.spotify.com/track/7DB5RP6zdF2GicNnqCL2je,happy
6rqONVHOT73QecUdJ5HVHy,Paper Trails,DARKSIDE,Psychic,2013-10-04,0,289840,https://open.spotify.com/track/6rqONVHOT73QecUdJ5HVHy,happy
281ioxkZbJ3p9hCvjD2bon,Everything I Am Is Yours,Villagers,Darling Arithmetic,2015-04-13,60,210013,https://open.spotify.com/track/281ioxkZbJ3p9hCvjD2bon,happy
0E9vvI2kGtr8TUW2kJmGX4,Courage,Villagers,Darling Arithmetic,2015-04-13,47,287413,https://open.spotify.com/track/0E9vvI2kGtr8TUW2kJmGX4,happy
3b4WEsIhYW8DAEImZzd98C,By the Sea,"Gone Gone Beyond, The Human Experience, Semes",Things Are Changing,2019-03-29,0,242285,https://open.spotify.com/track/3b4WEsIhYW8DAEImZzd98C,happy
2OqOBZa7eo6XHZaNBApdX9,Passengers,"Roderic, Jacqueline Jones",It All Depends,2018-06-22,0,408807,https://open.spotify.com/track/2OqOBZa7eo6XHZaNBApdX9,happy
4Fn7ws4ppJ8kWkqsvPgeCX,Norr,pølaroit,Norr,2020-05-01,36,196125,https://open.spotify.com/track/4Fn7ws4ppJ8kWkqsvPgeCX,happy
7ekNZnJCNvTpeO3F4g8MRN,Rakoon Riddim,JPattersson,Folks & Fanfare,2018-06-01,35,452000,https://open.spotify.com/track/7ekNZnJCNvTpeO3F4g8MRN,happy
6q1yhCi0CBGWmbPIamAL9M,Underwater Love - Radio Edit,Smoke City,Essential - Chill Out,2010-09-10,39,237653,https://open.spotify.com/track/6q1yhCi0CBGWmbPIamAL9M,happy
2xRTlnCsKHtnCahchPso2L,Dope Vhs Master,Desmond Cheese,Fame & Fortune,2010-10-10,0,314400,https://open.spotify.com/track/2xRTlnCsKHtnCahchPso2L,happy
6yesJbF1pkw5hXYwVHjJr1,Sensitive,Jean du Voyage,Mantra,2016-10-21,48,224412,https://open.spotify.com/track/6yesJbF1pkw5hXYwVHjJr1,happy
1DtPDFVG04zZdtbRWDy5Do,Adhara,Mop Mop,Lunar Love,2016-05-06,0,311973,https://open.spotify.com/track/1DtPDFVG04zZdtbRWDy5Do,happy
7H99Z4CGfkS8foQqG5tFUb,Warm My Soul - with Courtney John,Blundetto,Warm My Soul,2012-02-13,0,243186,https://open.spotify.com/track/7H99Z4CGfkS8foQqG5tFUb,happy
4DicdCZ3vgY8fOzCiuQ657,Just for a Day - Sunday,TM Juke,Maps from the Wilderness,2003-10-13,49,272946,https://open.spotify.com/track/4DicdCZ3vgY8fOzCiuQ657,happy
0ILSCyzNLMeLTegxt0joQX,Kepesh,Arms and Sleepers,The Organ Hearts,2011-05-13,0,328124,https://open.spotify.com/track/0ILSCyzNLMeLTegxt0joQX,happy
4NpPKFIQXU3ZrlcG7T6PTT,Paspatou,Parra for Cuva,Paspatou,2018-11-22,0,269400,https://open.spotify.com/track/4NpPKFIQXU3ZrlcG7T6PTT,happy
2BLRAFE3l3qclkNM5SKuCj,Dusk to Dawn,Josh Leake,Dusk to Dawn,2018-01-28,0,273725,https://open.spotify.com/track/2BLRAFE3l3qclkNM5SKuCj,happy
32HnpHOQjhWREkRYXVTUYc,Painting Silhouettes,Quantic,Magnetica,2014-05-05,51,202466,https://open.spotify.com/track/32HnpHOQjhWREkRYXVTUYc,happy
0Ez0HcZneugrMqIYjlmBFR,Never Forget,Kupla,All Natural,2018-02-12,44,112519,https://open.spotify.com/track/0Ez0HcZneugrMqIYjlmBFR,happy
5ftamIDoDRpEvlZinDuNNW,Flip Ya Lid,Nightmares On Wax,In A Space Outta Sound,2006-02-20,0,324173,https://open.spotify.com/track/5ftamIDoDRpEvlZinDuNNW,happy
1ujxjsoNvh4XgS2fUNwkZ2,Space Song,Beach House,Depression Cherry,2015-08-28,74,320466,https://open.spotify.com/track/1ujxjsoNvh4XgS2fUNwkZ2,happy
11wkiISsgi9PCL0lBdTuwb,Venganza,Hermanos Gutiérrez,8 Años,2017-01-06,0,174000,https://open.spotify.com/track/11wkiISsgi9PCL0lBdTuwb,happy
6yw8KDkUJ468SsbKPlF1vA,Boardwalk,Doctor Flake,Divagations,2018-02-23,28,316818,https://open.spotify.com/track/6yw8KDkUJ468SsbKPlF1vA,happy
51nLU6TLdqeh8HZNKp9lyh,Watch Your Step,David August,Times,2013-04-19,0,349300,https://open.spotify.com/track/51nLU6TLdqeh8HZNKp9lyh,happy
0pCTr2E9CtulIwNprituKi,Ms,alt-J,An Awesome Wave,2012-09-18,51,238746,https://open.spotify.com/track/0pCTr2E9CtulIwNprituKi,happy
4crrMB4yvU6b0sXwdrTSJr,Lazy on the River,Joey Pecoraro,Tired Boy,2017-02-22,0,182068,https://open.spotify.com/track/4crrMB4yvU6b0sXwdrTSJr,happy
5gRw4QFxiKlx8J5bBrTPJp,Toad Lick,East Forest,"Klassik Lounge Nightflight, Vol. 7 (Compiled by DJ Nartak)",2015-03-31,0,214773,https://open.spotify.com/track/5gRw4QFxiKlx8J5bBrTPJp,happy
2Ek6Ao77HDP3J6VcvR1qaH,Indignant,Musicoleptic,"Klassik Lounge Nightflight, Vol. 7 (Compiled by DJ Nartak)",2015-03-31,0,330706,https://open.spotify.com/track/2Ek6Ao77HDP3J6VcvR1qaH,happy
2wEHxTBxLJk3vYzyW6dsAU,Glory Box - Live,Portishead,Roseland NYC Live,1998-01-01,62,337200,https://open.spotify.com/track/2wEHxTBxLJk3vYzyW6dsAU,happy
5MjMvRHjOOIV6tA7OmC7mj,The Moon (feat. House of Spirituals),"Hindi Zahra, House of Spirituals",The Moon (feat. House of Spirituals),2016-02-19,0,275653,https://open.spotify.com/track/5MjMvRHjOOIV6tA7OmC7mj,happy
0hhUzxoJUqzOHjOG5y6HXX,Amigos,Richard Houghten,Music for Drifters,2019-03-05,43,234607,https://open.spotify.com/track/0hhUzxoJUqzOHjOG5y6HXX,happy
6IDxzMPyrbvusWD0YgpsrN,Tender Love,"Mounika., Ocie Elliott",Tender Love,2020-05-15,0,203500,https://open.spotify.com/track/6IDxzMPyrbvusWD0YgpsrN,happy
4VBR3KptORIDW9dRAeLpCn,August 10,Khruangbin,Con Todo El Mundo,2018-01-26,0,265410,https://open.spotify.com/track/4VBR3KptORIDW9dRAeLpCn,happy
3rebdx069kVkZhHqzsdJqs,Crystalline,Younger Brother,Vaccine,2011-04-24,29,329640,https://open.spotify.com/track/3rebdx069kVkZhHqzsdJqs,happy
7bL6QGgTBbQSj8MMo6o1tB,With The Ink Of A Ghost,José González,Vestiges & Claws,2015-02-17,34,318906,https://open.spotify.com/track/7bL6QGgTBbQSj8MMo6o1tB,happy
2NWh2vCtpwqy4Xa7e0iFz9,In the Real World,Alex Serra,In The Real World,2019-06-21,49,258420,https://open.spotify.com/track/2NWh2vCtpwqy4Xa7e0iFz9,happy
1E4tRmvGPkBc0ti1hFGOZV,Crisantemo,"Weste, Wen, Igna",Huestes,2017-05-12,36,228714,https://open.spotify.com/track/1E4tRmvGPkBc0ti1hFGOZV,happy
5wuMgzTz4CEypdWabWjkLp,Nissim,"The Gaslamp Killer, Amir Yaghmai",Breakthrough,2012-09-18,0,271822,https://open.spotify.com/track/5wuMgzTz4CEypdWabWjkLp,happy
708BmbNyEFsWl0PQXWHknO,cielo,n o r m a l,cielo,2019-04-09,0,150093,https://open.spotify.com/track/708BmbNyEFsWl0PQXWHknO,happy
2YCcYjoyShxR1fko25WTdc,Summer Days,"Radio Citizen, Bajka",Hope and Despair,2010-10-19,48,276453,https://open.spotify.com/track/2YCcYjoyShxR1fko25WTdc,happy
4a9fW33mYR8LhXBOLUhbfF,Past Life,Tame Impala,Currents,2015-07-17,63,228040,https://open.spotify.com/track/4a9fW33mYR8LhXBOLUhbfF,happy
1RI9Qpt8QbYtwfCW8npcO1,I Didn't Know,Skinshape,Filoxiny,2018-11-23,1,218626,https://open.spotify.com/track/1RI9Qpt8QbYtwfCW8npcO1,happy
0Qm14E0Scc9hpGPwhowHEP,Dissolve,Liquid Stranger,Dissolve,2016-07-01,42,392592,https://open.spotify.com/track/0Qm14E0Scc9hpGPwhowHEP,happy
6GVmcfHhkfuRC6FRGJbX2p,Zapata's Boots,Tommy Guerrero,Return of the Bastard,2008-02-26,42,164066,https://open.spotify.com/track/6GVmcfHhkfuRC6FRGJbX2p,happy
1SL5a4aSDTmwcwO8Dm8lWA,Words Remain,"Moderator, Josh Garrels",The World Within,2015-02-19,0,207283,https://open.spotify.com/track/1SL5a4aSDTmwcwO8Dm8lWA,happy
7bQ585tb4fd6HnCsCFXGRy,Qu'attendez Vous De Moi ?,Degiheugi,Endless Smile,2015-05-05,0,240202,https://open.spotify.com/track/7bQ585tb4fd6HnCsCFXGRy,happy
1dB1p3ElTxtuEZLirN1SLa,Dubble Down,Ean Golden,Love and Shadow,2019-01-17,13,229714,https://open.spotify.com/track/1dB1p3ElTxtuEZLirN1SLa,happy
3DyQ9jwmYEcEi49ovI4GxB,Mission Venice,Nightmares On Wax,N.O.W. Is The Time,2014-06-16,0,170028,https://open.spotify.com/track/3DyQ9jwmYEcEi49ovI4GxB,happy
7DqTaelFf846rl1CHmyfOW,Chan Chan,Buena Vista Social Club,Buena Vista Social Club,1997-09-16,0,257737,https://open.spotify.com/track/7DqTaelFf846rl1CHmyfOW,happy
0iFj8QYWDgUdbCc0ON0o7M,Opening,Superpoze,Opening,2015-04-06,0,282640,https://open.spotify.com/track/0iFj8QYWDgUdbCc0ON0o7M,happy
6VqCe4PcokSekHPJQaDx0B,Blue Moon - Take 9/M,Elvis Presley,Elvis Presley,1956-03-23,51,162213,https://open.spotify.com/track/6VqCe4PcokSekHPJQaDx0B,happy
1F6NFuWx1t2zUil9jFqE54,Intro,Stimming x Lambert,Exodus,2018-03-09,30,107001,https://open.spotify.com/track/1F6NFuWx1t2zUil9jFqE54,happy
1KaIhcirtjBdEftZw4rp4o,Grauer Beton - Lambert Rework,Lambert,Grauer Beton (Lambert Rework),2018-11-30,0,244171,https://open.spotify.com/track/1KaIhcirtjBdEftZw4rp4o,happy
4jbmBkyBit7Geqa5tALgWf,Over & Over,Seahawks,Eyes of the Moon,2019-03-15,0,178703,https://open.spotify.com/track/4jbmBkyBit7Geqa5tALgWf,happy
54WIS7qug0Gnt65eD9gg8g,Some Sunsick Day,Morgan Delt,Phase Zero,2016-08-26,0,311280,https://open.spotify.com/track/54WIS7qug0Gnt65eD9gg8g,happy
0Bl1Gt8R9kjz7JO7SYAuhe,Shalala,Moses Gunn Collective,Mercy Mountain,2015-08-07,54,228015,https://open.spotify.com/track/0Bl1Gt8R9kjz7JO7SYAuhe,happy
5nCk7XRpE5OQvLfKb6YCpU,Big Medicine - Bluetech Remix,Mari Boine,Love Songs to the Source,2010-05-03,0,420773,https://open.spotify.com/track/5nCk7XRpE5OQvLfKb6YCpU,happy
6Rqn2GFlmvmV4w9Ala0I1e,Feeling Good,Nina Simone,I Put A Spell On You,1965-06-01,75,174000,https://open.spotify.com/track/6Rqn2GFlmvmV4w9Ala0I1e,happy
1EXJjENIAkevp1omvBqf8p,Love You,The Free Design,The Best Of,2001-01-01,29,145733,https://open.spotify.com/track/1EXJjENIAkevp1omvBqf8p,happy
0scrtPmtlIVwwk9s4LXJ8n,Son Of A Preacher Man,Dusty Springfield,The Silver Collection,1988-01-01,56,146626,https://open.spotify.com/track/0scrtPmtlIVwwk9s4LXJ8n,happy
2YzoCJ0Litn3vZi9ro3CuA,Intentions,The Whitest Boy Alive,Rules,2009-02-27,46,219426,https://open.spotify.com/track/2YzoCJ0Litn3vZi9ro3CuA,happy
1Og2Qi5XwYdr0YI6rn79Zb,Everybody’s Gotta Live,Love,Reel To Real,1974,0,204521,https://open.spotify.com/track/1Og2Qi5XwYdr0YI6rn79Zb,happy
3dkIE8P7hvl3tHl9KSb6dA,"Non, je ne regrette rien",Édith Piaf,Eternelle,1987-10-31,67,142280,https://open.spotify.com/track/3dkIE8P7hvl3tHl9KSb6dA,happy
0bxcUgWlOURkU6lZt4zog0,Locket,Crumb,Locket,2017-06-23,0,318378,https://open.spotify.com/track/0bxcUgWlOURkU6lZt4zog0,happy
0wXuerDYiBnERgIpbb3JBR,Redbone,Childish Gambino,"""Awaken, My Love!""",2016-12-02,3,326933,https://open.spotify.com/track/0wXuerDYiBnERgIpbb3JBR,happy
5ZVujHtwnsqFJvLnqRSdch,Bad Karma,Axel Thesleff,Bad Karma,2014-04-21,2,416000,https://open.spotify.com/track/5ZVujHtwnsqFJvLnqRSdch,happy
5dXlrWZ1T7vKsLkG1MArYI,Guitare bambou,René Aubry,Petits sauts délicats avec grand écart,2018-05-25,39,171460,https://open.spotify.com/track/5dXlrWZ1T7vKsLkG1MArYI,happy
02HlNztgEFU65Nfp64N0lh,Transient Transmission - Deep Fried Dub's Battered mix,"Pitch Black, Deep Fried Dub","Rhythm, Sound and Movement",2009-05-12,36,358009,https://open.spotify.com/track/02HlNztgEFU65Nfp64N0lh,happy
0a0xmwa0ik3iBKf6SsIe14,Elbow Pain,Glue Trip,Glue Trip,2015-02-18,44,333519,https://open.spotify.com/track/0a0xmwa0ik3iBKf6SsIe14,happy
3uNxAnCEZ12rSH953QguLy,Know Where,Holy Other,With U,2011-06-06,0,208352,https://open.spotify.com/track/3uNxAnCEZ12rSH953QguLy,happy
2st24VONuY9hqiGAPkhyua,Tamiditine,Bombino,Nomad,2013-01-28,41,279346,https://open.spotify.com/track/2st24VONuY9hqiGAPkhyua,happy
0WSlOSMLJWoWUpWci9nnRb,Cissy Strut,The Meters,The Meters,1969,60,186853,https://open.spotify.com/track/0WSlOSMLJWoWUpWci9nnRb,happy
2egzvOPlCYxH9OadDaUV0N,Here in the Now - Remix,"Murray Kyle, Temple Step, DJ Lo Qi",Here in the Now (Remix),2018-04-20,30,312000,https://open.spotify.com/track/2egzvOPlCYxH9OadDaUV0N,happy
7rLQc7Bd6zsxPO80cTKXey,Ready for the Summer,Das Kope,Ready for the Summer,2018-06-22,0,204761,https://open.spotify.com/track/7rLQc7Bd6zsxPO80cTKXey,happy
6MN6yRVriszuyAVlyF8ndB,Coffee Cold,Galt MacDermot,Shapes of Rhythm/Woman Is Sweeter,2000-01-01,64,205720,https://open.spotify.com/track/6MN6yRVriszuyAVlyF8ndB,happy
3v9g8iM3v5irWQHqFWaDSo,Cómo Te Quiero,Khruangbin,Con Todo El Mundo,2018-01-26,0,242536,https://open.spotify.com/track/3v9g8iM3v5irWQHqFWaDSo,happy
34LohAliZ2QKydqVJcFpwV,Sleep Apnea,Beach Fossils,Clash the Truth,2013-02-19,0,146293,https://open.spotify.com/track/34LohAliZ2QKydqVJcFpwV,happy
1YI6wLnlhRIYCBq5vg2tfx,Smoke & Mirrors,TOKiMONSTA,Cosmic Intoxication,2011-01-01,0,218506,https://open.spotify.com/track/1YI6wLnlhRIYCBq5vg2tfx,happy
4uTTd2SlalZoG0zVgI63kH,Tin Man,America,Holiday,1974,69,209866,https://open.spotify.com/track/4uTTd2SlalZoG0zVgI63kH,happy
1jVpKTU8TCFF7Sh0NvG5bQ,You Started It All - Ron Basejam Rework,"Ragz Nordset, Ron Basejam","Sleepdancing, Remixes",2013-05-20,38,456721,https://open.spotify.com/track/1jVpKTU8TCFF7Sh0NvG5bQ,happy
7Cg3F9ZsZ2TYUnlza49NYh,Kong,Bonobo,Black Sands,2010-03-29,60,237826,https://open.spotify.com/track/7Cg3F9ZsZ2TYUnlza49NYh,happy
7GraNeuFPEK0slh0AZ4Mgc,Four Three,All India Radio,Echo Other,2006,49,242400,https://open.spotify.com/track/7GraNeuFPEK0slh0AZ4Mgc,happy
275cNQQpHzRNz8lHrw6vor,Clouds,"Hugo Kant, Astrid Engberg",Out of Time,2017-05-20,33,301786,https://open.spotify.com/track/275cNQQpHzRNz8lHrw6vor,happy
0fdlOZMGJiP7IjocTX0BOv,I Wanna Get High with You,Giyo,Somnambulist,2016-12-02,28,346659,https://open.spotify.com/track/0fdlOZMGJiP7IjocTX0BOv,happy
7fpiYh33Xph4OPj8gS8jL0,Summer Madness,Khruangbin,Summer Madness,2020-10-28,0,201917,https://open.spotify.com/track/7fpiYh33Xph4OPj8gS8jL0,happy
2MoLuAW3uPVuPuXeGGPHCR,Tangerine Sour,"Emancipator, 9 Theory",Tangerine Sour,2020-11-13,0,253044,https://open.spotify.com/track/2MoLuAW3uPVuPuXeGGPHCR,happy
6LGrEXeLdxgY5zuvJ6S89I,Under the Sea,Digby Jones,Pina Colada (And Other Early Tunes),2006-02-13,40,359586,https://open.spotify.com/track/6LGrEXeLdxgY5zuvJ6S89I,happy
05CF4ATpqROLTQVYABNZ3W,Laidu,Rokia Traoré,Mouneïssa,1998,52,386973,https://open.spotify.com/track/05CF4ATpqROLTQVYABNZ3W,happy
1TuopWDIuDi1553081zvuU,Resonance,Home,Odyssey,2014-07-01,0,212881,https://open.spotify.com/track/1TuopWDIuDi1553081zvuU,happy
0FVuyC9RP5MACjp4lgU3qZ,I'm God,"Clams Casino, Imogen Heap",Instrumental Relics,2020-04-24,75,277710,https://open.spotify.com/track/0FVuyC9RP5MACjp4lgU3qZ,happy
7IbGa7PhnXHvUOvhELtGgL,Borderline - Blood Orange Remix,"Tame Impala, Blood Orange",Borderline (Blood Orange Remix),2020-09-25,42,437933,https://open.spotify.com/track/7IbGa7PhnXHvUOvhELtGgL,happy
0drFLipk0M6e8Oj9mSeiFx,Planet Caravan,Moon Duo,Planet Caravan,2020-06-05,0,551138,https://open.spotify.com/track/0drFLipk0M6e8Oj9mSeiFx,happy
6K4t31amVTZDgR3sKmwUJJ,The Less I Know The Better,Tame Impala,Currents,2015-07-17,87,216320,https://open.spotify.com/track/6K4t31amVTZDgR3sKmwUJJ,happy
469e9xIXfJ9wnNxrVdqXWP,Ernie,Fat Freddy's Drop,Based on a True Story,2005,0,437200,https://open.spotify.com/track/469e9xIXfJ9wnNxrVdqXWP,happy
3MYUHaITeEQh3WjMkHr67z,Hey Now - When I Give You All My Lovin',Romare,"Love Songs, Pt. 1",2013-03-25,57,146842,https://open.spotify.com/track/3MYUHaITeEQh3WjMkHr67z,happy
4iOmtCgT8TFWCACYU1Uh7C,Spaceship: Earth,"Mop Mop, Anthony Joseph",Lunar Love,2016-05-06,0,358800,https://open.spotify.com/track/4iOmtCgT8TFWCACYU1Uh7C,happy
2AjB1CCKlumQX9uJG48mDS,Laughter of the Sea,"Joaquín Cornejo, Mola Mola",Laughter of the Sea,2018-10-10,49,359781,https://open.spotify.com/track/2AjB1CCKlumQX9uJG48mDS,happy
3CUotoSWVxQN5nrQCwpzTA,Settle Down,North Downs,Dad's Old Tapes,2019-12-05,0,231066,https://open.spotify.com/track/3CUotoSWVxQN5nrQCwpzTA,happy
4CHYV4nBUPLOyotXi61CsD,After Time,"Author, Quark",Forward Forever,2018-06-29,20,357753,https://open.spotify.com/track/4CHYV4nBUPLOyotXi61CsD,happy
6V2QgOIMT94HhsfeIVbbZm,Manila,Maribou State,Portraits Outtakes,2016-01-22,56,192533,https://open.spotify.com/track/6V2QgOIMT94HhsfeIVbbZm,happy
6I3Evf3nNhxFA5lSM37Y0v,How To Fly,Sticky Fingers,Caress Your Soul,2013-03-08,69,202186,https://open.spotify.com/track/6I3Evf3nNhxFA5lSM37Y0v,happy
0fmGW57GzkEq010veVqi9x,Outlaws,The Widdler,Outlaws,2017-09-11,45,224571,https://open.spotify.com/track/0fmGW57GzkEq010veVqi9x,happy
5NnwJvkz47KZ1YixRUzoGs,Eclipse,"Robot Koch, Julien Marchal","Klassik Lounge Nightflight, Vol. 8 (Compiled by DJ Nartak)",2016-04-29,11,217341,https://open.spotify.com/track/5NnwJvkz47KZ1YixRUzoGs,happy
5jfNucPo7pMJZYF7kdBbne,Lost Samurai,Caleb Belkin,Discography,2017-07-16,0,133333,https://open.spotify.com/track/5jfNucPo7pMJZYF7kdBbne,happy
3B3E8odencxm7FnRKgZHaD,Şeker Oğlan,Altin Gün,On,2018-03-30,29,375413,https://open.spotify.com/track/3B3E8odencxm7FnRKgZHaD,happy
16ojeDSheSYWPXxcOOGOfu,Pains,Silk Rhodes,Silk Rhodes,2014-12-02,0,191424,https://open.spotify.com/track/16ojeDSheSYWPXxcOOGOfu,happy
1txpWTHteqQILubrJAx4Zk,Dawn - ford. remix,"OTR, ford.",Dawn (ford. remix),2018-09-26,0,192000,https://open.spotify.com/track/1txpWTHteqQILubrJAx4Zk,happy
3ulxgvOoZLFHrf3XN22vRB,Avant,Degiheugi,Foreglow,2021-04-23,0,232186,https://open.spotify.com/track/3ulxgvOoZLFHrf3XN22vRB,happy
2hHNFmRgj2KUCeCcJH0QLP,Faidherbe Square,Proleter,Curses from Past Times,2011-11-22,0,207336,https://open.spotify.com/track/2hHNFmRgj2KUCeCcJH0QLP,happy
6x0fMgsxvhpiOspnhykuF2,Runnin' - Extended,Visioneers,Marc Mac presents Visioneers - Dirty Old Hip Hop,2006-03-27,0,246280,https://open.spotify.com/track/6x0fMgsxvhpiOspnhykuF2,happy
72Z17vmmeQKAg8bptWvpVG,Space Oddity - 2015 Remaster,David Bowie,David Bowie (aka Space Oddity) [2015 Remaster],1969-11-04,73,318026,https://open.spotify.com/track/72Z17vmmeQKAg8bptWvpVG,happy
6pjJEgCaTLR5DjO7GPRH9N,Agua,Saib,Basement Grooves,2019-07-19,40,181420,https://open.spotify.com/track/6pjJEgCaTLR5DjO7GPRH9N,happy
6Qb7gtV6Q4MnUjSbkFcopl,50 Ways to Leave Your Lover,Paul Simon,Still Crazy After All These Years,1975-10-25,72,217346,https://open.spotify.com/track/6Qb7gtV6Q4MnUjSbkFcopl,happy
27TUgo0mfMYaFEgNMidhP6,Aurora,Andre Polar,Aurora,2019-01-20,36,265771,https://open.spotify.com/track/27TUgo0mfMYaFEgNMidhP6,happy
1onsOQJ2kYJIHVckUIiJtW,Cat's Eyes (Private Little World),Moderator,Sinner's Syndrome,2018-04-15,32,115209,https://open.spotify.com/track/1onsOQJ2kYJIHVckUIiJtW,happy
6LrxNNCaqssGmyCGi1EPJA,Moonshine Got Me,Daniel Norgren,Buck,2013-03-01,0,531333,https://open.spotify.com/track/6LrxNNCaqssGmyCGi1EPJA,happy
6Ns2JyCa5xtANadq8gJ67u,Ms. Ho,Onra,Chinoiseries pt 2,2011-11-15,52,116758,https://open.spotify.com/track/6Ns2JyCa5xtANadq8gJ67u,happy
1PdJvxvhuImI0dpuWoPwWe,hammock,mommy,hometown,2018-07-03,35,116061,https://open.spotify.com/track/1PdJvxvhuImI0dpuWoPwWe,happy
4bfJiyUSD9ASLnujxn0lG3,Truth,Alex Ebert,Alexander,2011-03-01,1,260920,https://open.spotify.com/track/4bfJiyUSD9ASLnujxn0lG3,happy
5DlM36HiT40JPFUsyW92F3,Chucum,El Búho,Balance,2017-11-03,0,293407,https://open.spotify.com/track/5DlM36HiT40JPFUsyW92F3,happy
1Uhy2u2QxyEjd1pZlwaDTU,Plage isolée (soleil levant),Polo & Pan,Caravelle,2017-05-19,54,231960,https://open.spotify.com/track/1Uhy2u2QxyEjd1pZlwaDTU,happy
2TlGnMncLSQTIqajn3FYM9,Angels,Brian Witzig,The Iron Horse,2008-01-01,33,303880,https://open.spotify.com/track/2TlGnMncLSQTIqajn3FYM9,happy
17dvhsZgSnQfbLEqtx77KG,Ear,Deluxe,Stachelight,2016-01-22,47,208776,https://open.spotify.com/track/17dvhsZgSnQfbLEqtx77KG,happy
2FYMVOK6wtkysaKuNWUfk9,Lebanon,Ondara,Tales Of America,2019-02-15,56,206880,https://open.spotify.com/track/2FYMVOK6wtkysaKuNWUfk9,happy
28IpgzF6DTq4SwoojEKsfD,Fever - Essential Elvis Version,Elvis Presley,The Essential Elvis Presley,2007,32,212640,https://open.spotify.com/track/28IpgzF6DTq4SwoojEKsfD,happy
7iFlBjOuNfp8oFozovA777,Show Me,"Big Wild, Hundred Waters",Show Me,2017-10-09,57,227555,https://open.spotify.com/track/7iFlBjOuNfp8oFozovA777,happy
442ekDJOfQ2Hw1ds3NJvdk,Tune Down,Chris Joss,Sticks,2015-04-16,45,280590,https://open.spotify.com/track/442ekDJOfQ2Hw1ds3NJvdk,happy
33BnSMHgX0AsbKSIbkuMwh,Limit To Your Love,James Blake,James Blake,2011-01-01,51,276720,https://open.spotify.com/track/33BnSMHgX0AsbKSIbkuMwh,happy
0OI31bRJTDcI5N0xijQv64,Fleur blanche,Örsten,Hôtel Costes 10,2007-09-24,0,244146,https://open.spotify.com/track/0OI31bRJTDcI5N0xijQv64,happy
7rNowXLbVGKAL7QuRrn4Ab,Summertime,Astral Weeks,Summertime,2020-06-11,9,255750,https://open.spotify.com/track/7rNowXLbVGKAL7QuRrn4Ab,happy
3W4IoNW4011i8qfCwN75Va,Abusey Junction,Kokoroko,KOKOROKO,2019-03-08,60,424080,https://open.spotify.com/track/3W4IoNW4011i8qfCwN75Va,happy
58FsmlVRQxpjFmXF8vSKMT,Vale,Maribou State,Kingdoms In Colour,2018-09-07,62,247622,https://open.spotify.com/track/58FsmlVRQxpjFmXF8vSKMT,happy
0VCUjtHZm8SRvKLWGzQKBf,Rose's Thorn,TOKiMONSTA,Lune Rouge,2017-10-06,0,264733,https://open.spotify.com/track/0VCUjtHZm8SRvKLWGzQKBf,happy
51O5D4hO7IGjXIoeC1MrXf,Undergrowth,"Kappa Mountain, Audio Dope, Matthias Gusset",Echo Pool,2020-05-08,28,173000,https://open.spotify.com/track/51O5D4hO7IGjXIoeC1MrXf,happy
2rphAUoua7y2GNpjnoXWlG,Gotta Cheer Up,Cotton Jones,Paranoid Cocoon,2009-01-27,0,192613,https://open.spotify.com/track/2rphAUoua7y2GNpjnoXWlG,happy
0xjkgYSzHjBZNvyUaC9cXX,The Sea,Morcheeba,Big Calm,1998,62,347280,https://open.spotify.com/track/0xjkgYSzHjBZNvyUaC9cXX,happy
0prVUHQu2xr6pI5iEbKtxo,Beautiful Strangers,Kevin Morby,Beautiful Strangers b/w No Place to Fall,2016-10-27,0,375903,https://open.spotify.com/track/0prVUHQu2xr6pI5iEbKtxo,happy
6ncNLU982iaD9WFb2gTwKd,Darling,Esbe,Bloomsday,2015-12-11,62,189090,https://open.spotify.com/track/6ncNLU982iaD9WFb2gTwKd,happy
14kpqRxMt2iAvNvMEoGJws,City Samba,Konteks,Faces & Spaces,2018-12-14,51,180000,https://open.spotify.com/track/14kpqRxMt2iAvNvMEoGJws,happy
4mRFeQP8XgB27sU58r7qK2,Tropical Suite Sao Paulo,Poni Hoax,Tropical Suite,2017-02-03,0,126973,https://open.spotify.com/track/4mRFeQP8XgB27sU58r7qK2,happy
0BUBKT2lJmwpszIgwWEyd0,No Woman,Whitney,Light Upon the Lake,2016-06-03,0,237973,https://open.spotify.com/track/0BUBKT2lJmwpszIgwWEyd0,happy
5h2aZVg52LgaOEwAeURD02,Home Soon,DOPE LEMON,Home Soon,2017-02-17,0,177655,https://open.spotify.com/track/5h2aZVg52LgaOEwAeURD02,happy
5EJ9MfO86fEG7ICjhciyd1,The Enchanted Sea,Martin Denny,The Enchanted Sea,1959-12-01,42,121106,https://open.spotify.com/track/5EJ9MfO86fEG7ICjhciyd1,happy
7hPTKT0j7mEn9lBKerFtit,Summertime,Kat Edmonson,Take To The Sky,2009-02-09,41,312293,https://open.spotify.com/track/7hPTKT0j7mEn9lBKerFtit,happy
7I1v3hLSDCZK4EdGVokFcj,The Fade Out Line,"Phoebe Killdeer, The Short Straws",Innerquake,2011-09-26,69,212813,https://open.spotify.com/track/7I1v3hLSDCZK4EdGVokFcj,happy
4VJgAGP2zsV8dxq8d7zPjn,All Related - Fantastic Fungi Mix,"Nessi Gomes, Liquid Bloom","Fantastic Fungi: Reimagine, Vol. II (Inspired by the Film & Mycelial Kingdom)",2020-10-09,16,388602,https://open.spotify.com/track/4VJgAGP2zsV8dxq8d7zPjn,happy
03EsCSJFuXNpapjcfYjfBe,These Walls,Nessi Gomes,Diamonds & Demons,2016-10-14,50,216245,https://open.spotify.com/track/03EsCSJFuXNpapjcfYjfBe,happy
0cZuXV1GhkHsFvfEj1aRg3,Pachamama,Beautiful Chorus,Hymns of Spirit,2015-06-14,0,138297,https://open.spotify.com/track/0cZuXV1GhkHsFvfEj1aRg3,happy
5bus7g61tYlgVG8spLRwqp,Falling Off A Horse,Felix Laband,Dark Days Exit,2005-06-27,0,323893,https://open.spotify.com/track/5bus7g61tYlgVG8spLRwqp,happy
3EhuEeTQP2tAICvTakOEYF,White Sands,Tommy Guerrero,Road to Knowhere,2018-10-26,50,179981,https://open.spotify.com/track/3EhuEeTQP2tAICvTakOEYF,happy
6ykSEXVvNST0JMcoNL8DWY,Re,pølaroit,Re,2021-05-14,17,258750,https://open.spotify.com/track/6ykSEXVvNST0JMcoNL8DWY,happy
1UKobFsdqNXQb8OthimCKe,Helplessly Hoping - 2005 Remaster,"Crosby, Stills & Nash","Crosby, Stills & Nash",1969-05-29,64,157893,https://open.spotify.com/track/1UKobFsdqNXQb8OthimCKe,happy
1Q1b8eVkUPGlpSArl8JAVw,Heart of Gold - 2009 Remaster,Neil Young,Harvest (2009 Remaster),1972-02-14,65,187013,https://open.spotify.com/track/1Q1b8eVkUPGlpSArl8JAVw,happy
6qCMG9n5qlgjjjQyCK4VGo,Great Northern Sea - Dub Mix,Ganga,Great Northern Sea,2021-08-13,11,212142,https://open.spotify.com/track/6qCMG9n5qlgjjjQyCK4VGo,happy
36nutPAJFggPeddyVWDFm9,Better Days,LAKEY INSPIRED,Better Days,2017-05-15,56,207335,https://open.spotify.com/track/36nutPAJFggPeddyVWDFm9,happy
36rqjSUBaArtMBLWrzwInc,On the Level,Mac DeMarco,This Old Dog,2017-05-05,0,227653,https://open.spotify.com/track/36rqjSUBaArtMBLWrzwInc,happy
0yK8sWD6cfrc7pGfaPIcZH,Sleep Walk,Santo & Johnny,Canadian American Greatest Hits 50th Anniversary Collection,2012-10-25,63,145333,https://open.spotify.com/track/0yK8sWD6cfrc7pGfaPIcZH,happy
5le4sn0iMcnKU56bdmNzso,Everybody Loves The Sunshine,Roy Ayers Ubiquity,Everybody Loves The Sunshine (Reissue),1976-05-12,65,239666,https://open.spotify.com/track/5le4sn0iMcnKU56bdmNzso,happy
2uMqG8w8oi09fB2YA2QLOm,Summer Madness,Kool & The Gang,Light Of Worlds,1974-09,63,257866,https://open.spotify.com/track/2uMqG8w8oi09fB2YA2QLOm,happy
5hM5arv9KDbCHS0k9uqwjr,Borderline,Tame Impala,The Slow Rush,2020-02-14,84,237800,https://open.spotify.com/track/5hM5arv9KDbCHS0k9uqwjr,happy
5gTY9le7Gx8rIqRLceHypT,Ice Tea,Not the King,Ice Tea,2018-06-18,38,133333,https://open.spotify.com/track/5gTY9le7Gx8rIqRLceHypT,happy
6te1QldCR1BWiNgwZADpu4,A1,DARKSIDE,Darkside,2011-11-17,0,358636,https://open.spotify.com/track/6te1QldCR1BWiNgwZADpu4,happy
2JS1WiTlHkIZv4rOqu2eLn,Hollow Talk - Lulu Rouge's Stella Polaris Remix,"Choir Of Young Believers, Lulu Rouge",Hollow Talk (Lulu Rouge's Stella Polaris Remix),2014-03-31,34,272733,https://open.spotify.com/track/2JS1WiTlHkIZv4rOqu2eLn,happy
71icw3fBpg1LDLRc8vrvmo,Romantic Ride - Jenova 7 Remix,"Jenova 7, Mr. Moods",Time Travellers II,2015-03-31,18,328941,https://open.spotify.com/track/71icw3fBpg1LDLRc8vrvmo,happy
2pOaeeEj3eSRMMLlftPNHX,Last Day - David August Revision,"Kollektiv Turmstrasse, David August",Diynamic Revisited (By David August),2014-09-01,0,404818,https://open.spotify.com/track/2pOaeeEj3eSRMMLlftPNHX,happy
0822DXpIsja1v3Yt8sP82f,Parallels,"Billa Qause, Mononome",Parallels,2021-07-02,11,180000,https://open.spotify.com/track/0822DXpIsja1v3Yt8sP82f,happy
4IQjoNXWicYPRSl6fmdIv9,Ezra,Flume,Flume,2013-02-19,0,217186,https://open.spotify.com/track/4IQjoNXWicYPRSl6fmdIv9,happy
3mVuLAFRT8iXrYkXrFtkF8,Coffee Lover,Boubou,Day After Day,2016-11-18,0,193071,https://open.spotify.com/track/3mVuLAFRT8iXrYkXrFtkF8,happy
1s2oewEkFG9eF9Mq7MyvCV,Hand It Over,MGMT,Little Dark Age,2018-02-09,44,253360,https://open.spotify.com/track/1s2oewEkFG9eF9Mq7MyvCV,happy
403vzOZN0tETDpvFipkNIL,Sisyphus,Andrew Bird,My Finest Work Yet,2019-03-22,58,247493,https://open.spotify.com/track/403vzOZN0tETDpvFipkNIL,happy
7iHl6LcHD94l5VpmfrBUmG,Riverside,Agnes Obel,Philharmonics,2010-10-04,61,228546,https://open.spotify.com/track/7iHl6LcHD94l5VpmfrBUmG,happy
2EbL9RN1CpNav0UzTQVRdm,Brighter!,Cass McCombs,Big Wheel and Others,2013-10-14,0,236960,https://open.spotify.com/track/2EbL9RN1CpNav0UzTQVRdm,happy
279LczresTWVkCsdLwgJSZ,Love's a Stranger,Warhaus,Warhaus,2017-10-13,62,206685,https://open.spotify.com/track/279LczresTWVkCsdLwgJSZ,happy
2dsIUZ8al0P5AAxslgeE5n,Waliwo Abakaaba - Deep Fried Dub Mix,"Deep Fried Dub, SK Simeon",Waliwo Abakaaba,2021-08-06,12,215438,https://open.spotify.com/track/2dsIUZ8al0P5AAxslgeE5n,happy
6kblAEj0T0312fv5QWsXzo,Congratulations,MGMT,Congratulations,2010-04-09,56,235386,https://open.spotify.com/track/6kblAEj0T0312fv5QWsXzo,happy
5rXMjn480P9q0aomXjmj0Q,Liquid Sunshine,John Cameron,Kpm 1000 Series: Voices in Harmony,1973-01-01,44,179605,https://open.spotify.com/track/5rXMjn480P9q0aomXjmj0Q,happy
4NIIAwRjwayqGCk929daQh,Grow - A COLORS ENCORE,FACESOUL,Grow - A COLORS ENCORE,2021-07-22,34,207498,https://open.spotify.com/track/4NIIAwRjwayqGCk929daQh,happy
2gx8U4Ujtk3UL94tv8r8io,Idol Eyes,Common Saints,Idol Eyes,2020-10-09,27,288426,https://open.spotify.com/track/2gx8U4Ujtk3UL94tv8r8io,happy
1qfDfZAvrkSAFrAR2FTQDv,Grandma's Hands,Bill Withers,Just As I Am,1971-05-01,62,121080,https://open.spotify.com/track/1qfDfZAvrkSAFrAR2FTQDv,happy
3fDHHkOEw2Fr8km3T4ixYQ,So,HNNY,So Sunshine,2020-09-18,44,136007,https://open.spotify.com/track/3fDHHkOEw2Fr8km3T4ixYQ,happy
5kv3o8QvGHhjxh9STzsclu,Filatelie,Felbm,Tape 3,2020-09-11,0,158169,https://open.spotify.com/track/5kv3o8QvGHhjxh9STzsclu,happy
2hrsZWMTQBQzTOhtKxFQvm,No War,Gizmo Varillas,El Dorado,2016-11-04,49,189053,https://open.spotify.com/track/2hrsZWMTQBQzTOhtKxFQvm,happy
2hgMOGC9WAqm8ZoBDD3HIY,Fading into Purple,Richard Houghten,Fading into Purple,2021-06-01,50,177254,https://open.spotify.com/track/2hgMOGC9WAqm8ZoBDD3HIY,happy
1k1Bqnv2R0uJXQN4u6LKYt,Ain't No Sunshine,Bill Withers,Just As I Am,1971-05-01,82,125093,https://open.spotify.com/track/1k1Bqnv2R0uJXQN4u6LKYt,happy
6HYZFarA9kGCDQx41OJLBA,Sweet Dávila,Demouche,"Hip Dozer, Vol. 1",2016-06-10,0,235696,https://open.spotify.com/track/6HYZFarA9kGCDQx41OJLBA,happy
6pGGR2875dCgwh6g8cK6cS,Freefall (Koresma Remix),"VOLO, Koresma",Force of Nature Remixes,2019-04-23,0,223401,https://open.spotify.com/track/6pGGR2875dCgwh6g8cK6cS,happy
1A0GQQTh59wxrM5OT4Dw0o,Fly High,"Blundetto, Hindi Zahra",Fly High,2020-05-20,0,190280,https://open.spotify.com/track/1A0GQQTh59wxrM5OT4Dw0o,happy
6Dq2LzijkY9WNPwBGDah4L,Didn't I,Darondo,Let My People Go,2005-01-24,66,209160,https://open.spotify.com/track/6Dq2LzijkY9WNPwBGDah4L,happy
3sMTpU1SNIeMCWu7sQKXMN,After Laughter (Comes Tears),Wendy Rene,After Laughter Comes Tears,2019-06-07,43,182466,https://open.spotify.com/track/3sMTpU1SNIeMCWu7sQKXMN,happy
2BHi4PkWHFdiqHnT2X6mZS,Peter Pan,"Polo & Pan, Antonin",Cyclorama,2021-06-25,0,237853,https://open.spotify.com/track/2BHi4PkWHFdiqHnT2X6mZS,happy
0GN3fXUdsTHeUg50xfDS0V,Sugar for the Pill,Slowdive,Slowdive,2017-05-05,0,270918,https://open.spotify.com/track/0GN3fXUdsTHeUg50xfDS0V,happy
5jaq9QBRDOUP66t3K0DlA6,In The Waiting Line,Zero 7,RECORD,2010-06-18,0,271520,https://open.spotify.com/track/5jaq9QBRDOUP66t3K0DlA6,happy
7m3Tbsn12hbBnsFHR6O4U7,Futures,"Zero 7, José González",The Garden,2006-05-22,3,233226,https://open.spotify.com/track/7m3Tbsn12hbBnsFHR6O4U7,happy
4FKT3e93KFlXf5KBh715EV,Bleu de lune (El Buho Remix),"Zoufris Maracas, El Búho",Bleu de lune (El Buho Remix),2021-03-05,27,281100,https://open.spotify.com/track/4FKT3e93KFlXf5KBh715EV,happy
6tEaLXZlN8b71vWV1SSsRf,La femme d'argent,Air,Moon Safari,1998-01-16,46,426614,https://open.spotify.com/track/6tEaLXZlN8b71vWV1SSsRf,happy
66KcXPDs1hr8T06KvlJCeA,Lebanese Blonde,Thievery Corporation,The Mirror Conspiracy,2000-08-09,0,288826,https://open.spotify.com/track/66KcXPDs1hr8T06KvlJCeA,happy
4P8qXnroR43S0xk0hmSbNs,Les Nuits,Nightmares On Wax,Carboot Soul,1999-04-12,0,380626,https://open.spotify.com/track/4P8qXnroR43S0xk0hmSbNs,happy
4Hhv2vrOTy89HFRcjU3QOx,At Last,Etta James,At Last!,1960,76,179693,https://open.spotify.com/track/4Hhv2vrOTy89HFRcjU3QOx,happy
7dBvMFSY8mABXn4Cmq4y5g,The World (Is Going Up in Flames) - Instrumental,"Charles Bradley, Menahan Street Band",No Time for Dreaming (The Instrumentals),2011-08-02,0,203331,https://open.spotify.com/track/7dBvMFSY8mABXn4Cmq4y5g,happy
3fxKOvlDZWeHVQTrsWzUCg,Still Here,Tom Day,Still Here,2019-11-07,29,279852,https://open.spotify.com/track/3fxKOvlDZWeHVQTrsWzUCg,happy
1aJrVsHwcQMZ8TZ6mlvT5J,A Real Hero,"College, Electric Youth",A Real Hero EP,2010-01-11,57,267859,https://open.spotify.com/track/1aJrVsHwcQMZ8TZ6mlvT5J,happy
3NE29HgG3BC1mQAcGpPQjK,Rose,Moderator,Rose,2020-06-12,44,131525,https://open.spotify.com/track/3NE29HgG3BC1mQAcGpPQjK,happy
1JIUHuQPT5Q4uFR2Lxl9rA,Stay,"The Sellouts, SAINT WKND, Ronis Goliath, Clouds, Wolfskind, Benjamin Amaru",Stay,2020-05-08,41,175087,https://open.spotify.com/track/1JIUHuQPT5Q4uFR2Lxl9rA,happy
3KWfmqvviOaGwPXCMajZ1w,Fontanel,Dal,Fontanel,2020-07-03,0,272000,https://open.spotify.com/track/3KWfmqvviOaGwPXCMajZ1w,happy
6DwiGVCgXGREeCyJZtX7S1,Cold War,Cautious Clay,Blood Type,2018-02-21,34,202597,https://open.spotify.com/track/6DwiGVCgXGREeCyJZtX7S1,happy
4LIIWJjlXMftVKMQWUrxKO,Human,Sevdaliza,Ison,2017-04-26,0,192042,https://open.spotify.com/track/4LIIWJjlXMftVKMQWUrxKO,happy
6IMhWLPbHKdVT9xbn5yugs,Juliet,Shitao,Sunless,2020-06-24,12,120659,https://open.spotify.com/track/6IMhWLPbHKdVT9xbn5yugs,happy
4osLYKjGajPZP2GQlhjpCj,Duat,"Trippin Jaguar, Raffaello Visconti",Arecibo,2017-06-09,0,438517,https://open.spotify.com/track/4osLYKjGajPZP2GQlhjpCj,happy
6ElHskr6D4k6PdnlO0XgoI,Zaka,JAJA,Shika Shika / Botanas Series,2017-06-23,0,464175,https://open.spotify.com/track/6ElHskr6D4k6PdnlO0XgoI,happy
1bZH8L8V2m454tdcSPEIl7,The Traitor,Menahan Street Band,Make the Road By Walking,2008-10-14,0,162266,https://open.spotify.com/track/1bZH8L8V2m454tdcSPEIl7,happy
74DyanDw6n8OiyiV5iDcoZ,Sans lendemain,La Riviera,Sans lendemain,2017-07-07,1,454262,https://open.spotify.com/track/74DyanDw6n8OiyiV5iDcoZ,happy
6HEJavNON4wd0cy1Hp6KV2,in my mind,Wallners,in my mind,2020-09-04,57,181800,https://open.spotify.com/track/6HEJavNON4wd0cy1Hp6KV2,happy
47bR2GFCDsLlbX8NYbLx9U,Close - Your Eyes,Viken Arman,Willow,2019-02-08,0,160500,https://open.spotify.com/track/47bR2GFCDsLlbX8NYbLx9U,happy
26K1uubDB1A4RHvadCD5U9,Night Owl,"Cihangir Aslan, Dilan Balkay",Night Owl,2021-02-05,0,376082,https://open.spotify.com/track/26K1uubDB1A4RHvadCD5U9,happy
3SpXpcG603AqfxhJ6l4uzk,Nights Introlude,Nightmares On Wax,Smokers Delight,1995-09-25,0,280266,https://open.spotify.com/track/3SpXpcG603AqfxhJ6l4uzk,happy
6QWHQgyYnoydNwUzBjVP50,Come Undone,"Isobel Campbell, Mark Lanegan",Hawk,2010-01-01,4,343880,https://open.spotify.com/track/6QWHQgyYnoydNwUzBjVP50,happy
6gOirCUz62z0mFhCJ6P5KC,Jamming,Bob Marley & The Wailers,Exodus (Deluxe Edition),1977-01-01,0,211000,https://open.spotify.com/track/6gOirCUz62z0mFhCJ6P5KC,happy
1siLxvZQjVHekcMsaagGnB,"One, Two (L'introduction)",Degiheugi,Foreglow,2021-04-23,0,134909,https://open.spotify.com/track/1siLxvZQjVHekcMsaagGnB,happy
7KtxHirt0UpK7NQE0aG8L6,Bowlly Goes Dancing Drunk into the Future,Loving,Loving,2016-06-11,0,160584,https://open.spotify.com/track/7KtxHirt0UpK7NQE0aG8L6,happy
4Xr9UKLq3YGnExa50oLfAw,King Size,Kruder & Dorfmeister,King Size,2020-09-25,43,297426,https://open.spotify.com/track/4Xr9UKLq3YGnExa50oLfAw,happy
7jA5OcunWRSYXq98puhAX8,For the Damaged Coda,Blonde Redhead,Melody of Certain Damaged Lemons,2000-06-06,0,157000,https://open.spotify.com/track/7jA5OcunWRSYXq98puhAX8,happy
4gt2mYhC5BCb5tITKtKsLM,Too Close - Iorie's Pink Glasses Mix,"Dandara, Arutani, Iorie",Heartache,2017-07-21,0,520554,https://open.spotify.com/track/4gt2mYhC5BCb5tITKtKsLM,happy
1W6txMoK3kxBkc5IttrwiA,Move on Up,The Dynamics,Version Excursions,2007,46,359213,https://open.spotify.com/track/1W6txMoK3kxBkc5IttrwiA,happy
7oF5VnIPiVyZxWQurUXh5Z,Qui sait,Ezéchiel Pailhès,Divine,2013-06-17,45,208893,https://open.spotify.com/track/7oF5VnIPiVyZxWQurUXh5Z,happy
07miJxopLxBnXuMGyOSLXv,Free as a Bird,Soom T,Free as a Bird,2015-11-13,44,209120,https://open.spotify.com/track/07miJxopLxBnXuMGyOSLXv,happy
0tsdTV5UgmLNGXiBRxdMdM,Capitão de Areia,Afterclapp,Capitão De Areia,2019-01-11,47,293647,https://open.spotify.com/track/0tsdTV5UgmLNGXiBRxdMdM,happy
6Rwb6TIQ2qJaQvVGRxwFzW,Bloodflow - Christian Loeffler Remix,"Grandbrothers, Christian Löffler",Bloodflow (Remixes),2018-04-07,0,357791,https://open.spotify.com/track/6Rwb6TIQ2qJaQvVGRxwFzW,happy
6dfDcCymuavZngy46rSGMC,Sofa Rockers - Richard Dorfmeister Remix,Sofa Surfers,Constructions,2007-09-07,51,308612,https://open.spotify.com/track/6dfDcCymuavZngy46rSGMC,happy
39CyGKIFqMzSuynOR8uilD,Baltimore,Nina Simone,Baltimore,1978,62,278866,https://open.spotify.com/track/39CyGKIFqMzSuynOR8uilD,happy
5VarZFY00sO54HErJ3TPCI,So Good At Being in Trouble,Unknown Mortal Orchestra,II,2013-02-05,0,230146,https://open.spotify.com/track/5VarZFY00sO54HErJ3TPCI,happy
02X86Z19XydyPqKpGLyOdM,Always on My Mind,Marbert Rocel,In the Beginning,2015-10-09,0,263546,https://open.spotify.com/track/02X86Z19XydyPqKpGLyOdM,happy
0ePmVXS0s51XzlJ0tlz1pF,Paraty,Mia Doi Todd,Cosmic Ocean Ship,2011-05-17,44,236853,https://open.spotify.com/track/0ePmVXS0s51XzlJ0tlz1pF,happy
1FgGuQMVnsViAbffXBgoE9,Come Back,Nym,Convex,2015-10-27,39,303986,https://open.spotify.com/track/1FgGuQMVnsViAbffXBgoE9,happy
4CPAzsoJ5Vsgg6uqeKyczZ,Ain't no More Flowers,Deadbeat,Walls and Dimensions,2015-11-20,0,420124,https://open.spotify.com/track/4CPAzsoJ5Vsgg6uqeKyczZ,happy
2KmmaNcswAMaKChpla8dTN,Love Survive,Michael Nau,Mowing,2016-11-18,0,164687,https://open.spotify.com/track/2KmmaNcswAMaKChpla8dTN,happy
54eZmuggBFJbV7k248bTTt,A Horse with No Name,"America, George Martin",America,1972,81,252239,https://open.spotify.com/track/54eZmuggBFJbV7k248bTTt,happy
4BGfM7Faj0dyEnSuaOw67j,I Fall in Love Too Easliy,Caleb Belkin,Discography,2017-07-16,0,139691,https://open.spotify.com/track/4BGfM7Faj0dyEnSuaOw67j,happy
5zouq58uwciUTe0rhrwKmc,Make You Feel,"Alina Baraz, Galimatias",Urban Flora,2015-05-19,55,220800,https://open.spotify.com/track/5zouq58uwciUTe0rhrwKmc,happy
2zhPy8zbBf53XgTtkEbnbO,Oblivion,"Rufi-O, Lily Potter",Oblivion,2018-12-13,0,152920,https://open.spotify.com/track/2zhPy8zbBf53XgTtkEbnbO,happy
0ytvsZOerGzUWfHXVT2Sgy,Eternal Youth,RŮDE,Eternal Youth,2017-08-07,61,205766,https://open.spotify.com/track/0ytvsZOerGzUWfHXVT2Sgy,happy
0DcrhZ12WcCqruCs8ibXSf,I Can See Clearly Now - Edit,Johnny Nash,I Can See Clearly Now,1972,67,164733,https://open.spotify.com/track/0DcrhZ12WcCqruCs8ibXSf,happy
6G7MHIvSDR3ehXPkuDFAlM,California Dreamin',Bobby Womack,Fly Me To The Moon,1969-01,65,200973,https://open.spotify.com/track/6G7MHIvSDR3ehXPkuDFAlM,happy
2Xn7NadvZ56D0B2D7x2CSL,Crucify Your Mind,Rodríguez,Cold Fact,1970-03-05,62,152346,https://open.spotify.com/track/2Xn7NadvZ56D0B2D7x2CSL,happy
0cDQyfkR7kYIBITKccaDmN,Harlem River,Kevin Morby,Harlem River,2013-11-26,0,555883,https://open.spotify.com/track/0cDQyfkR7kYIBITKccaDmN,happy
76sGK52VfdAjy24l8FahWT,Ahora,Alex Serra,In The Real World,2019-06-21,49,265734,https://open.spotify.com/track/76sGK52VfdAjy24l8FahWT,happy
1o50CCvKfrhDFpsS2bDGCR,Loose Ends,Hardkandy,Last to Leave,2005,48,248826,https://open.spotify.com/track/1o50CCvKfrhDFpsS2bDGCR,happy
5iwPcA04s2ERIN3W5QsFAN,Joeira,"Kurup, João Pedreira",Joeira,2016-06-01,0,301855,https://open.spotify.com/track/5iwPcA04s2ERIN3W5QsFAN,happy
6pur2VQdjltJ2Wqo3F79r3,Setting Myself Free,"Quixotic, The Human Experience",Gravity of Center,2016-05-31,0,248119,https://open.spotify.com/track/6pur2VQdjltJ2Wqo3F79r3,happy
1CCejqrojUkDfNigHUyLWK,Demon Host,Timber Timbre,Timber Timbre,2010-09-20,0,219800,https://open.spotify.com/track/1CCejqrojUkDfNigHUyLWK,happy
1ev6ZYhXLWTcEHqgyjrhDc,Guacamayo - Mose Remix,"Mose, Danit",Guacamayo (Mose Remix),2021-10-20,44,525112,https://open.spotify.com/track/1ev6ZYhXLWTcEHqgyjrhDc,happy
2p6es5NEF5CBRrKC1lJHri,Your Favorite Place,Joey Pecoraro,Chillhop Essentials Winter 2017,2017-12-11,44,221536,https://open.spotify.com/track/2p6es5NEF5CBRrKC1lJHri,happy
7FzTEzwDcjfxCFlNGkkrAU,The Shaman,Joey Pecoraro,The Shaman,2021-11-19,0,156144,https://open.spotify.com/track/7FzTEzwDcjfxCFlNGkkrAU,happy
0vV8n4jI08wMk3cfvbcLRc,First Kiss,Joey Pecoraro,Music for Happiness,2018-04-06,0,187048,https://open.spotify.com/track/0vV8n4jI08wMk3cfvbcLRc,happy
13zkVsNIyXsagdlbg7ulWO,Asc. Scorpio,Oracle Sisters,Asc. Scorpio,2020-03-11,0,166601,https://open.spotify.com/track/13zkVsNIyXsagdlbg7ulWO,happy
6n6LUzSYRSeD0nGkGcUjlj,Far from Any Road,The Handsome Family,Singing Bones,2003,0,168226,https://open.spotify.com/track/6n6LUzSYRSeD0nGkGcUjlj,happy
57F72SNODqvkm6PAVvoL3B,Last Chance,"Thornato, The Spy From Cairo",Bennu,2017-04-14,0,167488,https://open.spotify.com/track/57F72SNODqvkm6PAVvoL3B,happy
4Ve8G6KOhjDwi1fSOOdYds,Le soleil dans le monde,Domenique Dumont,Miniatures de auto rhythm,2018-10-01,50,242553,https://open.spotify.com/track/4Ve8G6KOhjDwi1fSOOdYds,happy
7w5AOd6HrDIHewHfpABEss,Wicked Game,Chris Isaak,Heart Shaped World,1989-06-13,84,289066,https://open.spotify.com/track/7w5AOd6HrDIHewHfpABEss,happy
2F8MgAU5ZQ2Io6lpNoL9rm,Set Me On - David August Remix,"Qtier, David August",Set Me On,2014-08-25,0,421418,https://open.spotify.com/track/2F8MgAU5ZQ2Io6lpNoL9rm,happy
5iX7aAVoO3dzUOZ1eAvg6f,Brazilian Soul (feat. Sofi Tukker) - Acoustic Bossa Version,"The Knocks, Sofi Tukker",Brazilian Soul (feat. Sofi Tukker) [Remixes],2018-12-07,62,250934,https://open.spotify.com/track/5iX7aAVoO3dzUOZ1eAvg6f,happy
4b67MDtD92iU5Rsys7yWgy,Invisible - Piano Version,"NTO, Sofiane Pamart",Invisible (Piano Version),2021-03-31,56,174893,https://open.spotify.com/track/4b67MDtD92iU5Rsys7yWgy,happy
5Exb0O5qFhkDplIAugJFXw,Sunshine,Mother Funk,"Psychemagik Presents: Magik Sunset, Pt. 1",2015-04-27,0,233812,https://open.spotify.com/track/5Exb0O5qFhkDplIAugJFXw,happy
4v7prkc928rArBPIwxGJKa,Fun,Melodiesinfonie,Fragments,2020-06-26,20,197520,https://open.spotify.com/track/4v7prkc928rArBPIwxGJKa,happy
3WffmpWnCicUBOFB0I7TiH,Lakshmi (I Choose to Live in Love),"Sam Garrett, Mollie Mendoza",Root Down Deep,2021-12-21,0,416373,https://open.spotify.com/track/3WffmpWnCicUBOFB0I7TiH,happy
0fC0J56fKbj1De8NJoclva,Touching Down,Scott Nice,All the Wild Creatures,2016-06-17,0,229333,https://open.spotify.com/track/0fC0J56fKbj1De8NJoclva,happy
4QvKpJHT1ttMquVD5TjxxB,"Wellspring - DJ Taz Rashid, Momentology Remix","Scott Nice, Nathan Hall, DJ Taz Rashid, Momentology",It Takes a Village (Scott Nice Remixed),2019-09-24,0,249187,https://open.spotify.com/track/4QvKpJHT1ttMquVD5TjxxB,happy
7H1vroKsgKo3vNSigda3Dz,Om,"Jean du Voyage, Isla",Mantra,2016-10-21,55,235932,https://open.spotify.com/track/7H1vroKsgKo3vNSigda3Dz,happy
46Yno23oC4DjdkmgacPOMR,Untitled,"Jean du Voyage, Pierre Harmegnies",The Closest EP,2014-01-13,34,213513,https://open.spotify.com/track/46Yno23oC4DjdkmgacPOMR,happy
0XuWLpllnwmIBxdHLoRKm1,Four Walls and an Amplifier,Brock Berrigan,Four Walls and an Amplifier,2014-01-10,47,133333,https://open.spotify.com/track/0XuWLpllnwmIBxdHLoRKm1,happy
0aDwHAP36KJWdbkMUfqPxB,Cosmic Love Affair,Sunbeam Sound Machine,Sunbeam Sound Machine,2013-11-29,25,207795,https://open.spotify.com/track/0aDwHAP36KJWdbkMUfqPxB,happy
1cHCG42MxckrXNFqyF8Uhr,Hypnotized,Fleetwood Mac,Mystery to Me,1973-10-15,61,289200,https://open.spotify.com/track/1cHCG42MxckrXNFqyF8Uhr,happy
6BqmgqzgKNxPszu1I6gOpn,Lost in Time and Space,Lord Huron,Vide Noir,2018-04-20,50,284706,https://open.spotify.com/track/6BqmgqzgKNxPszu1I6gOpn,happy
71GvlH0VdeClloLIkHrAVu,Diamonds on the Soles of Her Shoes,Paul Simon,Graceland (25th Anniversary Deluxe Edition),1986-08-12,62,349280,https://open.spotify.com/track/71GvlH0VdeClloLIkHrAVu,happy
4YvOkz9IrldHkWiDZremSr,Sunset Canyon,"Foxwarren, Andy Shauf, Darryl Kissick",Foxwarren,2018-11-30,57,260090,https://open.spotify.com/track/4YvOkz9IrldHkWiDZremSr,happy
4gzwK4RdSK9M43vPY68J2Y,It's All Right,Jon Batiste,Soul (Original Motion Picture Soundtrack),2020-12-18,51,170186,https://open.spotify.com/track/4gzwK4RdSK9M43vPY68J2Y,happy
2nzED6Q3yWuvSQnxw6QTlU,If I Could Ride a Bike,"Park Bird, Chevy",If I Could Ride a Bike,2019-07-28,51,203589,https://open.spotify.com/track/2nzED6Q3yWuvSQnxw6QTlU,happy
279Iabhr2afcc93hAc1YZ8,Black Dog,AJJ,Rompilation,2012-07-24,0,82026,https://open.spotify.com/track/279Iabhr2afcc93hAc1YZ8,happy
7MOjFM02bewnUpMlXc8vOJ,El Cielo,"Radio Citizen, Bajka",Berlin Serengeti,2006-09-26,44,183546,https://open.spotify.com/track/7MOjFM02bewnUpMlXc8vOJ,happy
575uarM9Kja5mG1eGB6B5f,Bleu de lune - El Buho Remix,"Zoufris Maracas, El Búho",REMIXES,2021-10-29,27,281100,https://open.spotify.com/track/575uarM9Kja5mG1eGB6B5f,happy
015bKqyOq3f9pAhpvQb9cV,Tite jeanne,"The Bongo Hop, Nidia Gongora",Satingarona Pt. 1,2016-11-07,44,299061,https://open.spotify.com/track/015bKqyOq3f9pAhpvQb9cV,happy
67yw6kP3lhXD8HRsvCVWtm,Walk with the Dreamers,"Ambala, Laid Back",Volume 1,2016-07-22,45,297857,https://open.spotify.com/track/67yw6kP3lhXD8HRsvCVWtm,happy
2kCHWiFUKunMLzSh7c9FBJ,Axis Mundi,VOLO,With The Winds,2021-08-13,0,158743,https://open.spotify.com/track/2kCHWiFUKunMLzSh7c9FBJ,happy
5XnFFmWzAZBskheG2ZkL8w,Wild Mind,VOLO,Wild Mind,2020-06-05,14,234737,https://open.spotify.com/track/5XnFFmWzAZBskheG2ZkL8w,happy
55EQ3AX5hq5Tkvfcgz1BtI,Nuevo Mundo,Hermanos Gutiérrez,Hijos Del Sol,2020-09-25,0,264737,https://open.spotify.com/track/55EQ3AX5hq5Tkvfcgz1BtI,happy
5psuezepdKbS4Iwl8kRY7M,Oh I Miss Her So,"Holy Hive, Mary Lattimore",Float Back To You,2020-05-29,44,251082,https://open.spotify.com/track/5psuezepdKbS4Iwl8kRY7M,happy
0cUMkwTX3WwAwDfQUTaiOX,La Luna,Yellow The Sun,La Luna,2020-09-08,30,239332,https://open.spotify.com/track/0cUMkwTX3WwAwDfQUTaiOX,happy
7v77r6ch1dszdie86DqZuB,Hot In The Shade,Poolside,Heat,2017-06-20,38,233196,https://open.spotify.com/track/7v77r6ch1dszdie86DqZuB,happy
5JC4BHDEyREcHfPyOwEbEM,Our House,"Crosby, Stills, Nash & Young",Greatest Hits,2005-03-14,39,182773,https://open.spotify.com/track/5JC4BHDEyREcHfPyOwEbEM,happy
1K4TtKvKUolVyWLldP7Urv,Kolkata,Degiheugi,Endless Smile,2015-05-05,0,217299,https://open.spotify.com/track/1K4TtKvKUolVyWLldP7Urv,happy
4oYzwOTWpP3JTyKrTHJtqw,Awaken,Big Wild,Superdream,2019-02-01,58,182686,https://open.spotify.com/track/4oYzwOTWpP3JTyKrTHJtqw,happy
1EuCrvSGXAT7qdHqYblJax,Diamonds in the Dark,"Siren & Seer, SaQi, Diamonde",Diamonds in the Dark,2022-01-06,15,237789,https://open.spotify.com/track/1EuCrvSGXAT7qdHqYblJax,happy
3XMcylC5T7qYdmg5bMcbiD,Changed for the Better,Weval,Changed for the Better,2021-09-28,27,346786,https://open.spotify.com/track/3XMcylC5T7qYdmg5bMcbiD,happy
5PjwpUcHx1zvnMDmQHhFU4,Things Are Gonna Get Easier,Low Motion Disco,Keep It Slow,2008,37,375920,https://open.spotify.com/track/5PjwpUcHx1zvnMDmQHhFU4,happy
3VtJvlag3A95ODMu0Jmyqi,The Garden,"Louise Lee, Sepalot",The Garden,2020-09-04,18,167349,https://open.spotify.com/track/3VtJvlag3A95ODMu0Jmyqi,happy
74luuGBZx8zhKrfu5HXQTB,Sunrays,Catching Flies,The Stars,2012,45,273000,https://open.spotify.com/track/74luuGBZx8zhKrfu5HXQTB,happy
12c045rZPDMSDJHmO1UnFn,Boo Ha 'yeah Yeah Yeah Yeah Yeah',Desmond Cheese,Space and Time,2012-07-01,0,226026,https://open.spotify.com/track/12c045rZPDMSDJHmO1UnFn,happy
3ebNoTCPxye8un6NaRXk69,I Miss You,Katu,I Miss You,2017-01-06,24,154838,https://open.spotify.com/track/3ebNoTCPxye8un6NaRXk69,happy
31tZnsUsd08h5hwOKxgolF,Current Carry,Vetiver,Complete Strangers,2015-03-23,19,234760,https://open.spotify.com/track/31tZnsUsd08h5hwOKxgolF,happy
1WWF1IGjA7VjAFjnpaNoRI,The Love,Dekker,Slow Reveal: Chapter One,2020-11-20,57,158948,https://open.spotify.com/track/1WWF1IGjA7VjAFjnpaNoRI,happy
6kBik3sxfEP0iCtuuG2PdX,Saint-Saëns,Mooryc,Es war einmal Indianerland (Original Motion Picture Soundtrack),2017-10-13,0,317354,https://open.spotify.com/track/6kBik3sxfEP0iCtuuG2PdX,happy
1hVXZoSAkZ3P5Lp6fKOcgx,Take Five,The Dave Brubeck Quartet,Time Out,1959,50,324680,https://open.spotify.com/track/1hVXZoSAkZ3P5Lp6fKOcgx,happy
1jcPcDu2YawPfLhwjYnqK2,"Everybody's Talkin' - From ""Midnight Cowboy""",Harry Nilsson,Aerial Ballet,1968-07-01,66,163586,https://open.spotify.com/track/1jcPcDu2YawPfLhwjYnqK2,happy
3xATEhxjTSArvaWteLLtZg,Santa Rosa,Trifonic,Ninth Wave,2012-11-13,36,373914,https://open.spotify.com/track/3xATEhxjTSArvaWteLLtZg,happy
08rsctyZgjBgZdjbVP0eC4,Those Days,"Dal, Leah Yeger",Those Days,2020-06-26,0,229750,https://open.spotify.com/track/08rsctyZgjBgZdjbVP0eC4,happy
7aPl1cLlfhcAnO9NDwnyV4,La Voz De La Nostalgia - Original Mix,"Joaquín Cornejo, Wabi Sabi",The Dogon Orchestra,2018-05-15,45,442145,https://open.spotify.com/track/7aPl1cLlfhcAnO9NDwnyV4,happy
06xa62apcbuOyLqy9EujmX,Matumbayo,MARDELEVA,Matumbayo,2020-05-10,37,680210,https://open.spotify.com/track/06xa62apcbuOyLqy9EujmX,happy
5Ub65lHOysyiaNEw0l1fkm,Blue Bird,Ours Samplus,Orphan Loops,2018-02-02,50,232000,https://open.spotify.com/track/5Ub65lHOysyiaNEw0l1fkm,happy
3dJFylgqrn2isHO1BPoJ2X,Marabou Blues,"Theo Gramal, Timbaba",Perpetual Tales,2021-05-07,18,341976,https://open.spotify.com/track/3dJFylgqrn2isHO1BPoJ2X,happy
6fxq63aKjMmi1WMI9iKX5w,Spiritual but Not Religious,Oliver Koletzki,The Arc of Tension,2017-05-19,55,246706,https://open.spotify.com/track/6fxq63aKjMmi1WMI9iKX5w,happy
2G6dtpFgHX75Ei0ros3opC,Goodbye,Scratch Bandits Crew,Stereo 7,2015-05-18,37,251927,https://open.spotify.com/track/2G6dtpFgHX75Ei0ros3opC,happy
7f2cahcHtrBbYRAgQ3cmQB,Little Moon,Gone Gone Beyond,Little Moon (Acoustic) [LIVE from Hotel El Ganzo],2022-01-28,14,238240,https://open.spotify.com/track/7f2cahcHtrBbYRAgQ3cmQB,happy
2MWGYxwnkhevCD65lQy5bW,Imaginary Friends,Giyo,Imaginary Friends - EP,2021-11-23,14,236603,https://open.spotify.com/track/2MWGYxwnkhevCD65lQy5bW,happy
1lnEWFVBzbjQqBUEMC1i6P,Six Days - Radio Edit,DJ Shadow,Six Days,2002-01-01,0,218133,https://open.spotify.com/track/1lnEWFVBzbjQqBUEMC1i6P,happy
58n9cBF2kvNU99Lb9mjoyQ,The Way You Do,DOPE LEMON,Honey Bones,2016-07-16,0,187774,https://open.spotify.com/track/58n9cBF2kvNU99Lb9mjoyQ,happy
3K9LqDkPkrxkuXTTfxQQMd,Red Fresco,Raoul Vignal,Years in Marble,2021-05-28,39,191806,https://open.spotify.com/track/3K9LqDkPkrxkuXTTfxQQMd,happy
4NyKEVldCvokxpmeFBNNXI,2 Wicky,Hooverphonic,A New Stereophonic Sound Spectacular,1997-04-15,55,284293,https://open.spotify.com/track/4NyKEVldCvokxpmeFBNNXI,happy
39HnpKxGPzP3EUlXvs4VBQ,Fly Away / Walking in the Sunshine - 2008 Remaster,Laid Back,Keep Smiling (Remastered Version),1983-03-30,43,512080,https://open.spotify.com/track/39HnpKxGPzP3EUlXvs4VBQ,happy
13gK7r7HNM5zQHgaNrk88v,Callen,Derrok,Numa - Fuego Sagrado,2018-04-30,26,471844,https://open.spotify.com/track/13gK7r7HNM5zQHgaNrk88v,happy
750rTU2yZA8Q7jCKvtjl6m,Miss Teardrop,Felix Laband,Dark Days Exit,2005-06-27,0,205360,https://open.spotify.com/track/750rTU2yZA8Q7jCKvtjl6m,happy
2GiR6MQabeqzTqddAhjR5i,Bosque Catedral,"Yemanjo, Aluna Project",Luz Language,2020-03-17,0,313500,https://open.spotify.com/track/2GiR6MQabeqzTqddAhjR5i,happy
7bLuttK3tjKJhvfs5WZL9D,Mirando El Fuego,"El Búho, Joaquín Cornejo, Minuk",Camino De Flores,2018-12-14,0,341500,https://open.spotify.com/track/7bLuttK3tjKJhvfs5WZL9D,happy
6lAMnXLVCBPMXXWAK4lGSL,Ylang Ylang,"FKJ, ((( O )))",Ylang Ylang EP,2019-11-12,0,213000,https://open.spotify.com/track/6lAMnXLVCBPMXXWAK4lGSL,happy
0nFLHID32dgpMBUJX7V8DS,Siente,BALTHVS,MACROCOSM,2020-09-05,37,242000,https://open.spotify.com/track/0nFLHID32dgpMBUJX7V8DS,happy
1h9dWrmZSaD9WP9lkOALzg,Back to Nature - Edit,Nightmares On Wax,Back to Nature (Edit),2017-09-14,0,280306,https://open.spotify.com/track/1h9dWrmZSaD9WP9lkOALzg,happy
7AalBKBoLDR4UmRYRJpdbj,Fearless,Pink Floyd,Meddle,1971-11-11,61,367933,https://open.spotify.com/track/7AalBKBoLDR4UmRYRJpdbj,happy
0lO1JSKQt3CefZHhWr10Ai,"Sincerely Yours, The D.A.C.",Dirty Art Club,Heavy Starch,2011-02-08,39,181750,https://open.spotify.com/track/0lO1JSKQt3CefZHhWr10Ai,happy
1xvN7BtPikRLA4WFB3iOSg,Love Dub,Marcus Worgull,Love Song,2018-09-07,24,355025,https://open.spotify.com/track/1xvN7BtPikRLA4WFB3iOSg,happy
5J5RB4Rq8uUA6BbIADzs9T,Nåmi Nåmi,Antaares,Nåmi Nåmi,2021-04-27,0,507182,https://open.spotify.com/track/5J5RB4Rq8uUA6BbIADzs9T,happy
4jGdL3hfHEcutGIgmOvk96,It Starts Now,BLOND:ISH,Welcome To The Present,2015-10-23,38,282870,https://open.spotify.com/track/4jGdL3hfHEcutGIgmOvk96,happy
3tPoEUAlWroxELcJOXdVme,Porteños,Ben & Vincent,Porteños,2021-05-05,36,372571,https://open.spotify.com/track/3tPoEUAlWroxELcJOXdVme,happy
0YLvuDD0RtoN3p2SxmnYwc,Never Too Late,Karuan feat. Gianna Charles,Never Too Late,2013-03-12,31,196123,https://open.spotify.com/track/0YLvuDD0RtoN3p2SxmnYwc,happy
0SJ9kJvXAXjxeHXV8xG3qh,Little Moon,"Gone Gone Beyond, The Human Experience",Little Moon,2020-03-24,32,238240,https://open.spotify.com/track/0SJ9kJvXAXjxeHXV8xG3qh,happy
0Njsdm3fZvEqAveqcgDISP,My God Has A Telephone,The Flying Stars Of Brooklyn NY,My God Has a Telephone,2017-10-20,0,175492,https://open.spotify.com/track/0Njsdm3fZvEqAveqcgDISP,happy
7FEERYCc48PeT7XYKoCVGh,33CHANTS,David August,D'ANGELO,2018-10-05,28,334467,https://open.spotify.com/track/7FEERYCc48PeT7XYKoCVGh,happy
5oSf7bIRQ8Ixe5u0RMo3Ef,No Shadow Walk,Palomo Wendel,Morning Glow,2019-02-22,30,175579,https://open.spotify.com/track/5oSf7bIRQ8Ixe5u0RMo3Ef,happy
2PJsSgck9ikKZJ1N5oA8ES,Goca Dünya,Altin Gün,Goca Dünya,2017-05-12,0,238000,https://open.spotify.com/track/2PJsSgck9ikKZJ1N5oA8ES,happy
5CKHhg31HcYYhwUeeGqvhq,I Wish I Knew How It Would Feel to Be Free,Nina Simone,Silk & Soul (Expanded Edition),1967,63,188613,https://open.spotify.com/track/5CKHhg31HcYYhwUeeGqvhq,happy
4vWSOFR2Ve2n6ezXChzRjs,The Sour,"Peder, Dean Bowman",And He Just Pointed to the Sky,2007-04-24,37,327640,https://open.spotify.com/track/4vWSOFR2Ve2n6ezXChzRjs,happy
1qXrN2H4gutUcGMTFumFno,geometric,"Akassia, Samuel Williams",geometric,2022-02-18,13,127616,https://open.spotify.com/track/1qXrN2H4gutUcGMTFumFno,happy
1sVPnm3MQqQGaCUH1OO8NV,Noctuary,Bonobo,Dial 'M' for Monkey,2003-06-17,44,322373,https://open.spotify.com/track/1sVPnm3MQqQGaCUH1OO8NV,happy
0yaAObLTcr25dSHxUzCbbd,El Pescador,Sandra Bernardo,Gardenia,2015-10-14,0,139813,https://open.spotify.com/track/0yaAObLTcr25dSHxUzCbbd,happy
4TbIOAb7FfbhHi2glq0EwA,Dove,Cymande,Cymande,1972-01-01,1,655440,https://open.spotify.com/track/4TbIOAb7FfbhHi2glq0EwA,happy
3b1YKgW2RkxR897j83Z9eW,Be Thankful for What You've Got,Linn & Freddie,Right Here in the Middle,2017-11-10,21,281080,https://open.spotify.com/track/3b1YKgW2RkxR897j83Z9eW,happy
0oA9wBGDY4uyILLg4GymWP,Tom's Diner,"AnnenMayKantereit, Giant Rooks",Tom's Diner,2019-06-28,75,269333,https://open.spotify.com/track/0oA9wBGDY4uyILLg4GymWP,happy
6HJH2v5BIqpKW34nsLV1O7,The Queen of All Everything,Ott,Skylon,2008-01-25,0,472400,https://open.spotify.com/track/6HJH2v5BIqpKW34nsLV1O7,happy
7M7AwtGvWdMYudqx5Iuh1m,Althea - 2013 Remaster,Grateful Dead,Go to Heaven,1980,59,412595,https://open.spotify.com/track/7M7AwtGvWdMYudqx5Iuh1m,happy
4aQ8mFkZU6dmHaZOOKdscc,Ripple - 2020 Remaster,Grateful Dead,American Beauty (50th Anniversary Deluxe Edition),2020-10-30,43,248160,https://open.spotify.com/track/4aQ8mFkZU6dmHaZOOKdscc,happy
0I4yYE831a8SW8QIx6bz4x,Crimson & Clover,Tommy James & The Shondells,Anthology,1989,51,209640,https://open.spotify.com/track/0I4yYE831a8SW8QIx6bz4x,happy
2pucDx5Wyz9uHCou4wntHa,Inspector Norse,Todd Terje,It's the Arps,2012-01-09,1,400751,https://open.spotify.com/track/2pucDx5Wyz9uHCou4wntHa,happy
45rBYcTNp9fskUoNzJMGkp,Salt & Pepper,DOPE LEMON,Smooth Big Cat,2019-07-12,0,328626,https://open.spotify.com/track/45rBYcTNp9fskUoNzJMGkp,happy
4qPzX5KPnxMcDE1uxxwiap,"Acapulco, dos de la tard",Coopers,Heavenly Sweetness Sampler #3,2013-12-14,39,184750,https://open.spotify.com/track/4qPzX5KPnxMcDE1uxxwiap,happy
3SLNuRB8CPWqROnNSrMyIX,All Night Long,"Pachyman, Winter",All Night Long,2022-02-09,0,260156,https://open.spotify.com/track/3SLNuRB8CPWqROnNSrMyIX,happy
03WMhty0KQ2ppU30LiyKy4,Les jolies choses,Polo & Pan,Les jolies choses,2021-06-18,48,222373,https://open.spotify.com/track/03WMhty0KQ2ppU30LiyKy4,happy
05gEMHQ0l2OqJ3AMKPs8Oc,Come Closer - Mose Remix,"Mose, Felicia Falck",Come Closer (Mose Remix),2022-04-05,17,424588,https://open.spotify.com/track/05gEMHQ0l2OqJ3AMKPs8Oc,happy
53qU2K55RJgfs9F50irpB3,Just Jammin',Gramatik,SB2,2009-12-09,0,389500,https://open.spotify.com/track/53qU2K55RJgfs9F50irpB3,happy
2PJp7aGjxb8FOphZfKf5ke,Bambari,Ambala,Volume 1,2016-07-22,41,303157,https://open.spotify.com/track/2PJp7aGjxb8FOphZfKf5ke,happy
3t0jdtXL8Ya9gNaCDPWTjK,Rabia,Umoja,Vuelo Nocturno,2013-08-22,44,224000,https://open.spotify.com/track/3t0jdtXL8Ya9gNaCDPWTjK,happy
7FWOrmL314yxro3QljvkEq,Soutbouk,Jawhar,Winrah Marah,2018-04-20,0,346693,https://open.spotify.com/track/7FWOrmL314yxro3QljvkEq,happy
0TQ8ZHFhrbH9I0WRjIzOCQ,Nothing Arrived - Live from Spotify London,Villagers,Spotify Sessions,2013-02-18,57,219093,https://open.spotify.com/track/0TQ8ZHFhrbH9I0WRjIzOCQ,happy
0xJsdKPdxb5V2R8QtTNsSX,Sit Down - Remastered,"Shazz, Michael Robinson",Heritage (10th Anniversary Remastered Edition),2020-10-23,37,228306,https://open.spotify.com/track/0xJsdKPdxb5V2R8QtTNsSX,happy
0O30XWFz799XGTyG6B8oSn,Love Dub,Akal Dub,Life and the Void,2014-01-01,0,390858,https://open.spotify.com/track/0O30XWFz799XGTyG6B8oSn,happy
5fuJMvVKNeTbIcflFTLqg6,I Wonder,Protassov,Shalina Music,2015-02-11,54,247426,https://open.spotify.com/track/5fuJMvVKNeTbIcflFTLqg6,happy
6eD7wCzMc7IvxvzJ1ShXd3,Bulut - Martin Roth Rework,"Santi & Tuğçe, Martin Roth",A Twice Told Tale - Reworks Chapter I,2021-02-19,0,374888,https://open.spotify.com/track/6eD7wCzMc7IvxvzJ1ShXd3,happy
65vdMBskhx3akkG9vQlSH1,And I Love Her - Remastered 2009,The Beatles,A Hard Day's Night (Remastered),1964-07-10,73,149693,https://open.spotify.com/track/65vdMBskhx3akkG9vQlSH1,happy
6bk6vUU810kuRJAYYkSEtf,El Pelo De Oro,J g b,Urban Cosmonaut Reveries,2017-12-18,0,295500,https://open.spotify.com/track/6bk6vUU810kuRJAYYkSEtf,happy
1vtkNVW78sPsiOhRJuux85,Bebé Durmiendo Cumbia,Elijah Minnelli,Bebé Durmiendo Cumbia,2019-04-26,0,237423,https://open.spotify.com/track/1vtkNVW78sPsiOhRJuux85,happy
05dmWkIy20VoAlkYGSfLOr,Warmth of The Sun's Rays - Bass Love Remix,"Temple Step Project, Hang Massive",Warmth of The Sun's Rays (Bass Love Remix),2022-03-29,51,310373,https://open.spotify.com/track/05dmWkIy20VoAlkYGSfLOr,happy
4gK1g4edhTvgFoMauswyE1,Black Catbird,the Garifuna Collective,Black Catbird,2020-04-23,0,165593,https://open.spotify.com/track/4gK1g4edhTvgFoMauswyE1,happy
5sNjy41kQANS6ZRHhbTh77,Prepare,Stimming,Alpe Lusia,2016-04-29,0,376693,https://open.spotify.com/track/5sNjy41kQANS6ZRHhbTh77,happy
0mDNjIWcWqU3bgF8fiGnOW,Le Soleil Descend,"Wesli, Paul Cargnello",Le Soleil Descend,2021-06-11,23,248174,https://open.spotify.com/track/0mDNjIWcWqU3bgF8fiGnOW,happy
6RQPzpYvcXDWORKdI8t4VD,Aire,"Joaquín Cornejo, Felipe Cornejo",Barro - EP,2019-03-01,0,273473,https://open.spotify.com/track/6RQPzpYvcXDWORKdI8t4VD,happy
19MEAx5dkaKyFoCeSv6Kv9,Nos Usamos,Jiony,Uno Es Mínimo Dos,2021-02-26,29,269800,https://open.spotify.com/track/19MEAx5dkaKyFoCeSv6Kv9,happy
5donkXgtpfNv7eLAGF2IjC,Deelahli,"Yeahman, Mina Shankha",Ostriconi,2021-01-29,0,286005,https://open.spotify.com/track/5donkXgtpfNv7eLAGF2IjC,happy
4KkEfWbk9IdReNcv1mCXtt,For Those Who Wait - Foxall Remix,"Kariyan, Foxall",For Those Who Wait,2020-07-03,30,380666,https://open.spotify.com/track/4KkEfWbk9IdReNcv1mCXtt,happy
7FzuMjgbfNXdzpMvs3QkxL,Corazon de Rubi,"El Búho, Minuk",Café del Mar Vol. 24,2018-06-29,24,248186,https://open.spotify.com/track/7FzuMjgbfNXdzpMvs3QkxL,happy
0lI4NU85a2bxlPVfzjOuTc,Song For You,Marbert Rocel,Small Hours,2012-04-20,0,383840,https://open.spotify.com/track/0lI4NU85a2bxlPVfzjOuTc,happy
5uWLuFDmMs1r44KFfUwWiA,Thinking Of You,"Lord Echo, Lisa Tomlins",Melodies,2010-12-01,51,420720,https://open.spotify.com/track/5uWLuFDmMs1r44KFfUwWiA,happy
2Z3PohzqaghZySKmIqnmuA,Sol Cumbia,"Romanowski, Los Hoopties, J.Whitefield, Todd Simon",The Return of Steady Rocking Romanowski & Friends,2013-04-02,31,233933,https://open.spotify.com/track/2Z3PohzqaghZySKmIqnmuA,happy
4s4egs79fvp5UQYsRSDrUY,Onna no Yujyo - 1934 Edit,R Vincenzo,EP,2017-06-09,24,224410,https://open.spotify.com/track/4s4egs79fvp5UQYsRSDrUY,happy
6WuNzP9iUfq3MFTMVfV6NE,Luz del Bosque,Bachan Kaur,Luz del Bosque,2016-01-24,35,420000,https://open.spotify.com/track/6WuNzP9iUfq3MFTMVfV6NE,happy
5GDBbIST0sRDBxCdYybh41,Respira,"Santi & Tuğçe, Tuğçe Kurtiş",Respira,2020-04-03,39,414300,https://open.spotify.com/track/5GDBbIST0sRDBxCdYybh41,happy
1PDMa8hX7YdrGorJAJmodb,Maple,aimless,"Hip Dozer, Vol. 3",2018-11-16,16,101538,https://open.spotify.com/track/1PDMa8hX7YdrGorJAJmodb,happy
3sZDKulNp6pjOm26kZva4a,You,David Rausch,Hope,2020-05-01,20,439282,https://open.spotify.com/track/3sZDKulNp6pjOm26kZva4a,happy
0a8CZvvyv5c5xb5mrjsYoA,Canción De La Nostalgia,Jin Yerei,Urban Cosmonaut Reveries,2017-12-18,0,314000,https://open.spotify.com/track/0a8CZvvyv5c5xb5mrjsYoA,happy
38E6UZvS6eTXN91lWdwsJW,Daylight,"Peder, Signe Marie Schmidt-Jacobsen",Dirt & Gold,2010-09-06,0,197937,https://open.spotify.com/track/38E6UZvS6eTXN91lWdwsJW,happy
2XOXx2U5IIoBRPlmGgDqj8,Canopée,Polo & Pan,Caravelle,2017-05-19,0,276293,https://open.spotify.com/track/2XOXx2U5IIoBRPlmGgDqj8,happy
2jc8OuPiEPg8T5DhsiRmfk,Love Is Real,Moods,Sincere,2015-02-09,47,202213,https://open.spotify.com/track/2jc8OuPiEPg8T5DhsiRmfk,happy
3GyEeD1p5I2TahbhjxCxUU,Café de Flore,"Doctor Rockit, Matthew Herbert",Indoor Fireworks (Re-Release),2000,0,505453,https://open.spotify.com/track/3GyEeD1p5I2TahbhjxCxUU,happy
4eVUPMhqGFcmxo6cjv9KqA,Time Moves Slow,"BADBADNOTGOOD, Samuel T. Herring",IV,2016-07-08,0,273864,https://open.spotify.com/track/4eVUPMhqGFcmxo6cjv9KqA,happy
5bkp9n8Z5jx4bus0muDJ9u,Yakuza,Szymon,Blue Coloured Mountain,2019-11-08,47,173866,https://open.spotify.com/track/5bkp9n8Z5jx4bus0muDJ9u,happy
0z0JSkE5Nw3i3nin3BBSuG,Sunshine Reggae,Laid Back,Good Vibes - The Very Best of Laid Back,2008-10-06,66,257666,https://open.spotify.com/track/0z0JSkE5Nw3i3nin3BBSuG,happy
3lLaA3dwMVSATuqxXIhanU,La Mirada - Umoja Remix,"Nicola Cruz, Umoja",Prender el Alma (Remixed),2016-06-10,30,347585,https://open.spotify.com/track/3lLaA3dwMVSATuqxXIhanU,happy
3tkSTbgygIKhand5G6JzsS,Yet Another Day Thinking About You,"YokoO, Mauve (AUS), Jo.Ke",Nothing Can Compare,2019-03-01,0,349584,https://open.spotify.com/track/3tkSTbgygIKhand5G6JzsS,happy
29qdOApJ1imfzUthwCN4Eo,The Valley Below,"Zoë, Nessi Gomes",The Valley Below,2022-06-17,33,308562,https://open.spotify.com/track/29qdOApJ1imfzUthwCN4Eo,happy
2vsmjlBM1MXV31FoUDuKeA,Forever Night Shade Mary,Latin Playboys,Latin Playboys,1994-03-04,33,184093,https://open.spotify.com/track/2vsmjlBM1MXV31FoUDuKeA,happy
61X4VFQ8twPsxqq0U4Pbnc,Cariñito (Los Hijos Del Sol),Mustard,Like the Sauce,2016-09-20,36,259696,https://open.spotify.com/track/61X4VFQ8twPsxqq0U4Pbnc,happy
1zU5fSEg0zf3UrtVwQzmZq,Welwyn,"Thornato, Harry Vanvagen",Bennu,2017-04-14,0,328000,https://open.spotify.com/track/1zU5fSEg0zf3UrtVwQzmZq,happy
1lM5sW9M5a5aOIIXRD1LlE,Familiar Stranger - Day,Bison,Travellers,2014-09-08,18,351515,https://open.spotify.com/track/1lM5sW9M5a5aOIIXRD1LlE,happy
4h5m56ExHLPUC9NGz7U1Qa,Candy,Paolo Nutini,Sunny Side Up,2009-05-29,55,298693,https://open.spotify.com/track/4h5m56ExHLPUC9NGz7U1Qa,happy
1D0fyvHnRTchoKyBO0OjZ4,Alba (feat. Sofiane Pamart),"Bon Entendeur, Sofiane Pamart",Minuit,2021-06-25,0,227573,https://open.spotify.com/track/1D0fyvHnRTchoKyBO0OjZ4,happy
7IctzNEJucIBzkAWYg6np2,The Chain,Kerala Dust,The Chain,2018-02-09,56,321763,https://open.spotify.com/track/7IctzNEJucIBzkAWYg6np2,happy
3d03GeqlYsscaLsITsk1aX,Riders On The Storm,"Sie, Courtney Gray",Riders On The Storm,2018-07-06,0,357139,https://open.spotify.com/track/3d03GeqlYsscaLsITsk1aX,happy
5subwHhtwmAHRGRBG38rQM,Bajoo,JAJA,Tropical Bird Club,2016-06-03,38,382689,https://open.spotify.com/track/5subwHhtwmAHRGRBG38rQM,happy
7x0a1idtDZHeXvWU9UgA3Q,My Name,Kermesse,Kermesse,2018-11-23,25,286889,https://open.spotify.com/track/7x0a1idtDZHeXvWU9UgA3Q,happy
2mDpaQWRfsXtymj7JhVOEE,Ay Que Sera Del Sol - Original,Rodrigo Gallardo,Summer Sol,2016-06-21,46,390222,https://open.spotify.com/track/2mDpaQWRfsXtymj7JhVOEE,happy
74SiMxFuGC4SYuIGRBIIcZ,Again,"Men I Trust, Ghostly Kisses",Headroom,2015-06-30,0,229264,https://open.spotify.com/track/74SiMxFuGC4SYuIGRBIIcZ,happy
0eqMS6Iwr6W93Pl5PVRIaA,Fool,Nu,Fool,2011-06-10,0,406883,https://open.spotify.com/track/0eqMS6Iwr6W93Pl5PVRIaA,happy
0dMlYqkldsXGHHsIrRu1uh,It's Not So Bad,kidolitx,It's Not So Bad,2021-04-22,10,152595,https://open.spotify.com/track/0dMlYqkldsXGHHsIrRu1uh,happy
1YiIduNkxaZtiojkkQxk2R,Mango,"The Bahama Soul Club, Arema Arega",Mango,2020-06-26,30,221954,https://open.spotify.com/track/1YiIduNkxaZtiojkkQxk2R,happy
1ntjI7YpXzUMVJodJXuQ4Y,Schwindelig - Original,Kollektiv Turmstrasse,Rebellion Der Träumer,2010-11-19,46,254626,https://open.spotify.com/track/1ntjI7YpXzUMVJodJXuQ4Y,happy
7oGpDFkWJdq0l4rRG6fGiO,Strange - Acid Pauli & Nu Remix,"Adana Twins, Acid Pauli, Nu",Strange,2013-03-11,29,445004,https://open.spotify.com/track/7oGpDFkWJdq0l4rRG6fGiO,happy
1NeLwFETswx8Fzxl2AFl91,Something About Us,Daft Punk,Discovery,2001-03-12,75,232666,https://open.spotify.com/track/1NeLwFETswx8Fzxl2AFl91,happy
7ixiCZEHWHc8FxaQXQh2P4,Bam Bam,Sister Nancy,One Two,1982,15,196506,https://open.spotify.com/track/7ixiCZEHWHc8FxaQXQh2P4,happy
7BhZDvzJV21Dd5bY9xvtII,Between the Bars,Elliott Smith,Either/Or,1997-02-25,0,141200,https://open.spotify.com/track/7BhZDvzJV21Dd5bY9xvtII,happy
1BkY0N8ChFk2mdLbAUu8ZK,Pass The Dutchie,Musical Youth,Anthology,1994-02-28,65,205426,https://open.spotify.com/track/1BkY0N8ChFk2mdLbAUu8ZK,happy
7LalLH8oX74OhKBAJIGIxv,YouThatINeed,DJ Grumble,Freestyle Tools 2015,2015-05-06,0,220238,https://open.spotify.com/track/7LalLH8oX74OhKBAJIGIxv,happy
7aLYQgzGLy8duSSdTJa1ik,Shadows,"Bonobo, Jordan Rakei",Fragments,2022-01-14,53,285093,https://open.spotify.com/track/7aLYQgzGLy8duSSdTJa1ik,happy
5C4sp6JprCFTO9ZQcg4qXs,By,HNNY,Hosoi,2019-09-13,46,166344,https://open.spotify.com/track/5C4sp6JprCFTO9ZQcg4qXs,happy
2TCdbkEKF79PDKeY4wwCgd,Saudades,"Moderator, Serushiô",Saudades,2022-07-06,15,165072,https://open.spotify.com/track/2TCdbkEKF79PDKeY4wwCgd,happy
2DuU81ZEiJK2GbMRKuLydf,Lily Moon - Isaac Chambers Remix,"Wildlight, Ayla Nereo, The Polish Ambassador, Isaac Chambers",The Tide (Remixes),2016-12-02,0,398160,https://open.spotify.com/track/2DuU81ZEiJK2GbMRKuLydf,happy
0xgHXdzlH7bmz7BrqJKcqL,Please Please,Easy Giant,To the Moon,2017-04-18,36,270497,https://open.spotify.com/track/0xgHXdzlH7bmz7BrqJKcqL,happy
1Sz1NdKzj6i9zFXRCK0tEh,Morning Yawn,Febueder,Morning Yawn,2017-04-14,0,214578,https://open.spotify.com/track/1Sz1NdKzj6i9zFXRCK0tEh,happy
7MWjqlQOYXnJw3p8zNd3ag,Trece un Nouras / A Little Cloud Is Passing By,"Danaga, Surorile Osoianu",Am N-Aripi,2013-12-31,31,182727,https://open.spotify.com/track/7MWjqlQOYXnJw3p8zNd3ag,happy
6T4MEK8mRlx6kVf0A5ax5T,Quicksand,"Joe Yorke, Stand High Patrol",Quicksand,2021-04-23,42,240531,https://open.spotify.com/track/6T4MEK8mRlx6kVf0A5ax5T,happy
5J3F2fTUl9cSJU5Bkq09HQ,Lilies of the Valley,Tango in Vilnius,Sulle Rive Del Tango - Milonga Madre,2013-09-05,31,270013,https://open.spotify.com/track/5J3F2fTUl9cSJU5Bkq09HQ,happy
3zWgFhqjlGiM7p1ECrxclH,Sound & Color,Alabama Shakes,Sound & Color,2015-04-20,39,182466,https://open.spotify.com/track/3zWgFhqjlGiM7p1ECrxclH,happy
6NpzkIYecTgirnDViWoisp,The Moth & The Flame,Les Deux Love Orchestra,Ecstasy,2008-01-01,50,235626,https://open.spotify.com/track/6NpzkIYecTgirnDViWoisp,happy
1BLXxFPDL2BT37nHKD7KrA,Pata Pata - Stereo Version,Miriam Makeba,Pata Pata,2017,58,180174,https://open.spotify.com/track/1BLXxFPDL2BT37nHKD7KrA,happy
7ot5hilvJL7f0XynSxgpzN,Phoebe,Kerala Dust,"Light, West",2020-11-06,49,277151,https://open.spotify.com/track/7ot5hilvJL7f0XynSxgpzN,happy
0ReNWAidCpuubhPxTh5Q25,Tales of Africa,Saib,Around the World,2016-04-22,34,172923,https://open.spotify.com/track/0ReNWAidCpuubhPxTh5Q25,happy
10OuarFuuSd2zVkYJlg4ME,El niño,Ignacio Maria Gomez,Belesia,2020-11-13,41,245053,https://open.spotify.com/track/10OuarFuuSd2zVkYJlg4ME,happy
5qA6OI4Y8iLSF9e387r6Kb,Cloudy Others,"Sebastien Casanova, Arthur Alfocea",Cloudy Others,2016-06-17,41,247146,https://open.spotify.com/track/5qA6OI4Y8iLSF9e387r6Kb,happy
0gmrEXPscoXOBLkx4XZtkm,Strange Seed,Emapea,"Seeds, Roots & Fruits",2016-01-29,47,183543,https://open.spotify.com/track/0gmrEXPscoXOBLkx4XZtkm,happy
5UcmmDfku6Us8J34uT51yD,Words of Truth,Manu Chao,Words of Truth,2017-01-02,41,169200,https://open.spotify.com/track/5UcmmDfku6Us8J34uT51yD,happy
4gcRTIXP8nHwl0hFdJikia,Take Five,King Tubby,King Tubby,2011-08-23,38,218693,https://open.spotify.com/track/4gcRTIXP8nHwl0hFdJikia,happy
51rPRW8NjxZoWPPjnRGzHw,Tadow,"Masego, FKJ",Lady Lady,2018-09-07,22,301893,https://open.spotify.com/track/51rPRW8NjxZoWPPjnRGzHw,happy
0bhxSAqVVqnE12k7Ln04Zp,Byedarond,Flughand,F.Stop,2013-03-03,0,130463,https://open.spotify.com/track/0bhxSAqVVqnE12k7Ln04Zp,happy
5yGVHzJ2Se8pDzR7FIYUlU,Home Again,Michael Kiwanuka,Home Again (Deluxe Version),2012-01-01,65,209919,https://open.spotify.com/track/5yGVHzJ2Se8pDzR7FIYUlU,happy
3nyLvyC9b9dfjUVwOl8Rt5,My Soul,The Cancel,No Way to Stay,2017-04-25,0,211428,https://open.spotify.com/track/3nyLvyC9b9dfjUVwOl8Rt5,happy
0mWySChvIoNiwwjrseycdT,Marmara,Muno,Marmara,2018-06-04,32,350588,https://open.spotify.com/track/0mWySChvIoNiwwjrseycdT,happy
3Ve2fCZiDajKlRPDumL6na,ナンバー４,Khruangbin,全てが君に微笑む,2019-07-12,6,221218,https://open.spotify.com/track/3Ve2fCZiDajKlRPDumL6na,happy
0DNeSHTmM7EvVatCuT6q5p,Se Você,João Selva,Navegar,2021-04-02,22,250666,https://open.spotify.com/track/0DNeSHTmM7EvVatCuT6q5p,happy
2TPj3SnJqHKY2Xv5lBiTrH,Marahau,"Nachur, Isaac Chambers, Prosad Freeman",Cicada Sessions,2013-01-01,37,372114,https://open.spotify.com/track/2TPj3SnJqHKY2Xv5lBiTrH,happy
3cTWJ1DSQnjJ7QZcp8hRih,Her Eyes,"Elektrobin, Hip Dozer",A Cloud for Two,2019-05-31,29,288096,https://open.spotify.com/track/3cTWJ1DSQnjJ7QZcp8hRih,happy
2vW8K1C2Vj81beuKOvBdf9,Astavakra,Sadhu Sensi,Astavakra,2021-10-27,0,420215,https://open.spotify.com/track/2vW8K1C2Vj81beuKOvBdf9,happy
35MGDjd5xwVGuV9hISS69i,I'm so High,HashFinger,Kites,2015-05-15,21,184834,https://open.spotify.com/track/35MGDjd5xwVGuV9hISS69i,happy
3FQp6ChlxMpAEWY2bURpOZ,Freshies - Artifakts Remix,"Maddy O'Neal, Artifakts",Freshies (Artifakts Remix),2019-05-02,37,183529,https://open.spotify.com/track/3FQp6ChlxMpAEWY2bURpOZ,happy
32KuZTgFYgyMl9l3rJkESm,Step / Time,CharlestheFirst,Step / Time,2016-09-15,35,185908,https://open.spotify.com/track/32KuZTgFYgyMl9l3rJkESm,happy
3Od1ZJW0O6puhUWFzlg85d,ETERNAL NOW,"LSDREAM, Champagne Drip",RENEGADES OF LIGHT,2019-04-12,42,238745,https://open.spotify.com/track/3Od1ZJW0O6puhUWFzlg85d,happy
1hqOqF2CFZoKri1bpqGT1U,Helicopter,Deerhunter,Halcyon Digest,2010-09-27,39,298173,https://open.spotify.com/track/1hqOqF2CFZoKri1bpqGT1U,happy
7ystRkFTTgFWEoksxrnRpf,SEANKEN BIMA,"Nu, Seanken Bima",NO WAKE,2021-04-10,27,404494,https://open.spotify.com/track/7ystRkFTTgFWEoksxrnRpf,happy
0Xeihvze3TQMpho3IW1Tu3,Zebra,islandman,Kaybola (Deluxe Version),2020-06-25,30,406308,https://open.spotify.com/track/0Xeihvze3TQMpho3IW1Tu3,happy
3MtP9T0WF4xbIo8vqHYeXM,Spooky,Dusty Springfield,Dusty... Definitely (Expanded Edtion),1968-11-22,71,164173,https://open.spotify.com/track/3MtP9T0WF4xbIo8vqHYeXM,happy
5WDCdwgh4eTxlF3YXWKUrc,Intellijel Bell - Nutia Remix,"Acid Pauli, Nutia",MOD Remixes,2021-07-23,20,389665,https://open.spotify.com/track/5WDCdwgh4eTxlF3YXWKUrc,happy
6l91G5h57AW47LDPMuJSST,One More Love Song,Mac DeMarco,This Old Dog,2017-05-05,0,241066,https://open.spotify.com/track/6l91G5h57AW47LDPMuJSST,happy
5u9NUat59IiQFVEzZ4r3Np,Love is All,The Tallest Man On Earth,The Wild Hunt,2010-04-13,44,255853,https://open.spotify.com/track/5u9NUat59IiQFVEzZ4r3Np,happy
3JSfuxjd8vUDP6ctBA1EJE,Same but More,Late Night Radio,"Vinyl Restoration, Vol. 9",2021-01-29,14,155121,https://open.spotify.com/track/3JSfuxjd8vUDP6ctBA1EJE,happy
4Glz3lQTxkrIIsXULYNvEs,Silent Hi-Fi,"The Human Experience, SaQi",Embraced,2014-10-22,0,305727,https://open.spotify.com/track/4Glz3lQTxkrIIsXULYNvEs,happy
165n9dxHacuguzneup0HXQ,Magic Moments (with Mitchell Ayres and His Orchestra & The Ray Charles Singers),"Perry Como, Mitchell Ayres & His Orchestra, The Ray Charles Singers",The Essential Perry Como,2010-10-26,40,160866,https://open.spotify.com/track/165n9dxHacuguzneup0HXQ,happy
00Ef27gNUtpLpTsVwDhQj1,Jeeper Creeper,Sinkane,MARS,2012-11-05,0,319466,https://open.spotify.com/track/00Ef27gNUtpLpTsVwDhQj1,happy
4itZtZUPOT2WkXO6vpeYqD,Eternal Soul - Original Mix,Hraach,Eternal Soul,2015-11-30,45,357947,https://open.spotify.com/track/4itZtZUPOT2WkXO6vpeYqD,happy
4yDjzVhXig9tfO7Zv46FE8,Over the Rainbow,Israel Kamakawiwo'ole,Somewhere Over the Rainbow The Best of Israel Kamakawiwo`ole,2017-10-15,61,211933,https://open.spotify.com/track/4yDjzVhXig9tfO7Zv46FE8,happy
5KqPvUq4jQD1WBDfcTRpuS,Zeelim,Kutiman,6 A.M.,2016-06-17,0,166544,https://open.spotify.com/track/5KqPvUq4jQD1WBDfcTRpuS,happy
2WoTpLyKfUwOhAqzH8HzXv,Deep Eyes,Kubix,Guitar Chant,2020-11-13,22,295226,https://open.spotify.com/track/2WoTpLyKfUwOhAqzH8HzXv,happy
3CTCEVISJ63OqjJiLHfopo,Aguas Claras,El Búho,Camino de Flores,2018-12-14,0,280928,https://open.spotify.com/track/3CTCEVISJ63OqjJiLHfopo,happy
63S0g1NOuVCQuWjtyCOHyf,Earth Breath,BLOOM,"El Mundo EP, Pt. 2",2018-08-17,51,249521,https://open.spotify.com/track/63S0g1NOuVCQuWjtyCOHyf,happy
7qw4F9ebIh2z1dSBpJMfdt,Seabird,Alessi Brothers,The Best Of The Alessi Brothers,1998-01-01,54,186320,https://open.spotify.com/track/7qw4F9ebIh2z1dSBpJMfdt,happy
6UJThOHpnTSWu583jJ4dbo,Sun Go Down,Fat Night,Lazy Days,2015-10-19,0,222320,https://open.spotify.com/track/6UJThOHpnTSWu583jJ4dbo,happy
7tG68NtLXzWV2tiN6ghLeb,Gonna Make Time Version,"The Frightnrs, Victor Axelrod",More to Say Versions,2017-10-20,0,237493,https://open.spotify.com/track/7tG68NtLXzWV2tiN6ghLeb,happy
3oRaLG3ZDqXNN4BXhBClrY,Quimey Neuquén,Jose Larralde,Herencia: Canta José Larralde,1967-04-19,46,173866,https://open.spotify.com/track/3oRaLG3ZDqXNN4BXhBClrY,happy
3kX5hmYiChRvKYt5uaSKQO,Tainted Love,Grandmagneto,Night Fever / Tainted Love,2007-05-18,34,176013,https://open.spotify.com/track/3kX5hmYiChRvKYt5uaSKQO,happy
0AWN35e76cvPxAUms8SojX,Sugar Town,Nancy Sinatra,Sugar,2006-04-25,52,146468,https://open.spotify.com/track/0AWN35e76cvPxAUms8SojX,happy
6Kl3ICS3oQSfzqGHtnyzCl,La Vibra Que Sana - Isaac Chambers Remix,"Scott Nice, Alex Serra, Isaac Chambers",Flowers from the Fire (The Remixes),2022-06-17,26,283590,https://open.spotify.com/track/6Kl3ICS3oQSfzqGHtnyzCl,happy
6IBpFG2LU2udYofIuROp3w,Lost In The Light,Bahamas,Barchords,2012-01-01,67,236720,https://open.spotify.com/track/6IBpFG2LU2udYofIuROp3w,happy
5E7G1v4iGa9li0HWAomSOs,Pájaro,Maple Syrup,Barça,2020-08-28,42,128826,https://open.spotify.com/track/5E7G1v4iGa9li0HWAomSOs,happy
7893T13s6urM1GOl7mGRCC,Paraiso,Gizmo Varillas,El Dorado,2016-11-04,46,103226,https://open.spotify.com/track/7893T13s6urM1GOl7mGRCC,happy
2hiYgtiU7j5zzLs7ib5uIt,sunday blunts,Sweeps,tomorrow,2017-01-19,0,157741,https://open.spotify.com/track/2hiYgtiU7j5zzLs7ib5uIt,happy
2l7128KMtdS04Ur6wYphQy,Un étranger au paradis,"Yousla, Tour De Manège","Tour de manège, Vol. 1",2013-12-08,35,205333,https://open.spotify.com/track/2l7128KMtdS04Ur6wYphQy,happy
7AIiiE5eSZOEaYXMi52pIC,French Letter,J-Walk,A Night On The Rocks,2002-10-28,39,293760,https://open.spotify.com/track/7AIiiE5eSZOEaYXMi52pIC,happy
5fpNuwgBkbCxKKpBsvHV8T,Barbary Fig,Izzy Wise,Records in the Sun,2019-08-09,12,277771,https://open.spotify.com/track/5fpNuwgBkbCxKKpBsvHV8T,happy
3erPHeyy8b6wO5clWGYCgY,Caligraphie chinoises,GuiB,Among,2019-02-11,16,127690,https://open.spotify.com/track/3erPHeyy8b6wO5clWGYCgY,happy
4404HlhvpyF8reCVoyGGoa,Orchids,Monster Rally,Return to Paradise,2013-10-29,0,176541,https://open.spotify.com/track/4404HlhvpyF8reCVoyGGoa,happy
0gDWgUpmcRyIb9yBxeaGQj,Memories,Waldeck,Ballroom Stories,2007-09-10,0,230326,https://open.spotify.com/track/0gDWgUpmcRyIb9yBxeaGQj,happy
0DwYfL1yUnKuyDJUBkqDEb,Burlesque,Rapossa,Paint Your Story,2019-05-30,23,434042,https://open.spotify.com/track/0DwYfL1yUnKuyDJUBkqDEb,happy
3KRiNc9gBfTe15xM1XVGHp,Under The Sun,Cuco,Under The Sun,2021-09-16,52,217517,https://open.spotify.com/track/3KRiNc9gBfTe15xM1XVGHp,happy
6ccpBKLyviHQyhK4o4pbX0,Spark,Niklas Paschburg,Oceanic,2018-02-09,50,264045,https://open.spotify.com/track/6ccpBKLyviHQyhK4o4pbX0,happy
6xinDlAhzt1dNeFcv8Z0BH,Civilización y Barbarie,Silvio Astier,Civilización y Barbarie Remixes,2020-03-23,38,300035,https://open.spotify.com/track/6xinDlAhzt1dNeFcv8Z0BH,happy
74RQQSGzxODrh57UH2jykM,Trauma,sumthin sumthin,Trauma,2020-09-02,43,192000,https://open.spotify.com/track/74RQQSGzxODrh57UH2jykM,happy
1agDrFoAA9hYPJwFxo0MmV,Tomorrow,"Atili Bandalero, Prendy",Nova Tunes 3.1-4.0 (2015-2019),2020-12-04,12,217426,https://open.spotify.com/track/1agDrFoAA9hYPJwFxo0MmV,happy
3fWXJrdFlfQnDImXJhjKQm,Gnossienne No. 1,Chicha Libre,Sonido Amazonico!,2009-02-09,0,273760,https://open.spotify.com/track/3fWXJrdFlfQnDImXJhjKQm,happy
2uSQGq0WuAVhAJk3xoMJJu,Walking On the Moon,"Roseaux, Aloe Blacc",Roseaux,2012-11-12,0,326720,https://open.spotify.com/track/2uSQGq0WuAVhAJk3xoMJJu,happy
2Gsare6GuBE2Ph3zJanNKl,You Sigh,Charlie Cunningham,Lines,2017-01-27,0,178826,https://open.spotify.com/track/2Gsare6GuBE2Ph3zJanNKl,happy
6VsCrdZEK2GM3JSSkkRS3C,Bohemia,Audio Dope,Solar,2015-11-16,34,218358,https://open.spotify.com/track/6VsCrdZEK2GM3JSSkkRS3C,happy
0n1GxWrgNWZKfmDdpuAJUf,L'amour à la plage (with Alice on the roof),"Suarez, Alice on the roof",Ni rancoeur ni colère,2018-02-23,44,169226,https://open.spotify.com/track/0n1GxWrgNWZKfmDdpuAJUf,happy
1q8gelFgFYUwoWpQV7WNCe,54-46 Was My Number,Toots & The Maytals,In The Dark,1973-03-01,64,204026,https://open.spotify.com/track/1q8gelFgFYUwoWpQV7WNCe,happy
2xnYhXiEC8rV2pO7eCVk6F,Walking In The Rain,Romare,Fantasy,2022-11-04,24,268248,https://open.spotify.com/track/2xnYhXiEC8rV2pO7eCVk6F,happy
2MYPFXScWdR3PQihBQxu7x,Bubbles,Yosi Horikawa,Wandering,2012-06-18,45,347250,https://open.spotify.com/track/2MYPFXScWdR3PQihBQxu7x,happy
3VjaP3TNgHTjjXyUmDCm5C,Marriage Is A State Of Vibes,Dave Hamilton,"Detroit City Grooves Featuring ""Soul Suite""",2002-11-25,24,215205,https://open.spotify.com/track/3VjaP3TNgHTjjXyUmDCm5C,happy
4Tzw9IdZbVyzmpWrvsGaNX,Wildfires,SAULT,Untitled (Black Is),2020-06-19,72,206947,https://open.spotify.com/track/4Tzw9IdZbVyzmpWrvsGaNX,happy
4Qxwv49iR6B4x2nFqPoCbh,Breezin,Boris Garbiner Happening,"Beach Diggin', Vol. 4",2016-08-05,0,214850,https://open.spotify.com/track/4Qxwv49iR6B4x2nFqPoCbh,happy
4R8rtLIPQcrjnYvKOlqUON,Feel Like Jumping,Marcia Griffiths,Reggae Anthology: Melody Life,2007,41,213506,https://open.spotify.com/track/4R8rtLIPQcrjnYvKOlqUON,happy
5Z2BfQi9jSqQU3d5THQAT1,Snake Pit,Jungle Fire,Tropicoso,2014-09-30,23,246093,https://open.spotify.com/track/5Z2BfQi9jSqQU3d5THQAT1,happy
7u2ns6B2JMNkY1pcvIbhCO,Blooming in the Valley,Omid Shabani,Blooming in the Valley,2019-08-05,56,207969,https://open.spotify.com/track/7u2ns6B2JMNkY1pcvIbhCO,happy
1kQjyyI3xZixtByFizxlXE,Ndokulandela,Bongeziwe Mabandla,Mangaliso,2017-05-12,49,231625,https://open.spotify.com/track/1kQjyyI3xZixtByFizxlXE,happy
1qxWKxApUYHPuQ596k61aK,Who Loves The Sun - Depart Acoustica,"Nu, Depart",Who Loves The Sun (Depart Acoustica),2021-06-10,40,258897,https://open.spotify.com/track/1qxWKxApUYHPuQ596k61aK,happy
7wrDfgpKlkqTaut2sjysdw,Chasing the Sun,Moderator,Chasing the Sun,2021-06-11,47,137263,https://open.spotify.com/track/7wrDfgpKlkqTaut2sjysdw,happy
06uE6yOg0nc1HFTJWOhFYJ,Man Dies Alone - Short Version,Depart,Man Dies Alone,2021-02-05,31,279000,https://open.spotify.com/track/06uE6yOg0nc1HFTJWOhFYJ,happy
3LWCXyDjH8LX0LjELyHyQA,Wadi Rum,"Yeahman, Madhushree",Wadi Rum,2022-09-08,19,245191,https://open.spotify.com/track/3LWCXyDjH8LX0LjELyHyQA,happy
4GSScqSKNFO4lIozIWTAVa,It's Time,ulises,Abendrot EP,2022-09-09,33,224347,https://open.spotify.com/track/4GSScqSKNFO4lIozIWTAVa,happy
25p6g55CQoF3nlK6XQ5cnn,Sweet Love,Guts,Guts (Le Bienheureux),2007-06-01,0,163050,https://open.spotify.com/track/25p6g55CQoF3nlK6XQ5cnn,happy
4chG0giQCEPOfXx7BSc6SQ,Outter Space,Alex Serra,In The Real World,2019-06-21,54,276616,https://open.spotify.com/track/4chG0giQCEPOfXx7BSc6SQ,happy
4IBwgoDpNG2p7EouVtFw0E,Venice Venture,Big Wild,Venice Venture,2014-07-15,54,220865,https://open.spotify.com/track/4IBwgoDpNG2p7EouVtFw0E,happy
4NL9FkouVad0E6Fgvy9p10,Bad Kingdom,Moderat,II,2013-08-02,0,262840,https://open.spotify.com/track/4NL9FkouVad0E6Fgvy9p10,happy
0UoKFJtjDF0lOeDoeZQSSP,Shadow Boxing,El Michels Affair,Return to the 37th Chamber,2017-04-14,0,168941,https://open.spotify.com/track/0UoKFJtjDF0lOeDoeZQSSP,happy
5bbxOBJ8DOYHqwCj4xozio,Das Elementarteilchen,Pablo Nouvelle,Das Elementarteilchen,2022-05-13,9,241696,https://open.spotify.com/track/5bbxOBJ8DOYHqwCj4xozio,happy
77nGkjmKU27LjPEF0eLUdT,Daymarks,Catching Flies,Silver Linings Remixed,2020-04-17,55,225187,https://open.spotify.com/track/77nGkjmKU27LjPEF0eLUdT,happy
760d5fC41dkJL9WHPIPhDD,Leila,Kourosh Yaghmaei,Back From The Brink: Pre-Revolution Psychedelic Rock From Iran: 1973-1979,1976-05-28,36,267826,https://open.spotify.com/track/760d5fC41dkJL9WHPIPhDD,happy
6JRLFiX9NJSoRRKxowlBYr,Is This Love,Bob Marley & The Wailers,Kaya,1978,78,232200,https://open.spotify.com/track/6JRLFiX9NJSoRRKxowlBYr,happy
5pq9TAgVwMpcqfPGsxjg5I,Absolut,"El Búho, Tremor",Ramas,2020-03-27,0,251598,https://open.spotify.com/track/5pq9TAgVwMpcqfPGsxjg5I,happy
2RycgtfFQZOPgEGrzBGE0j,Getsomerest/sleepwell,"quickly, quickly","Quickly Quickly, Vol. 1",2017-04-16,46,332173,https://open.spotify.com/track/2RycgtfFQZOPgEGrzBGE0j,happy
59lGoOQ19ggYJHPOoxdUv7,Swiss,Deeb,Slowmocean,2016-07-25,0,256743,https://open.spotify.com/track/59lGoOQ19ggYJHPOoxdUv7,happy
7pgneFkR3Vb8Q8J1Nheepd,I'm sorry,"Swell, Shiloh",Theres Still Us,2016-01-19,0,157384,https://open.spotify.com/track/7pgneFkR3Vb8Q8J1Nheepd,happy
2VjFCfTSNZOqXlegbPqkKm,Long Way Home,Husa & Zeyada,Long Way Home,2022-11-16,39,261818,https://open.spotify.com/track/2VjFCfTSNZOqXlegbPqkKm,happy
5mugT9d5ag9RIDfZjFdpPS,Aguas da Amazonia: Japurá River,"Philip Glass, Uakti",Landscapes: Minimalism,2021-11-03,16,284680,https://open.spotify.com/track/5mugT9d5ag9RIDfZjFdpPS,happy
04AD9vIvCiO5qXjviXj37T,The Overlook,Koresma,The Overlook,2017-09-05,23,250212,https://open.spotify.com/track/04AD9vIvCiO5qXjviXj37T,happy
2Sl3u7MP7DA48URZZ39XrK,Sister Owls,Monster Rally,Adventures on the Floating Island,2019-09-20,50,113865,https://open.spotify.com/track/2Sl3u7MP7DA48URZZ39XrK,happy
0SzcwmjktkJ7CSS3KZ1d8q,Just Woke Up Here,Richard Houghten,Quantum Flow,2022-04-20,52,148909,https://open.spotify.com/track/0SzcwmjktkJ7CSS3KZ1d8q,happy
0PTWYBjR3iFJ0jqjZkWa4U,Onda,Molife,Day Glo,2018-07-20,21,193832,https://open.spotify.com/track/0PTWYBjR3iFJ0jqjZkWa4U,happy
5OFoIspu0PTFZRN4javLur,Supreme,Ratatat,Magnifique,2015-07-17,32,180910,https://open.spotify.com/track/5OFoIspu0PTFZRN4javLur,happy
1knUACOt5yfNAYn7gnYQVt,Work,Charlotte Day Wilson,CDW,2016-08-26,61,224481,https://open.spotify.com/track/1knUACOt5yfNAYn7gnYQVt,happy
3iFrnwcE635aABiCZWULxP,Slip Into Something More Comfortable - Stephen Hague 2016 Mix,"Kinobe, Stephen Hague",Slip Into Something More Comfortable,2016-06-24,54,287776,https://open.spotify.com/track/3iFrnwcE635aABiCZWULxP,happy
2miIOgni3EEut8pvYcxeYn,Six Blade Knife,Dire Straits,Dire Straits,1978-10-07,71,252000,https://open.spotify.com/track/2miIOgni3EEut8pvYcxeYn,happy
67MH9hpGJQoivKhC4bu8Ow,Omeñiso,Ignacio Maria Gomez,Belesia,2020-11-13,49,302160,https://open.spotify.com/track/67MH9hpGJQoivKhC4bu8Ow,happy
1MdJJBMO3maBbM3duDD9l9,My Good Friend,Sean Koch,Subtle Affection,2022-09-09,22,189807,https://open.spotify.com/track/1MdJJBMO3maBbM3duDD9l9,happy
6Iw6EcVVKZD7oLpY97t1vd,Amusement Park,Nicolas Michaux,Les Chutes,2021-10-01,9,213226,https://open.spotify.com/track/6Iw6EcVVKZD7oLpY97t1vd,happy
5qrVNXz5lCpjPnjAagWl6U,Camino Que Pasa,"Sandra Bernardo, Natalia Doco",Camino Que Pasa,2022-07-15,49,180157,https://open.spotify.com/track/5qrVNXz5lCpjPnjAagWl6U,happy
4CiRHat5ceN2qZL7yRq1Uw,You Don't Own Me,Mazette,Banzai Lab Compilation X (Futur),2019-01-21,11,248000,https://open.spotify.com/track/4CiRHat5ceN2qZL7yRq1Uw,happy
2eu5smuipWhZoGBCMKZmuR,Ya Hawa,"Thornato, KarenBe, El Búho",Escape Plan,2020-11-06,0,255462,https://open.spotify.com/track/2eu5smuipWhZoGBCMKZmuR,happy
6pdnlKAde9GmHryfvsxhhO,Lovers Left Alone,"Kariyan, Eléonore Fourniau",Lovers Left Alone,2019-05-15,36,368613,https://open.spotify.com/track/6pdnlKAde9GmHryfvsxhhO,happy
2MRJ3Oqb5yAONPvQyoWnQ9,Can't Help Falling In Love - with The Royal Philharmonic Orchestra,"Elvis Presley, Royal Philharmonic Orchestra",If I Can Dream: Elvis Presley with the Royal Philharmonic Orchestra,2015-10-30,62,198600,https://open.spotify.com/track/2MRJ3Oqb5yAONPvQyoWnQ9,happy
33PwTxfVSWTN3fd91q4Wsj,Summer Tape,The Cancel,Reply from Space,2011-09-19,1,113109,https://open.spotify.com/track/33PwTxfVSWTN3fd91q4Wsj,happy
6CfaocK9mmpKr4NqaQLjBM,Soy Una Nube,Elia y Elizabeth,Elia Y Elizabeth,1972-04-15,49,166440,https://open.spotify.com/track/6CfaocK9mmpKr4NqaQLjBM,happy
08fULhE2gQaAPPdmHZ3BIY,Keep Going,"Boozoo Bajou, Tony Joe White",Dust My Broom,2005-08-22,49,297933,https://open.spotify.com/track/08fULhE2gQaAPPdmHZ3BIY,happy
0FcpuWVEN5XvRazBLPd9tQ,Suns of Gold,Leifur James,A Louder Silence,2018-10-05,0,262695,https://open.spotify.com/track/0FcpuWVEN5XvRazBLPd9tQ,happy
7afB9uuN1t1UQArknKHaBh,Night Wind,islandman,Rest in Space,2018-01-12,51,252631,https://open.spotify.com/track/7afB9uuN1t1UQArknKHaBh,happy
3vzA1Pm9V4ItunYaufwhyM,Precious Memories,J.J. Cale,Okie,1974-04-30,29,129826,https://open.spotify.com/track/3vzA1Pm9V4ItunYaufwhyM,happy
2Nu7LrhiXlYZn3acB4bWGq,Sunshine - Acoustic Version,Flavia Coelho,Bossa Muffin (Deluxe Edition),2010,46,203920,https://open.spotify.com/track/2Nu7LrhiXlYZn3acB4bWGq,happy
69qGhVe4CbzDi5uBeWPPdO,Tabhair dom do Lámh,"Chris Thile, Brad Mehldau",Chris Thile & Brad Mehldau,2017-01-20,38,261466,https://open.spotify.com/track/69qGhVe4CbzDi5uBeWPPdO,happy
2dXs6WlSVXJX3i99Xw4n2u,Don't Call My Name,Skinshape,Life & Love,2017-05-03,56,249846,https://open.spotify.com/track/2dXs6WlSVXJX3i99Xw4n2u,happy
51b0OYZ8ABiahYR5p59ZUC,Good Morning,Jean du Voyage,The Closest EP,2014-01-13,39,143267,https://open.spotify.com/track/51b0OYZ8ABiahYR5p59ZUC,happy
1jCVudHbEBMAf0XdLyfgJC,New Moon,Almunia,New Moon,2011-05-30,38,398173,https://open.spotify.com/track/1jCVudHbEBMAf0XdLyfgJC,happy
3MdtUtzpSB6gsFxoAZx9FH,Phoenix - Original Mix,JIM,Falling That You Know,2021-02-26,14,219624,https://open.spotify.com/track/3MdtUtzpSB6gsFxoAZx9FH,happy
6jWIrDVUb80fLhMzwVcoaO,What Fills the Gap,"Will Cady, Alan Watts",The Awake,2013-07-01,31,270500,https://open.spotify.com/track/6jWIrDVUb80fLhMzwVcoaO,happy
4InJf4lGFizBLNnmAd2dzq,It's Ok (it's Not Ok),Mindchatter,DREAM SOUP,2022-04-08,0,184996,https://open.spotify.com/track/4InJf4lGFizBLNnmAd2dzq,happy
3K4d6jQHOGAyrMFTWldkzH,Dreams - OAKK Remix,"DnA, Dov1, An-Ten-Nae, OAKK",Dreams Remixes,2018-11-16,25,191712,https://open.spotify.com/track/3K4d6jQHOGAyrMFTWldkzH,happy
4vJLFhcjscdsV2if8Sasuo,Samba,vision string quartet,Samba,2020-10-16,19,276500,https://open.spotify.com/track/4vJLFhcjscdsV2if8Sasuo,happy
4d0DAEFyZUgjlalTTB17sm,Batismo,"Populous, RIVA",Azulejos,2017-06-09,0,191924,https://open.spotify.com/track/4d0DAEFyZUgjlalTTB17sm,happy
7ADfBtmvCXIULUK47gyqoS,Chapaleufú,Klik & Frik,Regenerar,2023-04-14,32,119008,https://open.spotify.com/track/7ADfBtmvCXIULUK47gyqoS,happy
6tfuTjLipmA0KrQ7fmwUEe,Dinner Time,Stand High Patrol,The Shift,2017-05-26,39,245362,https://open.spotify.com/track/6tfuTjLipmA0KrQ7fmwUEe,happy
0mesXBMiwhSsFjUJNe9k1T,Kalif Onya,Al Pride,Kalif Onya,2019-09-20,38,238936,https://open.spotify.com/track/0mesXBMiwhSsFjUJNe9k1T,happy
4cfe6B8xRkgmpoYD0X4AOc,More Than Abstract Hip-Hop - Mounika. Remix,"Degiheugi, Mounika.",Remixed Treasures,2023,1,122669,https://open.spotify.com/track/4cfe6B8xRkgmpoYD0X4AOc,happy
1Z58P0Zila9U0uanoYwn4g,Hush Little Bay,"Al'Tarba, Bianca Casady, CocoRosie",La Fin Des Contes,2022-09-30,0,142500,https://open.spotify.com/track/1Z58P0Zila9U0uanoYwn4g,happy
64IpU4ITt2KvURUGDdjjaN,Echo Point,Isophene,Reverbatory,2018-10-29,11,336253,https://open.spotify.com/track/64IpU4ITt2KvURUGDdjjaN,happy
1ijs2OIJlCZ6lxjJ4Br7lG,Breathe - Mounika.Remix,"Télépopmusik, Mounika.",Breathe - EP 20th Anniversary,2021-07-09,17,171680,https://open.spotify.com/track/1ijs2OIJlCZ6lxjJ4Br7lG,happy
2Kt9ltdCsFOV60uk36IcSW,Over and Done,"SLUMB, Senbeï",Reset,2020-05-29,31,266093,https://open.spotify.com/track/2Kt9ltdCsFOV60uk36IcSW,happy
2a5qaGUrVHWAIrh0xmTADM,neve give up,Son Little,aloha,2020-01-31,52,221476,https://open.spotify.com/track/2a5qaGUrVHWAIrh0xmTADM,happy
5UBBJnFxsfjFxfrtvErQoH,Crystalised,The xx,xx,2009-08-16,67,201946,https://open.spotify.com/track/5UBBJnFxsfjFxfrtvErQoH,happy
2pqIwzbkxhwZK3TzbDoO3j,Gang Stories - Pt. I,Blundetto,Gang Stories (Original Soundtrack of the Podcast Series),2021-03-31,36,236171,https://open.spotify.com/track/2pqIwzbkxhwZK3TzbDoO3j,happy
2egaUALV7H8XFfPI8EZDsr,Dub Be Good To Me,Beats International,Let Them Eat Bingo,1990-04-12,53,217426,https://open.spotify.com/track/2egaUALV7H8XFfPI8EZDsr,happy
4oDj9KjjAHfKIlERxoUu1f,Khepre,islandman,Heimlich III,2018-06-15,42,391840,https://open.spotify.com/track/4oDj9KjjAHfKIlERxoUu1f,happy
35iCo2B0jaGwYpaFP2fFZ8,Ça fait du bien - Voilaaa Remix,"Antonin, Voilaaa",Ça fait 2x plus de bien,2018-07-20,49,208153,https://open.spotify.com/track/35iCo2B0jaGwYpaFP2fFZ8,happy
74afSXinmO8d7hyopaoAbi,Clouds,IHF,Floating EP,2014-01-01,44,252586,https://open.spotify.com/track/74afSXinmO8d7hyopaoAbi,happy
2F09YSqsNCGLBGvrvUWvZp,Belo Horizonte,Cari Cari,Welcome To Kookoo Island,2022-09-16,0,226165,https://open.spotify.com/track/2F09YSqsNCGLBGvrvUWvZp,happy
17a9KVjrHx0ykYuNfyyEMX,Til Waking Light,Gaby Moreno,Alegoría,2022-04-22,0,272458,https://open.spotify.com/track/17a9KVjrHx0ykYuNfyyEMX,happy
4dzr9B23lFEEz37A9g6Odr,Desert Days,Sonny Ism,Plastic Worlds,2018-07-19,1,377766,https://open.spotify.com/track/4dzr9B23lFEEz37A9g6Odr,happy
64W5XrToQCzXz3zh1A2pR5,Shameless Dub,"Groove Armada, Bryan Ferry, Tim Love Lee",Tim Love Lee: Fully Bearded (15 Years of Tummy Touch Records in Dub),2011-11-08,30,332240,https://open.spotify.com/track/64W5XrToQCzXz3zh1A2pR5,happy
1b1vZDjpESlpXrQzJRUZNW,House Of Spirits,Ganzo,House Of Spirits,2020-08-07,21,99693,https://open.spotify.com/track/1b1vZDjpESlpXrQzJRUZNW,happy
3DZ4rGasClwZTCXD7mzFtk,Weissensee - Fink Version,"NEU!, Fink",Weissensee (Fink Version),2022-07-29,0,430133,https://open.spotify.com/track/3DZ4rGasClwZTCXD7mzFtk,happy
2C026CuHk5rSepbskiKsae,Hypnagogia,Erman Erim,Any Given Sunday,2011-09-02,39,244349,https://open.spotify.com/track/2C026CuHk5rSepbskiKsae,happy
1G1VR90B2GQsKMQQiLRDeI,Kerosene,Mindchatter,Kerosene,2019-06-27,0,168530,https://open.spotify.com/track/1G1VR90B2GQsKMQQiLRDeI,happy
1zGokp7FQsXP5rQIM9wp6D,The Whispering Wind,Moby,Play - The B Sides,1999-05-17,0,363986,https://open.spotify.com/track/1zGokp7FQsXP5rQIM9wp6D,happy
6L5BZEcZmD6RBJnimzlyKr,Nights In White Satin - Single Version / Mono,The Moody Blues,Days Of Future Passed (Deluxe Version),1967-11-10,66,269106,https://open.spotify.com/track/6L5BZEcZmD6RBJnimzlyKr,happy
5b7bnzBT8F7SMg5nwOolbk,Rivers Of Babylon,The Melodians,The Harder They Come (Original Motion Picture Soundtrack),1972-07-07,41,255266,https://open.spotify.com/track/5b7bnzBT8F7SMg5nwOolbk,happy
4rmQdz7qbI5CEzSpy1Puq2,Sowa,Fatoumata Diawara,Fatou,2011-09-19,0,186906,https://open.spotify.com/track/4rmQdz7qbI5CEzSpy1Puq2,happy
73z0nxgDAKFdbjtOOPzRf8,Hello,Axel Boman,Family Vacation,2013-11-11,0,519467,https://open.spotify.com/track/73z0nxgDAKFdbjtOOPzRf8,happy
7tKoW2C7sCV85d7END7atF,Psychic,Finson,Psychic,2022-11-04,12,117000,https://open.spotify.com/track/7tKoW2C7sCV85d7END7atF,happy
5ocDwZL3CaU4nekJu4OzKR,Alvéoles,Kora (CA),Alvéoles,2023-05-19,14,326000,https://open.spotify.com/track/5ocDwZL3CaU4nekJu4OzKR,happy
0KI2Vl4VlDqGIWHYyO2pvs,Wintergreen (Stimming remix),"Stavroz, Stimming",Wintergreen (Stimming remix),2023-03-17,0,181587,https://open.spotify.com/track/0KI2Vl4VlDqGIWHYyO2pvs,happy
29ByWpzZg2dCI8QcHA6VE6,Eoto,RŮDE,Eoto,2023-04-07,16,175000,https://open.spotify.com/track/29ByWpzZg2dCI8QcHA6VE6,happy
0qgiSliUi9KdYloWvFM8QR,In The Back of My Ship,"Nôze, dOP",Dring,2011-04-01,36,330373,https://open.spotify.com/track/0qgiSliUi9KdYloWvFM8QR,happy
20ImoBVJaeteDaImk79GNp,Wareika Vibes,Rico Rodriguez,Wareika Vibes,2006-01-01,0,229560,https://open.spotify.com/track/20ImoBVJaeteDaImk79GNp,happy
4MACBfVi87fB6QB03Z8KiK,Groove In G,Playing For Change,PFC 2: Songs Around The World,2011-05-31,37,269186,https://open.spotify.com/track/4MACBfVi87fB6QB03Z8KiK,happy
7v2ATMibMH2SjZDVTys9ZN,The Motorcycle Diaries: De Usuahia a la Quiaca (Arr. for Guitar Quartet),"Gustavo Santaolalla, Aquarelle Guitar Quartet",Final Cut - Film Music for Four Guitars,2012-06-01,0,170000,https://open.spotify.com/track/7v2ATMibMH2SjZDVTys9ZN,happy
2z5EfrixizPWUOqLxZ7hr7,Taeuschungs-Blume,Dominik Eulberg,Diorama,2011-05-13,24,316326,https://open.spotify.com/track/2z5EfrixizPWUOqLxZ7hr7,happy
69TZeRi1BYt4J712MvrIHC,Immunity - Remaster 2023,Jon Hopkins,Immunity,2013-06-03,47,596772,https://open.spotify.com/track/69TZeRi1BYt4J712MvrIHC,happy
3Ltil0t3nFOcGrlUF1itBs,Via con me,Paolo Conte,I primi tempi,1981-02-06,0,166546,https://open.spotify.com/track/3Ltil0t3nFOcGrlUF1itBs,happy
2oq2h4tzz4uuk7gCP4xBIq,Prowlin',Whitefield Brothers,In The Raw,2009-03-10,29,352266,https://open.spotify.com/track/2oq2h4tzz4uuk7gCP4xBIq,happy
73Ve854XhwQv2kovPq5TPV,Silver Rain,Octave Lissner,Silver Rain,2014-05-09,0,228624,https://open.spotify.com/track/73Ve854XhwQv2kovPq5TPV,happy
1CNvWuZSW8wiTmz6H011xU,An Analog Guy in a Digital World,Martin Roth,An Analog Guy in a Digital World,2020-10-08,46,526018,https://open.spotify.com/track/1CNvWuZSW8wiTmz6H011xU,happy
20F3FcES8KU4kffMCkFgNN,Until The Morning,Thievery Corporation,The Richest Man In Babylon,2002,0,236960,https://open.spotify.com/track/20F3FcES8KU4kffMCkFgNN,happy
5zVW76plgG9B4904OXXXZd,Kiss the Sky,Shawn Lee's Ping Pong Orchestra,Voices and Choices,2006-01-30,0,219822,https://open.spotify.com/track/5zVW76plgG9B4904OXXXZd,happy
2ZmKW9IZ594w2f6YbqMHEg,Clandestina,"Jerry Spoon, Hansom Ēli",Clandestina,2023-02-22,31,246000,https://open.spotify.com/track/2ZmKW9IZ594w2f6YbqMHEg,happy
6nVT7yKO7jV4Qw6PZ9B0PK,Saudade,Thievery Corporation,Saudade,2014-03-25,55,128613,https://open.spotify.com/track/6nVT7yKO7jV4Qw6PZ9B0PK,happy
1QrbCpTUsn8l2FdOj3nr3q,More Beautiful Things,Eric Hilton,Infinite Everywhere,2020-06-19,35,231995,https://open.spotify.com/track/1QrbCpTUsn8l2FdOj3nr3q,happy
21bJw0TvqosdshB9CwFcHp,Voyage,Kalaman,Sol,2020-05-22,25,513600,https://open.spotify.com/track/21bJw0TvqosdshB9CwFcHp,happy
3sxT3T9yyrQlc6rL8HmcU7,Sympathique,Pink Martini,Sympathique,1997-11-11,0,168186,https://open.spotify.com/track/3sxT3T9yyrQlc6rL8HmcU7,happy
752FIpJwEwS2w1fhyvsRs6,Uno Resuena,Lulacruza,Orcas,2015-04-14,37,335292,https://open.spotify.com/track/752FIpJwEwS2w1fhyvsRs6,happy
17QZPa3vFsgaz9VPb1YUZL,Papas Fritas,Nick Hakim,"Where Will We Go, Pt. 1",2014-07-14,23,121544,https://open.spotify.com/track/17QZPa3vFsgaz9VPb1YUZL,happy
1wCcfw6WxRWoic7UHV2Aez,Revelation Dub,Kabanjak,Fantastic Freeriding the Next Chapter,2006,22,214986,https://open.spotify.com/track/1wCcfw6WxRWoic7UHV2Aez,happy
4pVE63OGS5BkXl04trGVug,Rasta La Vista,René Aubry,Refuges,2011-01-24,31,160465,https://open.spotify.com/track/4pVE63OGS5BkXl04trGVug,happy
5R2hXwoRB4gIgoNXoUuK51,Chambacú,"Quantic, Flowering Inferno",1000 Watts,2016-06-17,52,199077,https://open.spotify.com/track/5R2hXwoRB4gIgoNXoUuK51,happy
0v1g5U1OAb0XBjKyA8R36i,Kyle (i found you),Fred again..,Kyle (i found you),2019-11-22,43,196071,https://open.spotify.com/track/0v1g5U1OAb0XBjKyA8R36i,happy
6mMgULTQMHV0WJJfGoe9nT,Instant Playa,Boztown,Where You Go,2022-09-09,0,101333,https://open.spotify.com/track/6mMgULTQMHV0WJJfGoe9nT,happy
22Sy52Bp632GdFIDeJXFC4,Shooting Star,Richard In Your Mind,Ponderosa,2014-08-29,0,231302,https://open.spotify.com/track/22Sy52Bp632GdFIDeJXFC4,happy
0DBVXpMaQfuCCNRKjdY9Pn,Little Creatures,Jade Cicada,Little Creatures EP,2019-09-23,0,192000,https://open.spotify.com/track/0DBVXpMaQfuCCNRKjdY9Pn,happy
2hRkoolB3umU4SviReUK4R,Coumba,Orchestra Baobab,Pirates Choice,1982-01-01,0,462560,https://open.spotify.com/track/2hRkoolB3umU4SviReUK4R,happy
21h76zOdsKVkxatPEovOkF,It Don't Mean A Thing,The Rooftop Singers,Vanguard Visionaries,2007-01-01,13,152493,https://open.spotify.com/track/21h76zOdsKVkxatPEovOkF,happy
7dwe7UxhEJ0pJWaToxLrE8,Albatross,Fleetwood Mac,On Your 60's Radio,2002-02-21,26,189306,https://open.spotify.com/track/7dwe7UxhEJ0pJWaToxLrE8,happy
1Ehdm1PDlKrdfyBsjwEvd1,Top Of The World,Carpenters,A Song For You,1972,68,179173,https://open.spotify.com/track/1Ehdm1PDlKrdfyBsjwEvd1,happy
159IpOWWnjod9Hrv3xHz5p,Deus Sive Natura - Intro,Spinoza,A Spatial Odyssey,2023-03-31,16,189295,https://open.spotify.com/track/159IpOWWnjod9Hrv3xHz5p,happy
5CwH8ba3HsOgzEkT1w12m3,Stay Soft,Melodiesinfonie,Life Is Easy (feat. Claudia Isaki),2023-07-28,26,199500,https://open.spotify.com/track/5CwH8ba3HsOgzEkT1w12m3,happy
71OB7tOYwNvHCZSpg7iUVo,Mister Sandman,The Chordettes,Hits,2012-12-11,30,143973,https://open.spotify.com/track/71OB7tOYwNvHCZSpg7iUVo,happy
40uT9gjqzU0cNHd0ZvOlM1,Calchaqui,El Búho,Calchaqui,2023-06-23,17,263110,https://open.spotify.com/track/40uT9gjqzU0cNHd0ZvOlM1,happy
5GJ5uZJiDboTiTPpNdvldZ,Wartemarke,"Flatpocket, Twit One, Lazy Jones",Geldfundphantasyen,2012-12-07,45,119048,https://open.spotify.com/track/5GJ5uZJiDboTiTPpNdvldZ,happy
5Kl0KeET5eZZ5MKUSz0e6U,Life's A Beach,Touch & Go,I Find You Very Attractive,1999-01-01,53,258399,https://open.spotify.com/track/5Kl0KeET5eZZ5MKUSz0e6U,happy
3bw9MmPC3YXioBaDX8TLEW,Die polnische Gitarre,M.RUX,Vermonische Melodien,2020-03-06,34,142409,https://open.spotify.com/track/3bw9MmPC3YXioBaDX8TLEW,happy
2sPsK4zOL41cexnBt18WLZ,What Is It,Worries And Other Plants,Pieces,2022-05-27,39,247254,https://open.spotify.com/track/2sPsK4zOL41cexnBt18WLZ,happy
1ABwlOhYanbuafWx1yvx0T,Body Language - Interpretation,Booka Shade,Movements,2006-05-12,47,300266,https://open.spotify.com/track/1ABwlOhYanbuafWx1yvx0T,happy
0JgU7cgt7M4SQUBchENA9C,Robinson Crusoe,The Art Of Noise,Below the Waste,1989-09-04,41,228666,https://open.spotify.com/track/0JgU7cgt7M4SQUBchENA9C,happy
5On9L7NCFzdWcmb7WCH0Op,Starry Nights,"Adrian Quesada, Neal Francis",Jaguar Sound,2022-11-18,48,205067,https://open.spotify.com/track/5On9L7NCFzdWcmb7WCH0Op,happy
4lBMUyvrLPd8Ek7gKjkhOY,Pistache,Aurélie Saada,Rose (La bande originale du film),2021-12-03,34,69600,https://open.spotify.com/track/4lBMUyvrLPd8Ek7gKjkhOY,happy
7JvSTTGsJb04UHaRiVVm55,Tujivinjari,"Misumena, Joy Msanii",Tujivinjari,2022-10-21,17,203126,https://open.spotify.com/track/7JvSTTGsJb04UHaRiVVm55,happy
7FY0fueUSoAni3b2PpjoGN,Luna Llena,"Brain Damage, Jimena Angel",¡Ya No Más!,2018-10-19,24,263530,https://open.spotify.com/track/7FY0fueUSoAni3b2PpjoGN,happy
4UY0w7Q0btgFOXmkF30KTj,Turbina De Amor,"Prisma, Martin Boder, María Barone",Beats & Culture (BNC004),2022-06-03,37,288000,https://open.spotify.com/track/4UY0w7Q0btgFOXmkF30KTj,happy
5tHlKei7IIgA29Vef05NYa,Us - A COLORS SHOW,"FKJ, COLORS",Us - A COLORS SHOW,2022-10-24,52,373953,https://open.spotify.com/track/5tHlKei7IIgA29Vef05NYa,happy
15FtHa058qprpVtTcr88a6,Parisian Girl,Giyo,Tons of Sky,2013-06-10,26,289315,https://open.spotify.com/track/15FtHa058qprpVtTcr88a6,happy
34WUQcKdEffudd0ZtrHufH,Terminal Caribe,Santi & Tuğçe,Terminal Caribe,2019-06-15,39,343068,https://open.spotify.com/track/34WUQcKdEffudd0ZtrHufH,happy
7Gpr3kKk4BMgItz6UbI73q,Road Trippin',Red Hot Chili Peppers,Californication,1999-06-08,65,204960,https://open.spotify.com/track/7Gpr3kKk4BMgItz6UbI73q,happy
2Pk0ZGHNREhaf0ntcYOtif,Adiós Morena - Nicola Cruz Remix,Rio Mira,Adiós Morena (Remixed),2016-11-25,29,307812,https://open.spotify.com/track/2Pk0ZGHNREhaf0ntcYOtif,happy
5zZEP23ceNvvA9IT6CnqoY,La Rumba D'el Jefe,Jesse Cook,The Rumba Foundation,2009-01-01,45,217226,https://open.spotify.com/track/5zZEP23ceNvvA9IT6CnqoY,happy
3hUwFkfeCUOVOMKy9iKDTw,Left Me Like Summer,Daily J,Venus Ate Mars,2020-11-20,0,285003,https://open.spotify.com/track/3hUwFkfeCUOVOMKy9iKDTw,happy
50KVOLNNqft8SJr5ybrv8G,"Rigoletto, Act III: La donna è mobile","Giuseppe Verdi, Luciano Pavarotti, London Symphony Orchestra, Richard Bonynge",Pavarotti singt Verdi,2010-01-01,58,142506,https://open.spotify.com/track/50KVOLNNqft8SJr5ybrv8G,happy
1Clcv7tRrcpxWVMdieibkd,Plage des Casernes,The Offline,Plage des Casernes,2022-05-05,48,136718,https://open.spotify.com/track/1Clcv7tRrcpxWVMdieibkd,happy
4DefmrDi1tChcaaWIqDzfW,Daylight Wasting (International Observer's Durian Hook),"Pitch Black, International Observer",The Light Within,2020-07-10,32,285909,https://open.spotify.com/track/4DefmrDi1tChcaaWIqDzfW,happy
5z9Ge9NXFie7y9OBhfC56R,Falling Into Place,"Finding Hope, Direct",Falling Into Place,2016-03-08,37,254693,https://open.spotify.com/track/5z9Ge9NXFie7y9OBhfC56R,happy
0UKSse3fcKetDzXnXzE1Pv,Gracias A La Vida,Mercedes Sosa,30 años,1993-01-01,56,264197,https://open.spotify.com/track/0UKSse3fcKetDzXnXzE1Pv,happy
4IFBA6kZHrel5GSoSRakpT,I'm Free,Symbolico,Perceiving All,2019-11-21,33,463411,https://open.spotify.com/track/4IFBA6kZHrel5GSoSRakpT,happy
0D7lijvoX1Ko3qIWuCj8Tw,Happy - Mato Reggae Mix,"Mato, Andrej 747","Disco Reggae, Vol. 2",2014-05-16,25,232125,https://open.spotify.com/track/0D7lijvoX1Ko3qIWuCj8Tw,happy
33QIohjkHPcLc1sBBZdWXr,Reflection,Emapea,Reflection,2020-12-04,45,141805,https://open.spotify.com/track/33QIohjkHPcLc1sBBZdWXr,happy
1e77fk4mYTxSTaztiG3DrZ,May They Call Us Home - Acoustic Version,XIXA,Road Beyond the Valley (Acoustic Version),2022-05-27,15,152855,https://open.spotify.com/track/1e77fk4mYTxSTaztiG3DrZ,happy
2NcLdLijvsBms7JjzpXJKr,I am Free,International Observer,Bat,2021-07-02,18,198000,https://open.spotify.com/track/2NcLdLijvsBms7JjzpXJKr,happy
5zTErV4zxEsBMqYMTH5QFL,Atoms,Midnight Embassy,Midnight Embassy,2019-05-31,15,294221,https://open.spotify.com/track/5zTErV4zxEsBMqYMTH5QFL,happy
32eOsmgDHGkwPfwm3KEVTr,Se Acaba el Tiempo,"Antaares, Elepani",Se Acaba el Tiempo,2021-07-23,44,447157,https://open.spotify.com/track/32eOsmgDHGkwPfwm3KEVTr,happy
6CIhEpI5ZbHcpUPDJiXmU3,There Ain't Nothing Left to Do,Degiheugi,Foreglow,2021-04-23,1,164311,https://open.spotify.com/track/6CIhEpI5ZbHcpUPDJiXmU3,happy
0GVu2gXzurD0FBL7CHqE0F,Santa Teresa,"Oceanvs Orientalis, Castello Branco",Santa Teresa,2020-06-05,46,298666,https://open.spotify.com/track/0GVu2gXzurD0FBL7CHqE0F,happy
1aIjmtSmNbdwAE5nEEiJ1L,No Return,Santi & Tuğçe,Terminal Caribe,2019-06-15,24,307841,https://open.spotify.com/track/1aIjmtSmNbdwAE5nEEiJ1L,happy
6tS5ztRTSwykCL36A1IT7p,How Can I Be Sure,"Durand Jones & The Indications, Aaron Frazer",American Love Call,2019-03-01,40,232691,https://open.spotify.com/track/6tS5ztRTSwykCL36A1IT7p,happy
19ZuGQnSKzJ24CWdLTPdNF,Tan Bo Mi,"Jaggerlax, kośa records",Tan Bo Mi,2022-02-12,22,376421,https://open.spotify.com/track/19ZuGQnSKzJ24CWdLTPdNF,happy
6FNdzxV9g4NaINrejBTPUi,Pelota,Khruangbin,Mordechai,2020-06-26,58,167972,https://open.spotify.com/track/6FNdzxV9g4NaINrejBTPUi,happy
5cENc0N9NpJJB7FggcMjyS,Cherry,J.J. Cale,Troubadour,1976-09,54,201906,https://open.spotify.com/track/5cENc0N9NpJJB7FggcMjyS,happy
7EiSEZDpScAz0xHwy9vPN2,Salto de Agua,El Búho,Chinampa,2017-08-18,0,279344,https://open.spotify.com/track/7EiSEZDpScAz0xHwy9vPN2,happy
5pEzjDbX4jBfv3UUtVVYTp,Cool Down (Ice Cream Donut),International Dub Ambassadors,Cool Down (Ice Cream Donut),2018-08-03,23,222990,https://open.spotify.com/track/5pEzjDbX4jBfv3UUtVVYTp,happy
3fvh7Ro7T2vyhRr3ItaOyr,A dance under the Sun,Offthewally,Pollination,2023-05-26,54,143852,https://open.spotify.com/track/3fvh7Ro7T2vyhRr3ItaOyr,happy
1yYpw3DuEPBO6Cv7ejBwsq,Hey You,DOPE LEMON,Smooth Big Cat,2019-07-12,0,278386,https://open.spotify.com/track/1yYpw3DuEPBO6Cv7ejBwsq,happy
2pfYPb3lyW5QsWz4YHGJwq,She Brings the Rain,CAN,Soundtracks (Remastered),1970-09-01,0,244533,https://open.spotify.com/track/2pfYPb3lyW5QsWz4YHGJwq,happy
5AJrhrwz4oSZX2PwwV4qrN,Time of the Season - Mono Version,The Zombies,Odessey and Oracle,1968-04-19,0,214026,https://open.spotify.com/track/5AJrhrwz4oSZX2PwwV4qrN,happy
5XtF6nOXJSwfbsegmEQp6n,Nesh,Depart,Nesh,2021-06-21,24,352179,https://open.spotify.com/track/5XtF6nOXJSwfbsegmEQp6n,happy
0gUdJPMwxpooOjCLaP3KTM,Lomax Autro,Paul Traeumer,Reverb Psychedelics,2022-02-17,24,217495,https://open.spotify.com/track/0gUdJPMwxpooOjCLaP3KTM,happy
0WuJkQmEpwJojSssyvHb39,Likambo ya ngana,"Franco & le T.P OK Jazz, Youlou, Boyibanda, Bitshou",Likambo ya ngana (1971 / 1972),1972-01-01,37,320813,https://open.spotify.com/track/0WuJkQmEpwJojSssyvHb39,happy
5a0tRQziUK2fJyT8Ph8qrv,Virtuoso,Moon's Voyager,17th Spring,2020-08-20,12,210789,https://open.spotify.com/track/5a0tRQziUK2fJyT8Ph8qrv,happy
21B7LWmZ3Xhx5HOMpOTdNb,Afrika,"Al Lindrum, Haris Pilton",Elements of These Lands,2019-02-19,11,316800,https://open.spotify.com/track/21B7LWmZ3Xhx5HOMpOTdNb,happy
2j8H3gIfjeBhB4pfudCBZX,Chocolate Elvis,Tosca,Opera,1997-02-13,41,302133,https://open.spotify.com/track/2j8H3gIfjeBhB4pfudCBZX,happy
5T6KniOzIj3Bh7DDNzrGhJ,Xica da Silva,Miriam Makeba,Country Girl,1978,25,319626,https://open.spotify.com/track/5T6KniOzIj3Bh7DDNzrGhJ,happy
2YwmXUUGQ46Ye3P0s2PEcQ,Under My Sensi,Boozoo Bajou,Satta,2001,0,361440,https://open.spotify.com/track/2YwmXUUGQ46Ye3P0s2PEcQ,happy
22Aqoqy7D911iKo3uoQ8mk,Jours de pluie,"Senbeï, Degiheugi",Tōitsu II,2022-12-02,20,208666,https://open.spotify.com/track/22Aqoqy7D911iKo3uoQ8mk,happy
2NbLKJ0raqFHKZ4NnWDtRp,Te Pido,"Y.LOH, Víctor Lobo",Te Pido,2022-10-28,14,232013,https://open.spotify.com/track/2NbLKJ0raqFHKZ4NnWDtRp,happy
6kahhh9MquMeLbVKBxh58K,Inner City Blues,Sly Dunbar,Sly-Go-Ville,1982-01-01,40,251826,https://open.spotify.com/track/6kahhh9MquMeLbVKBxh58K,happy
3TPr2Em1i454nDS8UJbaFW,Petit pays,Cesária Evora,Cesaria,1995-02-07,57,224506,https://open.spotify.com/track/3TPr2Em1i454nDS8UJbaFW,happy
3LvnEJtGIkzHI0jgb5bg0d,La Mélancolie - Original mix,Papfay,2 Years Behind,2021-02-09,10,333061,https://open.spotify.com/track/3LvnEJtGIkzHI0jgb5bg0d,happy
4hRYm8Ahspq7twh1ckPmxl,Seven Nation Army,The Dynamics,Version Excursions,2007,39,262373,https://open.spotify.com/track/4hRYm8Ahspq7twh1ckPmxl,happy
2JGOtqIA0i5aFkK03Ktt8Z,Nocturne,Bor Pro,Subliminal,2018-04-25,45,168045,https://open.spotify.com/track/2JGOtqIA0i5aFkK03Ktt8Z,happy
6Xmqg1uQvsyhgpip8iEm0M,Peace of Mind,Lopal,Peace of Mind EP,2018-12-24,33,416996,https://open.spotify.com/track/6Xmqg1uQvsyhgpip8iEm0M,happy
37yGDW6a3PVlhv0EJLfjx6,Vivo,Andrea Laszlo De Simone,Vivo,2021-01-15,49,293200,https://open.spotify.com/track/37yGDW6a3PVlhv0EJLfjx6,happy
3BD2hlwoExMUXUpxcYxaWx,Deixa A Gira Girar,Os Tincoãs,Welcome To The ORISHAS HOMELAND - In The Rhythm Of Nature And Faith,2013-01-01,52,191560,https://open.spotify.com/track/3BD2hlwoExMUXUpxcYxaWx,happy
4X24gbKkMyC1VlNFog3EUD,Mas Que Nada,Luiz Henrique,Barra Limpa,1967-01-01,39,184173,https://open.spotify.com/track/4X24gbKkMyC1VlNFog3EUD,happy
1eZ22RqJtbCvsYL0dpvjGL,Also Sprach Zarathustra Dub,Mato,Classical Dub,2019-03-15,18,159200,https://open.spotify.com/track/1eZ22RqJtbCvsYL0dpvjGL,happy
0Q4aewk8BrjUWBRBuI07i6,Serotonin (Umoja Remix),"Oby Nine, JO BISSA, Umoja",Serotonin,2014-01-20,29,351976,https://open.spotify.com/track/0Q4aewk8BrjUWBRBuI07i6,happy
4JXdBJgLquTlcyVBzI9Xie,Tone Twilight Zone,Cornelius,Point,2002-01-22,32,237786,https://open.spotify.com/track/4JXdBJgLquTlcyVBzI9Xie,happy
4zTufJpXAVXbCHxRMh1GqY,LA LA,"Johnny Klimek, Guacimara De Elizaga",Kleo (Soundtrack from the Netflix Series),2022-08-19,0,172743,https://open.spotify.com/track/4zTufJpXAVXbCHxRMh1GqY,happy
5TDO53RXRn8fuB1xo47Hrk,Alladin Dub,The Spy From Cairo,Arabadub,2012,0,255600,https://open.spotify.com/track/5TDO53RXRn8fuB1xo47Hrk,happy
6nY8WDj59Y6kFiWTadnrt8,Sénégal,Lass,Bumayé,2022-06-17,33,231760,https://open.spotify.com/track/6nY8WDj59Y6kFiWTadnrt8,happy
0uPBJolEn505OX2G3BV9Hf,A Gentle Dissolve,Thievery Corporation,The Cosmic Game,2005-02-22,0,169626,https://open.spotify.com/track/0uPBJolEn505OX2G3BV9Hf,happy
1Alcws0xXs4eQDchjn3RGh,Dreamer,Abakus,Departure,2016-10-10,41,412631,https://open.spotify.com/track/1Alcws0xXs4eQDchjn3RGh,happy
4rYMgi9PpmYY7pfgx4EahN,Alto Paraíso,Aukai,Aukai,2016-06-03,51,146322,https://open.spotify.com/track/4rYMgi9PpmYY7pfgx4EahN,happy
5iynCtpEY7mx4ou54tHBPH,Ganja Smuggling,Eek-A-Mouse,Wa-Do-Dem,1981,63,228760,https://open.spotify.com/track/5iynCtpEY7mx4ou54tHBPH,happy
1Uj7gF50zr1MZxRIavb0dq,Sun of Lemuria,Rigopolar,Greater Ep,2017-08-28,0,395162,https://open.spotify.com/track/1Uj7gF50zr1MZxRIavb0dq,happy
7wjPghauUtXmJV7WvEEslX,Standing at the Gate,"Malte Marten, Bummela",Standing at the Gate,2024-04-26,19,247180,https://open.spotify.com/track/7wjPghauUtXmJV7WvEEslX,happy
2BNV0cxEYbFwxinbxyrjvW,Karma Karaoke,Intiche,Karma Karaoke,2020-05-22,12,448268,https://open.spotify.com/track/2BNV0cxEYbFwxinbxyrjvW,happy
3usbbmpFd1sx1UQQOGgc8A,Part III,I Am An Instrument,"IAAI, Vol. 1",2019-07-12,44,120687,https://open.spotify.com/track/3usbbmpFd1sx1UQQOGgc8A,happy
5e0cI1XH33OJx2QH4ZnmvF,Part IV,I Am An Instrument,"IAAI, Vol. 1",2019-07-12,35,379843,https://open.spotify.com/track/5e0cI1XH33OJx2QH4ZnmvF,happy
3CIRjvBdYCr6KBOfgh1WoK,One Step Ahead,Engelwood,Hanalei,2017-05-02,36,122180,https://open.spotify.com/track/3CIRjvBdYCr6KBOfgh1WoK,happy
3JsA2sWDNR9oQogGAzqqtH,Open,Rhye,Woman,2013-01-01,62,217053,https://open.spotify.com/track/3JsA2sWDNR9oQogGAzqqtH,happy
6UR5tB1wVm7qvH4xfsHr8m,Disfruto,Carla Morrison,Déjenme Llorar,2012-03-27,75,244973,https://open.spotify.com/track/6UR5tB1wVm7qvH4xfsHr8m,happy
77laaqPYPavCt1Tsxn4tbK,"Theme from ""A Summer Place""",Percy Faith & His Orchestra & Chorus,"Tara's Theme from ""Gone With The Wind"" and Other Movie Themes",1961,25,142920,https://open.spotify.com/track/77laaqPYPavCt1Tsxn4tbK,happy
0aCRmuAglOL2ckmyXfG7Oh,Intro,Weval,Weval,2016-06-10,43,140733,https://open.spotify.com/track/0aCRmuAglOL2ckmyXfG7Oh,happy
7jA96NR1NL1p1xV3iuMHD6,I Wonder,Ella Grace,Reverence,2021-04-20,44,146667,https://open.spotify.com/track/7jA96NR1NL1p1xV3iuMHD6,happy
1agyO7JicgYqHc1ynW3FGc,Trumpet Interlude,"Mista Savona, Julito Padrón",Havana Meets Kingston,2017-11-03,39,88280,https://open.spotify.com/track/1agyO7JicgYqHc1ynW3FGc,happy
1DRY12qw3f7eBHCvCAf3z5,Anitya,Jean du Voyage,Mantra,2016-10-21,44,166235,https://open.spotify.com/track/1DRY12qw3f7eBHCvCAf3z5,happy
2hsmJxWeoUwRiuaLKpCf0F,Midnight Curse,Slackwax,Midnight Curse,2023-09-01,30,151436,https://open.spotify.com/track/2hsmJxWeoUwRiuaLKpCf0F,happy
6AYRsnyq9hW0Pa5FybNtl4,Janfa,"Yemanjo, Mariam Koné",Janfa,2024-04-19,13,294843,https://open.spotify.com/track/6AYRsnyq9hW0Pa5FybNtl4,happy
1VcwYfXefo2lrqMNYdauhu,The Hidden Agent,"Blend Mishkin, Panos Dimitrakopoulos",The Lost Continent,2023-06-07,39,224500,https://open.spotify.com/track/1VcwYfXefo2lrqMNYdauhu,happy
1SQgdSy8MkWmldrUAYGMTd,Bicycling on Mars,The Big Let Down,Bicycling on Mars,2022-06-17,18,190258,https://open.spotify.com/track/1SQgdSy8MkWmldrUAYGMTd,happy
0iiB9CYptXO5Fz728LHHsQ,Mahal,Glass Beams,Mahal,2024-02-20,59,201339,https://open.spotify.com/track/0iiB9CYptXO5Fz728LHHsQ,happy
3b3FpcqlYGCGnPm2cFiHEX,Shaman,Morse,Shaman,2018-07-22,44,348000,https://open.spotify.com/track/3b3FpcqlYGCGnPm2cFiHEX,happy
4Ia99GWpgiQxXnIszCaWRT,Letter from an Unknown Woman - Edit,"Dumbo Tracks, Marker Starling, Roosevelt",Letter from an Unknown Woman (Edit),2022-02-04,0,210010,https://open.spotify.com/track/4Ia99GWpgiQxXnIszCaWRT,happy
0Qi2p7krDLp04vdTDG2yIb,Mi Amor,Hermanos Gutiérrez,8 Años,2017-01-06,0,266000,https://open.spotify.com/track/0Qi2p7krDLp04vdTDG2yIb,happy
57rBWcr28xThRK8I5xTRmc,De Eeuwige Twijfel,Jeroen Kant,De Eeuwige Twijfel,2023-03-03,16,194560,https://open.spotify.com/track/57rBWcr28xThRK8I5xTRmc,happy
6Em4KTMuPv1E4R9DzxMqL4,Bag of Bones,Felix Laband,Bag of Bones,2016-09-30,46,365694,https://open.spotify.com/track/6Em4KTMuPv1E4R9DzxMqL4,happy
1rKcBDOHDYMn3eLkchvgtc,Heliocentrist - Satori Re:Imagined Mix,"Satori, El Búho",Re:Imagined,2020-10-09,20,304365,https://open.spotify.com/track/1rKcBDOHDYMn3eLkchvgtc,happy
2z4epffvWpEsAQvaCnkKBa,Zindagi Meri Dance Dance,"Alisha Chinai, Vijay Benedict",Daddy,2017-08-21,44,384672,https://open.spotify.com/track/2z4epffvWpEsAQvaCnkKBa,happy
3VStQ5giIkRU9Rjh31TGH8,Baltisoul,Ks French,Bad Groove,2018-03-27,48,246368,https://open.spotify.com/track/3VStQ5giIkRU9Rjh31TGH8,happy
3sxMys5s2JlKmr7qtt8cPD,Ten Thousand Smokes,Nym,False Noon,2023-10-27,40,234552,https://open.spotify.com/track/3sxMys5s2JlKmr7qtt8cPD,happy
3jyNINICbcoo9xrRpVALow,Branches,Moderator,In the Garden,2022-07-29,30,124820,https://open.spotify.com/track/3jyNINICbcoo9xrRpVALow,happy
0S73qJJCYbqvpOIMSmzNaE,Intimate Illusions,Boozoo Bajou,Intimate Illusions,2023-06-23,27,162700,https://open.spotify.com/track/0S73qJJCYbqvpOIMSmzNaE,happy
5Ia2NSuBTCMfF1bNiwbaGS,Birth Of A River,Fetsum,The Colors Of Hope,2012-05-28,52,328946,https://open.spotify.com/track/5Ia2NSuBTCMfF1bNiwbaGS,happy
1xyRVEo1PKSrmH1WAfOXJY,Underwater - Eric Hilton Remix,"Natalia Clavier, Eric Hilton",Underwater Remixed,2022-05-06,39,223949,https://open.spotify.com/track/1xyRVEo1PKSrmH1WAfOXJY,happy
55al4EkqhAhuexxaxnIgp0,Mossy,Slackwax,Mossy,2025-02-28,30,192903,https://open.spotify.com/track/55al4EkqhAhuexxaxnIgp0,happy
2oMUzb88fFBmB56ye97gAW,Abigél,Lords of Lounge,LORDS OF LOUNGE 2,2024-09-06,48,218626,https://open.spotify.com/track/2oMUzb88fFBmB56ye97gAW,happy
7D9FfLiFRBMcfe8MSQphCz,The Flow,"Las Iguanas, Saxon Gallagher",The Flow,2025-07-18,19,266909,https://open.spotify.com/track/7D9FfLiFRBMcfe8MSQphCz,happy
4XCOx46zbC97Jv0Px1Vtos,Primos (with Hermanos Gutiérrez),"Adrian Quesada, Hermanos Gutiérrez",Boleros Psicodélicos II,2025-06-27,41,169880,https://open.spotify.com/track/4XCOx46zbC97Jv0Px1Vtos,happy
7rCwcg4gp3naJnKUXiqvkD,You Came and Changed the Weather,Martin Roth,You Came and Changed the Weather,2025-01-17,42,154513,https://open.spotify.com/track/7rCwcg4gp3naJnKUXiqvkD,happy
1KLQnQmNzX4Hswy2nbn7vw,Lost mountains,Angel Salazar,Lost mountains,2025-05-26,41,197073,https://open.spotify.com/track/1KLQnQmNzX4Hswy2nbn7vw,happy
3NsZZpRmWNGvE0WmCuZPAu,Slow Sun,"Aukai, Richard Houghten",Slow Sun,2025-03-06,51,219345,https://open.spotify.com/track/3NsZZpRmWNGvE0WmCuZPAu,happy
2J88GgPpK1qwUUz2gPLXSy,Ancients,RIO KOSTA,Unicorn,2025-07-18,52,239214,https://open.spotify.com/track/2J88GgPpK1qwUUz2gPLXSy,happy
4UaF1B1YX1zBokeqjGO2fl,Make Way For The Sun,O & The Mo,Make Way For The Sun,2025-01-31,57,192464,https://open.spotify.com/track/4UaF1B1YX1zBokeqjGO2fl,happy
4Eb0wymGfZP4RvCyd3UrAh,Reset,"Arjuna Oakes, Serebii",First Nights,2021-08-27,51,199385,https://open.spotify.com/track/4Eb0wymGfZP4RvCyd3UrAh,happy
7EZLAPUky0iIbR60y94aKV,Valley of the Sun,Eric Bearclaw,Distant Places,2023-12-15,14,231993,https://open.spotify.com/track/7EZLAPUky0iIbR60y94aKV,happy
5x4sUn9Na7FW6VyCLR28dh,Alright,Dire Beats,Alright,2020-03-25,27,109723,https://open.spotify.com/track/5x4sUn9Na7FW6VyCLR28dh,happy
4Sv9ElXsCgHf9qM6C5oOp6,Hope,TWO LANES,No Feeling Is Final,2025-06-27,29,73888,https://open.spotify.com/track/4Sv9ElXsCgHf9qM6C5oOp6,happy
2mOFLkWgJNkvaRivCVno8a,Evoke,TWO LANES,No Feeling Is Final,2025-06-27,37,210246,https://open.spotify.com/track/2mOFLkWgJNkvaRivCVno8a,happy
3nArboQOOJRiCxKXNUVGxv,Drum Song,Jackie Mittoo,THE EP Vol 3,2012-03-23,10,216733,https://open.spotify.com/track/3nArboQOOJRiCxKXNUVGxv,happy
4yAVHMxzyoDHecry0P59qJ,Life Goes Down,Degiheugi,Foreglow,2021-04-23,30,217281,https://open.spotify.com/track/4yAVHMxzyoDHecry0P59qJ,happy
69XZFnAx0vPT28cwFLKo7W,Firebird,Common Saints,Firebird,2025-03-21,65,188478,https://open.spotify.com/track/69XZFnAx0vPT28cwFLKo7W,happy
2FrA0vkwDjD6v7V1lZbYvm,Gold Town,Stavroz,Gold Town EP,2017-05-26,49,343072,https://open.spotify.com/track/2FrA0vkwDjD6v7V1lZbYvm,happy
7435fDySDmWSwbQpOhwMxW,Moewe,"Löwenzahnhonig, Long Tall Jefferson, Fai Baba, Paul Märki",Löwenzahnhonig,2023-11-17,47,218660,https://open.spotify.com/track/7435fDySDmWSwbQpOhwMxW,happy
2tMSz9TNveUWhYnepUsj7I,Take Me Back,HATAMITSUNAMI,All That Glisters...,2024-08-26,20,338947,https://open.spotify.com/track/2tMSz9TNveUWhYnepUsj7I,happy
1lb3H41lbvAN28N7yqRNL9,Idea 10,Gibran Alcocer,Idea 10,2022-07-09,75,128000,https://open.spotify.com/track/1lb3H41lbvAN28N7yqRNL9,happy
4IziSmVWrkzacY7ymxY0Pd,Bloom,Galdive,Blue,2025-05-09,48,233095,https://open.spotify.com/track/4IziSmVWrkzacY7ymxY0Pd,happy
5RlP8XJAEYuLZeKXkn8sof,Just Like Heaven,Club 8,A Year With Club 8,2024-12-13,14,122523,https://open.spotify.com/track/5RlP8XJAEYuLZeKXkn8sof,happy
6vc6vTu9tsPSLWRya221S0,Summersurf,Löwenzahnhonig,Summersurf,2025-06-27,36,110401,https://open.spotify.com/track/6vc6vTu9tsPSLWRya221S0,happy
4FDnvXV4VRRwCIni75xho9,Mesmerised - Sumac Dub Remix,"LEISURE, Sumac Dub",Mesmerised (Sumac Dub Remix),2022-07-08,40,212960,https://open.spotify.com/track/4FDnvXV4VRRwCIni75xho9,happy
78QIxPnFCGpPwyXO7VLozN,Hoi An,Rakoon,Something Precious,2021-09-24,39,220893,https://open.spotify.com/track/78QIxPnFCGpPwyXO7VLozN,happy
6XzgOhVHs3FGIAw0ugdJxD,Ghost Pong,Emancipator,Baralku,2017-11-17,45,291680,https://open.spotify.com/track/6XzgOhVHs3FGIAw0ugdJxD,happy
3REjyB74U0Xsw7JEYLPSNB,Luna - Feathered Sun Remix,"Alex Serra, FEATHERED SUN",Out of Time,2025-10-10,32,382480,https://open.spotify.com/track/3REjyB74U0Xsw7JEYLPSNB,happy
4Tnuv5XwnArjW5G3H5Jfvv,371,Thor Rixon,Hypermarket,2018-07-27,33,331537,https://open.spotify.com/track/4Tnuv5XwnArjW5G3H5Jfvv,happy
4jSVUT3qrea73qnaQN5x1u,Diez Dias,Aracan,Shadows of Perception,2024-11-11,36,328426,https://open.spotify.com/track/4jSVUT3qrea73qnaQN5x1u,happy
2MjIoai5Z9JsQppw8Rd0vV,Reserva,"Ofir Hattav, Guy Sharir",Reserva,2025-08-08,35,161589,https://open.spotify.com/track/2MjIoai5Z9JsQppw8Rd0vV,happy
4EwqaZ7BMiVmMUB5HjQrhQ,By the Sea at the End of the World,Tommy Guerrero,Sunshine Radio,2021-01-15,49,169598,https://open.spotify.com/track/4EwqaZ7BMiVmMUB5HjQrhQ,happy
1MSRIh0BHzrMMUQGlV6I5o,Nature's Ratio,Slowly Rolling Camera,Juniper,2018-07-06,45,117946,https://open.spotify.com/track/1MSRIh0BHzrMMUQGlV6I5o,happy
2GEsMmaLMqIA0trCyrAeoa,Opstigning,Bremer/McCoy,Forsvinder,2016-09-17,48,120500,https://open.spotify.com/track/2GEsMmaLMqIA0trCyrAeoa,happy
4G7L7Iw2s1zNHU11lj0Jul,Flox Gade,"Yttling Jazz, Svaneborg Kardyb",Flox Gade,2025-09-11,46,184562,https://open.spotify.com/track/4G7L7Iw2s1zNHU11lj0Jul,happy
7xW98HjjhMQ6GNWuVaZyCw,Sisters Of Light,Löwenzahnhonig,Kirschblütenboogie,2025-09-19,30,173730,https://open.spotify.com/track/7xW98HjjhMQ6GNWuVaZyCw,happy
4OyzSXRSadNQt5EMwASdap,Todo Cambió,Camila,Todo Cambio,2006,77,193826,https://open.spotify.com/track/4OyzSXRSadNQt5EMwASdap,happy
0lPXFrKyl8HkdQ2E6NmNja,Ya Me Enteré,Reik,Des/Amor,2016-06-17,76,204173,https://open.spotify.com/track/0lPXFrKyl8HkdQ2E6NmNja,happy
16izvdwIKjq3t6Ufc1cjBj,Por Eso Te Amo,Río Roma,Al Fin Te Encontré,2012-07-24,60,209680,https://open.spotify.com/track/16izvdwIKjq3t6Ufc1cjBj,happy
0doPUFYZPjLAFNfqoZy7Jw,Que Me Alcance la Vida,Sin Bandera,Mañana,2005-11-18,66,228560,https://open.spotify.com/track/0doPUFYZPjLAFNfqoZy7Jw,happy
5NSJ0qoxwbO26tVvqpL4N2,Un Siglo Sin Ti,Chayanne,Chayanne,1998,73,281026,https://open.spotify.com/track/5NSJ0qoxwbO26tVvqpL4N2,happy
4PHX6bpHDxiR9RGzAKWcyk,Cuando Me Enamoro,"Enrique Iglesias, Juan Luis Guerra 4.40",Euphoria,2010,78,200586,https://open.spotify.com/track/4PHX6bpHDxiR9RGzAKWcyk,happy
0AcFsf9FGjL1Al2RBQ1Crq,Kilómetros,Sin Bandera,Sin Bandera,2001-11-09,69,221560,https://open.spotify.com/track/0AcFsf9FGjL1Al2RBQ1Crq,happy
1mlGScrDQqHqmhdIqE8MmA,Besos En Guerra,"Morat, Juanes",Balas Perdidas,2018-10-25,76,231532,https://open.spotify.com/track/1mlGScrDQqHqmhdIqE8MmA,happy
4ggiDYAkJ7Yk8d5xOr7Xjo,Me Niego (feat. Ozuna & Wisin),"Reik, Ozuna, Wisin",Ahora,2019-05-31,75,221653,https://open.spotify.com/track/4ggiDYAkJ7Yk8d5xOr7Xjo,happy
2fqIKtSKPMBvNpMGqKXGQU,Solo En Miami,Fer Villanueva,Solo En Miami,2025-08-23,41,214666,https://open.spotify.com/track/2fqIKtSKPMBvNpMGqKXGQU,happy
0ay4WjVmSo5LmJchGwortp,Y Llegaste Tú,"Andres De Leon, Sin Bandera",Quiero,2002-08-02,52,238973,https://open.spotify.com/track/0ay4WjVmSo5LmJchGwortp,happy
6xk3FU1mFeImh4U5Mo7fKu,Eres la Persona Correcta en el Momento Equivocado,Río Roma,Eres la Persona Correcta en el Momento Equivocado (Deluxe Edition),2017-03-24,61,236013,https://open.spotify.com/track/6xk3FU1mFeImh4U5Mo7fKu,happy
37miw1ff4zH0LDuFrBvZ4i,Sabes,Reik,Secuencia,2006-11-14,68,221200,https://open.spotify.com/track/37miw1ff4zH0LDuFrBvZ4i,happy
62clthR0fZmLbxeqxVJatQ,Que Lloro,Sin Bandera,De Viaje,2003-10-01,76,240613,https://open.spotify.com/track/62clthR0fZmLbxeqxVJatQ,happy
79mdw3IznNCFsF7R9O2KGz,Dejaría Todo,Chayanne,Atado a Tu Amor,1998-09-29,76,284466,https://open.spotify.com/track/79mdw3IznNCFsF7R9O2KGz,happy
40lU8uy8xKKRAP9A1N3BqH,Ex de Verdad - HA-ASH Primera Fila - Hecho Realidad [En Vivo],Ha*Ash,HA-ASH Primera Fila - Hecho Realidad,2014-11-11,70,247760,https://open.spotify.com/track/40lU8uy8xKKRAP9A1N3BqH,happy
02yD6Wmpx5kLAoXLQOnuEb,Me Soltaste,Jesse & Joy,Un Besito Más,2015-12-04,71,229933,https://open.spotify.com/track/02yD6Wmpx5kLAoXLQOnuEb,happy
5n49jN2souYjOuP9vHDpu4,Tú,Noelia,Noelia,1999-02-16,66,291626,https://open.spotify.com/track/5n49jN2souYjOuP9vHDpu4,happy
3ZHRiFQZaJXRvnhUt43pqO,Amame,Alexandre Pires,Estrella Guia,2003-03-19,55,245720,https://open.spotify.com/track/3ZHRiFQZaJXRvnhUt43pqO,happy
1sJFu2pvYJhtEOo9oVe1TZ,Me Enamoré de Ti,Chayanne,No Hay Imposibles,2010-02-23,67,263666,https://open.spotify.com/track/1sJFu2pvYJhtEOo9oVe1TZ,happy
5EhzE6HJaCcLFrf5rPqvpk,Mientes,Camila,Dejarte De Amar,2010-02-09,78,205160,https://open.spotify.com/track/5EhzE6HJaCcLFrf5rPqvpk,happy
6UwB2R8I5LoUmmYc0mphdl,Voy a Olvidarte,Reik,Des/Amor,2016-06-17,63,199920,https://open.spotify.com/track/6UwB2R8I5LoUmmYc0mphdl,happy
6rCyXpDwlMf1GH2qlpjJWv,Abrázame,Camila,Todo Cambio,2006,66,230720,https://open.spotify.com/track/6rCyXpDwlMf1GH2qlpjJWv,happy
2425UlXvkIkAEJAtAd8ROm,Aunque no te pueda ver,Alex Ubago,Fantasía o realidad,2003-11-24,72,266666,https://open.spotify.com/track/2425UlXvkIkAEJAtAd8ROm,happy
5EJ2THuhAapEIeQOtXUQ0x,Oye Mi Amor,Maná,¿Dónde Jugarán Los Niños?,1992,80,263306,https://open.spotify.com/track/5EJ2THuhAapEIeQOtXUQ0x,happy
3u38gzDcfK4SNKKjQesguC,Quiero Curarte,BENI ROY,Quiero Curarte,2025-07-15,50,144315,https://open.spotify.com/track/3u38gzDcfK4SNKKjQesguC,happy
77jdTLPg3EXHJ8cbU7SBni,Llegaste tú,Jesse & Joy,Esta Es Mi Vida,2006-07-18,69,246666,https://open.spotify.com/track/77jdTLPg3EXHJ8cbU7SBni,happy
4lerOTNr2tFWJCAmmhymhi,No Me Doy Por Vencido,Luis Fonsi,Palabras Del Silencio (Edición Aniversario - Un Año Despues),2008,70,239400,https://open.spotify.com/track/4lerOTNr2tFWJCAmmhymhi,happy
2ZnKm7AVUCIyfWehpXHeT9,Hasta el fin del mundo,Jennifer Peña,Hasta el fin del mundo (Edición especial),2018-07-09,58,222680,https://open.spotify.com/track/2ZnKm7AVUCIyfWehpXHeT9,happy
1OCre5vxYq2Vk1wfFsTWE1,Me Cambiaste la Vida,Río Roma,Al Fin Te Encontré,2012-07-24,63,234480,https://open.spotify.com/track/1OCre5vxYq2Vk1wfFsTWE1,happy
50xvGsnNmO3k5EtaUBXRRr,Suelta Mi Mano,Sin Bandera,Mañana,2005-11-18,66,240306,https://open.spotify.com/track/50xvGsnNmO3k5EtaUBXRRr,happy
4khWEpnaijN0G1x019Uzdr,No Se Va,Morat,Balas Perdidas,2018-10-25,76,216752,https://open.spotify.com/track/4khWEpnaijN0G1x019Uzdr,happy
3YHGqAHprVEArAxLzaBE6O,De Qué Me Sirve la Vida,Camila,Dejarte De Amar,2010-02-09,71,248013,https://open.spotify.com/track/3YHGqAHprVEArAxLzaBE6O,happy
3mbCqi22KYjndD56qCykyP,La Estrategia,Cali Y El Dandee,La Estrategia,2017-07-28,65,219228,https://open.spotify.com/track/3mbCqi22KYjndD56qCykyP,happy
1iC6iDolyChCB8wTBujAff,Quizás,Enrique Iglesias,Quizás,2002-01-01,63,251186,https://open.spotify.com/track/1iC6iDolyChCB8wTBujAff,happy
2VLcpwzuZVSZQUCQDQRM8n,Me Duele Amarte,Reik,Secuencia,2006-11-14,64,192973,https://open.spotify.com/track/2VLcpwzuZVSZQUCQDQRM8n,happy
0TIKTcvtKI26PNRvjyeHjP,Antes,Obie Bermudez,Confesiones,2003-01-01,70,218973,https://open.spotify.com/track/0TIKTcvtKI26PNRvjyeHjP,happy
1iRvhKiXRElIH2Uf4gd95P,Dueles,Jesse & Joy,Un Besito Más,2015-12-04,79,247640,https://open.spotify.com/track/1iRvhKiXRElIH2Uf4gd95P,happy
34EX35DDxutvjDgwyzohK2,Mi Complemento,BENI ROY,Mi Complemento,2023-03-17,53,137821,https://open.spotify.com/track/34EX35DDxutvjDgwyzohK2,happy
7M9atfLnxgO5ybzMoXZMdq,Labios Compartidos,Maná,Amar Es Combatir,2006-08-18,68,320653,https://open.spotify.com/track/7M9atfLnxgO5ybzMoXZMdq,happy
4LjyEL2sAQU7QZPC6GuTf6,Bésame,Camila,Dejarte De Amar,2010-02-09,72,252293,https://open.spotify.com/track/4LjyEL2sAQU7QZPC6GuTf6,happy
34hM4PLlhyBysgL50IWdHf,Y Tú Te Vas,Chayanne,Chayanne,1998,71,285066,https://open.spotify.com/track/34hM4PLlhyBysgL50IWdHf,happy
6ekEGgYacUc8mJ4rTkgsD1,Te Quise Olvidar,MDO,Subir Al Cielo,2000-10-31,56,261666,https://open.spotify.com/track/6ekEGgYacUc8mJ4rTkgsD1,happy
22seP38foydqUMp5Fvkcjm,Inolvidable,Reik,Un Dia Mas (Edicion Especial),2008,75,222986,https://open.spotify.com/track/22seP38foydqUMp5Fvkcjm,happy
15Hx1oi6C3AxYhhvolqrJG,"Perdón, Perdón - HA-ASH Primera Fila - Hecho Realidad [En Vivo]",Ha*Ash,HA-ASH Primera Fila - Hecho Realidad,2014-11-11,71,226986,https://open.spotify.com/track/15Hx1oi6C3AxYhhvolqrJG,happy
15AbuFJdFrbINydSMSqVhV,Aléjate de Mí,Camila,Dejarte De Amar,2010-02-09,73,258532,https://open.spotify.com/track/15AbuFJdFrbINydSMSqVhV,happy
2sMxswHr9wX7kTUHULvJBJ,Destino o casualidad,"Melendi, Ha*Ash",Destino o casualidad,2018-05-01,73,258504,https://open.spotify.com/track/2sMxswHr9wX7kTUHULvJBJ,happy
4Ofg5uuH7qqDIXpAJMpXZV,Rayando el Sol,Maná,Falta Amor,1990-07-02,77,250106,https://open.spotify.com/track/4Ofg5uuH7qqDIXpAJMpXZV,happy
4sSfHheJ5F9G0bHiddFC6U,Duele (Crazy),Kalimba,Negroklaro,2007,64,230106,https://open.spotify.com/track/4sSfHheJ5F9G0bHiddFC6U,happy
5Vn2XpqzUOozKNmBmAgysw,Que Suerte Tenerte,Fonseca,TROPICALIA,2024-05-02,65,200193,https://open.spotify.com/track/5Vn2XpqzUOozKNmBmAgysw,happy
1wx6JALNy9KXwndVziEUKw,Usted Se Me Llevo la Vida,Alexandre Pires,É Por Amor,2001-06-22,62,272693,https://open.spotify.com/track/1wx6JALNy9KXwndVziEUKw,happy
3xrpI0GqWNMjMDOdXUOnK3,Lo Aprendí de Ti - HA-ASH Primera Fila - Hecho Realidad [En Vivo],Ha*Ash,HA-ASH Primera Fila - Hecho Realidad,2014-11-11,73,197800,https://open.spotify.com/track/3xrpI0GqWNMjMDOdXUOnK3,happy
5v1H32V0swSwImrterXQx8,Te Mueves ( Latin Black ),BENI ROY,Te Mueves ( Latin Black ),2023-11-17,51,161000,https://open.spotify.com/track/5v1H32V0swSwImrterXQx8,happy
1zRqRmZyE0bgXkSoVVaCwK,En Ésta No,Sin Bandera,Una Última Vez (Delux Edition),2016-06-10,65,233346,https://open.spotify.com/track/1zRqRmZyE0bgXkSoVVaCwK,happy
1rhHvGC2AKPkFoOYI1jLa5,Te Amo,Noelia,Noelia,1999-02-16,52,280773,https://open.spotify.com/track/1rhHvGC2AKPkFoOYI1jLa5,happy
4gJzpOMYyOpVnbDXlT5aWL,100 Años,"Ha*Ash, Prince Royce",30 de Febrero,2017-12-01,63,185573,https://open.spotify.com/track/4gJzpOMYyOpVnbDXlT5aWL,happy
0G8Zc1rSgdB6RaFFDCUPMu,Sin Tí,MDO,Subir Al Cielo,2000-10-31,50,203666,https://open.spotify.com/track/0G8Zc1rSgdB6RaFFDCUPMu,happy
0xXhgLXfEHnWJHVgRvFvdn,Creo en Ti,Reik,Peligro,2011-08-12,69,163333,https://open.spotify.com/track/0xXhgLXfEHnWJHVgRvFvdn,happy
0mvocLIWUnT10znvIXwHGr,En El Muelle de San Blas,Maná,Sueños Líquidos,1997,77,352160,https://open.spotify.com/track/0mvocLIWUnT10znvIXwHGr,happy
40qGH4aiVeaFW7qIPCyTVa,La De La Mala Suerte,Jesse & Joy,¿Con Quién Se Queda El Perro?,2011-12-06,75,251146,https://open.spotify.com/track/40qGH4aiVeaFW7qIPCyTVa,happy
3WpUm0g3LnhZcdMDmaj3XM,Te Vi Venir,Sin Bandera,Sin Bandera,2001-11-09,65,194706,https://open.spotify.com/track/3WpUm0g3LnhZcdMDmaj3XM,happy
2zLLGT8WWT1dl73TlVL9qs,Mariposa Traicionera - 2020 Remasterizado,Maná,Revolución De Amor (2020 Remasterizado),2002,73,262925,https://open.spotify.com/track/2zLLGT8WWT1dl73TlVL9qs,happy
56Ta1O7Jxxpjnc6cWdDKUo,Si Me Dices Que Sí,"Reik, Farruko, Camilo",Si Me Dices Que Sí,2020-02-18,67,211651,https://open.spotify.com/track/56Ta1O7Jxxpjnc6cWdDKUo,happy
0GNWo2IgoBKdk10gdnaSVk,Sólo para Ti,Camila,Todo Cambio,2006,69,182520,https://open.spotify.com/track/0GNWo2IgoBKdk10gdnaSVk,happy
4go2M6us50x9TQ1NvsB4vt,Aqui Estoy Yo,"Luis Fonsi, Aleks Syntek, Noel Schajris, David Bisbal",Palabras Del Silencio (Edición Aniversario - Un Año Despues),2008,65,251520,https://open.spotify.com/track/4go2M6us50x9TQ1NvsB4vt,happy
3lI5dscCDez8cF6LF3Me7F,Ecos De Amor,"Jesse & Joy, Jesse",Un Besito Más,2015-12-04,72,215112,https://open.spotify.com/track/3lI5dscCDez8cF6LF3Me7F,happy
71iAechwVKGu26pahzFL0k,Cuando Nadie Ve,Morat,Balas Perdidas,2018-10-25,77,219586,https://open.spotify.com/track/71iAechwVKGu26pahzFL0k,happy
4l5HZ6iRc2oN5NtcT141yq,Por Toda la Vida,Fonseca,TROPICALIA,2024-05-02,63,221935,https://open.spotify.com/track/4l5HZ6iRc2oN5NtcT141yq,happy
70fVcEP5pRrxaIICY3DcPe,Mi Persona Favorita,Río Roma,Otra Vida,2014-03-18,64,190480,https://open.spotify.com/track/70fVcEP5pRrxaIICY3DcPe,happy
3ifU75CWczBdMxKdolSHwI,Yo Te Voy A Amar - Spanish Radio Edit,*NSYNC,Greatest Hits,2005,49,266240,https://open.spotify.com/track/3ifU75CWczBdMxKdolSHwI,happy
0JcNysfWVWaMS7R6vzGB2k,Robarte un Beso,"Carlos Vives, Sebastian Yatra",VIVES,2017-11-10,75,194742,https://open.spotify.com/track/0JcNysfWVWaMS7R6vzGB2k,happy
0CjaLvAqN97KPVWgOJ1vbD,Dónde está el amor (feat. Jesse & Joy),"Pablo Alborán, Jesse & Joy",Tanto (Edición Premium),2012,75,233895,https://open.spotify.com/track/0CjaLvAqN97KPVWgOJ1vbD,happy
3LuQLwYz1XJGPXSBTKDIO0,Te Voy a Amar,"Andrés Cepeda, Cali Y El Dandee",Trece,2020-05-13,55,219240,https://open.spotify.com/track/3LuQLwYz1XJGPXSBTKDIO0,happy
6uYtv0KmSNBGFfaY7yW8tY,Te Lloré Un Río,"Maná, Christian Nodal",Te Lloré Un Río,2022-02-25,65,230811,https://open.spotify.com/track/6uYtv0KmSNBGFfaY7yW8tY,happy
7KffKVdLO4P8e4Yx8gDYgw,Llorar (feat. Mario Domm),"Jesse & Joy, Mario Domm",¿Con Quién Se Queda El Perro? (Deluxe),2011-12-06,73,225796,https://open.spotify.com/track/7KffKVdLO4P8e4Yx8gDYgw,happy
0ZqhB08GsFc4xfV07AsXzE,Tanto,"Jesse & Joy, Luis Fonsi",Aire (Versión Día),2020-05-08,66,219760,https://open.spotify.com/track/0ZqhB08GsFc4xfV07AsXzE,happy
2f8sB9lQ6Uh1lKKWJNR9rW,Manos de Tijera,Camilo,Mis Manos,2021-03-04,69,267271,https://open.spotify.com/track/2f8sB9lQ6Uh1lKKWJNR9rW,happy
7DUh5iszvXQDhhE0ZEtmUe,Entra en Mi Vida,Sin Bandera,Hasta Ahora,2007-11-13,61,249973,https://open.spotify.com/track/7DUh5iszvXQDhhE0ZEtmUe,happy
609SDGj0txmlAXRrpwee9Y,Llegaste Tú,"Luis Fonsi, Juan Luis Guerra 4.40",8,2014-01-01,66,221946,https://open.spotify.com/track/609SDGj0txmlAXRrpwee9Y,happy
7mUFcQWYwoRxRa5ZfI2mHG,Sólo Déjate Amar,Kalimba,Negroklaro,2007,61,221293,https://open.spotify.com/track/7mUFcQWYwoRxRa5ZfI2mHG,happy
2LgGkK27qwPG4ls3OsNmuj,Perdón,Camila,Elypse,2014-06-03,69,264186,https://open.spotify.com/track/2LgGkK27qwPG4ls3OsNmuj,happy
2vCHDrXVN0k1GPTjSIZ69E,Noviembre Sin Ti,Reik,Reik,2005-03-02,75,203226,https://open.spotify.com/track/2vCHDrXVN0k1GPTjSIZ69E,happy
6W8Rl6LMWjCL17EvLlkyxc,Te Esperé,"Jesse & Joy, Jesse",Aire (Versión Día),2020-05-08,75,216000,https://open.spotify.com/track/6W8Rl6LMWjCL17EvLlkyxc,happy
3DhD3hWyou0QluBBTSiBC5,No Digas Nada (Déjà Vu),Cali Y El Dandee,3 A.M. (Deluxe),2014-01-01,64,213466,https://open.spotify.com/track/3DhD3hWyou0QluBBTSiBC5,happy
0IWBTieCc6wQZ0C4kCHP9q,Caminar de Tu Mano (feat. Fonseca),"Río Roma, Fonseca",Eres la Persona Correcta en el Momento Equivocado (Deluxe Edition),2017-03-24,64,206253,https://open.spotify.com/track/0IWBTieCc6wQZ0C4kCHP9q,happy
5kIcrM3QVD4BQPFMszQnU1,¡Corre!,Jesse & Joy,¿Con Quién Se Queda El Perro?,2011-12-06,76,288893,https://open.spotify.com/track/5kIcrM3QVD4BQPFMszQnU1,happy
2GSr8anleCXKLNjjjijoMZ,Yo Quisiera,Reik,Reik,2005-03-02,76,217986,https://open.spotify.com/track/2GSr8anleCXKLNjjjijoMZ,happy
6VOb0Kkrd45Bp5RHYSla2J,Perfecta,"Reik, Maluma",Perfecta,2021-05-27,62,174932,https://open.spotify.com/track/6VOb0Kkrd45Bp5RHYSla2J,happy
28Ct4qwkQXY2W5yyNCLuVI,Coleccionista de Canciones,Camila,Todo Cambio,2006,72,306986,https://open.spotify.com/track/28Ct4qwkQXY2W5yyNCLuVI,happy
0OZX1hG9Q8J15nEtpzVGln,A Puro Dolor,Son By Four,Disco de Oro,2007-05-15,56,210240,https://open.spotify.com/track/0OZX1hG9Q8J15nEtpzVGln,happy
072YgF7J2clpY8DsWOpEri,Mientes Tan Bien,Sin Bandera,De Viaje,2003-10-01,75,227613,https://open.spotify.com/track/072YgF7J2clpY8DsWOpEri,happy
12KP3TP0BYKhYWp0H3YXtq,Tocando Fondo,Kalimba,Aerosoul,2004-04-14,65,246200,https://open.spotify.com/track/12KP3TP0BYKhYWp0H3YXtq,happy
0G0p7mc4wEaQTsUpzEmkEs,La Bella y la Bestia,"Reik, Morat",La Bella y la Bestia,2020-06-11,64,186359,https://open.spotify.com/track/0G0p7mc4wEaQTsUpzEmkEs,happy
0qkftSyehmgEES0ymuYiTS,Bendita Tu Luz,"Maná, Juan Luis Guerra 4.40",Amar Es Combatir,2006-08-18,67,263880,https://open.spotify.com/track/0qkftSyehmgEES0ymuYiTS,happy
2vrpcQNg6itmgVZWsNjWe0,Un Año,"Sebastian Yatra, Reik",FANTASÍA,2019-04-12,69,163813,https://open.spotify.com/track/2vrpcQNg6itmgVZWsNjWe0,happy
2KkevS6EwlbHPVGEick7DE,Si Tú No Estás,Sin Bandera,Pasado,2006,60,225760,https://open.spotify.com/track/2KkevS6EwlbHPVGEick7DE,happy
1o4NhRBP3RSnK73rxfW4tU,Todavía No Te Olvido (feat. Carlos Rivera),"Río Roma, Carlos Rivera",Eres la Persona Correcta en el Momento Equivocado (Deluxe Edition),2017-03-24,64,212986,https://open.spotify.com/track/1o4NhRBP3RSnK73rxfW4tU,happy
6LUWcw7HapRK92mQI42Tzp,No Me Quiero Enamorar,Kalimba,Aerosoul,2004-04-14,62,217773,https://open.spotify.com/track/6LUWcw7HapRK92mQI42Tzp,happy
3zNcn4BaVfKORyx3uDfruW,Aprender A Quererte,Morat,Sobre El Amor Y Sus Efectos Secundarios,2016-06-17,72,229213,https://open.spotify.com/track/3zNcn4BaVfKORyx3uDfruW,happy
3IPJg1sdqLj12kFIndaonN,No Hay Nadie Más,Sebastian Yatra,MANTRA,2018-05-18,73,199733,https://open.spotify.com/track/3IPJg1sdqLj12kFIndaonN,happy
0UHsRrWXoWYq8qTgpkl4te,Clávame Tu Amor,Noelia,Natural,2003-01-01,52,235466,https://open.spotify.com/track/0UHsRrWXoWYq8qTgpkl4te,happy
0HpOft5SON0qXcoicEug2m,Se Te Olvidó,Kalimba,Mi Otro Yo,2008-09-30,64,269360,https://open.spotify.com/track/0HpOft5SON0qXcoicEug2m,happy
2tN1wKPCuQ6xO2sBTQDf1t,Si No Te Hubiera Conocido,"Christina Aguilera, Luis Fonsi",Mi Reflejo,2000,49,289200,https://open.spotify.com/track/2tN1wKPCuQ6xO2sBTQDf1t,happy
2bvO1KXbUd4vySCWGNqIIa,Por Amarte Así,Cristian Castro,Mi Vida Sin Tu Amor,1999-04-27,76,272200,https://open.spotify.com/track/2bvO1KXbUd4vySCWGNqIIa,happy
5cPfJH1aUu9kIZyvZS7Ps7,Vivir Sin Aire,"Maná, Carín León",Noches De Cantina,2025-05-29,71,233306,https://open.spotify.com/track/5cPfJH1aUu9kIZyvZS7Ps7,happy
6NPVjNh8Jhru9xOmyQigds,Happy,Pharrell Williams,Despicable Me 2 (Original Motion Picture Soundtrack),2013-06-18,5,233305,https://open.spotify.com/track/6NPVjNh8Jhru9xOmyQigds,happy
2RknY4IqSPwagR0v5wchIW,Don't Stop Me Now,Queen,Jazz,1978-11-10,0,209447,https://open.spotify.com/track/2RknY4IqSPwagR0v5wchIW,happy
07q0QVgO56EorrSGHC48y3,I Was Made For Lovin' You,KISS,Dynasty,1979-03-23,84,271240,https://open.spotify.com/track/07q0QVgO56EorrSGHC48y3,happy
0aAR5HogGoT68EWFbyRFqx,What A Feeling,Irene Cara,What A Feeling,2007-01-01,68,244533,https://open.spotify.com/track/0aAR5HogGoT68EWFbyRFqx,happy
3UpS7kBnkVQYG13pDDFTC4,As Long as You Love Me,Backstreet Boys,Backstreet's Back,1997-08-12,79,221106,https://open.spotify.com/track/3UpS7kBnkVQYG13pDDFTC4,happy
1zusIxNqJu8i4g6P6hJ2Qa,Mercy,Duffy,Rockferry,2008,70,219920,https://open.spotify.com/track/1zusIxNqJu8i4g6P6hJ2Qa,happy
0zREtnLmVnt8KUJZZbSdla,Wavin' Flag,K'NAAN,Troubadour,2009,60,220520,https://open.spotify.com/track/0zREtnLmVnt8KUJZZbSdla,happy
7tqhbajSfrz2F7E1Z75ASX,Ain't No Mountain High Enough,"Marvin Gaye, Tammi Terrell",United,1967-08-29,82,151666,https://open.spotify.com/track/7tqhbajSfrz2F7E1Z75ASX,happy
1c0zagykmGPDYuxJeDqZhJ,World Hold on (Children of the Sky) [Radio Edit],"Bob Sinclar, Steve Edwards",World Hold on (Children of the Sky) [Radio Edit],2006-06-06,4,204230,https://open.spotify.com/track/1c0zagykmGPDYuxJeDqZhJ,happy
6ztstiyZL6FXzh4aG46ZPD,Boogie Wonderland (with The Emotions),"Earth, Wind & Fire, The Emotions",I Am,1979-06,79,288293,https://open.spotify.com/track/6ztstiyZL6FXzh4aG46ZPD,happy
4OeFQtRyT7vsLnRTv7t8YT,The Best,Tina Turner,All The Best,2004-11-01,65,330253,https://open.spotify.com/track/4OeFQtRyT7vsLnRTv7t8YT,happy
1xPSDf8z4dH46gkvlLtvDO,Maniac,Michael Sembello,Flashdance Original Soundtrack From The Motion Picture,1983-01-01,5,244706,https://open.spotify.com/track/1xPSDf8z4dH46gkvlLtvDO,happy
2TxCwUlqaOH3TIyJqGgR91,Mamma Mia,ABBA,Abba,1975,78,213266,https://open.spotify.com/track/2TxCwUlqaOH3TIyJqGgR91,happy
6nzhhT57iQYrbqumru9NNP,ABC,The Jackson 5,The Very Best Of Michael Jackson With The Jackson 5,1995,0,179973,https://open.spotify.com/track/6nzhhT57iQYrbqumru9NNP,happy
3cc66vpbbkDNgtSnWgKked,"Could You Be Loved - 12"" Mix",Bob Marley & The Wailers,Uprising,1980,0,325306,https://open.spotify.com/track/3cc66vpbbkDNgtSnWgKked,happy
0ew27xRdxSexrWbODuLfeE,I'm Coming Out,Diana Ross,Diana,1980-05-22,1,325266,https://open.spotify.com/track/0ew27xRdxSexrWbODuLfeE,happy
0DVNPsfJgMEcP3oLB3xoLf,Bittersweet Symphony,"GAMPER & DADONI, Emily Roberts",Bittersweet Symphony,2019-03-29,53,194618,https://open.spotify.com/track/0DVNPsfJgMEcP3oLB3xoLf,happy
1XyL3J7eTTKnxRZAM3LqIT,Beggin (original version),Madcon,So Dark The Con Of Man,2007-12-03,70,216146,https://open.spotify.com/track/1XyL3J7eTTKnxRZAM3LqIT,happy
5oidljiMjeJTWUGZ4TfFea,Under Pressure,"Queen, David Bowie",Best of Bowie,2002-10-21,1,237520,https://open.spotify.com/track/5oidljiMjeJTWUGZ4TfFea,happy
6WbADFqMvR8N5u0BvtsWQE,Without You (feat. Sandro Cavazza),"Avicii, Sandro Cavazza",AVĪCI (01),2017-08-10,4,181672,https://open.spotify.com/track/6WbADFqMvR8N5u0BvtsWQE,happy
7pQAq14Z73YUFMtxCyt0bG,Can't Buy Me Love - Remastered 2015,The Beatles,1 (Remastered),2000-11-13,0,131213,https://open.spotify.com/track/7pQAq14Z73YUFMtxCyt0bG,happy
2u8MGAiS2hBVE7GZzTZLQI,I'm So Excited,The Pointer Sisters,Best Of,1989-10-21,62,229466,https://open.spotify.com/track/2u8MGAiS2hBVE7GZzTZLQI,happy
3b0EOvScbZUc0qJx0E1L2z,I Want You Back,The Jackson 5,Diana Ross Presents The Jackson 5,1969-12-18,0,176333,https://open.spotify.com/track/3b0EOvScbZUc0qJx0E1L2z,happy
7jitSubqkCwYHDlKX5xHn0,Umbrella,The Baseballs,Strike!,2009-05-15,41,187533,https://open.spotify.com/track/7jitSubqkCwYHDlKX5xHn0,happy
4cktbXiXOapiLBMprHFErI,Memories,Maroon 5,JORDI (Deluxe),2021-06-11,82,189486,https://open.spotify.com/track/4cktbXiXOapiLBMprHFErI,happy
4tyl9OMKMG8F2L0RUYQMH3,Walk Of Life,Dire Straits,Brothers In Arms (Remastered),1985-05-13,2,249960,https://open.spotify.com/track/4tyl9OMKMG8F2L0RUYQMH3,happy
6pc8xULSlsMdFB3OrqbvZ4,Celebration - Single Version,Kool & The Gang,Celebration / Morning Star,1980,1,215653,https://open.spotify.com/track/6pc8xULSlsMdFB3OrqbvZ4,happy
2Vi0fxL1fyE7KrKt3JihJn,Build Me up Buttercup (Re-Recorded),The Foundations,60s Greatest Moments,2007-01-01,0,185480,https://open.spotify.com/track/2Vi0fxL1fyE7KrKt3JihJn,happy
3s3DWOPtKQSgJVDRKu85Tt,Love Generation - Radio Edit,"Bob Sinclar, Gary Pine",La Saga Des Hits,2005-01-01,34,207613,https://open.spotify.com/track/3s3DWOPtKQSgJVDRKu85Tt,happy
0ZvLrvwzp0nBkfmtzL7XO1,Relight My Fire - Single Version,Dan Hartman,70s Gems,2010-03-29,46,224333,https://open.spotify.com/track/0ZvLrvwzp0nBkfmtzL7XO1,happy
0J6mQxEZnlRt9ymzFntA6z,Livin' On A Prayer,Bon Jovi,Slippery When Wet,1986-01-01,5,249293,https://open.spotify.com/track/0J6mQxEZnlRt9ymzFntA6z,happy
46HNZY1i7O6jwTA7Slo2PI,My Universe,"Coldplay, BTS",Music Of The Spheres,2021-10-15,74,226198,https://open.spotify.com/track/46HNZY1i7O6jwTA7Slo2PI,happy
2ifpR5UJBqfXYPgHvgWN91,Sleeping in My Car - Single Version,Roxette,A Collection of Roxette Hits! Their 20 Greatest Songs!,2006-10-18,43,214160,https://open.spotify.com/track/2ifpR5UJBqfXYPgHvgWN91,happy
6wdviVWctiZnY6tVn6bh6A,Black or White - Single Version,Michael Jackson,Number Ones,1979,63,198506,https://open.spotify.com/track/6wdviVWctiZnY6tVn6bh6A,happy
0B9x2BRHqj3Qer7biM3pU3,You're The One That I Want - From “Grease”,"John Travolta, Olivia Newton-John",Grease (The Original Motion Picture Soundtrack),1978-04-04,79,169840,https://open.spotify.com/track/0B9x2BRHqj3Qer7biM3pU3,happy
7cv28LXcjAC3GsXbUvXKbX,I Will Survive - Single Version,Gloria Gaynor,20th Century Masters: The Millennium Collection: Best Of Gloria Gaynor,2000-01-01,66,198066,https://open.spotify.com/track/7cv28LXcjAC3GsXbUvXKbX,happy
4GhtDORJiSRYxj6M1bv0vX,Love Really Hurts Without You,Billy Ocean,Billy Ocean (Expanded Edition),1976-01-05,70,179013,https://open.spotify.com/track/4GhtDORJiSRYxj6M1bv0vX,happy
0SdfUMRHhcjxrMv5d9V1UP,Go West - Original Version 1979,Village People,Go West In the Navy,1979,53,250880,https://open.spotify.com/track/0SdfUMRHhcjxrMv5d9V1UP,happy
5WwRKYnVy9dekqXAGPbAvU,He's the Greatest Dancer - 1995 Remaster,Sister Sledge,We Are Family (1995 Remaster),1995,64,375400,https://open.spotify.com/track/5WwRKYnVy9dekqXAGPbAvU,happy
2zMJN9JvDlvGP4jB03l1Bz,Hot Stuff,Donna Summer,Bad Girls,1979-04-25,69,314760,https://open.spotify.com/track/2zMJN9JvDlvGP4jB03l1Bz,happy
2w6JXokk0F8i241Y8C0Mn6,"Honey, Honey",ABBA,Waterloo,1974,63,175000,https://open.spotify.com/track/2w6JXokk0F8i241Y8C0Mn6,happy
54OR1VDpfkBuOY5zZjhZAY,YMCA - Original Version 1978,Village People,YMCA,1978-01-01,70,286800,https://open.spotify.com/track/54OR1VDpfkBuOY5zZjhZAY,happy
5BckPAYcKEJuYs1eV1BHHe,Take A Chance On Me,ABBA,The Album,1977,76,243933,https://open.spotify.com/track/5BckPAYcKEJuYs1eV1BHHe,happy
6X1D6qbVmK48uoOD9nIvVV,Grease - From “Grease”,Frankie Valli,Grease (The Original Motion Picture Soundtrack),1978-04-04,60,205733,https://open.spotify.com/track/6X1D6qbVmK48uoOD9nIvVV,happy
5F40csF5DtKOGfEg8vuz1d,Rock 'n' Roll (Part 2),Gary Glitter,Glitter,1973,61,193253,https://open.spotify.com/track/5F40csF5DtKOGfEg8vuz1d,happy
16AefybWxoNF6pM2jzZ2ka,Hold On Tight,Aloe Blacc,All Love Everything (Deluxe),2021-03-12,46,228120,https://open.spotify.com/track/16AefybWxoNF6pM2jzZ2ka,happy
6W7ztLBiRzBN46ZaPAcQ0F,"(I've Had) The Time Of My Life - From ""Dirty Dancing"" Soundtrack","Bill Medley, Jennifer Warnes",Dirty Dancing (Original Motion Picture Soundtrack),1987-09-24,68,290333,https://open.spotify.com/track/6W7ztLBiRzBN46ZaPAcQ0F,happy
0ofMkI3jzmGCElAOgOLeo3,The Rhythm of the Night,Corona,The Rhythm of the Night,1994,72,264280,https://open.spotify.com/track/0ofMkI3jzmGCElAOgOLeo3,happy
5fRvePkRGdpn2nKacG7I6d,Coco Jamboo,Mr. President,We See The Same Sun,1996-05-17,74,218733,https://open.spotify.com/track/5fRvePkRGdpn2nKacG7I6d,happy
6HTJZ0TQJVMSKkUGzAOe2h,Old Thing Back (feat. Ja Rule and Ralph Tresvant),"Matoma, The Notorious B.I.G., Ja Rule, Ralph Tresvant",Old Thing Back (feat. Ja Rule and Ralph Tresvant),2015-02-17,62,321649,https://open.spotify.com/track/6HTJZ0TQJVMSKkUGzAOe2h,happy
74jTexO94dFGyXGyeu8krd,Beautiful Life,Ace of Base,The Bridge,1995-11-07,68,221186,https://open.spotify.com/track/74jTexO94dFGyXGyeu8krd,happy
0hrBpAOgrt8RXigk83LLNE,The Sign,Ace of Base,The Sign,1993-12-24,75,191240,https://open.spotify.com/track/0hrBpAOgrt8RXigk83LLNE,happy
1P4Frq8ZqkdJlChASoGFPZ,Scarface (Push It To The Limit),Paul Engemann,Scarface,1983,2,184706,https://open.spotify.com/track/1P4Frq8ZqkdJlChASoGFPZ,happy
4gbR24XpCUTkoElYKZlrpO,Ain't No Mountain High Enough - Stereo Version,"Marvin Gaye, Tammi Terrell",20th Century Masters: The Millennium Collection: The Best Of Marvin Gaye & Tammi Terrell,2000-01-01,0,149066,https://open.spotify.com/track/4gbR24XpCUTkoElYKZlrpO,happy
2p0QBZeBS5WGZG4P7SbQv0,Waterloo,ABBA,18 Hits (International Version),2005-01-01,0,166333,https://open.spotify.com/track/2p0QBZeBS5WGZG4P7SbQv0,happy
2Rkfv2emuT4A1QU6dJmf5V,Modern Love - Single Version; 2002 Digital Remaster,David Bowie,Best Of Bowie,2002-10-21,0,238293,https://open.spotify.com/track/2Rkfv2emuT4A1QU6dJmf5V,happy
6x4tKaOzfNJpEJHySoiJcs,Mambo No. 5 (a Little Bit of...),Lou Bega,A Little Bit of Mambo,1999-07-19,77,220293,https://open.spotify.com/track/6x4tKaOzfNJpEJHySoiJcs,happy
22c2pt75xtnDddA5Zlm0yy,All Star,Smash Mouth,All Star Smash Hits,2005-01-01,1,200560,https://open.spotify.com/track/22c2pt75xtnDddA5Zlm0yy,happy
6mYrhCAGWzTdF8QnKuchXM,If I Could Turn Back Time,Cher,Heart Of Stone,1989-01-01,72,239826,https://open.spotify.com/track/6mYrhCAGWzTdF8QnKuchXM,happy
0ifSeVGUr7py5GggttDhXw,All About That Bass,Meghan Trainor,All About That Bass,2014-06-30,57,188754,https://open.spotify.com/track/0ifSeVGUr7py5GggttDhXw,happy
7jA4agDnt1Oc6Fn2hifX0t,Bohemian Like You,The Dandy Warhols,Alternative,2008-04-28,40,208906,https://open.spotify.com/track/7jA4agDnt1Oc6Fn2hifX0t,happy
0SDcjtJXrI6jAtD6AkQ6SR,Gotta Go Home,Boney M.,America - Das Party Album,2009-08-31,39,224453,https://open.spotify.com/track/0SDcjtJXrI6jAtD6AkQ6SR,happy
1di1BEgJYzPvXUuinsYJGP,Everybody (Backstreet's Back) - Radio Edit,Backstreet Boys,Backstreet's Back,1997-08-12,79,225360,https://open.spotify.com/track/1di1BEgJYzPvXUuinsYJGP,happy
44AXd3UVaaVYsSQqBpnYO2,Best Day Of My Life,American Authors,American Authors,2013-01-01,0,194093,https://open.spotify.com/track/44AXd3UVaaVYsSQqBpnYO2,happy
1wwmkKWOk330VnN9IroMOI,Think,Aretha Franklin,Aretha Franklin,2006-02-27,0,138480,https://open.spotify.com/track/1wwmkKWOk330VnN9IroMOI,happy
494OU6M7NOf4ICYb4zWCf5,Sugar,Maroon 5,V (Deluxe),2015-05-18,56,235493,https://open.spotify.com/track/494OU6M7NOf4ICYb4zWCf5,happy
6pxWv6GV35VGmcPf5dh6CH,Proud Mary,Creedence Clearwater Revival,Bayou Country (Expanded Edition),1969-01-05,73,187213,https://open.spotify.com/track/6pxWv6GV35VGmcPf5dh6CH,happy
3XIEWK1V9n25PS9Vb6axj5,Born to Be Alive - The Original,Patrick Hernandez,Born to Be Alive (The Original),1978,74,188133,https://open.spotify.com/track/3XIEWK1V9n25PS9Vb6axj5,happy
04MNyOQZDvLsW2gjAm9q2L,Love Natural,Crystal Fighters,Cave Rave,2013-05-27,0,199526,https://open.spotify.com/track/04MNyOQZDvLsW2gjAm9q2L,happy
0Me1AKVY2wzxOKLMiaAtNy,Best Fake Smile,James Bay,Chaos And The Calm,2015-03-20,43,205026,https://open.spotify.com/track/0Me1AKVY2wzxOKLMiaAtNy,happy
46WVVHERbHreW3Ap2ztQt8,The Look,Roxette,A Collection of Roxette Hits! Their 20 Greatest Songs!,2006-10-18,53,237320,https://open.spotify.com/track/46WVVHERbHreW3Ap2ztQt8,happy
5RKZ9zCtLjBLTea7qkSFqr,I'm a Believer,The Monkees,The Definitive Monkees,2001-01-29,50,166906,https://open.spotify.com/track/5RKZ9zCtLjBLTea7qkSFqr,happy
1ahAVyeP1B027c03NlVSRd,Uh La La La,Alexia,Disco 90's,2008-03-16,41,225640,https://open.spotify.com/track/1ahAVyeP1B027c03NlVSRd,happy
1yN2z5XVtaAOYGdeEqEuqd,Lemon Tree,Fools Garden,Dish Of The Day,1995,0,191026,https://open.spotify.com/track/1yN2z5XVtaAOYGdeEqEuqd,happy
1bxa0TPdBMHPeZFHe0adCw,Don't Slack (from Trolls World Tour),"Anderson .Paak, Justin Timberlake",Don't Slack (from Trolls World Tour),2020-03-10,46,174800,https://open.spotify.com/track/1bxa0TPdBMHPeZFHe0adCw,happy
1ohbjkuczl6hEoYEo931PH,Sing Hallelujah!,Dr. Alban,One Love (2nd Edition),1992-05-04,1,240933,https://open.spotify.com/track/1ohbjkuczl6hEoYEo931PH,happy
6jmNxPA5i0pnaSJ5u3TCz0,"You're My Heart, You're My Soul",Modern Talking,25 Years Of Disco-Pop,2010-01-25,43,229986,https://open.spotify.com/track/6jmNxPA5i0pnaSJ5u3TCz0,happy
6W99yGcIH43jskdRA7idD3,Gimme Hope Jo'Anna,Eddy Grant,Gimmie Eddy - [The Dave Cash Collection],2011-05-09,16,243695,https://open.spotify.com/track/6W99yGcIH43jskdRA7idD3,happy
4ZrbWwFHHjPoe7cfUBJ9WQ,I Got You (I Feel Good),James Brown,Golden Moments,2010-09-06,0,168000,https://open.spotify.com/track/4ZrbWwFHHjPoe7cfUBJ9WQ,happy
52MW2hwNmLa0KdsZZk8360,Start Me Up,The Rolling Stones,GRRR! (Deluxe Version),2012-01-01,0,212960,https://open.spotify.com/track/52MW2hwNmLa0KdsZZk8360,happy
4YUlGNZfYA6EUE5KDsGqpC,You Can't Hurry Love,Phil Collins,"Hello, I Must Be Going",1982-11-17,2,175346,https://open.spotify.com/track/4YUlGNZfYA6EUE5KDsGqpC,happy
0KpfYajJVVGgQ32Dby7e9i,"Hey, Soul Sister",Train,"Hey, Soul Sister",2009-08-06,2,216666,https://open.spotify.com/track/0KpfYajJVVGgQ32Dby7e9i,happy
6fWMEDCURTkeP9bPYvzcJe,Homerun (Radio Edit),The Brahms,Homerun (Radio Edit),2015-10-14,35,159407,https://open.spotify.com/track/6fWMEDCURTkeP9bPYvzcJe,happy
6VwkgtOIlVboseFPCFnyJ2,Video Killed The Radio Star,The Buggles,I Am Happy,2010-01-01,0,251533,https://open.spotify.com/track/6VwkgtOIlVboseFPCFnyJ2,happy
0lJEYLAJU5KtthQroas2ou,Rock DJ - 2004 Mix,Robbie Williams,In And Out Of Consciousness: Greatest Hits 1990 - 2010,2010-01-01,48,257372,https://open.spotify.com/track/0lJEYLAJU5KtthQroas2ou,happy
5s9sZ2i76iAZeFt5f9uUKP,Lightning Bolt,Jake Bugg,Jake Bugg,2012-01-01,0,144013,https://open.spotify.com/track/5s9sZ2i76iAZeFt5f9uUKP,happy
4ycLiPVzE5KamivXrAzGFG,Fuck You,CeeLo Green,The Lady Killer,2010-11-09,62,222933,https://open.spotify.com/track/4ycLiPVzE5KamivXrAzGFG,happy
46JMEuyi5JFYSRzxeIWk9Q,Reggae Night,Jimmy Cliff,La Felicidad... En 4 Minutos,2011-11-29,0,322440,https://open.spotify.com/track/46JMEuyi5JFYSRzxeIWk9Q,happy
2LL1UuRkaqDUjgjn7dBXbx,Lets Twist Again,Chubby Checker,Lemon Popsicles And More - A Flavour Of The Fabulous Fifties,2011-08-20,0,142840,https://open.spotify.com/track/2LL1UuRkaqDUjgjn7dBXbx,happy
4Sqc0kPuZpfI0T2TZBu8JT,Grace Kelly,MIKA,Life In Cartoon Motion,2007-01-01,0,187733,https://open.spotify.com/track/4Sqc0kPuZpfI0T2TZBu8JT,happy
3O0FuEfTpt3Zn6J3pXrXVO,Little Talks,Of Monsters and Men,Little Talks,2011-01-01,0,267413,https://open.spotify.com/track/3O0FuEfTpt3Zn6J3pXrXVO,happy
5XMjXjwCkJVmk0AHm7z8IV,Jerk It Out,Caesars,Love For The Streets,2002,70,195666,https://open.spotify.com/track/5XMjXjwCkJVmk0AHm7z8IV,happy
74QCZPlpayjvQ4yJJFljfQ,Sweet Home Alabama,Lynyrd Skynyrd,Lynyrd Skynyrd,1991-01-01,0,285160,https://open.spotify.com/track/74QCZPlpayjvQ4yJJFljfQ,happy
7BXToqZFtclAj6mshYWena,Jungle Drum,Emilíana Torrini,Me And Armini,2008-09-08,0,133466,https://open.spotify.com/track/7BXToqZFtclAj6mshYWena,happy
2ajUl8lBLAXOXNpG4NEPMz,Sway,Michael Bublé,Michael Bublé,2003,75,188066,https://open.spotify.com/track/2ajUl8lBLAXOXNpG4NEPMz,happy
4XTTwW06rMgud7yS1nySZf,Animal,Miike Snow,Miike Snow,2009-05-21,1,263880,https://open.spotify.com/track/4XTTwW06rMgud7yS1nySZf,happy
6WP4WTHzaPTCk1QrbRLhgL,My Type,Saint Motel,My Type - Single,2013-07-23,0,203526,https://open.spotify.com/track/6WP4WTHzaPTCk1QrbRLhgL,happy
213x4gsFDm04hSqIUkg88w,On Top Of The World,Imagine Dragons,Night Visions,2012-09-04,76,192280,https://open.spotify.com/track/213x4gsFDm04hSqIUkg88w,happy
3LmpQiFNgFCnvAnhhvKUyI,Stayin' Alive - Remastered Version,Bee Gees,Number Ones,2004-11-09,2,285200,https://open.spotify.com/track/3LmpQiFNgFCnvAnhhvKUyI,happy
2qONptRzQM0D3BGOgAsapI,The Bad Touch,Bloodhound Gang,Nu Rock,2007-01-01,42,259506,https://open.spotify.com/track/2qONptRzQM0D3BGOgAsapI,happy
5WLhAmEGwePI2RD9ZECTw7,Pack Up,Eliza Doolittle,Pack Up,2010-07-23,39,191026,https://open.spotify.com/track/5WLhAmEGwePI2RD9ZECTw7,happy
1Te8WIfLudxjHTr66BL0JK,Perfect Strangers,"Jonas Blue, JP Cooper",Perfect Strangers,2016-06-03,0,196613,https://open.spotify.com/track/1Te8WIfLudxjHTr66BL0JK,happy
4Z1fbYp0HuxLBje4MOZcSD,Twist And Shout - Remastered,The Beatles,Please Please Me (Remastered),1963-03-22,0,155226,https://open.spotify.com/track/4Z1fbYp0HuxLBje4MOZcSD,happy
4ePP9So5xRzspjLFVVbj90,Two Princes,Spin Doctors,Pocket Full Of Kryptonite,1991-08-27,71,256733,https://open.spotify.com/track/4ePP9So5xRzspjLFVVbj90,happy
3VuPTxBQqGGuXH0u0ic14D,Restless Year,Ezra Furman,Restless Year,2015-03-09,0,145000,https://open.spotify.com/track/3VuPTxBQqGGuXH0u0ic14D,happy
3vGmNTCxk0OnOWbzIVFHgK,Rock Around the Clock,Bill Haley & His Comets,Rock Around the Clock (20 Hits),2007-01-01,0,133226,https://open.spotify.com/track/3vGmNTCxk0OnOWbzIVFHgK,happy
0bV4WoGRzmYV6y7OojZvqr,Don't Go Breaking My Heart,"Elton John, Kiki Dee",Rocket Man (Deluxe Edition),2007-03-26,0,275386,https://open.spotify.com/track/0bV4WoGRzmYV6y7OojZvqr,happy
4GAI8BxeMgrvhZNEU59UfR,"Sugar, Sugar",The Archies,"Sugar, Sugar",2007-01-01,56,169626,https://open.spotify.com/track/4GAI8BxeMgrvhZNEU59UfR,happy
4AdgZcX33Iq9fQGRHWDr5j,Give It Up,KC & The Sunshine Band,Summer Sensations,2011-07-10,0,245706,https://open.spotify.com/track/4AdgZcX33Iq9fQGRHWDr5j,happy
42ftjU4cTN5UTRksyqBKZJ,Cake By The Ocean,DNCE,SWAAY,2015-10-23,1,218440,https://open.spotify.com/track/42ftjU4cTN5UTRksyqBKZJ,happy
3WMbD1OyfKuwWDWMNbPQ4g,Daddy Cool,Boney M.,Take The Heat Off Me,1976,75,208600,https://open.spotify.com/track/3WMbD1OyfKuwWDWMNbPQ4g,happy
2LcV5dZWN47XVCVZ1dFwfQ,You Never Can Tell - 1964 Single Version / Mono,Chuck Berry,The Ultimate Chuck Berry,2007-05-14,0,160866,https://open.spotify.com/track/2LcV5dZWN47XVCVZ1dFwfQ,happy
4rmPQGwcLQjCoFq5NrTA0D,Uptown Funk (feat. Bruno Mars),"Mark Ronson, Bruno Mars",Uptown Funk (feat. Bruno Mars),2014-11-24,27,270626,https://open.spotify.com/track/4rmPQGwcLQjCoFq5NrTA0D,happy
0KxTWgl64TNOQXiGFJYc6t,Conga!,Miami Sound Machine,The Very Best Of Gloria Estefan (English Version),2006-09-26,53,252933,https://open.spotify.com/track/0KxTWgl64TNOQXiGFJYc6t,happy
77NNZQSqzLNqh2A9JhLRkg,Don't Stop Believin',Journey,The Essential Journey,2001-10-16,75,248906,https://open.spotify.com/track/77NNZQSqzLNqh2A9JhLRkg,happy
6QZo2TgclkUMwJgggi8QSQ,Africa,TOTO,Greatest Hits: 40 Trips Around The Sun,2018-02-09,43,295346,https://open.spotify.com/track/6QZo2TgclkUMwJgggi8QSQ,happy
6U51gSZ5PNHf9Pbq2Zy14c,Brother Louie,Modern Talking,25 Years Of Disco-Pop,2010-01-25,44,221093,https://open.spotify.com/track/6U51gSZ5PNHf9Pbq2Zy14c,happy
0FutrWIUM5Mg3434asiwkp,Never Gonna Give You Up,Rick Astley,Platinum & Gold Collection,2004-03-09,0,212400,https://open.spotify.com/track/0FutrWIUM5Mg3434asiwkp,happy
6V0PuoOnfCWJuC6fD11YIL,The Final Countdown,Europe,1982-2000,1993-02-28,35,309466,https://open.spotify.com/track/6V0PuoOnfCWJuC6fD11YIL,happy
0SNGe4xksgp7CGnY5kMXOJ,Every Breath You Take,The Police,Stranger Things (Soundtrack from the Netflix Original Series),2017-10-27,2,251573,https://open.spotify.com/track/0SNGe4xksgp7CGnY5kMXOJ,happy
4w3tQBXhn5345eUXDGBWZG,9 to 5,Dolly Parton,9 To 5 And Odd Jobs,1980,75,162466,https://open.spotify.com/track/4w3tQBXhn5345eUXDGBWZG,happy
1YJ4vpxPL6Wgo8gmRnvqSp,There Must Be an Angel (Playing With My Heart),"Eurythmics, Annie Lennox, Dave Stewart",Greatest Hits,1991-02-28,57,280360,https://open.spotify.com/track/1YJ4vpxPL6Wgo8gmRnvqSp,happy
5MTQHfYH4RkJMtmtBQmnEj,Down Under,Men At Work,The Essential Men At Work,2003-04-01,50,223760,https://open.spotify.com/track/5MTQHfYH4RkJMtmtBQmnEj,happy
0kPeymTUiaidv48eRrMISu,Bette Davis Eyes,Missing Persons,Bette Davis Eyes,2007-01-01,53,226695,https://open.spotify.com/track/0kPeymTUiaidv48eRrMISu,happy
37Q5anxoGWYdRsyeXkkNoI,Heaven Is A Place On Earth,Belinda Carlisle,Greatest Vol.1 - Belinda Carlisle,1987,28,246520,https://open.spotify.com/track/37Q5anxoGWYdRsyeXkkNoI,happy
1F43XlPBiwAUUIhrUGzylO,Never Ending Story,Limahl,Don't Suppose,2009-09-25,67,212173,https://open.spotify.com/track/1F43XlPBiwAUUIhrUGzylO,happy
2wSAWEYUHkt92X4SBAPqZE,Karma Chameleon - Remastered 2002,Culture Club,Colour By Numbers (Remastered / Expanded Edition),1983-10-01,75,252773,https://open.spotify.com/track/2wSAWEYUHkt92X4SBAPqZE,happy
0GONea6G2XdnHWjNZd6zt3,Summer Of '69,Bryan Adams,Reckless (30th Anniversary / Deluxe Edition),1984-11-05,82,216053,https://open.spotify.com/track/0GONea6G2XdnHWjNZd6zt3,happy
5g6nzsOxwxdoj6sqAl0NXB,It's Raining Men,The Weather Girls,The Best of Disco,1996-11-25,53,211013,https://open.spotify.com/track/5g6nzsOxwxdoj6sqAl0NXB,happy
6AJlcxjEO2baFC24GPsJjg,"Holding Out for a Hero - From ""Footloose"" Soundtrack",Bonnie Tyler,Ravishing - The Best Of,2009-03-30,2,348706,https://open.spotify.com/track/6AJlcxjEO2baFC24GPsJjg,happy
2v7ywbUzCgcVohHaKUcacV,Like a Prayer,Madonna,Like a Prayer,1989-03-21,73,340866,https://open.spotify.com/track/2v7ywbUzCgcVohHaKUcacV,happy
1KsI8NEeAna8ZIdojI3FiT,Hungry Heart,Bruce Springsteen,The River,1980-10-17,70,199453,https://open.spotify.com/track/1KsI8NEeAna8ZIdojI3FiT,happy
2vwlzO0Qp8kfEtzTsCXfyE,Wrecking Ball,Miley Cyrus,Bangerz (Deluxe Version),2013-10-04,80,221360,https://open.spotify.com/track/2vwlzO0Qp8kfEtzTsCXfyE,happy
4FP8dyBjGDBxcVRTTxOeog,Can You Feel It,The Jacksons,The Best Of The 80's,2007-12-10,39,228213,https://open.spotify.com/track/4FP8dyBjGDBxcVRTTxOeog,happy
7AMnWNkwYPxaVDgkwmEEKj,Super Trouper,ABBA,Super Trouper,1980,0,254613,https://open.spotify.com/track/7AMnWNkwYPxaVDgkwmEEKj,happy
4uOKFydzAejjSFqYbv1XPt,Red Red Wine,UB40,The Very Best Of,2000,73,183733,https://open.spotify.com/track/4uOKFydzAejjSFqYbv1XPt,happy
2zjt2hHBbiv5SuxYg8Z7eP,Girls Just Want to Have Fun,Cyndi Lauper,She's So Unusual: A 30th Anniversary Celebration (Deluxe Edition),2014-03-28,64,238120,https://open.spotify.com/track/2zjt2hHBbiv5SuxYg8Z7eP,happy
1OOtq8tRnDM8kG2gqUPjAj,Beat It,Michael Jackson,Thriller 25 Super Deluxe Edition,2008-02-08,75,258040,https://open.spotify.com/track/1OOtq8tRnDM8kG2gqUPjAj,happy
7723JnKU2R15Iv4T7OJrly,Funky Town,Lipps Inc.,Paradas Continuas,2009-10-20,3,239253,https://open.spotify.com/track/7723JnKU2R15Iv4T7OJrly,happy
3L7RtEcu1Hw3OXrpnthngx,Don't You Want Me,The Human League,Dare!,1981,78,236920,https://open.spotify.com/track/3L7RtEcu1Hw3OXrpnthngx,happy
7N3PAbqfTjSEU1edb2tY8j,Jump - 2015 Remaster,Van Halen,1984 (Remastered),1984-01-04,77,241599,https://open.spotify.com/track/7N3PAbqfTjSEU1edb2tY8j,happy
7INi4pMPG4IE0Smx5y4KVf,Easy Lover,"Philip Bailey, Phil Collins",Chinese Wall,1985-03-20,68,304506,https://open.spotify.com/track/7INi4pMPG4IE0Smx5y4KVf,happy
25BxqC9Yo7TQ175DLAyMJs,Hungry Eyes,Eric Carmen,Dirty Dancing,1987-07-10,0,248266,https://open.spotify.com/track/25BxqC9Yo7TQ175DLAyMJs,happy
6jJCk7oHNwyowOUaF3gXEu,Tell It to My Heart,Taylor Dayne,Platinum & Gold Collection,2003-06-17,52,220226,https://open.spotify.com/track/6jJCk7oHNwyowOUaF3gXEu,happy
4kjgGgDbNN4nR3OZYuRkUe,All Night Long (All Night),Lionel Richie,The Definitive Collection (International 2CD Version),2003-01-01,1,260826,https://open.spotify.com/track/4kjgGgDbNN4nR3OZYuRkUe,happy
7gozgbG5EBTukCFWToTRA5,I Still Haven't Found What I'm Looking For - Remastered 2007,U2,The Joshua Tree (Deluxe Edition Remastered),1987-03-10,1,277480,https://open.spotify.com/track/7gozgbG5EBTukCFWToTRA5,happy
480dDrqG7LO6qDaphHeXlM,Invisible Touch - Remastered 2007,Genesis,Invisible Touch,1986-06-09,3,210133,https://open.spotify.com/track/480dDrqG7LO6qDaphHeXlM,happy
4gvea7UlDkAvsJBPZAd4oB,The Boys Of Summer,Don Henley,Building The Perfect Beast,1984-11-19,10,288733,https://open.spotify.com/track/4gvea7UlDkAvsJBPZAd4oB,happy
0qi4b1l0eT3jpzeNHeFXDT,Just Can't Get Enough,Depeche Mode,Speak and Spell (Deluxe),1981-11-02,74,220893,https://open.spotify.com/track/0qi4b1l0eT3jpzeNHeFXDT,happy
1OsCKwNZxph96EkNusILRy,Get Down On It - Single Version,Kool & The Gang,The Very Best Of Kool & The Gang,1999-01-01,0,212906,https://open.spotify.com/track/1OsCKwNZxph96EkNusILRy,happy
3rOD3MfHaXawznE0vrjM5B,Our House,Madness,A Guided Tour Of Madness,2011-09-19,0,203120,https://open.spotify.com/track/3rOD3MfHaXawznE0vrjM5B,happy
3OeUlriM0EZHdWleJtjoVr,Got My Mind Set On You - Remastered 2004,George Harrison,Cloud Nine,1987-11-02,2,234653,https://open.spotify.com/track/3OeUlriM0EZHdWleJtjoVr,happy
1ZPlNanZsJSPK5h9YZZFbZ,Like a Virgin,Madonna,Like a Virgin,1984-11-12,70,218626,https://open.spotify.com/track/1ZPlNanZsJSPK5h9YZZFbZ,happy
5iqrbO0fhuLMiy9tYGanv6,C'est La Vie,Khaled,C'est La Vie,2012-05-17,64,225751,https://open.spotify.com/track/5iqrbO0fhuLMiy9tYGanv6,happy
2NVpYQqdraEcQwqT7GhUkh,Ain't Nobody,Chaka Khan,"Epiphany: The Best of Chaka Khan, Vol. 1",1996-11-08,66,280853,https://open.spotify.com/track/2NVpYQqdraEcQwqT7GhUkh,happy
26g8bCaVhcv0KkBi5SlEg7,Don't Leave Me This Way (with Sarah Jane Morris),"The Communards, Sarah Jane Morris",Communards,1997,0,260946,https://open.spotify.com/track/26g8bCaVhcv0KkBi5SlEg7,happy
3VZmChrnVW8JK6ano4gSED,Sexual Healing,Marvin Gaye,Midnight Love,1982-10-01,73,238600,https://open.spotify.com/track/3VZmChrnVW8JK6ano4gSED,happy
7gfAYm7X5HMSuKcO4dy8Wi,Loco in Acapulco,Four Tops,Indestructible,1988-02-14,56,274066,https://open.spotify.com/track/7gfAYm7X5HMSuKcO4dy8Wi,happy
5suJZTE8SpSmR4zMqxLg3V,Waiting for a Star to Fall,Boy Meets Girl,80s 100 Hits,2010-03-01,49,266213,https://open.spotify.com/track/5suJZTE8SpSmR4zMqxLg3V,happy
28NBmftocOzTPEb6OYA9fW,Le Freak,CHIC,C'est Chic,1978-08-11,1,327573,https://open.spotify.com/track/28NBmftocOzTPEb6OYA9fW,happy
4fHDlIntTsRGSyTg5UYZYC,Banana Boat (Day-O),Harry Belafonte,Calypso,1956,73,183133,https://open.spotify.com/track/4fHDlIntTsRGSyTg5UYZYC,happy
38JtOksjkWmr9vAylvvqs6,Fame - Rerecorded,Irene Cara,Fame (Billboard Hot 100 - No 04),2018-12-20,0,319026,https://open.spotify.com/track/38JtOksjkWmr9vAylvvqs6,happy
0cBPuDA3xUjR4Vh9o7CKy8,Home,Edward Sharpe & The Magnetic Zeros,Up From Below,2009-07-12,4,306320,https://open.spotify.com/track/0cBPuDA3xUjR4Vh9o7CKy8,happy
7o9uu2GDtVDr9nsR7ZRN73,Time After Time,Cyndi Lauper,She's So Unusual,1983-10-14,80,241333,https://open.spotify.com/track/7o9uu2GDtVDr9nsR7ZRN73,happy
6b6IMqP565TbtFFZg9iFf3,"I Can't Help Myself (Sugar Pie, Honey Bunch)",Four Tops,Four Tops - Second Album,1965,73,160280,https://open.spotify.com/track/6b6IMqP565TbtFFZg9iFf3,happy
1kIu9zpYtWjgrLlsactlna,Jump (Original Mix),The Pointer Sisters,Break Out (1983 Version - Expanded Edition),1983-04-01,60,262560,https://open.spotify.com/track/1kIu9zpYtWjgrLlsactlna,happy
4qv7YSyt5UV8LvrXyE8sGn,"Can You Feel It - 7"" Version",The Jacksons,The Essential Michael Jackson,2005-07-19,50,230773,https://open.spotify.com/track/4qv7YSyt5UV8LvrXyE8sGn,happy
0D2VYiRlBv43asKUgieZaM,Jubel - Radio Edit,Klingande,Jubel (Radio Edit),2013-11-01,49,201626,https://open.spotify.com/track/0D2VYiRlBv43asKUgieZaM,happy
0En3slZ6QLHoJlBvRbIEOz,Hit the Road Jack,Ray Charles,Jazz Masters Deluxe Collection: Ray Charles,2012-09-12,0,117816,https://open.spotify.com/track/0En3slZ6QLHoJlBvRbIEOz,happy
4fTHdMTq0Znl3djLI1Typn,Cheerleader (Felix Jaehn Remix) - Radio Edit,"OMI, Felix Jaehn",Cheerleader (Felix Jaehn Remix Radio Edit),2015-01-23,45,180021,https://open.spotify.com/track/4fTHdMTq0Znl3djLI1Typn,happy
392zwJVuiuhDZC3ShNmLkD,We No Speak Americano (JT Radio Edit),"Yolanda Be Cool, DCup",We No Speak Americano (Complete Remixes),2010-07-17,0,157438,https://open.spotify.com/track/392zwJVuiuhDZC3ShNmLkD,happy
1F93GMRPvmWpVP970SzjpH,The Shoop Shoop Song (It's In His Kiss),Cher,Love Hurts (UK Mid Price),1991-01-01,0,170000,https://open.spotify.com/track/1F93GMRPvmWpVP970SzjpH,happy
1dNIEtp7AY3oDAKCGg2XkH,Something Just Like This,"The Chainsmokers, Coldplay",Something Just Like This,2017-02-22,71,247626,https://open.spotify.com/track/1dNIEtp7AY3oDAKCGg2XkH,happy
2sFp6E7lNBbblJGmUtCfFH,Uptown Girl - Radio Edit,Westlife,Coast To Coast (Expanded Edition),2000,66,186440,https://open.spotify.com/track/2sFp6E7lNBbblJGmUtCfFH,happy
0XvjOhwCnXXFOSlBbV9jPN,Barbra Streisand - Radio Edit,Duck Sauce,Barbra Streisand,2010-10-15,32,196533,https://open.spotify.com/track/0XvjOhwCnXXFOSlBbV9jPN,happy
6sQ41j7G8kyhirJxBoI6gs,Shalala Lala,Vengaboys,Greatest Hits!,2009-12-11,0,214819,https://open.spotify.com/track/6sQ41j7G8kyhirJxBoI6gs,happy
0n4bITAu0Y0nigrz3MFJMb,Blurred Lines,"Robin Thicke, T.I., Pharrell Williams",Blurred Lines (Deluxe),2013-01-01,78,263826,https://open.spotify.com/track/0n4bITAu0Y0nigrz3MFJMb,happy
2R7gA9dAHTjASKU0wiTJok,Jerusalema (feat. Nomcebo Zikode) - Edit,"Master KG, Nomcebo Zikode",Jerusalema (feat. Burna Boy & Nomcebo Zikode) [Remix],2020-07-09,57,188986,https://open.spotify.com/track/2R7gA9dAHTjASKU0wiTJok,happy
1kAZhbcsXqfUjnVeqPywn2,Danza Kuduro (feat. Don Omar),"Lucenzo, Don Omar",Danza Kuduro (feat. Don Omar),2011-06-27,1,202346,https://open.spotify.com/track/1kAZhbcsXqfUjnVeqPywn2,happy
557un1HgwYMuqfWGSTmnxw,Single Ladies (Put a Ring on It),Beyoncé,I AM...SASHA FIERCE - Platinum Edition,2008,68,192586,https://open.spotify.com/track/557un1HgwYMuqfWGSTmnxw,happy
13P5rwmk2EsoFRIz9UCeh9,Cool Kids,Echosmith,Talking Dreams (Deluxe Edition),2013-10-04,72,237626,https://open.spotify.com/track/13P5rwmk2EsoFRIz9UCeh9,happy
0qwcGscxUHGZTgq0zcaqk1,Here's to Never Growing Up,Avril Lavigne,Avril Lavigne (Expanded Edition),2013-11-01,66,214320,https://open.spotify.com/track/0qwcGscxUHGZTgq0zcaqk1,happy
3vv9phIu6Y1vX3jcqaGz5Z,Roses,"The Chainsmokers, ROZES",Roses,2015-06-16,80,226738,https://open.spotify.com/track/3vv9phIu6Y1vX3jcqaGz5Z,happy
3oHNJECGN3bBoGXejlw2b1,Last Friday Night (T.G.I.F.),Katy Perry,Teenage Dream,2010-08-24,69,230733,https://open.spotify.com/track/3oHNJECGN3bBoGXejlw2b1,happy
4qrSd9NMui1V19MEnIAhj7,Best Song Ever,One Direction,Best Song Ever (From THIS IS US),2013-07-22,40,202440,https://open.spotify.com/track/4qrSd9NMui1V19MEnIAhj7,happy
2GpHJb7xGNBaIDTrBxjIu6,Sorry,Justin Bieber,Sorry,2015-10-23,0,200786,https://open.spotify.com/track/2GpHJb7xGNBaIDTrBxjIu6,happy
0afhq8XCExXpqazXczTSve,Galway Girl,Ed Sheeran,÷ (Deluxe),2017-03-03,79,170826,https://open.spotify.com/track/0afhq8XCExXpqazXczTSve,happy
5masKPHeAOVNgxdLebIcK7,Stole the Show,"Kygo, Parson James",Cloud Nine,2016-05-13,75,223186,https://open.spotify.com/track/5masKPHeAOVNgxdLebIcK7,happy
0BbA7S30mOQB94e4IBnqCt,Tainted Love - Single Version,Gloria Jones,Tainted Love: The Original Single,1982-01-01,47,131160,https://open.spotify.com/track/0BbA7S30mOQB94e4IBnqCt,happy
0mvkwaZMP2gAy2ApQLtZRv,It's a Beautiful Day,Michael Bublé,To Be Loved,2013-04-11,64,199266,https://open.spotify.com/track/0mvkwaZMP2gAy2ApQLtZRv,happy
4evmHXcjt3bTUHD1cvny97,Beautiful People (feat. Khalid),"Ed Sheeran, Khalid",Beautiful People (feat. Khalid),2019-06-28,69,197866,https://open.spotify.com/track/4evmHXcjt3bTUHD1cvny97,happy
3HVWdVOQ0ZA45FuZGSfvns,I Don't Care (with Justin Bieber),"Ed Sheeran, Justin Bieber",I Don't Care (with Justin Bieber),2019-05-10,74,219946,https://open.spotify.com/track/3HVWdVOQ0ZA45FuZGSfvns,happy
7MXlTgQeo3IVlMpLnZuhxc,It's Time,Imagine Dragons,Night Visions,2012-09-04,74,240306,https://open.spotify.com/track/7MXlTgQeo3IVlMpLnZuhxc,happy
5YwgJ6lpZ3SiAQwBEpjqey,Rose Garden,Lynn Anderson,Rose Garden,1971,62,175866,https://open.spotify.com/track/5YwgJ6lpZ3SiAQwBEpjqey,happy
500h8jAdr7LvzzXlm1qxtK,Magic,Pilot,From The Album Of The Same Name,1974-01-01,64,186333,https://open.spotify.com/track/500h8jAdr7LvzzXlm1qxtK,happy
1brpdmqkx3kSxyqzqXfW7J,Heaven's On Fire,KISS,Animalize,1984-09-13,67,201400,https://open.spotify.com/track/1brpdmqkx3kSxyqzqXfW7J,happy
0z4kyKuFGmUV7WQ7gB1sAp,Goliath,Smith & Thell,Goliath,2020-02-07,40,204758,https://open.spotify.com/track/0z4kyKuFGmUV7WQ7gB1sAp,happy
4nXkbcTj3nyww1cHkw5RAP,Long Train Runnin',The Doobie Brothers,The Captain and Me,1973,75,207266,https://open.spotify.com/track/4nXkbcTj3nyww1cHkw5RAP,happy
7JKEA8xYDoFp4q0QBW2PGg,Shackles (Praise You),Mary Mary,Go Get It,2000,62,198346,https://open.spotify.com/track/7JKEA8xYDoFp4q0QBW2PGg,happy
4ZXxmmsp1Nd7ejbHs2BNBG,Let's Groove,"Earth, Wind & Fire","The Best Of Earth, Wind & Fire-Vol. II",1988-05-30,0,334866,https://open.spotify.com/track/4ZXxmmsp1Nd7ejbHs2BNBG,happy
6mHOcVtsHLMuesJkswc0GZ,The Logical Song - Remastered 2010,Supertramp,Breakfast In America (Deluxe Edition),1979-03-29,75,251253,https://open.spotify.com/track/6mHOcVtsHLMuesJkswc0GZ,happy
1CCuMgDauGruOwxrSh9NSW,Happy Days (Theme from ''Happy Days''),Pratt & McClain,"Pratt & McClain featuring ""Happy Days""",1976,45,156493,https://open.spotify.com/track/1CCuMgDauGruOwxrSh9NSW,happy
7J0sdnlfdVeuGlOOoEoHVv,Pobre Diablo,Julio Iglesias,Personalidad,2002-09-03,42,173173,https://open.spotify.com/track/7J0sdnlfdVeuGlOOoEoHVv,happy
3AGr9oU017BVQnT0zwkhyQ,Would I Lie To You?,Charles & Eddie,Reeling In The Decades,2011-01-01,0,217973,https://open.spotify.com/track/3AGr9oU017BVQnT0zwkhyQ,happy
3TlIt0ReIxPsVZcOEivT5U,It's Not Unusual,Tom Jones,Along Came Jones,1965-05-01,70,119800,https://open.spotify.com/track/3TlIt0ReIxPsVZcOEivT5U,happy
0Bm2kjXM4w6JlwS6jpTmfO,Don't I Make It Look Easy,Meghan Trainor,Don't I Make It Look Easy,2022-09-09,48,154888,https://open.spotify.com/track/0Bm2kjXM4w6JlwS6jpTmfO,happy
1J2EmhjTmHQxLShYQK7Xti,Forever Young,"UNDRESSD, Ellie May",Forever Young,2019-05-17,59,201765,https://open.spotify.com/track/1J2EmhjTmHQxLShYQK7Xti,happy
43Hit5V2BpPq2vxvca3ysc,Lean On Me,Sandro Cavazza,Lean On Me,2020-10-09,50,182497,https://open.spotify.com/track/43Hit5V2BpPq2vxvca3ysc,happy
0uMMLry3hzWGn3q3loqMkm,La Bamba,Los Lobos,La Bamba / Charlena,1987-06-20,69,174186,https://open.spotify.com/track/0uMMLry3hzWGn3q3loqMkm,happy
2607twXo9m19ifsjLWCc0o,MMMBop,Hanson,I Am Happy,2010-01-01,0,267786,https://open.spotify.com/track/2607twXo9m19ifsjLWCc0o,happy
7hQgwzBCXsdIRsaFonrS3P,Life Is a Flower,Ace of Base,Flowers,1998-01-21,54,227040,https://open.spotify.com/track/7hQgwzBCXsdIRsaFonrS3P,happy
1AguHaKOuggrVTebp7cZEI,Stereo Love,"Edward Maya, Vika Jigulina",Stereo Love,2010-02-02,65,184573,https://open.spotify.com/track/1AguHaKOuggrVTebp7cZEI,happy
3UEOT0hD60yGB1OMWJxLQ8,people pleaser,Cat Burns,people pleaser / sleep at night,2022-10-07,56,146654,https://open.spotify.com/track/3UEOT0hD60yGB1OMWJxLQ8,happy
4fouWK6XVHhzl78KzQ1UjL,abcdefu,GAYLE,abcdefu,2021-08-13,73,168601,https://open.spotify.com/track/4fouWK6XVHhzl78KzQ1UjL,happy
0DGTcMqvVR7fmBXgiG6jz4,Just A Cloud Away,Pharrell Williams,Just A Cloud Away,2013,58,176078,https://open.spotify.com/track/0DGTcMqvVR7fmBXgiG6jz4,happy
3AVXwaOGCEL8cmBecfcsFJ,Light Switch,Charlie Puth,Light Switch (Instrumental),2022-01-19,56,187703,https://open.spotify.com/track/3AVXwaOGCEL8cmBecfcsFJ,happy
0QHEIqNKsMoOY5urbzN48u,Made You Look,Meghan Trainor,Takin' It Back,2022-10-21,73,134256,https://open.spotify.com/track/0QHEIqNKsMoOY5urbzN48u,happy
6Uj1ctrBOjOas8xZXGqKk4,Woman,Doja Cat,Planet Her,2021-06-25,83,172626,https://open.spotify.com/track/6Uj1ctrBOjOas8xZXGqKk4,happy
5zFglKYiknIxks8geR8rcL,Beautiful Mistakes (feat. Megan Thee Stallion),"Maroon 5, Megan Thee Stallion",JORDI (Deluxe),2021-06-11,75,227395,https://open.spotify.com/track/5zFglKYiknIxks8geR8rcL,happy
2cX2coZS1PYBfPs8wgbdWE,More Than A Woman,Bee Gees,How Can You Mend A Broken Heart,2020-12-11,67,196213,https://open.spotify.com/track/2cX2coZS1PYBfPs8wgbdWE,happy
2lZHCWCUkxLuQ5skJhkoyS,Shooting Stars,Bag Raiders,Bag Raiders (Deluxe),2011-01-01,0,235813,https://open.spotify.com/track/2lZHCWCUkxLuQ5skJhkoyS,happy
5dW1VZPcFqB4n0P08rGDgm,The Git Up,Blanco Brown,The Git Up,2019-05-03,1,200593,https://open.spotify.com/track/5dW1VZPcFqB4n0P08rGDgm,happy
7fa9MBXhVfQ8P8Df9OEbD8,Girls Like You (feat. Cardi B) - Cardi B Version,"Maroon 5, Cardi B",Red Pill Blues (Deluxe),2018-06-15,72,235545,https://open.spotify.com/track/7fa9MBXhVfQ8P8Df9OEbD8,happy
04nGzKOAcyzh9DEebAuMV7,Catch & Release (Deepend remix),"Matt Simons, Deepend",Catch & Release,2016-01-15,0,196198,https://open.spotify.com/track/04nGzKOAcyzh9DEebAuMV7,happy
2WEQa7RnddWiCnTwUIFr7G,Every Breath You Take,"Mecdoux, Yaelle Maessen",Every Breath You Take,2022-11-11,37,170256,https://open.spotify.com/track/2WEQa7RnddWiCnTwUIFr7G,happy
2SHKnOAz5CbUYhyxipfWr9,KIDS,"Alle Farben, VIZE, Graham Candy",KIDS,2020-05-15,41,184690,https://open.spotify.com/track/2SHKnOAz5CbUYhyxipfWr9,happy
0cx32rX0uZvcJUP92Wkj2y,Wouldn't It Be Nice - Remastered 1999,The Beach Boys,The Beach Boys Love Songs,2006-01-01,54,145106,https://open.spotify.com/track/0cx32rX0uZvcJUP92Wkj2y,happy
4TmGtGkkmaoXRCvpOwDJoO,It's My Life,Bon Jovi,Bon Jovi Greatest Hits - The Ultimate Collection (Int'l Deluxe Package),2010-01-01,1,224600,https://open.spotify.com/track/4TmGtGkkmaoXRCvpOwDJoO,happy
6734eUVkfTI6956DI9fMA0,Get Up I Feel Like Being A Sex Machine - Pt. 1,James Brown,#1's International Version,2007-01-01,0,169733,https://open.spotify.com/track/6734eUVkfTI6956DI9fMA0,happy
4l1MNtoCiTxBwf6yxD7kFd,Born to Make You Happy,Britney Spears,...Baby One More Time (Digital Deluxe Version),1999-01-12,60,243533,https://open.spotify.com/track/4l1MNtoCiTxBwf6yxD7kFd,happy
0HNXnhNZZtRZFLhP4hfyCP,Hey Baby (Radio Mix),DJ Ötzi,Hey Baby (Uh Ah),2010-04-25,57,219240,https://open.spotify.com/track/0HNXnhNZZtRZFLhP4hfyCP,happy
0BBOLOV5JntPL3341swIre,Turn Me On,Kevin Lyttle,Kevin Lyttle (US Domestic Release),2004-03-30,69,192106,https://open.spotify.com/track/0BBOLOV5JntPL3341swIre,happy
4yhGkvdYU5bi4950r80FRo,Tell Me Why - Radio Edit,"Supermode, Axwell, Steve Angello",Tell Me Why,2006-01-01,71,173866,https://open.spotify.com/track/4yhGkvdYU5bi4950r80FRo,happy
2YdX7PEziOImkySNDWsaKM,Rise Up - Radio Edit,Yves Larock,Rise Up (The Remixes),2015-11-20,56,170760,https://open.spotify.com/track/2YdX7PEziOImkySNDWsaKM,happy
3ZdJffjzJWFimSQyxgGIxN,Just A Dream,Nelly,5.0,2010-11-12,78,237800,https://open.spotify.com/track/3ZdJffjzJWFimSQyxgGIxN,happy
6cmm1LMvZdB5zsCwX5BjqE,Down,"Jay Sean, Lil Wayne",All Or Nothing,2009-01-01,80,212506,https://open.spotify.com/track/6cmm1LMvZdB5zsCwX5BjqE,happy
0VNDOpBbUYtSpCFY7HUA3D,Baby,"Justin Bieber, Ludacris",My Worlds (International Version),2010-01-01,54,213973,https://open.spotify.com/track/0VNDOpBbUYtSpCFY7HUA3D,happy
5FTCKvxzqy72ceS4Ujux4N,What's My Name?,"Rihanna, Drake",Loud,2010-11-16,67,263173,https://open.spotify.com/track/5FTCKvxzqy72ceS4Ujux4N,happy
0TK2YIli7K1leLovkQiNik,Señorita,"Shawn Mendes, Camila Cabello",Señorita,2019-06-21,79,190960,https://open.spotify.com/track/0TK2YIli7K1leLovkQiNik,happy
5dPz35akJjPqb17yeqNwqH,Ghost,Justin Bieber,Justice,2021-03-19,71,153190,https://open.spotify.com/track/5dPz35akJjPqb17yeqNwqH,happy
3zNNXjjjeLrzIXSJZKalDi,I Follow Rivers - The Magician Remix,"Lykke Li, The Magician",Wounded Rhymes (Anniversary Edition),2021-07-16,72,279635,https://open.spotify.com/track/3zNNXjjjeLrzIXSJZKalDi,happy
2XMTqoHHSH0lvuXrvIEdco,Capsize,"FRENSHIP, Emily Warren",Truce - EP,2016-09-02,65,237706,https://open.spotify.com/track/2XMTqoHHSH0lvuXrvIEdco,happy
7LMtp4HBhWLQ2P2POPn6li,7 Years,Lukas Graham,Lukas Graham (Blue Album) [International Version],2016-04-01,57,237266,https://open.spotify.com/track/7LMtp4HBhWLQ2P2POPn6li,happy
41K81NpjapePhBdIKC3QFQ,S.O.B.,Nathaniel Rateliff & The Night Sweats,Nathaniel Rateliff & The Night Sweats,2015-08-21,0,247612,https://open.spotify.com/track/41K81NpjapePhBdIKC3QFQ,happy
6UjZ2Yx2g2a52XxiA8ONxZ,Outnumbered,Dermot Kennedy,Outnumbered,2019-06-13,57,245699,https://open.spotify.com/track/6UjZ2Yx2g2a52XxiA8ONxZ,happy
1vnnXMrBeEWiRg3YCMCjQq,Despacito - Remix,"Luis Fonsi, Daddy Yankee, Justin Bieber",VIDA,2019-02-01,70,230413,https://open.spotify.com/track/1vnnXMrBeEWiRg3YCMCjQq,happy
3IORLAm07yxo4T7B8cRET3,Look for the Good - Single Version,Jason Mraz,Look For The Good,2020-04-17,50,239697,https://open.spotify.com/track/3IORLAm07yxo4T7B8cRET3,happy
3Zuf70897YkrVRAsrBMMSF,"You're The One That I Want - From ""Grease"" Original Motion Picture Soundtrack","John Travolta, Olivia Newton-John",Grease (Deluxe Edition),2003-01-01,1,168466,https://open.spotify.com/track/3Zuf70897YkrVRAsrBMMSF,happy
6N5DRCQUSXT1qQqmqsO92B,Party All the Time,Eddie Murphy,How Could It Be,1985-02-05,61,253293,https://open.spotify.com/track/6N5DRCQUSXT1qQqmqsO92B,happy
4bi73jCM02fMpkI11Lqmfe,Ai Se Eu Te Pego - Live,Michel Teló,Ai Se Eu Te Pego,2011-11-30,0,165853,https://open.spotify.com/track/4bi73jCM02fMpkI11Lqmfe,happy
6DXLO8LndZMVOHM0wNbpzg,Danza Kuduro,"Don Omar, Lucenzo",Meet The Orphans,2010-01-01,76,198786,https://open.spotify.com/track/6DXLO8LndZMVOHM0wNbpzg,happy
4XifD1V0kWoG4WwsXTwS3y,Rhythm Divine,Enrique Iglesias,Enrique,1999-11-23,57,209773,https://open.spotify.com/track/4XifD1V0kWoG4WwsXTwS3y,happy
1B4Mt5DvMxocvcr7cj5Rdv,Dancing in the Moonlight (feat. Neimy),Jubël,Dancing in the Moonlight (feat. NEIMY),2018-06-22,55,164009,https://open.spotify.com/track/1B4Mt5DvMxocvcr7cj5Rdv,happy
2I5ipWaIXUknimwtJPoPYt,Dance With Me,Tones And I,Dance With Me,2024-06-17,61,225204,https://open.spotify.com/track/2I5ipWaIXUknimwtJPoPYt,happy
30Uu3CWjWfudnTGTIrw93V,4runner,Brenn!,County Line,2024-02-09,65,265453,https://open.spotify.com/track/30Uu3CWjWfudnTGTIrw93V,happy
5iBSvGT3waImHIGW1eEeH7,Look Who's Laughing Now,Benjamin Ingrosso,Look Who's Laughing Now,2024-06-14,63,174660,https://open.spotify.com/track/5iBSvGT3waImHIGW1eEeH7,happy
12vs8cG1lkt4Eq53nLK2GV,Lips,Aden Foyer,Lips,2024-06-14,59,135559,https://open.spotify.com/track/12vs8cG1lkt4Eq53nLK2GV,happy
2ixsaeFioXJmMgkkbd4uj1,Budapest,George Ezra,Wanted on Voyage (Expanded Edition),2014-06-30,80,200733,https://open.spotify.com/track/2ixsaeFioXJmMgkkbd4uj1,happy
0mA7zotmg2ZFMRALljdZsS,Cloudy Day,Tones And I,Cloudy Day,2021-06-10,54,185303,https://open.spotify.com/track/0mA7zotmg2ZFMRALljdZsS,happy
0dgrFwOa0RrFzWcM0azTzx,The Good Part,AJR,The Click,2017-06-30,58,227266,https://open.spotify.com/track/0dgrFwOa0RrFzWcM0azTzx,happy
5KCbr5ndeby4y4ggthdiAb,Wonder,Shawn Mendes,Wonder,2020-10-02,66,172692,https://open.spotify.com/track/5KCbr5ndeby4y4ggthdiAb,happy
6QTPacyXkZWG9FMwq6L1hJ,Love You For A Long Time,Maggie Rogers,Love You For A Long Time,2019-11-21,68,223120,https://open.spotify.com/track/6QTPacyXkZWG9FMwq6L1hJ,happy
65OR4ywy8Cgs3FDHK82Idl,Higher Power,Coldplay,Music Of The Spheres,2021-10-15,66,206681,https://open.spotify.com/track/65OR4ywy8Cgs3FDHK82Idl,happy
2MlOUXmcofMackX3bxfSwi,Jerusalema (feat. Nomcebo Zikode),"Master KG, Nomcebo Zikode",Jerusalema,2020-01-24,71,342612,https://open.spotify.com/track/2MlOUXmcofMackX3bxfSwi,happy
5p9qpWYe180APb2eaYODSF,Lease On Life,Andy Grammer,Monster (Deluxe),2024-11-01,52,168162,https://open.spotify.com/track/5p9qpWYe180APb2eaYODSF,happy
5FQ77Cl1ndljtwwImdtjMy,Heaven,Niall Horan,The Show,2023-06-09,68,186043,https://open.spotify.com/track/5FQ77Cl1ndljtwwImdtjMy,happy
5pE4OLVJh5rjaLERbUgBB2,Be Kind,Zak Abel,Be Kind,2021-02-25,51,181516,https://open.spotify.com/track/5pE4OLVJh5rjaLERbUgBB2,happy
2QOB5UiRKggr2j9uMD3GYK,FREEDOM,Jon Batiste,WE ARE,2021-03-19,56,178289,https://open.spotify.com/track/2QOB5UiRKggr2j9uMD3GYK,happy
21H0pUV2uPIPcFnFhgTBjo,Woke Up in Love,"Kygo, Gryffin, Calum Scott",Woke Up in Love,2022-09-09,61,216873,https://open.spotify.com/track/21H0pUV2uPIPcFnFhgTBjo,happy
1i3z3GR1JtLswOSJNO0BQw,"You Can't Stop The Girl (From Disney's ""Maleficent: Mistress of Evil"")",Bebe Rexha,"You Can't Stop The Girl (From Disney's ""Maleficent: Mistress of Evil"")",2019-09-20,55,158258,https://open.spotify.com/track/1i3z3GR1JtLswOSJNO0BQw,happy
3U2imIBWN0BnTS516Lhjfr,Sunday Smile,Jake Troth,Sunday Smile,2016-07-22,36,208643,https://open.spotify.com/track/3U2imIBWN0BnTS516Lhjfr,happy
6Q3K9gVUZRMZqZKrXovbM2,I'll Wait,"Kygo, Sasha Alex Sloan",I'll Wait,2020-04-03,57,215360,https://open.spotify.com/track/6Q3K9gVUZRMZqZKrXovbM2,happy
6PCUP3dWmTjcTtXY02oFdT,Castle on the Hill,Ed Sheeran,÷ (Deluxe),2017-03-03,78,261153,https://open.spotify.com/track/6PCUP3dWmTjcTtXY02oFdT,happy
3GLpRNlI761PTpLLhix1X9,Best of You (feat. Elle King),"Andy Grammer, Elle King",Best of You (feat. Elle King),2020-02-07,58,185393,https://open.spotify.com/track/3GLpRNlI761PTpLLhix1X9,happy
6i8MvvlfwhbxCFSUK0WyeN,All I Know So Far,P!nk,All I Know So Far: Setlist,2021-05-21,53,277413,https://open.spotify.com/track/6i8MvvlfwhbxCFSUK0WyeN,happy
7MC4XR9M9amdmKQr2iDF7i,Iko Iko (My Bestie),"Justin Wellington, Small Jam",Iko Iko (My Bestie),2019-06-03,68,182857,https://open.spotify.com/track/7MC4XR9M9amdmKQr2iDF7i,happy
7chLM1QiS9uDwAXfCRCT6t,Chemical,Post Malone,The Diamond Collection (Deluxe),2023-04-21,44,184013,https://open.spotify.com/track/7chLM1QiS9uDwAXfCRCT6t,happy
44MuEHdlociG8KjhPhOVw5,Padam Padam,Kylie Minogue,Tension (Deluxe),2023-09-22,67,166266,https://open.spotify.com/track/44MuEHdlociG8KjhPhOVw5,happy
2WnAKZefdRHxtBEkRjFOHC,Anyone,Justin Bieber,Justice,2021-03-19,70,190779,https://open.spotify.com/track/2WnAKZefdRHxtBEkRjFOHC,happy
78nplE9X2ZGvQh3TKgvldE,Rewrite The Stars (with James Arthur & Anne-Marie),"James Arthur, Anne-Marie",The Greatest Showman: Reimagined,2018-11-16,63,218293,https://open.spotify.com/track/78nplE9X2ZGvQh3TKgvldE,happy
7b6sWLSnbZhSIeqNGrJ4py,These Walls,Dua Lipa,Radical Optimism,2024-05-03,75,217783,https://open.spotify.com/track/7b6sWLSnbZhSIeqNGrJ4py,happy
3CTgRPxyTh2w7wBjVFH88e,Honey Boy (feat. Nile Rodgers & Shenseea),"Purple Disco Machine, Benjamin Ingrosso, Nile Rodgers, Shenseea",Paradise,2024-09-20,61,227283,https://open.spotify.com/track/3CTgRPxyTh2w7wBjVFH88e,happy
3qvEMGt9m08w9Sz1xtNhL6,My Love,Anna of the North,Dream Girl,2019-10-25,42,221680,https://open.spotify.com/track/3qvEMGt9m08w9Sz1xtNhL6,happy
4N5s8lPTsjI9EGP7K4SXzB,Green Green Grass,George Ezra,Gold Rush Kid,2022-06-10,69,167613,https://open.spotify.com/track/4N5s8lPTsjI9EGP7K4SXzB,happy
5E6bTiJ2rB18M1DNqkm1V4,Never Gonna Not Dance Again,P!nk,TRUSTFALL,2023-02-17,58,224689,https://open.spotify.com/track/5E6bTiJ2rB18M1DNqkm1V4,happy
4ZnkygoWLzcGbQYCm3lkae,Rush,Troye Sivan,Something To Give Each Other,2023-10-13,77,156391,https://open.spotify.com/track/4ZnkygoWLzcGbQYCm3lkae,happy
0JVonv1gan1gae0mqHnUXm,Glorious,Ella Henderson,Glorious,2019-11-08,41,184800,https://open.spotify.com/track/0JVonv1gan1gae0mqHnUXm,happy
6iF4RgIjDvDqyW13PezSj3,Single Soon,Selena Gomez,Single Soon,2023-08-25,65,171655,https://open.spotify.com/track/6iF4RgIjDvDqyW13PezSj3,happy
43rA71bccXFGD4C8GOpIlN,I Forgot That You Existed,Taylor Swift,Lover,2019-08-23,73,170640,https://open.spotify.com/track/43rA71bccXFGD4C8GOpIlN,happy
0O2lDtLyY89WO7LQURFWw1,Tangerine Skies,Declan J Donovan,Declan J Donovan,2022-10-21,38,190998,https://open.spotify.com/track/0O2lDtLyY89WO7LQURFWw1,happy
4E63weMCaNZuGPEFMnuEi8,exes,Tate McRae,THINK LATER,2023-12-08,83,159400,https://open.spotify.com/track/4E63weMCaNZuGPEFMnuEi8,happy
6maTPqynTmrkWIralgGaoP,If We Ever Broke Up,Mae Stephens,If We Ever Broke Up,2023-02-10,67,142758,https://open.spotify.com/track/6maTPqynTmrkWIralgGaoP,happy
0GYjlsMiLhspkDFB6y7HDU,Wave of You,Surfaces,Pacifico,2021-06-25,59,213842,https://open.spotify.com/track/0GYjlsMiLhspkDFB6y7HDU,happy
3DarAbFujv6eYNliUTyqtz,Kiss Me More (feat. SZA),"Doja Cat, SZA",Planet Her,2021-06-25,85,208666,https://open.spotify.com/track/3DarAbFujv6eYNliUTyqtz,happy
14LdhxElpZS0rKVV4nxtdA,Queen of Kings,Alessandra,Queen of Kings,2023-01-09,67,147979,https://open.spotify.com/track/14LdhxElpZS0rKVV4nxtdA,happy
18RdChpgvaAO7GXDjLks2B,Friends,Ella Henderson,Glorious,2019-11-08,50,178298,https://open.spotify.com/track/18RdChpgvaAO7GXDjLks2B,happy
6YQlCOZnlFmqeciAh58fDE,Orphans,Coldplay,Orphans / Arabesque,2019-10-24,48,197533,https://open.spotify.com/track/6YQlCOZnlFmqeciAh58fDE,happy
1GkHyypTFkUf0QQKwYoXH4,You (with Marshmello & Vance Joy),"benny blanco, Marshmello, Vance Joy",You (with Marshmello & Vance Joy),2021-01-29,50,169632,https://open.spotify.com/track/1GkHyypTFkUf0QQKwYoXH4,happy
5zLnA9bO6QXc4AAvCriJfO,Never Seen the Rain,Tones And I,Welcome To The Madhouse (Deluxe),2021-07-16,59,200742,https://open.spotify.com/track/5zLnA9bO6QXc4AAvCriJfO,happy
7jEN3nuX9eIIXu7Nz1wslG,Can You Feel It,Birgir,Untold Stories,2020-05-08,45,193813,https://open.spotify.com/track/7jEN3nuX9eIIXu7Nz1wslG,happy
6Tio0ZoDeSQnI7EBAqWer2,Cover Me In Sunshine,"P!nk, Willow Sage Hart",Cover Me In Sunshine,2021-02-12,68,141050,https://open.spotify.com/track/6Tio0ZoDeSQnI7EBAqWer2,happy
44JSreJxvgl3CxLo5MoQL0,Anyone For You (Tiger Lily),George Ezra,Gold Rush Kid,2022-06-10,62,187682,https://open.spotify.com/track/44JSreJxvgl3CxLo5MoQL0,happy
4uX1pkSuSidzJxT4eWL7x1,Good Mood - Original Song From Paw Patrol: The Movie,Adam Levine,Good Mood (Original Song From Paw Patrol: The Movie),2021-08-06,62,210643,https://open.spotify.com/track/4uX1pkSuSidzJxT4eWL7x1,happy
0o9bHFc8Lt5tZFvTjNZTNf,Forever Young,"John De Sohn, LIAMOO",Forever Young,2018-07-27,44,167911,https://open.spotify.com/track/0o9bHFc8Lt5tZFvTjNZTNf,happy
3d2J1W0Msqt6z0TkF0ywLk,I Feel Like Dancing,Jason Mraz,Mystical Magical Rhythmical Radical Ride,2023-06-23,55,218701,https://open.spotify.com/track/3d2J1W0Msqt6z0TkF0ywLk,happy
4UDmDIqJIbrW0hMBQMFOsM,Stayin' Alive,Bee Gees,Staying Alive (Original Motion Picture Soundtrack),1977-12-13,72,92866,https://open.spotify.com/track/4UDmDIqJIbrW0hMBQMFOsM,happy
3X7uFMzJrEE0sxn62qd8Ch,Nothing's Gonna Stop Us Now,Starship,No Protection,1987-07-27,83,270333,https://open.spotify.com/track/3X7uFMzJrEE0sxn62qd8Ch,happy
47N81NMkB488fuOwOC3Oip,Nobody - from Kaiju No. 8,OneRepublic,Nobody (from Kaiju No. 8),2024-04-12,67,153626,https://open.spotify.com/track/47N81NMkB488fuOwOC3Oip,happy
2Lss5tezmIkgZA3GFfptI2,Killing Me,Conan Gray,Killing Me,2023-10-31,48,204992,https://open.spotify.com/track/2Lss5tezmIkgZA3GFfptI2,happy
49ziHtycEUnbFQtE8e8slt,Jackie Chan,"Tiësto, Dzeko, Preme, Post Malone",Jackie Chan,2018-05-18,44,215675,https://open.spotify.com/track/49ziHtycEUnbFQtE8e8slt,happy
6M6Tk58pQvABy6ru66dY3d,No Money,Galantis,The Aviary,2017-09-15,68,191293,https://open.spotify.com/track/6M6Tk58pQvABy6ru66dY3d,happy
7ju97lgwC2rKQ6wwsf9no9,Rain On Me (with Ariana Grande),"Lady Gaga, Ariana Grande",Chromatica,2020-05-29,71,182200,https://open.spotify.com/track/7ju97lgwC2rKQ6wwsf9no9,happy
3emCzvUm5FsQnofdNQL73a,Break Free,"Ariana Grande, Zedd",My Everything,2014-08-24,41,214840,https://open.spotify.com/track/3emCzvUm5FsQnofdNQL73a,happy
0U10zFw4GlBacOy9VDGfGL,We Found Love,"Rihanna, Calvin Harris",Talk That Talk,2011-11-19,79,215226,https://open.spotify.com/track/0U10zFw4GlBacOy9VDGfGL,happy
7yBbV2k2S2uhaQc24NF2xt,Stupid Love,Lady Gaga,Chromatica,2020-05-29,65,193533,https://open.spotify.com/track/7yBbV2k2S2uhaQc24NF2xt,happy
5JqZ3oqF00jkT81foAFvqg,Prisoner (feat. Dua Lipa),"Miley Cyrus, Dua Lipa",Prisoner (feat. Dua Lipa),2020-11-20,1,169333,https://open.spotify.com/track/5JqZ3oqF00jkT81foAFvqg,happy
5CLGzJsGqhCEECcpnFQA8x,"These Days (feat. Jess Glynne, Macklemore & Dan Caplen)","Rudimental, Jess Glynne, Macklemore, Dan Caplen","These Days (feat. Jess Glynne, Macklemore & Dan Caplen)",2018-01-19,68,210772,https://open.spotify.com/track/5CLGzJsGqhCEECcpnFQA8x,happy
2EBCVPNAG46nbgs6jXPGvv,Starships,Nicki Minaj,Pink Friday: Roman Reloaded The Re-Up (Explicit Version),2012-01-01,78,210626,https://open.spotify.com/track/2EBCVPNAG46nbgs6jXPGvv,happy
0tBbt8CrmxbjRP0pueQkyU,Wolves,"Selena Gomez, Marshmello",Wolves,2017-10-25,76,197993,https://open.spotify.com/track/0tBbt8CrmxbjRP0pueQkyU,happy
2rC7v1vZ5B9wUXQq5kIwGT,Danza Kuduro - Radio Edit,"Don Omar, Lucenzo",Danza Kuduro (Radio Edit),2011-05-10,0,197853,https://open.spotify.com/track/2rC7v1vZ5B9wUXQq5kIwGT,happy
0xcl9XT60Siji6CSG4y6nb,Club Can't Handle Me (feat. David Guetta) - From the Step Up 3D Soundtrack,Flo Rida,Club Can't Handle Me,2010-06-28,57,232615,https://open.spotify.com/track/0xcl9XT60Siji6CSG4y6nb,happy
2GgxS8bUT5G25QJTsfSv0R,Burn,Ellie Goulding,Halcyon Days,2014-01-01,64,231211,https://open.spotify.com/track/2GgxS8bUT5G25QJTsfSv0R,happy
0kHyKhJMukHEPfeh8s7rdM,Born To Be Yours,"Kygo, Imagine Dragons",Born To Be Yours,2018-06-15,67,193320,https://open.spotify.com/track/0kHyKhJMukHEPfeh8s7rdM,happy
5tXyNhNcsnn7HbcABntOSf,DJ Got Us Fallin' In Love (feat. Pitbull),"USHER, Pitbull",DJ Got Us Fallin' In Love (feat. Pitbull),2010-07-13,2,222160,https://open.spotify.com/track/5tXyNhNcsnn7HbcABntOSf,happy
0zbzrhfVS9S2TszW3wLQZ7,September Song,JP Cooper,Raised Under Grey Skies (Deluxe),2017-10-06,66,220290,https://open.spotify.com/track/0zbzrhfVS9S2TszW3wLQZ7,happy
575NJxNUVDqwJGdzBrlLbv,Lost In Japan - Remix,"Shawn Mendes, Zedd",Lost In Japan (Remix),2018-09-27,56,201253,https://open.spotify.com/track/575NJxNUVDqwJGdzBrlLbv,happy
0FE9t6xYkqWXU2ahLh6D8X,Shape of You,Ed Sheeran,Shape of You,2017-01-06,5,233712,https://open.spotify.com/track/0FE9t6xYkqWXU2ahLh6D8X,happy
6Wtc1K3dvTIEsWU3rSIZXn,Feel So Close - Radio Edit,Calvin Harris,Feel So Close,2011-08-19,53,207880,https://open.spotify.com/track/6Wtc1K3dvTIEsWU3rSIZXn,happy
3NuK5xMlSlB6K2Qp16zf3h,Solo (feat. Demi Lovato),"Clean Bandit, Demi Lovato",What Is Love? (Deluxe Edition),2018-11-30,70,222706,https://open.spotify.com/track/3NuK5xMlSlB6K2Qp16zf3h,happy
1PPl6Ik4LZLifkmxASaDFx,In My Mind,"Dynoro, Gigi D'Agostino",In My Mind,2018-06-08,0,183575,https://open.spotify.com/track/1PPl6Ik4LZLifkmxASaDFx,happy
3AeicLnm55RqcXGBKYQolM,King,Olly Alexander (Years & Years),Communion (Deluxe),2015-07-10,73,215360,https://open.spotify.com/track/3AeicLnm55RqcXGBKYQolM,happy
22vgEDb5hykfaTwLuskFGD,Sucker,Jonas Brothers,Happiness Begins,2019-06-07,79,181026,https://open.spotify.com/track/22vgEDb5hykfaTwLuskFGD,happy
0DiDStADDVh3SvAsoJAFMk,Only Human,Jonas Brothers,Happiness Begins,2019-06-07,72,183000,https://open.spotify.com/track/0DiDStADDVh3SvAsoJAFMk,happy
32DGGj6KlNuBr6WaqRxpxi,How Long,Charlie Puth,How Long,2017-10-05,0,198237,https://open.spotify.com/track/32DGGj6KlNuBr6WaqRxpxi,happy
76cy1WJvNGJTj78UqeA5zr,IDGAF,Dua Lipa,Dua Lipa (Deluxe),2017-06-02,78,217946,https://open.spotify.com/track/76cy1WJvNGJTj78UqeA5zr,happy
02jcEwywffn3Tsb48fXmlW,Get the Party Started,P!nk,M!ssundaztood (Expanded Edition),2001,69,192533,https://open.spotify.com/track/02jcEwywffn3Tsb48fXmlW,happy
09IStsImFySgyp0pIQdqAc,The Middle,"Zedd, Maren Morris, Grey",The Middle,2018-01-23,78,184732,https://open.spotify.com/track/09IStsImFySgyp0pIQdqAc,happy
6LsAAHotRLMOHfCsSfYCsz,If I Can't Have You,Shawn Mendes,If I Can't Have You,2019-05-03,65,190800,https://open.spotify.com/track/6LsAAHotRLMOHfCsSfYCsz,happy
6A8llSO9QFF4djCCmuCrNu,Flashback,Calvin Harris,Ready For The Weekend,2009-08-17,56,227880,https://open.spotify.com/track/6A8llSO9QFF4djCCmuCrNu,happy
36phXHOKx8rO7CMp2vNX4x,Love Myself,Hailee Steinfeld,HAIZ,2016-02-26,68,218773,https://open.spotify.com/track/36phXHOKx8rO7CMp2vNX4x,happy
4Pbg79cTBu4vgSphoyNq3j,2002,Anne-Marie,2002,2018-04-19,60,186986,https://open.spotify.com/track/4Pbg79cTBu4vgSphoyNq3j,happy
26haJjtanhamtf25RXH0MO,All Stars,"Martin Solveig, ALMA",All Stars,2017-06-16,56,170322,https://open.spotify.com/track/26haJjtanhamtf25RXH0MO,happy
4keoy2fqgwGnbWlm3ZVZFa,Happy Now,"Zedd, Elley Duhé",Happy Now,2018-07-18,66,207029,https://open.spotify.com/track/4keoy2fqgwGnbWlm3ZVZFa,happy
2fVHrSxsQbJUuj9MW9zG1e,Who Do You Love,"The Chainsmokers, 5 Seconds of Summer",World War Joy,2019-12-06,66,226733,https://open.spotify.com/track/2fVHrSxsQbJUuj9MW9zG1e,happy
1HvCFAUIWQsWV9zud3UhDl,All Falls Down (feat. Juliander),"Alan Walker, Noah Cyrus, Digital Farm Animals, Juliander",Different World,2018-12-14,64,198880,https://open.spotify.com/track/1HvCFAUIWQsWV9zud3UhDl,happy
0V7QchMrfTCk3gf0iAtl2R,Gettin' Over You (feat. Fergie & LMFAO),"David Guetta, Chris Willis, Fergie, LMFAO",One More Love,2010-11-22,42,188000,https://open.spotify.com/track/0V7QchMrfTCk3gf0iAtl2R,happy
1Je1IMUlBXcx1Fz0WE7oPT,Wannabe,Spice Girls,Spice,1996-01-01,80,173026,https://open.spotify.com/track/1Je1IMUlBXcx1Fz0WE7oPT,happy
0Mn3amMRMoabaoTf1Publ4,Confident,Demi Lovato,Confident (Deluxe Edition),2015-10-16,58,205745,https://open.spotify.com/track/0Mn3amMRMoabaoTf1Publ4,happy
1D1nixOVWOxvNfWi0UD7VX,Unwritten,Natasha Bedingfield,Unwritten,2004-09-06,4,259333,https://open.spotify.com/track/1D1nixOVWOxvNfWi0UD7VX,happy
5PUawWFG1oIS2NwEcyHaCr,Uma Thurman,Fall Out Boy,American Beauty/American Psycho,2015-01-16,68,211573,https://open.spotify.com/track/5PUawWFG1oIS2NwEcyHaCr,happy
5KawlOMHjWeUjQtnuRs22c,Boy With Luv (feat. Halsey),"BTS, Halsey",MAP OF THE SOUL : PERSONA,2019-04-12,2,229773,https://open.spotify.com/track/5KawlOMHjWeUjQtnuRs22c,happy
0mGJTKRIuCOJtiT4YkJHiv,Came Here for Love,"Sigala, Ella Eyre",Brighter Days,2018-09-28,59,203386,https://open.spotify.com/track/0mGJTKRIuCOJtiT4YkJHiv,happy
1cG0umU5TKStygKsPFZ9pY,Shed a Light,"Robin Schulz, David Guetta, Cheat Codes",Shed a Light,2016-11-25,53,191379,https://open.spotify.com/track/1cG0umU5TKStygKsPFZ9pY,happy
0b6wdul3A5sQNpIOv03OxP,Ocean Drive,Duke Dumont,Ocean Drive,2015-07-31,68,206320,https://open.spotify.com/track/0b6wdul3A5sQNpIOv03OxP,happy
4Ljs6Dvpz7Arf9Ac8RN7tn,Stereo Hearts (feat. Adam Levine),"Gym Class Heroes, Adam Levine",The Papercut Chronicles II (Deluxe Edition),2011-11-15,53,210960,https://open.spotify.com/track/4Ljs6Dvpz7Arf9Ac8RN7tn,happy
48td6xvpokdYwvbl3JIiXP,Love Never Felt So Good,"Michael Jackson, Justin Timberlake",XSCAPE,2014-05-09,75,246026,https://open.spotify.com/track/48td6xvpokdYwvbl3JIiXP,happy
4hPpVbbakQNv8YTHYaOJP4,One Thing Right,"Marshmello, Kane Brown",One Thing Right,2019-06-21,4,181823,https://open.spotify.com/track/4hPpVbbakQNv8YTHYaOJP4,happy
2txofPPP3lkiNLTUUHeJHS,Easier,5 Seconds of Summer,CALM,2020-03-27,0,158098,https://open.spotify.com/track/2txofPPP3lkiNLTUUHeJHS,happy
0V6J3G6SyYGQzzLUSAlAKe,Without You (feat. Usher) - Radio Edit,"David Guetta, USHER",Without You (feat. Usher) [Remixes],2011-10-21,48,208413,https://open.spotify.com/track/0V6J3G6SyYGQzzLUSAlAKe,happy
66XDf77gBcfQKi4I2vIbTj,Waste It On Me,"Steve Aoki, BTS",Neon Future III,2018-11-09,0,192536,https://open.spotify.com/track/66XDf77gBcfQKi4I2vIbTj,happy
7FjZU7XFs7P9jHI9Z0yRhK,So Close,"NOTD, Felix Jaehn, Captain Cuts, Georgia Ku",So Close (feat. Georgia Ku),2018-11-02,64,190302,https://open.spotify.com/track/7FjZU7XFs7P9jHI9Z0yRhK,happy
5CpkVOosLFc83LbwqO6hnI,Just Got Paid (feat. French Montana),"Sigala, Ella Eyre, Meghan Trainor, French Montana",Brighter Days,2018-09-28,52,218480,https://open.spotify.com/track/5CpkVOosLFc83LbwqO6hnI,happy
7dOeiXeTSfA1ixaYmQcWu7,Rich Love (with Seeb),"OneRepublic, Seeb",Rich Love,2017-07-14,64,201256,https://open.spotify.com/track/7dOeiXeTSfA1ixaYmQcWu7,happy
7kbTZWt7DnzIzbkyzFE1PW,For A Better Day,Avicii,Stories,2015-10-02,64,206066,https://open.spotify.com/track/7kbTZWt7DnzIzbkyzFE1PW,happy
4rr0gWiMrF4sOIefs3IEvZ,A Little Less Conversation - JXL Radio Edit Remix,"Elvis Presley, Junkie XL",A Little Less Conversation: Elvis vs JXL,2002-08-01,68,211506,https://open.spotify.com/track/4rr0gWiMrF4sOIefs3IEvZ,happy
7n1940b6kHcaEewFSZXnXa,Better Not (with Wafia),"Louis The Child, Wafia",Kids At Play- EP,2018-10-26,60,222865,https://open.spotify.com/track/7n1940b6kHcaEewFSZXnXa,happy
4u8Gkqyg87iGSW3hQbbnQZ,Burn the House Down,AJR,The Click (Deluxe Edition),2018-09-21,59,212689,https://open.spotify.com/track/4u8Gkqyg87iGSW3hQbbnQZ,happy
2v5JTeM6hSmi5wWy7jiwrI,I've Been Waiting (w/ ILoveMakonnen & Fall Out Boy),"Lil Peep, ILOVEMAKONNEN, Fall Out Boy",I've Been Waiting (w/ ILoveMakonnen & Fall Out Boy),2019-01-31,59,233613,https://open.spotify.com/track/2v5JTeM6hSmi5wWy7jiwrI,happy
7sziTn5nHwrWf4K7gISaaU,Summer Paradise (feat. Sean Paul) - Single Version,"Simple Plan, Sean Paul",Get Your Heart On!,2011-06-14,60,234786,https://open.spotify.com/track/7sziTn5nHwrWf4K7gISaaU,happy
0AkQbXGN4KG34TS7xLrM68,Kiss You,One Direction,Take Me Home: Yearbook Edition,2012-11-09,6,182960,https://open.spotify.com/track/0AkQbXGN4KG34TS7xLrM68,happy
4uqNn56KFQ7NtJ35xWZKvf,Fascination,Alphabeat,This Is Alphabeat,2007-12-10,0,181666,https://open.spotify.com/track/4uqNn56KFQ7NtJ35xWZKvf,happy
3lJA6dGqvaKtVxqHbTtQiQ,Greenlight (feat. Flo Rida & LunchMoney Lewis),"Pitbull, Flo Rida, LunchMoney Lewis",Climate Change,2017-03-17,55,245360,https://open.spotify.com/track/3lJA6dGqvaKtVxqHbTtQiQ,happy
5QifrqmnjHzdOuBAheeeNU,Say Something - Zac Samuel Remix,"Karen Harding, Zac Samuel",Say Something,2014-01-01,61,213135,https://open.spotify.com/track/5QifrqmnjHzdOuBAheeeNU,happy
53SnCRcGrB2UCqNGyYZhJD,More Than Friends,"James Hype, Kelli-Leigh",More Than Friends,2017-09-22,60,140698,https://open.spotify.com/track/53SnCRcGrB2UCqNGyYZhJD,happy
5naYe7rLMZcLfO1DKg48MK,All Day And Night,"Jax Jones, Martin Solveig, Madison Beer, Europa",Snacks,2019-07-12,63,169466,https://open.spotify.com/track/5naYe7rLMZcLfO1DKg48MK,happy
4PdJSsESm34djLfBde9Pr2,Would I Lie to You - Radio Edit,"David Guetta, Cedric Gervais, Chris Willis",Would I Lie to You,2016-09-30,62,197647,https://open.spotify.com/track/4PdJSsESm34djLfBde9Pr2,happy
3WDIhWoRWVcaHdRwMEHkkS,Mama (feat. Ellie Goulding),"Clean Bandit, Ellie Goulding",What Is Love? (Deluxe Edition),2018-11-30,51,189973,https://open.spotify.com/track/3WDIhWoRWVcaHdRwMEHkkS,happy
2h4gaXREiLLGCnn3oQ3t7b,Carry You Home,"Tiësto, Stargate, Aloe Blacc",Carry You Home,2017-12-08,21,192731,https://open.spotify.com/track/2h4gaXREiLLGCnn3oQ3t7b,happy
6jz9EMWHffNKVlZQVXOLoz,Real Life,"Duke Dumont, Gorgon City, NAATIONS",Real Life,2017-06-02,54,205773,https://open.spotify.com/track/6jz9EMWHffNKVlZQVXOLoz,happy
4ZQpmM19xHwQc8pjYktE1N,The Night Out - A-Trak Vs Martin Rework,"Martin Solveig, A-Trak vs. Martin",The Night Out E.P.,2012-05-08,0,232568,https://open.spotify.com/track/4ZQpmM19xHwQc8pjYktE1N,happy
49ErwcBYfYRPNBdRuPvpYA,We Are Your Friends - Justice Vs Simian,"Justice, Simian",We Are Your Friends,2006-01-01,1,262773,https://open.spotify.com/track/49ErwcBYfYRPNBdRuPvpYA,happy
15DwFznkBJir7AK9PyMyRR,17,MK,17,2017-09-01,62,196489,https://open.spotify.com/track/15DwFznkBJir7AK9PyMyRR,happy
4mVDVfxY3ODiBZiFj77qZ1,Changes - Original Mix,"Faul & Wad, PNAU",Changes,2013-12-06,48,343560,https://open.spotify.com/track/4mVDVfxY3ODiBZiFj77qZ1,happy
3y3brCCecHC3Db18aIOnny,"Carry On (from the Original Motion Picture ""POKÉMON Detective Pikachu"")","Kygo, Rita Ora","Carry On (from the Original Motion Picture ""POKÉMON Detective Pikachu"")",2019-04-19,57,215315,https://open.spotify.com/track/3y3brCCecHC3Db18aIOnny,happy
1ZLrDPgR7mvuTco3rQK8Pk,Way Back Home (feat. Conor Maynard) - Sam Feldt Edit,"SHAUN, Conor Maynard, Sam Feldt",Way Back Home (feat. Conor Maynard) [Sam Feldt Edit],2018-12-21,69,192452,https://open.spotify.com/track/1ZLrDPgR7mvuTco3rQK8Pk,happy
4QVS8YCpK71R4FsxSMCjhP,Tie Me Down (with Elley Duhé),"Gryffin, Elley Duhé",Tie Me Down (with Elley Duhé),2018-08-03,60,218295,https://open.spotify.com/track/4QVS8YCpK71R4FsxSMCjhP,happy
4AMY0oGSt7vZwgxDnHCJBr,True Colors (feat. Maya Avedis),"XO Cupid, Maya Avedis",True Colors (feat. Maya Avedis),2018-09-21,47,184019,https://open.spotify.com/track/4AMY0oGSt7vZwgxDnHCJBr,happy
73WJ6rYbtFi0Z2T4hPS1iN,Drink About,"Seeb, Dagny",Nice To Meet You,2018-04-20,41,182265,https://open.spotify.com/track/73WJ6rYbtFi0Z2T4hPS1iN,happy
4Vbz3osCh6DwHYv5gVv5H2,Breathe (feat. Ina Wroldsen),"Jax Jones, Ina Wroldsen",Snacks,2019-07-12,59,208106,https://open.spotify.com/track/4Vbz3osCh6DwHYv5gVv5H2,happy
5Ef2noaxqTAfa5gLVw05OJ,You Come First (feat. Saweetie),"Zak Abel, Saweetie",You Come First (feat. Saweetie),2018-10-19,38,191254,https://open.spotify.com/track/5Ef2noaxqTAfa5gLVw05OJ,happy
7cui0h7KoaifEFzekOl6zX,La Cintura (feat. Flo Rida & Tini) - Remix,"Alvaro Soler, Flo Rida, TINI",Mar De Colores (Versión Extendida),2019-05-10,55,178266,https://open.spotify.com/track/7cui0h7KoaifEFzekOl6zX,happy
3BZkEOJwKUYRlkLWZB1izC,Fire,Peking Duk,Reprisal,2018-05-11,53,226350,https://open.spotify.com/track/3BZkEOJwKUYRlkLWZB1izC,happy
6GIRtKNXokeu25nn7U6Hu8,Easier - Seeb Remix,"5 Seconds of Summer, Seeb",Easier (Seeb Remix),2019-07-12,49,165767,https://open.spotify.com/track/6GIRtKNXokeu25nn7U6Hu8,happy
5Gv1lrNFnL3DhiMj3JOGaX,Wait For You (feat. Maia Wright),"Mike Williams, Maia Wright",Wait For You (feat. Maia Wright),2019-05-03,45,172909,https://open.spotify.com/track/5Gv1lrNFnL3DhiMj3JOGaX,happy
3esogDu1xpfphICWKjd8fp,Stuck,"Lost Kings, Tove Styrke",Stuck,2018-07-20,33,192595,https://open.spotify.com/track/3esogDu1xpfphICWKjd8fp,happy
7DQ5CZjAQdhgDgdnSXxJ7Z,Solid Gold,"PNAU, Kira Divine, Marques Toliver",Solid Gold,2019-05-01,44,208367,https://open.spotify.com/track/7DQ5CZjAQdhgDgdnSXxJ7Z,happy
2ZEf4LZqhu9VbDx58rFKVn,Don't Give Up On Me Now (with Julie Bergan),"R3HAB, Julie Bergan",Don't Give Up On Me Now (with Julie Bergan),2019-05-10,25,127826,https://open.spotify.com/track/2ZEf4LZqhu9VbDx58rFKVn,happy
6S5lBW22Re1UPKXjX7obLC,Wasted,Peking Duk,Wasted,2018-02-02,48,182370,https://open.spotify.com/track/6S5lBW22Re1UPKXjX7obLC,happy
4RVtBlHFKj51Ipvpfv5ER4,Drown (feat. Clinton Kane),"Martin Garrix, Clinton Kane",Drown (feat. Clinton Kane),2020-02-27,59,174062,https://open.spotify.com/track/4RVtBlHFKj51Ipvpfv5ER4,happy
0OJN2A3Qyvd7pwSF0AIteC,Keep You Mine,"NOTD, shy martin",Keep You Mine,2019-08-02,56,174760,https://open.spotify.com/track/0OJN2A3Qyvd7pwSF0AIteC,happy
7N06jo3EnV792VFaG8vuW6,Close Your Eyes,"Felix Jaehn, VIZE, Miss Li",Close Your Eyes,2019-11-22,54,160794,https://open.spotify.com/track/7N06jo3EnV792VFaG8vuW6,happy
6fenHIxXuuzKB55wY4WCHP,God Is A Dancer (with Mabel),"Tiësto, Mabel",God Is A Dancer (with Mabel),2019-09-20,56,168125,https://open.spotify.com/track/6fenHIxXuuzKB55wY4WCHP,happy
1upULGQhXYE55yHDMPh1QG,Chameleon,"PNAU, Kira Divine",Changa,2017-11-10,52,198020,https://open.spotify.com/track/1upULGQhXYE55yHDMPh1QG,happy
6ZvLKwgPKlyZtDPkTWjPI7,This Groove,"Oliver Heldens, Lenno",This Groove,2019-01-25,53,188174,https://open.spotify.com/track/6ZvLKwgPKlyZtDPkTWjPI7,happy
6lD9nDl7jBUSIPDMAMZjuD,Anywhere,"Sigma, Louis III",Anywhere,2018-06-15,42,205250,https://open.spotify.com/track/6lD9nDl7jBUSIPDMAMZjuD,happy
2cFK03sObtI6AK3QKeOT5g,We Got That Cool (feat. Afrojack & Icona Pop),"Yves V, AFROJACK, Icona Pop",We Got That Cool (feat. Afrojack & Icona Pop),2019-06-28,50,213000,https://open.spotify.com/track/2cFK03sObtI6AK3QKeOT5g,happy
1eZ2aFekenJZMY05Q1ZEes,Nobody Does It Better,Michael Calfan,Nobody Does It Better,2016-02-12,0,148292,https://open.spotify.com/track/1eZ2aFekenJZMY05Q1ZEes,happy
2xbRwcylUnX881qaqf5ZZJ,Freak - Joe Stone 2K18 Edit,"R3HAB, Quintino, Joe Stone",Freak (Joe Stone 2K18 Edit),2018-12-21,43,177142,https://open.spotify.com/track/2xbRwcylUnX881qaqf5ZZJ,happy
22Ckl8uaVR71UMChg6NLRQ,So What,Jay Pryor,So What,2019-03-08,38,135499,https://open.spotify.com/track/22Ckl8uaVR71UMChg6NLRQ,happy
40xLrjniJVkxuWbka7KavC,Decisions (feat. Maia Wright),"KREAM, Maia Wright",Decisions (feat. Maia Wright),2018-09-21,40,212787,https://open.spotify.com/track/40xLrjniJVkxuWbka7KavC,happy
4QUA94c3ycZm8dnpPih4sf,One Night (feat. Raphaella),"MK, Sonny Fodera, Raphaella",One Night (feat. Raphaella),2019-11-15,49,161883,https://open.spotify.com/track/4QUA94c3ycZm8dnpPih4sf,happy
2UkF0EWfh0T90ScJzGqnD1,White Lies,M-22,White Lies,2019-01-25,42,176377,https://open.spotify.com/track/2UkF0EWfh0T90ScJzGqnD1,happy
7nionv2ijjqUlg9m5iWPTc,Feel My Needs,WEISS,Feel My Needs,2018-05-04,62,208524,https://open.spotify.com/track/7nionv2ijjqUlg9m5iWPTc,happy
5RugEn59RTnWE4IM4uBaC9,Up All Night,"R3HAB, MOTi, Fiora",Up All Night,2018-10-26,0,161904,https://open.spotify.com/track/5RugEn59RTnWE4IM4uBaC9,happy
3oIVK7arAFuUOCGafPLxSC,Better Off Without You (feat. Shift K3Y),"Becky Hill, Shift K3Y",Better Off Without You (feat. Shift K3Y),2020-01-10,48,198742,https://open.spotify.com/track/3oIVK7arAFuUOCGafPLxSC,happy
5FzuDFYmUFcvjraadJXv28,I Feel It,Leftwing : Kody,I Feel It,2019-06-21,47,155250,https://open.spotify.com/track/5FzuDFYmUFcvjraadJXv28,happy
0M0FvSNRZmDz0Z769rewlI,Fire In My Soul,"Oliver Heldens, Shungudzo",Fire In My Soul,2018-10-26,44,175253,https://open.spotify.com/track/0M0FvSNRZmDz0Z769rewlI,happy
5fOJe6vJ3vJXMrN6v362WJ,I Was Lovin' You (feat. Dots Per Inch & Ayak),"James Hype, Ayak, Dots Per Inch",I Was Lovin' You (feat. Dots Per Inch & Ayak),2019-06-14,41,141445,https://open.spotify.com/track/5fOJe6vJ3vJXMrN6v362WJ,happy
35mMXfym6C9VOTUVrcKKZp,We Got Love,"Sigala, Ella Henderson",We Got Love,2019-11-01,47,213040,https://open.spotify.com/track/35mMXfym6C9VOTUVrcKKZp,happy
4466tjT4xLDhIdmsMymUHk,Body 2 Body,MK,Body 2 Body,2019-05-10,35,145573,https://open.spotify.com/track/4466tjT4xLDhIdmsMymUHk,happy
2ZpsQlA6NzQJ8q8OIJSbBQ,Need U (100%) - Radio Edit,"Duke Dumont, A*M*E",Need U (100%) [Remixes],2013-03-31,0,174121,https://open.spotify.com/track/2ZpsQlA6NzQJ8q8OIJSbBQ,happy
5nrdOK0i7daIsDAt4zRbHM,I Wanna Feel,Secondcity,I Wanna Feel,2014-06-16,31,186066,https://open.spotify.com/track/5nrdOK0i7daIsDAt4zRbHM,happy
1CRy08G60mS5jvhB27xMpS,Juliet & Romeo,"Martin Solveig, Roy Woods",Juliet & Romeo,2019-12-06,54,204514,https://open.spotify.com/track/1CRy08G60mS5jvhB27xMpS,happy
4cuJbDiraxt9AsEeevmFuQ,Make Your Move,"Anton Powers, Redondo",Make Your Move,2019-01-18,55,168991,https://open.spotify.com/track/4cuJbDiraxt9AsEeevmFuQ,happy
6KzkqZqhUBEsWYJJa2aBOd,The Weekend - Radio Edit,Michael Gray,Analog Is On,2007-06-01,68,192173,https://open.spotify.com/track/6KzkqZqhUBEsWYJJa2aBOd,happy
5mAh5J4w6BEZkajB1M7XrB,Lola's Theme - Radio Edit,The Shapeshifters,Lola's Theme,2004-01-01,3,207066,https://open.spotify.com/track/5mAh5J4w6BEZkajB1M7XrB,happy
6mTnH6xSYwKohtsO9RFzcc,We Are Mirage,"Eric Prydz, Empire Of The Sun",Liberate (Remixes),2014-01-01,65,379500,https://open.spotify.com/track/6mTnH6xSYwKohtsO9RFzcc,happy
2WIwmd809qDTOn4UJgDnNi,Show Me Love - Radio Edit,"Steve Angello, Laidback Luke, Robin S",Show Me Love,2009-03-24,0,184846,https://open.spotify.com/track/2WIwmd809qDTOn4UJgDnNi,happy
4kqv0fA0vF1vNwlVQqewdL,Stupidisco,Junior Jack,Trust It,2004-02-09,53,307600,https://open.spotify.com/track/4kqv0fA0vF1vNwlVQqewdL,happy
2nx86MrPkXWQctveAEFJBf,Turn Around - Radio Edit,"Phats & Small, Toney Lee",Turn Around - Single,2000-03-22,53,212146,https://open.spotify.com/track/2nx86MrPkXWQctveAEFJBf,happy
2d6kU8J16F3fqpbYKZiLP3,Love On My Mind (feat. Amanda Wilson),"Freemasons, Amanda Wilson",Unmixed,2007-10-29,0,313320,https://open.spotify.com/track/2d6kU8J16F3fqpbYKZiLP3,happy
1bRi61JqeHPUDhuftFeK9D,Make A Move On Me,"Joey Negro, Dave Lee",The Many Faces of Joey Negro Vol. 1,2004,0,458586,https://open.spotify.com/track/1bRi61JqeHPUDhuftFeK9D,happy
7FDaS1k08rwMoAThmzUkOZ,Side Effects - Fedde Le Grand Remix,"The Chainsmokers, Emily Warren, Fedde Le Grand",Side Effects (Remixes),2018-07-25,39,172360,https://open.spotify.com/track/7FDaS1k08rwMoAThmzUkOZ,happy
78W8wiUIlQ2SnWY9TVowKZ,Back Where I Belong (feat. Avicii),"Otto Knows, Avicii",Back Where I Belong (feat. Avicii),2016-06-03,53,174202,https://open.spotify.com/track/78W8wiUIlQ2SnWY9TVowKZ,happy
5Sr4SdwPmLhDuKMs8QviLe,Rapture - Avicii New Generation Radio Edit,"Nadia Ali, Avicii",Rapture,2010-12-21,50,221543,https://open.spotify.com/track/5Sr4SdwPmLhDuKMs8QviLe,happy
7BfLlTV9YpYdosbJ9goVRb,Summer Air,"Hardwell, Trevor Guthrie",Hardwell presents Revealed Vol. 10,2019-03-06,0,201904,https://open.spotify.com/track/7BfLlTV9YpYdosbJ9goVRb,happy
3zECQWhwAEydeK9jUTPamo,Where Have You Gone (Anywhere),Lucas & Steve,Where Have You Gone (Anywhere),2018-09-28,44,158602,https://open.spotify.com/track/3zECQWhwAEydeK9jUTPamo,happy
69zxj1EFDfAouZu9JDmQld,Secrets - Radio Edit,"Tiësto, KSHMR, VASSY",Secrets (Radio Edit),2015-04-03,57,216967,https://open.spotify.com/track/69zxj1EFDfAouZu9JDmQld,happy
5drBLK41GUnnWt32JPlexx,Memories (feat. Sirah) - Radio Edit,"KSHMR, Bassjackers, Sirah",Memories (feat. Sirah) [Radio Edit],2015-09-11,46,185639,https://open.spotify.com/track/5drBLK41GUnnWt32JPlexx,happy
3lBoISh2FvtpdQt1lsU9nN,Spotless,"Martin Garrix, Jay Hardway",Spotless,2016-10-17,42,195004,https://open.spotify.com/track/3lBoISh2FvtpdQt1lsU9nN,happy
65n4DkUhKUO4tECIabKwy1,Hurricane - Arty Remix,"Halsey, ARTY",Room 93: The Remixes,2015-03-03,50,224520,https://open.spotify.com/track/65n4DkUhKUO4tECIabKwy1,happy
4uLQJx83wAjEme7NUKW8wZ,I'm Not Sorry,"Hardwell, Mike Williams",Hardwell presents Revealed Vol. 10,2019-03-06,0,186093,https://open.spotify.com/track/4uLQJx83wAjEme7NUKW8wZ,happy
5xzzxWj8a1YBbNZhNLqWuQ,Dancing Alone,"Axwell /\ Ingrosso, RØMANS",Dancing Alone,2018-06-29,50,253770,https://open.spotify.com/track/5xzzxWj8a1YBbNZhNLqWuQ,happy
7rWgGyRK7RAqAAXy4bLft9,Angeleyes,ABBA,Voulez-Vous,1979,70,260893,https://open.spotify.com/track/7rWgGyRK7RAqAAXy4bLft9,happy
17OqI90oTFZ3J8PVu6j07V,Voulez-Vous,ABBA,Voulez-Vous,1979,72,309173,https://open.spotify.com/track/17OqI90oTFZ3J8PVu6j07V,happy
1QRKeAlaLqJUeCWMBRP20A,Slipping Through My Fingers - From 'Mamma Mia!' Original Motion Picture Soundtrack,"Meryl Streep, Amanda Seyfried",Mamma Mia! The Movie Soundtrack,2008-01-01,69,230893,https://open.spotify.com/track/1QRKeAlaLqJUeCWMBRP20A,happy
3R47KOuGuGvmoeQqbODPa3,If It Wasn't For The Nights,ABBA,Voulez-Vous,1979,58,309320,https://open.spotify.com/track/3R47KOuGuGvmoeQqbODPa3,happy
74wySERHHxB8Ul9A0CNBla,Lay All Your Love On Me - From 'Mamma Mia!' Original Motion Picture Soundtrack,"Dominic Cooper, Amanda Seyfried",Mamma Mia! The Movie Soundtrack,2008-01-01,68,269440,https://open.spotify.com/track/74wySERHHxB8Ul9A0CNBla,happy
762B4bOcXF7I2Y8UlKTyTy,Chiquitita,ABBA,Voulez-Vous,1979,74,326320,https://open.spotify.com/track/762B4bOcXF7I2Y8UlKTyTy,happy
7bFmXanwZQm6BMV9Nka6Hk,Our Last Summer - From 'Mamma Mia!' Original Motion Picture Soundtrack,"Colin Firth, Pierce Brosnan, Stellan Skarsgård, Amanda Seyfried, Meryl Streep",Mamma Mia! The Movie Soundtrack,2008-01-01,64,177626,https://open.spotify.com/track/7bFmXanwZQm6BMV9Nka6Hk,happy
6P4XyViJkq9QGEHtzfMIrH,"Honey, Honey - From 'Mamma Mia!' Original Motion Picture Soundtrack","Amanda Seyfried, Ashley Lilley, Rachel McDowall",Mamma Mia! The Movie Soundtrack,2008-01-01,66,187360,https://open.spotify.com/track/6P4XyViJkq9QGEHtzfMIrH,happy
4dk40nfaQav6b4ZsJ9OYUo,Love My Way,The Psychedelic Furs,Forever Now,1982,68,213973,https://open.spotify.com/track/4dk40nfaQav6b4ZsJ9OYUo,happy
4euAGZTszWPrriggYK0HG9,Lay All Your Love On Me,ABBA,Super Trouper,1980,79,274466,https://open.spotify.com/track/4euAGZTszWPrriggYK0HG9,happy
1HPJOoIVdUPuaebxzMrVaD,Words - Original Version 1983,F.R. David,Words,1983-01-01,74,208000,https://open.spotify.com/track/1HPJOoIVdUPuaebxzMrVaD,happy
3oEkrIfXfSh9zGnE7eBzSV,The Winner Takes It All,ABBA,Super Trouper,1980,84,294720,https://open.spotify.com/track/3oEkrIfXfSh9zGnE7eBzSV,happy
51Zw1cKDgkad0CXv23HCMU,Daylight,Harry Styles,Harry's House,2022-05-20,68,164533,https://open.spotify.com/track/51Zw1cKDgkad0CXv23HCMU,happy
45wMBGri1PORPjM9PwFfrS,Blank Space (Taylor's Version),Taylor Swift,1989 (Taylor's Version),2023-10-26,72,231833,https://open.spotify.com/track/45wMBGri1PORPjM9PwFfrS,happy
3lKN03PDeBnXZS7sDukRBt,"Money, Money, Money",ABBA,Arrival,1976,69,186426,https://open.spotify.com/track/3lKN03PDeBnXZS7sDukRBt,happy
64DxdXTNY58CVu2j5QjCIk,Does Your Mother Know - From 'Mamma Mia!' Original Motion Picture Soundtrack,"Christine Baranski, Philip Michael",Mamma Mia! The Movie Soundtrack,2008-01-01,62,181306,https://open.spotify.com/track/64DxdXTNY58CVu2j5QjCIk,happy
70Znjq5VPKFrwlB7O26SWT,Zanzibar,Billy Joel,52nd Street,1978-10-13,55,310760,https://open.spotify.com/track/70Znjq5VPKFrwlB7O26SWT,happy
2vPMoMDXxu9uX1igWZmXSG,New Romantics (Taylor's Version),Taylor Swift,1989 (Taylor's Version),2023-10-26,66,230177,https://open.spotify.com/track/2vPMoMDXxu9uX1igWZmXSG,happy
4btKuUUEjPNVD6yOKGlY9j,Super Trouper - From 'Mamma Mia!' Original Motion Picture Soundtrack,"Meryl Streep, Julie Walters, Christine Baranski",Mamma Mia! The Movie Soundtrack,2008-01-01,63,234400,https://open.spotify.com/track/4btKuUUEjPNVD6yOKGlY9j,happy
6yZv0Nl6BXABbXoPVpfF5y,SOS,ABBA,Abba,1975,66,202386,https://open.spotify.com/track/6yZv0Nl6BXABbXoPVpfF5y,happy
69w5X6uTrOaWM32IetSzvO,Daydreaming,Harry Styles,Harry's House,2022-05-20,65,187342,https://open.spotify.com/track/69w5X6uTrOaWM32IetSzvO,happy
4IRHwIZHzlHT1FQpRa5RdE,Goodbye Yellow Brick Road - Remastered 2014,Elton John,Goodbye Yellow Brick Road (Remastered),1973-10-05,75,192826,https://open.spotify.com/track/4IRHwIZHzlHT1FQpRa5RdE,happy
08GOw3NsrJ0LsCCeyqzt3b,Thank You For The Music,ABBA,The Album,1977,65,229453,https://open.spotify.com/track/08GOw3NsrJ0LsCCeyqzt3b,happy
4uytiW8D73yWQHkg1PzYlB,"The Winner Takes It All - From ""Mamma Mia!""",Meryl Streep,Mamma Mia! The Movie Soundtrack,2008-01-01,69,297933,https://open.spotify.com/track/4uytiW8D73yWQHkg1PzYlB,happy
5RgFlk1fcClZd0Y4SGYhqH,She's Always a Woman,Billy Joel,The Stranger (Legacy Edition),1977,79,201373,https://open.spotify.com/track/5RgFlk1fcClZd0Y4SGYhqH,happy
6eNHrgrgbMFQpQ5qFEPL6h,Mas Que Nada - 2011 Rio Version,"Sérgio Mendes, Gracinha Leporace",Rio: Music From The Motion Picture,2011-01-01,51,164200,https://open.spotify.com/track/6eNHrgrgbMFQpQ5qFEPL6h,happy
0BxhafwvN6GXIyyvi27A0I,Hot Wings (I Wanna Party),"will.i.am, Jamie Foxx, Anne Hathaway",Rio: Music From The Motion Picture,2011-01-01,66,136693,https://open.spotify.com/track/0BxhafwvN6GXIyyvi27A0I,happy
3qytQlsWcXeVQ2gR2mx8VI,Real In Rio,"Jesse Eisenberg, Jamie Foxx, Anne Hathaway, George Lopez, will.i.am, The Rio Singers",Rio: Music From The Motion Picture,2011-01-01,55,227946,https://open.spotify.com/track/3qytQlsWcXeVQ2gR2mx8VI,happy
6LN8DFHGvW3KHfexvOanbF,Tacatá,Perreo Dance Radio,2014 Fiesta de Nochevieja. 25 Éxitos de Música para Bailar,2012-11-19,42,236733,https://open.spotify.com/track/6LN8DFHGvW3KHfexvOanbF,happy
5aIfLbdgkbH7NbQryd1poB,Samba de Janeiro,Bellini,Samba de Janeiro,1997-08-01,65,168444,https://open.spotify.com/track/5aIfLbdgkbH7NbQryd1poB,happy
4jq2VvGRwwtTDdvhnsXNAp,Beautiful Creatures,"Barbatuques, Andy Garcia, Rita Moreno",Rio 2 Music From The Motion Picture,2014-03-17,0,127826,https://open.spotify.com/track/4jq2VvGRwwtTDdvhnsXNAp,happy
6ihp6Y28KwbBRg1XMvTFSz,Let Me Take You To Rio - Blu's Arrival,"Ester Dean, Carlinhos Brown",Rio: Music From The Motion Picture,2011-01-01,43,114226,https://open.spotify.com/track/6ihp6Y28KwbBRg1XMvTFSz,happy
4qwD0NoxEl2xKbYxx2vhcg,What Is Love,Janelle Monáe,What Is Love,2014-03-04,51,212293,https://open.spotify.com/track/4qwD0NoxEl2xKbYxx2vhcg,happy
2o9F28g8xP18nobgPqL1E7,Rio Rio (feat. B.o.B),"Ester Dean, B.o.B",Rio 2 Music From The Motion Picture,2014-03-17,0,161040,https://open.spotify.com/track/2o9F28g8xP18nobgPqL1E7,happy
5JdLUE9D743ob2RtgmVpVx,Makeba,Jain,Zanaka,2016-10-21,65,249533,https://open.spotify.com/track/5JdLUE9D743ob2RtgmVpVx,happy
3iCO0ZekWPK6rmLnDjejLB,Baianá,Bakermat,Baianá,2019-10-31,0,180842,https://open.spotify.com/track/3iCO0ZekWPK6rmLnDjejLB,happy
4bndkI1TTh7itdsyixtDoD,Baianá,Barbatuques,O Seguinte é Esse,2005-01-01,2,279680,https://open.spotify.com/track/4bndkI1TTh7itdsyixtDoD,happy
6b37xrsNCWYIUphFBazqD6,Me Gustas Tu,Manu Chao,Próxima Estación: Esperanza,2001-06-01,79,239986,https://open.spotify.com/track/6b37xrsNCWYIUphFBazqD6,happy
1H0i9N9bFrYfNThZkjCaLe,Me Gustas Tu - Sped Up Version,"Manu Chao, spedup trends",Me Gustas Tu EP,2023-02-13,60,221185,https://open.spotify.com/track/1H0i9N9bFrYfNThZkjCaLe,happy
2lRfAOpEYdSRsOuGTrW498,,,Cat Partying (TikTok Sped Up) [Remix],2023-03-20,0,0,https://open.spotify.com/track/2lRfAOpEYdSRsOuGTrW498,happy
3Hb9kUdm4yf839Fle4RIdT,Parado no Bailão,"MC L da Vinte, MC Gury",Parado no Bailão,2018-07-23,73,171692,https://open.spotify.com/track/3Hb9kUdm4yf839Fle4RIdT,happy
5gflgO9EPbIBf16n5TKnQS,Yo Voy (feat. Daddy Yankee),Zion & Lennox,Motivando a la Yal,2004-05-04,80,232019,https://open.spotify.com/track/5gflgO9EPbIBf16n5TKnQS,happy
2ZvUVfOeB4BzlUmGDBCjH6,Maracanã,Emis Killa,Mercurio - 5 Stars Edition,2014-06-10,50,215369,https://open.spotify.com/track/2ZvUVfOeB4BzlUmGDBCjH6,happy
3wtgcw9PJKLWpFPoW2eLEN,Ai Se Eu Te Pego Nosa Nosa,The Shock Band,"10 Years of Dancefloor, Vol. 1 (By the Shock Band)",2012-01-01,0,165293,https://open.spotify.com/track/3wtgcw9PJKLWpFPoW2eLEN,happy
30m0dSI3JDDvv2IXuDjjuw,Copacabana Dreams,Sérgio Mendes,Rio: Music From The Motion Picture,2011-01-01,29,139226,https://open.spotify.com/track/30m0dSI3JDDvv2IXuDjjuw,happy
1LgMtkBtmGeZNBrdKKPzzi,We Are One (Ole Ola) [The Official 2014 FIFA World Cup Song] (Opening Ceremony Version) (feat. Jennifer Lopez & Claudia Leitte),"Pitbull, Jennifer Lopez, Claudia Leitte",We Are One (Ole Ola) [The Official 2014 FIFA World Cup Song] (Opening Ceremony Version) (feat. Jennifer Lopez & Claudia Leitte),2014-06-26,38,321093,https://open.spotify.com/track/1LgMtkBtmGeZNBrdKKPzzi,happy
63Tl9k1sH8tznn3bqoMuyF,Waka Waka (This Time for Africa) - K-Mix,Shakira,Sale el Sol,2010-10-19,63,183946,https://open.spotify.com/track/63Tl9k1sH8tznn3bqoMuyF,happy
59QI3gSnv576kHyV4Jqt36,"Whenever, Wherever - Pepsi Super Bowl LIV Halftime Show Remix","Shakira, Alexander Castillo",Laundry Service: Washed and Dried (Expanded Edition),2021-11-12,40,156633,https://open.spotify.com/track/59QI3gSnv576kHyV4Jqt36,happy
4KSdMPaJC89L9NkPgybCDb,"Carolina, Carol Bela","Toquinho, Jorge Ben Jor",Samba Rock Vol.1,2007-10-01,60,185320,https://open.spotify.com/track/4KSdMPaJC89L9NkPgybCDb,happy
0KnZ3Fgnqjmz4Sl2OA5zwa,"La Copa de la Vida (La Cancion Oficial de la Copa Mundial, Francia '98) - Spanglish Radio Edit",Ricky Martin,Ricky Martin,1999,57,277426,https://open.spotify.com/track/0KnZ3Fgnqjmz4Sl2OA5zwa,happy
3s6ltUrI93LBKU8taezsLn,Magic in the Air (feat. Ahmed Chawki),"Magic System, Chawki",Africainement vôtre,2014-05-16,68,233693,https://open.spotify.com/track/3s6ltUrI93LBKU8taezsLn,happy
3h5TiWTqGxjSjFrbruPFH9,Praise Jah In The Moonlight,YG Marley,Praise Jah In The Moonlight,2023-12-27,73,263040,https://open.spotify.com/track/3h5TiWTqGxjSjFrbruPFH9,happy
1r8iML6ls8xP0WZ9megjNy,Montaña,"Making Movies, Las Cafeteras",Montaña,2018-06-08,29,134209,https://open.spotify.com/track/1r8iML6ls8xP0WZ9megjNy,happy
0M8gYW76ihRtwv2Qz6YPsW,Cuna de Vida,Making Movies,A la Deriva,2014-10-07,28,182760,https://open.spotify.com/track/0M8gYW76ihRtwv2Qz6YPsW,happy
3TN9Ba6YTMYhboVqm9XVIQ,Pendulum Swing,Making Movies,A la Deriva,2014-10-07,26,167813,https://open.spotify.com/track/3TN9Ba6YTMYhboVqm9XVIQ,happy
4QLJCCIiHEKOpoghuH2WHi,Chase Your Tail,Making Movies,A la Deriva,2014-10-07,26,277506,https://open.spotify.com/track/4QLJCCIiHEKOpoghuH2WHi,happy
1ITs5ungb0Dc5TY9ZvRFhe,Ego Trip,Making Movies,A la Deriva,2014-10-07,25,223013,https://open.spotify.com/track/1ITs5ungb0Dc5TY9ZvRFhe,happy
2OHYRAFoqf3qS5r94u3GmY,Lo Que Quiero,Making Movies,A la Deriva,2014-10-07,26,236093,https://open.spotify.com/track/2OHYRAFoqf3qS5r94u3GmY,happy
5omLpU1N0uN51OSXL62VAM,A Bird's Last Look,Macabre Plaza,Out With the Old in With the Taboo,2022-04-21,62,69565,https://open.spotify.com/track/5omLpU1N0uN51OSXL62VAM,happy
3YmFH8V7TUtLAYhnlswkdQ,LOVE,Clarent,LOVE,2025-10-16,74,172800,https://open.spotify.com/track/3YmFH8V7TUtLAYhnlswkdQ,happy
2DAULesb1U4Qz4FSTZpEUJ,Por Fin Te Encontré,"Cali Y El Dandee, Juan Magán, Sebastian Yatra",Por Fin Te Encontré,2015-09-24,71,250836,https://open.spotify.com/track/2DAULesb1U4Qz4FSTZpEUJ,happy
3KdFcfgfe9wPFVjQFUmPD0,China Chinota,Kevin El Padrino,China Chinota,2025-11-05,31,147647,https://open.spotify.com/track/3KdFcfgfe9wPFVjQFUmPD0,happy
30nFYRKzWVSRD3On03CbzH,Lo Que Pueda,"Donaty, Herido no muerto",Lo Que Pueda,2025-09-25,65,108521,https://open.spotify.com/track/30nFYRKzWVSRD3On03CbzH,happy
56J9sf5j7T8cPg1fOGmBRs,Si No Te Quisiera,"Juan Magán, Belinda, Lapiz Conciente",The King Is Back (#LatinIBIZAte),2015-10-16,57,183000,https://open.spotify.com/track/56J9sf5j7T8cPg1fOGmBRs,happy
5P8Mr7HpNWuNa7fFgm4xSf,Don't Wanna Fall In Love,Second Sun,Don't Wanna Fall In Love,2025-11-07,25,149000,https://open.spotify.com/track/5P8Mr7HpNWuNa7fFgm4xSf,happy
3IjuRtbVKkNvSnjZtHg3Je,Teresa,Drics,Horizons,2025-11-07,33,175238,https://open.spotify.com/track/3IjuRtbVKkNvSnjZtHg3Je,happy
0OyuQbNjc9ZAL25O9JJ4l1,Away,XIX99,Away,2025-10-29,29,183874,https://open.spotify.com/track/0OyuQbNjc9ZAL25O9JJ4l1,happy
18CQjRZ0lJuIgC3BHaAbDT,Underneath,"Velvety, Juron Cole",Underneath,2025-10-17,20,141000,https://open.spotify.com/track/18CQjRZ0lJuIgC3BHaAbDT,happy
2n1x3xQKHDxF2NpCOg6Pua,Wonderwall,TEEMID,Wonderwall,2020-05-27,0,246169,https://open.spotify.com/track/2n1x3xQKHDxF2NpCOg6Pua,happy
6TIx9XC0uFZBY6jlFkjiEv,I Wanna Be Down,"Lucas Estrada, Joshua Robbie",I Wanna Be Down,2025-11-07,32,184200,https://open.spotify.com/track/6TIx9XC0uFZBY6jlFkjiEv,happy
6sNTHBijpYoTliVbLl2ExF,Higher,Nalestar,Higher,2025-11-07,25,164000,https://open.spotify.com/track/6sNTHBijpYoTliVbLl2ExF,happy
7iKRGAZi6jM11OhxUkm1LF,Every Breathe You Take,"TWINNS, Los Padres",Every Breathe You Take,2025-11-07,25,194000,https://open.spotify.com/track/7iKRGAZi6jM11OhxUkm1LF,happy
21tHGWnSGvR7A2b7V3Tah0,Before I Lose Control,Next Promises,Before I Lose Control,2025-11-07,28,165937,https://open.spotify.com/track/21tHGWnSGvR7A2b7V3Tah0,happy
004VDdELxQOef6eBgnUu9w,Cold As Silver,RAZZ,Cold As Silver,2025-11-07,33,156431,https://open.spotify.com/track/004VDdELxQOef6eBgnUu9w,happy
17bGtGqqaXOgVnhnfx5NlE,Looking for Me,"Paul Woolford, Diplo, Kareen Lomax",Looking for Me,2020-06-24,55,211452,https://open.spotify.com/track/17bGtGqqaXOgVnhnfx5NlE,happy
75W0TN4J1hdZInd8RuLxXN,Sundream,RÜFÜS DU SOL,Atlas (Light/Dark Deluxe Edition),2014-08-08,0,275500,https://open.spotify.com/track/75W0TN4J1hdZInd8RuLxXN,happy
0CI422U7nhDLnk43s1BS1F,Sun Goes Down (feat. Jasmine Thompson) - Radio Mix,"Robin Schulz, Jasmine Thompson",Prayer,2014-09-16,55,179960,https://open.spotify.com/track/0CI422U7nhDLnk43s1BS1F,happy
3L6sid9JhaAucDbLOeL3Am,Arzi,"Ipsitaa, Hiten, Mayur Puri",Arzi,2025-10-15,50,166500,https://open.spotify.com/track/3L6sid9JhaAucDbLOeL3Am,happy
4TuhmJMxtyIvg1gmBHvvny,Tujhko Jo Paaya - Lo-fi,Lofiwaala,Tujhko Jo Paaya (Lo-fi),2021-10-22,0,264437,https://open.spotify.com/track/4TuhmJMxtyIvg1gmBHvvny,happy
4OMMahpXHKLhnAoCNhxwys,Smile,Lily Allen,"Alright, Still (Bonus Track Version)",2006-05-08,37,197026,https://open.spotify.com/track/4OMMahpXHKLhnAoCNhxwys,happy
1Y73sL31F1UZI7tCefImhb,"3 Shaukk (From ""De De Pyaar De 2"")","Avvy Sra, Karan Aujla, Jaani, Jyotica Tangri, Dj Chetas","3 Shaukk (From ""De De Pyaar De 2"")",2025-11-04,59,180116,https://open.spotify.com/track/1Y73sL31F1UZI7tCefImhb,happy
5SftJq4uVpajyYC1Gs0RFF,Qaafirana,"Amit Trivedi, Arijit Singh, Nikhita Gandhi",The Arijit Singh Collection,2023-05-26,55,341823,https://open.spotify.com/track/5SftJq4uVpajyYC1Gs0RFF,happy
0ShD5dxdAfDHx01sm20ybX,Meri Kahani,Atif Aslam,Meri Kahani,2007-01-16,65,192920,https://open.spotify.com/track/0ShD5dxdAfDHx01sm20ybX,happy
7KvmhfB69XIb4ojiUhRjir,"Usey Kehna (From ""Tere Ishk Mein"")","A.R. Rahman, Nitesh Aher, Jonita Gandhi, Irshad Kamil","Usey Kehna (From ""Tere Ishk Mein"")",2025-11-03,62,298474,https://open.spotify.com/track/7KvmhfB69XIb4ojiUhRjir,happy
6kr4KQtmOoByO9r7dTMpdm,Kalank - Title Track,"Pritam, Arijit Singh",The Arijit Singh Collection,2023-05-26,54,311186,https://open.spotify.com/track/6kr4KQtmOoByO9r7dTMpdm,happy
1PDREqVNvmphIoNac3Vz8c,Sanam Teri Kasam,"Himesh Reshammiya, Ankit Tiwari, Palak Muchhal",Sanam Teri Kasam (Original Motion Picture Soundtrack),2016-01-06,67,314000,https://open.spotify.com/track/1PDREqVNvmphIoNac3Vz8c,happy
0YdQ6qljvd2PgLi7Rb7r5z,Fidaa,"Savneet Singh, Sunny Subramanian",Fidaa,2025-11-10,0,208285,https://open.spotify.com/track/0YdQ6qljvd2PgLi7Rb7r5z,happy
75xvt1nKTzLzkSM5yPpiVd,Aaj Se Teri,"Amit Trivedi, Arijit Singh",The Arijit Singh Collection,2023-05-26,53,312240,https://open.spotify.com/track/75xvt1nKTzLzkSM5yPpiVd,happy
3P9nkueQdx2WU8n7Ts8bSk,Love Again,"Gianluca Dimeo, 3ric, simplesun",Love Again,2025-11-07,27,169660,https://open.spotify.com/track/3P9nkueQdx2WU8n7Ts8bSk,happy
709ZIqPHyFOpx2QdjmeWAM,Dracula,Tame Impala,Dracula,2025-09-26,86,205308,https://open.spotify.com/track/709ZIqPHyFOpx2QdjmeWAM,happy
0FTmksd2dxiE5e3rWyJXs6,back to friends,sombr,back to friends,2024-12-27,92,199032,https://open.spotify.com/track/0FTmksd2dxiE5e3rWyJXs6,happy
7DbdUf8aHSYoliSjO6LZv6,"Sex, Drugs, Etc.",Beach Weather,Chit Chat,2016-11-04,74,196784,https://open.spotify.com/track/7DbdUf8aHSYoliSjO6LZv6,happy
4jHHQH5FCZt80u4ER7ONsF,Electric Feel,MGMT,Summer Party Anthems,2023-04-14,27,229640,https://open.spotify.com/track/4jHHQH5FCZt80u4ER7ONsF,happy
1tqgAn5VklzgQ4fazIUpsc,Tibetan Meditation Flute,Sat-Chit,Tibetan Healing Sounds,2024-11-11,59,336000,https://open.spotify.com/track/1tqgAn5VklzgQ4fazIUpsc,happy
5LcNMw4FdLjNXBFVhO16vs,Sounds of Tibet,Sat-Chit,Tibetan Healing Sounds,2024-11-11,60,198000,https://open.spotify.com/track/5LcNMw4FdLjNXBFVhO16vs,happy
0YBAOJhKuSrIttGBfRv2TB,Tibetan Buddha Flute,Sat-Chit,Tibetan Healing Sounds,2024-11-11,56,235862,https://open.spotify.com/track/0YBAOJhKuSrIttGBfRv2TB,happy
6pomW7Jiu2tMJTAXGLCmgu,Tibet,Sat-Chit,Tibetan Healing Sounds,2024-11-11,57,279818,https://open.spotify.com/track/6pomW7Jiu2tMJTAXGLCmgu,happy
26XcgmdHrCEBU9LqcnBA4w,Spiritual Temple,Sat-Chit,Tibetan Healing Sounds,2024-11-11,55,280000,https://open.spotify.com/track/26XcgmdHrCEBU9LqcnBA4w,happy
7zzvL4Wu4zztuH83ErBUAJ,Tibetan Healing Sounds,Sat-Chit,Tibetan Healing Sounds,2024-11-11,57,307200,https://open.spotify.com/track/7zzvL4Wu4zztuH83ErBUAJ,happy
2nrivyT4nVZ4YT6MCKmtV3,Healing Flute,Sat-Chit,Tibetan Healing Sounds,2024-11-11,55,226909,https://open.spotify.com/track/2nrivyT4nVZ4YT6MCKmtV3,happy
2w7wc57rXmLPNS5a8XwRF5,Sacred Flute,Sat-Chit,Tibetan Healing Sounds,2024-11-11,55,231272,https://open.spotify.com/track/2w7wc57rXmLPNS5a8XwRF5,happy
5l3gogyt90RBNAZXnEeID5,Namaste,Sat-Chit,Namaste,2022-09-06,31,379800,https://open.spotify.com/track/5l3gogyt90RBNAZXnEeID5,happy
20sI5h71doW1CefL94wykj,Limpieza Energética,Sat-Chit,Namaste,2022-09-06,34,435150,https://open.spotify.com/track/20sI5h71doW1CefL94wykj,happy
3u8HS1Q9l0rW16ZscQg1FI,Sonidos del Tibet,Sat-Chit,Namaste,2022-09-06,36,547200,https://open.spotify.com/track/3u8HS1Q9l0rW16ZscQg1FI,happy
7Mu7dNUGAOTiWVNmVnNkfO,Paz en el Alma,Sat-Chit,Namaste,2022-09-06,34,475200,https://open.spotify.com/track/7Mu7dNUGAOTiWVNmVnNkfO,happy
2ulCKEPIoeWzS69T1jleQK,Om ॐ Canto Sagrado,Sat-Chit,Namaste,2022-09-06,33,500400,https://open.spotify.com/track/2ulCKEPIoeWzS69T1jleQK,happy
2s26Sw03oQlzixxjeFkUXO,Meditación Tibetana,Sat-Chit,Namaste,2022-09-06,38,475800,https://open.spotify.com/track/2s26Sw03oQlzixxjeFkUXO,happy
2DCQB3yK3iWlws8MX8zLB0,El Templo • 432 Hz,Sat-Chit,Namaste,2022-09-06,31,366000,https://open.spotify.com/track/2DCQB3yK3iWlws8MX8zLB0,happy
4mXD6Q7OPXWQm6LDajgOBl,The Break of Dawn,Pol To Sol,The Break of Dawn,2023-04-28,43,203416,https://open.spotify.com/track/4mXD6Q7OPXWQm6LDajgOBl,happy
2IiNA0s5eQBSjwK4iNeUvW,Complicated,Avril Lavigne,Let Go,2002-08-26,0,244506,https://open.spotify.com/track/2IiNA0s5eQBSjwK4iNeUvW,happy
19XpFsce28aByvCC4g89tJ,Too Sweet,Hozier,Unreal Unearth: Unaired,2024-08-19,81,251424,https://open.spotify.com/track/19XpFsce28aByvCC4g89tJ,happy
2SvKWNVP16jCpfZoK80FB9,Rare,JERUB,The Wonder Years,2025-11-07,29,186890,https://open.spotify.com/track/2SvKWNVP16jCpfZoK80FB9,happy
3Fcfwhm8oRrBvBZ8KGhtea,Viva La Vida,Coldplay,Viva La Vida or Death and All His Friends,2008-06-19,73,242373,https://open.spotify.com/track/3Fcfwhm8oRrBvBZ8KGhtea,happy
0jGqJEN2Mv7BNN8XAwfrIB,Fool's Gold,Tom Neilson,Fool's Gold,2025-11-07,16,205000,https://open.spotify.com/track/0jGqJEN2Mv7BNN8XAwfrIB,happy
79te0BjpwI0j6vdkGvWALK,Can You Hear Me?,Rocco & Frankie,Can You Hear Me?,2025-09-05,33,162867,https://open.spotify.com/track/79te0BjpwI0j6vdkGvWALK,happy
6R96biuOtsNvi8fmkGCmd4,Still Believe In Love,"Iaco, Bjerke",Still Believe In Love,2025-10-24,44,152176,https://open.spotify.com/track/6R96biuOtsNvi8fmkGCmd4,happy
0mYXRQpTGjaLJt1l9MY4ps,Man I Need,Olivia Dean,The Art of Loving,2025-09-26,81,184000,https://open.spotify.com/track/0mYXRQpTGjaLJt1l9MY4ps,happy
6Zl04mXZqwp0BoU3IG32yF,Twinkle Twinkle Little Star - Radio Edit,CoComelon,"2024 Kids Hits, Vol. 2",2024-11-01,42,135434,https://open.spotify.com/track/6Zl04mXZqwp0BoU3IG32yF,happy
3NEgsdTwk3tIjt6x4d2VzE,Rock-a-Bye Baby,CoComelon,"CoComelon Kids Hits, Vol. 2",2020-01-24,62,130496,https://open.spotify.com/track/3NEgsdTwk3tIjt6x4d2VzE,happy
1LDWyDZ0e0WoUUhTMZNRnL,"Head, Shoulders, Knees And Toes",CoComelon,CoComelon Nursery Rhymes (Songs From The Melon Patch),2025-09-19,40,134958,https://open.spotify.com/track/1LDWyDZ0e0WoUUhTMZNRnL,happy
5szEy3jqYzGrtOJihgZHth,Farmer In The Dell,CoComelon,CoComelon Nursery Rhymes (Songs From The Melon Patch),2025-09-19,52,144923,https://open.spotify.com/track/5szEy3jqYzGrtOJihgZHth,happy
1ddHqcqbyRhjmvF7W5HV3T,I Can Do It,CoComelon,I Can Do It,2025-05-30,44,135346,https://open.spotify.com/track/1ddHqcqbyRhjmvF7W5HV3T,happy
2AX4tNNG3E9HRO0oc9u0aP,If You're Happy And You Know It,CoComelon,CoComelon Nursery Rhymes (Songs From The Melon Patch),2025-09-19,43,136500,https://open.spotify.com/track/2AX4tNNG3E9HRO0oc9u0aP,happy
7zD97mcPo9fng0aJqUhFvd,Baby Shark,CoComelon,Nursery Rhymes by CoComelon,2021-01-08,60,127203,https://open.spotify.com/track/7zD97mcPo9fng0aJqUhFvd,happy
7txuvTjUvkGsj5yPVhDBib,Apples And Bananas,CoComelon,CoComelon Nursery Rhymes (Songs From The Melon Patch),2025-09-19,42,129000,https://open.spotify.com/track/7txuvTjUvkGsj5yPVhDBib,happy
6cKlr2BOXBaqiuaHUY5Zwo,Itsy Bitsy Spider,CoComelon,"CoComelon Kids Hits, Vol. 1",2019-11-26,66,129761,https://open.spotify.com/track/6cKlr2BOXBaqiuaHUY5Zwo,happy
6UVGfYCHRQUljm5WvgAU89,Finger Family,CoComelon,CoComelon Nursery Rhymes (Songs From The Melon Patch),2025-09-19,38,136000,https://open.spotify.com/track/6UVGfYCHRQUljm5WvgAU89,happy
2m9iSLOOpYSlocbwSljA7S,Cozy And Cuddly - Time To Sleep,CoComelon,Cozy And Cuddly (Time To Sleep),2025-10-31,44,156583,https://open.spotify.com/track/2m9iSLOOpYSlocbwSljA7S,happy
63w3kdUCWIzoBKvWIEJ01C,JJ's Mix A Pancake Song - Songs From the Netflix Series,CoComelon,"CoComelon Lane, Vol. 5 (Songs From the Netflix Series)",2025-08-18,49,155055,https://open.spotify.com/track/63w3kdUCWIzoBKvWIEJ01C,happy
15zwD4yHjV8vFQ3FdAvc8m,The Muffin Man,CoComelon,The Muffin Man,2025-08-01,45,136269,https://open.spotify.com/track/15zwD4yHjV8vFQ3FdAvc8m,happy
0niSSSl6lQq3eDEbSxoQRO,I Love My Bed,CoComelon,I Love My Bed,2025-10-17,51,153692,https://open.spotify.com/track/0niSSSl6lQq3eDEbSxoQRO,happy
5AHRFT8ZqvSGZxCl5Fv1oy,Belly Button Song,CoComelon,Belly Button Song,2022-05-06,53,142500,https://open.spotify.com/track/5AHRFT8ZqvSGZxCl5Fv1oy,happy
6YUMoj7oThBGWnRJZhnzM1,Down By The Bay,CoComelon,CoComelon Nursery Rhymes (Songs From The Melon Patch),2025-09-19,46,161124,https://open.spotify.com/track/6YUMoj7oThBGWnRJZhnzM1,happy
7fGSB1U0bwRE5gmAzKNSQ0,When You Gotta Go!,CoComelon,When You Gotta Go!,2025-06-13,37,137653,https://open.spotify.com/track/7fGSB1U0bwRE5gmAzKNSQ0,happy
5txSLkf7BeYIgTtUnVDDG8,Old MacDonald,CoComelon,"CoComelon Kids Hits, Vol. 1",2019-11-26,62,147147,https://open.spotify.com/track/5txSLkf7BeYIgTtUnVDDG8,happy
2R5iTxkCln6NLTw6l0kjWw,Happy Birthday Song,CoComelon,"CoComelon Kids Hits, Vol. 3",2020-05-22,54,62228,https://open.spotify.com/track/2R5iTxkCln6NLTw6l0kjWw,happy
4UfXxbrRGHvpvrpwi7duMp,Keep Trying - Songs From the Netflix Series,CoComelon,"CoComelon Lane, Vol. 4 (Songs From the Netflix Series)",2025-03-21,48,124654,https://open.spotify.com/track/4UfXxbrRGHvpvrpwi7duMp,happy
5AKq4sanr6b7qF7tX9poxO,London Bridge Is Falling Down,CoComelon,CoComelon Nursery Rhymes (Songs From The Melon Patch),2025-09-19,47,125270,https://open.spotify.com/track/5AKq4sanr6b7qF7tX9poxO,happy
38DyW0TW59iSfDgmWYDbxa,Bath Song - Radio Edit,CoComelon,"2024 Kids Hits, Vol. 2",2024-11-01,32,104474,https://open.spotify.com/track/38DyW0TW59iSfDgmWYDbxa,happy
1wWU4F5aWisafnztddpsDb,Yes Yes Let's Get Dressed,CoComelon,"CoComelon Kids Hits, Vol. 16",2025-05-16,34,163500,https://open.spotify.com/track/1wWU4F5aWisafnztddpsDb,happy
37cPTHpUJy0dvTxt6tTYXM,Rocketship Song,CoComelon,Rocketship Song,2024-06-28,44,136691,https://open.spotify.com/track/37cPTHpUJy0dvTxt6tTYXM,happy
0dF7HP4wDwxCtID3mXpdYX,Baa Baa Black Sheep,CoComelon,"CoComelon Kids Hits, Vol. 1",2019-11-26,65,147780,https://open.spotify.com/track/0dF7HP4wDwxCtID3mXpdYX,happy
5ENo07llUOYoWiMsVYLApd,Row Row Row Your Boat,CoComelon,CoComelon Nursery Rhymes (Songs From The Melon Patch),2025-09-19,46,170500,https://open.spotify.com/track/5ENo07llUOYoWiMsVYLApd,happy
12PaEeJfkBL2UhxgAPtZcc,Five Little Monkeys Jumping on the Bed - Radio Edit,CoComelon,"2024 Kids Hits, Vol. 2",2024-11-01,34,116222,https://open.spotify.com/track/12PaEeJfkBL2UhxgAPtZcc,happy
4LoSarEwwPmoiSxjFzlxQW,Bye Bye Butterfly - Songs from the Netflix Series,CoComelon,"CoComelon Lane, Vol. 2 (Songs From the Netflix Series)",2024-05-10,46,152334,https://open.spotify.com/track/4LoSarEwwPmoiSxjFzlxQW,happy
4lbEMiIPfbNoCdcdzT4CnN,Hot Potato,CoComelon,Silly Songs Sing-Along,2022-04-01,0,104267,https://open.spotify.com/track/4lbEMiIPfbNoCdcdzT4CnN,happy
37sY7kvemSPIXoYRHtVORt,Ants Go Marching - Radio Edit,CoComelon,"2024 Kids Hits, Vol. 2",2024-11-01,33,118909,https://open.spotify.com/track/37sY7kvemSPIXoYRHtVORt,happy
0Wj2qN8qJk734VLlydxSzB,JJ's Firefighter Birthday Song - Songs From the Netflix Series,CoComelon,"CoComelon Lane, Vol. 4 (Songs From the Netflix Series)",2025-03-21,40,152000,https://open.spotify.com/track/0Wj2qN8qJk734VLlydxSzB,happy
4yLZTL6CZVlOrXjpUadjKs,Humpty Dumpty,CoComelon,CoComelon Nursery Rhymes (Songs From The Melon Patch),2025-09-19,39,126417,https://open.spotify.com/track/4yLZTL6CZVlOrXjpUadjKs,happy
01PFK5oA4U6q8LUjOoQu9c,Mister Dinosaur - Dance Party,CoComelon,"Sing, Dance, Party!",2023-03-10,37,147750,https://open.spotify.com/track/01PFK5oA4U6q8LUjOoQu9c,happy
2xXJ8D8qnoArpre6NyTyqb,First Day of School - Radio Edit,CoComelon,"2024 Kids Hits, Vol. 2",2024-11-01,30,114435,https://open.spotify.com/track/2xXJ8D8qnoArpre6NyTyqb,happy
3blHEvoO9gOnDcCvNmFFKN,Pots n' Pans Band,CoComelon,"CoComelon Kids Hits, Vol. 14",2024-07-26,32,179160,https://open.spotify.com/track/3blHEvoO9gOnDcCvNmFFKN,happy
3cMcuz74pS0dKSgfrPuyLr,Counting One By One - Songs From the Netflix Series,CoComelon,"CoComelon Lane, Vol. 5 (Songs From the Netflix Series)",2025-08-18,34,154844,https://open.spotify.com/track/3cMcuz74pS0dKSgfrPuyLr,happy
7Jvyg8W0q1SqNoOuzgnq3I,The Haircut Song - Songs From the Netflix Series,CoComelon,CoComelon Lane (Songs From the Netflix Series),2023-11-17,42,153414,https://open.spotify.com/track/7Jvyg8W0q1SqNoOuzgnq3I,happy
25sWvryYyws0g8gfxvbvxm,Three Little Pigs - Radio Edit,CoComelon,"2024 Kids Hits, Vol. 2",2024-11-01,30,110760,https://open.spotify.com/track/25sWvryYyws0g8gfxvbvxm,happy
2cj2Koazip7GO5jVJx8Avy,CoComelon Lane Theme Song - Songs From the Netflix Series,CoComelon,CoComelon Lane (Songs From the Netflix Series),2023-11-17,48,38307,https://open.spotify.com/track/2cj2Koazip7GO5jVJx8Avy,happy
1F6WI8YKG1Ri11IzxdYDep,The Nursery Rhyme Rehearsal - Songs From the Netflix Series,CoComelon,"CoComelon Lane, Vol. 3 (Songs From the Netflix Series)",2024-08-19,34,171989,https://open.spotify.com/track/1F6WI8YKG1Ri11IzxdYDep,happy
6KMtUMmPeXyCaTtRHDPbab,Abc Song with Balloons - Radio Edit,CoComelon,"2024 Kids Hits, Vol. 2",2024-11-01,29,115855,https://open.spotify.com/track/6KMtUMmPeXyCaTtRHDPbab,happy
1NLcNt5iDkYffX7acP6iLf,Clean up Song - Radio Edit,CoComelon,"2024 Kids Hits, Vol. 2",2024-11-01,29,117739,https://open.spotify.com/track/1NLcNt5iDkYffX7acP6iLf,happy
5IcYC0angmAbfyGjbWkoiD,Nap Time Song - Radio Edit,CoComelon,"2024 Kids Hits, Vol. 2",2024-11-01,30,116284,https://open.spotify.com/track/5IcYC0angmAbfyGjbWkoiD,happy
0eBDNreqzPgXAU1SrBQ17D,About to Do Something New - Songs From the Netflix Series,CoComelon,CoComelon Lane (Songs From the Netflix Series),2023-11-17,43,37696,https://open.spotify.com/track/0eBDNreqzPgXAU1SrBQ17D,happy
0RPpvoJ9AeccU97dBc87QB,Imagine With Me - Songs From the Netflix Series,CoComelon,CoComelon Lane (Songs From the Netflix Series),2023-11-17,34,42372,https://open.spotify.com/track/0RPpvoJ9AeccU97dBc87QB,happy
1qelidddRllijPzk8pUYAt,JJ's Animal Dance - Songs From the Netflix Series,CoComelon,CoComelon Lane (Songs From the Netflix Series),2023-11-17,44,148021,https://open.spotify.com/track/1qelidddRllijPzk8pUYAt,happy
2Gwr0pH5khUHZDhFpyM1iS,Peekaboo,CoComelon,"CoComelon Kids Hits, Vol. 3",2020-05-22,59,108208,https://open.spotify.com/track/2Gwr0pH5khUHZDhFpyM1iS,happy
2UTkYyycHc6q8eLAA9raDu,Hickory Dickory Dock,CoComelon,Nursery Rhymes by CoComelon,2021-01-08,51,144844,https://open.spotify.com/track/2UTkYyycHc6q8eLAA9raDu,happy
7c4tTrAG0Bl6rPOMg1fLWM,Just Be You - Songs From the Netflix Series,CoComelon,CoComelon Lane (Songs From the Netflix Series),2023-11-17,44,155936,https://open.spotify.com/track/7c4tTrAG0Bl6rPOMg1fLWM,happy
2o65ZIG4GkjPSBBuRaXgI5,12345 Once I Caught a Fish Alive! - Radio Edit,CoComelon,"2024 Kids Hits, Vol. 2",2024-11-01,31,112935,https://open.spotify.com/track/2o65ZIG4GkjPSBBuRaXgI5,happy
0kkKoRFszMG1tcXeUJaaOI,Good Try - Songs From the Netflix Series,CoComelon,"CoComelon Lane, Vol. 5 (Songs From the Netflix Series)",2025-08-18,32,149732,https://open.spotify.com/track/0kkKoRFszMG1tcXeUJaaOI,happy
1k95ZBpBH1e8ZG61pjYwih,Rain Rain Go Away,CoComelon,"CoComelon Kids Hits, Vol. 4",2020-06-04,63,135001,https://open.spotify.com/track/1k95ZBpBH1e8ZG61pjYwih,happy
0VuZkA6yEv8UNzZFCvg99X,The Ant and the Grasshopper - Radio Edit,CoComelon,"2024 Kids Hits, Vol. 2",2024-11-01,27,122632,https://open.spotify.com/track/0VuZkA6yEv8UNzZFCvg99X,happy
1Z7tsmCvV0QboBo37Iykri,She'll Be Coming Round the Mountain,CoComelon,Nursery Rhymes by CoComelon Vol.2,2022-02-18,58,134117,https://open.spotify.com/track/1Z7tsmCvV0QboBo37Iykri,happy
0Dmty0A6HOhZhUxg4tCeUy,The Teacher Song - Radio Edit,CoComelon,"2024 Kids Hits, Vol. 2",2024-11-01,31,114696,https://open.spotify.com/track/0Dmty0A6HOhZhUxg4tCeUy,happy
2ZUUUuWFCi5j2wD3am1m8x,JJ’s Head Shoulders Knees and Toes - Songs from the Netflix Series,CoComelon,"CoComelon Lane, Vol. 2 (Songs From the Netflix Series)",2024-05-10,41,144605,https://open.spotify.com/track/2ZUUUuWFCi5j2wD3am1m8x,happy
3c6pqP7yE2I0PmcLX2mVGm,"Row, Row, Row Your Boat",CoComelon,"CoComelon Kids Hits, Vol. 8",2020-11-20,52,135234,https://open.spotify.com/track/3c6pqP7yE2I0PmcLX2mVGm,happy
2gTCJoimURrzG9YOqLIba3,Hot Cross Buns - Radio Edit,CoComelon,"2024 Kids Hits, Vol. 2",2024-11-01,28,107454,https://open.spotify.com/track/2gTCJoimURrzG9YOqLIba3,happy
7e663YEA75D2fALjni9L5B,Play Like a Cat - Songs From the Netflix Series,CoComelon,CoComelon Lane (Songs From the Netflix Series),2023-11-17,35,142551,https://open.spotify.com/track/7e663YEA75D2fALjni9L5B,happy
63rY51rmghCWZt1jQnEwEs,Skidamarink,CoComelon,"CoComelon Kids Hits, Vol. 6",2020-09-25,54,161458,https://open.spotify.com/track/63rY51rmghCWZt1jQnEwEs,happy
4uxhJp1bmlq4CbcIdazq5s,I Am the Music Man,CoComelon,Nursery Rhymes by CoComelon Vol.2,2022-02-18,57,104205,https://open.spotify.com/track/4uxhJp1bmlq4CbcIdazq5s,happy
6DFnuZ5Xu3wyOmVpi5Ho5B,Dinosaur Song - Radio Edit,CoComelon,"2024 Kids Hits, Vol. 2",2024-11-01,28,107079,https://open.spotify.com/track/6DFnuZ5Xu3wyOmVpi5Ho5B,happy
2aC1YJrDzfxk4oQ0WywZrs,Ready for Spaghetti - Songs From the Netflix Series,CoComelon,CoComelon Lane (Songs From the Netflix Series),2023-11-17,31,145892,https://open.spotify.com/track/2aC1YJrDzfxk4oQ0WywZrs,happy
7g93uOS45spcUqYkFkHDax,Animal Dance Song - Radio Edit,CoComelon,"2024 Kids Hits, Vol. 2",2024-11-01,29,103804,https://open.spotify.com/track/7g93uOS45spcUqYkFkHDax,happy
1RohxcwOwHjqlzlLcq1CR2,Cody’s Train Song - Songs From the Netflix Series,CoComelon,"CoComelon Lane, Vol. 2 (Songs From the Netflix Series)",2024-05-10,43,148610,https://open.spotify.com/track/1RohxcwOwHjqlzlLcq1CR2,happy
5WHCi4KWEVEda8zsuVKRtN,Pat-a-Cake,CoComelon,"CoComelon Kids Hits, Vol. 3",2020-05-22,51,125558,https://open.spotify.com/track/5WHCi4KWEVEda8zsuVKRtN,happy
5VnLXorP9j6J3nqwsuc4MF,The Alphabet Construction Song - Songs From the Netflix Series,CoComelon,"CoComelon Lane, Vol. 2 (Songs From the Netflix Series)",2024-05-10,33,156528,https://open.spotify.com/track/5VnLXorP9j6J3nqwsuc4MF,happy
0zTK4cFam4KxYbuhYB2iHA,Nina’s Traffic Safety Song - Songs From the Netflix Series,CoComelon,"CoComelon Lane, Vol. 2 (Songs From the Netflix Series)",2024-05-10,40,166559,https://open.spotify.com/track/0zTK4cFam4KxYbuhYB2iHA,happy
26l8C2Awi4ECGIUk20EBMY,Great Day on CoComelon Lane - Songs From the Netflix Series,CoComelon,"CoComelon Lane, Vol. 2 (Songs From the Netflix Series)",2024-05-10,35,206750,https://open.spotify.com/track/26l8C2Awi4ECGIUk20EBMY,happy
2aqZSUnGtSrtXjZVnAcrSH,Looby Loo,CoComelon,"CoComelon Kids Hits, Vol. 2",2020-01-24,52,149983,https://open.spotify.com/track/2aqZSUnGtSrtXjZVnAcrSH,happy
583tzAwDshlD2CYwHqCQ2M,One Step at a Time - Songs From the Netflix Series,CoComelon,CoComelon Lane (Songs From the Netflix Series),2023-11-17,30,146993,https://open.spotify.com/track/583tzAwDshlD2CYwHqCQ2M,happy
4ThaT2zAl53ah6uxOdWUMs,Mary Had a Little Lamb,CoComelon,Nursery Rhymes by CoComelon Vol.2,2022-02-18,45,160212,https://open.spotify.com/track/4ThaT2zAl53ah6uxOdWUMs,happy
0m3uLY3oHA9RPPPgq1remn,Learn By Looking - Songs From the Netflix Series,CoComelon,"CoComelon Lane, Vol. 2 (Songs From the Netflix Series)",2024-05-10,32,140903,https://open.spotify.com/track/0m3uLY3oHA9RPPPgq1remn,happy
7gH0AalGuL5JdoIv2CrBM4,Polly Put the Kettle On,CoComelon,Nursery Rhymes by CoComelon Vol.2,2022-02-18,43,98000,https://open.spotify.com/track/7gH0AalGuL5JdoIv2CrBM4,happy
2PH9PA1BGOthpKAG0ukZEo,The Boo Boo Song,CoComelon,CoComelon Essentials,2020-08-07,30,211077,https://open.spotify.com/track/2PH9PA1BGOthpKAG0ukZEo,happy
1PhKKsjIhhqSstioXXphXw,My Dog Song - Bingo's Bathtime - Songs From the Netflix Series,CoComelon,"CoComelon Lane, Vol. 2 (Songs From the Netflix Series)",2024-05-10,30,151636,https://open.spotify.com/track/1PhKKsjIhhqSstioXXphXw,happy
4kMNsYiyy6jkDqXLBhpd44,Johny Johny Yes Papa,CoComelon,"CoComelon Kids Hits, Vol. 8",2020-11-20,49,110031,https://open.spotify.com/track/4kMNsYiyy6jkDqXLBhpd44,happy
5qS1nvrq4PHSUAiOQMexYl,It's Raining It's Pouring,CoComelon,Nursery Rhymes by CoComelon Vol.2,2022-02-18,47,79200,https://open.spotify.com/track/5qS1nvrq4PHSUAiOQMexYl,happy
6Gijpz0coTmoWOCczQcGpU,Teamwork - Songs From the Netflix Series,CoComelon,CoComelon Lane (Songs From the Netflix Series),2023-11-17,31,148819,https://open.spotify.com/track/6Gijpz0coTmoWOCczQcGpU,happy
4uAgWZfhL1Znf7YgRuUk0G,Are We There Yet?,CoComelon,"CoComelon Kids Hits, Vol. 4",2020-06-04,48,148081,https://open.spotify.com/track/4uAgWZfhL1Znf7YgRuUk0G,happy
1wIG9OFn2d1R83EZgvn7XE,Bingo,CoComelon,CoComelon Nursery Rhymes (Songs From The Melon Patch),2025-09-19,37,139500,https://open.spotify.com/track/1wIG9OFn2d1R83EZgvn7XE,happy
2oi26hzvmT9mbOGMBoEWtG,Five Little Speckled Frogs,CoComelon,Nursery Rhymes by CoComelon,2021-01-08,56,169765,https://open.spotify.com/track/2oi26hzvmT9mbOGMBoEWtG,happy
1qmeKrBEbq6dP46wnYyrVO,How Can I Help - Como Puedo Ayudar - Songs From the Netflix Series,CoComelon,CoComelon Lane (Songs From the Netflix Series),2023-11-17,29,158376,https://open.spotify.com/track/1qmeKrBEbq6dP46wnYyrVO,happy
3hN8QrmVJwzhCvKs3lRxYH,Ring Around the Rosy,CoComelon,"CoComelon Kids Hits, Vol. 7",2020-11-06,52,128000,https://open.spotify.com/track/3hN8QrmVJwzhCvKs3lRxYH,happy
0GkggUIRAzhAvvtcoma2Af,Open Shut Them,CoComelon,Nursery Rhymes by CoComelon Vol.2,2022-02-18,50,91000,https://open.spotify.com/track/0GkggUIRAzhAvvtcoma2Af,happy
0eIg4etRYqOo0f9JbwJAYH,Cece’s Twinkle Twinkle Little Star - Songs From the Netflix Series,CoComelon,"CoComelon Lane, Vol. 2 (Songs From the Netflix Series)",2024-05-10,40,172338,https://open.spotify.com/track/0eIg4etRYqOo0f9JbwJAYH,happy
2bLucn4kUiOxo6QgldEM8c,CoComelon Theme Tune,CoComelon,Kids Birthday Party,2021-09-03,33,36666,https://open.spotify.com/track/2bLucn4kUiOxo6QgldEM8c,happy
5kYFtlP4Yu1Weoklp8INSv,The Colors Song - Rainbow Treasure Hunt - Songs From the Netflix Series,CoComelon,CoComelon Lane (Songs From the Netflix Series),2023-11-17,29,154455,https://open.spotify.com/track/5kYFtlP4Yu1Weoklp8INSv,happy
47bUyxG4UYJG2DKLdWrz2e,This Is the Way,CoComelon,Nursery Rhymes by CoComelon,2021-01-08,39,135401,https://open.spotify.com/track/47bUyxG4UYJG2DKLdWrz2e,happy
1yon4uhxW75G48LGFarDZe,"One Potato, Two Potatoes",CoComelon,"CoComelon Kids Hits, Vol. 1",2019-11-26,53,118218,https://open.spotify.com/track/1yon4uhxW75G48LGFarDZe,happy
2ieDQRgtr7jtkaBHfpGD8r,Please and Thank You Song - Nico's Magic Words - Songs From the Netflix Series,CoComelon,CoComelon Lane (Songs From the Netflix Series),2023-11-17,31,144531,https://open.spotify.com/track/2ieDQRgtr7jtkaBHfpGD8r,happy
34amhIU6nxkixKnsLSWqR4,Are You Sleeping? (Brother John),CoComelon,"CoComelon Kids Hits, Vol. 6",2020-09-25,50,130909,https://open.spotify.com/track/34amhIU6nxkixKnsLSWqR4,happy
09T30ojn7xWZNvExmzowUR,Firetruck Car Wash Song - Songs From the Netflix Series,CoComelon,CoComelon Lane (Songs From the Netflix Series),2023-11-17,42,135610,https://open.spotify.com/track/09T30ojn7xWZNvExmzowUR,happy
6gDBPj9whZLqaIIFwIgTdP,Pat-a-Cake - Songs From the Netflix Series,CoComelon,CoComelon Lane (Songs From the Netflix Series),2023-11-17,41,149508,https://open.spotify.com/track/6gDBPj9whZLqaIIFwIgTdP,happy
5k0S0JuuWRvGPb3eUhJ5TI,The Garbage Truck Song - Songs From the Netflix Series,CoComelon,CoComelon Lane (Songs From the Netflix Series),2023-11-17,33,151834,https://open.spotify.com/track/5k0S0JuuWRvGPb3eUhJ5TI,happy
2k2FxrUiLsriOUcScZCcbv,The Laughing Song,CoComelon,"CoComelon Kids Hits, Vol. 4",2020-06-04,38,126493,https://open.spotify.com/track/2k2FxrUiLsriOUcScZCcbv,happy
1TohQ1NkOm8B954rG4O0dV,Thank you Song,CoComelon,"CoComelon Kids Hits, Vol. 5",2020-08-28,46,183917,https://open.spotify.com/track/1TohQ1NkOm8B954rG4O0dV,happy
4bOFiRy915DDGfZKLwNJwP,Books Are Magic - Songs From the Netflix Series,CoComelon,"CoComelon Lane, Vol. 2 (Songs From the Netflix Series)",2024-05-10,32,151889,https://open.spotify.com/track/4bOFiRy915DDGfZKLwNJwP,happy
5T3lK7MInJBhzfxbP8ut4W,Alice the Camel,CoComelon,Nursery Rhymes by CoComelon Vol.2,2022-02-18,46,92008,https://open.spotify.com/track/5T3lK7MInJBhzfxbP8ut4W,happy
2DYu5OfYvFPwVV4oBcVAu2,Yes Yes Pajama Party - Songs From the Netflix Series,CoComelon,CoComelon Lane (Songs From the Netflix Series),2023-11-17,40,150465,https://open.spotify.com/track/2DYu5OfYvFPwVV4oBcVAu2,happy
16nVTwiUhQdOD8BWh8SfXP,I'm a Little Teapot,CoComelon,Nursery Rhyme Classics,2021-05-21,0,104971,https://open.spotify.com/track/16nVTwiUhQdOD8BWh8SfXP,happy
3tBWiiKF79JoxYLCmgx28Z,My Dog Song (Bingo),CoComelon,"CoComelon Kids Hits, Vol. 2",2020-01-24,43,160360,https://open.spotify.com/track/3tBWiiKF79JoxYLCmgx28Z,happy
27iOGgZhoVyb7FWuukbwus,The Soccer Song (Football Song),CoComelon,"CoComelon Kids Hits, Vol. 1",2019-11-26,46,170770,https://open.spotify.com/track/27iOGgZhoVyb7FWuukbwus,happy
44ZCbIUyIvHkq3zdx6zoiG,Breakfast Song,CoComelon,"CoComelon Kids Hits, Vol. 5",2020-08-28,39,142509,https://open.spotify.com/track/44ZCbIUyIvHkq3zdx6zoiG,happy
0dD7Sdb7NCbkXdW4kcXcac,Take Me Out to the Ball Game,CoComelon,"CoComelon Kids Hits, Vol. 6",2020-09-25,34,172000,https://open.spotify.com/track/0dD7Sdb7NCbkXdW4kcXcac,happy
2l7Qgiu10HXap2V5mOyHPS,Jack Be Nimble,CoComelon,Nursery Rhymes by CoComelon,2021-01-08,37,110593,https://open.spotify.com/track/2l7Qgiu10HXap2V5mOyHPS,happy
1BDzCATEWGKriNZVNRRoam,Yes Yes Playground Song,CoComelon,"CoComelon Kids Hits, Vol. 2",2020-01-24,43,227994,https://open.spotify.com/track/1BDzCATEWGKriNZVNRRoam,happy
6tn6OAdWQY9zj6vJyqrgVj,Three Little Kittens,CoComelon,Nursery Rhymes by CoComelon,2021-01-08,45,154328,https://open.spotify.com/track/6tn6OAdWQY9zj6vJyqrgVj,happy
0MMwvews31GnUzRiGPxnS7,Daisy Bell (Bicycle Built for Two),CoComelon,"CoComelon Kids Hits, Vol. 9",2021-02-26,42,140414,https://open.spotify.com/track/0MMwvews31GnUzRiGPxnS7,happy
6HnEqvov7yVLsi0JWIbzGv,The Bear Went Over the Mountain,CoComelon,Animal Friends,2021-08-13,38,124475,https://open.spotify.com/track/6HnEqvov7yVLsi0JWIbzGv,happy
4rYsGbETVKjb9CQONqA6VO,Daylight,Maroon 5,Overexposed (Deluxe),2012-06-25,0,225306,https://open.spotify.com/track/4rYsGbETVKjb9CQONqA6VO,happy
0rFOs9paloAvEtzwDX1Kmc,Bubbly,Colbie Caillat,Coco,2007-01-01,67,196280,https://open.spotify.com/track/0rFOs9paloAvEtzwDX1Kmc,happy
6ybViy2qrO9sIi41EgRJgx,Don't Know Why,Norah Jones,Come Away With Me,2002-02-26,1,186146,https://open.spotify.com/track/6ybViy2qrO9sIi41EgRJgx,happy
3as6Wz3mwbTnusWhZjTUNr,You Belong With Me,Taylor Swift,Fearless Platinum Edition,2008-11-11,49,231146,https://open.spotify.com/track/3as6Wz3mwbTnusWhZjTUNr,happy
3RVupqMb1zXl8FNG9TlWBZ,Mykonos,Fleet Foxes,Sun Giant,2008-01-01,0,275306,https://open.spotify.com/track/3RVupqMb1zXl8FNG9TlWBZ,happy
11X4Gw3T4hoktVruLgTnm1,Heartbeats,José González,Veneer,2003-07-02,0,160240,https://open.spotify.com/track/11X4Gw3T4hoktVruLgTnm1,happy
2nGFzvICaeEWjIrBrL2RAx,Put Your Records On,Corinne Bailey Rae,Corinne Bailey Rae,2006-01-01,79,215360,https://open.spotify.com/track/2nGFzvICaeEWjIrBrL2RAx,happy
7n8dC9IrVbrRva0gUu01Qc,Leave the Light On,The Velvet Sundown,Paper Sun Rebellion,2025-07-14,41,183367,https://open.spotify.com/track/7n8dC9IrVbrRva0gUu01Qc,happy
6mORGLOz79w6VsCRLWYYuK,The Night We Met,Lord Huron,Strange Trails,2015-04-06,1,208211,https://open.spotify.com/track/6mORGLOz79w6VsCRLWYYuK,happy
2RiBogNRfulkNf7fVbPOrJ,Saturday Sun,Vance Joy,Nation of Two,2018-02-23,68,214720,https://open.spotify.com/track/2RiBogNRfulkNf7fVbPOrJ,happy
7H1axjOTOwlCx4XmtnpGM4,As the Silence Falls,The Velvet Sundown,Dust and Silence,2025-06-20,44,146923,https://open.spotify.com/track/7H1axjOTOwlCx4XmtnpGM4,happy
1pIMxRddmCGalHnRbLFkWg,Have It All,Jason Mraz,Have It All,2018-04-27,47,226098,https://open.spotify.com/track/1pIMxRddmCGalHnRbLFkWg,happy
2uhEKg8kIzpdvz4gyy6x8W,Only Love,Ben Howard,Every Kingdom,2011-01-01,68,249173,https://open.spotify.com/track/2uhEKg8kIzpdvz4gyy6x8W,happy
4VginDwYTP2eaHJzO0QMjG,Circles,Post Malone,Circles,2019-08-30,2,214906,https://open.spotify.com/track/4VginDwYTP2eaHJzO0QMjG,happy
5OJDWbJs985ZXv6zZ9iSjl,How Did This Go Wrong,The Velvet Sundown,Dust and Silence,2025-06-20,39,169977,https://open.spotify.com/track/5OJDWbJs985ZXv6zZ9iSjl,happy
0smyCrJiibi2uwCiq5R1vj,Save Tonight,Eagle-Eye Cherry,Desireless,1998-01-01,73,242733,https://open.spotify.com/track/0smyCrJiibi2uwCiq5R1vj,happy
5eWOsyHHic4vJP3LjTVhqv,"Sitting, Waiting, Wishing",Jack Johnson,In Between Dreams,2005-01-01,65,183720,https://open.spotify.com/track/5eWOsyHHic4vJP3LjTVhqv,happy
0L43pYkHAh9Tz7UuMl7Jf4,The Wind Still Knows Our Name,The Velvet Sundown,Floating on Echoes,2025-06-05,41,154882,https://open.spotify.com/track/0L43pYkHAh9Tz7UuMl7Jf4,happy
6Ese4lZeXdyfQfaLuQH58A,Brighter Than The Sun,Colbie Caillat,Brighter Than The Sun,2011-01-01,0,230253,https://open.spotify.com/track/6Ese4lZeXdyfQfaLuQH58A,happy
5RET3nrnXtD05yExPbZrhZ,I Wish,Stevie Wonder,Original Musiquarium,1982-05-04,0,253746,https://open.spotify.com/track/5RET3nrnXtD05yExPbZrhZ,happy
3hxoYmSHzIBwSS2bPTOfbg,Misread,Kings of Convenience,Riot On An Empty Street,2004-01-01,0,188400,https://open.spotify.com/track/3hxoYmSHzIBwSS2bPTOfbg,happy
44uOreAESeRIBaxkuCW4wN,Sleep On The Floor,The Lumineers,Cleopatra,2016-04-08,1,211851,https://open.spotify.com/track/44uOreAESeRIBaxkuCW4wN,happy
05lBuZWQ2OhQuzoCSIkvUF,Holocene,Bon Iver,Bon Iver,2011-05-21,0,336613,https://open.spotify.com/track/05lBuZWQ2OhQuzoCSIkvUF,happy
14nj0fBO7yFTluxQkngkew,From Deep Within,The Velvet Sundown,Paper Sun Rebellion,2025-07-14,40,174676,https://open.spotify.com/track/14nj0fBO7yFTluxQkngkew,happy
25U7raB3ZSszayTYClh4hF,Somewhere Over The Rainbow/What A Wonderful World,Israel Kamakawiwo'ole,Facing Future,1993-11-01,71,308026,https://open.spotify.com/track/25U7raB3ZSszayTYClh4hF,happy
5EYi2rH4LYs6M21ZLOyQTx,Loving Is Easy (feat. Benny Sings),"Rex Orange County, Benny Sings",Loving Is Easy (feat. Benny Sings),2017-10-11,1,155720,https://open.spotify.com/track/5EYi2rH4LYs6M21ZLOyQTx,happy
3ZCTVFBt2Brf31RLEnCkWJ,everything i wanted,Billie Eilish,everything i wanted,2019-11-13,83,245425,https://open.spotify.com/track/3ZCTVFBt2Brf31RLEnCkWJ,happy
0EbHBttMpicv00QKv9i4Gp,The Wind Don’t Know,The Velvet Sundown,Paper Sun Rebellion,2025-07-14,35,183055,https://open.spotify.com/track/0EbHBttMpicv00QKv9i4Gp,happy
5g7rJvWYVrloJZwKiShqlS,Dirty Paws,Of Monsters and Men,My Head Is An Animal,2012-01-01,72,278373,https://open.spotify.com/track/5g7rJvWYVrloJZwKiShqlS,happy
2TUdxbIF3rpY887d8m0ZGV,Baby,Ariel Pink,Mature Themes,2012-08-20,0,287426,https://open.spotify.com/track/2TUdxbIF3rpY887d8m0ZGV,happy
5NDUXbMwcnTQp66tI2zcdR,Fresh Eyes,Andy Grammer,The Good Parts,2017-12-01,0,198001,https://open.spotify.com/track/5NDUXbMwcnTQp66tI2zcdR,happy
4N0cg3Lsc9xqhgnHbVG3EB,Driftwood Soldiers,The Velvet Sundown,Dust and Silence,2025-06-20,33,181390,https://open.spotify.com/track/4N0cg3Lsc9xqhgnHbVG3EB,happy
0hVXuCcriWRGvwMV1r5Yn9,I Don't Care (with Justin Bieber),"Ed Sheeran & Justin Bieber, Justin Bieber",No.6 Collaborations Project,2019-07-12,67,219946,https://open.spotify.com/track/0hVXuCcriWRGvwMV1r5Yn9,happy
7x46YkKAwp3yZpaa72n5Mu,Stubborn Love,The Lumineers,The Lumineers (Deluxe Edition),2012,1,279000,https://open.spotify.com/track/7x46YkKAwp3yZpaa72n5Mu,happy
0GLjY96aegiADJi4uuyYrT,Cherry Wine - Live,Hozier,Hozier (Special Edition),2014-11-06,0,240147,https://open.spotify.com/track/0GLjY96aegiADJi4uuyYrT,happy
6OtCIsQZ64Vs1EbzztvAv4,Good Life,OneRepublic,Waking Up,2009-01-01,75,253306,https://open.spotify.com/track/6OtCIsQZ64Vs1EbzztvAv4,happy
7cpCU3Denug5NGZsSpQl8v,XO,John Mayer,XO,2014-05-27,66,213626,https://open.spotify.com/track/7cpCU3Denug5NGZsSpQl8v,happy
68ARrzDiZnddo7BCMdgF4T,Rivers Run Free,The Velvet Sundown,Paper Sun Rebellion,2025-07-14,37,178477,https://open.spotify.com/track/68ARrzDiZnddo7BCMdgF4T,happy
4YKcx7YxznAdBefrYdCZ9P,somebody loves you,Jeremy Zucker,love is not dying,2020-04-17,0,206586,https://open.spotify.com/track/4YKcx7YxznAdBefrYdCZ9P,happy
1FhrlGdeSSWPfdIrle38OA,Ash and Velvet,The Velvet Sundown,Dust and Silence,2025-06-20,34,159624,https://open.spotify.com/track/1FhrlGdeSSWPfdIrle38OA,happy
3xFvgh4mvJvBH2tf1tFJYl,Bubble Toes,"Jack Johnson, Adam Topol, Merlo",Brushfire Fairytales (Bonus Version),2001-02-01,0,239413,https://open.spotify.com/track/3xFvgh4mvJvBH2tf1tFJYl,happy
7qUoDTmVj07qUf6ZBDhWKl,Blood Bank,Bon Iver,Blood Bank,2009-01-20,0,285160,https://open.spotify.com/track/7qUoDTmVj07qUf6ZBDhWKl,happy
3NcO4jGK1Opb5ea0mYLpxb,Good Feeling,Flo Rida,Good Feeling,2011-08-29,55,248133,https://open.spotify.com/track/3NcO4jGK1Opb5ea0mYLpxb,happy
5qII2n90lVdPDcgXEEVHNy,Sunday Morning,Maroon 5,Songs About Jane: 10th Anniversary Edition,2002,80,244880,https://open.spotify.com/track/5qII2n90lVdPDcgXEEVHNy,happy
3YMcQhVh3m6yQ46wIoVhiv,Meet Me in the Woods,Lord Huron,Strange Trails,2015-04-06,0,262209,https://open.spotify.com/track/3YMcQhVh3m6yQ46wIoVhiv,happy
1ZMiCix7XSAbfAJlEZWMCp,Falling,Harry Styles,Fine Line,2019-12-13,79,240133,https://open.spotify.com/track/1ZMiCix7XSAbfAJlEZWMCp,happy
68g7z6HNpIW23g1Bt8NhkI,Dust on the Wind,The Velvet Sundown,Floating on Echoes,2025-06-05,53,173501,https://open.spotify.com/track/68g7z6HNpIW23g1Bt8NhkI,happy
0cs671lxX2eoDzr2KMuo3N,Here Comes Your Man,Pixies,Doolittle,1989-04-17,1,201693,https://open.spotify.com/track/0cs671lxX2eoDzr2KMuo3N,happy
7iN1s7xHE4ifF5povM6A48,Let It Be - Remastered 2009,The Beatles,Let It Be (Remastered),1970-05-08,79,243026,https://open.spotify.com/track/7iN1s7xHE4ifF5povM6A48,happy
0I58t83zBOivLUd5crhhlR,Paper Flag,The Velvet Sundown,Paper Sun Rebellion,2025-07-14,30,166037,https://open.spotify.com/track/0I58t83zBOivLUd5crhhlR,happy
364dI1bYnvamSnBJ8JcNzN,Intentions,"Justin Bieber, Quavo",Intentions,2020-02-07,68,212868,https://open.spotify.com/track/364dI1bYnvamSnBJ8JcNzN,happy
4hmbwcUs392W3YQzpO0fcj,Notion,Tash Sultana,Notion,2017-03-01,0,340999,https://open.spotify.com/track/4hmbwcUs392W3YQzpO0fcj,happy
74z2lfZ7fj3IqoK71lHkZw,Mr. Blue Sky,Electric Light Orchestra,Out Of The Blue,1977,0,303373,https://open.spotify.com/track/74z2lfZ7fj3IqoK71lHkZw,happy
4RCWB3V8V0dignt99LZ8vH,Hey There Delilah,Plain White T's,All That We Needed,2005-01-25,79,232533,https://open.spotify.com/track/4RCWB3V8V0dignt99LZ8vH,happy
46hw5ckSgBbiEl38sXHfTB,Hold the Light,The Velvet Sundown,Dust and Silence,2025-06-20,35,175989,https://open.spotify.com/track/46hw5ckSgBbiEl38sXHfTB,happy
7BjrIfovz8y9dTtazrh1iY,Ends of the Earth,Lord Huron,Lonesome Dreams,2013-01-21,0,284146,https://open.spotify.com/track/7BjrIfovz8y9dTtazrh1iY,happy
02GjIfCpwttPAikjm5Hwcb,Good Time,"Owl City, Carly Rae Jepsen",Good Time,2012-01-01,41,206986,https://open.spotify.com/track/02GjIfCpwttPAikjm5Hwcb,happy
3Jc6X15OZCCyhGSHBF4hwB,House Of Cards,Radiohead,In Rainbows,2007-12-28,0,328293,https://open.spotify.com/track/3Jc6X15OZCCyhGSHBF4hwB,happy
7ckO5VCuSYBQGceDzJMd6S,How You Like Me Now,The Heavy,The House That Dirt Built,2009-10-05,0,217493,https://open.spotify.com/track/7ckO5VCuSYBQGceDzJMd6S,happy
0rbKrBvZUYY9GN9l057BuY,"always, i'll care",Jeremy Zucker,love is not dying,2020-04-17,64,146160,https://open.spotify.com/track/0rbKrBvZUYY9GN9l057BuY,happy
6dE8ijhkwjZDxZcjgTbgYi,Drift Beyond the Flame,The Velvet Sundown,Floating on Echoes,2025-06-05,42,197381,https://open.spotify.com/track/6dE8ijhkwjZDxZcjgTbgYi,happy
0Oqc0kKFsQ6MhFOLBNZIGX,Doin' Time,Lana Del Rey,Norman Fucking Rockwell!,2019-08-30,77,202192,https://open.spotify.com/track/0Oqc0kKFsQ6MhFOLBNZIGX,happy
7vcuTZAFyu0Z5dgMRLR0h0,Such Great Heights,Iron & Wine,Around The Well,2009-05-19,0,251280,https://open.spotify.com/track/7vcuTZAFyu0Z5dgMRLR0h0,happy
3BQHpFgAp4l80e1XslIjNI,Yesterday - Remastered 2009,The Beatles,Help! (Remastered),1965-08-06,76,125666,https://open.spotify.com/track/3BQHpFgAp4l80e1XslIjNI,happy
758wEKVqfYopJIHYWdLVd4,I Wanna Be Adored - Remastered 2009,The Stone Roses,The Stone Roses,1989-05-02,69,292800,https://open.spotify.com/track/758wEKVqfYopJIHYWdLVd4,happy
6fKYDxOtmHCd48k1BOqTPj,Broken Flags,The Velvet Sundown,Paper Sun Rebellion,2025-07-14,34,139693,https://open.spotify.com/track/6fKYDxOtmHCd48k1BOqTPj,happy
5p9XWUdvbUzmPCukOmwoU3,Suddenly I See,KT Tunstall,Eye To The Telescope,2005-01-01,77,201706,https://open.spotify.com/track/5p9XWUdvbUzmPCukOmwoU3,happy
4CxFN5zON70B3VOPBYbd6P,you were good to me,"Jeremy Zucker, Chelsea Cutler",brent,2019-05-03,68,219146,https://open.spotify.com/track/4CxFN5zON70B3VOPBYbd6P,happy
6b2oQwSGFkzsMtQruIWm2p,Creep,Radiohead,Pablo Honey,1993-02-22,5,238640,https://open.spotify.com/track/6b2oQwSGFkzsMtQruIWm2p,happy
1GjwC4ijDMQgAZZcRjqWjD,Jolene,Ray LaMontagne,Trouble,2004-09-14,0,250880,https://open.spotify.com/track/1GjwC4ijDMQgAZZcRjqWjD,happy
2GiYPEgOA7hb7sqsEWX8df,Stay With Me - Live From Spotify Berlin,Angus & Julia Stone,Spotify Sessions,2015-01-13,59,174360,https://open.spotify.com/track/2GiYPEgOA7hb7sqsEWX8df,happy
6SWenfzEh7o0Lao7xh52VZ,Smoke and Silence,The Velvet Sundown,Floating on Echoes,2025-06-05,37,170427,https://open.spotify.com/track/6SWenfzEh7o0Lao7xh52VZ,happy
45SuojHSMfl54DweMVw4Gj,Things That Stop You Dreaming,Passenger,All the Little Lights,2012-06-29,0,215346,https://open.spotify.com/track/45SuojHSMfl54DweMVw4Gj,happy
57nNNkgk768QVXq3uHxu5e,Ways to Go,GROUPLOVE,Spreading Rumours,2013-09-17,57,215520,https://open.spotify.com/track/57nNNkgk768QVXq3uHxu5e,happy
2ir2gcSm7S0H1Fa7oGKfLr,Boy With a Coin,Iron & Wine,The Shepherd's Dog,2007-09-25,0,245466,https://open.spotify.com/track/2ir2gcSm7S0H1Fa7oGKfLr,happy
5YAhKEMTGMh6SxTSYcUJl6,Postcards From Italy,Beirut,The Gulag Orkestar,2006-11-06,0,257480,https://open.spotify.com/track/5YAhKEMTGMh6SxTSYcUJl6,happy
6YbMJQkDv5IZjP0LhwqYWH,Fireflies in the Night,The Velvet Sundown,Paper Sun Rebellion,2025-07-14,30,132717,https://open.spotify.com/track/6YbMJQkDv5IZjP0LhwqYWH,happy
4uernaqrGGvb2ncMd4wibP,Brave,Sara Bareilles,Brave,2013-04-22,0,218960,https://open.spotify.com/track/4uernaqrGGvb2ncMd4wibP,happy
71jGGLe5VtEHjIk5dU2W3S,Red Eyes,The War On Drugs,Lost In The Dream,2014-03-18,1,298920,https://open.spotify.com/track/71jGGLe5VtEHjIk5dU2W3S,happy
3fXWFwIrPuHURa5cEEJ1GA,Floating on Echoes,The Velvet Sundown,Floating on Echoes,2025-06-05,34,159414,https://open.spotify.com/track/3fXWFwIrPuHURa5cEEJ1GA,happy
2a1iMaoWQ5MnvLFBDv4qkf,High and Dry,Radiohead,The Bends,1995-03-13,79,257480,https://open.spotify.com/track/2a1iMaoWQ5MnvLFBDv4qkf,happy
7jLcHabAmvWNvzGgeWv9NY,I Love You's,Hailee Steinfeld,I Love You’s,2020-03-26,0,216083,https://open.spotify.com/track/7jLcHabAmvWNvzGgeWv9NY,happy
1U1GtaJeYwGsPgqV9Me5bb,Hold You in My Arms,Ray LaMontagne,Trouble,2004-08-15,0,306200,https://open.spotify.com/track/1U1GtaJeYwGsPgqV9Me5bb,happy
6fOXeZLwVZ1J48d3xz6JnY,In the Summertime (Re-Recorded),Mungo Jerry,Bubble Gum Jukebox Hits,2008-01-01,0,219726,https://open.spotify.com/track/6fOXeZLwVZ1J48d3xz6JnY,happy
6Rxnq6T6b89rgQaDmzBF0l,Dance with Me Tonight,Olly Murs,Right Place Right Time (Deluxe),2011,0,202693,https://open.spotify.com/track/6Rxnq6T6b89rgQaDmzBF0l,happy
64JjvzPdH2h3u5cJDF4y96,Let it Burn,The Velvet Sundown,Dust and Silence,2025-06-20,32,182639,https://open.spotify.com/track/64JjvzPdH2h3u5cJDF4y96,happy
2ZlCGeK30BLRNSPC832pNZ,Forever (feat. Post Malone & Clever),"Justin Bieber, Post Malone, Clever",Changes,2020-02-14,64,219933,https://open.spotify.com/track/2ZlCGeK30BLRNSPC832pNZ,happy
7e2slxLEcaof91dBWxcEgi,Girl from the North Country,"Bob Dylan, Johnny Cash",Silver Linings Playbook,2012-11-19,32,220720,https://open.spotify.com/track/7e2slxLEcaof91dBWxcEgi,happy
0Vpswx5knuuXW8HmNK1LrT,My Girl,The Temptations,An American Love Story,1999-08-10,0,161693,https://open.spotify.com/track/0Vpswx5knuuXW8HmNK1LrT,happy
4UAW2gObi5o6sJla0qZpPn,Mariners Apartment Complex,Lana Del Rey,Mariners Apartment Complex,2018-09-12,0,246420,https://open.spotify.com/track/4UAW2gObi5o6sJla0qZpPn,happy
6XDIGKP7TQ1GLedtCtfshM,Pretty Lady,Tash Sultana,Pretty Lady,2020-04-09,53,277908,https://open.spotify.com/track/6XDIGKP7TQ1GLedtCtfshM,happy
28rfks1cQSZQyU9xDEyFrv,Thunder,The Velvet Sundown,Paper Sun Rebellion,2025-07-14,34,174836,https://open.spotify.com/track/28rfks1cQSZQyU9xDEyFrv,happy
4r9BGBdrCKIfYByG8TUjyt,Angela,The Lumineers,Angela,2016-04-01,0,201785,https://open.spotify.com/track/4r9BGBdrCKIfYByG8TUjyt,happy
1ueeLdAauagzEJ9coJQMYt,Straight into Your Arms,Vance Joy,Dream Your Life Away (Special Edition),2014-09-08,0,217156,https://open.spotify.com/track/1ueeLdAauagzEJ9coJQMYt,happy
5xN48kwYZWTUDXbPxVeszJ,Breakaway,George Ezra,Wanted on Voyage,2014-06-27,0,284146,https://open.spotify.com/track/5xN48kwYZWTUDXbPxVeszJ,happy
7ev2LID6ZBXCZ7hhtXkgdW,Ride...,The Velvet Sundown,Floating on Echoes,2025-06-05,33,172651,https://open.spotify.com/track/7ev2LID6ZBXCZ7hhtXkgdW,happy
6Fha6tXHkL3r9m9nNqQG8p,Georgia,Vance Joy,Dream Your Life Away,2014-09-08,56,230506,https://open.spotify.com/track/6Fha6tXHkL3r9m9nNqQG8p,happy
6dgF5wpOqx3JWKnYEIxQTE,The Sun,"Parov Stelar, Graham Candy",The Demon Diaries,2015-05-01,32,174777,https://open.spotify.com/track/6dgF5wpOqx3JWKnYEIxQTE,happy
18XrFsmzM5kOxg5zcd4DPy,Echoes Through the Pines,The Velvet Sundown,Dust and Silence,2025-06-20,33,161235,https://open.spotify.com/track/18XrFsmzM5kOxg5zcd4DPy,happy
4P6IttK2PRBjyr3fm0pP7t,Past Life (with Selena Gomez),"Trevor Daniel, Selena Gomez",Past Life (with Selena Gomez),2020-06-26,0,186480,https://open.spotify.com/track/4P6IttK2PRBjyr3fm0pP7t,happy
3SVAN3BRByDmHOhKyIDxfC,Karma Police,Radiohead,OK Computer,1997-05-28,1,264066,https://open.spotify.com/track/3SVAN3BRByDmHOhKyIDxfC,happy
5GbVzc6Ex5LYlLJqzRQhuy,Mystery of Love,Sufjan Stevens,Mystery of Love,2017-12-01,77,248960,https://open.spotify.com/track/5GbVzc6Ex5LYlLJqzRQhuy,happy
4iFUSznuHMozd2QbDMeaE5,Paper Sun Rebellion,The Velvet Sundown,Paper Sun Rebellion,2025-07-14,30,169355,https://open.spotify.com/track/4iFUSznuHMozd2QbDMeaE5,happy
5mMV6EaKeZWkGFvE1xg13n,Towers,Bon Iver,Bon Iver,2011-05-21,0,188040,https://open.spotify.com/track/5mMV6EaKeZWkGFvE1xg13n,happy
2jiPHbFX5XM8TjaTfYJ0eo,Stolen Dance,Milky Chance,Sadnecessary,2013-05-31,3,313684,https://open.spotify.com/track/2jiPHbFX5XM8TjaTfYJ0eo,happy
3xjr8NSgMbkcAEdVZgdui0,Love On Top,Beyoncé,4,2011-06-24,30,267413,https://open.spotify.com/track/3xjr8NSgMbkcAEdVZgdui0,happy
7HMmFQsKsljwTw8bS7lu19,Rare,Selena Gomez,Rare,2020-01-10,58,220589,https://open.spotify.com/track/7HMmFQsKsljwTw8bS7lu19,happy
1bSpwPhAxZwlR2enJJsv7U,No Surprises,Radiohead,OK Computer,1997-05-28,1,229120,https://open.spotify.com/track/1bSpwPhAxZwlR2enJJsv7U,happy
7z9t3EbbqynOCDf0SOYr7Q,Mirrors in the Smoke,The Velvet Sundown,Dust and Silence,2025-06-20,29,191776,https://open.spotify.com/track/7z9t3EbbqynOCDf0SOYr7Q,happy
458jTlaoleWTGRV4QTdQNZ,Hey,Pixies,Wave Of Mutilation: Best Of Pixies,2004-05-03,0,210933,https://open.spotify.com/track/458jTlaoleWTGRV4QTdQNZ,happy
2i0AUcEnsDm3dsqLrFWUCq,Tonight Tonight,Hot Chelle Rae,Whatever,2011-11-25,67,200466,https://open.spotify.com/track/2i0AUcEnsDm3dsqLrFWUCq,happy
73CKjW3vsUXRpy3NnX4H7F,Fake Plastic Trees,Radiohead,The Bends,1995-03-13,81,290706,https://open.spotify.com/track/73CKjW3vsUXRpy3NnX4H7F,happy
7EuTFqQnMZoIaGisMRCtf6,Flashed Junk Mind,Milky Chance,Sadnecessary,2013-05-31,1,262000,https://open.spotify.com/track/7EuTFqQnMZoIaGisMRCtf6,happy
3RevvqBG49tSee1JnzmAV9,Dust and Silence,The Velvet Sundown,Dust and Silence,2025-06-20,29,158574,https://open.spotify.com/track/3RevvqBG49tSee1JnzmAV9,happy
3pRaLNL3b8x5uBOcsgvdqM,Hallelujah,Jeff Buckley,Grace,1994,70,413826,https://open.spotify.com/track/3pRaLNL3b8x5uBOcsgvdqM,happy
0t6eWxZFkm89DuTj8tJ2fz,I Wanna Be Yours,Arctic Monkeys,AM,2013-09-09,0,183956,https://open.spotify.com/track/0t6eWxZFkm89DuTj8tJ2fz,happy
75ls0gurX68lUmMjE7QcsE,all the kids are depressed,Jeremy Zucker,glisten,2018-05-04,65,169973,https://open.spotify.com/track/75ls0gurX68lUmMjE7QcsE,happy
5ivF4eQBqJiVL5IAE9jRyl,I Won't Give Up,Jason Mraz,Love Is a Four Letter Word,2012-04-13,70,240165,https://open.spotify.com/track/5ivF4eQBqJiVL5IAE9jRyl,happy
7lr1EnNY7PahugRR99kk6a,Crimson Parade,The Velvet Sundown,Dust and Silence,2025-06-20,30,183887,https://open.spotify.com/track/7lr1EnNY7PahugRR99kk6a,happy
3I09LQbHS3NSU46Ly3tPpR,Feeling Good,Michael Bublé,It's Time,2005-02-07,66,237333,https://open.spotify.com/track/3I09LQbHS3NSU46Ly3tPpR,happy
2K0r5GD5zYlEMx2M7ZMcqG,Better Days,OneRepublic,Better Days,2020-03-25,54,144530,https://open.spotify.com/track/2K0r5GD5zYlEMx2M7ZMcqG,happy
7MapZTlRqFfUteNcghsTwf,Keep Your Head Up,Andy Grammer,Andy Grammer,2011-01-01,0,190480,https://open.spotify.com/track/7MapZTlRqFfUteNcghsTwf,happy
7K6LFPfjdnN6QqvGzhvpRO,Like Real People Do,Hozier,Hozier,2014-10-07,52,198026,https://open.spotify.com/track/7K6LFPfjdnN6QqvGzhvpRO,happy
64l9v6VIVB3lJX86uBTETu,Ashes on the Carousel,The Velvet Sundown,Paper Sun Rebellion,2025-07-14,32,161305,https://open.spotify.com/track/64l9v6VIVB3lJX86uBTETu,happy
20XdEFyaUR9C7aDIdq2OAd,Summertime,DJ Jazzy Jeff & The Fresh Prince,Homebase,1991-07-09,61,270973,https://open.spotify.com/track/20XdEFyaUR9C7aDIdq2OAd,happy
53L6A3I9vf7rgEZnMzx54E,Mountain at My Gates,Foals,What Went Down,2015-08-28,1,244293,https://open.spotify.com/track/53L6A3I9vf7rgEZnMzx54E,happy
2kJqNHHGOzLNahukdvlDWN,Drive,Oh Wonder,Oh Wonder,2015-09-04,53,196465,https://open.spotify.com/track/2kJqNHHGOzLNahukdvlDWN,happy
0DrFTaAX2srXPkuag35djb,Nice To Meet Ya,Niall Horan,Heartbreak Weather,2020-03-13,59,158805,https://open.spotify.com/track/0DrFTaAX2srXPkuag35djb,happy
30Dq3MfB6qPyqxLHE5vymy,Back Home Never Came,The Velvet Sundown,Floating on Echoes,2025-06-05,32,183673,https://open.spotify.com/track/30Dq3MfB6qPyqxLHE5vymy,happy
4l0Mvzj72xxOpRrp6h8nHi,Lose You To Love Me,Selena Gomez,Rare,2020-01-10,77,206458,https://open.spotify.com/track/4l0Mvzj72xxOpRrp6h8nHi,happy
4qe5hFRQFUCBPVrWrAZa8g,La Belle Fleur Sauvage,Lord Huron,Strange Trails,2015-04-06,0,341136,https://open.spotify.com/track/4qe5hFRQFUCBPVrWrAZa8g,happy
33xh6sgYhga7iQ7HARN7V6,About Today,The National,Cherry Tree,2004,0,250760,https://open.spotify.com/track/33xh6sgYhga7iQ7HARN7V6,happy
0mUyMawtxj1CJ76kn9gIZK,Bad Day,Daniel Powter,Daniel Powter,2005-02-22,76,233640,https://open.spotify.com/track/0mUyMawtxj1CJ76kn9gIZK,happy
6C9yuFSXtOwYh1vw8lxoko,Where War Remains,The Velvet Sundown,Dust and Silence,2025-06-20,36,163026,https://open.spotify.com/track/6C9yuFSXtOwYh1vw8lxoko,happy
67WTwafOMgegV6ABnBQxcE,Some Nights,fun.,Some Nights,2012-02-14,69,277040,https://open.spotify.com/track/67WTwafOMgegV6ABnBQxcE,happy
0GuQcX8wTe8bUZ72ZncR7m,All Along The Watchtower,Jimi Hendrix,Music From The Motion Picture Watchmen,2009-02-24,0,239666,https://open.spotify.com/track/0GuQcX8wTe8bUZ72ZncR7m,happy
3JORxqvchEuFYyKuQbRv4V,Booty Swing - Original,Parov Stelar,The Electro Swing Revolution Vol. 2,2011-01-01,0,196513,https://open.spotify.com/track/3JORxqvchEuFYyKuQbRv4V,happy
3RauEVgRgj1IuWdJ9fDs70,The Man,Taylor Swift,Lover,2019-08-23,76,190360,https://open.spotify.com/track/3RauEVgRgj1IuWdJ9fDs70,happy
5DqOGls5TEZzNTylT0hMFz,Dead Man’s Parade,The Velvet Sundown,Paper Sun Rebellion,2025-07-14,33,134392,https://open.spotify.com/track/5DqOGls5TEZzNTylT0hMFz,happy
0uKrhHBDUQ4w5fv4qwOubP,Breathe,"Télépopmusik, Angela McCluskey",Genetic World,2001-01-01,62,282240,https://open.spotify.com/track/0uKrhHBDUQ4w5fv4qwOubP,happy
1s8tP3jP4GZcyHDsjvw218,93 Million Miles,Jason Mraz,Love Is a Four Letter Word (Deluxe Edition),2012-04-13,50,216386,https://open.spotify.com/track/1s8tP3jP4GZcyHDsjvw218,happy
5IUOU5xkzGHsRFOYNu3GSK,No Judgement,Niall Horan,No Judgement,2020-02-07,46,176283,https://open.spotify.com/track/5IUOU5xkzGHsRFOYNu3GSK,happy
175AZ2sqnNKBfA2ufvT3p9,Brooklyn Baby,Lana Del Rey,Brooklyn Baby,2014-01-01,0,351640,https://open.spotify.com/track/175AZ2sqnNKBfA2ufvT3p9,happy
5LRxSyiIRHQD26h1mdM0Ir,My Friend,Groove Armada,Goodbye Country (Hello Nightclub),2001-07-11,59,300266,https://open.spotify.com/track/5LRxSyiIRHQD26h1mdM0Ir,happy
1ewvnuPfQ6zbN0d8mRfvW0,Freedom's Song,The Velvet Sundown,Floating on Echoes,2025-06-05,30,195767,https://open.spotify.com/track/1ewvnuPfQ6zbN0d8mRfvW0,happy
7be9dRbxAmRogtGDJCVhzE,Naked as We Came,Iron & Wine,Our Endless Numbered Days,2004-03-23,0,152626,https://open.spotify.com/track/7be9dRbxAmRogtGDJCVhzE,happy
3P5EAzNwT3tBafKX8xzyvf,Apocalypse,Cigarettes After Sex,Apocalypse,2017-03-21,0,290146,https://open.spotify.com/track/3P5EAzNwT3tBafKX8xzyvf,happy
44OhxyHvHW4X0eFyMUiyLt,Ragged Wood,Fleet Foxes,Fleet Foxes (2CD Version),2009-01-30,0,305320,https://open.spotify.com/track/44OhxyHvHW4X0eFyMUiyLt,happy
0umDVf77ygI5RiVp9OvNDj,Pyro,Kings of Leon,Come Around Sundown (Expanded Edition),2010-10-19,76,250533,https://open.spotify.com/track/0umDVf77ygI5RiVp9OvNDj,happy
6t1ahr2f1t9iSjjNFwFb4C,Jungle,Tash Sultana,Notion,2017-03-01,1,315602,https://open.spotify.com/track/6t1ahr2f1t9iSjjNFwFb4C,happy
3FAclTFfvUuQYnEsptbK8w,Back To Black,Amy Winehouse,Back To Black (Deluxe Edition),2006,82,241293,https://open.spotify.com/track/3FAclTFfvUuQYnEsptbK8w,happy
3tchJ8gDgMdaSxpaLxlr1F,To Be Alone With You,Sufjan Stevens,Seven Swans,2004-03-16,0,168040,https://open.spotify.com/track/3tchJ8gDgMdaSxpaLxlr1F,happy
07qjj9wba17ggEb2RQCoIa,End the Pain,The Velvet Sundown,Floating on Echoes,2025-06-05,38,165115,https://open.spotify.com/track/07qjj9wba17ggEb2RQCoIa,happy
1Eolhana7nKHYpcYpdVcT5,Little Wing,Jimi Hendrix,Axis: Bold As Love,1967-12-01,67,145746,https://open.spotify.com/track/1Eolhana7nKHYpcYpdVcT5,happy
6WlS5FP9XcB410zta3C67v,Flume,Bon Iver,"For Emma, Forever Ago",2007-07-08,0,219000,https://open.spotify.com/track/6WlS5FP9XcB410zta3C67v,happy
0iWUW8UNkmyUa8Aa6anow6,Call It Dreaming,Iron & Wine,Call It Dreaming,2017-08-06,0,231760,https://open.spotify.com/track/0iWUW8UNkmyUa8Aa6anow6,happy
4sY9cYghyQuWmIO88GskUq,Burning Skies,The Velvet Sundown,Paper Sun Rebellion,2025-07-14,32,127066,https://open.spotify.com/track/4sY9cYghyQuWmIO88GskUq,happy
6liNJDyWJjyHAgDnAX95bw,Fire and the Flood,Vance Joy,Dream Your Life Away (Special Edition),2014-09-08,2,249382,https://open.spotify.com/track/6liNJDyWJjyHAgDnAX95bw,happy
3oZXXz6RVHsl8PSDtt3vCt,All Night,Parov Stelar,The Princess,2012-04-20,45,166613,https://open.spotify.com/track/3oZXXz6RVHsl8PSDtt3vCt,happy
0u8ekDfiPVBsju2LBLvDvI,You Know I'm No Good,Amy Winehouse,Frank & Back To Black,2008-01-01,0,256946,https://open.spotify.com/track/0u8ekDfiPVBsju2LBLvDvI,happy
70WyPf8WtXvG3CgeTZZWz6,Nantes,Beirut,The Flying Club Cup,2007-10-08,0,230200,https://open.spotify.com/track/70WyPf8WtXvG3CgeTZZWz6,happy
0NeJjNlprGfZpeX2LQuN6c,River,Leon Bridges,Coming Home,2015-06-15,0,238560,https://open.spotify.com/track/0NeJjNlprGfZpeX2LQuN6c,happy
4daJGdCAOS1OgNwgfLmVQl,Marching Shadows,The Velvet Sundown,Floating on Echoes,2025-06-05,35,215018,https://open.spotify.com/track/4daJGdCAOS1OgNwgfLmVQl,happy
5GW2n1h3BNYnpU7lK23iKv,Gun Song,The Lumineers,Cleopatra,2016-04-08,0,216546,https://open.spotify.com/track/5GW2n1h3BNYnpU7lK23iKv,happy
0iTpQYzJnYgh7kIxyq8A2O,Two Weeks,Grizzly Bear,Veckatimest,2009-05-24,1,243160,https://open.spotify.com/track/0iTpQYzJnYgh7kIxyq8A2O,happy
1JDMO4EVPHtm0xXhJb2IjR,Youth,Daughter,The Wild Youth EP,2012-02-29,0,251626,https://open.spotify.com/track/1JDMO4EVPHtm0xXhJb2IjR,happy
2oeW0aX72sAgpWxI0jLLG1,K.,Cigarettes After Sex,K.,2016-11-15,0,319560,https://open.spotify.com/track/2oeW0aX72sAgpWxI0jLLG1,happy
4T9Y4qdJtck08DsQuLhYGn,Where the Rebels Meet,The Velvet Sundown,Dust and Silence,2025-06-20,28,156896,https://open.spotify.com/track/4T9Y4qdJtck08DsQuLhYGn,happy
1XFYs8doNArJcIdbUEMEDB,Let It Go,James Bay,Let It Go,2014-06-03,0,261160,https://open.spotify.com/track/1XFYs8doNArJcIdbUEMEDB,happy
6T7tyXfvNZwAR3XDktNCBi,Beautiful Soul,Jesse McCartney,Beautiful Soul,2004,0,215160,https://open.spotify.com/track/6T7tyXfvNZwAR3XDktNCBi,happy
4XtjTuZHA6F9NIblpvpXOf,Down By The River,Milky Chance,Sadnecessary,2013-05-31,0,241052,https://open.spotify.com/track/4XtjTuZHA6F9NIblpvpXOf,happy
3Vg7yzoRXS5X6YLMtM0SR6,Velvet Fireline,The Velvet Sundown,Paper Sun Rebellion,2025-07-14,34,163026,https://open.spotify.com/track/3Vg7yzoRXS5X6YLMtM0SR6,happy
5LABCxgmP7DATATIJXOh6n,Ever Since New York,Harry Styles,Harry Styles,2017-05-12,63,253386,https://open.spotify.com/track/5LABCxgmP7DATATIJXOh6n,happy
0xLoYaRyQxTDR7kNIo69B3,From Afar,Vance Joy,Dream Your Life Away,2014-09-08,38,262200,https://open.spotify.com/track/0xLoYaRyQxTDR7kNIo69B3,happy
3kSXn1osC89W8JcPLozTzs,Stand By You,Rachel Platten,Wildfire,2016-01-01,61,219000,https://open.spotify.com/track/3kSXn1osC89W8JcPLozTzs,happy
123W7snVRuONLwn2uMdJB3,Berlin,RY X,Berlin EP,2013-08-28,0,170551,https://open.spotify.com/track/123W7snVRuONLwn2uMdJB3,happy
3KMAhfFl3fH4qciGkw79Lm,For the Ones We Couldn't Keep,The Velvet Sundown,Dust and Silence,2025-06-20,29,180142,https://open.spotify.com/track/3KMAhfFl3fH4qciGkw79Lm,happy
3NxWJWftvkstyxvb1pZlFo,Teeth,5 Seconds of Summer,CALM,2020-03-27,81,205502,https://open.spotify.com/track/3NxWJWftvkstyxvb1pZlFo,happy
35LhGHTtmugaTek0Jv6uex,Rebel Shout,The Velvet Sundown,Floating on Echoes,2025-06-05,38,178829,https://open.spotify.com/track/35LhGHTtmugaTek0Jv6uex,happy
7qEHsqek33rTcFNT9PFqLf,Someone You Loved,Lewis Capaldi,Divinely Uninspired To A Hellish Extent,2019-05-17,87,182160,https://open.spotify.com/track/7qEHsqek33rTcFNT9PFqLf,happy
5kRBzRZmZTXVg8okC7SJFZ,Another Day Of Sun,La La Land Cast,La La Land (Original Motion Picture Soundtrack),2016-12-09,65,228173,https://open.spotify.com/track/5kRBzRZmZTXVg8okC7SJFZ,happy
4wNIkl5XGiAACjFBlDWuSd,What A Man Gotta Do,Jonas Brothers,What A Man Gotta Do,2020-01-17,70,180644,https://open.spotify.com/track/4wNIkl5XGiAACjFBlDWuSd,happy
6GskIhdM6TN6EkPgeSjVfW,Fidelity,Regina Spektor,Begin to Hope (Special Edition),2006-06-13,46,226680,https://open.spotify.com/track/6GskIhdM6TN6EkPgeSjVfW,happy
7rbCL7W893Zonbfnevku5s,I Need My Girl,The National,Trouble Will Find Me,2013-05-27,0,245240,https://open.spotify.com/track/7rbCL7W893Zonbfnevku5s,happy
5nKHziy9tcaFzLEuowQ9KX,Interlude,The Velvet Sundown,Floating on Echoes,2025-06-05,29,130285,https://open.spotify.com/track/5nKHziy9tcaFzLEuowQ9KX,happy
4LKiFDUTwsqX8K3Up8I8K0,White Winter Hymnal,Fleet Foxes,Fleet Foxes,2008-01-01,0,147026,https://open.spotify.com/track/4LKiFDUTwsqX8K3Up8I8K0,happy
5wLBkpEwHIlNZJaeh0s7bR,Hello My Old Heart,The Oh Hellos,The Oh Hello's,2011-12-01,0,256006,https://open.spotify.com/track/5wLBkpEwHIlNZJaeh0s7bR,happy
6M6qxBFX5OYmbWInBRtOfX,Outro,The Velvet Sundown,Floating on Echoes,2025-06-05,31,168525,https://open.spotify.com/track/6M6qxBFX5OYmbWInBRtOfX,happy
6YEyNkfWYAFTib8j1eXg1A,"Hey, Ma",Bon Iver,"Hey, Ma",2019-06-04,0,216706,https://open.spotify.com/track/6YEyNkfWYAFTib8j1eXg1A,happy
6iBWazas8QsDtBnjlXkrXk,The Sound Of Sunshine,Michael Franti & Spearhead,The Sound Of Sunshine,2010-01-01,1,225133,https://open.spotify.com/track/6iBWazas8QsDtBnjlXkrXk,happy
5p3JunprHCxClJjOmcLV8G,Walk On the Wild Side,Lou Reed,Transformer,1972-12-01,71,254173,https://open.spotify.com/track/5p3JunprHCxClJjOmcLV8G,happy
0DQqzCHlPyKQXfF8uL01SI,Sunny Afternoon,The Kinks,Face to Face (Deluxe),1966-10-28,1,210525,https://open.spotify.com/track/0DQqzCHlPyKQXfF8uL01SI,happy
3iwujDVtiJQwqbvjVS6LZV,Build Me Up Buttercup,The Foundations,The Very Best Of The Foundations,2008-09-30,0,180280,https://open.spotify.com/track/3iwujDVtiJQwqbvjVS6LZV,happy
4vju55Ag7apDL2CfotuE7Q,Sunny,Bobby Hebb,Sunny,1966-01-01,65,165066,https://open.spotify.com/track/4vju55Ag7apDL2CfotuE7Q,happy
5PRRthP9SLfbXB359MfIWv,I Will Wait,Mumford & Sons,Babel (Deluxe Version),2012-09-21,72,276720,https://open.spotify.com/track/5PRRthP9SLfbXB359MfIWv,happy
1VdZ0vKfR5jneCmWIUAMxK,The A Team,Ed Sheeran,+,2011-09-09,75,258373,https://open.spotify.com/track/1VdZ0vKfR5jneCmWIUAMxK,happy
2vzMWO0T008m86yDnXwkII,Blame It on Me,George Ezra,Wanted on Voyage (Expanded Edition),2014-06-30,70,196400,https://open.spotify.com/track/2vzMWO0T008m86yDnXwkII,happy
3dYD57lRAUcMHufyqn9GcI,Take Me To Church,Hozier,Hozier,2014-09-19,83,241688,https://open.spotify.com/track/3dYD57lRAUcMHufyqn9GcI,happy
2cOUlop2ZakjOKe4WinesN,Slow Hands,Niall Horan,Flicker (Deluxe),2017-10-20,71,188174,https://open.spotify.com/track/2cOUlop2ZakjOKe4WinesN,happy
456WNXWhDwYOSf5SpTuqxd,Dog Days Are Over,Florence + The Machine,Lungs (Deluxe Version),2009,80,252818,https://open.spotify.com/track/456WNXWhDwYOSf5SpTuqxd,happy
6IGA5YrFiEr5ANrMqKkR6H,Good Grief,Bastille,Wild World,2016-09-09,67,206493,https://open.spotify.com/track/6IGA5YrFiEr5ANrMqKkR6H,happy
2AXY5WABx7NjWw1zb4qCdc,Cleopatra,The Lumineers,Cleopatra,2016-04-08,74,201413,https://open.spotify.com/track/2AXY5WABx7NjWw1zb4qCdc,happy
244AvzGQ4Ksa5637JQu5Gy,You've Got The Love,Florence + The Machine,Lungs (Deluxe Version),2009,76,168666,https://open.spotify.com/track/244AvzGQ4Ksa5637JQu5Gy,happy
75JFxkI2RXiU7L9VXzMkle,The Scientist,Coldplay,A Rush of Blood to the Head,2002-08-27,88,309600,https://open.spotify.com/track/75JFxkI2RXiU7L9VXzMkle,happy
2KrN3MCNztKcSleZgHEj83,Little Lion Man,Mumford & Sons,Sigh No More,2009-01-01,69,245173,https://open.spotify.com/track/2KrN3MCNztKcSleZgHEj83,happy
78TTtXnFQPzwqlbtbwqN0y,FourFiveSeconds,"Rihanna, Kanye West, Paul McCartney",FourFiveSeconds,2015-01-24,76,188238,https://open.spotify.com/track/78TTtXnFQPzwqlbtbwqN0y,happy
71iSmEeF0qRVyULABxP75P,Shake It Out,Florence + The Machine,Ceremonials (Original Deluxe Version),2011-01-01,71,277600,https://open.spotify.com/track/71iSmEeF0qRVyULABxP75P,happy
7mnGQesk1TzQLzQ9bYWZPR,She's so High,Tal Bachman,Tal Bachman,1999-02-23,72,224693,https://open.spotify.com/track/7mnGQesk1TzQLzQ9bYWZPR,happy
0NlGoUyOJSuSHmngoibVAs,All I Want,Kodaline,In A Perfect World (Expanded Edition),2013-06-17,79,305746,https://open.spotify.com/track/0NlGoUyOJSuSHmngoibVAs,happy
0Z5ok0QLLttAKsujOZYOXf,Chasing Pavements,Adele,19,2008-01-27,75,210506,https://open.spotify.com/track/0Z5ok0QLLttAKsujOZYOXf,happy
285hMzLhJwHVLe9QT9qilk,Breakeven,The Script,The Script,2008-07-14,82,261426,https://open.spotify.com/track/285hMzLhJwHVLe9QT9qilk,happy
5TvE3pk05pyFIGdSY9j4DJ,Say Something,"A Great Big World, Christina Aguilera",Is There Anybody Out There? - Track by Track Commentary,2014-01-16,69,229400,https://open.spotify.com/track/5TvE3pk05pyFIGdSY9j4DJ,happy
4sDbdBjuYQVdNNB4PiHUPo,Coastline,Hollow Coves,Wanderlust,2017-03-17,77,233973,https://open.spotify.com/track/4sDbdBjuYQVdNNB4PiHUPo,happy
4LloVtxNZpeh7q7xdi1DQc,"Free Fallin' - Live at the Nokia Theatre, Los Angeles, CA - December 2007",John Mayer,Where the Light Is: John Mayer Live In Los Angeles,2008,70,263573,https://open.spotify.com/track/4LloVtxNZpeh7q7xdi1DQc,happy
563SfWAHJs4FBZMkRN0IFN,Send My Love (To Your New Lover),Adele,25,2015-11-20,72,223078,https://open.spotify.com/track/563SfWAHJs4FBZMkRN0IFN,happy
4RL77hMWUq35NYnPLXBpih,Skinny Love,Birdy,Birdy,2011-11-04,71,201080,https://open.spotify.com/track/4RL77hMWUq35NYnPLXBpih,happy
0Qh38w01QRXK6KHIv0e3hb,What About Us,P!nk,Beautiful Trauma,2017-10-13,78,269600,https://open.spotify.com/track/0Qh38w01QRXK6KHIv0e3hb,happy
2DRMuw0U0QbkVQxWxdJV3M,Water Under the Bridge,Adele,25,2015-11-20,72,240439,https://open.spotify.com/track/2DRMuw0U0QbkVQxWxdJV3M,happy
6O5TrlFWTYvznd9fMC0VvU,When We Were Young,Adele,25,2015-11-20,78,290900,https://open.spotify.com/track/6O5TrlFWTYvznd9fMC0VvU,happy
0zMzyHAeMvwq5CRstru1Fp,Lost Boy,Ruth B.,Safe Haven,2017-05-05,70,276066,https://open.spotify.com/track/0zMzyHAeMvwq5CRstru1Fp,happy
0JbCPKWg1Rap9cjI6bd3hU,9,Komorebi,9,2022-08-19,33,79124,https://open.spotify.com/track/0JbCPKWg1Rap9cjI6bd3hU,happy
2aDGkzw32uPqVojnP2FA6j,Bop,her.story,Bop,2024-03-15,33,96000,https://open.spotify.com/track/2aDGkzw32uPqVojnP2FA6j,happy
3t2DxDUWZSQvrpzwsrTqy7,blue,kid.,blue,2021-11-08,33,121558,https://open.spotify.com/track/3t2DxDUWZSQvrpzwsrTqy7,happy
7qHeuxMW24ou3mQ7rWBd5R,Baby Love,Yowshi,Baby Love,2023-04-05,32,74666,https://open.spotify.com/track/7qHeuxMW24ou3mQ7rWBd5R,happy
2NFMziE2ungdfG6ivMY8KL,Love On,Flôr,Love On,2024-03-15,31,82285,https://open.spotify.com/track/2NFMziE2ungdfG6ivMY8KL,happy
14gDihkFq8tG9M7alOTOLu,The Last Farewell,Shou,The Last Farewell,2023-03-24,31,76800,https://open.spotify.com/track/14gDihkFq8tG9M7alOTOLu,happy
0GdlC1XE3zx2zSJyNH1ED3,Maiden Voyage,Klein,Maiden Voyage,2023-02-03,32,96000,https://open.spotify.com/track/0GdlC1XE3zx2zSJyNH1ED3,happy
1Ti9F1UaRHcKsqtjgUaAie,Spiral,Wolly,Honey,2023-09-06,32,81666,https://open.spotify.com/track/1Ti9F1UaRHcKsqtjgUaAie,happy
5jP2lNjFxI8QUVsKDQmB6M,One,Tashi,One,2023-03-17,32,74666,https://open.spotify.com/track/5jP2lNjFxI8QUVsKDQmB6M,happy
5kMi0aieAmlkQVbRkR6NzO,Air,Idyllic,Air,2022-09-16,31,96000,https://open.spotify.com/track/5kMi0aieAmlkQVbRkR6NzO,happy
460P75TbOw41OJjqGH1gxr,It's Cold Outside,Dreams For Two,It's Cold Outside,2023-02-24,31,106285,https://open.spotify.com/track/460P75TbOw41OJjqGH1gxr,happy
4zuNW5kezWnXoBVHvktuiI,Stray,Loodwig,Stray,2024-03-15,30,85333,https://open.spotify.com/track/4zuNW5kezWnXoBVHvktuiI,happy
02JUn55LWuymNwqkvY1Hek,Love Language,Wells,Love Language,2024-03-15,30,72000,https://open.spotify.com/track/02JUn55LWuymNwqkvY1Hek,happy
1j37APtfR9AjRqAzBwrAxI,Empty Without You,just johnny,Empty Without You,2023-03-17,31,74666,https://open.spotify.com/track/1j37APtfR9AjRqAzBwrAxI,happy
1m66irlC3qOQvmTPjwnkci,Perspective,Whimsical,Perspective,2022-08-26,30,89302,https://open.spotify.com/track/1m66irlC3qOQvmTPjwnkci,happy
7xXoiBR98HsfK1jgjmqGrf,addicted to love,snow.,addicted to love,2022-07-08,33,90000,https://open.spotify.com/track/7xXoiBR98HsfK1jgjmqGrf,happy
7cnaubKwp0UvXIT5G3J58n,vertigo,heavn,in the morning,2023-09-08,31,84000,https://open.spotify.com/track/7cnaubKwp0UvXIT5G3J58n,happy
6zPyhUNegCuw9BIfC4K5kG,Chill Like That,Cashmere,Chill Like That,2024-05-30,30,67764,https://open.spotify.com/track/6zPyhUNegCuw9BIfC4K5kG,happy
0jhpe4AiFQIJm3Mhn2sO3n,Intergalactic S.O.S.,Murmur,Intergalactic S.O.S.,2022-04-08,30,84000,https://open.spotify.com/track/0jhpe4AiFQIJm3Mhn2sO3n,happy
7ewwwKUD6pnqJqxz2nxGlD,Riding Around,softhead,Riding Around,2024-05-30,30,74666,https://open.spotify.com/track/7ewwwKUD6pnqJqxz2nxGlD,happy
74u8Oi33nb7F0rT3QUEOxD,One More Chance,Dulcet,One More Chance,2022-09-30,31,88000,https://open.spotify.com/track/74u8Oi33nb7F0rT3QUEOxD,happy
6BnK6LjEGWPnODFdkKK9Rz,special,saamson,special,2024-03-15,29,85333,https://open.spotify.com/track/6BnK6LjEGWPnODFdkKK9Rz,happy
1ddQ6h3BHvp973sj0Q9zBd,Can't Sleep,"nothing less, Flôr, softhead",Forever Ago,2021-07-19,31,110344,https://open.spotify.com/track/1ddQ6h3BHvp973sj0Q9zBd,happy
2hH0UgwTfkf5ImXNJpTD12,Crystal Silence,Effortless,Crystal Silence,2023-03-24,29,81600,https://open.spotify.com/track/2hH0UgwTfkf5ImXNJpTD12,happy
4nC3D9pFnEZ0HPB1dLxHE5,I Remember,Nivla,I Remember,2023-04-28,31,87407,https://open.spotify.com/track/4nC3D9pFnEZ0HPB1dLxHE5,happy
66CkeSRd6Zix5cUPsVZxNT,we don't ever stop,sumthin,call me when ur lonely,2023-09-08,30,72000,https://open.spotify.com/track/66CkeSRd6Zix5cUPsVZxNT,happy
3M3katEt1tRdIeCfkkCZRN,Check!,Juuzou,Check!,2024-03-15,29,72000,https://open.spotify.com/track/3M3katEt1tRdIeCfkkCZRN,happy
5XeGvcJFmSRkC8Chi1YVSV,Neverender,Natsu,Neverender,2024-05-30,29,80963,https://open.spotify.com/track/5XeGvcJFmSRkC8Chi1YVSV,happy
3rE7n9QvTAZ9PpqTRpnPpv,Bolero,mëow mëow,Bolero,2023-02-24,29,78837,https://open.spotify.com/track/3rE7n9QvTAZ9PpqTRpnPpv,happy
1MChwTr5BLret8L0kZIo8p,cold times,majic,cold times,2022-12-23,30,88000,https://open.spotify.com/track/1MChwTr5BLret8L0kZIo8p,happy
2gru83WbPrW1sQwjwjfxjz,Wonders,Lonely Boy,Wonders,2023-09-06,29,66666,https://open.spotify.com/track/2gru83WbPrW1sQwjwjfxjz,happy
02kgyMLhwHXwQAI4L4w3Sj,Adrenaline,eiji,Adrenaline,2024-05-18,29,82285,https://open.spotify.com/track/02kgyMLhwHXwQAI4L4w3Sj,happy
3Xybb3nqkwyHaJ2izrbrys,Pirate Jenny,Akasha,Pirate Jenny,2023-02-24,29,72000,https://open.spotify.com/track/3Xybb3nqkwyHaJ2izrbrys,happy
2Vhn98lpsCZJ7aYVtJ2dlZ,i'm in love again,blossom,i'm in love again,2023-03-31,30,79411,https://open.spotify.com/track/2Vhn98lpsCZJ7aYVtJ2dlZ,happy
5GnVWLvlu1jkJp9u8vhMYU,pathways,yums.,pathways,2023-09-06,29,76800,https://open.spotify.com/track/5GnVWLvlu1jkJp9u8vhMYU,happy
0lgNpBHqYJEqsbdMr2tiAh,Cosmic Dancer,Rascal,Cosmic Dancer,2023-04-05,29,84705,https://open.spotify.com/track/0lgNpBHqYJEqsbdMr2tiAh,happy
17pkjKEkzhxb0fHxEQtzM0,Silver Dreams,Komorebi,Silver Dreams,2024-03-15,28,83720,https://open.spotify.com/track/17pkjKEkzhxb0fHxEQtzM0,happy
4PVQDrPPROhsTFIKESTNVo,La Ritournelle,"her.story, eiji, Dreams For Two",La Ritournelle,2021-09-24,30,97142,https://open.spotify.com/track/4PVQDrPPROhsTFIKESTNVo,happy
6FKTedzxnSRiYsw5pr4taI,flash light,kid.,flash light,2023-04-28,29,72000,https://open.spotify.com/track/6FKTedzxnSRiYsw5pr4taI,happy
6xPxpGTblcs1LzwDGBv5FS,Advice,Yowshi,Advice,2023-09-08,29,80000,https://open.spotify.com/track/6xPxpGTblcs1LzwDGBv5FS,happy
4Q6lcRdTZBcrQMIpGPSNUf,Liar,Flôr,Liar,2023-01-20,33,96000,https://open.spotify.com/track/4Q6lcRdTZBcrQMIpGPSNUf,happy
5yeDG5cvsIQoOu4wVmZYoa,Joe Hill,Shou,Joe Hill,2023-02-24,28,72000,https://open.spotify.com/track/5yeDG5cvsIQoOu4wVmZYoa,happy
2HqlnCdgJ8rByxAq7byvNQ,Stomp,Klein,Stomp,2023-03-31,29,86769,https://open.spotify.com/track/2HqlnCdgJ8rByxAq7byvNQ,happy
3KHavOakMQ6ehSMPPdlqZQ,Speak No Evil,Wolly,Dreamland,2023-05-19,29,76800,https://open.spotify.com/track/3KHavOakMQ6ehSMPPdlqZQ,happy
6ZbonaPBSLVEKIYAUFriyh,Bleachers,Tashi,Bleachers,2024-05-30,27,64000,https://open.spotify.com/track/6ZbonaPBSLVEKIYAUFriyh,happy
6BXaLhUrmvKEpSn8SLDp8D,Get Happy,Idyllic,Get Happy,2023-04-14,28,80250,https://open.spotify.com/track/6BXaLhUrmvKEpSn8SLDp8D,happy
5luP5QNcQ46IViF9N79HYd,Time,Dreams For Two,Time,2022-07-29,28,90434,https://open.spotify.com/track/5luP5QNcQ46IViF9N79HYd,happy
49jVvHIxmVTqIEyNQJgyd3,Limp,Loodwig,Limp,2023-03-03,28,79838,https://open.spotify.com/track/49jVvHIxmVTqIEyNQJgyd3,happy
3lnR90Kz7Dzvxnjo2NQlh3,Looping,Wells,Looping,2023-05-19,28,76800,https://open.spotify.com/track/3lnR90Kz7Dzvxnjo2NQlh3,happy
4cgP9X6AU2Lu6nzc5shwnU,Me Before You,just johnny,Me Before You,2024-03-15,27,76800,https://open.spotify.com/track/4cgP9X6AU2Lu6nzc5shwnU,happy
524g4vfFZYVVjYI1qY81nk,Fallin',Whimsical,Fallin',2023-01-27,28,84666,https://open.spotify.com/track/524g4vfFZYVVjYI1qY81nk,happy
1ZHZdTeGN43cfpVzaghhNX,alone,snow.,alone,2024-03-15,28,74666,https://open.spotify.com/track/1ZHZdTeGN43cfpVzaghhNX,happy
18GIGhm1nzIVRAUXUiGquj,love/hate,heavn,in the morning,2023-09-08,28,90352,https://open.spotify.com/track/18GIGhm1nzIVRAUXUiGquj,happy
5nMD33mJCapsIY4lNM4mab,Golden Boy,Cashmere,Golden Boy,2024-03-15,27,80000,https://open.spotify.com/track/5nMD33mJCapsIY4lNM4mab,happy
4Hr1Oqwq8HVBf3b57uJULE,Goodbye To Love,Murmur,Goodbye To Love,2023-03-17,28,82285,https://open.spotify.com/track/4Hr1Oqwq8HVBf3b57uJULE,happy
6mu80dBq4GbAaWL3nUEIKy,Dazed and Confused,softhead,Dazed and Confused,2021-09-09,29,99000,https://open.spotify.com/track/6mu80dBq4GbAaWL3nUEIKy,happy
2QYRxW2bqJzlVl6eCo5e0C,Vicious Circle,Dulcet,Vicious Circle,2024-05-30,27,80000,https://open.spotify.com/track/2QYRxW2bqJzlVl6eCo5e0C,happy
3xfHLIADzDovSImSsQCh0h,more than ever,saamson,orange yard,2023-09-08,27,69120,https://open.spotify.com/track/3xfHLIADzDovSImSsQCh0h,happy
4gbkoEctEp2Gvmr0ccNjG6,Grips,nothing less,Grips,2024-05-30,26,85333,https://open.spotify.com/track/4gbkoEctEp2Gvmr0ccNjG6,happy
5zb67JNe7XpbYVAHPRHxBP,Another Night,Effortless,Another Night,2024-05-30,26,82000,https://open.spotify.com/track/5zb67JNe7XpbYVAHPRHxBP,happy
3zfwmzY7is9EG3bP4UqRQf,South Street,Nivla,South Street,2023-03-31,29,77315,https://open.spotify.com/track/3zfwmzY7is9EG3bP4UqRQf,happy
4aJQcpLd9niqYFE7mOTIYj,offshore,sumthin,offshore,2023-05-19,27,92903,https://open.spotify.com/track/4aJQcpLd9niqYFE7mOTIYj,happy
5mmk2lfbDQPC4XF50kS8yH,Offshore,Juuzou,Offshore,2023-04-28,28,90352,https://open.spotify.com/track/5mmk2lfbDQPC4XF50kS8yH,happy
1V2S2uMnarEYc3GeYT1xAt,Cypress Grove Blues,Natsu,Cypress Grove Blues,2023-01-20,27,93000,https://open.spotify.com/track/1V2S2uMnarEYc3GeYT1xAt,happy
1SIgYf5uxaIO8kCFaEv6FG,Stay Awhile,mëow mëow,Stay Awhile,2024-05-30,26,87272,https://open.spotify.com/track/1SIgYf5uxaIO8kCFaEv6FG,happy
6p2JZmB8hTVktn4QDjKIT9,solitude,majic,solitude,2022-06-10,28,96750,https://open.spotify.com/track/6p2JZmB8hTVktn4QDjKIT9,happy
5ioN4iPTB8GTnXqwpLufwZ,One Of Us,Lonely Boy,One Of Us,2023-05-19,27,72000,https://open.spotify.com/track/5ioN4iPTB8GTnXqwpLufwZ,happy
2fAhUCjr0XVuoVVl9wU74h,Charade,eiji,Charade,2023-04-14,27,76500,https://open.spotify.com/track/2fAhUCjr0XVuoVVl9wU74h,happy
1sqOLQg6dfCKrakOTbRnMW,Rocket 88,Akasha,Rocket 88,2023-04-21,26,81000,https://open.spotify.com/track/1sqOLQg6dfCKrakOTbRnMW,happy
2H8E7d9PmlVvXXjLJvsgYu,love bites,blossom,love bites,2023-04-28,27,78139,https://open.spotify.com/track/2H8E7d9PmlVvXXjLJvsgYu,happy
3CqkfhSXyZw93238CkU9UR,blue side,yums.,blue side,2023-07-24,26,85333,https://open.spotify.com/track/3CqkfhSXyZw93238CkU9UR,happy
6gE8uaLmwXi1922SZoTHSD,After Dark,Rascal,My Time,2023-09-06,26,77142,https://open.spotify.com/track/6gE8uaLmwXi1922SZoTHSD,happy
5QZuGIYGbS5h7117fPwZaL,Blue...,Komorebi,Blue...,2023-02-17,27,68571,https://open.spotify.com/track/5QZuGIYGbS5h7117fPwZaL,happy
5oyy2ETTBj8wPaWi992I7u,True Faith,her.story,True Faith,2023-01-27,27,89302,https://open.spotify.com/track/5oyy2ETTBj8wPaWi992I7u,happy
6qUJkfYMw69ZmHtHk83jze,sabotage,kid.,sabotage,2023-02-03,27,99000,https://open.spotify.com/track/6qUJkfYMw69ZmHtHk83jze,happy
2pi5BVshud1FCOr4ygYqeS,Changes,Yowshi,Changes,2023-04-05,27,96000,https://open.spotify.com/track/2pi5BVshud1FCOr4ygYqeS,happy
4vzgQANPj1QSwzDJjJtfqQ,Upside Down,Flôr,Upside Down,2022-09-16,27,98028,https://open.spotify.com/track/4vzgQANPj1QSwzDJjJtfqQ,happy
2tHKH0O3g4JCLLZoX9SC9S,Blue Skies,"Shou, Idyllic, Whimsical",Blue Skies,2022-10-21,26,108800,https://open.spotify.com/track/2tHKH0O3g4JCLLZoX9SC9S,happy
7r7FyGRsfwgKUsAAJWuFDW,A Bit Better,Klein,A Bit Better,2024-03-15,26,84705,https://open.spotify.com/track/7r7FyGRsfwgKUsAAJWuFDW,happy
5mvcUvy1ckRhvl2MrWPD0c,Changed,Wolly,Honey,2023-09-06,27,76800,https://open.spotify.com/track/5mvcUvy1ckRhvl2MrWPD0c,happy
4hoA0Q6ldxcKZuKc4bV7o7,I'll Walk Alone,Tashi,I'll Walk Alone,2023-02-17,27,72000,https://open.spotify.com/track/4hoA0Q6ldxcKZuKc4bV7o7,happy
7LVJOPUvW1Gi0Bt90S3JeA,Good Night,Idyllic,Good Night,2023-03-17,26,80250,https://open.spotify.com/track/7LVJOPUvW1Gi0Bt90S3JeA,happy
424i6eyZTcinfHE2nWrm5Q,I'll Be Back,"Dreams For Two, just johnny, her.story",I'll Be Back,2021-09-24,26,107368,https://open.spotify.com/track/424i6eyZTcinfHE2nWrm5Q,happy
23p4VhfFj9VWzArPyz58QW,View From Up There,Loodwig,View From Up There,2022-06-10,27,80000,https://open.spotify.com/track/23p4VhfFj9VWzArPyz58QW,happy
4BbiyoDmlf9X4QRijUWiMg,Martini,Wells,Confession,2024-05-30,25,74666,https://open.spotify.com/track/4BbiyoDmlf9X4QRijUWiMg,happy
64ilzfK0uNnURr9J90N9IG,Jungle,just johnny,Jungle,2022-08-19,27,88000,https://open.spotify.com/track/64ilzfK0uNnURr9J90N9IG,happy
3th03CnKwtQ2TGdtEkV9TU,Hurt,"Whimsical, Komorebi, Shou",Hurt,2022-10-21,27,85714,https://open.spotify.com/track/3th03CnKwtQ2TGdtEkV9TU,happy
2vpQYBJ6F7Xv8ZdXznszFM,remember the rain,snow.,for you…,2021-11-29,27,107294,https://open.spotify.com/track/2vpQYBJ6F7Xv8ZdXznszFM,happy
31XzQePyGYBdFiLXkomaPM,lazy games,heavn,lazy games,2023-07-24,26,67764,https://open.spotify.com/track/31XzQePyGYBdFiLXkomaPM,happy
1nXlIC3IQK2XZ1gJOhkzkM,Daphne,Cashmere,Daphne,2023-02-24,26,66666,https://open.spotify.com/track/1nXlIC3IQK2XZ1gJOhkzkM,happy
6L7M5X5UOvTmZBf5fjfCJa,Mean To Me,Murmur,Mean To Me,2022-12-09,27,100909,https://open.spotify.com/track/6L7M5X5UOvTmZBf5fjfCJa,happy
4fWxjDAzwQ2d2doLSq2jPF,Birdwatching,softhead,Birdwatching,2022-07-01,26,82588,https://open.spotify.com/track/4fWxjDAzwQ2d2doLSq2jPF,happy
5BIhLnElsfjKFT96ZRjCY5,Suzanne,Dulcet,Suzanne,2023-03-03,26,78904,https://open.spotify.com/track/5BIhLnElsfjKFT96ZRjCY5,happy
6BbrZFuCQSYI6Icr3S0cKq,orange yard,saamson,orange yard,2023-09-08,26,76800,https://open.spotify.com/track/6BbrZFuCQSYI6Icr3S0cKq,happy
1Cu8WDl8hHC5f2EV66PFpq,Symphony,nothing less,Symphony,2023-04-14,26,74666,https://open.spotify.com/track/1Cu8WDl8hHC5f2EV66PFpq,happy
2R306U533Q9drJsqM94ChR,Showtime,Effortless,Showtime,2024-03-15,25,89600,https://open.spotify.com/track/2R306U533Q9drJsqM94ChR,happy
4Og01acmc3mC7LgJZ9EpyV,Plant Pot Song,Nivla,Plant Pot Song,2024-05-30,26,84000,https://open.spotify.com/track/4Og01acmc3mC7LgJZ9EpyV,happy
2cU9r0ad15f53MUhOORoPr,low focus,sumthin,the way things go,2023-07-24,25,89302,https://open.spotify.com/track/2cU9r0ad15f53MUhOORoPr,happy
1G4mutxcgYmDotJCP7l6Cn,Mirage,Juuzou,Mirage,2024-05-30,25,80000,https://open.spotify.com/track/1G4mutxcgYmDotJCP7l6Cn,happy
52Ral4M3z2JBX9LZ6nBhQN,Such A Night,Natsu,Such A Night,2023-02-17,25,103384,https://open.spotify.com/track/52Ral4M3z2JBX9LZ6nBhQN,happy
4asK5wQg5wlhFf4hA5CeGd,"To The Top, Never Stop",mëow mëow,To The Top,2024-03-15,25,77837,https://open.spotify.com/track/4asK5wQg5wlhFf4hA5CeGd,happy
5PxrfysAak9ExoYfUbU6pM,love is...,majic,underneath the christmas lights,2021-11-29,26,89538,https://open.spotify.com/track/5PxrfysAak9ExoYfUbU6pM,happy
5f4cJKTRnEMn6zRbtBdWem,Office Hours,Lonely Boy,One & Only,2023-07-24,25,82285,https://open.spotify.com/track/5f4cJKTRnEMn6zRbtBdWem,happy
1Ky2FrFTzEmoi8zg1B4Vjg,Ocean Drive,"eiji, Dreams For Two, just johnny",Ocean Drive,2021-09-24,26,133170,https://open.spotify.com/track/1Ky2FrFTzEmoi8zg1B4Vjg,happy
0zzpbTOwfWfKXJi8wJx44D,Fortune Eyes,Akasha,Fortune Eyes,2024-05-30,24,72000,https://open.spotify.com/track/0zzpbTOwfWfKXJi8wJx44D,happy
7t7QeoEZ5BISoevyOT1hTO,dinosaurs,blossom,still young,2022-02-07,25,111428,https://open.spotify.com/track/7t7QeoEZ5BISoevyOT1hTO,happy
5GWdbEGKmtrBJqq5nd45yK,wild & free,yums.,wild & free,2023-05-19,25,76800,https://open.spotify.com/track/5GWdbEGKmtrBJqq5nd45yK,happy
2dwzaYeBSNnAgRlQvZSikG,Get You The Moon,Rascal,In Bloom,2023-05-19,25,87000,https://open.spotify.com/track/2dwzaYeBSNnAgRlQvZSikG,happy
3KhEGySRIGntXBbksRetfW,Bruises,Komorebi,Bruises,2022-07-22,25,80000,https://open.spotify.com/track/3KhEGySRIGntXBbksRetfW,happy
3Heu7B5JGuJC4QzBTYZzmQ,My Desire,her.story,My Desire,2023-03-24,26,84000,https://open.spotify.com/track/3Heu7B5JGuJC4QzBTYZzmQ,happy
1ocT9fovQjIS7rMsvDrkqw,free ride,kid.,free ride,2022-12-23,27,96000,https://open.spotify.com/track/1ocT9fovQjIS7rMsvDrkqw,happy
6kANZ9eaVw8UUMHJwHFKqx,Aqua Boogie,Yowshi,Faded Memories,2023-05-19,26,74666,https://open.spotify.com/track/6kANZ9eaVw8UUMHJwHFKqx,happy
67Crr8fVJPB3lQPox9Lk2a,The Other Side,Flôr,The Other Side,2024-05-30,24,82285,https://open.spotify.com/track/67Crr8fVJPB3lQPox9Lk2a,happy
4Pf6gWTEHTh7ujrokx4des,Magic Place,Shou,Magic Place,2022-04-15,26,113684,https://open.spotify.com/track/4Pf6gWTEHTh7ujrokx4des,happy
3ZWWzfD6K4bQmDDDuc8QoN,Passenger Seat,Klein,Passenger Seat,2024-05-20,25,79058,https://open.spotify.com/track/3ZWWzfD6K4bQmDDDuc8QoN,happy
0RFPLgHH6952r2rQABXHGN,Golden View,Wolly,Love,2023-07-24,26,75505,https://open.spotify.com/track/0RFPLgHH6952r2rQABXHGN,happy
4cWspdGxsYk5DyePphsqzg,Holy Smokes,Tashi,Holy Smokes,2024-03-15,25,79058,https://open.spotify.com/track/4cWspdGxsYk5DyePphsqzg,happy
1o5LtQJ3SbnAbikA2FCNW2,When We Touch,Idyllic,When We Touch,2023-02-17,25,76039,https://open.spotify.com/track/1o5LtQJ3SbnAbikA2FCNW2,happy
6KlJeHoOmZnSvNALMG4Ejt,Cutting Ties,Dreams For Two,Cutting Ties,2024-05-30,25,90352,https://open.spotify.com/track/6KlJeHoOmZnSvNALMG4Ejt,happy
1lvRY2RIX8TiAIXm1eGvWo,Jeremy,Loodwig,Jeremy,2023-02-03,27,86292,https://open.spotify.com/track/1lvRY2RIX8TiAIXm1eGvWo,happy
2Ac5NlxYXFrrKVK7yRtkNj,Distant Dreams,Wells,Distant Dreams,2023-09-08,25,72000,https://open.spotify.com/track/2Ac5NlxYXFrrKVK7yRtkNj,happy
0uDPQy2hxIVpZVaNKDVeYJ,The Morning After (The Night Before),just johnny,The Morning After (The Night Before),2022-07-22,26,85159,https://open.spotify.com/track/0uDPQy2hxIVpZVaNKDVeYJ,happy
0k840aTUkskcHNT38XBuI5,Daruma,Whimsical,Daruma,2024-05-30,24,85714,https://open.spotify.com/track/0k840aTUkskcHNT38XBuI5,happy
4uYlUu24WRgPfXTOH36DQ1,norwegian wood,snow.,norwegian wood,2023-04-28,26,78904,https://open.spotify.com/track/4uYlUu24WRgPfXTOH36DQ1,happy
5mKPGkJmtSIkGG9h2RzDs7,underwater,heavn,underwater,2023-05-19,25,79058,https://open.spotify.com/track/5mKPGkJmtSIkGG9h2RzDs7,happy
06WzRnjEFs9uZFokctzTP5,Flashing Lights,Cashmere,Flashing Lights,2023-04-21,25,74666,https://open.spotify.com/track/06WzRnjEFs9uZFokctzTP5,happy
6AAil3g5TylbMHYd5JqmKt,Someday Soon,Murmur,Someday Soon,2023-04-14,25,78139,https://open.spotify.com/track/6AAil3g5TylbMHYd5JqmKt,happy
5unUI1k6I71ukEVsfVOlBe,Cirrus,softhead,Dazed and Confused,2021-09-09,25,110769,https://open.spotify.com/track/5unUI1k6I71ukEVsfVOlBe,happy
5se73fopTSUB4cESco8hdy,Runaway,Dulcet,Runaway,2023-02-03,25,89823,https://open.spotify.com/track/5se73fopTSUB4cESco8hdy,happy
0bDStBmCMn4mZ0ywGnxXNO,wake up,saamson,wake up,2023-05-19,26,78139,https://open.spotify.com/track/0bDStBmCMn4mZ0ywGnxXNO,happy
31wTOaNBaoScc01YYg2LJT,Floating Bridge,nothing less,Floating Bridge,2023-03-17,25,78857,https://open.spotify.com/track/31wTOaNBaoScc01YYg2LJT,happy
2e0Iyt6R3JvJMyOXOvD8tS,Moonglow,Effortless,Moonglow,2023-01-27,25,112000,https://open.spotify.com/track/2e0Iyt6R3JvJMyOXOvD8tS,happy
62qFPPT3FXv7PDVSAUWFWk,Lovesick Blues,Nivla,Lovesick Blues,2023-03-03,28,79058,https://open.spotify.com/track/62qFPPT3FXv7PDVSAUWFWk,happy
3ZK9lA92LXHwn3vPUHbHuE,moondance,sumthin,moondance,2023-04-05,25,64666,https://open.spotify.com/track/3ZK9lA92LXHwn3vPUHbHuE,happy
1fAZR1EltM1AFqMaqnHkqA,Carioca,Juuzou,Carioca,2023-03-31,26,66976,https://open.spotify.com/track/1fAZR1EltM1AFqMaqnHkqA,happy
5f0wGxLw6ZqZKRHhYe7kGU,It Was Raining,Natsu,It Was Raining,2023-03-17,24,89600,https://open.spotify.com/track/5f0wGxLw6ZqZKRHhYe7kGU,happy
3rnbPLwvTD7bEi6pXECjpl,A Subtle Touch,mëow mëow,Lotus,2021-10-27,24,108000,https://open.spotify.com/track/3rnbPLwvTD7bEi6pXECjpl,happy
4GESZVEDitCDBzqf0Ka0Mn,indigo,majic,indigo,2023-03-31,25,87000,https://open.spotify.com/track/4GESZVEDitCDBzqf0Ka0Mn,happy
2r1rFJypTkWrW7IZYkijY1,Try Again,Lonely Boy,Try Again,2024-05-30,24,70243,https://open.spotify.com/track/2r1rFJypTkWrW7IZYkijY1,happy
1RCxMoaaC5aBJU4ImoY4uI,Triumph,eiji,Triumph,2023-01-20,24,84857,https://open.spotify.com/track/1RCxMoaaC5aBJU4ImoY4uI,happy
6VeltqV1zvXywf3rbvmeC0,Cuban Love Song,Akasha,Cuban Love Song,2023-03-24,24,84000,https://open.spotify.com/track/6VeltqV1zvXywf3rbvmeC0,happy
6cvGPUfcmq3VqrjeNez8ev,leave tonight,blossom,leave tonight,2024-05-30,24,82285,https://open.spotify.com/track/6cvGPUfcmq3VqrjeNez8ev,happy
3G4etCCt8MPxC9kBOxsIBE,blindfold,yums.,blindfold,2024-05-30,23,78139,https://open.spotify.com/track/3G4etCCt8MPxC9kBOxsIBE,happy
2cAAsvQvwKfJSlP9XnJhsR,September Jam,Rascal,My Time,2023-09-06,24,81951,https://open.spotify.com/track/2cAAsvQvwKfJSlP9XnJhsR,happy
4cQ1dZh1yF6GBrpE9kqsuc,Gloria,DAWSON,Gloria,2025-06-18,56,151841,https://open.spotify.com/track/4cQ1dZh1yF6GBrpE9kqsuc,happy
50sOcdJiTGNpUuDzJhtrbI,New Day,"Ajmw, Blanc",New Day,2025-08-26,39,193613,https://open.spotify.com/track/50sOcdJiTGNpUuDzJhtrbI,happy
12BaQt9aYdTlEtKreqB5V4,jazz is for ordinary people,berlioz,jazz is for ordinary people,2023-04-07,3,164000,https://open.spotify.com/track/12BaQt9aYdTlEtKreqB5V4,happy
52qaF7irJC3blUnYLpR8Hz,Ventura,"MARINI, Purple Ice",Ventura,2025-10-01,40,275409,https://open.spotify.com/track/52qaF7irJC3blUnYLpR8Hz,happy
5deJC7o86gjJoPobebQohn,⁠Apt To Sidewalk Stand,Tar Blanche,How To Dance Freely Without Social Anxiety,2025-10-10,47,204713,https://open.spotify.com/track/5deJC7o86gjJoPobebQohn,happy
28P3hD5604xr8ZD2cpSqqV,Evolution,"dublon, Deza",Evolution,2024-07-26,60,118292,https://open.spotify.com/track/28P3hD5604xr8ZD2cpSqqV,happy
0w3cTVYjIHvYK0WTt5wsiY,Skylight,Twill Street,Skylight,2025-06-05,44,161415,https://open.spotify.com/track/0w3cTVYjIHvYK0WTt5wsiY,happy
6roW4lfkqGDImLNcDyeVLC,Highway - Teuteu Remix,"Michael Benedikt, Teuteu",Highway (Teuteu Remix),2025-02-28,54,153277,https://open.spotify.com/track/6roW4lfkqGDImLNcDyeVLC,happy
1zlBvGpCiqA94Vyt4whSUg,Tappan Z,Jimmy Q,Tappan Z,2025-05-30,50,154000,https://open.spotify.com/track/1zlBvGpCiqA94Vyt4whSUg,happy
3j6Zfk3H6v9IO6r48YdKVo,Weak - Mav's Version,"Vintage Culture, Maverick Sabre, Tom Breu",Weak (Mav's Version),2024-03-22,43,164475,https://open.spotify.com/track/3j6Zfk3H6v9IO6r48YdKVo,happy
1uUig8GbfDdTSkyKzUnGre,Oyster Jam,"dublon, Levi Hayes",Oyster Jam,2024-02-23,59,157723,https://open.spotify.com/track/1uUig8GbfDdTSkyKzUnGre,happy
6aw7RWjxBd58qQY7ThDPRo,Endless Sensation,Luke Gambini,Endless Sensation,2025-11-07,1,179016,https://open.spotify.com/track/6aw7RWjxBd58qQY7ThDPRo,happy
6CU76eXUZXomQUdH4brR70,Torn to Pieces By A Crocodile In North Queensland,Tar Blanche,How To Dance Freely Without Social Anxiety,2025-10-10,44,226007,https://open.spotify.com/track/6CU76eXUZXomQUdH4brR70,happy
5RBCLnEWOUpDzuDB3xZ4MP,Salve,"dublon, TABLE, Deza",Nectar,2025-04-18,50,193032,https://open.spotify.com/track/5RBCLnEWOUpDzuDB3xZ4MP,happy
3wBbSVC0FmbcQ0zlkBrNdC,Jazz Feel,Godblesscomputers,Jazz Feel,2025-03-28,50,154576,https://open.spotify.com/track/3wBbSVC0FmbcQ0zlkBrNdC,happy
0WfAeufIagKz8i1I7nxHwl,"Girl, I Need You",Flying Moth,"Girl, I Need You",2025-06-11,47,274285,https://open.spotify.com/track/0WfAeufIagKz8i1I7nxHwl,happy
19FzgTmZaepdeXBqHm87VD,Parallel,"DAWSON, Lewis McCallum",Parallel,2025-10-15,46,172677,https://open.spotify.com/track/19FzgTmZaepdeXBqHm87VD,happy
7xtba9NLfDRDsvHK7VLdcs,Soul Feels Good,Tomos,Soul Feels Good,2025-08-29,44,264380,https://open.spotify.com/track/7xtba9NLfDRDsvHK7VLdcs,happy
2qsIULPSRxj2sgjDzIdblQ,Nightshade,"MARINI, Purple Ice",Nightshade,2025-08-06,46,259672,https://open.spotify.com/track/2qsIULPSRxj2sgjDzIdblQ,happy
35qZ5s83cjjbFxVvrcaBEp,Tropical Luxury,Juando,Tropical Luxury,2025-11-04,35,237500,https://open.spotify.com/track/35qZ5s83cjjbFxVvrcaBEp,happy
23Nk2Wu1FRdVrRoklXZtCA,Uważaj Jak Tańczysz,Pejzaż,Ostatni Dzień Lata,2018,47,214152,https://open.spotify.com/track/23Nk2Wu1FRdVrRoklXZtCA,happy
7wd7OEz8E9771mSvEU4q0o,Mars,Soulstatejazz,Orbits,2025-11-07,22,283505,https://open.spotify.com/track/7wd7OEz8E9771mSvEU4q0o,happy
2GAKgXGOjM7v3OYYtOVpto,Every Night I Dream Of Catching Trains,Edmondson,Azura,2025-07-18,44,310691,https://open.spotify.com/track/2GAKgXGOjM7v3OYYtOVpto,happy
1QtsJUre4IuKB67GaW94Bj,Turn Turn Turn,Melle Jutte,Turn Turn Turn,2025-08-27,44,221611,https://open.spotify.com/track/1QtsJUre4IuKB67GaW94Bj,happy
0x29CeLQLR31LY4OtWkcPp,Floating on Silence,Tour-Maubourg,Floating on Silence,2022-05-13,52,381864,https://open.spotify.com/track/0x29CeLQLR31LY4OtWkcPp,happy
1D5t3wWGIlb5vNXOLIFFN9,Yemanjá - Tar Blanche Remix,"Sreya, Cilon, Tar Blanche",Yemanjá (Tar Blanche Remix),2025-04-11,47,253933,https://open.spotify.com/track/1D5t3wWGIlb5vNXOLIFFN9,happy
04rfD9RYXmQB1zv4SnwBuV,Quartz,"Teuteu, Matoux, Michoul",Quartz,2025-08-27,46,348281,https://open.spotify.com/track/04rfD9RYXmQB1zv4SnwBuV,happy
2ucYutEuBySGkPiD8SLT7N,Fugazi,Lamchopz,Fugazi,2025-09-18,42,356000,https://open.spotify.com/track/2ucYutEuBySGkPiD8SLT7N,happy
3cmPdhXpjIoMwmuezMwwDZ,Touch Me - Radio Edit,Tomos,Touch Me (Radio Edit),2025-06-25,45,214408,https://open.spotify.com/track/3cmPdhXpjIoMwmuezMwwDZ,happy
3QiPB7sjCdwBFbI24ewr5s,As If,dublon,As If,2025-02-14,52,143275,https://open.spotify.com/track/3QiPB7sjCdwBFbI24ewr5s,happy
5DyTT8bj7Qbn2YZSZMgGq2,Between Us,Okvsho,A place between us,2024-03-07,56,174148,https://open.spotify.com/track/5DyTT8bj7Qbn2YZSZMgGq2,happy
0cfT3DfLOpvd74HGdvhWQu,One Night,"Milan93, Pollena",One Night,2025-09-25,43,236725,https://open.spotify.com/track/0cfT3DfLOpvd74HGdvhWQu,happy
7mY3gSbmqBfMqKv0cCyXJl,Kindness,HNNY,Kindness,2020-01-31,51,156069,https://open.spotify.com/track/7mY3gSbmqBfMqKv0cCyXJl,happy
1gPeJMO7Az6ZtzHiaKUTWb,Opendoors,Jitwam,Honeycomb,2019-05-03,67,162102,https://open.spotify.com/track/1gPeJMO7Az6ZtzHiaKUTWb,happy
51g8zf95z13bo1BegMHSlF,Cosmic Future,"ysv, Terrazze, philocalie",Cosmic Club,2025-08-29,50,232129,https://open.spotify.com/track/51g8zf95z13bo1BegMHSlF,happy
7quKy7lopBm3VTCjYTmUvK,pinot noir,the wine is ok,pinot noir,2025-07-10,54,137362,https://open.spotify.com/track/7quKy7lopBm3VTCjYTmUvK,happy
4VLZLRKO6cJ2sZsUMoXgFu,Day by Day,Tomos,Day by Day,2025-07-30,39,318864,https://open.spotify.com/track/4VLZLRKO6cJ2sZsUMoXgFu,happy
4Vlx0Cbl4wjfsmArt2uMuw,Lola - Edmondson's Alpilles Air Remix,"Tremendous Aron, Edmondson",Lola (Edmondson's Alpilles Air Remix),2025-10-01,38,315690,https://open.spotify.com/track/4Vlx0Cbl4wjfsmArt2uMuw,happy
5sRyZflSk4GUntFYT43ns5,No More,Bellaire,Saint Amour,2017-11-25,0,357110,https://open.spotify.com/track/5sRyZflSk4GUntFYT43ns5,happy
2qiZjjUdKL5cFQJ3GUdczo,Waving,Godblesscomputers,Waving,2025-05-09,42,176625,https://open.spotify.com/track/2qiZjjUdKL5cFQJ3GUdczo,happy
3uymbwKNDGhYixRDqwiuIK,Uniformity,"Milan93, Juando",Uniformity,2025-04-16,48,170863,https://open.spotify.com/track/3uymbwKNDGhYixRDqwiuIK,happy
3n3QkTkGqcVM0qHCNFKUAw,Beauty In Imperfection,"gabriel, Two Scents",Beauty In Imperfection,2024-11-28,55,143347,https://open.spotify.com/track/3n3QkTkGqcVM0qHCNFKUAw,happy
4qwnzFDIl8chGDukcNDqOm,Midnight On The 52nd,Tullio,Midnight On The 52nd,2025-07-25,41,174000,https://open.spotify.com/track/4qwnzFDIl8chGDukcNDqOm,happy
72isHTzdTf3GcFkBcsT0i4,Secrets,"DAWSON, Nathan Haines",Secrets,2025-09-04,48,199379,https://open.spotify.com/track/72isHTzdTf3GcFkBcsT0i4,happy
0uqlh0c9vOJMyUNC9LHPSC,Pollen,dublon,Pollen,2025-01-17,47,120508,https://open.spotify.com/track/0uqlh0c9vOJMyUNC9LHPSC,happy
1zOA78sKxnosYcQtYR0ZDv,peace,berlioz,open this wall,2024-07-12,65,219000,https://open.spotify.com/track/1zOA78sKxnosYcQtYR0ZDv,happy
5DkeIGbKSKUauoM43rcXnR,Spec,Teuteu,Spec,2025-05-02,45,206761,https://open.spotify.com/track/5DkeIGbKSKUauoM43rcXnR,happy
444vT3ohxrihxUqD8hEyLl,This Life,Kareem Ali,Mawimbi,2025-05-23,48,175748,https://open.spotify.com/track/444vT3ohxrihxUqD8hEyLl,happy
5GKR3fh1WeVv9V8NGBUVBj,Don't Cry (It's OK to Cry),Half Dead Dave,Don't Cry (It's OK to Cry),2025-05-21,43,298440,https://open.spotify.com/track/5GKR3fh1WeVv9V8NGBUVBj,happy
0bEiMFgYG3eLTyjta5buix,Not Now,Flying Moth,Serena,2025-07-11,41,276000,https://open.spotify.com/track/0bEiMFgYG3eLTyjta5buix,happy
43XuQmyHVzWJkY1AJEnlrX,Azura,"Edmondson, Mahyar Rahmantalab Vaghei",Azura,2025-05-14,41,346067,https://open.spotify.com/track/43XuQmyHVzWJkY1AJEnlrX,happy
2gxWDhvgAmGwb7y29xQvSq,Lights Down Low,NRMNT,Lights Down Low,2025-09-03,38,189677,https://open.spotify.com/track/2gxWDhvgAmGwb7y29xQvSq,happy
4FIch2blnkhlCfnfSzrfxQ,Vue,Loure,Westside Movements,2017-05-26,49,358014,https://open.spotify.com/track/4FIch2blnkhlCfnfSzrfxQ,happy
5ZgYATFZoskh9Vq0ePuoiV,Word To Roy,Kareem Ali,Sound In Motion,2023-09-01,37,67500,https://open.spotify.com/track/5ZgYATFZoskh9Vq0ePuoiV,happy
3J2WUEn6oFN8eDPZov7w9I,deep in it,"berlioz, Ted Jasper",deep in it,2023-03-10,4,154862,https://open.spotify.com/track/3J2WUEn6oFN8eDPZov7w9I,happy
6J7X81EQ1z4slxUPXTF4Xv,Duality,"gabriel, Two Scents",Duality,2025-10-23,37,138691,https://open.spotify.com/track/6J7X81EQ1z4slxUPXTF4Xv,happy
4LOmZ8pVGsRe117F26nUge,Nectar,dublon,Nectar,2025-03-07,46,135890,https://open.spotify.com/track/4LOmZ8pVGsRe117F26nUge,happy
38Q0RVVawWL4IPQNOZuGJu,Rotary Club,"ysv, Terrazze, philocalie",Rotary Club,2025-06-26,43,188000,https://open.spotify.com/track/38Q0RVVawWL4IPQNOZuGJu,happy
6eoVs811VS4URMhPV8tNkn,Brush,"dublon, Tour-Maubourg",Nectar,2025-04-18,43,283076,https://open.spotify.com/track/6eoVs811VS4URMhPV8tNkn,happy
1vX5qb6Y5KjneEpKBjIHo5,"Silky, Buttery, Smooth",Kareem Ali,"Silky, Buttery, Smooth",2025-04-18,41,184801,https://open.spotify.com/track/1vX5qb6Y5KjneEpKBjIHo5,happy
4ncFRft2xEs4kanULQjaOz,Lyk U Use 2 (feat. Andres),"Moodymann, Andres",Moodymann,2014-01-27,46,343000,https://open.spotify.com/track/4ncFRft2xEs4kanULQjaOz,happy
2ATe2pf3TpRIrJkstekVWE,The Backroom,Yambow,The Backroom,2025-07-17,38,171705,https://open.spotify.com/track/2ATe2pf3TpRIrJkstekVWE,happy
7fOu8YZoZ13Q8H6A2vm8ie,nine thirty (the glow),dialE,dear dialE,2023-09-15,53,94085,https://open.spotify.com/track/7fOu8YZoZ13Q8H6A2vm8ie,happy
5HTwniqm9szfs9Cib1p1cF,Acidjazzacid,Milan93,Acidjazzacid,2025-03-05,43,128085,https://open.spotify.com/track/5HTwniqm9szfs9Cib1p1cF,happy
4g2IofvpR6XcrX9I1Rui3J,Tess,Teuteu,Tess,2024-10-18,53,212170,https://open.spotify.com/track/4g2IofvpR6XcrX9I1Rui3J,happy
5R3fG9modjXMcHIoQaewTq,My Heart Goes Right,Flying Moth,My Heart Goes Right,2025-05-07,40,315737,https://open.spotify.com/track/5R3fG9modjXMcHIoQaewTq,happy
3vpHZrlh4SUvVNIqs9tMVN,Keep It Rising,Supershy,Happy Music,2023-08-18,53,194962,https://open.spotify.com/track/3vpHZrlh4SUvVNIqs9tMVN,happy
344pePlpuXjHHFiiHa1vQl,On My Way,Kerri Chandler,On My Way,2019-10-25,48,201986,https://open.spotify.com/track/344pePlpuXjHHFiiHa1vQl,happy
3gkM4jhqalnNnyTqZN4308,Reach Into Your Soul,Kareem Ali,Reach Into Your Soul,2025-03-21,38,214838,https://open.spotify.com/track/3gkM4jhqalnNnyTqZN4308,happy
5TS7B8Vy7RgwYQ29QU4fdt,Ripple Effect,DAWSON,Ripple Effect,2025-08-01,43,190233,https://open.spotify.com/track/5TS7B8Vy7RgwYQ29QU4fdt,happy
4B4acwDbCZkxNC9VmBOaE4,Mr. Particular,Juando,Mr. Particular,2025-02-26,45,238571,https://open.spotify.com/track/4B4acwDbCZkxNC9VmBOaE4,happy
4f88T1UG83f1pd3fvSssHw,Barcode,Bård Berg,Barcode,2025-03-26,39,288176,https://open.spotify.com/track/4f88T1UG83f1pd3fvSssHw,happy
3hN5cipCofNVspWVkToiQD,Actually,Dan Kye,Small Moments,2020-11-13,55,227486,https://open.spotify.com/track/3hN5cipCofNVspWVkToiQD,happy
4rAcMik7N6LlIs61u5bzYo,sea of cloud,Nujabes,Modal Soul,2005-11-11,55,181773,https://open.spotify.com/track/4rAcMik7N6LlIs61u5bzYo,happy
0xFHnQK9wKmpkDdqKtgOt5,Maitri,Godblesscomputers,Maitri,2025-02-28,50,177391,https://open.spotify.com/track/0xFHnQK9wKmpkDdqKtgOt5,happy
11NZlQ3U6vjsLdtzdWHyJw,Pam Lai??,Tomos,Soul Feels Good,2025-08-29,34,266308,https://open.spotify.com/track/11NZlQ3U6vjsLdtzdWHyJw,happy
6W0fhqfHsrodXIuMGoGHia,Naima Blue,Soul Wun,"13th Hour, Vol. 5",2020-06-05,50,282619,https://open.spotify.com/track/6W0fhqfHsrodXIuMGoGHia,happy
2efRw4Puze8guf4W68QM7x,Villa Palmera,Juando,Villa Palmera,2025-01-17,50,235932,https://open.spotify.com/track/2efRw4Puze8guf4W68QM7x,happy
7DNpkhHwYqLpegThVQxwUB,Sands of Aruba,Mr. Fingers,Cerebral Hemispheres,2018-04-13,39,279224,https://open.spotify.com/track/7DNpkhHwYqLpegThVQxwUB,happy
1VdyrIE6cAQhNfUbNVPDKv,Lola (The Offline's Fleur Tropicale Remix),"Tremendous Aron, The Offline",Lola (The Offline's Fleur Tropicale Remix),2025-09-05,43,178114,https://open.spotify.com/track/1VdyrIE6cAQhNfUbNVPDKv,happy
7cHuQESLoKHzFpNYjAGbKM,Um Dia - Kareem Ali Remix,"Sreya, Cilon, Kareem Ali",Um Dia (Kareem Ali Remix),2025-05-02,37,206954,https://open.spotify.com/track/7cHuQESLoKHzFpNYjAGbKM,happy
6LuvUCbwEscnxRMIjIVqAv,SUNRISE 5000,ELWD,SUNRISE 5000,2024-07-24,46,265874,https://open.spotify.com/track/6LuvUCbwEscnxRMIjIVqAv,happy
2c5b39NN4gbasuj73Ceszb,Yeux Vers l'Invisible,Izzy Wise,Yeux Vers l'Invisible,2025-01-31,44,243563,https://open.spotify.com/track/2c5b39NN4gbasuj73Ceszb,happy
5ls3ZBVoHvImuSA6S971sv,If You Can't Trust Your Heart,Tar Blanche,If You Can't Trust Your Heart,2025-02-07,40,178512,https://open.spotify.com/track/5ls3ZBVoHvImuSA6S971sv,happy
6sNepCShFkdOyUO4K5f2eS,In the Evenings,Loure,Westside Movements,2017-05-26,45,281679,https://open.spotify.com/track/6sNepCShFkdOyUO4K5f2eS,happy
1EiKSoxNVAzKnkEzgyhWp9,Ceres,Gaston,Ceres,2025-08-25,41,150000,https://open.spotify.com/track/1EiKSoxNVAzKnkEzgyhWp9,happy
1rMVnYTLuvzuloRLZhRMP5,Dogs,Milan93,Dogs,2025-02-05,44,131396,https://open.spotify.com/track/1rMVnYTLuvzuloRLZhRMP5,happy
2hv0NmqG4740y4wWfvne65,Get Freaky Now (feat. Marlon) - Acid Jazz Mix,"S-Tone Inc, Marlon",Get Freaky Now,1992-02-14,36,324652,https://open.spotify.com/track/2hv0NmqG4740y4wWfvne65,happy
7vXD6lIdjsptrdB2weuok0,Time Doesn't Wait For Me,Gaston,Time Doesn't Wait For Me,2025-04-17,44,190344,https://open.spotify.com/track/7vXD6lIdjsptrdB2weuok0,happy
3y1WjyKAd04lZZQq1Uc81s,Celestial Bean,Half Dead Dave,Celestial Bean,2025-02-27,42,275408,https://open.spotify.com/track/3y1WjyKAd04lZZQq1Uc81s,happy
2O8DpFZN3hBWRaVsVTacKJ,Raining but It's Ok,"dublon, Tour-Maubourg, manon",Raining but It's Ok,2024-09-27,52,228484,https://open.spotify.com/track/2O8DpFZN3hBWRaVsVTacKJ,happy
6bDe6IMM7ek4p9rBsRCdpr,All Blues,Redeyes,Broken Soul,2018-09-28,45,181431,https://open.spotify.com/track/6bDe6IMM7ek4p9rBsRCdpr,happy
6QSEG71X4SPqowMjLrOash,Turn and turn.,Bolden.,Turn and turn.,2024-02-16,0,145000,https://open.spotify.com/track/6QSEG71X4SPqowMjLrOash,happy
0krhv81TlJ5qRGDJFoM76U,Night Vision,Jason Hersco,Night Vision,2024-08-27,52,208524,https://open.spotify.com/track/0krhv81TlJ5qRGDJFoM76U,happy
3HCdICN0TRB60L8UaalJJJ,Evum,Plej,Electronic Music From The Swedish Leftcoast,2003,40,213053,https://open.spotify.com/track/3HCdICN0TRB60L8UaalJJJ,happy
3OQ05R5lrQvgsBt713Z2HI,Meant To Be,Aguava,Meant To Be,2025-10-22,37,218536,https://open.spotify.com/track/3OQ05R5lrQvgsBt713Z2HI,happy
2CjCINQC9GwKJnkmxZM8X9,Talk to me.,Bolden.,Talk to me.,2024-08-30,64,103333,https://open.spotify.com/track/2CjCINQC9GwKJnkmxZM8X9,happy
0YjOSh7klEKbUbS03UqhDv,Naughty in da House,Sweg,Naughty in da House,2025-01-16,41,196921,https://open.spotify.com/track/0YjOSh7klEKbUbS03UqhDv,happy
1p7OcSfDwx3kr4m4E23UPB,CPH,"dublon, Nathan Haines",CPH,2025-03-28,51,125084,https://open.spotify.com/track/1p7OcSfDwx3kr4m4E23UPB,happy
13LojN5HDhICPdgLz6QmIG,Deja Vu,"dublon, Con Cook",Deja Vu,2024-11-07,50,125084,https://open.spotify.com/track/13LojN5HDhICPdgLz6QmIG,happy
06BAAawbsllT2PAhsqIsiJ,Blanc,Holo,Blanc,2024-07-08,42,378122,https://open.spotify.com/track/06BAAawbsllT2PAhsqIsiJ,happy
5t77NNzAodOCCpWVIVuKLx,Foolish Romance,Qwenty,Foolish Romance,2025-03-07,37,152419,https://open.spotify.com/track/5t77NNzAodOCCpWVIVuKLx,happy
74LRqSi9vqy4vnxCLInNAw,78 To Stanley Bay,"Chaos In The CBD, Isaac Aesili",816 To Nunhead,2013-11-04,53,307082,https://open.spotify.com/track/74LRqSi9vqy4vnxCLInNAw,happy
0XvzfXYGaGTYH2LbVAD4G0,Don’t Let Get You Down,"Wajatta, John Tejada, Reggie Watts",Don’t Let Get You Down,2020-02-28,42,276826,https://open.spotify.com/track/0XvzfXYGaGTYH2LbVAD4G0,happy
0bYVCch3ZQzbKkJSjjQYSR,Horizons,Melle Jutte,Horizons,2025-07-30,36,228970,https://open.spotify.com/track/0bYVCch3ZQzbKkJSjjQYSR,happy
3wQed3BQzgZR1NXWubLvlC,Why they fly.,Bolden.,Why they fly.,2025-02-28,45,104615,https://open.spotify.com/track/3wQed3BQzgZR1NXWubLvlC,happy
3GEofXwdmgFEadz59JngCw,Lola,Tremendous Aron,Lola,2024-05-29,48,180244,https://open.spotify.com/track/3GEofXwdmgFEadz59JngCw,happy
0K6dCQcXPC1nQ8s1EC3lDk,Venus,Soulstatejazz,Venus,2025-09-05,33,294193,https://open.spotify.com/track/0K6dCQcXPC1nQ8s1EC3lDk,happy
32MWBOWAMiyR2B9GvzbJqd,Bridges,Gaston,Bridges,2025-03-06,43,164745,https://open.spotify.com/track/32MWBOWAMiyR2B9GvzbJqd,happy
32sLGPL4D2qmwFbITw3ulS,baga,the wine is ok,baga,2025-08-07,44,127142,https://open.spotify.com/track/32sLGPL4D2qmwFbITw3ulS,happy
20nOiKGwZ1aZMzLDY81dqR,If you could be anywhere.,Bolden.,If you could be anywhere.,2024-11-08,51,147875,https://open.spotify.com/track/20nOiKGwZ1aZMzLDY81dqR,happy
6xpdGlY8ZuNaUPvb2DWTI8,No Words,"The Bahama Soul Club, Brenda Boykin",Havana ´58,2016-11-11,48,367625,https://open.spotify.com/track/6xpdGlY8ZuNaUPvb2DWTI8,happy
6XqCoKJDqJjlVuThWcnVYx,There Is No Time,Gaston,There Is No Time,2025-01-30,48,157241,https://open.spotify.com/track/6XqCoKJDqJjlVuThWcnVYx,happy
19MuwU5fHAmlSjqXSfILhR,Belle,dublon,Belle,2023-09-29,55,145128,https://open.spotify.com/track/19MuwU5fHAmlSjqXSfILhR,happy
6yBGuez6pjBuDCAZJOq65L,Xingu,Al Dobson Jr.,Rye Lane (Vol. 2 & 3),2016-03-22,43,153716,https://open.spotify.com/track/6yBGuez6pjBuDCAZJOq65L,happy
5Q66Zc9gAYGQPCaRWUgWUN,Elyjah Slaps the Space,Okvsho,Orange Wine,2021-09-24,49,89743,https://open.spotify.com/track/5Q66Zc9gAYGQPCaRWUgWUN,happy
7bk2deyAb7CXoo1kPm8iJM,FANTASTIC FANTASTIC ANGEL,ELWD,FANTASTIC FANTASTIC ANGEL,2024-08-27,42,257374,https://open.spotify.com/track/7bk2deyAb7CXoo1kPm8iJM,happy
27gBxsxac6Y7ed7dLVIAjQ,God Gave Me Feet For Dancing - feat. Yazmin Lacey,"Ezra Collective, Yazmin Lacey","Dance, No One's Watching",2024-09-27,0,239306,https://open.spotify.com/track/27gBxsxac6Y7ed7dLVIAjQ,happy
2fY8kKGDEn3oOCntstJqDP,Stay,Tour-Maubourg,"The Panorama Sessions, Vol. 2",2025-03-21,47,360299,https://open.spotify.com/track/2fY8kKGDEn3oOCntstJqDP,happy
67GzAdfGVgjS5n2qejfsBU,Because I Love You,Tell,Because I Love You,2023-11-17,40,273506,https://open.spotify.com/track/67GzAdfGVgjS5n2qejfsBU,happy
1XLPk9vj45rK2pbnurZ0Wi,No Need - Edit,"Oscar Jerome, Ben Hauke",No Need,2021-07-21,0,206840,https://open.spotify.com/track/1XLPk9vj45rK2pbnurZ0Wi,happy
0HQZJbulEJMr5hnGdHz8Wu,Hold It Down,Moodymann,Moodymann,2014-01-27,38,174026,https://open.spotify.com/track/0HQZJbulEJMr5hnGdHz8Wu,happy
3obEXbTwHovSQtdjeW5b2w,No Bad Feelings Today,Juando,No Bad Feelings Today,2024-07-03,56,213277,https://open.spotify.com/track/3obEXbTwHovSQtdjeW5b2w,happy
23wc606gzwJeUihay3IVz9,Take Four.,Bolden.,Take Four.,2024-04-05,36,164126,https://open.spotify.com/track/23wc606gzwJeUihay3IVz9,happy
34rsxio8S268klNyLzoSkD,Melhor Se Acostumar - Tour-Maubourg Remix,"Pedro Mizutani, Tour-Maubourg",Melhor Se Acostumar (Tour-Maubourg Remix),2023-12-01,48,194954,https://open.spotify.com/track/34rsxio8S268klNyLzoSkD,happy
4YUYErWWA2fRJOFwYUThBX,Cloud Nine,"Ajmw, Blanc",Cloud Nine,2024-11-13,40,192000,https://open.spotify.com/track/4YUYErWWA2fRJOFwYUThBX,happy
0OJNkIXr6HZoOHiPBZU1PX,Glimpses Of Her,Tullio,Midnight On The 52nd,2025-09-26,39,165600,https://open.spotify.com/track/0OJNkIXr6HZoOHiPBZU1PX,happy
3dv9xBJUj8NWRopMaSpZ4N,Anamaria,Key Tronics Ensemble,Music You Got Me / Anamaria,1993-05-07,40,260239,https://open.spotify.com/track/3dv9xBJUj8NWRopMaSpZ4N,happy
5d927jyuws2flYrM9x0H26,The Vibe Is,"Emile Londonien, Jowee Omicil",The Vibe Is,2024-10-18,32,293292,https://open.spotify.com/track/5d927jyuws2flYrM9x0H26,happy
3SDD5QpV9Pgc9it9bkHhsg,Viceral,dublon,Viceral,2024-05-30,55,117025,https://open.spotify.com/track/3SDD5QpV9Pgc9it9bkHhsg,happy
3IdN6RaoBu9L0fwGwfrJ5B,Her Eyes,Charlie Jeer,Her Eyes,2024-08-15,70,215476,https://open.spotify.com/track/3IdN6RaoBu9L0fwGwfrJ5B,happy
6HYowTqavBZrstmmTvK2mF,Noire Paris,"Nebulae Waves, Moryla",Hamptons,2025-03-14,41,147071,https://open.spotify.com/track/6HYowTqavBZrstmmTvK2mF,happy
5sAOjAI3z8vBdyWMAZS3N4,Wil,Joss Moog,"Contrepied, vol. 1",2018-08-24,49,157923,https://open.spotify.com/track/5sAOjAI3z8vBdyWMAZS3N4,happy
36phJyMkpYx2DvRGXAsB9B,Tell You Something,Juando,Tell You Something,2024-08-29,45,243966,https://open.spotify.com/track/36phJyMkpYx2DvRGXAsB9B,happy
3pdX9qnfmzrYP6FsTFlGD8,Self talk,Godblesscomputers,Late Night Dance,2025-06-20,37,146520,https://open.spotify.com/track/3pdX9qnfmzrYP6FsTFlGD8,happy
7i4vBZ5r0V4nmu7AlWbnGR,Echoes,Sven Wegner,Echoes,2024-06-12,44,186942,https://open.spotify.com/track/7i4vBZ5r0V4nmu7AlWbnGR,happy
7GwwEpaKaIaOptVWDVjyKX,Blowfish,Tar Blanche,Blowfish,2025-03-14,40,228262,https://open.spotify.com/track/7GwwEpaKaIaOptVWDVjyKX,happy
1xC2XNZCIlmfuCDTF9b2bu,I'm here.,"Bolden., Mauricesax",I'm here.,2025-01-17,55,157508,https://open.spotify.com/track/1xC2XNZCIlmfuCDTF9b2bu,happy
4aptr0Era7aIdkX5gfsaFN,ode to rahsaan,berlioz,open this wall,2024-07-12,59,210447,https://open.spotify.com/track/4aptr0Era7aIdkX5gfsaFN,happy
2rZneTMyjACTvO3EVQBnPR,Late Drinks,Sven Wegner,Late Night Drinks,2024-07-12,40,179845,https://open.spotify.com/track/2rZneTMyjACTvO3EVQBnPR,happy
2N6hpU8eByX5z4QBKEyEKy,Piebald,Milan93,Piebald,2024-06-19,45,234216,https://open.spotify.com/track/2N6hpU8eByX5z4QBKEyEKy,happy
2Yc1SkH8ye0fQ0cG2f6jhO,Something (On My Mind),Jack J,Looking Forward To You,2019-10-25,38,631811,https://open.spotify.com/track/2Yc1SkH8ye0fQ0cG2f6jhO,happy
2HTzzn4hP4PHlX2nLotWF4,Paris City Jazz,Bellaire,Paris City Jazz,2018-01-19,2,343911,https://open.spotify.com/track/2HTzzn4hP4PHlX2nLotWF4,happy
7w53AFGUt9Jft6ewcHsv6c,Rasheed,Okvsho,Orange Wine,2021-09-24,52,206945,https://open.spotify.com/track/7w53AFGUt9Jft6ewcHsv6c,happy
2mcnza8Cwx05ZBnkT39QDQ,Outta Here,dublon,Outta Here,2024-08-29,51,155558,https://open.spotify.com/track/2mcnza8Cwx05ZBnkT39QDQ,happy
7no4h3RWfB3kpxiWzZgXW7,"Thank You, St Germain",Soul Wun,Slothboogie Presents Dancing with Friends,2020-07-03,43,289754,https://open.spotify.com/track/7no4h3RWfB3kpxiWzZgXW7,happy
1LK04nhkS3aQLkGsqcvg2w,Mary L.,St Germain,St Germain,2015-10-09,50,322026,https://open.spotify.com/track/1LK04nhkS3aQLkGsqcvg2w,happy
2T0uxHIkIUVPwhiXT3J4Ht,Nite People - Edmondson Remix,"Tour-Maubourg, Edmondson",Nite People (Edmondson Remix),2024-08-09,37,352425,https://open.spotify.com/track/2T0uxHIkIUVPwhiXT3J4Ht,happy
1GIQbdQz3GFeJZZCnpJyOY,Blask,Pejzaż,Ostatni Blues,2021-05-06,36,279616,https://open.spotify.com/track/1GIQbdQz3GFeJZZCnpJyOY,happy
5bexTDctd2esVNGrw2ggo1,Frutiger Aero,Edmondson,Azura,2025-07-18,32,323310,https://open.spotify.com/track/5bexTDctd2esVNGrw2ggo1,happy
3MUdJZsRjbLwC82i2tbEAs,From the sea.,Bolden.,From the sea.,2024-12-13,46,163500,https://open.spotify.com/track/3MUdJZsRjbLwC82i2tbEAs,happy
32rOcuTIZZTNWdsrUWGCJ6,Jazz 104,Max Graef,Rivers Of The Red Planet,2014-04-07,40,67943,https://open.spotify.com/track/32rOcuTIZZTNWdsrUWGCJ6,happy
4YpCTAZRpNmW1EHLVrq4ur,Keep It Real,Loure,Westside Movements,2017-05-26,51,414645,https://open.spotify.com/track/4YpCTAZRpNmW1EHLVrq4ur,happy
0T3aN5baN9c90j11pzoDPW,something will happen,berlioz,something will happen,2024-05-10,45,179864,https://open.spotify.com/track/0T3aN5baN9c90j11pzoDPW,happy
7LJYEY812V0jz8r8X5PYEM,Patterns,"NRMNT, moonmoods",Patterns,2025-06-25,34,161582,https://open.spotify.com/track/7LJYEY812V0jz8r8X5PYEM,happy
6fwIywo8F6JE8Y6GRYQlgM,Sundials,"Brawther, Nathan Haines",Sundials EP,2023-10-20,40,386562,https://open.spotify.com/track/6fwIywo8F6JE8Y6GRYQlgM,happy
3qQO4yqZx3KXUgFmevFhPl,Feelin' Good Version,Soulphiction,24/7 Love Affair VIP Edition,2020-06-12,34,301935,https://open.spotify.com/track/3qQO4yqZx3KXUgFmevFhPl,happy
6JT715eygcNEXD49ft9VVp,Rise Up,Kareem Ali,The Color of Sound,2023-07-28,43,303471,https://open.spotify.com/track/6JT715eygcNEXD49ft9VVp,happy
0nPoWlU7nIz74B6px39NMz,Jazz Club After Hours,Barry Can't Swim,Jazz Club After Hours,2021-06-04,47,294211,https://open.spotify.com/track/0nPoWlU7nIz74B6px39NMz,happy
6XXgcvTWRlPl3w6e8pYBct,With Her Hand - Ralf GUM Instrumental,"Ralf Gum, Hugh Masekela",With Her Hand,2015-03-20,38,304494,https://open.spotify.com/track/6XXgcvTWRlPl3w6e8pYBct,happy
3VeS72g6grKG0oKV6n6ytL,Don't Make Me Wait,Jake Jeffery,Don’t Make Me Wait,2025-05-23,44,221694,https://open.spotify.com/track/3VeS72g6grKG0oKV6n6ytL,happy
6Fsikuruoag80X8KXj9odm,La Motocicletta,Teuteu,La Motocicletta,2024-05-17,37,297354,https://open.spotify.com/track/6Fsikuruoag80X8KXj9odm,happy
76LSTQnzVbqkJ8oC0L8sF1,Boat Party,"Ajmw, Blanc",Boat Party,2024-03-01,40,175609,https://open.spotify.com/track/76LSTQnzVbqkJ8oC0L8sF1,happy
2mHwBzvCXG65I9SGMaN0ij,If Only I Could - Liem Remix,"Fusion Groove Orchestra, Steve Lucas",Defected In The House Radio Show: Episode 010 (hosted by Sonny Fodera),2016-03-25,39,279010,https://open.spotify.com/track/2mHwBzvCXG65I9SGMaN0ij,happy
7FheJOrB8J0eyK0ebcBAlI,Cool Bananas,Tell,Cool Bananas,2018-06-01,48,284579,https://open.spotify.com/track/7FheJOrB8J0eyK0ebcBAlI,happy
6n3CPzeJyiypaxOQZAKuxt,Foolish Man,Jack J,Foolish Man,2023-06-09,33,245785,https://open.spotify.com/track/6n3CPzeJyiypaxOQZAKuxt,happy
0SLUNiULPVKvgudaIV8xhB,Jusqu'ici tout va bien,Okvsho,Orange Wine,2021-09-24,50,206671,https://open.spotify.com/track/0SLUNiULPVKvgudaIV8xhB,happy
3yMYs3jJdAPxMgqb0CYZUG,Emotional Intelligence,"Chaos In The CBD, Nathan Haines, Dave Koor",Chaos In The CBD & Friends,2020-03-10,53,380000,https://open.spotify.com/track/3yMYs3jJdAPxMgqb0CYZUG,happy
47qP8xpOxkQHCdFUf4BNGn,BK Swing,Earth Boys,BK Swing,2022-12-02,35,219560,https://open.spotify.com/track/47qP8xpOxkQHCdFUf4BNGn,happy
46zZq7UZZyZaNtuE4k9bOL,I'm One of You,Jesse Bru,Roach Fingers,2015,34,324841,https://open.spotify.com/track/46zZq7UZZyZaNtuE4k9bOL,happy
2L0GFhQC5KSzBeOxL5901i,Longing For U,Tour-Maubourg,Longing For U,2022-04-15,42,349857,https://open.spotify.com/track/2L0GFhQC5KSzBeOxL5901i,happy
6PQmbLYv07IprWdrNeJFjT,WestBorn,"p-rallel, Venna",Soundboy,2020-07-31,43,186173,https://open.spotify.com/track/6PQmbLYv07IprWdrNeJFjT,happy
6idnFpe7kwFlKkrvU9kWCv,Flamingo Tripper,Edmondson,Flamingo Tripper,2016-11-18,44,263702,https://open.spotify.com/track/6idnFpe7kwFlKkrvU9kWCv,happy
3RKKUufb30D1To25k8NeK4,It's in My Ears,Gallegos,It's in My Ears,2023-06-09,37,245173,https://open.spotify.com/track/3RKKUufb30D1To25k8NeK4,happy
7AuLpiCK19HtysEuwqgzD2,Boulevardier,Yere,Boulevardier,2025-10-24,40,202926,https://open.spotify.com/track/7AuLpiCK19HtysEuwqgzD2,happy
43B6ybhV5xIH5JRippvh15,Focus - SE Edit,Dan Kye,Small Moments,2020-11-13,45,279629,https://open.spotify.com/track/43B6ybhV5xIH5JRippvh15,happy
2F5cjiDzORHGhca4dSandQ,Rock Wit U - Yoruba Soul Mix - Dub,"DJ Jazzy Jeff, Erro, Osunlade",Yoruba Soul Mixes - Rock Wit U,2002,38,357746,https://open.spotify.com/track/2F5cjiDzORHGhca4dSandQ,happy
6tHzqOZYhbdjuOsdtui5wD,Pluto,Soulstatejazz,Pluto,2025-10-03,29,324000,https://open.spotify.com/track/6tHzqOZYhbdjuOsdtui5wD,happy
3iq3rGUQXBvc5rCLHgP06Z,Winter Moon,MARINI,Winter Moon,2023-11-03,36,418597,https://open.spotify.com/track/3iq3rGUQXBvc5rCLHgP06Z,happy
6L1FzqCRCV3soUkj1Dt1t1,Step In,Loure,Westside Movements,2017-05-26,45,349157,https://open.spotify.com/track/6L1FzqCRCV3soUkj1Dt1t1,happy
7mkGyBb7Bhftg5St3Aka5K,Warming Up,Galcher Lustwerk,Information (Redacted),2021-02-05,49,216000,https://open.spotify.com/track/7mkGyBb7Bhftg5St3Aka5K,happy
4mIvEhHsJdveNr9plFUCDo,Chuva De Verão - FloFilz Remix,"Pedro Mizutani, FloFilz",Chuva De Verão (FloFilz Remix),2024-02-09,32,134768,https://open.spotify.com/track/4mIvEhHsJdveNr9plFUCDo,happy
11jjzsFPIuaVORI0HSdLGt,Always By Your Side,Saib,Always By Your Side,2024-05-10,35,337975,https://open.spotify.com/track/11jjzsFPIuaVORI0HSdLGt,happy
1divptdjcWXvF1aflfTQnw,Rose rouge,St Germain,Tourist (Remastered),2000,57,416565,https://open.spotify.com/track/1divptdjcWXvF1aflfTQnw,happy
1TZHxc3mBKD1DlQs0jiRFy,Hotspot,TABLE,Hotspot,2024-11-21,1,166504,https://open.spotify.com/track/1TZHxc3mBKD1DlQs0jiRFy,happy
5x9t1giM2ts8zZbcFqvsVk,Je suis au jardin,Okvsho,Orange Wine,2021-09-24,48,226252,https://open.spotify.com/track/5x9t1giM2ts8zZbcFqvsVk,happy
5ERHQQEDioPKagFcLO9ZO7,Keep On Movin,"Saib, Tour-Maubourg",Keep On Movin,2024-03-29,33,248320,https://open.spotify.com/track/5ERHQQEDioPKagFcLO9ZO7,happy
6OI1stBQI4YHH2ceWVIrk4,joycelyn's dance,berlioz,joycelyn's dance,2024-04-05,46,198500,https://open.spotify.com/track/6OI1stBQI4YHH2ceWVIrk4,happy
3vi0UKr82l83O4lfd7Wxfd,Closed for Renovations,"Pool Boy, Cyril Hahn",All Inclusive,2021-09-10,33,163978,https://open.spotify.com/track/3vi0UKr82l83O4lfd7Wxfd,happy
0dKUMie8A7J6pclExuqIpC,Astéroïde,"Matoux, Teuteu, Joël Fajerman",Astéroïde,2023-10-20,36,282842,https://open.spotify.com/track/0dKUMie8A7J6pclExuqIpC,happy
0hajg77Bn0FNwLzEInceKn,Days,Seake,Days,2024-10-02,30,247364,https://open.spotify.com/track/0hajg77Bn0FNwLzEInceKn,happy
47WewSqip6G4BSSi8V8O8N,Fascination,Gaston,Fascination,2024-09-04,55,159310,https://open.spotify.com/track/47WewSqip6G4BSSi8V8O8N,happy
4oY6egXEVlBy8jqsBSy5OC,Feel,"dublon, Deza",Feel,2024-04-11,44,160532,https://open.spotify.com/track/4oY6egXEVlBy8jqsBSy5OC,happy
1UuLgIZIUIfgRVXhKmUAqD,Pastis,Bluestaeb,Pastis,2015-05-12,0,244363,https://open.spotify.com/track/1UuLgIZIUIfgRVXhKmUAqD,happy
0grwmFCiEMn4EzgTf19qLx,Los Angeles,Earth Boys,Earth Tones,2020-07-10,33,252203,https://open.spotify.com/track/0grwmFCiEMn4EzgTf19qLx,happy
4K9CUUcvjacTnHdnAnzGRP,Apéro Spritz,Saib,Under The Stars,2022-04-08,42,236017,https://open.spotify.com/track/4K9CUUcvjacTnHdnAnzGRP,happy
4HbpOqYJXd4g4O3JlUhaTb,Blue Dreams,Seake,Blue Dreams,2024-10-30,33,177297,https://open.spotify.com/track/4HbpOqYJXd4g4O3JlUhaTb,happy
72pr3HxZ8YJhFSuasDW5cE,Burnt,Godblesscomputers,Faded Views,2023-09-08,32,166339,https://open.spotify.com/track/72pr3HxZ8YJhFSuasDW5cE,happy
2SXKHMIGU5Sjtcnm0o0wyq,Might As Well Embrace It,Tar Blanche,Granada School Of Motion,2023-10-13,51,194514,https://open.spotify.com/track/2SXKHMIGU5Sjtcnm0o0wyq,happy
2trOOiD347Q8KmWiWaI1ak,Dreamer,Qwenty,Dreamer,2025-07-31,34,220952,https://open.spotify.com/track/2trOOiD347Q8KmWiWaI1ak,happy
4JFtsiOtsOXbuXPg1qXjBX,Alsace,dublon,Alsace,2024-06-28,47,117454,https://open.spotify.com/track/4JFtsiOtsOXbuXPg1qXjBX,happy
5gtcKzuYZStBLhudEtrS4M,miro,"berlioz, Ted Jasper",miro,2022-12-09,2,200000,https://open.spotify.com/track/5gtcKzuYZStBLhudEtrS4M,happy
5SmZffmjdxAoXRy4MqK6Ot,On The Run,"Saib, Felipe Gordon",On The Run,2024-02-16,31,369120,https://open.spotify.com/track/5SmZffmjdxAoXRy4MqK6Ot,happy
4n3MaEbcQnGEuy7noSMX1O,RIBBIT JAM,ELWD,RIBBIT JAM,2024-05-15,0,227000,https://open.spotify.com/track/4n3MaEbcQnGEuy7noSMX1O,happy
1azDFxP6HjRf9Xk1PlPYQ8,Peace on Earth,Melodiesinfonie,A Journey to You,2019-04-26,28,337090,https://open.spotify.com/track/1azDFxP6HjRf9Xk1PlPYQ8,happy
0VVHGDqNSRlZ7zeEEGHAgj,U MAKE ME,ELWD,U MAKE ME,2022-04-13,0,201750,https://open.spotify.com/track/0VVHGDqNSRlZ7zeEEGHAgj,happy
3h7A9Ei5Qk07femqoyW6lw,Suco de Sol,"Juando, Aguava, NINA J",Suco de Sol,2025-06-13,42,228000,https://open.spotify.com/track/3h7A9Ei5Qk07femqoyW6lw,happy
2z9ySF86T7HIzs63pB1Wb8,Dance With Me,"Ajmw, Blanc",Let The Groove In,2024-04-05,39,216000,https://open.spotify.com/track/2z9ySF86T7HIzs63pB1Wb8,happy
4Rnfhb0jepRZFFdecJdzfK,Let Go,"Ben Reggie, gabriel",Let Go,2024-08-08,33,144467,https://open.spotify.com/track/4Rnfhb0jepRZFFdecJdzfK,happy
3PbtKwVUqIZPvbQZarAC0w,Beach Jazz,"Tom Jarmey, MarBlu",Beach Jazz,2018-05-24,50,320000,https://open.spotify.com/track/3PbtKwVUqIZPvbQZarAC0w,happy
6he02h6WNseMS0VidRjBFT,Faux Départ,DJ Psychiatre,Faux Départ,2023-10-20,33,277400,https://open.spotify.com/track/6he02h6WNseMS0VidRjBFT,happy
4R4CVA5Amtq3IlukuMA85R,Ode to Love,Tour-Maubourg,Paradis artificiels,2020-12-04,49,261404,https://open.spotify.com/track/4R4CVA5Amtq3IlukuMA85R,happy
3lJ50hy7wZxFzYMJbD8sFT,Manhattan,Eli Escobar,The Beach Album,2023-09-15,34,120588,https://open.spotify.com/track/3lJ50hy7wZxFzYMJbD8sFT,happy
1RBBMOP81G3rNBntiCcLIv,Ventana Al Tiempo,Felipe Gordon,Superimposition,2022-05-06,30,459868,https://open.spotify.com/track/1RBBMOP81G3rNBntiCcLIv,happy
6Vx2Z3efuMINFSDOX1PoAu,Turtle Jazz,"dublon, sunflwr",Turtle Jazz,2024-01-12,47,193613,https://open.spotify.com/track/6Vx2Z3efuMINFSDOX1PoAu,happy
6loDuwmsq6fazVxqqRhmcp,nyc in 1940,"berlioz, Ted Jasper",nyc in 1940,2022-06-03,3,156611,https://open.spotify.com/track/6loDuwmsq6fazVxqqRhmcp,happy
6sZcJ16BKyVFfq2GznYifx,Orange Wine,Okvsho,Orange Wine,2021-09-24,44,285306,https://open.spotify.com/track/6sZcJ16BKyVFfq2GznYifx,happy
0WfjaDnE8p5I7z2oViXcB8,Step Into Light,Admin,"Mr Bongo Record Club, Vol. 5",2022-04-08,31,279233,https://open.spotify.com/track/0WfjaDnE8p5I7z2oViXcB8,happy
1UbfKuIjG38PR3MpjVsbyX,la danse,"berlioz, Ted Jasper",la danse,2022-09-16,1,177136,https://open.spotify.com/track/1UbfKuIjG38PR3MpjVsbyX,happy
3vRXX4bwUkVNpwXx0Ocvyw,Feeling All Over It,Felipe Gordon,Superimposition,2022-05-06,38,157141,https://open.spotify.com/track/3vRXX4bwUkVNpwXx0Ocvyw,happy
0qdRjESZlhfa0sD9QLdgBq,8 Ball,Jimmy Whoo,Motel Music Part. I,2015-01-15,0,97800,https://open.spotify.com/track/0qdRjESZlhfa0sD9QLdgBq,happy
2jaL8NeqqRr48DFv26WWNq,Midnight Express,Jason Hersco,Midnight Express,2025-10-02,30,289523,https://open.spotify.com/track/2jaL8NeqqRr48DFv26WWNq,happy
7CUQGNriobIhHwLnVZj154,On My Mind,Jason Hersco,On My Mind,2025-10-24,27,271475,https://open.spotify.com/track/7CUQGNriobIhHwLnVZj154,happy
26wdJawEPMlPypYII7qR7f,Dawn in LA.,Bolden.,Dawn in LA.,2024-01-12,57,163333,https://open.spotify.com/track/26wdJawEPMlPypYII7qR7f,happy
5P2I73QMjdzxgAGNEKpwQw,Bill Loves You,Hidden Spheres,Waiting,2015-07-24,33,326215,https://open.spotify.com/track/5P2I73QMjdzxgAGNEKpwQw,happy
30EQX6kSa3DgmAaMOEUwBO,sir princess bad bitch,Yaya Bey,Ten Fold,2024-05-10,32,158644,https://open.spotify.com/track/30EQX6kSa3DgmAaMOEUwBO,happy
4poRx86xg7dDkCR3OeKBMC,Jaune,Holo,Jaune,2022-03-25,35,392900,https://open.spotify.com/track/4poRx86xg7dDkCR3OeKBMC,happy
5YnjL4bWTgoBu4CBKoUIqR,Do The Right Thing,Kareem Ali,"New Worlds, New Horizons",2024-04-19,30,363750,https://open.spotify.com/track/5YnjL4bWTgoBu4CBKoUIqR,happy
7bCr8QrvOlmFTnEWDWwh8q,May I Have This Dance,Gaston,May I Have This Dance,2024-11-15,49,196363,https://open.spotify.com/track/7bCr8QrvOlmFTnEWDWwh8q,happy
4OA1cYC4SK40SrtyDKsA0C,Enchantment,Atjazz,Beats & Bobs Vol. 5 Atjazz Edition,2015,29,444878,https://open.spotify.com/track/4OA1cYC4SK40SrtyDKsA0C,happy
1CzfZY7lXaysy84x3a2jix,Midnight in Peckham,"Chaos In The CBD, Isaac Aesili",Midnight in Peckham,2015-08-24,52,420919,https://open.spotify.com/track/1CzfZY7lXaysy84x3a2jix,happy
0rcuTBWMk2vYMyWXz3oLXF,Rose rouge - Atjazz Astro Remix,"St Germain, Atjazz",Extra Cabin Baggage,2021-07-09,33,492203,https://open.spotify.com/track/0rcuTBWMk2vYMyWXz3oLXF,happy
4UUJH587MGnVK4DLyyPf6g,Handsome Hansi,"Tremendous Aron, alfrer, Moritz Land",Handsome Hansi,2023-11-22,0,116202,https://open.spotify.com/track/4UUJH587MGnVK4DLyyPf6g,happy
4EQdzxBZJs9uYlrzA6G489,Soul Value - Jersey Groove,Housemates,Soul Value,2018-10-26,32,327245,https://open.spotify.com/track/4EQdzxBZJs9uYlrzA6G489,happy
3IIOrEuztVup4mOnngYw44,Doble Espresso,Juando,Doble Espresso,2023-11-03,41,354000,https://open.spotify.com/track/3IIOrEuztVup4mOnngYw44,happy
73n8GcbdubeHha4QUkupul,After The Rain,"Andras, Oscar Key Sung",Embassy Cafe,2013,43,191735,https://open.spotify.com/track/73n8GcbdubeHha4QUkupul,happy
2pLs3E6PQ6Nyor4N5cnqRH,Dumpalltheguns - Jitwam Remix,"Adi Oasis, Jitwam",Dumpalltheguns (Jitwam Remix),2024-03-08,29,238386,https://open.spotify.com/track/2pLs3E6PQ6Nyor4N5cnqRH,happy
36Q4PGHBXtc7kLouOuuXK0,Fool On The Hill,Eddie C,Country City Country,2013-03-18,37,209693,https://open.spotify.com/track/36Q4PGHBXtc7kLouOuuXK0,happy
39ffllrQQsR3ky4AwqOTnY,I Fall,"Gaston, Tabeia",I Fall,2025-10-21,40,164210,https://open.spotify.com/track/39ffllrQQsR3ky4AwqOTnY,happy
4njfboajr3WiWzGEgnCQDe,When Vibe Comes In,Sven Wegner,When Vibe Comes In,2024-05-24,37,179748,https://open.spotify.com/track/4njfboajr3WiWzGEgnCQDe,happy
0pl6IKhaBj7hheHHOmEIp6,Amicalement Vôtre,Tour-Maubourg,Happiness Therapy 06: Allégresse,2019-12-06,43,330000,https://open.spotify.com/track/0pl6IKhaBj7hheHHOmEIp6,happy
1euNZ7FaW4NAKTzVVtJft3,Canal St. Blues,Earth Boys,Mythic Music,2019-06-21,35,304267,https://open.spotify.com/track/1euNZ7FaW4NAKTzVVtJft3,happy
1ELW3mroLCVV20CIYnuCQn,WhereYouGonnaGo?,Jitwam,TJD006,2017-07-07,43,308874,https://open.spotify.com/track/1ELW3mroLCVV20CIYnuCQn,happy
4RnTLSsB4sKYWOgV1SAZs5,All Dressed Up & Going Nowhere,Edmondson,New Forest Mysticism,2022-06-21,41,292693,https://open.spotify.com/track/4RnTLSsB4sKYWOgV1SAZs5,happy
2ewQMPBqWFMiqYPAS5G0EO,Greenleaf,Duke Hugh,Canvas,2016-11-08,41,269027,https://open.spotify.com/track/2ewQMPBqWFMiqYPAS5G0EO,happy
0ivQPZ86Ph4rsOVkTa7RBZ,Jazzin - Club Trax Vol 2,R.I.P Productions,"Club Trax, Vol. 2",2011-11-14,31,367221,https://open.spotify.com/track/0ivQPZ86Ph4rsOVkTa7RBZ,happy
0n8Am7e56ENJ9XUPEtZ5ea,Devotion,Kareem Ali,Mawimbi,2025-05-23,34,216960,https://open.spotify.com/track/0n8Am7e56ENJ9XUPEtZ5ea,happy
1SI5xg92ageog6GQyZVI3E,Highflyer,Nebulae Waves,Highflyer,2025-01-15,34,160682,https://open.spotify.com/track/1SI5xg92ageog6GQyZVI3E,happy
21nbc9X9XxOcUfXNEj6X6k,Lily Flower (Adele),Soul Wun,Fragments - EP,2021-08-06,43,379672,https://open.spotify.com/track/21nbc9X9XxOcUfXNEj6X6k,happy
7xc5I0ldr2csIG8UA7vAJD,After Winter Must Come Spring,"Folamour, Elbi San",Ordinary Drugs,2019-02-15,48,245218,https://open.spotify.com/track/7xc5I0ldr2csIG8UA7vAJD,happy
2h8kto1BYflKtO1OBJe8fW,Dreamflower,Purple Ice,Silver Lining,2019-06-27,49,360023,https://open.spotify.com/track/2h8kto1BYflKtO1OBJe8fW,happy
0I53kNhtaSBdIy8AJrogOa,Enjoy Your Life,Melodiesinfonie,A Journey to You,2019-04-26,29,249000,https://open.spotify.com/track/0I53kNhtaSBdIy8AJrogOa,happy
64hw1sK5eUvHQRt5Jne0nR,Searching,Soul Wun,Searching - EP,2023-04-28,45,318553,https://open.spotify.com/track/64hw1sK5eUvHQRt5Jne0nR,happy
7dIQcDZGSxtrrii1xuJUSX,Jazzy Cats,Saib,Jazzy Cats,2024-06-06,30,234680,https://open.spotify.com/track/7dIQcDZGSxtrrii1xuJUSX,happy
5GfsfvAcIuMExaQMkx7BFy,Free for All - Soundstream Remix,"Rhythm & Sound, Paul St. Hilaire",See Mi Yah Remixes,2006-06-30,31,347280,https://open.spotify.com/track/5GfsfvAcIuMExaQMkx7BFy,happy
7kAWkF6EHSxR0lXmFJokYc,U Feel Mi - Kai Alce's New Feel,"Mr. G, Kai Alce",The Remixes EP,2022-09-23,34,325200,https://open.spotify.com/track/7kAWkF6EHSxR0lXmFJokYc,happy
1FparOA4TsEvXx9Gi9mdRQ,Native Riddim,Coeo,Native Riddim,2014-11-24,44,386053,https://open.spotify.com/track/1FparOA4TsEvXx9Gi9mdRQ,happy
4r68n4zO6Of5GwvCyM4tKk,Moment,"Gaston, Sletta",Moment,2025-08-04,32,153075,https://open.spotify.com/track/4r68n4zO6Of5GwvCyM4tKk,happy
0PAaJeO1U7Q4OgJk7Wx1j3,Mon Coeur,"Sajmoonn, TABLE",Mon Coeur,2023-12-21,48,274406,https://open.spotify.com/track/0PAaJeO1U7Q4OgJk7Wx1j3,happy
6mjOtpABh8NPZIJh6IwjoB,Pinkfog,Jesse Bru,Roach Fingers,2015,40,337908,https://open.spotify.com/track/6mjOtpABh8NPZIJh6IwjoB,happy
7pYZaHxR1IANvntYLM40V4,Groove Attack,Saib,Jazzy Cats,2024-06-06,31,269133,https://open.spotify.com/track/7pYZaHxR1IANvntYLM40V4,happy
14Fb4NxK10dVUCIEl601B6,"Luck Both Ways, Dunham Place",Hobie,Espresso Depresso,2017-11-03,0,366101,https://open.spotify.com/track/14Fb4NxK10dVUCIEl601B6,happy
0DYlUhlu0vXWpAE13TojzN,Kindness,"Retromigration, Nephews",Ltdblbl008,2020-11-06,40,396501,https://open.spotify.com/track/0DYlUhlu0vXWpAE13TojzN,happy
42EZIcbpg5ufqcxCURtFvd,Sometimes,Kazam,Sometimes,2024-06-28,28,176129,https://open.spotify.com/track/42EZIcbpg5ufqcxCURtFvd,happy
1tjIm4IxluEhyFikkpLrIL,Dream Warrior,Jesse Bru,Roach Fingers,2015,41,374069,https://open.spotify.com/track/1tjIm4IxluEhyFikkpLrIL,happy
5oVbaTDGaCgaaVYk2jHUdy,Claudi,Laurence Guy,Saw You for the First Time,2017-07-28,0,174193,https://open.spotify.com/track/5oVbaTDGaCgaaVYk2jHUdy,happy
6Zqg3N9PilNF5gc3fPRUEL,The Promise,Nutty Nys,The Promise,2020-11-14,38,420461,https://open.spotify.com/track/6Zqg3N9PilNF5gc3fPRUEL,happy
6kicsnoSgwTPWYPlxTDB2t,Pont des Arts,St Germain,Tourist (Remastered),2000,47,446146,https://open.spotify.com/track/6kicsnoSgwTPWYPlxTDB2t,happy
3N1wquap5u9MRQi3E5qWX3,Ivy Blues,Marie Lung,Ivy Blues,2023-10-27,31,343505,https://open.spotify.com/track/3N1wquap5u9MRQi3E5qWX3,happy
2Fk1WNNBK7If8eRUDwlja0,hot house,berlioz,jazz is for ordinary people,2023-06-23,0,157000,https://open.spotify.com/track/2Fk1WNNBK7If8eRUDwlja0,happy
61A6308e5tKhzjux8izA0m,I Wanna,Tour-Maubourg,I Wanna,2022-06-03,32,222853,https://open.spotify.com/track/61A6308e5tKhzjux8izA0m,happy
0ocljbCS9GYU82zvP55puG,Now More Than Ever,Eddie C,On The Shore,2016-09-23,39,321819,https://open.spotify.com/track/0ocljbCS9GYU82zvP55puG,happy
1QdUJBC9uy8vvfS3oT97hC,Phantom Melodies,Chaos In The CBD,Constraints of Time Travel,2015-11-27,0,320655,https://open.spotify.com/track/1QdUJBC9uy8vvfS3oT97hC,happy
0luL32XHQ6IolffhLg7n9v,Another way to view the world.,Bolden.,Another way to view the world.,2024-03-15,52,175614,https://open.spotify.com/track/0luL32XHQ6IolffhLg7n9v,happy
0qqoE3c5o8JYpdYPtL52wM,ALL U SEE IS,ELWD,ALL U SEE IS,2023-10-11,0,224000,https://open.spotify.com/track/0qqoE3c5o8JYpdYPtL52wM,happy
0wID3DevwVoFcl7HPCJvTy,Significant Others,Chaos In The CBD,Invisible Spectrum,2016-09-05,45,319680,https://open.spotify.com/track/0wID3DevwVoFcl7HPCJvTy,happy
7yhG71Sq9ueFzvcli7W45n,Not So Much,Axel Boman,Holy Love,2010-08-30,0,246480,https://open.spotify.com/track/7yhG71Sq9ueFzvcli7W45n,happy
02G42teKnMwPwDFEKUfdct,Loop No 1,Moomin,A Minor Thought,2016-01-08,44,372041,https://open.spotify.com/track/02G42teKnMwPwDFEKUfdct,happy
2yYPyH3pnwMZdetkjjAP61,Shimmer,Tom Jarmey,Amber Glass,2020-09-11,0,361060,https://open.spotify.com/track/2yYPyH3pnwMZdetkjjAP61,happy
3lrNU0pvwTaXsgDqa55A8j,Saw You for the First Time,Laurence Guy,Saw You for the First Time,2017-07-28,0,404630,https://open.spotify.com/track/3lrNU0pvwTaXsgDqa55A8j,happy
5vENoBXqKS2geMAyBXBqvh,The Last Time,Sven Wegner,Late Night Drinks,2024-07-12,35,179000,https://open.spotify.com/track/5vENoBXqKS2geMAyBXBqvh,happy
3Ik7rXT1mdZCfcDpnwemd4,Don The Don,"Max In The World, Kroba",Don The Don / Tiqqun,2023-06-20,30,381306,https://open.spotify.com/track/3Ik7rXT1mdZCfcDpnwemd4,happy
7vfIghWey3FItmcZXZy2fE,Friendly Pressure - Into The Sunshine Edit,"Jhelisa, Sunship",Friendly Pressure (Sunship Remixes),1998-09-21,55,229760,https://open.spotify.com/track/7vfIghWey3FItmcZXZy2fE,happy
61JS3OtwsRUVwt8tHmxSRX,The Tourist - Tour-Maubourg Remix,"Boukas, A D M B, Tour-Maubourg",The Tourist - Tour-Maubourg Remix,2023-07-07,31,324586,https://open.spotify.com/track/61JS3OtwsRUVwt8tHmxSRX,happy
7o0h1eDB4hiGtctaz2lhRu,Le Swing,"Milan93, Eloi, pedram",Le Swing,2025-11-05,31,187090,https://open.spotify.com/track/7o0h1eDB4hiGtctaz2lhRu,happy
2alVpYgUAbu49rPj7F3R4i,Touch,"Scruscru, Henna Onna",Ltdblbl015,2024-08-16,30,241658,https://open.spotify.com/track/2alVpYgUAbu49rPj7F3R4i,happy
6fSdR81YvNG8Wo6i2ytLPR,Gabriel - Live Garage Mix,"Roy Davis Jr., Peven Everett",Gabriel,1996-09-03,52,443849,https://open.spotify.com/track/6fSdR81YvNG8Wo6i2ytLPR,happy
09pj1klYmBnHx7YZ48QM0b,Late Night Caller - Retromigration Remix,"Soul Groove (UK), Retromigration",Jaded (Remixes),2023-08-25,39,338360,https://open.spotify.com/track/09pj1klYmBnHx7YZ48QM0b,happy
4e5wh0RrhjRSuzzdGGnVFL,High On Love,Eddie C,Wonderful Dub,2010-04-19,42,305146,https://open.spotify.com/track/4e5wh0RrhjRSuzzdGGnVFL,happy
3FXcQHLQGndpm5kaww1gMt,Deja Vu,"Scruscru, Classonix",Deja Vu,2023-02-10,34,337846,https://open.spotify.com/track/3FXcQHLQGndpm5kaww1gMt,happy
2OxidMKQ4V3V9XIofZIm7L,More Time,"Chaos In The CBD, Lee Pearson Jr. Collective",A Deeper Life,2025-05-09,49,236002,https://open.spotify.com/track/2OxidMKQ4V3V9XIofZIm7L,happy
1eTrnLuHxPoW6fZ6yihWu7,Alright,Nachtbraker,Janus EP,2014-09-22,30,440912,https://open.spotify.com/track/1eTrnLuHxPoW6fZ6yihWu7,happy
1Cq56gk7paifMfgdyIFkvO,Café de Flore - Charles Webster's latin lovers mix,Doctor Rockit,Hôtel Costes 4,2001-09-20,0,399653,https://open.spotify.com/track/1Cq56gk7paifMfgdyIFkvO,happy
3zleqNZf1vJabDXJKfAE9G,Morning Shift,Patrick Holland,Scented Trip,2017-03-24,39,380149,https://open.spotify.com/track/3zleqNZf1vJabDXJKfAE9G,happy
0WVswM9mX3DjHpH1QtYyW3,Ain’t Nobody’s Biz-Ness If I Do,The Bahama Soul Club,Bohemia After Dawn,2020-07-17,46,273894,https://open.spotify.com/track/0WVswM9mX3DjHpH1QtYyW3,happy
7fxcNshGvCxlNMGHI1GmCx,Waiting,Hidden Spheres,Waiting,2015-07-24,39,412812,https://open.spotify.com/track/7fxcNshGvCxlNMGHI1GmCx,happy
3ChSgzeihSYujR3JpKk9De,Night Visions,Cody Currie,Lucas,2022-10-28,36,269572,https://open.spotify.com/track/3ChSgzeihSYujR3JpKk9De,happy
4FkDpjYUd6VwsjGtY5Zblu,Morning Friends - Still Friends Mix,"Jah One, Alexandre Jaouën, Nadir Bahouche",Morning Friends (Still Friends Mix),2023-07-28,29,568073,https://open.spotify.com/track/4FkDpjYUd6VwsjGtY5Zblu,happy
4TluSHJ9ascfMw1MBC7ewN,TS - Original Mix,Menson,Sound Of Copenhagen Vol. 12,2014-02-03,30,387680,https://open.spotify.com/track/4TluSHJ9ascfMw1MBC7ewN,happy
4rBSHAaJxrzowZyFJnhZVW,Gel,K-Lone,Swells,2023-07-07,29,336157,https://open.spotify.com/track/4rBSHAaJxrzowZyFJnhZVW,happy
2biiWyvFoCg2isA3iU34p7,Toka Blowout Mix,Toka Project,Turn On Tune In,1999-08-01,19,492080,https://open.spotify.com/track/2biiWyvFoCg2isA3iU34p7,happy
2SCLswvRP8hAYdIKsrLV6h,The Finishing,Stavroz,The Ginning,2015-09-28,58,482983,https://open.spotify.com/track/2SCLswvRP8hAYdIKsrLV6h,happy
615MwwslOSkBtkBbnhtD7b,Raw Cuts #3,"Danilo Plessow, Motor City Drum Ensemble",Raw Cuts #3,2008-10-01,38,414359,https://open.spotify.com/track/615MwwslOSkBtkBbnhtD7b,happy
67AbjlHvKvHOmxGK2YIYFr,Why Don't You Listen - Fred Everything Remix,"Inkswel, Eliza Dickson, Pugs Atomz, Fred Everything",Why Don't You Listen (Waajeed & Fred Everything Remixes),2022-08-12,31,362432,https://open.spotify.com/track/67AbjlHvKvHOmxGK2YIYFr,happy
55frPzCdPGjCIZF3oZVFCV,Real Blues,St Germain,St Germain,2015-10-09,40,316880,https://open.spotify.com/track/55frPzCdPGjCIZF3oZVFCV,happy
2dude2slpvoRmAVkaHakPA,Itzehoe,Max Graef,Rivers Of The Red Planet,2014-04-07,0,295384,https://open.spotify.com/track/2dude2slpvoRmAVkaHakPA,happy
0ODktM8J48ucTIrvgak5q7,Missing You - Jazz Cafe Mix,Larry Heard,Missing You,2000-05-04,29,450893,https://open.spotify.com/track/0ODktM8J48ucTIrvgak5q7,happy
3g3zmCztOUAUlHvu7ArAUI,Kill Frenzy,Fouk,Kill Frenzy,2015-05-18,36,361958,https://open.spotify.com/track/3g3zmCztOUAUlHvu7ArAUI,happy
0Du9m6QON2C76LOau8bHw0,Jsors le Coxis du Fémur,Pierre Moritz,Dédé is Back,2018-03-23,39,374634,https://open.spotify.com/track/0Du9m6QON2C76LOau8bHw0,happy
7atkiJqMXDjcrP6y5xPXmJ,Sweet Life,Rick Wade,Sweet Life,2014-03-02,39,306049,https://open.spotify.com/track/7atkiJqMXDjcrP6y5xPXmJ,happy
1EkIZMlAXdvxww1IvINInf,Kojak,Laurence Guy,Kojak EP,2015-05-25,0,301150,https://open.spotify.com/track/1EkIZMlAXdvxww1IvINInf,happy
6Ph7youWJICoOoevKOvyJR,Orbits of Dust,Session Victim,Orbits of Dust,2022-05-11,40,360071,https://open.spotify.com/track/6Ph7youWJICoOoevKOvyJR,happy
2EJtek4uqMsnYYd36JiBSQ,Wednesday Night People,Moodymann,Forevernevermore,2000-01-01,44,171360,https://open.spotify.com/track/2EJtek4uqMsnYYd36JiBSQ,happy
6kvinwAz4dSKmLYMt5dP6O,Hide and Seek,Session Victim,10.000 Hours,2021-12-03,39,309574,https://open.spotify.com/track/6kvinwAz4dSKmLYMt5dP6O,happy
6plKjqeFQ30GbfAbvS3srq,Intimate Fantasy,Chaos In The CBD,Intimate Fantasy - EP,2022-10-04,44,493000,https://open.spotify.com/track/6plKjqeFQ30GbfAbvS3srq,happy
11qVUmheR6uTcDgzsH0GsZ,Nublado - Patchworks Remix,"Pedro Mizutani, Patchworks",Nublado (Patchworks Remix),2024-01-05,41,235432,https://open.spotify.com/track/11qVUmheR6uTcDgzsH0GsZ,happy
7M0sdJfln2MGvuPxM6vUzr,Warme Kachel,Nachtbraker,Janus EP,2014-09-22,29,368965,https://open.spotify.com/track/7M0sdJfln2MGvuPxM6vUzr,happy
5Rhjn4EF7x8HCOWBcSCY4C,IL.,St Germain,From Detroit to St Germain (The Complete Series for Connoisseurs),1999,0,396200,https://open.spotify.com/track/5Rhjn4EF7x8HCOWBcSCY4C,happy
1nNdzHyRuP1TCfwMoN4Cwa,Pajama Stomp,Coeo,Disco Volante EP,2016,0,391983,https://open.spotify.com/track/1nNdzHyRuP1TCfwMoN4Cwa,happy
7xBVaMdQ3bm6Qluo9G78xG,Unconditional,"Space Ghost, Teddy Bryant",Majestic Fantasies,2025-06-13,27,250000,https://open.spotify.com/track/7xBVaMdQ3bm6Qluo9G78xG,happy
0mcMYeHHRc8qIlg3XcUtz4,Manhattan to Brooklyn,Tour-Maubourg,"From da Block, Vol. 2",2018-01-12,42,446129,https://open.spotify.com/track/0mcMYeHHRc8qIlg3XcUtz4,happy
0SZp1ywJhW4abTdq6bIB0J,Elvira,Cosmonection,Launch,2023-02-24,23,309381,https://open.spotify.com/track/0SZp1ywJhW4abTdq6bIB0J,happy
6A7r1A5cLcL6jSQuqSR2QJ,Copy & Paste,Half Dead Dave,Plonkey Kong,2024-08-09,31,373000,https://open.spotify.com/track/6A7r1A5cLcL6jSQuqSR2QJ,happy
4SyJHlq2qSTZ7IAmWkpt3n,Jusqu'ici tout va bien - Moomin Remix,"Okvsho, Moomin",Orange Wine Remixes,2022-07-22,39,181475,https://open.spotify.com/track/4SyJHlq2qSTZ7IAmWkpt3n,happy
2f9TCHbHyWF85G9LDjjwiF,"Jazz, Vol. 1",Seb Wildblood,"Jazz, Vol. 1",2016-05-27,0,397477,https://open.spotify.com/track/2f9TCHbHyWF85G9LDjjwiF,happy
51qw9DAEYn0RS23LtwZU84,El Layali,Barry Can't Swim,Amor Fati,2021-07-09,2,189760,https://open.spotify.com/track/51qw9DAEYn0RS23LtwZU84,happy
6rOO4rvFRvljFZlcpylgPR,Higher Elevation,Chaos In The CBD,Higher Elevation,2023-01-18,0,373453,https://open.spotify.com/track/6rOO4rvFRvljFZlcpylgPR,happy
4HKLzHCZOyUH0oWQA3B2MJ,Swim,Hugo Mari,Swim,2020-05-22,34,252000,https://open.spotify.com/track/4HKLzHCZOyUH0oWQA3B2MJ,happy
69ZfvxgQipBn7SyjjavpBM,Waterzone,Jesse Futerman,Waterzone,2018-08-24,38,318912,https://open.spotify.com/track/69ZfvxgQipBn7SyjjavpBM,happy
2iMr4fmel0lQnL28yxOtIT,Back In Time - Original Mix,Ricky Razu,Back In Time EP,2023-07-14,40,375483,https://open.spotify.com/track/2iMr4fmel0lQnL28yxOtIT,happy
2eXufCzorKZcICnwK4WATc,For George,Soul Wun,13th Hour Vol. 5,2020-06-05,0,330828,https://open.spotify.com/track/2eXufCzorKZcICnwK4WATc,happy
6JyBOAMZAZcvMaQGKb9BsO,I Can't,Soul Wun,I Can't,2018-03-19,38,256000,https://open.spotify.com/track/6JyBOAMZAZcvMaQGKb9BsO,happy
1wZpx3M3Gsou5NTgupmbDY,Floating on Silence - K-Lone Remix,"Tour-Maubourg, K-Lone",Floating on Silence (K-Lone Remix),2024-08-29,36,277805,https://open.spotify.com/track/1wZpx3M3Gsou5NTgupmbDY,happy
6vMOUqXb7HplNdIgk9ItPM,I Hadn't Known (I Only Heard),Herbert,I Hadn't Known (I Only Heard) / So Now...,2019-10-11,0,434680,https://open.spotify.com/track/6vMOUqXb7HplNdIgk9ItPM,happy
7g8NvPQSXYY8DLujyvBMMc,Silver,Gavinco,The Four J's,2018-09-07,0,340669,https://open.spotify.com/track/7g8NvPQSXYY8DLujyvBMMc,happy
3Nyh3AF9fIp8v7f8DfvzZO,Lampadaire,Folamour,Fort Bellefleur,2016-07-29,38,417398,https://open.spotify.com/track/3Nyh3AF9fIp8v7f8DfvzZO,happy
0gTfSIYxrsuDzs6TQo02lZ,Saving Time,Boo Williams,Night Heat,2020-05-15,29,421463,https://open.spotify.com/track/0gTfSIYxrsuDzs6TQo02lZ,happy
5v3HSMEYYJqwKWQjpFgaK1,Rhythm Is Key,DJ Psychiatre,Rhythm Is Key,2023-02-17,31,409303,https://open.spotify.com/track/5v3HSMEYYJqwKWQjpFgaK1,happy
3fOyW8hSiOpCaXmQP4zpQH,Jazz Piece 2,DJ Aakmael,Jus' Tracks,2015-05-08,35,420132,https://open.spotify.com/track/3fOyW8hSiOpCaXmQP4zpQH,happy
43Avrpwr8v0Xome2nh8c7F,Je Ka Jo (Demo Mix),"Joaquin ""Joe"" Claussell",Turntables on the Hudson: Twenty Years of Good Vibes (20 Year Anniversary),2018-12-07,7,447026,https://open.spotify.com/track/43Avrpwr8v0Xome2nh8c7F,happy
51ipMo7yJOJordyG44gGLh,L.O.V.E. - Radio Edit,Motor City Drum Ensemble,L.O.V.E. (DJ-Kicks) - EP,2011-08-22,39,244032,https://open.spotify.com/track/51ipMo7yJOJordyG44gGLh,happy
6QZPF2qAWRlKcvWksumlZh,The Road is Long,"Thakzin, Mo-T, Mas Musiq",The Road is Long,2024-12-20,39,449812,https://open.spotify.com/track/6QZPF2qAWRlKcvWksumlZh,happy
6KsDQA0pYkNs1kiN1u9V6T,Six Am,Earth Boys,Mythic Music,2019-06-21,37,204523,https://open.spotify.com/track/6KsDQA0pYkNs1kiN1u9V6T,happy
6jQU3Pb0Le0BSKMUsBRqtm,DISCOBOIZ,"Jazzbois, Gnork",DISCOBOIZ,2023-05-11,31,508500,https://open.spotify.com/track/6jQU3Pb0Le0BSKMUsBRqtm,happy
5s4QoK3ELJuyqMcHJqBnOp,Satsuki - Danny Tenaglia Naked Mix,"Danny Tenaglia, Richard Worth, Gengji Siraisi",Giant Step NYC presents SATSUKI,1992,29,412560,https://open.spotify.com/track/5s4QoK3ELJuyqMcHJqBnOp,happy
30BeZDz3nv2MZI0wgghltY,Richness In Moments,Juando,Richness In Moments,2024-09-20,31,290000,https://open.spotify.com/track/30BeZDz3nv2MZI0wgghltY,happy
26iVOltdzGkf6yuObwaEyd,COSMIC CHAMELEON,ELWD,COSMIC CHAMELEON,2024-09-18,35,262112,https://open.spotify.com/track/26iVOltdzGkf6yuObwaEyd,happy
2RkW8H3tq7sVtqKNaL0iXn,"Rhodes, 3AM",Hokuto Sato,Years,2014-03-27,35,339250,https://open.spotify.com/track/2RkW8H3tq7sVtqKNaL0iXn,happy
3mnIT8HxZUCwG9f6mCAPZM,Los Angeles - Soela Remix,"Earth Boys, Soela",Earth Tones (Remixes),2020-08-07,31,390140,https://open.spotify.com/track/3mnIT8HxZUCwG9f6mCAPZM,happy
4vyOcxU4oEyzEhBMFheHBj,I Needed,Hanna,"I Needed / Intercession, On Behalf",2019-10-11,33,397640,https://open.spotify.com/track/4vyOcxU4oEyzEhBMFheHBj,happy
2CZgfufwb7f1u5Fw9TbcH3,IN MY MIND SOMETIMES,ELWD,IN MY MIND SOMETIMES,2023-07-19,0,190270,https://open.spotify.com/track/2CZgfufwb7f1u5Fw9TbcH3,happy
7J0cFm3y0mb9ihfyGM4HDV,Lovin' Me,BRS,Late Night Tales: Another Late Night - Groove Armada,2002,33,413160,https://open.spotify.com/track/7J0cFm3y0mb9ihfyGM4HDV,happy
2zqsYJu2JTsJQESPkqwvnw,Luxury Motivation,Chaos In The CBD,Midnight in Peckham,2015-08-24,44,348266,https://open.spotify.com/track/2zqsYJu2JTsJQESPkqwvnw,happy
1Efq3DVQ0a1zaRavtizfcG,Dub 001,Tour-Maubourg,Woodfloor Dubs,2022-02-18,32,385157,https://open.spotify.com/track/1Efq3DVQ0a1zaRavtizfcG,happy
3L6MwEXZc8GP3pR6NlKPBS,Valentine - Original Mix,Moomin,The Story About You,2011-10-31,28,397840,https://open.spotify.com/track/3L6MwEXZc8GP3pR6NlKPBS,happy
4KIKqhxufzctbH1Zxm0ibN,Heavy Piano,Duran y Garcia,Encantado!,2008-08-26,40,242866,https://open.spotify.com/track/4KIKqhxufzctbH1Zxm0ibN,happy
78Cjzp7Shwr3sGkMjXZpXa,Honey - Skit,Coeo,Disco Volante EP,2016,0,86777,https://open.spotify.com/track/78Cjzp7Shwr3sGkMjXZpXa,happy
1OxNBuk83EeS1Nj0k8mfPZ,I Lost 200€ in a Club,Tell,Cool Bananas,2018-06-01,48,263315,https://open.spotify.com/track/1OxNBuk83EeS1Nj0k8mfPZ,happy
6Mmpz9igswKB5ghtJNw0eW,Clouds,Resavoir,Resavoir,2019-06-28,35,71213,https://open.spotify.com/track/6Mmpz9igswKB5ghtJNw0eW,happy
35lgMCRHT2Ehy6r6RTcTmf,Especiale - Carnival Mix,"Fresh & Low, Fresh Juice II",Especiale(Fresh & Low Productions present Fresh Juice II),2000-09-09,30,440000,https://open.spotify.com/track/35lgMCRHT2Ehy6r6RTcTmf,happy
1gwRql86tCHIVzagCMvvhL,Say What,Retromigration,Early Pale,2021-04-23,35,403981,https://open.spotify.com/track/1gwRql86tCHIVzagCMvvhL,happy
1pUb1ZGMdSldjWGo7Nrg17,Deep in It,St Germain,Boulevard (The Complete Series),1995-07-28,45,440040,https://open.spotify.com/track/1pUb1ZGMdSldjWGo7Nrg17,happy
4Uoy2ySRvBC1jnbj5FfusP,Endcliffe Park,Al Zanders,Limb Valley,2019-05-31,32,450020,https://open.spotify.com/track/4Uoy2ySRvBC1jnbj5FfusP,happy
6VFWV1mbJEM0TG9t8xC26t,Spanish Grease - Dorfmeister Con Madrid De Los Austrias Muga Reserve Mix,Willie Bobo,Verve Remixed,2002-01-01,35,445240,https://open.spotify.com/track/6VFWV1mbJEM0TG9t8xC26t,happy
3FsbNA7632mDE8gLp4K6oB,Moving,Dan Kye,Small Moments,2020-11-13,40,315608,https://open.spotify.com/track/3FsbNA7632mDE8gLp4K6oB,happy
5gMyEM8PgpvfIBsVcQXcag,Chillin Like a Villain - Twilight Mix,Madagascar,Madagascar,1994-01-07,28,399107,https://open.spotify.com/track/5gMyEM8PgpvfIBsVcQXcag,happy
0EzHldYhrVbtELCnglddMe,Music and the Rhythm,"Playin' 4 The City, Electra Weston",8 Urban Soundtracks,2009-11-06,30,319619,https://open.spotify.com/track/0EzHldYhrVbtELCnglddMe,happy
5FA3tfPhY3BSKr4vr9OVON,Untitled Needs,Laurence Guy,The Sun Is Warm and Directly Above You,2020-02-21,34,457627,https://open.spotify.com/track/5FA3tfPhY3BSKr4vr9OVON,happy
4uwIOSIWT38p7jhtTvAo7Y,Save Your Love,Gallegos,Banoffee Pies Digi 04,2017-03-31,34,219628,https://open.spotify.com/track/4uwIOSIWT38p7jhtTvAo7Y,happy
2sM2I3eZpanOUznJq1QKwz,What´S New,St Germain,Boulevard (The Complete Series),1995-07-28,40,465733,https://open.spotify.com/track/2sM2I3eZpanOUznJq1QKwz,happy
1pGzcSHIle1lhPnoQ3JGQp,The One with the Emoticon,Seb Wildblood,The One with the Emoticon,2017-04-28,0,271764,https://open.spotify.com/track/1pGzcSHIle1lhPnoQ3JGQp,happy
1MYP87x8aPYMGDrvzD1nEr,Jazz Mood No.1,Future Loop Foundation,Remixes and One-Offs,2007-03-05,28,304652,https://open.spotify.com/track/1MYP87x8aPYMGDrvzD1nEr,happy
59wZSqTgqwz5EaUnDpA5qM,BO,Retromigration,Dead Tech EP,2023-09-29,21,346057,https://open.spotify.com/track/59wZSqTgqwz5EaUnDpA5qM,happy
2wuRMb84OvcWvjJ4W4Zr5s,Anchor,"Laurence Guy, Ishmael",Saw You for the First Time,2017-07-28,29,287665,https://open.spotify.com/track/2wuRMb84OvcWvjJ4W4Zr5s,happy
4d3cteTwjREyd0MGf1nkUW,Jazz Carnival - Space Jazz Mix - Global Communication Remix,"Azymuth, Global Communication",Jazz Carnival (Space Jazz Mix - Global Communication Remix),2019-09-27,30,673961,https://open.spotify.com/track/4d3cteTwjREyd0MGf1nkUW,happy
1YNOoGBNUOvew4rDOkd7jo,Japan Theme,Soul Wun,Fragments - EP,2021-08-06,48,316000,https://open.spotify.com/track/1YNOoGBNUOvew4rDOkd7jo,happy
2egFs4PFwcMbRxq3LWm6wr,Coconut Jam,Tom Jarmey,"1000 Thanks, Vol. 2",2018-03-09,37,308000,https://open.spotify.com/track/2egFs4PFwcMbRxq3LWm6wr,happy
5L0Y8BQkJnYT3ROqjkY4HF,Cat Lady,Fouk,First Things First EP,2014-02-24,33,375401,https://open.spotify.com/track/5L0Y8BQkJnYT3ROqjkY4HF,happy
34xsNd0KaQtZ9oOx3VBi7o,Vibrations,Alton Miller,SWEET IN THE MORNING,1999-03-08,27,410573,https://open.spotify.com/track/34xsNd0KaQtZ9oOx3VBi7o,happy
5YfDYtyprgO99uFqLUS68V,Sometimes - Original Mix,William Florelle,Vessel,2022-09-30,0,277627,https://open.spotify.com/track/5YfDYtyprgO99uFqLUS68V,happy
2B3ytFCShO5lhqUG7oELuR,All the Reasons,Sweely,All the Reasons,2017-02-24,38,271044,https://open.spotify.com/track/2B3ytFCShO5lhqUG7oELuR,happy
671ESv6jOW1IMthApN3K03,New Ferrari - Harvey Sutherland's Weird Flex Mix,"Surprise Chef, Harvey Sutherland",Masters at Work & Harvey Sutherland (Remixes),2021-10-22,35,221189,https://open.spotify.com/track/671ESv6jOW1IMthApN3K03,happy
6kH113rr1wRLEOe2wzno7H,Embrace,Dirtytwo,Embrace,2023-10-13,34,484178,https://open.spotify.com/track/6kH113rr1wRLEOe2wzno7H,happy
77u4D7eaO0T6zVby7kybyP,The Shit Baby,"Omar S, D Taylor",Thank You for Letting Me Be Myself,2017-08-02,40,413315,https://open.spotify.com/track/77u4D7eaO0T6zVby7kybyP,happy
0oFHRPEeHhsDCNBXHCeouQ,U Do,"Nutcase & Papachubba, Petah",Dub The Presha Down / U Do,2023-02-02,35,295216,https://open.spotify.com/track/0oFHRPEeHhsDCNBXHCeouQ,happy
5lZHvGZd3uKWD9YOo4ySb7,Drums of Death,"Max Graef, Labuzinski",Rivers Of The Red Planet,2014-04-07,0,367376,https://open.spotify.com/track/5lZHvGZd3uKWD9YOo4ySb7,happy
5GZjA2i9ToxpDuMAP892LS,Luckey,"Jesse Futerman, Beverly Glenn-Copeland",Luckey,2021-02-05,31,398276,https://open.spotify.com/track/5GZjA2i9ToxpDuMAP892LS,happy
2WnaPNEUrDbFg62Cp3k5fw,In the Evenings - Hidden Spheres Remix,"Loure, Hidden Spheres",Westside Movements,2017-05-26,39,343808,https://open.spotify.com/track/2WnaPNEUrDbFg62Cp3k5fw,happy
4706xUPwNxD438vIJ3ELxq,You Rock Me - Long Version,"Larry Heard, Mr White",E.P.,2009-01-01,39,372640,https://open.spotify.com/track/4706xUPwNxD438vIJ3ELxq,happy
3AhnJRinzJNzvTVIJqCBD3,In The House of Waterfalls,Tar Blanche,In The House of Waterfalls,2024-12-20,34,307000,https://open.spotify.com/track/3AhnJRinzJNzvTVIJqCBD3,happy
4BiIggb1Ji57wCgMZMHOvA,Long Way From Brooklyn,Down To The Bone,Celebrating 10 Years Of Groove,2007-01-01,0,343946,https://open.spotify.com/track/4BiIggb1Ji57wCgMZMHOvA,happy
3saUNwj9gp40N23QBKaBZ6,Mirrors,Godblesscomputers,Faded Views,2023-09-08,24,225937,https://open.spotify.com/track/3saUNwj9gp40N23QBKaBZ6,happy
5fB8D4lc3UNL1xoFoxUOkH,Stuck,Peven Everett,Power Soul,2006,0,288453,https://open.spotify.com/track/5fB8D4lc3UNL1xoFoxUOkH,happy
3t9dq1I2VKPmEcatwRkJ9P,Pacific State,808 State,Blueprint (The Best of),2011-09-19,0,350560,https://open.spotify.com/track/3t9dq1I2VKPmEcatwRkJ9P,happy
09jflWcNgyBd0PiigbWVMZ,Black Space Jazz,Kareem Ali,Quantum Blackness,2021-05-15,32,387514,https://open.spotify.com/track/09jflWcNgyBd0PiigbWVMZ,happy
0U6HftHR1H6Kqoa8yjwiXi,Satsuki - Jazzy Nice Metropolis Mix,"Richard Worth, Jazzy Nice, Gengji Siraisi",Giant Step NYC presents SATSUKI,1992,33,424773,https://open.spotify.com/track/0U6HftHR1H6Kqoa8yjwiXi,happy
6WIPjDS24lNkcbK7y38cQa,The Forgiven,Hanna,Love All,2020-06-25,0,474166,https://open.spotify.com/track/6WIPjDS24lNkcbK7y38cQa,happy
0MCls0N3sXyQgSJuwKzPeu,Bells Creek Road,Jad & The,Bells Creek Road,2019-06-21,38,398354,https://open.spotify.com/track/0MCls0N3sXyQgSJuwKzPeu,happy
2uwFfIKMYCtBo9uP7vOxU3,Sunsetwalkin',The Timewriter,Jigsaw Pieces (ReRelease),1998,28,453986,https://open.spotify.com/track/2uwFfIKMYCtBo9uP7vOxU3,happy
2Psrh4CNi6HbIwf8w4u0Zx,Another Day,Soul Saver,Another Day,2022-02-18,32,435500,https://open.spotify.com/track/2Psrh4CNi6HbIwf8w4u0Zx,happy
3kUk1FksMqNaZNeUMpkbyd,Elle,DJ Gregory,4 To The Floor Presents Faya Combo,2017-12-08,0,422521,https://open.spotify.com/track/3kUk1FksMqNaZNeUMpkbyd,happy
69CDqUSbInrIg3UBqTNh0o,Global Erosion,"Chaos In The CBD, Isaac Aesili",Global Erosion / Background Explorer,2016-06-22,42,461233,https://open.spotify.com/track/69CDqUSbInrIg3UBqTNh0o,happy
3nlOrGNz35mZ6sa6CN0lZQ,Kokiri Forest,Hugo Mari,Mind's Eye,2019-12-06,35,381662,https://open.spotify.com/track/3nlOrGNz35mZ6sa6CN0lZQ,happy
1FyCd4hTjAd3IwvNBpLhom,Poem For The Lost Souls - Original Mix,Lea Lisa,Poem For The Lost Souls,2024-06-21,29,534677,https://open.spotify.com/track/1FyCd4hTjAd3IwvNBpLhom,happy
0baHmScZuO8t7aQyBiih2f,As The Sun,John Beltran,Back To Bahia,2020-05-12,40,312389,https://open.spotify.com/track/0baHmScZuO8t7aQyBiih2f,happy
3DOKzqHnlAGDVaDT0MVXs7,Happy Sunday,Felipe Gordon,Happy Sunday,2024-07-12,29,193500,https://open.spotify.com/track/3DOKzqHnlAGDVaDT0MVXs7,happy
5Pxw4MqAFpXufdGhnAmYgI,Primrose (feat. Naisha),"NATE08, Naisha",Furaha,2022-11-11,59,239506,https://open.spotify.com/track/5Pxw4MqAFpXufdGhnAmYgI,happy
5pyeiw1RM3ZM1kVghG7mEy,Hamptons,Nebulae Waves,Hamptons,2025-03-14,28,150015,https://open.spotify.com/track/5pyeiw1RM3ZM1kVghG7mEy,happy
5TJVxz1dBySUZRkV7K8ZB7,I Drank Café Del Mar,Melodiesinfonie,Beats On Boat: Melodiesinfonie,2020-08-13,28,327857,https://open.spotify.com/track/5TJVxz1dBySUZRkV7K8ZB7,happy
61G5lQO9JTz4xIYvE65V93,On & On,Edmondson,Flamingo Tripper,2016-11-18,31,469598,https://open.spotify.com/track/61G5lQO9JTz4xIYvE65V93,happy
7to6wFj09BWktbSn1wWUUQ,I'm Ready,Playin' 4 The City,Night Shades,2021-04-19,37,265439,https://open.spotify.com/track/7to6wFj09BWktbSn1wWUUQ,happy
4NTSpCaepJiH4M3WV3vsUX,THOUGHTS UNLIMITED,ELWD,SONGS ABOUT THE SUN,2024-10-04,34,256012,https://open.spotify.com/track/4NTSpCaepJiH4M3WV3vsUX,happy
3I6tx6rfF8Y0vrOEq0ElNr,Comfort Me (feat. Emma-Jean Thackray),"Pinty, Emma-Jean Thackray, Tomos",Tomorrow's Where I'm At,2021-05-20,31,236963,https://open.spotify.com/track/3I6tx6rfF8Y0vrOEq0ElNr,happy
1XAzFYJR94m9T4AgshhO99,So Flute,St Germain,Tourist (Remastered),2000,51,507607,https://open.spotify.com/track/1XAzFYJR94m9T4AgshhO99,happy
3VtojB7L6g6skduYAwxr6x,The Novel Sound,Llorca,Newcomer,2001-01-01,39,427160,https://open.spotify.com/track/3VtojB7L6g6skduYAwxr6x,happy
7JpawBCwbchDVoZgyVSQ7g,Deep Dip,"4th Sign, Joss Moog, Around7","Éloge de la lenteur, pt. 2",2016-05-20,45,307299,https://open.spotify.com/track/7JpawBCwbchDVoZgyVSQ7g,happy
1LB3YVuCHZ81yygBBW2fcU,Jaded Love - Tour-Maubourg Radio Edit,"Soul Groove (UK), Tour-Maubourg",Jaded (Remixes),2023-08-18,39,340084,https://open.spotify.com/track/1LB3YVuCHZ81yygBBW2fcU,happy
7Esye77Caf24GfFmAzAUHW,Sirena Deep,"Chaos In The CBD, Nathan Haines",Sirena Deep,2023-08-16,43,341500,https://open.spotify.com/track/7Esye77Caf24GfFmAzAUHW,happy
7qKRb5EckJPLjd1Vxjpbl5,Steph Strange,Special Feelings,Special Feelings,2023-11-10,31,143613,https://open.spotify.com/track/7qKRb5EckJPLjd1Vxjpbl5,happy
7iFDowCYxF4l4mgmGGrDAT,If Only I Could - Mixed,"Fusion Groove Orchestra, Steve Lucas, Liem",Defected Radio Episode 164 (hosted by Sam Divine) [DJ Mix],2020-10-16,30,274790,https://open.spotify.com/track/7iFDowCYxF4l4mgmGGrDAT,happy
0fSCJcsZMBkzGvXmEpeWFz,Feel the ground,Sweg,Feel the ground,2025-02-06,32,171446,https://open.spotify.com/track/0fSCJcsZMBkzGvXmEpeWFz,happy
08xun2Mfz6c0BwJWpQPNyk,The Time Is Right,I Gemin,The Time Is Right,2023-03-31,44,210309,https://open.spotify.com/track/08xun2Mfz6c0BwJWpQPNyk,happy
7kfMreQuTitHbmhGQ8iOVa,Delhi House,"Raj, Mauricesax",Delhi House,2025-01-29,34,172251,https://open.spotify.com/track/7kfMreQuTitHbmhGQ8iOVa,happy
1mTZJbpvjaMwKKWKajOPeB,Why Why,Thierry Tomas,"Part Of Deeppa, Vol. 2",2024-09-27,27,446921,https://open.spotify.com/track/1mTZJbpvjaMwKKWKajOPeB,happy
3eI3Io0IKCTofaLM6eHj1w,Jazz Club NY,"Mike Nasty, Omari Clarke",Journey From Memphis,2023-03-24,29,352385,https://open.spotify.com/track/3eI3Io0IKCTofaLM6eHj1w,happy
4WwYaHgCT4r1iaPBLL3AzR,I Wanna Tell Somebody,"Chaos In The CBD, Josh Milan",I Wanna Tell Somebody,2025-02-26,34,358186,https://open.spotify.com/track/4WwYaHgCT4r1iaPBLL3AzR,happy
2vpIRmZGbcj441GmQClEtv,Antares,Omniverse,Venere,1991-02-08,30,356466,https://open.spotify.com/track/2vpIRmZGbcj441GmQClEtv,happy
1kBZySuH1hQxWAfFaueoRg,Fourth Wall,Harvey Causon,Fourth Wall,2020-06-26,32,250347,https://open.spotify.com/track/1kBZySuH1hQxWAfFaueoRg,happy
72OVeVhPXF4I23Cy63Jk3T,indigo dream,berlioz,open this wall,2024-07-12,58,174209,https://open.spotify.com/track/72OVeVhPXF4I23Cy63Jk3T,happy
76kCo3WroLOITrVujtYmaW,Intentions,"Max Sinàl, KingCrowney, Liv East",Intentions,2025-03-14,56,235538,https://open.spotify.com/track/76kCo3WroLOITrVujtYmaW,happy
3Tcj5BO49I58bnEBlZadHw,Rebels On The Way,Soulstatejazz,Annwn,2020-05-22,33,324743,https://open.spotify.com/track/3Tcj5BO49I58bnEBlZadHw,happy
1E6kgbqLP4GPd4gsKab6Wt,Milles Away,"Linkwood Family, Joseph Malik",Firecracker EP1,2020-02-21,37,518373,https://open.spotify.com/track/1E6kgbqLP4GPd4gsKab6Wt,happy
4ymCS55AN4oSbENpMb4mVr,Jazz On The 22nd Floor,J. Axel,Deepness Is Served,2008-02-19,37,276866,https://open.spotify.com/track/4ymCS55AN4oSbENpMb4mVr,happy
1temi06pv6MMqsXOu9lqaj,For All My Wrongs - Edit,James Pepper,For All My Wrongs,2020-02-20,27,277863,https://open.spotify.com/track/1temi06pv6MMqsXOu9lqaj,happy
5lB9T9exIii07XyEo99rGX,Emotional Intelligence - Mixed,"Chaos In The CBD, Nathan Haines, Dave Koor",DJ-Kicks: Steven Julien,2024-11-22,38,237653,https://open.spotify.com/track/5lB9T9exIii07XyEo99rGX,happy
5oXKJsfLBwBP5fInssrnjR,Deep Burnt (feat. Axel Tosca),"Louie Vega, Axel Tosca",Expansions In The NYC,1900-01-01,29,351360,https://open.spotify.com/track/5oXKJsfLBwBP5fInssrnjR,happy
21zKJdyg7M0DLG30faSWc6,Everything - Original Mix,Kemback,Everything EP,2020-04-06,25,442352,https://open.spotify.com/track/21zKJdyg7M0DLG30faSWc6,happy
0saHEfGDqdEBdgjZIwQVzE,Loire & Pinot Gris,Lamchopz,Loire & Pinot Gris,2025-10-16,38,288000,https://open.spotify.com/track/0saHEfGDqdEBdgjZIwQVzE,happy
3Wrin54VNDK8JXCZ3N3Q5N,Set And...,Kinder,MG,2020-05-29,22,300000,https://open.spotify.com/track/3Wrin54VNDK8JXCZ3N3Q5N,happy
6rzHCTCNh1si9Mi6GYD6bJ,Kômo Fôlly - St Germain Remix,"Siraba, St Germain",Kômo Fôlly,2023-07-07,23,209267,https://open.spotify.com/track/6rzHCTCNh1si9Mi6GYD6bJ,happy
1uGzFh0mjppjmnrblek7Kl,4 Time,Clive From Accounts,Pearls EP,2022-05-27,26,338056,https://open.spotify.com/track/1uGzFh0mjppjmnrblek7Kl,happy
5LKoj68kYPLaFMyjVIbY0M,Hiromasa's Interlude,Yadava,It Rains Here,2020-07-22,27,96774,https://open.spotify.com/track/5LKoj68kYPLaFMyjVIbY0M,happy
6yGH0z9yHfxkBnHifEU1B5,Storm - Mixed,Atjazz,Café del Mar Ibiza Chillout Mix III (DJ Mix),2023-06-23,27,234636,https://open.spotify.com/track/6yGH0z9yHfxkBnHifEU1B5,happy
2oxr3Hhgiedo5PZSYImqPa,What About This Love - Chaos In The CBD Remix,"dip in the pool, Chaos In The CBD",What About This Love (Chaos In The CBD Remix),2022-02-04,33,317095,https://open.spotify.com/track/2oxr3Hhgiedo5PZSYImqPa,happy
0hcmOGzwQsVRPxLJ7MiByg,Ce Matin-Là - Tour-Maubourg Spiritual Mix,"S-Pazz, Tour-Maubourg",Ce Matin-Là,2025-10-29,35,324181,https://open.spotify.com/track/0hcmOGzwQsVRPxLJ7MiByg,happy
5rHcrElzkZRaeezPe8ak90,A New Day,"Urban Love, Tom Polo, Bellestar",A New Day,2024-11-29,51,124505,https://open.spotify.com/track/5rHcrElzkZRaeezPe8ak90,happy
07sJ1L41wKgDKSq596tUji,Get Lucky - Nikko Mad Remix,"Karen Souza, Nikko Mad",IBIZA Summer Mix,2024-07-05,53,152738,https://open.spotify.com/track/07sJ1L41wKgDKSq596tUji,happy
2Q5LnoUDXa0FUsoomvjEid,Out in the Dark,Urban Love,Out in the Dark,2024-08-16,47,139776,https://open.spotify.com/track/2Q5LnoUDXa0FUsoomvjEid,happy
45jsSaCyemHxEw0LMQETtr,Clocks - Sign of the Times Remix,Ituana,The Remixes,2021-11-19,59,165245,https://open.spotify.com/track/45jsSaCyemHxEw0LMQETtr,happy
6WcXfR7DizQUVstBWwA1sS,Poison,"Style Project, Trippynova",Poison,2024-10-04,47,139101,https://open.spotify.com/track/6WcXfR7DizQUVstBWwA1sS,happy
0VDk6RcCB0B2iViJjFk6ks,Your Heart,Urban Love,A New Day,2024-11-29,51,122500,https://open.spotify.com/track/0VDk6RcCB0B2iViJjFk6ks,happy
2gCEsaKvuL8FrVcBzimC7P,Be Easy - Nikko Mad Mix,"General Soundbwoy, Urban Love, Nikko Mad",Be Easy (Nikko Mad Mix),2024-04-19,52,126303,https://open.spotify.com/track/2gCEsaKvuL8FrVcBzimC7P,happy
2Qahtoz2q4FwOKwtw0VH46,Let Somebody Go,"Bellestar, Andy Stone",Let Somebody Go,2024-08-09,47,124067,https://open.spotify.com/track/2Qahtoz2q4FwOKwtw0VH46,happy
20ilaQzoMW2Ld45Kje0DgF,Simple Song - Ronan Remix,"Eve St. Jones, Ronan",Simple Song (Ronan Remix),2023-09-15,48,133440,https://open.spotify.com/track/20ilaQzoMW2Ld45Kje0DgF,happy
0Z5zL4dVh34tKL5Lo6elv3,People From Ibiza - Ronan Remix,"Stella Starlight Trio, Blue System, Ronan",People From Ibiza (Ronan Remix),2024-11-01,48,152347,https://open.spotify.com/track/0Z5zL4dVh34tKL5Lo6elv3,happy
3SSHhsmRjs61kQZcC8XIVh,The Rhythm of the Night - Ronan Remix,"Groove Da Praia, Anakelly, Ronan",The Rhythm of the Night (Ronan Remix),2023-10-15,49,145081,https://open.spotify.com/track/3SSHhsmRjs61kQZcC8XIVh,happy
7araKaGVhgqU8wfF563iCB,One More Chance,"Urban Love, Ronan",One More Chance,2025-05-23,49,98000,https://open.spotify.com/track/7araKaGVhgqU8wfF563iCB,happy
3HZIZrIZ3mfgsClyufU7JZ,Bye Bye Bye - Natio Remix,"Roger Beck, Natio",Bye Bye Bye (Natio Remix),2025-03-07,51,144500,https://open.spotify.com/track/3HZIZrIZ3mfgsClyufU7JZ,happy
1FbCk2SSOHgTAST62a5TgV,Run,"Urban Love, Nikko Mad",A New Day,2024-11-29,43,151475,https://open.spotify.com/track/1FbCk2SSOHgTAST62a5TgV,happy
5zUud9i7nHXojtqNoqUH45,"Hold on, We're Going Home - Urban Love Remix","Francoise Sanders, Urban Love","Hold on, We're Going Home (Urban Love Remix)",2021-09-10,52,172566,https://open.spotify.com/track/5zUud9i7nHXojtqNoqUH45,happy
5IRVfrkb7tEgdMQGdo8COO,Wicked Game - Luxury Remix,Ituana,Wicked Game (Luxury Remix),2021-08-06,43,197000,https://open.spotify.com/track/5IRVfrkb7tEgdMQGdo8COO,happy
6JFjtWjyx0Lbkxj9hEnU34,Go Back in Time,Dual Sessions,Go Back in Time,2024-01-19,48,126293,https://open.spotify.com/track/6JFjtWjyx0Lbkxj9hEnU34,happy
51U9dHVk94pxwtQvuVOQ1T,Follow Me,"Gavin Moss, Urban Love, Tom Polo",Follow Me,2023-11-17,47,141639,https://open.spotify.com/track/51U9dHVk94pxwtQvuVOQ1T,happy
0Ad82fpSfnB5Uk6nmkAbke,Like a Tattoo - Ronan Remix,"Nikki Ocean, Celso Mendes, Ronan",Like a Tattoo (Ronan Remix),2025-05-02,50,172000,https://open.spotify.com/track/0Ad82fpSfnB5Uk6nmkAbke,happy
3543DKqXq2ERkbpK3CtVDz,I Wish You,Kisses at Dawn,I Wish You,2025-08-29,43,115500,https://open.spotify.com/track/3543DKqXq2ERkbpK3CtVDz,happy
0gQj6zPFmdP7hFeUnVEpKM,The Sound Of Silence,Bellestar,The Sound Of Silence,2025-09-12,48,138620,https://open.spotify.com/track/0gQj6zPFmdP7hFeUnVEpKM,happy
0QNbhggK2GbhOfmj7KQBPg,Speed of Sound - Ronan Remix,"Anakelly, Ronan",Speed of Sound (Ronan Remix),2023-05-19,49,205327,https://open.spotify.com/track/0QNbhggK2GbhOfmj7KQBPg,happy
3eroa1h2U9wBaYstOqzOKV,Ain't No Sunshine - G-Spliff Remix,"Karen Souza, G-Spliff",Vintage Café Remixes,2024-10-18,46,139490,https://open.spotify.com/track/3eroa1h2U9wBaYstOqzOKV,happy
14FelsLZav2i7sxFHX1A0T,Damage - Nikko Mad Mix,"Bellestar, Natalie Renoir, Nikko Mad",Damage (Nikko Mad Mix),2024-05-03,49,160295,https://open.spotify.com/track/14FelsLZav2i7sxFHX1A0T,happy
1UMJC5O3zDAiO9fhF1WTTb,Golden - Klub Rider Remix,"Jamie Lancaster, Klub Rider",Golden (Klub Rider Remix),2024-06-21,48,159503,https://open.spotify.com/track/1UMJC5O3zDAiO9fhF1WTTb,happy
4B0CX6VRij3vVtpn0I1LtE,Driving to Miami - Nikko Mad Mix,"Bellestar, Nikko Mad",Driving to Miami (Nikko Mad Mix),2024-03-15,46,110154,https://open.spotify.com/track/4B0CX6VRij3vVtpn0I1LtE,happy
2qDxtbjj9RU4kWiagMCLaK,Learn To Fly - Ronan Remix,"Ituana, Ronan",Lounge Covers of Popular Songs,2024-06-29,40,142622,https://open.spotify.com/track/2qDxtbjj9RU4kWiagMCLaK,happy
74Psg0xeytTgB2gHtM4V1o,Your Love - Bellestar Remix,"Dinah Eastwood, Bellestar",Your Love (Bellestar Remix),2021-03-05,48,164810,https://open.spotify.com/track/74Psg0xeytTgB2gHtM4V1o,happy
778pno4e1Qgd0TigLAEthp,Trouble - Ronan Remix,"Anakelly, Ronan",Trouble (Ronan Remix),2023-07-14,48,168780,https://open.spotify.com/track/778pno4e1Qgd0TigLAEthp,happy
5IIpVLjoAW4YwTnl2PXEEH,This Time,Style Project,This Time,2023-04-21,48,122328,https://open.spotify.com/track/5IIpVLjoAW4YwTnl2PXEEH,happy
5qQulNXlTAhtnoENRaKo7K,Talk It Out - Meteadisco Mix,Dual Sessions,Talk It out (Meteadisco Mix),2021-06-11,47,193190,https://open.spotify.com/track/5qQulNXlTAhtnoENRaKo7K,happy
7MG7CEvfoD3N2dLPeBgPzM,Magic,"Trippynova, Natalie Renoir",Magic,2020-10-23,52,234152,https://open.spotify.com/track/7MG7CEvfoD3N2dLPeBgPzM,happy
2aWFddBLoTwOGVM7obGyO7,Runaway,Klub Rider,Runaway,2025-06-20,49,100169,https://open.spotify.com/track/2aWFddBLoTwOGVM7obGyO7,happy
03UPa2tAkrhLXk5I3LAKG3,BMF - Ladies On Mars Remix,"Freedom Dub, Ladies On Mars, Nikko Mad",BMF (Ladies On Mars Remix),2025-03-28,49,164250,https://open.spotify.com/track/03UPa2tAkrhLXk5I3LAKG3,happy
2SeGhLS9Ny5Yiji4emqAXw,Crystal Waves - Trippynova Mix,"Groove Messengers, Trippynova",Crystal Waves (Trippynova Mix),2024-05-24,50,118643,https://open.spotify.com/track/2SeGhLS9Ny5Yiji4emqAXw,happy
6uMV78hNZo4wgXVz6tuMNV,Summer Vibes,Nick Prosen,Summer Vibes,2024-09-06,44,91004,https://open.spotify.com/track/6uMV78hNZo4wgXVz6tuMNV,happy
16Qs22RARjNFTZsiz6rfKZ,"Can't Get Enough of Your Love, Babe","Michelle Simonal, Ronan, Nikko Mad","Can't Get Enough of Your Love, Babe",2024-12-13,56,164705,https://open.spotify.com/track/16Qs22RARjNFTZsiz6rfKZ,happy
2B0xND8Y5274NEEF5hZtPQ,Words - Blue System Remix,"Eve St. Jones, Blue System, Ronan",Words (Blue System Remix),2024-06-07,57,151071,https://open.spotify.com/track/2B0xND8Y5274NEEF5hZtPQ,happy
6yevoZRaLpUDEFzxx6sNCs,Water,"Mentol, SoOne",Water,2023-11-27,39,201025,https://open.spotify.com/track/6yevoZRaLpUDEFzxx6sNCs,happy
0HTlWdPi8O7UDz3uwx6wi2,The Sweetest Taboo - Remix,"Scubba, Ivette Moraes, Ronan",The Sweetest Taboo (Remix),2021-03-12,52,188400,https://open.spotify.com/track/0HTlWdPi8O7UDz3uwx6wi2,happy
3vGlJ7QWwCNV15HTg5LmiL,You Don't Need to Cry,"Nick Prosen, Mia Olsen",You Don't Need to Cry,2025-07-11,46,146854,https://open.spotify.com/track/3vGlJ7QWwCNV15HTg5LmiL,happy
7gDg5RkuLpW5A8APXYO1XY,Whispers in the Air - G-Spliff Mix,"Bellestar, No.oN",Whispers in the Air (G-Spliff Mix),2025-06-13,46,129927,https://open.spotify.com/track/7gDg5RkuLpW5A8APXYO1XY,happy
5IEJHMxtfKmx0YYPbCKOWs,Here Comes the Sun - Remix,Sarah Menescal,The Remixes,2021-11-19,49,157963,https://open.spotify.com/track/5IEJHMxtfKmx0YYPbCKOWs,happy
4tiTsHvHxcEmWeXC8tCoPt,Just the Two of Us - Luxury Remix,"Nenei, Javier Penna",Just the Two of Us,2022-07-01,51,241000,https://open.spotify.com/track/4tiTsHvHxcEmWeXC8tCoPt,happy
23CC1Irs7hkCBELLOMhIOe,Dance Hall Days - Ronan Remix,"Lizette, BossArt Ensemble, Ronan",Dance Hall Days (Ronan Remix),2024-11-15,47,146776,https://open.spotify.com/track/23CC1Irs7hkCBELLOMhIOe,happy
2zDlhpGOeVvc8OsWXWNALV,Grizzly Bear - Javier Penna Remix,"Os Digitalistas, Javier Penna",Grizzly Bear (Javier Penna Remix),2022-04-08,49,192413,https://open.spotify.com/track/2zDlhpGOeVvc8OsWXWNALV,happy
5TIOvTjDDejF4siWjay83G,Suspicious Minds,Ituana,Suspicious Minds,2023-03-17,55,181707,https://open.spotify.com/track/5TIOvTjDDejF4siWjay83G,happy
101gpYTR6udtwff6zc2dYa,Castle in the Sky,"Von Mondo, Volpe",Castle in the Sky,2021-02-12,46,185191,https://open.spotify.com/track/101gpYTR6udtwff6zc2dYa,happy
6kE0Dcx9EtPJEkMSs0L17W,She Keeps Running,"Dual Sessions, Natalie Renoir, Tom Polo",She Keeps Running,2022-07-08,44,103481,https://open.spotify.com/track/6kE0Dcx9EtPJEkMSs0L17W,happy
7oGMrh7oyZjpOKQ3XQy1wn,Say Say Say - Lost Coconut Remix,"Eve St. Jones, Lost Coconut",Say Say Say (Lost Coconut Remix),2023-08-18,48,190526,https://open.spotify.com/track/7oGMrh7oyZjpOKQ3XQy1wn,happy
4Dc1ec62UbSwmotE62HMU3,Viva La Vida - Remix,"Michelle Simonal, Nikko Mad",Viva La Vida (Remix),2024-02-16,47,161947,https://open.spotify.com/track/4Dc1ec62UbSwmotE62HMU3,happy
00h9HFDaBasvU6MrvixRTo,I Never Told You,"Gavin Moss, Tom Polo, Bellestar",I Never Told You,2022-12-16,47,121967,https://open.spotify.com/track/00h9HFDaBasvU6MrvixRTo,happy
7zkpgArt5Tldx5lgxVEdj4,Somebody That I Used To Know,"No.oN, Nikko Mad",Somebody That I Used To Know,2023-08-04,46,142570,https://open.spotify.com/track/7zkpgArt5Tldx5lgxVEdj4,happy
4gfaOwieCstwZPf1GNfLBm,A New Sunrise,"Freedom Dub, Tom Polo",A New Sunrise,2024-09-13,45,128347,https://open.spotify.com/track/4gfaOwieCstwZPf1GNfLBm,happy
2lPHeyaidWufoXzEsvLeBc,I Didn't Know I Was Looking for Love - Index Remix,"Eve St. Jones, Index",I Didn't Know I Was Looking for Love,2022-08-12,48,189579,https://open.spotify.com/track/2lPHeyaidWufoXzEsvLeBc,happy
1nTNPrG77PwofdibLJg1im,Down Under - Ronan Remix,"Beluga's Trio, Marianne Pretty, Blue System, Ronan",Down Under (Ronan Remix),2025-05-09,47,170181,https://open.spotify.com/track/1nTNPrG77PwofdibLJg1im,happy
7autWhsDwZLX2d7gV11pA8,Indie Disco Grooves,Limelight Sound,"Instrumental Lounge (Chill & House), Vol. 5",2024-10-18,39,88947,https://open.spotify.com/track/7autWhsDwZLX2d7gV11pA8,happy
5uXV5gz8mnCGe3J843FDue,Elder (Floating Away),"Bellestar, Klub Rider",Elder (Floating Away),2021-05-07,45,194676,https://open.spotify.com/track/5uXV5gz8mnCGe3J843FDue,happy
0zbeEBe7DDaRM8KParjIBq,No Rain - Ronan Remix,"Natty Bong, Ronan",No Rain (Ronan Remix),2023-02-17,48,165500,https://open.spotify.com/track/0zbeEBe7DDaRM8KParjIBq,happy
5l5kZBPZCo8njkwSWPwQFj,Dreams - No.On Remix,"Eve St. Jones, No.oN",Dreams (no.On Remix),2021-04-02,48,199587,https://open.spotify.com/track/5l5kZBPZCo8njkwSWPwQFj,happy
3doNkO4FUeZ60VCyyuvgzH,Blessed,Space Afro,Afrobeat Remixes,2023-09-01,38,116550,https://open.spotify.com/track/3doNkO4FUeZ60VCyyuvgzH,happy
5aMgN8OXDv0nJUWq1v37kv,"Follow You, Follow Me","Tom Polo, Urban Love","Follow You, Follow Me",2022-05-06,47,124000,https://open.spotify.com/track/5aMgN8OXDv0nJUWq1v37kv,happy
3jJrIGb23RxyJMqMvrrX38,A Different Path,"Bellestar, Trippynova",A Different Path,2023-03-17,46,135600,https://open.spotify.com/track/3jJrIGb23RxyJMqMvrrX38,happy
6wTSYdW9UuSovkFAyOWnim,Daylight - Uptempo Remix,"Ronan, Dew",Daylight (Uptempo Remix),2023-08-11,42,125454,https://open.spotify.com/track/6wTSYdW9UuSovkFAyOWnim,happy
39bKwYd13VthGoNo5T2aF0,Everyday,"Urban Love, Ronan, Nikko Mad",Everyday,2025-07-25,45,118474,https://open.spotify.com/track/39bKwYd13VthGoNo5T2aF0,happy
7fMhufIIJz1dIuhracMWcx,"No More ""I Love You's""",Dual Sessions,"No More ""I Love You's""",2024-11-08,51,138000,https://open.spotify.com/track/7fMhufIIJz1dIuhracMWcx,happy
72cpabsnnJh5wwlLSlANcB,With You,"Urban Love, Bellestar, Lee Avril",A New Day,2024-11-29,40,126666,https://open.spotify.com/track/72cpabsnnJh5wwlLSlANcB,happy
1ZDOSXroOASzNuoI3d4YGx,Let Her Go - Lost Coconut Remix,"Dual Sessions, Lost Coconut",Let Her Go (Lost Coconut Remix),2024-05-10,53,179625,https://open.spotify.com/track/1ZDOSXroOASzNuoI3d4YGx,happy
0uoOxUiLcRsU8ZVsQtP9IC,West End Girls,"Bellestar, Sixth Finger",West End Girls,2020-10-02,49,179500,https://open.spotify.com/track/0uoOxUiLcRsU8ZVsQtP9IC,happy
3pjt0qN2hV0uCy5NLSMYjz,Can't Take My Eyes off You,"Natalie Renoir, Stereo Dub, Brazil XXI",Can't Take My Eyes off You,2020-11-27,49,175613,https://open.spotify.com/track/3pjt0qN2hV0uCy5NLSMYjz,happy
6sFmSGlloglKO0ZwtZwSnw,Why - G-Spliff Remix,"Eve St. Jones, G-Spliff",Why (G-Spliff Remix),2025-08-29,47,128771,https://open.spotify.com/track/6sFmSGlloglKO0ZwtZwSnw,happy
2dq8BGhK13YSfGGeRPGhaM,Flowers - Javier Penna Remix,"Asonne, Javier Penna",Flowers (Javier Penna Remix),2023-07-21,45,138262,https://open.spotify.com/track/2dq8BGhK13YSfGGeRPGhaM,happy
6Xdsx5aWrWVZnyqwtZ4fbp,Wonderful Life - Klub Rider Remix,"Klub Rider, The Cooltrane Quartet",Wonderful Life (Klub Rider Remix),2021-06-25,50,241000,https://open.spotify.com/track/6Xdsx5aWrWVZnyqwtZ4fbp,happy
2vRmIerfAgnsJeXm77MSuO,Love is in the Air - Bellestar Remix,"Urban Love, Bellestar",Love is in the Air (Bellestar Remix),2021-06-25,47,193250,https://open.spotify.com/track/2vRmIerfAgnsJeXm77MSuO,happy
4OCA4FhK8IHGrQ3ZBbnYiP,Big in Japan - Krister Remix,"Banda Do Sul, Krister",Big in Japan (Krister Remix),2021-04-30,47,245742,https://open.spotify.com/track/4OCA4FhK8IHGrQ3ZBbnYiP,happy
3QEvcsamCcsxu72Wh0VoHL,Don't Look Back in Anger - Nikko Mad Remix,"Style Project, Nikko Mad",Don't Look Back in Anger (Nikko Mad Remix),2023-10-13,47,197218,https://open.spotify.com/track/3QEvcsamCcsxu72Wh0VoHL,happy
3p8PmZKBtKbkxG6Z53U7be,Us Together,Dual Sessions,Us Together,2023-03-31,41,109027,https://open.spotify.com/track/3p8PmZKBtKbkxG6Z53U7be,happy
7BMZrqYGIrSV3lBhQsG3Nr,To the Moon & Back,"Julie Benson, Ronan",To the Moon & Back,2025-02-14,45,189802,https://open.spotify.com/track/7BMZrqYGIrSV3lBhQsG3Nr,happy
3w9odvFmqNE3Kn9D8dZEYh,Perfect Mistake,"Stereo Dub, Nikko Mad",Perfect Mistake,2024-11-01,42,108000,https://open.spotify.com/track/3w9odvFmqNE3Kn9D8dZEYh,happy
5K14nzTk5slA3K90SKmw9q,Dakota - Nikko Mad Remix,"Freedom Dub, Nikko Mad",Dakota (Nikko Mad Remix),2023-08-18,48,190906,https://open.spotify.com/track/5K14nzTk5slA3K90SKmw9q,happy
4FHPGLBlI6bqhN5hyDT4f9,The Look Of Love - Ronan Remix,"Os Novos do Rio, Ronan",The Look Of Love (Ronan Remix),2025-10-17,43,136271,https://open.spotify.com/track/4FHPGLBlI6bqhN5hyDT4f9,happy
6nUP173xQi2ux6GgZnsi6q,Everywhere - Leo Portela Rework,"Eve St. Jones, Leo Portela",The Remixes,2023-11-24,49,156315,https://open.spotify.com/track/6nUP173xQi2ux6GgZnsi6q,happy
1hAEAKwoHZIYLF0mVdLK1s,Oops!...I Did It Again - Wax Hero Rework,"Brazil XXI, Eve St. Jones, Wax Hero",Oops!...I Did It Again (Wax Hero Rework),2021-02-05,46,186000,https://open.spotify.com/track/1hAEAKwoHZIYLF0mVdLK1s,happy
2ntlx7n75saoLcdNLZ6gUP,Hold Me Close,"Urban Love, Akyra",Hold Me Close,2024-03-15,45,133220,https://open.spotify.com/track/2ntlx7n75saoLcdNLZ6gUP,happy
02vdqgAOiNCWN4AKmtRpK0,Miss The City,"Klub Rider, Sixth Finger",Miss The City,2025-05-30,44,138508,https://open.spotify.com/track/02vdqgAOiNCWN4AKmtRpK0,happy
5pniy6ahKC1NG7pjiZNCY2,In The Music,Eternal Trip,Instrumental Lounge (Chill & House) Vol. 3,2022-12-02,41,87079,https://open.spotify.com/track/5pniy6ahKC1NG7pjiZNCY2,happy
0k9iFykLjIGkxjzL8JPKmX,Love Will Tear Us Apart - Ronan Remix,"Bellestar, Ronan",Love Will Tear Us Apart (Ronan Remix),2021-07-30,44,158709,https://open.spotify.com/track/0k9iFykLjIGkxjzL8JPKmX,happy
7wqKcE0Ss4n2JVTCrz9c54,Stars - G-Spliff Remix,"Ituana, Sixth Finger, G-Spliff",Stars (G-Spliff Remix),2025-11-07,27,123624,https://open.spotify.com/track/7wqKcE0Ss4n2JVTCrz9c54,happy
3zSAgq88WGCNG5aWDqxX9d,By Your Side - Summer Remix,"Stella Starlight Trio, DJ Style",By Your Side (Summer Remix),2025-09-19,44,134769,https://open.spotify.com/track/3zSAgq88WGCNG5aWDqxX9d,happy
5MGN8l4SuF7jXTNCM5HGXY,Heroes,"Ghetto Blaster Ltd., Julie Benson",Solarium Beats,2024-12-06,44,118189,https://open.spotify.com/track/5MGN8l4SuF7jXTNCM5HGXY,happy
7bHGlhtwAMSuaMyXn2GqII,What a Wonderful World - Krister Remix,"No.oN, Nikko Mad, Krister",What a Wonderful World (Krister Remix),2023-06-16,46,95023,https://open.spotify.com/track/7bHGlhtwAMSuaMyXn2GqII,happy
1hu7URyWnppvqCt0xMFna0,Feel So Cold,Nikko Mad,Feel So Cold,2023-12-22,43,83427,https://open.spotify.com/track/1hu7URyWnppvqCt0xMFna0,happy
4bKhtbnCIhqfRhsaoNLfC9,7 Seconds - G-Spliff Remix,"Style Project, Natalie Renoir, G-Spliff",7 Seconds (G-Spliff Remix),2025-03-14,46,126893,https://open.spotify.com/track/4bKhtbnCIhqfRhsaoNLfC9,happy
2mHJRHQfazVxl5VzC47Zf6,Call Me When You Need It,Golden Smirk,Call Me When You Need It,2024-02-02,40,126805,https://open.spotify.com/track/2mHJRHQfazVxl5VzC47Zf6,happy
5dwE2OnJCFf0h48uoUwJZi,Need U (100%) - G-Spliff Remix,"Lila Liu, G-Spliff",Need U (100%) (G-Spliff Remix),2020-12-11,51,140716,https://open.spotify.com/track/5dwE2OnJCFf0h48uoUwJZi,happy
3wj9rjR2F7kxkZFuNkuj28,I Ran (So Far Away) - Liongold Remix,"Dinah Eastwood, Liongold",I Ran (So Far Away) [The Liongold Remixes],2022-09-16,46,187000,https://open.spotify.com/track/3wj9rjR2F7kxkZFuNkuj28,happy
1sPjoQXelaOPf6hvhKNIId,Echoes Of Us,"Roger Beck, Natio",Echoes Of Us,2025-08-08,44,174500,https://open.spotify.com/track/1sPjoQXelaOPf6hvhKNIId,happy
4ACq1VPurVphUAIyEVU5Ba,Beautiful Things,"Freedom Dub, Ivette Moraes",Solarium Beats,2024-12-06,45,125204,https://open.spotify.com/track/4ACq1VPurVphUAIyEVU5Ba,happy
2KyKL9mNhqLKsucN98EQzJ,Walk On By - G-Spliff Remix,"Corcovado Frequency, Ama Lur, G-Spliff",Walk On By (G-Spliff Remix),2024-11-08,41,122160,https://open.spotify.com/track/2KyKL9mNhqLKsucN98EQzJ,happy
6xocZFa0NmRKBoP1Z0Jx7o,Don't Disturb This Groove - Ronan Remix,"Quadra & Benjamin, Ronan",Don't Disturb This Groove (Ronan Remix),2024-11-29,44,150000,https://open.spotify.com/track/6xocZFa0NmRKBoP1Z0Jx7o,happy
3K1MboR8DcGNcz10dCefsG,Summertime Sadness - G-Spliff Remix,"Natty Bong, G-Spliff",Summertime Sadness (G-Spliff Remix),2023-12-01,42,163986,https://open.spotify.com/track/3K1MboR8DcGNcz10dCefsG,happy
0OGxHYtLQZ7vJ6j6zfgJSi,Your Love is King - Ronan Remix,"Amazonics, Ronan",Your Love is King (Ronan Remix),2021-09-24,50,174000,https://open.spotify.com/track/0OGxHYtLQZ7vJ6j6zfgJSi,happy
4bks25yyaNnboLZiZ3fwiA,Everybody Wants to Rule the World - Dataset Extended Mix,"Stereo Dub, Dataset",Everybody Wants to Rule the World (Dataset Extended Mix),2021-08-13,50,250619,https://open.spotify.com/track/4bks25yyaNnboLZiZ3fwiA,happy
1YTT09WoP8CQp5vHJAnEom,When I See You,Akyra,When I See You,2024-02-23,41,130910,https://open.spotify.com/track/1YTT09WoP8CQp5vHJAnEom,happy
4hIEEPYExTYTr3Ow3sZF0G,We Don't Talk Anymore - Nikko Mad Remix,"Stereo Dub, Asonne, Nikko Mad",We Don't Talk Anymore (Nikko Mad Remix),2023-12-17,45,177931,https://open.spotify.com/track/4hIEEPYExTYTr3Ow3sZF0G,happy
3ACW5YE17F3wws5aLWvPex,Better When You're Here,Mia Olsen,Better When You're Here,2024-11-22,41,101379,https://open.spotify.com/track/3ACW5YE17F3wws5aLWvPex,happy
65j8DemOqSl0BRpFMXMC4A,Baby I Want You,"Style Project, Lee Avril",Baby I Want You,2025-07-25,40,155172,https://open.spotify.com/track/65j8DemOqSl0BRpFMXMC4A,happy
6mbIcCualSEBYLqVUYM2ob,No Other Way,Krister,No Other Way,2023-05-26,40,127565,https://open.spotify.com/track/6mbIcCualSEBYLqVUYM2ob,happy
5fwbsMSLsCMsnqqGkoW2v9,Selfish,Lee Avril,Selfish,2024-08-16,39,127925,https://open.spotify.com/track/5fwbsMSLsCMsnqqGkoW2v9,happy
3exa7lBJnU1HLl50z8mcGf,Save Me From Myself,Dual Sessions,Save Me From Myself,2025-06-20,47,156432,https://open.spotify.com/track/3exa7lBJnU1HLl50z8mcGf,happy
73TGCDsPT3LNMJvE3Ngi0O,Livin' on the Edge of the Night - Ronan Remix,"Brazil XXI, Dinah York, Ronan",Livin' On The Edge Of The Night (Ronan Remix),2025-08-15,43,155897,https://open.spotify.com/track/73TGCDsPT3LNMJvE3Ngi0O,happy
6E2z22Ah28O1CB0pGMh1eu,Let's Dance,"Futurama, Dew",Best House Collaborations,2007,49,262600,https://open.spotify.com/track/6E2z22Ah28O1CB0pGMh1eu,happy
0bOCFpsO4YCUp3Nbn68zAZ,Let Them Talk,"Trippynova, Klub Rider",Let Them Talk,2022-07-22,42,102467,https://open.spotify.com/track/0bOCFpsO4YCUp3Nbn68zAZ,happy
0kDfXrL8CkWFPrQNoc8vdJ,King of My Castle,Shelly Sony,King of My Castle,2022-07-22,43,166956,https://open.spotify.com/track/0kDfXrL8CkWFPrQNoc8vdJ,happy
1NfMbdE4Y6HvIrLb8kby45,In My Place - Nikko Mad Mix,"Trippynova, Asonne, Nikko Mad",In My Place (Nikko Mad Mix),2023-11-03,45,173276,https://open.spotify.com/track/1NfMbdE4Y6HvIrLb8kby45,happy
5T4dGCLsqmCB9hTUemWO3E,Call You,Limelight Sound,Rooftop Lounge,2022-08-19,46,135695,https://open.spotify.com/track/5T4dGCLsqmCB9hTUemWO3E,happy
33lMCpJ8LNjvfLy2iNpS2t,Too Late to Go - Nikko Mad Mix,"Dalbani, Nikko Mad",Too Late to Go (Nikko Mad Mix),2024-02-23,41,125231,https://open.spotify.com/track/33lMCpJ8LNjvfLy2iNpS2t,happy
2d00aqN6PdGd3lezKnzRQr,Ocean Eyes - Nikko Mad Remix,"Stereo Dub, Lila Liu, Nikko Mad",Ocean Eyes (Nikko Mad Remix),2024-05-31,41,156371,https://open.spotify.com/track/2d00aqN6PdGd3lezKnzRQr,happy
2zN2GGrNOv7je3o5sbqsmO,Lovefool - Dalbani Remix,"Urselle, Dalbani",Lovefool (Dalbani Remix),2021-03-26,50,187721,https://open.spotify.com/track/2zN2GGrNOv7je3o5sbqsmO,happy
6WXVafS9gmdNP7JtbgAbek,Always Remember Us This Way - Extended Remix,Roger Beck,Always Remember Us This Way (Remix),2021-04-16,49,229750,https://open.spotify.com/track/6WXVafS9gmdNP7JtbgAbek,happy
43dwQtMPKOrhYg7c9mPLYL,"Here Today, Gone Tomorrow - Positive Remix","Banda Do Sul, Cherie Currie, G-Spliff","Here Today, Gone Tomorrow (Positive Remix)",2021-12-17,44,168567,https://open.spotify.com/track/43dwQtMPKOrhYg7c9mPLYL,happy
1oFPRjLI1lwPlVLTZnCS2K,It's My Life - Ronan Remix,"Ituana, Ronan",The Remixes,2021-11-19,48,170500,https://open.spotify.com/track/1oFPRjLI1lwPlVLTZnCS2K,happy
1t6XJUBCqYGHFdiuQkQuq6,Used to Be,"Dualbox, Space Afro",Used to Be,2023-03-10,43,138367,https://open.spotify.com/track/1t6XJUBCqYGHFdiuQkQuq6,happy
2lMRebjS1GEHAKaA9XJ6Ub,Time After Time - Dataset Remix,"Sarah Menescal, Dataset",Time After Time (Dataset Remix),2021-07-02,51,212142,https://open.spotify.com/track/2lMRebjS1GEHAKaA9XJ6Ub,happy
1VCs3J1OWUl2O5lnoGeqFC,Eye In The Sky - Ronan Remix,"Ronan, James Farrelli, Sarah Menescal",Rooftop Remixes,2024-01-05,44,139487,https://open.spotify.com/track/1VCs3J1OWUl2O5lnoGeqFC,happy
01PbyRit2PM1eXZYBMc0iE,Tiny Dancer - Ronan Remix - Radio Edit,"Urban Love, Dew, Ronan",Tiny Dancer,2019-05-17,44,243999,https://open.spotify.com/track/01PbyRit2PM1eXZYBMc0iE,happy
6NXfUuYgA1iabwli33sGWA,Stranger in Moscow,Trippynova,Stranger in Moscow,2021-07-30,47,223626,https://open.spotify.com/track/6NXfUuYgA1iabwli33sGWA,happy
05YS38VtRIzXatELbGUB3a,Too Long,Urban Love,Too Long,2023-10-06,42,129917,https://open.spotify.com/track/05YS38VtRIzXatELbGUB3a,happy
26tBgCeOeNi5f3wRXPkrRO,It Feels So Good,Nikko Mad,It Feels So Good,2025-08-08,41,128083,https://open.spotify.com/track/26tBgCeOeNi5f3wRXPkrRO,happy
0u3Ng9VWa2DsGJBGiObcQg,I Miss You,Roger Beck,I Miss You,2024-05-31,45,148250,https://open.spotify.com/track/0u3Ng9VWa2DsGJBGiObcQg,happy
7qaqGS8Z017lBaNibBcW7W,Keep It Nice,Alatra,Keep It Nice,2024-05-10,42,162842,https://open.spotify.com/track/7qaqGS8Z017lBaNibBcW7W,happy
7wERAnmSZfhizei772o8QL,Happy Place,"Shelly Sony, HAYM, Duke Chaine",Happy Place,2023-08-25,39,123272,https://open.spotify.com/track/7wERAnmSZfhizei772o8QL,happy
4LMy2UOcvcICNroJ3sryFl,Dubrovnik Sunset,DJ Style,"Instrumental Lounge (Chill & House), Vol. 5",2024-10-18,37,86000,https://open.spotify.com/track/4LMy2UOcvcICNroJ3sryFl,happy
1DKf6oCac5kHVLfeTiQU1U,Drowning,"Tom Polo, Lee Avril, Dalbani",Drowning,2022-06-10,42,128489,https://open.spotify.com/track/1DKf6oCac5kHVLfeTiQU1U,happy
42zNhTbPANmV7gGk2Taq4o,Can't Get You out of My Head - Nu Disco Mix,"Bellestar, Shelly Sony",Feel Good Beats,2022-05-27,50,156097,https://open.spotify.com/track/42zNhTbPANmV7gGk2Taq4o,happy
5Tt10RaH0P8EqyQYvYSTai,Four to the Floor - DJ Style Mix,"Freedom Dub, DJ Style",Lounge Covers of Popular Songs,2024-06-29,36,135711,https://open.spotify.com/track/5Tt10RaH0P8EqyQYvYSTai,happy
3gwjCGYqcACOjw0GGkNECi,Man Down,Nikko Mad,Man Down,2023-07-07,42,111320,https://open.spotify.com/track/3gwjCGYqcACOjw0GGkNECi,happy
6PxbZKtKhAcJAwqZOuNjzX,In Your Eyes,"Lila Frascara, Ronan",In Your Eyes,2023-04-14,38,124830,https://open.spotify.com/track/6PxbZKtKhAcJAwqZOuNjzX,happy
0BHZWdmd2VXhlg3rWXR7b5,Freed From Desire,Urban Love,Freed From Desire,2025-10-03,46,171223,https://open.spotify.com/track/0BHZWdmd2VXhlg3rWXR7b5,happy
3y2KUPw26uBZbwxs1pM4KK,Die for You,"Nikko Mad, Dual Sessions, Olivia Wayne",Die for You,2023-06-23,46,193500,https://open.spotify.com/track/3y2KUPw26uBZbwxs1pM4KK,happy
3hfDbaND91G85m19jOykIO,The Only,Zed,The Only,2023-07-14,37,121052,https://open.spotify.com/track/3hfDbaND91G85m19jOykIO,happy
4xBEK0sYzNXrZqc1li0YZ8,Numb - Remix,Ituana,Numb (Remix),2024-05-10,45,160000,https://open.spotify.com/track/4xBEK0sYzNXrZqc1li0YZ8,happy
7tdvcBdu6OglsE0MlX6BPX,She's Got,Sixth Finger,She's Got,2023-07-14,38,120000,https://open.spotify.com/track/7tdvcBdu6OglsE0MlX6BPX,happy
73MezVhTzyu1KeIXkKKNQN,Circles - Klub Rider Remix,"General Soundbwoy, Natty Bong, Klub Rider",Circles (Klub Rider Remix),2022-06-10,47,170000,https://open.spotify.com/track/73MezVhTzyu1KeIXkKKNQN,happy
4dfuoV8vanxVlY7AnIUFa6,What Is Love - G-Spliff Remix,"Style Project, G-Spliff",What Is Love (G-Spliff Remix),2023-12-22,47,132763,https://open.spotify.com/track/4dfuoV8vanxVlY7AnIUFa6,happy
1MEeJoz0bLDxoPCdfzsUdx,Lovesong - Style Project Remix,"Roger Beck, Style Project",Lovesong,2022-04-15,47,144000,https://open.spotify.com/track/1MEeJoz0bLDxoPCdfzsUdx,happy
17rOWjQgtzMCIbJugvqLCt,On My Mind,"Morgan, G & Machines",Rooftop Lounge,2022-08-19,42,117717,https://open.spotify.com/track/17rOWjQgtzMCIbJugvqLCt,happy
3LKK5hQAJo0gnx7FvdID7y,Pride (In the Name of Love) - Ronan Remix,"Rever Sound, Eve, Ronan",Pride (In the Name of Love) [Ronan Remix],2023-05-05,45,136695,https://open.spotify.com/track/3LKK5hQAJo0gnx7FvdID7y,happy
4IExJnjUh0OLugrOWilLCP,Self Control,Krister & Dalbani,Self Control,2021-07-02,52,180838,https://open.spotify.com/track/4IExJnjUh0OLugrOWilLCP,happy
7MWbx82XEnuA34PcpSoP3r,Satellite of Love - Ronan Remix,"Anakelly, Ronan",Satellite of Love (Ronan Remix),2023-06-23,45,148235,https://open.spotify.com/track/7MWbx82XEnuA34PcpSoP3r,happy
5ZCQDrM1U54actXKkgDP1L,Gypsy Woman (She's Homeless),Bellestar,Gypsy Woman (She's Homeless),2021-01-01,49,168732,https://open.spotify.com/track/5ZCQDrM1U54actXKkgDP1L,happy
6PuQUb7hRPqVDLZ7dRuO2J,Light My Fire - Ronan Remix,"Ituana, Ronan",Light My Fire (Ronan Remix),2024-06-14,42,142314,https://open.spotify.com/track/6PuQUb7hRPqVDLZ7dRuO2J,happy
2uzqLtPgBPLcJgO6MV3iYD,Up&Up - Nikko Mad Mix,"Roger Beck, Nikko Mad",Up&Up (Nikko Mad Mix),2023-08-25,44,110617,https://open.spotify.com/track/2uzqLtPgBPLcJgO6MV3iYD,happy
16uoWdmOoSJgu0RiaHWXjQ,Toxic - Dataset Remix,"Anakelly, Dataset",The Remixes,2023-09-01,45,161379,https://open.spotify.com/track/16uoWdmOoSJgu0RiaHWXjQ,happy
40SI893useZh7kNd2OdXyW,Sultans Of Swing - Dataset Remix,"Blue System, Dataset",Sultans of Swing (Dataset Remix),2024-01-26,44,140000,https://open.spotify.com/track/40SI893useZh7kNd2OdXyW,happy
5pT4t0qPfXb6kgtRYfiRw8,99 Red Balloons - Ronan Remix,"Nova Bossa Ltd., Lizette, Ronan",99 Red Balloons (Ronan Remix),2024-01-26,42,138347,https://open.spotify.com/track/5pT4t0qPfXb6kgtRYfiRw8,happy
0nL6CQenIqkfhXuANgWiCw,Sunset With You,Klub Rider,Sunset With You,2023-03-10,43,126869,https://open.spotify.com/track/0nL6CQenIqkfhXuANgWiCw,happy
1KpmJ0qMfQb96BqjJQwIap,Lovin' You - Astrovoid Remix,"Amazonics, Astrovoid",Lovin' You (Astrovoid Remix),2021-08-20,51,178390,https://open.spotify.com/track/1KpmJ0qMfQb96BqjJQwIap,happy
2b2aXGWm9rLbj1tMeGhV3n,Can't Live Without You,Sixth Finger,Can't Live Without You,2022-10-28,45,131714,https://open.spotify.com/track/2b2aXGWm9rLbj1tMeGhV3n,happy
1YExTA4yzT7xGz3PpndAUH,Fever,Roger Beck,Fever,2023-11-24,45,159500,https://open.spotify.com/track/1YExTA4yzT7xGz3PpndAUH,happy
20aZj91677gp3DP3vn2aCc,Happy Children - Ronan Remix,"Index, Agustina Repetto, Ronan",Happy Children,2025-04-04,45,142758,https://open.spotify.com/track/20aZj91677gp3DP3vn2aCc,happy
3ZaNjaZ1kkheaYpqp9mxHX,Heart Of Glass - Ronan Remix,"Amazonics, Julie Benson, Ronan",Heart Of Glass (Ronan Remix),2025-09-12,44,163636,https://open.spotify.com/track/3ZaNjaZ1kkheaYpqp9mxHX,happy
3l14XJitoGChnnB0jYGAEt,Would You Love Me,Groove Messengers,Would You Love Me,2023-04-28,41,120913,https://open.spotify.com/track/3l14XJitoGChnnB0jYGAEt,happy
3ngnKT0MYind0RoQCJ9KtL,Keep on Drinkin',"Krister, Nikko Mad",Keep on Drinkin',2024-03-29,43,94684,https://open.spotify.com/track/3ngnKT0MYind0RoQCJ9KtL,happy
58ZPZzTln24CpsxIDkgXRu,Take It Slow,"Gavin Moss, Urban Love, Dual Sessions",Take It Slow,2022-11-25,40,120000,https://open.spotify.com/track/58ZPZzTln24CpsxIDkgXRu,happy
6qWl3M25iEOjceWMmUIRL0,Good Heart,"Ghetto Blaster Ltd., Julie Benson",Good Heart,2023-07-07,39,122500,https://open.spotify.com/track/6qWl3M25iEOjceWMmUIRL0,happy
4xVJWFhjgEt8LwET5hxkyE,Friday I'm in Love,"Nikko Mad, Adelle",Friday I'm in Love,2023-10-20,44,158589,https://open.spotify.com/track/4xVJWFhjgEt8LwET5hxkyE,happy
11oN66N7gBfWk9Wlaoo2QH,Baby Please,Ghetto Blaster Ltd.,Baby Please,2025-06-27,45,162782,https://open.spotify.com/track/11oN66N7gBfWk9Wlaoo2QH,happy
4q5aCoMjHhmGZuYzxqpt7h,Dance 'til Dawn,"Francoise Sanders, Nikko Mad",Dance 'til Dawn,2024-01-12,41,134904,https://open.spotify.com/track/4q5aCoMjHhmGZuYzxqpt7h,happy
6IIB2A7MEZqb6ldzbx2PIp,I'm Lost,"DJ Style, Lee Avril",Rooftop Lounge,2022-08-19,44,121116,https://open.spotify.com/track/6IIB2A7MEZqb6ldzbx2PIp,happy
5LHdczWNWaDukK30n2NEYD,This is Love,"DJ Leao, Blue System",This is Love,2025-06-27,45,192000,https://open.spotify.com/track/5LHdczWNWaDukK30n2NEYD,happy
29Ema0E7paPed1mqyoDE36,Please Don't Go - DJ Leao Remix,"Future Soundscapes, Sao Vicente, DJ Leao",Please Don't Go (DJ Leao Remix),2021-02-26,50,149502,https://open.spotify.com/track/29Ema0E7paPed1mqyoDE36,happy
6wntv7f1bXrlpmOIZYok9C,Burning Love - Ronan Remix,"Cassandra Beck, Beluga's Trio, Ronan",Burning Love (Ronan Remix),2024-01-12,43,137851,https://open.spotify.com/track/6wntv7f1bXrlpmOIZYok9C,happy
5EMXavHZ15rUAaJUd5mtYN,Eyes Closed,"Asonne, Ladies On Mars, Nikko Mad",Eyes Closed,2024-04-05,42,152856,https://open.spotify.com/track/5EMXavHZ15rUAaJUd5mtYN,happy
2kbG3dKJag5D4V5xdWRpDe,Levitating - Space Mix,"Glambeats Corp., DJ Style, Javier Penna",Levitating (Space Mix),2022-05-27,44,178681,https://open.spotify.com/track/2kbG3dKJag5D4V5xdWRpDe,happy
59eiLGvnqXZGqCep27Qmoe,He's the Greatest Dancer - Luxury Remix,Ituana,He's the Greatest Dancer (Luxury Remix),2020-12-25,42,213679,https://open.spotify.com/track/59eiLGvnqXZGqCep27Qmoe,happy
6WZpxgvs45wdxHvRBvtzkF,Beyond The Places We Know,No.oN,Beyond The Places We Know,2024-05-31,46,106675,https://open.spotify.com/track/6WZpxgvs45wdxHvRBvtzkF,happy
7pphx91AhLpXEvaOpVVnua,You Chose Me,Sixth Finger,You Chose Me,2023-04-14,42,131694,https://open.spotify.com/track/7pphx91AhLpXEvaOpVVnua,happy
35kFKMmlmfIveCDqAD56pD,Dubai Sunset,Dualbox,"Instrumental Lounge (Chill & House), Vol. 5",2024-10-18,36,94956,https://open.spotify.com/track/35kFKMmlmfIveCDqAD56pD,happy
2y5L9prdr5AayNVWw7snju,Taking Me Home - Dataset Remix,"Dew, Nick Prosen, Dataset",Taking Me Home (Dataset Remix),2024-03-01,39,140000,https://open.spotify.com/track/2y5L9prdr5AayNVWw7snju,happy
5U54FXSXExUs6XRbq0EDOF,By Your Side,Limelight Sound,By Your Side,2023-06-09,42,133220,https://open.spotify.com/track/5U54FXSXExUs6XRbq0EDOF,happy
7mWtGabqejUoK803Npwdbe,The Truth,Krister,The Truth,2023-10-06,37,130123,https://open.spotify.com/track/7mWtGabqejUoK803Npwdbe,happy
2gaPLqfDTCkBtEmfbtqf2b,Something New,Akyra,Something New,2025-04-04,37,125806,https://open.spotify.com/track/2gaPLqfDTCkBtEmfbtqf2b,happy
0o8b3VK8fmBfPAMiQ2GgsM,Lights - Ronan Remix,"The Cooltrane Quartet, Ronan",Lights (Ronan Remix),2024-05-17,46,145641,https://open.spotify.com/track/0o8b3VK8fmBfPAMiQ2GgsM,happy
2Nr04C630oMl2UwDZKVec3,Sunset in Heaven,Zigala,ROOFTOP (CHILL & LOUNGE),2024-12-06,37,125172,https://open.spotify.com/track/2Nr04C630oMl2UwDZKVec3,happy
0H5xkM9P4DYD8iV5hw7Sn9,Prove Me Wrong,Nikko Mad,Prove Me Wrong,2024-10-25,40,113292,https://open.spotify.com/track/0H5xkM9P4DYD8iV5hw7Sn9,happy
0BqGiOsG0weGoCGyymGv4d,We are Done,Dalbani,Rooftop Lounge Vol. 3,2023-10-15,39,131124,https://open.spotify.com/track/0BqGiOsG0weGoCGyymGv4d,happy
6QMEHiu1qiF22EiU2mi61T,What Would I Do?,"Dual Sessions, Urselle",What Would I Do?,2023-05-26,39,125818,https://open.spotify.com/track/6QMEHiu1qiF22EiU2mi61T,happy
778tDLZZSS0EsoviKSR3YS,Love You,Nikko Mad,Love You,2024-03-01,39,93860,https://open.spotify.com/track/778tDLZZSS0EsoviKSR3YS,happy
18IBqth3lXz8oAG8JMPaO9,Faded Dreams,Oman Chali,Faded Dreams,2024-10-25,40,126610,https://open.spotify.com/track/18IBqth3lXz8oAG8JMPaO9,happy
0Fx5iX1QVXGHv8VuUGCrca,Fly Me To The Moon - Ronan Remix,"Dual Sessions, Ronan",Fly Me To The Moon (Ronan Remix),2024-03-22,44,133109,https://open.spotify.com/track/0Fx5iX1QVXGHv8VuUGCrca,happy
4YZdQqnGxSI7tShUxDJBau,Falling in Love,"Morgan, G & Machines",Falling in Love,2023-06-02,44,126417,https://open.spotify.com/track/4YZdQqnGxSI7tShUxDJBau,happy
1z627pI7fDAG5wYK88MJkB,Paradise - Ronan Remix,"No.oN, Ronan",Paradise (Ronan Remix),2023-02-03,46,148000,https://open.spotify.com/track/1z627pI7fDAG5wYK88MJkB,happy
79Fmq2qXeTsuAe8dXus2Bn,Blood in My Face,Klub Rider,Rooftop Lounge,2022-08-19,43,107460,https://open.spotify.com/track/79Fmq2qXeTsuAe8dXus2Bn,happy
2u5AQFGg9SZDnOmgSB80pj,Echoes,Krister & Dalbani,Echoes,2025-07-11,41,82000,https://open.spotify.com/track/2u5AQFGg9SZDnOmgSB80pj,happy
2yWuj2AZIvRrAfyTncToRp,Can't Stop,Krister,Can't Stop,2025-07-04,38,121551,https://open.spotify.com/track/2yWuj2AZIvRrAfyTncToRp,happy
7sBU4DBoajgD9ZXJFFdmG6,Together,"Von Mondo, Lila Frascara",Together,2021-10-01,43,148696,https://open.spotify.com/track/7sBU4DBoajgD9ZXJFFdmG6,happy
2i0aNf03M4B33AvNhW9L9X,Let You Know,Ronan,Let You Know,2023-04-21,41,154000,https://open.spotify.com/track/2i0aNf03M4B33AvNhW9L9X,happy
5h1FCYpTWtAoTGbtggFwcM,Take Your Memories With You,"Morgan, G & Machines",Take Your Memories With You,2024-08-09,39,133333,https://open.spotify.com/track/5h1FCYpTWtAoTGbtggFwcM,happy
0H8icPDoAY3cBaAq5bnyoE,I Was Wrong To Let You Go,Lee Avril,I Was Wrong To Let You Go,2024-01-26,40,92313,https://open.spotify.com/track/0H8icPDoAY3cBaAq5bnyoE,happy
49nuSwnGQ1tdM6xmJbVLdq,In Your Lips,Krister & Dalbani,In Your Lips,2023-11-24,42,124000,https://open.spotify.com/track/49nuSwnGQ1tdM6xmJbVLdq,happy
1dCly8xKTKPlvfp1ZnEZJQ,Ghost of You,DJ Style,Ghost of You,2022-11-04,43,125084,https://open.spotify.com/track/1dCly8xKTKPlvfp1ZnEZJQ,happy
7xwWV9PPKDvKU6EEypMw7l,Someone to Love,"Groovy Waters, Deise Costa",Someone to Love,2023-04-07,39,123409,https://open.spotify.com/track/7xwWV9PPKDvKU6EEypMw7l,happy
1sXzduY87i988YLdsWu5IU,Dream,Natio,Dream,2025-07-04,36,147500,https://open.spotify.com/track/1sXzduY87i988YLdsWu5IU,happy
7jV8rCLkcdsKPfkW4OrJpb,Runaway - Nikko Mad Mix,"Don & Gene, Nikko Mad",Runaway (Nikko Mad Mix),2024-09-20,43,138839,https://open.spotify.com/track/7jV8rCLkcdsKPfkW4OrJpb,happy
5LfijVGp28FdeaJ0hlDPZO,Tulum Days,Bellestar,"Instrumental Lounge (Chill & House), Vol. 5",2024-10-18,38,81355,https://open.spotify.com/track/5LfijVGp28FdeaJ0hlDPZO,happy
5ttyvYJTBXMKwAtWrePMBn,Over My Shoulder - Say Goodbye Remix,Sarah Menescal,The Remixes,2021-11-19,48,146375,https://open.spotify.com/track/5ttyvYJTBXMKwAtWrePMBn,happy
0NFqiZLwNOYEbTm8tIC4IS,Honestly,"Future Soundscapes, Francoise Sanders",Honestly,2023-04-07,43,132115,https://open.spotify.com/track/0NFqiZLwNOYEbTm8tIC4IS,happy
3BYRibDaLYA9PJrgPQtejW,Evening Sun,Trippsono,Instrumental Lounge (Chill & House) Vol. 3,2022-12-02,37,87321,https://open.spotify.com/track/3BYRibDaLYA9PJrgPQtejW,happy
6T72wSyvuUJgCc8EH5wRfw,Feel So Alive,Limelight Sound,Feel So Alive,2024-11-22,40,135646,https://open.spotify.com/track/6T72wSyvuUJgCc8EH5wRfw,happy
5eruJWvf52JfnV5fq6C1av,Anxiety,Golden Smirk,Anxiety,2025-03-28,40,167000,https://open.spotify.com/track/5eruJWvf52JfnV5fq6C1av,happy
1IyeqKXyvl4pTYEAvyIsoI,Azizam - Space Afro Mix,"General Soundbwoy, Space Afro",Azizam (Space Afro Mix),2025-07-18,49,169209,https://open.spotify.com/track/1IyeqKXyvl4pTYEAvyIsoI,happy
5GzOJHBBaLnLjL0nnNJV7N,Ready,"Monsoon, Space Afro",Ready,2024-03-01,43,120905,https://open.spotify.com/track/5GzOJHBBaLnLjL0nnNJV7N,happy
2MvDKJ5YlLqkxmfZTR0cur,Deep Vibes,"DJ Style, Humanitat",Deep Vibes,2025-02-14,41,119487,https://open.spotify.com/track/2MvDKJ5YlLqkxmfZTR0cur,happy
53W7UJIEnlYT4BdOWLNgqO,You,Nikko Mad,Rooftop Paris,2025-07-11,39,143976,https://open.spotify.com/track/53W7UJIEnlYT4BdOWLNgqO,happy
1syjgghRQRNLSAjKE1LywJ,Disco Nights,No.oN,"Instrumental Lounge (Chill & House), Vol. 5",2024-10-18,41,83898,https://open.spotify.com/track/1syjgghRQRNLSAjKE1LywJ,happy
1avLn8sAKd8FHSU7MEheJv,Here I Go Again - DJ Leao Mix,Dinah Eastwood,Here I Go Again (DJ Leao Mix),2024-07-19,44,154914,https://open.spotify.com/track/1avLn8sAKd8FHSU7MEheJv,happy
55irjVbg9IryhQiYvmHc0y,Never Gonna Give You Up - Ronan Remix,"Ronan, Karen Souza",Rooftop Remixes,2024-01-05,43,134727,https://open.spotify.com/track/55irjVbg9IryhQiYvmHc0y,happy
4arlWeqRCUJnaPgChM4WDr,Too Sweet,Olivia Wayne,Too Sweet,2024-07-19,44,189231,https://open.spotify.com/track/4arlWeqRCUJnaPgChM4WDr,happy
2CSeSgbJIEoNZuPcjGzjcW,Love Tonight,"DJ Leao, Jingo",Love Tonight,2023-03-24,42,128684,https://open.spotify.com/track/2CSeSgbJIEoNZuPcjGzjcW,happy
2dG4cRXZ9GphhVxltDFNy6,NO LIGHT,Akyra,NO LIGHT,2025-08-01,36,122271,https://open.spotify.com/track/2dG4cRXZ9GphhVxltDFNy6,happy
0179U7DLUqZygvPDMZeTYJ,Don't Do It,Freedom Dub,Don't Do It,2025-07-11,37,123260,https://open.spotify.com/track/0179U7DLUqZygvPDMZeTYJ,happy
4CB6SrzAvZGZ2VR3PCJvMl,Hide And Rise,Os Digitalistas,Rooftop Party,2025-08-01,38,87804,https://open.spotify.com/track/4CB6SrzAvZGZ2VR3PCJvMl,happy
5uMVtPb97fMFuqqgE8zsgX,Gonna Break My Heart,Sixth Finger,Gonna Break My Heart,2024-12-06,38,130000,https://open.spotify.com/track/5uMVtPb97fMFuqqgE8zsgX,happy
0gUaCOohswH3L0xxLTLyCP,Sign,Natio,Sign,2025-02-21,37,130750,https://open.spotify.com/track/0gUaCOohswH3L0xxLTLyCP,happy
0OXT7qcSxyOR6bRfpZaydf,Discolo,Dataset,"Instrumental Lounge (Chill & House), Vol. 5",2024-10-18,38,96806,https://open.spotify.com/track/0OXT7qcSxyOR6bRfpZaydf,happy
63qlXLidhj96q2tc08Es3S,Passionfruit,Shelly Sony,Passionfruit,2021-04-09,50,156781,https://open.spotify.com/track/63qlXLidhj96q2tc08Es3S,happy
5CwdYVhbdeG3wycY3ukvM4,For My Love - Afrobeats Mix,Don & Gene,For My Love (Afrobeats Mix),2023-12-22,43,132458,https://open.spotify.com/track/5CwdYVhbdeG3wycY3ukvM4,happy
0wTqwQDjTypS8YulovVfQj,Show Me Love - Liongold Remix,"Shelly Sony, Liongold",Show Me Love (Liongold Remix),2024-03-08,42,130177,https://open.spotify.com/track/0wTqwQDjTypS8YulovVfQj,happy
2E4EJF1EjjIayTYleBRPET,End of the World - Rooftop Remix,"Stella Starlight Trio, DJ Leao",End of the World (Rooftop Remix),2025-10-03,42,130285,https://open.spotify.com/track/2E4EJF1EjjIayTYleBRPET,happy
3OWqJAutDTpf5pmbA7V1zr,One Night,Dalbani,Autumn Lounge Mix,2025-10-10,31,100781,https://open.spotify.com/track/3OWqJAutDTpf5pmbA7V1zr,happy
6cp2WRMscGKC5IYAxSPMz7,I Ain't Worried - Ronan Remix,"Eve St. Jones, Ronan",I Ain't Worried (Ronan Remix),2025-09-26,44,126206,https://open.spotify.com/track/6cp2WRMscGKC5IYAxSPMz7,happy
5wFB3TeDVi7lLX0GZHNtGS,King of Pain - Wax Hero Remix,"Stereo Dub, Wax Hero",King of Pain (Wax Hero Remix),2022-10-21,45,212101,https://open.spotify.com/track/5wFB3TeDVi7lLX0GZHNtGS,happy
0V3a59t27wSd8bv1S3f7D0,Going Crazy,"Golden Smirk, Francoise Sanders",Rooftop Lounge,2022-08-19,44,107187,https://open.spotify.com/track/0V3a59t27wSd8bv1S3f7D0,happy
6qFla0fQEhaz3QqskxXYwL,For You,Nikko Mad,Wrong Way,2024-05-24,36,143647,https://open.spotify.com/track/6qFla0fQEhaz3QqskxXYwL,happy
5pgXhfwFCa1DCs54vdX9im,Floating,"Corcovado Frequency, Lua",Floating,2023-05-12,39,118200,https://open.spotify.com/track/5pgXhfwFCa1DCs54vdX9im,happy
3d7KkdDrCZCg6Y2z1guqUh,Mykonos Sunset,Eternal Trip,"Instrumental Lounge (Chill & House), Vol. 5",2024-10-18,39,93103,https://open.spotify.com/track/3d7KkdDrCZCg6Y2z1guqUh,happy
6qO3AvgIe1fnaKk0auQIR6,High Tide,Natio,High Tide,2023-05-19,42,152043,https://open.spotify.com/track/6qO3AvgIe1fnaKk0auQIR6,happy
14Bbw18eqa2xI3FEB6rYc2,Sparks,Groove Messengers,Sparks,2025-07-04,45,140181,https://open.spotify.com/track/14Bbw18eqa2xI3FEB6rYc2,happy
10sivqIOwy6YVk4SlpWGjO,Like the Stars,"Glambeats Corp., DJ Style, Les Crossaders",Like the Stars,2025-06-13,41,202488,https://open.spotify.com/track/10sivqIOwy6YVk4SlpWGjO,happy
1HIj1pIcx7lLPojZwl621A,How Deep is Your Love,"Bellestar, Klub Rider, Glambeats Corp.",How Deep is Your Love,2019-04-26,48,218285,https://open.spotify.com/track/1HIj1pIcx7lLPojZwl621A,happy
6hu1xWLYlUYjh7QOIldZl3,I'm Not In Love - Ronan Remix,"Freedom Dub, Luca Giacco, Ronan",I'm Not In Love (Ronan Remix),2023-03-03,49,166744,https://open.spotify.com/track/6hu1xWLYlUYjh7QOIldZl3,happy
0paKqp6k6BubOuj6mtaZyW,Is This Love - Ronan Remix,"Groove Da Praia, Ronan",Praia Lounge,2024-05-24,48,166000,https://open.spotify.com/track/0paKqp6k6BubOuj6mtaZyW,happy
07NIV98TzcL9XfYU672z88,All I Know Is Love,DJ Style,Autumn Lounge Mix,2025-10-10,33,135737,https://open.spotify.com/track/07NIV98TzcL9XfYU672z88,happy
36wMTfAHz3O8Bxqmp65MnC,The Things We've Made,E-Mulation,The Things We've Made,2025-07-04,41,123157,https://open.spotify.com/track/36wMTfAHz3O8Bxqmp65MnC,happy
3bdyLEKC6Fpt90YFloQELJ,Linger,"Natalie Renoir, Stereo Dub, Brazil XXI",Linger,2025-04-04,45,140500,https://open.spotify.com/track/3bdyLEKC6Fpt90YFloQELJ,happy
49kfFZnsyC9IhR4nEth8sF,Beautiful Day - Ronan Remix,"Rever Sound, Eve, Ronan",Beautiful Day (Ronan Remix),2024-06-14,44,230000,https://open.spotify.com/track/49kfFZnsyC9IhR4nEth8sF,happy
5MfdKQUnEjnqNVnj4Fmsm5,Everybody Everybody - Liongold Remix,"48th St. Collective, Shelly Sony, Liongold",Everybody Everybody (Liongold Remix),2023-03-10,43,150535,https://open.spotify.com/track/5MfdKQUnEjnqNVnj4Fmsm5,happy
79uDZwkH2bbORvdGoBfuEA,Little Wing - Nikko Mad Remix,"Egovertigo, Lisa Dare, Nikko Mad",Little Wing (Nikko Mad Remix),2023-09-29,41,143611,https://open.spotify.com/track/79uDZwkH2bbORvdGoBfuEA,happy
6Ceiius46B5f252JWWvF1p,Get the Party Started - Ronan Remix,Stella Starlight Trio,Rooftop Remixes,2024-01-05,42,156428,https://open.spotify.com/track/6Ceiius46B5f252JWWvF1p,happy
0faOvn05y03Jh58fmShfNH,Stressed Out,Natalie Renoir,Stressed Out,2025-08-22,42,126275,https://open.spotify.com/track/0faOvn05y03Jh58fmShfNH,happy
4coIsInDg3uwBC3zUQhnsE,Beth,"Nikko Mad, No.oN",Beth,2023-10-27,42,115847,https://open.spotify.com/track/4coIsInDg3uwBC3zUQhnsE,happy
200IUE8MUGUF7EopnADhw0,New Rules - Ronan Remix,"Shelly Sony, Ronan",New Rules (Ronan Remix),2023-12-08,45,131282,https://open.spotify.com/track/200IUE8MUGUF7EopnADhw0,happy
303g3wAr9tnoctOLEjETSy,Ordinary - Remix,"Luca Giacco, Ronan, Blue System",Ordinary (Remix),2025-10-31,34,156428,https://open.spotify.com/track/303g3wAr9tnoctOLEjETSy,happy
23aG1c2KGKBf5e0VIfluu8,Thank You - Gavin Moss Remix,"Gavin Moss, Emili E, Duke Chaine",Thank You (Gavin Moss Remix),2023-05-19,40,135025,https://open.spotify.com/track/23aG1c2KGKBf5e0VIfluu8,happy
2AP7M9e295qiwJtDFh2AmC,Like a Fool,Glambeats Corp.,Like a Fool,2023-05-19,36,130123,https://open.spotify.com/track/2AP7M9e295qiwJtDFh2AmC,happy
0WVxmyyHql16bwx1zS9UZq,Love Will Save You,Nikko Mad,Love Will Save You,2024-09-06,35,104574,https://open.spotify.com/track/0WVxmyyHql16bwx1zS9UZq,happy
0gyE4Ww6BgDvmM0O2YugT6,Drive Away,Klub Rider,Drive Away,2023-11-17,40,132100,https://open.spotify.com/track/0gyE4Ww6BgDvmM0O2YugT6,happy
0iEhX9n00GyXEzQlwgGHAb,The Other Side,Ronan,The Other Side,2023-07-28,37,126410,https://open.spotify.com/track/0iEhX9n00GyXEzQlwgGHAb,happy
4DvKsvcNpAvRbQBClivvSw,Grow - G-Spliff Mix,"Limelight Sound, G-Spliff",Grow (G-Spliff Mix),2025-10-24,40,134754,https://open.spotify.com/track/4DvKsvcNpAvRbQBClivvSw,happy
2IIgohHeQ9ihHVEzXbxRv2,Hidden Timeline,Futurama,Hidden Timeline,2025-03-21,36,161344,https://open.spotify.com/track/2IIgohHeQ9ihHVEzXbxRv2,happy
3j7d6Q8eKHYlpKi08nTrwk,On Your Mind,Mia Olsen,On Your Mind,2025-07-04,39,131150,https://open.spotify.com/track/3j7d6Q8eKHYlpKi08nTrwk,happy
649wzzjX1Xz739rJxqbyWm,Body,Future Soundscapes,Body,2023-12-22,43,136666,https://open.spotify.com/track/649wzzjX1Xz739rJxqbyWm,happy
1P0C9gvj3bqloafwnvyoqI,I Can Feel Your Voice,Nikko Mad,I Can Feel Your Voice,2023-08-18,39,104889,https://open.spotify.com/track/1P0C9gvj3bqloafwnvyoqI,happy
6ZkytfMRYWE6U0AJc2hDim,Love Never Felt So Good - Leo Portela Remix,"Anakelly, Leo Portela",Love Never Felt So Good (Leo Portela Remix),2023-08-04,46,170357,https://open.spotify.com/track/6ZkytfMRYWE6U0AJc2hDim,happy
3uJkkJfN7Kj6AUb05anI1L,Space Cowboy - Leo Portela Rework,"Eve St. Jones, Leo Portela",The Remixes,2023-11-24,44,171545,https://open.spotify.com/track/3uJkkJfN7Kj6AUb05anI1L,happy
4JX5oRs9BO8RmrQ5e8J2S6,Meduza,Volpe,"Instrumental Lounge (Chill & House), Vol. 5",2024-10-18,35,86153,https://open.spotify.com/track/4JX5oRs9BO8RmrQ5e8J2S6,happy
5uTayUqWolm7zY8KUlUwnJ,Enjoy The Silence,Ricky Gazetta,Enjoy The Silence,2023-08-25,53,177931,https://open.spotify.com/track/5uTayUqWolm7zY8KUlUwnJ,happy
1g5kw79b7pP2nNUIUqjlBK,Mr. Postman,Akyra,Mr. Postman,2025-09-26,36,126000,https://open.spotify.com/track/1g5kw79b7pP2nNUIUqjlBK,happy
4v4MjawXhFtghMwrmnbHlS,Wild Run,Special Cutlab,AFRO HOUSE 2025,2024-10-25,40,132203,https://open.spotify.com/track/4v4MjawXhFtghMwrmnbHlS,happy
50QMIrDDZinUwLci7Ljq9d,"I Want You, Girl",Urban Love,"I Want You, Girl",2024-01-05,40,128970,https://open.spotify.com/track/50QMIrDDZinUwLci7Ljq9d,happy
7C5AgWJJMRETWI3Pst6U8L,It's a Mystery,Monsoon,It's a Mystery,2025-04-25,42,137500,https://open.spotify.com/track/7C5AgWJJMRETWI3Pst6U8L,happy
5WwQgwivZOfjHHOdZXnDjR,Feel (Afrobeats Mix),"Dualbox, Aracy Carvalho",Feel (Afrobeats Mix),2023-12-15,42,147878,https://open.spotify.com/track/5WwQgwivZOfjHHOdZXnDjR,happy
2AYjnv47XVccCzv2ehzFNb,You Trap Me,"General Soundbwoy, Nikko Mad",You Trap Me,2024-03-08,42,102863,https://open.spotify.com/track/2AYjnv47XVccCzv2ehzFNb,happy
6sU8QgAAnDjk3fcuxNdXU5,My Song About Love,"Eccko, Francoise Sanders, Gilberto Mota",My Song About Love,2025-06-13,40,100908,https://open.spotify.com/track/6sU8QgAAnDjk3fcuxNdXU5,happy
4nLyL1DtnoAR1TK7Mri7O3,My Reason,Akyra,My Reason,2024-04-19,38,132203,https://open.spotify.com/track/4nLyL1DtnoAR1TK7Mri7O3,happy
7615QnuUVdgUQODgLk05XO,Alone in my Head,Klub Rider,Rooftop Lounge Vol. 3,2023-10-15,39,121043,https://open.spotify.com/track/7615QnuUVdgUQODgLk05XO,happy
5aYPBBkeff99CrKuUjmIoS,Wake Up,Limelight Sound,Wake Up,2025-06-20,41,131415,https://open.spotify.com/track/5aYPBBkeff99CrKuUjmIoS,happy
7IZyKCoEix17pcaNiRGiEZ,It Was Magic,"Futurama, JONAS KJELL",It Was Magic,2025-10-03,42,148072,https://open.spotify.com/track/7IZyKCoEix17pcaNiRGiEZ,happy
6Bdf3MZfeCep8cLkvMpcSs,Take Me,"Space Gang, Rhythmic Control",Take Me,2023-04-28,40,118461,https://open.spotify.com/track/6Bdf3MZfeCep8cLkvMpcSs,happy
02Pcy3EYb9d3MvW9OVOJCb,Della Riva,Leo Portela,Della Riva,2025-04-11,36,136000,https://open.spotify.com/track/02Pcy3EYb9d3MvW9OVOJCb,happy
42HAheSz2uSSAU4YTj6nLp,Unbeliavable,"Morgan, G & Machines",Rooftop Paris,2025-07-11,40,164102,https://open.spotify.com/track/42HAheSz2uSSAU4YTj6nLp,happy
2rzK4TwFfQ6vgKUams8AFW,I Can't Go Outside,Nikko Mad,Wrong Way,2024-05-24,36,142569,https://open.spotify.com/track/2rzK4TwFfQ6vgKUams8AFW,happy
5iIB0ZZYYeBln08gYw3nKy,Attraction,Akyra,Attraction,2025-01-03,37,127627,https://open.spotify.com/track/5iIB0ZZYYeBln08gYw3nKy,happy
4lnGfQ9inBsVQWVbZpxjUm,Tangled Up In Blue,"Future Soundscapes, Francoise Sanders",Tangled Up In Blue,2025-07-18,41,164102,https://open.spotify.com/track/4lnGfQ9inBsVQWVbZpxjUm,happy
3A0hiLYwFGumb0536ok0vm,Night Piano,Ronan,Instrumental Remixes Vol. 4,2025-07-11,38,129310,https://open.spotify.com/track/3A0hiLYwFGumb0536ok0vm,happy
6rACZZ4nyDGHdNqUq0o7fh,A Little Loving,Andrew Sacks,A Little Loving,2025-08-29,40,143589,https://open.spotify.com/track/6rACZZ4nyDGHdNqUq0o7fh,happy
0kyHRQzLIYFgT6XoKxS6NV,Feel The Sunrise,Urban Love,A New Day,2024-11-29,40,126410,https://open.spotify.com/track/0kyHRQzLIYFgT6XoKxS6NV,happy
594zmYRnYccvAGZuYc6yyQ,Don't wanna fix you,Limelight Sound,Don't wanna fix you,2024-07-26,39,115676,https://open.spotify.com/track/594zmYRnYccvAGZuYc6yyQ,happy
6fi8Eky629d5wLBwRpjm36,Perfect Bright - Ronan Reworked Remix,"Ronan, Dew",Perfect Bright (Ronan Reworked Remix),2024-12-06,38,141714,https://open.spotify.com/track/6fi8Eky629d5wLBwRpjm36,happy
3BZ8lPpPaszJFi0Oe558DL,Nobody Does It Better - Ronan Remix,"Anakelly, Ronan",Nobody Does It Better,2025-02-21,48,164601,https://open.spotify.com/track/3BZ8lPpPaszJFi0Oe558DL,happy
0eu980jKEhDoUCbwZHNI9W,Just When I Needed You Most - Ronan Remix,"Dual Sessions, Blue System, Ronan",Just When I Needed You Most (Ronan Remix),2025-02-21,49,141142,https://open.spotify.com/track/0eu980jKEhDoUCbwZHNI9W,happy
3SU9GElvRPatdvyfSfz6Cg,Sign Me Up,"Monsoon, Nikko Mad",Sign Me Up,2025-09-05,36,110913,https://open.spotify.com/track/3SU9GElvRPatdvyfSfz6Cg,happy
06cCziAHtDg6pcsidZHu03,Robbers,The 1975,The 1975 (Deluxe Version),2013,68,254509,https://open.spotify.com/track/06cCziAHtDg6pcsidZHu03,happy
12g9IeQzX7xECLNxz8dpb5,I'm In Love With You,The 1975,Being Funny In A Foreign Language,2022-10-14,65,262623,https://open.spotify.com/track/12g9IeQzX7xECLNxz8dpb5,happy
5hc71nKsUgtwQ3z52KEKQk,Somebody Else,The 1975,"I like it when you sleep, for you are so beautiful yet so unaware of it",2016-02-26,72,347520,https://open.spotify.com/track/5hc71nKsUgtwQ3z52KEKQk,happy
14dJexYlvd3t3XAtD1pYW1,Oh Caroline,The 1975,Being Funny In A Foreign Language,2022-10-14,62,212568,https://open.spotify.com/track/14dJexYlvd3t3XAtD1pYW1,happy
4rmIfFUZhhi9sS5IYtpkXw,Give Yourself A Try,The 1975,A Brief Inquiry Into Online Relationships,2018-11-30,54,196588,https://open.spotify.com/track/4rmIfFUZhhi9sS5IYtpkXw,happy
1C5utO1I8FoSIn6g1R5DAZ,If You’re Too Shy (Let Me Know),The 1975,Notes On A Conditional Form,2020-05-22,63,319370,https://open.spotify.com/track/1C5utO1I8FoSIn6g1R5DAZ,happy
0eNfURq0r0oNSwFyw1VuVT,Looking For Somebody (To Love),The 1975,Being Funny In A Foreign Language,2022-10-14,56,178617,https://open.spotify.com/track/0eNfURq0r0oNSwFyw1VuVT,happy
3TgMcrV32NUKjEG2ujn9eh,It's Not Living (If It's Not With You),The 1975,A Brief Inquiry Into Online Relationships,2018-11-30,73,248335,https://open.spotify.com/track/3TgMcrV32NUKjEG2ujn9eh,happy
35lxFAny9XDBkvE6r9j4uG,Happiness,The 1975,Being Funny In A Foreign Language,2022-10-14,60,303903,https://open.spotify.com/track/35lxFAny9XDBkvE6r9j4uG,happy
6WmIyn2fx1PKQ0XDpYj4VR,Love It If We Made It,The 1975,A Brief Inquiry Into Online Relationships,2018-11-30,66,252925,https://open.spotify.com/track/6WmIyn2fx1PKQ0XDpYj4VR,happy
2JFeVDbE3HZhY2E3oNReKh,Sex,The 1975,The 1975 (Deluxe Version),2013,46,207001,https://open.spotify.com/track/2JFeVDbE3HZhY2E3oNReKh,happy
316r1KLN0bcmpr7TZcMCXT,The Sound,The 1975,"I like it when you sleep, for you are so beautiful yet so unaware of it",2016-02-26,59,248880,https://open.spotify.com/track/316r1KLN0bcmpr7TZcMCXT,happy
4S80oe7OJnBVlhNrbQTnt3,Part Of The Band,The 1975,Being Funny In A Foreign Language,2022-10-14,51,260148,https://open.spotify.com/track/4S80oe7OJnBVlhNrbQTnt3,happy
3wFPsw1WQJevCFoKpoLyTF,The Birthday Party,The 1975,Notes On A Conditional Form,2020-05-22,50,285833,https://open.spotify.com/track/3wFPsw1WQJevCFoKpoLyTF,happy
5M5TD1Tlpcgq0Fj1l6Mz6Z,When We Are Together,The 1975,Being Funny In A Foreign Language,2022-10-14,56,216586,https://open.spotify.com/track/5M5TD1Tlpcgq0Fj1l6Mz6Z,happy
6HguG9HRb1Ke1bhihfE4m8,Sincerity Is Scary,The 1975,A Brief Inquiry Into Online Relationships,2018-11-30,59,225955,https://open.spotify.com/track/6HguG9HRb1Ke1bhihfE4m8,happy
7omxuGYsym1n2RlVf86OF9,The 1975,The 1975,Being Funny In A Foreign Language,2022-10-14,52,250900,https://open.spotify.com/track/7omxuGYsym1n2RlVf86OF9,happy
5hRzAbY2AAO258hL6oqsqO,Love Me,The 1975,"I like it when you sleep, for you are so beautiful yet so unaware of it",2016-02-26,49,222040,https://open.spotify.com/track/5hRzAbY2AAO258hL6oqsqO,happy
4FxeY2UZeP3kpdBPbpGggN,Wintering,The 1975,Being Funny In A Foreign Language,2022-10-14,49,165457,https://open.spotify.com/track/4FxeY2UZeP3kpdBPbpGggN,happy
1RB8jMVr0eSo6ExOOvXavV,All I Need To Hear,The 1975,Being Funny In A Foreign Language,2022-10-14,58,210447,https://open.spotify.com/track/1RB8jMVr0eSo6ExOOvXavV,happy
2rDOPhTAI5tZyXnwe6cUmt,I might say something stupid featuring the 1975 & jon hopkins,"Charli xcx, The 1975, Jon Hopkins",I might say something stupid featuring the 1975 & jon hopkins,2024-10-10,37,250603,https://open.spotify.com/track/2rDOPhTAI5tZyXnwe6cUmt,happy
2PUHkK7V8XSoquIV8Skj7h,Human Too,The 1975,Being Funny In A Foreign Language,2022-10-14,46,224386,https://open.spotify.com/track/2PUHkK7V8XSoquIV8Skj7h,happy
3ERlkLtr5K5C7VUqlDcNSR,People,The 1975,Notes On A Conditional Form,2020-05-22,43,158845,https://open.spotify.com/track/3ERlkLtr5K5C7VUqlDcNSR,happy
4qjLvvBh5ZeKEPyShKRf06,Narcissist (feat. The 1975),"No Rome, The 1975",RIP Indo Hisashi,2018-08-28,59,195501,https://open.spotify.com/track/4qjLvvBh5ZeKEPyShKRf06,happy
7iPlcFvOMOzt6v0QvcAueZ,I Always Wanna Die (Sometimes),The 1975,A Brief Inquiry Into Online Relationships,2018-11-30,63,314662,https://open.spotify.com/track/7iPlcFvOMOzt6v0QvcAueZ,happy
59RNdFA4oFNIvTIvaBxqgQ,Paris,The 1975,"I like it when you sleep, for you are so beautiful yet so unaware of it",2016-02-26,52,293066,https://open.spotify.com/track/59RNdFA4oFNIvTIvaBxqgQ,happy
33DzKnwuBE6lfOiADwzd5E,TOOTIMETOOTIMETOOTIME,The 1975,A Brief Inquiry Into Online Relationships,2018-11-30,60,207851,https://open.spotify.com/track/33DzKnwuBE6lfOiADwzd5E,happy
2zyz614fJRrqQXW1q0sY1c,Girls,The 1975,The 1975 (Deluxe Version),2013,55,254620,https://open.spotify.com/track/2zyz614fJRrqQXW1q0sY1c,happy
424ml6U1wmEarzw26uDtCS,Heart Out,The 1975,The 1975 (Deluxe Version),2013,50,202296,https://open.spotify.com/track/424ml6U1wmEarzw26uDtCS,happy
24f76XiyZMXMlVSVz50Bfx,I Like America & America Likes Me (Live From Real World Studios),The 1975,Live From Real World Studios,2023-12-08,32,224777,https://open.spotify.com/track/24f76XiyZMXMlVSVz50Bfx,happy
1RHuBRoACkLRo2vjGqFCwf,I Like America & America Likes Me,The 1975,A Brief Inquiry Into Online Relationships,2018-11-30,48,206755,https://open.spotify.com/track/1RHuBRoACkLRo2vjGqFCwf,happy
6vVOzc8QdRTzaI1QLYE6E9,All I Need To Hear (Live From Real World Studios),The 1975,Live From Real World Studios,2023-12-08,31,203760,https://open.spotify.com/track/6vVOzc8QdRTzaI1QLYE6E9,happy
51cd3bzVmLAjlnsSZn4ecW,She's American,The 1975,"I like it when you sleep, for you are so beautiful yet so unaware of it",2016-02-26,53,270106,https://open.spotify.com/track/51cd3bzVmLAjlnsSZn4ecW,happy
4p1pxmqtPtPHqWbOd2RgXu,Loving Someone,The 1975,"I like it when you sleep, for you are so beautiful yet so unaware of it",2016-02-26,44,260426,https://open.spotify.com/track/4p1pxmqtPtPHqWbOd2RgXu,happy
56D251hqnHtPSgwSH5a0fl,Spinning (with Charli XCX & The 1975),"No Rome, Charli xcx, The 1975",Spinning (with Charli XCX & The 1975),2021-03-04,49,172559,https://open.spotify.com/track/56D251hqnHtPSgwSH5a0fl,happy
5vgdeMt4uKUN2BeltZjoDh,UGH!,The 1975,"I like it when you sleep, for you are so beautiful yet so unaware of it",2016-02-26,49,180026,https://open.spotify.com/track/5vgdeMt4uKUN2BeltZjoDh,happy
56igJevSZKAKqzW4PTQXJb,Chocolate,The 1975,The 1975 (Deluxe Version),2013,37,223754,https://open.spotify.com/track/56igJevSZKAKqzW4PTQXJb,happy
035QPHPAcqApSGMMcogT45,A Change Of Heart,The 1975,"I like it when you sleep, for you are so beautiful yet so unaware of it",2016-02-26,51,283840,https://open.spotify.com/track/035QPHPAcqApSGMMcogT45,happy
1v07ywlVYd02pOCnXRBDNA,Menswear,The 1975,The 1975 (Deluxe Version),2013,47,206737,https://open.spotify.com/track/1v07ywlVYd02pOCnXRBDNA,happy
1Ij4cmQteKslDqCpenSFhF,M.O.N.E.Y.,The 1975,The 1975 (Deluxe Version),2013,41,216563,https://open.spotify.com/track/1Ij4cmQteKslDqCpenSFhF,happy
6SrvijeageGUiFu9iCDdmM,Me & You Together Song,The 1975,Notes On A Conditional Form,2020-05-22,56,207223,https://open.spotify.com/track/6SrvijeageGUiFu9iCDdmM,happy
3W4xpnA5BVg9qduchV1mQy,Pressure,The 1975,The 1975 (Deluxe Version),2013,46,221392,https://open.spotify.com/track/3W4xpnA5BVg9qduchV1mQy,happy
2ymCaPd4ojF9H8hzIz2NJd,Roadkill,The 1975,Notes On A Conditional Form,2020-05-22,54,175117,https://open.spotify.com/track/2ymCaPd4ojF9H8hzIz2NJd,happy
34Tmk8gwlRRegVVZDRxXxk,Happiness (Dance Floor Edit),The 1975,Happiness,2022-08-03,46,235963,https://open.spotify.com/track/34Tmk8gwlRRegVVZDRxXxk,happy
7Mwl3zti5NbY88SpkCxTYT,Talk!,The 1975,The 1975 (Deluxe Version),2013,38,167749,https://open.spotify.com/track/7Mwl3zti5NbY88SpkCxTYT,happy
0dGyrOsSR0TOAxY4UBojmV,Guys,The 1975,Notes On A Conditional Form,2020-05-22,53,269929,https://open.spotify.com/track/0dGyrOsSR0TOAxY4UBojmV,happy
1juwXjOB4Deky02D5vL0y0,Settle Down,The 1975,The 1975 (Deluxe Version),2013,42,239893,https://open.spotify.com/track/1juwXjOB4Deky02D5vL0y0,happy
0Ag6Du3bXVgBTG4rpbFxKG,She Way Out,The 1975,The 1975 (Deluxe Version),2013,46,239252,https://open.spotify.com/track/0Ag6Du3bXVgBTG4rpbFxKG,happy
7DmTaJoM7L020qm3egqNsM,Tonight (I Wish I Was Your Boy),The 1975,Notes On A Conditional Form,2020-05-22,53,247265,https://open.spotify.com/track/7DmTaJoM7L020qm3egqNsM,happy
2HwwGKPcI0rqnsFCqATXuj,I Couldn't Be More In Love,The 1975,A Brief Inquiry Into Online Relationships,2018-11-30,56,231991,https://open.spotify.com/track/2HwwGKPcI0rqnsFCqATXuj,happy
6zjBevD0Y6eCbOXaqQ79Xj,Jesus Christ 2005 God Bless America,The 1975,Notes On A Conditional Form,2020-05-22,47,264006,https://open.spotify.com/track/6zjBevD0Y6eCbOXaqQ79Xj,happy
2J3ajGI1sVj9wnqThJHwPS,If I Believe You,The 1975,"I like it when you sleep, for you are so beautiful yet so unaware of it",2016-02-26,45,380320,https://open.spotify.com/track/2J3ajGI1sVj9wnqThJHwPS,happy
0fzqnqxwSh5Bmq8sY9tFb9,Milk,The 1975,Milk,2017-10-06,55,132546,https://open.spotify.com/track/0fzqnqxwSh5Bmq8sY9tFb9,happy
3OF76yx8CGiDwzSCT3BeDv,"I like it when you sleep, for you are so beautiful yet so unaware of it",The 1975,"I like it when you sleep, for you are so beautiful yet so unaware of it",2016-02-26,39,386080,https://open.spotify.com/track/3OF76yx8CGiDwzSCT3BeDv,happy
0bmJ2sqxKOk0l36Ctd0Fcs,The City,The 1975,The 1975 (Deluxe Version),2013,41,206882,https://open.spotify.com/track/0bmJ2sqxKOk0l36Ctd0Fcs,happy
18UsAG7SfOQ5sxJEdjAMH0,Be My Mistake,The 1975,A Brief Inquiry Into Online Relationships,2018-11-30,66,256687,https://open.spotify.com/track/18UsAG7SfOQ5sxJEdjAMH0,happy
03tg6cOOCCZNPRZeOmYbYx,Sex - EP Version,The 1975,The 1975 (Deluxe Version),2013,38,206133,https://open.spotify.com/track/03tg6cOOCCZNPRZeOmYbYx,happy
6OPOa3qlKoDUzGpS8MrcLi,This Must Be My Dream,The 1975,"I like it when you sleep, for you are so beautiful yet so unaware of it",2016-02-26,49,252480,https://open.spotify.com/track/6OPOa3qlKoDUzGpS8MrcLi,happy
4GjRDgb77p27GQnbZpv1OJ,Me,The 1975,The 1975 (Deluxe Version),2013,48,275021,https://open.spotify.com/track/4GjRDgb77p27GQnbZpv1OJ,happy
6WPBLVXV8yuKbKMwuS8G3V,So Far (It's Alright),The 1975,The 1975 (Deluxe Version),2013,42,240109,https://open.spotify.com/track/6WPBLVXV8yuKbKMwuS8G3V,happy
37PSljWwMyg3JhqWma3Wai,Lostmyhead,The 1975,"I like it when you sleep, for you are so beautiful yet so unaware of it",2016-02-26,38,319413,https://open.spotify.com/track/37PSljWwMyg3JhqWma3Wai,happy
54XGKvGZwA7xB3Uu5vef0C,The Ballad Of Me And My Brain,The 1975,"I like it when you sleep, for you are so beautiful yet so unaware of it",2016-02-26,41,171440,https://open.spotify.com/track/54XGKvGZwA7xB3Uu5vef0C,happy
7gamP4sRTXxfqKblTVYmci,Anobrain,The 1975,The 1975 (Deluxe Version),2013,34,113578,https://open.spotify.com/track/7gamP4sRTXxfqKblTVYmci,happy
7Esd9ROfkgPgBtWN72U5P5,She Lays Down,The 1975,"I like it when you sleep, for you are so beautiful yet so unaware of it",2016-02-26,40,238733,https://open.spotify.com/track/7Esd9ROfkgPgBtWN72U5P5,happy
078y8ygOFesjpWf3Pp5yNv,Haunt // Bed,The 1975,The 1975 (Deluxe Version),2013,35,305022,https://open.spotify.com/track/078y8ygOFesjpWf3Pp5yNv,happy
7hspRf0CvDgevONnnJvK5X,Yeah I Know,The 1975,Notes On A Conditional Form,2020-05-22,40,253050,https://open.spotify.com/track/7hspRf0CvDgevONnnJvK5X,happy
1JmLA5HZ7Wp7L8DNctLpUW,Nana,The 1975,"I like it when you sleep, for you are so beautiful yet so unaware of it",2016-02-26,39,236746,https://open.spotify.com/track/1JmLA5HZ7Wp7L8DNctLpUW,happy
5FbfZj2ZyTSu6RNeJ2Q0bj,Frail State Of Mind,The 1975,Notes On A Conditional Form,2020-05-22,46,233501,https://open.spotify.com/track/5FbfZj2ZyTSu6RNeJ2Q0bj,happy
1qlyZ5QAPK7WEtIukfMoNM,Don’t Worry,The 1975,Notes On A Conditional Form,2020-05-22,40,168244,https://open.spotify.com/track/1qlyZ5QAPK7WEtIukfMoNM,happy
3mRWkQTwau3cl5u2WYE2pt,I Think There's Something You Should Know,The 1975,Notes On A Conditional Form,2020-05-22,45,240986,https://open.spotify.com/track/3mRWkQTwau3cl5u2WYE2pt,happy
4yCIManeOeRBrqDANPtK1v,The City - Single Version,The 1975,The 1975 (Deluxe Version),2013,30,224075,https://open.spotify.com/track/4yCIManeOeRBrqDANPtK1v,happy
4KFXyjSCge9UpOvyf0ETH6,Woman,The 1975,The 1975 (Deluxe Version),2013,33,182160,https://open.spotify.com/track/4KFXyjSCge9UpOvyf0ETH6,happy
0cnVBn7JsFlShF65EJe2Or,Mine,The 1975,A Brief Inquiry Into Online Relationships,2018-11-30,48,246887,https://open.spotify.com/track/0cnVBn7JsFlShF65EJe2Or,happy
2M4iGyQTIJISEioeVz43vy,Nothing Revealed / Everything Denied,The 1975,Notes On A Conditional Form,2020-05-22,46,218496,https://open.spotify.com/track/2M4iGyQTIJISEioeVz43vy,happy
1ZwJALwnYbeHdEVCNVmniz,You,The 1975,The 1975 (Deluxe Version),2013,45,591159,https://open.spotify.com/track/1ZwJALwnYbeHdEVCNVmniz,happy
5wmBV7RrEDrEamTvCnuLxX,Antichrist,The 1975,The 1975 (Deluxe Version),2013,42,283970,https://open.spotify.com/track/5wmBV7RrEDrEamTvCnuLxX,happy
6KAf0R3bt14ZbVVUPaVSQQ,Streaming,The 1975,Notes On A Conditional Form,2020-05-22,36,92895,https://open.spotify.com/track/6KAf0R3bt14ZbVVUPaVSQQ,happy
1LD52Nzt9wg1vB3F6gelPH,Undo,The 1975,The 1975 (Deluxe Version),2013,47,244653,https://open.spotify.com/track/1LD52Nzt9wg1vB3F6gelPH,happy
6VKX7rGnHoHJ4bECP12OOG,By Your Side,The 1975,By Your Side,2017-02-22,46,295151,https://open.spotify.com/track/6VKX7rGnHoHJ4bECP12OOG,happy
0bXxKkYJNxOqHjeOrYanvS,Inside Your Mind,The 1975,A Brief Inquiry Into Online Relationships,2018-11-30,46,230997,https://open.spotify.com/track/0bXxKkYJNxOqHjeOrYanvS,happy
2q3s94g1UFU90IinOiFmDQ,Playing On My Mind,The 1975,Notes On A Conditional Form,2020-05-22,43,204210,https://open.spotify.com/track/2q3s94g1UFU90IinOiFmDQ,happy
2Xm5Iz7jDPK0mqxbHHp5Mr,Now Is The Hour (The New Look: Season 1 (Apple TV+ Original Series Soundtrack)),The 1975,Now Is The Hour (The New Look: Season 1 (Apple TV+ Original Series Soundtrack)),2024-02-07,0,152208,https://open.spotify.com/track/2Xm5Iz7jDPK0mqxbHHp5Mr,happy
3J09NCAVxby84HQxp8C0dO,Bagsy Not In Net,The 1975,Notes On A Conditional Form,2020-05-22,40,146667,https://open.spotify.com/track/3J09NCAVxby84HQxp8C0dO,happy
6gXVzow1TDwzbllinCfip8,12,The 1975,The 1975 (Deluxe Version),2013,35,79577,https://open.spotify.com/track/6gXVzow1TDwzbllinCfip8,happy
0UyfKV5iafZCCtQxRBbe85,Please Be Naked,The 1975,"I like it when you sleep, for you are so beautiful yet so unaware of it",2016-02-26,38,265840,https://open.spotify.com/track/0UyfKV5iafZCCtQxRBbe85,happy
3eeU7oRuEUbFHMrsJ8rvpk,What Should I Say,The 1975,Notes On A Conditional Form,2020-05-22,45,246444,https://open.spotify.com/track/3eeU7oRuEUbFHMrsJ8rvpk,happy
3Uuf7UQy96o8rkyEXSmAmv,An Encounter,The 1975,The 1975 (Deluxe Version),2013,36,74750,https://open.spotify.com/track/3Uuf7UQy96o8rkyEXSmAmv,happy
1bTfkhyNrSmthxL7P5yGDJ,How To Draw / Petrichor,The 1975,A Brief Inquiry Into Online Relationships,2018-11-30,41,349621,https://open.spotify.com/track/1bTfkhyNrSmthxL7P5yGDJ,happy
7COnwG00wI52gEzD1IXGxI,Facedown,The 1975,The 1975 (Deluxe Version),2013,35,169005,https://open.spotify.com/track/7COnwG00wI52gEzD1IXGxI,happy
1VP6X2WDJuBGvIZkTKFhF5,Then Because She Goes,The 1975,Notes On A Conditional Form,2020-05-22,46,127342,https://open.spotify.com/track/1VP6X2WDJuBGvIZkTKFhF5,happy
48ndiF5dcv7WWm8KBcSm2X,The Man Who Married A Robot / Love Theme,The 1975,A Brief Inquiry Into Online Relationships,2018-11-30,36,213335,https://open.spotify.com/track/48ndiF5dcv7WWm8KBcSm2X,happy
0d9J4kIbiCtwY5voEvprpy,Is There Somebody Who Can Watch You,The 1975,The 1975 (Deluxe Version),2013,35,175567,https://open.spotify.com/track/0d9J4kIbiCtwY5voEvprpy,happy
4EGVeQKn8WyzCmCx5YTIc4,Surrounded By Heads And Bodies,The 1975,A Brief Inquiry Into Online Relationships,2018-11-30,41,236073,https://open.spotify.com/track/4EGVeQKn8WyzCmCx5YTIc4,happy
6U29ufMcZrqX0vLVyLTPlA,Having No Head,The 1975,Notes On A Conditional Form,2020-05-22,36,364722,https://open.spotify.com/track/6U29ufMcZrqX0vLVyLTPlA,happy
5CnQpEh55BqUPtT0GCLRqS,Head.Cars.Bending,The 1975,The 1975 (Deluxe Version),2013,37,207808,https://open.spotify.com/track/5CnQpEh55BqUPtT0GCLRqS,happy
2L9GU3T8aku5NQfPZ0OpBF,The City - EP Version,The 1975,The 1975 (Deluxe Version),2013,32,221907,https://open.spotify.com/track/2L9GU3T8aku5NQfPZ0OpBF,happy
4NGs8bDJyNV1dgnAbUVZS6,The End (Music For Cars),The 1975,Notes On A Conditional Form,2020-05-22,38,150929,https://open.spotify.com/track/4NGs8bDJyNV1dgnAbUVZS6,happy
3CPekxLofiPyJFmEgGAgqC,Shiny Collarbone,The 1975,Notes On A Conditional Form,2020-05-22,37,170541,https://open.spotify.com/track/3CPekxLofiPyJFmEgGAgqC,happy
2fdj5KFMvuHox86ccpMnnR,Intro / Set3,The 1975,The 1975 (Deluxe Version),2013,33,187973,https://open.spotify.com/track/2fdj5KFMvuHox86ccpMnnR,happy
6c07FQryyVnmfFUuECzRvV,HNSCC,The 1975,The 1975 (Deluxe Version),2013,32,151218,https://open.spotify.com/track/6c07FQryyVnmfFUuECzRvV,happy
2hvYcuptJ3CNOHmF18Rocg,All We've Got,aural,All We've Got,2025-10-24,45,149000,https://open.spotify.com/track/2hvYcuptJ3CNOHmF18Rocg,happy
31wPuZZK6eH4h1kgfM8HSp,Drive All Night,"Leo Stannard, Banyan",Drive All Night,2025-06-27,58,268567,https://open.spotify.com/track/31wPuZZK6eH4h1kgfM8HSp,happy
75GCzd89lECW8q5mE3xVEC,Love Me,SNSE,Love Me,2025-10-10,43,155478,https://open.spotify.com/track/75GCzd89lECW8q5mE3xVEC,happy
5crkL2QiZpULKSem5wsYV6,Pull Me Out,"Coastlines, ISME",Pull Me Out,2025-11-07,27,212575,https://open.spotify.com/track/5crkL2QiZpULKSem5wsYV6,happy
3m5wgKw6bE0iBoa2NOhcly,Lovely,JAS1X,Lovely,2025-10-24,41,169696,https://open.spotify.com/track/3m5wgKw6bE0iBoa2NOhcly,happy
4lBbmz8DxzUvsymHdk8dhQ,Stay for a While,SNSE,Stay for a While,2025-09-12,44,150000,https://open.spotify.com/track/4lBbmz8DxzUvsymHdk8dhQ,happy
1WX0MIumrSTayn1pm7njq3,Pandora,aural,Pandora,2025-09-19,43,146114,https://open.spotify.com/track/1WX0MIumrSTayn1pm7njq3,happy
0hCwSqaXMxvNO1ST2imfJz,Lost Without You,aiden,Lost Without You,2025-11-07,26,148333,https://open.spotify.com/track/0hCwSqaXMxvNO1ST2imfJz,happy
7jiXouARrMibGaRkeDPYV9,Runnin' On The Moon,Isam Hadjih,Runnin' On The Moon,2025-10-17,43,175909,https://open.spotify.com/track/7jiXouARrMibGaRkeDPYV9,happy
5xCKzq3WE3d3t6aJykg4zl,Remember,four30,Remember,2025-10-17,41,200655,https://open.spotify.com/track/5xCKzq3WE3d3t6aJykg4zl,happy
559qoQclWRnGvJWfvRf864,Life Gets Hard,"NORRA, NIIMO",Life Gets Hard,2023-12-22,49,177165,https://open.spotify.com/track/559qoQclWRnGvJWfvRf864,happy
392bjhqoshQveHAKqHRm2s,Lost In Your Eyes,SNSE,Lost In Your Eyes,2025-08-01,41,150000,https://open.spotify.com/track/392bjhqoshQveHAKqHRm2s,happy
26tPlh0rDUuRx0xSnOFmtL,Midnight Drive,"Swoozy, Scraby",Midnight Drive,2025-11-07,21,142121,https://open.spotify.com/track/26tPlh0rDUuRx0xSnOFmtL,happy
6cXJJHiUgQPXl73qYm8VR6,Citrine,Ophanim,Citrine,2025-10-31,34,169090,https://open.spotify.com/track/6cXJJHiUgQPXl73qYm8VR6,happy
0bHCgNfgv8pEuaLsNjSua9,Dream About,NORRA,Dream About,2025-10-17,44,160000,https://open.spotify.com/track/0bHCgNfgv8pEuaLsNjSua9,happy
6zC6bTpBp0LrWTSYMKDTKK,In Time,Verbala,In Time,2025-09-12,42,165319,https://open.spotify.com/track/6zC6bTpBp0LrWTSYMKDTKK,happy
5XfJyTr4Unb8zdfFmbQhdG,Like That,NGTY,Like That,2025-09-19,42,142424,https://open.spotify.com/track/5XfJyTr4Unb8zdfFmbQhdG,happy
5TSe5dzc73wwbwBlhKasWI,C'est toi,Dokho,C'est toi,2025-10-24,41,226818,https://open.spotify.com/track/5TSe5dzc73wwbwBlhKasWI,happy
6hNmzakpMPwJ9ySit1PIYG,Like I Do,Renei,Like I Do,2025-10-31,35,146086,https://open.spotify.com/track/6hNmzakpMPwJ9ySit1PIYG,happy
6YI8ie2VBXetDMcl0SyrFe,Letting Go,Colin Stauber,Letting Go,2025-10-03,39,139393,https://open.spotify.com/track/6YI8ie2VBXetDMcl0SyrFe,happy
0yGELRaIezxgFuc3Hs0x7f,Always - Chill Mix,LuvLess,Always,2025-11-07,30,170418,https://open.spotify.com/track/0yGELRaIezxgFuc3Hs0x7f,happy
1Q9PtGtAdOPlMHGvZoWNOz,Open Your Eyes,DRFT,Open Your Eyes,2025-10-03,37,166611,https://open.spotify.com/track/1Q9PtGtAdOPlMHGvZoWNOz,happy
3BfggbRJYzbArF1b3Iq1DY,In The Silence,HNE,In The Silence,2025-10-17,42,162424,https://open.spotify.com/track/3BfggbRJYzbArF1b3Iq1DY,happy
45UjcIbW9sWfPPKeEHh5GL,weightless,cypress,weightless,2025-09-12,42,178110,https://open.spotify.com/track/45UjcIbW9sWfPPKeEHh5GL,happy
4M2e8fGMYH0dfXWVilOOYd,All I Need,"aural, sunsett.",All I Need,2025-06-27,44,143000,https://open.spotify.com/track/4M2e8fGMYH0dfXWVilOOYd,happy
6kDPhav6hEJQVIkPoPjtlC,Honest,Luune,Honest,2025-10-31,30,212682,https://open.spotify.com/track/6kDPhav6hEJQVIkPoPjtlC,happy
4lC3AJifTcbf9398QR4253,Madalena,Edward Snellen,Madalena,2025-10-03,40,165245,https://open.spotify.com/track/4lC3AJifTcbf9398QR4253,happy
43IfRCag3KxS6SpLtOTfql,Constellation,Iskarelyn,Constellation,2025-09-05,41,238787,https://open.spotify.com/track/43IfRCag3KxS6SpLtOTfql,happy
5tWsOjYlPpqZJ3V4UPQSPW,You Give Me,NGTY,You Give Me,2025-11-07,17,176969,https://open.spotify.com/track/5tWsOjYlPpqZJ3V4UPQSPW,happy
7GlIlMBd9OOcVI1L8lwrJ2,Honest With You,"Friends & I, a.bech",Honest With You,2025-09-26,44,139666,https://open.spotify.com/track/7GlIlMBd9OOcVI1L8lwrJ2,happy
0acdjvA9l9risDsv2dww75,Meditate,Vallé,Meditate,2025-10-31,32,187758,https://open.spotify.com/track/0acdjvA9l9risDsv2dww75,happy
2njAaLpeIxpFPYsWnnXkJ3,Ocean Drive,"2FarAway, pinkskies",Ocean Drive,2025-09-26,40,139051,https://open.spotify.com/track/2njAaLpeIxpFPYsWnnXkJ3,happy
46zM7iUoFDGQn0YLDE7xP4,Follow You,"noetic, Thunder",Follow You,2025-10-17,40,148030,https://open.spotify.com/track/46zM7iUoFDGQn0YLDE7xP4,happy
45w8P8I4XVMyP2suYpWvu2,Above,SNSE,Above,2025-08-22,39,150000,https://open.spotify.com/track/45w8P8I4XVMyP2suYpWvu2,happy
0N9Lub7cub5C2eAx432Azv,How Many Days,"nømad, JEMKA",How Many Days,2025-11-07,22,152738,https://open.spotify.com/track/0N9Lub7cub5C2eAx432Azv,happy
5ot4J7WNUe0crW76TuXg1u,Peninsula,Holen,Peninsula,2025-10-31,27,194250,https://open.spotify.com/track/5ot4J7WNUe0crW76TuXg1u,happy
56jqG6tfI21RXd6qUCnU9G,I Do I Do,MCN2,I Do I Do,2025-10-17,35,152424,https://open.spotify.com/track/56jqG6tfI21RXd6qUCnU9G,happy
5tWioqaFqX3BUMJiBbqKVO,Dulcet,"dwelyr, Matrx",Dulcet,2025-11-07,21,248000,https://open.spotify.com/track/5tWioqaFqX3BUMJiBbqKVO,happy
33wEcW2cRCQTTDvV24ML81,Eyes Open,Luune,Eyes Open,2025-08-15,40,163278,https://open.spotify.com/track/33wEcW2cRCQTTDvV24ML81,happy
2U4VITRVXaPYlyneGP2kiq,refract,cypress,refract,2025-08-08,45,232320,https://open.spotify.com/track/2U4VITRVXaPYlyneGP2kiq,happy
1JXanB4EBft20VApb5TUpx,Let You Down,"YVMV, musv",Let You Down,2025-09-19,37,164661,https://open.spotify.com/track/1JXanB4EBft20VApb5TUpx,happy
0TWC021jAcaGRifQqy0A3c,Fivekey,Anton Kling,Fivekey,2025-09-24,39,225185,https://open.spotify.com/track/0TWC021jAcaGRifQqy0A3c,happy
5f4qquwjZzEXIdua2FId7b,Demons - Massane Remix,"Jerro, Sophia Bel, Massane",Demons,2020-12-17,1,243176,https://open.spotify.com/track/5f4qquwjZzEXIdua2FId7b,happy
1hlrA1u71tePck1Sn0Qcav,Want Me Back,Freddie Mudge,Want Me Back,2025-10-03,34,168333,https://open.spotify.com/track/1hlrA1u71tePck1Sn0Qcav,happy
6r0LuhAMBduXEvnA0pgofS,High Hopes,ODBLU,High Hopes,2025-09-12,49,141818,https://open.spotify.com/track/6r0LuhAMBduXEvnA0pgofS,happy
6ZfB4yYxMiMgPGdJCCIQWk,Follow The Signs,"Wilde, Sleepless Skies",Follow The Signs,2025-10-24,37,211060,https://open.spotify.com/track/6ZfB4yYxMiMgPGdJCCIQWk,happy
0Sb18ey0LU9n4DS5mliToi,Solitude,Naws,Solitude,2025-09-05,40,212000,https://open.spotify.com/track/0Sb18ey0LU9n4DS5mliToi,happy
6MxbiSK1W3igcuuxaIMDNf,Take it Slow,aural,Take it Slow,2025-08-15,42,148000,https://open.spotify.com/track/6MxbiSK1W3igcuuxaIMDNf,happy
1kVzUlo2gqcLwQzKU8fdHj,only you,"offrails, Jonny Kings",only you,2025-10-17,34,162575,https://open.spotify.com/track/1kVzUlo2gqcLwQzKU8fdHj,happy
6zKC0tSFoB6GvjKDFtpztv,Absence,Isam Hadjih,Absence,2025-09-05,39,211515,https://open.spotify.com/track/6zKC0tSFoB6GvjKDFtpztv,happy
5xnovZUHcYKyREGwXrq3uc,Different Time,Swimming Paul,Different Time,2024-12-13,55,198214,https://open.spotify.com/track/5xnovZUHcYKyREGwXrq3uc,happy
6PAyfKWr60noF22L3yV3kq,Save Me,BangLoud,Save Me,2025-09-19,40,190719,https://open.spotify.com/track/6PAyfKWr60noF22L3yV3kq,happy
4dsbLVnLqTavINHInT4hCo,Bittersweet,"Nathan C, Darla Jade",Bittersweet,2025-07-11,42,183333,https://open.spotify.com/track/4dsbLVnLqTavINHInT4hCo,happy
1uSCvHQLAWjLoOQxzE75Tr,Beacon - Chill Mix,Rowland Giles,Beacon (Chill Mix),2025-08-08,43,213030,https://open.spotify.com/track/1uSCvHQLAWjLoOQxzE75Tr,happy
1KKJjhVpVH0igHwwDWSZql,Ready,Con's Universe,Ready,2025-10-17,38,180000,https://open.spotify.com/track/1KKJjhVpVH0igHwwDWSZql,happy
2bfNNHDZlQlgjKqWIIIhs6,May I Please,Priior,May I Please,2025-09-12,45,201212,https://open.spotify.com/track/2bfNNHDZlQlgjKqWIIIhs6,happy
7nszldP9W5SgyjB71BAd1t,episode,"cypress, Courtney Storm",episode,2025-06-20,50,186000,https://open.spotify.com/track/7nszldP9W5SgyjB71BAd1t,happy
1hZQzGZcy0quSzYWx0AZXP,Afloat,Jörd,Afloat,2025-10-10,41,193939,https://open.spotify.com/track/1hZQzGZcy0quSzYWx0AZXP,happy
3hAEMnD6olqDSKFcFiZHop,Love U,NORRA,Love U,2025-08-29,49,169000,https://open.spotify.com/track/3hAEMnD6olqDSKFcFiZHop,happy
3oSWApgOiNLBC3IsNQ3tIo,Feels Like Home,NIIMO,Feels Like Home,2025-10-24,31,162857,https://open.spotify.com/track/3oSWApgOiNLBC3IsNQ3tIo,happy
4b0tpPJf5XqyrB8Ai1j38V,Fall,w.ill,Fall,2025-08-22,39,163333,https://open.spotify.com/track/4b0tpPJf5XqyrB8Ai1j38V,happy
7Cjm0EQl5pE3srLd9C2koT,Eyes On You,four30,Eyes On You,2025-09-19,43,157565,https://open.spotify.com/track/7Cjm0EQl5pE3srLd9C2koT,happy
1ktqfwC2rUgTmvzCSted3k,This Evening,James Carter,This Evening,2025-05-09,51,141775,https://open.spotify.com/track/1ktqfwC2rUgTmvzCSted3k,happy
2ewR7U1ZD0hdvfmnOA1hdN,Lose My Grip,"Aludra, Panuma",Lose My Grip,2025-08-29,42,140952,https://open.spotify.com/track/2ewR7U1ZD0hdvfmnOA1hdN,happy
3HB71BvCcDKmRcsuz7PAv7,I Choose You,"TMPST, Maynørr, Donner",I Choose You,2025-09-19,44,193876,https://open.spotify.com/track/3HB71BvCcDKmRcsuz7PAv7,happy
0RNFfXUyxmvTeutXktbL95,It's Alright,"Odare, Colin Stauber",It's Alright,2025-09-12,39,183636,https://open.spotify.com/track/0RNFfXUyxmvTeutXktbL95,happy
16LrWqeMzdHAo3ksP46gDN,Sunlight,"Thunder, ODBLU",Sunlight,2025-08-29,47,158000,https://open.spotify.com/track/16LrWqeMzdHAo3ksP46gDN,happy
5IDgICEO4v6iZ1i0XCpY53,Volcano,"Rowland Giles, Toutounji",Volcano,2025-08-22,42,210909,https://open.spotify.com/track/5IDgICEO4v6iZ1i0XCpY53,happy
7e5ABnsSrqePMfS9ZHpngf,Dragonfruit,aural,Dragonfruit,2025-07-25,42,150000,https://open.spotify.com/track/7e5ABnsSrqePMfS9ZHpngf,happy
6dVaPIowc4SX9Qm3Zj2KQq,The Otherside,Ross Quinn,The Otherside,2022-03-11,36,214938,https://open.spotify.com/track/6dVaPIowc4SX9Qm3Zj2KQq,happy
5ELwws7Zuf6RdxRFvhBGfQ,My Life For You,noetic,My Life For You,2025-09-05,36,140500,https://open.spotify.com/track/5ELwws7Zuf6RdxRFvhBGfQ,happy
4BmoCTe0xIx2LmcqdxT5Ay,Lookin 4 U (feat. Owen William),"Belfort, Owen William",Lookin 4 U (feat. Owen William),2025-08-08,44,148030,https://open.spotify.com/track/4BmoCTe0xIx2LmcqdxT5Ay,happy
575yhKAokz1mjtzE09ZhpQ,See U,Edward Snellen,See U,2025-09-05,38,125714,https://open.spotify.com/track/575yhKAokz1mjtzE09ZhpQ,happy
4IF8sxdKen7JFkRBvSec2M,Breathe,NIIMO,Breathe,2025-08-29,33,172562,https://open.spotify.com/track/4IF8sxdKen7JFkRBvSec2M,happy
4Kf3NZct75iJcCbS4kQox2,Don't Need Much,four30,Don't Need Much,2025-08-15,40,181071,https://open.spotify.com/track/4Kf3NZct75iJcCbS4kQox2,happy
0WWbJdl2hU41YxgjCxceQc,Want Me,Nick Raff,Want Me,2025-09-05,38,165254,https://open.spotify.com/track/0WWbJdl2hU41YxgjCxceQc,happy
5jmhJ3uOJgixxRn86yD4bd,Feels Like,DEAN,Feels Like,2025-09-05,36,134848,https://open.spotify.com/track/5jmhJ3uOJgixxRn86yD4bd,happy
0TCFVKyhva9dUdVCRqNMVc,Where you have been,"MVCA, SCHWARZ",Where you have been,2025-08-01,41,193278,https://open.spotify.com/track/0TCFVKyhva9dUdVCRqNMVc,happy
1HiiAcoeyjsnLh2X8QIDS0,With You,TEKASAE,With You,2025-09-05,38,225454,https://open.spotify.com/track/1HiiAcoeyjsnLh2X8QIDS0,happy
6r4ual3l2rTXnxp6T8WM1g,No Gravity (feat. Bava),"Zedd, Bava",Telos,2024-08-30,49,211313,https://open.spotify.com/track/6r4ual3l2rTXnxp6T8WM1g,happy
7pw2Dk1iVAl5z2aoNzN3y6,Dämmerung,"JAS1X, Golowko",Dämmerung,2025-07-25,38,208787,https://open.spotify.com/track/7pw2Dk1iVAl5z2aoNzN3y6,happy
4Vgc4ylpXrbTVbbBceCrVN,Drift,Jörd,Drift,2025-08-08,39,200303,https://open.spotify.com/track/4Vgc4ylpXrbTVbbBceCrVN,happy
7zwTvIvkfqbP6RqAkurB6D,Feel Your Pulse,"Badflite, RYVM",Feel Your Pulse,2025-08-15,40,200000,https://open.spotify.com/track/7zwTvIvkfqbP6RqAkurB6D,happy
6NXgFe04IN78UyvAlISZ46,Always,LuvLess,Always,2025-08-22,45,203636,https://open.spotify.com/track/6NXgFe04IN78UyvAlISZ46,happy
58yE7laRs6ptzfLKWXLN9u,No One Like You,Alex Adair,No One Like You,2025-05-09,49,198787,https://open.spotify.com/track/58yE7laRs6ptzfLKWXLN9u,happy
7z7ZREea4GOUeZNnKIiZRL,Spaces,Vallé,Spaces,2025-09-26,36,190714,https://open.spotify.com/track/7z7ZREea4GOUeZNnKIiZRL,happy
6JqO8gCbkx5eekwKyTr71o,Remember,"Midnight Pass, Ruffnux",Remember,2025-07-18,46,178306,https://open.spotify.com/track/6JqO8gCbkx5eekwKyTr71o,happy
6gM2KZhMbmyHi5p23hBg7E,Evig,"ZEPTA, Kezano",Evig,2025-08-29,35,194242,https://open.spotify.com/track/6gM2KZhMbmyHi5p23hBg7E,happy
6eFINW3Q22RqYdfuQmt8Q4,Want It,DOTTY,Want It,2025-08-15,37,198636,https://open.spotify.com/track/6eFINW3Q22RqYdfuQmt8Q4,happy
2fvMf9LzEDxz6yYNwNxZnO,Your Love,"ODBLU, sonnet",Your Love,2025-08-08,46,201769,https://open.spotify.com/track/2fvMf9LzEDxz6yYNwNxZnO,happy
0iUYjYT4gVBfaG6umwpRAR,On Your Mind,aural,On Your Mind,2025-06-06,43,148000,https://open.spotify.com/track/0iUYjYT4gVBfaG6umwpRAR,happy
33pkvSE2Bh9KHLz7X4fLeS,By Your Side,"Imad, offrami",By Your Side,2020-08-28,45,146007,https://open.spotify.com/track/33pkvSE2Bh9KHLz7X4fLeS,happy
4lrk4MonVk7yYrcQvoqbuX,Say It Right,noetic,Say It Right,2025-07-25,39,133109,https://open.spotify.com/track/4lrk4MonVk7yYrcQvoqbuX,happy
7wAuksvJErTLz0OHTDJPIa,Hit the Ground,Texture,Hit the Ground,2025-02-14,72,145696,https://open.spotify.com/track/7wAuksvJErTLz0OHTDJPIa,happy
0puFqGWi1y3IXU09z4XA5I,So Hollow,"Ubo, maybealice",So Hollow,2025-08-15,41,194848,https://open.spotify.com/track/0puFqGWi1y3IXU09z4XA5I,happy
4MiqMCkdCbEKHJkEW0DaLu,Right Time,NORRA,Right Time,2025-07-04,47,207360,https://open.spotify.com/track/4MiqMCkdCbEKHJkEW0DaLu,happy
6tULSZrnlU7Xj2suCnhYga,Say It Right,four30,Say It Right,2025-11-07,16,237948,https://open.spotify.com/track/6tULSZrnlU7Xj2suCnhYga,happy
1Sx86xHVVfdwmkttEHvXtK,Euphoria,"OCULA, LeyeT",Euphoria,2025-07-11,39,245511,https://open.spotify.com/track/1Sx86xHVVfdwmkttEHvXtK,happy
0pDUiglcDHXeS2gJ8cUCi8,You Know Me,Odare,You Know Me,2025-08-01,38,145757,https://open.spotify.com/track/0pDUiglcDHXeS2gJ8cUCi8,happy
0t2UolVIs3lrVb7UrfTGN3,Stay,"Thunder, LEVII",Stay,2025-08-01,39,162777,https://open.spotify.com/track/0t2UolVIs3lrVb7UrfTGN3,happy
4kjM8ZACBgacTfx7dkbTCv,Oceanside,aural,Oceanside,2025-05-09,42,147000,https://open.spotify.com/track/4kjM8ZACBgacTfx7dkbTCv,happy
1JgucUB0G1hK9PBbrg9UJT,Summer Of Love,"James Carter, Leony, Sam Fischer",Summer Of Love,2024-07-19,41,123870,https://open.spotify.com/track/1JgucUB0G1hK9PBbrg9UJT,happy
7iK7y2VeYKs3fo5hUZKl7e,By My Side,NORRA,By My Side,2025-07-25,41,129800,https://open.spotify.com/track/7iK7y2VeYKs3fo5hUZKl7e,happy
2uBB8rFmizZhxGyIXcW9q5,Quilt,"birø, CEDU",Quilt,2025-08-29,38,168484,https://open.spotify.com/track/2uBB8rFmizZhxGyIXcW9q5,happy
4295c18ZjUelQNGXYfiU20,Hurt so Good,ODBLU,Hurt so Good,2025-06-27,40,161112,https://open.spotify.com/track/4295c18ZjUelQNGXYfiU20,happy
5TYMfTsBChRmVRDPvjhWVQ,West Coast,Courtney Storm,West Coast,2025-05-30,53,227575,https://open.spotify.com/track/5TYMfTsBChRmVRDPvjhWVQ,happy
2EMqRLSOY0e1h4X4DZUL7c,Fragments,"Ruffnux, RAEYA",Fragments,2025-08-22,41,159360,https://open.spotify.com/track/2EMqRLSOY0e1h4X4DZUL7c,happy
0sM0GFRsnoSeYJ5SQHi2LD,Lost in Spain,"Don Gianni, Donner",Lost in Spain,2025-08-08,39,145454,https://open.spotify.com/track/0sM0GFRsnoSeYJ5SQHi2LD,happy
4LOkIJf1OiBjvfL1rOekC3,Dreamgaze,noetic,Dreamgaze,2025-08-22,37,128030,https://open.spotify.com/track/4LOkIJf1OiBjvfL1rOekC3,happy
2aGlek4XOctFIJf9iJ3ls2,With Me,"Con's Universe, Sky Garden",With Me,2025-08-22,36,280000,https://open.spotify.com/track/2aGlek4XOctFIJf9iJ3ls2,happy
0ymWhuInsbpGzRpmbx5GEH,Breathing,Nick Raff,Breathing,2025-07-25,36,162295,https://open.spotify.com/track/0ymWhuInsbpGzRpmbx5GEH,happy
5hz0k2dAqlB8xkiRw4tpmJ,Heavy - Chill Mix,"LuvLess, Freddie Mudge",Heavy (Chill Mix),2025-07-25,38,206060,https://open.spotify.com/track/5hz0k2dAqlB8xkiRw4tpmJ,happy
12ylNuVulgoyWAwsfcVTtz,Best Part,DMASSO,Best Part,2025-06-13,48,214634,https://open.spotify.com/track/12ylNuVulgoyWAwsfcVTtz,happy
67s3ED3afzswBDDCDjJxWp,Close,"MVCA, HAPPIE",Close,2025-07-11,42,188394,https://open.spotify.com/track/67s3ED3afzswBDDCDjJxWp,happy
33ljt9tVhlLy9K8Kmg1xA3,Into the Night,"nømad, Donner, Horxata",Into the Night,2025-07-04,40,134880,https://open.spotify.com/track/33ljt9tVhlLy9K8Kmg1xA3,happy
5ZZtfkpgLJMJrJ37HLH7f1,Serene,HAK3N,Serene,2025-06-20,39,139393,https://open.spotify.com/track/5ZZtfkpgLJMJrJ37HLH7f1,happy
3CBHggiw7fysM2BqUbxPtz,Imagine,Freddie Mudge,Imagine,2025-05-09,36,195000,https://open.spotify.com/track/3CBHggiw7fysM2BqUbxPtz,happy
2T2T4wXYJUW4wRj8fPkeq2,Worlds Apart,LIKETHIS,Worlds Apart,2025-07-11,35,228598,https://open.spotify.com/track/2T2T4wXYJUW4wRj8fPkeq2,happy
6W0iC6U7Fj3yAWMVfr2YaO,Home (Baba),Jörd,Home (Baba),2025-06-27,40,191969,https://open.spotify.com/track/6W0iC6U7Fj3yAWMVfr2YaO,happy
6lFQL7wcWMEKlmLY352af5,Sunset (feat. Ima Sobé),"Thunder, Ima Sobé",Sunset (feat. Ima Sobé),2025-07-04,42,144677,https://open.spotify.com/track/6lFQL7wcWMEKlmLY352af5,happy
4Mwi08F9DlQv2DNkWTvPaX,Hiraya,Isam Hadjih,Hiraya,2025-08-01,34,214242,https://open.spotify.com/track/4Mwi08F9DlQv2DNkWTvPaX,happy
7Mc3Kw7tiiPIenUdWTnbqz,Wide Awake,"Ruffnux, bailey",LUMINANCE,2025-05-16,39,150005,https://open.spotify.com/track/7Mc3Kw7tiiPIenUdWTnbqz,happy
7a4bKny83HB9T3J5eKq5Zu,Beacon,Rowland Giles,Beacon,2025-06-13,36,255420,https://open.spotify.com/track/7a4bKny83HB9T3J5eKq5Zu,happy
5b3czSy5FS2knlh8LIGszG,Revive,"Deagon, MØØNE",Revive,2025-08-08,40,225454,https://open.spotify.com/track/5b3czSy5FS2knlh8LIGszG,happy
1YWjU3cZwoyBCYQhxFOBeJ,Slow Motion,"Exit Coda, Jennisan",Slow Motion,2025-08-22,40,233333,https://open.spotify.com/track/1YWjU3cZwoyBCYQhxFOBeJ,happy
4Fo2MZX7SpBlwGEJx1IGtd,Hold The Key,"Lys, Joel Winterflood",Hold The Key,2025-04-25,39,191060,https://open.spotify.com/track/4Fo2MZX7SpBlwGEJx1IGtd,happy
6bV1Khv3vXfFVBCHoUMZUY,Bloom,Vikram Dhakal,Bloom,2025-08-29,34,168484,https://open.spotify.com/track/6bV1Khv3vXfFVBCHoUMZUY,happy
70O3Jp4ikmGybskiEx4Pi3,Meant For You,"TMPST, Maynørr, Bridges",Meant For You,2025-06-20,38,197194,https://open.spotify.com/track/70O3Jp4ikmGybskiEx4Pi3,happy
0mLyFethGveR05h3yDyvBj,Lights Away,Winter Kid,Lights Away,2025-07-04,36,193030,https://open.spotify.com/track/0mLyFethGveR05h3yDyvBj,happy
2wa7FoFXMz71V7TwyrgF7v,Sad Makes Me Happy,"Kölsch, Bonn",KINEMA,2025-10-17,45,284516,https://open.spotify.com/track/2wa7FoFXMz71V7TwyrgF7v,happy
0tiWnEDEP2tGoroIaJiki2,Over Now,"Jonah Sky, DEAN",Over Now,2025-06-06,39,162727,https://open.spotify.com/track/0tiWnEDEP2tGoroIaJiki2,happy
24CyOLAkytGcZinvT2AyBC,Water,"Dalvay, Ren Ocean",Water,2025-06-11,0,189393,https://open.spotify.com/track/24CyOLAkytGcZinvT2AyBC,happy
4oQYtbsHz7RjRcs9V9oPEo,Heavy,"LuvLess, Freddie Mudge",Heavy,2025-06-27,35,210303,https://open.spotify.com/track/4oQYtbsHz7RjRcs9V9oPEo,happy
3Ur1HCCOqVVNANyPmEQ5iO,Feel - Joezi Remix,"Avi Snow, MVCA, Zeeba, Joezi",Feel (Remixes),2025-07-18,52,191219,https://open.spotify.com/track/3Ur1HCCOqVVNANyPmEQ5iO,happy
4JHLMynVGOV4PTkqtIWY78,Hold Me,four30,Hold Me,2025-07-11,39,155409,https://open.spotify.com/track/4JHLMynVGOV4PTkqtIWY78,happy
3n4rTSYgw074n03jo0V6CP,Only You,"Avi Snow, LVAN, No/Me",Only You,2025-02-21,46,181826,https://open.spotify.com/track/3n4rTSYgw074n03jo0V6CP,happy
5F3Sh7r8qlgFOIeE6o5jCl,Heartbeat,"Rromarin, Hii Spirits",Heartbeat,2025-06-06,41,214346,https://open.spotify.com/track/5F3Sh7r8qlgFOIeE6o5jCl,happy
7hcldMED72sE2XCGOpy90q,Save My Soul,"Freyer, Joel Winterflood",Save My Soul,2025-05-16,34,178536,https://open.spotify.com/track/7hcldMED72sE2XCGOpy90q,happy
7dOXnJ7QqsWMYPfSfkYaL9,Bloom,"birø, Skyknock",Bloom,2025-06-20,35,212323,https://open.spotify.com/track/7dOXnJ7QqsWMYPfSfkYaL9,happy
0uz7gY8pdvz0cm063f2OVS,Know Who You Are,"San Mateo Drive, Ren Ocean",Know Who You Are,2025-06-06,35,192786,https://open.spotify.com/track/0uz7gY8pdvz0cm063f2OVS,happy
6KdDvsMteZv61uwKFwcVun,End Scene,"RAVILLE, Luxe Agoris",End Scene,2025-05-23,39,194262,https://open.spotify.com/track/6KdDvsMteZv61uwKFwcVun,happy
3XnGkmaMnX5yLokPdDcQi5,Never Far,HAK3N,Never Far,2025-07-25,39,150909,https://open.spotify.com/track/3XnGkmaMnX5yLokPdDcQi5,happy
31YSuadkIl4xznR2GnGY2X,Far From Nothing,"Fløa, Seawayz",Far From Nothing,2025-07-18,34,172878,https://open.spotify.com/track/31YSuadkIl4xznR2GnGY2X,happy
1pJ1HtnePT6OBYx62wLvcD,The Coast,bailey,The Coast,2025-04-18,40,196125,https://open.spotify.com/track/1pJ1HtnePT6OBYx62wLvcD,happy
5X2hvBLLk9nPbSWsoy17TL,Leave Me,secondsun,Leave Me,2024-11-15,34,183840,https://open.spotify.com/track/5X2hvBLLk9nPbSWsoy17TL,happy
2dRQgMNbbjblVd6zJVGBxR,Vertigo,"ItsArius, Lynnic, ARI.",Vertigo,2025-05-30,48,157620,https://open.spotify.com/track/2dRQgMNbbjblVd6zJVGBxR,happy
3r9Zd5e6gptaX0LF1hGlUl,one thing,"offrails, Jonny Kings",one thing,2025-06-20,35,147575,https://open.spotify.com/track/3r9Zd5e6gptaX0LF1hGlUl,happy
5s7KszYX1mfvpKA7XCMvfw,Not Giving You Up,Rules,Not Giving You Up,2024-03-15,61,172939,https://open.spotify.com/track/5s7KszYX1mfvpKA7XCMvfw,happy
72wAXN8FFG7daJ2Pc9GKUZ,One for Me,Retrac,One for Me,2024-07-05,35,182874,https://open.spotify.com/track/72wAXN8FFG7daJ2Pc9GKUZ,happy
5rUH1C6qV9yob39mHRjXMF,Silver Lining,Matrx,Silver Lining,2025-05-09,41,205573,https://open.spotify.com/track/5rUH1C6qV9yob39mHRjXMF,happy
0SANWT6WZgajOViFe0EkCO,The Chase,Emmit Fenn,"The Last Dance, Pt 2",2022-03-24,65,193608,https://open.spotify.com/track/0SANWT6WZgajOViFe0EkCO,happy
2NmWAeQQl0EKYhmsM3xh1Z,Lost,Isam Hadjih,Lost,2025-06-13,37,149848,https://open.spotify.com/track/2NmWAeQQl0EKYhmsM3xh1Z,happy
1kDqGWSeR27gWaMouyXD0C,Chihiro,Gravagerz,Chihiro,2024-07-26,66,128575,https://open.spotify.com/track/1kDqGWSeR27gWaMouyXD0C,happy
5AlibHgdNyyQVLNHTtX5Ok,Holding On,Jörd,Holding On,2025-05-30,35,192727,https://open.spotify.com/track/5AlibHgdNyyQVLNHTtX5Ok,happy
3BViioPyfENAfJdk8TpXB1,Too Close,"Duce, terro",Too Close,2025-05-30,43,175514,https://open.spotify.com/track/3BViioPyfENAfJdk8TpXB1,happy
1NQUgWcX2vMqHaXTCbzIQ9,Only You,KATERINA X,Only You,2025-06-13,33,214848,https://open.spotify.com/track/1NQUgWcX2vMqHaXTCbzIQ9,happy
34k4uSdmi0U1AIQY21rTYD,Galaxies,noetic,Galaxies,2025-08-08,33,132575,https://open.spotify.com/track/34k4uSdmi0U1AIQY21rTYD,happy
5xl0p7WkEry8QAOxTs28kY,Wildflowers,"Zimmer, Panama",Zimmer,2019-09-27,58,217986,https://open.spotify.com/track/5xl0p7WkEry8QAOxTs28kY,happy
14FyxeGXCmzKJO5Mz9Gil5,With Me,"New Dawn, Ren Ocean",With Me,2025-05-16,32,164848,https://open.spotify.com/track/14FyxeGXCmzKJO5Mz9Gil5,happy
0FtrhaT95UcFH9VCiKh4G2,Always,"Colin Stauber, YVMV",Always,2025-07-04,37,128483,https://open.spotify.com/track/0FtrhaT95UcFH9VCiKh4G2,happy
1ICrcCa1wdOwEuJB6UxkoH,Without U,LuvLess,Without U,2025-04-18,40,209752,https://open.spotify.com/track/1ICrcCa1wdOwEuJB6UxkoH,happy
5QabywJSBTDKDXTRf2NKiK,Get Me By,DEAN,Get Me By,2025-04-25,36,150151,https://open.spotify.com/track/5QabywJSBTDKDXTRf2NKiK,happy
1ZmY83uBdgFbFSoJl37mdm,Where You Want to Go,Matrx,Where You Want to Go,2025-04-11,37,208524,https://open.spotify.com/track/1ZmY83uBdgFbFSoJl37mdm,happy
1n5Xfoc0bUeZgfO3elCv7y,Let Go,"Banyan, Jyll",Let Go,2025-02-21,43,204500,https://open.spotify.com/track/1n5Xfoc0bUeZgfO3elCv7y,happy
0erFMrDuaEjyzLcZWeJ7FU,Bon Voyage,"Alastair Lane, VONFELT",Bon Voyage,2025-03-21,49,130302,https://open.spotify.com/track/0erFMrDuaEjyzLcZWeJ7FU,happy
31jG5tVhMaxukKU4SHQkaK,Unbroken,Isam Hadjih,Unbroken,2025-05-02,36,199393,https://open.spotify.com/track/31jG5tVhMaxukKU4SHQkaK,happy
4k5kqfOTgicc6CPwykZYW9,Gimme Some Time,Warren,Gimme Some Time,2025-07-18,35,187878,https://open.spotify.com/track/4k5kqfOTgicc6CPwykZYW9,happy
5fbbmByDHyc65qietqLMvZ,More than you could give,"MVCA, Afnan Prince",More than you could give,2025-02-28,34,213000,https://open.spotify.com/track/5fbbmByDHyc65qietqLMvZ,happy
7wh32aDLau9s6rtNLF8U6M,meadowlark,cypress,meadowlark,2025-03-21,37,280386,https://open.spotify.com/track/7wh32aDLau9s6rtNLF8U6M,happy
2fzSQnRwhGJ5DveJXbx7gL,Roman d'Amour - Midnight Version,"Alastair Lane, Sarah Degny",Roman d’Amour (Midnight Version),2025-09-05,47,211818,https://open.spotify.com/track/2fzSQnRwhGJ5DveJXbx7gL,happy
3sZQxpncC7jfRRMYKrhwR7,Moss,Jörd,Moss,2025-05-02,36,160000,https://open.spotify.com/track/3sZQxpncC7jfRRMYKrhwR7,happy
7tIX4WYrF8ILhx5tPMsjrv,"A Moment, A Feeling","MVCA, ALBA","A Moment, A Feeling",2025-03-28,38,214545,https://open.spotify.com/track/7tIX4WYrF8ILhx5tPMsjrv,happy
4BIiC6k94so9Odloc8z4MR,Souls Not Bodies,Midnight Pass,Souls Not Bodies,2025-04-18,44,209500,https://open.spotify.com/track/4BIiC6k94so9Odloc8z4MR,happy
0Bv0ZNPOBilJZbQzFXxYq6,idoido,6sept,idoido,2024-12-27,36,168000,https://open.spotify.com/track/0Bv0ZNPOBilJZbQzFXxYq6,happy
0bPqqPGdE9VpXbdy8Uu8aw,Intuition,rshand,Intuition,2024-12-20,33,180000,https://open.spotify.com/track/0bPqqPGdE9VpXbdy8Uu8aw,happy
7DQ8QCkHfLLPILmDnQCvzG,Pieces,"BangLoud, maybealice",Pieces,2024-09-13,35,156515,https://open.spotify.com/track/7DQ8QCkHfLLPILmDnQCvzG,happy
4lWgpTdWxVRwJhcZOW1mIJ,Take Your Time (With Me),Tim Enso,Take Your Time (With Me),2025-03-14,34,154090,https://open.spotify.com/track/4lWgpTdWxVRwJhcZOW1mIJ,happy
2qJ5obUM6nT14akQgHVnxO,Wanna Feel Like It's Summer,Cordeliers,Wanna Feel Like It's Summer,2025-04-25,32,152195,https://open.spotify.com/track/2qJ5obUM6nT14akQgHVnxO,happy
19Oh3XgCWMvtIpad8vnlpE,Where Did You Go - 6am Mix,"VisionV, Hyzteria, sadHAPPY",Where Did You Go (6am Mix),2025-01-10,47,178181,https://open.spotify.com/track/19Oh3XgCWMvtIpad8vnlpE,happy
02UJTXQ9pMvR4qR6uqzfoP,Salt,HNE,Salt,2025-02-21,41,153939,https://open.spotify.com/track/02UJTXQ9pMvR4qR6uqzfoP,happy
3rLAnT2aVrXCOYv1J94fsi,Nine Months,REMY QUINN,Nine Months,2025-07-18,35,183636,https://open.spotify.com/track/3rLAnT2aVrXCOYv1J94fsi,happy
3G9MXFijXiqbZGNAuNfOUs,Afterlife - Chilled Mix,Coldabank,Afterlife (Chilled Mix),2020-05-08,45,209491,https://open.spotify.com/track/3G9MXFijXiqbZGNAuNfOUs,happy
26Z7mzgl5CgJgeGP1KatB1,Savannah,"Thunder, Afnan Prince",Savannah,2025-03-07,36,130909,https://open.spotify.com/track/26Z7mzgl5CgJgeGP1KatB1,happy
1azdBzcavwLsZkSJb31Tuj,Surrender,"Banyan, Afnan Prince",Surrender,2025-04-04,38,172000,https://open.spotify.com/track/1azdBzcavwLsZkSJb31Tuj,happy
6kHPuKw7abXUafQbebJktb,Unwritten,Luxe Agoris,Unwritten,2025-04-11,29,150720,https://open.spotify.com/track/6kHPuKw7abXUafQbebJktb,happy
2JN7MPbI8fFKVsnqJ8FrGV,Underwater,"Alex Pich, Dmitry Karev",Underwater,2025-03-28,32,219393,https://open.spotify.com/track/2JN7MPbI8fFKVsnqJ8FrGV,happy
35UGzK4xwDP6HUhcDJ24IJ,Waiting For Signs,"Ruffnux, Fractures",Waiting For Signs,2025-03-14,36,158608,https://open.spotify.com/track/35UGzK4xwDP6HUhcDJ24IJ,happy
6mY6RNbki7JSim5ITmztYV,Can't Face It,Rowland Giles,Can't Face It,2025-04-04,39,225606,https://open.spotify.com/track/6mY6RNbki7JSim5ITmztYV,happy
378c4bnvmnfAoMTSIOveDX,Satisfied - Edit,Catching Flies,Silver Linings,2019-07-05,57,223336,https://open.spotify.com/track/378c4bnvmnfAoMTSIOveDX,happy
00hqPI4PiLsz8dHs86Hz5i,Back to You,"Ruffnux, RAEYA",Back to You,2025-04-11,36,148000,https://open.spotify.com/track/00hqPI4PiLsz8dHs86Hz5i,happy
4wDLESPxtKUMvWWEzBFxW5,Raining,"terro, Eijk, Courtney Storm",Raining,2025-03-14,45,181016,https://open.spotify.com/track/4wDLESPxtKUMvWWEzBFxW5,happy
1qnnYYVn4zEJgfLvZvq1H6,Dreaming In The Sky,"Duce, LuvLess",Dreaming In The Sky,2025-02-07,42,178808,https://open.spotify.com/track/1qnnYYVn4zEJgfLvZvq1H6,happy
6OQtz7LGwya9AWut8nPf80,Castle in the Sky,ALBA,Castle in the Sky,2025-02-28,28,205000,https://open.spotify.com/track/6OQtz7LGwya9AWut8nPf80,happy
5C4gq1xa0cQc7H5dY44ZBY,Begin Again,"Duce, Yasmin Jane, JEANS",Begin Again,2025-03-28,41,172272,https://open.spotify.com/track/5C4gq1xa0cQc7H5dY44ZBY,happy
234TDvvPYxHtej1xkbxQzj,Reverie,"Foxela, MRYN",Reverie,2025-03-28,30,160000,https://open.spotify.com/track/234TDvvPYxHtej1xkbxQzj,happy
3VT3djIHjCMNKCrVmjViwH,You and I,noetic,You and I,2025-04-25,34,152000,https://open.spotify.com/track/3VT3djIHjCMNKCrVmjViwH,happy
5tOnvNzRUykrAbvb2heDWb,That's Alright,"San Mateo Drive, Jake Neumar",That's Alright,2025-04-04,35,164242,https://open.spotify.com/track/5tOnvNzRUykrAbvb2heDWb,happy
6kPY8VNhjidD1hwnREQPRO,Middle,bailey,Middle,2025-03-21,37,185409,https://open.spotify.com/track/6kPY8VNhjidD1hwnREQPRO,happy
13mgcv0WPkbNKH1TOt024p,Talk with Me,Klama,Talk with Me,2025-02-21,33,195203,https://open.spotify.com/track/13mgcv0WPkbNKH1TOt024p,happy
5FL6rQZJkTdMbn0qlLNhRR,Diamonds,noetic,Diamonds,2025-07-11,36,130453,https://open.spotify.com/track/5FL6rQZJkTdMbn0qlLNhRR,happy
5ELpjGckYnLXXtKlmAxaBN,Better Than Nothing,"James Carter, Keanler, Malou",Better Than Nothing,2024-12-20,35,180662,https://open.spotify.com/track/5ELpjGckYnLXXtKlmAxaBN,happy
1es4TX6e0gPEm80NGoDiFV,Breathe,LuvLess,Breathe,2025-03-21,36,204848,https://open.spotify.com/track/1es4TX6e0gPEm80NGoDiFV,happy
07Mxu21oLznRItoo3WCVWB,Solong,KAAJO,Solong,2024-07-05,34,155520,https://open.spotify.com/track/07Mxu21oLznRItoo3WCVWB,happy
12DHjn3YI1Nu6d3zm3vfe3,Feel You Right There,"Jako Diaz, OMERGY, Josiah Nichols",Feel You Right There,2025-06-13,34,185454,https://open.spotify.com/track/12DHjn3YI1Nu6d3zm3vfe3,happy
0TdPfmZ2ZJGwNXXembBO0T,Body 2 Body - 6am Remix,"MK, KC Lights",Body 2 Body (Remixes),2019-06-01,46,239617,https://open.spotify.com/track/0TdPfmZ2ZJGwNXXembBO0T,happy
0H3GBkjQdcX6bbcw1EtpSN,This Sunset,"Ruffnux, NEIMY",This Sunset,2025-02-14,42,152000,https://open.spotify.com/track/0H3GBkjQdcX6bbcw1EtpSN,happy
7j8jE8iilAiyz5HhwtSHOn,Losing My Mind,Jörd,Losing My Mind,2025-03-21,33,182727,https://open.spotify.com/track/7j8jE8iilAiyz5HhwtSHOn,happy
24IEGudSMPFjk1U7klc4zp,Saturday Morning,Rules,Saturday Morning,2023-08-11,62,160487,https://open.spotify.com/track/24IEGudSMPFjk1U7klc4zp,happy
6soGIjJ2szElqSh74z4RuX,Healing,bailey,Healing,2025-02-14,39,204500,https://open.spotify.com/track/6soGIjJ2szElqSh74z4RuX,happy
38cKsiV1LXky5Ix2cDUEw5,Can't Hide It,MYND,Can't Hide It,2025-03-07,31,137000,https://open.spotify.com/track/38cKsiV1LXky5Ix2cDUEw5,happy
33Q6yV1CVOkgeqKmtjnWUE,Bittersweet,"Audien, Shallou, Rosie Darling",Bittersweet,2025-01-24,53,212000,https://open.spotify.com/track/33Q6yV1CVOkgeqKmtjnWUE,happy
5yVhe3a6r111Wp89XXqLIx,Love,w.ill,Love,2025-02-07,33,229049,https://open.spotify.com/track/5yVhe3a6r111Wp89XXqLIx,happy
1xkuVT4MG9Rwa1V8dbyaqh,Black & Blue,"LEVII, KING LX",Black & Blue,2025-02-14,37,195812,https://open.spotify.com/track/1xkuVT4MG9Rwa1V8dbyaqh,happy
58BhogFr4CD4FFxbBHiooA,Feel - Tamir Regev Remix,"Avi Snow, MVCA, Zeeba, Tamir Regev",Feel (Remixes),2025-07-18,31,183536,https://open.spotify.com/track/58BhogFr4CD4FFxbBHiooA,happy
0me8Ne3ehIX45CPraIXKMi,Road Less Wandered,bailey,Road Less Wandered,2025-01-10,38,168403,https://open.spotify.com/track/0me8Ne3ehIX45CPraIXKMi,happy
33yjtR3eCS6gv594bPDn7q,Somebody,Slowtide,Somebody,2024-12-11,50,189056,https://open.spotify.com/track/33yjtR3eCS6gv594bPDn7q,happy
294pvA3W5BonubTJnNfJWD,Duskfall,Daww,Duskfall,2025-02-28,30,232463,https://open.spotify.com/track/294pvA3W5BonubTJnNfJWD,happy
04kGR7jjWKNFmh4ymVBUg9,wild for the night,Dominic Neill,wild for the night,2025-01-10,41,171515,https://open.spotify.com/track/04kGR7jjWKNFmh4ymVBUg9,happy
2HrlCmnbFzWHmGNepwQnnC,Shiver,bailey,Shiver,2024-11-22,31,177096,https://open.spotify.com/track/2HrlCmnbFzWHmGNepwQnnC,happy
2bIZx2drMfM3IeyfqceJsf,Spaces,"heylucas, Nina Carr",Spaces,2024-11-01,48,177600,https://open.spotify.com/track/2bIZx2drMfM3IeyfqceJsf,happy
2LHPofp1WnwMXtwaaoO9TV,Summer,noetic,Summer,2025-05-23,37,162000,https://open.spotify.com/track/2LHPofp1WnwMXtwaaoO9TV,happy
3ySbRH7UciZ2XVn66O6Jns,Let You Know,"MVRØ, Nerve",Let You Know,2025-01-10,30,159193,https://open.spotify.com/track/3ySbRH7UciZ2XVn66O6Jns,happy
2vbowqxq07MzA9tAnJHe4N,Holding You,Matrx,Holding You,2025-03-07,32,195245,https://open.spotify.com/track/2vbowqxq07MzA9tAnJHe4N,happy
276FkJLreObBSwXh1PXgFc,Let It Go,"Refeci, Ren Ocean",Let It Go,2025-01-03,39,178442,https://open.spotify.com/track/276FkJLreObBSwXh1PXgFc,happy
0igO6Yw1LWAoCLUpPcbPlc,Criminal,ALBA,Criminal,2025-01-24,35,195710,https://open.spotify.com/track/0igO6Yw1LWAoCLUpPcbPlc,happy
7zybSU9tFO9HNlwmGF7stc,Sunset Drive,Stereoclip,Echoes,2021-11-26,58,234300,https://open.spotify.com/track/7zybSU9tFO9HNlwmGF7stc,happy
0naSOB1o1Co9dFQsPH1vvZ,I Don't Wanna Go,Cordeliers,I Don't Wanna Go,2025-02-28,33,180983,https://open.spotify.com/track/0naSOB1o1Co9dFQsPH1vvZ,happy
3iHfTiU67hOErucVUmCQ7i,Honest,Midnight Pass,Honest,2025-01-24,46,198000,https://open.spotify.com/track/3iHfTiU67hOErucVUmCQ7i,happy
2ucm1brD24VcDHW8e31mLd,itoldyou,6sept,itoldyou,2025-01-17,33,152000,https://open.spotify.com/track/2ucm1brD24VcDHW8e31mLd,happy
4GojOaaXHYF8sX4u4jLjYJ,Forget You (feat. BARBZ),"Alok, James Carter, BARBZ",Forget You (feat. BARBZ),2025-07-25,52,166615,https://open.spotify.com/track/4GojOaaXHYF8sX4u4jLjYJ,happy
41eDf04A3U501HKXX1zwKQ,Lost In Reverie,Abov,Lost In Reverie,2025-01-17,30,147424,https://open.spotify.com/track/41eDf04A3U501HKXX1zwKQ,happy
0UdWJUzZoenu4V03q2luZ6,First Breath,Stendahl,First Breath,2025-04-04,44,179937,https://open.spotify.com/track/0UdWJUzZoenu4V03q2luZ6,happy
5a5WypDvabcuNUEt6krhoO,Floating,"Isam Hadjih, soleil",Floating,2025-01-31,34,207149,https://open.spotify.com/track/5a5WypDvabcuNUEt6krhoO,happy
4DxpIvvjgpaZDhoHwlfaY1,Echo,"Lynnic, ItsArius, Dinia",Echo,2023-07-07,52,166935,https://open.spotify.com/track/4DxpIvvjgpaZDhoHwlfaY1,happy
1fVQmMgrOUnrh8KgndKGzP,Roman d'Amour,"Alastair Lane, Sarah Degny",Roman d'Amour,2024-01-05,61,171173,https://open.spotify.com/track/1fVQmMgrOUnrh8KgndKGzP,happy
5EPuFK1AEclLSniaU3wZmi,Back To Me,"Luxe Agoris, Zep Tepi, maybealice",Back To Me,2025-01-24,31,174193,https://open.spotify.com/track/5EPuFK1AEclLSniaU3wZmi,happy
4y7G1DJnVkOKLZQfTWN6JX,Wake Up,edapollo,EXPRESSIONS,2024-11-06,50,148660,https://open.spotify.com/track/4y7G1DJnVkOKLZQfTWN6JX,happy
0LPPHLgCfYeDsjRH5YE727,One Step at a Time,"Ruffnux, sunsett.",One Step at a Time,2025-01-17,36,161652,https://open.spotify.com/track/0LPPHLgCfYeDsjRH5YE727,happy
6qG5GRLvLtpT7uajaQO8UO,Call You Mine,HNE,Call You Mine,2025-01-31,46,209696,https://open.spotify.com/track/6qG5GRLvLtpT7uajaQO8UO,happy
70VjLIOJ7gLGVtD3GFqucT,Love Turn Round,LuvLess,Love Turn Round,2025-01-03,33,178787,https://open.spotify.com/track/70VjLIOJ7gLGVtD3GFqucT,happy
1DRLIUG8HFTBfJOFYaByZn,FORMATIONS,Mild Minds,MOOD,2020-03-13,63,177089,https://open.spotify.com/track/1DRLIUG8HFTBfJOFYaByZn,happy
7rlvFPhpnvRjpEyol2mOlD,Honest,"Going Deeper, Higher Lane, HI MOTIVE, Dallien",Honest,2025-10-31,36,174193,https://open.spotify.com/track/7rlvFPhpnvRjpEyol2mOlD,happy
3b589i3VEOsWJRNdOdWDsK,DEVOTION,Mild Minds,DEVOTION,2022-07-26,53,231978,https://open.spotify.com/track/3b589i3VEOsWJRNdOdWDsK,happy
5GG9LVspwfC7Sr5KfYJKUY,Elevates Me,offrails,Elevates Me,2025-01-17,29,137186,https://open.spotify.com/track/5GG9LVspwfC7Sr5KfYJKUY,happy
4xLESO1mdVPCnZ7uIxcbUZ,Can't Let Go,"NÆSH, DENNY",Can't Let Go,2025-02-07,30,215757,https://open.spotify.com/track/4xLESO1mdVPCnZ7uIxcbUZ,happy
6vd9urC1TcFoePdResHVgM,Synchronized,Thunder,Synchronized,2024-12-06,32,110909,https://open.spotify.com/track/6vd9urC1TcFoePdResHVgM,happy
39ApO75jBG1tTyL9958Bdd,just listen..,heylucas,just listen..,2024-12-06,48,200273,https://open.spotify.com/track/39ApO75jBG1tTyL9958Bdd,happy
0VLaaS481wSlMnf6UEQnJM,Run,NORRA,Run,2022-09-23,0,191420,https://open.spotify.com/track/0VLaaS481wSlMnf6UEQnJM,happy
63MPr68I0hKPrTlxCrqJUM,Weightless,MXV,Weightless,2025-04-18,34,196004,https://open.spotify.com/track/63MPr68I0hKPrTlxCrqJUM,happy
1vQTW8TRwxNo5I3xMs7Q5p,December,CARMA,December (When The Week Ends),2024-11-29,30,179242,https://open.spotify.com/track/1vQTW8TRwxNo5I3xMs7Q5p,happy
5Fh0XRNszc3PXhBXDDJiOB,Hollow,Last Sun,Hollow,2025-04-11,26,209545,https://open.spotify.com/track/5Fh0XRNszc3PXhBXDDJiOB,happy
0NlKIr7MKHjHvKSFj3cBt5,Losing Control,"Alastair Lane, MEA",Losing Control,2025-01-24,34,188333,https://open.spotify.com/track/0NlKIr7MKHjHvKSFj3cBt5,happy
0divWrAf5awgfmCGyWhZ3j,3 Days Later,"Adam Ten, Rhye",3 Days Later,2024-09-05,59,333658,https://open.spotify.com/track/0divWrAf5awgfmCGyWhZ3j,happy
5oOxCAU058sCv4S7JiynSR,Gaslight,"Banaati, artie.",Gaslight,2024-12-13,37,242033,https://open.spotify.com/track/5oOxCAU058sCv4S7JiynSR,happy
68hMOJHiI9NPoN5V7vSFJk,Paper Plane,"Thunder, ODBLU",Paper Plane,2025-01-03,40,148000,https://open.spotify.com/track/68hMOJHiI9NPoN5V7vSFJk,happy
1CFdUGloLamm7JvrvSNbD4,Navy Blue,"Freddie Mudge, colormeblue.",Navy Blue,2025-02-14,31,181212,https://open.spotify.com/track/1CFdUGloLamm7JvrvSNbD4,happy
3EcjAoYHzy5nOWLncMf7zE,Calling,"EMBRZ, Forester, Heather Janssen",Calling,2024-07-25,40,208344,https://open.spotify.com/track/3EcjAoYHzy5nOWLncMf7zE,happy
3UASSZOaOTRm5iZ8DACFIO,Take Me Deeper,"Ruffnux, RAEYA",Take Me Deeper,2024-11-29,36,152000,https://open.spotify.com/track/3UASSZOaOTRm5iZ8DACFIO,happy
4C0WR6TVXbJpD2SyzEygWd,Go,rshand,Go,2024-11-22,30,137419,https://open.spotify.com/track/4C0WR6TVXbJpD2SyzEygWd,happy
7iWVx8lI5XeJiTn6BwHsRA,True,"edapollo, Shallou",EXPRESSIONS,2024-11-06,51,183774,https://open.spotify.com/track/7iWVx8lI5XeJiTn6BwHsRA,happy
4nQSEeDJW8GMKMbGF8p8fF,Don't Let Me Down,Jörd,Don't Let Me Down,2025-01-31,33,213333,https://open.spotify.com/track/4nQSEeDJW8GMKMbGF8p8fF,happy
7LKv3rZaSG2YJ1sopzDcJp,Want,Areo,Want,2024-11-29,35,207727,https://open.spotify.com/track/7LKv3rZaSG2YJ1sopzDcJp,happy
6V9azBbi4eDK5mPQc7KVaI,Heartburn,"Panama, Vandelux",Heartburn,2024-04-12,40,221707,https://open.spotify.com/track/6V9azBbi4eDK5mPQc7KVaI,happy
2G7ithtyKQzFZ9U8htrXa8,Closure,"Banyan, Mondingo",Closure,2024-11-29,34,226829,https://open.spotify.com/track/2G7ithtyKQzFZ9U8htrXa8,happy
6GI2fwuJdcmrJ76QqgWszy,Lost Paradise,aiden,Lost Paradise,2024-12-06,32,164000,https://open.spotify.com/track/6GI2fwuJdcmrJ76QqgWszy,happy
0Fgx02YD04Ud5Pjvo1WdC3,Eclipse,Papilløn,Eclipse,2024-11-08,29,178560,https://open.spotify.com/track/0Fgx02YD04Ud5Pjvo1WdC3,happy
0rTpvwpRT7D2ddwjiptU2K,What I Need,"Avi Snow, LVAN, Sif Saga",What I Need,2023-09-15,50,161803,https://open.spotify.com/track/0rTpvwpRT7D2ddwjiptU2K,happy
2rdVBXx6u1ANrQUWhadlIF,Wonder,Cordeliers,Wonder,2024-12-13,32,163902,https://open.spotify.com/track/2rdVBXx6u1ANrQUWhadlIF,happy
4LPKtZI9Dbezc3GI3Z98V2,Tonight,"James Stefano, Audiotrip",Tonight,2025-04-11,27,181818,https://open.spotify.com/track/4LPKtZI9Dbezc3GI3Z98V2,happy
6oauAOe43OlnRBA9BusvSu,Gun - Chill Edit,"LEVII, Panuma, ODBLU",Gun (Chill Edit),2024-10-11,36,146557,https://open.spotify.com/track/6oauAOe43OlnRBA9BusvSu,happy
3CNzFn5Cc4NUpOCM3TLdkV,To Be Free,Thunder,To Be Free,2024-10-04,32,152899,https://open.spotify.com/track/3CNzFn5Cc4NUpOCM3TLdkV,happy
4dLhgWfmZhcfqMY59N5k9v,Goodbye,TEKASAE,Goodbye,2024-11-01,31,219848,https://open.spotify.com/track/4dLhgWfmZhcfqMY59N5k9v,happy
7bjWhqgLNvYXN85L6eCN4C,Slow Down,"NÆSH, DENNY",Slow Down,2024-11-01,29,187272,https://open.spotify.com/track/7bjWhqgLNvYXN85L6eCN4C,happy
26WJI9BKa4Mhi8eRxQwzgZ,Exhale,"Midnight Pass, Equanimous",Exhale,2024-04-12,34,202000,https://open.spotify.com/track/26WJI9BKa4Mhi8eRxQwzgZ,happy
2eZ45fidFMAlUHH7wAWrRv,Close My Eyes,Rules,Close My Eyes,2024-06-07,0,180166,https://open.spotify.com/track/2eZ45fidFMAlUHH7wAWrRv,happy
7FPVOa5i9lJeB8f3Jl7VXm,callme,6sept,callme,2024-11-08,32,156000,https://open.spotify.com/track/7FPVOa5i9lJeB8f3Jl7VXm,happy
0PvrtDBgRQ74ztSjaddIoR,Chasing Moonlight,"Ruffnux, Nattica",Chasing Moonlight,2024-10-18,40,158095,https://open.spotify.com/track/0PvrtDBgRQ74ztSjaddIoR,happy
3ZUbGRsTPyvdlJt91T4akw,All I Need,"Avi Snow, MVCA, Zeeba",All I Need,2023-07-28,39,146049,https://open.spotify.com/track/3ZUbGRsTPyvdlJt91T4akw,happy
3BXXFBcWJW3su1sodrywxL,Moonlight,Thunder,Moonlight,2022-07-01,47,127500,https://open.spotify.com/track/3BXXFBcWJW3su1sodrywxL,happy
2Pb8ajAXOrTel5U22tJzdP,Tell Me Now,Iskarelyn,Tell Me Now,2024-11-15,30,196363,https://open.spotify.com/track/2Pb8ajAXOrTel5U22tJzdP,happy
24dat5FuBrBOtXNcxygpny,Sleepwalking,"Refeci, maybealice",Sleepwalking,2024-11-01,31,170303,https://open.spotify.com/track/24dat5FuBrBOtXNcxygpny,happy
49MLHM8KIKEIzxEjPhiEIF,Aurora,Iskarelyn,Aurora,2025-01-17,37,198787,https://open.spotify.com/track/49MLHM8KIKEIzxEjPhiEIF,happy
1ShfKpLJ36nds13gOlNCUg,Missing You,Boston Bun,Missing You,2017-06-16,62,207265,https://open.spotify.com/track/1ShfKpLJ36nds13gOlNCUg,happy
6CE085UVgRr7Lzn2Fkio2O,Birds,AFTRHRS,Birds,2025-03-07,28,142777,https://open.spotify.com/track/6CE085UVgRr7Lzn2Fkio2O,happy
2cEVcPslk7RwcqDpLA6Mhu,Crave You,"Flight Facilities, Giselle",Down To Earth,2014-10-24,0,234776,https://open.spotify.com/track/2cEVcPslk7RwcqDpLA6Mhu,happy
67JgfUvDxKxC6faznlWLHX,Neverlasting,Oliver River,Neverlasting,2024-09-20,31,160661,https://open.spotify.com/track/67JgfUvDxKxC6faznlWLHX,happy
3he4a7CkAfO9XeMjTHEcGV,jara,aural,jara,2024-05-10,33,149000,https://open.spotify.com/track/3he4a7CkAfO9XeMjTHEcGV,happy
648tWKHqTb1jgcqmr6pHe0,More Than Friends,"Fake ID, JAIKO",More Than Friends,2024-10-18,29,206557,https://open.spotify.com/track/648tWKHqTb1jgcqmr6pHe0,happy
4LQz1EiZ1GuW4gii1gaQiq,Different Places,"MVCA, Nina Carr",Different Places,2024-09-06,32,168780,https://open.spotify.com/track/4LQz1EiZ1GuW4gii1gaQiq,happy
5dx305Glydlidj1Dp7amey,Everything I Had,"Ruffnux, sunsett.",Everything I Had,2024-08-23,35,158608,https://open.spotify.com/track/5dx305Glydlidj1Dp7amey,happy
33SyBnfjyUS9c8lvz6YOp8,All we ever wanted,"MVCA, SCHWARZ",All we ever wanted,2024-08-16,46,218000,https://open.spotify.com/track/33SyBnfjyUS9c8lvz6YOp8,happy
4GS3qJMrYhysBZLyTEvmAc,New Day,Tom Kha,New Day,2023-04-21,38,151475,https://open.spotify.com/track/4GS3qJMrYhysBZLyTEvmAc,happy
1kWGDlFvcKRDoPgscxc4rb,Open Waters,"MVCA, Avi Snow, maybealice",Open Waters,2024-05-17,39,172230,https://open.spotify.com/track/1kWGDlFvcKRDoPgscxc4rb,happy
254ovkt2YPJeMAHdvuz5oe,Calm,"Midnight Pass, Ruffnux",Calm,2024-07-12,44,198048,https://open.spotify.com/track/254ovkt2YPJeMAHdvuz5oe,happy
6bsqAKUCs6GU9MGGYDG0jr,Flora,aural,Flora,2024-06-14,30,146250,https://open.spotify.com/track/6bsqAKUCs6GU9MGGYDG0jr,happy
4KCuUouFL7xcPwLWHGFxmz,Pictures,LuvLess,Pictures,2024-01-26,29,170005,https://open.spotify.com/track/4KCuUouFL7xcPwLWHGFxmz,happy
6RPTHZcVYxopHeZ7QASqYR,Sunshine,Cordeliers,Sunshine,2024-10-18,30,175121,https://open.spotify.com/track/6RPTHZcVYxopHeZ7QASqYR,happy
2Rwv0yI6yPU2oG0suBMTUY,All for Nothing,Heard Right,All for Nothing,2024-01-19,29,202887,https://open.spotify.com/track/2Rwv0yI6yPU2oG0suBMTUY,happy
7bo3JSUUiiM9BfcZYtitpa,Can't Sleep,HAK3N,Can't Sleep,2023-09-22,34,147035,https://open.spotify.com/track/7bo3JSUUiiM9BfcZYtitpa,happy
70nsrUZey3SmJ6RE6FjGIw,Attraction,Tom Kha,Attraction,2023-06-30,32,135371,https://open.spotify.com/track/70nsrUZey3SmJ6RE6FjGIw,happy
6CkniPbmJTkXI6OR7C3or6,Not Too Late,Cordeliers,Not Too Late,2024-11-08,27,150743,https://open.spotify.com/track/6CkniPbmJTkXI6OR7C3or6,happy
6UoAg3Gv2I8PmNBThwZzek,Serotonin,"Banyan, Ruffnux",Serotonin,2023-06-23,35,162500,https://open.spotify.com/track/6UoAg3Gv2I8PmNBThwZzek,happy
4fxFHN27g2RNRQce2WJc2w,bora bora,aural,bora bora,2024-04-12,33,148000,https://open.spotify.com/track/4fxFHN27g2RNRQce2WJc2w,happy
2XacDb9ppJtdsl29hEl5vZ,Under the Stars.,"Misc.Inc, Oliver River",Under the Stars.,2024-04-12,36,166779,https://open.spotify.com/track/2XacDb9ppJtdsl29hEl5vZ,happy
02vPStOhZz4iWjYvafyxtc,Walk In The Park,"MVCA, hinoon",Walk In The Park,2024-01-12,31,209230,https://open.spotify.com/track/02vPStOhZz4iWjYvafyxtc,happy
5GAqaoEhGaKVqs65KCiimJ,Sunrise,Keanler,Sunrise,2021-10-01,41,181860,https://open.spotify.com/track/5GAqaoEhGaKVqs65KCiimJ,happy
0T9qmOvid82TeLi4ZyyA9D,Mine To Love,Ross Quinn,Azure EP,2023-03-03,57,222232,https://open.spotify.com/track/0T9qmOvid82TeLi4ZyyA9D,happy
1J0k2Hz5YkuMwpUG2bOxjw,All We Ever Do,"Keanler, Leo Stannard",All We Ever Do,2024-07-12,46,195121,https://open.spotify.com/track/1J0k2Hz5YkuMwpUG2bOxjw,happy
5p7u8LrRF585A9NAuyiA3S,Strange Currencies - Remix,R.E.M.,Monster (25th Anniversary Edition),1994-09-27,44,232173,https://open.spotify.com/track/5p7u8LrRF585A9NAuyiA3S,happy
4erCsCZbv5JKo8EiopevUh,Imitation Of Life,R.E.M.,In Time: The Best Of R.E.M. 1988-2003,2003-08-27,41,238333,https://open.spotify.com/track/4erCsCZbv5JKo8EiopevUh,happy
0mglqLULsaV6sIYnQpXSY7,Half A World Away,R.E.M.,Out Of Time (25th Anniversary Edition),1991-03-12,54,207946,https://open.spotify.com/track/0mglqLULsaV6sIYnQpXSY7,happy
5hvyiTljPwt0Z6RwvRBvuI,The Sidewinder Sleeps Tonite,R.E.M.,Automatic For The People (25th Anniversary Edition),1992-10-05,42,249093,https://open.spotify.com/track/5hvyiTljPwt0Z6RwvRBvuI,happy
2SW9TRJnosf3oD27rVtX5J,Man On The Moon,R.E.M.,Automatic For The People (25th Anniversary Edition),1992-10-05,44,313733,https://open.spotify.com/track/2SW9TRJnosf3oD27rVtX5J,happy
1IaRzQWu9or5U9G1DTukF7,Orange Crush,R.E.M.,In Time: The Best Of R.E.M. 1988-2003,2003-08-27,45,232666,https://open.spotify.com/track/1IaRzQWu9or5U9G1DTukF7,happy
6PypGyiu0Y2lCDBN1XZEnP,Everybody Hurts,R.E.M.,Automatic For The People,1992-10-05,75,320266,https://open.spotify.com/track/6PypGyiu0Y2lCDBN1XZEnP,happy
2DHxt7ttnFOLSzbQRuCFe8,"What’s The Frequency, Kenneth? - Remix",R.E.M.,"What's The Frequency, Kenneth? (Remix)",2019-09-04,41,219280,https://open.spotify.com/track/2DHxt7ttnFOLSzbQRuCFe8,happy
2vS1VzTTEgwuNpie67KvED,Bad Day,R.E.M.,In Time: The Best Of R.E.M. 1988-2003,2003-08-27,50,247840,https://open.spotify.com/track/2vS1VzTTEgwuNpie67KvED,happy
2fdfsGuqb6SBX5ocoBWHUd,The One I Love - Remastered 2012,R.E.M.,Document - 25th Anniversary Edition,1987-09-01,66,197800,https://open.spotify.com/track/2fdfsGuqb6SBX5ocoBWHUd,happy
33lyTbqQzzmd6AJB30tDgL,Let Me In - Remix,R.E.M.,Let Me In (Remix),2019-10-11,0,188453,https://open.spotify.com/track/33lyTbqQzzmd6AJB30tDgL,happy
2oSpQ7QtIKTNFfA08Cy0ku,It's The End Of The World As We Know It (And I Feel Fine),R.E.M.,Document (R.E.M. No. 5),1987-09-01,67,246933,https://open.spotify.com/track/2oSpQ7QtIKTNFfA08Cy0ku,happy
22UhQSbYimuCnvI0Y07gFX,Stand - Remastered 2013,R.E.M.,Green (Remastered),1988-11-07,55,192960,https://open.spotify.com/track/22UhQSbYimuCnvI0Y07gFX,happy
2a60ugjtxEZwRHltGNgxpm,Crush With Eyeliner - Remix,R.E.M.,Monster (25th Anniversary Edition),1994-09-27,35,275826,https://open.spotify.com/track/2a60ugjtxEZwRHltGNgxpm,happy
2eV1dFKHT8QnJrtsxLTI2X,Drive,R.E.M.,Automatic For The People (25th Anniversary Edition),1992-10-05,46,271373,https://open.spotify.com/track/2eV1dFKHT8QnJrtsxLTI2X,happy
2qzMlaS6WOLUoKWdnLZnIa,Shiny Happy People,R.E.M.,Out Of Time,1991-03-12,0,226200,https://open.spotify.com/track/2qzMlaS6WOLUoKWdnLZnIa,happy
5e2HWrviFTm4KQsnJ7OcVf,Nightswimming,R.E.M.,Automatic For The People (25th Anniversary Edition),1992-10-05,39,258105,https://open.spotify.com/track/5e2HWrviFTm4KQsnJ7OcVf,happy
7k7V2MtzED0FKTlWHxqlBh,Animal,R.E.M.,In Time: The Best Of R.E.M. 1988-2003,2003-08-27,37,242800,https://open.spotify.com/track/7k7V2MtzED0FKTlWHxqlBh,happy
2o9ncYffotRIVOFDpUji8S,Daysleeper,R.E.M.,In Time: The Best Of R.E.M. 1988-2003,2003-08-27,38,220493,https://open.spotify.com/track/2o9ncYffotRIVOFDpUji8S,happy
0pAToMIQQnYdUZiVo7ub2Z,Country Feedback,R.E.M.,Out Of Time,1991-03-12,0,249693,https://open.spotify.com/track/0pAToMIQQnYdUZiVo7ub2Z,happy
686J75h8yQa44YGMjXztWm,Photograph,"R.E.M., Natalie Merchant",Photograph,2017-11-24,41,211001,https://open.spotify.com/track/686J75h8yQa44YGMjXztWm,happy
2nQEZrm583Z8F2kQUCgba9,E-Bow The Letter,R.E.M.,In Time: The Best Of R.E.M. 1988-2003,2003-08-27,37,326000,https://open.spotify.com/track/2nQEZrm583Z8F2kQUCgba9,happy
3TwnJaaOD5g33YHH8dufSM,Talk About The Passion,R.E.M.,Murmur,1983-04-12,38,204000,https://open.spotify.com/track/3TwnJaaOD5g33YHH8dufSM,happy
4lgVbDYZR1VV4gEkIueSiw,Leaving New York,R.E.M.,Around The Sun,2004-10-05,52,289333,https://open.spotify.com/track/4lgVbDYZR1VV4gEkIueSiw,happy
6gFAQZmcmdI80BGex9pOJP,At My Most Beautiful,R.E.M.,In Time: The Best Of R.E.M. 1988-2003,2003-08-27,36,216373,https://open.spotify.com/track/6gFAQZmcmdI80BGex9pOJP,happy
37QgJFPkMC5UwGFqjWz2Ty,Electrolite,R.E.M.,In Time: The Best Of R.E.M. 1988-2003,2003-08-27,36,247493,https://open.spotify.com/track/37QgJFPkMC5UwGFqjWz2Ty,happy
0vyQzGo4ZhrOvp0zMkpyLP,Überlin,R.E.M.,Collapse Into Now,2011-03-07,47,254613,https://open.spotify.com/track/0vyQzGo4ZhrOvp0zMkpyLP,happy
5NB8kGaMqSC0XiXtMunpl1,All The Way To Reno (You're Gonna Be A Star),R.E.M.,In Time: The Best Of R.E.M. 1988-2003,2003-08-27,36,285840,https://open.spotify.com/track/5NB8kGaMqSC0XiXtMunpl1,happy
181ERlg2wowFuRobnrMZJ2,Fall On Me,R.E.M.,Lifes Rich Pageant,1986-07-28,41,170800,https://open.spotify.com/track/181ERlg2wowFuRobnrMZJ2,happy
5OshTiUUBzCaD8N9cUysdx,(Don't Go Back To) Rockville,R.E.M.,Reckoning,1984-01-01,40,273066,https://open.spotify.com/track/5OshTiUUBzCaD8N9cUysdx,happy
7w57O4o0xCTn9YpKuaPZDd,The Great Beyond,R.E.M.,In Time: The Best Of R.E.M. 1988-2003,2003-08-27,53,307000,https://open.spotify.com/track/7w57O4o0xCTn9YpKuaPZDd,happy
0f7lwf8ahLohUsaMW8GZIO,Pop Song 89 - Remastered 2013,R.E.M.,Green (25th Anniversary Deluxe Edition),1988-11-07,41,184933,https://open.spotify.com/track/0f7lwf8ahLohUsaMW8GZIO,happy
4P723ZazKqQox4zEwgsDec,Driver 8,R.E.M.,Fables Of The Reconstruction,1985-06-10,39,203800,https://open.spotify.com/track/4P723ZazKqQox4zEwgsDec,happy
4z80LOrUJonngRGzzrfjnD,Gardening At Night,R.E.M.,Chronic Town,1982-08-24,38,209506,https://open.spotify.com/track/4z80LOrUJonngRGzzrfjnD,happy
0O7f4jLccME6ZfYfJ1twsX,Finest Worksong,R.E.M.,Document (R.E.M. No. 5),1987-09-01,43,230093,https://open.spotify.com/track/0O7f4jLccME6ZfYfJ1twsX,happy
6v9uVK1AjObTnejPSxgNMP,Oh My Heart,R.E.M.,Collapse Into Now,2011-03-07,51,200946,https://open.spotify.com/track/6v9uVK1AjObTnejPSxgNMP,happy
47i0RQi76b6UUCIBDgu2TR,Supernatural Superserious,R.E.M.,Accelerate,2008-03-31,42,203880,https://open.spotify.com/track/47i0RQi76b6UUCIBDgu2TR,happy
5z0V8zBt6uI8dqc0ChROpg,Begin The Begin,R.E.M.,Lifes Rich Pageant,1986-07-28,41,208093,https://open.spotify.com/track/5z0V8zBt6uI8dqc0ChROpg,happy
4DOHgQsLpCkfqVrFLFfg9b,"Living Well Is The Best Revenge - Live At The Olympia Theatre, Dublin, Ireland / 2007",R.E.M.,Live At The Olympia,2009-10-27,30,247866,https://open.spotify.com/track/4DOHgQsLpCkfqVrFLFfg9b,happy
4opNTj0TD0MxtrsoNEd27T,Pretty Persuasion,R.E.M.,Reckoning,1984-01-01,33,233200,https://open.spotify.com/track/4opNTj0TD0MxtrsoNEd27T,happy
0h6J9HuBHu4kgJXEExYStW,Get Up - Remastered,R.E.M.,Green (25th Anniversary Deluxe Edition),1988-11-07,30,161773,https://open.spotify.com/track/0h6J9HuBHu4kgJXEExYStW,happy
0L4M8dOPPsQYQNjJNBRnv7,A Month Of Saturdays,R.E.M.,Part Lies Part Heart Part Truth Part Garbage 1982-2011,2011-11-11,0,98840,https://open.spotify.com/track/0L4M8dOPPsQYQNjJNBRnv7,happy
0yTQNPMITssH9JFyFroMV7,Perfect Circle,R.E.M.,Murmur,1983-04-12,33,210466,https://open.spotify.com/track/0yTQNPMITssH9JFyFroMV7,happy
19QV9bXdTUVK7ATNj0r6L4,New Test Leper,R.E.M.,New Adventures In Hi-Fi,1996-09-09,34,326666,https://open.spotify.com/track/19QV9bXdTUVK7ATNj0r6L4,happy
2n2l2dKnQX4ihHVe0dDUYf,Feeling Gravitys Pull,R.E.M.,Fables Of The Reconstruction,1985-06-10,32,290866,https://open.spotify.com/track/2n2l2dKnQX4ihHVe0dDUYf,happy
6SjqGNzkhhcNVaMUEVOjoK,I Believe,R.E.M.,Lifes Rich Pageant,1986-07-28,39,230506,https://open.spotify.com/track/6SjqGNzkhhcNVaMUEVOjoK,happy
25S3QBF2GUKjC2G6bn3j2q,Alligator_Aviator_Autopilot_Antimatter,R.E.M.,Collapse Into Now,2011-03-07,29,165173,https://open.spotify.com/track/25S3QBF2GUKjC2G6bn3j2q,happy
0QbFXK2bhbK12ttDyvpFhW,Hallelujah,R.E.M.,Part Lies Part Heart Part Truth Part Garbage 1982-2011,2011-11-11,0,221506,https://open.spotify.com/track/0QbFXK2bhbK12ttDyvpFhW,happy
7KLRBe9yvG3d8aANVZYme6,Life And How To Live It,R.E.M.,Fables Of The Reconstruction,1985-06-10,32,248200,https://open.spotify.com/track/7KLRBe9yvG3d8aANVZYme6,happy
23t7npU5RozuZ21ZxvZFUd,We All Go Back To Where We Belong,R.E.M.,We All Go Back To Where We Belong,2011-10-18,0,216800,https://open.spotify.com/track/23t7npU5RozuZ21ZxvZFUd,happy
42DkVLfA1tTqMm0eOxq90I,Crush With Eyeliner,R.E.M.,Monster,1994-09-27,0,278706,https://open.spotify.com/track/42DkVLfA1tTqMm0eOxq90I,happy
1zwCCOoWdeS3d4ITQe8kWT,So. Central Rain,R.E.M.,Reckoning,1984-01-01,41,196040,https://open.spotify.com/track/1zwCCOoWdeS3d4ITQe8kWT,happy
46dGFTD918NMz1IP1rPJXO,Radio Free Europe,R.E.M.,Murmur,1983-04-12,46,245200,https://open.spotify.com/track/46dGFTD918NMz1IP1rPJXO,happy
1e3Q7gE5TRUklXOlZFKIrv,Find The River,R.E.M.,Automatic For The People,1992-10-05,56,229733,https://open.spotify.com/track/1e3Q7gE5TRUklXOlZFKIrv,happy
378HOooPNo6LRIfVHb15nW,Near Wild Heaven,R.E.M.,Out Of Time (25th Anniversary Edition),1991-03-12,49,199360,https://open.spotify.com/track/378HOooPNo6LRIfVHb15nW,happy
0bPg0OA0ep90qVCYfymwO6,Try Not To Breathe,R.E.M.,Automatic For The People,1992-10-05,49,230573,https://open.spotify.com/track/0bPg0OA0ep90qVCYfymwO6,happy
5UBeN0XvvIvnEjyp6uThr4,Radio Song,R.E.M.,Out Of Time (25th Anniversary Edition),1991-03-12,48,255133,https://open.spotify.com/track/5UBeN0XvvIvnEjyp6uThr4,happy
1rf4SX7dduNbrNnOmupLzi,adore u,"Fred again.., Obongjayar",ten days,2024-09-06,67,220653,https://open.spotify.com/track/1rf4SX7dduNbrNnOmupLzi,happy
5mg9TnSnfc89gcYStpOsVL,How You Feel (ft Leven Kali),"ANOTR, Leven Kali, Erik Bandt",On A Trip,2025-01-31,70,197285,https://open.spotify.com/track/5mg9TnSnfc89gcYStpOsVL,happy
0fp6PDlnCkmdE0F3s0tfr6,Original Sin,Sofi Tukker,Original Sin,2022-02-04,52,171598,https://open.spotify.com/track/0fp6PDlnCkmdE0F3s0tfr6,happy
6vFmE2lJcVl6AmoxhXscmx,You (Come Around),Will Knight,About You,2023-12-15,36,130909,https://open.spotify.com/track/6vFmE2lJcVl6AmoxhXscmx,happy
7bmQ9hXj86SusiwfYVBEJp,Big Jet Plane,TauTou,Big Jet Plane,2022-11-04,39,170000,https://open.spotify.com/track/7bmQ9hXj86SusiwfYVBEJp,happy
4XdQO9wxIeIy7eM65A5kk8,Rust,Ben Böhmer,Bloom,2024-09-27,62,275010,https://open.spotify.com/track/4XdQO9wxIeIy7eM65A5kk8,happy
501ASahMhRjxbNxYGg0l6T,Best Day Of My Life,"Foínix, Yann Muller, Amir Brandon",Best Day Of My Life,2025-11-07,25,132440,https://open.spotify.com/track/501ASahMhRjxbNxYGg0l6T,happy
6sgqf4wXFWSAmjL1TEXNvZ,Something About You (with Rudimental) - Chill Mix,"Elderbrook, Rudimental",Something About You (with Rudimental) [Alternate Versions],2019-10-04,61,166533,https://open.spotify.com/track/6sgqf4wXFWSAmjL1TEXNvZ,happy
4TntIALaippGa4OeN5X6Gq,Merida,Refeci,Merida,2024-03-22,38,142129,https://open.spotify.com/track/4TntIALaippGa4OeN5X6Gq,happy
4xmYHUaAVhyu0LdA0u6aUx,Too Close To The Sun,"Nander, Major Jam",Too Close To The Sun,2025-05-23,33,144230,https://open.spotify.com/track/4xmYHUaAVhyu0LdA0u6aUx,happy
6tbOxewU9pH5V27gunLhOu,Time,"Ched, Muted Mind",Time,2025-07-18,30,160000,https://open.spotify.com/track/6tbOxewU9pH5V27gunLhOu,happy
6wFf6xO99uyCFjPbdqws4H,Your Eyes,Nick En Mare,Your Eyes,2025-03-14,36,134000,https://open.spotify.com/track/6wFf6xO99uyCFjPbdqws4H,happy
2mSY5vbrX8QWQSHCtuIcLu,Bloom,"linequat, Pherick",Bloom,2025-06-13,21,144000,https://open.spotify.com/track/2mSY5vbrX8QWQSHCtuIcLu,happy
2nl63800gGbVPFwhDd8Ahz,Thinking About You,Will Knight,Thinking About You,2024-04-19,37,121224,https://open.spotify.com/track/2nl63800gGbVPFwhDd8Ahz,happy
2HYD0MpCzGgN2T2y4OeLjO,More Than Words Can Say,Luke Walker,More Than Words Can Say,2025-03-14,26,134204,https://open.spotify.com/track/2HYD0MpCzGgN2T2y4OeLjO,happy
6QJSs1ShJGnkUYfqCwDGAQ,Only One,Will Knight,Close Your Eyes,2025-02-14,23,153103,https://open.spotify.com/track/6QJSs1ShJGnkUYfqCwDGAQ,happy
2Y0h6w0htgEIXXrYBOaIS5,Happy Together,PRSM,Happy Together,2024-02-16,36,127422,https://open.spotify.com/track/2Y0h6w0htgEIXXrYBOaIS5,happy
6ioyEJST2MNbMlrvHgnoye,Devotion,Ben Reggie,Devotion,2025-06-20,36,146640,https://open.spotify.com/track/6ioyEJST2MNbMlrvHgnoye,happy
1CwdWyfBAJZ2pK17uYr004,It's All For You,WestCoast,It's All For You,2025-09-12,48,149752,https://open.spotify.com/track/1CwdWyfBAJZ2pK17uYr004,happy
09eWLCCXXypdgrlfLAMy3n,Lately,RÜFÜS DU SOL,Inhale / Exhale,2024-10-11,61,249573,https://open.spotify.com/track/09eWLCCXXypdgrlfLAMy3n,happy
60CpWNqHVaZoV5crpHC1mH,All Over Again,Tonality,All Over Again,2025-01-31,34,148173,https://open.spotify.com/track/60CpWNqHVaZoV5crpHC1mH,happy
1Id2EGhwSByavhBlqEwx2I,IT,Luke Walker,IT,2025-02-28,31,139124,https://open.spotify.com/track/1Id2EGhwSByavhBlqEwx2I,happy
6dsFIFBnZPsB2ER8LhZ7fU,Marathon,"Alex Martura, LVSN, Dom Fricot",Marathon,2025-06-13,32,160645,https://open.spotify.com/track/6dsFIFBnZPsB2ER8LhZ7fU,happy
2Gwx5O3ic5CIZPk9uVmaJB,The Veldt,Duke Voss,The Veldt,2025-06-13,28,139304,https://open.spotify.com/track/2Gwx5O3ic5CIZPk9uVmaJB,happy
2ot3xuxuWWeYtXyadKzbxw,Palm Beach,"No Eyed Deer, Will Knight",Palm Beach,2023-08-25,32,152869,https://open.spotify.com/track/2ot3xuxuWWeYtXyadKzbxw,happy
54PuQNtlQ0Tr797dK5Ar28,Wicked Game,"Max Martis, Boostereo, KAYA",Wicked Game,2024-10-11,35,190000,https://open.spotify.com/track/54PuQNtlQ0Tr797dK5Ar28,happy
150iydyHGcXmZ8ijifkyMF,Your Eyes,Lithim,Your Eyes,2025-07-18,37,128780,https://open.spotify.com/track/150iydyHGcXmZ8ijifkyMF,happy
07lEHlY9C0zGEdBvweoLfZ,DON'T LEAVE ME,Palm Monkey,DON'T LEAVE ME,2025-10-31,26,140000,https://open.spotify.com/track/07lEHlY9C0zGEdBvweoLfZ,happy
0hsmtwVxma8vamSa1oQlCZ,Over Now,Le P,Over Now,2024-10-04,26,152068,https://open.spotify.com/track/0hsmtwVxma8vamSa1oQlCZ,happy
0Tf1vXpdeDHsF2e8SZwx4J,For Life,"Youngmin, Louise CS",For Life,2025-05-23,43,161316,https://open.spotify.com/track/0Tf1vXpdeDHsF2e8SZwx4J,happy
2FhsOKZcHJEyiudwchTA1W,In The Dust,Plu2,In The Dust,2025-10-03,26,162644,https://open.spotify.com/track/2FhsOKZcHJEyiudwchTA1W,happy
01mC0wrsA8F7aEhC56cGJM,Get You The Moon,"Æj, Josiah Nichols, Ollie Groove",Get You The Moon,2025-05-02,25,157500,https://open.spotify.com/track/01mC0wrsA8F7aEhC56cGJM,happy
3N8abgxxbB7cW52mjQls7w,Get You Home,Viva La Panda,Get You Home,2025-03-07,30,131612,https://open.spotify.com/track/3N8abgxxbB7cW52mjQls7w,happy
0VS3JmMpOdpZLUiLKZ9xFX,Messy,BONIIL,Messy,2025-07-25,32,178144,https://open.spotify.com/track/0VS3JmMpOdpZLUiLKZ9xFX,happy
4WHmpmpgqZHd70hymNQTCC,One More Time,Luke Walker,One More Time,2025-04-18,27,133500,https://open.spotify.com/track/4WHmpmpgqZHd70hymNQTCC,happy
29XsAB4K8wgV9WSuwQw9qo,Promises,Will Knight,Promises,2024-06-07,28,143571,https://open.spotify.com/track/29XsAB4K8wgV9WSuwQw9qo,happy
5fcsXkwywOqIpQBDOlaLH2,In My Dreams,"ItsLee, Patrick Aretz",In My Dreams,2024-04-05,39,145573,https://open.spotify.com/track/5fcsXkwywOqIpQBDOlaLH2,happy
1FVMgGbg1LAFAaRXMznzq1,Whatever,Tonality,Whatever,2025-02-07,21,129000,https://open.spotify.com/track/1FVMgGbg1LAFAaRXMznzq1,happy
0BIIZjymQuya4qD9UfOrzT,I Want You,"Lost Ways, Twan Ray",I Want You,2025-05-02,32,158500,https://open.spotify.com/track/0BIIZjymQuya4qD9UfOrzT,happy
1oNFTQO0z6PuRH1wOOQXPe,Could've Been Us,"ItsLee, Dom Fricot",Could've Been Us,2022-06-03,44,132330,https://open.spotify.com/track/1oNFTQO0z6PuRH1wOOQXPe,happy
6vAPNZZDucg841zW81PbP7,Moments,Will Knight,Moments,2024-08-02,34,121043,https://open.spotify.com/track/6vAPNZZDucg841zW81PbP7,happy
1ujgGX3zik2sVV37krKP1u,Don't Let Go,"Twan Ray, Lost Ways",Don't Let Go,2025-06-13,38,154000,https://open.spotify.com/track/1ujgGX3zik2sVV37krKP1u,happy
2AsitbEFL6gZuBqo2PVScP,Strong,"Oceanside, CALUA",Strong,2025-06-20,36,126543,https://open.spotify.com/track/2AsitbEFL6gZuBqo2PVScP,happy
5rHm2ip7muS6241JYEH4Dy,Video Games,"Muwano, Lost Ways, Muted Mind",Video Games,2025-02-13,27,176869,https://open.spotify.com/track/5rHm2ip7muS6241JYEH4Dy,happy
52YTNrSGiAoZ7NsAfrlumi,Katika,"Alberto Ciccarini, Prodbyharley, Poul",Katika,2025-05-02,37,134358,https://open.spotify.com/track/52YTNrSGiAoZ7NsAfrlumi,happy
6zccaQaLPtVotF7W14N6Go,What Was I Made For,Gianluca Dimeo,What Was I Made For,2025-03-28,37,126772,https://open.spotify.com/track/6zccaQaLPtVotF7W14N6Go,happy
3O5Lrlj1qIvWSuDljFaTYc,Work It Out,"Discofields, Roiyal, Erlando, Dave Todd",Work It Out,2020-11-27,29,159505,https://open.spotify.com/track/3O5Lrlj1qIvWSuDljFaTYc,happy
629Wn5jp9T9iPcovVnIfiD,Too Heavy,UPHORA,Too Heavy,2025-03-28,28,174193,https://open.spotify.com/track/629Wn5jp9T9iPcovVnIfiD,happy
3GViIHflhWwfC0bSYlyAvs,Pierdo,Luke Luxe,Mugeni,2024-09-13,34,93714,https://open.spotify.com/track/3GViIHflhWwfC0bSYlyAvs,happy
4TBeGzat0Butsccknwckiz,Lost,Luke Walker,Lost,2025-03-28,25,137000,https://open.spotify.com/track/4TBeGzat0Butsccknwckiz,happy
27dg6wXm5OpdMxQTxRM1Vc,The Road,WestCoast,The Road,2025-04-18,29,148875,https://open.spotify.com/track/27dg6wXm5OpdMxQTxRM1Vc,happy
3XEBFzzAB6xWvHp5Sfr3vl,Where Do We Go,Le P,Where Do We Go,2025-02-13,33,148750,https://open.spotify.com/track/3XEBFzzAB6xWvHp5Sfr3vl,happy
1TQWfxumn0Yy1GnJno8Cz9,For Real,Will Knight,Promises,2024-06-07,33,121142,https://open.spotify.com/track/1TQWfxumn0Yy1GnJno8Cz9,happy
1fQ64shmmC3Lt4qOcHdTQb,So Good,Will Knight,So Good,2024-11-01,31,138285,https://open.spotify.com/track/1fQ64shmmC3Lt4qOcHdTQb,happy
0qRKirx5x8OsMsA89Khq5S,Brainwash,KANKUNA,Brainwash,2025-03-28,23,167804,https://open.spotify.com/track/0qRKirx5x8OsMsA89Khq5S,happy
0yRcaZ98hjutSWQcVPFMXf,Need The Sun To Break,"Oceanside, Deeplow",Need The Sun To Break,2025-05-09,34,156631,https://open.spotify.com/track/0yRcaZ98hjutSWQcVPFMXf,happy
79jlKUsWC2Ok5BNZXqd3XN,Want U,Will Knight,July in Paris,2024-05-24,27,120000,https://open.spotify.com/track/79jlKUsWC2Ok5BNZXqd3XN,happy
2WpW1noAGNEKouqSxy9TBn,Could I Be,Will Knight,Thinking About You,2024-04-19,34,132336,https://open.spotify.com/track/2WpW1noAGNEKouqSxy9TBn,happy
0RI2jxLHqJLFIcZPm2ujEr,How Do I Say Goodbye,MAJO,How Do I Say Goodbye,2024-07-26,28,148800,https://open.spotify.com/track/0RI2jxLHqJLFIcZPm2ujEr,happy
2lbjUAYGokDDY84Kh9msv2,Time,Clay Pirinha,Time,2020-10-16,24,210000,https://open.spotify.com/track/2lbjUAYGokDDY84Kh9msv2,happy
4s9tOv3LuRE8EGYjb4aMn2,My Type,Will Knight,Thinking About You,2024-04-19,33,133000,https://open.spotify.com/track/4s9tOv3LuRE8EGYjb4aMn2,happy
5vhVyZA2qjxWlugyUVZfB8,We Can't Be Friends,The Chillers,We Can't Be Friends,2025-03-28,30,145636,https://open.spotify.com/track/5vhVyZA2qjxWlugyUVZfB8,happy
4AKLtS25UdhZGqRe9sQGhU,"Good Luck, Babe!",Oceanside,"Good Luck, Babe!",2024-11-01,0,127363,https://open.spotify.com/track/4AKLtS25UdhZGqRe9sQGhU,happy
3nTz4iV77Y2gnc9VIlMxlZ,End Of Summer,HNE,End Of Summer,2024-10-04,31,195483,https://open.spotify.com/track/3nTz4iV77Y2gnc9VIlMxlZ,happy
52IMBxCd1zJVfAX1CJrc6f,Moonlight Sunrise,"Velvet Sky, Will Knight",Moonlight Sunrise,2023-08-18,29,143532,https://open.spotify.com/track/52IMBxCd1zJVfAX1CJrc6f,happy
6S7kQc0wVJ1UqhzOCOCSQQ,Sunny,"Oceanside, CALUA",Sunny,2025-07-04,38,163770,https://open.spotify.com/track/6S7kQc0wVJ1UqhzOCOCSQQ,happy
2iIwYpemY0Msr1f8mnh7rD,Stubborn Love,Lost Ways,Stubborn Love,2024-11-01,47,146065,https://open.spotify.com/track/2iIwYpemY0Msr1f8mnh7rD,happy
73DxRmy0r9QIzjVnlXFEqH,Superstar,Velvet Sky,Superstar,2025-05-02,22,158446,https://open.spotify.com/track/73DxRmy0r9QIzjVnlXFEqH,happy
0VMA7X9TRzDq5XBYQMmfOC,Something More,Waztoo,Something More,2025-03-21,25,196500,https://open.spotify.com/track/0VMA7X9TRzDq5XBYQMmfOC,happy
2wFTTuaIAfMigA4v9GtWPz,Sad Songs (feat. emalyne),"Waffle, Muted Mind, emalyne",Sad Songs (feat. emalyne),2025-03-28,28,176869,https://open.spotify.com/track/2wFTTuaIAfMigA4v9GtWPz,happy
18H95lWocKwicZXagUZUIz,Live Your Life,Will Knight,Thinking About You,2024-04-19,35,113714,https://open.spotify.com/track/18H95lWocKwicZXagUZUIz,happy
264ZqAUMaO3EU3KDHGXrCw,Birds of a Feather,MAJO,Birds of a Feather,2025-03-21,28,187898,https://open.spotify.com/track/264ZqAUMaO3EU3KDHGXrCw,happy
5KKB5acSXEsS9NhcBMpKqZ,Cleopatra,Seasider,Cleopatra,2024-10-25,31,161803,https://open.spotify.com/track/5KKB5acSXEsS9NhcBMpKqZ,happy
6CLHzLVZj5BwzW4jaP5kG1,Gets Better,"Honey, Moav",Gets Better,2025-02-07,33,144195,https://open.spotify.com/track/6CLHzLVZj5BwzW4jaP5kG1,happy
5jJ5rrhnOmy1Zqx7MBpG0X,Celestial,"No Eyed Deer, Will Knight",Celestial,2023-08-18,29,157076,https://open.spotify.com/track/5jJ5rrhnOmy1Zqx7MBpG0X,happy
7HzFmqZh3KlHraVFrLdmA0,All Good Things (Come To An End),Seasider,All Good Things (Come To An End),2024-06-07,34,118321,https://open.spotify.com/track/7HzFmqZh3KlHraVFrLdmA0,happy
6dTqHlQ06BO5hVUCbAHFLr,Move,"Dream Chaos, Notscandal",Move,2025-07-11,32,162000,https://open.spotify.com/track/6dTqHlQ06BO5hVUCbAHFLr,happy
2bPadTOSmluWWmwiWNa864,Ocean Eyes,PRSM,Ocean Eyes,2024-07-26,30,122459,https://open.spotify.com/track/2bPadTOSmluWWmwiWNa864,happy
2PrnX9N1vqBGIRVbWv7GCL,Out Of Reach,"PRSM, Muted Mind",Out Of Reach,2024-05-10,35,150000,https://open.spotify.com/track/2PrnX9N1vqBGIRVbWv7GCL,happy
7tWo4K2HfzogZsyBtFIbhL,We Can't Be Friends,Velvet Sky,We Can't Be Friends,2025-06-13,31,168421,https://open.spotify.com/track/7tWo4K2HfzogZsyBtFIbhL,happy
78gMlIZUmlr5uNF1B02z4X,Living the Day,"Twan Ray, PRSM",Living the Day,2024-02-02,34,154639,https://open.spotify.com/track/78gMlIZUmlr5uNF1B02z4X,happy
7ouEovcFX6XEHDtiBWz5Sj,Rattle and a Hum,"ItsLee, Dom Fricot",Rattle and a Hum,2021-01-15,33,144133,https://open.spotify.com/track/7ouEovcFX6XEHDtiBWz5Sj,happy
1q13x8j3LUxMMYV43I9les,Addicted,Madason,Addicted,2025-06-13,18,153870,https://open.spotify.com/track/1q13x8j3LUxMMYV43I9les,happy
1KfFddjWI4Ev7YX4rmspTF,Say What You Need To Say,"Oceanside, Badjack",Say What You Need To Say,2024-04-26,29,143606,https://open.spotify.com/track/1KfFddjWI4Ev7YX4rmspTF,happy
6zFCci00787rGrLkWDwog8,Ocean Quiet,"Lucas Estrada, NEIMY",Ocean Quiet,2021-08-06,49,167160,https://open.spotify.com/track/6zFCci00787rGrLkWDwog8,happy
5Fmu3YVlFmBcjhelyqdqPO,Vibin',Arka Sleeps,Vibin',2025-03-28,23,130160,https://open.spotify.com/track/5Fmu3YVlFmBcjhelyqdqPO,happy
5Q98t2O13BBRUYqPN5QH0N,Let It Go,Lost Ways,Let It Go,2024-04-05,35,171340,https://open.spotify.com/track/5Q98t2O13BBRUYqPN5QH0N,happy
2t78ihrc1EFaYzlCbwTlBH,Adore You,Muted Mind,Adore You,2024-09-27,29,158360,https://open.spotify.com/track/2t78ihrc1EFaYzlCbwTlBH,happy
7EeX9Cn6bFg4CDY67CDua0,Take A Walk,Oceanside,Take A Walk,2024-08-02,27,139603,https://open.spotify.com/track/7EeX9Cn6bFg4CDY67CDua0,happy
4pIy2g5Edx0pQaiSo1EWdL,Strangers,MAJO,Strangers,2024-04-19,26,170000,https://open.spotify.com/track/4pIy2g5Edx0pQaiSo1EWdL,happy
2SZRazVklYvwidno2oWyU1,Lost On You,"Oceanside, Badjack, Benjamin Roustaing",Lost On You,2024-05-24,29,158411,https://open.spotify.com/track/2SZRazVklYvwidno2oWyU1,happy
3TKa8yERndZnBgC9NmtVld,Somewhere Only We Know,Lost Ways,Somewhere Only We Know,2023-09-01,38,170434,https://open.spotify.com/track/3TKa8yERndZnBgC9NmtVld,happy
5aCbcpQLqWvYnqcyWLirbi,I'm Like A Bird,"Lost Ways, Jethro",I'm Like A Bird,2024-06-21,25,141398,https://open.spotify.com/track/5aCbcpQLqWvYnqcyWLirbi,happy
0QMbcbGPRWF90a6KZNQKVd,Amusement,Stupid Goldfish,Amusement,2025-03-07,18,148062,https://open.spotify.com/track/0QMbcbGPRWF90a6KZNQKVd,happy
6RMflQWJSalMJRVwE3mYus,Stargazing,MAJO,Stargazing,2025-02-14,34,186206,https://open.spotify.com/track/6RMflQWJSalMJRVwE3mYus,happy
0XHCiGEiflWrvOtV0Cf1MR,Have You Ever Seen the Rain,"PRSM, Lost Ways",Have You Ever Seen the Rain,2023-09-22,37,165137,https://open.spotify.com/track/0XHCiGEiflWrvOtV0Cf1MR,happy
3Xk3lS0A45qpLvyft1tjLY,Before You Go,"Hafex, ALIGEE, May Zoean",Before You Go,2024-10-17,26,151733,https://open.spotify.com/track/3Xk3lS0A45qpLvyft1tjLY,happy
4CT8AK0ZNhIb0JpCXkZYjs,Bloom,Will Knight,Moments,2024-08-02,17,170892,https://open.spotify.com/track/4CT8AK0ZNhIb0JpCXkZYjs,happy
705oA1rs4jAhZqY5Mhg1V5,Slow Down,Will Knight,Be Mine,2024-03-22,26,147735,https://open.spotify.com/track/705oA1rs4jAhZqY5Mhg1V5,happy
0Sdt8phIIXqMxooEkCcVA2,Can´t Let Go,"Polar Notes, Mahout",I'll Be On My Way,2023-07-28,31,132203,https://open.spotify.com/track/0Sdt8phIIXqMxooEkCcVA2,happy
11NSfZYxfji9bdZWmPN4WV,See the Sunshine,"Aube., NSH",See the Sunshine,2021-12-17,27,142200,https://open.spotify.com/track/11NSfZYxfji9bdZWmPN4WV,happy
3zRBS8HTdq0nCObRocDMGo,Sweet Child O' Mine,"Colone, Jethro",Sweet Child O' Mine,2023-04-27,0,180272,https://open.spotify.com/track/3zRBS8HTdq0nCObRocDMGo,happy
6cX8TvMLyDsKSYPoZWD9EY,Bali Dreams,"No Eyed Deer, Will Knight",Bali Dreams,2023-10-06,30,154710,https://open.spotify.com/track/6cX8TvMLyDsKSYPoZWD9EY,happy
5dKBaysNJtfpyNTRa5lqDb,A-Punk,Vampire Weekend,Vampire Weekend,2008-01-27,4,137760,https://open.spotify.com/track/5dKBaysNJtfpyNTRa5lqDb,happy
51PSUD2YHjPyAy3jnkaoy7,A-O-K,Tai Verdes,TV,2021-05-20,0,173640,https://open.spotify.com/track/51PSUD2YHjPyAy3jnkaoy7,happy
0gsY8KBi8CuXePHxBjpysJ,Girlfriends,High Tropics,Girlfriends,2023-02-24,20,235171,https://open.spotify.com/track/0gsY8KBi8CuXePHxBjpysJ,happy
56sExwBBmnDoRErXqghqrW,best. day. ever.,Scoobert Doobert,best. day. ever.,2025-09-05,47,158197,https://open.spotify.com/track/56sExwBBmnDoRErXqghqrW,happy
2SJDXjFwiFgL6zBuOx40AQ,Tokyo Rain,"Loaded Honey, Lydia Kitto, J Lloyd",Love Made Trees,2025-06-06,49,200975,https://open.spotify.com/track/2SJDXjFwiFgL6zBuOx40AQ,happy
6w8ZPYdnGajyfPddTWdthN,Can I Get It,Adele,30,2021-11-19,65,210384,https://open.spotify.com/track/6w8ZPYdnGajyfPddTWdthN,happy
5olYKlNYCELRBQzxQ6Tr1V,Everybody Needs Somebody To Love,The Blues Brothers,TPH Production Perform The Blues Brothers,2005-08-08,0,150125,https://open.spotify.com/track/5olYKlNYCELRBQzxQ6Tr1V,happy
0QBzMgT7NIeoCYy3sJCof1,Bam Bam (feat. Ed Sheeran),"Camila Cabello, Ed Sheeran",Bam Bam (feat. Ed Sheeran),2022-03-04,71,205604,https://open.spotify.com/track/0QBzMgT7NIeoCYy3sJCof1,happy
1YrC8s6yZWw23QxW6rfM9f,Come,Jain,Zanaka,2016-10-21,59,162266,https://open.spotify.com/track/1YrC8s6yZWw23QxW6rfM9f,happy
4YCJR2Tyng4rsHNf0yS4jO,CHEW ON THIS,Scoobert Doobert,indiemono GOLDEN BAY | Indie / Alternative VOL. 02,2024-08-01,18,155000,https://open.spotify.com/track/4YCJR2Tyng4rsHNf0yS4jO,happy
4Z4usAVuq7SzRhmG3Bs8Z3,Bad Mood,Munboi,Swipe Left,2024-05-16,31,133636,https://open.spotify.com/track/4Z4usAVuq7SzRhmG3Bs8Z3,happy
67E2W74IlpFbSCcm46PZP3,One Track Mind,Zaide,One Track Mind,2022-08-12,18,195943,https://open.spotify.com/track/67E2W74IlpFbSCcm46PZP3,happy
1WfFLjggcnFCDSI6NYg0Oe,We Need To Talk,Barny Fletcher,We Need To Talk,2025-03-13,24,144992,https://open.spotify.com/track/1WfFLjggcnFCDSI6NYg0Oe,happy
4vnYwFOZCVl0bmerWyuzRw,Country House,Blur,Blur: The Best Of,2000-10-23,53,237733,https://open.spotify.com/track/4vnYwFOZCVl0bmerWyuzRw,happy
24fXShNbufmThxBTWWPfO1,Cassy O',George Ezra,Wanted on Voyage,2014-06-27,0,184133,https://open.spotify.com/track/24fXShNbufmThxBTWWPfO1,happy
3jnMhpFIw1rtQh43XnNUxs,Said and Done,Johnning,Said and Done,2022-04-08,35,174184,https://open.spotify.com/track/3jnMhpFIw1rtQh43XnNUxs,happy
6FfLg6FFqhCsrFOaHIGkg0,Honeypie,JAWNY,For Abby,2020-10-27,76,135581,https://open.spotify.com/track/6FfLg6FFqhCsrFOaHIGkg0,happy
0lqtePau02eM0xmOUIZ3uE,A.S.S. (always sunny somewhere),Camo Columbo,A.S.S. (always sunny somewhere),2022-06-17,27,171428,https://open.spotify.com/track/0lqtePau02eM0xmOUIZ3uE,happy
2Y0fvcpV5pfIuXlgRgZimn,Rock A Bye Baby,Jean Dawson,Rock A Bye Baby,2025-08-21,51,170579,https://open.spotify.com/track/2Y0fvcpV5pfIuXlgRgZimn,happy
03mMSLEJCPoGJwQhHpN5y0,Treat People With Kindness,Harry Styles,Fine Line,2019-12-13,60,197346,https://open.spotify.com/track/03mMSLEJCPoGJwQhHpN5y0,happy
4wPp4NHpZRQU93qyIJ2pHd,Talk,Sugar Soap,indiemono OBSIDIAN SUNSET | Indie / Alternative VOL. 05,2024-12-01,24,204760,https://open.spotify.com/track/4wPp4NHpZRQU93qyIJ2pHd,happy
3I5Qq3AwUCbj8Qb0KBqegb,Good Morning,High Tropics,Good Morning,2022-12-09,23,171226,https://open.spotify.com/track/3I5Qq3AwUCbj8Qb0KBqegb,happy
7mzPAftljnsFmU6131Pqcd,Tripping Over Air,Aidan Bissett,Tripping Over Air,2022-09-09,58,182382,https://open.spotify.com/track/7mzPAftljnsFmU6131Pqcd,happy
1hy6Dic0L5SU1XqjhYY1TR,Accidentally In Love,Counting Crows,Shrek 2,2004-01-01,0,188893,https://open.spotify.com/track/1hy6Dic0L5SU1XqjhYY1TR,happy
68LD8P1989xcYJKZA3aqRV,Posh Kid,"Gasch, David Hong, Moo.",Posh Kid,2021-03-12,22,156000,https://open.spotify.com/track/68LD8P1989xcYJKZA3aqRV,happy
5zsvG3RApT8qMVl7673FqF,Shine On,The Kooks,Konk,2008-01-01,46,194240,https://open.spotify.com/track/5zsvG3RApT8qMVl7673FqF,happy
7KdF7Zac5eC9jutk9Qret4,The Wire,HAIM,Days Are Gone (Deluxe Edition),2013-01-01,57,245800,https://open.spotify.com/track/7KdF7Zac5eC9jutk9Qret4,happy
5EKEYEvTy8GYCDSCgLPUsn,Footloose,Right Right,Footloose,2021-10-22,22,168776,https://open.spotify.com/track/5EKEYEvTy8GYCDSCgLPUsn,happy
3kgF5sMaCPSrWh4HV6wIpG,I Don't Know What You See In Me,Belle and Sebastian,I Don't Know What You See In Me,2023-01-09,24,219360,https://open.spotify.com/track/3kgF5sMaCPSrWh4HV6wIpG,happy
1hmV2cFt3tJfvOc9zwzytY,Homesick,Arya,Homesick,2021-03-20,29,166400,https://open.spotify.com/track/1hmV2cFt3tJfvOc9zwzytY,happy
2JVwsN6viHjR9t5pCPQ4Br,Pretty Shining People,George Ezra,Staying at Tamara's,2018-03-23,57,212446,https://open.spotify.com/track/2JVwsN6viHjR9t5pCPQ4Br,happy
2zJGwCm2cqkb7q0qrOIMpY,Drinking Wine,Oscar Lang,Hand Over Your Head,2020-09-10,23,209803,https://open.spotify.com/track/2zJGwCm2cqkb7q0qrOIMpY,happy
5sOTKCZHyGi8zm9chdIlGa,She Better Come Through,Jordan Parker,She Better Come Through,2023-09-15,20,162541,https://open.spotify.com/track/5sOTKCZHyGi8zm9chdIlGa,happy
1Q8reqCOXg2yqNr47HGo9X,Norgaard,The Vaccines,What Did You Expect from the Vaccines?,2011-03-11,0,98400,https://open.spotify.com/track/1Q8reqCOXg2yqNr47HGo9X,happy
2kiJ5lZQZusgWwpqA7z2i1,I'm Good,The Mowgli's,I'm Good,2015-02-03,0,166920,https://open.spotify.com/track/2kiJ5lZQZusgWwpqA7z2i1,happy
6TMzuNLw1ZPgBqPKmnnObm,Desire,"Olly Alexander (Years & Years), Tove Lo",Communion (Deluxe),2015-07-10,60,203204,https://open.spotify.com/track/6TMzuNLw1ZPgBqPKmnnObm,happy
45s88Xopo6KvHc0PQ05aGg,My Generation - Mono Version,The Who,The Who Sings My Generation (U.S. Version),1966-04-01,48,198866,https://open.spotify.com/track/45s88Xopo6KvHc0PQ05aGg,happy
0FXJkC3XA6UOyvti331jQw,"Rudy, A Message To You",Dandy Livingstone,Massive Reggae,2008-01-01,0,152880,https://open.spotify.com/track/0FXJkC3XA6UOyvti331jQw,happy
37i2PeqCGD4WqfGZeQgmXy,Happy Hour,The Housemartins,Soup,2007-01-01,28,142440,https://open.spotify.com/track/37i2PeqCGD4WqfGZeQgmXy,happy
3eKkMH08IN5qbjp8wv6cV8,If You Wanna Be Happy,Jimmy Soul,If You Wanna Be Happy,2014-03-07,21,143229,https://open.spotify.com/track/3eKkMH08IN5qbjp8wv6cV8,happy
74mS2Q0bTQsq3dHuQ55Zj8,Everybody Talks,Neon Trees,Everybody Talks,2011-12-19,0,179386,https://open.spotify.com/track/74mS2Q0bTQsq3dHuQ55Zj8,happy
4p0NFm5EputEZSv8aMyoud,Get Up,Rival,Get Up,2021-05-28,30,171272,https://open.spotify.com/track/4p0NFm5EputEZSv8aMyoud,happy
4qbEaaJ29p32GI8EWQmm6R,dumb dumb,mazie,the rainbow cassette,2021-08-25,35,125256,https://open.spotify.com/track/4qbEaaJ29p32GI8EWQmm6R,happy
5yNEdBlZMxpcVtGKz5NFk5,Side Effects (feat. Emily Warren),"The Chainsmokers, Emily Warren",Sick Boy...Side Effects,2018-07-27,0,173613,https://open.spotify.com/track/5yNEdBlZMxpcVtGKz5NFk5,happy
6i9uagZQiliNoEW8Jp10dX,It's Love (but it's not mine),EUT,It's Love (but it's not mine),2019-10-10,0,223813,https://open.spotify.com/track/6i9uagZQiliNoEW8Jp10dX,happy
4HRa9ZWcmZ8JD7UySPu0wT,Don't Stop (Color on the Walls),Foster The People,Torches,2011-05-23,59,174920,https://open.spotify.com/track/4HRa9ZWcmZ8JD7UySPu0wT,happy
5CPayysVhU2BlNXw2kG59L,Got My Mind Set On You,Damien Leith,Now & Then,2012-04-23,35,227800,https://open.spotify.com/track/5CPayysVhU2BlNXw2kG59L,happy
1SZN00cfG8T8UxDmJeqjuv,Let's Fall in Love Some More,Al Bairre,Experience the Al Bairre Show With Al Bairre Experience,2015-11-21,35,198826,https://open.spotify.com/track/1SZN00cfG8T8UxDmJeqjuv,happy
4WkwaDueMMiU1bKHh31B6C,Alter Ego,KALEO,Alter Ego,2020-03-13,31,248132,https://open.spotify.com/track/4WkwaDueMMiU1bKHh31B6C,happy
1gStng1TuTLt0SaISWL14r,Smaller,Erik Hassle,Smaller,2015-11-20,24,205093,https://open.spotify.com/track/1gStng1TuTLt0SaISWL14r,happy
2KOt2JrCB720UxIbyzweQo,Barbara Ann,The Beach Boys,Spirit Of America,1975-04-14,60,133893,https://open.spotify.com/track/2KOt2JrCB720UxIbyzweQo,happy
1YyHm1dSJ2JBK0QK769Z82,Baby Love,Petite Meller,Lil Empire,2016-09-09,36,221721,https://open.spotify.com/track/1YyHm1dSJ2JBK0QK769Z82,happy
4fCHoHmwmX8LgAp6A1GULJ,LA Calling,Crystal Fighters,Cave Rave,2013-05-27,0,229243,https://open.spotify.com/track/4fCHoHmwmX8LgAp6A1GULJ,happy
7sXxvOVFtMr31xj0kX9BFV,Hit The Road Jack,"Jeff Zavac, The Craetts",Miami Lighthouse for the Blind Presents: Instrumental Magic,2006-10-01,0,129906,https://open.spotify.com/track/7sXxvOVFtMr31xj0kX9BFV,happy
3zdI8HDPKoMsCRkmpQTblk,San Francisco,The Mowgli's,Love's Not Dead EP,2012-01-01,24,172893,https://open.spotify.com/track/3zdI8HDPKoMsCRkmpQTblk,happy
76EeScTnI2sCjDY0SfEoSb,Work This Body,WALK THE MOON,TALKING IS HARD,2014-12-02,54,175906,https://open.spotify.com/track/76EeScTnI2sCjDY0SfEoSb,happy
1m2EwoCsZlX5JauNr9O4zk,Walkin' On The Sun,Smash Mouth,Smash Mouth (International Version),2001-01-01,0,205826,https://open.spotify.com/track/1m2EwoCsZlX5JauNr9O4zk,happy
5faGyT8owqkeioEf5PDeIB,Something That I Want,Grace Potter,Enredados (Rapunzel) OST,2011-01-01,0,163400,https://open.spotify.com/track/5faGyT8owqkeioEf5PDeIB,happy
0FeCO85RKW8fDRytwXof2x,Go Your Own Way,Fleetwood Mac,Rumours,1977-02-04,2,218400,https://open.spotify.com/track/0FeCO85RKW8fDRytwXof2x,happy
0mIPUewslxddIZHnWuPnMD,Song Away,Hockey,Song Away,2009-01-01,16,198320,https://open.spotify.com/track/0mIPUewslxddIZHnWuPnMD,happy
2XAZbgSesR2bdSNkBFJmyu,Heavy,Animal House,Heavy,2014-11-01,29,139088,https://open.spotify.com/track/2XAZbgSesR2bdSNkBFJmyu,happy
0XSxZ0cpHcZIpPA7TgSOwZ,99 Red Balloons,Nena,The Definitive 80's (eighties),2007-12-10,0,230186,https://open.spotify.com/track/0XSxZ0cpHcZIpPA7TgSOwZ,happy
1iF2TYT5ScZ2BStvrrxyrE,Sister Of Pearl,Baio,Sister Of Pearl,2015-06-16,0,253439,https://open.spotify.com/track/1iF2TYT5ScZ2BStvrrxyrE,happy
36sl2chZHvRyHlAooKr5va,So Lonely,The Police,The Very Best Of Sting And The Police,2002-01-01,0,287920,https://open.spotify.com/track/36sl2chZHvRyHlAooKr5va,happy
1ALSCAxmx0zSt27vzEtLkZ,It's Just Gotta Be That Way,Bobby Angelle,It’s Just Got To Be That Way / There Goes My Baby,2015-02-23,0,165426,https://open.spotify.com/track/1ALSCAxmx0zSt27vzEtLkZ,happy
3lo2RJDjqTUePp6KhGu3Eq,I Spy,Mikhael Paskalev,I Spy EP,2013-11-18,0,160933,https://open.spotify.com/track/3lo2RJDjqTUePp6KhGu3Eq,happy
2cT0rywZk7Mz7xZEpjdZde,On Our Way,The Royal Concept,Royal,2013-01-01,0,193853,https://open.spotify.com/track/2cT0rywZk7Mz7xZEpjdZde,happy
2Wbf4FpDxo9CGmepoV2RfU,Sweet About Me,Gabriella Cilmi,Sweet About Me (e-MAXI INT),2008-01-01,29,203280,https://open.spotify.com/track/2Wbf4FpDxo9CGmepoV2RfU,happy
6S9lcjREUTU4Yv5y7oMcv2,Woo Hoo,The 5.6.7.8's,Kill Bill Vol. 1 Original Soundtrack (PA Version),2003-09-23,14,119386,https://open.spotify.com/track/6S9lcjREUTU4Yv5y7oMcv2,happy
2hrsRRydXNtspNSehQU8RD,Paint a Smile On Me - Radio Edit,Black Yaya,Paint a Smile On Me,2013-09-09,0,203934,https://open.spotify.com/track/2hrsRRydXNtspNSehQU8RD,happy
2RjkntlqlkbPFQjufJf8G9,The Game of Love - Main/Radio Mix,"Santana, Michelle Branch",Ultimate Santana,2007-10-10,0,254213,https://open.spotify.com/track/2RjkntlqlkbPFQjufJf8G9,happy
6TGQYJzWx0IJrzK41mvSFG,Beat Of My Drum,POWERS,Legendary,2015-10-16,0,206280,https://open.spotify.com/track/6TGQYJzWx0IJrzK41mvSFG,happy
6cfPJNoqJsiikMm2TmpiwT,If You Wanna Stay,The Griswolds,Be Impressive,2014-08-25,0,159853,https://open.spotify.com/track/6cfPJNoqJsiikMm2TmpiwT,happy
6zkVSIgcGnqromeMTYmXv4,Pretoria Girls,Desmond and the Tutus,Enjoy Yourself,2015-11-02,35,262706,https://open.spotify.com/track/6zkVSIgcGnqromeMTYmXv4,happy
0HEmnAUT8PHznIAAmVXqFJ,Faith - Remastered,George Michael,Faith,1987-10-30,74,193200,https://open.spotify.com/track/0HEmnAUT8PHznIAAmVXqFJ,happy
2DPYlWl50ydYsnnuryL5aX,Cooler Than Me (feat. Big Sean),"Mike Posner, Big Sean",Cooler Than Me EP,2009-12-15,58,227840,https://open.spotify.com/track/2DPYlWl50ydYsnnuryL5aX,happy
73RGpQg8Cxtly4QuHtNiOd,Town Called Malice,The Jam,The Jam Story,2006-06-05,0,172866,https://open.spotify.com/track/73RGpQg8Cxtly4QuHtNiOd,happy
7mltbDRKBRKXff3dOtwqcA,I Gotta Have It,Jace Everett,Jace Everett,2006-01-01,22,163893,https://open.spotify.com/track/7mltbDRKBRKXff3dOtwqcA,happy
1YvAIf8NVPTlEwInU6mOBk,Moi je joue,Brigitte Bardot,Bubble Gum (Vol. 2),1994-01-01,0,102666,https://open.spotify.com/track/1YvAIf8NVPTlEwInU6mOBk,happy
4xZl9afc0L9yCoxLK7dVmx,Viva L'amour,Sabina,Toujours,2014-03-23,0,184693,https://open.spotify.com/track/4xZl9afc0L9yCoxLK7dVmx,happy
1gb5sUe1CuRBuT8twq8uhw,Walk Like an Egyptian,The Bangles,80s 100 Hits,2010-03-01,44,192813,https://open.spotify.com/track/1gb5sUe1CuRBuT8twq8uhw,happy
71D4LseR0RADPbyvMeTIHR,Can't Stand Me Now,The Libertines,The Libertines,2004,1,203733,https://open.spotify.com/track/71D4LseR0RADPbyvMeTIHR,happy
4cqHVuDLFbO1XCr4nmks4S,All I Wanna Do,Sheryl Crow,Tuesday Night Music Club,1993-08-03,0,272106,https://open.spotify.com/track/4cqHVuDLFbO1XCr4nmks4S,happy
095eK5hacN4Y9r7k8TyJ1B,Butterfly,Jason Mraz,We Sing. We Dance. We Steal Things. (Bonus Tracks Version),2008-05-01,46,299066,https://open.spotify.com/track/095eK5hacN4Y9r7k8TyJ1B,happy
6ACPfkfDfJfGGE4oKfbiRY,Pencil Full of Lead,Paolo Nutini,Sunny Side Up,2009-05-29,58,146733,https://open.spotify.com/track/6ACPfkfDfJfGGE4oKfbiRY,happy
4cacyP5c3PMlfnyjpg13xW,Betty (Get Money),Yung Gravy,Betty (Get Money),2022-06-10,63,146470,https://open.spotify.com/track/4cacyP5c3PMlfnyjpg13xW,happy
79M4YK2A4CNxvmdc6A7her,Dreaming,Smallpools,Dreaming,2013-05-20,26,216573,https://open.spotify.com/track/79M4YK2A4CNxvmdc6A7her,happy
4NH4xiPQ7TqNGqj6pZV4ki,Karma Chameleon,Culture Club,The Best Of Culture Club,1989-01-01,64,242200,https://open.spotify.com/track/4NH4xiPQ7TqNGqj6pZV4ki,happy
3PY6DWrkuIt6LZgFesrIkJ,Foundations,Kate Nash,Made of Bricks,2007-01-01,48,245133,https://open.spotify.com/track/3PY6DWrkuIt6LZgFesrIkJ,happy
3Q9FA2LP9Abih9xkFeNb6U,Time to Pretend,MGMT,Time to Pretend,2008-01-25,29,261000,https://open.spotify.com/track/3Q9FA2LP9Abih9xkFeNb6U,happy
2k1np6GRFvKjgjYfo2g39B,I Wanna Dance with Somebody (Who Loves Me),Whitney Houston,Whitney,1987-06-02,1,291293,https://open.spotify.com/track/2k1np6GRFvKjgjYfo2g39B,happy
6gobLJ63a1TNrSrU53tSj5,We're from Barcelona,I'm From Barcelona,Let Me Introduce My Friends,2006-04-26,35,182426,https://open.spotify.com/track/6gobLJ63a1TNrSrU53tSj5,happy
4fPBB44eDH71YohayI4eKV,You Only Live Once,The Strokes,First Impressions Of Earth,2006-01-03,70,189226,https://open.spotify.com/track/4fPBB44eDH71YohayI4eKV,happy
13pyGLYmBjYgvOMIEivX2K,I Don't Feel Like Dancin',Scissor Sisters,Ta-Dah,2006-01-01,59,288360,https://open.spotify.com/track/13pyGLYmBjYgvOMIEivX2K,happy
67ncFJWaIbJdqZl1bpEppz,Movin' on Up,Primal Scream,Screamadelica,1991-09-23,60,228266,https://open.spotify.com/track/67ncFJWaIbJdqZl1bpEppz,happy
6MByWSkfqebVmpPw3pA1uR,Reflections,MisterWives,Our Own House,2015-02-24,0,186440,https://open.spotify.com/track/6MByWSkfqebVmpPw3pA1uR,happy
1Ppwc43WYFEBXw2n1ePhDY,Footloose,Kenny Loggins,The Best Of The 80's,2007-12-10,42,225880,https://open.spotify.com/track/1Ppwc43WYFEBXw2n1ePhDY,happy
1qfYG2JrchEyJiqKnkE7YQ,What You Know,Two Door Cinema Club,Tourist History,2010-02-07,2,189693,https://open.spotify.com/track/1qfYG2JrchEyJiqKnkE7YQ,happy
0OM7XnLJnT441emHL5upvW,Happiness In Liquid Form,Alfie Templeman,Happiness in Liquid Form,2020-07-17,0,212824,https://open.spotify.com/track/0OM7XnLJnT441emHL5upvW,happy
3wcluZHyfuTzIXHfwXVAIE,Strangers,Mt. Joy,Rearrange Us,2020-06-05,1,193186,https://open.spotify.com/track/3wcluZHyfuTzIXHfwXVAIE,happy
5YAY2D4s3o0QNOpFwEsynX,Black Or White,Michael Jackson,Michael Jackson: The Ultimate Collection,2004-11-17,0,256186,https://open.spotify.com/track/5YAY2D4s3o0QNOpFwEsynX,happy
3CRDbSIZ4r5MsZ0YwxuEkn,Stressed Out,Twenty One Pilots,Blurryface,2015-05-15,85,202333,https://open.spotify.com/track/3CRDbSIZ4r5MsZ0YwxuEkn,happy
6N5xh0tYYLTQRiCCaNbAUt,Infinity,One Direction,Made In The A.M. (Deluxe Edition),2015-11-13,64,249480,https://open.spotify.com/track/6N5xh0tYYLTQRiCCaNbAUt,happy
1cOyWWUr3oXJIxY0AjJEx9,YOUTH,Troye Sivan,Blue Neighbourhood (Deluxe),2015-12-04,58,185194,https://open.spotify.com/track/1cOyWWUr3oXJIxY0AjJEx9,happy
0bmm9xZUJQDR1tBhWtIXVM,Wild Things,Alessia Cara,Know-It-All,2015-11-13,65,188493,https://open.spotify.com/track/0bmm9xZUJQDR1tBhWtIXVM,happy
3RiPr603aXAoi4GHyXx0uy,Hymn for the Weekend,Coldplay,A Head Full of Dreams,2015-12-04,83,258266,https://open.spotify.com/track/3RiPr603aXAoi4GHyXx0uy,happy
5S9lfZu1YF8xKkgSsqL2Bd,Elastic Heart,Sia,1000 Forms Of Fear (Deluxe Version),2015-05-04,68,257200,https://open.spotify.com/track/5S9lfZu1YF8xKkgSsqL2Bd,happy
0N3W5peJUQtI4eyR6GJT5O,King Kunta,Kendrick Lamar,To Pimp A Butterfly,2015-03-16,72,234693,https://open.spotify.com/track/0N3W5peJUQtI4eyR6GJT5O,happy
4tqcoej1zPvwePZCzuAjJd,Wet Dreamz,J. Cole,2014 Forest Hills Drive,2014-12-09,80,239266,https://open.spotify.com/track/4tqcoej1zPvwePZCzuAjJd,happy
5omYVLodGmaxnhua99xIE8,A.M.,One Direction,Made In The A.M. (Deluxe Edition),2015-11-13,62,209040,https://open.spotify.com/track/5omYVLodGmaxnhua99xIE8,happy
3bnVBN67NBEzedqQuWrpP4,Tear in My Heart,Twenty One Pilots,Blurryface,2015-05-15,74,188493,https://open.spotify.com/track/3bnVBN67NBEzedqQuWrpP4,happy
14hJ5tc1VCFMWhVn9axRTC,Life Of The Party,Shawn Mendes,Handwritten,2015-04-14,60,214533,https://open.spotify.com/track/14hJ5tc1VCFMWhVn9axRTC,happy
7tmtOEDxPN7CWaQWBsG1DY,Hold Back The River,James Bay,Chaos And The Calm,2015-03-23,56,238746,https://open.spotify.com/track/7tmtOEDxPN7CWaQWBsG1DY,happy
7FC9Lng8iXU081lbigu8m8,Heartbeat Song,Kelly Clarkson,Piece By Piece (Deluxe Version),2015-02-27,60,198733,https://open.spotify.com/track/7FC9Lng8iXU081lbigu8m8,happy
1Nwv3reisk3dVYJwuvuulA,Good Girls - Single Version,5 Seconds of Summer,Good Girls,2014-01-01,35,190858,https://open.spotify.com/track/1Nwv3reisk3dVYJwuvuulA,happy
14OxJlLdcHNpgsm4DRwDOB,Habits (Stay High),Tove Lo,Queen Of The Clouds,2014-01-01,77,209160,https://open.spotify.com/track/14OxJlLdcHNpgsm4DRwDOB,happy
6Xs7OKt6i0Ddq8B4M5Dgvr,New Americana,Halsey,BADLANDS,2015-08-28,60,183808,https://open.spotify.com/track/6Xs7OKt6i0Ddq8B4M5Dgvr,happy
5fsQSDifYpjfbCqvZKPVBj,She's Kinda Hot,5 Seconds of Summer,Sounds Good Feels Good (Deluxe),2015-10-23,65,216454,https://open.spotify.com/track/5fsQSDifYpjfbCqvZKPVBj,happy
3G6hD9B2ZHOsgf4WfNu7X1,Team,Lorde,Pure Heroine,2013-09-27,81,193058,https://open.spotify.com/track/3G6hD9B2ZHOsgf4WfNu7X1,happy
5L95vS64rG1YMIFm1hLjyZ,Rollercoaster,Bleachers,Strange Desire,2014-07-14,64,188866,https://open.spotify.com/track/5L95vS64rG1YMIFm1hLjyZ,happy
1MSM3Fo2fvnwVqMcz8Jhjq,Cecilia And The Satellite,Andrew McMahon in the Wilderness,Andrew McMahon In The Wilderness,2014-10-13,56,223879,https://open.spotify.com/track/1MSM3Fo2fvnwVqMcz8Jhjq,happy
7lGKEWMXVWWTt3X71Bv44I,Unsteady,X Ambassadors,VHS,2015-06-30,73,193546,https://open.spotify.com/track/7lGKEWMXVWWTt3X71Bv44I,happy
3Q2tKt6gKdn9LUMcHFxNJy,Raging Fire,Phillip Phillips,Behind The Light (Deluxe),2014-01-01,54,234693,https://open.spotify.com/track/3Q2tKt6gKdn9LUMcHFxNJy,happy
0wwPcA6wtMf6HUMpIRdeP7,Hotline Bling,Drake,Views,2016-05-06,81,267066,https://open.spotify.com/track/0wwPcA6wtMf6HUMpIRdeP7,happy
5zUQZjVB6bfewBXWqsP9PY,Here,Alessia Cara,Know-It-All,2015-11-13,77,199453,https://open.spotify.com/track/5zUQZjVB6bfewBXWqsP9PY,happy
0Y1MWB026LYxGvhq4EcMiC,Boom Clap,Charli xcx,SUCKER,2014-12-15,64,169866,https://open.spotify.com/track/0Y1MWB026LYxGvhq4EcMiC,happy
15iosIuxC3C53BgsM5Uggs,All Night,Icona Pop,THIS IS... ICONA POP,2013-08-23,64,187026,https://open.spotify.com/track/15iosIuxC3C53BgsM5Uggs,happy
2YuUy4hBCVm4L5IRHu0iVl,Messy,Lola Young,Messy,2024-05-30,68,284068,https://open.spotify.com/track/2YuUy4hBCVm4L5IRHu0iVl,happy
2oADPwknKEfMtwpMnr7xfg,Espresso,Sabrina Carpenter,Espresso,2024-04-11,64,175459,https://open.spotify.com/track/2oADPwknKEfMtwpMnr7xfg,happy
5SxahezRlC0saXbCALfB7c,End of the World,Miley Cyrus,End of the World,2025-04-04,73,250483,https://open.spotify.com/track/5SxahezRlC0saXbCALfB7c,happy
7zJmW0066jDBr2uUNthpzQ,Another Dimension,"Dani Vidi, Poul, Alberto Ciccarini, Roundrobin",Another Dimension,2025-10-03,40,162187,https://open.spotify.com/track/7zJmW0066jDBr2uUNthpzQ,happy
4oZTxFkdCdzEWqaVrUr7ru,Do It Like Me,"DANÊL, KONNA, Still Tech",Do It Like Me,2025-07-11,32,133125,https://open.spotify.com/track/4oZTxFkdCdzEWqaVrUr7ru,happy
5C8ySsx3AT121g24uYR823,NO BAD DAYS (feat. Collett),"Macklemore, Collett",BEN,2023-03-03,57,173453,https://open.spotify.com/track/5C8ySsx3AT121g24uYR823,happy
7BRD7x5pt8Lqa1eGYC4dzj,CHIHIRO,Billie Eilish,HIT ME HARD AND SOFT,2024-05-17,86,303440,https://open.spotify.com/track/7BRD7x5pt8Lqa1eGYC4dzj,happy
1U527ta596lcd4cToVdsAl,Crying Clouds,"Alosa, Elle Blue",Crying Clouds,2025-08-08,36,156863,https://open.spotify.com/track/1U527ta596lcd4cToVdsAl,happy
4NQWc71OKx3czhBgYVz1Jg,In Another Life,"Foínix, Edward Maya, Rolipso, Jake Neumar",In Another Life,2025-02-07,42,145588,https://open.spotify.com/track/4NQWc71OKx3czhBgYVz1Jg,happy
7nJo3lvF0UnZuiOFUXLpKx,The Way That It Goes,"Bayshore Court, Erick Ram",The Way That It Goes,2025-07-11,32,132217,https://open.spotify.com/track/7nJo3lvF0UnZuiOFUXLpKx,happy
2vnMxYSg9rpcVVMn0GuCbT,Love Me Now,"John De Sohn, Sam Gray",Love Me Now,2025-07-18,50,178974,https://open.spotify.com/track/2vnMxYSg9rpcVVMn0GuCbT,happy
6Hht0SIzJwQYBkDD07Dnoj,Thunder,"Lucas Estrada, Brendan Mills, BELLA X, LRMEO",Thunder,2023-04-20,45,156985,https://open.spotify.com/track/6Hht0SIzJwQYBkDD07Dnoj,happy
4OMJGnvZfDvsePyCwRGO7X,Houdini,Dua Lipa,Houdini,2023-11-09,12,185917,https://open.spotify.com/track/4OMJGnvZfDvsePyCwRGO7X,happy
110ZaCAvA9F4SiECQD9IXL,Enemy,"KALUMA, Rory Hope",Enemy,2025-03-14,28,151889,https://open.spotify.com/track/110ZaCAvA9F4SiECQD9IXL,happy
0NZ5vWOfNGxrp49Df2lO5K,Never Have I Ever,"Maike, Nander",Never Have I Ever,2024-11-21,29,151811,https://open.spotify.com/track/0NZ5vWOfNGxrp49Df2lO5K,happy
6JBfByv9Um8aeC8nHKnC0O,Love On Repeat,"Lucas Estrada, LIAMOO",Love On Repeat,2024-05-17,40,139063,https://open.spotify.com/track/6JBfByv9Um8aeC8nHKnC0O,happy
1UYnuxsScsS2INJyb55HgT,On My Way,Adam Woods,On My Way,2024-11-22,26,158112,https://open.spotify.com/track/1UYnuxsScsS2INJyb55HgT,happy
0zXxVQnMHZ4WsCmvgW5ZOb,For You,"Dominic Neill, OCEANS",For You,2024-10-24,29,166774,https://open.spotify.com/track/0zXxVQnMHZ4WsCmvgW5ZOb,happy
1kdwyzH4Ru6glHvmp2vTLN,Bittersweet,"Daniel McMillan, Nander",Bittersweet,2024-10-11,44,168736,https://open.spotify.com/track/1kdwyzH4Ru6glHvmp2vTLN,happy
1S3g8sQgKAfdBzoku0MS1c,Waiting For Tonight,Deepierro,Waiting For Tonight,2025-05-30,36,147111,https://open.spotify.com/track/1S3g8sQgKAfdBzoku0MS1c,happy
4HtiMbu6sqU7ay37b4J958,Keep Holding On,"Steeg, okafuwa",Keep Holding On,2025-01-30,24,145777,https://open.spotify.com/track/4HtiMbu6sqU7ay37b4J958,happy
5fZJQrFKWQLb7FpJXZ1g7K,A Bar Song (Tipsy),Shaboozey,"Where I've Been, Isn't Where I'm Going",2024-05-31,80,171291,https://open.spotify.com/track/5fZJQrFKWQLb7FpJXZ1g7K,happy
4jCOgSzNJacx4i5QeIyLRH,We Don't Talk Anymore,Lost Ways,We Don't Talk Anymore,2024-08-23,31,139672,https://open.spotify.com/track/4jCOgSzNJacx4i5QeIyLRH,happy
5P4hgCLqkd3EhPzsAfPqUG,Lost it a Little,"Lucas Estrada, PollyAnna",Lost it a Little,2024-09-26,35,191119,https://open.spotify.com/track/5P4hgCLqkd3EhPzsAfPqUG,happy
4TFM9YqCi3oW9QpQ69A9Bn,Wish It Was You,"EZTON, Lost Astro, Robbie Rosen",Wish It Was You,2025-04-25,22,135000,https://open.spotify.com/track/4TFM9YqCi3oW9QpQ69A9Bn,happy
2dDu0NOngbxdfnSB6UWz1H,Paranoia,"Arem Ozguc, Arman Aydin, KOOLKID",Paranoia,2024-08-30,22,127633,https://open.spotify.com/track/2dDu0NOngbxdfnSB6UWz1H,happy
1yEydyCInTqRcyTmd8HcJy,You And I,"KLEPTO, Ravven",You And I,2025-09-19,37,117000,https://open.spotify.com/track/1yEydyCInTqRcyTmd8HcJy,happy
34acHhpgYWaRYlw26xF375,Fractured Heart,Oceanside,Fractured Heart,2024-08-23,22,131803,https://open.spotify.com/track/34acHhpgYWaRYlw26xF375,happy
0HCUe9ixxhSQUW01og6CNr,Whatever I Do,"Viva La Panda, Swizznife",Whatever I Do,2024-04-19,23,125864,https://open.spotify.com/track/0HCUe9ixxhSQUW01og6CNr,happy
6PbvTkvNlc3teaI6hOrq0g,Royal,Maike,Royal,2023-12-01,33,131076,https://open.spotify.com/track/6PbvTkvNlc3teaI6hOrq0g,happy
16E4o7niN5bQ1xrbUgaIin,Just Friends,Pierre Le Fonde,Just Friends,2025-09-29,38,170320,https://open.spotify.com/track/16E4o7niN5bQ1xrbUgaIin,happy
12zbo1dhWLBxdrOZLGO9yk,Better Alone,"Jasmin Walia, Leventis",Better Alone,2024-09-27,23,182325,https://open.spotify.com/track/12zbo1dhWLBxdrOZLGO9yk,happy
4nrPB8O7Y7wsOCJdgXkthe,"Shakira: Bzrp Music Sessions, Vol. 53/66","Bizarrap, Shakira","Shakira: Bzrp Music Sessions, Vol. 53/66",2023-01-11,75,214945,https://open.spotify.com/track/4nrPB8O7Y7wsOCJdgXkthe,happy
4xfe65RFV2JTGCc9Of8jZY,Lucky You,"Andy Dust, Cyril M, Mougleta",Lucky You,2023-09-22,28,142000,https://open.spotify.com/track/4xfe65RFV2JTGCc9Of8jZY,happy
4JbD7yuBd6WltB8eAszwPD,Close Your Eyes,"Lucas Estrada, Tribbs, Stephen Puth",Close Your Eyes,2024-01-12,38,141047,https://open.spotify.com/track/4JbD7yuBd6WltB8eAszwPD,happy
7kDUspsoYfLkWnZR7qwHZl,my ex's best friend (with blackbear),"mgk, blackbear",Tickets To My Downfall,2020-09-25,73,139460,https://open.spotify.com/track/7kDUspsoYfLkWnZR7qwHZl,happy
4Bhm5Ah668CKywhtZcq3Nl,Bullet,"Nander, Daniel McMillan, The High",Bullet,2024-02-16,42,139091,https://open.spotify.com/track/4Bhm5Ah668CKywhtZcq3Nl,happy
6wz9UGkB3LYyIHV2B3z9Dw,Last goodbye,"KUYA, Calypso",Last goodbye,2024-01-12,28,141044,https://open.spotify.com/track/6wz9UGkB3LYyIHV2B3z9Dw,happy
4pgiss6ABDmy02cfLjkDBt,Listen To Your Heart,"Badjack, harley., Dreamquest",Listen To Your Heart,2024-07-12,30,135916,https://open.spotify.com/track/4pgiss6ABDmy02cfLjkDBt,happy
6Ndz6v9hUupSKbuonYbtM1,One Last Time,"Lucas Estrada, Sam Gray",One Last Time,2023-09-01,37,147512,https://open.spotify.com/track/6Ndz6v9hUupSKbuonYbtM1,happy
4nbJB6JOId2Glge8FZS4hH,Memories,Madison Mars,Memories,2024-04-12,57,135000,https://open.spotify.com/track/4nbJB6JOId2Glge8FZS4hH,happy
5sfTqBeFmvnSssDV37CySy,Back In My Head,"KUYA, Calypso",Back In My Head,2024-04-12,23,139746,https://open.spotify.com/track/5sfTqBeFmvnSssDV37CySy,happy
6xprUyAd01A3pWBhUoWL7m,Something Amazing,"Mathieu Koss, Bolier",Something Amazing,2023-11-03,28,160975,https://open.spotify.com/track/6xprUyAd01A3pWBhUoWL7m,happy
2pjVxnFTFIKq07uQYRsNWk,Remember,"Alex D'Rosso, ZHIKO, Fred Michael",Remember,2024-09-06,23,210000,https://open.spotify.com/track/2pjVxnFTFIKq07uQYRsNWk,happy
4ahSuFCAAfGieXVCttlRpp,Automatic,"Steerner, TEN TIMES",Automatic,2025-03-28,2,127258,https://open.spotify.com/track/4ahSuFCAAfGieXVCttlRpp,happy
3wNt4DRane7yasbJEfR0hX,So Close,"John De Sohn, Hanno, ZANA",So Close,2023-11-17,26,168480,https://open.spotify.com/track/3wNt4DRane7yasbJEfR0hX,happy
4cPuH3W9VWeknPPdSYSn2I,Before It Gets Bad,"KUYA, Calypso",Before It Gets Bad,2023-11-17,28,124545,https://open.spotify.com/track/4cPuH3W9VWeknPPdSYSn2I,happy
7osOLs23Dmnz6eOGk8eZoN,Sugar,"Niteblue, Ella Elias",Sugar,2023-03-30,46,132702,https://open.spotify.com/track/7osOLs23Dmnz6eOGk8eZoN,happy
2sru5unW8B5KguId0rGVA0,Broken Love,"RAZZ, Jay Tastic",Broken Love,2023-08-18,26,156500,https://open.spotify.com/track/2sru5unW8B5KguId0rGVA0,happy
3bJMqNigsSMc4Lx48v11Qm,Needed You,"KUYA, Calypso",Needed You,2024-03-15,22,132931,https://open.spotify.com/track/3bJMqNigsSMc4Lx48v11Qm,happy
6aNZx8yIL048FzYyZuU28A,Melody,"Deepierro, Alex D'Rosso",Melody,2023-12-22,24,146571,https://open.spotify.com/track/6aNZx8yIL048FzYyZuU28A,happy
27SR8YuE7p5QVKfUJUrAai,Can You Stay,"Amero, MusicByDavid",Can You Stay,2025-04-25,21,132000,https://open.spotify.com/track/27SR8YuE7p5QVKfUJUrAai,happy
4KJXSdxwyYRfHe9W0U9y3b,All That She Wants,"DAZZ, CALVO, Raïko",All That She Wants,2023-09-15,27,172363,https://open.spotify.com/track/4KJXSdxwyYRfHe9W0U9y3b,happy
5aLzdpgt4350XRDQsS1XnS,For You I Will,LVSN,For You I Will,2023-09-22,28,142857,https://open.spotify.com/track/5aLzdpgt4350XRDQsS1XnS,happy
1xWxfO3AAmPyzuZjEDSvHU,Yamo,"Moses, Musa Abi",Yamo,2025-06-06,24,158774,https://open.spotify.com/track/1xWxfO3AAmPyzuZjEDSvHU,happy
0vdzQeelxFWXn91NsAP3Bt,Dazed & Confused,"Krimsonn, SEIDS",Dazed & Confused,2025-04-18,21,135340,https://open.spotify.com/track/0vdzQeelxFWXn91NsAP3Bt,happy
1H8zGbIKEGz4SPqfJ6PdiV,Bonnie & Clyde,KALUMA,Bonnie & Clyde,2023-08-11,36,153987,https://open.spotify.com/track/1H8zGbIKEGz4SPqfJ6PdiV,happy
7IMm6HhlJF5PVpOCRVVHST,Together,"LUVE, Emily J",Together,2023-11-10,26,162720,https://open.spotify.com/track/7IMm6HhlJF5PVpOCRVVHST,happy
1YtpKj4rlWA4EyAsccQCQC,Dance Alone,Alex Alexander,Dance Alone,2024-05-17,40,127919,https://open.spotify.com/track/1YtpKj4rlWA4EyAsccQCQC,happy
1vxPzoLlipoir9nfaGUX95,Walking On Water,"Jordan Rys, LEØN",Walking On Water,2023-10-13,24,133292,https://open.spotify.com/track/1vxPzoLlipoir9nfaGUX95,happy
3GHHMFQzeuStWfG45ee3FA,Would I Lie To You,"BAYZY, Masove, Swizznife",Would I Lie To You,2023-03-10,34,129756,https://open.spotify.com/track/3GHHMFQzeuStWfG45ee3FA,happy
3vnmnrIuNrlNfrrrzZ69me,This Is The Life,"Sarah de Warren, Charming Horses, Hanno",This Is The Life,2023-07-28,36,177519,https://open.spotify.com/track/3vnmnrIuNrlNfrrrzZ69me,happy
6TEp0noQUlDZCz0eDKrsQE,Believe,Pierre Le Fonde,Believe,2025-06-20,30,141290,https://open.spotify.com/track/6TEp0noQUlDZCz0eDKrsQE,happy
5zhwo2ZgRSJhDoPP3fS1Di,Sunflower,"BAYZY, Oleria, OVERHEAT",Sunflower,2023-02-24,0,122000,https://open.spotify.com/track/5zhwo2ZgRSJhDoPP3fS1Di,happy
4Ecs7VhnTa0llDM1ow2I4g,Safe & Sound,"Nikita Rise, Matvey Emerson, Della",Safe & Sound,2025-10-17,33,113898,https://open.spotify.com/track/4Ecs7VhnTa0llDM1ow2I4g,happy
0lBwoEOqZNwm07Pd8Hwj3L,Please Please Please,Sabrina Carpenter,Please Please Please,2024-06-06,58,186365,https://open.spotify.com/track/0lBwoEOqZNwm07Pd8Hwj3L,happy
2ipIPsgrgd0j2beDf4Ki70,Mystical Magical,Benson Boone,American Heart,2025-06-20,84,165746,https://open.spotify.com/track/2ipIPsgrgd0j2beDf4Ki70,happy
1KSPuERBxyErKcJDhlyRJ8,R.I.P.,"half•alive, The Walters",R.I.P.,2025-03-21,41,184259,https://open.spotify.com/track/1KSPuERBxyErKcJDhlyRJ8,happy
4t25XOXcvDXecxERNjWigj,Freefall,Raymond Revel,Freefall,2024-05-23,35,146043,https://open.spotify.com/track/4t25XOXcvDXecxERNjWigj,happy
3ssOsOXaa7DdT3MMcZnx60,No Voodoo,Kelsey Breedlove,No Voodoo,2025-07-18,25,202808,https://open.spotify.com/track/3ssOsOXaa7DdT3MMcZnx60,happy
0LZGPg0ZXFJnnbyMS8alQ2,Sorry Soul,Oversoon,Sorry Soul,2024-10-18,24,157805,https://open.spotify.com/track/0LZGPg0ZXFJnnbyMS8alQ2,happy
7dXY4oHP51599HTGQJHJJT,Automatic,half•alive,Persona,2024-11-15,54,193887,https://open.spotify.com/track/7dXY4oHP51599HTGQJHJJT,happy
3RpeupevxYJvFMjvd5Gxv0,Daydreams,almost a.m.,"Doing Nothing, Going Nowhere",2025-04-25,31,175000,https://open.spotify.com/track/3RpeupevxYJvFMjvd5Gxv0,happy
5nPuBPfyzVdNkplQPO2zg4,IMAGINATION,Modern Temple,IMAGINATION,2025-03-14,10,186206,https://open.spotify.com/track/5nPuBPfyzVdNkplQPO2zg4,happy
66Wx4OnfAhYfzFVIVellqu,Comeback Story,Chad Fields,Comeback Story,2024-08-02,11,208320,https://open.spotify.com/track/66Wx4OnfAhYfzFVIVellqu,happy
31XxRxQ4g4mVkHoJwhCJ5z,Coffee Cake,Benson Boone,PULSE,2023-05-05,64,186540,https://open.spotify.com/track/31XxRxQ4g4mVkHoJwhCJ5z,happy
0pwiyFnp7aEbjkvIyYx0Pl,Revenge Bedtime Procrastination,almost a.m.,Revenge Bedtime Procrastination,2025-01-24,33,206200,https://open.spotify.com/track/0pwiyFnp7aEbjkvIyYx0Pl,happy
3ngjq0C1z1kVYAdBH5114w,Every Little Thing I Say I Do,Dayglow,Every Little Thing I Say I Do,2024-05-03,0,180209,https://open.spotify.com/track/3ngjq0C1z1kVYAdBH5114w,happy
2d1xLkCen5Ka8eQUV5Z7cD,FeelsSoRight,ENTROPI,FeelsSoRight,2024-11-08,8,207195,https://open.spotify.com/track/2d1xLkCen5Ka8eQUV5Z7cD,happy
7FbrGaHYVDmfr7KoLIZnQ7,Cupid - Twin Ver.,FIFTY FIFTY,The Beginning: Cupid,2023-02-24,5,174253,https://open.spotify.com/track/7FbrGaHYVDmfr7KoLIZnQ7,happy
0GKcB5Q4OFd5xRVVRUKcAo,Shotgun,Chad Fields,Shotgun,2019-08-09,8,182521,https://open.spotify.com/track/0GKcB5Q4OFd5xRVVRUKcAo,happy
1n2utHVbSgYcZ8x8JiqJVQ,Dollar,Electric Guest,KIN,2019-10-17,19,208613,https://open.spotify.com/track/1n2utHVbSgYcZ8x8JiqJVQ,happy
5kJ4BWZ9Y1qFIwwTbMIxYX,The Difference,"Flume, Toro y Moi",The Difference,2020-03-11,67,139662,https://open.spotify.com/track/5kJ4BWZ9Y1qFIwwTbMIxYX,happy
4inPxqHrj9VmjLx5JCDCV4,Waffle House,Jonas Brothers,The Album,2023-05-12,67,145440,https://open.spotify.com/track/4inPxqHrj9VmjLx5JCDCV4,happy
5VxmI3IdgAxWVvUnJoLuY2,Speed Drive (From Barbie The Album),Charli xcx,Speed Drive (From Barbie The Album),2023-06-29,67,117809,https://open.spotify.com/track/5VxmI3IdgAxWVvUnJoLuY2,happy
2kBI1UaYttj52mO0Afklhc,Inertia,AJR,The Maybe Man,2023-11-10,35,220933,https://open.spotify.com/track/2kBI1UaYttj52mO0Afklhc,happy
3kLdFL9u7IjIQRAzazIKxG,Honestly,Oversoon,Honestly,2023-09-15,21,177500,https://open.spotify.com/track/3kLdFL9u7IjIQRAzazIKxG,happy
3gfve6BgoTkZK3uBkqttz8,adios,JAWNY,adios,2022-09-14,46,203502,https://open.spotify.com/track/3gfve6BgoTkZK3uBkqttz8,happy
7HvaSHhnHMaam0uZpjs8IO,Touchy Feely Fool,AJR,The Maybe Man,2023-11-10,31,215000,https://open.spotify.com/track/7HvaSHhnHMaam0uZpjs8IO,happy
7lcuUkp4LjPflvzPjemDzw,Choose Your Fighter,Ava Max,Barbie The Album,2023-07-21,61,137514,https://open.spotify.com/track/7lcuUkp4LjPflvzPjemDzw,happy
2QrcZL76Rm0uoLlAERAn8U,Strawberry Lemonade,Fulton Lee,Bullseye,2023-08-04,48,166666,https://open.spotify.com/track/2QrcZL76Rm0uoLlAERAn8U,happy
6ZtokMewQqLVYV1joFnvGa,All My Love,New Paris,All My Love,2024-05-24,13,245718,https://open.spotify.com/track/6ZtokMewQqLVYV1joFnvGa,happy
5sLEmcvR8qwxE0nh0fqGr1,Drink Water (feat. Jon Bellion and Fireboy DML),"Jon Batiste, Jon Bellion, Fireboy DML",Drink Water,2023-07-12,37,169708,https://open.spotify.com/track/5sLEmcvR8qwxE0nh0fqGr1,happy
4wk7glc3dfDHTmIpUkGrfK,Rollerblades,STVN,Rollerblades,2022-10-28,20,162935,https://open.spotify.com/track/4wk7glc3dfDHTmIpUkGrfK,happy
7c0se2w4QXZ9V4MoHWhshC,Ride or Die,Hippo Campus,LP3,2022-02-04,40,210608,https://open.spotify.com/track/7c0se2w4QXZ9V4MoHWhshC,happy
2Ij2B2yHAwGFWVLDb4wvBf,Golden Image,Madison Taylor,Golden Image,2024-08-23,6,231744,https://open.spotify.com/track/2Ij2B2yHAwGFWVLDb4wvBf,happy
3LMbVR5cYVK5ovMCR3tyDO,Nobody,half•alive,Conditions Of A Punk,2022-12-02,38,206640,https://open.spotify.com/track/3LMbVR5cYVK5ovMCR3tyDO,happy
6ixHCUU3ubNg3i162MwXBi,Caught Up,Oversoon,Caught Up,2022-01-14,23,217894,https://open.spotify.com/track/6ixHCUU3ubNg3i162MwXBi,happy
5wN19XPQTyLLcWs7EG0ljH,BEST FRIEND - julie on the internet Remix,"Jess Ray, julie on the internet",BEST FRIEND Summer Remix EP,2023-07-14,15,181124,https://open.spotify.com/track/5wN19XPQTyLLcWs7EG0ljH,happy
3KkXRkHbMCARz0aVfEt68P,Sunflower - Spider-Man: Into the Spider-Verse,"Post Malone, Swae Lee",Spider-Man: Into the Spider-Verse (Soundtrack From & Inspired by the Motion Picture),2018-12-14,82,158040,https://open.spotify.com/track/3KkXRkHbMCARz0aVfEt68P,happy
1D6A1gOwZaf5rZmV3XtmUL,Boomerang,Dawson Hollow,Boomerang,2023-08-18,0,181583,https://open.spotify.com/track/1D6A1gOwZaf5rZmV3XtmUL,happy
2V2P7pNMrtgEYHq9styA6u,Calling Your Name,Jon Batiste,Calling Your Name,2023-06-28,33,116976,https://open.spotify.com/track/2V2P7pNMrtgEYHq9styA6u,happy
4iUO81thBefpfr8z3n7p7E,Quarter Way,almost a.m.,Quarter Way,2023-03-10,20,214586,https://open.spotify.com/track/4iUO81thBefpfr8z3n7p7E,happy
7Ce6KEAUXBAVW6BsMCpKNz,Hammerman and I,Oversoon,Hourglass Relations,2020-10-02,0,229433,https://open.spotify.com/track/7Ce6KEAUXBAVW6BsMCpKNz,happy
50PyquzZ9BaBwLZZd1AuuV,Close To You,Dayglow,Harmony House,2021-05-21,63,194693,https://open.spotify.com/track/50PyquzZ9BaBwLZZd1AuuV,happy
4elrB80vHXLrHxsmLtso8E,Won't Have to Break,Stephen Day,The Shapes I'm In,2021-08-20,27,110205,https://open.spotify.com/track/4elrB80vHXLrHxsmLtso8E,happy
1MeQJmRY0bhWHBifD2dL7I,Story,"Kings Kaleidoscope, Madison Ryann Ward",Story,2023-03-17,22,212374,https://open.spotify.com/track/1MeQJmRY0bhWHBifD2dL7I,happy
0ioTTk5l0Zz7Oh48qEocgj,KEEP IT UP,Rex Orange County,KEEP IT UP,2022-01-26,45,183000,https://open.spotify.com/track/0ioTTk5l0Zz7Oh48qEocgj,happy
2qP9lVJb52SRLVOLxm3lzN,Hypotheticals - Edit,Lake Street Dive,Hypotheticals,2021-02-11,0,190647,https://open.spotify.com/track/2qP9lVJb52SRLVOLxm3lzN,happy
0CWvHfEwbeBVN0RViTybvL,Medicine,Dayglow,Harmony House,2021-05-21,0,229173,https://open.spotify.com/track/0CWvHfEwbeBVN0RViTybvL,happy
329lQ5PrYAfHTyFkGRhkdn,Losin' Myself,New Paris,Losin' Myself,2025-06-20,10,217569,https://open.spotify.com/track/329lQ5PrYAfHTyFkGRhkdn,happy
7JJmb5XwzOO8jgpou264Ml,There's Nothing Holdin' Me Back,Shawn Mendes,Illuminate (Deluxe),2017-04-20,86,199440,https://open.spotify.com/track/7JJmb5XwzOO8jgpou264Ml,happy
5G345YEhvleYxQLfYUlEFv,Moonlit Floor (Kiss Me),LISA,Moonlit Floor (Kiss Me),2024-10-08,56,155757,https://open.spotify.com/track/5G345YEhvleYxQLfYUlEFv,happy
2Zo1PcszsT9WQ0ANntJbID,Feather,Sabrina Carpenter,emails i can’t send fwd:,2023-03-17,82,185552,https://open.spotify.com/track/2Zo1PcszsT9WQ0ANntJbID,happy
3siwsiaEoU4Kuuc9WKMUy5,No One Noticed,The Marías,Submarine,2024-05-31,89,236906,https://open.spotify.com/track/3siwsiaEoU4Kuuc9WKMUy5,happy
5QGsX9wbAPSRnWT18lV9DD,The Big Five,Pete Josef,The Big Five,2025-09-12,34,240012,https://open.spotify.com/track/5QGsX9wbAPSRnWT18lV9DD,happy
3aN3cZyReMqPeNRL4NEsFs,Kindness & Love (I feel safe),Waiting for Smith,Kindness & Love (I feel safe),2025-08-15,35,118366,https://open.spotify.com/track/3aN3cZyReMqPeNRL4NEsFs,happy
3aGC2lWoDRdfT5Wd8Nmmbk,Ophelia,"TWOPILOTS, Xtina Louise",Ophelia,2025-04-18,55,164733,https://open.spotify.com/track/3aGC2lWoDRdfT5Wd8Nmmbk,happy
26rzDHp6iMMnCRt04OPEcB,Good Vibes Only,"Hot Chelle Rae, Mitchy & André, NASHUP",Good Vibes Only,2024-03-15,35,164221,https://open.spotify.com/track/26rzDHp6iMMnCRt04OPEcB,happy
6SAnmQd5fhGoObOvW3riyJ,Feels Like a Sunday,Mitchy & André,Feels Like a Sunday,2023-08-04,34,139404,https://open.spotify.com/track/6SAnmQd5fhGoObOvW3riyJ,happy
0O6u0VJ46W86TxN9wgyqDj,I Like You (A Happier Song) (with Doja Cat),"Post Malone, Doja Cat",Twelve Carat Toothache,2022-06-03,75,192840,https://open.spotify.com/track/0O6u0VJ46W86TxN9wgyqDj,happy
25PTeiRupSp1zasnsNfJxU,Shape Of You,"Navagio, Kid On The Block",Shape Of You,2022-01-20,37,157647,https://open.spotify.com/track/25PTeiRupSp1zasnsNfJxU,happy
6WO7IDGLakjO38lsvI2gHB,Slow It Down,Benson Boone,Slow It Down,2024-03-21,70,161831,https://open.spotify.com/track/6WO7IDGLakjO38lsvI2gHB,happy
7pkTm38dEoB2ff1tDErRy0,Sexy And I Know It,"MITCH DB, Navagio",Sexy And I Know It,2023-05-25,57,170853,https://open.spotify.com/track/7pkTm38dEoB2ff1tDErRy0,happy
1xQ6trAsedVPCdbtDAmk0c,Savage Love (Laxed - Siren Beat),"Jawsh 685, Jason Derulo",Savage Love (Laxed - Siren Beat),2020-06-11,70,171374,https://open.spotify.com/track/1xQ6trAsedVPCdbtDAmk0c,happy
2lEgBOKJhlyGe1bAUHULlw,should i stay,"someday, steezy prime",should i stay,2025-07-18,57,115294,https://open.spotify.com/track/2lEgBOKJhlyGe1bAUHULlw,happy
2zzaQdua8okxFd8l6ERSbN,Those Morning Dreams,"Mondo Loops, Midnight Hour",Those Morning Dreams,2024-11-29,43,138701,https://open.spotify.com/track/2zzaQdua8okxFd8l6ERSbN,happy
5V0EoR2fDvV8SoiwnQsoG7,Breathe In,"Zeyn, terrarium.",Breathe In,2025-08-15,39,122926,https://open.spotify.com/track/5V0EoR2fDvV8SoiwnQsoG7,happy
2pWD7rZUvNro6soHsIENBb,By Your Side,Dosi,Mind,2025-02-28,36,102089,https://open.spotify.com/track/2pWD7rZUvNro6soHsIENBb,happy
3u46LAjYXrRqWleIdn0CWp,hummingbirds,"skyswimming, Charlee Nguyen",hummingbirds,2025-07-18,38,118596,https://open.spotify.com/track/3u46LAjYXrRqWleIdn0CWp,happy
0FvrZeZhzI7maqp7eU4XLd,Changing Forest,"Midnight Hour, RINZ.",Changing Forest,2025-03-28,39,103291,https://open.spotify.com/track/0FvrZeZhzI7maqp7eU4XLd,happy
5hz5VGvXU96I5aU2is6zxA,Nightglow,Wavesoul,Nightglow,2024-12-20,37,139200,https://open.spotify.com/track/5hz5VGvXU96I5aU2is6zxA,happy
0wgYCKp0sOKQ8V2RrrDvQE,resilience,"Kichiro, steezy prime",resilience,2025-08-15,39,113333,https://open.spotify.com/track/0wgYCKp0sOKQ8V2RrrDvQE,happy
5oLtVAeOhWWLPkcrPY4cFd,About U,Two Scents,About U,2025-04-25,37,151538,https://open.spotify.com/track/5oLtVAeOhWWLPkcrPY4cFd,happy
4p3PWThxViI2wkkwxUmXUU,Fading Echoes,jeppa.,Fading Echoes,2025-04-25,41,124344,https://open.spotify.com/track/4p3PWThxViI2wkkwxUmXUU,happy
19SSV8kBRVpYzgMXBaKMiy,Relics,"Two Scents, nomar.wav",Relics,2025-05-09,36,135949,https://open.spotify.com/track/19SSV8kBRVpYzgMXBaKMiy,happy
5kv1TBVBDoLxYDPmoBYDFr,Hidden Currents,"Midnight Hour, Two Scents",Hidden Currents,2025-10-03,39,113766,https://open.spotify.com/track/5kv1TBVBDoLxYDPmoBYDFr,happy
0QYQoeN2jajfq90Pqm7FiO,after the glow,"swiftly, Noji",after the glow,2025-01-17,37,130000,https://open.spotify.com/track/0QYQoeN2jajfq90Pqm7FiO,happy
2mK7XjCOuaWURG8FqTZyIj,My Heart,Mushy Tonius,My Heart,2025-10-03,38,133600,https://open.spotify.com/track/2mK7XjCOuaWURG8FqTZyIj,happy
5MdALxcVM8Sjo996YT7cMG,gazing,"ikeya, cloud cover",gazing,2025-10-03,38,105600,https://open.spotify.com/track/5MdALxcVM8Sjo996YT7cMG,happy
4h2ULiE6PdOzAJi7nA4dRS,fractals,cloud cover,fractals,2025-02-14,37,112380,https://open.spotify.com/track/4h2ULiE6PdOzAJi7nA4dRS,happy
5IRm99PwiIOwBacHKmUGP1,Pine Forest,Dosi,Pine Forest,2025-11-07,20,139636,https://open.spotify.com/track/5IRm99PwiIOwBacHKmUGP1,happy
6g0mGQOePSkNq34vAFmDwW,Lavender,"Hazue, Revoir",Lavender,2025-11-07,43,111428,https://open.spotify.com/track/6g0mGQOePSkNq34vAFmDwW,happy
5DKQdtByMGi6x4zEyshgWI,Spring Blossom,"Kichiro, nomar.wav, terrarium.",Spring Blossom,2025-02-28,36,112285,https://open.spotify.com/track/5DKQdtByMGi6x4zEyshgWI,happy
7H9hVQUCgCjj4Dt3Tgymhh,through the fog,pete castle,through the fog,2025-11-07,17,108230,https://open.spotify.com/track/7H9hVQUCgCjj4Dt3Tgymhh,happy
6QWGC5gY2Ezu84jO9kAxAD,in another world,alcinous,in another world,2025-10-24,32,128275,https://open.spotify.com/track/6QWGC5gY2Ezu84jO9kAxAD,happy
1sIenJEL0aCLKp2mjA477B,Winter Chill,Noji,Winter Chill,2025-02-07,41,120000,https://open.spotify.com/track/1sIenJEL0aCLKp2mjA477B,happy
6ixnkyhf0pQQJSHf4kjwy4,untethered,swiftly,untethered,2025-10-03,42,132000,https://open.spotify.com/track/6ixnkyhf0pQQJSHf4kjwy4,happy
3BC2VBAWsgGyabozvByYvW,leap of faith,"Hoffy Beats, ambifi.",leap of faith,2025-10-17,35,109625,https://open.spotify.com/track/3BC2VBAWsgGyabozvByYvW,happy
3RfvOU83clkJxtX2kvybqR,Remember Me,"Luminae, Valleyman",Remember Me,2025-02-07,35,127714,https://open.spotify.com/track/3RfvOU83clkJxtX2kvybqR,happy
0X1enN7GIkkCiaWIpJEShu,when the skies clear,pete castle,when the skies clear,2025-10-24,35,122368,https://open.spotify.com/track/0X1enN7GIkkCiaWIpJEShu,happy
24Oe8nTqEuFjlZXarCJ3Kx,Soft Horizon,"Midnight Hour, Two Scents",Soft Horizon,2025-10-31,34,113142,https://open.spotify.com/track/24Oe8nTqEuFjlZXarCJ3Kx,happy
57K251ll4OQVs84WtbxIBK,shades,"Sundaze, iamkosmos",shades,2025-10-31,34,110769,https://open.spotify.com/track/57K251ll4OQVs84WtbxIBK,happy
7icdOcp7WWkB2XvIlDLvJB,Peace of Mind,"Midnight Hour, Hazue",Peace of Mind,2025-05-16,35,111428,https://open.spotify.com/track/7icdOcp7WWkB2XvIlDLvJB,happy
2Laq11xDk6HrPte6payv5R,delicate,"cloud cover, Astral",delicate,2025-10-31,31,130370,https://open.spotify.com/track/2Laq11xDk6HrPte6payv5R,happy
0kAAN4JOGgoLDl74mUUIxu,Calm Islands,"jeppa., nomar.wav",Calm Islands,2025-08-15,35,113357,https://open.spotify.com/track/0kAAN4JOGgoLDl74mUUIxu,happy
4kzBJGW4JBRf81gzi7Hd4x,yesterday's dream,"Juliàn, Tibeauthetraveler",yesterday's dream,2025-02-07,50,153600,https://open.spotify.com/track/4kzBJGW4JBRf81gzi7Hd4x,happy
4WdMilQz2i2AKkcjDSwVX0,Blanketed,"Hoffy Beats, Allem Iversom",Blanketed,2025-10-31,32,133344,https://open.spotify.com/track/4WdMilQz2i2AKkcjDSwVX0,happy
7hQrL5iWKIKqLkP94arMS5,Woke Up Happy,"Midnight Hour, Louk",Postcards,2025-03-07,33,121519,https://open.spotify.com/track/7hQrL5iWKIKqLkP94arMS5,happy
0TdaSJtIBEpLK4AYFx3hPw,Elements,"Two Scents, softy",Elements,2025-11-07,21,123000,https://open.spotify.com/track/0TdaSJtIBEpLK4AYFx3hPw,happy
178aGmer2dlhSEfd08HCv5,Last Dream,"cxlt., Dontcry",Last Dream,2024-07-26,51,134400,https://open.spotify.com/track/178aGmer2dlhSEfd08HCv5,happy
42sIQrLn0ZK4I78WO4V9zM,cloud nine,"jeppa., nomar.wav",cloud nine,2025-01-24,34,138124,https://open.spotify.com/track/42sIQrLn0ZK4I78WO4V9zM,happy
4UzDTGoRX8RZdIav7kfPte,from town to town,azayaka,holding space,2025-01-13,49,148356,https://open.spotify.com/track/4UzDTGoRX8RZdIav7kfPte,happy
4edkCdqWkrU0B5LwaCIYAp,Calamansi,"Jam'addict, Berezy",Calamansi,2025-11-07,18,113023,https://open.spotify.com/track/4edkCdqWkrU0B5LwaCIYAp,happy
1IAnZccMRiedJxqOmgMzRo,another calm,"jaspurrr, northern drift",another calm,2025-01-17,33,142245,https://open.spotify.com/track/1IAnZccMRiedJxqOmgMzRo,happy
0x1v4FvuOBNAFYC2gawWFe,Compass,"terrarium., Midnight Hour",Compass,2025-11-07,21,99000,https://open.spotify.com/track/0x1v4FvuOBNAFYC2gawWFe,happy
1e3i8l7jNR1s7NJ7B9Pe6I,cool air,"Bcalm, 96 Zeus",cool air,2025-01-06,49,142222,https://open.spotify.com/track/1e3i8l7jNR1s7NJ7B9Pe6I,happy
3HoZKbaVtgdtSUYTGthoN5,blurred visions,"steezy prime, marsquake",blurred visions,2025-01-03,32,149433,https://open.spotify.com/track/3HoZKbaVtgdtSUYTGthoN5,happy
2PbLCY7k7q1P9rbqqtc5fL,Surfin,"Kainbeats, Casiio",Surfin,2025-06-06,41,112849,https://open.spotify.com/track/2PbLCY7k7q1P9rbqqtc5fL,happy
0aTv8WkGO6j3adJQ6uu5wr,The Difference,"sfeerbeer, RINZ., Howden",The Difference,2025-11-07,18,115355,https://open.spotify.com/track/0aTv8WkGO6j3adJQ6uu5wr,happy
5RpCuCED8k7aT3xUf8dYAf,Study Time,"7&Nine, Krynoze, meadowy",Study Time,2025-11-07,27,104111,https://open.spotify.com/track/5RpCuCED8k7aT3xUf8dYAf,happy
6VdE9gYhKxz8Gct9mochHs,Night Shift,Noflik,Night Shift,2020-01-09,42,100949,https://open.spotify.com/track/6VdE9gYhKxz8Gct9mochHs,happy
0YWgwHqQsS3qMiTZIDPKGN,seasons,"Bcalm, Dryden",seasons,2024-10-25,44,129729,https://open.spotify.com/track/0YWgwHqQsS3qMiTZIDPKGN,happy
2Kj0gAcv7jdVIXvGZaPZij,Woods,Dosi,Woods,2025-10-31,33,142978,https://open.spotify.com/track/2Kj0gAcv7jdVIXvGZaPZij,happy
17zIZLMUAGnEUxeRijCJj5,drifting away,"swiftly, AC",drifting away,2025-10-31,26,116000,https://open.spotify.com/track/17zIZLMUAGnEUxeRijCJj5,happy
3GkSDGupydidufnOGZn2FE,Peach,"Glimlip, Louk, Elior",Peach,2019-10-23,43,136525,https://open.spotify.com/track/3GkSDGupydidufnOGZn2FE,happy
4jE4mFZJLYp717pc8EKj80,Margarita Sunday,"Kainbeats, Hendy",Margarita Sunday,2024-09-05,43,129757,https://open.spotify.com/track/4jE4mFZJLYp717pc8EKj80,happy
6nQE6RijB2NoaqZwLedEN4,Heartache,"so.tired, itsok.",Heartache,2025-10-17,43,153600,https://open.spotify.com/track/6nQE6RijB2NoaqZwLedEN4,happy
5RGt4eXwbBKi8ab4e9xwcj,Nightcap,"Kichiro, MyceliumBug",Nightcap,2025-10-17,38,109090,https://open.spotify.com/track/5RGt4eXwbBKi8ab4e9xwcj,happy
2rnAyRq3hVXmQomLKG7YWR,road home,"fnonose, morningtime",the cliff,2024-04-08,39,139736,https://open.spotify.com/track/2rnAyRq3hVXmQomLKG7YWR,happy
6KMtotWM1e50ADCiKsXPfW,Just Like Before,"Tibeauthetraveler, Hoogway, Akīn",Yesteryear,2024-06-17,37,171176,https://open.spotify.com/track/6KMtotWM1e50ADCiKsXPfW,happy
3PqGxfncSDF7llvyT7ahpx,"Gone, but after",Bogomolove,"Gone, but after",2025-10-10,38,132923,https://open.spotify.com/track/3PqGxfncSDF7llvyT7ahpx,happy
1qsKpilNHxkpakxrEN9u7s,Galore,"Hazue, nomar.wav",Galore,2025-10-24,40,96393,https://open.spotify.com/track/1qsKpilNHxkpakxrEN9u7s,happy
0JOyBXKbIAMqYpjif4HxMX,Blessings,"skyswimming, koolmonke",Blessings,2022-11-18,41,146000,https://open.spotify.com/track/0JOyBXKbIAMqYpjif4HxMX,happy
5ZvwgyEBhuFBgefmxPf73m,Early Light,Juliàn,Early Light,2025-06-13,41,101538,https://open.spotify.com/track/5ZvwgyEBhuFBgefmxPf73m,happy
2tAzWMT3VkXVtBmlKO7TfE,Burdenless,"lechiffrebeats, Buttersweet",Burdenless,2025-10-24,34,120240,https://open.spotify.com/track/2tAzWMT3VkXVtBmlKO7TfE,happy
6t3tUgQmoQnV4CoBEAQpRg,Somewhere Far Away,"Hopmax, terrarium.",Somewhere Far Away,2025-10-31,33,126153,https://open.spotify.com/track/6t3tUgQmoQnV4CoBEAQpRg,happy
6F8WX2AlU5BJI7rdqY8BD6,Perks,"Lazlow, HYA",Saturday Chillin',2024-07-19,40,143414,https://open.spotify.com/track/6F8WX2AlU5BJI7rdqY8BD6,happy
4qBUsLPWZqqHqM1IhatIh4,Beachside Bossa,"Erwin Do, Lenny B",Bossa Lofi,2024-08-23,37,109821,https://open.spotify.com/track/4qBUsLPWZqqHqM1IhatIh4,happy
3oa2FqD112CmAY5k3q22ME,Chin Up,"Raj, Louk",Chin Up,2025-10-31,31,123694,https://open.spotify.com/track/3oa2FqD112CmAY5k3q22ME,happy
7nFlqp2Am5w8BYWI7Fv60R,wide awake,"moat, Pevanni",wide awake,2025-10-31,26,111428,https://open.spotify.com/track/7nFlqp2Am5w8BYWI7Fv60R,happy
6p8cuVRnfBv4C6dhvYua5i,Cayo,"Chancla, Oaty.",Cayo,2021-08-27,35,136612,https://open.spotify.com/track/6p8cuVRnfBv4C6dhvYua5i,happy
6zn0IhpyvCCQGOb2nSV4jh,As Days Go By,"Sleepermane, Dontcry",Habituals,2024-03-25,35,113168,https://open.spotify.com/track/6zn0IhpyvCCQGOb2nSV4jh,happy
0vOutYuZb0cHp8ynkNR8SJ,Nights of Hope,"Sheath, 7ove",Nights of Hope,2025-10-31,30,163417,https://open.spotify.com/track/0vOutYuZb0cHp8ynkNR8SJ,happy
65mPXednmKgYNLfoRf0wQA,old friends,surfin,old friends,2025-10-08,38,120000,https://open.spotify.com/track/65mPXednmKgYNLfoRf0wQA,happy
0BGkWPW355cqszcdCZYY3n,Unforgettable moments,"Aisake, Dosi",My Love,2024-09-30,36,163902,https://open.spotify.com/track/0BGkWPW355cqszcdCZYY3n,happy
1d43Itql2O0FrcDXaKs8fV,Part Ways,Sebastian Kamae,Part Ways,2022-09-09,34,150379,https://open.spotify.com/track/1d43Itql2O0FrcDXaKs8fV,happy
4UfjKmATwIjKN5SwbHxdk7,Delightful Day,Mushy Tonius,10 Letters,2025-10-17,35,113791,https://open.spotify.com/track/4UfjKmATwIjKN5SwbHxdk7,happy
6qHqOsyAakxvEFJvodM8GK,Between,"sfeerbeer, RINZ., Noé Mina",Between,2025-10-24,35,120476,https://open.spotify.com/track/6qHqOsyAakxvEFJvodM8GK,happy
5zVTc85gPq1ncILKdK9vXc,Nocturn Doubts,"Dosi, Dinis",Night Times,2022-07-12,35,138181,https://open.spotify.com/track/5zVTc85gPq1ncILKdK9vXc,happy
5qrEeSvQeoxMgj7NYB5b4B,"springtime, without you","fnonose, morningtime",the cliff,2024-04-08,34,146666,https://open.spotify.com/track/5qrEeSvQeoxMgj7NYB5b4B,happy
3WOajnkPks7oXyQoSN6EE6,Sundays With U,Mushy Tonius,10 Letters,2025-10-17,38,123000,https://open.spotify.com/track/3WOajnkPks7oXyQoSN6EE6,happy
02nKWyebURBL1JiamrTNFV,"Hazey, Wavy","Bluewerks, Gregory David",Bluewerks Vol. 6: Open The Window,2022-02-04,33,197877,https://open.spotify.com/track/02nKWyebURBL1JiamrTNFV,happy
7rman1QlgWblodUVCfjCbS,10 Letters,Mushy Tonius,10 Letters,2025-10-17,38,130399,https://open.spotify.com/track/7rman1QlgWblodUVCfjCbS,happy
6w6tWFkVROj5IGevCPf2DO,Summer Hiatus,Ambulo,Summer Hiatus,2022-06-08,35,112400,https://open.spotify.com/track/6w6tWFkVROj5IGevCPf2DO,happy
5nHXHzXhwTZFLnFjK7Xu4F,Icogito,"Jackcem, Sundaze",Icogito,2025-10-17,42,130769,https://open.spotify.com/track/5nHXHzXhwTZFLnFjK7Xu4F,happy
1HmG9WPsBplY2Kr1ETqeDx,Fading Trails,"Midnight Hour, Two Scents",Fading Trails,2025-10-17,34,105600,https://open.spotify.com/track/1HmG9WPsBplY2Kr1ETqeDx,happy
6LuJ3IpHvMANnuzV5NGzrC,Reminisce Over Us,"Phlocalyst, Mr. Käfer",Reminisce Over Us,2021-01-08,32,156976,https://open.spotify.com/track/6LuJ3IpHvMANnuzV5NGzrC,happy
4ClTudzzBvQxF42J8ruUvo,Unstoppable,jeppa.,Unstoppable,2025-10-17,40,116470,https://open.spotify.com/track/4ClTudzzBvQxF42J8ruUvo,happy
5goce1UnJn5uDVd6rhbkBq,Un Bisou Sous Le Ciel De Paris,"Phlocalyst, Viktor Minsky",Parisian Romance,2025-02-14,33,123356,https://open.spotify.com/track/5goce1UnJn5uDVd6rhbkBq,happy
4csUrEeXaq8JU9rxaCLomn,speechless,"ikeya, cloud cover",speechless,2025-10-17,38,93571,https://open.spotify.com/track/4csUrEeXaq8JU9rxaCLomn,happy
1Ege44big1iOrGLDGKuZW4,Apple Pie,"Ghostnaut, Saib",Apple Pie,2022-03-08,34,141800,https://open.spotify.com/track/1Ege44big1iOrGLDGKuZW4,happy
2uINTXSkXVuYoGHgTRojSA,The Forest Sleeps,"Mondo Loops, Casiio",The Forest Sleeps,2024-10-28,31,128000,https://open.spotify.com/track/2uINTXSkXVuYoGHgTRojSA,happy
4Gd0nkz0tTXkXaTPVSq3Iz,bubbles,swiftly,bubbles,2025-10-17,31,108387,https://open.spotify.com/track/4Gd0nkz0tTXkXaTPVSq3Iz,happy
21yoG2FCvrt3dZndwmf4In,oak valley,bluemoon.music,oak valley,2025-10-17,33,105117,https://open.spotify.com/track/21yoG2FCvrt3dZndwmf4In,happy
5JMJQqLAFzxnwhiXEN1nEn,Remember Me,Sugi.wa,Remember Me,2019-12-03,30,115764,https://open.spotify.com/track/5JMJQqLAFzxnwhiXEN1nEn,happy
6i0iAPYFh8Nbqvu3WqsH7h,Rainy Day,"iamalex, Felty, Søren Søstrom",Birch,2022-04-15,32,123250,https://open.spotify.com/track/6i0iAPYFh8Nbqvu3WqsH7h,happy
3Ud0SEJqbSPgJTpuxJ9Njj,collide,Kichiro,collide,2025-09-11,36,111304,https://open.spotify.com/track/3Ud0SEJqbSPgJTpuxJ9Njj,happy
5L4WpHpo6tV4ZYqeB0mBpW,Lost In Translation,"Sleepermane, Sling Dilly",Lost In Translation,2025-05-09,37,117975,https://open.spotify.com/track/5L4WpHpo6tV4ZYqeB0mBpW,happy
2rcT8II10ufgalQSpNqhNe,stay inside,Sugi.wa,stay inside,2023-01-21,32,90612,https://open.spotify.com/track/2rcT8II10ufgalQSpNqhNe,happy
7cUpAA0K5Edt9p4CIiNtUS,Habituals,"Sleepermane, Dontcry",Habituals,2024-03-25,29,122726,https://open.spotify.com/track/7cUpAA0K5Edt9p4CIiNtUS,happy
67iRyxNArXPF9T5aIifbGV,Wonderful Time,Mushy Tonius,Wonderful Time,2025-10-10,35,147945,https://open.spotify.com/track/67iRyxNArXPF9T5aIifbGV,happy
1atgOoUTM8f1aucELi26Z3,hopes n dreams,"grtjs, Pleij",hopes n dreams,2025-09-12,42,118235,https://open.spotify.com/track/1atgOoUTM8f1aucELi26Z3,happy
34A2accnIDPOhkRltN8KJY,Call me,90sFlav,Collection,2018-02-09,1,126250,https://open.spotify.com/track/34A2accnIDPOhkRltN8KJY,happy
3sEDpu7ZcVYDGNbOV6eblc,Bridges,"softy, dennisivnvc",Bridges,2022-05-20,32,141187,https://open.spotify.com/track/3sEDpu7ZcVYDGNbOV6eblc,happy
00cYJDEo2avYrRO4cqSo4a,without a trace,pete castle,without a trace,2025-10-10,36,120568,https://open.spotify.com/track/00cYJDEo2avYrRO4cqSo4a,happy
5Gluob25SjhKw6xNlGQ5Qy,lazy sundae,surfin,lazy sundae,2025-10-01,37,99740,https://open.spotify.com/track/5Gluob25SjhKw6xNlGQ5Qy,happy
7woCxOw0jmj65ohlQ3x0tH,controlla,Idealism,rainy evening,2017-08-30,55,108000,https://open.spotify.com/track/7woCxOw0jmj65ohlQ3x0tH,happy
0fUaZOA97HlTY03d3qcWMt,The Old Treehouse,"Mondo Loops, Axian",Late Night Tapes,2022-04-14,31,177230,https://open.spotify.com/track/0fUaZOA97HlTY03d3qcWMt,happy
2galeUSHnt7SisOIDUpXzV,Always Waiting,so.tired,Always Waiting,2025-05-16,53,128571,https://open.spotify.com/track/2galeUSHnt7SisOIDUpXzV,happy
41LB7SlHIr8A182FGIBo5b,Cruisin',"terrarium., Luminae",Cruisin',2025-10-10,40,113846,https://open.spotify.com/track/41LB7SlHIr8A182FGIBo5b,happy
1FqyrPWyT5kPxS77IGkPku,Coolin',Snazzy,Coolin',2022-01-25,33,138791,https://open.spotify.com/track/1FqyrPWyT5kPxS77IGkPku,happy
2M7EWn8Wer8ERj8LWWr73l,pássaro,"Linearwave, evän",pássaro,2022-07-29,28,106363,https://open.spotify.com/track/2M7EWn8Wer8ERj8LWWr73l,happy
0R4Jx4ptTyLLTKicHRoDOf,Sun's Out,"Midnight Hour, Good Enough",Sun's Out,2025-10-10,40,98461,https://open.spotify.com/track/0R4Jx4ptTyLLTKicHRoDOf,happy
0kD4rH0MbjltX1OVfLU5C1,Limelight,"gainsome, Krynoze",Limelight,2025-10-10,36,121428,https://open.spotify.com/track/0kD4rH0MbjltX1OVfLU5C1,happy
6vdPvQR9s2jdh7w6MNEAev,Tundra,"milligon, Oh, My.",Tundra,2022-04-12,29,150000,https://open.spotify.com/track/6vdPvQR9s2jdh7w6MNEAev,happy
0E9irH9yZTO0wdY1JVeIxr,Looking for the Moon,"eugenio izzi, Sweet Medicine",Looking for the Moon,2023-01-01,27,150857,https://open.spotify.com/track/0E9irH9yZTO0wdY1JVeIxr,happy
0iVzFXgZauIdADqoYfZQiV,Cosmos,"Hoffy Beats, Allem Iversom",Cosmos,2025-10-10,43,114705,https://open.spotify.com/track/0iVzFXgZauIdADqoYfZQiV,happy
1CJKNGx4xHkXxylVpVahIx,You Again,Another One,You Again,2025-10-10,36,119200,https://open.spotify.com/track/1CJKNGx4xHkXxylVpVahIx,happy
2jzTmH1UR27OpAGnZW6tw7,decisions,fnonose,decisions,2022-08-26,27,155833,https://open.spotify.com/track/2jzTmH1UR27OpAGnZW6tw7,happy
7Ge3U9MnTwbIRvtbD5kLBh,roads to anywhere,"snailboat, Pevanni",roads to anywhere,2025-10-10,37,114000,https://open.spotify.com/track/7Ge3U9MnTwbIRvtbD5kLBh,happy
5oRnAgPJqRKdo1TveskCn3,starstruck,"Pevanni, alcinous",starstruck,2025-10-10,33,122181,https://open.spotify.com/track/5oRnAgPJqRKdo1TveskCn3,happy
1v5eC19CdmsJw18OtAkdrU,new light,okay cool,new light,2022-03-16,34,108070,https://open.spotify.com/track/1v5eC19CdmsJw18OtAkdrU,happy
2njn3Dr0edrc97PAMoSYBR,A Walk in the Park,Laffey,Summer Nights,2020-07-11,0,114713,https://open.spotify.com/track/2njn3Dr0edrc97PAMoSYBR,happy
1iYE9z5LwE3c1MtdD7Q09C,autumn breeze,"terrarium., Hopmax",autumn breeze,2025-09-29,38,111666,https://open.spotify.com/track/1iYE9z5LwE3c1MtdD7Q09C,happy
79T0vlZpVigsfD0JYXBha5,paperboat,"iamkosmos, terrarium.",paperboat,2025-09-19,35,103783,https://open.spotify.com/track/79T0vlZpVigsfD0JYXBha5,happy
4NNojnTmAd2ayvXOl13t6m,Orchards,ghost talk,Orchards,2022-05-03,29,133896,https://open.spotify.com/track/4NNojnTmAd2ayvXOl13t6m,happy
2akIrKOsAIT2RRFBnNk2jt,invisible,"Idealism, Lucid Green",Undone,2023-02-03,22,186500,https://open.spotify.com/track/2akIrKOsAIT2RRFBnNk2jt,happy
2Kq9choWdJ2rLjBF8KcPat,Fever Dream,"Sundaze, Luminae",Fever Dream,2025-10-03,37,133877,https://open.spotify.com/track/2Kq9choWdJ2rLjBF8KcPat,happy
3xK52VhE3KwVtbiNS6fgEq,Skyfall,Astral,Skyfall,2025-10-03,36,98268,https://open.spotify.com/track/3xK52VhE3KwVtbiNS6fgEq,happy
6tM654EInJ5XGUpG3y0dz3,Homecoming,"Casiio, Dontcry",Homecoming,2022-11-22,29,129923,https://open.spotify.com/track/6tM654EInJ5XGUpG3y0dz3,happy
09cbwkO2jHwvZZR77pHUzK,Rays Of Light,"cxlt., Nuver",A Moment Away,2022-07-18,0,123333,https://open.spotify.com/track/09cbwkO2jHwvZZR77pHUzK,happy
5PXklHcVzRUYyaOp7QHBcB,Unraveled,"jeppa., nomar.wav",Unraveled,2025-10-03,41,142200,https://open.spotify.com/track/5PXklHcVzRUYyaOp7QHBcB,happy
4lq3x71rMKZHXZpahO5X0H,Serenity,"Alto, Lumini",Serenity,2025-10-03,33,120000,https://open.spotify.com/track/4lq3x71rMKZHXZpahO5X0H,happy
0RaTFbCKKGTpiqqQroXW2d,Long Days And Longer Nights,"skyswimming, Pines",Long Days And Longer Nights,2022-08-19,0,128695,https://open.spotify.com/track/0RaTFbCKKGTpiqqQroXW2d,happy
5a2zoElcTekbJM8ASl7skW,Obscurity,Chris Mazuera,Dozing,2020-06-17,0,110270,https://open.spotify.com/track/5a2zoElcTekbJM8ASl7skW,happy
5Y48yER6BbS8Zroj6tD7QL,Slowdown,"so.tired, Krynoze",Slowdown,2025-10-03,51,182857,https://open.spotify.com/track/5Y48yER6BbS8Zroj6tD7QL,happy
0Dku3GTMNbW2gnUU1Gz2Bj,our world,Kichiro,our world,2025-10-03,30,111272,https://open.spotify.com/track/0Dku3GTMNbW2gnUU1Gz2Bj,happy
1COul6Mcr5BEEDZrc0Javc,Slowlight,"Casiio, Sleepermane, Sling Dilly",Slowlight,2023-08-04,28,125344,https://open.spotify.com/track/1COul6Mcr5BEEDZrc0Javc,happy
2KMrUMLA4gwRHZbySDpCww,Moonlight,Spencer Hunt,Sound Asleep,2020-05-14,0,184300,https://open.spotify.com/track/2KMrUMLA4gwRHZbySDpCww,happy
6HYrRVYTJ5oG4EEGOnigco,Late Glow,Somno Beats,Late Glow,2025-10-03,32,122076,https://open.spotify.com/track/6HYrRVYTJ5oG4EEGOnigco,happy
7eRU2FuwT2HFNvJ9zIzqPL,luz ténue,Jonny Abbey,luz ténue,2025-09-19,36,118746,https://open.spotify.com/track/7eRU2FuwT2HFNvJ9zIzqPL,happy
6MabBZfP9wXxpumRwDXjyw,Mangrove Garden,"Banks, Smith Beats",Aquifer Springs,2023-06-09,25,149538,https://open.spotify.com/track/6MabBZfP9wXxpumRwDXjyw,happy
3VcRPjGnDacCCwwx5wfaMF,In Place,"noni, caens",momentary,2022-07-07,0,106666,https://open.spotify.com/track/3VcRPjGnDacCCwwx5wfaMF,happy
7nFb6w5vBF63kA8luZTrUr,Blanket,"Zeyn, Sundaze",Blanket,2025-09-19,42,143846,https://open.spotify.com/track/7nFb6w5vBF63kA8luZTrUr,happy
2KMSHaANZi28ZDIyePYtvr,The Cosy Spoon,"Lé Mon, Midnight Hour",Endless Summer,2025-09-26,35,99000,https://open.spotify.com/track/2KMSHaANZi28ZDIyePYtvr,happy
5jQpFceXGkoZxWgQXVEwI9,Hideaway,"gCoope, Hendy",Hideaway,2023-05-19,25,122903,https://open.spotify.com/track/5jQpFceXGkoZxWgQXVEwI9,happy
7BXyrOfj7T9uHfZucu0hAM,Always By My Side,"Krynoze, Socrab",Always By My Side,2022-09-06,0,140000,https://open.spotify.com/track/7BXyrOfj7T9uHfZucu0hAM,happy
5WhyOr8tPrQLVXadfOwC7Y,Still Here,Bogomolove,Still Here,2025-09-26,33,137142,https://open.spotify.com/track/5WhyOr8tPrQLVXadfOwC7Y,happy
5boMQKGt2lNgy9wij4M1f3,Morning Berries,Hazue,Morning Berries,2025-09-26,34,118208,https://open.spotify.com/track/5boMQKGt2lNgy9wij4M1f3,happy
5aA0xSImWgFb92UoWNrbYu,message in a bottle,chief.,Time Remembered,2020-10-27,0,122478,https://open.spotify.com/track/5aA0xSImWgFb92UoWNrbYu,happy
1M5Ib1CKTDV8OGEW02y9xS,Passenger,DLJ,After Life,2022-05-30,0,156125,https://open.spotify.com/track/1M5Ib1CKTDV8OGEW02y9xS,happy
6RmJAEBaycRakI9YsqTf2v,Dear You,Mushy Tonius,Dear You,2025-09-26,35,127894,https://open.spotify.com/track/6RmJAEBaycRakI9YsqTf2v,happy
22MIacBhRuk5URWdEyGCMc,Indian Summer,"nomar.wav, Shalimar",Indian Summer,2025-09-26,34,133500,https://open.spotify.com/track/22MIacBhRuk5URWdEyGCMc,happy
0VkPeC24nILFZHrM1crWmv,white leaf,Jhove,dream tapes,2021-07-19,0,171883,https://open.spotify.com/track/0VkPeC24nILFZHrM1crWmv,happy
4BqhlPaX9Jq8c2pDAEaE6O,Yuzu,"Loafy Building, Living Room",Butterflies,2022-03-12,0,110571,https://open.spotify.com/track/4BqhlPaX9Jq8c2pDAEaE6O,happy
31EM7JHKlKIMsFR8pLUZvY,good morning,"grtjs, Pleij",calm,2025-09-26,40,123287,https://open.spotify.com/track/31EM7JHKlKIMsFR8pLUZvY,happy
4SuRlSRgv5kqFn5YpDmWQV,Between Thoughts,Coloured Rocks,Between Thoughts,2025-09-26,40,153600,https://open.spotify.com/track/4SuRlSRgv5kqFn5YpDmWQV,happy
2NsNSA5Vpa6mzqNzehjup0,Stay the Same,"mell-ø, Ambulo",Afloat Again,2020-03-15,0,124285,https://open.spotify.com/track/2NsNSA5Vpa6mzqNzehjup0,happy
4BAzkcfJPEgVfkQDYbyqbK,Control The Sky,"Blumen, Hoogway",La Hague,2020-09-01,0,175135,https://open.spotify.com/track/4BAzkcfJPEgVfkQDYbyqbK,happy
3ddgadwJAT0OncX9qJm6YU,Keep Me,"Hoffy Beats, Allem Iversom",Keep Me,2025-09-26,36,120000,https://open.spotify.com/track/3ddgadwJAT0OncX9qJm6YU,happy
5QtlLSfCIAEK4aWBUUGrac,Window seat,Lotus Beats,Window seat,2025-09-26,33,110769,https://open.spotify.com/track/5QtlLSfCIAEK4aWBUUGrac,happy
24Y9RsWIr4DPbAXO7bJb9g,Waterfall,"Epona, Elijah Lee, Elior",Ballerina,2021-09-17,0,150857,https://open.spotify.com/track/24Y9RsWIr4DPbAXO7bJb9g,happy
5OXUiQcGXLFgplV8dnIeOy,Oceansplash,"Living Room, Mondo Loops",After The Rainbow,2021-12-12,0,123428,https://open.spotify.com/track/5OXUiQcGXLFgplV8dnIeOy,happy
76rqjoUMbj99jZK9CnI5gl,over & over,"ikeya, cloud cover",over & over,2025-09-26,36,104000,https://open.spotify.com/track/76rqjoUMbj99jZK9CnI5gl,happy
0afNauHkk8pkQcXiaAZUNO,End of holiday,Buttersweet,End of holiday,2025-08-15,33,87788,https://open.spotify.com/track/0afNauHkk8pkQcXiaAZUNO,happy
4e8jny6cWwKNS94MGdCe0v,Together,"Bcalm, Purrple Cat",For You,2022-02-10,0,144000,https://open.spotify.com/track/4e8jny6cWwKNS94MGdCe0v,happy
6iwMSccjAMyJgWAzIKhIyI,Brothers,l'Outlander,Willpower,2022-02-20,0,169052,https://open.spotify.com/track/6iwMSccjAMyJgWAzIKhIyI,happy
0khbFBGKbfHFuQba1AdG5k,Floating,"Bcalm, nomar.wav, Shalimar",Floating,2025-09-12,32,108000,https://open.spotify.com/track/0khbFBGKbfHFuQba1AdG5k,happy
0NhoHHsUSe7VImfESC8XXC,Birds of a Feather,"Lé Mon, Midnight Hour",Birds of a Feather,2025-09-12,38,106666,https://open.spotify.com/track/0NhoHHsUSe7VImfESC8XXC,happy
43BDdUOTeAL6THBM8Dv2Te,Spindrift,"Ambulo, mell-ø",Sea Forest,2022-03-02,0,160208,https://open.spotify.com/track/43BDdUOTeAL6THBM8Dv2Te,happy
1VflmOkAHdNbMCo4E2C5k9,Moods,"anbuu, Blue Wednesday",Morning Coffee,2022-04-11,0,156000,https://open.spotify.com/track/1VflmOkAHdNbMCo4E2C5k9,happy
4FwE6NPUS2Np5joiEqBkfK,weathering,"Kichiro, blue wagon",weathering,2025-09-18,35,139636,https://open.spotify.com/track/4FwE6NPUS2Np5joiEqBkfK,happy
7576iZNvS9DmNj9TMhLs08,Blurred Past,Bogomolove,Blurred Past,2025-08-15,31,144827,https://open.spotify.com/track/7576iZNvS9DmNj9TMhLs08,happy
4wnSfPlXbBOEyP8RdIgJDE,Hue,"Sleepermane, Sling Dilly",12 Am. Study Session,2022-01-23,0,120008,https://open.spotify.com/track/4wnSfPlXbBOEyP8RdIgJDE,happy
5tSi8Mu16cw5NfGHeBrCbQ,Being Together,"Nadav Cohen, Tibeauthetraveler",Are we okay?,2022-01-27,0,134000,https://open.spotify.com/track/5tSi8Mu16cw5NfGHeBrCbQ,happy
6QEEr9W93nTGTZkJBvuRId,Drift and Dream,"Midnight Hour, Two Scents",Drift and Dream,2025-09-19,36,110000,https://open.spotify.com/track/6QEEr9W93nTGTZkJBvuRId,happy
4mnGph8GD5TCvxNplzHFmR,Afterimage,Bogomolove,Afterimage,2025-09-12,34,139636,https://open.spotify.com/track/4mnGph8GD5TCvxNplzHFmR,happy
6plyKyWs3itRjoKvpGo767,"Day by day, looking for you","eugenio izzi, Ambulo",Necessary Changes,2022-02-02,0,146666,https://open.spotify.com/track/6plyKyWs3itRjoKvpGo767,happy
75lQs076eHwC225KSfworK,As Far As I Can See,"møndberg, Project AER",Living Free,2022-05-21,0,154507,https://open.spotify.com/track/75lQs076eHwC225KSfworK,happy
2kZfrzDAKyD7bsfWkPUivw,Lost Memories,Hoatsin,Lost Memories,2025-09-19,30,121551,https://open.spotify.com/track/2kZfrzDAKyD7bsfWkPUivw,happy
5jnngLDGtHMFazXEcsgu9b,floating,swiftly,floating,2025-09-19,30,108387,https://open.spotify.com/track/5jnngLDGtHMFazXEcsgu9b,happy
3xO7hu9sQEh1kTy2wjOsgC,Summer Kisses,Yestalgia,Glowing,2023-03-02,0,160769,https://open.spotify.com/track/3xO7hu9sQEh1kTy2wjOsgC,happy
52cJDgCmN75YgJ6WiqwqZD,Far From Home,Dosi,Far Away,2022-09-07,0,127500,https://open.spotify.com/track/52cJDgCmN75YgJ6WiqwqZD,happy
4p74306K4Fwc0lRBJikY8k,As the Earth rotates,"Fabilous Beats, AC",As the Earth rotates,2025-09-12,33,120007,https://open.spotify.com/track/4p74306K4Fwc0lRBJikY8k,happy
4aeEAwiw5tp0IabvxgESNY,Quiet Nights,jeppa.,Quiet Nights,2025-09-19,34,109444,https://open.spotify.com/track/4aeEAwiw5tp0IabvxgESNY,happy
3vkxC0FdteXh3ss18oRGUt,Light Roses,"Mushy Tonius, nomar.wav",Light Roses,2025-09-19,34,128780,https://open.spotify.com/track/3vkxC0FdteXh3ss18oRGUt,happy
3KkzurwBURSdtznm9InbaW,Break,"lechiffrebeats, Buttersweet",Break,2025-09-19,29,128606,https://open.spotify.com/track/3KkzurwBURSdtznm9InbaW,happy
1Pw07tJmrotrEFmNp0OkG4,Night Train,"floomyy, Summit One",Night Train,2025-09-19,32,122926,https://open.spotify.com/track/1Pw07tJmrotrEFmNp0OkG4,happy
3PsXc4hBQAaYSPDSI0cG84,Silhouettes,"alhivi, Berezy",Silhouettes,2025-09-19,33,120000,https://open.spotify.com/track/3PsXc4hBQAaYSPDSI0cG84,happy
43G2MGgSTyUr4kAoAliIVQ,Cosmos,Two Scents,Cosmos,2025-09-12,37,128780,https://open.spotify.com/track/43G2MGgSTyUr4kAoAliIVQ,happy
79cKw90svk7OVbXBgn3XA2,rainfall,"ikeya, cloud cover",rainfall,2025-09-12,39,104000,https://open.spotify.com/track/79cKw90svk7OVbXBgn3XA2,happy
6TiL4OiprydTfeAT8JIs81,Zen,Revoir,Zen,2025-09-12,34,117931,https://open.spotify.com/track/6TiL4OiprydTfeAT8JIs81,happy
4GuOLG6xLe6pOSzcfGu3v7,Lakeside,"softy, Casiio",Lakeside,2025-07-30,36,124235,https://open.spotify.com/track/4GuOLG6xLe6pOSzcfGu3v7,happy
5mQatJ2UQ3Q7tJzaWZFEoz,Sunrise Rain,"moat, Francis Kvardek",Sunrise Rain,2025-08-22,31,114285,https://open.spotify.com/track/5mQatJ2UQ3Q7tJzaWZFEoz,happy
63qBCrTXe1AJ8gFL377CD6,drifting on,pete castle,drifting on,2025-08-22,33,131603,https://open.spotify.com/track/63qBCrTXe1AJ8gFL377CD6,happy
6O7c8GR0EkQqltLPzorw1w,early walk,bluemoon.music,early walk,2025-09-12,31,88519,https://open.spotify.com/track/6O7c8GR0EkQqltLPzorw1w,happy
6cxUPNyWttZ2qMNgSbm6OQ,Sundown,Valleyman,Sundown,2025-09-05,34,107432,https://open.spotify.com/track/6cxUPNyWttZ2qMNgSbm6OQ,happy
69lft00AzoFDH4SzMoPdT5,. . . good night . . .,"Kichiro, créature sonore",. . . good night . . .,2025-08-22,50,126923,https://open.spotify.com/track/69lft00AzoFDH4SzMoPdT5,happy
4aCnsgMOixO5qaU2B46aIj,nostalgist,mell-ø,nostalgist,2025-08-25,33,120000,https://open.spotify.com/track/4aCnsgMOixO5qaU2B46aIj,happy
6bSroRiDPnnAXPsdcD0XZ6,Shapes,Sundaze,Shapes,2025-09-05,35,110250,https://open.spotify.com/track/6bSroRiDPnnAXPsdcD0XZ6,happy
1jmkQTkE1RerwNE9q484eg,Hidden Stream,"Midnight Hour, lechiffrebeats",Hidden Stream,2025-09-05,36,112500,https://open.spotify.com/track/1jmkQTkE1RerwNE9q484eg,happy
7iafO9G2mGhuSAeTe0FzUE,Start Again,"Hillscus, Andrew Kyrmpatsos, Vidalima",Start Again,2025-08-22,27,139988,https://open.spotify.com/track/7iafO9G2mGhuSAeTe0FzUE,happy
5VObrHk2uaI434PwFDWfWU,Orbitals,Two Scents,Orbitals,2025-09-05,33,117439,https://open.spotify.com/track/5VObrHk2uaI434PwFDWfWU,happy
7AX2gBm865nIavDVhdg5Pp,memory meadow,terrarium.,memory meadow,2025-08-29,44,129229,https://open.spotify.com/track/7AX2gBm865nIavDVhdg5Pp,happy
4kDM8SgcffeT3Ivc9srbJx,Chasing Solitude,"Kichiro, cloud cover",Chasing Solitude,2025-08-29,37,134237,https://open.spotify.com/track/4kDM8SgcffeT3Ivc9srbJx,happy
4n3Mj0VKAod48rsCHNAe4f,Palm Sunday,Mushy Tonius,Palm Sunday,2025-09-05,32,134817,https://open.spotify.com/track/4n3Mj0VKAod48rsCHNAe4f,happy
15SzH34BVMB7JBqCv7Dpm0,warmth,swiftly,warmth,2025-08-29,29,105600,https://open.spotify.com/track/15SzH34BVMB7JBqCv7Dpm0,happy
102NDjzWwHcwJJ2pw55FMy,Sorrow,"David Chief, Late Night Tones",Sorrow,2025-08-29,36,118467,https://open.spotify.com/track/102NDjzWwHcwJJ2pw55FMy,happy
4hadQjAZhPnG3uutK2vBHR,As the Sky Clears,"echoing tides, jaspurrr",As the Sky Clears,2025-08-29,28,130578,https://open.spotify.com/track/4hadQjAZhPnG3uutK2vBHR,happy
6T0PlByodESl57YDh8EAdu,Yuzu,"Jam'addict, Berezy",Yuzu,2025-09-05,33,114285,https://open.spotify.com/track/6T0PlByodESl57YDh8EAdu,happy
6H7PZ1jabGxxMIAdcg2iLx,Over The Moon,"Hazue, nomar.wav",Over The Moon,2025-09-05,33,121846,https://open.spotify.com/track/6H7PZ1jabGxxMIAdcg2iLx,happy
5tC81TZaKLCRJCqS1PSozl,Morning Espresso,"Dark Winter, Aisake, ØNEMOR3",Morning Espresso,2025-09-05,26,178607,https://open.spotify.com/track/5tC81TZaKLCRJCqS1PSozl,happy
13CuUOsGWmJL8JvHP8dqwQ,stolen wish,"Drunk Urameshi, Hetalia, pajama boy",stolen wish,2025-09-05,33,151232,https://open.spotify.com/track/13CuUOsGWmJL8JvHP8dqwQ,happy
746vkAVWjBNYXqn2Jt3EWd,stepping stones,pete castle,stepping stones,2025-09-05,31,108923,https://open.spotify.com/track/746vkAVWjBNYXqn2Jt3EWd,happy
5tfFKGcQCDAmcmLGL7SHUl,Afternoon Tea,"MindLight, bluemoon.music",Afternoon Tea,2025-08-22,26,120078,https://open.spotify.com/track/5tfFKGcQCDAmcmLGL7SHUl,happy
7xLkNFIygCJmiMAGoe37o7,time in between,"ambifi., Symoo",time in between,2025-08-22,26,118965,https://open.spotify.com/track/7xLkNFIygCJmiMAGoe37o7,happy
2Ncjcl6jePrskrMAAzSLJz,Size of an Ocean,"Culpeo, Sundaze",Size of an Ocean,2025-07-30,34,123750,https://open.spotify.com/track/2Ncjcl6jePrskrMAAzSLJz,happy
02A2C2llONKXFC9WIxDeM1,As If,"Two Scents, softy",As If,2025-08-15,32,143414,https://open.spotify.com/track/02A2C2llONKXFC9WIxDeM1,happy
3pFHEqh5Wlu8gvqThTEHTZ,campfire,"grtjs, Pleij",campfire,2025-08-15,35,120000,https://open.spotify.com/track/3pFHEqh5Wlu8gvqThTEHTZ,happy
4ftlKuY3IDNZqjNzUllXuB,Lonely At Sea,jeppa.,Lonely At Sea,2025-08-29,33,100500,https://open.spotify.com/track/4ftlKuY3IDNZqjNzUllXuB,happy
20MAwDKxVzGWE290ZnMwY1,home,"grtjs, Pleij",home,2025-08-29,58,108493,https://open.spotify.com/track/20MAwDKxVzGWE290ZnMwY1,happy
60dG7MfpEMuOPPNVoG03DP,smoke & mirrors,"Drunk Urameshi, pajama boy",smoke & mirrors,2025-08-29,33,149433,https://open.spotify.com/track/60dG7MfpEMuOPPNVoG03DP,happy
3yb7tEJpxae30L5XOopnce,My Escape,"Midnight Hour, nomar.wav",My Escape,2025-08-29,33,102857,https://open.spotify.com/track/3yb7tEJpxae30L5XOopnce,happy
2AQM20XAQ68xNEA9XcJ8Gh,Aurora,Mushy Tonius,Aurora,2025-08-15,31,139500,https://open.spotify.com/track/2AQM20XAQ68xNEA9XcJ8Gh,happy
4LYj0UlQIjDyQvtZTKWb0i,Breathe,Lotus Beats,Breathe,2025-08-22,31,100257,https://open.spotify.com/track/4LYj0UlQIjDyQvtZTKWb0i,happy
1LHFCq2tuHAWhAYrxoM0si,Cheerful Giver,"Mushy Tonius, Sundaze",Cheerful Giver,2025-08-22,34,123000,https://open.spotify.com/track/1LHFCq2tuHAWhAYrxoM0si,happy
3Jhfv3HHz9DXPK3fNKlDEd,Perfect Timing,Midnight Hour,Perfect Timing,2025-08-22,33,107027,https://open.spotify.com/track/3Jhfv3HHz9DXPK3fNKlDEd,happy
4MWbaFpEV30kDotsd8561k,Cliff Hanger,"Soul Food Horns, Cloudchord",Cliff Hanger,2025-08-22,31,100813,https://open.spotify.com/track/4MWbaFpEV30kDotsd8561k,happy
1Frg6YORqo2lrBW9teExaP,Still Falling,"Revoir, Ninn Tendo",Still Falling,2025-08-22,50,100869,https://open.spotify.com/track/1Frg6YORqo2lrBW9teExaP,happy
6v1MOE17v3FTdT5GT99BQ7,Sequence,"softy, Casiio",Sequence,2025-08-13,37,112941,https://open.spotify.com/track/6v1MOE17v3FTdT5GT99BQ7,happy
5WuZFJUG3Ljvu3rH6Jp7yg,Sunrays,"Casiio, Banks",Sunrays,2025-05-21,36,96000,https://open.spotify.com/track/5WuZFJUG3Ljvu3rH6Jp7yg,happy
1Gbq7KU5mZUESWEwrerqcM,Shuffle,"Two Scents, Hoffy Beats",Shuffle,2025-08-01,31,158683,https://open.spotify.com/track/1Gbq7KU5mZUESWEwrerqcM,happy
6MKAU95r71tDHhUO8jIqRA,citrus,"terrarium., Another One",citrus,2025-07-07,34,115200,https://open.spotify.com/track/6MKAU95r71tDHhUO8jIqRA,happy
0iVVfwXkLxkI3Ssbf2AU8J,Beautiful Morning,Hazue,Beautiful Morning,2025-02-28,30,132000,https://open.spotify.com/track/0iVVfwXkLxkI3Ssbf2AU8J,happy
1XXmjEgiA2TmQdMT5IrJYe,As Life Goes By,"Hoatsin, vimef",As Life Goes By,2025-02-28,30,120651,https://open.spotify.com/track/1XXmjEgiA2TmQdMT5IrJYe,happy
2OlZm8phs80Xw2aGA61p8F,Turning Pages,so.tired,Turning Pages,2025-02-28,31,116896,https://open.spotify.com/track/2OlZm8phs80Xw2aGA61p8F,happy
0HpI2kXDwGeO5b7AmwBJIb,Rainy Day,Hazue,Rainy Day,2024-11-01,32,130000,https://open.spotify.com/track/0HpI2kXDwGeO5b7AmwBJIb,happy
0AdELbladFMn9MutgJNlhW,Unwind,"Sheath, Pierson Booth, Cosmic Koala",Unwind,2024-12-06,25,131331,https://open.spotify.com/track/0AdELbladFMn9MutgJNlhW,happy
1D4S66ipaVqV9du7elf89y,Low Battery,jeppa.,Low Battery,2024-10-11,50,116511,https://open.spotify.com/track/1D4S66ipaVqV9du7elf89y,happy
4lFSLUl1mnARMDSrZ3sLaV,Teardrops,"oakbear, Lenny B",Dimensions,2025-02-21,35,140571,https://open.spotify.com/track/4lFSLUl1mnARMDSrZ3sLaV,happy
4d3685iOguxHcijeoiQs5L,Wonder,"Ajose, zxry.",Wonder,2025-08-15,27,132932,https://open.spotify.com/track/4d3685iOguxHcijeoiQs5L,happy
3S1gsTmAHOls5jMcj1BHEJ,mangroves,"terrarium., Cloudsurfin'",mangroves,2025-08-01,31,129473,https://open.spotify.com/track/3S1gsTmAHOls5jMcj1BHEJ,happy
27oB1niJn1cOa93uYoRDGz,Lost Snapeshot,Bogomolove,Lost Snapeshot,2025-08-01,30,147692,https://open.spotify.com/track/27oB1niJn1cOa93uYoRDGz,happy
7nmmml0h8qOW4xZuuKnue8,distant forest,bluemoon.music,distant forest,2025-07-18,27,101608,https://open.spotify.com/track/7nmmml0h8qOW4xZuuKnue8,happy
2DNoNFIQhuTdKKNER5tvtc,Highlands,jeppa.,Highlands,2025-08-01,30,128668,https://open.spotify.com/track/2DNoNFIQhuTdKKNER5tvtc,happy
7q7JCE1875bHR9EYOhdYvk,this time is for us,"moon.walken, counting.clouds",this time is for us,2025-06-16,34,127058,https://open.spotify.com/track/7q7JCE1875bHR9EYOhdYvk,happy
4yYOpdRTOdBE6h3kA7ReEs,where dreams collide,kz1teryyy,afterlife,2025-07-30,27,129229,https://open.spotify.com/track/4yYOpdRTOdBE6h3kA7ReEs,happy
5wHVZ4Er5OEtbjssu4V0R8,i don't think about it,"Midnight Hour, Good Enough",i don't think about it,2025-07-25,33,92800,https://open.spotify.com/track/5wHVZ4Er5OEtbjssu4V0R8,happy
7IdlI64QbZceWiglKxUyH7,Chroma Glow,Another One,Chroma Glow,2025-07-25,30,128800,https://open.spotify.com/track/7IdlI64QbZceWiglKxUyH7,happy
3bMWobDHX2Ot8ZchNaVmQr,in truth,Kichiro,in truth,2025-07-25,29,139636,https://open.spotify.com/track/3bMWobDHX2Ot8ZchNaVmQr,happy
4erALCGbOU5H2vc0LViK9q,where thoughts end,"Bends, jaspurrr",where thoughts end,2025-08-08,32,146689,https://open.spotify.com/track/4erALCGbOU5H2vc0LViK9q,happy
0qjOxHLRfJUafRs7hTQ1SR,Siena,"Buttersweet, lechiffrebeats",Blue Horizon,2025-08-01,29,121678,https://open.spotify.com/track/0qjOxHLRfJUafRs7hTQ1SR,happy
3W1GyApdGmQ6DOkFS665sf,Somewhere Else,Hoatsin,Somewhere Else,2025-07-25,27,120000,https://open.spotify.com/track/3W1GyApdGmQ6DOkFS665sf,happy
2AFnQHXUYmlQxXXgubgvqS,in attempts to disappear,"kz1teryyy, Hajime Hattori",afterlife,2025-07-30,24,121714,https://open.spotify.com/track/2AFnQHXUYmlQxXXgubgvqS,happy
6QKriNDYGYouShfKgZbDfP,Snazzy,"Sundaze, Another One",Snazzy,2025-08-08,32,119200,https://open.spotify.com/track/6QKriNDYGYouShfKgZbDfP,happy
3pqxNG34zadncCMyxAF8bP,illusive beings,kz1teryyy,afterlife,2025-07-30,24,70285,https://open.spotify.com/track/3pqxNG34zadncCMyxAF8bP,happy
5vSBX6rFDfqQ89sxjHV4vj,north birds,bluemoon.music,north birds,2025-08-08,27,86770,https://open.spotify.com/track/5vSBX6rFDfqQ89sxjHV4vj,happy
7w2HUoMXNx89hsRLw4AoeL,Into Dust,Thymes,Into Dust,2025-08-15,30,108333,https://open.spotify.com/track/7w2HUoMXNx89hsRLw4AoeL,happy
5rZieHDW52O2kyrWKRSNWl,still growing,pete castle,still growing,2025-08-08,28,122697,https://open.spotify.com/track/5rZieHDW52O2kyrWKRSNWl,happy
7ltIdRhZS7eXzuno90dcT7,Fantasia,"Hazue, nomar.wav",Fantasia,2025-08-01,30,130000,https://open.spotify.com/track/7ltIdRhZS7eXzuno90dcT7,happy
0I5SPQPCK5cuKUaIy8AILW,towards you,kz1teryyy,afterlife,2025-07-30,25,99165,https://open.spotify.com/track/0I5SPQPCK5cuKUaIy8AILW,happy
12LdOWrt7OBWDJCtHNpbOU,Horizon,Astral,Horizon,2025-08-08,31,100588,https://open.spotify.com/track/12LdOWrt7OBWDJCtHNpbOU,happy
4nVKyBxH7zjqEv85qHPBGK,Endless Summer,"Lé Mon, Midnight Hour",Endless Summer,2025-08-08,34,112405,https://open.spotify.com/track/4nVKyBxH7zjqEv85qHPBGK,happy
48kYn2HvpN8EnT5XCbJI5M,Remember Us,"alhivi, Lumini",Remember Us,2025-08-08,24,130588,https://open.spotify.com/track/48kYn2HvpN8EnT5XCbJI5M,happy
22P4uITsfhE72EpzAJarLo,unwinding,"Kichiro, cloud cover",unwinding,2025-08-08,32,149433,https://open.spotify.com/track/22P4uITsfhE72EpzAJarLo,happy
0SOjfcr5VgBw7BkLaInPdm,Shimmers,Revoir,Shimmers,2025-08-08,29,132000,https://open.spotify.com/track/0SOjfcr5VgBw7BkLaInPdm,happy
0ka2YfsXUbjiPFecvCVaNk,Softwake Moon,Bogomolove,Softwake Moon,2025-05-15,25,120000,https://open.spotify.com/track/0ka2YfsXUbjiPFecvCVaNk,happy
6ItNPvr7ibb1WYNZQzCdtb,Immanent,Mushy Tonius,Immanent,2025-07-25,31,137299,https://open.spotify.com/track/6ItNPvr7ibb1WYNZQzCdtb,happy
6NqTYl51px65Xv4YUHxW8L,past life,alcinous,past life,2025-07-25,26,108000,https://open.spotify.com/track/6NqTYl51px65Xv4YUHxW8L,happy
0QTN1xDLzYYsYO315D1vu5,Alone,Wipe True,Alone,2025-07-25,30,148000,https://open.spotify.com/track/0QTN1xDLzYYsYO315D1vu5,happy
2MVz1XRt9cCOOu3eifxQpU,Still Dawn,"echoing tides, jaspurrr",Still Dawn,2025-07-18,25,145395,https://open.spotify.com/track/2MVz1XRt9cCOOu3eifxQpU,happy
4K43A89m1X5T3n4p97jY3V,Polaroid Skies,"Andrew Kyrmpatsos, hmps",Polaroid Skies,2025-07-25,25,112008,https://open.spotify.com/track/4K43A89m1X5T3n4p97jY3V,happy
4cf20EfwDrgj8QI2CzRPnd,Runway,Two Scents,Runway,2025-06-20,41,124390,https://open.spotify.com/track/4cf20EfwDrgj8QI2CzRPnd,happy
5eCbASszTILDIP1xhMWHLO,Horizon,"Buttersweet, lechiffrebeats",Horizon,2025-07-18,30,123741,https://open.spotify.com/track/5eCbASszTILDIP1xhMWHLO,happy
7B9eyeD5sXODVmJ5ZhvkMo,settle,Kichiro,settle,2025-07-18,29,109714,https://open.spotify.com/track/7B9eyeD5sXODVmJ5ZhvkMo,happy
2VGlCnCOsYBEv8zSFiQHqd,Mystique,"Toti Cisneros, Erwin Do, Drxnk",Mystique,2025-08-01,29,118153,https://open.spotify.com/track/2VGlCnCOsYBEv8zSFiQHqd,happy
2VIZEkLyZVZfoueO9F7FJs,the space within,pete castle,the space within,2025-07-10,29,121800,https://open.spotify.com/track/2VIZEkLyZVZfoueO9F7FJs,happy
4sZD2ex1UM0iI4OkKkF9nf,magical,"Kichiro, cloud cover",magical,2025-07-11,32,144000,https://open.spotify.com/track/4sZD2ex1UM0iI4OkKkF9nf,happy
2enJgKbP1K5lwkgwTN9HTu,Gossamer,Bogomolove,Dewlit Veil,2025-06-16,30,122352,https://open.spotify.com/track/2enJgKbP1K5lwkgwTN9HTu,happy
2xzkPaJjy1JPLvzJRF2QAu,Vino,"Sundaze, nomar.wav",Vino,2025-07-18,30,118400,https://open.spotify.com/track/2xzkPaJjy1JPLvzJRF2QAu,happy
3auiGho1y1rm3d4tu0NFuc,Half Moon Bay,Thymes,Half Moon Bay,2025-07-25,32,113142,https://open.spotify.com/track/3auiGho1y1rm3d4tu0NFuc,happy
73b0DJeOEQpSJiM9x1x7fA,wherever we are,"kz1teryyy, umbrellaboy.",wherever we are,2025-07-23,23,101731,https://open.spotify.com/track/73b0DJeOEQpSJiM9x1x7fA,happy
1FSHmMjfuNvewPOMkiPZNs,Incense,"softy, Casiio",Incense,2025-07-16,30,112941,https://open.spotify.com/track/1FSHmMjfuNvewPOMkiPZNs,happy
6SVhdmhVLf6UAL7y9XrP7j,Amber Glow,"Mondo Loops, saint rumi, Erwin Do",Amber Glow,2025-07-18,29,123870,https://open.spotify.com/track/6SVhdmhVLf6UAL7y9XrP7j,happy
1083RdikseV57taEaIxJ9U,Dreams,"Wipe True, nomar.wav",Dreams,2025-07-11,29,123269,https://open.spotify.com/track/1083RdikseV57taEaIxJ9U,happy
6M1PcR0NpkX1Wpp1LUPhWn,Junction,"Two Scents, Casiio",Junction,2025-07-09,38,96000,https://open.spotify.com/track/6M1PcR0NpkX1Wpp1LUPhWn,happy
1kAUe02ci06rhctkSVj0Aw,Café Noir,"Mondo Loops, saint rumi, Jason Fabus",Café Noir,2025-07-25,30,116470,https://open.spotify.com/track/1kAUe02ci06rhctkSVj0Aw,happy
1bVJIVL3h6RRt2dN5B5kzo,Reverie,"moat, jaspurrr",Reverie,2025-06-06,28,150777,https://open.spotify.com/track/1bVJIVL3h6RRt2dN5B5kzo,happy
4FyGJ4UtSdDeAWKMeymG4e,Crescent Moon,"Mondo Loops, saint rumi, Spaniel Mac",Café Noir,2025-07-25,29,134400,https://open.spotify.com/track/4FyGJ4UtSdDeAWKMeymG4e,happy
6eCw2V67Y6HGu2VaiNs6AJ,succulent,"terrarium., Luminae",succulent,2025-07-18,31,143376,https://open.spotify.com/track/6eCw2V67Y6HGu2VaiNs6AJ,happy
4JDGVsHGFMQdSLVwAVULPx,Tabarca,Midnight Hour,Tabarca,2025-07-18,32,100769,https://open.spotify.com/track/4JDGVsHGFMQdSLVwAVULPx,happy
4iGc82O8ugW53OkZVM8Emf,Birdland,"Toti Cisneros, Erwin Do, Bertram Kvist",Birdland,2025-07-18,29,110857,https://open.spotify.com/track/4iGc82O8ugW53OkZVM8Emf,happy
4fZRKC6ZqTtFx3nQSVVVKd,unconditional,"Kichiro, cloud cover",unconditional,2025-07-04,30,138947,https://open.spotify.com/track/4fZRKC6ZqTtFx3nQSVVVKd,happy
3F1KZuW0cc0K8NMfRfsv6C,Phases,"Two Scents, Casiio",Phases,2025-07-11,30,106666,https://open.spotify.com/track/3F1KZuW0cc0K8NMfRfsv6C,happy
2WexwQPTZJcgGps2aLdFao,Fragile,Hazue,Fragile,2025-07-11,31,127741,https://open.spotify.com/track/2WexwQPTZJcgGps2aLdFao,happy
1T6n5vuiuZb5paoCsFVZQh,nocturnal,"kz1teryyy, Deez Agree",nocturnal,2025-07-09,24,157954,https://open.spotify.com/track/1T6n5vuiuZb5paoCsFVZQh,happy
4RgtoIZyB3qy0elsK8vF7p,clouds,drmycat,clouds,2025-07-04,24,117931,https://open.spotify.com/track/4RgtoIZyB3qy0elsK8vF7p,happy
10ZJt3obO8cKmlFjcW8vgm,the rest is history,"barelyawake., Rosa Moln, hmps",the rest is history,2025-07-04,24,114705,https://open.spotify.com/track/10ZJt3obO8cKmlFjcW8vgm,happy
2OzcLII5eJRmzPWeWdKW6q,twin paths,"beyond pluto, Manocchs",twin paths,2025-07-11,26,128955,https://open.spotify.com/track/2OzcLII5eJRmzPWeWdKW6q,happy
7ldI7pElAs6l5QuN9BeWQ6,Rain Between Stars,Bogomolove,Rain Between Stars,2025-03-07,29,147096,https://open.spotify.com/track/7ldI7pElAs6l5QuN9BeWQ6,happy
7yq7AITDguch9PAoBF0j8T,Bedtime Stories,"Dark Winter, so.tired",Bedtime Stories,2025-07-04,27,136824,https://open.spotify.com/track/7yq7AITDguch9PAoBF0j8T,happy
0dAWRs50K61dzUEGwF88nK,Lights Out,"alhivi, NumNums",Lights Out,2025-06-06,31,118285,https://open.spotify.com/track/0dAWRs50K61dzUEGwF88nK,happy
1908UPNwIhTiS9Xpsiyd4m,Whispers In Smoke,"Mondo Loops, saint rumi, Fred Paci",Whispers In Smoke,2025-07-11,28,121690,https://open.spotify.com/track/1908UPNwIhTiS9Xpsiyd4m,happy
5V1tB4PavSeIFB3P9eo54h,Hollow Bloom,Bogomolove,Hollow Bloom,2025-02-14,28,128421,https://open.spotify.com/track/5V1tB4PavSeIFB3P9eo54h,happy
6SczdftLApvkj0aF8esfqL,afterlife,"kz1teryyy, Hajime Hattori",afterlife,2025-07-16,24,118032,https://open.spotify.com/track/6SczdftLApvkj0aF8esfqL,happy
4D4KwScB43PMByuiIU9FAv,New Dawn,"Fabilous Beats, AC",New Dawn,2025-07-11,34,157450,https://open.spotify.com/track/4D4KwScB43PMByuiIU9FAv,happy
1jPnHGQIegUDogp16D0mBR,Night Conversations,"Hopmax, Sundaze",Night Conversations,2025-06-30,34,114000,https://open.spotify.com/track/1jPnHGQIegUDogp16D0mBR,happy
5dkwxpadZI9T18AQRiacSC,the air felt different,Hoatsin,the air felt different,2025-06-27,28,109811,https://open.spotify.com/track/5dkwxpadZI9T18AQRiacSC,happy
6Hfn7EGMfxeygZw8kmwlcc,Frayed,"moat, northern drift",Inside Voices,2025-06-27,28,128062,https://open.spotify.com/track/6Hfn7EGMfxeygZw8kmwlcc,happy
4uEqxtM64Rk7UpGIAXeMVE,aquatic traces,"kz1teryyy, No Sormal",aquatic traces,2025-07-02,23,117333,https://open.spotify.com/track/4uEqxtM64Rk7UpGIAXeMVE,happy
0wUiHXUa2x19PrKSsWFQwe,Fireflies,"moat, najumi",Inside Voices,2025-06-27,28,134778,https://open.spotify.com/track/0wUiHXUa2x19PrKSsWFQwe,happy
47PgbMsADR5mmXpEkL2gOC,Come Get It,"Luminae, Dooqu",Come Get It,2025-07-04,31,108148,https://open.spotify.com/track/47PgbMsADR5mmXpEkL2gOC,happy
1LLN28Tmkx5dFaSunMSV3o,Far Away Dreams,"moat, slow fire",Inside Voices,2025-06-27,28,141428,https://open.spotify.com/track/1LLN28Tmkx5dFaSunMSV3o,happy
3RuPPf11LvWkpxBks6qzod,Seaside Town,Jwxd,Seaside Town,2025-06-27,23,132931,https://open.spotify.com/track/3RuPPf11LvWkpxBks6qzod,happy
0D0mIKNoZoEqTNe9oMthce,Undercurrent,"moat, halfstop",Inside Voices,2025-06-27,27,128000,https://open.spotify.com/track/0D0mIKNoZoEqTNe9oMthce,happy
6ad4QTYtvX135i5lp5BYa1,Inaudible,softy,Inaudible,2025-07-02,31,105600,https://open.spotify.com/track/6ad4QTYtvX135i5lp5BYa1,happy
3tiWllGC5dYgjD82fF5c34,Gravity Wears a Faded Coat,Bogomolove,Gravity Wears a Faded Coat,2025-01-24,27,121904,https://open.spotify.com/track/3tiWllGC5dYgjD82fF5c34,happy
0LDg0hKDDtZmnAPq8haqrc,Lighthouse Park,"alhivi, NumNums",Lighthouse Park,2025-07-04,29,115862,https://open.spotify.com/track/0LDg0hKDDtZmnAPq8haqrc,happy
7Js7p2kosNptqWquI4PcRj,The Summit,Revoir,The Summit,2025-05-21,40,111549,https://open.spotify.com/track/7Js7p2kosNptqWquI4PcRj,happy
67W8Mt1i8ffT3WO9zjj2Bt,Dewlit Veil,Bogomolove,Dewlit Veil,2025-04-14,25,140800,https://open.spotify.com/track/67W8Mt1i8ffT3WO9zjj2Bt,happy
026wjeisBQ2GRUnHURzMtH,On My Mind,Two Scents,Runway,2025-06-20,29,124687,https://open.spotify.com/track/026wjeisBQ2GRUnHURzMtH,happy
0COjWFFh4ow2U1z3gmjvOo,Summer Garden,Midnight Hour,Summer Garden,2025-06-27,37,109500,https://open.spotify.com/track/0COjWFFh4ow2U1z3gmjvOo,happy
50EQYabbXYN0OSsDRKmLDq,Grateful,Psylone,Grateful,2025-06-20,28,140278,https://open.spotify.com/track/50EQYabbXYN0OSsDRKmLDq,happy
2cSrbYiDFZf6jjZdzTNBks,Solar Noir,"Coloured Rocks, yani",Solar Noir,2025-06-20,29,127321,https://open.spotify.com/track/2cSrbYiDFZf6jjZdzTNBks,happy
1PP9NSw94w4JxRkBNuhppS,Ephemeral,Mushy Tonius,Ephemeral,2025-07-04,30,158918,https://open.spotify.com/track/1PP9NSw94w4JxRkBNuhppS,happy
7w4L20ygcYjrbmgPJoLLUY,stillness of time,"ikeya, cloud cover",stillness of time,2025-06-25,27,111750,https://open.spotify.com/track/7w4L20ygcYjrbmgPJoLLUY,happy
4vWlODgGPvZnUpWmlQkLCx,Fade To Blue,"Toti Cisneros, Erwin Do",Fade To Blue,2025-07-04,28,112941,https://open.spotify.com/track/4vWlODgGPvZnUpWmlQkLCx,happy
3nSVuMJHZ3eQY4DEHVPEDy,The Lost City,"awaikaze, thatlofiguy",The Lost City,2025-06-25,40,144000,https://open.spotify.com/track/3nSVuMJHZ3eQY4DEHVPEDy,happy
7IPNbvPRTPF1Dy8ZKTzyet,lonesome,"Kichiro, blue wagon",lonesome,2025-06-20,30,139636,https://open.spotify.com/track/7IPNbvPRTPF1Dy8ZKTzyet,happy
1alxM3iJBdPqLdrYI2K4Qi,Raindrops (Keep Falling),Two Scents,Raindrops (Keep Falling),2025-06-06,28,133888,https://open.spotify.com/track/1alxM3iJBdPqLdrYI2K4Qi,happy
4G6YPLsRSzMUPvO7Ecotg0,Marmalade,"Jam'addict, Berezy",Marmalade,2025-06-27,29,125714,https://open.spotify.com/track/4G6YPLsRSzMUPvO7Ecotg0,happy
6XTh8QIdh5Q1IUaeJZXKCz,Zenith,Two Scents,Runway,2025-06-20,28,127500,https://open.spotify.com/track/6XTh8QIdh5Q1IUaeJZXKCz,happy
4gsH3LsII0yIMUpQrjhl31,Emerald,"moat, Tsèdrek",Emerald,2025-06-20,28,107462,https://open.spotify.com/track/4gsH3LsII0yIMUpQrjhl31,happy
7oiC7rVMBmBGZDmhTHQ3CD,A Trip to the Moon,"Anton, Slug",A Trip to the Moon,2025-06-06,28,125526,https://open.spotify.com/track/7oiC7rVMBmBGZDmhTHQ3CD,happy
3r78d2nmXrn5d2d92vkYoo,Fond Memories,Dream Theory,Fond Memories,2025-06-27,28,137552,https://open.spotify.com/track/3r78d2nmXrn5d2d92vkYoo,happy
