track_id,name,artists,album,album_release_date,popularity,duration_ms,spotify_link,emotion
6s7mzoKuGI7tykqVP51WKN,For The Plot,"NYNE, THEMXXNLIGHT",For The Plot,2025-11-07,39,165000,https://open.spotify.com/track/6s7mzoKuGI7tykqVP51WKN,love
0nWufgXTiMfEXj4LT5iuUR,Where Are You?,"Elvis Drew, Avivian",Where Are You?,2020-05-22,0,154105,https://open.spotify.com/track/0nWufgXTiMfEXj4LT5iuUR,love
7fo1xiF2rDoMvDgR31Gvg3,ALWAYS BEEN YOU,Chris Grey,ALWAYS BEEN YOU,2023-11-17,59,128500,https://open.spotify.com/track/7fo1xiF2rDoMvDgR31Gvg3,love
7IpDQcksaT8SxS7vOX4SRm,What You Need,The Weeknd,Trilogy,2012-11-13,60,196360,https://open.spotify.com/track/7IpDQcksaT8SxS7vOX4SRm,love
3cQ2X0PIJOWgOdkfvSmQtg,Personal,PLAZA,SHADOW,2017-06-11,0,274000,https://open.spotify.com/track/3cQ2X0PIJOWgOdkfvSmQtg,love
3H37ijjdmKz0dQLgUGzpjx,Initiation,The Weeknd,Trilogy,2012-11-13,45,260693,https://open.spotify.com/track/3H37ijjdmKz0dQLgUGzpjx,love
2K7xn816oNHJZ0aVqdQsha,Softcore,The Neighbourhood,Hard To Imagine The Neighbourhood Ever Changing,2018-11-02,86,206280,https://open.spotify.com/track/2K7xn816oNHJZ0aVqdQsha,love
4tIlbIewHnvQ4cmFCyxvHy,Like A Drug,"Jordyne, SWIM",Like A Drug,2023-01-20,42,166562,https://open.spotify.com/track/4tIlbIewHnvQ4cmFCyxvHy,love
4ikXHpwkD1xR3uVPaJoUwH,Can't Imagine,Always Never,Always Never,2018-08-24,0,171130,https://open.spotify.com/track/4ikXHpwkD1xR3uVPaJoUwH,love
5lT5IZWW3JQErXELJpQgJ9,Slow Down,Chase Atlantic,Paradise EP,2016-12-20,2,212093,https://open.spotify.com/track/5lT5IZWW3JQErXELJpQgJ9,love
0mfCH4nfpshBQR9ueZP5eP,Girls Need Love (with Drake) - Remix,"Summer Walker, Drake",Girls Need Love (with Drake) [Remix],2019-02-10,0,222374,https://open.spotify.com/track/0mfCH4nfpshBQR9ueZP5eP,love
7eDYNlBwRMeFOZHOZ95dZ1,"Yeah, I Said It",Rihanna,ANTI (Deluxe),2016-01-28,64,133080,https://open.spotify.com/track/7eDYNlBwRMeFOZHOZ95dZ1,love
3cLImX3gTK23tYnF4wiDoY,Never Enough,Black Atlass,Dream Awake,2020-04-03,41,196449,https://open.spotify.com/track/3cLImX3gTK23tYnF4wiDoY,love
7ml6CfD8RAYykiWOOYNOuI,Don't Play,"OZZIE, THEMXXNLIGHT",Don't Play,2018-04-14,44,325015,https://open.spotify.com/track/7ml6CfD8RAYykiWOOYNOuI,love
79hkmJR3AgzYxwAM8SZwEo,Wylin',Always Never,Always Never,2018-08-24,0,269268,https://open.spotify.com/track/79hkmJR3AgzYxwAM8SZwEo,love
50iiDJGpAPdr2VTrz999XA,House Of Balloons / Glass Table Girls,The Weeknd,Trilogy,2012-11-13,74,405213,https://open.spotify.com/track/50iiDJGpAPdr2VTrz999XA,love
6g6hQOcDSt9IR2wAMCxr2M,Chills - Dark Version,"Mickey Valen, Joey Myron",Chills (Dark Version),2020-10-30,58,136483,https://open.spotify.com/track/6g6hQOcDSt9IR2wAMCxr2M,love
5frktNKhCB22TvJ1GvElfo,Woman,Emmit Fenn,Prologue,2017-06-21,0,177819,https://open.spotify.com/track/5frktNKhCB22TvJ1GvElfo,love
2e0Zxf8VntbuwfosHQbIT1,Renegade,Aaryan Shah,The Arrival,2020-01-03,3,222576,https://open.spotify.com/track/2e0Zxf8VntbuwfosHQbIT1,love
4XfuvxTF44Jd9TdsxBz7zs,COLD BLOODED,Chris Grey,COLD BLOODED,2023-10-13,54,172333,https://open.spotify.com/track/4XfuvxTF44Jd9TdsxBz7zs,love
0HUdWSPyrr98kiAdR3Mvyp,Desert Rose,Lolo Zouaï,High Highs to Low Lows,2019-04-19,59,266493,https://open.spotify.com/track/0HUdWSPyrr98kiAdR3Mvyp,love
3ahFEKNBhxvHwVMFI9rDpW,I Fucking Lust You,D'african,High Love You,2016-05-22,48,164333,https://open.spotify.com/track/3ahFEKNBhxvHwVMFI9rDpW,love
19ItuvrZfTudwC6S5lkDH3,The Machine,"Reed Wonder, Aurora Olivas",The Machine,2023-03-17,74,192000,https://open.spotify.com/track/19ItuvrZfTudwC6S5lkDH3,love
0VOyLRYrUBufrXQibWBipR,Sinners (feat. Thomas LaRosa),"Ari Abdul, Thomas LaRosa",Sinners (feat. Thomas LaRosa),2022-09-07,58,213000,https://open.spotify.com/track/0VOyLRYrUBufrXQibWBipR,love
1y1qcHElovnIiniiiinqOn,BAD IDEA,Chris Grey,CHAPTER I: DESIRE,2023-03-10,48,150874,https://open.spotify.com/track/1y1qcHElovnIiniiiinqOn,love
2ezF8mcfJ6CEkxbzgzkApX,Eyes On You,SWIM,Eyes On You,2020-12-30,60,195630,https://open.spotify.com/track/2ezF8mcfJ6CEkxbzgzkApX,love
4DcsVmrZKyKWhNOKbMMMQH,Next,"Shaker, COBRA",Next,2019-03-17,52,177548,https://open.spotify.com/track/4DcsVmrZKyKWhNOKbMMMQH,love
492PZFHvGTm3RZZYeeUVWT,Okay,Chase Atlantic,Chase Atlantic,2017-10-04,68,212306,https://open.spotify.com/track/492PZFHvGTm3RZZYeeUVWT,love
01P8PPozEzgmUvo1nDaJAB,Before I Move On,Mellina Tey,6:44,2024-04-18,7,141110,https://open.spotify.com/track/01P8PPozEzgmUvo1nDaJAB,love
5pXui9rkf5W90DgZobuDiK,The Walls,Chase Atlantic,Chase Atlantic,2017-10-04,73,229840,https://open.spotify.com/track/5pXui9rkf5W90DgZobuDiK,love
7x8sZN055fsMdU8ymA92UI,Muse,Isabel LaRosa,Muse,2024-10-18,57,144588,https://open.spotify.com/track/7x8sZN055fsMdU8ymA92UI,love
6kOdk29M8h6ZfHz4byVG0t,PRETTY PLEASE,"Dutch Melrose, benny mayne",PRETTY PLEASE,2024-04-24,71,166721,https://open.spotify.com/track/6kOdk29M8h6ZfHz4byVG0t,love
33pO82v2czlYe19jpx6ENI,ANGEL,Toby Mai,ANGEL,2022-08-25,60,150260,https://open.spotify.com/track/33pO82v2czlYe19jpx6ENI,love
0TUR6yCXeddzttZXplNLp4,nobody,Toby Mai,nobody,2022-11-04,56,113142,https://open.spotify.com/track/0TUR6yCXeddzttZXplNLp4,love
3DZQ6mzUkAdHqZWzqxBKIK,Loveeeeeee Song,"Rihanna, Future",Unapologetic (Deluxe),2012-12-11,72,256320,https://open.spotify.com/track/3DZQ6mzUkAdHqZWzqxBKIK,love
6EtKlIQmGPB9SX8UjDJG5s,Formula,Labrinth,Euphoria (Original Score from the HBO Series),2019-10-04,75,91869,https://open.spotify.com/track/6EtKlIQmGPB9SX8UjDJG5s,love
010ZkIVv6Ay5vqqHVCCiKB,"Fill The Void (with Lily Rose Depp, Ramsey)","The Weeknd, Lily-Rose Depp, Ramsey",The Idol Episode 4 (Music from the HBO Original Series),2023-06-23,72,185751,https://open.spotify.com/track/010ZkIVv6Ay5vqqHVCCiKB,love
5OsHySqSwYLLfot5EswbON,Altitude,Montell Fish,Her Love Still Haunts Me Like a Ghost,2022-10-28,70,164000,https://open.spotify.com/track/5OsHySqSwYLLfot5EswbON,love
1FGLA6uqS2AByl8G7vxzQZ,Rockstars Never Die,Seth Patrick,Rockstars Never Die,2025-07-22,31,158333,https://open.spotify.com/track/1FGLA6uqS2AByl8G7vxzQZ,love
2zEhSJyDQhF6NhPLqo4MYW,Wild Creatures,"Jusona, Michael Soul",Wild Creatures,2024-03-08,23,160192,https://open.spotify.com/track/2zEhSJyDQhF6NhPLqo4MYW,love
4kQqWSKW0ucef6lH7eoMwL,Hair in a Bun (feat. Blue Nightmare),"Globalqtheartist, Blue Nightmare",Hair in a Bun,2025-11-06,27,196923,https://open.spotify.com/track/4kQqWSKW0ucef6lH7eoMwL,love
2OZVskV28xxJjjhQqKTLSg,PIXELATED KISSES,Joji,PIXELATED KISSES,2025-10-14,87,110430,https://open.spotify.com/track/2OZVskV28xxJjjhQqKTLSg,love
0L0T4tMAaGqLgIVj1MOj9t,Father Figure - Remastered,George Michael,Faith,1987-10-30,71,336666,https://open.spotify.com/track/0L0T4tMAaGqLgIVj1MOj9t,love
6apPqjW8ezpKEicAkkBlvO,Islands in the Stream,"Dolly Parton, Kenny Rogers",Pure & Simple,2016-08-19,65,250053,https://open.spotify.com/track/6apPqjW8ezpKEicAkkBlvO,love
2M7y4xDWT67Lf0JE9mrz1R,Man in the Mirror,Michael Jackson,The Essential Michael Jackson,2005-07-19,47,318960,https://open.spotify.com/track/2M7y4xDWT67Lf0JE9mrz1R,love
75FEaRjZTKLhTrFGsfMUXR,Running Up That Hill (A Deal With God),Kate Bush,Hounds Of Love,1985,8,298933,https://open.spotify.com/track/75FEaRjZTKLhTrFGsfMUXR,love
7wuJGgpTNzbUyn26IOY6rj,Total Eclipse of the Heart,Bonnie Tyler,The Very Best of Bonnie Tyler,2009-03-26,81,267360,https://open.spotify.com/track/7wuJGgpTNzbUyn26IOY6rj,love
7i1IEbwhpNCeIsVSXKXXFJ,All Out of Love,Air Supply,Deadpool 2 (Original Motion Picture Soundtrack),2018-05-18,42,243533,https://open.spotify.com/track/7i1IEbwhpNCeIsVSXKXXFJ,love
63nVsCAdxu9OdeRhe58wiE,Broken Wings,Mr. Mister,Welcome To The Real World,1985-06-01,1,345840,https://open.spotify.com/track/63nVsCAdxu9OdeRhe58wiE,love
18DfMhEx4ddoreHrvZDF6Q,The Power of Love,Jennifer Rush,The Power Of Love: The Best Of Jennifer Rush,1995-07-24,61,268200,https://open.spotify.com/track/18DfMhEx4ddoreHrvZDF6Q,love
0hxzA1He6ueCrdxZ3AIpCe,Can't Fight This Feeling,REO Speedwagon,80s 100 Hits,2010-03-01,42,286013,https://open.spotify.com/track/0hxzA1He6ueCrdxZ3AIpCe,love
43thLwzSasUUZEYjYPeJh3,Close My Eyes Forever,"Lita Ford, Ozzy Osbourne",Lita,1988-02-01,64,283133,https://open.spotify.com/track/43thLwzSasUUZEYjYPeJh3,love
5ac3D4hNLW7NFhYFCThXgh,Careless Whisper - Remastered,George Michael,Careless Whisper EP,2024-10-18,79,303494,https://open.spotify.com/track/5ac3D4hNLW7NFhYFCThXgh,love
3FnP3j1TyiTwbJb5AR2ynT,"Purple Rain - 7"" Single Edit; 2017 Remaster",Prince,Purple Rain (Deluxe Expanded Edition),2017-06-23,51,245373,https://open.spotify.com/track/3FnP3j1TyiTwbJb5AR2ynT,love
7LaEqu0q5z5di4YKXA65oe,Smooth Operator - Single Version,Sade,The Best Of Sade,1994-09-27,0,258306,https://open.spotify.com/track/7LaEqu0q5z5di4YKXA65oe,love
3yvlcIteooc31cPjyWPTw1,With Or Without You - Remastered,U2,The Joshua Tree (Super Deluxe),1987-03-03,1,295515,https://open.spotify.com/track/3yvlcIteooc31cPjyWPTw1,love
0Oii8bI6O1ZlhBrOrtJ5GF,I Just Called To Say I Love You,Stevie Wonder,At The Close Of A Century,1999-01-01,0,262240,https://open.spotify.com/track/0Oii8bI6O1ZlhBrOrtJ5GF,love
5hXEcqQhEjfZdbIZLO8mf2,Everything She Wants,Wham!,Make It Big,1984-10-23,68,302693,https://open.spotify.com/track/5hXEcqQhEjfZdbIZLO8mf2,love
7BdXRaSlGAzhySfuW3y8h5,"She's Like the Wind (feat. Wendy Fraser) - From ""Dirty Dancing"" Soundtrack","Patrick Swayze, Wendy Fraser",Dirty Dancing (Original Motion Picture Soundtrack),1987-09-24,69,232906,https://open.spotify.com/track/7BdXRaSlGAzhySfuW3y8h5,love
1yCnNxfwUANlCkrGRWwWVA,I Just Can't Stop Loving You (feat. Siedah Garrett),"Michael Jackson, Siedah Garrett",The Essential Michael Jackson,2005-07-19,35,251746,https://open.spotify.com/track/1yCnNxfwUANlCkrGRWwWVA,love
78RIER8V6EhrqVPOBi2GYa,Here Comes the Rain Again - Remastered Version,"Eurythmics, Annie Lennox, Dave Stewart",Touch (Reissue - Deluxe Edition),1983-11-14,69,294586,https://open.spotify.com/track/78RIER8V6EhrqVPOBi2GYa,love
3PzsbWSQdLCKDLxn7YZfkM,I'm On Fire,Bruce Springsteen,Born In The U.S.A.,1984-06-04,80,155880,https://open.spotify.com/track/3PzsbWSQdLCKDLxn7YZfkM,love
4NTVgBIkIO63F7V4cTTDtr,500 Miles,The Hooters,Super Hits,2001-08-29,50,262240,https://open.spotify.com/track/4NTVgBIkIO63F7V4cTTDtr,love
6mFkJmJqdDVQ1REhVfGgd1,Wish You Were Here,Pink Floyd,Wish You Were Here,1975-09-12,82,338466,https://open.spotify.com/track/6mFkJmJqdDVQ1REhVfGgd1,love
5a9BgulCg84pm4kgwGGArI,All Night Long (All Night) - Single Version,Lionel Richie,The Definitive Collection,2003-02-04,20,260426,https://open.spotify.com/track/5a9BgulCg84pm4kgwGGArI,love
39qYD4J4BKvZMQgxfXl5bv,Eye In The Sky,The Alan Parsons Project,Eye In The Sky (Expanded Edition),1982,54,276280,https://open.spotify.com/track/39qYD4J4BKvZMQgxfXl5bv,love
15Mh8m2BGTUptR8yy7fNAS,Only You,Yazoo,Upstairs at Eric's,1982-07-01,1,194173,https://open.spotify.com/track/15Mh8m2BGTUptR8yy7fNAS,love
0bvqwRVPx0DQCL7hVrDQ1K,Rosanna,TOTO,The Essential Toto,2014-06-23,37,331506,https://open.spotify.com/track/0bvqwRVPx0DQCL7hVrDQ1K,love
4XAPRjwub0HAUwSsgB1ntD,Nothing’s Gonna Stop Us Now,Starship,80s Monster Ballads,2008-10-01,24,262866,https://open.spotify.com/track/4XAPRjwub0HAUwSsgB1ntD,love
6cuKJ1bFFy4OjfkCI9YBqc,I'm Not In Love,10cc,The Original Soundtrack,1975,0,366640,https://open.spotify.com/track/6cuKJ1bFFy4OjfkCI9YBqc,love
5932kbyNt445gDTT2chRUS,One More Try - Remastered,George Michael,Faith,1987-10-30,63,350666,https://open.spotify.com/track/5932kbyNt445gDTT2chRUS,love
6V50MyHPGhEmwYu0Wdyf0t,The Way It Is,Bruce Hornsby and the Range,The Way It Is,1986-06-02,74,297853,https://open.spotify.com/track/6V50MyHPGhEmwYu0Wdyf0t,love
5HNCy40Ni5BZJFw1TKzRsC,Comfortably Numb,Pink Floyd,The Wall,1979-11-30,80,382296,https://open.spotify.com/track/5HNCy40Ni5BZJFw1TKzRsC,love
5tawGZuoaKGinhLIn9U5X4,The Lady In Red,Chris de Burgh,Into The Light,1986-01-01,0,256173,https://open.spotify.com/track/5tawGZuoaKGinhLIn9U5X4,love
1ffAMndLMFbKHpXuIDBwc1,I'm Gonna Miss You,Milli Vanilli,Girl You Know It's True - The Best Of Milli Vanilli,2013-07-26,41,238840,https://open.spotify.com/track/1ffAMndLMFbKHpXuIDBwc1,love
4rcHWl68ai6KvpXlc8vbnE,Keep on Loving You,REO Speedwagon,Hi Infidelity (30th Anniversary Edition),1980,72,200293,https://open.spotify.com/track/4rcHWl68ai6KvpXlc8vbnE,love
1lx8ddGT5wCD6W2xmLeRKG,Saving All My Love for You,Whitney Houston,Whitney Houston,1985-02-14,73,237136,https://open.spotify.com/track/1lx8ddGT5wCD6W2xmLeRKG,love
1OzrlK57iLTIjmbZC1ppWM,"That's What Friends Are For (with Elton John, Gladys Knight & Stevie Wonder)","Dionne Warwick, Elton John, Gladys Knight, Stevie Wonder",Friends,1985,66,255933,https://open.spotify.com/track/1OzrlK57iLTIjmbZC1ppWM,love
6i8ecOsx4J2Px1maiqzqoG,Everywhere,Fleetwood Mac,Tango In The Night,1987-04-13,1,222733,https://open.spotify.com/track/6i8ecOsx4J2Px1maiqzqoG,love
0l5TpsCL1ObiTEsHeWA0by,Faithfully (2023 Remaster),Journey,Frontiers (2023 Remaster),1983-02-01,70,266946,https://open.spotify.com/track/0l5TpsCL1ObiTEsHeWA0by,love
4DFHOaiMTmqtrSffaJa89c,The Riddle,Nik Kershaw,The Riddle,1984,0,232933,https://open.spotify.com/track/4DFHOaiMTmqtrSffaJa89c,love
3lIpkjFnRxJ6Uvm8DgtgfV,Sign Your Name,Sananda Maitreya,Introducing The Hardline According To Sananda Maitreya,1987-07-06,60,276533,https://open.spotify.com/track/3lIpkjFnRxJ6Uvm8DgtgfV,love
6HMvJcdw6qLsyV1b5x29sa,Hello,Lionel Richie,Can't Slow Down,1983-01-01,69,246933,https://open.spotify.com/track/6HMvJcdw6qLsyV1b5x29sa,love
6KEXYxgVSX6dUvXkmFUGuI,Toy Soldiers - Single Version,Martika,80s 100 Hits,2010-03-01,37,260933,https://open.spotify.com/track/6KEXYxgVSX6dUvXkmFUGuI,love
6FcQD1qOpqV8NdhY45sKyI,What's Love Got to Do with It,Tina Turner,Simply the Best,1991-01-01,56,226880,https://open.spotify.com/track/6FcQD1qOpqV8NdhY45sKyI,love
2xUbS8FxcZrvSVMHTz8UhC,"Meet Me Half Way - From ""Over The Top"" Soundtrack",Kenny Loggins,"Yesterday, Today, Tomorrow - The Greatest Hits Of Kenny Loggins",1997-03-25,33,219066,https://open.spotify.com/track/2xUbS8FxcZrvSVMHTz8UhC,love
48Ej1CDmpsETlImicgiXWC,Luka,Suzanne Vega,Solitude Standing,1987-01-01,0,230973,https://open.spotify.com/track/48Ej1CDmpsETlImicgiXWC,love
6r41t4oJtwcBHp4h1ZDMlj,I Can't Go for That (No Can Do),Daryl Hall & John Oates,The Essential Daryl Hall & John Oates,2005-04-25,39,307306,https://open.spotify.com/track/6r41t4oJtwcBHp4h1ZDMlj,love
19wadMw1A8XejDV4p5wMt1,Didn't We Almost Have It All,Whitney Houston,Whitney,1987-06-02,63,305066,https://open.spotify.com/track/19wadMw1A8XejDV4p5wMt1,love
40dJCw4xU6Bd5ie9rfagNo,Everybody Wants To Rule The World,Tears For Fears,Songs From The Big Chair,1985-02-25,3,251480,https://open.spotify.com/track/40dJCw4xU6Bd5ie9rfagNo,love
2Qb6ohyGilHLtt2YSZz4En,The Flame - Single Edit,Cheap Trick,80s 100 Hits,2010-03-01,39,279133,https://open.spotify.com/track/2Qb6ohyGilHLtt2YSZz4En,love
4IT6vDuKprKl6jyVndlY8V,The Girl Is Mine (with Paul McCartney),"Michael Jackson, Paul McCartney",Thriller,1982-11-30,70,222333,https://open.spotify.com/track/4IT6vDuKprKl6jyVndlY8V,love
5Jc21xaya2MrHp2KOetrBq,Moonlight Shadow,Mike Oldfield,The Mike Oldfield Collection,2009-01-01,0,218186,https://open.spotify.com/track/5Jc21xaya2MrHp2KOetrBq,love
7ve96Lk22N2ZGVqVq8EJOf,I Won't Hold You Back,TOTO,Greatest Hits: 40 Trips Around The Sun,2018-02-09,34,294555,https://open.spotify.com/track/7ve96Lk22N2ZGVqVq8EJOf,love
4LOgi2TAAoKU9ImfzRrCPO,Heaven,Bryan Adams,Reckless (30th Anniversary / Deluxe Edition),1984-11-05,1,243360,https://open.spotify.com/track/4LOgi2TAAoKU9ImfzRrCPO,love
2zmrOL2iN02b4Aj9jSw4Aw,Stairway to Heaven,Far Corporation,Produced by: Frank Farian,2009-08-31,26,237746,https://open.spotify.com/track/2zmrOL2iN02b4Aj9jSw4Aw,love
1pTGc8pwyo6xtgXBKCBcFn,Woman in Love,Barbra Streisand,Guilty,1980-09-23,68,231840,https://open.spotify.com/track/1pTGc8pwyo6xtgXBKCBcFn,love
1I6q6nwNjNgik1Qe8Oi0Y7,Do You Really Want To Hurt Me,Culture Club,Kissing To Be Clever,1982-09-01,66,262173,https://open.spotify.com/track/1I6q6nwNjNgik1Qe8Oi0Y7,love
41OIyMJsSFMjdjZjL4tHEx,Dance Hall Days (Re-Recorded),Wang Chung,Best Of,2015-10-12,49,238147,https://open.spotify.com/track/41OIyMJsSFMjdjZjL4tHEx,love
5OoRmdDfAiDztSwrhe7wuE,Liberian Girl - 2012 Remastered Version,Michael Jackson,Bad 25th Anniversary,2012-09-18,63,232800,https://open.spotify.com/track/5OoRmdDfAiDztSwrhe7wuE,love
1KU5EHSz04JhGg3rReGJ0N,Black Velvet,Alannah Myles,Alannah Myles,1989,73,287440,https://open.spotify.com/track/1KU5EHSz04JhGg3rReGJ0N,love
2CIDqYfIYfl9vx02wIyCG9,All Through the Night,Cyndi Lauper,She's So Unusual,1983-10-14,61,272840,https://open.spotify.com/track/2CIDqYfIYfl9vx02wIyCG9,love
43h4FonpCeaaURpFpiQsf9,Hold Me Now,Thompson Twins,Into the Gap (Deluxe Edition),1984-01-01,68,286226,https://open.spotify.com/track/43h4FonpCeaaURpFpiQsf9,love
4jhsuQCUCJKA5f0bXb6XdJ,It's My Life - 1997 Remaster,Talk Talk,It's My Life,1984,72,232400,https://open.spotify.com/track/4jhsuQCUCJKA5f0bXb6XdJ,love
2kDH08boXJyhKMl5hnZbrE,Love of a Lifetime (2024 Remaster),Firehouse,Firehouse (2024 Remaster),1990-08-20,61,285937,https://open.spotify.com/track/2kDH08boXJyhKMl5hnZbrE,love
0IWtEFQBwRHaMXZQtGEVcM,Wonderful Life,Black,Wonderful Life,1987-01-01,68,287933,https://open.spotify.com/track/0IWtEFQBwRHaMXZQtGEVcM,love
7wQ9alB79WZb0F5gFLbxSh,Shake You Down,Gregory Abbott,Shake You Down (Expanded Edition),1986-02-01,59,245413,https://open.spotify.com/track/7wQ9alB79WZb0F5gFLbxSh,love
31uCSGOA0A1xrGzhzzQ71k,Cambodia,Kim Wilde,The Hits Collection,2006-03-13,1,236213,https://open.spotify.com/track/31uCSGOA0A1xrGzhzzQ71k,love
7yzbimr8WVyAtBX3Eg6UL9,Hallelujah,Leonard Cohen,Various Positions,1984-12-11,63,277160,https://open.spotify.com/track/7yzbimr8WVyAtBX3Eg6UL9,love
519xI1wfOAJvHeV9kFdXaV,I Need Love,LL COOL J,Bigger And Deffer,1987-07-22,52,322733,https://open.spotify.com/track/519xI1wfOAJvHeV9kFdXaV,love
4mxkQkZSX1BWgIYh5Q2Jt9,Foolish Heart,Steve Perry,Street Talk (Expanded Edition),1984-04-01,66,219720,https://open.spotify.com/track/4mxkQkZSX1BWgIYh5Q2Jt9,love
66pdsK92Fh4om3v4xkjgPP,I'll Be Over You,TOTO,Greatest Hits: 40 Trips Around The Sun,2018-02-09,36,231677,https://open.spotify.com/track/66pdsK92Fh4om3v4xkjgPP,love
3lASaHaymd0rz8KUwRnVl1,When The Children Cry,White Lion,Anthology: '83 - '89,2006-06-20,36,209306,https://open.spotify.com/track/3lASaHaymd0rz8KUwRnVl1,love
3HI7oXJcgIXOhhPBvONWFo,"Almost Paradise (feat. Ann Wilson) - Love Theme from ""Footloose""","Mike Reno, Ann Wilson",Footloose (15th Anniversary Collectors' Edition),1984,47,228666,https://open.spotify.com/track/3HI7oXJcgIXOhhPBvONWFo,love
03spDZnDL4B8IkjLXZ48NB,How 'Bout Us - Single Version,Champaign,80s 100 Hits,2010-03-01,38,190840,https://open.spotify.com/track/03spDZnDL4B8IkjLXZ48NB,love
2DcSehEocZhDogCJKCnXb3,Your Love Is King,Sade,Diamond Life,1984,0,219426,https://open.spotify.com/track/2DcSehEocZhDogCJKCnXb3,love
1NCuYqMc8hKMb4cpNTcJbD,Another Day in Paradise - 2016 Remaster,Phil Collins,...But Seriously (Deluxe Edition),1989-11-20,82,322133,https://open.spotify.com/track/1NCuYqMc8hKMb4cpNTcJbD,love
75mx4MRQt4l7Gs49JSc6QV,Through the Barricades,Spandau Ballet,80s 100 Hits,2010-03-01,43,321173,https://open.spotify.com/track/75mx4MRQt4l7Gs49JSc6QV,love
2dEgwtRjYl6TJkIwjRwn6z,Heaven,Warrant,Dirty Rotten Filthy Stinking Rich,1989,60,236866,https://open.spotify.com/track/2dEgwtRjYl6TJkIwjRwn6z,love
3HLgjHYaEhKFvV4SSvI9Te,Love Will Lead You Back,Taylor Dayne,Can't Fight Fate (Expanded Edition),1989-10-07,59,277600,https://open.spotify.com/track/3HLgjHYaEhKFvV4SSvI9Te,love
6dahFmHrgncgVJjsI1ws7e,My Hometown,Bruce Springsteen,Born In The U.S.A.,1984-06-04,62,279666,https://open.spotify.com/track/6dahFmHrgncgVJjsI1ws7e,love
54D12rzTXrOVSGzeUo7Hq1,Heartbreaker,Dionne Warwick,80s 100 Hits,2010-03-01,42,246013,https://open.spotify.com/track/54D12rzTXrOVSGzeUo7Hq1,love
0kzSooCGpuphLwn8iTuO9h,"Baby, I Love Your Way/Freebird",Will To Power,Will To Power,1988-08-09,58,247200,https://open.spotify.com/track/0kzSooCGpuphLwn8iTuO9h,love
4V3AGIIQeJoBUPaTCLiscB,I'll Never Love This Way Again,Dionne Warwick,Dionne (Expanded Edition),1979-01-01,62,211920,https://open.spotify.com/track/4V3AGIIQeJoBUPaTCLiscB,love
65h7Qhxl2WfW31Bl6sjWAI,Suddenly,Billy Ocean,Suddenly (Expanded Edition),1984-09-12,60,234706,https://open.spotify.com/track/65h7Qhxl2WfW31Bl6sjWAI,love
34u3Bj1KVxKWfA07yDJ2vG,Wicked Game,Chris Isaak,Heart Shaped World,1989-06-13,0,289066,https://open.spotify.com/track/34u3Bj1KVxKWfA07yDJ2vG,love
60mGckXEG1EzR4VmjYLfEW,Guilty (feat. Barry Gibb),"Barbra Streisand, Barry Gibb",Guilty,1980-09-23,63,264333,https://open.spotify.com/track/60mGckXEG1EzR4VmjYLfEW,love
339uxlQBvcY8kfhR5glou5,Is This Love?,Alison Moyet,Singles,1995-06-27,49,240960,https://open.spotify.com/track/339uxlQBvcY8kfhR5glou5,love
5vmRQ3zELMLUQPo2FLQ76x,Smalltown Boy,Bronski Beat,The Age of Consent,1984-10-15,78,302413,https://open.spotify.com/track/5vmRQ3zELMLUQPo2FLQ76x,love
2FHnN5ELL83TGbtXMDzoiJ,I Like Chopin,Gazebo,Portrait,1994-06-01,60,291720,https://open.spotify.com/track/2FHnN5ELL83TGbtXMDzoiJ,love
3Jy0dWV5AnnfyTvHK6UWof,Bright Eyes,Art Garfunkel,Fate For Breakfast,1979-03-15,55,238600,https://open.spotify.com/track/3Jy0dWV5AnnfyTvHK6UWof,love
7jWbXvrgdbkajU8L28ahn5,Highwayman,"The Highwaymen, Willie Nelson, Johnny Cash, Waylon Jennings, Kris Kristofferson",Highwayman,1985-05-01,70,182653,https://open.spotify.com/track/7jWbXvrgdbkajU8L28ahn5,love
0DEwNI2DgasX1eprqCivJk,A Woman Needs Love (Just Like You Do),"Ray Parker Jr., Raydio",A Woman Needs Love (Expanded Edition),1981,48,249053,https://open.spotify.com/track/0DEwNI2DgasX1eprqCivJk,love
0g8Q1Pmem92k7PzI3VLWKz,All at Once,Whitney Houston,Whitney Houston,1985-02-14,59,268097,https://open.spotify.com/track/0g8Q1Pmem92k7PzI3VLWKz,love
4bQNusmmVudLxIiexglzh6,Orinoco Flow - 2009 Remaster,Enya,Watermark (2009 Remaster),1988-09-05,68,266200,https://open.spotify.com/track/4bQNusmmVudLxIiexglzh6,love
18uYa5AUoKNqdrR6pdMBFI,One More Reggae for the Road,Bill Lovelady,Cheer Up,1985,37,239760,https://open.spotify.com/track/18uYa5AUoKNqdrR6pdMBFI,love
5AgzF3Ov3TFxeQ5JDkyQYC,The Ghost in You,The Psychedelic Furs,Stranger Things (Soundtrack from the Netflix Original Series),2017-10-27,37,255773,https://open.spotify.com/track/5AgzF3Ov3TFxeQ5JDkyQYC,love
72AO8u6lcjKp0CBeaPZT8I,I Still Haven't Found What I'm Looking For - Remastered 2007,U2,The Joshua Tree,1987-03-10,48,277480,https://open.spotify.com/track/72AO8u6lcjKp0CBeaPZT8I,love
0bBVRsBbgnzW8wmdlD7Apq,Overkill,Men At Work,The Essential Men At Work,2003-04-01,38,227133,https://open.spotify.com/track/0bBVRsBbgnzW8wmdlD7Apq,love
4jRJWlkCn3pAwezfqFODU3,For Your Eyes Only,Sheena Easton,You Could Have Been With Me (Bonus Tracks Version),1981,59,184480,https://open.spotify.com/track/4jRJWlkCn3pAwezfqFODU3,love
43gL6p50qNJ2X7NQsyXC4f,I've Never Been to Me - Re-Recorded,Charlene,One Hit Wonders (Re-Recorded Versions),2008-08-01,20,240440,https://open.spotify.com/track/43gL6p50qNJ2X7NQsyXC4f,love
1GbyYL0B0Mjn3kSbrEwKKI,The Power Of Love,Frankie Goes To Hollywood,Welcome To The Pleasuredome,1984-10-20,61,332506,https://open.spotify.com/track/1GbyYL0B0Mjn3kSbrEwKKI,love
3jaUZhLiZOcgoJiGGd3hFD,One Moment in Time,Whitney Houston,Whitney The Greatest Hits,2000-05-16,0,284640,https://open.spotify.com/track/3jaUZhLiZOcgoJiGGd3hFD,love
0jvrac0ac39rXsPgG2MSZ3,All You Zombies,The Hooters,Super Hits,2001-08-29,52,357626,https://open.spotify.com/track/0jvrac0ac39rXsPgG2MSZ3,love
7bRcgBFPDgWhVuopP5x6MW,When Love Breaks Down - 2007 Remastered Version,"Prefab Sprout, Thomas Dolby",Steve McQueen,1985,50,245906,https://open.spotify.com/track/7bRcgBFPDgWhVuopP5x6MW,love
3Z2tPWiNiIpg8UMMoowHIk,We Are The World,U.S.A. For Africa,We Are The World,1985-01-01,68,427333,https://open.spotify.com/track/3Z2tPWiNiIpg8UMMoowHIk,love
37UqicRKCnIZ7XGdImMa4l,The Land of Make Believe,Bucks Fizz,80s 100 Hits,2010-03-01,35,218786,https://open.spotify.com/track/37UqicRKCnIZ7XGdImMa4l,love
7KG1uA3O9cqahhVt5atWnB,Hold Me Now,Johnny Logan,The Best Of Johnny Logan,1996-05-06,48,183960,https://open.spotify.com/track/7KG1uA3O9cqahhVt5atWnB,love
0P9M370uqlIjYcEiOGppAV,Never Tear Us Apart,INXS,Kick 30,1987-10-19,51,186760,https://open.spotify.com/track/0P9M370uqlIjYcEiOGppAV,love
38705PDjZZVeWxfTRsTlJr,Sweet Baby,"Stanley Clarke, George Duke",The Clarke/Duke Project,1981,57,227200,https://open.spotify.com/track/38705PDjZZVeWxfTRsTlJr,love
4Z0ZWdhqh1RWeIKLl7zC6J,Free Fallin',Tom Petty,Greatest Hits,2010-01-01,0,255680,https://open.spotify.com/track/4Z0ZWdhqh1RWeIKLl7zC6J,love
2sGVuDF8dVQWquowhQ5bWF,You're in the Army Now,Bolland & Bolland,Essential 80's Pop & Rock,2014-05-27,19,260053,https://open.spotify.com/track/2sGVuDF8dVQWquowhQ5bWF,love
1DapqOfkDAQCiKnvfwKo0g,All Around the World - Remastered,"Lisa Stansfield, Ian Devaney, Andy Morris",Affection,1989,62,265760,https://open.spotify.com/track/1DapqOfkDAQCiKnvfwKo0g,love
0k9un4VZY52tvtxNhg6XLo,Englishman In New York,Sting,Nothing Like The Sun,1987-01-01,0,266960,https://open.spotify.com/track/0k9un4VZY52tvtxNhg6XLo,love
2BABTeUx608FA8b47bDuLK,So Amazing,Luther Vandross,Give Me The Reason,1986-09-19,56,222546,https://open.spotify.com/track/2BABTeUx608FA8b47bDuLK,love
58RdxKqvxh631GXrvTxJ2z,Caravan Of Love,The Housemartins,Now That's What I Call Quite Good,1988-01-01,54,219466,https://open.spotify.com/track/58RdxKqvxh631GXrvTxJ2z,love
6cARFkZxx2JR3JlvDzeLZc,Love of the Common People,Paul Young,From Time To Time - The Singles Collection,1991-09-07,56,220733,https://open.spotify.com/track/6cARFkZxx2JR3JlvDzeLZc,love
2CxNfpTOTaThbGNGTmQ9Xg,Someone in the Dark,Michael Jackson,Thriller 25 Super Deluxe Edition,2008-02-08,40,288426,https://open.spotify.com/track/2CxNfpTOTaThbGNGTmQ9Xg,love
12BfdM0eJ5lCUxx85vvDgq,Ein bisschen Frieden,Nicole,Das beste aus 40 Jahren Hitparade,2009-02-23,33,180866,https://open.spotify.com/track/12BfdM0eJ5lCUxx85vvDgq,love
6Mcoqi1iK28djC2EClVwDj,Stay,Shakespears Sister,Hormonally Yours,1992-06-19,51,229000,https://open.spotify.com/track/6Mcoqi1iK28djC2EClVwDj,love
5ESTjFUDoi96m5UGqnvvYb,Rain or Shine,Five Star,The Best Of The 80's,2007-12-10,23,235026,https://open.spotify.com/track/5ESTjFUDoi96m5UGqnvvYb,love
1U2L6NW89IIy6Gw63C4eP2,Only You,The Flying Pickets,Lost Boys,1984,52,203333,https://open.spotify.com/track/1U2L6NW89IIy6Gw63C4eP2,love
2vyGjYndW7bP9Zn4a3yp85,Voices Carry,'Til Tuesday,Playlist: The Very Best '80s Radio Hits,2009-09-15,29,259906,https://open.spotify.com/track/2vyGjYndW7bP9Zn4a3yp85,love
4YBIuDWPsVy9pXLCUBORZN,The Living Years,Mike + The Mechanics,Living Years,1988-10-28,0,332333,https://open.spotify.com/track/4YBIuDWPsVy9pXLCUBORZN,love
5pg3IzeKQHwmtdLZ4zx9ih,Miracle Of Love - Remastered Version,"Eurythmics, Annie Lennox, Dave Stewart",Ultimate Collection,2005-11-04,39,275533,https://open.spotify.com/track/5pg3IzeKQHwmtdLZ4zx9ih,love
7IDM8csQeBILlNI2W1KAHb,Just Around The Corner - European Edit,Cock Robin,Best Ballads,1989-12-27,41,253226,https://open.spotify.com/track/7IDM8csQeBILlNI2W1KAHb,love
6N7gPTru90HYLRUIVDQ185,More Than This,Roxy Music,Avalon,1982-05-01,69,270651,https://open.spotify.com/track/6N7gPTru90HYLRUIVDQ185,love
7z52BLKAbudGzNw1bA98Qd,Sister,"Bros, Tom Lord-Alge",The Best of Bros,2004,18,264026,https://open.spotify.com/track/7z52BLKAbudGzNw1bA98Qd,love
6rvXznPVt21K7Adhw9zKEJ,Fade To Grey,Visage,Visage,1980-01-01,0,239359,https://open.spotify.com/track/6rvXznPVt21K7Adhw9zKEJ,love
5Cysri5ZFGSZRIsYe4MBPe,(Feels Like) Heaven,Fiction Factory,Essential 80s - Classic Eighties Pop And Rock Hits,2009-10-09,0,209186,https://open.spotify.com/track/5Cysri5ZFGSZRIsYe4MBPe,love
5kBZR12AntJUTo9UeAsKqP,The Winner Takes It All,ABBA,Super Trouper,1980,0,294720,https://open.spotify.com/track/5kBZR12AntJUTo9UeAsKqP,love
63thsoQ9Btw6vKACXjyhCF,A Question of Lust - Single Version,Depeche Mode,The Singles 86-98,1998-09-28,39,267333,https://open.spotify.com/track/63thsoQ9Btw6vKACXjyhCF,love
6UmY8qsMnm8N2FyMnrrLvW,Anything for You,Miami Sound Machine,80s 100 Hits,2010-03-01,32,243866,https://open.spotify.com/track/6UmY8qsMnm8N2FyMnrrLvW,love
5KXKhCfPNS4342ly8tTf6w,Shattered Dreams - Remastered 2008,Johnny Hates Jazz,Turn Back The Clock,1988,66,207346,https://open.spotify.com/track/5KXKhCfPNS4342ly8tTf6w,love
3UP3kWn6I6sL2ZtpiXhJBo,Shake the Disease,Depeche Mode,The Singles 81-85,1985-10-15,35,288040,https://open.spotify.com/track/3UP3kWn6I6sL2ZtpiXhJBo,love
5LNItvX1dmNp2i7paTFIZU,"Through the Eyes of Love (Theme from the Motion Picture ""Ice Castles"")",Melissa Manchester,The Essence Of Melissa Manchester,1997-05-19,48,253800,https://open.spotify.com/track/5LNItvX1dmNp2i7paTFIZU,love
1ANmX8emjTaiR5BPeswuNi,One On One,Daryl Hall & John Oates,H2O,1982-10-04,53,258013,https://open.spotify.com/track/1ANmX8emjTaiR5BPeswuNi,love
7EmSPZ9f1AiLR9eVHNSI62,Brothers In Arms,Dire Straits,Brothers In Arms (Remastered),1985-05-13,1,424000,https://open.spotify.com/track/7EmSPZ9f1AiLR9eVHNSI62,love
6iFDslV4Bw30MRF4p76YG4,Bye Bye Johnny,Return,Attitudes,1988-08-28,44,251000,https://open.spotify.com/track/6iFDslV4Bw30MRF4p76YG4,love
170Xk9uyoGQKoJcRgE0jZk,Invisible - Single Version,Alison Moyet,Singles,1995-06-27,46,247213,https://open.spotify.com/track/170Xk9uyoGQKoJcRgE0jZk,love
0cpTfK32V7XdCoOkPJI2kO,Come into My Life (Radio Mix),Joyce Sims,Come into My Life: The Very Best of Joyce Sims,2010-09-07,50,227773,https://open.spotify.com/track/0cpTfK32V7XdCoOkPJI2kO,love
5yqVF4y7dq6AgnNCHnHZEA,California Blue,Roy Orbison,Mystery Girl,1989,52,235906,https://open.spotify.com/track/5yqVF4y7dq6AgnNCHnHZEA,love
1U3XgEP8gEpn7jdzoeamci,I Wanna Be Adored,The Stone Roses,Stone Roses,1989-05-02,39,292040,https://open.spotify.com/track/1U3XgEP8gEpn7jdzoeamci,love
5tewIdMVsaJWN19ZnmnPNN,Hunting High and Low,a-ha,Hunting High and Low,1985-06-01,65,228693,https://open.spotify.com/track/5tewIdMVsaJWN19ZnmnPNN,love
0zY6m3cKFOSTkr0low5pn3,Somebody,Depeche Mode,The Singles 81-85,1985-10-15,41,261000,https://open.spotify.com/track/0zY6m3cKFOSTkr0low5pn3,love
6XGup1vnoRarqS5Eb0zeUc,Bonny - 2007 Remastered Version,Prefab Sprout,Steve McQueen,1985,48,226453,https://open.spotify.com/track/6XGup1vnoRarqS5Eb0zeUc,love
72AP0jERH6lLf6vd32WcDJ,More Than I Can Say,Leo Sayer,Living In A Fantasy,1980,55,221040,https://open.spotify.com/track/72AP0jERH6lLf6vd32WcDJ,love
3y7j9iz5XfbDOySTspM4Ss,The Search Is Over,Survivor,Vital Signs,1984-01-01,58,252613,https://open.spotify.com/track/3y7j9iz5XfbDOySTspM4Ss,love
4Vnh068VdciiRvzxnLArIK,Every Time You Go Away,Paul Young,'80s Pop Hits,2001-08-08,39,265760,https://open.spotify.com/track/4Vnh068VdciiRvzxnLArIK,love
4ovQlgSLQsDpmE4SplH10J,528 Hz Love Frequency,"Miracle Tones, Solfeggio Healing Frequencies MT",528 Hz Transformation and Miracles (DNA Repair),2019-10-20,70,156750,https://open.spotify.com/track/4ovQlgSLQsDpmE4SplH10J,love
14Gl2GHSriLtQxGTri6uio,528 Hz Love & Miracles,"Miracle Tones, Solfeggio Healing Frequencies MT",528 Hz Meditation Music,2020-10-23,69,137075,https://open.spotify.com/track/14Gl2GHSriLtQxGTri6uio,love
12yrAJr9DEtGFR30KQVK0w,528 Hz Manifest Love,"Miracle Tones, Solfeggio Healing Frequencies MT",528 Hz Meditation Music,2020-10-23,68,121750,https://open.spotify.com/track/12yrAJr9DEtGFR30KQVK0w,love
2Ec1iryNc1k6zkv1Nezz0F,528 Hz Release Inner Conflict & Struggle,"Miracle Tones, Solfeggio Healing Frequencies MT",528 Hz Transformation and Miracles (DNA Repair),2019-10-20,70,135187,https://open.spotify.com/track/2Ec1iryNc1k6zkv1Nezz0F,love
05FxtxCg18s015HsuT6dvP,528 Hz Manifest Your Greatness,"Miracle Tones, Solfeggio Healing Frequencies MT",528 Hz Meditation Music,2020-10-23,68,128625,https://open.spotify.com/track/05FxtxCg18s015HsuT6dvP,love
0vFOH96oqw1YZUs7ev5PW4,528 Hz Anxiety Relief,"Miracle Tones, Solfeggio Healing Frequencies MT",528 Hz Transformation and Miracles (DNA Repair),2019-10-20,71,122874,https://open.spotify.com/track/0vFOH96oqw1YZUs7ev5PW4,love
1PJAY5lET9XqwAPFOdWZHw,528 Hz Bring Positive Transformation,"Miracle Tones, Solfeggio Healing Frequencies MT",528 Hz Meditation Music,2020-10-23,69,124500,https://open.spotify.com/track/1PJAY5lET9XqwAPFOdWZHw,love
5fOf105Dd3ZJAJZchLa5ce,528 Hz Emotional Healing,"Miracle Tones, Solfeggio Healing Frequencies MT",528 Hz Meditation Music,2020-10-23,68,134958,https://open.spotify.com/track/5fOf105Dd3ZJAJZchLa5ce,love
150gInJ3Mcl1Y2zxqQPORX,528 Hz DNA Repair,"Miracle Tones, Solfeggio Healing Frequencies MT",528 Hz Transformation and Miracles (DNA Repair),2019-10-20,69,142163,https://open.spotify.com/track/150gInJ3Mcl1Y2zxqQPORX,love
79AM1JeUv0oBaWENiiLOAx,Solfeggio Frequencies 528 Hz,"Miracle Tones, Solfeggio Healing Frequencies MT",528 Hz Transformation and Miracles (DNA Repair),2019-10-20,68,165375,https://open.spotify.com/track/79AM1JeUv0oBaWENiiLOAx,love
2Eih0U4aJ8A9nTyc2kM7HP,528 Hz Heal Golden Chakra,"Miracle Tones, Solfeggio Healing Frequencies MT",528 Hz Meditation Music,2020-10-23,68,129062,https://open.spotify.com/track/2Eih0U4aJ8A9nTyc2kM7HP,love
6KKxPIXdfaIbZ6cQgX5Gav,528 Hz Whole Body Regeneration,"Miracle Tones, Solfeggio Healing Frequencies MT",528 Hz Meditation Music,2020-10-23,68,146062,https://open.spotify.com/track/6KKxPIXdfaIbZ6cQgX5Gav,love
7xFyYJ9ifCuJMJzOupVrJj,528 Hz Raise Positive Vibrations,"Miracle Tones, Solfeggio Healing Frequencies MT",528 Hz Meditation Music,2020-10-23,68,123797,https://open.spotify.com/track/7xFyYJ9ifCuJMJzOupVrJj,love
4sjYK1CGjM95Y72qIJJQ8t,528 Hz Dreamscape for Positive Transformation,"Miracle Tones, Solfeggio Healing Frequencies MT",528 Hz Meditation Music,2020-10-23,67,135874,https://open.spotify.com/track/4sjYK1CGjM95Y72qIJJQ8t,love
5baUzaryxi8EfsQQdjW6wD,528 Hz Meditation Music,"Miracle Tones, Solfeggio Healing Frequencies MT",528 Hz Meditation Music,2020-10-23,67,137874,https://open.spotify.com/track/5baUzaryxi8EfsQQdjW6wD,love
64gSL5LBN0ULbvg5OUansN,528,Timo Krantz,Ambient mt. 174-963,2020-04-17,67,156874,https://open.spotify.com/track/64gSL5LBN0ULbvg5OUansN,love
2WlTAEDqi9DthInHt5ioML,777 Hz Manifest Positivity & Self-Confidence,Miracle Tones,777 Hz Attract Positivity,2022-03-25,63,154500,https://open.spotify.com/track/2WlTAEDqi9DthInHt5ioML,love
2DKlGeGX8sfT2BfzXJcQGB,777 Hz Attract Luck & Abundance,Miracle Tones,777 Hz Attract Positivity,2022-03-25,63,178250,https://open.spotify.com/track/2DKlGeGX8sfT2BfzXJcQGB,love
4gBv6y9hNFQRkb9gRMkfDZ,777 Hz Angelic Healing Frequency,Miracle Tones,777 Hz Attract Positivity,2022-03-25,62,158250,https://open.spotify.com/track/4gBv6y9hNFQRkb9gRMkfDZ,love
2ewdRu16Kk2Kxz2Zjf1xfp,777 Hz Good Luck Magnet,Miracle Tones,777 Hz Attract Positivity,2022-03-25,62,133875,https://open.spotify.com/track/2ewdRu16Kk2Kxz2Zjf1xfp,love
5KvBSd6hKg81OKe0vE1uWn,777 Hz Law of Attraction Frequency,Miracle Tones,777 Hz Attract Positivity,2022-03-25,63,152500,https://open.spotify.com/track/5KvBSd6hKg81OKe0vE1uWn,love
6JQ9OTZ9l0up36ag8zu9ZO,888 Hz Abundance Gate,"Miracle Tones, Solfeggio Healing Frequencies MT",888 Hz Abundance Gate,2022-07-01,61,156250,https://open.spotify.com/track/6JQ9OTZ9l0up36ag8zu9ZO,love
3XWYUV0kP9HjNVaEFvWDrn,"888 Hz Infinite Abundance, Love & Wealth","Miracle Tones, Solfeggio Healing Frequencies MT",888 Hz Abundance Gate,2022-07-01,62,149500,https://open.spotify.com/track/3XWYUV0kP9HjNVaEFvWDrn,love
0EtCZAOK0rGewNeinWFDJy,888 Hz Sacred Geometry,"Miracle Tones, Solfeggio Healing Frequencies MT",888 Hz Abundance Gate,2022-07-01,61,150500,https://open.spotify.com/track/0EtCZAOK0rGewNeinWFDJy,love
3jgowWRglcwQMyJK9urxgU,888 Hz Attract Wealth,"Miracle Tones, Solfeggio Healing Frequencies MT",888 Hz Abundance Gate,2022-07-01,62,131874,https://open.spotify.com/track/3jgowWRglcwQMyJK9urxgU,love
1oXYMJfF1yD2hPA191fNsa,888 Hz Angel Number,"Miracle Tones, Solfeggio Healing Frequencies MT",888 Hz Abundance Gate,2022-07-01,61,185000,https://open.spotify.com/track/1oXYMJfF1yD2hPA191fNsa,love
0EfMMQXeEJnuB8em6WPEoB,"In This Moment, I Am",Miracle Tones,Anxiety Relief,2022-10-14,61,169500,https://open.spotify.com/track/0EfMMQXeEJnuB8em6WPEoB,love
4Gy64kPK6SVwKdb4rs1emJ,Free,Miracle Tones,Anxiety Relief,2022-10-14,61,143500,https://open.spotify.com/track/4Gy64kPK6SVwKdb4rs1emJ,love
7yMYRFn1b6dJhNpLS3TKNa,Calm,Miracle Tones,Anxiety Relief,2022-10-14,62,146375,https://open.spotify.com/track/7yMYRFn1b6dJhNpLS3TKNa,love
1CJ7CdeVKlMucpQ2mgUqCZ,Peaceful,Miracle Tones,Anxiety Relief,2022-10-14,61,146375,https://open.spotify.com/track/1CJ7CdeVKlMucpQ2mgUqCZ,love
6Dokq83006VVSh3mj23VsJ,Present,Miracle Tones,Anxiety Relief,2022-10-14,61,149250,https://open.spotify.com/track/6Dokq83006VVSh3mj23VsJ,love
3AbB1wq3rFaAtlj2QwYGHc,Grounded,Miracle Tones,Anxiety Relief,2022-10-14,61,162750,https://open.spotify.com/track/3AbB1wq3rFaAtlj2QwYGHc,love
71rmZugeBxhTJpyRta7Egr,Whole,Miracle Tones,Anxiety Relief,2022-10-14,61,163000,https://open.spotify.com/track/71rmZugeBxhTJpyRta7Egr,love
0E8kv9QhCvPg6jS881pHwb,Eternal,Miracle Tones,Anxiety Relief,2022-10-14,61,153500,https://open.spotify.com/track/0E8kv9QhCvPg6jS881pHwb,love
2yp0gxqKE9I9WnemfoXesC,Infinite,Miracle Tones,Anxiety Relief,2022-10-14,61,191250,https://open.spotify.com/track/2yp0gxqKE9I9WnemfoXesC,love
1Xe14jc7cae4RFLUtH55YE,Enough,Miracle Tones,Anxiety Relief,2022-10-14,61,198500,https://open.spotify.com/track/1Xe14jc7cae4RFLUtH55YE,love
5ELXSGNF1LZXdJVUvwvdTm,174 Hz Foundation,"Miracle Tones, Solfeggio Healing Frequencies MT",174 Hz Pain Reduction,2019-10-16,63,157124,https://open.spotify.com/track/5ELXSGNF1LZXdJVUvwvdTm,love
3fR2GE5f0CiAX7HHyl98S2,174 Hz Pain Relief & Healing,"Miracle Tones, Solfeggio Healing Frequencies MT",174 Hz Pain Reduction,2019-10-16,64,160000,https://open.spotify.com/track/3fR2GE5f0CiAX7HHyl98S2,love
66KQ8hIWI85u0IxUybwn6v,174 Hz Deep Healing,"Miracle Tones, Solfeggio Healing Frequencies MT",174 Hz Pain Reduction,2019-10-16,64,121000,https://open.spotify.com/track/66KQ8hIWI85u0IxUybwn6v,love
20Fp2qTbAw1u2pWjWpPUTe,174 Hz Healing Tone for Sleep,"Miracle Tones, Solfeggio Healing Frequencies MT",174 Hz Pain Reduction,2019-10-16,64,120000,https://open.spotify.com/track/20Fp2qTbAw1u2pWjWpPUTe,love
5jMOUETQVVwNWTEeEH5N3i,Solfeggio Frequencies 174 Hz,"Miracle Tones, Solfeggio Healing Frequencies MT",174 Hz Pain Reduction,2019-10-16,62,152500,https://open.spotify.com/track/5jMOUETQVVwNWTEeEH5N3i,love
43hnjJayMstXuSeAx1BWPz,174,Timo Krantz,Ambient mt. 174-963,2020-04-17,65,188250,https://open.spotify.com/track/43hnjJayMstXuSeAx1BWPz,love
3RwF44zv3o7QeuC9MGVq23,285 Hz Quantum Cognition,"Miracle Tones, Solfeggio Healing Frequencies MT",285 Hz Rejuvenated Energy Fields,2019-10-17,62,153562,https://open.spotify.com/track/3RwF44zv3o7QeuC9MGVq23,love
1h8t1qWZE8UEyQ8c5T1fRL,285 Hz Rejuvenated Energy Fields,"Miracle Tones, Solfeggio Healing Frequencies MT",285 Hz Rejuvenated Energy Fields,2019-10-17,62,156750,https://open.spotify.com/track/1h8t1qWZE8UEyQ8c5T1fRL,love
0CTm5xFhPMpWP3yiuaPQy6,285 Hz Powerful Om Mantra Meditation,"Miracle Tones, Solfeggio Healing Frequencies MT",285 Hz Rejuvenated Energy Fields,2019-10-17,62,156250,https://open.spotify.com/track/0CTm5xFhPMpWP3yiuaPQy6,love
42dqgyAJNFTnlgfIIfNghx,285 Hz Heals & Regenerates Tissues,"Miracle Tones, Solfeggio Healing Frequencies MT",285 Hz Rejuvenated Energy Fields,2019-10-17,62,160500,https://open.spotify.com/track/42dqgyAJNFTnlgfIIfNghx,love
3RazGWRaVqk7zBms8c42ZW,Solfeggio Frequencies 285 Hz,"Miracle Tones, Solfeggio Healing Frequencies MT",285 Hz Rejuvenated Energy Fields,2019-10-17,61,158500,https://open.spotify.com/track/3RazGWRaVqk7zBms8c42ZW,love
3fK6Zo929DOzAWDgQ9PpIo,285,Timo Krantz,Ambient mt. 174-963,2020-04-17,63,131000,https://open.spotify.com/track/3fK6Zo929DOzAWDgQ9PpIo,love
7oCKrpWiz8QIn0Jkr0G6sR,396 Hz Let Go of Fear & Guilt,"Miracle Tones, Solfeggio Healing Frequencies MT",396 Hz Liberating Guilt and Fear,2019-10-18,66,129500,https://open.spotify.com/track/7oCKrpWiz8QIn0Jkr0G6sR,love
3qwJjnF4TuLF2kHuOntIUi,396 Hz Dissolve Negativity,"Miracle Tones, Solfeggio Healing Frequencies MT",396 Hz Liberating Guilt and Fear,2019-10-18,65,131125,https://open.spotify.com/track/3qwJjnF4TuLF2kHuOntIUi,love
3urnjdJxUeRACwMeAH9SvI,396 Hz Liberation from Fear,"Miracle Tones, Solfeggio Healing Frequencies MT",396 Hz Liberating Guilt and Fear,2019-10-18,65,123000,https://open.spotify.com/track/3urnjdJxUeRACwMeAH9SvI,love
4ga2tUghWJYFNVYjo9NhBH,396 Hz Cleanse Fear & Negative Blocks,"Miracle Tones, Solfeggio Healing Frequencies MT",396 Hz Liberating Guilt and Fear,2019-10-18,66,179375,https://open.spotify.com/track/4ga2tUghWJYFNVYjo9NhBH,love
70quUuqiAx6XH0BjZUW3Gd,Solfeggio Frequencies 396 Hz,"Miracle Tones, Solfeggio Healing Frequencies MT",396 Hz Liberating Guilt and Fear,2019-10-18,65,169537,https://open.spotify.com/track/70quUuqiAx6XH0BjZUW3Gd,love
6glj1F8ktbB9dGPAy9qi16,396,Timo Krantz,Ambient mt. 174-963,2020-04-17,65,152624,https://open.spotify.com/track/6glj1F8ktbB9dGPAy9qi16,love
6eUeYDbA32fZbS2sz9g4RT,417 Hz Facilitate Change,"Miracle Tones, Solfeggio Healing Frequencies MT",417 Hz Undoing Situations and Facilitating Change,2019-10-19,65,126250,https://open.spotify.com/track/6eUeYDbA32fZbS2sz9g4RT,love
0AHZtMbyjHWhtWmqE8Egv7,417 Hz Clear Negative Energy,"Miracle Tones, Solfeggio Healing Frequencies MT",417 Hz Undoing Situations and Facilitating Change,2019-10-19,66,176250,https://open.spotify.com/track/0AHZtMbyjHWhtWmqE8Egv7,love
4zMSFxd5AjYArw8yafIwhT,417 Hz Undo Emotional Patterns,"Miracle Tones, Solfeggio Healing Frequencies MT",417 Hz Undoing Situations and Facilitating Change,2019-10-19,65,136333,https://open.spotify.com/track/4zMSFxd5AjYArw8yafIwhT,love
72zmIVptVJjjyNevKEMtLb,417 Hz Remove Negative Blocks,"Miracle Tones, Solfeggio Healing Frequencies MT",417 Hz Undoing Situations and Facilitating Change,2019-10-19,65,127812,https://open.spotify.com/track/72zmIVptVJjjyNevKEMtLb,love
1QXGDHadzECcysKNMZvOrN,Solfeggio Frequencies 417 Hz,"Miracle Tones, Solfeggio Healing Frequencies MT",417 Hz Undoing Situations and Facilitating Change,2019-10-19,64,160500,https://open.spotify.com/track/1QXGDHadzECcysKNMZvOrN,love
6gixZv6Fa3Fg4BKnY5mZ4a,417,Timo Krantz,Ambient mt. 174-963,2020-04-17,65,173500,https://open.spotify.com/track/6gixZv6Fa3Fg4BKnY5mZ4a,love
6FbYf4iWkfpFlX6rFpyI7K,639 Hz Manifest Love & Miracles,Miracle Tones,639 Hz Heart Chakra Healing,2025-07-04,65,188000,https://open.spotify.com/track/6FbYf4iWkfpFlX6rFpyI7K,love
40yh2juNAGIYnY7kJloWuk,639 Hz Heart Chakra,Miracle Tones,639 Hz Heart Chakra Healing,2025-07-04,64,208000,https://open.spotify.com/track/40yh2juNAGIYnY7kJloWuk,love
3TdvzC3avS9URnmRbEf5s4,639 Hz Healing Relationships,Miracle Tones,639 Hz Heart Chakra Healing,2025-07-04,64,218000,https://open.spotify.com/track/3TdvzC3avS9URnmRbEf5s4,love
3cTEK5a6H0fTuvOZOIHUFV,639 Hz Love Frequency,Miracle Tones,639 Hz Heart Chakra Healing,2025-07-04,64,212000,https://open.spotify.com/track/3cTEK5a6H0fTuvOZOIHUFV,love
62lwTmBL78yKawDVJsSmip,639 Hz Attract Love,Miracle Tones,639 Hz Heart Chakra Healing,2025-07-04,64,180000,https://open.spotify.com/track/62lwTmBL78yKawDVJsSmip,love
2OEU6svcAsOprt4hjxOym3,639 Hz Heart Frequency,Miracle Tones,639 Hz Heart Chakra Healing,2025-07-04,64,206000,https://open.spotify.com/track/2OEU6svcAsOprt4hjxOym3,love
7vZHk4If7G7qUe9QXHfB2d,639 Hz Pure Positive Energy,Miracle Tones,639 Hz Heart Chakra Healing,2025-07-04,64,232000,https://open.spotify.com/track/7vZHk4If7G7qUe9QXHfB2d,love
2GWmu3yokojq4FF9OuyL5n,639 Hz Solfeggio Frequency,Miracle Tones,639 Hz Heart Chakra Healing,2025-07-04,63,197000,https://open.spotify.com/track/2GWmu3yokojq4FF9OuyL5n,love
2n1fnltTZ5v1tbh5vD5aaK,639 Hz Find Love,Miracle Tones,639 Hz Heart Chakra Healing,2025-07-04,63,205000,https://open.spotify.com/track/2n1fnltTZ5v1tbh5vD5aaK,love
1BE9IXzcpMpofwVnHtJoMV,639 Hz Frequency,Miracle Tones,639 Hz Heart Chakra Healing,2025-07-04,63,208500,https://open.spotify.com/track/1BE9IXzcpMpofwVnHtJoMV,love
6RUOuyUt7978wDdDyBVx84,639 Hz Attract Love & Raise Positive Energy,"Miracle Tones, Solfeggio Healing Frequencies MT",639 Hz Connecting Relationships,2019-10-21,66,168000,https://open.spotify.com/track/6RUOuyUt7978wDdDyBVx84,love
1C2C2hslxnXGadBuzjaccx,639 Hz Harmonize Relationships,"Miracle Tones, Solfeggio Healing Frequencies MT",639 Hz Connecting Relationships,2019-10-21,65,139500,https://open.spotify.com/track/1C2C2hslxnXGadBuzjaccx,love
4p1KJUbH3EFHQMUI5Jwq0x,639 Hz Heal Heart Chakra,"Miracle Tones, Solfeggio Healing Frequencies MT",639 Hz Connecting Relationships,2019-10-21,66,151000,https://open.spotify.com/track/4p1KJUbH3EFHQMUI5Jwq0x,love
5eKO65JgbTnKr4SERSYm3d,639 Hz Miracle Love Tone,"Miracle Tones, Solfeggio Healing Frequencies MT",639 Hz Connecting Relationships,2019-10-21,65,194250,https://open.spotify.com/track/5eKO65JgbTnKr4SERSYm3d,love
2HvVYSbDW7xU6PK1r7dvhj,Solfeggio Frequencies 639 Hz,"Miracle Tones, Solfeggio Healing Frequencies MT",639 Hz Connecting Relationships,2019-10-21,64,188500,https://open.spotify.com/track/2HvVYSbDW7xU6PK1r7dvhj,love
4BerGfCuBv3WKao9NRcOTF,639,Timo Krantz,Ambient mt. 174-963,2020-04-17,65,182250,https://open.spotify.com/track/4BerGfCuBv3WKao9NRcOTF,love
6URJvy8H2QCh9fUZmN3C6i,741 Hz Spiritual Detox,"Miracle Tones, Solfeggio Healing Frequencies MT",741 Hz Full Body Detox,2019-10-22,65,141250,https://open.spotify.com/track/6URJvy8H2QCh9fUZmN3C6i,love
2DACZHp4SoHSvwT170sykq,741 Hz Dissolve Toxins & Electromagnetic Radiations,"Miracle Tones, Solfeggio Healing Frequencies MT",741 Hz Full Body Detox,2019-10-22,64,150500,https://open.spotify.com/track/2DACZHp4SoHSvwT170sykq,love
4BChZPaLJtHfoJdGwJxWnu,741 Hz Full Body Cell Level Detox,"Miracle Tones, Solfeggio Healing Frequencies MT",741 Hz Full Body Detox,2019-10-22,64,134500,https://open.spotify.com/track/4BChZPaLJtHfoJdGwJxWnu,love
1Gu1IIX892vNZtsrUc8zw4,741 Hz Cleanse Aura,"Miracle Tones, Solfeggio Healing Frequencies MT",741 Hz Full Body Detox,2019-10-22,65,145750,https://open.spotify.com/track/1Gu1IIX892vNZtsrUc8zw4,love
6dqI2f7OmRg9WwceXAj7vR,Solfeggio Frequencies 741 Hz,"Miracle Tones, Solfeggio Healing Frequencies MT",741 Hz Full Body Detox,2019-10-22,63,131250,https://open.spotify.com/track/6dqI2f7OmRg9WwceXAj7vR,love
598ej0NcxdPOc1M6jwpcR9,741,Timo Krantz,Ambient mt. 174-963,2020-04-17,63,162708,https://open.spotify.com/track/598ej0NcxdPOc1M6jwpcR9,love
6VGQSxcUXNeH03eS1Fzygz,852 Hz Awake Intuition,"Miracle Tones, Solfeggio Healing Frequencies MT",852 Hz Returning to Spiritual Order,2019-10-23,64,144000,https://open.spotify.com/track/6VGQSxcUXNeH03eS1Fzygz,love
5H4Cs3XIkgOJSTp8KWYbXs,852 Hz Let Go of Overthinking & Worries,"Miracle Tones, Solfeggio Healing Frequencies MT",852 Hz Returning to Spiritual Order,2019-10-23,65,156874,https://open.spotify.com/track/5H4Cs3XIkgOJSTp8KWYbXs,love
4n5xQQhTlPYAeTomO2kvjP,852 Hz Open Up to Spiritual Experience,"Miracle Tones, Solfeggio Healing Frequencies MT",852 Hz Returning to Spiritual Order,2019-10-23,64,137750,https://open.spotify.com/track/4n5xQQhTlPYAeTomO2kvjP,love
2AumE30ezD7YsLg6FQl5rO,852 Hz Reset The Mind,"Miracle Tones, Solfeggio Healing Frequencies MT",852 Hz Returning to Spiritual Order,2019-10-23,64,199000,https://open.spotify.com/track/2AumE30ezD7YsLg6FQl5rO,love
6DYToKyOUvFNgFGziFlmn4,Solfeggio Frequencies 852 Hz,"Miracle Tones, Solfeggio Healing Frequencies MT",852 Hz Returning to Spiritual Order,2019-10-23,63,160250,https://open.spotify.com/track/6DYToKyOUvFNgFGziFlmn4,love
5DrWlVCKrgpxQZyc5DR94H,852,Timo Krantz,Ambient mt. 174-963,2020-04-17,63,146000,https://open.spotify.com/track/5DrWlVCKrgpxQZyc5DR94H,love
56vFDEsrjJQsHUkL1EbS3Q,963 Hz Open Third Eye,"Miracle Tones, Solfeggio Healing Frequencies MT",963 Hz Returning to Oneness,2019-10-24,63,144000,https://open.spotify.com/track/56vFDEsrjJQsHUkL1EbS3Q,love
1HhvQyDKZb4QtZek1d9KzW,963 Hz Activate Pineal Gland,"Miracle Tones, Solfeggio Healing Frequencies MT",963 Hz Returning to Oneness,2019-10-24,64,163090,https://open.spotify.com/track/1HhvQyDKZb4QtZek1d9KzW,love
6pxUCNb8Yrv0sIeIc6IO7D,963 Hz Remove Self Limiting Beliefs,"Miracle Tones, Solfeggio Healing Frequencies MT",963 Hz Returning to Oneness,2019-10-24,63,156500,https://open.spotify.com/track/6pxUCNb8Yrv0sIeIc6IO7D,love
0qwOJcyKdnpNnHjgaRshZW,963 Hz Courage & Inner Power,"Miracle Tones, Solfeggio Healing Frequencies MT",963 Hz Returning to Oneness,2019-10-24,63,144136,https://open.spotify.com/track/0qwOJcyKdnpNnHjgaRshZW,love
2gHFh7SkAwBy3ORnk3TCqv,Solfeggio Frequencies 963 Hz,"Miracle Tones, Solfeggio Healing Frequencies MT",963 Hz Returning to Oneness,2019-10-24,63,158750,https://open.spotify.com/track/2gHFh7SkAwBy3ORnk3TCqv,love
0XCjXjAXCntjLob1TCqsRH,963,Timo Krantz,Ambient mt. 174-963,2020-04-17,62,185000,https://open.spotify.com/track/0XCjXjAXCntjLob1TCqsRH,love
2uPL6pMFZqiwuwXfig1jpP,as we move <3,Emile Mont,Letters to Axelia,2022-09-02,52,216521,https://open.spotify.com/track/2uPL6pMFZqiwuwXfig1jpP,love
2nOVQjib69gVx27wB3xYM4,Collecting Sunlight | Flying Towards Day,Playplain,Moving,2022-09-02,52,199000,https://open.spotify.com/track/2nOVQjib69gVx27wB3xYM4,love
5tzbM8m70V977Ezpfk8IPS,Time After Time,Cyndi Lauper,She's So Unusual,1983,0,241333,https://open.spotify.com/track/5tzbM8m70V977Ezpfk8IPS,love
7iBBcw61QVJxI3NDzlpX2E,Love Me Tender,Elvis Presley,Elvis 30 #1 Hits,2002-09-24,58,162066,https://open.spotify.com/track/7iBBcw61QVJxI3NDzlpX2E,love
21a1k8q3DJtsF8GorRfcL8,Mind Games,Sickick,Mind Games,2017-11-17,5,258352,https://open.spotify.com/track/21a1k8q3DJtsF8GorRfcL8,love
3jwQt00cvkN57H6ZR75W2K,RUNRUNRUN,Dutch Melrose,RUNRUNRUN,2022-03-25,76,140751,https://open.spotify.com/track/3jwQt00cvkN57H6ZR75W2K,love
1W7zkKgRv9mrLbfdQ8XyH3,Gangsta,Kehlani,Suicide Squad: The Album,2016-08-05,76,177028,https://open.spotify.com/track/1W7zkKgRv9mrLbfdQ8XyH3,love
6FxUaNHLuezTdGzTK95CGj,HAUNTED,Chris Grey,HAUNTED,2024-06-12,54,158750,https://open.spotify.com/track/6FxUaNHLuezTdGzTK95CGj,love
4PazDqTv3SUmxs3Dm6VxUr,Make Me Feel,Elvis Drew,Make Me Feel,2021-10-29,63,155909,https://open.spotify.com/track/4PazDqTv3SUmxs3Dm6VxUr,love
5D7KsExiQPQAjWh2ZB3g0Z,Poison In My Veins,Elvis Drew,Poison In My Veins,2025-01-16,55,227076,https://open.spotify.com/track/5D7KsExiQPQAjWh2ZB3g0Z,love
2XSb0dxFp9oyfBuyc7av9j,Obsessed,Elvis Drew,Obsessed,2025-10-31,45,177473,https://open.spotify.com/track/2XSb0dxFp9oyfBuyc7av9j,love
0BcnIA38NpLgBTB52uaApK,ADDICTED,Toygun,ADDICTED,2025-08-20,40,192244,https://open.spotify.com/track/0BcnIA38NpLgBTB52uaApK,love
7qsQw6eSn1x8sO4OrQAHne,Blame,Montell Fish,Her Love Still Haunts Me Like a Ghost,2022-10-28,57,186000,https://open.spotify.com/track/7qsQw6eSn1x8sO4OrQAHne,love
7tpn8TEJiZl4yF13Zy64i5,Sacrifice,Elvis Drew,Sacrifice,2025-08-28,50,198131,https://open.spotify.com/track/7tpn8TEJiZl4yF13Zy64i5,love
5ff77CZZUpY8Gvu5GuA6vb,HAUNTED,Isabel LaRosa,HAUNTED,2022-02-24,62,137851,https://open.spotify.com/track/5ff77CZZUpY8Gvu5GuA6vb,love
2CimgWNgNIsiDB7KlAyyn2,JUST GO,Toygun,JUST GO,2025-10-30,34,146090,https://open.spotify.com/track/2CimgWNgNIsiDB7KlAyyn2,love
6qWvM5IlHC94QhvArTP5ua,Outta the Blue,Nicholas Bonnin,Outta the Blue,2021-04-05,50,251333,https://open.spotify.com/track/6qWvM5IlHC94QhvArTP5ua,love
418FPu58H5Q7hg3O2PBJhe,Engraved On Your Skin,"Elvis Drew, KAIT",Engraved On Your Skin,2025-04-24,47,208000,https://open.spotify.com/track/418FPu58H5Q7hg3O2PBJhe,love
3htoQPC7v5x04gWCQz1y2S,WRONG,Chris Grey,FUNHOUSE / WRONG,2025-07-25,76,177250,https://open.spotify.com/track/3htoQPC7v5x04gWCQz1y2S,love
3Pvu5yFjfy2pFErsys0x7o,Focus,Elvis Drew,Focus,2022-06-17,50,149183,https://open.spotify.com/track/3Pvu5yFjfy2pFErsys0x7o,love
51gfnHxfHb2QsO8dkeu4WD,Lifeline,Mellina Tey,Lifeline,2023-02-24,2,157407,https://open.spotify.com/track/51gfnHxfHb2QsO8dkeu4WD,love
0l3vdL2Hjm6nSkYWDDzcxn,Not Enough,"Elvis Drew, Avivian",Lapsus,2019-08-29,60,160365,https://open.spotify.com/track/0l3vdL2Hjm6nSkYWDDzcxn,love
2KtS31kaWNHs12Q5B43Ixh,Right Here,Chase Atlantic,Part One,2017-01-27,71,235000,https://open.spotify.com/track/2KtS31kaWNHs12Q5B43Ixh,love
7bbYT48HWWIbL3YKmtMNzn,Church,Chase Atlantic,Part One,2017-01-27,72,220000,https://open.spotify.com/track/7bbYT48HWWIbL3YKmtMNzn,love
3ES6cLKSNuWCZgL0X7BHSv,Colors,Elvis Drew,Colors,2021-01-08,54,126666,https://open.spotify.com/track/3ES6cLKSNuWCZgL0X7BHSv,love
0cLRpJeSYnFKhoX57Vremm,Backseat,Daniel Di Angelo,Backseat,2022-01-14,57,169186,https://open.spotify.com/track/0cLRpJeSYnFKhoX57Vremm,love
2TAhdTIonAtbaTSeOKI2Df,not a love song,Elvis Drew,not a love song,2025-06-26,52,186285,https://open.spotify.com/track/2TAhdTIonAtbaTSeOKI2Df,love
77U6kcldLRFl9vCfaw11Sr,Champagne & Sunshine,"PLVTINUM, Tarro",Champagne & Sunshine,2016-11-18,70,196363,https://open.spotify.com/track/77U6kcldLRFl9vCfaw11Sr,love
1BwApC6z1fX4IWFPPjCHww,OHMAMI - With Maggie Lindemann,"Chase Atlantic, Maggie Lindemann",BEAUTY IN DEATH (DELUXE EDITION),2022-05-03,53,226843,https://open.spotify.com/track/1BwApC6z1fX4IWFPPjCHww,love
7bevK9DJVy1a16426t2WQ1,Love You Like Me,William Singe,Love You Like Me,2019-09-06,56,218614,https://open.spotify.com/track/7bevK9DJVy1a16426t2WQ1,love
3XXm7WLzw3llVqK0aueBSr,Don't u cry,Omido,Don't u cry,2025-08-28,54,178236,https://open.spotify.com/track/3XXm7WLzw3llVqK0aueBSr,love
5nOoD26ZdaXZ89DreFqATM,Bleed For You,"Elvis Drew, Nazaki",Bleed For You,2023-04-28,45,177000,https://open.spotify.com/track/5nOoD26ZdaXZ89DreFqATM,love
0adZXJISG1iiEzUxe57KxX,look what you've done to me,"zandros, Mellina Tey",look what you've done to me,2023-11-24,56,168933,https://open.spotify.com/track/0adZXJISG1iiEzUxe57KxX,love
7GoXK3wa1Bxt9gVUJvv7Cy,All Mine,PLAZA,All Mine,2017-12-22,64,234871,https://open.spotify.com/track/7GoXK3wa1Bxt9gVUJvv7Cy,love
7t2bFihaDvhIrd2gn2CWJO,"Or Nah (feat. The Weeknd, Wiz Khalifa & DJ Mustard) - Remix","Ty Dolla $ign, The Weeknd, Wiz Khalifa, Mustard","Or Nah (feat. The Weeknd, Wiz Khalifa & DJ Mustard) [Remix]",2014-06-10,81,242983,https://open.spotify.com/track/7t2bFihaDvhIrd2gn2CWJO,love
3JsydWaf2Ev4ehaLUjj3SY,Confident,"Justin Bieber, Chance the Rapper",Journals,2014-05-13,86,248133,https://open.spotify.com/track/3JsydWaf2Ev4ehaLUjj3SY,love
2GBgiuXwY1KzJMA0gSAr9J,Flatline,Justin Bieber,Journals,2014-05-13,80,219346,https://open.spotify.com/track/2GBgiuXwY1KzJMA0gSAr9J,love
0vXBmU9Zus9ZtbR4kvZAjH,baby can you sin for me,Ex Habit,baby can you sin for me,2025-10-16,54,161912,https://open.spotify.com/track/0vXBmU9Zus9ZtbR4kvZAjH,love
33wXe2PIOqYZ4lI0eNRTdW,My Name,"Reed Wonder, Aurora Olivas",My Name,2024-04-03,64,230766,https://open.spotify.com/track/33wXe2PIOqYZ4lI0eNRTdW,love
1IONg0T8i6wSMKUHD8l66d,Take All My Love,"Reed Wonder, Aurora Olivas",Take All My Love,2024-05-10,56,166400,https://open.spotify.com/track/1IONg0T8i6wSMKUHD8l66d,love
6EkNTOcwDqZVvE5nf8YgKH,Romeo and Juliet,Rosenfeld,Romeo and Juliet,2025-10-10,44,185625,https://open.spotify.com/track/6EkNTOcwDqZVvE5nf8YgKH,love
4nyRgEqQgr44hfM8SUgsU8,Fatal Attraction,"Reed Wonder, Aurora Olivas",Fatal Attraction,2023-08-30,64,203211,https://open.spotify.com/track/4nyRgEqQgr44hfM8SUgsU8,love
0jHoMT82CkbHiHQBahEHle,Baby,"Elvis Drew, Avivian",Baby,2020-08-14,55,113557,https://open.spotify.com/track/0jHoMT82CkbHiHQBahEHle,love
4aaeCfnNc21IRpL7SsQexE,Hours,Josh Makazo,Hours,2024-06-14,44,163200,https://open.spotify.com/track/4aaeCfnNc21IRpL7SsQexE,love
4wV3MEQv5G3Tzraw5rQFz1,over my dead body,Ex Habit,over my dead body,2024-10-29,58,164210,https://open.spotify.com/track/4wV3MEQv5G3Tzraw5rQFz1,love
6eJ2rRy68QOduhNLW3M1Yy,"Heaven - From ""Fifty Shades Freed"" Soundtrack",Julia Michaels,Amethyst,2023-08-15,63,191813,https://open.spotify.com/track/6eJ2rRy68QOduhNLW3M1Yy,love
1cQ3LIkZE68pMSnPhZWXLu,Earned It (Fifty Shades Of Grey),The Weeknd,The Highlights,2021-02-05,78,277724,https://open.spotify.com/track/1cQ3LIkZE68pMSnPhZWXLu,love
0SLSQSKYDnf6Eoh9Wl7bpP,Bare Wit Me,Teyana Taylor,Bare Wit Me,2020-05-22,38,129806,https://open.spotify.com/track/0SLSQSKYDnf6Eoh9Wl7bpP,love
4AFJ1Wr1pee9bpWT5PgKN0,He Don't,Mellina Tey,He Don't,2024-02-22,2,148000,https://open.spotify.com/track/4AFJ1Wr1pee9bpWT5PgKN0,love
7CsKuex0uy9bkdTVNXngTh,Dangerous Woman,Rosenfeld,Dangerous Woman,2021-01-06,45,192004,https://open.spotify.com/track/7CsKuex0uy9bkdTVNXngTh,love
0PDUDa38GO8lMxLCRc4lL1,PILLOWTALK,ZAYN,Mind Of Mine (Deluxe Edition),2016-03-25,81,202746,https://open.spotify.com/track/0PDUDa38GO8lMxLCRc4lL1,love
1Jhf3l2JfqEwv0nMbm9njR,All I Need - Slowed & Reverb,Ren0wned,All I Need (Slowed & Reverb),2023-02-14,57,304796,https://open.spotify.com/track/1Jhf3l2JfqEwv0nMbm9njR,love
1Oe2HqIGh1U68UNeXeWi0b,Game For Two,Elvis Drew,Lapsus (Reimagined),2024-08-30,35,98081,https://open.spotify.com/track/1Oe2HqIGh1U68UNeXeWi0b,love
2D9L5TClD7KrBivrTJYB0Z,JENNIFER'S BODY,"PLVTINUM, Chris Grey, Dutch Melrose",JENNIFER'S BODY,2023-10-27,60,155912,https://open.spotify.com/track/2D9L5TClD7KrBivrTJYB0Z,love
0Sn0hAaE5yQxyduDZuqWoY,Your Guilty Pleasure,Henry Verus,Vanity,2022-05-13,52,174149,https://open.spotify.com/track/0Sn0hAaE5yQxyduDZuqWoY,love
5BcaeTjXkgWr8Fnb8pE8cu,THE SHADOWS,Chris Grey,THE SHADOWS,2023-01-27,55,206000,https://open.spotify.com/track/5BcaeTjXkgWr8Fnb8pE8cu,love
2OLpFS3fDxagWoXF8gFcMy,Before I Move On - sped up,Mellina Tey,6:44 (sped up),2024-05-02,1,130500,https://open.spotify.com/track/2OLpFS3fDxagWoXF8gFcMy,love
4t60NybraR13su2uQbXgmK,2AM,Mellina Tey,2AM,2023-08-18,8,196045,https://open.spotify.com/track/4t60NybraR13su2uQbXgmK,love
0r0a3aub6pXfC5mJPqdyqO,Colours,Minzie,COLOURS,2022-11-29,44,182283,https://open.spotify.com/track/0r0a3aub6pXfC5mJPqdyqO,love
3nef5W8jTkXrOKgCu4kmq7,Dangerous Woman,Ariana Grande,Dangerous Woman,2016-04-01,81,235946,https://open.spotify.com/track/3nef5W8jTkXrOKgCu4kmq7,love
2ogKhhoMClkFXek7ZgxAhN,Shameless,Camila Cabello,Romance,2019-12-06,82,219733,https://open.spotify.com/track/2ogKhhoMClkFXek7ZgxAhN,love
39np54Z7Ztb53CR7lwqISJ,Passion,"Kidd Phantomm, Kendra Williams",Obsession,2023-03-04,0,145518,https://open.spotify.com/track/39np54Z7Ztb53CR7lwqISJ,love
1yCE0X5qLWOrLkR8NC0ZUJ,The Summoning,Sleep Token,The Summoning,2023-01-06,53,395716,https://open.spotify.com/track/1yCE0X5qLWOrLkR8NC0ZUJ,love
4PAXJNRDrMFHvufmszPyDI,MAKE THE ANGELS CRY,Chris Grey,MAKE THE ANGELS CRY,2024-07-26,59,142250,https://open.spotify.com/track/4PAXJNRDrMFHvufmszPyDI,love
7cioKB5CHVzk09SOtTyn0T,Haunted,Beyoncé,BEYONCÉ [Platinum Edition],2014-11-24,75,369040,https://open.spotify.com/track/7cioKB5CHVzk09SOtTyn0T,love
6ZklPLJV5JmZYbfF6KNrez,I Want To,Rosenfeld,I Want To,2020-01-09,55,152113,https://open.spotify.com/track/6ZklPLJV5JmZYbfF6KNrez,love
2dXngWQnyjgJxn3PiGxzlr,Desire,MEG MYERS,Desire,2013-09-10,37,284333,https://open.spotify.com/track/2dXngWQnyjgJxn3PiGxzlr,love
34Yl756FwYuZldE9xnshj5,if u think i'm pretty,Artemas,if u think i'm pretty,2023-10-24,68,128205,https://open.spotify.com/track/34Yl756FwYuZldE9xnshj5,love
0pO08V1ReIabjPPkAwjLf6,Obsession,Mellina Tey,Obsession,2023-10-06,8,184000,https://open.spotify.com/track/0pO08V1ReIabjPPkAwjLf6,love
2NRN2yQrpc4rmRseYt5okh,Doesn't Rain In Hell,"Elvis Drew, Avivian",Doesn't Rain In Hell,2022-01-28,48,150995,https://open.spotify.com/track/2NRN2yQrpc4rmRseYt5okh,love
4Z7ZOrHtlgn9kXw68c0pMo,Gangsta (Kehlani) - Sped Up Version,sped up nightcore,Gangsta (Kehlani) [Sped Up Version],2022-08-09,51,132137,https://open.spotify.com/track/4Z7ZOrHtlgn9kXw68c0pMo,love
5ZGgVFoeYQdpNuhWEEjF5r,Bad Talk - Reimagined,Elvis Drew,Lapsus (Reimagined),2024-08-30,34,199877,https://open.spotify.com/track/5ZGgVFoeYQdpNuhWEEjF5r,love
0hkR93a0LriV2CQUhSXw3h,Lights Down Low (feat. Waka Flocka Flame),"Maejor, Waka Flocka Flame",Lights Down Low (feat. Waka Flocka Flame),2012-03-23,77,186120,https://open.spotify.com/track/0hkR93a0LriV2CQUhSXw3h,love
2Fls8fMOrHwJRXFw5cODTb,Ride for Me,Daniel Di Angelo,Ride for Me,2021-11-02,56,180773,https://open.spotify.com/track/2Fls8fMOrHwJRXFw5cODTb,love
0X2bh8NVQ8svDQIn2AdCbW,Consume (feat. Goon Des Garcons),"Chase Atlantic, GOON DES GARCONS*",Chase Atlantic,2017-10-04,77,267920,https://open.spotify.com/track/0X2bh8NVQ8svDQIn2AdCbW,love
5fVl28RgREvxVtGSf9OsbK,Meddle About,Chase Atlantic,Meddle About,2014-12-25,77,203886,https://open.spotify.com/track/5fVl28RgREvxVtGSf9OsbK,love
1JdQibdvxgcrB8Rv1KFndw,HEAVEN AND BACK,Chase Atlantic,PHASES,2019-06-28,75,248240,https://open.spotify.com/track/1JdQibdvxgcrB8Rv1KFndw,love
5Twu3VZlSTqUz0i085sXyw,Not Enough - Reimagined,Elvis Drew,Lapsus (Reimagined),2024-08-30,36,138948,https://open.spotify.com/track/5Twu3VZlSTqUz0i085sXyw,love
49Kxx28h1wmlw6McZ9xfxE,DIFFERENT,Chris Grey,DIFFERENT,2023-05-19,60,152124,https://open.spotify.com/track/49Kxx28h1wmlw6McZ9xfxE,love
59NC8SuXPiSaiYL69XQ4dt,Let Me Love You,"Ariana Grande, Lil Wayne",Dangerous Woman,2016-04-01,73,223853,https://open.spotify.com/track/59NC8SuXPiSaiYL69XQ4dt,love
6nStBZGqGgTR87MrBpNza0,HEARTBEAT,Isabel LaRosa,HEARTBEAT,2022-08-26,64,124959,https://open.spotify.com/track/6nStBZGqGgTR87MrBpNza0,love
3QJsSWa0Xo8MfaRn1gr4Be,Favorite,Isabel LaRosa,Favorite,2024-03-29,72,133608,https://open.spotify.com/track/3QJsSWa0Xo8MfaRn1gr4Be,love
0aL8A0AiB3iCmiJWZzjpyY,PRADA & VERSACE,Chris Grey,PRADA & VERSACE,2024-01-26,52,130623,https://open.spotify.com/track/0aL8A0AiB3iCmiJWZzjpyY,love
1ghqDkglrXPcxgRobBmLVW,Taste,Ari Abdul,Taste,2022-06-21,63,186600,https://open.spotify.com/track/1ghqDkglrXPcxgRobBmLVW,love
3EcLY1hPX9nvImM2xIgPaJ,On Me,"Elvis Drew, Avivian",On Me,2021-08-06,40,216000,https://open.spotify.com/track/3EcLY1hPX9nvImM2xIgPaJ,love
0Xc8l553ehCSjdVc4XfO2c,Watching Me,Mellina Tey,6:44,2024-04-18,3,163404,https://open.spotify.com/track/0Xc8l553ehCSjdVc4XfO2c,love
5jW2XP0AAMFb86bqNusIDA,Picked You,Mellina Tey,Picked You,2024-03-21,2,136363,https://open.spotify.com/track/5jW2XP0AAMFb86bqNusIDA,love
6XHVuErjQ4XNm6nDPVCxVX,No Guidance (feat. Drake),"Chris Brown, Drake",Indigo,2019-06-28,80,260645,https://open.spotify.com/track/6XHVuErjQ4XNm6nDPVCxVX,love
3JG1uFc40wfyrqaWC7iv0e,i like the way you kiss me,Artemas,yustyna,2024-07-11,75,142514,https://open.spotify.com/track/3JG1uFc40wfyrqaWC7iv0e,love
4pAl7FkDMNBsjykPXo91B3,Needed Me,Rihanna,ANTI (Deluxe),2016-01-28,81,191600,https://open.spotify.com/track/4pAl7FkDMNBsjykPXo91B3,love
5L90fQnBwHBe8tfl61mJBo,California Down The Road - Reimagined,Elvis Drew,Lapsus (Reimagined),2024-08-30,34,170155,https://open.spotify.com/track/5L90fQnBwHBe8tfl61mJBo,love
5jqNQZBwbZWQXPWfo0ygZF,Art Deco,Lana Del Rey,Honeymoon,2015-09-18,79,295066,https://open.spotify.com/track/5jqNQZBwbZWQXPWfo0ygZF,love
44YdnBkrbylEknuuLIdHTn,OVER U,"OZZIE, Dej Monae, SixFoor",OVER,2018-10-02,35,173731,https://open.spotify.com/track/44YdnBkrbylEknuuLIdHTn,love
3X5BaX4nDeHQUJC5nLsiTy,Sweat On Your Skin,"Rumelis, Beneld, Omido",Sweat On Your Skin,2025-06-27,52,140177,https://open.spotify.com/track/3X5BaX4nDeHQUJC5nLsiTy,love
6akH7c6onFHlEDQVcZVezB,HELLGIRL,Ari Abdul,Fallen Angel,2022-10-07,51,136551,https://open.spotify.com/track/6akH7c6onFHlEDQVcZVezB,love
7Ey8DZuMBbeiqMk8s8XpHA,RUSH,"Dutch Melrose, benny mayne",RUSH,2023-11-10,62,171789,https://open.spotify.com/track/7Ey8DZuMBbeiqMk8s8XpHA,love
6nImnPq0Z0VavqRKpfHHvn,All Over You,Elvis Drew,Dark Lights,2023-09-22,41,190714,https://open.spotify.com/track/6nImnPq0Z0VavqRKpfHHvn,love
1qwno7xb5mJe71xtMS6jl2,High Enough,K.Flay,Every Where Is Some Where,2017-04-07,71,231600,https://open.spotify.com/track/1qwno7xb5mJe71xtMS6jl2,love
3mHO1J6kfiArjBo1zhLFGP,Coming Down,The Weeknd,House Of Balloons (Original),2011-03-21,79,295435,https://open.spotify.com/track/3mHO1J6kfiArjBo1zhLFGP,love
11MyiSGZSYSmhhqwGUTtAq,Sad Girl,Lana Del Rey,Ultraviolence (Deluxe),2014-01-01,79,317760,https://open.spotify.com/track/11MyiSGZSYSmhhqwGUTtAq,love
21MjiNNSZylKr74tEuGHpm,Every Night,Montell Fish,Her Love Still Haunts Me Like a Ghost,2022-10-28,61,148000,https://open.spotify.com/track/21MjiNNSZylKr74tEuGHpm,love
0rrMyO2ZHLhxGTLgAEVWIJ,Empty Seat,Josh Makazo,Empty Seat,2023-03-10,34,172035,https://open.spotify.com/track/0rrMyO2ZHLhxGTLgAEVWIJ,love
1GnTBbaFtxNkHEjUsWEdNu,cross my heart,Artemas,pretty,2024-02-09,67,146216,https://open.spotify.com/track/1GnTBbaFtxNkHEjUsWEdNu,love
1bvh7jWjFw6QIYH7gzBfPE,ALL I WANTED WAS U,"Ex Habit, Omido",ALL I WANTED WAS U,2024-04-14,59,207223,https://open.spotify.com/track/1bvh7jWjFw6QIYH7gzBfPE,love
2u0CelO5c81XS7z3dGpHbS,The Beach,The Neighbourhood,Wiped Out!,2015-10-30,77,255133,https://open.spotify.com/track/2u0CelO5c81XS7z3dGpHbS,love
1UvMjlF8OZp2YsKQFAmlbK,Thin Lines,SWIM,Thin Lines,2020-04-25,47,132786,https://open.spotify.com/track/1UvMjlF8OZp2YsKQFAmlbK,love
51HoKwuVUVcv0DHPT0x2Qi,Same Place,JOY.,Same Place,2016-09-22,51,225071,https://open.spotify.com/track/51HoKwuVUVcv0DHPT0x2Qi,love
6d2BPELIjdqqqXPid41LzL,Come After Dark,"Eros, LEOWOLF",Come After Dark,2024-03-21,38,169714,https://open.spotify.com/track/6d2BPELIjdqqqXPid41LzL,love
5Y6nVaayzitvsD5F7nr3DV,West Coast,Lana Del Rey,Ultraviolence (Deluxe),2014-01-01,83,256760,https://open.spotify.com/track/5Y6nVaayzitvsD5F7nr3DV,love
39mPRdfh5ipE7AZrlicnNp,Make Up Sex,SoMo,My Life II,2015-09-11,57,222853,https://open.spotify.com/track/39mPRdfh5ipE7AZrlicnNp,love
5rUkJHDyeJjb4pYxFUHfEX,Hold Me,Azee,Hold Me,2020-05-16,45,186000,https://open.spotify.com/track/5rUkJHDyeJjb4pYxFUHfEX,love
5ojuGpJwxVolu4vUmMtDS8,Enemy,Cheyanne,Enemy,2024-09-10,43,205099,https://open.spotify.com/track/5ojuGpJwxVolu4vUmMtDS8,love
1YG5ROoIk9mzxqFHGpbsQ2,Where Are You? - Slowed,"Elvis Drew, Avivian",Where Are You? (Slowed),2022-03-04,45,169456,https://open.spotify.com/track/1YG5ROoIk9mzxqFHGpbsQ2,love
6p8BpnmWit2ME2q9dcn4y1,Desert Rose - Slowed + Reverb (low lows),Lolo Zouaï,Desert Rose (The Remixes),2022-04-19,49,299432,https://open.spotify.com/track/6p8BpnmWit2ME2q9dcn4y1,love
52wtsCSN7bHavf5HXEJFbr,on your knees,Ex Habit,on your knees,2024-04-14,57,143644,https://open.spotify.com/track/52wtsCSN7bHavf5HXEJFbr,love
4WNrx9GTx4RvdnxR6qVysR,Stay,Ari Abdul,Stay,2022-04-29,58,172563,https://open.spotify.com/track/4WNrx9GTx4RvdnxR6qVysR,love
1c5WKofTwFQrACWlTUcwEQ,Dreaming,REGI FLIH,Careless,2021-11-26,47,202600,https://open.spotify.com/track/1c5WKofTwFQrACWlTUcwEQ,love
1AffuAyWqFYt29UESCqtsQ,Ignore My Face,Elvis Drew,Ignore My Face,2022-11-25,34,171612,https://open.spotify.com/track/1AffuAyWqFYt29UESCqtsQ,love
2lJFv2tSELAN1IrLl1zu7y,MAKEUP,Chris Grey,MAKEUP,2023-09-29,57,183500,https://open.spotify.com/track/2lJFv2tSELAN1IrLl1zu7y,love
144JlWqlpgkmLuRU0PvRQt,MATCH MADE IN HELL,"Dutch Melrose, benny mayne",MATCH MADE IN HELL,2024-03-08,58,158148,https://open.spotify.com/track/144JlWqlpgkmLuRU0PvRQt,love
3eMly4BSY82HjYYhPOkEqy,Dead At The Sight Of You,Noir.,Dead At The Sight Of You,2025-03-27,31,161010,https://open.spotify.com/track/3eMly4BSY82HjYYhPOkEqy,love
3p4hRhMcb6ch8OLtATMaLw,Cry,Cigarettes After Sex,Cry,2019-10-25,61,256799,https://open.spotify.com/track/3p4hRhMcb6ch8OLtATMaLw,love
7HOdt6pIevREH14fhbztv7,Come Up,Daniel Di Angelo,Come Up,2022-07-22,39,198552,https://open.spotify.com/track/7HOdt6pIevREH14fhbztv7,love
5q1usJ8JdXbmuojeXEUm0t,All You Need,Midnight Blu,All You Need,2024-11-29,28,292901,https://open.spotify.com/track/5q1usJ8JdXbmuojeXEUm0t,love
1Dzi7Zs5HkDyKRpu0ZAEEW,Lose Myself,SWIM,Lose Myself,2023-11-03,56,188677,https://open.spotify.com/track/1Dzi7Zs5HkDyKRpu0ZAEEW,love
064hbA6o1ftP3CdUkYdy9Y,Stay,Cheyanne,Stay,2024-10-10,50,177600,https://open.spotify.com/track/064hbA6o1ftP3CdUkYdy9Y,love
41qoLqCcn0X07B6XW9b28v,Cravin',"Stileto, Kendyle Paige",Cravin',2020-05-08,66,172834,https://open.spotify.com/track/41qoLqCcn0X07B6XW9b28v,love
3t52A63M852sUyVOYWPheG,Human Nature,Josh Makazo,GRADIENT,2023-11-24,43,177777,https://open.spotify.com/track/3t52A63M852sUyVOYWPheG,love
5JwyFzThGsjFxkB1mo01ac,Favors,PLAZA,Favors,2024-07-03,47,180000,https://open.spotify.com/track/5JwyFzThGsjFxkB1mo01ac,love
3q0xAxNsCf65a06eEPxlYw,Red Light,Mellina Tey,Red Light,2024-08-08,2,155224,https://open.spotify.com/track/3q0xAxNsCf65a06eEPxlYw,love
6PSK7yu4t6b7u6s8hx7rjE,Late Night Confessions,"Reed Wonder, Aurora Olivas",Late Night Confessions,2024-12-26,58,199504,https://open.spotify.com/track/6PSK7yu4t6b7u6s8hx7rjE,love
3mSlIRTgvQKGVT0cwyzB87,STRANGER THINGS,Chase Atlantic,BEAUTY IN DEATH (DELUXE EDITION),2022-05-03,55,168000,https://open.spotify.com/track/3mSlIRTgvQKGVT0cwyzB87,love
2xql0pid3EUwW38AsywxhV,Reflections,The Neighbourhood,Hard To Imagine The Neighbourhood Ever Changing,2018-11-02,83,244013,https://open.spotify.com/track/2xql0pid3EUwW38AsywxhV,love
2JxPgHghyuG0SKNy8htBWg,Exscape,Montell Fish,Her Love Still Haunts Me Like a Ghost,2022-10-28,63,142285,https://open.spotify.com/track/2JxPgHghyuG0SKNy8htBWg,love
0INOc37mz0zTgbYhwRz74k,Lies,Jaymie Deville,Lies,2021-11-28,32,143750,https://open.spotify.com/track/0INOc37mz0zTgbYhwRz74k,love
4qHhnxZRwxxWfGnlRmMk1x,In Private,Daniel Di Angelo,In Private,2022-09-23,45,188197,https://open.spotify.com/track/4qHhnxZRwxxWfGnlRmMk1x,love
6J7PIkhtHwmFjPLq0SyuPj,Dark Times,"The Weeknd, Ed Sheeran",Beauty Behind The Madness,2015-08-28,60,260640,https://open.spotify.com/track/6J7PIkhtHwmFjPLq0SyuPj,love
1QESmZ9xcoDrg9iG8C0Z3r,Collateral Damage,"Chris Grey, benny mayne",Collateral Damage,2022-03-18,46,199168,https://open.spotify.com/track/1QESmZ9xcoDrg9iG8C0Z3r,love
0ILIuCVbnekvEFpQCWhP8a,Dancer in the Dark,Chase Atlantic,Chase Atlantic,2017-10-04,62,252186,https://open.spotify.com/track/0ILIuCVbnekvEFpQCWhP8a,love
7uv632EkfwYhXoqf8rhYrg,Angel,"Massive Attack, Horace Andy",Mezzanine,1998-01-01,79,379533,https://open.spotify.com/track/7uv632EkfwYhXoqf8rhYrg,love
4woJxrdsW7TawmhipLFvq8,MIRROR MIRROR (LOVERBOY),"Dutch Melrose, PRETTY HAVØC",MIRROR MIRROR (LOVERBOY),2025-08-08,40,148269,https://open.spotify.com/track/4woJxrdsW7TawmhipLFvq8,love
6huNf4dutXRjJyGn7f5BPS,Pray For Me,"The Weeknd, Kendrick Lamar",The Highlights,2021-02-05,76,211420,https://open.spotify.com/track/6huNf4dutXRjJyGn7f5BPS,love
6QdnKD1zwEgyOWtkrdzlOF,Hurt You,"The Weeknd, Gesaffelstein","My Dear Melancholy,",2018-03-30,70,230026,https://open.spotify.com/track/6QdnKD1zwEgyOWtkrdzlOF,love
02jOjIRea8p5MTQXikwSov,RUN,Chris Grey,RUN,2022-12-02,48,202500,https://open.spotify.com/track/02jOjIRea8p5MTQXikwSov,love
6nuOQfs5GuKnqLWFM5ujaE,DANGER,PRETTY HAVØC,DANGER,2024-12-06,46,153552,https://open.spotify.com/track/6nuOQfs5GuKnqLWFM5ujaE,love
0mOX7j9WeCohrAiHjwlVFR,I'm All In,"Reed Wonder, Aurora Olivas",I'm All In,2024-10-23,55,173016,https://open.spotify.com/track/0mOX7j9WeCohrAiHjwlVFR,love
5Lgr2gavzakam7tcpFc9WE,SIRENS,PRETTY HAVØC,SIRENS,2025-05-16,38,121973,https://open.spotify.com/track/5Lgr2gavzakam7tcpFc9WE,love
6UJ6ZtL7VbJf5l9V1wzP23,I NEVER EXISTED,Chase Atlantic,PHASES,2019-06-28,58,230133,https://open.spotify.com/track/6UJ6ZtL7VbJf5l9V1wzP23,love
1RccpQPk0bErlW7HdY07a5,One Night,Cheyanne,One Night,2024-05-10,47,240723,https://open.spotify.com/track/1RccpQPk0bErlW7HdY07a5,love
7HJbpxY77Tfot8EBLlkCmS,GODDESS,PRETTY HAVØC,GODDESS,2019-08-30,31,133189,https://open.spotify.com/track/7HJbpxY77Tfot8EBLlkCmS,love
5sd3gZjLLnu3WCGxBMOk9J,Body Art,Midnight Blu,Body Art,2024-09-28,28,225714,https://open.spotify.com/track/5sd3gZjLLnu3WCGxBMOk9J,love
5zqbd0EGgNQg8e1mjdoJOo,The Room,Jaymie Deville,The Room,2020-10-11,41,179747,https://open.spotify.com/track/5zqbd0EGgNQg8e1mjdoJOo,love
0QZ5yyl6B6utIWkxeBDxQN,The Night We Met,Lord Huron,Strange Trails,2015-04-07,11,208211,https://open.spotify.com/track/0QZ5yyl6B6utIWkxeBDxQN,love
1wb4P4F0sxAQ2KXrRvsx6n,You're Still The One,Shania Twain,Come On Over,1997-11-04,71,212200,https://open.spotify.com/track/1wb4P4F0sxAQ2KXrRvsx6n,love
4s6DpXuVpOg5sxhELsISAf,The Things We Did Last Summer - Remastered 1991,Jo Stafford,Capitol Collectors Series,1991-01-01,48,182973,https://open.spotify.com/track/4s6DpXuVpOg5sxhELsISAf,love
6WdcvzQADmrL8nucimUV6r,We'll Meet Again,"Vera Lynn, Roland Shaw And His Orchestra, Sailors, Soldiers & Airmen of Her Majesty's Forces",Silver Memories: Our Vera,2016-03-18,61,183893,https://open.spotify.com/track/6WdcvzQADmrL8nucimUV6r,love
5j9HUr2izjXctYvgKF4GoW,Time After Time,Margaret Whiting,Great Ladies Of Song / Spotlight On Margaret Whiting,1955-01-01,52,176973,https://open.spotify.com/track/5j9HUr2izjXctYvgKF4GoW,love
7lMqXEiOGnbeV67CE8g0D7,No Other Love,"Jo Stafford, Paul Weston And His Orchestra",Starring Jo Stafford,1953-01-01,46,181373,https://open.spotify.com/track/7lMqXEiOGnbeV67CE8g0D7,love
3hoxqEsJ3Dhg91wS3sKT8b,"It's Been a Long, Long Time",Doris Day,Sentimental Journey,1965-04-01,43,199533,https://open.spotify.com/track/3hoxqEsJ3Dhg91wS3sKT8b,love
2AFLjcssAvJq62eeHZ0Q4q,Where Or When,"Benny Goodman, Benny Goodman Sextet",Small Groups: 1941-1945,1989-03-28,47,200600,https://open.spotify.com/track/2AFLjcssAvJq62eeHZ0Q4q,love
2DbgjRaPNxNNrBDdb2kkDU,Till Then,The Mills Brothers,The Anthology: 1931 - 1968,1995-01-01,38,158306,https://open.spotify.com/track/2DbgjRaPNxNNrBDdb2kkDU,love
4gzEXvOyOldVrimfppjTAY,Again,Doris Day,"16 Most Requested Songs Of The 1940s, Volume One",1989-06-13,36,165000,https://open.spotify.com/track/4gzEXvOyOldVrimfppjTAY,love
6f3l2qKZV3adliVZjsBgn3,It's So Peaceful In The Country,Mildred Bailey,The Rockin' Chair Lady,1994-01-01,48,196973,https://open.spotify.com/track/6f3l2qKZV3adliVZjsBgn3,love
6foCVw9BzZrRSc7Dasw7xA,I'll Never Smile Again,"Frank Sinatra, Tommy Dorsey Orchestra",The Essential Frank Sinatra with the Tommy Dorsey Orchestra (with Frank Sinatra),2005-09-19,46,190146,https://open.spotify.com/track/6foCVw9BzZrRSc7Dasw7xA,love
2mIa7yUMZyREQXxrRpkefS,My Special Angel,The Vogues,"Turn Around, Look At Me",1968-01-01,41,180613,https://open.spotify.com/track/2mIa7yUMZyREQXxrRpkefS,love
4xpjtAqc46tg04BzHTZnz2,Welcome to My World,Jim Reeves,The Essential Jim Reeves,1997-02-14,44,152600,https://open.spotify.com/track/4xpjtAqc46tg04BzHTZnz2,love
6C5YGS0bYivffnEH3EMC7h,Life Is But A Dream,Dion,Runaround Sue,1961,42,155893,https://open.spotify.com/track/6C5YGS0bYivffnEH3EMC7h,love
18YPNs20cBfgqkY8YCJlOH,You Mean Everything to Me,Neil Sedaka,Rock with Sedaka (Expanded Edition),1959-06-12,51,157866,https://open.spotify.com/track/18YPNs20cBfgqkY8YCJlOH,love
6wceQSqQDvdcw0cMNKdp7s,I Love How You Love Me,Bobby Vinton,I Love How You Love Me,1968-11-25,48,150066,https://open.spotify.com/track/6wceQSqQDvdcw0cMNKdp7s,love
7CiLTJANslRNGigDDDCB01,Dreamy Eyes,Johnny Tillotson,Johnny Tillotson's Best,1962,0,144093,https://open.spotify.com/track/7CiLTJANslRNGigDDDCB01,love
1Lldc61qLpBY0bvP5L7Mld,When I Fall In Love,Brenda Lee,Emotions,1961-04-03,42,181466,https://open.spotify.com/track/1Lldc61qLpBY0bvP5L7Mld,love
3mwiyHBHfAzOe89MwqJeEb,There! I've Said It Again,Bobby Vinton,There I've Said It Again,1964,39,144946,https://open.spotify.com/track/3mwiyHBHfAzOe89MwqJeEb,love
0ql1bsVc7pzLOVYRNZLqHC,This I Swear,The Skyliners,Since I Don't Have You (50th Anniversary Golden Edition),2013-01-01,47,159103,https://open.spotify.com/track/0ql1bsVc7pzLOVYRNZLqHC,love
6TGjPUIJuJYRnHc4tXiQDI,Tonight You Belong To Me,Patience & Prudence,Lost Hits Of The 50's,2012-01-01,43,115333,https://open.spotify.com/track/6TGjPUIJuJYRnHc4tXiQDI,love
1FxJuNa4VIHtK45sFAR2ab,Laughing on the Outside,Bernadette Carroll,Cleopatra Girls,2017-04-07,45,140453,https://open.spotify.com/track/1FxJuNa4VIHtK45sFAR2ab,love
1T3tP6HvCgDF8ewpRqwM1e,Mr. Sandman,The Chordettes,The Chordettes' Best,2010-04-20,0,143613,https://open.spotify.com/track/1T3tP6HvCgDF8ewpRqwM1e,love
6pUT7K0WAqPehPjkq5rGJq,Dream a Little Dream of Me (with Paul Weston & His Music From Hollywood),"Doris Day, Paul Weston And His Orchestra",The Magic Of Doris Day,2008-10-22,33,223146,https://open.spotify.com/track/6pUT7K0WAqPehPjkq5rGJq,love
7G2jAmiYUDZKyk7npVrgX8,Sh-Boom,The Crew Cuts,The Best Of The Crew Cuts,1996-07-16,58,168893,https://open.spotify.com/track/7G2jAmiYUDZKyk7npVrgX8,love
1Pq47iFLC5U7j8xeNiNcuS,It's My Party,Lesley Gore,I'll Cry If I Want To,1963-06-01,63,140000,https://open.spotify.com/track/1Pq47iFLC5U7j8xeNiNcuS,love
5kA88W2SwVZiPb9rEwnQj6,Puppy Love,Paul Anka,"Paul Anka Sings His Big Ten, Vol. 2",1992-01-17,41,162373,https://open.spotify.com/track/5kA88W2SwVZiPb9rEwnQj6,love
1dy9EATwArE9ALpeGW8VQC,Embraceable You - 1940 Single Version,Judy Garland,The Complete Decca Masters (Plus),1994-07-04,48,168400,https://open.spotify.com/track/1dy9EATwArE9ALpeGW8VQC,love
777zXDJpBufzttU4AJ2dGO,I Don't Want To Set The World On Fire,The Ink Spots,The Anthology,1998-06-16,67,181066,https://open.spotify.com/track/777zXDJpBufzttU4AJ2dGO,love
58rkNr95YUFEdgqEdfuPy8,"Midnight, The Stars and You",Al Bowlly,"Pete Smith Specialties, Vol. 1",2019-05-03,42,206333,https://open.spotify.com/track/58rkNr95YUFEdgqEdfuPy8,love
52XDumqYDUXX16R7FM5fpV,"It's Been a Long, Long Time (with Harry James & His Orchestra)","Kitty Kallen, Harry James",Best Of The Big Bands,1990-06-19,54,203773,https://open.spotify.com/track/52XDumqYDUXX16R7FM5fpV,love
3XhmzBl2ZLlki3yhIaIhfw,You'll Never Know,Vera Lynn,Vera Lynn Remembers - The Songs That Won World War 2,1994-05-31,31,204733,https://open.spotify.com/track/3XhmzBl2ZLlki3yhIaIhfw,love
5vxWwZw74Img3ywxQfH2CD,"I Don't Want To Walk Without You - (from the film ""Sweater Girl"")","Harry James, Helen Forrest, Harry James Orchestra, Glenn Osser",Best Of The Big Bands,1990-06-19,27,171933,https://open.spotify.com/track/5vxWwZw74Img3ywxQfH2CD,love
25ijsdTAjtmPNkGXIscaSe,Long Ago (And Far Away) - Remastered 1991,Jo Stafford,Capitol Collectors Series,1991-01-01,32,175493,https://open.spotify.com/track/25ijsdTAjtmPNkGXIscaSe,love
6syBmsi3f5TOV7hkrUHYx5,"I Wish I Didn't Love You So - From the Film ""The Perils of Pauline""",Dinah Shore,The Essential Dinah Shore,2014-04-18,29,176026,https://open.spotify.com/track/6syBmsi3f5TOV7hkrUHYx5,love
4c3KRQYsfTERL0o9nbvmKG,I'll Walk Alone,Dinah Shore,The Essential Dinah Shore,2014-04-18,29,162560,https://open.spotify.com/track/4c3KRQYsfTERL0o9nbvmKG,love
0EhK3n9slbMBbnx0nAzkVi,Some Enchanted Evening,Bing Crosby,With All My Heart,2010-01-01,31,268066,https://open.spotify.com/track/0EhK3n9slbMBbnx0nAzkVi,love
1naVD19eofGpFf6wosmHIe,And I Love You So,Perry Como,It's Impossible,1987-10-03,53,197626,https://open.spotify.com/track/1naVD19eofGpFf6wosmHIe,love
2yh0xwrPCGUbQvrQYM9Qb1,How Deep Is The Ocean,Dick Haymes,Rain Or Shine,1955-12-28,29,205666,https://open.spotify.com/track/2yh0xwrPCGUbQvrQYM9Qb1,love
3rsctwxyd6Zs1fgPGOaXS4,Stella By Starlight,Frank Sinatra,The Columbia Years (1943-1952): The Complete Recordings: Volume 6,1993-10-10,30,199933,https://open.spotify.com/track/3rsctwxyd6Zs1fgPGOaXS4,love
6f4Zazr4tHJ8iekdSwbBpT,I've Got A Crush On You,Sarah Vaughan,Sarah Vaughan Sings George Gershwin,1957-01-01,41,246161,https://open.spotify.com/track/6f4Zazr4tHJ8iekdSwbBpT,love
2FFtdB45Z414KPXa8lsd1S,Blue Moon - From “Grease”,Sha Na Na,Grease (The Original Motion Picture Soundtrack),1978-04-04,48,143400,https://open.spotify.com/track/2FFtdB45Z414KPXa8lsd1S,love
3Pi8eMeDLEUMH729CyQMP9,Blue Moon,Dean Martin,The Reprise Years,2013-11-19,45,185186,https://open.spotify.com/track/3Pi8eMeDLEUMH729CyQMP9,love
5QnCtH7euld6R68UwcWrte,(I Love You) For Sentimental Reasons,Nat King Cole,The Nat King Cole Story,1961-09-25,65,184466,https://open.spotify.com/track/5QnCtH7euld6R68UwcWrte,love
7vmC7JVs2lGtdaE3vg8aPp,P.S. I Love You,Billie Holiday,The Complete Billie Holiday On Verve 1945 - 1959,1992-09-29,52,214826,https://open.spotify.com/track/7vmC7JVs2lGtdaE3vg8aPp,love
7n8HjcaEQzwwpyxHdjWjQq,Till There Was You,Etta Jones,Something Nice,1994-01-01,56,126293,https://open.spotify.com/track/7n8HjcaEQzwwpyxHdjWjQq,love
2IcRKEB63dQD9YnWso8Ogu,Tonight May Have To Last Me All My Life - Remastered,Nancy Wilson,"Today, Tomorrow, Forever",2000-01-01,40,173466,https://open.spotify.com/track/2IcRKEB63dQD9YnWso8Ogu,love
5DIVWgTeJ2fPIxaY9e7ZKn,I've Got A Crush On You,Ella Fitzgerald,Ella Sings Gershwin,1950-09-11,59,196440,https://open.spotify.com/track/5DIVWgTeJ2fPIxaY9e7ZKn,love
0HMLSpe9wluD1siMZ6dBqR,I'm Confessin' (That I Love You) (with The Mellomen),"Doris Day, John Rarig, The Mellomen",You're My Thrill - EP,1949-08-01,41,163706,https://open.spotify.com/track/0HMLSpe9wluD1siMZ6dBqR,love
4VZvUEWjvJN0Iv1qbwQlJd,Remember,Andy Williams,In the Arms of Love,1966-12-06,31,164653,https://open.spotify.com/track/4VZvUEWjvJN0Iv1qbwQlJd,love
1B2TpaqiSZq4tUb6Yw2Nbs,Last Night When We Were Young - Remastered 1998,Frank Sinatra,In The Wee Small Hours,1955,35,197133,https://open.spotify.com/track/1B2TpaqiSZq4tUb6Yw2Nbs,love
7EKUOlysNuLlfgoH5oySA6,I Should Care,Julie London,Julie Is Her Name,1955-12-01,47,197173,https://open.spotify.com/track/7EKUOlysNuLlfgoH5oySA6,love
7ETUKFxsrPTyVM8MsbcDmj,My Heart Tells Me (Should I Believe My Heart?),Tony Bennett,Cloud 7,1955-02-25,26,291973,https://open.spotify.com/track/7ETUKFxsrPTyVM8MsbcDmj,love
1jf3wYtynxiPOdhqAp3cUN,The Masquerade Is Over,"Nancy Wilson, Cannonball Adderley",Nancy Wilson/Cannonball Adderley,1962,55,258106,https://open.spotify.com/track/1jf3wYtynxiPOdhqAp3cUN,love
5JlUCnddUQ2u3JS25MUPKi,This Love Of Mine,Ella Fitzgerald and Her Famous Orchestra,The War Years (1941-1947),1994-09-13,28,173200,https://open.spotify.com/track/5JlUCnddUQ2u3JS25MUPKi,love
1qGAD1V8IgTEsnqSc26xUp,Just Friends,Sarah Vaughan,After Hours,2008-11-01,26,181740,https://open.spotify.com/track/1qGAD1V8IgTEsnqSc26xUp,love
4YLWAG30Ycp1extKogbqnr,Falling In Love With Love,Frank Sinatra,Swing Along With Me,1961-07,31,110800,https://open.spotify.com/track/4YLWAG30Ycp1extKogbqnr,love
3Vxc7fLBmG8vNk6G6Va9Nz,Crazy,"Patsy Cline, The Jordanaires",The Definitive Collection,2004-06-22,50,162013,https://open.spotify.com/track/3Vxc7fLBmG8vNk6G6Va9Nz,love
0bhwnn2xqnBUcMZDcXNuII,Hey Lover,The Daughters Of Eve,Hey Lover / Stand by Me,1966-02-05,71,144000,https://open.spotify.com/track/0bhwnn2xqnBUcMZDcXNuII,love
7ngRS53kqxLcEt9Pythc5d,You Don't Own Me,Lesley Gore,Lesley Gore Sings Of Mixed-Up Hearts,1963-11-01,70,150000,https://open.spotify.com/track/7ngRS53kqxLcEt9Pythc5d,love
6ft9PAgNOjmZ2kFVP7LGqb,Can't Take My Eyes off You,Frankie Valli,The Very Best of Frankie Valli & The 4 Seasons,2003-01-14,73,203240,https://open.spotify.com/track/6ft9PAgNOjmZ2kFVP7LGqb,love
2DpJ9T2RVRanZcYFHKOAfA,Put Your Head On My Shoulder,Paul Anka,Put Your Head On My Shoulder: The Very Best Of Paul Anka,2000-10-03,69,154733,https://open.spotify.com/track/2DpJ9T2RVRanZcYFHKOAfA,love
0HFWS5C6ThNeuOr10Xz21U,Polka Dots and Moonbeams,"Tommy Dorsey, Frank Sinatra",The Essential Frank Sinatra with the Tommy Dorsey Orchestra (with Frank Sinatra),2005-09-19,52,199733,https://open.spotify.com/track/0HFWS5C6ThNeuOr10Xz21U,love
7s0ZliVrPsRNdDcTuTlBOJ,Nevertheless (I'm In Love With You) - 1958 version,The Mills Brothers,Great Hits,1958-01-01,53,167200,https://open.spotify.com/track/7s0ZliVrPsRNdDcTuTlBOJ,love
5Z0HDixFz1mtvPOXLtCKU9,Born To Be Blue,Chet Baker,Baby Breeze (Expanded Edition),1965-01-01,50,246160,https://open.spotify.com/track/5Z0HDixFz1mtvPOXLtCKU9,love
5jcNL4DreI4z4XnTfsx9SQ,My Dearest Darling,Etta James,At Last!,1960,53,180666,https://open.spotify.com/track/5jcNL4DreI4z4XnTfsx9SQ,love
3spdoTYpuCpmq19tuD0bOe,My Way,Frank Sinatra,My Way (Expanded Edition),1969-03,77,276800,https://open.spotify.com/track/3spdoTYpuCpmq19tuD0bOe,love
0e0hv6TBDyuUaylStRHkLw,Sleep Walk,John Cafferty & the Beaver Brown Band,Eddie & The Cruisers - The Unreleased Tapes,1993-01-01,0,140893,https://open.spotify.com/track/0e0hv6TBDyuUaylStRHkLw,love
5u5aVJKjSMJr4zesMPz7bL,"Clair de Lune, L. 32","Claude Debussy, Martin Jones",Debussy: Clair De Lune and Other Piano Favourites,1994,67,268000,https://open.spotify.com/track/5u5aVJKjSMJr4zesMPz7bL,love
1HToPkKsrW18knmbj0blf6,Eddie My Love,The Chordettes,The Chordettes' Best,2010-04-20,0,134306,https://open.spotify.com/track/1HToPkKsrW18knmbj0blf6,love
6ps9xNXuKMgRdj32QTVS1s,The Way You Look Tonight - 2008 Remastered,Frank Sinatra,Nothing But The Best (2008 Remastered),2008-05-13,48,202280,https://open.spotify.com/track/6ps9xNXuKMgRdj32QTVS1s,love
4QxDOjgpYtQDxxbWPuEJOy,L-O-V-E,Nat King Cole,L-O-V-E,1965-01-11,74,155306,https://open.spotify.com/track/4QxDOjgpYtQDxxbWPuEJOy,love
2JzTfNN8k3O6l42DZMj80Q,Rain In My Heart,Frank Sinatra,Cycles,1968-11,58,201866,https://open.spotify.com/track/2JzTfNN8k3O6l42DZMj80Q,love
2G2YzndIA6jeWFPBXhUjh5,Be My Baby,The Ronettes,Be My Baby: The Very Best of The Ronettes,2011-02-22,74,160906,https://open.spotify.com/track/2G2YzndIA6jeWFPBXhUjh5,love
3nsJGZ5RV2ZHkbKvD771gU,Ooo Baby Baby,Smokey Robinson & The Miracles,Going To A Go-Go,1965-11-01,63,164160,https://open.spotify.com/track/3nsJGZ5RV2ZHkbKvD771gU,love
0x0ffSAP6PkdoDgHOfroof,My Funny Valentine,Frank Sinatra,Songs For Young Lovers,1954-01-01,61,150666,https://open.spotify.com/track/0x0ffSAP6PkdoDgHOfroof,love
0AtVA7axXKVFnjQsN4xBIy,Dream,The Pied Pipers,What is This Thing Called Love?,1942-06-20,0,168158,https://open.spotify.com/track/0AtVA7axXKVFnjQsN4xBIy,love
0zGLlXbHlrAyBN1x6sY0rb,A Sunday Kind Of Love,Etta James,At Last!,1960,71,196133,https://open.spotify.com/track/0zGLlXbHlrAyBN1x6sY0rb,love
7uIaBPSTlBaAQr1asfZ3B4,I Wish You Love,Sam Cooke,Mr. Soul,1963-02,58,144906,https://open.spotify.com/track/7uIaBPSTlBaAQr1asfZ3B4,love
78MIFwIW5oUNdaL6Sj8hTB,You Go To My Head,Billie Holiday,Solitude,1956-01-01,58,174866,https://open.spotify.com/track/78MIFwIW5oUNdaL6Sj8hTB,love
5Xt3RUiOkiH2pGYtMTVeNS,Distant Lover,Marvin Gaye,Let's Get It On (Expanded Edition),1973-08-28,0,255986,https://open.spotify.com/track/5Xt3RUiOkiH2pGYtMTVeNS,love
2htH7r8oqqEwp3BB6oh2cU,Come Rain or Come Shine,Ray Charles,The Genius Of Ray Charles,1959,63,222733,https://open.spotify.com/track/2htH7r8oqqEwp3BB6oh2cU,love
0bqZnsPz4klg5TuWGcKb34,Sweet Thing,"Rufus, Chaka Khan",Rufus Featuring Chaka Khan,1975-01-01,61,200146,https://open.spotify.com/track/0bqZnsPz4klg5TuWGcKb34,love
4N9DOPhK7km5WnsgVD9GMI,Come Get To This,Marvin Gaye,Let's Get It On (Deluxe Edition),1973-08-28,0,160840,https://open.spotify.com/track/4N9DOPhK7km5WnsgVD9GMI,love
3I146zX9C45E4BiDc7Bfts,Just To Keep You Satisfied,Marvin Gaye,Let's Get It On (Expanded Edition),1973-08-28,0,264786,https://open.spotify.com/track/3I146zX9C45E4BiDc7Bfts,love
0cFlXjTxFdMGGPfLVpt3Wv,Oh Girl,The Chi-Lites,20 Greatest Hits,2001,54,216280,https://open.spotify.com/track/0cFlXjTxFdMGGPfLVpt3Wv,love
76p5d8BcoUNIibKjCqOAOg,It's A Man's World,James Brown,Star Time,1991-01-01,48,197933,https://open.spotify.com/track/76p5d8BcoUNIibKjCqOAOg,love
6ABtlkvl08XQo6Xu24FJaf,All This Love,DeBarge,All This Love,1982-04-28,56,352586,https://open.spotify.com/track/6ABtlkvl08XQo6Xu24FJaf,love
7EUMS5HgiaUwSROOZgNztq,Please Don’t Stay (Once You Go Away),Marvin Gaye,Let's Get It On (Deluxe Edition),1973-08-28,0,210000,https://open.spotify.com/track/7EUMS5HgiaUwSROOZgNztq,love
7bwsqDTrvpqO4spefohQu3,Vibrations,Roy Ayers Ubiquity,Vibrations,1976,37,182026,https://open.spotify.com/track/7bwsqDTrvpqO4spefohQu3,love
4fLgfaFudrtfkOzAa2rj64,He Needs Me,Punch-Drunk Love,Punch-Drunk Love (Music from the Motion Picture Soundtrack),2002-11-05,40,211466,https://open.spotify.com/track/4fLgfaFudrtfkOzAa2rj64,love
1Br1fuUGKnOAEuodPicgis,He Needs Me,Shelley Duvall,Popeye (Music From The Motion Picture / The Deluxe Edition),2017-09-29,46,214306,https://open.spotify.com/track/1Br1fuUGKnOAEuodPicgis,love
6766HkoEEO355KEzrJNU2T,Seems Like,Thee Sinseers,Seems Like,2020-03-03,0,194020,https://open.spotify.com/track/6766HkoEEO355KEzrJNU2T,love
0F845nujLVqCb0XMZCh5Pc,I Fall In Love Too Easily,Chet Baker,Chet Baker Sings,1956,68,201440,https://open.spotify.com/track/0F845nujLVqCb0XMZCh5Pc,love
6rICwAoIjzdTjvm7OvW6qJ,It Was Only a Dream,"Joey Quiñones, Thee Sinseers",It Was Only a Dream / I Don't Mind,2019-06-18,55,148946,https://open.spotify.com/track/6rICwAoIjzdTjvm7OvW6qJ,love
6ey8HhYmR57lhESTf15RcF,Dream,Al Green,The Belle Album,1977,54,448800,https://open.spotify.com/track/6ey8HhYmR57lhESTf15RcF,love
6YDDrg8llsRtAgLlIROzZc,Put Your Head On My Shoulder - Remastered,Paul Anka,Paul Anka Sings His Big 15 (Remastered),1959-01-02,69,158906,https://open.spotify.com/track/6YDDrg8llsRtAgLlIROzZc,love
0SsYlkXxZ5vkWOTsKxMfMz,Lonesome Town,Ricky Nelson,Ricky Sings Again (Expanded Edition / Remastered),1959-01-01,61,134040,https://open.spotify.com/track/0SsYlkXxZ5vkWOTsKxMfMz,love
5DTOOkooKFUvWj1XQTFa09,The End of the World,Skeeter Davis,The Essential Skeeter Davis,1994-05-23,65,157573,https://open.spotify.com/track/5DTOOkooKFUvWj1XQTFa09,love
5rWyKJMaTXL0TArnJ8IGts,Forever - Single Version,The Little Dippers,Forever,1968-06-08,62,143160,https://open.spotify.com/track/5rWyKJMaTXL0TArnJ8IGts,love
7dblNGnRXEBrVJunazs2U5,All I Have to Do Is Dream,The Everly Brothers,The Very Best of The Everly Brothers,1964-08-01,66,143333,https://open.spotify.com/track/7dblNGnRXEBrVJunazs2U5,love
3lAun9V0YdTlCSIEXPvfsY,La Vie en rose,Édith Piaf,Edith Piaf - The Best Of,2008-10-13,60,187733,https://open.spotify.com/track/3lAun9V0YdTlCSIEXPvfsY,love
3aEJMh1cXKEjgh52claxQp,I've Got You Under My Skin - Remastered 1998,Frank Sinatra,Songs For Swingin' Lovers! (Remastered),1956-03,69,223760,https://open.spotify.com/track/3aEJMh1cXKEjgh52claxQp,love
0Juciz8gOjrO89qw5KwQV5,Call Me Irresponsible - 2001 Remaster,Bobby Darin,From Hello Dolly To Goodbye Charlie,1964-01-01,54,124560,https://open.spotify.com/track/0Juciz8gOjrO89qw5KwQV5,love
3H8Sn0mYsZMPPlMCbebOJ5,Danke Schoen,Wayne Newton,Danke Schoen,1963-08-18,57,155333,https://open.spotify.com/track/3H8Sn0mYsZMPPlMCbebOJ5,love
07ePHsQ0SopWrnCbNjNC2D,Tears on My Pillow,Little Anthony & The Imperials,Greatest Hits,2005-09-20,51,140533,https://open.spotify.com/track/07ePHsQ0SopWrnCbNjNC2D,love
1LlQI0PyVcf9iiDPbSLxFp,"Luna, amore e no",Piero Piccioni,Amore mio aiutami (Original Motion Picture Soundtrack),1969,54,122066,https://open.spotify.com/track/1LlQI0PyVcf9iiDPbSLxFp,love
0NLebGDyFekhMcQKG7xfaP,Ladyfingers,Herb Alpert & The Tijuana Brass,Whipped Cream & Other Delights,1965,58,166293,https://open.spotify.com/track/0NLebGDyFekhMcQKG7xfaP,love
37N37WJQvXqplFdCwkNgX3,Lujon,Henry Mancini,Mr. Lucky Goes Latin,1961-01-01,60,158360,https://open.spotify.com/track/37N37WJQvXqplFdCwkNgX3,love
6zE2xJvFmHEPECsvLki2CE,Linda,Alberto Baldan Bembo,L'amica di mia madre (Colonna sonora originale del film),1975-09-05,55,63501,https://open.spotify.com/track/6zE2xJvFmHEPECsvLki2CE,love
11XR0tRT4g5ov4u8M92wbF,Earth Angel (Will You Be Mine),The Penguins,The Best Of The Penguins,1996-01-01,50,179426,https://open.spotify.com/track/11XR0tRT4g5ov4u8M92wbF,love
5uES1C2NgkdrNHiCwf9jRr,Baby Love,The Supremes,Where Did Our Love Go,1964-08-31,66,158040,https://open.spotify.com/track/5uES1C2NgkdrNHiCwf9jRr,love
648TTtYB0bH0P8Hfy0FmkL,Unforgettable,Nat King Cole,Unforgettable,1954-01-01,71,191973,https://open.spotify.com/track/648TTtYB0bH0P8Hfy0FmkL,love
6jx01n64gCghnHOXwTZMvC,If I Should Die Tonight,Marvin Gaye,Let's Get It On (Expanded Edition),1973-08-28,0,239800,https://open.spotify.com/track/6jx01n64gCghnHOXwTZMvC,love
1srD2uc11TcQiOmHHrJp8M,Reasons,"Earth, Wind & Fire",That's The Way Of The World,1975-03-15,60,299333,https://open.spotify.com/track/1srD2uc11TcQiOmHHrJp8M,love
6wccwN37R7tRotVrK8Htni,This Magic Moment - Single Version; Remastered,The Drifters,Hits and Rarities,2019-08-09,31,149680,https://open.spotify.com/track/6wccwN37R7tRotVrK8Htni,love
0Sc8AsDTBeZFWg8K9tMARE,My Way Of Life,Frank Sinatra,Cycles,1968-11,67,187360,https://open.spotify.com/track/0Sc8AsDTBeZFWg8K9tMARE,love
3gcX6AddfEnG4SgfltfSUO,Love And Marriage,Frank Sinatra,Platinum,2023-10-27,47,158760,https://open.spotify.com/track/3gcX6AddfEnG4SgfltfSUO,love
1mFrjW8e8fuAOowlU3Q3Dr,Dedicated To The One I Love,The Mamas & The Papas,Deliver,1967-01-01,62,178733,https://open.spotify.com/track/1mFrjW8e8fuAOowlU3Q3Dr,love
4LJcNiq2pBb8OeqrGdBJQw,I'm Sorry,Brenda Lee,Brenda Lee,1960-08-01,56,161546,https://open.spotify.com/track/4LJcNiq2pBb8OeqrGdBJQw,love
70UvKFI48DAQ2suS58bu5l,Where The Boys Are,Connie Francis,Gold,2005-06-14,40,157586,https://open.spotify.com/track/70UvKFI48DAQ2suS58bu5l,love
7bFfjakySYhojqSPrAPtc3,Try Me,James Brown & The Famous Flames,"Please, Please, Please",1958,60,153706,https://open.spotify.com/track/7bFfjakySYhojqSPrAPtc3,love
0Ab4lEHfPY98aqtQrKQbUu,It Had To Be You,Frank Sinatra,"Trilogy: Past, Present & Future",1980-03-26,60,234666,https://open.spotify.com/track/0Ab4lEHfPY98aqtQrKQbUu,love
6Mhvr0ZMtWXoebhx9etyEt,Old Cape Cod,Patti Page,"The Patti Page Collection: The Mercury Years, Vol. 2",1991-11-22,50,156733,https://open.spotify.com/track/6Mhvr0ZMtWXoebhx9etyEt,love
3WO8ZBnOtad3xMz46Z54pY,Blue Velvet,Bobby Vinton,16 Most Requested Songs,1991-09-03,52,168000,https://open.spotify.com/track/3WO8ZBnOtad3xMz46Z54pY,love
4bzvhZFlV9UqQ3EmV2i8s4,Who's Sorry Now,Connie Francis,Gold,2005-06-14,49,136626,https://open.spotify.com/track/4bzvhZFlV9UqQ3EmV2i8s4,love
2Aq3BiLhITGHe6YSzkzOvi,True Love Ways,Buddy Holly,The Definitive Collection,2006-04-18,59,168306,https://open.spotify.com/track/2Aq3BiLhITGHe6YSzkzOvi,love
2tvt5K7y1gndmCgtIoLo1f,It's All In The Game,Tommy Edwards,It’s All In The Game,1958-07-08,55,158520,https://open.spotify.com/track/2tvt5K7y1gndmCgtIoLo1f,love
1ntGJDSakqsaw1KhptKrB5,My Prayer,The Platters,The Platters,1956-09-10,54,167800,https://open.spotify.com/track/1ntGJDSakqsaw1KhptKrB5,love
3MpGQae6zAFd7Z1FdLV9fV,Twilight Time - Single Version,The Platters,The Flying Platters Around The World,1958-01-01,61,168293,https://open.spotify.com/track/3MpGQae6zAFd7Z1FdLV9fV,love
7lsnsM39mjdDKEbge48Ezx,Since I Don't Have You,The Skyliners,Since I Don't Have You (50th Anniversary Golden Edition),2013-01-01,54,159663,https://open.spotify.com/track/7lsnsM39mjdDKEbge48Ezx,love
1yLsZ8fuQJqk2cm1VDWTGb,You're Gonna Miss Me,Connie Francis,Gold,2005-06-14,48,164413,https://open.spotify.com/track/1yLsZ8fuQJqk2cm1VDWTGb,love
3ziJFd6JeioC8Xfct0UXpJ,Moonlight Serenade,Glenn Miller,Ultimate Big Band Collection: Glenn Miller,2010-08-03,52,202760,https://open.spotify.com/track/3ziJFd6JeioC8Xfct0UXpJ,love
63tbczwYZv3Mctr064eQR4,The Very Thought Of You,Nat King Cole,The Very Thought Of You (Expanded Edition),1958,59,228693,https://open.spotify.com/track/63tbczwYZv3Mctr064eQR4,love
3ZyJfbh2Y9y15f45qY1pDJ,Born Too Late,The Poni-Tails,Born Too Late,1958-05-26,55,139013,https://open.spotify.com/track/3ZyJfbh2Y9y15f45qY1pDJ,love
74VR3AkGPhbYXnxcOYa16x,Strangers In The Night,Frank Sinatra,Strangers In The Night (Expanded Edition),1966-05,73,157866,https://open.spotify.com/track/74VR3AkGPhbYXnxcOYa16x,love
43zIzwzVqI51alZlyKbKi4,Broken Hearted Melody,Sarah Vaughan,The Magic Of Sarah Vaughan,1959-01-01,47,146360,https://open.spotify.com/track/43zIzwzVqI51alZlyKbKi4,love
0T0fkqReu2aO2H0VPUPWTo,Baby I'm Yours - Digitally Remastered,Cass Elliot,Cass Elliot (With Bonus Tracks),2009-05-17,62,152360,https://open.spotify.com/track/0T0fkqReu2aO2H0VPUPWTo,love
6KknhggJ4EgpzlEDy19yWv,Forever,The Little Dippers,Forever,1960-08-15,61,138920,https://open.spotify.com/track/6KknhggJ4EgpzlEDy19yWv,love
1XyWR4W4RW6sIlVZCRIf9i,Lost in Your Eyes,Tommy James & The Shondells,Gettin' Together,1967-01-11,45,134240,https://open.spotify.com/track/1XyWR4W4RW6sIlVZCRIf9i,love
4xUqqie4bBKufHtlMuZS3k,Are You Lonesome Tonight?,Elvis Presley,Platinum - A Life In Music,1997-07-15,62,186666,https://open.spotify.com/track/4xUqqie4bBKufHtlMuZS3k,love
4feXcsElKIVsGwkbnTHAfV,Somethin' Stupid,"Frank Sinatra, Nancy Sinatra",The World We Knew,1967-08,78,162493,https://open.spotify.com/track/4feXcsElKIVsGwkbnTHAfV,love
63kd4m3VFxcJjPVVtbVNAu,"Hello, Dolly!",Louis Armstrong,"Hello, Dolly! (Remastered)",1964-10-25,58,147000,https://open.spotify.com/track/63kd4m3VFxcJjPVVtbVNAu,love
2Qhvi6R73Zj3cpzRYzcAww,Honey,Bobby Goldsboro,Honey,1968-01-01,61,238733,https://open.spotify.com/track/2Qhvi6R73Zj3cpzRYzcAww,love
5aXsYlFhJIOHCvxnna7jdP,,,,0000,0,0,https://open.spotify.com/track/5aXsYlFhJIOHCvxnna7jdP,love
1VHxhs9gPqE2Bo1M5fy0pe,i lied,"Cheyanne, Ex Habit",i lied,2025-07-11,60,165784,https://open.spotify.com/track/1VHxhs9gPqE2Bo1M5fy0pe,love
5iniBzC2hR5YYqzMtsgoej,Secrets,"Omido, Ordell, Rick Jansen",Secrets,2024-04-07,64,158048,https://open.spotify.com/track/5iniBzC2hR5YYqzMtsgoej,love
4jiwz2tQZo21Z4NQwz4zUt,southbound,Artemas,southbound / test drive,2025-03-19,72,137923,https://open.spotify.com/track/4jiwz2tQZo21Z4NQwz4zUt,love
6U5AgSYUubKMrMDEazfSsF,u don't have to tell me,Artemas,eat me alive / u don't have to tell me,2025-08-29,62,135919,https://open.spotify.com/track/6U5AgSYUubKMrMDEazfSsF,love
1YEZbdT417SfolPQzaoHs2,come closer,Rumelis,come closer / ride me like a harley,2025-10-30,49,152344,https://open.spotify.com/track/1YEZbdT417SfolPQzaoHs2,love
1quXL570qcPiZDX2X3fYFr,Honey Baby,Henry Morris,"Late Bloomer, Early Death",2025-10-24,63,127921,https://open.spotify.com/track/1quXL570qcPiZDX2X3fYFr,love
0P3GQuGbDqVP9ZMs19RcUa,i don't need ur love,"Rumelis, Minzie, Hotel Red",i don't need ur love,2025-10-03,55,134117,https://open.spotify.com/track/0P3GQuGbDqVP9ZMs19RcUa,love
2CQdlpK88QxuUyVKKXAxBF,Show Me,"BURY, Beneld",Show Me,2024-12-18,53,206400,https://open.spotify.com/track/2CQdlpK88QxuUyVKKXAxBF,love
6RxxVIvhvWHJq1Ay6RkaHZ,CRAVE,"Beneld, Tara, Hotel Red",CRAVE,2025-09-17,54,178010,https://open.spotify.com/track/6RxxVIvhvWHJq1Ay6RkaHZ,love
4uHuy9nBZi3P6uXxLjZxa7,touch me,Ex Habit,touch me,2025-04-25,53,164000,https://open.spotify.com/track/4uHuy9nBZi3P6uXxLjZxa7,love
44gePNWC4UPBR1VZmJTD0o,NEVER EVER,Omido,NEVER EVER,2025-04-18,55,178947,https://open.spotify.com/track/44gePNWC4UPBR1VZmJTD0o,love
6scwcjmaGlV8n2PyZvN25g,Scream My Name,Thomas LaRosa,Scream My Name,2024-12-26,20,212898,https://open.spotify.com/track/6scwcjmaGlV8n2PyZvN25g,love
4ccpCcZYseq8VrPMK1EDs0,BLEED,Minzie,BLEED,2025-10-30,42,165663,https://open.spotify.com/track/4ccpCcZYseq8VrPMK1EDs0,love
47b6AJXIHpkTQR2Zxkq04h,I See,Rumelis,I See,2024-12-19,51,155263,https://open.spotify.com/track/47b6AJXIHpkTQR2Zxkq04h,love
0uHD7UrwxsqPmtG25USTa6,let me fall,"Ex Habit, BURY",let me fall,2025-01-29,51,161142,https://open.spotify.com/track/0uHD7UrwxsqPmtG25USTa6,love
1kCMzmEIbvNTWdjeNh1tpj,TEARS,Omido,TEARS,2025-11-14,39,191219,https://open.spotify.com/track/1kCMzmEIbvNTWdjeNh1tpj,love
6TnCfFPnHT6Zy1a0mo9zam,love is a knife,Artemas,LOVERCORE,2025-10-24,63,167272,https://open.spotify.com/track/6TnCfFPnHT6Zy1a0mo9zam,love
2rtQyuqgXnVWTlkCWKuBNc,her name,"Beneld, Cheyanne, Omido",her name,2025-01-17,53,160997,https://open.spotify.com/track/2rtQyuqgXnVWTlkCWKuBNc,love
6VtnFrAkjkCsDLTdH1IsrL,i'm still alone,"sorry, alone",i'm still alone,2025-07-11,47,157358,https://open.spotify.com/track/6VtnFrAkjkCsDLTdH1IsrL,love
15xptTfRBrjsppW0INUZjf,ride me like a harley,Rumelis,come closer / ride me like a harley,2025-10-30,43,143914,https://open.spotify.com/track/15xptTfRBrjsppW0INUZjf,love
4Xj6u5UdqINhGItVdwCLZp,Dangerous Love,"Mandrazo, Rick Jansen",Dangerous Love,2025-09-05,45,168816,https://open.spotify.com/track/4Xj6u5UdqINhGItVdwCLZp,love
0BkksDntUg0lunbHeuWaWh,need u,Minzie,need u,2025-08-07,48,146357,https://open.spotify.com/track/0BkksDntUg0lunbHeuWaWh,love
5H7RczSSEEt5u058DJjgdw,Talk Dirty,Daniel Di Angelo,Talk Dirty,2022-03-18,54,192346,https://open.spotify.com/track/5H7RczSSEEt5u058DJjgdw,love
6Q57LMIIjmbOBkvXe8ADW4,wet dreams,Artemas,yustyna,2024-07-11,67,99750,https://open.spotify.com/track/6Q57LMIIjmbOBkvXe8ADW4,love
255b0ogmKeKJSb36lgKng5,Rush From You,"Rumelis, Mandrazo",Rush From You,2025-09-19,50,151130,https://open.spotify.com/track/255b0ogmKeKJSb36lgKng5,love
3hPGMErh5j3eut1cxcE7nk,Run Girl,Nazaki,Run Girl,2025-08-29,45,161501,https://open.spotify.com/track/3hPGMErh5j3eut1cxcE7nk,love
7ci52ucfgE7xV5XTa81i0a,Bleed,NAYM,Bleed,2025-06-13,43,152458,https://open.spotify.com/track/7ci52ucfgE7xV5XTa81i0a,love
3AWDeHLc88XogCaCnZQLVI,Cry For Me,The Weeknd,Hurry Up Tomorrow,2025-01-31,82,224136,https://open.spotify.com/track/3AWDeHLc88XogCaCnZQLVI,love
2TOdZoIvGceoSjlrYkILrX,Psycho,BURY,Psycho,2025-09-19,44,184500,https://open.spotify.com/track/2TOdZoIvGceoSjlrYkILrX,love
0KoOcYST2BJ3mjPc2817gc,Need Me,Rumelis,Need Me,2025-03-25,49,136800,https://open.spotify.com/track/0KoOcYST2BJ3mjPc2817gc,love
0j22qHa0UFrzpAZnQ40XO9,You Put a Spell on Me,Austin Giorgio,You Put a Spell on Me,2023-02-10,68,157813,https://open.spotify.com/track/0j22qHa0UFrzpAZnQ40XO9,love
6VObnIkLVruX4UVyxWhlqm,Skyfall,Adele,Skyfall,2012-10-04,86,286480,https://open.spotify.com/track/6VObnIkLVruX4UVyxWhlqm,love
2tcz7HF2mUWvefPMq1RDF4,PRAY,"Mandrazo, Mangusx",PRAY,2025-08-08,45,188529,https://open.spotify.com/track/2tcz7HF2mUWvefPMq1RDF4,love
2zLnwikuCxJwMkEI8tqDN4,you never really cared,Anna Marx,you never really cared,2025-10-24,41,142622,https://open.spotify.com/track/2zLnwikuCxJwMkEI8tqDN4,love
0v1oo2lDd5ncSXr5HJs0AM,Ghosttown,BURY,Ghosttown,2025-04-11,44,126428,https://open.spotify.com/track/0v1oo2lDd5ncSXr5HJs0AM,love
5rChFJpepptiBGIwI21xMX,Don't Fall In Love,Rumelis,Don't Fall In Love,2025-04-18,49,151785,https://open.spotify.com/track/5rChFJpepptiBGIwI21xMX,love
5kyEFLnypTwNgVAWO5nN4N,WANT U,BURY,WANT U,2025-07-16,43,155625,https://open.spotify.com/track/5kyEFLnypTwNgVAWO5nN4N,love
1VauJR9jsUN2Fetpwg4nNo,Breathe,"Beneld, Anna Marx",Breathe,2025-04-18,47,164640,https://open.spotify.com/track/1VauJR9jsUN2Fetpwg4nNo,love
7vRwlf6LeT5KVgXFeTS80d,Tonight,Rumelis,Tonight,2025-05-09,49,150796,https://open.spotify.com/track/7vRwlf6LeT5KVgXFeTS80d,love
6tRneEcItwpSxBtqgem5Dr,THE DEATH OF PEACE OF MIND,Bad Omens,THE DEATH OF PEACE OF MIND,2022-02-25,60,241499,https://open.spotify.com/track/6tRneEcItwpSxBtqgem5Dr,love
5mc6EyF1OIEOhAkD0Gg9Lc,Closer,Nine Inch Nails,The Downward Spiral (Deluxe Edition),1994-03-08,76,373306,https://open.spotify.com/track/5mc6EyF1OIEOhAkD0Gg9Lc,love
4efTjn0DtxivTuqsd8kyo2,Romantic Gangster,LEOWOLF,Romantic Gangster,2025-06-13,51,164626,https://open.spotify.com/track/4efTjn0DtxivTuqsd8kyo2,love
5tr9wAeWpd5IXH15PZuIPW,I want it all,"Omido, Mandrazo, Rick Jansen",I want it all,2024-04-12,56,167441,https://open.spotify.com/track/5tr9wAeWpd5IXH15PZuIPW,love
1c8gk2PeTE04A1pIDH9YMk,Rolling in the Deep,Adele,21,2011-01-24,78,228093,https://open.spotify.com/track/1c8gk2PeTE04A1pIDH9YMk,love
0oMnZAeeSxaqSwzs14I5YW,You Don't,Anna Marx,You Don't,2025-06-20,44,141995,https://open.spotify.com/track/0oMnZAeeSxaqSwzs14I5YW,love
0vOwdFs0vGhytOKPz5GmHM,Nasty Nasty,Rumelis,Nasty Nasty,2024-07-25,47,137418,https://open.spotify.com/track/0vOwdFs0vGhytOKPz5GmHM,love
59CfNbkERJ3NoTXDvoURjj,Boyfriend,Dove Cameron,Boyfriend,2022-02-11,71,153000,https://open.spotify.com/track/59CfNbkERJ3NoTXDvoURjj,love
2AT8iROs4FQueDv2c8q2KE,R U Mine?,Arctic Monkeys,AM,2013-09-09,81,201726,https://open.spotify.com/track/2AT8iROs4FQueDv2c8q2KE,love
51c94ac31swyDQj9B3Lzs3,Change (In the House of Flies),Deftones,White Pony,2000,82,299533,https://open.spotify.com/track/51c94ac31swyDQj9B3Lzs3,love
2hyyp0mZc5QFY5YQeyv7oP,i guess u never really cared about me,Artemas,i guess u never really cared about me,2025-04-18,56,191150,https://open.spotify.com/track/2hyyp0mZc5QFY5YQeyv7oP,love
1JgknGBbrfmEHeOZH051SS,ecstacy (slowed),SUICIDAL-IDOL,ecstacy (slowed),2023-06-06,75,119120,https://open.spotify.com/track/1JgknGBbrfmEHeOZH051SS,love
3JyxGOwtERPNSzbxPtq0OC,Tattoos,Artemas,Tattoos,2023-06-16,58,165615,https://open.spotify.com/track/3JyxGOwtERPNSzbxPtq0OC,love
68SmyiqELVaDMCvoFgrJ8b,abuse me,Ex Habit,abuse me,2023-09-26,59,188511,https://open.spotify.com/track/68SmyiqELVaDMCvoFgrJ8b,love
2LKOHdMsL0K9KwcPRlJK2v,After Dark,Mr.Kitty,Time,2014-10-06,77,259146,https://open.spotify.com/track/2LKOHdMsL0K9KwcPRlJK2v,love
0PAXKdd9vEChcUeQZtoaPX,come closer - sped up,Rumelis,come closer / ride me like a harley (sped up),2025-11-14,25,141059,https://open.spotify.com/track/0PAXKdd9vEChcUeQZtoaPX,love
4tC01INaxF5Ho7tgfckbAO,u wanted me,Waytoolost,u wanted me,2025-07-03,39,121063,https://open.spotify.com/track/4tC01INaxF5Ho7tgfckbAO,love
0BmRj1LXJGPAox0pl3rMbc,DIE FOR ME,Chase Atlantic,LOST IN HEAVEN,2024-11-01,64,206815,https://open.spotify.com/track/0BmRj1LXJGPAox0pl3rMbc,love
5mHdCZtVyb4DcJw8799hZp,Escapism.,"RAYE, 070 Shake",My 21st Century Blues,2023-02-03,83,272373,https://open.spotify.com/track/5mHdCZtVyb4DcJw8799hZp,love
5gDWsRxpJ2lZAffh5p7K0w,Stargirl Interlude,"The Weeknd, Lana Del Rey",Starboy,2016-11-24,79,111626,https://open.spotify.com/track/5gDWsRxpJ2lZAffh5p7K0w,love
6V9FSNT1V3LceWw9TjlXRg,SCREAM MY NAME,Montell Fish,DISTRACTION / SCREAM MY NAME,2024-07-23,52,160007,https://open.spotify.com/track/6V9FSNT1V3LceWw9TjlXRg,love
4lr0gkzww6gsKFilDZF44i,Sweat On Your Skin - Slowed,"Rumelis, Beneld, Omido",Sweat On Your Skin,2025-06-27,46,148512,https://open.spotify.com/track/4lr0gkzww6gsKFilDZF44i,love
0zo4aX57COch7Wh3NRImTM,Heartbeat,Childish Gambino,Camp,2011-11-15,8,269840,https://open.spotify.com/track/0zo4aX57COch7Wh3NRImTM,love
0xGQTpN4ESETtl1Sp6rzd2,São Paulo (feat. Anitta),"The Weeknd, Anitta",São Paulo,2024-10-31,12,301623,https://open.spotify.com/track/0xGQTpN4ESETtl1Sp6rzd2,love
535Eu9XbyGqLfUK3RPP7z2,Night Drive,hxnry,Night Drive,2019-02-22,56,177250,https://open.spotify.com/track/535Eu9XbyGqLfUK3RPP7z2,love
65zIby9Z03d1bhGvLNJNrA,Soaked,Shy Smith,Soaked,2021-11-24,73,179449,https://open.spotify.com/track/65zIby9Z03d1bhGvLNJNrA,love
2gpt9HAzuqNB6SyYtPb7kA,Need Me - Sped Up,Rumelis,Need Me,2025-03-25,41,115034,https://open.spotify.com/track/2gpt9HAzuqNB6SyYtPb7kA,love
0F4FejjWi3bf5vGOkuQwPS,On My Own,Darci,On My Own,2018-05-09,71,171692,https://open.spotify.com/track/0F4FejjWi3bf5vGOkuQwPS,love
5qe8SnxPbpCtIzDpwXCfG6,Keep it 2 myself,Anna Marx,Keep it 2 myself,2025-01-10,40,146666,https://open.spotify.com/track/5qe8SnxPbpCtIzDpwXCfG6,love
1nsFPTltzIVUJMWynPddpO,I Want It All,Cameron Grey,I Want It All,2014-08-06,2,199791,https://open.spotify.com/track/1nsFPTltzIVUJMWynPddpO,love
4qhjMOu1aupustfuL9lIvL,BRING ME BACK TO LIFE,"Chris Grey, Allegra Jordyn",BRING ME BACK TO LIFE,2025-03-26,65,172000,https://open.spotify.com/track/4qhjMOu1aupustfuL9lIvL,love
48vIfHaK7by6x0T6ucpODL,make you mine,Madison Beer,make you mine,2024-02-09,83,221709,https://open.spotify.com/track/48vIfHaK7by6x0T6ucpODL,love
5ZoXZbzob3CSAxVxzRcTOb,I See - Sped Up,Rumelis,I See,2024-12-19,45,138323,https://open.spotify.com/track/5ZoXZbzob3CSAxVxzRcTOb,love
4OVK8oaLIhx9Xu0P8D3SA7,Famous,Isabel LaRosa,Raven,2025-04-18,53,178806,https://open.spotify.com/track/4OVK8oaLIhx9Xu0P8D3SA7,love
1XBYiRV30ykHw5f4wm6qEn,NIGHTS LIKE THIS,The Kid LAROI,THE FIRST TIME,2023-11-10,87,86983,https://open.spotify.com/track/1XBYiRV30ykHw5f4wm6qEn,love
6aKEeJoHbshbkCAzgLQD78,THE REPLACEMENT,Kae,WHAT HAPPENED BEFORE CHAOS,2023-11-03,53,152459,https://open.spotify.com/track/6aKEeJoHbshbkCAzgLQD78,love
38GBNKZUhfBkk3oNlWzRYd,NDA,Billie Eilish,Happier Than Ever,2021-07-30,75,195776,https://open.spotify.com/track/38GBNKZUhfBkk3oNlWzRYd,love
5z0q8ZJx9TFLXzspcOvWBC,Heartburn,Wafia,Heartburn,2015-10-23,71,206458,https://open.spotify.com/track/5z0q8ZJx9TFLXzspcOvWBC,love
0yweNEzsv4INMDvBqKMxiE,All I Want,Oscen,All I Want,2024-07-05,43,151304,https://open.spotify.com/track/0yweNEzsv4INMDvBqKMxiE,love
5RKQ5NdjSh2QzD4MaunT91,Don't Stop Believin' (2022 Remaster),Journey,Escape (2022 Remaster),1981-07-17,84,249600,https://open.spotify.com/track/5RKQ5NdjSh2QzD4MaunT91,love
3kXoKlD84c6OmIcOLfrfEs,September,"Earth, Wind & Fire",September (sped up + slowed),1978-11-18,82,216022,https://open.spotify.com/track/3kXoKlD84c6OmIcOLfrfEs,love
4o6BgsqLIBViaGVbx5rbRk,You Make My Dreams (Come True),Daryl Hall & John Oates,Voices,1980,80,190626,https://open.spotify.com/track/4o6BgsqLIBViaGVbx5rbRk,love
5tW1JZ407OjbATSTBHOowg,Use Somebody,Last Call,On Tap,2025-03-05,50,128000,https://open.spotify.com/track/5tW1JZ407OjbATSTBHOowg,love
3MjUtNVVq3C8Fn0MP3zhXa,...Baby One More Time,Britney Spears,...Baby One More Time (Digital Deluxe Version),1999-01-12,83,211066,https://open.spotify.com/track/3MjUtNVVq3C8Fn0MP3zhXa,love
2WsKgIkI5NHAKvIltXnu3p,Semi-Charmed Life,October Surprise,"Legends, Revisted",2025-03-05,50,140294,https://open.spotify.com/track/2WsKgIkI5NHAKvIltXnu3p,love
3Fzlg5r1IjhLk2qRw667od,Dancing in the Moonlight,Toploader,Onka's Big Moka,2000,78,232693,https://open.spotify.com/track/3Fzlg5r1IjhLk2qRw667od,love
4PTG3Z6ehGkBFwjybzWkR8,Never Gonna Give You Up,Rick Astley,Whenever You Need Somebody,1987-11-12,79,213573,https://open.spotify.com/track/4PTG3Z6ehGkBFwjybzWkR8,love
17P5ufoyp03mP0aC4UUH4B,Til I'm Blue,Alexander Nate,There's No Signal In The Mountains (Deluxe),2025-06-18,52,205428,https://open.spotify.com/track/17P5ufoyp03mP0aC4UUH4B,love
6etwirSInfuJrSOlogS6Sh,American Boy,"Estelle, Kanye West",Shine,2008-03-28,81,284733,https://open.spotify.com/track/6etwirSInfuJrSOlogS6Sh,love
3EYOJ48Et32uATr9ZmLnAo,Roxanne,The Police,Outlandos D'Amour (Remastered 2003),1978-11-02,79,191946,https://open.spotify.com/track/3EYOJ48Et32uATr9ZmLnAo,love
1tfZtA15BfJHQTUy3dqTKC,Build Me Up Buttercup - Mono,The Foundations,Baby Now That I've Found You,1967-01-01,75,180133,https://open.spotify.com/track/1tfZtA15BfJHQTUy3dqTKC,love
25FTMokYEbEWHEdss5JLZS,Teenage Dirtbag,Wheatus,Wheatus,1999-02-15,83,241666,https://open.spotify.com/track/25FTMokYEbEWHEdss5JLZS,love
05wIrZSwuaVWhcv5FfqeH0,Walking On Sunshine,Katrina & The Waves,Katrina & The Waves,1985,77,238733,https://open.spotify.com/track/05wIrZSwuaVWhcv5FfqeH0,love
49OMJ1prsRA7ZYgrAjz70c,More Than A Woman,Bee Gees,Greatest,1979-01-01,76,197213,https://open.spotify.com/track/49OMJ1prsRA7ZYgrAjz70c,love
6bK9BH9Ts8Gj5JFvnQkzak,Get Busy,Sean Paul,Dutty Rock (20th Anniversary),2022-11-11,78,211666,https://open.spotify.com/track/6bK9BH9Ts8Gj5JFvnQkzak,love
0kzhMZZNmxiLG7qyJhVBHB,"Signed, Sealed, Delivered (I'm Yours)",Stevie Wonder,Signed Sealed And Delivered,1970-08-07,73,161000,https://open.spotify.com/track/0kzhMZZNmxiLG7qyJhVBHB,love
22PMfvdz35fFKYnJyMn077,Marry You,Bruno Mars,Doo-Wops & Hooligans,2010-05-11,77,230192,https://open.spotify.com/track/22PMfvdz35fFKYnJyMn077,love
5WTxbyWTpoqhdxEN2szOnl,Everybody (Backstreet's Back) - Extended Version,Backstreet Boys,Backstreet Boys,1996,61,287293,https://open.spotify.com/track/5WTxbyWTpoqhdxEN2szOnl,love
1ChulFMnwxoD74Me8eX2TU,You Spin Me Round (Like a Record),Dead Or Alive,Evolution: The Hits,2003-05-19,72,195146,https://open.spotify.com/track/1ChulFMnwxoD74Me8eX2TU,love
46eu3SBuFCXWsPT39Yg3tJ,Don't Stop 'Til You Get Enough,Michael Jackson,Off the Wall,1979-08-10,80,365466,https://open.spotify.com/track/46eu3SBuFCXWsPT39Yg3tJ,love
2H1047e0oMSj10dgp7p2VG,I Gotta Feeling,Black Eyed Peas,THE E.N.D. (THE ENERGY NEVER DIES),2009-01-01,76,289133,https://open.spotify.com/track/2H1047e0oMSj10dgp7p2VG,love
62LJFaYihsdVrrkgUOJC05,Kiss,Prince,Parade - Music from the Motion Picture Under the Cherry Moon,1986-03-31,74,226240,https://open.spotify.com/track/62LJFaYihsdVrrkgUOJC05,love
3N4DI1vuTSX1tz7fa2NQZw,Rehab,Amy Winehouse,Back To Black (Deluxe Edition),2006,73,214946,https://open.spotify.com/track/3N4DI1vuTSX1tz7fa2NQZw,love
6tS3XVuOyu10897O3ae7bi,California Gurls,"Katy Perry, Snoop Dogg",Teenage Dream: The Complete Confection,2012-03-12,74,234653,https://open.spotify.com/track/6tS3XVuOyu10897O3ae7bi,love
6HkjpGIOHv4y0IBAxUbE5z,Just Dance,"Lady Gaga, Colby O'Donis",The Fame,2008-01-01,2,241933,https://open.spotify.com/track/6HkjpGIOHv4y0IBAxUbE5z,love
1M2nd8jNUkkwrc1dgBPTJz,Angels,Robbie Williams,Life Thru A Lens,1997-01-01,76,265000,https://open.spotify.com/track/1M2nd8jNUkkwrc1dgBPTJz,love
3avYqdwHKEq8beXbeWCKqJ,Last Friday Night (T.G.I.F.),Katy Perry,Teenage Dream,2010-01-01,76,230733,https://open.spotify.com/track/3avYqdwHKEq8beXbeWCKqJ,love
0PDCewmZCp0P5s00bptcdd,This Will Be (An Everlasting Love),Natalie Cole,Inseparable,1975-01-01,72,171960,https://open.spotify.com/track/0PDCewmZCp0P5s00bptcdd,love
1OppEieGNdItZbE14gLBEv,You Can't Hurry Love,The Supremes,The Supremes A' Go-Go (Expanded Edition),1966-08-25,71,167933,https://open.spotify.com/track/1OppEieGNdItZbE14gLBEv,love
3TGRqZ0a2l1LRblBkJoaDx,Call Me Maybe,Carly Rae Jepsen,Kiss (Deluxe),2012-01-01,73,193400,https://open.spotify.com/track/3TGRqZ0a2l1LRblBkJoaDx,love
756CJtQRFSxEx9jV4P9hpA,I Believe in a Thing Called Love,The Darkness,Permission to Land,2003-07-07,72,216453,https://open.spotify.com/track/756CJtQRFSxEx9jV4P9hpA,love
3SnGymj6ijE2iuUfWxLo1q,I'm Coming Out,Diana Ross,Diana,1980-05-22,72,323346,https://open.spotify.com/track/3SnGymj6ijE2iuUfWxLo1q,love
3ix6K4wZY29bCujrSznwFZ,Let's Dance - 2018 Remaster,David Bowie,Let's Dance (2018 Remaster),1983-04-14,72,457675,https://open.spotify.com/track/3ix6K4wZY29bCujrSznwFZ,love
7ppPZa3TRUSGKaks9wH7VT,Don't Look Back In Anger,Oasis,(What's The Story) Morning Glory?,1995-10-02,72,287826,https://open.spotify.com/track/7ppPZa3TRUSGKaks9wH7VT,love
3yDhZq8f17SmumVmEyCaRN,Give It Up,KC & The Sunshine Band,All In a Night's Work (Expanded Version),2016-03-11,71,254240,https://open.spotify.com/track/3yDhZq8f17SmumVmEyCaRN,love
6D8kc7RO0rqBLSo2YPflJ5,ABC,The Jackson 5,ABC,1970-05-08,67,174866,https://open.spotify.com/track/6D8kc7RO0rqBLSo2YPflJ5,love
4YOJFyjqh8eAcbKFfv88mV,Y.M.C.A.,Village People,Cruisin',1978,64,286666,https://open.spotify.com/track/4YOJFyjqh8eAcbKFfv88mV,love
5LYJ631w9ps5h9tdvac7yP,Easy Lover,"Philip Bailey, Phil Collins",Chinese Wall (Expanded Edition),1984-10-01,73,305866,https://open.spotify.com/track/5LYJ631w9ps5h9tdvac7yP,love
7Kszjzps0xbQXyo1pO4KfE,Le Freak - 2018 Remaster,CHIC,C'est Chic (2018 Remaster),1978-08-11,68,331360,https://open.spotify.com/track/7Kszjzps0xbQXyo1pO4KfE,love
52HAHV1j93s5B8GoTNI7DJ,"Oh, Pretty Woman",Roy Orbison,The Essential Roy Orbison,2006-03-28,66,176933,https://open.spotify.com/track/52HAHV1j93s5B8GoTNI7DJ,love
4N0TP4Rmj6QQezWV88ARNJ,Superstition,Stevie Wonder,Talking Book,1972-10-28,69,266133,https://open.spotify.com/track/4N0TP4Rmj6QQezWV88ARNJ,love
6qUEOWqOzu1rLPUPQ1ECpx,Walk This Way (feat. Aerosmith),"Run–D.M.C., Aerosmith",Raising Hell,1986-05-15,65,310386,https://open.spotify.com/track/6qUEOWqOzu1rLPUPQ1ECpx,love
2ZBNclC5wm4GtiWaeh0DMx,Single Ladies (Put a Ring on It),Beyoncé,I AM...SASHA FIERCE,2008-11-14,63,193213,https://open.spotify.com/track/2ZBNclC5wm4GtiWaeh0DMx,love
2RVQIq7bLi4Eu6xHPyQ46t,A Little Respect,Erasure,The Innocents,1988-05-15,65,213373,https://open.spotify.com/track/2RVQIq7bLi4Eu6xHPyQ46t,love
4wswaG5vmNINMZcVBsAyBP,Got My Mind Set on You,George Harrison,Cloud Nine,1987-11-02,73,234653,https://open.spotify.com/track/4wswaG5vmNINMZcVBsAyBP,love
2yPoXCs7BSIUrucMdK5PzV,Umbrella,"Rihanna, JAY-Z",Good Girl Gone Bad,2007-01-01,74,275986,https://open.spotify.com/track/2yPoXCs7BSIUrucMdK5PzV,love
5KgbyD2lQQlIupAaPjgiXg,"Night Fever - From ""Saturday Night Fever"" Soundtrack",Bee Gees,Greatest,1979-01-01,75,212253,https://open.spotify.com/track/5KgbyD2lQQlIupAaPjgiXg,love
2olVm1lHicpveMAo4AUDRB,The Power Of Love,Huey Lewis & The News,Greatest Hits: Huey Lewis And The News,2006-01-01,75,234333,https://open.spotify.com/track/2olVm1lHicpveMAo4AUDRB,love
0r2Bul2NuCViraT2zX1l5j,Get Low,"Lil Jon & The East Side Boyz, Ying Yang Twins",Kings Of Crunk,2002-10-29,77,334066,https://open.spotify.com/track/0r2Bul2NuCViraT2zX1l5j,love
3EvpaRZkKWxsgDIO2zMH7g,"Heaven Is A Place On Earth - Promo 7"" Edit",Belinda Carlisle,Heaven On Earth (Deluxe Edition),1987,65,233666,https://open.spotify.com/track/3EvpaRZkKWxsgDIO2zMH7g,love
6o3s08kk2fQI37vxGZDrJ1,Snap Yo Fingers,"Lil Jon, E-40, Sean Paul",Snap Yo Fingers - Single,2006-05-02,68,274386,https://open.spotify.com/track/6o3s08kk2fQI37vxGZDrJ1,love
7K8QsHbmUpSX37oOCL4e2g,Kung Fu Fighting,Carl Douglas,Kung Fu Fighter,1974-01-01,69,197935,https://open.spotify.com/track/7K8QsHbmUpSX37oOCL4e2g,love
4YwbSZaYeYja8Umyt222Qf,You Can't Hurry Love - 2016 Remaster,Phil Collins,"Hello, I Must Be Going! (Deluxe Edition)",1982-11-05,75,175746,https://open.spotify.com/track/4YwbSZaYeYja8Umyt222Qf,love
1qnWg8AJDw0thggNcPLcTk,Everybody (Backstreet's Back) - Radio Edit,Backstreet Boys,Hen Do Classics,2024-04-26,36,223575,https://open.spotify.com/track/1qnWg8AJDw0thggNcPLcTk,love
1ot6jEe4w4hYnsOPjd3xKQ,I'm So Excited,The Pointer Sisters,So Excited! (Expanded Edition),1982-02-01,72,230640,https://open.spotify.com/track/1ot6jEe4w4hYnsOPjd3xKQ,love
2gam98EZKrF9XuOkU13ApN,Promiscuous,"Nelly Furtado, Timbaland",Loose,2006-01-01,87,242293,https://open.spotify.com/track/2gam98EZKrF9XuOkU13ApN,love
1JSTJqkT5qHq8MDJnJbRE1,Every Breath You Take,The Police,Synchronicity (Remastered 2003),1983-06-17,91,253920,https://open.spotify.com/track/1JSTJqkT5qHq8MDJnJbRE1,love
47BBI51FKFwOMlIiX6m8ya,I Want It That Way,Backstreet Boys,Millennium,1999-05-18,84,213306,https://open.spotify.com/track/47BBI51FKFwOMlIiX6m8ya,love
5Q6GRDSFdRwE7H37dQop9u,Funkytown - Single Version,Lipps Inc.,ドライブが楽しくなる洋楽ヒッツ！70年代 DISCO,2023-05-30,45,234800,https://open.spotify.com/track/5Q6GRDSFdRwE7H37dQop9u,love
6JLcz9UGiVxAmEZXlCucn5,Wobble,V.I.C.,Beast,2008,65,321986,https://open.spotify.com/track/6JLcz9UGiVxAmEZXlCucn5,love
0ll8uFnc0nANY35E0Lfxvg,Somewhere Only We Know,Keane,Hopes And Fears,2004-01-01,78,236160,https://open.spotify.com/track/0ll8uFnc0nANY35E0Lfxvg,love
4aVuWgvD0X63hcOCnZtNFA,Hold the Line,TOTO,Toto,1978-10-10,82,235546,https://open.spotify.com/track/4aVuWgvD0X63hcOCnZtNFA,love
07Tx168RSsUS1HqkDIOZbH,Cupid Shuffle,Cupid,Time for a Change,2007-09-11,64,231360,https://open.spotify.com/track/07Tx168RSsUS1HqkDIOZbH,love
2ahnofp2LbBWDXcJbMaSTu,"What Is Love - 7"" Mix",Haddaway,What Is Love (Remixes),1993-03-22,6,270373,https://open.spotify.com/track/2ahnofp2LbBWDXcJbMaSTu,love
6A5NlmBCsCGbJ27jHQgKV5,Do You Remember,"Jay Sean, Sean Paul, Lil Jon",All Or Nothing,2009-01-01,71,210800,https://open.spotify.com/track/6A5NlmBCsCGbJ27jHQgKV5,love
16Of7eeW44kt0a1M0nitHM,You Make Me Feel... (feat. Sabi),"Cobra Starship, Sabi",Night Shades,2011-08-29,72,215693,https://open.spotify.com/track/16Of7eeW44kt0a1M0nitHM,love
3kJ8jdG4mHCtW2MkZFWZNB,Amazed,Lonestar,Simply The Hits,2011-04-19,39,243160,https://open.spotify.com/track/3kJ8jdG4mHCtW2MkZFWZNB,love
76HKOVWqsEg26SECtmw7Rz,The Way You Make Me Feel - 2012 Remaster,Michael Jackson,Bad (Remastered),1987-08-31,79,298120,https://open.spotify.com/track/76HKOVWqsEg26SECtmw7Rz,love
2ATDkfqprlNNe9mYWodgdc,Dancing Queen,ABBA,ABBA Gold,2008-01-01,56,231093,https://open.spotify.com/track/2ATDkfqprlNNe9mYWodgdc,love
6OHPdG4tYiHRPUHwf68nRU,L-O-V-E - 2000 Remaster,Nat King Cole,Romance,2021-02-12,53,153466,https://open.spotify.com/track/6OHPdG4tYiHRPUHwf68nRU,love
7McZS9J6h0SKoZBR6cfcFe,Apocalypse,Cigarettes After Sex,Cigarettes After Sex,2017-06-09,0,290616,https://open.spotify.com/track/7McZS9J6h0SKoZBR6cfcFe,love
2GThBgzZoZfz0lx1JjBwfe,Those Eyes,New West,Those Eyes,2019-05-10,2,220750,https://open.spotify.com/track/2GThBgzZoZfz0lx1JjBwfe,love
5o9U5wIplOzQwOTdDTrEoI,To Stay,"Sasha Joy, SANGA TOTO",To Stay,2025-11-14,7,212515,https://open.spotify.com/track/5o9U5wIplOzQwOTdDTrEoI,love
4PlmFE00LwACTTucJjN2Yw,back to you,dramaclub,back to you,2025-10-17,18,136633,https://open.spotify.com/track/4PlmFE00LwACTTucJjN2Yw,love
3s7m0jmCXGcM8tmlvjCvAa,"Kaun Nachdi (From ""Sonu Ke Titu Ki Sweety"")","Guru Randhawa, Neeti Mohan",High Rated Gabru - Guru Randhawa,2019-03-02,62,183373,https://open.spotify.com/track/3s7m0jmCXGcM8tmlvjCvAa,love
78LZUVqzZzsuNfT6G782pP,"Banno (From ""Tannu Weds Manu Returns"")","Brijesh Shandilya, Swati Sharma",Tanu Weds Manu Returns (Original Motion Picture Soundtrack),2015-04-30,0,196172,https://open.spotify.com/track/78LZUVqzZzsuNfT6G782pP,love
5RHUlxtZy1CeR4mGFftLoF,Gal Ban Gayi,"Meet Bros., Sukhbir, Neha Kakkar",Gal Ban Gayi,2016-09-07,54,254788,https://open.spotify.com/track/5RHUlxtZy1CeR4mGFftLoF,love
5x3K3Ld54TtkYKdQvrFOV3,"Morni Banke (From ""Badhaai Ho"")","Guru Randhawa, Neha Kakkar",High Rated Gabru - Guru Randhawa,2019-03-02,58,198025,https://open.spotify.com/track/5x3K3Ld54TtkYKdQvrFOV3,love
3Qpk2qHree1RTH5lZaKnEK,Desi Girl,"Vishal-Shekhar, Shankar Mahadevan, Sunidhi Chauhan, Vishal Dadlani",Dostana (Original Motion Picture Soundtrack),2008-10-08,63,306986,https://open.spotify.com/track/3Qpk2qHree1RTH5lZaKnEK,love
0QjiywAse0jM8QgPvtJrpC,"Baby Doll (From ""Ragini Mms 2"")","Meet Bros Anjjan, Kanika Kapoor",Bollywood Party With Meet Bros,2017-08-17,43,213887,https://open.spotify.com/track/0QjiywAse0jM8QgPvtJrpC,love
1vSXwYeKnzsVvekSpqVabx,Chikni Chameli,"Ajay-Atul, Shreya Ghoshal",Agneepath (Original Motion Picture Soundtrack),2011-12-16,68,301586,https://open.spotify.com/track/1vSXwYeKnzsVvekSpqVabx,love
3MXUEYNS6LNxb61415AdE3,"Badri Ki Dulhania (Title Track) [From ""Badrinath Ki Dulhania""]","Dev Negi, Neha Kakkar, Monali Thakur, Ikka",Best Of Neha Kakkar,2017-06-05,45,206858,https://open.spotify.com/track/3MXUEYNS6LNxb61415AdE3,love
72HdutlIHBZJ7WT1xVAAZT,Kajra Re,"Shankar-Ehsaan-Loy, Alisha Chinai, Shankar Mahadevan, Javed Ali, Gulzar",Bunty Aur Babli,2005-04-15,65,482586,https://open.spotify.com/track/72HdutlIHBZJ7WT1xVAAZT,love
6fORBVECjNDJ1gdq5uuoAz,Munni Badnaam,"Mamta Sharma, Aishwarya",Dabangg,2010-08-04,66,305017,https://open.spotify.com/track/6fORBVECjNDJ1gdq5uuoAz,love
3NpNTYETMcXspfs8hE8T7h,OH HO HO HO (Original Song),Sukhbir,OH HO HO HO (Original Song),1999-01-01,53,367818,https://open.spotify.com/track/3NpNTYETMcXspfs8hE8T7h,love
7sw49gd22TmoSW3sMGuHbn,Thumka,Zack Knight,Thumka,2018-08-03,41,167437,https://open.spotify.com/track/7sw49gd22TmoSW3sMGuHbn,love
2TzyJEUfWHGRsk3r6Emvbk,Daru Badnaam,"Param Singh, Kamal Kahlon, Pratik Studio",Daru Badnaam,2016-12-24,0,185333,https://open.spotify.com/track/2TzyJEUfWHGRsk3r6Emvbk,love
4gmL6HURFqPMwx8nWQoOn2,Bolo Ta Ra Ra,Daler Mehndi,Bolo Ta Ra Ra,1995-02-19,53,313026,https://open.spotify.com/track/4gmL6HURFqPMwx8nWQoOn2,love
4OjfYKfJ0F38w0Dn6goVkU,Jalebi Bai,"Ritu Pathak, Gorisha Gogoi, Anand Raj Anand",Double Dhamaal,2011-05-30,57,234544,https://open.spotify.com/track/4OjfYKfJ0F38w0Dn6goVkU,love
6nG6M9UPxURw5hPzRKyoY1,Lal Ghagra,Sahara,Undisputed,2004-01-01,0,219453,https://open.spotify.com/track/6nG6M9UPxURw5hPzRKyoY1,love
0TkquWzzuxcrwbCWlTrKYF,Yaad Piya Ki Aane Lagi,"Neha Kakkar, Tanishk Bagchi, Lalit Sen",Yaad Piya Ki Aane Lagi,2019-11-16,63,256678,https://open.spotify.com/track/0TkquWzzuxcrwbCWlTrKYF,love
1gdWDwF6vCUg0dkZ06f6b4,Nimbooda,"Kavita Krishnamurthy, Karsan Sagathiya",Hum Dil De Chuke Sanam,1999-04-30,47,384320,https://open.spotify.com/track/1gdWDwF6vCUg0dkZ06f6b4,love
3wiKJ8i3Ixdrc3qxBFFbPM,Dupatta Tera Nau Rang Da,"Sonu Nigam, Kunal Ganjawala, Shreya Ghoshal, Suzi Q",Partner,2007-06-12,57,303613,https://open.spotify.com/track/3wiKJ8i3Ixdrc3qxBFFbPM,love
71s7tZo8OGlN3VXyURWLUr,Make Some Noise For The Desi Boyz,"Pritam, KK, Bob",Desi Boyz,2011-10-21,71,244067,https://open.spotify.com/track/71s7tZo8OGlN3VXyURWLUr,love
4bAimZUcP0JK806hdCuAjt,Yeh Baby,Garry Sandhu,Yeh Baby,2018-04-03,60,185454,https://open.spotify.com/track/4bAimZUcP0JK806hdCuAjt,love
77QLO6fafn5BGev2ADuFKz,Ooh La La,"Vishal-Shekhar, Bappi Lahiri, Shreya Ghoshal",The Dirty Picture,2011-10-29,62,256021,https://open.spotify.com/track/77QLO6fafn5BGev2ADuFKz,love
4TPQHwC2bZBLZ5PdzdqMeL,Maiya Yashoda,"Anuradha Paudwal, Kavita Krishnamurthy, Alka Yagnik",Hum Saath - Saath Hain (Original Motion Picture Soundtrack),1999-01-01,48,379324,https://open.spotify.com/track/4TPQHwC2bZBLZ5PdzdqMeL,love
2h76LOwdOMLKhPwXKSeXA3,Mujhe Rang De,Asha Bhosle,Thakshak (Original Motion Picture Soundtrack),1999-12-30,26,429346,https://open.spotify.com/track/2h76LOwdOMLKhPwXKSeXA3,love
6WediUhXDfm8FR3wlM0r3G,Subha Hone Na De,"Pritam, Mika Singh, Shefali Alvares",Desi Boyz,2011-10-21,71,288696,https://open.spotify.com/track/6WediUhXDfm8FR3wlM0r3G,love
4CugsCV0mb9QHnffgfnpQO,Daawat-e-Ishq,"Sajid-Wajid, Javed Ali, Sunidhi Chauhan, Kausar Munir",Daawat-e-Ishq,2014-07-17,46,330344,https://open.spotify.com/track/4CugsCV0mb9QHnffgfnpQO,love
29g1Qs0JAfPNTnivV2Y11Q,Chudi,Falguni Pathak,Yaad Piya Ki Aane Lagi,1998-01-01,0,255693,https://open.spotify.com/track/29g1Qs0JAfPNTnivV2Y11Q,love
4aSX2lTWSxpxo1DmKKjrM3,Kajra Mohabbat Wala,"Asha Bhosle, Shamshad Begum",Kismat (Original Motion Picture Soundtrack),1968-12-31,32,378346,https://open.spotify.com/track/4aSX2lTWSxpxo1DmKKjrM3,love
7wJw4NRtBOXLhgmbxhLAs3,Jhoomka Gira Re,Asha Bhosle,Mera Saaya (Original Motion Picture Soundtrack),1966-12-01,22,296825,https://open.spotify.com/track/7wJw4NRtBOXLhgmbxhLAs3,love
6O8ZM3IKYcSBzpnuxpCAQr,Dholna,"Uttam Singh, Lata Mangeshkar, Udit Narayan, Anand Bakshi",Dil To Pagal Hai,1997-08-27,62,318432,https://open.spotify.com/track/6O8ZM3IKYcSBzpnuxpCAQr,love
47tnvWm6X4SopmU3KCGl22,Dekha Hai Pehli Baar,"Alka Yagnik, S. P. Balasubrahmanyam",Saajan (Original Motion Picture Soundtrack),1993-06-20,63,365504,https://open.spotify.com/track/47tnvWm6X4SopmU3KCGl22,love
1144uoKqppbshaZLBTA6xE,Badi Mushkil - Lajja / Soundtrack Version,Alka Yagnik,Lajja,2001-01-01,0,363133,https://open.spotify.com/track/1144uoKqppbshaZLBTA6xE,love
4MXbapIy7rkrO3XqeSchts,Hum Tumko Nigahon Mein,"Udit Narayan, Shreya Ghoshal",Garv- Pride &amp; Honour,2004-05-07,57,362373,https://open.spotify.com/track/4MXbapIy7rkrO3XqeSchts,love
0ouxt9GkqHyhnUQf1pMkjQ,Har Dil Jo Pyar Karega,"Udit Narayan, Alka Yagnik",Har Dil Jo Pyar Karega,2000-06-09,50,363226,https://open.spotify.com/track/0ouxt9GkqHyhnUQf1pMkjQ,love
5BqBeEwb9sqUtRLKyzgQQe,Tu Meri Zindagi Hai,"Anuradha Paudwal, Kumar Sanu, Super Cassettes Industries Private Limited, Sameer Anjaan",Aashiqui,1989-12-26,60,285280,https://open.spotify.com/track/5BqBeEwb9sqUtRLKyzgQQe,love
7cWnks0lsRtpAi87COOiXK,O Re Piya,"Salim–Sulaiman, Rahat Fateh Ali Khan, Jaideep Sahni",Aaja Nachle,2007-10-18,72,379768,https://open.spotify.com/track/7cWnks0lsRtpAi87COOiXK,love
7vRIIW5wK7jNxjhEVXJeIV,Chhalka Chhalka Re,"A.R. Rahman, Richa Sharma, Mahalakshmi Iyer, Vaishali, Shoma, Gulzar",Saathiya,2002-10-18,46,346122,https://open.spotify.com/track/7vRIIW5wK7jNxjhEVXJeIV,love
6FC2FExpCaCV7MyTZG94KY,"Punjabi Wedding Song (From ""Hasee Toh Phasee"")","Vishal-Shekhar, Sunidhi Chauhan, Benny Dayal",Best of Bollywood: Wedding Beats,2016-07-01,23,233920,https://open.spotify.com/track/6FC2FExpCaCV7MyTZG94KY,love
3HShmFrRR5axPqbuAhgBAQ,"Didi Tera Devar Deewana - From ""Hum Aapke Hain Koun""","Lata Mangeshkar, S. P. Balasubrahmanyam","Legends: Lata Mangeshkar - The Melody Queen, Vol. 5",2013-03-05,0,485333,https://open.spotify.com/track/3HShmFrRR5axPqbuAhgBAQ,love
1plFCZ6QFAjSRutT02GTCn,"Channa Mereya (From ""Ae Dil Hai Mushkil"")","Pritam, Arijit Singh","Channa Mereya (From ""Ae Dil Hai Mushkil"")",2016-10-26,61,289333,https://open.spotify.com/track/1plFCZ6QFAjSRutT02GTCn,love
59JemC1a4KDC1WxNAt7Zpt,Tujhe Dekha To,"Lata Mangeshkar, Kumar Sanu",Dilwale Dulhania Le Jayenge (Original Motion Picture Soundtrack),2013-11-01,47,303960,https://open.spotify.com/track/59JemC1a4KDC1WxNAt7Zpt,love
5FXMRdJjKq1BIX4e8Eg9mK,Ajab Si,"Vishal-Shekhar, KK",Om Shanti Om,2007-09-18,75,241668,https://open.spotify.com/track/5FXMRdJjKq1BIX4e8Eg9mK,love
44OZwf1pS0nnoPJEz2pqAX,Madhubala,"Sohail Sen, Ali Zafar, Shweta Pandit, Irshad Kamil",Mere Brother Ki Dulhan,2011-09-08,54,263235,https://open.spotify.com/track/44OZwf1pS0nnoPJEz2pqAX,love
6XjJXPP3UiGtAQpYkD01c0,Chittiyaan Kalaiyaan,"Meet Bros Anjjan, Kanika Kapoor, Kumaar",Roy,2015-01-09,66,246100,https://open.spotify.com/track/6XjJXPP3UiGtAQpYkD01c0,love
5kWMV8yuPP6zSdz4MZhjVh,Leja Leja,"Ustad Sultan Khan, Shreya Ghoshal, Salim Merchant",Ustad And The Divas,2006-11-28,51,269815,https://open.spotify.com/track/5kWMV8yuPP6zSdz4MZhjVh,love
2nNaw1QUcqiEX6pBFxcpp3,Marjaani,"Pritam, Sukhwinder Singh, Sunidhi Chauhan, Gulzar",Billu,2009-01-05,57,323941,https://open.spotify.com/track/2nNaw1QUcqiEX6pBFxcpp3,love
6RZwj2PZDqM6g7gmO6bOxw,Do Dhaari Talwaar,"Sohail Sen, Shahid Mallya, Shweta Pandit, Irshad Kamil",Mere Brother Ki Dulhan,2011-09-08,57,300826,https://open.spotify.com/track/6RZwj2PZDqM6g7gmO6bOxw,love
3V3qab2wyi5LjGLjvbV4fD,Mast Kalandar,"Saleem Shahzada, Rehan Khan, Shankar Mahadevan, Sajid Khan",Heyy Babyy,2007-07-17,52,345788,https://open.spotify.com/track/3V3qab2wyi5LjGLjvbV4fD,love
1vBmaijoCBoqmwc3zs5n3s,Dus Bahane,"Vishal-Shekhar, Shaan, KK",Dus,2005-05-30,63,206946,https://open.spotify.com/track/1vBmaijoCBoqmwc3zs5n3s,love
1Q3efN4j9BavWtoMnbM6NM,"Tumhein Apna Banane Ki Kasam Khai Hai (From ""Sadak"")","Anuradha Paudwal, Kumar Sanu",Ultimate Romantic Duet - Kumar Sanu & Anuradha Paudwal,2017-02-13,51,342560,https://open.spotify.com/track/1Q3efN4j9BavWtoMnbM6NM,love
39u5bn12M7xAvM4LMA75NT,Luv Letter,"Meet Bros., Kanika Kapoor",The Legend Of Michael Mishra,2016-07-21,55,220009,https://open.spotify.com/track/39u5bn12M7xAvM4LMA75NT,love
2bWEf2FVLHzqME4xVCjgs2,Chori Chori Sapnon Mein,"Abhijeet, Alka Yagnik",Chal Mere Bhai,2000-03-25,47,303093,https://open.spotify.com/track/2bWEf2FVLHzqME4xVCjgs2,love
5wyzawAfi1y7Zgsx3jr7MD,Mere Khwabon Mein,Lata Mangeshkar,Dilwale Dulhania Le Jayenge (Original Motion Picture Soundtrack),2013-11-01,43,256440,https://open.spotify.com/track/5wyzawAfi1y7Zgsx3jr7MD,love
0sdO6nyM0N9QpIL6jV5mpi,Ballay Ballay,"Shiraz Uppal, Harshdeep Kaur",Bin Roye (Original Motion Pictures Soundtrack),2019-04-01,0,269879,https://open.spotify.com/track/0sdO6nyM0N9QpIL6jV5mpi,love
7jHJLNh9CS7qLUWYvC3Boy,Main Vari Vari,A.R. Rahman,Mangal Pandey: The Rising,2005-07-01,0,293586,https://open.spotify.com/track/7jHJLNh9CS7qLUWYvC3Boy,love
2R4zzmPXIFuBH0BqdWDkfC,Mere Dholna,"Pritam, Shreya Ghoshal, M. G. Sreekumar",Bhool Bhulaiyaa,2007-09-05,56,404432,https://open.spotify.com/track/2R4zzmPXIFuBH0BqdWDkfC,love
1vwHEMn3RJBteolX643U9a,Summer Luv,Mickey Singh,Summer Luv,2019-06-07,0,181794,https://open.spotify.com/track/1vwHEMn3RJBteolX643U9a,love
65hNUaQSau704UtsRZVhKy,Tu Hi Das De,"Mickey Singh, Simar Panag, Tedi Pagg",Tu Hi Das De,2019-12-17,0,172831,https://open.spotify.com/track/65hNUaQSau704UtsRZVhKy,love
0e949y0cVtmP7zzxOsein2,Lehanga,Desi Boys,Lehanga,2020-02-02,0,206518,https://open.spotify.com/track/0e949y0cVtmP7zzxOsein2,love
5VGINWbl9DKfr8a9QiCeOX,"Lahore (From ""Lahore"")",Guru Randhawa,High Rated Gabru - Guru Randhawa,2019-03-02,64,197390,https://open.spotify.com/track/5VGINWbl9DKfr8a9QiCeOX,love
58AkcBdW5NpM2TBbkKbdK3,Latthay Di Chaadar,"Farhan Saeed, Quratulain Balouch",Coke Studio Season 10: Episode 4,2017-09-04,46,478807,https://open.spotify.com/track/58AkcBdW5NpM2TBbkKbdK3,love
73b9wDijCUpicQUzrc47EY,Navrai Majhi,"Sunidhi Chauhan, Swanand Kirkire, Neelambari Kirkire, Natali Di Luccio",English Vinglish,2012-09-04,0,262826,https://open.spotify.com/track/73b9wDijCUpicQUzrc47EY,love
2XhrerNcOPFF3oGAcyb5oh,"Dil Chori (From ""Sonu Ke Titu Ki Sweety"")","Yo Yo Honey Singh, Simar Kaur, Ishers",Super Hits Of Yo Yo Honey Singh,2020-05-25,26,226696,https://open.spotify.com/track/2XhrerNcOPFF3oGAcyb5oh,love
5x72Q1SyiDHJ4IF2mRzfkg,"Gali Gali (From ""Kgf Chapter 1"")","Neha Kakkar, Tanishk Bagchi","Gali Gali (From ""Kgf Chapter 1"")",2018-12-13,67,174711,https://open.spotify.com/track/5x72Q1SyiDHJ4IF2mRzfkg,love
1fmWNQIyT4XM9fsIvs95P3,Bad Girl,"Waseem Stark, Mickey Singh",Bad Girl,2013-08-15,19,256548,https://open.spotify.com/track/1fmWNQIyT4XM9fsIvs95P3,love
22eppS8Rqv8yk5t7DjDJ0e,Aja Mahi,"RDB, Manjeet Singh, Mc Metz, MC Trix",Danger 2,2002-01-01,0,245813,https://open.spotify.com/track/22eppS8Rqv8yk5t7DjDJ0e,love
1HBGWNyoRJhxvsfO8LLFDo,Chogada,"Darshan Raval, Asees Kaur, Lijo George-Dj Chetas, Shabbir Ahmed",Loveyatri - A Journey Of Love,2018-10-03,48,249741,https://open.spotify.com/track/1HBGWNyoRJhxvsfO8LLFDo,love
1dxbiVeiV7nQ2V9qXnhJiB,Buddhu Sa Mann,"Amaal Mallik, Armaan Malik, Abhiruchi Chand",Kapoor & Sons (Since 1921) (Original Motion Picture Soundtrack),2016-03-04,61,206858,https://open.spotify.com/track/1dxbiVeiV7nQ2V9qXnhJiB,love
0bxfFFRjpmV5Qj4v6kHhpD,"Salaam-E-Ishq (From ""Salaam-E-Ishq"")","Sonu Nigam, Shreya Ghoshal, Kunal Ganjawala, Sadhana Sargam, Shankar Mahadevan",International Diva - Priyanka Chopra,2017-07-15,35,424573,https://open.spotify.com/track/0bxfFFRjpmV5Qj4v6kHhpD,love
5BIEOLyIa6lxVxe9Yv4u8G,Afreen Afreen,"Rahat Fateh Ali Khan, Momina Mustehsan",Coke Studio Season 9: Sound of the Nation,2016-09-26,0,400000,https://open.spotify.com/track/5BIEOLyIa6lxVxe9Yv4u8G,love
4AoQVhME8Ko6LNm4lV2wwQ,Hookah Bar,"Himesh Reshammiya, Vineet Singh, Aaman Trikha",Khiladi 786,2012-10-30,72,254351,https://open.spotify.com/track/4AoQVhME8Ko6LNm4lV2wwQ,love
2LcXJP95e4HKydTZ2mYfrx,Tujh Mein Rab Dikhta Hai,"Salim–Sulaiman, Roop Kumar Rathod, Jaideep Sahni",Rab Ne Bana Di Jodi,2008-11-06,71,281573,https://open.spotify.com/track/2LcXJP95e4HKydTZ2mYfrx,love
3tp1wo61U3KQQ41o64Nvaf,Khilli Re,Reena Bhardwaj,Raavan,2010-04-24,22,249759,https://open.spotify.com/track/3tp1wo61U3KQQ41o64Nvaf,love
64bX3WWzjUomaRfPcQvCNn,Bahut Pyar Karte Hai - Female Version,Anuradha Paudwal,Saajan (Original Motion Picture Soundtrack),1993-06-20,64,265666,https://open.spotify.com/track/64bX3WWzjUomaRfPcQvCNn,love
28rMrOeusmuvjDuf6j3Kwg,Main Duniya Bhula Doonga,"Anuradha Paudwal, Kumar Sanu, Super Cassettes Industries Private Limited, Sameer Anjaan",Aashiqui,1989-12-26,61,318293,https://open.spotify.com/track/28rMrOeusmuvjDuf6j3Kwg,love
2WZwiepN5xXBzjJDBSOdUN,Didi Tera Devar Deewana,"Lata Mangeshkar, S. P. Balasubrahmanyam",Hum Aapke Hain Koun (Original Motion Picture Soundtrack),1994-07-30,0,485333,https://open.spotify.com/track/2WZwiepN5xXBzjJDBSOdUN,love
0mWtcNIAL9jITVHl3F2SQF,Suraj Hua Maddham,"Sandesh Shandilya, Sonu Nigam, Alka Yagnik",Kabhi Khushi Kabhie Gham (Original Motion Picture Soundtrack),2001-11-28,60,427546,https://open.spotify.com/track/0mWtcNIAL9jITVHl3F2SQF,love
0dUbhFM18NyBDDpiktEQLk,Ae Mere Humsafar,"Alka Yagnik, Udit Narayan",Qayamat Se Qayamat Tak,1988-01-04,68,355840,https://open.spotify.com/track/0dUbhFM18NyBDDpiktEQLk,love
7jV2zwwRKvHoLA8WFr3SCN,Ho Gaya Hai Tujhko To Pyar Sajna,"Lata Mangeshkar, Udit Narayan",Dilwale Dulhania Le Jayenge (Original Motion Picture Soundtrack),2013-11-01,52,349826,https://open.spotify.com/track/7jV2zwwRKvHoLA8WFr3SCN,love
7ni43tIyJ3xshl4b152ntL,Hum Tumhare Hain Sanam,"Anuradha Paudwal, Udit Narayan",Hum Tumhare Hain Sanam,2002-01-19,48,358066,https://open.spotify.com/track/7ni43tIyJ3xshl4b152ntL,love
5M7LdQfurIG70nbvlSAO07,Dil Deewana - Female Vocals,Lata Mangeshkar,Maine Pyar Kiya (Original Motion Picture Soundtrack),1989-12-01,29,354426,https://open.spotify.com/track/5M7LdQfurIG70nbvlSAO07,love
08fCQUvbymnhlPd47csmRa,Dil Deewana - Male Vocals,S. P. Balasubrahmanyam,Maine Pyar Kiya (Original Motion Picture Soundtrack),1989-12-01,31,322760,https://open.spotify.com/track/08fCQUvbymnhlPd47csmRa,love
4Q3oEhpsDommo2naYhCpAl,Tujh Mein Rab Dikhta Hai - II,"Salim–Sulaiman, Shreya Ghoshal, Jaideep Sahni",Rab Ne Bana Di Jodi,2008-11-06,61,101799,https://open.spotify.com/track/4Q3oEhpsDommo2naYhCpAl,love
2UKK9UEbKlykbmLVP1zWIQ,Haule Haule,"Salim–Sulaiman, Sukhwinder Singh, Jaideep Sahni",Rab Ne Bana Di Jodi,2008-11-06,69,263967,https://open.spotify.com/track/2UKK9UEbKlykbmLVP1zWIQ,love
5EYZZvmNAH5VZCwuzYJqoA,Chand Sifarish,"Jatin-Lalit, Shaan, Kailash Kher, Prasoon Joshi",Fanaa,2006-04-12,73,275931,https://open.spotify.com/track/5EYZZvmNAH5VZCwuzYJqoA,love
0UEhi88Vox7ZMViqg8TdLs,Tera Dil,"Udit Narayan, Alka Yagnik",Hungama (Original Motion Picture Soundtrack),2003-05-22,44,291346,https://open.spotify.com/track/0UEhi88Vox7ZMViqg8TdLs,love
1VrheK4CdhX74nrOSNIFtH,Pehla Nasha,"Udit Narayan, Sadhana Sargam",Jo Jeeta Wohi Sikandar (Original Motion Picture Soundtrack),1991-12-30,51,291400,https://open.spotify.com/track/1VrheK4CdhX74nrOSNIFtH,love
23EMtKhfkoFCngyQdVgd5s,Tumhein Apna Banane Ki Kasam Khai Hai,"Anuradha Paudwal, Kumar Sanu",Sadak,1991-12-31,48,342560,https://open.spotify.com/track/23EMtKhfkoFCngyQdVgd5s,love
2PfTtvHJHuJhFkEvFZ7jSI,Raja KO Rani Se,"Udit Narayan, Alka Yagnik",Akele Hum Akele Tum (Original Motion Picture Soundtrack),1995-07-25,37,305826,https://open.spotify.com/track/2PfTtvHJHuJhFkEvFZ7jSI,love
5mnvugwfFYnJm9zuyGkgqF,"Ghalat Fehmi - From ""Superstar""","Asim Azhar, Zenab Fatimah Sultan","Ghalat Fehmi (From ""Superstar"")",2019-07-25,1,286007,https://open.spotify.com/track/5mnvugwfFYnJm9zuyGkgqF,love
1fH8lEKL8TUjQElU1a1g2W,Achchi Lagti Ho,"Udit Narayan, Kavita Krishnamurthy",Kuch Naa Kaho (Original Motion Picture Soundtrack),2003-12-31,40,378973,https://open.spotify.com/track/1fH8lEKL8TUjQElU1a1g2W,love
1IDj8MLzpNTjhGyj5F0H5g,Lehanga,"Desi Boys, Desi Family, Desi Uncle",Desi Family,2020-04-09,0,206518,https://open.spotify.com/track/1IDj8MLzpNTjhGyj5F0H5g,love
4eArIrMsptXvjYgSKf6Nz4,Laal Chunariya,Akull,Laal Chunariya,2020-03-18,38,199578,https://open.spotify.com/track/4eArIrMsptXvjYgSKf6Nz4,love
0xYs3EAhGddtEe2OvuvYvn,Teri Yaari,"Millind Gaba, Aparshakti Khurana, King Kaazi",Teri Yaari,2020-04-28,42,191564,https://open.spotify.com/track/0xYs3EAhGddtEe2OvuvYvn,love
29C5ypiFgffKwe87gMYimD,Nakhre Tere,Bang Music,Big Bang,2020-05-18,0,154592,https://open.spotify.com/track/29C5ypiFgffKwe87gMYimD,love
7vja5ktE3s1EtxhsWiDbnE,Sone Diya Waliyan,Punjab Saab,Sone Diya Waliyan,2020-03-24,0,206590,https://open.spotify.com/track/7vja5ktE3s1EtxhsWiDbnE,love
0jl02isqm5lvgTx96xbtkH,Luck Di Kasam,"Ramji Gulati, Mack The Rapper, Vikram Nagi",Luck Di Kasam,2020-03-13,25,176281,https://open.spotify.com/track/0jl02isqm5lvgTx96xbtkH,love
2Tn94MK7EG1jxIHoGkpRka,Saara Din,Karan Singh Arora,Saara Din,2020-04-25,15,184842,https://open.spotify.com/track/2Tn94MK7EG1jxIHoGkpRka,love
6cz68QZDqObQng2t0vRVyn,Red Yellow Suit,Karan Singh Arora,Red Yellow Suit,2020-02-19,0,198437,https://open.spotify.com/track/6cz68QZDqObQng2t0vRVyn,love
4yurVSNjaPBKkOpbZWtuJO,Kalla Sohna Nai,Akhil,Kalla Sohna Nai,2019-12-21,19,156613,https://open.spotify.com/track/4yurVSNjaPBKkOpbZWtuJO,love
0UZLaEOSIc5kg0cc7eszqC,Manjha,Vishal Mishra,Manjha,2020-03-17,34,191647,https://open.spotify.com/track/0UZLaEOSIc5kg0cc7eszqC,love
0v3H9GK9kMxhxl7AU9Jw5q,Bas Ek Baar,Soham Naik,Bas Ek Baar - Single,2017-09-29,22,240827,https://open.spotify.com/track/0v3H9GK9kMxhxl7AU9Jw5q,love
7jtKU9mbFgdlsIoYIWjhkO,"Mujhe Kaise, Pata Na Chala",Papon,TOP HITS 2019 By MEET BROS,2019-12-18,0,322758,https://open.spotify.com/track/7jtKU9mbFgdlsIoYIWjhkO,love
2I7LHHFgXku7VAVRkWdJAU,"Tera Ban Jaunga Reprise (From ""T-Series Acoustics"")",Akhil Sachdeva,"Tera Ban Jaunga Reprise (From ""T-Series Acoustics"")",2019-08-26,35,223555,https://open.spotify.com/track/2I7LHHFgXku7VAVRkWdJAU,love
6LpswW9691XT9OjVSvDU6G,Aaj Bhi,Vishal Mishra,Aaj Bhi,2020-04-09,62,241206,https://open.spotify.com/track/6LpswW9691XT9OjVSvDU6G,love
6G7cVYZW0bZTkKHBT4G9Yq,Jee Karda,"GKhan, Khan Saab, Mehar Vaani, Garry Sandhu",Jee Karda,2020-01-09,52,192000,https://open.spotify.com/track/6G7cVYZW0bZTkKHBT4G9Yq,love
7GfdU12uRL2xtSQcRXmqNN,Laare,"Maninder Buttar, Jaani",Laare,2019-10-22,55,270545,https://open.spotify.com/track/7GfdU12uRL2xtSQcRXmqNN,love
3SHopOL3KEJ8PFl3vJdfmF,Naina,"Sona Mohapatra, Armaan Malik",Khoobsurat,2014-08-12,59,225568,https://open.spotify.com/track/3SHopOL3KEJ8PFl3vJdfmF,love
1CapGmE3jqZpEATdujksnX,Heer,"A.R. Rahman, Harshdeep Kaur, Gulzar",Jab Tak Hai Jaan,2012-10-09,60,314174,https://open.spotify.com/track/1CapGmE3jqZpEATdujksnX,love
2mUhom1j7dIshU56wUdfbu,Chamak Challo Chel Chabeli,"Sajid-Wajid, Kumar Sanu, Shreya Ghoshal",Rowdy Rathore (Original Motion Picture Soundtrack),2012-06-24,53,303906,https://open.spotify.com/track/2mUhom1j7dIshU56wUdfbu,love
6MudETKykE31rz3v2DOHa0,Dagabaaz Re,"Rahat Fateh Ali Khan, Shreya Ghoshal",Dabangg 2,2012-11-17,68,287204,https://open.spotify.com/track/6MudETKykE31rz3v2DOHa0,love
5HYNICszfKuQAzJQB5DPLY,Ishq Sufiyana (Female),"Vishal-Shekhar, Sunidhi Chauhan",The Dirty Picture,2011-10-29,52,327912,https://open.spotify.com/track/5HYNICszfKuQAzJQB5DPLY,love
7tcFwF9YaYTBvgkioJCBOU,Pee Loon-Ishq Sufiyana,"Neha Kakkar, Sreerama Chandra, Abhijit Vaghani, Pritam, Vishal-Shekhar","Pee Loon-Ishq Sufiyana (From ""T-Series Mixtape"")",2017-07-24,36,227932,https://open.spotify.com/track/7tcFwF9YaYTBvgkioJCBOU,love
2tjWCe2W7sgvS3C8NHcdtI,"Duniyaa (From ""Luka Chuppi"")","Akhil, Dhvani Bhanushali, Kunaal Vermaa, Abhijit Vaghani","Duniyaa (From ""Luka Chuppi"")",2019-02-22,70,222500,https://open.spotify.com/track/2tjWCe2W7sgvS3C8NHcdtI,love
5MnAi6ZF7cE8pAz7wYr9Ta,Dil Diyan Gallan,"Vishal-Shekhar, Atif Aslam, Irshad Kamil",Tiger Zinda Hai,2017-12-12,67,260536,https://open.spotify.com/track/5MnAi6ZF7cE8pAz7wYr9Ta,love
3P167vmmGRGKHoy7uDugvy,Itni Si Baat Hain,"Pritam, Arijit Singh, Antara Mitra, Manoj Yadav",Azhar,2016-04-07,66,294846,https://open.spotify.com/track/3P167vmmGRGKHoy7uDugvy,love
4Y1Sd0fSSxHEMrWkd2x3EW,Tere Bin,"Rahat Fateh Ali Khan, Asees Kaur, Tanishk Bagchi",Simmba,2018-12-27,65,230948,https://open.spotify.com/track/4Y1Sd0fSSxHEMrWkd2x3EW,love
6P6o9pPFIYMxxnEhsvgfJA,Yeh Kya Hua,"Prem & Hardeep, Shreya Ghoshal",Tera Mera Pyar,2004-06-18,44,303706,https://open.spotify.com/track/6P6o9pPFIYMxxnEhsvgfJA,love
6LoKHUJWM3qxHWL5wQOuss,Tere Sang Yaara,Atif Aslam,Rustom,2016-07-15,0,286380,https://open.spotify.com/track/6LoKHUJWM3qxHWL5wQOuss,love
1Xl83AOH0iWEOVFcdQqKBW,Nainowale Ne,"Neeti Mohan, Sanjay Leela Bhansali, Siddharth - Garima",Padmaavat,2018-01-21,60,175821,https://open.spotify.com/track/1Xl83AOH0iWEOVFcdQqKBW,love
6hzbTmDTqtoYxlK99PAkmb,Haila Haila,"Alka Yagnik, Udit Narayan",Koi Mil Gaya,2019-12-26,0,293082,https://open.spotify.com/track/6hzbTmDTqtoYxlK99PAkmb,love
6nX5HmYmVH8jrDKRCgcSui,Koi Mil Gaya,"Udit Narayan, K. S. Chithra",Koi Mil Gaya,2019-12-26,0,336422,https://open.spotify.com/track/6nX5HmYmVH8jrDKRCgcSui,love
2n5NhaIGI3d9qs4GkFmmji,Pyaar Tenu Karda Gabru,Romy,Shubh Mangal Zyada Saavdhan,2020-02-24,22,165581,https://open.spotify.com/track/2n5NhaIGI3d9qs4GkFmmji,love
3UcOD0rFKSg23hglPFq9Fn,Laaga Re Jal Laaga,"M. M. Kreem, Sonu Nigam, Shurti Sadolikar",Paheli,2005-05-06,18,350493,https://open.spotify.com/track/3UcOD0rFKSg23hglPFq9Fn,love
5DXdMe87gdsoN4MSqWRcnt,"Hasina Pagal Deewani (From ""Indoo Ki Jawani"")","Mika Singh, Asees Kaur","Hasina Pagal Deewani (From ""Indoo Ki Jawani"")",2020-09-16,41,188824,https://open.spotify.com/track/5DXdMe87gdsoN4MSqWRcnt,love
2iZeKe5avjtKVmjfSFkpxd,Tum Jo Aaye,"Pritam, Rahat Fateh Ali Khan, Tulsi Kumar, Irshad Kamil",Once Upon A Time In Mumbaai,2010-06-29,74,286443,https://open.spotify.com/track/2iZeKe5avjtKVmjfSFkpxd,love
70fA3vjK2r6kpHrN6adr9q,Ride It (Kya Yehi Pyaar Hai) - Hindi Version,Jay Sean,My Own Way (Hindi Version),2008-05-01,60,193706,https://open.spotify.com/track/70fA3vjK2r6kpHrN6adr9q,love
34UBYRjUUu2TilRyveuKFg,Yeh Ladka Hai Allah,Himani Bairwa,Yeh Ladka Hai Allah,2020-06-11,0,150386,https://open.spotify.com/track/34UBYRjUUu2TilRyveuKFg,love
6Df7LnLJUifLIDYJbvzVhQ,Sajan Tumse Pyar,"Udit Narayan, Alka Yagnik",Maine Pyaar Kyun Kiya,2005-05-24,52,265946,https://open.spotify.com/track/6Df7LnLJUifLIDYJbvzVhQ,love
2yMfDwie0nTQDpyMGDWwPD,Lal Chunariya,"Udit Narayan, Alka Yagnik",God Tussi Great Ho,2008-07-18,37,256510,https://open.spotify.com/track/2yMfDwie0nTQDpyMGDWwPD,love
4iFPsNzNV7V9KJgcOX7TEO,Tu Jaane Na,"Pritam, Atif Aslam",Ajab Prem Ki Ghazab Kahani (Original Motion Picture Soundtrack),2009-11-06,74,341933,https://open.spotify.com/track/4iFPsNzNV7V9KJgcOX7TEO,love
3hMpx2u8Tw0jw0ncmhxHWm,"Janib-Sajde Kiye Hain (From ""T-Series Mixtape Season 2"")","Harshdeep Kaur, Javed Ali, Abhijit Vaghani","Janib-Sajde Kiye Hain (From ""T-Series Mixtape Season 2"")",2019-06-06,26,285959,https://open.spotify.com/track/3hMpx2u8Tw0jw0ncmhxHWm,love
7hhlEgVDkCL548r7sZhbfV,"Sadqay Tumhare - From ""Sadqay Tumhare""",Rahat Fateh Ali Khan,"Sadqay Tumhare (From ""Sadqay Tumhare"")",2014-10-10,0,315023,https://open.spotify.com/track/7hhlEgVDkCL548r7sZhbfV,love
0u8wprNfOdcWpUlWnfMcpP,Bol Na Halke Halke,"Shankar-Ehsaan-Loy, Rahat Fateh Ali Khan, Mahalakshmi Iyer, Gulzar",Jhoom Barabar Jhoom,2007-05-15,72,306834,https://open.spotify.com/track/0u8wprNfOdcWpUlWnfMcpP,love
4Nc4ojIRbHohLiX9NmKkVh,Waalian,Harnoor,Waalian,2020-08-10,0,222312,https://open.spotify.com/track/4Nc4ojIRbHohLiX9NmKkVh,love
2si0ZNx4yRbggTvrIom8A2,Paniyon Sa,"Rochak Kohli, Atif Aslam, Tulsi Kumar","Paniyon Sa (From ""Satyameva Jayate"")",2018-07-12,69,236239,https://open.spotify.com/track/2si0ZNx4yRbggTvrIom8A2,love
2ygHwkk6BE4o1YKF2jhrFX,Hua Hain Aaj Pehli Baar,"Amaal Mallik, Manoj Yadav, Armaan Malik, Palak Muchhal",Sanam Re,2016-01-04,67,309272,https://open.spotify.com/track/2ygHwkk6BE4o1YKF2jhrFX,love
5O932cZmzOZGOGZz9RHx20,Khairiyat,"Pritam, Arijit Singh",Chhichhore,2019-08-31,71,280281,https://open.spotify.com/track/5O932cZmzOZGOGZz9RHx20,love
1wbGhZ3Hue7qlMKrmebgbB,"Tainu Leke (From ""Salaam-E-Ishq"")","Sonu Nigam, Mahalakshmi Iyer",International Diva - Priyanka Chopra,2017-07-15,39,273577,https://open.spotify.com/track/1wbGhZ3Hue7qlMKrmebgbB,love
0mJTAdmY8olbGQjopDYff3,Vaaste,"Dhvani Bhanushali, Nikhil D'Souza, Tanishk Bagchi",Vaaste,2019-04-06,64,196043,https://open.spotify.com/track/0mJTAdmY8olbGQjopDYff3,love
1scGwkyXNCl19wrBDhnAWg,Dekhte Dekhte,"Atif Aslam, Nusrat Fateh Ali Khan, Rochak Kohli, Manoj Muntashir",Batti Gul Meter Chalu,2018-09-08,70,256271,https://open.spotify.com/track/1scGwkyXNCl19wrBDhnAWg,love
28k9vitXkjEw6n0gG6MPqz,Uchiyaan Dewaraan - Baari 2,"Bilal Saeed, Momina Mustehsan",Uchiyaan Dewaraan - Baari 2,2020-11-29,0,227976,https://open.spotify.com/track/28k9vitXkjEw6n0gG6MPqz,love
0dTjGvzVRsvUjM9jJVWEDK,Palat - Tera Hero Idhar Hai,Arijit Singh,Main Tera Hero,2014-03-03,56,270676,https://open.spotify.com/track/0dTjGvzVRsvUjM9jJVWEDK,love
1opxtm6zIv7IF19S0eCtvV,Thug Le,"Salim–Sulaiman, Vishal Dadlani, Shweta Pandit, Amitabh Bhattacharya",Ladies vs Ricky Bahl,2011-11-09,62,218932,https://open.spotify.com/track/1opxtm6zIv7IF19S0eCtvV,love
6XvQPMLZdPPV22rY7FEBpI,"Husnn Hai Suhaana New (from ""Coolie No. 1"")","Chandana Dixit, Abhijeet, Tanishk Bagchi, Anand-Milind","Husnn Hai Suhaana New (from ""Coolie No. 1"")",2020-12-08,54,267416,https://open.spotify.com/track/6XvQPMLZdPPV22rY7FEBpI,love
0loZn1c5heXie7OAtvK6nH,Humnava Mere,"Jubin Nautiyal, Manoj Muntashir",Humnava Mere,2018-05-23,72,328992,https://open.spotify.com/track/0loZn1c5heXie7OAtvK6nH,love
18AId3X5GULxDCCjyRTCIQ,Chunnari Chunnari,"Abhijeet, Anuradha Sriram",Biwi No. 1 (Original Motion Picture Soundtrack),1999-05-28,69,335000,https://open.spotify.com/track/18AId3X5GULxDCCjyRTCIQ,love
28syjZyasVJ4J4oxBDOF1b,Bumbro,"Shankar Mahadevan, Sunidhi Chauhan, Jaspinder Narula",Mission Kashmir (Original Motion Picture Soundtrack),2000-10-27,54,308493,https://open.spotify.com/track/28syjZyasVJ4J4oxBDOF1b,love
4mbJ90SPdL9WdItbkWDkpv,Soniye Ve,"Sonu Nigam, Sunidhi Chauhan, Sajid-Wajid",Kismat Konnection (Original Motion Picture Soundtrack),2008-07-18,38,246151,https://open.spotify.com/track/4mbJ90SPdL9WdItbkWDkpv,love
2Qr6caRtWpQitY0t7qjsxi,Multan,Mannat Noor,Multan,2019-03-29,36,245362,https://open.spotify.com/track/2Qr6caRtWpQitY0t7qjsxi,love
0bboA3wd14m1KN28pm2FAZ,Kyaa Dil Ne Kahaa,"Himesh Reshammiya, Udit Narayan, Alka Yagnik",Kyaa Dil Ne Kahaa (Original Motion Picture Soundtrack),2002-04-20,57,302840,https://open.spotify.com/track/0bboA3wd14m1KN28pm2FAZ,love
2NAhJ85p0q5HCyd82ZFvT2,Sajana Tere Pyar Mein,"Himesh Reshammiya, Udit Narayan, Alka Yagnik",Kyaa Dil Ne Kahaa (Original Motion Picture Soundtrack),2002-04-20,44,412333,https://open.spotify.com/track/2NAhJ85p0q5HCyd82ZFvT2,love
6LVYBlYJ4pezcfk7V8Tttk,Chand Chhupa Badal Mein,"Udit Narayan, Alka Yagnik",Hum Dil De Chuke Sanam,1999-04-30,63,347013,https://open.spotify.com/track/6LVYBlYJ4pezcfk7V8Tttk,love
2ufLEVbzvEcJ3subW8jBUp,Lut Gaye,"Jubin Nautiyal, Tanishk Bagchi, Manoj Muntashir, Nusrat Fateh Ali Khan",Lut Gaye,2021-02-17,64,228031,https://open.spotify.com/track/2ufLEVbzvEcJ3subW8jBUp,love
1Q9ME2mhsXqwtMszjrSl39,Dil Ne Yeh Kaha Hain Dil Se,"Udit Narayan, Alka Yagnik",Dhadkan (Original Motion Picture Soundtrack),2000-07-02,64,426631,https://open.spotify.com/track/1Q9ME2mhsXqwtMszjrSl39,love
5MVgbOulRaJqYKpmJEthkS,Jannat,"Ezu, Harshdeep Kaur",Jannat,2021-03-24,0,300712,https://open.spotify.com/track/5MVgbOulRaJqYKpmJEthkS,love
7ibelrkhyU0Nd8AW1cjPil,Surma,"Aamir Khan, 6n",Surma,2019-12-20,50,235128,https://open.spotify.com/track/7ibelrkhyU0Nd8AW1cjPil,love
2MwCoo4GeXpi8soWn9EiPo,Kannazhaga - The Kiss of Love,"Anirudh Ravichander, Dhanush, Shruti Haasan",3 (Original Motion Picture Soundtrack),2011-12-23,65,205946,https://open.spotify.com/track/2MwCoo4GeXpi8soWn9EiPo,love
13LMnspRaWqJdJdpDg6dwl,Aapki Nazron Ne Samjha - Female,Monu Music India,Aapki Nazron Ne Samjha (Female),2021-03-31,0,254811,https://open.spotify.com/track/13LMnspRaWqJdJdpDg6dwl,love
2JDsi7S0UmtGoyVPTda0ao,Prem Ki Naiyya,"Pritam, Neeraj Shridhar, Suzanne D'Mello",Ajab Prem Ki Ghazab Kahani (Original Motion Picture Soundtrack),2009-11-06,60,251129,https://open.spotify.com/track/2JDsi7S0UmtGoyVPTda0ao,love
0MOJU1KKbcDTgkdUtLs8G3,Aaye Ho Meri Zindagi Mein - Female Version,Alka Yagnik,Raja Hindustani (Original Motion Picture Soundtrack),1996-11-15,65,363333,https://open.spotify.com/track/0MOJU1KKbcDTgkdUtLs8G3,love
2n9ylYiF7urpXo36qBwr3g,Mera Dil Bhi Kitna Pagal Hai - Recreated Version,Stebin Ben,Mera Dil Bhi Kitna Pagal Hai (Recreated Version),2018-12-20,56,200827,https://open.spotify.com/track/2n9ylYiF7urpXo36qBwr3g,love
7xxxQG1BupSnOBo4qId9kl,Drama Queen,"Vishal-Shekhar, Shreya Ghoshal, Vishal Dadlani",Hasee Toh Phasee (Original Motion Picture Soundtrack),2014-01-05,58,198746,https://open.spotify.com/track/7xxxQG1BupSnOBo4qId9kl,love
1wWyVxdBlBU25RBRaYeHUB,Chal Pyar Karegi,"Alka Yagnik, Sonu Nigam",Jab Pyaar Kisise Hota Hai (Original Motion Picture Soundtrack),1998-05-22,47,378093,https://open.spotify.com/track/1wWyVxdBlBU25RBRaYeHUB,love
3jf5303mzzJ96O8xFTcEn4,"Mann Bharryaa 2.0 (From ""Shershaah"")","B Praak, Jaani","Mann Bharryaa 2.0 (From ""Shershaah"")",2021-08-15,66,266005,https://open.spotify.com/track/3jf5303mzzJ96O8xFTcEn4,love
5pbOpE6CfRgGnPPZJSDfME,"Chaka Chak (From ""Atrangi Re"")","A.R. Rahman, Shreya Ghoshal, Irshad Kamil","Chaka Chak (From ""Atrangi Re"")",2021-11-29,53,269780,https://open.spotify.com/track/5pbOpE6CfRgGnPPZJSDfME,love
4w7jmv9Bo7g6R3aHZZWLnS,Bathian Bujaaye Rakh,Shazia Manzoor,Chan Mere Makhna,1998-01-01,18,373213,https://open.spotify.com/track/4w7jmv9Bo7g6R3aHZZWLnS,love
6eu75OSNNFbQncfV3jbJ3a,"Dekha Ek Khwab (From ""Silsila"")","Lata Mangeshkar, Kishore Kumar",Diamonds Forever - Lata Mangeshkar,2018-02-28,45,320733,https://open.spotify.com/track/6eu75OSNNFbQncfV3jbJ3a,love
72zHuDxFQTjbL51qJQSA7j,"Ranjha (From ""Shershaah"")","Jasleen Royal, B Praak, Romy","Ranjha (From ""Shershaah"")",2021-08-05,75,228855,https://open.spotify.com/track/72zHuDxFQTjbL51qJQSA7j,love
5kMIRfYYKDk4Q09nuenBVF,Tu Mile Dil Khile,"Kumar Sanu, Alka Yagnik, Indeevar",Criminal (Original Motion Picture Soundtrack),1994-12-31,35,363133,https://open.spotify.com/track/5kMIRfYYKDk4Q09nuenBVF,love
53SyjeUrYqpGjKbrSfXbuI,Ek Ladki Ko Dekha,Kumar Sanu,1942 A Love Story (Original Motion Picture Soundtrack),1994-12-01,39,275295,https://open.spotify.com/track/53SyjeUrYqpGjKbrSfXbuI,love
3H3x4NhR3wJh6IvRHmPvkd,"Tum Tum (From ""Enemy"")","Thaman S, Srivardhani Kuchi, Aditi, Satya Yamini, Roshini, Tejaswini","Tum Tum (From ""Enemy - Tamil"")",2021-09-03,0,228567,https://open.spotify.com/track/3H3x4NhR3wJh6IvRHmPvkd,love
66cYwZ8uCn71S9ng2aunfx,Do Anjaane Ajnabi,"Udit Narayan, Shreya Ghoshal",Vivah (Original Motion Picture Soundtrack),2006-01-01,49,302445,https://open.spotify.com/track/66cYwZ8uCn71S9ng2aunfx,love
4qLBbgwwGSdwnJSvwXjaFS,Mujhe Haq Hai,"Udit Narayan, Shreya Ghoshal",Vivah (Original Motion Picture Soundtrack),2006-01-01,48,302341,https://open.spotify.com/track/4qLBbgwwGSdwnJSvwXjaFS,love
4K7l6gzsSPKkB3mzokEDKQ,Dekh Lena,"Arijit Singh, Tulsi Kumar, Ankit Tiwari, Manoj Muntashir",Tum Bin 2,2016-10-20,54,281525,https://open.spotify.com/track/4K7l6gzsSPKkB3mzokEDKQ,love
4eSptlk4boHEHiFKHnsyoF,Ishq Bina,"Anuradha Sriram, Sujatha, A.R. Rahman, Sonu Nigam",Taal (Original Motion Picture Soundtrack),1999-08-13,59,465133,https://open.spotify.com/track/4eSptlk4boHEHiFKHnsyoF,love
5fq7CGNYZKJm38HbLwMg9h,Ek Din Aap,"Kumar Sanu, Alka Yagnik",Yes Boss (Original Motion Picture Soundtrack),1999-06-18,61,266066,https://open.spotify.com/track/5fq7CGNYZKJm38HbLwMg9h,love
5i5f4oe2Y2M0vhrPvNSxCM,Tery Bina Jeena,"Rahat Fateh Ali Khan, Saleema Jawwad",Bin Roye (Original Motion Pictures Soundtrack),2019-04-01,0,348431,https://open.spotify.com/track/5i5f4oe2Y2M0vhrPvNSxCM,love
3fWMFwaJil8fD14JCgwbcL,Aaoge Jab Tum,"Rashid Khan, Sandesh Shandilya, Faaiz Anwar",Jab We Met,2007-09-21,65,355065,https://open.spotify.com/track/3fWMFwaJil8fD14JCgwbcL,love
1ZiReD9pPTttQWwSoYqdyH,Aankhon Se Batana,Dikshant,Aankhon Se Batana,2022-04-12,69,221271,https://open.spotify.com/track/1ZiReD9pPTttQWwSoYqdyH,love
1NMmjhjac99EhLpNKmXqno,"Khyaal (From ""Bhajjo Veero Ve"" Soundtrack)","Gurshabad, Jatinder Shah","Khyaal (From ""Bhajjo Veero Ve"" Soundtrack)",2018-12-03,0,193689,https://open.spotify.com/track/1NMmjhjac99EhLpNKmXqno,love
46NYX9zIml71qtfYYjakTI,"Kesariya Audio Teaser (From ""Brahmastra"")","Pritam, Arijit Singh, Amitabh Bhattacharya","Kesariya Audio Teaser (From ""Brahmastra"")",2022-04-14,41,44698,https://open.spotify.com/track/46NYX9zIml71qtfYYjakTI,love
72cKEtmrw3lMiCMPhJ3Nhn,Jinne Saah,"Ninja, Jyotica Tangri",Channa Mereya (Original Motion Picture Soundtrack),2017-06-21,54,215255,https://open.spotify.com/track/72cKEtmrw3lMiCMPhJ3Nhn,love
4K41tzB5gor56kMCjuJ77T,Jug Jug Jeeve LoFi,Maitri Katta 96K,Jug Jug Jeeve LoFi,2022-05-24,0,191451,https://open.spotify.com/track/4K41tzB5gor56kMCjuJ77T,love
1lGuefrgGbEbaWrpi95Usq,Morey Saiyan,Zeb Bangash,Parey Hut Love,2020-09-22,37,202317,https://open.spotify.com/track/1lGuefrgGbEbaWrpi95Usq,love
5sRH0l4iaWoyWbgqybttrY,Such Keh Raha Hai,KK,Rehnaa Hai Terre Dil Mein (Original Motion Picture Soundtrack),2001-12-01,45,328880,https://open.spotify.com/track/5sRH0l4iaWoyWbgqybttrY,love
1L3Nsi7YXtBxTdnbqektia,Hawa Banke,Darshan Raval,Hawa Banke,2019-07-18,63,171987,https://open.spotify.com/track/1L3Nsi7YXtBxTdnbqektia,love
6FxqL4QiCHJCxOSt9JAQ2l,Pehli Baar Dil Ye,"Kumar Sanu, Alka Yagnik",Hum Ho Gaye Aap Ke,2001-05-14,47,335800,https://open.spotify.com/track/6FxqL4QiCHJCxOSt9JAQ2l,love
0ZnQ3M1CeeoB7X9EEap92j,Aankhon Mein Tum Ho,"Kumar Sanu, Alka Yagnik",Ankhon Mein Tum Ho (Original Motion Picture Soundtrack),1997-12-31,19,296480,https://open.spotify.com/track/0ZnQ3M1CeeoB7X9EEap92j,love
1ZcluxOLEoQEZHp8qsHVe2,Raah Mein Unse Mulaqat,"Kumar Sanu, Alka Yagnik",Vijaypath (Original Motion Picture Soundtrack),1994-07-29,65,519226,https://open.spotify.com/track/1ZcluxOLEoQEZHp8qsHVe2,love
56DgHpq3uVb1ErpYGpbWG2,Deewana Main Tera Deewana,"Kumar Sanu, Alka Yagnik",English Babu Desi Mem (Original Motion Picture Soundtrack),1996-01-26,52,323693,https://open.spotify.com/track/56DgHpq3uVb1ErpYGpbWG2,love
3Rvdqwgbr3rryZkNRrItt3,Is Qadar,"Tulsi Kumar, Darshan Raval, Sachet-Parampara",Is Qadar,2021-04-08,51,226313,https://open.spotify.com/track/3Rvdqwgbr3rryZkNRrItt3,love
7oUCpKXbK5PdNB0ytPOSqH,Rabba Mehar Kari,Darshan Raval,Rabba Mehar Kari,2021-02-18,54,208874,https://open.spotify.com/track/7oUCpKXbK5PdNB0ytPOSqH,love
5YcArQIzNs9ceL7RtWerdy,Mahiya,Adnan Sami,Teri Kasam,2004-10-29,36,292590,https://open.spotify.com/track/5YcArQIzNs9ceL7RtWerdy,love
3K3mo4LoxPKk18oqIC3hQC,Udaarian,Satinder Sartaaj,Seasons of Sartaaj,2018-11-29,67,342585,https://open.spotify.com/track/3K3mo4LoxPKk18oqIC3hQC,love
5thheALMKZqEl479BxqAnL,Dil Laga Liya Maine,"Alka Yagnik, Udit Narayan",Dil Hai Tumhaara (Original Motion Picture Soundtrack),2002-09-06,64,271000,https://open.spotify.com/track/5thheALMKZqEl479BxqAnL,love
6sfKt7I5G9nVRAcg8ejAYi,Hamari Shaadi Mein,"Babul Supriyo, Shreya Ghoshal",Vivah (Original Motion Picture Soundtrack),2006-01-01,51,317283,https://open.spotify.com/track/6sfKt7I5G9nVRAcg8ejAYi,love
3oIWJujQwLjGBG8kZGnJkg,Salaam-E-Ishq,"Sonu Nigam, Shreya Ghoshal, Kunal Ganjawala, Sadhana Sargam, Shankar Mahadevan",Salaam-E-Ishq,2007-07-12,57,424573,https://open.spotify.com/track/3oIWJujQwLjGBG8kZGnJkg,love
5k0BwzLwDKe3Heckl1RJEP,Heart Throb,"Dev Negi, Amitabh Bhattacharya",Rocky Aur Rani Kii Prem Kahaani (Original Motion Picture Soundtrack),2023-07-31,0,200568,https://open.spotify.com/track/5k0BwzLwDKe3Heckl1RJEP,love
4QyX8CBSjcoq4iMZuvifyF,"What Jhumka ? (From ""Rocky Aur Rani Kii Prem Kahaani"")","Pritam, Arijit Singh, Jonita Gandhi, Ranveer Singh, Madan Mohan, Amitabh Bhattacharya","What Jhumka ? (From ""Rocky Aur Rani Kii Prem Kahaani"")",2023-07-12,49,213611,https://open.spotify.com/track/4QyX8CBSjcoq4iMZuvifyF,love
4UJih0aZ8YcQm4CIErba45,Jeene Ke Hain Chaar Din,"Sonu Nigam, Sunidhi Chauhan",Mujhse Shaadi Karogi,2004-05-31,59,321320,https://open.spotify.com/track/4UJih0aZ8YcQm4CIErba45,love
4apmtrZ0jOe4AqT3dByOCH,Say Na Say Na,"Aneela Mirza, Robert Uhlmarash, Johan Bejerholm",Bluff Master (Original Motion Picture Soundtrack),1963-12-01,45,197240,https://open.spotify.com/track/4apmtrZ0jOe4AqT3dByOCH,love
23Dpwemmuf6nYSzR9sUJ9M,Tooh,"Vishal-Shekhar, Mika Singh, Mamta Sharma",Tooh,2013-11-01,40,260693,https://open.spotify.com/track/23Dpwemmuf6nYSzR9sUJ9M,love
4gbf8jU6BS5G8ZlLxH62Gb,Choodiyan,"Tanishk Bagchi, Dev Negi, Asees Kaur",Choodiyan,2019,23,176373,https://open.spotify.com/track/4gbf8jU6BS5G8ZlLxH62Gb,love
0pBOqcLzXsmmjjGgcu1KDV,Sun Mere Mahiya,"Aima Baig, Rahill Mirza",Sun Mere Mahiya,2025-09-06,26,301295,https://open.spotify.com/track/0pBOqcLzXsmmjjGgcu1KDV,love
4cQxBfdD5nNJaLcPIY3EcK,"Dil Chori (From ""Sonu Ke Titu Ki Sweety"")","Yo Yo Honey Singh, Simar Kaur, Ishers, Anand Raj Anand","Dil Chori (From ""Sonu Ke Titu Ki Sweety"")",2017-12-26,66,226696,https://open.spotify.com/track/4cQxBfdD5nNJaLcPIY3EcK,love
0otRX6Z89qKkHkQ9OqJpKt,Car's Outside,James Arthur,YOU,2019-10-18,84,249152,https://open.spotify.com/track/0otRX6Z89qKkHkQ9OqJpKt,love
3TfDUStpnEVIlsNlgcKQgJ,die first,Nessa Barrett,young forever,2022-10-14,68,177108,https://open.spotify.com/track/3TfDUStpnEVIlsNlgcKQgJ,love
72VBmMUTEVWFcDUVgMbqo0,Atlantis - Sped Up Version,"Seafret, sped up + slowed",Atlantis,2016-01-29,63,212443,https://open.spotify.com/track/72VBmMUTEVWFcDUVgMbqo0,love
1MkvOuWOCDTkGE8CtobmHI,Somewhere Only We Know - Sped Up,DJ Tec,Somewhere Only We Know,2022-11-28,56,177259,https://open.spotify.com/track/1MkvOuWOCDTkGE8CtobmHI,love
2IVsRhKrx8hlQBOWy4qebo,Mr. Loverman,Ricky Montgomery,Montgomery Ricky,2016-04-08,80,216880,https://open.spotify.com/track/2IVsRhKrx8hlQBOWy4qebo,love
2TktkzfozZifbQhXjT6I33,Evergreen (You Didn’t Deserve Me At All),Omar Apollo,Ivory,2022-04-08,75,216680,https://open.spotify.com/track/2TktkzfozZifbQhXjT6I33,love
4K9fCsfAZmLogvDKKIRgCa,Tek It,Cafuné,Tek It (I Watch the Moon),2019,71,191823,https://open.spotify.com/track/4K9fCsfAZmLogvDKKIRgCa,love
5NvOZCjZaGGGL597exlQWv,Line Without a Hook,Ricky Montgomery,Montgomery Ricky,2016-04-08,80,249586,https://open.spotify.com/track/5NvOZCjZaGGGL597exlQWv,love
4GuZMzKXJSoWhwHUqRa0fm,Numbers,TEMPOREX,Numbers,2017-05-16,65,127972,https://open.spotify.com/track/4GuZMzKXJSoWhwHUqRa0fm,love
1aXV8GrmQLvgoFtBPERP7E,Jealous,Eyedress,Jealous,2019-12-06,77,122338,https://open.spotify.com/track/1aXV8GrmQLvgoFtBPERP7E,love
3EGW6TGGbdk6Ys1Y3HU3lj,Training Wheels,Melanie Martinez,Cry Baby (Deluxe Edition),2015-08-14,67,205680,https://open.spotify.com/track/3EGW6TGGbdk6Ys1Y3HU3lj,love
45ROR8UMn60YEVQnDy0uVF,Juliet,Cavetown,Animal Kingdom,2019-04-12,71,278991,https://open.spotify.com/track/45ROR8UMn60YEVQnDy0uVF,love
4p9iQNEmsIGkB6eG8Val8n,Mary,Alex G,Trick,2012-11-05,70,197733,https://open.spotify.com/track/4p9iQNEmsIGkB6eG8Val8n,love
6A2itXgDf96XHp9qR6oyPN,Meteor Shower,Cavetown,Cavetown,2015-11-09,64,265010,https://open.spotify.com/track/6A2itXgDf96XHp9qR6oyPN,love
2AYEOC02WLhUiOoaig2SEH,Out of My League,Fitz and The Tantrums,More Than Just a Dream (Deluxe Edition),2013-05-07,77,209386,https://open.spotify.com/track/2AYEOC02WLhUiOoaig2SEH,love
32hgSNkGpRITQE6Wp5LVKf,I Will Always Choose You,Brxken Heart,Dark Day,2020-01-28,36,164179,https://open.spotify.com/track/32hgSNkGpRITQE6Wp5LVKf,love
1w3azB0VuRFp79AduIwrIy,P.S. I LOVE YOU,Paul Partohap,P.S. I LOVE YOU,2022-06-15,2,240903,https://open.spotify.com/track/1w3azB0VuRFp79AduIwrIy,love
5K9tfeoiztw94dyWzF39jq,moment,Vierre Cloud,moment,2019-12-19,68,129543,https://open.spotify.com/track/5K9tfeoiztw94dyWzF39jq,love
2JAiwcWRLIRI4uiroJ86U7,Fall in Love with You.,Montell Fish,Fall in Love with You.,2021-11-05,62,132000,https://open.spotify.com/track/2JAiwcWRLIRI4uiroJ86U7,love
5VYBergVrUDcb8QyEg70cF,Keep on Loving You,Cigarettes After Sex,Affection,2015-01-01,3,233010,https://open.spotify.com/track/5VYBergVrUDcb8QyEg70cF,love
5l6hpyTGBK0LAAxgPnqTQL,Look After You,The Fray,How To Save A Life,2005-09-13,82,266773,https://open.spotify.com/track/5l6hpyTGBK0LAAxgPnqTQL,love
0SpkyS1Q4MD8GaVcP5YjT4,Sunsetz,Cigarettes After Sex,Cigarettes After Sex,2017-06-09,10,215150,https://open.spotify.com/track/0SpkyS1Q4MD8GaVcP5YjT4,love
1FWsomP9StpCcXNWmJk8Cl,K.,Cigarettes After Sex,Cigarettes After Sex,2017-06-09,10,320030,https://open.spotify.com/track/1FWsomP9StpCcXNWmJk8Cl,love
0f8eRy9A0n6zXpKSHSCAEp,Infrunami,Steve Lacy,The Lo-Fis,2020-12-04,81,178328,https://open.spotify.com/track/0f8eRy9A0n6zXpKSHSCAEp,love
3HQcsqRjRdruUjkbDSgmVF,Woo,Rihanna,ANTI (Deluxe),2016-01-28,74,235586,https://open.spotify.com/track/3HQcsqRjRdruUjkbDSgmVF,love
6ilc4vQcwMPlvAHFfsTGng,Sweet,Cigarettes After Sex,Cigarettes After Sex,2017-06-09,9,292110,https://open.spotify.com/track/6ilc4vQcwMPlvAHFfsTGng,love
7zwn1eykZtZ5LODrf7c0tS,You Get Me So High,The Neighbourhood,Hard To Imagine The Neighbourhood Ever Changing,2018-11-02,81,153000,https://open.spotify.com/track/7zwn1eykZtZ5LODrf7c0tS,love
0YVh3SyU4dS7jOWIFQ1tTf,LET THE WORLD BURN,Chris Grey,THE CASTLE NEVER FALLS,2024-10-18,78,163290,https://open.spotify.com/track/0YVh3SyU4dS7jOWIFQ1tTf,love
3QntMmPocNqnLoUGbVG5Jp,Do Ya Like X Resonance,noturgf,Do Ya Like X Resonance,2022-12-24,65,219937,https://open.spotify.com/track/3QntMmPocNqnLoUGbVG5Jp,love
0j3mqDTK4Z6lvrLzFCUUz6,Good Looking,Suki Waterhouse,Good Looking,2022-08-18,67,214800,https://open.spotify.com/track/0j3mqDTK4Z6lvrLzFCUUz6,love
1312ZAYpw7aeRQ8GMkbJux,want u,noevdv,want u,2023-03-11,72,101440,https://open.spotify.com/track/1312ZAYpw7aeRQ8GMkbJux,love
5rc7178sa2YRDlBFBHY0e8,Stephanie,Nafeesisboujee,Stephanie,2023-09-15,81,126969,https://open.spotify.com/track/5rc7178sa2YRDlBFBHY0e8,love
02RJmcMqkQqbU1WamaJNid,Lobster,RJ Pasin,Lobster,2024-06-02,70,116869,https://open.spotify.com/track/02RJmcMqkQqbU1WamaJNid,love
5TTGoX70AFrTvuEtqHK37S,No. 1 Party Anthem,Arctic Monkeys,AM,2013-09-09,86,243131,https://open.spotify.com/track/5TTGoX70AFrTvuEtqHK37S,love
5PxQhGYkbGXzjOLaUfAYMf,Fly Away From Here,Aerosmith,Just Push Play,2001-03-05,61,302151,https://open.spotify.com/track/5PxQhGYkbGXzjOLaUfAYMf,love
5WSsTyBvMEFG3ac6JKb9gY,Wind of Change,Scorpions,Comeblack,2011-11-07,58,308866,https://open.spotify.com/track/5WSsTyBvMEFG3ac6JKb9gY,love
0JgDzxPx6ue5NGysiDz2uj,I'll Leave It Up To You,Mr. Big,Deep Cuts: The Best Of The Ballads,2000-11-28,37,198840,https://open.spotify.com/track/0JgDzxPx6ue5NGysiDz2uj,love
7zqsQHbyEmcCDjMiIthQzv,Love Song,Tesla,ドライブが楽しくなる洋楽ヒッツ！80年代 METAL,2023-06-29,33,322200,https://open.spotify.com/track/7zqsQHbyEmcCDjMiIthQzv,love
0ZVVaj7xLZAavrQLkenPYG,Honestly (Re-Recorded),Stryper,"101 '80s Hits - New Wave, Old School Hip Hop, Hair Metal, Pop & Rock",2010-11-01,32,237506,https://open.spotify.com/track/0ZVVaj7xLZAavrQLkenPYG,love
3v9fqbZ6CYm96bqDzD1R3k,Every Rose Has Its Thorn,Poison,Classic Power Ballads,2017-10-13,35,259213,https://open.spotify.com/track/3v9fqbZ6CYm96bqDzD1R3k,love
78PKCefXwDLbl4FVO1Pjzh,Dreamer,Ozzy Osbourne,Down To Earth,2001-10-16,71,284906,https://open.spotify.com/track/78PKCefXwDLbl4FVO1Pjzh,love
2fEWmr3cr5A00CFd6NaKNP,You Don't Have to Be Strong,Mr. Big,Deep Cuts: The Best Of The Ballads,2000-11-28,35,306560,https://open.spotify.com/track/2fEWmr3cr5A00CFd6NaKNP,love
74lX87wHq9trTZRMUQUc27,The Ballad of Jayne,L.A. Guns,Greatest Hits,2012-05-01,31,317866,https://open.spotify.com/track/74lX87wHq9trTZRMUQUc27,love
0p4nkylTjV81uRtzKNsSvo,Wild World,Mr. Big,Greatest Hits,2004-08-04,36,209600,https://open.spotify.com/track/0p4nkylTjV81uRtzKNsSvo,love
7p3kYcLyvmJjjagMCOLspL,Big Shot,James Bruner,Big Shot,2025-09-26,52,291620,https://open.spotify.com/track/7p3kYcLyvmJjjagMCOLspL,love
1pKWaPUfRvYuiPvCjS3nTk,Forever,KISS,Sad Rock Timeless Hits,2023-11-01,31,229600,https://open.spotify.com/track/1pKWaPUfRvYuiPvCjS3nTk,love
1kvq7ksGQWSyRysYYNd6lu,Home Sweet Home,Mötley Crüe,Theatre of Pain (Deluxe Version),1985-06-21,71,239666,https://open.spotify.com/track/1kvq7ksGQWSyRysYYNd6lu,love
2exZDvIQ0f6jxiazDRjK1u,Zombie,Last Call,On Tap,2025-03-05,48,151021,https://open.spotify.com/track/2exZDvIQ0f6jxiazDRjK1u,love
7MvH3ZyA1l72z3XiTFUIEH,Goin' Where the Wind Blows,Mr. Big,Hey Man [Expanded],1996-03-12,44,259200,https://open.spotify.com/track/7MvH3ZyA1l72z3XiTFUIEH,love
1j06ieEC2BOCM0fTmYhn2l,Alone Again,Dokken,Tooth and Nail,1984-09-11,0,262200,https://open.spotify.com/track/1j06ieEC2BOCM0fTmYhn2l,love
1ZyNQbYiu2RKl4k1mw1abl,Firebird,Jason Werkman,Firebird,2025-10-10,49,156951,https://open.spotify.com/track/1ZyNQbYiu2RKl4k1mw1abl,love
67f3uU7dsGmrJZLzAQ5PiJ,Don't Know What You Got (Till It's Gone),Cinderella,All My Love,2021-01-29,28,354933,https://open.spotify.com/track/67f3uU7dsGmrJZLzAQ5PiJ,love
4JuBGuAOso3H2d630obhMM,Send Me An Angel,Scorpions,Romantic Rock Mix,2023-09-08,34,274173,https://open.spotify.com/track/4JuBGuAOso3H2d630obhMM,love
4JVgIFgTrlQ2XMWasExsLj,Creep,Last Call,On Tap,2025-03-05,59,151250,https://open.spotify.com/track/4JVgIFgTrlQ2XMWasExsLj,love
1iewxUncPTUDgWZ90PGtrW,To Be With You,Mr. Big,Greatest Hits,2004-08-04,48,206973,https://open.spotify.com/track/1iewxUncPTUDgWZ90PGtrW,love
0hrdSZEcjqnNZhoBhcpb0i,Can't Stop Lovin' You - 2004 Remaster,Van Halen,The Very Best of Van Halen (UK Release),2007-05-14,35,248200,https://open.spotify.com/track/0hrdSZEcjqnNZhoBhcpb0i,love
0wnzuUwUlbnCKixvp9aJZT,Going Home: Theme Of The Local Hero,Mark Knopfler,Music From Local Hero,1983-03-01,56,298666,https://open.spotify.com/track/0wnzuUwUlbnCKixvp9aJZT,love
1Og8U5KRel9D51h4bmznlE,With Or Without You,U2,The Best Of 1980 - 1990,1998-11-02,59,295200,https://open.spotify.com/track/1Og8U5KRel9D51h4bmznlE,love
4yWl0tnEanf3zmZzl9kbQn,Forever Young - Slow Version,Bob Dylan,Planet Waves,1974-01-17,52,296133,https://open.spotify.com/track/4yWl0tnEanf3zmZzl9kbQn,love
3mktc7bh0ZNru5kKN0igDR,Hallelujah,Jeff Buckley,Vintage Christmas Classics,2023-06-13,27,413813,https://open.spotify.com/track/3mktc7bh0ZNru5kKN0igDR,love
0qZGM10IvZc3W0oPYaoehG,Sweet Disposition,October Surprise,"Legends, Revisted",2025-03-05,53,128044,https://open.spotify.com/track/0qZGM10IvZc3W0oPYaoehG,love
0rt4JWmXgrZnpcEblBJeLn,Wanted Dead Or Alive,Bon Jovi,Classic Power Ballads,2017-10-13,29,307531,https://open.spotify.com/track/0rt4JWmXgrZnpcEblBJeLn,love
2zBirMmlQAIzHGLEfWkYT9,One,U2,U218 Singles (Deluxe Version),2006-01-01,31,275400,https://open.spotify.com/track/2zBirMmlQAIzHGLEfWkYT9,love
7pKfPomDEeI4TPT6EOYjn9,Imagine - Remastered 2010,John Lennon,Imagine,1971-09-09,78,187866,https://open.spotify.com/track/7pKfPomDEeI4TPT6EOYjn9,love
5MWfGxvRpRrcOw21rqoJUP,Bed Of Roses,Bon Jovi,Cross Road,1994-10-18,49,394600,https://open.spotify.com/track/5MWfGxvRpRrcOw21rqoJUP,love
1GOncxecAOZyg8kCqAfJEc,Free Bird,Lynyrd Skynyrd,Rock Clásico y Viejito,2023-08-18,28,549640,https://open.spotify.com/track/1GOncxecAOZyg8kCqAfJEc,love
7azbHsVD5dU3GV56l9WOhy,Don't Stop Believin',Cover Charge,Yearning,2025-07-16,45,198047,https://open.spotify.com/track/7azbHsVD5dU3GV56l9WOhy,love
0ZLBD6hHGN9LYOtNlu2n8e,This Ain't A Love Song,Bon Jovi,These Days,1995-06-27,64,306240,https://open.spotify.com/track/0ZLBD6hHGN9LYOtNlu2n8e,love
17hIadJpBRgM6A6mTTDkfO,Just Take My Heart,Mr. Big,Deep Cuts: The Best Of The Ballads,2000-11-28,27,227426,https://open.spotify.com/track/17hIadJpBRgM6A6mTTDkfO,love
40riOy7x9W7GXjyGp4pjAv,Hotel California - 2013 Remaster,Eagles,Hotel California (2013 Remaster),1976-12-08,84,391376,https://open.spotify.com/track/40riOy7x9W7GXjyGp4pjAv,love
3kE5ToakSPiv7BdeCuyLDc,When We Were Beautiful,Bon Jovi,The Circle,2009-01-01,42,318093,https://open.spotify.com/track/3kE5ToakSPiv7BdeCuyLDc,love
2TjnCxxQRYn56Ye8gkUKiW,Desperado - 2013 Remaster,Eagles,Desperado (2013 Remaster),1973-04-17,66,213712,https://open.spotify.com/track/2TjnCxxQRYn56Ye8gkUKiW,love
3NVPQraWqz97L8At64mdSh,Losing My Religion,Cover Charge,Yearning,2025-07-16,45,148524,https://open.spotify.com/track/3NVPQraWqz97L8At64mdSh,love
76E0QcBrJSXr9wzAA8Xzgi,Yesterday,The Beatles Greatest Hits Performed By The Frank Berman Band,The Beatles Greatest Hits Performed By The Frank Berman Band,2010-11-29,36,133375,https://open.spotify.com/track/76E0QcBrJSXr9wzAA8Xzgi,love
6z4VNjyxLfRXRx23gzl51x,Parisienne Walkways,"Gary Moore, Phil Lynott",Back On The Streets (Expanded Edition),1978,60,200640,https://open.spotify.com/track/6z4VNjyxLfRXRx23gzl51x,love
6FzbGxGFPV6hsMltMRWLZx,Everybody Hurts,R.E.M.,90s Best Of,2020-06-26,0,318800,https://open.spotify.com/track/6FzbGxGFPV6hsMltMRWLZx,love
1kgdslQYmeTR4thk9whoRw,Tears in Heaven,Eric Clapton,Rush (Music from the Motion Picture Soundtrack),1992-01-10,73,271760,https://open.spotify.com/track/1kgdslQYmeTR4thk9whoRw,love
5zCSOKPWHWWXS43JPmeFOm,Bittersweet Symphony,Cover Charge,Yearning,2025-07-16,47,143971,https://open.spotify.com/track/5zCSOKPWHWWXS43JPmeFOm,love
1OEoNpiyqBghuEUaT6Je6U,Patience,Guns N' Roses,Appetite For Destruction (Super Deluxe Edition),1987-07-21,75,354880,https://open.spotify.com/track/1OEoNpiyqBghuEUaT6Je6U,love
2N2yrmodOnVF10mKvItC9P,Don't Cry (Original),Guns N' Roses,Use Your Illusion I,1991-09-17,80,283733,https://open.spotify.com/track/2N2yrmodOnVF10mKvItC9P,love
1bW8BSq6vmcHuy9eqgKgaS,Knockin' On Heaven's Door,Bob Dylan,L'été au calme : Chill 2022 hits,2022-07-02,26,150026,https://open.spotify.com/track/1bW8BSq6vmcHuy9eqgKgaS,love
60a5c4dDARPsksClcom0OD,Amazing,Aerosmith,Get A Grip,1993-01-01,68,355915,https://open.spotify.com/track/60a5c4dDARPsksClcom0OD,love
4bOuKePyMuHZDxtDHdmiql,Alone,Heart,Valentines Day 2023,2023-06-30,0,218733,https://open.spotify.com/track/4bOuKePyMuHZDxtDHdmiql,love
4gpext9x0CbdD9NWaa4nDj,Amanda,Boston,Third Stage,1986-01-01,64,256200,https://open.spotify.com/track/4gpext9x0CbdD9NWaa4nDj,love
1h72WejEVPRyl30PXizvEP,Angie - Remastered,The Rolling Stones,Rock Ballads (The Greatest Rock and Power Ballads of the 70s 80s 90s 00s 10s 20s),2023-09-26,25,272386,https://open.spotify.com/track/1h72WejEVPRyl30PXizvEP,love
4ZQ0JkbClEmtJi3cDs5UUi,Can'tcha Say (You Believe In Me) / Still In Love,Boston,Third Stage,1986-01-01,25,312840,https://open.spotify.com/track/4ZQ0JkbClEmtJi3cDs5UUi,love
70LcF31zb1H0PyJoS1Sx1r,Creep,Radiohead,Pablo Honey,1993-02-22,91,238640,https://open.spotify.com/track/70LcF31zb1H0PyJoS1Sx1r,love
7uRQdPmDfVhp9lUUDFmqtB,Hey Jude,The Beatles Greatest Hits Performed By The Frank Berman Band,The Beatles Greatest Hits Performed By The Frank Berman Band,2010-11-29,28,297540,https://open.spotify.com/track/7uRQdPmDfVhp9lUUDFmqtB,love
2OWKsyrgUINadOG21dR0Fh,Life Goes On - 2003 Remaster,Poison,Flesh & Blood,1990,50,287533,https://open.spotify.com/track/2OWKsyrgUINadOG21dR0Fh,love
0S3gpZzlT9Hb7CCSV2owX7,"Mama, I'm Coming Home",Ozzy Osbourne,No More Tears (Expanded Edition),1991-09-17,76,251866,https://open.spotify.com/track/0S3gpZzlT9Hb7CCSV2owX7,love
4thoaEcye9jA1psYBtMB5a,More Than a Feeling,Boston,Rock Clássico,2019-03-29,0,282960,https://open.spotify.com/track/4thoaEcye9jA1psYBtMB5a,love
3onHM3etsRdtbTS7cgwkNb,Reason To Live,KISS,Crazy Nights,1987-09-18,52,240266,https://open.spotify.com/track/3onHM3etsRdtbTS7cgwkNb,love
6sbE8RyxI6oj54IijF6dLE,Scar Tissue,Red Hot Chili Peppers,Greatest Hits,2003-11-18,49,215906,https://open.spotify.com/track/6sbE8RyxI6oj54IijF6dLE,love
0cNYkbxSTECMfrPyoqkjfp,Simple Man,Lynyrd Skynyrd,All Time Greatest Hits,2000-03-14,42,356573,https://open.spotify.com/track/0cNYkbxSTECMfrPyoqkjfp,love
0W1uTK6I97CbjFKAVtRGfK,Too Much Love Will Kill You - Remastered 2011,Queen,Made In Heaven (2011 Remaster),1995-11-06,63,259213,https://open.spotify.com/track/0W1uTK6I97CbjFKAVtRGfK,love
1a6VLZ3BplAosOWmCcFDAW,What It Takes,Aerosmith,20th Century Masters: The Millennium Collection: The Best Of Aerosmith,2007-01-01,33,311773,https://open.spotify.com/track/1a6VLZ3BplAosOWmCcFDAW,love
2rxePraWVAXyZRHVW1ICss,When It's Love,Van Halen,OU812,1988-05-15,61,339840,https://open.spotify.com/track/2rxePraWVAXyZRHVW1ICss,love
2jf9hlrkAObovjtProCHgT,(Everything I Do) I Do It For You,Bryan Adams,90s Summer,2021-05-07,0,394133,https://open.spotify.com/track/2jf9hlrkAObovjtProCHgT,love
577MNC3o3L0lNIzx9abqOk,Thank You For Loving Me,Bon Jovi,Crush,2000-01-01,65,308933,https://open.spotify.com/track/577MNC3o3L0lNIzx9abqOk,love
4lbG4mT5JStFt6VImJV0vh,The Scientist,Coldplay,Musica Soft per Smart Working,2023-07-21,28,309600,https://open.spotify.com/track/4lbG4mT5JStFt6VImJV0vh,love
1iFIZUVDBCCkWe705FLXto,Dosed,Red Hot Chili Peppers,By the Way (Deluxe Edition),2002-07-09,70,311866,https://open.spotify.com/track/1iFIZUVDBCCkWe705FLXto,love
6Y6PyrYbQPXmtFMnyXEuPI,Dust In The Wind,Kansas,Woodstock Generation,2009-07-23,27,205400,https://open.spotify.com/track/6Y6PyrYbQPXmtFMnyXEuPI,love
4YwR2G26Pp5jNUX3gN3EIP,When Love And Hate Collide,Def Leppard,The Story So Far: The Best Of Def Leppard,2018-11-30,62,256866,https://open.spotify.com/track/4YwR2G26Pp5jNUX3gN3EIP,love
0RW2GdRcn5qTrZPhXQLqML,Still In Love With You,Thin Lizzy,Nightlife (Deluxe Edition),1974,43,340040,https://open.spotify.com/track/0RW2GdRcn5qTrZPhXQLqML,love
52CpKq09rBRJOxwmx1sEXo,You Do Something To Me,Paul Weller,I Give It A Year (Original Soundtrack),2013-01-01,22,215026,https://open.spotify.com/track/52CpKq09rBRJOxwmx1sEXo,love
1mdlNDjI26EaMUNA1Ti9Xy,Something To Believe In - 2003 Remaster,Poison,The Best Of - 20 Years Of Rock,2006-01-01,37,330266,https://open.spotify.com/track/1mdlNDjI26EaMUNA1Ti9Xy,love
2ygXPctQz2DlDqKONcPGDE,No Stranger to Love (2009 Remaster),Black Sabbath,Seventh Star,1986-01-28,44,269453,https://open.spotify.com/track/2ygXPctQz2DlDqKONcPGDE,love
44iFQNDCVfv2WHPdn7Wy1R,Goodbye to Romance,Ozzy Osbourne,Blizzard Of Ozz (40th Anniversary Expanded Edition),2020-09-18,54,335872,https://open.spotify.com/track/44iFQNDCVfv2WHPdn7Wy1R,love
0s4oyRzaYgi8L1djUKlpXl,I Don't Want to Live Without You - 2008 Remaster,Foreigner,No End in Sight: The Very Best of Foreigner,2008-07-08,36,237466,https://open.spotify.com/track/0s4oyRzaYgi8L1djUKlpXl,love
4UqBWgvOSMT8XzttEQEiVU,The Actor - 1996 Remaster,Michael Learns To Rock,For Fuld Musik,2009-07-10,20,279640,https://open.spotify.com/track/4UqBWgvOSMT8XzttEQEiVU,love
5Yp3e8RcjYevBTZYJ7OD7s,Europa (Earth's Cry Heaven's Smile),Santana,Ultimate Santana,2007-09-25,54,305946,https://open.spotify.com/track/5Yp3e8RcjYevBTZYJ7OD7s,love
41tTCXOzxSWAoVrfeIIh8x,Wonderwall,Oasis,Time Flies...1994-2009,2010-06-14,58,259959,https://open.spotify.com/track/41tTCXOzxSWAoVrfeIIh8x,love
39HGBiY1Q2jMqDP1eY30V4,The Drugs Don't Work - Remastered 2004,The Verve,This Is Music: The Singles 92-98,2004-01-01,33,305760,https://open.spotify.com/track/39HGBiY1Q2jMqDP1eY30V4,love
47dJl5fepRUY6d4kcrgfd8,Leader of the Band / Washington Post March,Dan Fogelberg,The Essential Dan Fogelberg,2014-04-04,28,288786,https://open.spotify.com/track/47dJl5fepRUY6d4kcrgfd8,love
2nU1cyrG92p8h99g3Gykwz,Father And Son,Yusuf / Cat Stevens,The Very Best Of Cat Stevens,2000-01-01,30,220333,https://open.spotify.com/track/2nU1cyrG92p8h99g3Gykwz,love
2DPMECcSj0utOP1VLBU7sF,Streets of Philadelphia - Single Edit,Bruce Springsteen,The Essential Bruce Springsteen,2015-10-16,40,195066,https://open.spotify.com/track/2DPMECcSj0utOP1VLBU7sF,love
0BqIASAFnFG7GBfxmBebMG,What Love Can Be,Kingdom Come,Get It On: 1988-1991 - Classic Album Collection,2019-05-24,38,314160,https://open.spotify.com/track/0BqIASAFnFG7GBfxmBebMG,love
0eKqTkIKqgU10d0lelVKvh,Save Your Love,Great White,80s Monster Ballads,2008-10-01,29,278040,https://open.spotify.com/track/0eKqTkIKqgU10d0lelVKvh,love
7HrzErXq3TsKOY1gmdIShB,The River,Bruce Springsteen,The River,1980-10-17,67,301546,https://open.spotify.com/track/7HrzErXq3TsKOY1gmdIShB,love
5D70st7X9fpm7f90RQZXzU,Help,John Farnham,The Essential 3.0,2009-08-20,36,264480,https://open.spotify.com/track/5D70st7X9fpm7f90RQZXzU,love
7wBZFQpwcTmHJdbKFK98HN,Africa,TOTO,Soirée d'été : Summer Hits Mix 2022,2022-07-02,24,295293,https://open.spotify.com/track/7wBZFQpwcTmHJdbKFK98HN,love
3Y1F4btGQxxMZhlBYaLR4N,I Want to Know What Love Is,Foreigner,Superventas 80s,2019-02-22,29,301106,https://open.spotify.com/track/3Y1F4btGQxxMZhlBYaLR4N,love
3vKUEeLm2P5AyhoHGjuv3W,More Than Words,Extreme,90s Best Of,2020-06-26,0,337828,https://open.spotify.com/track/3vKUEeLm2P5AyhoHGjuv3W,love
41F3mQ3gbO0RuxDYbLRZT8,I Remember You,Skid Row,Romantic Rock Ballads,2021-02-26,22,314026,https://open.spotify.com/track/41F3mQ3gbO0RuxDYbLRZT8,love
6hTuVtV3OIaNwJjxmrFnDq,You're All I Need,White Lion,Anthology: '83 - '89,2006-06-20,25,251266,https://open.spotify.com/track/6hTuVtV3OIaNwJjxmrFnDq,love
4PkChewe4pgNspJ2vxOxxl,Feel Like Makin' Love,Bad Company,70's Soft Rock Essentials,2016-11-11,23,314093,https://open.spotify.com/track/4PkChewe4pgNspJ2vxOxxl,love
1EB3Z38oKDKVp4K2yEO2dl,More Than Words Can Say,Alias,Alias,1990-01-01,55,234196,https://open.spotify.com/track/1EB3Z38oKDKVp4K2yEO2dl,love
7uRcUUmZpU4YVZFNVZnyXd,Soldier of Fortune,Deep Purple,The Platinum Collection,2005-06-17,0,195160,https://open.spotify.com/track/7uRcUUmZpU4YVZFNVZnyXd,love
1cPXOzyeZauSAsT1yy7aBp,Beth,KISS,Destroyer,1976-03-15,57,165666,https://open.spotify.com/track/1cPXOzyeZauSAsT1yy7aBp,love
1m2INxep6LfNa25OEg5jZl,Open Arms,Journey,The Essential Journey,2001-10-16,52,198666,https://open.spotify.com/track/1m2INxep6LfNa25OEg5jZl,love
3CO19cTl5zzlWx9GWEpOhD,I Will Be Here For You,Michael W. Smith,Change Your World,1992,53,273773,https://open.spotify.com/track/3CO19cTl5zzlWx9GWEpOhD,love
1GXIpIIapshBiLSp4P805j,Wonderful Tonight,Eric Clapton,First Dance Wedding Songs,2020-06-26,0,222626,https://open.spotify.com/track/1GXIpIIapshBiLSp4P805j,love
5DnT9a5IM3eMjKgXTWVJvi,Have You Ever Seen The Rain,Creedence Clearwater Revival,Pendulum,1970-12-07,67,160333,https://open.spotify.com/track/5DnT9a5IM3eMjKgXTWVJvi,love
5eaK7PLGwyDXmHfTdWZZuE,Straight From The Heart,Bryan Adams,Cuts Like A Knife,1983-01-18,69,211933,https://open.spotify.com/track/5eaK7PLGwyDXmHfTdWZZuE,love
0NNep3grWO95CVGp04gMM4,"Always with Me, Always with You",Joe Satriani,Surfing With The Alien,1987,51,202533,https://open.spotify.com/track/0NNep3grWO95CVGp04gMM4,love
1xGkvw8sTnDujVFcMN6zvc,All I Can Do Is Write About It,Lynyrd Skynyrd,Gimme Back My Bullets (Expanded Edition),1976,52,256532,https://open.spotify.com/track/1xGkvw8sTnDujVFcMN6zvc,love
71Eh6i00glqWtk1rSoo7Bw,Something to Say,Harem Scarem,Harem Scarem,1991-08-20,47,285893,https://open.spotify.com/track/71Eh6i00glqWtk1rSoo7Bw,love
1yJWqYYDQge60nZKdLyiZU,When I Look Into Your Eyes,Firehouse,Hold Your Fire,1992-03-31,64,239866,https://open.spotify.com/track/1yJWqYYDQge60nZKdLyiZU,love
56cvxCKCZoP5B11xxeuSXZ,Almost Paradise (feat. Ann Wilson),"Mike Reno, Ann Wilson",Greatest Hits - The Real Thing,2009-04-07,0,229000,https://open.spotify.com/track/56cvxCKCZoP5B11xxeuSXZ,love
1mQ4xqAs3p2Q1WMhdYzD3y,Glory of Love,Peter Cetera,80's UK Hits,2021-02-05,22,258333,https://open.spotify.com/track/1mQ4xqAs3p2Q1WMhdYzD3y,love
7wakVX364kj3RxBEROHgDN,Now And Forever,Richard Marx,西洋永恆情歌 Forever Love Songs,2021-10-29,0,213681,https://open.spotify.com/track/7wakVX364kj3RxBEROHgDN,love
5NTcpy7nmcXbPrbxZ0cc60,I'll Be,Edwin McCain,Rhino Hi-Five: Singers-Songwriters: The '90s,2006-04-18,33,266533,https://open.spotify.com/track/5NTcpy7nmcXbPrbxZ0cc60,love
4n3WOb4AvjLgGPz39gzsYI,Is This Love - 2003 Remaster,Whitesnake,Best of Whitesnake,2003-03-24,44,281400,https://open.spotify.com/track/4n3WOb4AvjLgGPz39gzsYI,love
4LRz4lh80Tn5GtZvztJYSJ,Till Death Do Us Part,"White Lion, Mike Tramp",Remembering White Lion: Greatest Hits,1999-01-05,23,225706,https://open.spotify.com/track/4LRz4lh80Tn5GtZvztJYSJ,love
4iZKamIcoFKiPO2URL3UJO,I'd Do Anything For Love (But I Won't Do That),Meat Loaf,Virgin Records: 40 Years Of Disruptions,2013-01-01,46,324600,https://open.spotify.com/track/4iZKamIcoFKiPO2URL3UJO,love
2dM9QL8wU1tR2PWKjwKHW4,Carry on Wayward Son,Kansas,Mullets Rock!,2003-03-10,23,322600,https://open.spotify.com/track/2dM9QL8wU1tR2PWKjwKHW4,love
1Fu3vJJwVKY7c7JnTX3Mvi,Cryin',Vixen,Vixen,1988-01-01,45,211906,https://open.spotify.com/track/1Fu3vJJwVKY7c7JnTX3Mvi,love
6mVJRgyXJ3eAy6EViECJyW,Burning Heart,Vandenberg,Vandenberg,1982,45,250693,https://open.spotify.com/track/6mVJRgyXJ3eAy6EViECJyW,love
5Knohtj8UsTpFZsTCkMZWx,At My Most Beautiful,R.E.M.,Up,1998-10-27,46,215200,https://open.spotify.com/track/5Knohtj8UsTpFZsTCkMZWx,love
4EG6GDujFbfS1fye0b1OnM,25 Minutes,Michael Learns To Rock,For Fuld Musik,2009-07-10,32,260959,https://open.spotify.com/track/4EG6GDujFbfS1fye0b1OnM,love
2BjvbCwtueWDGi0QKgT3yy,Come Back To What You Know,Embrace,The Good Will Out,1998-01-01,46,250573,https://open.spotify.com/track/2BjvbCwtueWDGi0QKgT3yy,love
7EHmKkyAr6MZv5Y2FdZbXw,Lights,Journey,Infinity,1978,65,190333,https://open.spotify.com/track/7EHmKkyAr6MZv5Y2FdZbXw,love
08ZqUEXuHrG12wYbaBaQYQ,Where Are You Now,Nazareth,The Anthology,2009-07-13,28,235546,https://open.spotify.com/track/08ZqUEXuHrG12wYbaBaQYQ,love
5KwYd278TmyAkLs686tsyw,Stranded,Heart,Brigade,1990-03-25,48,238826,https://open.spotify.com/track/5KwYd278TmyAkLs686tsyw,love
2PFIZFcGry0po3ZfRZkzKc,Hysteria,Def Leppard,Hysteria,1987-08-03,74,354636,https://open.spotify.com/track/2PFIZFcGry0po3ZfRZkzKc,love
2M0REX1tSFMe3VgEzlBCnj,With A Little Help From My Friends,Joe Cocker,Solo Divos Volumen 1,2023-11-03,0,313173,https://open.spotify.com/track/2M0REX1tSFMe3VgEzlBCnj,love
0ZF6DoexCNgCx1Jpo6YBni,Walking in Memphis,Marc Cohn,Driving USA,2023-06-15,0,252613,https://open.spotify.com/track/0ZF6DoexCNgCx1Jpo6YBni,love
6wHrCCOytZ6TwOuK4Jz5yY,Hazard,Richard Marx,Songs For The Heart Broken,2020-12-16,0,316733,https://open.spotify.com/track/6wHrCCOytZ6TwOuK4Jz5yY,love
2n4DrJbPr6Iq6m7kN7QapQ,Sister Christian,Night Ranger,80s Power Ballads,2007-04-01,21,319546,https://open.spotify.com/track/2n4DrJbPr6Iq6m7kN7QapQ,love
3yP553KE83Ubbw33nvwE4u,Song For Love,Extreme,Extreme II - Pornograffitti,1990-01-01,34,355600,https://open.spotify.com/track/3yP553KE83Ubbw33nvwE4u,love
2ciMJGCDW70hqq18Vgui68,Who'll Stop The Rain,Creedence Clearwater Revival,Cosmo's Factory,1970-07-24,69,147279,https://open.spotify.com/track/2ciMJGCDW70hqq18Vgui68,love
23KhPfX1omMxmfw4TjvfAq,Forever,Kenny Loggins,Vox Humana,1985-05-02,49,264600,https://open.spotify.com/track/23KhPfX1omMxmfw4TjvfAq,love
0KYdW05lpGKnXaaM9fMIYZ,Against the Wind,Sam Morrison and Turn The Page,A Tribute to the Music of Bob Seger,2008-01-01,26,334146,https://open.spotify.com/track/0KYdW05lpGKnXaaM9fMIYZ,love
7257drAN3eTtaaUUPw95B3,Big Log - 2006 Remaster,Robert Plant,The Principle of Moments,1983,61,304800,https://open.spotify.com/track/7257drAN3eTtaaUUPw95B3,love
1L9fzw2pXprOqtemTwtxXF,Candle In The Wind - Remastered 2014,Elton John,Goodbye Yellow Brick Road (Remastered),1973-10-05,69,228932,https://open.spotify.com/track/1L9fzw2pXprOqtemTwtxXF,love
3F4c3Beosqm0Obbik5KHAo,Rough Boy,ZZ Top,Rock Ballads Classics,2017-09-26,0,289160,https://open.spotify.com/track/3F4c3Beosqm0Obbik5KHAo,love
2Xa2C6ftMdcg3j7YSot8dY,Just Between You And Me,April Wine,Nature Of The Beast,1981-01-01,46,235560,https://open.spotify.com/track/2Xa2C6ftMdcg3j7YSot8dY,love
6hQPR6kNQ98TdHGXjhK5As,Ever Since the World Began,Survivor,Eye Of The Tiger,1982,36,222053,https://open.spotify.com/track/6hQPR6kNQ98TdHGXjhK5As,love
6HLNcLU4jIpafRf4mQ2Ivx,Iris,The Goo Goo Dolls,100 Greatest Soft Rock Anthems Ever..,2023-09-19,29,289906,https://open.spotify.com/track/6HLNcLU4jIpafRf4mQ2Ivx,love
0SoelxxmmXbQAQyLAl3LtX,Right Here Waiting,Richard Marx,Love Ballads,2021-02-12,0,263893,https://open.spotify.com/track/0SoelxxmmXbQAQyLAl3LtX,love
4c8jWog32ctnWEuonvOy7j,Can't Cry Hard Enough,The Williams Brothers,The Williams Brothers,1991-04-26,58,191960,https://open.spotify.com/track/4c8jWog32ctnWEuonvOy7j,love
7tlkC0KEpP3bEzIaBH1zhv,Eternal Flame,"The Bangles, Susanna Hoffs",Pop Music: The Modern Era 1976-1999,1999-10-11,22,234933,https://open.spotify.com/track/7tlkC0KEpP3bEzIaBH1zhv,love
7DHmczcm0EglMmsdNhs6dx,Don't Dream It's Over,Crowded House,Aussie Camping Music,2022-02-14,0,236800,https://open.spotify.com/track/7DHmczcm0EglMmsdNhs6dx,love
6mYXXXgFZZmk2mgejwSwdN,In the Air Tonight,Phil Collins,Rock,2018-08-03,52,331053,https://open.spotify.com/track/6mYXXXgFZZmk2mgejwSwdN,love
3TETmhGNWOcquUTtcr6RIR,The House of the Rising Sun,The Animals,The House of the Rising Sun: Best of The Animals,2019-02-01,58,269906,https://open.spotify.com/track/3TETmhGNWOcquUTtcr6RIR,love
5x9RZg7HfXGY3JayXL3seF,Cats In The Cradle,Ugly Kid Joe,America's Least Wanted,1992-01-01,64,241893,https://open.spotify.com/track/5x9RZg7HfXGY3JayXL3seF,love
6aEZx09xLP9xZsrPWEBDQ6,18 and Life,Skid Row,40 Seasons: The Best of Skid Row,1998-11-03,24,231280,https://open.spotify.com/track/6aEZx09xLP9xZsrPWEBDQ6,love
5JvsxPAHsGxwNq4xto2HtM,Listen To Your Heart,Roxette,Look Sharp! (Extended Version),1988-10-21,4,328093,https://open.spotify.com/track/5JvsxPAHsGxwNq4xto2HtM,love
7xYj0nZdH80VYy75j97ILn,High Enough,Damn Yankees,1990s Throwback,2021-02-19,20,286026,https://open.spotify.com/track/7xYj0nZdH80VYy75j97ILn,love
03EnOL1O9EKi9CFNmPyrCm,Please Forgive Me,Bryan Adams,Anthology,2005-01-01,2,355640,https://open.spotify.com/track/03EnOL1O9EKi9CFNmPyrCm,love
0C9eI0xwHF5n1W5fDpve6i,When The Smoke Is Going Down - Live,Scorpions,Live Bites,1995-01-01,49,156693,https://open.spotify.com/track/0C9eI0xwHF5n1W5fDpve6i,love
3zaPgyyHUTshJIVvVHeo5p,Miles Away,Winger,90's Oldies - Ballads,2017-09-29,20,252866,https://open.spotify.com/track/3zaPgyyHUTshJIVvVHeo5p,love
3dn6qXlHYAQpOqMTWxkGOR,Will You Still Love Me? - 2003 Remaster,Chicago,Love Songs,2005-02-01,49,252600,https://open.spotify.com/track/3dn6qXlHYAQpOqMTWxkGOR,love
5U5p472hgeXUKvh0d8RL4K,Never Surrender,Corey Hart,Boy In The Box,1985-01-01,50,295000,https://open.spotify.com/track/5U5p472hgeXUKvh0d8RL4K,love
5rUwnfuvEebahvFInZB8mC,As Tears Go By - (Original Single Mono Version),The Rolling Stones,Singles 1965-1967,2004-07-12,47,165213,https://open.spotify.com/track/5rUwnfuvEebahvFInZB8mC,love
6DYkUnYPg4Q1jRzCOzqwmP,I Still Haven't Found What I'm Looking For,U2,The Best Of 1980 - 1990,1998-11-02,50,277866,https://open.spotify.com/track/6DYkUnYPg4Q1jRzCOzqwmP,love
1FzXFRQWwh8os0fR2VwbIF,I Don't Want to Talk About It,Rod Stewart,Some Guys Have All the Luck,2008-11-16,57,292186,https://open.spotify.com/track/1FzXFRQWwh8os0fR2VwbIF,love
2RWFncSWZEhSRRifqiDNVV,Run To You,Bryan Adams,Reckless (30th Anniversary / Deluxe Edition),1984-11-05,75,233270,https://open.spotify.com/track/2RWFncSWZEhSRRifqiDNVV,love
29wJiSQcze8HEmxkUQykyp,Carrie,Europe,The Final Countdown (Expanded Edition),1986,70,272133,https://open.spotify.com/track/29wJiSQcze8HEmxkUQykyp,love
4JiEyzf0Md7KEFFGWDDdCr,Knockin' On Heaven's Door,Guns N' Roses,Use Your Illusion II,1991-09-18,82,336000,https://open.spotify.com/track/4JiEyzf0Md7KEFFGWDDdCr,love
0mnqeIwwt7RklMZ6fRwu2t,Apocalypse - Instrumental Version,Sex Brain,Apocalypse (Instrumental Version),2022-06-13,54,288835,https://open.spotify.com/track/0mnqeIwwt7RklMZ6fRwu2t,love
2vZUbiX6DJDgCgz3olOAKM,I Love You When I Drink Champagne,Eric Christian,I Love You When I Drink Champagne,2024-05-03,58,152833,https://open.spotify.com/track/2vZUbiX6DJDgCgz3olOAKM,love
3vhjxwCSm53zqjmLhvF8eI,orange hues,aqualina,orange hues,2021-03-10,62,201523,https://open.spotify.com/track/3vhjxwCSm53zqjmLhvF8eI,love
3iSkTBiGKSmo4IfR32MIjQ,Cordelia,Juan Arenosa,Cordelia,2024-05-21,62,131525,https://open.spotify.com/track/3iSkTBiGKSmo4IfR32MIjQ,love
7i4hAFqaMcw12ITAKtLyQb,Ylang Ylang,"FKJ, ((( O )))",Ylang Ylang EP,2019-11-12,1,213000,https://open.spotify.com/track/7i4hAFqaMcw12ITAKtLyQb,love
2gPb7WvxnTlAWhYSrFo0xD,Softly,Claudio Constantini,Softly,2024-09-27,51,130477,https://open.spotify.com/track/2gPb7WvxnTlAWhYSrFo0xD,love
7yvkuSJ1uzxWYBqDO9Kzbj,Gnossienne 1 (variation),Pianza,Gnossienne 1 (variation),2025-01-07,49,93505,https://open.spotify.com/track/7yvkuSJ1uzxWYBqDO9Kzbj,love
2CrBBTrSgBWBsCf6ldjHEG,Blue Notes,Michael Yanis,Blue Notes,2025-04-12,52,81047,https://open.spotify.com/track/2CrBBTrSgBWBsCf6ldjHEG,love
0HSI0V7ftC9vV47zF3ToK4,Sweetest Rain,Abilene,Winged Dreams,2021-10-29,59,157631,https://open.spotify.com/track/0HSI0V7ftC9vV47zF3ToK4,love
7qT955sFHf4eBtQnHeqdGf,When the Clouds Cleared,Alexander Motovilov,When the Clouds Cleared,2024-01-12,54,154750,https://open.spotify.com/track/7qT955sFHf4eBtQnHeqdGf,love
1Tgqo6tx2eowe4bvsAeXCc,Le RÊVE,Moayad Aljabal,Le RÊVE,2022-10-01,49,142663,https://open.spotify.com/track/1Tgqo6tx2eowe4bvsAeXCc,love
1Lt85IfL2Il0sWQzB6GAzS,Autumn Falls,James Malikey,Autumn Falls,2024-10-11,58,158271,https://open.spotify.com/track/1Lt85IfL2Il0sWQzB6GAzS,love
6iz0K5Rxku2JF41ff1VMff,Heartfelt,Xuan,Heartfelt,2024-01-29,37,119170,https://open.spotify.com/track/6iz0K5Rxku2JF41ff1VMff,love
2dti62bX6ye63iSersPMxK,Mariage d'Amour,Raban,Mariage d'Amour,2025-03-14,59,202436,https://open.spotify.com/track/2dti62bX6ye63iSersPMxK,love
1Y1ZDCORGqEMS350gVM52U,Coffee for Two,"Alexander Motovilov, Robert Gromotka",Coffee for Two,2025-08-29,53,145802,https://open.spotify.com/track/1Y1ZDCORGqEMS350gVM52U,love
2FHiDX6Rde40f2ZzcbVdPo,Valse Sentimentale No. 2 in G Minor,Eric Christian,Trois Valses Sentimentales,2022-11-28,63,227369,https://open.spotify.com/track/2FHiDX6Rde40f2ZzcbVdPo,love
7xmTXxAoi0AMQ9lnIKtkhn,Dreaming of Paradise,Daniela Mlčúchová,Simplicity,2025-05-30,53,118836,https://open.spotify.com/track/7xmTXxAoi0AMQ9lnIKtkhn,love
4LMEFwJwftcbojvcs7xPpo,Autumn in Stillness,Violin Sky,Autumn in Stillness,2025-09-12,55,126653,https://open.spotify.com/track/4LMEFwJwftcbojvcs7xPpo,love
7kyYVHZqOF8vJ8jZOjn4nx,Vibrant Green,James Malikey,Vibrant Green,2025-08-01,51,140266,https://open.spotify.com/track/7kyYVHZqOF8vJ8jZOjn4nx,love
7wmtEDNGpUf6dR3RiA46Mp,Tale of Beauty,Moayad Aljabal,Tale of Beauty,2022-09-27,48,112172,https://open.spotify.com/track/7wmtEDNGpUf6dR3RiA46Mp,love
3590gQlAYOmQp9nrwDLaCD,Waltz of the Stars,Michael Yanis,Echo of a Butterfly,2025-08-22,54,93750,https://open.spotify.com/track/3590gQlAYOmQp9nrwDLaCD,love
5GEOlFeVz9mIB9TSgFLWcv,Herbarium,"Lesfm, Piano Amor",Herbarium,2023-05-24,46,129750,https://open.spotify.com/track/5GEOlFeVz9mIB9TSgFLWcv,love
1XHzwyzAwm0Vi3Leo2tzud,Moments In Time,Ory,Moments In Time,2025-08-01,48,91894,https://open.spotify.com/track/1XHzwyzAwm0Vi3Leo2tzud,love
08GGi7wgt7YlZofQdCmbtj,first dance,Holly Jones,craeyola,2025-07-18,41,151902,https://open.spotify.com/track/08GGi7wgt7YlZofQdCmbtj,love
29NAYwSxvuB1sNIC1JGgEz,Memories,Olexandr Ignatov,Memories,2025-06-27,49,168854,https://open.spotify.com/track/29NAYwSxvuB1sNIC1JGgEz,love
5aUSC9mvDVKzfTwCK0vzIC,Memories,"Robert Gromotka, Alexander Motovilov",Memories,2025-08-22,55,127917,https://open.spotify.com/track/5aUSC9mvDVKzfTwCK0vzIC,love
6TRG8tmFQvzimTyihGZuzk,Spark,Asti Fajriani,Persona,2023-11-24,51,145153,https://open.spotify.com/track/6TRG8tmFQvzimTyihGZuzk,love
2iH8sFDx1IKG114yoLNoTg,Honor Him - Slowed + Reverb,Olexandr Ignatov,Honor Him,2024-03-15,51,78499,https://open.spotify.com/track/2iH8sFDx1IKG114yoLNoTg,love
2H8VEt9t6fTApmR2WdI4PR,love song,Helder Boutens,love song,2025-04-18,52,125836,https://open.spotify.com/track/2H8VEt9t6fTApmR2WdI4PR,love
4kCry3MgYbMFppDv8KHsON,Ofelia,Juan Arenosa,Ofelia,2025-02-14,60,166585,https://open.spotify.com/track/4kCry3MgYbMFppDv8KHsON,love
4tvaDReTB2NnALuXrOoJHA,Early Morning,Daniela Mlčúchová,Simplicity,2025-05-30,50,108000,https://open.spotify.com/track/4tvaDReTB2NnALuXrOoJHA,love
3T03f1ZABhZ56dbf8IT3Ex,Among Stars,Alexander Motovilov,Among Stars,2025-09-12,47,144853,https://open.spotify.com/track/3T03f1ZABhZ56dbf8IT3Ex,love
5srddkT0fork1UQaJ6Uhm3,Tenderness,Elia Lo Monaco,Tenderness,2024-07-19,0,138792,https://open.spotify.com/track/5srddkT0fork1UQaJ6Uhm3,love
2iULtgL3TrrBa8PxElnWI2,Miroirs: III. Une Barque sur l'Océan,"Maurice Ravel, Belle Chen",Mediterranean Sounds,2016-09-08,42,465323,https://open.spotify.com/track/2iULtgL3TrrBa8PxElnWI2,love
2AIwW854JV3Lxvfoc7KRlU,Queen,Michael Yanis,Queen,2025-05-25,51,139195,https://open.spotify.com/track/2AIwW854JV3Lxvfoc7KRlU,love
1p2KclGv8c1qKPoRq4exKd,Carnival of the Animals: The Swan - Arranged for Cello and Harp by Miriam Keogh,"Camille Saint-Saëns, None, Sebastian Comberti, Miriam Keogh",Romance,2002-01-01,65,174333,https://open.spotify.com/track/1p2KclGv8c1qKPoRq4exKd,love
5aZNiEfiqdjprpVcSefRPl,Dreams,Olexandr Ignatov,Dreams,2025-11-14,30,161451,https://open.spotify.com/track/5aZNiEfiqdjprpVcSefRPl,love
4Iy5HqnJJtpfzXJy2vUo0g,Peaceful,Daniela Mlčúchová,Box of Feelings,2025-11-14,24,197866,https://open.spotify.com/track/4Iy5HqnJJtpfzXJy2vUo0g,love
1d2asJ4Qs5KmCFfeOWsKBf,Letters from Paris,"Austin Farwell, Claudio Constantini",Letters from Paris,2025-09-26,48,173598,https://open.spotify.com/track/1d2asJ4Qs5KmCFfeOWsKBf,love
13HUtm5jHKtuMb7AtIeVOR,Memories of Her,Mirko Dukanovic,Memories of Her,2025-08-15,48,100571,https://open.spotify.com/track/13HUtm5jHKtuMb7AtIeVOR,love
5rimpelgO8IpOmmN4TdsKG,Piano Dreams 2,Michael Yanis,Echo of a Butterfly,2025-08-22,52,97500,https://open.spotify.com/track/5rimpelgO8IpOmmN4TdsKG,love
6FiVybin2ArwUDwGKSOA2r,Idea 12,Gibran Alcocer,Idea 12,2025-04-28,66,131400,https://open.spotify.com/track/6FiVybin2ArwUDwGKSOA2r,love
4o0hXNlSlFPOr2RemeIgWI,Souvenirs,van,Souvenirs,2025-07-04,58,204031,https://open.spotify.com/track/4o0hXNlSlFPOr2RemeIgWI,love
7CjhrQoOOjA5XaHu21FeSw,Isle Royale,Gavin Luke,Isle Royale,2025-08-15,47,202075,https://open.spotify.com/track/7CjhrQoOOjA5XaHu21FeSw,love
7xsmBP1iu7AFriTQjPOXOB,Distant Memories,Reinúr Selson,Distant Memories,2025-06-13,54,89142,https://open.spotify.com/track/7xsmBP1iu7AFriTQjPOXOB,love
1ZddxOayH4wt8dFKjDcJyG,Magical Violet,James Malikey,Magical Violet,2025-08-22,54,142240,https://open.spotify.com/track/1ZddxOayH4wt8dFKjDcJyG,love
3dBOuHZvR0wHmhrNIm0eK1,New Horizon,"Poviolinist, noel.smt",New Horizon,2025-08-08,45,145367,https://open.spotify.com/track/3dBOuHZvR0wHmhrNIm0eK1,love
3dxhpqvPtoFCVHNiOkLIzU,A Moment,Christopher Dennis Coleman,A Moment,2025-08-01,42,194000,https://open.spotify.com/track/3dxhpqvPtoFCVHNiOkLIzU,love
3ykRZm6Uz3A05Y0MIMxz5T,Aura,Raban,Aura,2025-08-22,45,102408,https://open.spotify.com/track/3ykRZm6Uz3A05Y0MIMxz5T,love
2ZPh2O5fklEzJdxYmoA5bZ,Eternity,Raban,Eternity,2025-11-14,27,133350,https://open.spotify.com/track/2ZPh2O5fklEzJdxYmoA5bZ,love
7HT9HYzJlH08BxKZj25paa,Papier,Mirko Dukanovic,Papier,2023-04-28,0,121510,https://open.spotify.com/track/7HT9HYzJlH08BxKZj25paa,love
6QHAPZFoMEHOIsvBTZ4TfC,Hope,Mirko Dukanovic,Hope,2023-12-19,0,112520,https://open.spotify.com/track/6QHAPZFoMEHOIsvBTZ4TfC,love
0eNrg2cFdFhKUXwDrv4gG6,Autumn Leaves,Olexandr Ignatov,Autumn Leaves,2024-10-18,45,112750,https://open.spotify.com/track/0eNrg2cFdFhKUXwDrv4gG6,love
1wMkkiyGb7HnYtRO3DbfbC,Celestial,Xuan,Celestial,2025-10-14,29,127250,https://open.spotify.com/track/1wMkkiyGb7HnYtRO3DbfbC,love
6CNdCZn45UKso3xrrta7nQ,Twinkling Lights (Reimagined),Auni,Twinkling Lights (Reimagined),2022-12-09,33,121220,https://open.spotify.com/track/6CNdCZn45UKso3xrrta7nQ,love
3v30vhrt2ujqzuUaOUf7vb,Memories,Wallerstedt,Memories,2023-08-03,58,169450,https://open.spotify.com/track/3v30vhrt2ujqzuUaOUf7vb,love
2I6WPravzv7yY1QZIqxWWh,Komorebi,"Yehezkel Raz, Andrea Vanzo",Komorebi,2024-11-15,0,140913,https://open.spotify.com/track/2I6WPravzv7yY1QZIqxWWh,love
6kf7ZCJjEbjZXikivKOsvJ,Clair de lune,"Claude Debussy, Alexis Weissenberg",Träumerei - Liebestraum - Für Elise - Clair de lune - Gymnopédie - Sony Classical Masters,2010-10-08,61,347426,https://open.spotify.com/track/6kf7ZCJjEbjZXikivKOsvJ,love
5UreKbsH9dpfxDB2m6D3Ho,Dreamland,Robert Gromotka,Dreamland,2023-06-16,66,131654,https://open.spotify.com/track/5UreKbsH9dpfxDB2m6D3Ho,love
0Seumg0NAq7KS1r0Yso52H,Satie / Orch. Ducros: Gymnopédie No. 1,"Erik Satie, Gautier Capuçon, Jerome Ducros, Adrien Perruchon, Orchestre de chambre de Paris",Satie: Masterpieces,2023-12-27,67,172120,https://open.spotify.com/track/0Seumg0NAq7KS1r0Yso52H,love
1W4EASVsHYW7lms8NYZfOV,Gnossienne: No. 2 - Arr. for Cello and Piano,"Christopher Dennis Coleman, Erik Satie",Gnossienne: No. 2 (Arr. for Cello and Piano),2025-06-20,45,147425,https://open.spotify.com/track/1W4EASVsHYW7lms8NYZfOV,love
7wWOTKCbTBE3Hx1PaZW3pH,Born To Die - Symphony Orchestra Cover,Antonin Charvat,Pop Music Symphony Orchestra Covers #4,2015-12-17,0,261081,https://open.spotify.com/track/7wWOTKCbTBE3Hx1PaZW3pH,love
6iN5Ce3HlPPLEHjqdMZJU8,Spring is Coming,Morunas,Spring is Coming,2024-03-08,64,121707,https://open.spotify.com/track/6iN5Ce3HlPPLEHjqdMZJU8,love
3RbYwDYmdh71GfEYUtDzEx,"My Love, My Love",Million Eyes,In the Wind,2015-02-20,58,125388,https://open.spotify.com/track/3RbYwDYmdh71GfEYUtDzEx,love
5bAyGxZEPo8p4LrU7hsNTJ,With The Wind,"Yehezkel Raz, Evgeny Grinko",With The Wind,2025-03-03,55,183361,https://open.spotify.com/track/5bAyGxZEPo8p4LrU7hsNTJ,love
0KQlYA88cnOftc7SFhWv5U,Little Life,Robert Gromotka,Little Life,2025-04-04,63,148863,https://open.spotify.com/track/0KQlYA88cnOftc7SFhWv5U,love
1OJQGxN1F8MAxBwNWrYnHc,Memories,Andrea Vanzo,Memories,2025-04-21,50,171360,https://open.spotify.com/track/1OJQGxN1F8MAxBwNWrYnHc,love
3LlOrhL1l9GsWPbyGLeSBk,A Final Chapter,"Asti Fajriani, Bardic Fae",A Final Chapter,2025-09-26,42,172894,https://open.spotify.com/track/3LlOrhL1l9GsWPbyGLeSBk,love
5vhQpfCt2I0XUG2eJBS3gl,Camelia,Juan Arenosa,Camelia,2024-11-08,58,146901,https://open.spotify.com/track/5vhQpfCt2I0XUG2eJBS3gl,love
3EAdSqILw5ICk4dbYjRKwX,Autumn Intro - Extended Version,Andrea Vanzo,Autumn Intro (Extended Version),2024-09-20,0,186943,https://open.spotify.com/track/3EAdSqILw5ICk4dbYjRKwX,love
0On7m6wcoXkRUN9NiPZw0E,Levitation,Mirko Dukanovic,Levitation,2025-01-17,0,92882,https://open.spotify.com/track/0On7m6wcoXkRUN9NiPZw0E,love
1CzOhG3buJP5aftC664aik,The Wind From Last September,"Alstad, Yana Chekina",The Wind From Last September,2024-12-06,0,206783,https://open.spotify.com/track/1CzOhG3buJP5aftC664aik,love
4YvncDxRZ6ymWGO5chOrA2,Celestia,"Ryan Naeseh, Poviolinist",Celestia,2025-04-21,44,141731,https://open.spotify.com/track/4YvncDxRZ6ymWGO5chOrA2,love
2Bf6CuM4Rke8Va1eJMktIf,Breathe,Lysander,Love Story,2025-03-09,49,120000,https://open.spotify.com/track/2Bf6CuM4Rke8Va1eJMktIf,love
6ebDXwQsSE13JHkChAPY2A,Sweet - Instrumental Version,Sex Brain,Sweet,2022-08-31,49,292100,https://open.spotify.com/track/6ebDXwQsSE13JHkChAPY2A,love
0OrX1Cn3858LaV6xoXR3vZ,Magic Moments,Mirko Dukanovic,Magic Moments,2025-06-20,46,73908,https://open.spotify.com/track/0OrX1Cn3858LaV6xoXR3vZ,love
5lvlQp7xTLRDyeGxrQjhKZ,Effleurer,Gabriel Albuquerqüe,Effleurer,2025-07-04,47,115200,https://open.spotify.com/track/5lvlQp7xTLRDyeGxrQjhKZ,love
2zmyrF5St5y63OeGNmeTih,Sara's Tune,Robert Gromotka,Sara's Tune,2025-05-30,52,163687,https://open.spotify.com/track/2zmyrF5St5y63OeGNmeTih,love
6EmczVqTbspcpcbO1vKl6b,Flashing Memories,Juan Arenosa,Flashing Memories,2024-07-30,51,136911,https://open.spotify.com/track/6EmczVqTbspcpcbO1vKl6b,love
13c5BZiKDJJPelAsu4NfAO,Love,Lysander,Love Story,2025-03-09,37,129500,https://open.spotify.com/track/13c5BZiKDJJPelAsu4NfAO,love
0DeamIBE0EHRwhdpWULZxM,Solas (Raban's Version),Raban,Solas (Raban's Version),2024-10-11,0,212000,https://open.spotify.com/track/0DeamIBE0EHRwhdpWULZxM,love
21T0xM72sdNGhfx2q3k8uF,Consolation No. 2 in A-flat Major,Yehezkel Raz,Consolation No. 2 in A-flat Major,2024-06-28,0,108906,https://open.spotify.com/track/21T0xM72sdNGhfx2q3k8uF,love
4rNvccwL2yOkgU6CMqLLaE,Laura's Dance: Autumn Version,Mirko Dukanovic,Laura's Dance (Autumn Version),2024-09-13,0,110782,https://open.spotify.com/track/4rNvccwL2yOkgU6CMqLLaE,love
7exOrewyAiFxxHkGMXIvUn,Idea 25,"Gibran Alcocer, Andrea Vanzo",Idea 25,2024-12-02,68,186064,https://open.spotify.com/track/7exOrewyAiFxxHkGMXIvUn,love
5k4EskqGMAIqwCoK1lTbh3,Morning Light,Lysander,Love Story,2025-03-09,36,106651,https://open.spotify.com/track/5k4EskqGMAIqwCoK1lTbh3,love
1MWibq2xtJqcrhSAaZSeL9,vanilla waltz,Enzo Corne,vanilla waltz,2024-08-09,41,101914,https://open.spotify.com/track/1MWibq2xtJqcrhSAaZSeL9,love
5hsIhqnrxJr7yDlPqh41wn,Little Joys,Lysander,Cozy Season,2024-10-18,0,111009,https://open.spotify.com/track/5hsIhqnrxJr7yDlPqh41wn,love
2mGXHKQLP7Wfgu1CZaku1P,Now is enough,van,Now is enough,2025-09-19,50,178346,https://open.spotify.com/track/2mGXHKQLP7Wfgu1CZaku1P,love
2GvNC4v6xgRhdyWpQsrUDe,Flying,Lysander,Love Story,2025-03-09,35,79090,https://open.spotify.com/track/2GvNC4v6xgRhdyWpQsrUDe,love
0mbpBPW9YaGyVHOJOM3jvE,Bonjour,Thomas Klak,Bonjour,2024-08-02,0,142847,https://open.spotify.com/track/0mbpBPW9YaGyVHOJOM3jvE,love
3KvMxYW5YnGWXjqROyZHtU,"Suite No. 7 In G Minor, HWV 432: VI. Passacaglia","George Frideric Handel, Minoire",Consolation,2024-01-19,0,127477,https://open.spotify.com/track/3KvMxYW5YnGWXjqROyZHtU,love
0awtlNxGmbeHT8sDIXuilp,Growing Up,Olexandr Ignatov,Just Close Your Eyes,2025-01-31,41,155478,https://open.spotify.com/track/0awtlNxGmbeHT8sDIXuilp,love
1pXvErzvEwxLJOtVT3VQoE,Serenity,Wallerstedt,Serenity,2024-08-16,0,182780,https://open.spotify.com/track/1pXvErzvEwxLJOtVT3VQoE,love
7mXmPIvQqnyMtea5W2Hj3c,Reflections,Ophelia Wilde,Reflections,2024-02-23,0,124502,https://open.spotify.com/track/7mXmPIvQqnyMtea5W2Hj3c,love
6SExlegLOk047pnwUsEHB1,Our Dream,Helder Boutens,Our Dream,2024-05-24,40,189062,https://open.spotify.com/track/6SExlegLOk047pnwUsEHB1,love
5UtFX7w2Hf0ky7GdJSogbu,Garden Waltz,"Alstad, Ben Goheen","Aemeralds Presents: Library Aesthetics, Vol. 3",2024-08-16,0,130840,https://open.spotify.com/track/5UtFX7w2Hf0ky7GdJSogbu,love
3BnSrmrPGPhVRqFDq6wNpj,Her Aesthetic,Lysander,Waiting for Autumn,2024-05-03,0,152413,https://open.spotify.com/track/3BnSrmrPGPhVRqFDq6wNpj,love
7FVzoht8jlH7RDBlrRvGGG,Consolation No. 3 in D-flat Major,Yehezkel Raz,Consolation No. 3 in D-flat Major,2024-07-12,0,118687,https://open.spotify.com/track/7FVzoht8jlH7RDBlrRvGGG,love
5hcXsOmpLmGi3RO2NCCAKf,She's Love Personified,Helder Boutens,She's Love Personified,2024-03-08,39,132501,https://open.spotify.com/track/5hcXsOmpLmGi3RO2NCCAKf,love
6GPUKPTSCVN0ZUuWJHpMhs,My Home,Lysander,Love Story,2025-03-09,37,115592,https://open.spotify.com/track/6GPUKPTSCVN0ZUuWJHpMhs,love
3TmeG0p55jT1qP3gQXSxr9,Leaf In The Wind,Mirko Dukanovic,Leaf In The Wind,2024-09-06,0,103923,https://open.spotify.com/track/3TmeG0p55jT1qP3gQXSxr9,love
6sEb2c9uWfRTHOhp1zTuly,"Children's Album, Op. 39: Morning Prayer - Arr. Naked Yell Music/Last Resort Music Publishing, Inc. for string trio","Pyotr Ilyich Tchaikovsky, Ben Goheen",Reminisce,2024-10-18,0,82745,https://open.spotify.com/track/6sEb2c9uWfRTHOhp1zTuly,love
5xgqURpMr0BMa1Ole6OxFW,Vesper,IKE,Vesper,2024-11-15,0,130104,https://open.spotify.com/track/5xgqURpMr0BMa1Ole6OxFW,love
4rlorWDmvzDcfVDXgugCzL,equilibrium,Holly Jones,equilibrium,2025-05-16,39,193478,https://open.spotify.com/track/4rlorWDmvzDcfVDXgugCzL,love
4CjS0E7Q0gnUnPWgNlMPOK,Deep Thoughts,Lysander,Love Story,2025-03-09,35,84000,https://open.spotify.com/track/4CjS0E7Q0gnUnPWgNlMPOK,love
4y9njjU1UiFXwtmoacCsD4,Black Tulip,"Robert Gromotka, Meike-Lu Schneider",Black Tulip,2024-02-16,0,159760,https://open.spotify.com/track/4y9njjU1UiFXwtmoacCsD4,love
6tTT7MCSjD037YfjUcQzI9,Cherry Blossoms,Claudio Constantini,Cherry Blossoms,2024-10-11,0,148000,https://open.spotify.com/track/6tTT7MCSjD037YfjUcQzI9,love
53DfKwA289YJhlqU4eFpSO,Consolation No. 1 in E-flat Major,Yehezkel Raz,Consolation No. 1 in E-flat Major,2024-06-14,1,104156,https://open.spotify.com/track/53DfKwA289YJhlqU4eFpSO,love
4jMkokUekdgLK2wpbXyHnE,Una Mattina,Ophelia Wilde,Una Mattina,2024-02-23,0,197172,https://open.spotify.com/track/4jMkokUekdgLK2wpbXyHnE,love
3hY06M1nBEdmNku7NS9veT,La Fin,Raban,La Fin,2024-08-16,0,131512,https://open.spotify.com/track/3hY06M1nBEdmNku7NS9veT,love
53Wyxf7BO74Hx7GtPErdbe,walking on clouds,Martin Biesecke,at the end of the rainbow,2024-07-12,0,108521,https://open.spotify.com/track/53Wyxf7BO74Hx7GtPErdbe,love
3OS5ZxO0ds0CttFQJnbVyt,Papillon,Yannick Lowack,Papillon,2024-05-31,0,127692,https://open.spotify.com/track/3OS5ZxO0ds0CttFQJnbVyt,love
1lm2uQ9w1nYtiQquStLFQ5,June: Solstice Waltz,Dennis Korn,June,2024-06-07,0,112000,https://open.spotify.com/track/1lm2uQ9w1nYtiQquStLFQ5,love
105gd0mKgSj5ftk6RV4jSj,Sunday,Lysander,Love Story,2025-03-09,37,95535,https://open.spotify.com/track/105gd0mKgSj5ftk6RV4jSj,love
35mGPKeOR6vkXxXgxfmoOH,The Wanderer,Luke Faulkner,The Wanderer,2024-03-01,0,278472,https://open.spotify.com/track/35mGPKeOR6vkXxXgxfmoOH,love
3tS0vR3aViVm5nZ9dGnAVg,La Valse Tragique,Yannick Lowack,La Valse Tragique,2024-05-10,0,176410,https://open.spotify.com/track/3tS0vR3aViVm5nZ9dGnAVg,love
5JKhNdJ936Pfi4ki0DdSy2,orangerie,Annie Rosier,orangerie,2024-11-29,0,129224,https://open.spotify.com/track/5JKhNdJ936Pfi4ki0DdSy2,love
1l1q4TiM9IirYVJ3EDmBKL,Midnight in the Pastel Forest,Niklas Blumenthaler,The Valley,2024-09-27,0,122667,https://open.spotify.com/track/1l1q4TiM9IirYVJ3EDmBKL,love
7s8SWfmyYsY4UVInPs1xFB,Healing,Yannick Lowack,Healing,2024-04-26,0,155478,https://open.spotify.com/track/7s8SWfmyYsY4UVInPs1xFB,love
7eJuQCkChPewlhYIk2GsEZ,"Tannhäuser: Pilgrim's Chorus - Arr. Naked Yell Music/Last Resort Music Publishing, Inc. for string trio","Richard Wagner, Ben Goheen",Reminisce,2024-10-18,0,194934,https://open.spotify.com/track/7eJuQCkChPewlhYIk2GsEZ,love
2S5p22EnTSIhf6tmB4gJBg,Rose Covered Prison,Taylor Ash,Rose Covered Prison,2024-05-24,0,137615,https://open.spotify.com/track/2S5p22EnTSIhf6tmB4gJBg,love
3Wgap2B3wHymi9SVbqQxy8,Liegewiese,Dario Lessing,Liegewiese,2024-06-14,0,180043,https://open.spotify.com/track/3Wgap2B3wHymi9SVbqQxy8,love
5ID7Z9efHnVNfmfdv9H2HO,Quiet Moments,Lysander,Waiting for Autumn,2024-05-03,0,104827,https://open.spotify.com/track/5ID7Z9efHnVNfmfdv9H2HO,love
0ltGW9V99yHuAk5U2kZYM6,The Rose And The Thorn,Johannes Bornlöf,The Rose And The Thorn,2018-10-19,45,349431,https://open.spotify.com/track/0ltGW9V99yHuAk5U2kZYM6,love
3WyhfSaLxw0Mvm4KR4juGc,Autumn in Versailles,Lysander,Waiting for Autumn,2024-05-03,0,124137,https://open.spotify.com/track/3WyhfSaLxw0Mvm4KR4juGc,love
5tH1n0Hkz1Oa9j5d8gzQAC,Sailing Hills,Luis Berra,Sailing Hills,2024-03-29,0,117538,https://open.spotify.com/track/5tH1n0Hkz1Oa9j5d8gzQAC,love
07c3eDQdq6I7RK5TvPYqjb,A Journey to Discover,Oscar Mallen,A Journey to Discover,2025-05-02,35,146175,https://open.spotify.com/track/07c3eDQdq6I7RK5TvPYqjb,love
3PkkTcqc35ZhY4TnWC10S7,I Miss You,Lysander,Love Story,2025-03-09,46,95250,https://open.spotify.com/track/3PkkTcqc35ZhY4TnWC10S7,love
6iFVllfn59mHqyScfI3uJv,Adore,Kristoffer Wallin,Adore,2024-05-03,0,138000,https://open.spotify.com/track/6iFVllfn59mHqyScfI3uJv,love
6ewb3ZA3nMRXcJ7bT8x3hB,While She Sleeps,Mirko Dukanovic,While She Sleeps,2024-05-24,0,119678,https://open.spotify.com/track/6ewb3ZA3nMRXcJ7bT8x3hB,love
4nzcYYf2nSrNNz6ZPBtK1r,"Elegie Nr. 4 ""Abschied von Paris""",Dennis Korn,"Elegie Nr. 4 ""Abschied von Paris""",2024-10-11,0,147750,https://open.spotify.com/track/4nzcYYf2nSrNNz6ZPBtK1r,love
3VqnmKR3yoXfEQYoVaz8IH,slow living (a quiet life),Ophelia Wilde,cottagecore,2024-04-05,0,81728,https://open.spotify.com/track/3VqnmKR3yoXfEQYoVaz8IH,love
0QzqIkPMMoPkKsXEd0kFq0,Romanticizing Life,Lysander,Waiting for Autumn,2024-05-03,0,107931,https://open.spotify.com/track/0QzqIkPMMoPkKsXEd0kFq0,love
1JiTKMyA7EeXSMMAuTXgNm,May: Starflight,Dennis Korn,May,2024-05-03,0,151763,https://open.spotify.com/track/1JiTKMyA7EeXSMMAuTXgNm,love
0QGzN0qHA8fwVJwYLZdl6n,October,Lysander,Waiting for Autumn,2024-05-03,0,121034,https://open.spotify.com/track/0QGzN0qHA8fwVJwYLZdl6n,love
1VHEUV1XhTVr8hzfv6zweM,Together,Lysander,Love Story,2025-03-09,37,97891,https://open.spotify.com/track/1VHEUV1XhTVr8hzfv6zweM,love
6IJ5eCQNpXifW7OqRK9pQc,Minor Fable,Luis Berra,Minor Fable,2024-03-15,0,121308,https://open.spotify.com/track/6IJ5eCQNpXifW7OqRK9pQc,love
3b2iu59goyWt6FnWmH0wy7,A Forgotten Room,Lysander,Waiting for Autumn,2024-05-03,0,122068,https://open.spotify.com/track/3b2iu59goyWt6FnWmH0wy7,love
7x7uQvwUoI3JjoimaqWvIv,Dream Valse,Josh Kramer,Dream Valse,2024-01-26,0,143902,https://open.spotify.com/track/7x7uQvwUoI3JjoimaqWvIv,love
1fYlE9XbujLS8SZOCNAz98,The Journey,Luke Faulkner,The Journey,2024-02-16,0,144838,https://open.spotify.com/track/1fYlE9XbujLS8SZOCNAz98,love
64LD7wpIzt8J8zhm80ekbX,Another Sunshine,Luis Berra,Songs from a remote village,2024-04-12,0,98662,https://open.spotify.com/track/64LD7wpIzt8J8zhm80ekbX,love
2SVP3wJGQ8e3dHjDVPJ8wY,October: Birds Flying South,Dennis Korn,October,2024-10-09,0,141428,https://open.spotify.com/track/2SVP3wJGQ8e3dHjDVPJ8wY,love
1QnwO1kcYQqCjxjxWV0059,Sakura,Claudio Constantini,"Pocket Piano, Vol. 5 ...Blossom",2024-03-29,0,134271,https://open.spotify.com/track/1QnwO1kcYQqCjxjxWV0059,love
6TpXFyMvUS9rvIGrPZZeFQ,Whispers In Paris,Adrien de la Salle,"Aemeralds presents: Library Aesthetics, Vol. 2",2023-09-29,0,156000,https://open.spotify.com/track/6TpXFyMvUS9rvIGrPZZeFQ,love
2JTFGPGAXCjRvvAfJ1Ekb5,Thinking of You,Lysander,Love Story,2025-03-09,36,94465,https://open.spotify.com/track/2JTFGPGAXCjRvvAfJ1Ekb5,love
5sHedbFRbVk9ekP6hx1GgF,The Overthinker,Yannick Lowack,The Overthinker,2024-01-19,0,161543,https://open.spotify.com/track/5sHedbFRbVk9ekP6hx1GgF,love
1WCUGHSebNkKiRfN5bRBMp,love letters,Ophelia Wilde,cottagecore,2024-04-05,0,74895,https://open.spotify.com/track/1WCUGHSebNkKiRfN5bRBMp,love
2BayZ5md73q9UF1FRgThbw,...shining iridescent,Claudio Constantini,"Pocket Piano,Vol. 4 ...Dreamland",2024-02-02,0,112402,https://open.spotify.com/track/2BayZ5md73q9UF1FRgThbw,love
4zqjlZEGUcXZZnkkSFjHKl,Bukowski’s Shadow,Lysander,Waiting for Autumn,2024-05-03,0,99770,https://open.spotify.com/track/4zqjlZEGUcXZZnkkSFjHKl,love
18xKwAlduK8JBis9JIEcZ4,March: Misty Mornings,Dennis Korn,March,2024-03-15,0,133909,https://open.spotify.com/track/18xKwAlduK8JBis9JIEcZ4,love
0SUjSHx0YVQSa5x2kp1SSP,"Le Carnaval des Animaux, R. 125: XIII. Le cygne","Camille Saint-Saëns, Ophelia Wilde",duets with a ghost,2024-01-12,0,165244,https://open.spotify.com/track/0SUjSHx0YVQSa5x2kp1SSP,love
1d9aUCrI3empVv09VxejDr,Valzer d'Inverno,Andrea Vanzo,Valzer d'Inverno,2023-12-29,26,136080,https://open.spotify.com/track/1d9aUCrI3empVv09VxejDr,love
0NSIpdsv2mopcf3lyetWsu,Le matin,Jonas Hain,Le matin,2023-11-24,0,115489,https://open.spotify.com/track/0NSIpdsv2mopcf3lyetWsu,love
38bYEO3i4Z5n673XkkQx6k,antes de tu tiempo,Niklas Blumenthaler,antes de tu tiempo,2023-12-01,0,202500,https://open.spotify.com/track/38bYEO3i4Z5n673XkkQx6k,love
7AazzgTs7OVCc2Lwf9Pvnb,"Kinderszenen, Op. 15: No. 7, Träumerei","Robert Schumann, Ophelia Wilde",duets with a ghost,2024-01-12,0,174954,https://open.spotify.com/track/7AazzgTs7OVCc2Lwf9Pvnb,love
2CQDr6GykJyPyKuzey3Zja,January: Winter Days,Dennis Korn,January,2024-01-26,0,150986,https://open.spotify.com/track/2CQDr6GykJyPyKuzey3Zja,love
2Tq3fayHpjP2nOZlBEjt3N,I Wanted to Leave,SYML,You Knew It Was Me,2020-11-27,63,203911,https://open.spotify.com/track/2Tq3fayHpjP2nOZlBEjt3N,love
4cGheKHXo8FLHkxGiyLarU,the swan - reimagined,Ophelia Wilde,cottagecore,2024-04-05,0,105935,https://open.spotify.com/track/4cGheKHXo8FLHkxGiyLarU,love
4MUgBrf57yfEAzyVWfF2Ob,Au Vent,Jonas Hain,Janvier,2024-01-26,0,109434,https://open.spotify.com/track/4MUgBrf57yfEAzyVWfF2Ob,love
7qso10m3KErTUIvCFoQXmQ,Reunion,Nicholas Bamberger,Inner Voyage,2023-11-24,0,257693,https://open.spotify.com/track/7qso10m3KErTUIvCFoQXmQ,love
3lSOZb5rruEnFbe9xWELF6,Rue des trois frères,Fabrizio Paterlini,Fragments Found,2010-10-29,65,111442,https://open.spotify.com/track/3lSOZb5rruEnFbe9xWELF6,love
1ZC21hJb2GASRkaoZvUcCS,Beving: Ala,Joep Beving,Trilogy,2021-08-06,64,120853,https://open.spotify.com/track/1ZC21hJb2GASRkaoZvUcCS,love
1DOMGngtpVWJBCQpu2jOeP,Somewhere in Between,Jacob LaVallee,Somewhere in Between,2020-01-08,59,181992,https://open.spotify.com/track/1DOMGngtpVWJBCQpu2jOeP,love
3kWNas9LDSYi4nxCCW78wc,A Romance in Venice,Dennis Korn,Roses And Books,2023-10-27,0,130000,https://open.spotify.com/track/3kWNas9LDSYi4nxCCW78wc,love
4RrnPnDODfODUajvBlWDKa,Stay,Elia Lo Monaco,Stay,2023-08-04,0,118853,https://open.spotify.com/track/4RrnPnDODfODUajvBlWDKa,love
1rBPJXhnONDwiIWUdCwYUw,Truman Sleeps,Ophelia Wilde,Truman Sleeps,2024-02-23,0,126972,https://open.spotify.com/track/1rBPJXhnONDwiIWUdCwYUw,love
6z720DAWxYJL5SacdZLlEN,Für Elise - Reimagined,Alexander Joseph,Für Elise - Reimagined,2021-02-07,58,360195,https://open.spotify.com/track/6z720DAWxYJL5SacdZLlEN,love
322jQ92QZRnliN8VbQMsUh,Lights Are On - Instrumental,Edith Whiskers,Lights Are On (Instrumental),2021-11-05,69,192075,https://open.spotify.com/track/322jQ92QZRnliN8VbQMsUh,love
25KOc5VHfo7rwQerxCDOzX,Underwater Wonderscapes,Frederic Bernard,Underwater Wonderscapes,2020-07-27,55,108237,https://open.spotify.com/track/25KOc5VHfo7rwQerxCDOzX,love
2IUmKvRTXla9wu8EtYmO6x,Stories,Danilo Stankovic,Stories,2020-07-28,54,96025,https://open.spotify.com/track/2IUmKvRTXla9wu8EtYmO6x,love
516xX9sziNvN0izq1SEFHH,Élégie,"Luke Faulkner, Tom Huet",Élégie,2024-02-02,0,155000,https://open.spotify.com/track/516xX9sziNvN0izq1SEFHH,love
0xYWsBAQSYbZAVTzMqiyCZ,Oxford Whispers,Niklas Blumenthaler,"Aemeralds presents: Library Aesthetics, Vol. 2",2023-09-29,0,153950,https://open.spotify.com/track/0xYWsBAQSYbZAVTzMqiyCZ,love
1HWQ6l7Xu2U4bFYcZMs1y2,Solitude,Alluer,Solitude,2022-03-11,0,98986,https://open.spotify.com/track/1HWQ6l7Xu2U4bFYcZMs1y2,love
5mrxUVYEyowgATPU35aZay,The French Library,Franz Gordon,The French Library,2020-10-30,64,179702,https://open.spotify.com/track/5mrxUVYEyowgATPU35aZay,love
2th2bSNJVkger2YiAMuz18,Old Chapel,Dennis Korn,Roses And Books,2023-10-27,0,94000,https://open.spotify.com/track/2th2bSNJVkger2YiAMuz18,love
6Ime7T87R16iyCJsaG3mAC,The Melody Of The Heart,Oscar Mallen,"Aemeralds presents: Library Aesthetics, Vol. 2",2023-09-29,0,113733,https://open.spotify.com/track/6Ime7T87R16iyCJsaG3mAC,love
5I7CTEi8FIBCvSUrw5273y,Swarm of Fish,Pianopassion,Piano Stories III: Inspiration and Enchantment,2016-11-10,59,108237,https://open.spotify.com/track/5I7CTEi8FIBCvSUrw5273y,love
3LWDZcu2ofXxME21RNJr5k,Postcard from Paris,Robert Gromotka,Postcard from Paris,2023-03-31,0,147502,https://open.spotify.com/track/3LWDZcu2ofXxME21RNJr5k,love
6hrfAGbtb5gJIl8WJDQuNH,dear edmond,Ophelia Wilde,the secret diary,2023-08-11,0,137064,https://open.spotify.com/track/6hrfAGbtb5gJIl8WJDQuNH,love
4X1mRlaOkp52lLBBBBhi1Z,A Reflection of You,"Alstad, Lydia Munchinsky",A Reflection of You,2022-10-07,0,145309,https://open.spotify.com/track/4X1mRlaOkp52lLBBBBhi1Z,love
14rZjW3RioG7WesZhYESso,"Comptine d'un autre été, l'après-midi",Yann Tiersen,Le Fabuleux destin d'Amélie Poulain (Bande originale du film),2001-04-23,73,140733,https://open.spotify.com/track/14rZjW3RioG7WesZhYESso,love
4DuqewHH7zlFgJvJ3kO7sd,Take Me Away,Austin Farwell,Take Me Away,2020-12-29,58,96663,https://open.spotify.com/track/4DuqewHH7zlFgJvJ3kO7sd,love
5lm18pjbwdth6ENVllxjfl,Ballerina,Yehezkel Raz,"Preludes, Book 1 - Streams",2019-12-10,71,71581,https://open.spotify.com/track/5lm18pjbwdth6ENVllxjfl,love
0cUajxZhKzn7JEHCpAE8yJ,perfect love,Ophelia Wilde,the secret diary,2023-08-11,0,131849,https://open.spotify.com/track/0cUajxZhKzn7JEHCpAE8yJ,love
5lEiWMwoKtMGTyjIRQ8Xo3,City Lights,Austin Farwell,City Lights,2020-09-06,61,121856,https://open.spotify.com/track/5lEiWMwoKtMGTyjIRQ8Xo3,love
6f7d9GrkvTe5YlGNffnUVq,hopeless romance,Ophelia Wilde,the secret diary,2023-08-11,0,112653,https://open.spotify.com/track/6f7d9GrkvTe5YlGNffnUVq,love
25b7fqfmk1yDyWcmoiiAkd,High Above,Austin Farwell,High Above,2020-09-09,58,77531,https://open.spotify.com/track/25b7fqfmk1yDyWcmoiiAkd,love
3vyCWrAIl3VGUHa9dM1Sy2,Van Gogh,"Virginio Aiello, On Piano",Van Gogh,2021-02-19,0,183083,https://open.spotify.com/track/3vyCWrAIl3VGUHa9dM1Sy2,love
4XvTMTAYOR470Xm8oZyYdd,"Suite Bergamasque, L.75: 3.: Claire De Lune","Claude Debussy, Minoire",Introspection,2021-02-28,0,305241,https://open.spotify.com/track/4XvTMTAYOR470Xm8oZyYdd,love
2uGzwciZEchVvt2glv4Fpj,"Merry-Go-Round of Life (From ""Howl´s Moving Castle"")",Morunas,"Merry-Go-Round of Life (From ""Howl´s Moving Castle"")",2021-01-22,44,165126,https://open.spotify.com/track/2uGzwciZEchVvt2glv4Fpj,love
3fv3HNRNXb88kb1Aj1n0R9,Love Birds,Niklas Blumenthaler,Love Birds,2023-06-16,0,118052,https://open.spotify.com/track/3fv3HNRNXb88kb1Aj1n0R9,love
0hJ0XSaDXsgHelVg2I1wEB,sitting under a tree,Ophelia Wilde,the secret diary,2023-08-11,0,134293,https://open.spotify.com/track/0hJ0XSaDXsgHelVg2I1wEB,love
48i1p3R9l9f7zjcHPJysZZ,Wind Song,Ludovico Einaudi,Underwater,2022-01-21,69,198649,https://open.spotify.com/track/48i1p3R9l9f7zjcHPJysZZ,love
0bxTNmEo5Swa650mh0Efdz,"I Wanted to Leave - Recorded Live at St. Mark's Cathedral, Seattle",SYML,Sacred Spaces,2021-11-19,43,173038,https://open.spotify.com/track/0bxTNmEo5Swa650mh0Efdz,love
0NA09EJ4C7LwvI7CvtpdnV,Mystery of Love [Instrumental] - Live,Hannah Stater,Mystery of Love [Instrumental] (Live),2020-02-26,57,234302,https://open.spotify.com/track/0NA09EJ4C7LwvI7CvtpdnV,love
1FaojBaCdNepbvsluSvnhg,once upon a time,Ophelia Wilde,"romance, reading & haunted libraries",2023-07-14,0,108486,https://open.spotify.com/track/1FaojBaCdNepbvsluSvnhg,love
0grbE261Cfm4FXIpckXlRF,Chiaroscuro,Niklas Blumenthaler,"Aemeralds presents: Library Aesthetics, Vol. 2",2023-09-29,0,141312,https://open.spotify.com/track/0grbE261Cfm4FXIpckXlRF,love
5svYCIAf09y1VqrGdqu42l,November,TWO LANES,Reflections (Piano Versions),2021-09-20,0,133511,https://open.spotify.com/track/5svYCIAf09y1VqrGdqu42l,love
5jXzfYTar9uvt9zAp5Q8bd,Blue Distance,Lorenzo Balzotti,Blue Distance,2023-07-07,0,155985,https://open.spotify.com/track/5jXzfYTar9uvt9zAp5Q8bd,love
5vhhdtEop2ZumFATS1m2Bu,marriage,Ophelia Wilde,"Aemeralds presents: Library Aesthetics, Vol. 2",2023-09-29,0,97964,https://open.spotify.com/track/5vhhdtEop2ZumFATS1m2Bu,love
7pcGcVUN9m12lfNuS3Xz8I,Once Upon a Time,Austin Farwell,Once Upon a Time,2022-02-01,62,92592,https://open.spotify.com/track/7pcGcVUN9m12lfNuS3Xz8I,love
6yV4O18jSA4WeYFuNbRlzc,Love Poem,Javi Lobe,Love Poem,2023-06-02,0,132208,https://open.spotify.com/track/6yV4O18jSA4WeYFuNbRlzc,love
2a8FNTijWDiS6HjmBtGLT6,Silence,TWO LANES,Drifting,2019-05-31,59,86250,https://open.spotify.com/track/2a8FNTijWDiS6HjmBtGLT6,love
0USxk5t5OAmw3JwCeW6VMu,The Red Dress,Dennis Korn,"Aemeralds presents: Library Aesthetics, Vol. 2",2023-09-29,0,123000,https://open.spotify.com/track/0USxk5t5OAmw3JwCeW6VMu,love
63UlcXS3kWJXph9FL5zeWA,See You Tomorrow,Evgeny Grinko,Orange Marmalade,2021-10-29,5,91303,https://open.spotify.com/track/63UlcXS3kWJXph9FL5zeWA,love
1xjwsu3B0CFDIU6DlPGRbw,moonlight waltz,Ophelia Wilde,"Aemeralds presents: Library Aesthetics, Vol. 2",2023-09-29,0,118967,https://open.spotify.com/track/1xjwsu3B0CFDIU6DlPGRbw,love
3o0JiKMZFGghuFxu92QITO,Clouds,Luke Faulkner,Clouds,2020-01-24,58,179187,https://open.spotify.com/track/3o0JiKMZFGghuFxu92QITO,love
70GkVu8UdXL1CHnXj0wx9W,I'll Be Seeing You,Jimmy Durante,The Notebook (Original Motion Picture Soundtrack),2004-06-08,0,192800,https://open.spotify.com/track/70GkVu8UdXL1CHnXj0wx9W,love
2IcqY68BxP1ONPi3ME6aje,"Evergreen (Love Theme from ""A Star Is Born"")",Barbra Streisand,A Star Is Born,1976-11,56,184800,https://open.spotify.com/track/2IcqY68BxP1ONPi3ME6aje,love
0uPvnhU6hNx8O4M79x8hyN,Deep In A Dream - Remastered 1998,Frank Sinatra,In The Wee Small Hours,1955,36,169373,https://open.spotify.com/track/0uPvnhU6hNx8O4M79x8hyN,love
2hE5Lm5XOHR4t3xlhIFauP,Fooled Around And Fell In Love,Elvin Bishop,Struttin' My Stuff,1975-01-01,62,276000,https://open.spotify.com/track/2hE5Lm5XOHR4t3xlhIFauP,love
32ssNweOtmacNBEC2kHzA8,Never My Love - Remastered Version,The Association,Insight Out,1967,57,187693,https://open.spotify.com/track/32ssNweOtmacNBEC2kHzA8,love
3Q3SDjueE8EBZn4NyXGtBo,Two Different Worlds,Engelbert Humperdinck,The Last Waltz,1967-11-25,37,153893,https://open.spotify.com/track/3Q3SDjueE8EBZn4NyXGtBo,love
24AIahNHzBxm9S12peXbnG,"Moon River (From ""Breakfast at Tiffany's"")",Andy Williams,Moon River And Other Great Movie Themes,1962,59,162893,https://open.spotify.com/track/24AIahNHzBxm9S12peXbnG,love
6s6h2XK7Nl8lEcTzr7ezeB,When I Fall In Love,Nat King Cole,Love Is The Thing,1957-08-01,65,190773,https://open.spotify.com/track/6s6h2XK7Nl8lEcTzr7ezeB,love
5sgg4cxgAIfvazN5PGBKK2,"My Romance - From ""Jumbo""",The Platters,All Time Movie Hits,1962-12-13,7,136200,https://open.spotify.com/track/5sgg4cxgAIfvazN5PGBKK2,love
0m4jVVZrsv0bLkAr1uM6UG,Do That To Me One More Time,Captain & Tennille,Make Your Move,1979-01-01,65,256666,https://open.spotify.com/track/0m4jVVZrsv0bLkAr1uM6UG,love
7ttWSKqh526y2NImkQvuW3,My Heart Reminds Me - Remastered 1998,Dean Martin,Italian Love Songs,1962-02-05,33,158813,https://open.spotify.com/track/7ttWSKqh526y2NImkQvuW3,love
03OArDwBMEgtTDcty84Rcp,The Last Waltz,Engelbert Humperdinck,The Last Waltz,1967-11-25,60,184186,https://open.spotify.com/track/03OArDwBMEgtTDcty84Rcp,love
5hffP5gJFe1zByXf7BIeYq,This Guy's In Love With You,Herb Alpert & The Tijuana Brass,The Beat Of The Brass,1968-05-01,53,239733,https://open.spotify.com/track/5hffP5gJFe1zByXf7BIeYq,love
63xdwScd1Ai1GigAwQxE8y,Let's Stay Together,Al Green,Let's Stay Together,1972,78,199396,https://open.spotify.com/track/63xdwScd1Ai1GigAwQxE8y,love
5cspPF5NWzAaKv176DCzTu,Forever - Remastered 2009,The Beach Boys,50 Big Ones: Greatest Hits,2012-01-01,25,161706,https://open.spotify.com/track/5cspPF5NWzAaKv176DCzTu,love
4JLftssaZA9VKwV5bLyaxQ,Love Me With All Your Heart (Cuando Calienta El Sol),Engelbert Humperdinck,We Made It Happen,1970-07-11,58,201546,https://open.spotify.com/track/4JLftssaZA9VKwV5bLyaxQ,love
2kLdU4ecqdeBmlOretDuq0,Sleepy Lagoon,Harry James,Best Of The Big Bands,1990-06-19,34,174866,https://open.spotify.com/track/2kLdU4ecqdeBmlOretDuq0,love
17iPC7fomsZaWXLTZgEmNh,"Love Me, Please Love Me",Michel Polnareff,Love Me Please Love Me,1966-01-01,0,260666,https://open.spotify.com/track/17iPC7fomsZaWXLTZgEmNh,love
0S5cs4lAkx99tGjoWS4Jtk,Only You (And You Alone),The Platters,The Magic Touch: An Anthology,1991-01-01,56,156666,https://open.spotify.com/track/0S5cs4lAkx99tGjoWS4Jtk,love
5EdlwzcgIAYs2HGvOnczPN,I Just Want To Be Your Everything,Andy Gibb,Flowing Rivers,1977-09-09,67,225666,https://open.spotify.com/track/5EdlwzcgIAYs2HGvOnczPN,love
5Nz4J5cENiF5Pxov6hqmHa,Somewhere In Time,John Barry,Somewhere In Time (Original Motion Picture Soundtrack),1980-01-01,49,181293,https://open.spotify.com/track/5Nz4J5cENiF5Pxov6hqmHa,love
3uCXarDsIYEJ6noaI64jhW,Enchanted,The Platters,The Magic Touch: An Anthology,1991-01-01,33,172293,https://open.spotify.com/track/3uCXarDsIYEJ6noaI64jhW,love
48D177fBErMz5p4zeAW1N5,Unforgettable (Duet with Nat King Cole),Natalie Cole,Unforgettable: With Love,1991,0,210906,https://open.spotify.com/track/48D177fBErMz5p4zeAW1N5,love
2HUAjeHWA7FQNbnWhlboOL,Moon River(Original Main Title),Henry Mancini,Breakfast At Tiffany's (50th Anniversary Edition),1961,2,159744,https://open.spotify.com/track/2HUAjeHWA7FQNbnWhlboOL,love
0gljCof9FFOHKvxznqNR23,Moon River,Henry Mancini,Breakfast at Tiffany's,1961-10-19,46,161520,https://open.spotify.com/track/0gljCof9FFOHKvxznqNR23,love
2ZLVZFxbt5y0jXj1Ljcm2d,My Heart Belongs to Only You,Bobby Vinton,There I've Said It Again,1964,37,166826,https://open.spotify.com/track/2ZLVZFxbt5y0jXj1Ljcm2d,love
4smkJW6uzoHxGReZqqwHS5,I'll Be Seeing You,Billie Holiday,Billie Holiday,1957-01-01,70,211533,https://open.spotify.com/track/4smkJW6uzoHxGReZqqwHS5,love
45FLu3nL1iMYXYPzhqLdko,"Where Do I Begin - Love Theme from ""Love Story""",Andy Williams,Love Story,1971-02-03,55,189066,https://open.spotify.com/track/45FLu3nL1iMYXYPzhqLdko,love
7BJSgkVUyvPY1JfvJeyh2j,Too Many Looks In Your Eyes,Andy Gibb,Flowing Rivers,1977-09-09,25,250666,https://open.spotify.com/track/7BJSgkVUyvPY1JfvJeyh2j,love
4y8icjzu6fZP503Mg31Tpn,My Romance,Ella Fitzgerald,Ella Fitzgerald Sings The Rodgers And Hart Song Book,1956-01-01,48,224226,https://open.spotify.com/track/4y8icjzu6fZP503Mg31Tpn,love
4aVz0wlJLCsU92yN5vytyV,We Have all The Time in the World,Louis Armstrong,Hello Louis - The Hit Years (1963-1969),2010-01-01,0,192200,https://open.spotify.com/track/4aVz0wlJLCsU92yN5vytyV,love
0OAnoLrIVxpdne3mkVLrwr,We Have All The Time In The World - From “On Her Majesty’s Secret Service” Soundtrack / Remastered 2003,Louis Armstrong,On Her Majesty's Secret Service (Expanded Edition),2003-01-01,54,195560,https://open.spotify.com/track/0OAnoLrIVxpdne3mkVLrwr,love
7yED4n2U8RR5LKZVmisiev,The Way You Look Tonight,Tony Bennett,"Rarities, Outtakes & Other Delights, Vol. 2",2012-11-17,60,203306,https://open.spotify.com/track/7yED4n2U8RR5LKZVmisiev,love
7xtv50zlQz5eHGhnMhYrdl,Main Title,"The Hollywood Studio Symphony, Aaron Zigman",The Notebook: Original Motion Picture Soundtrack,2004,0,168266,https://open.spotify.com/track/7xtv50zlQz5eHGhnMhYrdl,love
2jgDtUC0uCd9nDuu5CSM3r,Stardust,Nat King Cole,Sleepless In Seattle: Original Motion Picture Soundtrack,1993-06-14,0,193200,https://open.spotify.com/track/2jgDtUC0uCd9nDuu5CSM3r,love
3l8YZRyOFGLUGiE67a0Meq,Overture,"The Hollywood Studio Symphony, Aaron Zigman",The Notebook: Original Motion Picture Soundtrack,2004,0,372960,https://open.spotify.com/track/3l8YZRyOFGLUGiE67a0Meq,love
6eDYgjKl4vUgRusxb7THDu,True - Single Edit,Spandau Ballet,Gold - The Best of Spandau Ballet,2000-05-15,57,329146,https://open.spotify.com/track/6eDYgjKl4vUgRusxb7THDu,love
2smIP4YA9Z9JwfP72Ku0ZN,As Time Goes By,Jimmy Durante,Sleepless In Seattle: Original Motion Picture Soundtrack,1993-06-14,0,146160,https://open.spotify.com/track/2smIP4YA9Z9JwfP72Ku0ZN,love
6tot6P6zA7YaCB9xkjfI0f,Run to Me (with Barry Manilow),"Dionne Warwick, Barry Manilow",Finder of Lost Loves (Expanded Edition),1985,36,275093,https://open.spotify.com/track/6tot6P6zA7YaCB9xkjfI0f,love
30IpEYZRHYmS8yZyMM5aYK,An Everlasting Love,Andy Gibb,Shadow Dancing,1978-04-04,56,250360,https://open.spotify.com/track/30IpEYZRHYmS8yZyMM5aYK,love
0Um5yRo7dOIKpIQpGKT4mW,I Have But One Heart ('O Marenariello) - Remastered 1998,Dean Martin,Italian Love Songs,1962-02-05,40,182106,https://open.spotify.com/track/0Um5yRo7dOIKpIQpGKT4mW,love
3R66VdKe8d4YGnRQmwfsV1,Now,Carpenters,The Essential Collection (1965-1997),2002-10-15,10,231600,https://open.spotify.com/track/3R66VdKe8d4YGnRQmwfsV1,love
6LahUh0U4umx6hDFfVWlGi,You Don't Know Me,Ray Charles,"Modern Sounds in Country and Western Music, Vols 1 & 2",2009-06-02,0,196920,https://open.spotify.com/track/6LahUh0U4umx6hDFfVWlGi,love
1kwNHkKXJ4c4MchgATAOBJ,I Believe In You And Me - Film Version,Whitney Houston,The Preacher's Wife,1996-11-27,50,241960,https://open.spotify.com/track/1kwNHkKXJ4c4MchgATAOBJ,love
65O89M7GMB8pA88VyxxJm7,All Of You,Ella Fitzgerald,Ella Fitzgerald Sings The Cole Porter Song Book,1956-01-01,50,104360,https://open.spotify.com/track/65O89M7GMB8pA88VyxxJm7,love
79nJj5dMyTsUzKvN5jUXsJ,I Can't Stop Loving You,Ray Charles,"Modern Sounds in Country and Western Music, Vols 1 & 2",2009-06-02,0,256120,https://open.spotify.com/track/79nJj5dMyTsUzKvN5jUXsJ,love
6KkU65DQi9fDtU5IEFtn6Z,I Love You Yes I Do,The Platters,16 Greatest Hits,2021-02-02,0,155266,https://open.spotify.com/track/6KkU65DQi9fDtU5IEFtn6Z,love
790YJcgHlN3SaosQCHlWzn,Love Of My Life - Remastered 2011,Queen,A Night At The Opera (Deluxe Remastered Version),1975-11-21,57,217400,https://open.spotify.com/track/790YJcgHlN3SaosQCHlWzn,love
5gY4VltjrwcKtRn5u2TWWO,We Have All The Time In The World (from On Her Majesty's Secret Service),John Barry,Moviola,1992-09-24,34,180893,https://open.spotify.com/track/5gY4VltjrwcKtRn5u2TWWO,love
4bgfMOKbX5q7XHRECffBl5,And I Love You So,Don McLean,Favorites & Rarities (World),1992-01-01,46,257693,https://open.spotify.com/track/4bgfMOKbX5q7XHRECffBl5,love
7cUKT1Wiwve4E5iRFOLVmz,La javanaise,Serge Gainsbourg,N°4,1962-01-01,52,149240,https://open.spotify.com/track/7cUKT1Wiwve4E5iRFOLVmz,love
5ZHOiRqKOzgFMfMAu8cwzp,(You're My) Soul And Inspiration,The Righteous Brothers,The Very Best Of The Righteous Brothers - Unchained Melody,1990,42,201253,https://open.spotify.com/track/5ZHOiRqKOzgFMfMAu8cwzp,love
4rTozJf2UY14LNG6Q3E321,I Have But One Heart,"Al Martino, Carlo Savina",The Godfather,1991-01-01,48,177733,https://open.spotify.com/track/4rTozJf2UY14LNG6Q3E321,love
30QD4VRP9yEneOh0eGTrtJ,Solitude,Billie Holiday,Solitude,1956-01-01,66,207600,https://open.spotify.com/track/30QD4VRP9yEneOh0eGTrtJ,love
7eafuv44YprITfOdzfVLoU,"Hungry Eyes - From ""Dirty Dancing"" Soundtrack",Eric Carmen,Dirty Dancing (Original Motion Picture Soundtrack),1987-09-24,61,248426,https://open.spotify.com/track/7eafuv44YprITfOdzfVLoU,love
1jwFU6N6giBRr2NON3fGiM,(I'll Remember) In The Still Of The Night,The Five Satins,Dirty Dancing (Original Motion Picture Soundtrack),1987-09-24,42,185600,https://open.spotify.com/track/1jwFU6N6giBRr2NON3fGiM,love
1a9EyBydOYhE7SGSodUIjP,(I Don't Know Why) But I Do,"Clarence ""Frogman"" Henry","Ain't Got No Home: The Best Of Clarence ""Frogman"" Henry (Reissue)",1994-04-26,46,141200,https://open.spotify.com/track/1a9EyBydOYhE7SGSodUIjP,love
3vTqP6AT8d6KLHp54uPwZB,The More I See You,Al Martino,Great Gentlemen Of Song / Spotlight On Al Martino,1996-01-01,21,173693,https://open.spotify.com/track/3vTqP6AT8d6KLHp54uPwZB,love
1ndRc8gZMyybqhTMhZjPot,The Way You Look Tonight,Fred Astaire,The Essential Fred Astaire,2004-03-30,37,188240,https://open.spotify.com/track/1ndRc8gZMyybqhTMhZjPot,love
6kD1SNGPkfX9LwaGd1FG92,Put Your Dreams Away (For Another Day),Frank Sinatra,Sinatra Sings His Greatest Hits,1997-04-11,21,186173,https://open.spotify.com/track/6kD1SNGPkfX9LwaGd1FG92,love
4G6jA7t2ylv1jj8D2HPprC,Mr. Wonderful,"Peggy Lee, Sy Oliver & His Orchestra",Miss Wonderful,1959,27,197973,https://open.spotify.com/track/4G6jA7t2ylv1jj8D2HPprC,love
76toa0fGRW8bcx6g5xxuHS,"Some Enchanted Evening - From the Musical Production ""South Pacific""",Perry Como,Today & Yesterday,1993-10-25,0,209400,https://open.spotify.com/track/76toa0fGRW8bcx6g5xxuHS,love
3cco5vdDFUcGLEB8bf9jmo,For Once In My Life - Remastered/1994,Nancy Wilson,Welcome To My Love,1968-01-01,43,188240,https://open.spotify.com/track/3cco5vdDFUcGLEB8bf9jmo,love
6nYyd4vfb831h391mt3GWU,I Can't Believe That You're In Love With Me,Billie Holiday,Billie Holiday Love Songs,1996-01-30,32,167333,https://open.spotify.com/track/6nYyd4vfb831h391mt3GWU,love
40VEaR93TNKmQAMueQatqI,All That I Am,Elvis Presley,Spinout,1966-10-24,28,136586,https://open.spotify.com/track/40VEaR93TNKmQAMueQatqI,love
3Qg7WE98qRezh4Jq9fCKr8,Just Once In My Life,The Righteous Brothers,Just Once In My Life,1965-04-04,37,227013,https://open.spotify.com/track/3Qg7WE98qRezh4Jq9fCKr8,love
2cI7j96n1rfv4RNKuri4or,Summer Wind,Frank Sinatra,Strangers In The Night (Expanded Edition),1966-05,62,178253,https://open.spotify.com/track/2cI7j96n1rfv4RNKuri4or,love
6vXZs9rEQF7Nd6O8Ue7NrT,Are You Lonesome Tonight,Elvis Presley,"Elvis' Golden Records, Vol. 3",1963-08-11,50,187026,https://open.spotify.com/track/6vXZs9rEQF7Nd6O8Ue7NrT,love
5X0M16GjlZYN1WjPNzerb5,As Time Goes By,Dooley Wilson,Casablanca (Original Motion Picture Soundtrack),1943-01-23,41,164586,https://open.spotify.com/track/5X0M16GjlZYN1WjPNzerb5,love
6NbafAIb88QB7EP8ZwDcon,Love Letters,Engelbert Humperdinck,Engelbert Humperdinck,1969-12-06,43,143106,https://open.spotify.com/track/6NbafAIb88QB7EP8ZwDcon,love
4CluYqygFAd3OK9audWRRP,As Time Goes By,The Flamingos,Flamingo Serenade,1959-08-11,28,169706,https://open.spotify.com/track/4CluYqygFAd3OK9audWRRP,love
2yDHFlo2So4ZMKP2bWGE6R,Once In A While,The Chimes,Once In A While - Doo Wop Classics,2011-07-01,27,149280,https://open.spotify.com/track/2yDHFlo2So4ZMKP2bWGE6R,love
5Zu9mG353GB3p26t7M5AmR,Trust In Me,Etta James,At Last!,1960,61,178466,https://open.spotify.com/track/5Zu9mG353GB3p26t7M5AmR,love
1dPUQhlNGEaDm9Qi1vcL7I,And I Love Him,Esther Phillips,And I Love Him,1966-01-01,44,158733,https://open.spotify.com/track/1dPUQhlNGEaDm9Qi1vcL7I,love
0aW5JH6RnfTv5cGvPS3cca,Without You,Air Supply,The Earth Is...,1991-07-19,68,272626,https://open.spotify.com/track/0aW5JH6RnfTv5cGvPS3cca,love
7bqfZygxuq03hqffjswjCK,Love Me with All Your Heart (Cuando Calienta El Sol),Ken Dodd,Ken Dodd,1991,30,163026,https://open.spotify.com/track/7bqfZygxuq03hqffjswjCK,love
5ru3nEtJjwEGjzPq3si0de,That's All - Remastered,Nat King Cole,This Is Nat King Cole,1957-08-01,43,179666,https://open.spotify.com/track/5ru3nEtJjwEGjzPq3si0de,love
7hmk1gn8g7bGHN0RI7RaGx,All Of My Life,Barbra Streisand,The Mirror Has Two Faces - Music From The Motion Picture,1996-10-15,42,216426,https://open.spotify.com/track/7hmk1gn8g7bGHN0RI7RaGx,love
6XY98fS4Ko4pqJl2tZivWf,For Sentimental Reasons,The Righteous Brothers,Back To Back,1965-02-17,42,170826,https://open.spotify.com/track/6XY98fS4Ko4pqJl2tZivWf,love
17mWwFjDhyfBLvKbrc3VLX,My Love Will Never Die,The Channels,Bye Bye Baby,1959-10-12,38,145028,https://open.spotify.com/track/17mWwFjDhyfBLvKbrc3VLX,love
28UMiBhn383n9S7GL4tsxD,"Because You Loved Me (Theme from ""Up Close and Personal"")",Céline Dion,Falling into You,1996-03-11,77,273666,https://open.spotify.com/track/28UMiBhn383n9S7GL4tsxD,love
5v6oi6A4NmqYQ5dwoSkiVx,P.S I Love You,Bobby Vinton,Please Love Me Forever,1967,29,144311,https://open.spotify.com/track/5v6oi6A4NmqYQ5dwoSkiVx,love
13HMGtyEDsi8d4ZJAK0ZLu,Forever,Barbara Mason,"Oh, How It Hurts",1968-01-01,58,178066,https://open.spotify.com/track/13HMGtyEDsi8d4ZJAK0ZLu,love
73GR50SgGV5hybgWDSFWtD,You Make Me Feel Brand New,The Stylistics,Rockin' Roll Baby,1973-10-23,63,288440,https://open.spotify.com/track/73GR50SgGV5hybgWDSFWtD,love
3kQ8phZBhMYWO447GY9iNn,"Ambient Sleep Sounds (Mindfulness & Relaxation), Pt. 01",Sleepy John,Ambient Sleep Sounds (Mindfulness & Relaxation),2018,50,122000,https://open.spotify.com/track/3kQ8phZBhMYWO447GY9iNn,love
1OwqCZehtk4hSrjbs8FQkl,Eskimo Kiss,Sandra Iris,a very indiemono christmas | indie compilation,2025-11-14,0,133495,https://open.spotify.com/track/1OwqCZehtk4hSrjbs8FQkl,love
01WFjqzUwrD4nfSQsHMVNm,Ma Tnsani (Yalla Habibi),"Vanco, AYA",Ma Tnsani (Yalla Habibi),2025-04-04,75,220000,https://open.spotify.com/track/01WFjqzUwrD4nfSQsHMVNm,love
1NkhNXHEv33NZgMF4W4SeB,Cloudy Eyes (Dance Tonight),"Reznik, Jesse Boykins III, Keinemusik",Cloudy Eyes (Dance Tonight),2025-09-26,64,264056,https://open.spotify.com/track/1NkhNXHEv33NZgMF4W4SeB,love
5IMfr4cTrSqrVDbnHCuMCT,Calypso,"Louis Bongo, Fadhilee Itulya",Calypso,2025-10-31,47,204793,https://open.spotify.com/track/5IMfr4cTrSqrVDbnHCuMCT,love
4PjAtEHN8MXgXFQwTxIWva,Contesto,"Massuma, DOSAMIS",Contesto,2025-07-04,60,206829,https://open.spotify.com/track/4PjAtEHN8MXgXFQwTxIWva,love
17355cMWlYjMTOmYk1MKZb,More Bongo Please,"Louis Bongo, Kamau Abayomi",More Bongo Please,2025-06-13,52,276198,https://open.spotify.com/track/17355cMWlYjMTOmYk1MKZb,love
5u9x7pvd4Kbhhhrpe53pRL,Dancing,"Grigoré, Serve Cold, Jaguar Jaguar",Dancing,2025-06-06,61,225247,https://open.spotify.com/track/5u9x7pvd4Kbhhhrpe53pRL,love
7qrnsZLQIjYljtyWUkmZNa,Muhuuuuu,"Lazare, ADDAM (BE)",Muhuuuuu,2025-01-17,67,163195,https://open.spotify.com/track/7qrnsZLQIjYljtyWUkmZNa,love
05RTjnxD40oftexk9ihjTs,Beba,Rose Caviar,Beba,2025-06-27,55,226341,https://open.spotify.com/track/05RTjnxD40oftexk9ihjTs,love
7IQDLhMpgQ23GIHh550TT9,Another Life - Marten Lou Remix,"Naomi Sharon, Marten Lou",Another Life (Remixes),2023-08-24,57,303068,https://open.spotify.com/track/7IQDLhMpgQ23GIHh550TT9,love
31yljlcH1pEm4Dz85D1KGC,Body Language,Samm (BE),Body Language,2025-07-11,64,179016,https://open.spotify.com/track/31yljlcH1pEm4Dz85D1KGC,love
1ZL3SqTuxX5YtB2J3vFFVm,Wanko,BAYÉ,Wanko,2025-07-04,49,218000,https://open.spotify.com/track/1ZL3SqTuxX5YtB2J3vFFVm,love
0cgODPSGPfVKvJ3ZarsK70,La Verdolaga (feat. Totó La Momposina),"HUGEL, Totó La Momposina",La Verdolaga (feat. Totó La Momposina),2024-06-28,2,150987,https://open.spotify.com/track/0cgODPSGPfVKvJ3ZarsK70,love
49GpUfc9M09eGET6yBJUAj,Gorah,"Nitefreak, Emmanuel Jal",Gorah,2023-11-03,68,246000,https://open.spotify.com/track/49GpUfc9M09eGET6yBJUAj,love
5hJcyuLIlIpOTDHtVeoh9S,Ethnica (Pasilda),"Nico de Andrea, Vanetty, Afro Medusa",Ethnica (Pasilda),2024-07-19,59,170157,https://open.spotify.com/track/5hJcyuLIlIpOTDHtVeoh9S,love
2jxJzUWxqX2fnQTD9lmi2x,Papi (Bhabi),Eden Shalev,Papi (Bhabi),2022-12-02,58,346125,https://open.spotify.com/track/2jxJzUWxqX2fnQTD9lmi2x,love
48fuibM2qA8ccoaNSjk2vX,Chasing A Feeling,"Adassiya, Fiction, YUSO",Chasing A Feeling,2025-10-24,46,217500,https://open.spotify.com/track/48fuibM2qA8ccoaNSjk2vX,love
1Rh8OSTma2g6BdfBYXiTrq,Nothing On Me,"Maz, APACHE (FR), MAXI MERAKI, Tabia",Nothing On Me,2023-07-14,62,242294,https://open.spotify.com/track/1Rh8OSTma2g6BdfBYXiTrq,love
6CqPGAoMqPoOGCfxSKuKtC,This Is My Life - Bontan Remix,"HoneyLuv, Roland Clark, Bontan",This Is My Life (Bontan Remix),2024-02-23,61,202500,https://open.spotify.com/track/6CqPGAoMqPoOGCfxSKuKtC,love
5JIC3AqDuyFtva4oExpNcx,Believe,Super Flu,Believe,2024-07-19,58,230000,https://open.spotify.com/track/5JIC3AqDuyFtva4oExpNcx,love
1MLxfMNuBOYnCbZDMhb1Zl,Hey Hey - Jack Back Remix,"Dennis Ferrer, Jack Back, David Guetta",Hey Hey (Jack Back Remix),2024-02-02,2,149528,https://open.spotify.com/track/1MLxfMNuBOYnCbZDMhb1Zl,love
1uocWi1fMR0GHOJQNGU0Bi,RUMBLE,RUSH AVENUE,RUMBLE,2025-01-17,49,209642,https://open.spotify.com/track/1uocWi1fMR0GHOJQNGU0Bi,love
41TZ7YP0hzQLnZ3pL0x7uz,Banho de Folhas - Maz Remix,"Luedji Luna, Maz, Dawn Patrol",Banho de Folhas (Maz Remix),2022-04-06,58,215476,https://open.spotify.com/track/41TZ7YP0hzQLnZ3pL0x7uz,love
6tE5zuD7eC7cV2O1IyjRLX,Anchor Point,"Ahmed Spins, Stevo Atambire",Anchor Point EP,2022-06-03,67,359024,https://open.spotify.com/track/6tE5zuD7eC7cV2O1IyjRLX,love
57e5ib2PnvuiaTvaI4jGDp,Premier Gaou - Nitefreak Remix,"Francis Mercier, Magic System, Nitefreak",Premier Gaou (Nitefreak Remix),2021-11-05,67,222295,https://open.spotify.com/track/57e5ib2PnvuiaTvaI4jGDp,love
6haDUN6avkD3hgIalNJkyt,LOW,"Serve Cold, Grigoré, Jaguar Jaguar",LOW,2025-08-29,59,185000,https://open.spotify.com/track/6haDUN6avkD3hgIalNJkyt,love
2XO3e2an4hrrEHsUU6zje3,Mind and Body,"Mannymore, feva., Orfa",Mind and Body,2025-02-28,48,179517,https://open.spotify.com/track/2XO3e2an4hrrEHsUU6zje3,love
1dIgMBhevUWAxpJr5WRUh3,Skin,"EMOTIONAL, Eleonora",Skin,2025-03-07,54,166611,https://open.spotify.com/track/1dIgMBhevUWAxpJr5WRUh3,love
4UHPdV0a90USlUxUgnXIU2,Told You,"Kiko Franco, Moser, Dyve",Told You,2024-02-02,54,242560,https://open.spotify.com/track/4UHPdV0a90USlUxUgnXIU2,love
56PS9rUrkwa1TYG6l1Vb0v,stay,Aden Lou,stay,2025-04-25,67,185942,https://open.spotify.com/track/56PS9rUrkwa1TYG6l1Vb0v,love
47pijfgcSq0ya8SLExKCxa,The Rhythm,THEMBA,The Rhythm,2023-06-30,50,199044,https://open.spotify.com/track/47pijfgcSq0ya8SLExKCxa,love
1jAx40KV2Azdq3ACzqWEmt,Mano Mano - Notre Dame Remix,"Thee Suka, Notre Dame",Mano Mano Remixes,2022-12-09,51,352277,https://open.spotify.com/track/1jAx40KV2Azdq3ACzqWEmt,love
4DndSKZKWXbbBxi5lO4QUP,El Sueno,"HUGEL, Cumbiafrica",El Sueno,2022-02-18,62,171428,https://open.spotify.com/track/4DndSKZKWXbbBxi5lO4QUP,love
0ygBH3av9v8hPFPdfdIpgu,San Juan - Band&Dos Remix,"Calussa, Sebastian Rivero, Band&dos",San Juan,2022-01-28,53,210967,https://open.spotify.com/track/0ygBH3av9v8hPFPdfdIpgu,love
0myg1xpU621eIkX5j2mhk2,Loca,RAVI,Loca,2025-07-11,46,232000,https://open.spotify.com/track/0myg1xpU621eIkX5j2mhk2,love
4Pyng2GRqbQe4ElWkcendQ,Barcelonia,"Nathan Rux, LuxNite, feva.",Barcelonia,2024-06-07,51,173609,https://open.spotify.com/track/4Pyng2GRqbQe4ElWkcendQ,love
1rakaaEKMNAvqBjRJwRnx9,Dare Your Move,MAXI MERAKI,Dare Your Move,2022-11-25,57,169180,https://open.spotify.com/track/1rakaaEKMNAvqBjRJwRnx9,love
0OHEgl26njhrxDYsy9AM4C,Work - Super Flu Remix,"Pupa Nas T, Kevin McKay, Super Flu, Denise Belfon",Work (Super Flu Remix),2025-06-20,47,207541,https://open.spotify.com/track/0OHEgl26njhrxDYsy9AM4C,love
36bfmJ0xpOO7VZmFx60U8l,Ulale,"feva., Isidoros",Ulale,2025-05-30,48,212324,https://open.spotify.com/track/36bfmJ0xpOO7VZmFx60U8l,love
3B8O3WgOaiKRcozz7AkIJi,Madan - Remix,Salif Keita,Moffou,2002-01-01,0,191693,https://open.spotify.com/track/3B8O3WgOaiKRcozz7AkIJi,love
3XCG6g2qjsbSWZbGiPONod,Solaris - Sabb Radiant Mix,"Nico Morano, Jinadu, Sabb",Solaris (Sabb Radiant Mix),2019-08-15,54,178642,https://open.spotify.com/track/3XCG6g2qjsbSWZbGiPONod,love
3x1cJJJuwuJnzRuv7rrAnH,Ilesa,Tiwoan & Lance,Ilesa,2024-08-09,49,179026,https://open.spotify.com/track/3x1cJJJuwuJnzRuv7rrAnH,love
620eMyji7XM9zf0kHwDsys,Não Sei Parar,"Bhaskar, Afterclapp",Não Sei Parar,2023-06-08,49,205500,https://open.spotify.com/track/620eMyji7XM9zf0kHwDsys,love
5vaNPQoye1DYsXj0yckiCk,Cure My Desire (feat. Clementine Douglas) - Themba Remix,"Hannah Wants, Clementine Douglas, THEMBA",Cure My Desire (feat. Clementine Douglas) [Themba Remix],2023-01-06,0,220252,https://open.spotify.com/track/5vaNPQoye1DYsXj0yckiCk,love
7vVvsrRjGtEkKHaLxSG8Pn,Every Breath You Take,"Simone Vitullo, Seraphiel",Every Breath You Take,2022-06-10,54,195362,https://open.spotify.com/track/7vVvsrRjGtEkKHaLxSG8Pn,love
1TVeCLmOhfvBm68Okc6xmo,Mi Casa,"2fox, Nandi",Mi Casa,2021-09-24,54,167397,https://open.spotify.com/track/1TVeCLmOhfvBm68Okc6xmo,love
23xHKVpe8QA9Nv0yoBQQ0P,Vha Vhenda (THEMBA's Herd Mix),"THEMBA, Philip Tabane",Heritage,2022-12-02,51,164606,https://open.spotify.com/track/23xHKVpe8QA9Nv0yoBQQ0P,love
1LNIixrmACzG6TEK1YEOyE,Mawu,"Augusto Yepes, Presi On, Renate",Mawu,2023-07-28,49,212268,https://open.spotify.com/track/1LNIixrmACzG6TEK1YEOyE,love
0dujwp2I4mBJGG6KvFN6L8,Bame Dame,Eran Hersh,Bame Dame,2023-02-10,52,192895,https://open.spotify.com/track/0dujwp2I4mBJGG6KvFN6L8,love
2BHj31ufdEqVK5CkYDp9mA,Mayonaka no Door / Stay With Me,Miki Matsubara,Miki Matsubara Best Collection,2008,76,312293,https://open.spotify.com/track/2BHj31ufdEqVK5CkYDp9mA,love
5N6lcz1UZJVaX2gFjREz5c,Flyday Chinatown by Yasuha,MesmoLate,Flyday Chinatown by Yasuha,2020-12-05,1,205139,https://open.spotify.com/track/5N6lcz1UZJVaX2gFjREz5c,love
2lV8YY0GQYXgtUWXM4NJ4X,4:00A.M.,Taeko Onuki,Mignonne,1978,0,336960,https://open.spotify.com/track/2lV8YY0GQYXgtUWXM4NJ4X,love
7rU6Iebxzlvqy5t857bKFq,Plastic Love,Mariya Takeuchi,Expressions,2008-05-21,65,294493,https://open.spotify.com/track/7rU6Iebxzlvqy5t857bKFq,love
4xu0gZ96zx1G7UdajUGDqD,私達を信じていて,Cindy,Angel Touch,1990,57,352560,https://open.spotify.com/track/4xu0gZ96zx1G7UdajUGDqD,love
0rMCyuZ1Ltsb5yi7ls0s14,Must Be Lucky　〜愛の国へ〜,Cindy,Angel Touch,1990,52,292666,https://open.spotify.com/track/0rMCyuZ1Ltsb5yi7ls0s14,love
3nByGKtrUugm8bfsNGazAV,Telephone Number,Junko Ohashi,TOKYO - CITY POP -,2020-11-01,0,239013,https://open.spotify.com/track/3nByGKtrUugm8bfsNGazAV,love
0VGSlDthFLbr5Lp1P6DFuK,F・L・Y,Spectrum,オプティカル・サンライズ／スペクトラム２,1991-01-21,39,210389,https://open.spotify.com/track/0VGSlDthFLbr5Lp1P6DFuK,love
0JUWF44gfMszGNhjCF7Ufs,Midnight Pretenders,Tomoko Aran,浮遊空間,1983,63,345266,https://open.spotify.com/track/0JUWF44gfMszGNhjCF7Ufs,love
1DWfjSM4lKBjg7hQLwYkr2,ひと夏のタペストリー,Tomoko Aran,浮遊空間,1983,52,269933,https://open.spotify.com/track/1DWfjSM4lKBjg7hQLwYkr2,love
5LZja1KAke25BqjsidAcsq,Good Bye Boogie Dance,Anri,Bi・Ki・Ni,1983-06-05,56,272093,https://open.spotify.com/track/5LZja1KAke25BqjsidAcsq,love
49C8nrvpeleLLF8FNnh5Cx,LAZY DANCE - Non Stop Mix ver.,Yoko Oginome,"TOKYO 1980s Victor Edition (The Alternate Mix) Boogie, Funk & Modern Soul from Japan ～Non Stop Mix ver.～",2018-10-31,49,172984,https://open.spotify.com/track/49C8nrvpeleLLF8FNnh5Cx,love
3X1zjWMo6qtwcDNcxZzkxe,Magic!,リアムMAZE1981,Summer Lovin',2018-05-30,0,275946,https://open.spotify.com/track/3X1zjWMo6qtwcDNcxZzkxe,love
5WTCHYg9G27e9e5HFKGdd1,Sweet Love,Junko Ohashi,THE BEST SONGS OF JUNKO OHASHI,1998-12-05,0,289333,https://open.spotify.com/track/5WTCHYg9G27e9e5HFKGdd1,love
5tAINIC5mrsL4yu3Pi8Krb,愛が止まらない ～Turn It Into Love～,Wink,Reminiscence,1995,0,211426,https://open.spotify.com/track/5tAINIC5mrsL4yu3Pi8Krb,love
4M9Op6UQ36mhtjMBuevRYN,Dress Down,Kaoru Akimoto,Cologne,1986,58,272533,https://open.spotify.com/track/4M9Op6UQ36mhtjMBuevRYN,love
37NPLfEZQQ0rZTa9SRqWBL,midnight cruisin',Kingo Hamada,midnight cruisin',1982-10-21,58,283000,https://open.spotify.com/track/37NPLfEZQQ0rZTa9SRqWBL,love
1f76rJMP93OCXuDn3lzq0S,男と女,Junko Ohashi,THE BEST SONGS OF JUNKO OHASHI,1998-12-05,0,287333,https://open.spotify.com/track/1f76rJMP93OCXuDn3lzq0S,love
2GWrllGqXji3zboRZZItyy,Bewitched (Are You Leaving Soon),Naomi Akimoto,The 20th Anniversary,1982-12-12,49,284333,https://open.spotify.com/track/2GWrllGqXji3zboRZZItyy,love
1qUo7d5lAOclNVbTUY0A2R,Remember Summer Days,Anri,Timely!!,1983-12-05,65,295666,https://open.spotify.com/track/1qUo7d5lAOclNVbTUY0A2R,love
3FYDqY5BRtx3IVSaiQZSze,悲しみがとまらない　I CAN'T STOP THE LONELINESS,Anri,Timely!!,1983-12-05,69,263706,https://open.spotify.com/track/3FYDqY5BRtx3IVSaiQZSze,love
7fgmo2cHGzWLexkRhBeECj,WINDY SUMMER,Anri,Timely!!,1983-12-05,59,246693,https://open.spotify.com/track/7fgmo2cHGzWLexkRhBeECj,love
7KYzARBusZhyZ6jygZDmVr,SHYNESS BOY,Anri,Timely!!,1983-12-05,60,196666,https://open.spotify.com/track/7KYzARBusZhyZ6jygZDmVr,love
0SNdUPM8z7PlBlN3pyqVjB,我がままなハイヒール,Kaoru Akimoto,Cologne,1986,51,303426,https://open.spotify.com/track/0SNdUPM8z7PlBlN3pyqVjB,love
5ao8tEjVqtn9zx0YHvtNRU,君は1000%,1986 OMEGA TRIBE,Navigator,1986-07-23,0,251266,https://open.spotify.com/track/5ao8tEjVqtn9zx0YHvtNRU,love
1H9RGVK5hw404lHcKCSA67,サンセット・ロード,高橋玲子,"TOKYO 1980s Victor Edition (The Compilation) Boogie, Funk & Modern Soul from Japan",2018-12-05,53,258000,https://open.spotify.com/track/1H9RGVK5hw404lHcKCSA67,love
38LUbz74v3nmP8x0efElw2,Last Summer Whisper,Anri,Heaven Beach,1982-11-21,62,299680,https://open.spotify.com/track/38LUbz74v3nmP8x0efElw2,love
20JcU4ZiYAuKE4oIal8WoV,DRIVING MY LOVE,Anri,Timely!!,1983-12-05,54,291426,https://open.spotify.com/track/20JcU4ZiYAuKE4oIal8WoV,love
1a6dXyCu3izFQuW5VUzoYc,シンプル・ラブ,Junko Ohashi,ネオ・ヒストリー,1993,0,240133,https://open.spotify.com/track/1a6dXyCu3izFQuW5VUzoYc,love
74UH2neux1IsLGhW0IOG4j,You Belong to Him,1986 OMEGA TRIBE,Navigator,1986-07-23,0,282293,https://open.spotify.com/track/74UH2neux1IsLGhW0IOG4j,love
1pcZdjataexeWG5lNe6B5J,Neat na Gogo 3 Ji,Miki Matsubara,Miki Matsubara Best Collection,2008,49,249466,https://open.spotify.com/track/1pcZdjataexeWG5lNe6B5J,love
7m4Awd9JbZIpj6Uil5EGg0,じゃじゃ馬娘,Taeko Onuki,Mignonne,1978,0,277706,https://open.spotify.com/track/7m4Awd9JbZIpj6Uil5EGg0,love
1SmwJJ8YVgiXtyE6elhUx1,Tokai,Taeko Onuki,SUNSHOWER,1977-07-25,55,310173,https://open.spotify.com/track/1SmwJJ8YVgiXtyE6elhUx1,love
3qvygC9c7JHUXkAk4fH9vA,Bay City Romance,Miki Matsubara,Miki Matsubara Best Collection,2008,47,295866,https://open.spotify.com/track/3qvygC9c7JHUXkAk4fH9vA,love
3WxATUIaUWiMkcpil3OQYS,STAY BY ME,Anri,Timely!!,1983-12-05,54,217360,https://open.spotify.com/track/3WxATUIaUWiMkcpil3OQYS,love
24yeqyHA3EW35CKpyeE4uR,クリスタル・シティー,"Junko Ohashi, 美乃家セントラルステイション",ゴールデン☆ベスト 大橋純子 シングルス,2003-01-01,51,226600,https://open.spotify.com/track/24yeqyHA3EW35CKpyeE4uR,love
4twOuEvYNHNUc9dHUqhhUY,恋に溺れて-Crazy about you-,Junko Ohashi,THE BEST SONGS OF JUNKO OHASHI,1998-12-05,0,329400,https://open.spotify.com/track/4twOuEvYNHNUc9dHUqhhUY,love
2wKsVeNrzorCLCix24ljAU,MIDNIGHT DRIVER,Minako Yoshida,MONOCHROME,1980,47,464066,https://open.spotify.com/track/2wKsVeNrzorCLCix24ljAU,love
64F0vO85TOINI2wItykfU0,Super Chance,1986 OMEGA TRIBE,Crystal Night,1987-02-04,0,275400,https://open.spotify.com/track/64F0vO85TOINI2wItykfU0,love
559Z3sS99djTsKWrlcnZSJ,Kindan no Telepathy,Shizuka Kudo,Mysterious,1988,44,227160,https://open.spotify.com/track/559Z3sS99djTsKWrlcnZSJ,love
3lcQCZK5prHBgGF82Dzxw7,Rainy Day Woman,Miki Matsubara,Who Are You?,1980,47,307226,https://open.spotify.com/track/3lcQCZK5prHBgGF82Dzxw7,love
3L6NvwR3frgwTZth9z6ZQq,Fly By Day,Anri,Heaven Beach,1982-11-21,52,273866,https://open.spotify.com/track/3L6NvwR3frgwTZth9z6ZQq,love
3xcZ5tTH1PBHzb1miiApl0,Nani mo Iranai,Taeko Onuki,SUNSHOWER,1977-07-25,46,242666,https://open.spotify.com/track/3xcZ5tTH1PBHzb1miiApl0,love
2nMjfJtl5Tj5F9vzuHhqOl,Crystal Night,1986 OMEGA TRIBE,Crystal Night,1987-02-04,0,245533,https://open.spotify.com/track/2nMjfJtl5Tj5F9vzuHhqOl,love
7FlKUcPudGd2MpgSB2RXrR,Yours,Yuki Saitou,Yuki's Best,1995,44,366182,https://open.spotify.com/track/7FlKUcPudGd2MpgSB2RXrR,love
1Hfjy5mfIUsBLBBf4eqBnO,Riverside Hotel,S. Kiyotaka & Omega Tribe,NEVER ENDING SUMMER,1984-12-21,0,277360,https://open.spotify.com/track/1Hfjy5mfIUsBLBBf4eqBnO,love
3QOJdBuXIxpfZ0UfUyErpJ,アイ・ソウト・イット・ワズ・ユー,"笠井 紀美子, Herbie Hancock",Butterfly,1979,0,428426,https://open.spotify.com/track/3QOJdBuXIxpfZ0UfUyErpJ,love
44MAe7e2MbOPLnP3XWC8ie,Silly Crush,Masaki Matsubara,Painted Woman,1983,46,251000,https://open.spotify.com/track/44MAe7e2MbOPLnP3XWC8ie,love
46EUjaOcTqJ4SSCcHxnvSX,ファッシネイション,岡本舞子,"TOKYO 1980s Victor Edition (The Compilation) Boogie, Funk & Modern Soul from Japan",2018-12-05,43,222106,https://open.spotify.com/track/46EUjaOcTqJ4SSCcHxnvSX,love
3wQKgH0pIudkYFo14jXVb0,愛は思うまま,Minako Yoshida,Let's Do It,1978,45,292573,https://open.spotify.com/track/3wQKgH0pIudkYFo14jXVb0,love
697jY7OLi15Iv3YUMrrULD,雨,Kei Ishiguro,Yokohama Ragtime,1982,46,208600,https://open.spotify.com/track/697jY7OLi15Iv3YUMrrULD,love
1s6Jha27T1wfgTv3KnaJTZ,外はみんな・・・・・・・,Minako Yoshida,扉の冬,1994-10-25,44,177440,https://open.spotify.com/track/1s6Jha27T1wfgTv3KnaJTZ,love
6ZrnDMPu4wRgRLgmYzoL1c,愛の炎,Minako Yoshida,Let's Do It,1978,45,247773,https://open.spotify.com/track/6ZrnDMPu4wRgRLgmYzoL1c,love
6GrRlvRBqBvz8hD1LAqKiH,空をとべたら,Taeko Onuki,Mignonne,1978,0,222373,https://open.spotify.com/track/6GrRlvRBqBvz8hD1LAqKiH,love
3nhWyEQvUasYm9ufJ2BSrE,Mystical Composer,Momoko Kikuchi,Adventure,2020-04-24,0,304159,https://open.spotify.com/track/3nhWyEQvUasYm9ufJ2BSrE,love
3XNfwUHqqr5YEHevDZJLgy,Adventure,Momoko Kikuchi,Adventure,2020-04-24,0,278804,https://open.spotify.com/track/3XNfwUHqqr5YEHevDZJLgy,love
3Dp4MHlmyh2yNqdWakNZi2,Suspicious Minds,Elvis Presley,Elvis 30 #1 Hits (Expanded Edition),2022-02-18,49,272360,https://open.spotify.com/track/3Dp4MHlmyh2yNqdWakNZi2,love
4l9rJRwlaMnPYD5DJtIIFo,Hound Dog,Elvis Presley,Elvis 30 #1 Hits (Expanded Edition),2022-02-18,49,133293,https://open.spotify.com/track/4l9rJRwlaMnPYD5DJtIIFo,love
6xNwKNYZcvgV3XTIwsgNio,Heartbreak Hotel,Elvis Presley,Elvis' Golden Records,1958-03-21,57,127560,https://open.spotify.com/track/6xNwKNYZcvgV3XTIwsgNio,love
0D1pEisM3QkiacGXJe5dmd,(You're The) Devil in Disguise,Elvis Presley,Elvis 30 #1 Hits,2002-09-24,63,140426,https://open.spotify.com/track/0D1pEisM3QkiacGXJe5dmd,love
7bA1DHtoJAvqyL42gHwOLa,Stuck On You,Elvis Presley,Elvis 30 #1 Hits,2002-09-24,55,138826,https://open.spotify.com/track/7bA1DHtoJAvqyL42gHwOLa,love
6s9uIGMkd43R48ssQKAhtH,Burning Love,Elvis Presley,Elvis 30 #1 Hits (Expanded Edition),2022-02-18,47,176840,https://open.spotify.com/track/6s9uIGMkd43R48ssQKAhtH,love
2DQ5r0crvortwaNRYcninK,Love Me,Elvis Presley,Elvis,1956-10-19,65,163786,https://open.spotify.com/track/2DQ5r0crvortwaNRYcninK,love
7KWoeBqSdZHEloYKVxssfG,In the Ghetto,Elvis Presley,From Elvis in Memphis,1969-06-17,65,167413,https://open.spotify.com/track/7KWoeBqSdZHEloYKVxssfG,love
01u6AEzGbGbQyYVdxajxqk,Don't Be Cruel,Elvis Presley,Elvis' Golden Records,1958-03-21,54,122893,https://open.spotify.com/track/01u6AEzGbGbQyYVdxajxqk,love
7FNIEfhhBlzsZFxCwI5Nwh,A Little Less Conversation - JXL Radio Edit Remix,"Elvis Presley, Junkie XL",Elvis 30 #1 Hits,2002-09-24,56,213240,https://open.spotify.com/track/7FNIEfhhBlzsZFxCwI5Nwh,love
5ueyLj6e6oVaTY0KQ6yLaA,All Shook Up,Elvis Presley,Elvis' Golden Records,1958-03-21,55,117080,https://open.spotify.com/track/5ueyLj6e6oVaTY0KQ6yLaA,love
6lt40iqr6BYucHN0WVken7,If I Can Dream (Bonus Track) - Stereo Mix,Elvis Presley,Elvis 30 #1 Hits (Expanded Edition),2022-02-18,46,189373,https://open.spotify.com/track/6lt40iqr6BYucHN0WVken7,love
5mlaaeSzFsH4ouhLrUHCbw,It's Now or Never,Elvis Presley,"Elvis' Golden Records, Vol. 3",1963-08-11,45,195906,https://open.spotify.com/track/5mlaaeSzFsH4ouhLrUHCbw,love
3uwIoa2emQILz6BmH6MtiW,"Return to Sender - From ""Girls! Girls! Girls!""",Elvis Presley,Girls! Girls! Girls!,1962-11-12,61,126693,https://open.spotify.com/track/3uwIoa2emQILz6BmH6MtiW,love
2gaN1NWKJEpQVAKk8FKwOe,"Unchained Melody (Bonus Track) - Live at Ann Arbor, MI",Elvis Presley,Elvis 30 #1 Hits (Expanded Edition),2022-02-18,53,151906,https://open.spotify.com/track/2gaN1NWKJEpQVAKk8FKwOe,love
1mKhiITXCIpves7QbT4xo7,That's All Right,Elvis Presley,A Boy From Tupelo: The Complete 1953-1955 Recordings,2017-07-28,45,119653,https://open.spotify.com/track/1mKhiITXCIpves7QbT4xo7,love
47gmoUrZV3w20JAnQOZMcO,Blue Suede Shoes,Elvis Presley,Elvis Presley,1956-03-23,66,119200,https://open.spotify.com/track/47gmoUrZV3w20JAnQOZMcO,love
4GAhAw0RCzNVP976NRMOqO,"Love Me Tender - From the 20th Century-Fox CinemaScope Production, ""Love Me Tender""",Elvis Presley,Elvis' Golden Records,1958-03-21,47,161360,https://open.spotify.com/track/4GAhAw0RCzNVP976NRMOqO,love
0LfJkvPNCNEMLpZJgDQiV1,The Wonder of You,Elvis Presley,The Essential Elvis Presley,2007,62,153200,https://open.spotify.com/track/0LfJkvPNCNEMLpZJgDQiV1,love
5Q7ayTarb9Tpmkik5cVMug,Viva Las Vegas,Elvis Presley,"Elvis' Gold Records, Vol. 4",1968-01-22,60,144840,https://open.spotify.com/track/5Q7ayTarb9Tpmkik5cVMug,love
57j9wUmiHxii7VpbAdSkPQ,(Let Me Be Your) Teddy Bear,Elvis Presley,Loving You,1957-06-20,55,107186,https://open.spotify.com/track/57j9wUmiHxii7VpbAdSkPQ,love
5nP6bZZpeT9hbtvePmy9ko,Moody Blue,Elvis Presley,Moody Blue,1977-07-19,57,169320,https://open.spotify.com/track/5nP6bZZpeT9hbtvePmy9ko,love
7JO9xpBP2uwgMMINJkc43y,Trouble,Elvis Presley,King Creole,1958-09-19,53,136546,https://open.spotify.com/track/7JO9xpBP2uwgMMINJkc43y,love
19gotedXtqeE8dWju6WURW,Good Luck Charm,Elvis Presley,"Elvis' Golden Records, Vol. 3",1963-08-11,55,145080,https://open.spotify.com/track/19gotedXtqeE8dWju6WURW,love
4qbLOU1T7xgTH87eUSkvJ1,(Marie's The Name) His Latest Flame,Elvis Presley,Elvis 30 #1 Hits,2002-09-24,53,127093,https://open.spotify.com/track/4qbLOU1T7xgTH87eUSkvJ1,love
0SSKHTfyUmL8JUQtfpKcfB,Promised Land,Elvis Presley,Promised Land,1975-01-08,53,173786,https://open.spotify.com/track/0SSKHTfyUmL8JUQtfpKcfB,love
2inb1KNU2bGIkldLsuDb83,Crying In the Chapel,Elvis Presley,How Great Thou Art,1967-02-01,48,145400,https://open.spotify.com/track/2inb1KNU2bGIkldLsuDb83,love
73m8WuJlhzVusTVzJCGaDZ,Fever,Elvis Presley,Elvis Is Back,1960-04-08,54,212920,https://open.spotify.com/track/73m8WuJlhzVusTVzJCGaDZ,love
7JmEO5mGOuloNVjYMYVlcp,A Big Hunk O' Love,Elvis Presley,"50,000,000 Elvis Fans Can't Be Wrong: Elvis' Gold Records, Vol. 2",1959-11-13,38,132840,https://open.spotify.com/track/7JmEO5mGOuloNVjYMYVlcp,love
5Qkixf9OjJp5a4XphaONKO,Surrender,Elvis Presley,Elvis 30 #1 Hits,2002-09-24,45,112226,https://open.spotify.com/track/5Qkixf9OjJp5a4XphaONKO,love
5jRnmQJAwBbtikNcvYbp3B,Little Sister,Elvis Presley,"Elvis' Golden Records, Vol. 3",1963-08-11,53,151386,https://open.spotify.com/track/5jRnmQJAwBbtikNcvYbp3B,love
6DcIWfJg6S4Wiibo9X2AU5,"My Way - Live at The Honolulu International Center, Hawaii January 12, 1973",Elvis Presley,Aloha from Hawaii via Satellite (Legacy Edition),1973-02-04,0,252706,https://open.spotify.com/track/6DcIWfJg6S4Wiibo9X2AU5,love
3nwxwYSwdFvyLngepyPxOZ,One Night,Elvis Presley,"50,000,000 Elvis Fans Can't Be Wrong: Elvis' Gold Records, Vol. 2",1959-11-13,44,152186,https://open.spotify.com/track/3nwxwYSwdFvyLngepyPxOZ,love
4cXnUi6qulwgj0fLSu0VYE,Rubberneckin',Elvis Presley,Almost in Love,1970-10-01,48,133813,https://open.spotify.com/track/4cXnUi6qulwgj0fLSu0VYE,love
0gaZi6J3Pk7FG7GNMHsK5o,Bridge Over Troubled Water,Elvis Presley,That's the Way It Is,1970-11-01,53,275333,https://open.spotify.com/track/0gaZi6J3Pk7FG7GNMHsK5o,love
0INrsW3dVLg8LpkQWLrxFx,How Great Thou Art,Elvis Presley,How Great Thou Art,1967-02-01,49,181293,https://open.spotify.com/track/0INrsW3dVLg8LpkQWLrxFx,love
1t4ay4ixXd8YthFfyQhjWr,You'll Never Walk Alone,Elvis Presley,How Great Thou Art,1967-02-01,47,163413,https://open.spotify.com/track/1t4ay4ixXd8YthFfyQhjWr,love
6I0BNA8vvGSXztFCwVfdjn,Amazing Grace,Elvis Presley,He Touched Me,1972-04-03,50,213186,https://open.spotify.com/track/6I0BNA8vvGSXztFCwVfdjn,love
6Dr0EbXrRpMs5GeCjOxnE5,Too Much,Elvis Presley,Elvis 30 #1 Hits,2002-09-24,45,154840,https://open.spotify.com/track/6Dr0EbXrRpMs5GeCjOxnE5,love
4HVSaFbEwvptCAzLlOr2UZ,Don't,"Elvis Presley, The Jordanaires",Elvis 30 #1 Hits,2002-09-24,50,168906,https://open.spotify.com/track/4HVSaFbEwvptCAzLlOr2UZ,love
2IzLSLZgQF6FWGJb1KR7yV,Where No One Stands Alone (with Lisa Marie Presley),"Elvis Presley, Lisa Marie Presley",Where No One Stands Alone (with Lisa Marie Presley),2018-08-08,0,220106,https://open.spotify.com/track/2IzLSLZgQF6FWGJb1KR7yV,love
32CVurlBxtEYQlDm3yzCLl,Hard Headed Woman,Elvis Presley,King Creole,1958-09-19,46,113480,https://open.spotify.com/track/32CVurlBxtEYQlDm3yzCLl,love
2eSj0HHwB9aHJQ7zFOu90G,Don't Cry Daddy,Elvis Presley,From Elvis in Memphis,1969-06-17,50,167746,https://open.spotify.com/track/2eSj0HHwB9aHJQ7zFOu90G,love
7E6IYKyvJ7dfYl3iTRmozl,Burning Love - with The Royal Philharmonic Orchestra,"Elvis Presley, Royal Philharmonic Orchestra",If I Can Dream: Elvis Presley with the Royal Philharmonic Orchestra,2015-10-30,55,209760,https://open.spotify.com/track/7E6IYKyvJ7dfYl3iTRmozl,love
5QWQ9ChSbNDTSx1iZp961C,Wooden Heart,Elvis Presley,Elvis 30 #1 Hits,2002-09-24,44,121600,https://open.spotify.com/track/5QWQ9ChSbNDTSx1iZp961C,love
3Kb4kr3DGzzU5OtYqycWvE,"You've Lost That Loving Feeling - Live at The International Hotel, Las Vegas",Elvis Presley,That's the Way It Is,1970-11-01,52,264293,https://open.spotify.com/track/3Kb4kr3DGzzU5OtYqycWvE,love
4gEKetd500ZdgarRzwgUXZ,Hurt - Essential Elvis Version,Elvis Presley,The Essential Elvis Presley,2007,34,127173,https://open.spotify.com/track/4gEKetd500ZdgarRzwgUXZ,love
22Z6ClJxSRovjPiswfCg3V,Bossa Nova Baby,Elvis Presley,Fun in Acapulco,1963-11-15,45,122760,https://open.spotify.com/track/22Z6ClJxSRovjPiswfCg3V,love
7momNWKOObWP1nBE1BNirA,Guitar Man,Elvis Presley,Clambake,1967-10-23,44,139160,https://open.spotify.com/track/7momNWKOObWP1nBE1BNirA,love
5PK7WXObjGgZrtGOo5FBTW,King Creole,Elvis Presley,King Creole,1958-09-19,51,127813,https://open.spotify.com/track/5PK7WXObjGgZrtGOo5FBTW,love
0JnEaldTC6IFyUGOqppFdG,Way Down,Elvis Presley,Moody Blue,1977-07-19,44,158013,https://open.spotify.com/track/0JnEaldTC6IFyUGOqppFdG,love
3cYLYjqlwcvwWS5DowR23m,Mystery Train,Elvis Presley,A Boy From Tupelo: The Complete 1953-1955 Recordings,2017-07-28,35,150386,https://open.spotify.com/track/3cYLYjqlwcvwWS5DowR23m,love
1vGfZYrNSxT72PdgToMubU,Such a Night,Elvis Presley,Elvis Is Back,1960-04-08,55,178760,https://open.spotify.com/track/1vGfZYrNSxT72PdgToMubU,love
5j8cflZIx0GwvlkzPImbtK,"Baby, Let's Play House",Elvis Presley,A Boy From Tupelo: The Complete 1953-1955 Recordings,2017-07-28,41,139040,https://open.spotify.com/track/5j8cflZIx0GwvlkzPImbtK,love
62p6cgUc0cdguS1DttbfKU,And I Love You So,Elvis Presley,Today (Legacy Edition),1975-05-07,51,219066,https://open.spotify.com/track/62p6cgUc0cdguS1DttbfKU,love
60tEaPHRJLnMzbyOPTeh3A,"I Want You, I Need You, I Love You",Elvis Presley,Elvis' Golden Records,1958-03-21,44,159920,https://open.spotify.com/track/60tEaPHRJLnMzbyOPTeh3A,love
7qQTAEaY02rcIyTzG3hl5H,I Got A Feelin' In My Body,"Elvis Presley, Stuart Price",ELVIS (Original Motion Picture Soundtrack),2022-06-24,40,214840,https://open.spotify.com/track/7qQTAEaY02rcIyTzG3hl5H,love
2zaW217xazLQjldSjJmCgj,Suspicion,Elvis Presley,Pot Luck,1962-06-05,53,155600,https://open.spotify.com/track/2zaW217xazLQjldSjJmCgj,love
0pnXuwRU1YXBooL6Hc4pv3,Welcome to My World - Live at the Honolulu International Center,Elvis Presley,Aloha from Hawaii Via Satellite (Live),1973-02-02,49,115018,https://open.spotify.com/track/0pnXuwRU1YXBooL6Hc4pv3,love
6wUtc1UZpSXvXd2UCQdJHI,Polk Salad Annie (Film Mix),Elvis Presley,ELVIS (Original Motion Picture Soundtrack),2022-06-24,39,295053,https://open.spotify.com/track/6wUtc1UZpSXvXd2UCQdJHI,love
2TGiDvXSDPCcBTfaMtmsRc,(Now and Then There's) A Fool Such as I,Elvis Presley,Elvis 30 #1 Hits,2002-09-24,43,159360,https://open.spotify.com/track/2TGiDvXSDPCcBTfaMtmsRc,love
7ntXUTgbm0PHd68xlS7QOC,She's Not You,Elvis Presley,Elvis 30 #1 Hits,2002-09-24,46,129026,https://open.spotify.com/track/7ntXUTgbm0PHd68xlS7QOC,love
55KjdOqaFxNpwDoQFjFOFa,Never Been To Spain,Elvis Presley,Walk a Mile in My Shoes: The Essential '70s Masters,1995,42,208560,https://open.spotify.com/track/55KjdOqaFxNpwDoQFjFOFa,love
3yuJ5HOIXe4ag9fQ9d1dmD,Memories - Stereo Mix,Elvis Presley,The Essential Elvis Presley,2007,37,185813,https://open.spotify.com/track/3yuJ5HOIXe4ag9fQ9d1dmD,love
5ZKZ4wJsIRBCnVJAMXDJ94,Spanish Eyes,Elvis Presley,Good Times,1974-05-20,50,142933,https://open.spotify.com/track/5ZKZ4wJsIRBCnVJAMXDJ94,love
036VdTP0ggdePwbvbFuT8w,Loving You,Elvis Presley,Loving You,1957-06-20,47,133866,https://open.spotify.com/track/036VdTP0ggdePwbvbFuT8w,love
65ndJdPZmiV8egz8h3kPuf,Rock-A-Hula Baby,Elvis Presley,Blue Hawaii,1961-10-20,42,119893,https://open.spotify.com/track/65ndJdPZmiV8egz8h3kPuf,love
4dNfypQwue0e46rQTdBU1Q,A Mess of Blues,Elvis Presley,"Elvis' Gold Records, Vol. 4",1968-01-22,44,161066,https://open.spotify.com/track/4dNfypQwue0e46rQTdBU1Q,love
4yT5usLhavd4mzP14LSiPU,I'll Never Fall In Love Again,Elvis Presley,"From Elvis Presley Boulevard, Memphis, Tennessee",1976-05-01,52,224680,https://open.spotify.com/track/4yT5usLhavd4mzP14LSiPU,love
5eK22bi2XORGVMTHPWlSTZ,You Don't Have to Say You Love Me,Elvis Presley,That's the Way It Is,1970-11-01,54,150560,https://open.spotify.com/track/5eK22bi2XORGVMTHPWlSTZ,love
6lSGhstIFdvPT0mYbTM6Y2,Pocketful of Rainbows,Elvis Presley,G.I. Blues,1960-09-23,47,154533,https://open.spotify.com/track/6lSGhstIFdvPT0mYbTM6Y2,love
47Yann2RUKWbjSIIjQadiC,Blue Moon,Elvis Presley,Sunrise,1999-02-09,40,159800,https://open.spotify.com/track/47Yann2RUKWbjSIIjQadiC,love
2QNGJoBP60oMlUMcPvIxF3,It Hurts Me,Elvis Presley,"Elvis' Gold Records, Vol. 4",1968-01-22,43,149306,https://open.spotify.com/track/2QNGJoBP60oMlUMcPvIxF3,love
2NeKjEryWM5VZToeosUsUu,The Girl of My Best Friend,Elvis Presley,Elvis Is Back,1960-04-08,52,142640,https://open.spotify.com/track/2NeKjEryWM5VZToeosUsUu,love
0kgiv71S8AiXEXSz8XJRbB,Memphis Tennessee,Elvis Presley,Elvis for Everyone!,1965-07-19,42,129800,https://open.spotify.com/track/0kgiv71S8AiXEXSz8XJRbB,love
5q0tlASaT4nZnbhD3A0Vm8,Trouble / Guitar Man - Live from the '68 Comeback Special,Elvis Presley,'68 Comeback Special (50th Anniversary Edition) [Live],2018-11-30,37,208946,https://open.spotify.com/track/5q0tlASaT4nZnbhD3A0Vm8,love
4wrqtbZb8NsVwkKrsEDEBG,I'm Coming Home (Film Mix),Elvis Presley,ELVIS (Original Motion Picture Soundtrack),2022-06-24,38,143880,https://open.spotify.com/track/4wrqtbZb8NsVwkKrsEDEBG,love
1sue5MiV1Uq7KInSM6UGTj,In the Garden,Elvis Presley,How Great Thou Art,1967-02-01,42,190786,https://open.spotify.com/track/1sue5MiV1Uq7KInSM6UGTj,love
3TWTIbdKR8G83QnQLWEV8P,See See Rider,Elvis Presley,Walk a Mile in My Shoes: The Essential '70s Masters,1995,35,153826,https://open.spotify.com/track/3TWTIbdKR8G83QnQLWEV8P,love
1zdjH5wOXGxubeId3zq8fV,Also Sprach Zarathustra/An American Trilogy,Elvis Presley,ELVIS (Original Motion Picture Soundtrack),2022-06-24,36,129985,https://open.spotify.com/track/1zdjH5wOXGxubeId3zq8fV,love
0yszbfH1KiBFe31vy9H8J8,Any Day Now,Elvis Presley,From Elvis in Memphis,1969-06-17,41,180413,https://open.spotify.com/track/0yszbfH1KiBFe31vy9H8J8,love
54xQKzGRXCOg2csW5CJRHS,Craw-Fever,Elvis Presley,ELVIS (Original Motion Picture Soundtrack),2022-06-24,37,226466,https://open.spotify.com/track/54xQKzGRXCOg2csW5CJRHS,love
6PjTKlBclT9fmXBJSnl2l4,Treat Me Nice,Elvis Presley,Elvis' Golden Records,1958-03-21,42,131480,https://open.spotify.com/track/6PjTKlBclT9fmXBJSnl2l4,love
3tI7ZEVL6y7n9JW8v2vy0J,I Gotta Know,Elvis Presley,"Elvis' Golden Records, Vol. 3",1963-08-11,39,135573,https://open.spotify.com/track/3tI7ZEVL6y7n9JW8v2vy0J,love
0DZZctFgqmFbVayvOUhm0C,Good Rockin' Tonight,Elvis Presley,A Boy From Tupelo: The Complete 1953-1955 Recordings,2017-07-28,35,135053,https://open.spotify.com/track/0DZZctFgqmFbVayvOUhm0C,love
74u4y5uFhWbKtCIzFIkTQi,That's When Your Heartaches Begin,Elvis Presley,Elvis' Golden Records,1958-03-21,38,201760,https://open.spotify.com/track/74u4y5uFhWbKtCIzFIkTQi,love
7nAQlvws6GX1osYmndhvTa,I Beg of You,Elvis Presley,"50,000,000 Elvis Fans Can't Be Wrong: Elvis' Gold Records, Vol. 2",1959-11-13,34,113226,https://open.spotify.com/track/7nAQlvws6GX1osYmndhvTa,love
06zMm73RxNxnGxtwZWFP6K,Blue Hawaii,Elvis Presley,Blue Hawaii,1961-10-20,44,156186,https://open.spotify.com/track/06zMm73RxNxnGxtwZWFP6K,love
2jQiSYrwJehQAcuaaQrXnS,Friends,Chase Atlantic,Nostalgia,2015-02-21,3,230010,https://open.spotify.com/track/2jQiSYrwJehQAcuaaQrXnS,love
5trH6TjbYDHRFsPk65mhdZ,Good Girl,"BURY, Omido, Beneld",Good Girl,2024-07-05,55,168000,https://open.spotify.com/track/5trH6TjbYDHRFsPk65mhdZ,love
0BxE4FqsDD1Ot4YuBXwAPp,505,Arctic Monkeys,Favourite Worst Nightmare,2007-04-22,86,253586,https://open.spotify.com/track/0BxE4FqsDD1Ot4YuBXwAPp,love
1735xgk2J8CHCGY2LS1HM6,Private,The Neighbourhood,Private,2025-10-23,79,229386,https://open.spotify.com/track/1735xgk2J8CHCGY2LS1HM6,love
0W2Qjv8DW7km6LHtiqNNub,Headache,Asal,Headache,2023-04-27,46,184000,https://open.spotify.com/track/0W2Qjv8DW7km6LHtiqNNub,love
2ap1x3VLFXzeVRDl14PYsM,Had Some Drinks,Two Feet,Had Some Drinks,2017-05-19,0,140973,https://open.spotify.com/track/2ap1x3VLFXzeVRDl14PYsM,love
4NZeVriq0AIAlcNuaQVTUm,DO IT,"Beneld, BURY",DO IT,2024-04-14,53,160408,https://open.spotify.com/track/4NZeVriq0AIAlcNuaQVTUm,love
337205OvZD52eTGmSxbjWJ,Toxic,"Omido, Rick Jansen",Toxic,2021-12-08,54,159416,https://open.spotify.com/track/337205OvZD52eTGmSxbjWJ,love
2UYAifrQTyJCocTAHk1uS8,Red Velvet (with Ari Abdul),"Jutes, Ari Abdul",Red Velvet (with Ari Abdul),2025-01-24,56,186025,https://open.spotify.com/track/2UYAifrQTyJCocTAHk1uS8,love
512iljhgcY6CaENb5AZUYi,Trojan,Nic Dean,Trojan,2024-04-12,42,139218,https://open.spotify.com/track/512iljhgcY6CaENb5AZUYi,love
0M9Y4X6JsDw1i7rHI4FGdy,Precious,"Omido, Nic Dean",Precious,2024-10-18,48,125581,https://open.spotify.com/track/0M9Y4X6JsDw1i7rHI4FGdy,love
4e27ZDYkTPaME7pPF99FmG,Calling You,Jacob Storey,Calling You,2024-05-02,42,148010,https://open.spotify.com/track/4e27ZDYkTPaME7pPF99FmG,love
79P25hZ9wYUnyJXWunchVc,FEEL - sped up,"Beneld, BURY",FEEL,2024-05-24,51,181743,https://open.spotify.com/track/79P25hZ9wYUnyJXWunchVc,love
4liwMRxfSCwGxSyF8beoS1,Good Girl - Sped up,"BURY, Omido, Beneld",Good Girl,2024-07-05,42,149670,https://open.spotify.com/track/4liwMRxfSCwGxSyF8beoS1,love
2LaLzmU2vny0lwlyi6sCp2,DIRTY LITTLE SECRET,Nessa Barrett,AFTERCARE,2024-11-15,60,214840,https://open.spotify.com/track/2LaLzmU2vny0lwlyi6sCp2,love
0pBLDWK554CvL2KZJsOeN1,In a Night,Asal,Missing Something,2024-08-02,60,145847,https://open.spotify.com/track/0pBLDWK554CvL2KZJsOeN1,love
0jHWM2GRtH258HIsmBlznw,LSD,"Omido, palffi",LSD,2020-03-20,0,178461,https://open.spotify.com/track/0jHWM2GRtH258HIsmBlznw,love
3vooOYHU0Fi3ViCG7Ozh0Y,W.D.Y.W.F.M?,The Neighbourhood,I Love You.,2013-04-22,67,259413,https://open.spotify.com/track/3vooOYHU0Fi3ViCG7Ozh0Y,love
1SuaBI4tZVxucYmJoTVgC0,Bad Girls Do It Well,Ex Habit,Bad Girls Do It Well,2021-07-30,0,228923,https://open.spotify.com/track/1SuaBI4tZVxucYmJoTVgC0,love
2CzUlaKN1mvb0szagSR3ux,Fuck The World (Summer in London),Brent Faiyaz,Fuck The World,2020-02-07,64,236703,https://open.spotify.com/track/2CzUlaKN1mvb0szagSR3ux,love
5qpXZ45eZA3VX3qe76tmqh,The Hills X Creepin X The Color Violet,LonelyEve,The Hills X Creepin X The Color Violet,2022-12-31,66,197665,https://open.spotify.com/track/5qpXZ45eZA3VX3qe76tmqh,love
2HlhRCt2Xw7xVpX4y0adRC,say my name,"BURY, zandros",say my name,2024-09-27,49,165148,https://open.spotify.com/track/2HlhRCt2Xw7xVpX4y0adRC,love
2Zq3Trov36G0TtrUt4ZklL,superstar,Artemas,LOVERCORE,2025-10-24,62,169361,https://open.spotify.com/track/2Zq3Trov36G0TtrUt4ZklL,love
3nm4vLwtynGobSZQd9mmVf,when he holds u close,Omido,when he holds u close,2024-12-18,46,156595,https://open.spotify.com/track/3nm4vLwtynGobSZQd9mmVf,love
4NZkwpYuSVe8ki1UH4xNtz,You,Ari Abdul,You,2023-04-21,57,150000,https://open.spotify.com/track/4NZkwpYuSVe8ki1UH4xNtz,love
463hYpO0Sj96MgruN8zgfG,Kill for you,"Mandrazo, Mangusx",Kill for you,2024-11-08,45,186000,https://open.spotify.com/track/463hYpO0Sj96MgruN8zgfG,love
4tXlm992qvevZGLxNg9wms,you & i - sped up,"lucidbeatz, Emilia Ali",you & i,2023-12-01,62,133399,https://open.spotify.com/track/4tXlm992qvevZGLxNg9wms,love
1dyJpJgwj2BqdwBU8Jo804,Tongue,"Maribou State, Holly Walker",Tongue,2013-05-08,60,304825,https://open.spotify.com/track/1dyJpJgwj2BqdwBU8Jo804,love
4qNx6PlGnuFUyZNYcNBXCo,Sick Of Your Love,Gio Mkl,Sick Of Your Love,2023-10-27,0,136528,https://open.spotify.com/track/4qNx6PlGnuFUyZNYcNBXCo,love
0pyRdHecOfxavci3jGc84M,One Call,Nic Dean,One Call,2024-11-29,36,136235,https://open.spotify.com/track/0pyRdHecOfxavci3jGc84M,love
0dkvbYmXYEPK7gGMdytmfI,sex money feelings die - slowed version,Lykke Li,sex money feelings die (slowed version),2019-10-18,62,168810,https://open.spotify.com/track/0dkvbYmXYEPK7gGMdytmfI,love
4jevNJy9qN3476kh0N3eQT,U in my head,"Omido, TRUU",U in my head,2022-05-25,46,169655,https://open.spotify.com/track/4jevNJy9qN3476kh0N3eQT,love
28k0oooG5GnOmR6fnx4kPp,ur special to me,Artemas,ur special to me,2024-01-26,43,114418,https://open.spotify.com/track/28k0oooG5GnOmR6fnx4kPp,love
6Bna8jsMoiOBZicaSKyLer,A Girl Called Jazz,"Omido, Tobi Swizz",A Girl Called Jazz,2020-08-22,0,232380,https://open.spotify.com/track/6Bna8jsMoiOBZicaSKyLer,love
27UPUoSlHZUo11BTf5dKeJ,HELP,Isabel LaRosa,HELP,2022-04-15,55,136000,https://open.spotify.com/track/27UPUoSlHZUo11BTf5dKeJ,love
3Hvb0wNQK06MPt1x51PnWW,THE MIST,Kae,WHAT HAPPENED BEFORE CHAOS,2023-11-03,0,213861,https://open.spotify.com/track/3Hvb0wNQK06MPt1x51PnWW,love
3lPr8ghNDBLc2uZovNyLs9,Supermassive Black Hole,Muse,Black Holes and Revelations,2006-06-28,81,212439,https://open.spotify.com/track/3lPr8ghNDBLc2uZovNyLs9,love
3iUDHA6FGAKfHX2jmgF0vO,i always kinda knew you’d be the death of me,Artemas,yustyna,2024-07-11,60,136099,https://open.spotify.com/track/3iUDHA6FGAKfHX2jmgF0vO,love
2Nru64NIfEGWsYioBy1s5C,i know - Omido Remix,"Ex Habit, Omido",i know (Omido Remix),2024-08-21,46,139636,https://open.spotify.com/track/2Nru64NIfEGWsYioBy1s5C,love
1XP6izZrqT8FsMaLKDAnUP,Too Late To Love You,Ex Habit,Too Late To Love You,2022-06-29,55,145573,https://open.spotify.com/track/1XP6izZrqT8FsMaLKDAnUP,love
2xMY0vcPCP5GHHqom5i6Gl,do you really want to hurt me?,Nessa Barrett,young forever (extended),2022-11-18,56,129293,https://open.spotify.com/track/2xMY0vcPCP5GHHqom5i6Gl,love
3Ty7OTBNSigGEpeW2PqcsC,Glory Box,Portishead,Dummy,1994-01-01,77,308626,https://open.spotify.com/track/3Ty7OTBNSigGEpeW2PqcsC,love
3pXF1nA74528Edde4of9CC,Don't,Bryson Tiller,T R A P S O U L,2015-10-02,83,198294,https://open.spotify.com/track/3pXF1nA74528Edde4of9CC,love
2LBqCSwhJGcFQeTHMVGwy3,Die For You,The Weeknd,Starboy,2016-11-24,86,260253,https://open.spotify.com/track/2LBqCSwhJGcFQeTHMVGwy3,love
4R6EMxsqzFplNAIyig4RX4,Five Roses,Nic Dean,Five Roses,2025-04-11,38,111543,https://open.spotify.com/track/4R6EMxsqzFplNAIyig4RX4,love
4P9oqOrFDijZRN7TWP4OUZ,SPACE BOY,dave rodgers,SUPER EUROBEAT presents INITIAL D 〜D SELECTION〜,1998-07-29,52,296466,https://open.spotify.com/track/4P9oqOrFDijZRN7TWP4OUZ,love
6tinyeimCbUv1CPuPBBQOH,NO ONE SLEEP IN TOKYO,EDO BOYS,SUPER EUROBEAT presents INITIAL D 〜D SELECTION〜,1998-07-29,53,302033,https://open.spotify.com/track/6tinyeimCbUv1CPuPBBQOH,love
37hfUPuxBBXCxK9M6Zo0SO,BE MY BABE,Jilly,SUPER EUROBEAT presents INITIAL D 〜D SELECTION〜,1998-07-29,49,285400,https://open.spotify.com/track/37hfUPuxBBXCxK9M6Zo0SO,love
7vcKbYEM5MMohOttO2N0rf,Remember me,Leslie Parrish,Delta Ultimate Collection Presents,2019-03-01,49,325366,https://open.spotify.com/track/7vcKbYEM5MMohOttO2N0rf,love
5n50Mn0MKfUd6u057zhin7,SPARK IN THE DARK,MAN POWER,SUPER EUROBEAT presents INITIAL D 〜D SELECTION〜,1998-07-29,46,279300,https://open.spotify.com/track/5n50Mn0MKfUd6u057zhin7,love
1Pd1zzDTp8G32vnSLWIlbI,DON'T STOP THE MUSIC,Lou Grant,SUPER EUROBEAT presents INITIAL D 〜D SELECTION〜,1998-07-29,55,288100,https://open.spotify.com/track/1Pd1zzDTp8G32vnSLWIlbI,love
33f1MIZTbhox6Zj7PXwJ0N,Dance around the world,Delta Queens,Delta Ultimate Collection Presents,2019-02-19,43,363334,https://open.spotify.com/track/33f1MIZTbhox6Zj7PXwJ0N,love
0AppFJk1BDKDhOaYEgCpKW,GET ME POWER,MEGA NRG MAN,SUPER EUROBEAT presents INITIAL D 〜D SELECTION〜,1998-07-29,49,284666,https://open.spotify.com/track/0AppFJk1BDKDhOaYEgCpKW,love
6DlPa2rrVK3BygXJ48WYo3,RUNNING IN THE 90'S,Max Coveri,SUPER EUROBEAT presents INITIAL D 〜D SELECTION〜,1998-07-29,63,283833,https://open.spotify.com/track/6DlPa2rrVK3BygXJ48WYo3,love
4uWrIclvxHbzEQodrPmX7p,HEARTBEAT,Nathalie,SUPER EUROBEAT presents INITIAL D 〜D SELECTION〜,1998-07-29,42,301366,https://open.spotify.com/track/4uWrIclvxHbzEQodrPmX7p,love
3Ch98qRU0LMM3FS4UsmgOP,BREAK THE NIGHT,Tommy K,SUPER EUROBEAT presents INITIAL D 〜D SELECTION〜,1998-07-29,43,290666,https://open.spotify.com/track/3Ch98qRU0LMM3FS4UsmgOP,love
71vDXik9RZPIueEK69F3p6,BACK ON THE ROCKS,MEGA NRG MAN,SUPER EUROBEAT presents INITIAL D 〜D SELECTION〜,1998-07-29,53,288000,https://open.spotify.com/track/71vDXik9RZPIueEK69F3p6,love
3eSVrnXol6ULFAqWUKS6QA,Save Me - Extended,Leslie Parrish,Eurobeat Sound Tracks,2019-06-01,47,338156,https://open.spotify.com/track/3eSVrnXol6ULFAqWUKS6QA,love
4wFbMdn1pBrsis3PUBTG89,MY ONLY STAR,Susan Bell,SUPER EUROBEAT presents INITIAL D 〜D SELECTION〜,1998-07-29,43,284933,https://open.spotify.com/track/4wFbMdn1pBrsis3PUBTG89,love
4paWxnLApJi5JIMlJg9UAX,around the world - Dave Rodgers Remix,m.o.v.e,SUPER EUROBEAT presents INITIAL D 〜D SELECTION〜,1998-07-29,46,274666,https://open.spotify.com/track/4paWxnLApJi5JIMlJg9UAX,love
152unnv8fuahIUyVnHJutJ,KILLING MY LOVE,Leslie Parrish,SUPER EUROBEAT presents INITIAL D 〜D SELECTION 2〜,1998-10-28,57,294466,https://open.spotify.com/track/152unnv8fuahIUyVnHJutJ,love
71rGEpOqD1jKIl7hp9Lq12,BURNING UP FOR YOU,Sara,SUPER EUROBEAT presents INITIAL D 〜D SELECTION 2〜,1998-10-28,52,289466,https://open.spotify.com/track/71rGEpOqD1jKIl7hp9Lq12,love
4PW2ygTiCcunHmvwA8E27A,LONELY LOVE,Sophie,SUPER EUROBEAT presents INITIAL D 〜D SELECTION 2〜,1998-10-28,45,284566,https://open.spotify.com/track/4PW2ygTiCcunHmvwA8E27A,love
3jZ1IblYi8qlpdOlU4lUIN,NIGHT FEVER,"dave rodgers, MEGA NRG MAN",SUPER EUROBEAT presents INITIAL D 〜D SELECTION 2〜,1998-10-28,45,288900,https://open.spotify.com/track/3jZ1IblYi8qlpdOlU4lUIN,love
2VECIM9EpMojxBj0sCG9ii,DANCING,Vicky Vale,SUPER EUROBEAT presents INITIAL D 〜D SELECTION 2〜,1998-10-28,52,286266,https://open.spotify.com/track/2VECIM9EpMojxBj0sCG9ii,love
16211VKpjM4Hh3MfIlcu4s,LOVE & MONEY,Za Za,SUPER EUROBEAT presents INITIAL D 〜D SELECTION 2〜,1998-10-28,46,299933,https://open.spotify.com/track/16211VKpjM4Hh3MfIlcu4s,love
2haAmHolQT9z1HFx6SkPAf,Don't stand so close,Dr. Love,Don't stand so close,2019-01-24,42,327933,https://open.spotify.com/track/2haAmHolQT9z1HFx6SkPAf,love
6R9Xt492OU5ZCpScqh4l1K,DANCING QUEEN,KING & QUEEN,SUPER EUROBEAT presents INITIAL D 〜D SELECTION 2〜,1998-10-28,45,296166,https://open.spotify.com/track/6R9Xt492OU5ZCpScqh4l1K,love
0IM4J8XbrTKxe6xMiHYEFD,I NEED YOUR LOVE,Dave Simon,SUPER EUROBEAT presents INITIAL D 〜D SELECTION 2〜,1998-10-28,51,286566,https://open.spotify.com/track/0IM4J8XbrTKxe6xMiHYEFD,love
7pRv4h4ygCuNkTSzXvDpEE,MAYBE TONITE,Norma Sheffield,SUPER EUROBEAT presents INITIAL D 〜D SELECTION 2〜,1998-10-28,42,285533,https://open.spotify.com/track/7pRv4h4ygCuNkTSzXvDpEE,love
5OrpABBsBq9cm74gByQENk,LOVE IS IN DANGER,Priscilla,SUPER EUROBEAT presents INITIAL D 〜D SELECTION 2〜,1998-10-28,49,290233,https://open.spotify.com/track/5OrpABBsBq9cm74gByQENk,love
2N1PyNyhhKYCVzOjjXuopf,LOST INTO THE NIGHT,ELISA,SUPER EUROBEAT presents INITIAL D 〜D SELECTION 2〜,1998-10-28,48,295200,https://open.spotify.com/track/2N1PyNyhhKYCVzOjjXuopf,love
1RmCY9iUGv2nylDTjwTI7e,STAY,VICTORIA,SUPER EUROBEAT presents INITIAL D 〜D SELECTION 2〜,1998-10-28,49,299700,https://open.spotify.com/track/1RmCY9iUGv2nylDTjwTI7e,love
3PmuZoiV6i6F0hQlwJpp7a,EVERYBODY'S WARMING,Tension,SUPER EUROBEAT presents INITIAL D 〜D SELECTION 2〜,1998-10-28,42,296600,https://open.spotify.com/track/3PmuZoiV6i6F0hQlwJpp7a,love
0LjEbr8ytcyex9LDjr6zkE,WINGS OF FIRE,"MAKO, SAYUKI",SUPER EUROBEAT presents INITIAL D 〜D SELECTION 2〜,1998-10-28,48,253133,https://open.spotify.com/track/0LjEbr8ytcyex9LDjr6zkE,love
1c7IRPoWNIMLGrFgit8QXk,Night of Fire - Extended mix,"Niko, Bratt Sinclaire","Bratt Sinclaire Eurobeat Style, Vol.7",2019-01-25,50,318392,https://open.spotify.com/track/1c7IRPoWNIMLGrFgit8QXk,love
3SueZGP9qEymzxlKroTnMc,SATURDAY NIGHT FEVER,dave rodgers,SUPER EUROBEAT presents INITIAL D〜D SELECTION 3〜,1999-01-01,40,310133,https://open.spotify.com/track/3SueZGP9qEymzxlKroTnMc,love
3G2Siijk4wye07lMAr4YMq,BOOM BOOM JAPAN,dave rodgers,SUPER EUROBEAT presents INITIAL D〜D SELECTION 3〜,1999-01-01,42,299100,https://open.spotify.com/track/3G2Siijk4wye07lMAr4YMq,love
4YqOP7jxTjKfZx6hAxiHdp,BLACK OUT,Overload,SUPER EUROBEAT presents INITIAL D〜D SELECTION 3〜,1999-01-01,44,298533,https://open.spotify.com/track/4YqOP7jxTjKfZx6hAxiHdp,love
1tYWuxQgXJqA4L4jACzjcK,NIGHT & DAY,Mr Groove,SUPER EUROBEAT presents INITIAL D〜D SELECTION 3〜,1999-01-01,50,311300,https://open.spotify.com/track/1tYWuxQgXJqA4L4jACzjcK,love
2cNvVnLsMqgBuI6mBk2fRz,BEAT OF THE RISING SUN,dave rodgers,SUPER EUROBEAT presents INITIAL D〜D SELECTION 3〜,1999-01-01,48,243600,https://open.spotify.com/track/2cNvVnLsMqgBuI6mBk2fRz,love
0IK4m2OZUZ0PHtosh1DTp5,Rock Me to the Top - Extended,Dusty,Eurobeat Kudos 10,2018-03-11,0,343099,https://open.spotify.com/track/0IK4m2OZUZ0PHtosh1DTp5,love
3hTwaIQuwAvmzgadlegMWA,TAKE ME BACK TO TOKYO,MEGA NRG MAN,SUPER EUROBEAT presents INITIAL D〜D SELECTION 3〜,1999-01-01,40,303733,https://open.spotify.com/track/3hTwaIQuwAvmzgadlegMWA,love
5EzlSM0IikkugKnIufuq0r,Number One - Extended Version,Fastway,Eurobeat Fastway 2,2019-11-28,0,313022,https://open.spotify.com/track/5EzlSM0IikkugKnIufuq0r,love
6iGelYxw5VZmDQ1JuFfqyB,BREAK IN2 THE NITE - DAve Rodgers Remix,m.o.v.e,SUPER EUROBEAT presents INITIAL D〜D SELECTION 3〜,1999-01-01,43,282300,https://open.spotify.com/track/6iGelYxw5VZmDQ1JuFfqyB,love
0y7YiWYGKo6BCSJs6Xblr6,BURNING DESIRE,MEGA NRG MAN,SUPER EUROBEAT presents INITIAL D Second Stage 〜D SELECTION 1〜,2018-11-28,39,290966,https://open.spotify.com/track/0y7YiWYGKo6BCSJs6Xblr6,love
0j3JFDAzKVkHhYNXPcnWbK,100,dave rodgers,SUPER EUROBEAT presents INITIAL D Second Stage 〜D SELECTION 1〜,2018-11-28,38,238066,https://open.spotify.com/track/0j3JFDAzKVkHhYNXPcnWbK,love
34dcj4erNoeg3Ny8IXGy7P,Mikado - Extended Version,Dave MC Loud,Eurobeat Kudos 11,2018-03-16,0,363882,https://open.spotify.com/track/34dcj4erNoeg3Ny8IXGy7P,love
0gPkOHPzWtDaUGbHdicB7u,I LOVE YOU LIKE YOU ARE,Valentina,SUPER EUROBEAT presents INITIAL D Second Stage 〜D SELECTION 1〜,2018-11-28,40,305566,https://open.spotify.com/track/0gPkOHPzWtDaUGbHdicB7u,love
4aapsR0yIcyGP2KXUBcRZM,MAKE MY DAY,DERRECK SIMONS,SUPER EUROBEAT presents INITIAL D Second Stage 〜D SELECTION 1〜,2018-11-28,40,250000,https://open.spotify.com/track/4aapsR0yIcyGP2KXUBcRZM,love
43Tk3MWgOm9PssySrDWEXi,TAKE MY SOUL,Mickey B,SUPER EUROBEAT presents INITIAL D Second Stage 〜D SELECTION 1〜,2018-11-28,34,255333,https://open.spotify.com/track/43Tk3MWgOm9PssySrDWEXi,love
34f6mRHVMBl7T99itjXQd9,EVER AND EVER,QUEEN OF TIMES,SUPER EUROBEAT presents INITIAL D Second Stage 〜D SELECTION 1〜,2018-11-28,35,378666,https://open.spotify.com/track/34f6mRHVMBl7T99itjXQd9,love
4UwmHaExaKIqodksotaoo3,SPEEDY SPEED BOY,Marko Polo,SUPER EUROBEAT presents INITIAL D Second Stage 〜D SELECTION 1〜,2018-11-28,48,356300,https://open.spotify.com/track/4UwmHaExaKIqodksotaoo3,love
1LaIJnOq2nhw5vNigZE15s,DON'T YOU (FORGET ABOUT MY LOVE),Sophie,SUPER EUROBEAT presents INITIAL D Second Stage 〜D SELECTION 1〜,2018-11-28,43,370666,https://open.spotify.com/track/1LaIJnOq2nhw5vNigZE15s,love
3cPif8TLtxaoB0w7AkoKGS,GOODBYE YELLOW BRICK ROAD,Wain L,SUPER EUROBEAT presents INITIAL D Second Stage 〜D SELECTION 1〜,2018-11-28,38,272833,https://open.spotify.com/track/3cPif8TLtxaoB0w7AkoKGS,love
6TdSp7QThLQsZcYUgDRkBu,STATION TO STATION,DERRECK SIMONS,SUPER EUROBEAT presents INITIAL D Second Stage 〜D SELECTION 1〜,2018-11-28,39,253766,https://open.spotify.com/track/6TdSp7QThLQsZcYUgDRkBu,love
1m30SunWYzJw7ju8Z56FSH,BIG IN JAPAN,Robert Patton,SUPER EUROBEAT presents INITIAL D Second Stage 〜D SELECTION 1〜,2018-11-28,34,313666,https://open.spotify.com/track/1m30SunWYzJw7ju8Z56FSH,love
6NnngkONzQX4f4AuqQ0kSl,Make Up Your Mind - Extended Mix,Wain L,SUPER EUROBEAT presents INITIAL D WORLD HITS SELECTION 3,2020-07-01,43,355660,https://open.spotify.com/track/6NnngkONzQX4f4AuqQ0kSl,love
2fBy1PUhVwVUg830V93LOk,Gimme the Night - Extended Version,Dave MC Loud,Eurobeat Kudos 11,2018-03-16,0,298426,https://open.spotify.com/track/2fBy1PUhVwVUg830V93LOk,love
6CRtIYDga4VKW5sV5rfAL3,DEJA VU,dave rodgers,SUPER EUROBEAT presents INITIAL D DAVE RODGERS SELECTION,2019-09-11,54,260555,https://open.spotify.com/track/6CRtIYDga4VKW5sV5rfAL3,love
7ltU6OnDYTxT5erCDhGYwO,Spacelove - Extended,Fastway,Eurobeat Fastway 3,2019-11-28,0,295826,https://open.spotify.com/track/7ltU6OnDYTxT5erCDhGYwO,love
7BE8RHpy5XAayN3DPHo3Uh,Fly To Me To The Moon & Back - Extended Mix,The Spiders From Mars,SUPER EUROBEAT presents INITIAL D WORLD HITS SELECTION 3,2020-07-01,36,254347,https://open.spotify.com/track/7BE8RHpy5XAayN3DPHo3Uh,love
5Jj1IVvWenyvsMB7t5f1ca,Crazy Night - Extended mix,"Boys Band, Bratt Sinclaire","Bratt Sinclaire Eurobeat Style, Vol.2",2019-01-25,31,385320,https://open.spotify.com/track/5Jj1IVvWenyvsMB7t5f1ca,love
4zu5VITyq59WnatXCMNllJ,Crazy for Love - Extended Version,Dusty,"Initial Beat, Vol. 1",2018-07-12,0,283960,https://open.spotify.com/track/4zu5VITyq59WnatXCMNllJ,love
1YMpBkFK9sL2ohkV108SNI,If You Wanna Stay - Extended Mix,Norma Sheffield,SUPER EUROBEAT presents J-EURO ORIGINAL BEST COLLECTION 2,2020-03-11,37,249298,https://open.spotify.com/track/1YMpBkFK9sL2ohkV108SNI,love
3NqvcVAgPT3SPh6YUIqO5s,Max Power - Extended mix,"Dr. Love, Bratt Sinclaire, D-Essex","Bratt Sinclaire Eurobeat Style, Vol.6",2019-01-25,41,298608,https://open.spotify.com/track/3NqvcVAgPT3SPh6YUIqO5s,love
4iG62fljDWWmbaEE4aXYLW,Streets of Fire - Extended Version,Dave MC Loud,Eurobeat Kudos 11,2018-03-16,0,293453,https://open.spotify.com/track/4iG62fljDWWmbaEE4aXYLW,love
5VlF4XeFXKsmkGtrJiFIeb,THE RACE IS OVER,dave rodgers,SUPER EUROBEAT presents INITIAL D DAVE RODGERS SELECTION,2019-09-11,34,314849,https://open.spotify.com/track/5VlF4XeFXKsmkGtrJiFIeb,love
2oz5YqdRZvkSGwt3xNM3ky,"Let'S Go, Come On - Extended Mix",Manuel,SUPER EUROBEAT presents INITIAL D WORLD HITS SELECTION 4,2020-07-08,37,308466,https://open.spotify.com/track/2oz5YqdRZvkSGwt3xNM3ky,love
7nSJc9Ly5FGe0QUoCLSAb7,Go Beat Crazy - Extended Version,Fastway,Eurobeat Fastway 2,2019-11-28,0,357017,https://open.spotify.com/track/7nSJc9Ly5FGe0QUoCLSAb7,love
5AMutLIlgNBnGMTbEY2Fs0,We'll See Heaven - Extended Mix,Digital Planet,SUPER EUROBEAT presents INITIAL D WORLD HITS SELECTION 4,2020-07-08,31,265866,https://open.spotify.com/track/5AMutLIlgNBnGMTbEY2Fs0,love
5LgYOfNhZzhWNqdOteCfaO,The Fire's On Me - Extended Mix,Spock,SUPER EUROBEAT presents INITIAL D WORLD HITS SELECTION 5,2020-07-08,31,310973,https://open.spotify.com/track/5LgYOfNhZzhWNqdOteCfaO,love
3LPm6kDRezkBm8ESnhpeUl,Revolution - Extended Version,Fastway,Eurobeat Fastway 2,2019-11-28,0,295535,https://open.spotify.com/track/3LPm6kDRezkBm8ESnhpeUl,love
0BWsLMeLfeObVJzfzU1jOO,Forever Young - Extended Mix,Symbol,SUPER EUROBEAT presents INITIAL D WORLD HITS SELECTION 5,2020-07-08,47,380533,https://open.spotify.com/track/0BWsLMeLfeObVJzfzU1jOO,love
2VZXMN8tfPi9FCkMKMLl1o,Supertonic Lady - Extended Mix,MEGA NRG MAN,SUPER EUROBEAT presents INITIAL D WORLD HITS SELECTION 4,2020-07-08,34,275500,https://open.spotify.com/track/2VZXMN8tfPi9FCkMKMLl1o,love
1gkrMZLhddxOfv6izELZ9g,Midnight Lover - Extended Version,Dusty,Eurobeat Kudos 15,2018-04-13,0,269885,https://open.spotify.com/track/1gkrMZLhddxOfv6izELZ9g,love
4fQowVD0ViWEHqj9Oip0Rr,Fly Away - Extended Mix,Digital Planet,SUPER EUROBEAT presents INITIAL D WORLD HITS SELECTION 4,2020-07-08,33,301100,https://open.spotify.com/track/4fQowVD0ViWEHqj9Oip0Rr,love
6SLCB37vvmu6NXNaqpOzW3,Right Now - Extended,Dark Angel,Eurobeat Sound Tracks,2019-06-01,32,318813,https://open.spotify.com/track/6SLCB37vvmu6NXNaqpOzW3,love
2Z1WWMQW1lX4ceYu2lMOGM,Power of Sound - Extended Version,Ace,"Eurobeat Ace, Vol. 2",2019-10-18,0,337817,https://open.spotify.com/track/2Z1WWMQW1lX4ceYu2lMOGM,love
05c3hwbDHjNRImxgIJHnyJ,Steel Blade - Extended,Jean Love,Eurobeat Sound Tracks,2019-06-01,29,313808,https://open.spotify.com/track/05c3hwbDHjNRImxgIJHnyJ,love
6jSCf1Uwi3WTpifbHlJgsa,Tokyo Lights - Extended Version,Ace,"Eurobeat Ace, Vol. 2",2019-10-18,0,294233,https://open.spotify.com/track/6jSCf1Uwi3WTpifbHlJgsa,love
7ovyov4QMOpFnkIIJmQZsX,Drivin' Crazy - Extended Version,Ace,"Eurobeat Ace, Vol. 3",2019-11-01,0,331728,https://open.spotify.com/track/7ovyov4QMOpFnkIIJmQZsX,love
4DneuMX8A9XphyXMECBfZ6,Raisin' Hell - Extended Version,Fastway,Eurobeat Fastway 1,2019-11-28,0,331011,https://open.spotify.com/track/4DneuMX8A9XphyXMECBfZ6,love
3ynxGhFxuHzk6hMta6Wuu0,"Moving Up, Moving Now - Extended",Jean Love,Ken Blast And Friends - REMASTERED,2019-11-15,28,337339,https://open.spotify.com/track/3ynxGhFxuHzk6hMta6Wuu0,love
1SsyOeO5vpZec3L9PjhPC4,On My Wings - Extended Mix,Manuel,SUPER EUROBEAT presents INITIAL D WORLD HITS SELECTION 4,2020-07-08,32,306066,https://open.spotify.com/track/1SsyOeO5vpZec3L9PjhPC4,love
1jAQm1TYIzDjXPOR1lYVuN,I Believe In Lovin' You - Extended Mix,Brian Ice,SUPER EUROBEAT presents INITIAL D WORLD HITS SELECTION 4,2020-07-08,31,319433,https://open.spotify.com/track/1jAQm1TYIzDjXPOR1lYVuN,love
6PD6UpE9eNSRF4PPGZiOrJ,What You Need - Extended Mix,Manuel,SUPER EUROBEAT presents INITIAL D WORLD HITS SELECTION 4,2020-07-08,31,306700,https://open.spotify.com/track/6PD6UpE9eNSRF4PPGZiOrJ,love
0j4tgyFLhhOyHiV8ghIc5O,WILD REPUTATION 2005,dave rodgers,SUPER EUROBEAT presents INITIAL D DAVE RODGERS SELECTION,2019-09-11,33,374662,https://open.spotify.com/track/0j4tgyFLhhOyHiV8ghIc5O,love
17b4iqTO8OWN9jzWQ7yWQV,No Control - Extended Mix,Manuel,SUPER EUROBEAT presents INITIAL D WORLD HITS SELECTION 4,2020-07-08,34,310760,https://open.spotify.com/track/17b4iqTO8OWN9jzWQ7yWQV,love
3V6l1h7201dBUr6A5NYV5C,Blood And Fire - Extended Mix,POWERFUL T.,SUPER EUROBEAT presents INITIAL D WORLD HITS SELECTION 5,2020-07-08,29,268733,https://open.spotify.com/track/3V6l1h7201dBUr6A5NYV5C,love
1AZ6VPHlWINoWsG6I0wRhS,Kingo King'o Beat - Extended Version,Fastway,Eurobeat Fastway 1,2019-11-28,0,327250,https://open.spotify.com/track/1AZ6VPHlWINoWsG6I0wRhS,love
0z2Hpnl320QxTjQe6KsKp2,I Just Wanna Call You Now - Extended Mix,Norma Sheffield,SUPER EUROBEAT presents INITIAL D WORLD HITS SELECTION 5,2020-07-08,32,326266,https://open.spotify.com/track/0z2Hpnl320QxTjQe6KsKp2,love
2T1Pl0LYOQ57oj291PyrKd,Mission Impossible - Extended Version,Nick Mansell,Eurobeat Kudos 18,2018-05-25,0,303692,https://open.spotify.com/track/2T1Pl0LYOQ57oj291PyrKd,love
58PLyh5D6V3x4vNNJzlyEV,Fly In The Sky - Extended Mix,Karen,SUPER EUROBEAT presents INITIAL D WORLD HITS SELECTION 4,2020-07-08,33,264933,https://open.spotify.com/track/58PLyh5D6V3x4vNNJzlyEV,love
3S4RuTfGUbOm461wET6zBF,City Lover City Rider - Extended Mix,MATT LAND,SUPER EUROBEAT presents INITIAL D WORLD HITS SELECTION 4,2020-07-08,31,266640,https://open.spotify.com/track/3S4RuTfGUbOm461wET6zBF,love
2CXdnHPk6Ppy8ikaSum7xI,Go Go Money - Extended Mix,Neo,SUPER EUROBEAT presents INITIAL D WORLD HITS SELECTION 4,2020-07-08,33,321040,https://open.spotify.com/track/2CXdnHPk6Ppy8ikaSum7xI,love
6TThdN1VPvK7uEluk7v3Rc,So Fragile - Extended Version,Pamsy,My Eurobeat Songs 1,2019-09-20,0,335591,https://open.spotify.com/track/6TThdN1VPvK7uEluk7v3Rc,love
1S2nxJHNiJr8fjvVzo1jNB,Looka Bomba,Go2,"Eurobeat Go2, Vol. 1",2018-04-26,0,308569,https://open.spotify.com/track/1S2nxJHNiJr8fjvVzo1jNB,love
2I6fdvY0Sz4xjNulfzQYBp,Rider of the Sky - Extended Version,Ace,"Eurobeat Ace, Vol. 2",2019-10-18,0,311211,https://open.spotify.com/track/2I6fdvY0Sz4xjNulfzQYBp,love
4Gdo1J3P0by6J7EH96CdQP,ELDORADO,dave rodgers,SUPER EUROBEAT presents INITIAL D DAVE RODGERS SELECTION,2019-09-11,34,279338,https://open.spotify.com/track/4Gdo1J3P0by6J7EH96CdQP,love
2fyqpWnSbe8l5PHjRtAFkY,Chemical Love,KEVIN&CHERRY,Delta Ultimate Collection Presents,2019-02-15,33,345989,https://open.spotify.com/track/2fyqpWnSbe8l5PHjRtAFkY,love
6tHuR85lrRQ5oNFqdED0mx,All That I Want - Extended Mix,"Mr,M",SUPER EUROBEAT presents INITIAL D WORLD HITS SELECTION 4,2020-07-08,30,332200,https://open.spotify.com/track/6tHuR85lrRQ5oNFqdED0mx,love
3gDEnyulWXK4rdPhJQkhJL,LUCKY MAN,dave rodgers,SUPER EUROBEAT presents INITIAL D DAVE RODGERS SELECTION,2019-09-11,37,267362,https://open.spotify.com/track/3gDEnyulWXK4rdPhJQkhJL,love
3PeIfYgC6STEfTFOXjVCuF,Takumi - Extended Mix,Neo,SUPER EUROBEAT presents INITIAL D WORLD HITS SELECTION 5,2020-07-08,35,305560,https://open.spotify.com/track/3PeIfYgC6STEfTFOXjVCuF,love
5A32buYzWvtkJizBkX8OCQ,GAS GAS GAS - EXTENDED MIX,Manuel,GAS GAS GAS,2019-06-12,60,261040,https://open.spotify.com/track/5A32buYzWvtkJizBkX8OCQ,love
0CVd3MT4BpTNogvZ4tI0ac,Runaway - Extended Mix,LEO RIVER,SUPER EUROBEAT presents INITIAL D WORLD HITS SELECTION 5,2020-07-08,31,289426,https://open.spotify.com/track/0CVd3MT4BpTNogvZ4tI0ac,love
0zQkzsSMbWEWMCwxel0MtU,I WANT TO FEEL - Extended ver.,dave rodgers,SUPER EUROBEAT presents DAVE RODGERS Special COLLECTION (Vol.3),2008-11-26,27,297225,https://open.spotify.com/track/0zQkzsSMbWEWMCwxel0MtU,love
5PffJNWs35PJcshZdj5oLa,On Your Wings,Rich Hard,Sun Fire Eurobeat,2012-03-18,34,274561,https://open.spotify.com/track/5PffJNWs35PJcshZdj5oLa,love
3iPOlN97Kb0ubaHZlmFKYU,Wait for You - Magic Night Version,Ace,"Eurobeat Ace, Vol. 3",2019-11-01,0,249764,https://open.spotify.com/track/3iPOlN97Kb0ubaHZlmFKYU,love
0UldAYCTpFIc4MR5Xob6OK,I Can't Stop Loving You,Dream Fighters,I Can't Stop Loving You,2019-10-28,30,311575,https://open.spotify.com/track/0UldAYCTpFIc4MR5Xob6OK,love
15xd7J4130FP8Jm6NSulNS,Full Metal Cars - Extended,Daniel,My Eurobeat Sound Vol. 1,2021-06-30,27,319500,https://open.spotify.com/track/15xd7J4130FP8Jm6NSulNS,love
4ObuImnDvQUoeHaSWyusVS,Breakin' Out - Extended Version,Ace,"Eurobeat Ace, Vol. 3",2019-11-01,0,324473,https://open.spotify.com/track/4ObuImnDvQUoeHaSWyusVS,love
505KVsk87E7KMA7EC7nta8,Come on Baby - Extended Version,Fastway,Eurobeat Fastway 1,2019-11-28,0,296875,https://open.spotify.com/track/505KVsk87E7KMA7EC7nta8,love
2gUTZ82uKFrtTndcfGle0I,Eyes of Sky - Eurobeat Extended Version,Vivi,"Eurokudos, Vol. 2",2014-02-12,0,304190,https://open.spotify.com/track/2gUTZ82uKFrtTndcfGle0I,love
1YsZw23tXblXyO8b8fu6pb,"Up & Dance, up & Go - Extended Version",Lou Master,Eurobeat Kudos 24,2018-07-06,0,287847,https://open.spotify.com/track/1YsZw23tXblXyO8b8fu6pb,love
2UGsTIe7J0NbcyELZDSolt,Limousine - Extended Mix,Manuel,SUPER EUROBEAT presents INITIAL D WORLD HITS SELECTION 5,2020-07-08,32,278640,https://open.spotify.com/track/2UGsTIe7J0NbcyELZDSolt,love
3770q2cs1gHY4eGp6B71h1,Rockin' Hardcore - Extended Version,Fastway,Eurobeat Fastway 1,2019-11-28,0,288000,https://open.spotify.com/track/3770q2cs1gHY4eGp6B71h1,love
5a4hArSlv7i3784T7YJKaq,THE RACE OF THE NIGHT,dave rodgers,SUPER EUROBEAT presents INITIAL D DAVE RODGERS SELECTION,2019-09-11,39,283125,https://open.spotify.com/track/5a4hArSlv7i3784T7YJKaq,love
4BTht3dOx9FCxIEUraqT4L,Crazy on Emotion - Extended Version,Ace,Eurobeat Ace 1,2018-03-17,0,241931,https://open.spotify.com/track/4BTht3dOx9FCxIEUraqT4L,love
5X2MGxvIJmgIrleE099Bjr,A Perfect Hero - Extended Mix,Chris Stanton,SUPER EUROBEAT presents INITIAL D WORLD HITS SELECTION 5,2020-07-08,39,316066,https://open.spotify.com/track/5X2MGxvIJmgIrleE099Bjr,love
11XCvTJ7Q6vRhcluFUKjBh,Nonsense Sensation,Paul Harris,Delta Ultimate Collection Presents,2019-02-20,24,314501,https://open.spotify.com/track/11XCvTJ7Q6vRhcluFUKjBh,love
5nYIPbqm9f2b1KCZ97bKzw,I Won't Fall Apart - Eurobeat Version,Jager,Eurobeat Jag,2017-08-12,0,257558,https://open.spotify.com/track/5nYIPbqm9f2b1KCZ97bKzw,love
4ctNs1wmWsjygrw0GRH6ap,Speedy Runner - Extended Mix,KING & QUEEN,SUPER EUROBEAT presents INITIAL D WORLD HITS SELECTION 5,2020-07-08,37,252920,https://open.spotify.com/track/4ctNs1wmWsjygrw0GRH6ap,love
54qcESwnWTtQBsTIEmPmJB,Wheelpower And Go! - Extended mix,"Dejo, Bon, Bratt Sinclaire","Bratt Sinclaire Eurobeat Style, Vol.14",2019-01-25,32,308477,https://open.spotify.com/track/54qcESwnWTtQBsTIEmPmJB,love
4z8FBUYIy6aDqK5VKczSoJ,City of Angels - Extended,Ace,"Eurobeat Ace, Vol. 2",2019-10-18,0,278985,https://open.spotify.com/track/4z8FBUYIy6aDqK5VKczSoJ,love
2O6PV97BdsWHqflF1cFrDy,Funky Town - Extended Mix,P. STONE,"Parapara Cool, Vol. 4",2018-11-19,25,309606,https://open.spotify.com/track/2O6PV97BdsWHqflF1cFrDy,love
7kXporKYnFeKSnoMBbvwYL,Dancing On The Street,David Dima,Dancing On The Street,2013,35,280906,https://open.spotify.com/track/7kXporKYnFeKSnoMBbvwYL,love
1hZj1VvptcBLs4pLBb1jH6,MAGIC SUNDAY,"dave rodgers, Futura",SUPER EUROBEAT presents INITIAL D DAVE RODGERS SELECTION,2019-09-11,33,240354,https://open.spotify.com/track/1hZj1VvptcBLs4pLBb1jH6,love
5j6k2Oc7DV88OKkCbwMxVf,1 FIRE,dave rodgers,SUPER EUROBEAT presents INITIAL D DAVE RODGERS SELECTION,2019-09-11,33,271882,https://open.spotify.com/track/5j6k2Oc7DV88OKkCbwMxVf,love
3tm2kqLTDxG4V7aJ90bxc6,Crazy Little Love,Nuage,Initial Dave: Eurobeat Series 2,2020-09-20,44,268747,https://open.spotify.com/track/3tm2kqLTDxG4V7aJ90bxc6,love
4r0JfSU5hHq7cI282LORk1,Wild Boy Bad Love - Extended Mix,Joe Banana,Pistols in the Dark,2018-12-06,30,257410,https://open.spotify.com/track/4r0JfSU5hHq7cI282LORk1,love
4eR3yUyr1ArVfEhqvFa5j8,Adrenaline,Ace,Eurobeat Ace 1,2018-03-17,0,263350,https://open.spotify.com/track/4eR3yUyr1ArVfEhqvFa5j8,love
2YByIMqNtTb0T072UDfTo9,The Top - Extended,KEN BLAST,Ken Blast And Friends - REMASTERED,2019-11-15,48,280000,https://open.spotify.com/track/2YByIMqNtTb0T072UDfTo9,love
7JAKCmzgOk4kOQjKOztaAt,Face The Race - Extended Mix,POWERFUL T.,SUPER EUROBEAT presents INITIAL D WORLD HITS SELECTION 5,2020-07-08,28,283453,https://open.spotify.com/track/7JAKCmzgOk4kOQjKOztaAt,love
6g3gpH3NiiT0Gw2uyKXpB0,I Am Mister Blaster - Extended Mix,Garcon,"Parapara Cool, Vol. 5",2018-10-18,26,244500,https://open.spotify.com/track/6g3gpH3NiiT0Gw2uyKXpB0,love
1EnGXXo6Kx2HRBonLEBdhC,Rain,Mistika,Rain,2020-01-01,31,315773,https://open.spotify.com/track/1EnGXXo6Kx2HRBonLEBdhC,love
6dL2Jy8q70qUqXZiOrHkah,Quiero L'Amor,Paul Harris,Delta Ultimate Collection Presents,2019-02-20,26,307663,https://open.spotify.com/track/6dL2Jy8q70qUqXZiOrHkah,love
14r609n3SDmZ58iBb9bvmp,Tokyo Girls and Guys - Extended Mix,Beat Man,"Parapara Cool, Vol. 4",2018-11-19,24,314250,https://open.spotify.com/track/14r609n3SDmZ58iBb9bvmp,love
151joOyB4Rw9qbRgK5qW6q,Supersonic Fire - Extended Mix,The Atrium,SUPER EUROBEAT (VOL.75 EXTENDED VERSION TIME EDITION),2020-11-11,31,324296,https://open.spotify.com/track/151joOyB4Rw9qbRgK5qW6q,love
3T2iVFCfOrDM22DAY6DzDf,This Time - Extended Mix,DERRECK SIMONS,SUPER EUROBEAT (VOL.71 EXTENDED VERSION RODGERS & CONTINI EDITION),2020-12-09,29,335619,https://open.spotify.com/track/3T2iVFCfOrDM22DAY6DzDf,love
4pTKLMvrgTgBXt2AtF1Im5,Golden Age,Max Coveri,Delta Ultimate Collection Presents,2019-03-15,40,349220,https://open.spotify.com/track/4pTKLMvrgTgBXt2AtF1Im5,love
3UHuhVu7BVBrXFglz7w5vv,You're Gonna Be - Extended,Starlette,Girls Power!,2019-10-08,36,337484,https://open.spotify.com/track/3UHuhVu7BVBrXFglz7w5vv,love
3fBTGbTJQJlorNd6K2Asqs,Emotional Fire,Denise,Delta Ultimate Collection Presents,2019-03-18,31,338505,https://open.spotify.com/track/3fBTGbTJQJlorNd6K2Asqs,love
4hc5MH11Ukm6TSkoZRkLIU,Get Ready For Loving - Extended Mix,Black Power,SUPER EUROBEAT (VOL.75 EXTENDED VERSION RODGERS & CONTINI EDITION),2020-12-16,25,322062,https://open.spotify.com/track/4hc5MH11Ukm6TSkoZRkLIU,love
5tOOkxHs5Bhrq5mBzGn6uX,Jumping Up The Nations - Extended Mix,TOBY ASH,SUPER EUROBEAT (VOL.75 EXTENDED VERSION TIME EDITION),2020-11-11,29,328095,https://open.spotify.com/track/5tOOkxHs5Bhrq5mBzGn6uX,love
4XiP1AYWf7n6CmWrCoplIf,Love Killer - Extended mix,"Nando, Bratt Sinclaire","Bratt Sinclaire Eurobeat Style, Vol.6",2019-01-25,34,320133,https://open.spotify.com/track/4XiP1AYWf7n6CmWrCoplIf,love
1xjaMIYo2VBRnrOnHfq5xw,Take Me To The Top - Extended mix,"D-Essex, Bratt Sinclaire","Bratt Sinclaire Eurobeat Style, Vol.10",2019-01-25,32,398988,https://open.spotify.com/track/1xjaMIYo2VBRnrOnHfq5xw,love
0Z2365lmtBdWSFgpdcNtay,She Devil - Extended Mix,TRIUMPH,SUPER EUROBEAT (VOL.79 EXTENDED VERSION TIME EDITION),2020-11-25,27,355677,https://open.spotify.com/track/0Z2365lmtBdWSFgpdcNtay,love
1r9GqzWSC7tF81Zwhepb4Q,Destination Love - Extended Mix,Black Power,SUPER EUROBEAT (VOL.69 EXTENDED VERSION RODGERS & CONTINI EDITION),2020-12-02,26,382432,https://open.spotify.com/track/1r9GqzWSC7tF81Zwhepb4Q,love
6WhTBQ1C2U0o3xoAvo0k9M,Doctor Love - Extended Remastered,Dr. Love,Eurobeat Masters - Remastered Vol.1,2020-05-12,33,356400,https://open.spotify.com/track/6WhTBQ1C2U0o3xoAvo0k9M,love
0vEzQhfuyZQ0iF4Xw2JzxR,King Of The Night - Extended Mix,Thomas T.,SUPER EUROBEAT (VOL.79 EXTENDED VERSION TIME EDITION),2020-11-25,26,309821,https://open.spotify.com/track/0vEzQhfuyZQ0iF4Xw2JzxR,love
0SBQ2Rl9h6wTsuKq3GLR6G,Crazy For Your Love,Morris,Crazy For Your Love,2019-01-24,31,329270,https://open.spotify.com/track/0SBQ2Rl9h6wTsuKq3GLR6G,love
5PMoiXSoRhlNjrJFH5niOb,Generation - Extended Mix,Dave Simon,SUPER EUROBEAT (VOL.72 EXTENDED VERSION TIME EDITION),2020-11-04,29,368999,https://open.spotify.com/track/5PMoiXSoRhlNjrJFH5niOb,love
728eN6iT6UL78sciGoIsnZ,Power,Go2,"Eurobeat Go2, Vol. 1",2018-04-26,0,338662,https://open.spotify.com/track/728eN6iT6UL78sciGoIsnZ,love
3um5HRjg1p0nCSIdNt5WwU,Shock Out - Extended Mix,Fastway,SUPER EUROBEAT HEISEI(平成) BEST 〜PRODUCED BY STEFANO CASTAGNA FOR SCP〜,2020-03-25,6,331520,https://open.spotify.com/track/3um5HRjg1p0nCSIdNt5WwU,love
0uXJLyt0P8bQSDObX7rGHW,Let It Burn,Go2,"Eurobeat Go2, Vol. 1",2018-04-26,0,279832,https://open.spotify.com/track/0uXJLyt0P8bQSDObX7rGHW,love
53L0emkCtbM9mj8D7BAqMe,DISCO FIRE,dave rodgers,SUPER EUROBEAT presents INITIAL D DAVE RODGERS SELECTION,2019-09-11,32,284146,https://open.spotify.com/track/53L0emkCtbM9mj8D7BAqMe,love
7g1GYTgHpZhDlWwJrebEYM,Play Loud,Go2,"Eurobeat Go2, Vol. 1",2018-04-26,0,314345,https://open.spotify.com/track/7g1GYTgHpZhDlWwJrebEYM,love
2Yi4vEO1FR5wDpORMqxwZw,Hot Hot Racing Car,Go2,"Eurobeat Go2, Vol. 1",2018-04-26,0,270236,https://open.spotify.com/track/2Yi4vEO1FR5wDpORMqxwZw,love
7BbtT25RRCKwTv4P5DtOx8,Laser Gun - Extended Mix,Jungle Bill,Euromatch Collection,2018-11-08,26,373500,https://open.spotify.com/track/7BbtT25RRCKwTv4P5DtOx8,love
4hSR36p0GAs8ETTFDE9v6b,Saving The World - Extended mix,"EUROBEAT GIRLS, Bratt Sinclaire","Bratt Sinclaire Eurobeat Style, Vol.8",2019-01-25,27,314607,https://open.spotify.com/track/4hSR36p0GAs8ETTFDE9v6b,love
3FIaf7IPgw80d3coWPapDI,Smoke on the Fire - Extended Mix,P. STONE,"Eurobeat Cool, Vol. 2",2018-11-13,25,318000,https://open.spotify.com/track/3FIaf7IPgw80d3coWPapDI,love
5tep66Cseh5deTARxsNwdv,Big Brother - Extended,Fastway,Eurobeat Fastway 3,2019-11-28,0,290173,https://open.spotify.com/track/5tep66Cseh5deTARxsNwdv,love
2inaFUXKiObHw1gcIwcLDA,Daddy Boy - Fitness Version 160 Bpm,Sarah,The Best Of Eurobeat Mega Party (Mixed Compilation For Fitness & Workout 150 - 160 Bpm / 32 Count),2019-10-18,27,192000,https://open.spotify.com/track/2inaFUXKiObHw1gcIwcLDA,love
5uPuOBFLDJTBqlUgupfPC0,Eternity - Extended mix,"Denise, Bratt Sinclaire","Bratt Sinclaire Eurobeat Style, Vol.3",2019-01-25,28,340822,https://open.spotify.com/track/5uPuOBFLDJTBqlUgupfPC0,love
5T9dqWoi3XrmKnE7HxcbkP,How Yeah - Extended Mix,Franz Tornado,Euromatch Collection,2018-11-08,25,343500,https://open.spotify.com/track/5T9dqWoi3XrmKnE7HxcbkP,love
2mqBZ95vOpwF4f8GfPXh6t,Take Me up and Higher - Extended Mix,Lou Lou Marina,"Eurobeat Fresh Collection, Vol. 2",2018-11-08,26,339656,https://open.spotify.com/track/2mqBZ95vOpwF4f8GfPXh6t,love
0lFhXiSQqH7MQ0e1qQ0uI3,Maya - Extended,"Paul Harris, Cherry",DUETS,2019-11-01,24,323221,https://open.spotify.com/track/0lFhXiSQqH7MQ0e1qQ0uI3,love
7qHD3uJnvKNaqisOgELLJ8,Easy Game,Elena Ferretti,Easy Game,2021-03-05,23,383631,https://open.spotify.com/track/7qHD3uJnvKNaqisOgELLJ8,love
0tlCv3dskK5F3YdLUpfyFh,Young and Wild - Extended,Fastway,Eurobeat Kudos 11,2018-03-16,0,297714,https://open.spotify.com/track/0tlCv3dskK5F3YdLUpfyFh,love
50rBig422grI4mNaL1KPxn,Ministry of Power - Extended Version,Fastway,Eurobeat Fastway 1,2019-11-28,0,232360,https://open.spotify.com/track/50rBig422grI4mNaL1KPxn,love
7B5mcv8k4GIIdEWvqyi9Xd,Spitfire,Go2,"Eurobeat Go2, Vol. 1",2018-04-26,0,314702,https://open.spotify.com/track/7B5mcv8k4GIIdEWvqyi9Xd,love
1TX3by9FX4toy8IHaIfDoJ,Brand New World - Eurobeat Version,Ace,Eurobeat Ace 1,2018-03-17,0,234607,https://open.spotify.com/track/1TX3by9FX4toy8IHaIfDoJ,love
2vfXZQMLmMuHBZxPwMhWAp,Rock The Nation - Extended Mix,Dave Simon,SUPER EUROBEAT (VOL.75 EXTENDED VERSION TIME EDITION),2020-11-11,27,329211,https://open.spotify.com/track/2vfXZQMLmMuHBZxPwMhWAp,love
0of0BgohGg44IhbR9eaOqE,KILLER,Dave Simon,SUPER EUROBEAT presents HALLOWEEN PARTY,2018-10-24,26,246800,https://open.spotify.com/track/0of0BgohGg44IhbR9eaOqE,love
4n54JaXMZLwJ3qUPnLh8TC,Rage your dream,m.o.v.e,Rage your dream,1998-05-13,50,272966,https://open.spotify.com/track/4n54JaXMZLwJ3qUPnLh8TC,love
3di5hcvxxciiqwMH1jarhY,Set Fire to the Rain,Adele,21,2011-01-24,82,242973,https://open.spotify.com/track/3di5hcvxxciiqwMH1jarhY,love
1Yk0cQdMLx5RzzFTYwmuld,Hello,Adele,25,2015-11-20,75,295502,https://open.spotify.com/track/1Yk0cQdMLx5RzzFTYwmuld,love
6v0UJD4a2FtleHeSYVX02A,I Drink Wine,Adele,30,2021-11-19,72,376169,https://open.spotify.com/track/6v0UJD4a2FtleHeSYVX02A,love
2UikqkwBv7aIvlixeVXHWt,You Should Probably Leave,Chris Stapleton,Starting Over,2020-11-13,83,213493,https://open.spotify.com/track/2UikqkwBv7aIvlixeVXHWt,love
4EwpXldfU693P8z1ucbfur,Heart Letting Go,Chris Stapleton,Nobody Wants This Season 2: The Soundtrack,2025-10-23,63,207746,https://open.spotify.com/track/4EwpXldfU693P8z1ucbfur,love
06gD2ZtK3Dzc1BYqWExQJJ,Broken Halos,Chris Stapleton,From A Room: Volume 1,2017-05-05,77,180906,https://open.spotify.com/track/06gD2ZtK3Dzc1BYqWExQJJ,love
3K07bGe8iljQ3mOKArHLDo,Starting Over,Chris Stapleton,Starting Over,2020-11-13,78,240413,https://open.spotify.com/track/3K07bGe8iljQ3mOKArHLDo,love
5jROdl6MhcmP3O7h2sVgtw,Parachute,Chris Stapleton,Traveller,2015-05-04,76,253200,https://open.spotify.com/track/5jROdl6MhcmP3O7h2sVgtw,love
68JS5SFTnW5Yv9Vzw81Jf0,Millionaire,Chris Stapleton,From A Room: Volume 2,2017-12-01,74,210133,https://open.spotify.com/track/68JS5SFTnW5Yv9Vzw81Jf0,love
4EuaDcxHmHKS6gZ5iuGba0,Joy Of My Life,Chris Stapleton,Starting Over,2020-11-13,75,274520,https://open.spotify.com/track/4EuaDcxHmHKS6gZ5iuGba0,love
5j4hSQH0KaAc8f6cimnXIT,Fire Away,Chris Stapleton,Traveller,2015-05-04,74,244333,https://open.spotify.com/track/5j4hSQH0KaAc8f6cimnXIT,love
178OI1A3qjROeFeh8lmNwW,Traveller,Chris Stapleton,Traveller,2015-05-04,72,222413,https://open.spotify.com/track/178OI1A3qjROeFeh8lmNwW,love
65M92JpTbAdHmTQm4jGaDa,Think I'm In Love With You,Chris Stapleton,Think I’m In Love With You,2023-09-08,71,222800,https://open.spotify.com/track/65M92JpTbAdHmTQm4jGaDa,love
0CfPMZ1DSdzglsMRpLDM2H,Only Thing That’s Gone (feat. Chris Stapleton),"Morgan Wallen, Chris Stapleton",Dangerous: The Double Album,2021-01-08,22,196706,https://open.spotify.com/track/0CfPMZ1DSdzglsMRpLDM2H,love
4CkgMiMqZ5JzW9iYXSTMTL,I Bet You Think About Me (feat. Chris Stapleton) (Taylor’s Version) (From The Vault),"Taylor Swift, Chris Stapleton",Red (Taylor's Version),2021-11-12,69,285106,https://open.spotify.com/track/4CkgMiMqZ5JzW9iYXSTMTL,love
2heBToLEB7odACQ3xwb32A,Scarecrow In The Garden,Chris Stapleton,From A Room: Volume 2,2017-12-01,68,200213,https://open.spotify.com/track/2heBToLEB7odACQ3xwb32A,love
1XXl9pl7ObojHbyJetY75n,A Simple Song,Chris Stapleton,From A Room: Volume 2,2017-12-01,70,216013,https://open.spotify.com/track/1XXl9pl7ObojHbyJetY75n,love
5aDK0TurEtiedVdT0a6k9a,Whiskey And You,Chris Stapleton,Traveller,2015-05-04,66,236333,https://open.spotify.com/track/5aDK0TurEtiedVdT0a6k9a,love
4N1QzEzQudrgGMWjPZhaX2,Sweet Symphony (feat. Chris Stapleton),"Joy Oladokun, Chris Stapleton",Proof Of Life,2023-04-28,68,228076,https://open.spotify.com/track/4N1QzEzQudrgGMWjPZhaX2,love
4WRRCuJYRq7gUKiupxVH9W,Nobody To Blame,Chris Stapleton,Traveller,2015-05-04,64,244146,https://open.spotify.com/track/4WRRCuJYRq7gUKiupxVH9W,love
6SYasTzcB2CZlJfkEO7ZrS,Hard Livin',Chris Stapleton,From A Room: Volume 2,2017-12-01,63,179226,https://open.spotify.com/track/6SYasTzcB2CZlJfkEO7ZrS,love
6Wo5YxkdXgwzKQZbDg2r17,Either Way,Chris Stapleton,From A Room: Volume 1,2017-05-05,62,248053,https://open.spotify.com/track/6Wo5YxkdXgwzKQZbDg2r17,love
1SPI4AlK4121PEQPGSpdcY,California Sober (Feat. Chris Stapleton),"Post Malone, Chris Stapleton",F-1 Trillion,2024-08-15,57,204411,https://open.spotify.com/track/1SPI4AlK4121PEQPGSpdcY,love
6tInq1Sn2eehdsQGA9Aafh,Midnight Train To Memphis,Chris Stapleton,From A Room: Volume 2,2017-12-01,61,222653,https://open.spotify.com/track/6tInq1Sn2eehdsQGA9Aafh,love
0oTGa77jJ1H5joTG5SvxFj,Second One To Know,Chris Stapleton,From A Room: Volume 1,2017-05-05,61,176066,https://open.spotify.com/track/0oTGa77jJ1H5joTG5SvxFj,love
64lQdlm7FlF0AYZsRaZlBP,It Takes A Woman,Chris Stapleton,It Takes A Woman,2023-10-13,55,246986,https://open.spotify.com/track/64lQdlm7FlF0AYZsRaZlBP,love
2ZAqfeq7PMp7XA2IKhuJJ2,Friendship,Chris Stapleton,From A Room: Volume 2,2017-12-01,59,265173,https://open.spotify.com/track/2ZAqfeq7PMp7XA2IKhuJJ2,love
2TuqMTikjCxxP8Y8SXKAuO,we don't fight anymore,"Carly Pearce, Chris Stapleton",hummingbird,2024-06-07,58,218951,https://open.spotify.com/track/2TuqMTikjCxxP8Y8SXKAuO,love
3ETCVKhAVXx0a8ohAeSP7d,Honky Tonk Hall Of Fame,"George Strait, Chris Stapleton",Cowboys And Dreamers,2024-09-06,50,189746,https://open.spotify.com/track/3ETCVKhAVXx0a8ohAeSP7d,love
0E5qWMuPzjkPuZ0OdJZBDk,Tell Me When It’s Over,"Sheryl Crow, Chris Stapleton",Tell Me When It’s Over,2019-08-02,46,296933,https://open.spotify.com/track/0E5qWMuPzjkPuZ0OdJZBDk,love
7Bpivl6q9y2FgSp1nr5MZ8,Small Town Hypocrite,"Caylee Hammack, Chris Stapleton",Small Town Hypocrite,2021-04-16,54,241899,https://open.spotify.com/track/7Bpivl6q9y2FgSp1nr5MZ8,love
3yju5QYFjndmGvaG2wVvPv,"Last Thing I Needed, First Thing This Morning",Chris Stapleton,From A Room: Volume 1,2017-05-05,51,255026,https://open.spotify.com/track/3yju5QYFjndmGvaG2wVvPv,love
0b5eGJurmVg0niGBgYkoAG,Tryin' To Untangle My Mind,Chris Stapleton,From A Room: Volume 2,2017-12-01,50,194920,https://open.spotify.com/track/0b5eGJurmVg0niGBgYkoAG,love
3aJslQrqwbWI3EP2vN766e,Nobody's Lonely Tonight,Chris Stapleton,From A Room: Volume 2,2017-12-01,53,206520,https://open.spotify.com/track/3aJslQrqwbWI3EP2vN766e,love
4Zk5JSZklL3yIT6J5n9j9t,Night Moves,"Dolly Parton, Chris Stapleton",Rockstar (Deluxe),2024-01-19,42,339322,https://open.spotify.com/track/4Zk5JSZklL3yIT6J5n9j9t,love
0RwkJVCp9scqmAOEIeXES3,I Should Have Known It,Chris Stapleton,Petty Country (A Country Music Celebration Of Tom Petty),2024-06-21,41,236381,https://open.spotify.com/track/0RwkJVCp9scqmAOEIeXES3,love
76XXH1VudC1acTcoG4qBLu,I Was Wrong,Chris Stapleton,From A Room: Volume 1,2017-05-05,0,191480,https://open.spotify.com/track/76XXH1VudC1acTcoG4qBLu,love
2Y8ypkWjxFI5pJRIkMmXi9,528 Hz Love Frequency,Spiritual Frequencies,528 Hz Positive Transformation,2021-10-01,63,80898,https://open.spotify.com/track/2Y8ypkWjxFI5pJRIkMmXi9,love
6fucZ6mdZ6OoeDdBbgN6ZC,528 Hz Love Energy,Spiritual Frequencies,528 Hz Miracle Tone,2021-10-01,63,82409,https://open.spotify.com/track/6fucZ6mdZ6OoeDdBbgN6ZC,love
1OMUawHWe27BEYvnCTeWMR,528 Hz Bless & Heal,Spiritual Frequencies,528 Hz Miracle Tone,2021-10-01,62,98863,https://open.spotify.com/track/1OMUawHWe27BEYvnCTeWMR,love
67zLFjnzqQ7UppDq1HXczR,528 Hz Mindfulness,Spiritual Frequencies,528 Hz Positive Transformation,2021-10-01,62,96000,https://open.spotify.com/track/67zLFjnzqQ7UppDq1HXczR,love
4ANBITkdzCWmNCkLoyCdB2,528 Hz Bringing Blessings,Spiritual Frequencies,528 Hz Miracle Tone,2021-10-01,61,92957,https://open.spotify.com/track/4ANBITkdzCWmNCkLoyCdB2,love
0cTn2oaV3NGeA13vxwmgkI,528 Hz Manifest Miracles,Spiritual Frequencies,528 Hz Miracle Tone,2021-10-01,61,95421,https://open.spotify.com/track/0cTn2oaV3NGeA13vxwmgkI,love
5fYsehSsvX5H4VpMNrGN98,528 Hz Positive Transformation,Spiritual Frequencies,528 Hz Positive Transformation,2021-10-01,63,73043,https://open.spotify.com/track/5fYsehSsvX5H4VpMNrGN98,love
7wI2C0f49n6HpFPR6EwTU7,528 Hz Unwind,Spiritual Frequencies,528 Hz Positive Transformation,2021-10-01,62,80000,https://open.spotify.com/track/7wI2C0f49n6HpFPR6EwTU7,love
5DxM0NF6lAzcwT3sctSyMd,528 Hz Energizing and Healing,Spiritual Frequencies,528 Hz Positive Transformation,2021-10-01,62,79534,https://open.spotify.com/track/5DxM0NF6lAzcwT3sctSyMd,love
6KsmV3JXan0wfDeY9oDbn7,528 Hz Self Confidence,Spiritual Frequencies,528 Hz Positive Transformation,2021-10-01,62,81882,https://open.spotify.com/track/6KsmV3JXan0wfDeY9oDbn7,love
5qj1JM7Yza7iOEsWkYWTXj,528 Hz Self Esteem,Spiritual Frequencies,528 Hz Positive Transformation,2021-10-01,62,90000,https://open.spotify.com/track/5qj1JM7Yza7iOEsWkYWTXj,love
5GCFqUpwWlCkDgec1Cird6,528 Hz Cell Regeneration,Spiritual Frequencies,528 Hz Positive Transformation,2021-10-01,62,82962,https://open.spotify.com/track/5GCFqUpwWlCkDgec1Cird6,love
0Q6TI6bw8WWxAop7ib91uc,528 Hz Reducing Tension-Anxiety,Spiritual Frequencies,528 Hz Positive Transformation,2021-10-01,61,86117,https://open.spotify.com/track/0Q6TI6bw8WWxAop7ib91uc,love
10M9pTD82hqMGH5lYccN9O,528 Hz Reducing Mood Disturbance,Spiritual Frequencies,528 Hz Positive Transformation,2021-10-01,61,92530,https://open.spotify.com/track/10M9pTD82hqMGH5lYccN9O,love
1SSTXRsMoLI6HRYQnlbI3e,528 Hz Detoxify the Body,Spiritual Frequencies,528 Hz Positive Transformation,2021-10-01,62,93506,https://open.spotify.com/track/1SSTXRsMoLI6HRYQnlbI3e,love
3kMQxpdjZDcRQUfzUwQBqM,528 Hz Increasing Self-Trust,Spiritual Frequencies,528 Hz Positive Transformation,2021-10-01,60,80000,https://open.spotify.com/track/3kMQxpdjZDcRQUfzUwQBqM,love
2UY65mtNUm33NcigrqO8Ye,528 Hz Sharp Memory,Spiritual Frequencies,528 Hz Positive Transformation,2021-10-01,60,92530,https://open.spotify.com/track/2UY65mtNUm33NcigrqO8Ye,love
6UhzN0t8grLTl94WkGmXrU,528 Hz Quick Manifestation,Spiritual Frequencies,528 Hz Positive Transformation,2021-10-01,60,100909,https://open.spotify.com/track/6UhzN0t8grLTl94WkGmXrU,love
3phm4So9WxGDTmdjiM00Qg,528 Hz Letting Go,Spiritual Frequencies,528 Hz Positive Transformation,2021-10-01,62,93506,https://open.spotify.com/track/3phm4So9WxGDTmdjiM00Qg,love
4z1sSvEeU5ryTE17kU698Y,528 Hz Healing Property,Spiritual Frequencies,528 Hz Miracle Tone,2021-10-01,60,101052,https://open.spotify.com/track/4z1sSvEeU5ryTE17kU698Y,love
21HNB2QKoBwrjqYPS1qe4o,528 Hz Reducing Anxiety,Spiritual Frequencies,528 Hz Miracle Tone,2021-10-01,60,92054,https://open.spotify.com/track/21HNB2QKoBwrjqYPS1qe4o,love
2EEE52LkF52gFe3lfHdh7K,528 Hz Activating Creativity,Spiritual Frequencies,528 Hz Miracle Tone,2021-10-01,59,90410,https://open.spotify.com/track/2EEE52LkF52gFe3lfHdh7K,love
08rpS3AeHRmiyelOO7dp7b,528 Hz Inner Peace,Spiritual Frequencies,528 Hz Miracle Tone,2021-10-01,61,95000,https://open.spotify.com/track/08rpS3AeHRmiyelOO7dp7b,love
2ZpCB6yZKS2g3DOwfOar7P,528 Hz Increasing Life Energy,Spiritual Frequencies,528 Hz Miracle Tone,2021-10-01,59,92530,https://open.spotify.com/track/2ZpCB6yZKS2g3DOwfOar7P,love
6S9KfzBKZOwtVsPAfwcBwq,528 Hz Aura Cleanse,Spiritual Frequencies,528 Hz Miracle Tone,2021-10-01,59,93333,https://open.spotify.com/track/6S9KfzBKZOwtVsPAfwcBwq,love
4T7SIZIV16p2zQpuRwOCYE,528 Hz Solar Plexus Chakra,Spiritual Frequencies,528 Hz Positive Transformation,2021-10-01,60,81428,https://open.spotify.com/track/4T7SIZIV16p2zQpuRwOCYE,love
5U8Y5RhISKVXN2xUyb7Vyk,528 Hz Vibrational Medicine,Spiritual Frequencies,528 Hz Positive Transformation,2021-10-01,60,73043,https://open.spotify.com/track/5U8Y5RhISKVXN2xUyb7Vyk,love
4frU4uf4FzhEhivfHCQuse,528 Hz DNA Repair,Spiritual Frequencies,528 Hz Positive Transformation,2021-10-01,61,75000,https://open.spotify.com/track/4frU4uf4FzhEhivfHCQuse,love
6P9xetDrRlmCuddoUI4ePN,528 Hz Miracle Tone,Spiritual Frequencies,528 Hz Positive Transformation,2021-10-01,61,77922,https://open.spotify.com/track/6P9xetDrRlmCuddoUI4ePN,love
7jwe1frlegIGMOsiMSzYjz,528 Hz Heal and Repair,Spiritual Frequencies,528 Hz Positive Transformation,2021-10-01,60,76483,https://open.spotify.com/track/7jwe1frlegIGMOsiMSzYjz,love
00PYH2P9NCS87FDSwqIW13,528 Hz Powerful Transformation,Spiritual Frequencies,528 Hz Positive Transformation,2021-10-01,61,80963,https://open.spotify.com/track/00PYH2P9NCS87FDSwqIW13,love
6eIJKB5JEKhNcRYBNcMQLW,528 Hz Clarity of Mind,Spiritual Frequencies,528 Hz Positive Transformation,2021-10-01,63,93157,https://open.spotify.com/track/6eIJKB5JEKhNcRYBNcMQLW,love
3qw1VVk7GtbcTVrHORFcV1,528 Hz Staying Focused,Spiritual Frequencies,528 Hz Positive Transformation,2021-10-01,62,89230,https://open.spotify.com/track/3qw1VVk7GtbcTVrHORFcV1,love
64X7O6orPKO4YCRT4FWb9e,528 Hz In the Moment,Spiritual Frequencies,528 Hz Positive Transformation,2021-10-01,62,86153,https://open.spotify.com/track/64X7O6orPKO4YCRT4FWb9e,love
4V4cRV8MzaR5lkxU6pYes8,528 Hz Great Awareness,Spiritual Frequencies,528 Hz Miracle Tone,2021-10-01,61,96000,https://open.spotify.com/track/4V4cRV8MzaR5lkxU6pYes8,love
5hAWATp1cD21SVNKvU08Pt,528 Hz Mighty Transformation,Spiritual Frequencies,528 Hz Miracle Tone,2021-10-01,59,94153,https://open.spotify.com/track/5hAWATp1cD21SVNKvU08Pt,love
32ckAkOQTQy1NhZngzPWFR,528 Hz Natural Relationship,Spiritual Frequencies,528 Hz Miracle Tone,2021-10-01,59,98461,https://open.spotify.com/track/32ckAkOQTQy1NhZngzPWFR,love
4LgpQ4iWmlcDSNro0pUlrE,528 Hz Natural Marvel,Spiritual Frequencies,528 Hz Miracle Tone,2021-10-01,59,103783,https://open.spotify.com/track/4LgpQ4iWmlcDSNro0pUlrE,love
1fGVeI7Jq5Gi9MEf1tKeFy,528 Hz Freedom,Spiritual Frequencies,528 Hz Miracle Tone,2021-10-01,59,96153,https://open.spotify.com/track/1fGVeI7Jq5Gi9MEf1tKeFy,love
3CHAXhDJShWGgSUytzMJvW,528 Hz Good Vibration,Spiritual Frequencies,528 Hz Miracle Tone,2021-10-01,59,97297,https://open.spotify.com/track/3CHAXhDJShWGgSUytzMJvW,love
1J1oCBcNjnITq5piflV7oh,528 Hz Miraculous Recoveries,Spiritual Frequencies,528 Hz Miracle Tone,2021-10-01,59,101298,https://open.spotify.com/track/1J1oCBcNjnITq5piflV7oh,love
4NBWujz1a5pYD1tTxpmwFE,528 Hz Overcome Fatigue,Spiritual Frequencies,528 Hz Miracle Tone,2021-10-01,59,89600,https://open.spotify.com/track/4NBWujz1a5pYD1tTxpmwFE,love
3fM6oJurCru4AdbPAQnQvT,528 Hz Overcome Anxiety,Spiritual Frequencies,528 Hz Miracle Tone,2021-10-01,59,83478,https://open.spotify.com/track/3fM6oJurCru4AdbPAQnQvT,love
1c2K6W0Xzv6Jz8dzq8A1WO,528 Hz Overcome Control Issues,Spiritual Frequencies,528 Hz Miracle Tone,2021-10-01,59,85063,https://open.spotify.com/track/1c2K6W0Xzv6Jz8dzq8A1WO,love
3WH7Q5z136lOXourf3v9b4,528 Hz Overcome Negative Thought Patterns,Spiritual Frequencies,528 Hz Miracle Tone,2021-10-01,59,100869,https://open.spotify.com/track/3WH7Q5z136lOXourf3v9b4,love
0MGiIHnUx6GrTV2A9V0pzY,528 Hz Gold & Fire,Spiritual Frequencies,528 Hz Miracle Tone,2021-10-01,59,95142,https://open.spotify.com/track/0MGiIHnUx6GrTV2A9V0pzY,love
3PFsvipSUMwLghq5aI7cvq,528 Hz Cleanse,Spiritual Frequencies,528 Hz Miracle Tone,2021-10-01,59,85263,https://open.spotify.com/track/3PFsvipSUMwLghq5aI7cvq,love
7MyuqmFMZNyhJMQgWREsLy,528 Hz Release Blockages,Spiritual Frequencies,528 Hz Miracle Tone,2021-10-01,59,92903,https://open.spotify.com/track/7MyuqmFMZNyhJMQgWREsLy,love
0WKX6pJOtty873NYB45zGQ,528 Hz Sensational Tone,Spiritual Frequencies,528 Hz Miracle Tone,2021-10-01,59,90000,https://open.spotify.com/track/0WKX6pJOtty873NYB45zGQ,love
0Jz7dPv3jfsrTpAGTloP7k,528 Hz Reducing Stress,Spiritual Frequencies,528 Hz Positive Transformation,2021-10-01,60,77037,https://open.spotify.com/track/0Jz7dPv3jfsrTpAGTloP7k,love
2lzD7lg2aaaAKMTEFCvFom,THE RIDE,"Omido, Kae",THE RIDE,2024-04-26,0,155876,https://open.spotify.com/track/2lzD7lg2aaaAKMTEFCvFom,love
4ejyZ4uJEXUURcgKp1kP8v,After Hours,The Weeknd,After Hours,2020-02-19,1,361946,https://open.spotify.com/track/4ejyZ4uJEXUURcgKp1kP8v,love
0TRvFW2D99I3G53Im1nRxV,IF I HAD YOU...,Chris Grey,IF I HAD YOU...,2025-01-24,55,168107,https://open.spotify.com/track/0TRvFW2D99I3G53Im1nRxV,love
5ITvWsV549G45Fei9gv4FY,i know (faded),Ex Habit,i know (faded),2024-07-05,48,123818,https://open.spotify.com/track/5ITvWsV549G45Fei9gv4FY,love
7zQteWGg3AZsphUJO6GbB9,GIVE ME YOUR LOVE,Chris Grey,THE CASTLE NEVER FALLS,2024-10-18,60,213374,https://open.spotify.com/track/7zQteWGg3AZsphUJO6GbB9,love
7aSGnBzGlL6r8XbPdQOQEL,want me,Ex Habit,with your eyes shut,2023-12-15,49,155100,https://open.spotify.com/track/7aSGnBzGlL6r8XbPdQOQEL,love
2d2YfEqR1pg34vIhVOsR1w,say my name - sped up,"BURY, zandros",say my name,2024-09-27,33,147130,https://open.spotify.com/track/2d2YfEqR1pg34vIhVOsR1w,love
0oufSLnKQDoBFX5mgkDCgR,Trust,Brent Faiyaz,Lost,2018-10-19,74,158420,https://open.spotify.com/track/0oufSLnKQDoBFX5mgkDCgR,love
1lau6K2YSP5APtkzNJxVyB,dirty little secret,Artemas,yustyna,2024-07-11,65,181346,https://open.spotify.com/track/1lau6K2YSP5APtkzNJxVyB,love
59BWnlX2K9HJKw5I6AA6p2,don't worry babe,Ex Habit,don't worry babe,2024-04-15,52,183529,https://open.spotify.com/track/59BWnlX2K9HJKw5I6AA6p2,love
5hfWEnQuDDK76LmxJpS1F6,No Love,Ex Habit,No Love,2021-09-03,0,240000,https://open.spotify.com/track/5hfWEnQuDDK76LmxJpS1F6,love
04oXQzFmzdX15IqbJLkloj,i've been gone,Ex Habit,i've been gone,2024-04-26,43,160321,https://open.spotify.com/track/04oXQzFmzdX15IqbJLkloj,love
2wv65ksaanoArP0LMXo2or,u'll never know,"sorry, alone",u'll never know,2025-04-18,28,142745,https://open.spotify.com/track/2wv65ksaanoArP0LMXo2or,love
0X5vRvgicsjFFTvN3kmp8b,over my dead body - sped up,Ex Habit,over my dead body,2024-10-29,35,146294,https://open.spotify.com/track/0X5vRvgicsjFFTvN3kmp8b,love
1JhZFPRiBslF2m1zE8HfdE,One Of The Girls X The Hills,Mckyyy,One Of The Girls X The Hills,2024-01-01,46,176119,https://open.spotify.com/track/1JhZFPRiBslF2m1zE8HfdE,love
6cLyW6VQOS2R354VTK1piH,Worship,Oscen,Worship,2025-06-27,36,184444,https://open.spotify.com/track/6cLyW6VQOS2R354VTK1piH,love
2UpaVPQKLVgvCaRah6wI3G,ALL I WANTED WAS U - Sped Up,"Ex Habit, Omido",ALL I WANTED WAS U,2024-04-14,37,185740,https://open.spotify.com/track/2UpaVPQKLVgvCaRah6wI3G,love
54WjZup7UFtEoayKPdFeVi,love me - sped up,Ex Habit,love me,2023-03-28,45,137473,https://open.spotify.com/track/54WjZup7UFtEoayKPdFeVi,love
4AtZRwSR8BOTTQg5ihSggt,PRBLMS,6LACK,FREE 6LACK,2016-11-18,67,246773,https://open.spotify.com/track/4AtZRwSR8BOTTQg5ihSggt,love
4So1b3w9t5kQ7uz1SSmCxV,DO IT - sped up,"Beneld, BURY",DO IT,2024-04-14,39,134886,https://open.spotify.com/track/4So1b3w9t5kQ7uz1SSmCxV,love
5tOWCUBShzGg1iDrJUpIgT,Unfaithful,QUINTA,Unfaithful,2024-04-15,31,175087,https://open.spotify.com/track/5tOWCUBShzGg1iDrJUpIgT,love
6MIfMrShQjQqm7mf3r9dLE,Summer Song,Remy Bond,Summer Song,2024-06-28,0,245504,https://open.spotify.com/track/6MIfMrShQjQqm7mf3r9dLE,love
205KfX8MynPyyrgOWtEgVm,let me fall - sped up,"Ex Habit, BURY",let me fall,2025-01-29,28,135504,https://open.spotify.com/track/205KfX8MynPyyrgOWtEgVm,love
2wjUXJaPHgzBaCMnSzOjwH,Pressure,Rosenfeld,Pressure,2023-04-13,29,138946,https://open.spotify.com/track/2wjUXJaPHgzBaCMnSzOjwH,love
1cxttvflVlYD4QA34tR5Yj,High Enough - RAC Remix,"K.Flay, RAC",High Enough (RAC Remix),2017-08-04,63,208866,https://open.spotify.com/track/1cxttvflVlYD4QA34tR5Yj,love
7qelgGO8FHOIEF96J9MCHM,Fumes,Oscen,Fumes,2023-11-02,0,158298,https://open.spotify.com/track/7qelgGO8FHOIEF96J9MCHM,love
1DNA2z7Txysjk3cNz2nDLm,WFM,RealestK,WFM,2021-10-06,58,136000,https://open.spotify.com/track/1DNA2z7Txysjk3cNz2nDLm,love
5Q4DLVFNBdyYOqsE1cmjPK,Dance In The Flames,Oscen,Dance In The Flames,2025-02-21,41,198461,https://open.spotify.com/track/5Q4DLVFNBdyYOqsE1cmjPK,love
7Lf7oSEVdzZqTA0kEDSlS5,Cry Me a River,Justin Timberlake,Justified,2002-11-04,78,288333,https://open.spotify.com/track/7Lf7oSEVdzZqTA0kEDSlS5,love
00pc0xkcmkQnCiNE1T0RwG,Keep it 2 myself - sped up,Anna Marx,Keep it 2 myself,2025-01-10,22,138434,https://open.spotify.com/track/00pc0xkcmkQnCiNE1T0RwG,love
2aI21FnmY7TJVKeMaoQZ0t,Say It Right,Nelly Furtado,Loose,2006-01-01,83,223080,https://open.spotify.com/track/2aI21FnmY7TJVKeMaoQZ0t,love
31WUfo9XBP991KF7vhGP6g,Mercy,Rosenfeld,Blood & Porcelain,2024-02-14,31,169093,https://open.spotify.com/track/31WUfo9XBP991KF7vhGP6g,love
7HWJRbhg4Ee9cV24wljSPF,Criminal,LEOWOLF,Criminal,2023-06-14,35,160484,https://open.spotify.com/track/7HWJRbhg4Ee9cV24wljSPF,love
0zWbYGQq5O1KQd0iqzgjP6,Rehab (Winter In Paris),Brent Faiyaz,Fuck The World,2020-02-07,72,180303,https://open.spotify.com/track/0zWbYGQq5O1KQd0iqzgjP6,love
0yqAz6HBzwlJ2nGjK4UiX0,Shut Up and Listen,"Nicholas Bonnin, Angelicca",Shut Up and Listen,2021-05-28,0,243000,https://open.spotify.com/track/0yqAz6HBzwlJ2nGjK4UiX0,love
3I5azi0831uNpYQsfYsW7G,Cola,Lana Del Rey,Born To Die - The Paradise Edition,2012-01-01,64,260893,https://open.spotify.com/track/3I5azi0831uNpYQsfYsW7G,love
62N2JSA0jHmSH7Va9t7hIf,Habits (Stay High) - Hippie Sabotage Remix,"Tove Lo, Hippie Sabotage",Queen Of The Clouds,2014-01-01,66,258933,https://open.spotify.com/track/62N2JSA0jHmSH7Va9t7hIf,love
7uJH0YdSZL6psjxI6Xy08b,Acquainted,The Weeknd,Beauty Behind The Madness,2015-08-28,74,348853,https://open.spotify.com/track/7uJH0YdSZL6psjxI6Xy08b,love
5wUUWVRvrciJqFitZF8R0P,Recognize (feat. Drake),"PARTYNEXTDOOR, Drake",PARTYNEXTDOOR TWO,2014-07-29,1,311197,https://open.spotify.com/track/5wUUWVRvrciJqFitZF8R0P,love
4PouRT4KlI9TRHp45uMqdO,Wicked Games,The Weeknd,Trilogy,2012-11-13,0,323746,https://open.spotify.com/track/4PouRT4KlI9TRHp45uMqdO,love
2hrycoFU1mZw6YPvMcn8yC,KEHLANI,Jordan Adetunji,KEHLANI,2024-06-24,71,122360,https://open.spotify.com/track/2hrycoFU1mZw6YPvMcn8yC,love
1kRKvp3PGQqAPk7bg7ox1c,No Patience,Dylan Wild,No Patience,2023-09-15,51,114016,https://open.spotify.com/track/1kRKvp3PGQqAPk7bg7ox1c,love
2qXjPovl3NUzkGh8IfXZtF,Emotions,Dylan Wild,Emotions,2024-11-15,51,216249,https://open.spotify.com/track/2qXjPovl3NUzkGh8IfXZtF,love
6tF7gpjHASUlwHv8Txr2UD,Sex So Good,Chris Brown,11:11 (Deluxe),2024-04-11,55,210172,https://open.spotify.com/track/6tF7gpjHASUlwHv8Txr2UD,love
2eHlpSXSgb0Uer3JCeVbKy,Energy,Dylan Wild,Energy,2025-06-13,47,125673,https://open.spotify.com/track/2eHlpSXSgb0Uer3JCeVbKy,love
0t3pcqgBjuAVBgY2oEUIlH,It Depends (feat. Bryson Tiller),"Chris Brown, Bryson Tiller",It Depends (feat. Bryson Tiller),2025-07-25,79,271875,https://open.spotify.com/track/0t3pcqgBjuAVBgY2oEUIlH,love
7f4I9GYvHOAChU2HZMGKWY,Replace Me,Dylan Wild,Replace Me,2023-03-17,46,209214,https://open.spotify.com/track/7f4I9GYvHOAChU2HZMGKWY,love
0tziUunf3RxiJiNu3KbumC,To My Bed,Chris Brown,Heartbreak on a Full Moon,2017-10-31,55,273353,https://open.spotify.com/track/0tziUunf3RxiJiNu3KbumC,love
2vjFTjmvpFjFM01cNdG2ik,LASERS,"PARTYNEXTDOOR, Drake",$ome $exy $ongs 4 U,2025-02-14,64,198692,https://open.spotify.com/track/2vjFTjmvpFjFM01cNdG2ik,love
7fjh4w2On8mdaM8iH4JQwe,Taste,"Dylan Wild, Chris Taylor",Taste,2023-12-01,43,159044,https://open.spotify.com/track/7fjh4w2On8mdaM8iH4JQwe,love
6V2qozqssO8ydcVW7NPCfN,Better,"Chris Brown, Tyga",Fan of A Fan The Album (Expanded Edition),2015-02-24,47,222800,https://open.spotify.com/track/6V2qozqssO8ydcVW7NPCfN,love
0Fbmqswyxs3LV01f5pJGBZ,Phone,Dylan Wild,Phone,2018-09-18,43,193242,https://open.spotify.com/track/0Fbmqswyxs3LV01f5pJGBZ,love
5WAOIxI6GVlUl27aLdVNJD,This Ain't,Chris Brown,Heartbreak on a Full Moon,2017-10-31,42,178787,https://open.spotify.com/track/5WAOIxI6GVlUl27aLdVNJD,love
2jLjXcSHPJbsBEDW3NRBmo,Temporary,Dylan Wild,Temporary,2020-07-31,40,238731,https://open.spotify.com/track/2jLjXcSHPJbsBEDW3NRBmo,love
3gTo3oycCTmarilNACMqFt,Body Language (feat. Sha Sha Jones),"Eric Bellinger, Sha Sha Jones",Born II Sing Vol. 3,2013-04-15,39,178050,https://open.spotify.com/track/3gTo3oycCTmarilNACMqFt,love
7B8WqbL0M5XfaexaGuaSps,Overdrive,"Dylan Wild, Quanny Chulo",Overdrive,2020-01-03,40,134076,https://open.spotify.com/track/7B8WqbL0M5XfaexaGuaSps,love
7zfuMrQVGdZkph5py4zctL,Talk Ya Ear Off,Chris Brown,Next To You,2011-06-21,37,193320,https://open.spotify.com/track/7zfuMrQVGdZkph5py4zctL,love
6tZmrNnFao9ofNviYqJwOH,"UP! (feat. Chris Brown, Pleasure P) (R&B Remix Mix)",J. Valentine,UP! (R&B Remix) (feat. Chris Brown & Pleasure P) - Single,2013-01-29,58,201142,https://open.spotify.com/track/6tZmrNnFao9ofNviYqJwOH,love
5MBJECQReIAEcBkspbfMHd,Ready to Fuck,Tyga,Well Done 3,2014-05-08,36,212114,https://open.spotify.com/track/5MBJECQReIAEcBkspbfMHd,love
6ppCjYnlaW54bKHDXxsx6Y,Party,Dylan Wild,Party,2019-07-12,37,175314,https://open.spotify.com/track/6ppCjYnlaW54bKHDXxsx6Y,love
7xHDuriXFKJtPTJ84wLM0y,Sip,Chris Brown,Heartbreak on a Full Moon,2017-10-31,45,197285,https://open.spotify.com/track/7xHDuriXFKJtPTJ84wLM0y,love
7IaENsQHPSGcY62vzbEtYj,Say The Word,Trey Songz,Say The Word,2025-05-23,43,216481,https://open.spotify.com/track/7IaENsQHPSGcY62vzbEtYj,love
3083fDw5aGcjzB5FMauzrH,Porn Star,August Alsina,Testimony,2014-01-01,54,277826,https://open.spotify.com/track/3083fDw5aGcjzB5FMauzrH,love
035MzEbx4z2DxuRDymHXbv,Rodeo (Remix),"Lah Pat, Flo Milli",Rodeo (Remix),2023-02-24,77,245959,https://open.spotify.com/track/035MzEbx4z2DxuRDymHXbv,love
4Xp4BzZc6optsFozG6HTrg,Simon Says,"YC Banks, B. Smyth",Simon Says,2016-02-07,67,231131,https://open.spotify.com/track/4Xp4BzZc6optsFozG6HTrg,love
2xRGPubKBTHX6iyrpQvtCy,Wet The Bed (feat. Ludacris),"Chris Brown, Ludacris",F.A.M.E. (Expanded Edition),2011-03-22,67,266306,https://open.spotify.com/track/2xRGPubKBTHX6iyrpQvtCy,love
5BmB3OaQyYXCqRyN8iR2Yi,SLUT ME OUT,NLE Choppa,SLUT ME OUT,2022-04-22,69,123672,https://open.spotify.com/track/5BmB3OaQyYXCqRyN8iR2Yi,love
35mvY5S1H3J2QZyna3TFe0,positions,Ariana Grande,Positions,2020-10-30,79,172324,https://open.spotify.com/track/35mvY5S1H3J2QZyna3TFe0,love
16XNk3bVCSHXN1rlwbXtHb,Birthday Sex,Jeremih,Jeremih,2009-01-01,73,226506,https://open.spotify.com/track/16XNk3bVCSHXN1rlwbXtHb,love
0lR10VJGL5TT8rzvW4HyKJ,Covered In You,Chris Brown,Heartbreak On A Full Moon Deluxe Edition: Cuffing Season - 12 Days Of Christmas,2017-12-13,38,202806,https://open.spotify.com/track/0lR10VJGL5TT8rzvW4HyKJ,love
4jh2zMaP9jG0vK4Q9CTdAI,Flex,Dylan Wild,Flex,2018-03-30,34,259156,https://open.spotify.com/track/4jh2zMaP9jG0vK4Q9CTdAI,love
4SINLKyKC7s6RAWKGB7mMt,THE NEWS,PARTYNEXTDOOR,PARTYMOBILE,2020-03-26,62,267384,https://open.spotify.com/track/4SINLKyKC7s6RAWKGB7mMt,love
4pJt6B16mFRkmHfXUYmmrK,Sex You,Bando Jonez,Sex You,2014-01-15,54,212946,https://open.spotify.com/track/4pJt6B16mFRkmHfXUYmmrK,love
2oFYnJSHPLzZmB3pk0lLFx,On Me,Chris Brown,Heartbreak on a Full Moon,2017-10-31,51,152653,https://open.spotify.com/track/2oFYnJSHPLzZmB3pk0lLFx,love
78bA1Oz6Yanc1dfUikThzw,Emotions - Slowed + Reverb,Dylan Wild,Emotions (Sped Up),2025-02-07,34,270312,https://open.spotify.com/track/78bA1Oz6Yanc1dfUikThzw,love
2ccvZUysBMmxQ64rnF8ks1,French Kiss,Trey Songz,Anticipation II,2020-04-24,31,251977,https://open.spotify.com/track/2ccvZUysBMmxQ64rnF8ks1,love
4g3d9L9MvHSJoecBH90giM,Be Love,August Alsina,Forever and a Day,2019-02-14,34,200050,https://open.spotify.com/track/4g3d9L9MvHSJoecBH90giM,love
7AgcqeRnfXaniwk5gJoqO4,Who's,Jacquees,Who's,2019-05-24,64,185893,https://open.spotify.com/track/7AgcqeRnfXaniwk5gJoqO4,love
2HWelwHQS4EdRqIycZOc3O,When We,Tank,SAVAGE,2017-09-29,59,309120,https://open.spotify.com/track/2HWelwHQS4EdRqIycZOc3O,love
7ACDlDGg8a9CsjrQk0OQov,EGO,Josh Levi,EGO,2023-04-14,51,149743,https://open.spotify.com/track/7ACDlDGg8a9CsjrQk0OQov,love
7BiELrM90hRxpozaIXbsLw,Sex With Me,Rihanna,ANTI (Deluxe),2016-01-28,72,206400,https://open.spotify.com/track/7BiELrM90hRxpozaIXbsLw,love
3ugAI8vlmz6y4T9BlKhytz,Beg For It,Chris Brown,F.A.M.E. (Expanded Edition),2011-03-22,56,224773,https://open.spotify.com/track/3ugAI8vlmz6y4T9BlKhytz,love
6GFR0u6aaNM6qnUQR91WT5,Sex Room,"Vedo, Lloyd",1320,2021-09-17,50,202539,https://open.spotify.com/track/6GFR0u6aaNM6qnUQR91WT5,love
2Q5Qb9vf7B59EWdaqZuDHo,DFTU,Vedo,e•pit•o•me,2025-07-25,39,140403,https://open.spotify.com/track/2Q5Qb9vf7B59EWdaqZuDHo,love
50kD5xkL0LTkzNNuJS80en,Replace Me - Sped Up,Dylan Wild,Replace Me - Sped Up,2023-05-11,30,149438,https://open.spotify.com/track/50kD5xkL0LTkzNNuJS80en,love
6ed3v3zCNedEcqyLvcMXXc,All About You,Chris Brown,All About You,2011-03-22,35,194426,https://open.spotify.com/track/6ed3v3zCNedEcqyLvcMXXc,love
5rgrBsAFYMun6yhtnLKRPz,Right My Wrongs,Bryson Tiller,T R A P S O U L,2015-10-02,80,249318,https://open.spotify.com/track/5rgrBsAFYMun6yhtnLKRPz,love
1DUsjpq8Vp4NqfqQfJchYG,act iv: fckin u (18+),4batz,u made me a st4r,2024-05-03,0,129849,https://open.spotify.com/track/1DUsjpq8Vp4NqfqQfJchYG,love
0na8x6EOqjHsGABdB90TIC,Hold Tight,Justin Bieber,Journals,2014-05-13,44,254213,https://open.spotify.com/track/0na8x6EOqjHsGABdB90TIC,love
2Vf2Pflg5rTWSvSCK4qq4A,Privacy,Chris Brown,Privacy,2017-03-24,0,220963,https://open.spotify.com/track/2Vf2Pflg5rTWSvSCK4qq4A,love
1zhMHgotgZXkLCXpqNRnPK,N o C h i l l,PARTYNEXTDOOR,PARTYNEXTDOOR 4 (P4),2024-04-26,77,265373,https://open.spotify.com/track/1zhMHgotgZXkLCXpqNRnPK,love
1oe9xO03mgCcEW19IXOKgO,Lost & Found,Chris Brown,Heartbreak on a Full Moon,2017-10-31,42,241777,https://open.spotify.com/track/1oe9xO03mgCcEW19IXOKgO,love
3gEgbv7BfxjP3TqPFiqzYD,Lay Up,Eric Bellinger,Eventually (Mixtape),2016-05-27,33,191921,https://open.spotify.com/track/3gEgbv7BfxjP3TqPFiqzYD,love
41L3O37CECZt3N7ziG2z7l,Yummy,Justin Bieber,Yummy,2020-01-03,65,210426,https://open.spotify.com/track/41L3O37CECZt3N7ziG2z7l,love
08zJpaUQVi9FrKv2e32Bah,Planez,"Jeremih, J. Cole",Late Nights: The Album,2015-12-04,68,240320,https://open.spotify.com/track/08zJpaUQVi9FrKv2e32Bah,love
13LPQrcGUpv72CPJ9w0agp,Earned It (Fifty Shades Of Grey) - Marian Hill Remix (From Fifty Shades Of Grey Remixed),The Weeknd,Fifty Shades Of Grey Remixed,2015-05-04,49,192240,https://open.spotify.com/track/13LPQrcGUpv72CPJ9w0agp,love
2ekdnv2xVIyAdG3ySoDDeY,Wus Good / Curious,PARTYNEXTDOOR,PARTYNEXTDOOR,2013-07-01,0,212880,https://open.spotify.com/track/2ekdnv2xVIyAdG3ySoDDeY,love
4MOXruB3ARc4PePI6IkGO7,Kissin' On My Tattoos,August Alsina,Testimony,2014-01-01,60,251893,https://open.spotify.com/track/4MOXruB3ARc4PePI6IkGO7,love
5bZNIKwZP7qfvliBR1jmBj,Roses,Chris Brown,Heartbreak on a Full Moon,2017-10-31,40,204015,https://open.spotify.com/track/5bZNIKwZP7qfvliBR1jmBj,love
54y1tkych4p4RwN9lVXriJ,Body On Mine,Eric Bellinger,The Rebirth 3: The Party & The Bedroom,2024-03-01,30,179808,https://open.spotify.com/track/54y1tkych4p4RwN9lVXriJ,love
0jtVAAdZSsPL5lL5fNQXHm,Sex Like This,Jacquees,Baby Making,2024-11-01,41,139047,https://open.spotify.com/track/0jtVAAdZSsPL5lL5fNQXHm,love
0WVQchechJX4c0BXp8bHpv,Dirty,Tank,ELEVATION,2019-10-25,47,224622,https://open.spotify.com/track/0WVQchechJX4c0BXp8bHpv,love
2xRYnHQdLD9ketvC01UYYT,It Won't Stop (feat. Chris Brown) - EP Version,"Sevyn Streeter, Chris Brown","Call Me Crazy, But...",2013-12-03,73,281080,https://open.spotify.com/track/2xRYnHQdLD9ketvC01UYYT,love
4TVinarpLQLZ5cWI9paHJv,"Feel It (feat. Rich Homie Quan, Lloyd)",Jacquees,Feel It (feat. Rich Homie Quan & Lloyd) - Single,2014-02-04,45,259918,https://open.spotify.com/track/4TVinarpLQLZ5cWI9paHJv,love
2CpNJVYkbgAaSGmu9t6N64,Phone Secs x FaceTime (feat. King Midas),"Tory Lanez, King Midas",PETERSON,2025-03-07,1,268571,https://open.spotify.com/track/2CpNJVYkbgAaSGmu9t6N64,love
77ZhzP75wx1qzhFG4P7vyt,Lights Out (feat. Fat Trel),"Chris Brown, Tyga, Fat Trel",Fan of A Fan The Album (Expanded Edition),2015-02-24,66,286373,https://open.spotify.com/track/77ZhzP75wx1qzhFG4P7vyt,love
1iuNH5Ajdqt7O2NMon1EB5,Songs About U,"Tink, Summer Walker",Songs About U,2024-05-31,49,180023,https://open.spotify.com/track/1iuNH5Ajdqt7O2NMon1EB5,love
7DKS0rX27cCEPsK0R6tFWS,Wasted Times,The Weeknd,"My Dear Melancholy,",2018-03-30,67,220293,https://open.spotify.com/track/7DKS0rX27cCEPsK0R6tFWS,love
0jhodoJFvVnpQ6Ify39lJQ,FREAK IN YOU,PARTYNEXTDOOR,COLOURS,2017-06-02,66,272339,https://open.spotify.com/track/0jhodoJFvVnpQ6Ify39lJQ,love
5FR54UnizyI8pE5E9Zb0Dt,Pony,Ginuwine,Ginuwine... The Bachelor,1996-10-08,64,324800,https://open.spotify.com/track/5FR54UnizyI8pE5E9Zb0Dt,love
4LdyTCcsYJBXlG3ct9DrmW,Freek'n You - Radio Edit,Jodeci,Magic Mike XXL (Original Motion Picture Soundtrack),2015-06-30,0,380402,https://open.spotify.com/track/4LdyTCcsYJBXlG3ct9DrmW,love
709F3MwiVvLD0LQXeKs5Cz,Vibez,ZAYN,Vibez,2021-01-08,48,163127,https://open.spotify.com/track/709F3MwiVvLD0LQXeKs5Cz,love
6Im9k8u9iIzKMrmV7BWtlF,34+35,Ariana Grande,Positions,2020-10-30,76,173710,https://open.spotify.com/track/6Im9k8u9iIzKMrmV7BWtlF,love
3xpY2T84iSw9bAbJ8zl7Dt,u should feel special,thủy,girls like me don't cry,2022-10-06,42,157199,https://open.spotify.com/track/3xpY2T84iSw9bAbJ8zl7Dt,love
0Odu228D0yGcFySGuxU4rY,The Take (feat. Chris Brown),"Tory Lanez, Chris Brown",Chixtape 5,2019-11-15,68,221492,https://open.spotify.com/track/0Odu228D0yGcFySGuxU4rY,love
3rshg8fOyT2sjPZy7mnhlZ,Tipsy,Jacquees,Tipsy,2022-11-18,37,173426,https://open.spotify.com/track/3rshg8fOyT2sjPZy7mnhlZ,love
5hIbxtdzAdYD3cVkKVEecH,ASAP,Eric Bellinger,Born II Sing Vol. 3,2013-04-15,32,201323,https://open.spotify.com/track/5hIbxtdzAdYD3cVkKVEecH,love
0jk1Cn1HA3cJDVVswKCHgf,Games,Dylan Wild,Games,2018-07-06,32,230022,https://open.spotify.com/track/0jk1Cn1HA3cJDVVswKCHgf,love
4s87ELWGou2DfGnAYjzdoQ,Tell Me What To Do,Chris Brown,Heartbreak on a Full Moon,2017-10-31,36,206090,https://open.spotify.com/track/4s87ELWGou2DfGnAYjzdoQ,love
35M2bsr1xDEhM6v4XV49Xb,Next To You - Radio Edit,Chris Brown,Next To You,2011-06-21,36,210720,https://open.spotify.com/track/35M2bsr1xDEhM6v4XV49Xb,love
1CxxXQX0qq88W4wrmhxL2V,Ready,August Alsina,The Product III: stateofEMERGEncy,2020-06-26,30,202677,https://open.spotify.com/track/1CxxXQX0qq88W4wrmhxL2V,love
1lf6VaHYg3I1blTNrPOSDB,Wet Dreamz,"Sevyn Streeter, Jeremih",Drunken Wordz Sober Thoughtz,2021-09-17,0,185753,https://open.spotify.com/track/1lf6VaHYg3I1blTNrPOSDB,love
2QPXBfLxabUf4lemnV6pA4,Sex Playlist,Vedo,VEDO,2019-03-01,39,242155,https://open.spotify.com/track/2QPXBfLxabUf4lemnV6pA4,love
3e6ysBefdwwkpdA7ciaN5i,Midnight Snack,"Muni Long, Jacob Latimore",Midnight Snack,2020-10-02,50,227231,https://open.spotify.com/track/3e6ysBefdwwkpdA7ciaN5i,love
2SWbnWSe1onmbllRAU46uo,PERSIAN RUGS,PARTYNEXTDOOR,PARTYPACK,2020-10-16,70,174306,https://open.spotify.com/track/2SWbnWSe1onmbllRAU46uo,love
5U5UR88UmzOHBckl4wYAyT,SAY IT,Josh Levi,HYDRAULIC,2025-10-10,52,172500,https://open.spotify.com/track/5U5UR88UmzOHBckl4wYAyT,love
7tr8SXmP9j0uVqUU0qoapb,Attention,Bryson Tiller,Bryson Tiller,2024-04-05,65,216043,https://open.spotify.com/track/7tr8SXmP9j0uVqUU0qoapb,love
2DxsRls9zBN27iiOy6vR4A,THE ROOM,Josh Levi,HYDRAULIC,2025-10-10,48,144837,https://open.spotify.com/track/2DxsRls9zBN27iiOy6vR4A,love
0aaZg5sPwm9BCdrpBst8iB,Let Me Love You - Mario's Version,Mario,Let Me Love You (Mario's Version),2020-02-14,42,251111,https://open.spotify.com/track/0aaZg5sPwm9BCdrpBst8iB,love
5ZfQFxeeGGiKUmwzQBbGaV,Hrs & Hrs (feat. Usher) - Remix,"Muni Long, USHER",Hrs & Hrs (Remix),2023-06-23,51,208320,https://open.spotify.com/track/5ZfQFxeeGGiKUmwzQBbGaV,love
5PUQc0syqkO81AnZRs2CUo,Wonder Woman,"Lex Luger, Tyga, Chris Brown",Well Done,2010-11-07,29,232258,https://open.spotify.com/track/5PUQc0syqkO81AnZRs2CUo,love
3wGV5S5a2jkZw3KeH8BtB9,Pull Up,Chris Brown,Heartbreak on a Full Moon,2017-10-31,41,142794,https://open.spotify.com/track/3wGV5S5a2jkZw3KeH8BtB9,love
5PyDJG7SQRgWXefgexqIge,Agora Hills,Doja Cat,Scarlet,2023-09-20,78,265360,https://open.spotify.com/track/5PyDJG7SQRgWXefgexqIge,love
5tBBOiOqzFnsm1SJUnv7lq,Feel It,Michele Morrone,Feel It,2020-01-20,34,157935,https://open.spotify.com/track/5tBBOiOqzFnsm1SJUnv7lq,love
4ldEa3I2vWrRKlydokvoqw,P*$$Y Fairy (OTW),Jhené Aiko,The Magic Hour Collection,2024-11-22,57,181860,https://open.spotify.com/track/4ldEa3I2vWrRKlydokvoqw,love
0WkfQ4SJqsKrixNQNYSMsq,BIRTHDAY DANCE,Josh Levi,DISC TWO (SCRATCHED UP),2023-05-12,62,144489,https://open.spotify.com/track/0WkfQ4SJqsKrixNQNYSMsq,love
5WlUqawj7SFXlGjVkWEXQY,Need A Friend,Chris Brown,11:11,2023-11-10,45,192750,https://open.spotify.com/track/5WlUqawj7SFXlGjVkWEXQY,love
6P3cUSAoT4EeMxVgWVdBra,No BS (feat. Kevin McCall),"Chris Brown, Kevin McCall",F.A.M.E. (Expanded Edition),2011-03-22,57,247933,https://open.spotify.com/track/6P3cUSAoT4EeMxVgWVdBra,love
6d4lXOguGldw99xR5YBVyI,Super Freak (feat. Rick Ross),"Tory Lanez, Rick Ross",The New Toronto 2,2025-10-10,48,169472,https://open.spotify.com/track/6d4lXOguGldw99xR5YBVyI,love
5IaHrVsrferBYDm0bDyABy,Taste (feat. Offset),"Tyga, Offset",Taste (feat. Offset),2018-05-16,68,232959,https://open.spotify.com/track/5IaHrVsrferBYDm0bDyABy,love
7ptOgj2QJdCVyTZnguZL9Q,Get At Ya,Chris Brown,Exclusive (Expanded Edition),2007-11-06,38,198213,https://open.spotify.com/track/7ptOgj2QJdCVyTZnguZL9Q,love
49v5ttae4SvGE6XqfP7PY4,Persuasion (feat. Victoria Monét),"Bryson Tiller, Victoria Monét",Bryson Tiller,2024-04-05,50,169941,https://open.spotify.com/track/49v5ttae4SvGE6XqfP7PY4,love
01jIO8SJFnpSiNLH1JaBZ5,You,Jacquees,4275 (Bonus Version),2018-09-07,66,217386,https://open.spotify.com/track/01jIO8SJFnpSiNLH1JaBZ5,love
60GA0yEMtXVc0JRpiDco6j,2012,Chris Brown,Fortune (Deluxe Version),2012-06-29,0,248693,https://open.spotify.com/track/60GA0yEMtXVc0JRpiDco6j,love
4jBfUB4kQJCWOrjGLQqhO0,The Morning,The Weeknd,House Of Balloons (Original),2011-03-21,76,314109,https://open.spotify.com/track/4jBfUB4kQJCWOrjGLQqhO0,love
2pG5yzY7LkIpix0tmos3W8,When I’m Around Her,Jacquees,Baby Making,2024-11-01,45,129729,https://open.spotify.com/track/2pG5yzY7LkIpix0tmos3W8,love
26cIQHLKd2rbPb7d15qdki,Emotions - Sped Up,Dylan Wild,Emotions (Sped Up),2025-02-07,31,180208,https://open.spotify.com/track/26cIQHLKd2rbPb7d15qdki,love
5Zyi1309LQ5Xux1buSRRFW,Who's Gonna (NOBODY),Chris Brown,Royalty (Deluxe Version),2015-12-18,48,273280,https://open.spotify.com/track/5Zyi1309LQ5Xux1buSRRFW,love
0ub0ByXiIkVjPVTad1L2f7,Sex Never Felt Better,TGT,Three Kings,2013-08-20,45,250315,https://open.spotify.com/track/0ub0ByXiIkVjPVTad1L2f7,love
7KNA2eKAElWXbas1Okd8pP,All I Need,Vyce,All I Need,2020-07-08,12,238001,https://open.spotify.com/track/7KNA2eKAElWXbas1Okd8pP,love
07Ld64A4HYBzPo7BNI1YPN,Inside My Bed,Eric Bellinger,The Rebirth 3: The Party & The Bedroom,2024-03-01,33,175584,https://open.spotify.com/track/07Ld64A4HYBzPo7BNI1YPN,love
7KCXJKnDMXUczdEWEI0gzn,Margiela Sex,Jacquees,Baby Making,2024-11-01,35,158181,https://open.spotify.com/track/7KCXJKnDMXUczdEWEI0gzn,love
67aZceS6LOjHHZEuZnr6Qi,Cardio,Larissa Lambert,Cardio (Remix),2025-03-21,36,157414,https://open.spotify.com/track/67aZceS6LOjHHZEuZnr6Qi,love
7dnixpDdQlIOX1L7O0pdFM,World Class Sinner / I’m A Freak,Lily-Rose Depp,The Idol Episode 1 (Music from the HBO Original Series),2023-06-09,58,199280,https://open.spotify.com/track/7dnixpDdQlIOX1L7O0pdFM,love
0b4M7hd7mzLTm99MrMeZsp,She Will,"Lil Wayne, Drake",Tha Carter IV (Complete Edition),2011-08-29,78,305840,https://open.spotify.com/track/0b4M7hd7mzLTm99MrMeZsp,love
2Xau3uNsnIb9FwzsvHR84z,I See Red,Everybody Loves an Outlaw,I See Red,2018-10-31,0,230613,https://open.spotify.com/track/2Xau3uNsnIb9FwzsvHR84z,love
71mHO4fFmS2Xu5XxZbcRND,Under The Influence (Body Language),Chris Brown,Under The Influence,2022-09-06,56,148750,https://open.spotify.com/track/71mHO4fFmS2Xu5XxZbcRND,love
1Sv01z4JcUJDjoo7RnIKc6,Sleepers,"Reed Wonder, Aurora Olivas",Sleepers,2025-05-29,53,201345,https://open.spotify.com/track/1Sv01z4JcUJDjoo7RnIKc6,love
7aJwamBFV2pjHTXUnlDgZb,FWM,Tone Stith,FWM,2021-02-05,42,196656,https://open.spotify.com/track/7aJwamBFV2pjHTXUnlDgZb,love
65oYFlqV0QsgenoPEx90bv,Let Go,"Chris Taylor, Dylan Wild",Let Go,2024-05-17,28,122757,https://open.spotify.com/track/65oYFlqV0QsgenoPEx90bv,love
5wFw9KepIz5Y2SvmpkAIBx,Insatiable,Elias,Insatiable,2024-07-26,0,181103,https://open.spotify.com/track/5wFw9KepIz5Y2SvmpkAIBx,love
4HQYvC3uJxW3KDGxMln19H,The First Time,Elliott Trent,The Gentlemen's Club,2017-05-19,52,240091,https://open.spotify.com/track/4HQYvC3uJxW3KDGxMln19H,love
3a55lNsz8YLKUawVI2wUox,All That Matters,Justin Bieber,Journals,2014-05-13,0,191173,https://open.spotify.com/track/3a55lNsz8YLKUawVI2wUox,love
4mU5iXHeLgbR94siF7p1sY,Six Feet Under,The Weeknd,Starboy,2016-11-25,66,237573,https://open.spotify.com/track/4mU5iXHeLgbR94siF7p1sY,love
5xjTqz4aYQeBnFhwMPmfx9,Kickin’ Back,Mila J,213,2016-06-16,63,202434,https://open.spotify.com/track/5xjTqz4aYQeBnFhwMPmfx9,love
2G7q7mDahLOYJL5hgbahk7,Sex Songs,Tory Lanez,Sorry 4 What,2022-09-30,52,262833,https://open.spotify.com/track/2G7q7mDahLOYJL5hgbahk7,love
3Jrs7cC2OJNlNSy9VnDOMZ,Somethin Tells Me,Bryson Tiller,True to Self,2017-05-26,50,194266,https://open.spotify.com/track/3Jrs7cC2OJNlNSy9VnDOMZ,love
0l5TBOeKwCfqDf6DG8r25n,TB's Interlude *LIVE PHONE RECORDING*,Tory Lanez,PETERSON,2025-03-07,0,169903,https://open.spotify.com/track/0l5TBOeKwCfqDf6DG8r25n,love
0RqkVlxlB4rsAd7F7Dm0Ly,Twerkoholic,B. Smyth,Twerkoholic,2014-01-01,48,237880,https://open.spotify.com/track/0RqkVlxlB4rsAd7F7Dm0Ly,love
0b4FXtGKqER9amOifVngHm,Right Now,Trevor Jackson,"Rough Drafts, Pt. 1",2018-03-23,40,289311,https://open.spotify.com/track/0b4FXtGKqER9amOifVngHm,love
65tHfVat89WdgeWoHaPUXU,One Friend,Elliott Trent,Into the Night,2020-07-10,45,153027,https://open.spotify.com/track/65tHfVat89WdgeWoHaPUXU,love
3Q4gttWQ6hxqWOa3tHoTNi,Not You Too (feat. Chris Brown),"Drake, Chris Brown",Dark Lane Demo Tapes,2020-05-01,84,269680,https://open.spotify.com/track/3Q4gttWQ6hxqWOa3tHoTNi,love
5K7K62janG4kVLSduogTU4,Nasty XXX Remix (feat. Tyga),"Tinashe, Tyga",Match My Freak EP,2024-07-18,32,156000,https://open.spotify.com/track/5K7K62janG4kVLSduogTU4,love
2T8BAq8c4bDAtmaIisZl3b,Sacrifice (feat. Jessie Reyez),"Black Atlass, Jessie Reyez",FIFTY SHADES OF GREY - Befreite Lust (Original Motion Picture Soundtrack),2018-02-09,38,209360,https://open.spotify.com/track/2T8BAq8c4bDAtmaIisZl3b,love
7E1jVNoWuemqUryI4FxsVD,off the table (with The Weeknd),"Ariana Grande, The Weeknd",Positions,2020-10-30,65,239949,https://open.spotify.com/track/7E1jVNoWuemqUryI4FxsVD,love
3G2PuoyQe0NURrvgia041E,Watch Me Burn,Michele Morrone,Dark Room,2020-02-14,32,186013,https://open.spotify.com/track/3G2PuoyQe0NURrvgia041E,love
3aA6xB0tOilDDX17fIJ0Bl,Freak,Doja Cat,Freak,2020-08-07,77,284480,https://open.spotify.com/track/3aA6xB0tOilDDX17fIJ0Bl,love
1UgcHFkETFCydO4u8JXQMj,How You Want It? (feat. King Combs),"Teyana Taylor, King Combs",The Album,2020-06-19,0,221713,https://open.spotify.com/track/1UgcHFkETFCydO4u8JXQMj,love
6ICb2Ew5SwF4gLk23OvYjB,Imagination,Eric Bellinger,The ReBirth,2014-02-11,0,208531,https://open.spotify.com/track/6ICb2Ew5SwF4gLk23OvYjB,love
1wZqJM5FGDEl3FjHDxDyQd,Come and See Me (feat. Drake),"PARTYNEXTDOOR, Drake",PARTYNEXTDOOR 3 (P3),2016-08-12,1,235477,https://open.spotify.com/track/1wZqJM5FGDEl3FjHDxDyQd,love
2oJYToyHxZ7mehhlvEhArB,B.E.D,Tone Stith,B.E.D,2022-11-25,35,173887,https://open.spotify.com/track/2oJYToyHxZ7mehhlvEhArB,love
7uwpgQQufpSsFIhhGJDHQF,Deeper,Summer Walker,Life On Earth - EP,2020-07-10,54,178026,https://open.spotify.com/track/7uwpgQQufpSsFIhhGJDHQF,love
3o2g4rjFVgHsRFSa2qcpgr,CALYPSO,Bryson Tiller,CALYPSO,2024-03-19,52,188314,https://open.spotify.com/track/3o2g4rjFVgHsRFSa2qcpgr,love
3gxdoRpSolg2dPRLtNaQTf,House Or Hotel,Jacquees,4275 (Bonus Version),2018-09-07,43,217666,https://open.spotify.com/track/3gxdoRpSolg2dPRLtNaQTf,love
49pMOEdS34JOH2THVAada6,Bed Medicine,Eric Bellinger,Born II Sing Vol. 3,2013-04-15,26,211622,https://open.spotify.com/track/49pMOEdS34JOH2THVAada6,love
23zykvOc3kJKObhUMC64EV,"Where You Belong - From ""Fifty Shades Of Grey"" Soundtrack",The Weeknd,Fifty Shades Of Grey (Original Motion Picture Soundtrack),2015-02-09,56,297773,https://open.spotify.com/track/23zykvOc3kJKObhUMC64EV,love
294pxweq9pggAO32OQVgYw,I Luv This Shit - Remix (Bonus Track),"August Alsina, Trey Songz, Chris Brown",Testimony (Deluxe),2014-01-01,66,266586,https://open.spotify.com/track/294pxweq9pggAO32OQVgYw,love
4up42ROK6W4M5UbF1W9Iu3,Drip,Asiahn,Love Train 2,2019-01-11,40,288229,https://open.spotify.com/track/4up42ROK6W4M5UbF1W9Iu3,love
3uSSjnDMmoyERaAK9KvpJR,Too Deep,dvsn,SEPT 5TH,2016-03-27,0,200223,https://open.spotify.com/track/3uSSjnDMmoyERaAK9KvpJR,love
2WP8G2pdddDmnh1xbfKBOI,Finesse,Drake,Scorpion,2018-06-29,74,182080,https://open.spotify.com/track/2WP8G2pdddDmnh1xbfKBOI,love
3EJ9ZuqkL1kwgouugqsLu8,Own It,Drake,Nothing Was The Same (Deluxe),2013-01-01,55,252053,https://open.spotify.com/track/3EJ9ZuqkL1kwgouugqsLu8,love
6ZA3Q8Dj5BrnmOsT300DCh,Ice Cream Man,Tyga,Fuk Wat They Talkin Bout,2015-08-24,66,186672,https://open.spotify.com/track/6ZA3Q8Dj5BrnmOsT300DCh,love
2E6S3NgbSG9NYwbdi6rWYB,Morning,"Teyana Taylor, Kehlani",Morning,2019-11-01,48,253946,https://open.spotify.com/track/2E6S3NgbSG9NYwbdi6rWYB,love
4zEy7q415WjIawOFLhsMBN,Just Like Me,"Ivory Scott, Eric Bellinger",Just Like Me,2023-07-21,0,150361,https://open.spotify.com/track/4zEy7q415WjIawOFLhsMBN,love
5DyBTivjORrpNhJkJj2Ao5,All Night Long,"thủy, Lil Kev",All Night Long,2017-02-12,54,214800,https://open.spotify.com/track/5DyBTivjORrpNhJkJj2Ao5,love
3AMS0l5pA3IBGWrgDILSYl,Do It Nasty,Vedo,VEDO,2019-03-01,40,190981,https://open.spotify.com/track/3AMS0l5pA3IBGWrgDILSYl,love
4yEGuMeq1XdPzjon9AocdU,No Lights,Chris Brown,X (Expanded Edition),2014-09-16,38,208240,https://open.spotify.com/track/4yEGuMeq1XdPzjon9AocdU,love
1HDHTB04QPo2bDpgtz46ra,Sex,Lil Breezy,Sex,2024-10-20,39,245864,https://open.spotify.com/track/1HDHTB04QPo2bDpgtz46ra,love
0wlFXHlZqVaLd6AInYsmhx,Sex on the Ceiling,Sevyn Streeter,"Call Me Crazy, But...",2013-12-03,40,262253,https://open.spotify.com/track/0wlFXHlZqVaLd6AInYsmhx,love
1CI6YgwwNq3VfhgxPuEpE6,Ride,SoMo,SoMo,2014-01-01,58,289133,https://open.spotify.com/track/1CI6YgwwNq3VfhgxPuEpE6,love
4CMrdHWqic0usIZfTrKoI3,Easy - Remix,"DaniLeigh, Chris Brown",Easy (Remix),2019-05-31,69,186586,https://open.spotify.com/track/4CMrdHWqic0usIZfTrKoI3,love
6A25J9As7towpxovYryAWr,Such a Whore (Stellular Remix),JVLA,Such a Whore (Stellular Remix),2020-06-03,15,147638,https://open.spotify.com/track/6A25J9As7towpxovYryAWr,love
0IaiJbZebXLqfetAkMEZzU,Body,Syd,Fin,2017-02-03,44,262053,https://open.spotify.com/track/0IaiJbZebXLqfetAkMEZzU,love
644rGY6maSElnKVsAg1gJj,Girls Need Love,Summer Walker,Last Day Of Summer,2018-10-19,68,140760,https://open.spotify.com/track/644rGY6maSElnKVsAg1gJj,love
4IeUAegXVbETb7FpgNDnSM,I Luv This Shit,"August Alsina, Trinidad James",Downtown: Life Under The Gun,2013-01-01,64,267920,https://open.spotify.com/track/4IeUAegXVbETb7FpgNDnSM,love
5KwowdQFCuLd2LOREtUNB3,Come Back,"Ray J, Chris Brown",Come Back,2017-07-31,28,226155,https://open.spotify.com/track/5KwowdQFCuLd2LOREtUNB3,love
4t4rGgiVX7woTmlnW9SHJ7,Residuals,Chris Brown,11:11 (Deluxe),2024-04-11,71,215178,https://open.spotify.com/track/4t4rGgiVX7woTmlnW9SHJ7,love
2f4IuijXLxYOeBncS60GUD,Crazy In Love - Remix,Beyoncé,Crazy In Love (Remix),2015-09-04,68,226400,https://open.spotify.com/track/2f4IuijXLxYOeBncS60GUD,love
5JtvedSVWW9McnoEAPJwQm,Sex Sounds,Lil Tjay,True 2 Myself,2019-10-11,74,162453,https://open.spotify.com/track/5JtvedSVWW9McnoEAPJwQm,love
3k4zd8iEKKtFrJB9oeX1Nl,Give Em Hell,Everybody Loves an Outlaw,I See Red,2020-07-31,0,159412,https://open.spotify.com/track/3k4zd8iEKKtFrJB9oeX1Nl,love
4Ep4M6P9rnFD98gRNITFwy,Sex Playlist,Omarion,Sex Playlist,2014-12-02,41,265433,https://open.spotify.com/track/4Ep4M6P9rnFD98gRNITFwy,love
5TXQCMKN6TgemTL3c4wRTn,Sorrows,Bryson Tiller,A N N I V E R S A R Y,2020-10-02,76,193702,https://open.spotify.com/track/5TXQCMKN6TgemTL3c4wRTn,love
0IZRLxomNJV9mb13uVJ2Lj,Lost The Game,Two Feet,Lost The Game & I Want It,2018-10-25,52,171493,https://open.spotify.com/track/0IZRLxomNJV9mb13uVJ2Lj,love
3AXUAubQVG57MYPI5l11wp,Money Drugs Sex,sincity,Welcome to Sincity,2024-09-05,34,107568,https://open.spotify.com/track/3AXUAubQVG57MYPI5l11wp,love
3lSDIJ2abCrOdDJ6pshUap,Close,"Nick Jonas, Tove Lo",Last Year Was Complicated,2016-06-10,67,234213,https://open.spotify.com/track/3lSDIJ2abCrOdDJ6pshUap,love
3ngf72nHIDWjsaagIVumuM,247,David Correy,247,2016-07-10,0,180786,https://open.spotify.com/track/3ngf72nHIDWjsaagIVumuM,love
5kUMB8d7Xa6X7VNe8qTY9k,Love Me Like That (Champion Love),Ella Mai,Creed II: The Album,2018-11-16,45,210563,https://open.spotify.com/track/5kUMB8d7Xa6X7VNe8qTY9k,love
44TtQQhoU6kTXpVu4CE5Rd,#Wcw (Remix),"Devvon Terrell, Devvon",#Wcw (Remix),2015-12-08,44,150588,https://open.spotify.com/track/44TtQQhoU6kTXpVu4CE5Rd,love
2O2Xy7s2Ou2AvqEZfiOrAe,...Fuck,Johnny Rain,EP1,2015-12-15,45,229694,https://open.spotify.com/track/2O2Xy7s2Ou2AvqEZfiOrAe,love
1u4orOe6gYxeE9xKpv11Qi,First Fuck,"6LACK, Jhené Aiko",First Fuck,2017-02-24,55,205489,https://open.spotify.com/track/1u4orOe6gYxeE9xKpv11Qi,love
1cpiK6nQVeeHPWe5KaftLb,Crush,"Yuna, USHER",Sexy Songs,2019-07-19,0,243133,https://open.spotify.com/track/1cpiK6nQVeeHPWe5KaftLb,love
1JQJxZ8qnkltxt7rU60Wa6,How Do I Say,USHER,8701,2001-08-07,41,339106,https://open.spotify.com/track/1JQJxZ8qnkltxt7rU60Wa6,love
3gnZ5IguvkLCAGVKJdHD7n,Chill,Trey Songz,Intermission I & II,2015-05-18,40,272526,https://open.spotify.com/track/3gnZ5IguvkLCAGVKJdHD7n,love
7cfjVO8wni7PZWAIDDB52j,Ride It (feat. Christina Milian),"Eric Bellinger, Christina Milian",Born II Sing Vol. 2,2013-04-15,27,196640,https://open.spotify.com/track/7cfjVO8wni7PZWAIDDB52j,love
2qVqxcTXGugY41u8Sr8xfp,Seduction,USHER,Confessions (Expanded Edition),2004-03-23,52,273760,https://open.spotify.com/track/2qVqxcTXGugY41u8Sr8xfp,love
3lkkkYc1wBj5l3FVlpqvP6,A Night Off (feat. Lloyd),"Drake, Lloyd",So Far Gone,2009,59,193962,https://open.spotify.com/track/3lkkkYc1wBj5l3FVlpqvP6,love
2EEv7PYYDXnCIjLwhh7zXG,So Cold,Tank,"Sex, Love & Pain II",2016-01-22,37,240933,https://open.spotify.com/track/2EEv7PYYDXnCIjLwhh7zXG,love
55rDhYGP7y7ykaFUGkWS6V,Biggest Fan,Chris Brown,Fortune (Expanded Edition),2012-07-03,44,239853,https://open.spotify.com/track/55rDhYGP7y7ykaFUGkWS6V,love
5NijSs5dAwaIybq1GaRTIe,Poison,Brent Faiyaz,Poison,2016-08-03,76,212992,https://open.spotify.com/track/5NijSs5dAwaIybq1GaRTIe,love
7x8h0hzwmAIvUcrgUrwwdH,Wet (She Got That…),YFN Lucci,Wish Me Well 3,2020-12-04,50,210676,https://open.spotify.com/track/7x8h0hzwmAIvUcrgUrwwdH,love
4d2dCldgNS37YHnaxavofu,use me,Makk Mikkael,leftover,2020-04-21,0,193407,https://open.spotify.com/track/4d2dCldgNS37YHnaxavofu,love
1pxxlUuXMYbPSlIkolfp5J,Drunk Texting (feat. Jhené Aiko),"Chris Brown, Jhené Aiko",X (Expanded Edition),2014-09-16,60,227400,https://open.spotify.com/track/1pxxlUuXMYbPSlIkolfp5J,love
6A6QDAk4bYCkFlIcs39BiJ,King,Niykee Heaton,The Bedroom Tour Playlist,2016-03-18,37,322080,https://open.spotify.com/track/6A6QDAk4bYCkFlIcs39BiJ,love
1dUszfK4TRd54EegEkOT34,Worthy,"Jeremih, Jhené Aiko",Late Nights: The Album,2015-12-04,53,213653,https://open.spotify.com/track/1dUszfK4TRd54EegEkOT34,love
3rYil4c9oKuTVUBquB1izZ,Twork It Out,USHER,8701,2001-08-07,45,282866,https://open.spotify.com/track/3rYil4c9oKuTVUBquB1izZ,love
1fdmwUoQA1IziwitdTzL3t,Inside Pt. 2,Trey Songz,Anticipation II,2020-04-24,34,250704,https://open.spotify.com/track/1fdmwUoQA1IziwitdTzL3t,love
3VgV4SSGsWj62WEBWDnNYD,Water,Chris Brown,Heartbreak On A Full Moon Deluxe Edition: Cuffing Season - 12 Days Of Christmas,2017-12-13,38,247866,https://open.spotify.com/track/3VgV4SSGsWj62WEBWDnNYD,love
70RKI76Z8GPARTTjMz5QBQ,Naked,Jason Derulo,Naked,2016-02-12,39,204423,https://open.spotify.com/track/70RKI76Z8GPARTTjMz5QBQ,love
2MNBmUetqpxMXkQm0TMgXj,Sex Therapy,Robin Thicke,Sexy Songs,2019-07-19,0,275240,https://open.spotify.com/track/2MNBmUetqpxMXkQm0TMgXj,love
089jknu6TGtAjKnG5hYMtZ,Not Afraid Anymore,Halsey,Fifty Shades Darker (Original Motion Picture Soundtrack),2017-02-10,0,226786,https://open.spotify.com/track/089jknu6TGtAjKnG5hYMtZ,love
3qbOROR75LnNeWw8SvZL24,Lights Out,Nbdy,Lights Out,2017-12-07,0,224000,https://open.spotify.com/track/3qbOROR75LnNeWw8SvZL24,love
6lzLjIOyWTyTJvk0jraYee,Could've Been (feat. Bryson Tiller),"H.E.R., Bryson Tiller",I Used To Know Her: The Prelude,2018-08-03,0,248466,https://open.spotify.com/track/6lzLjIOyWTyTJvk0jraYee,love
09ruToMHdDEBgc75eUyeCZ,I.O.U.,GoGo Morrow,I.O.U.,2022-08-10,24,166098,https://open.spotify.com/track/09ruToMHdDEBgc75eUyeCZ,love
1m4b7AuHSvJnpRz6FWYUvL,Sexual Healing,Azee,Sexual Healing,2018-04-13,46,194666,https://open.spotify.com/track/1m4b7AuHSvJnpRz6FWYUvL,love
3UVVNiFBnYuORmpaYifi6q,Fantasy,Black Atlass,Pain & Pleasure,2018-07-12,48,246360,https://open.spotify.com/track/3UVVNiFBnYuORmpaYifi6q,love
3noiPAHonb3coH4jSVM09i,Changes,Jeremih,Changes,2022-10-21,45,153364,https://open.spotify.com/track/3noiPAHonb3coH4jSVM09i,love
4VY32hdU4byJ6cpEBAXRul,Outside,Bryson Tiller,Outside,2022-09-08,54,188579,https://open.spotify.com/track/4VY32hdU4byJ6cpEBAXRul,love
7xGLptpmww2Hh5wVfyxzTq,Take My Time (feat. Tank),"Chris Brown, Tank",Graffiti (Expanded Edition),2009-12-08,41,278760,https://open.spotify.com/track/7xGLptpmww2Hh5wVfyxzTq,love
1lUQPlbxDG7x8O8rwbxTRt,Love Faces,Trey Songz,"Passion, Pain & Pleasure (Deluxe Version)",2010-09-14,59,243800,https://open.spotify.com/track/1lUQPlbxDG7x8O8rwbxTRt,love
47ssddfj7Ug6hO9Ol2AXGu,Tell Me It's Over (feat. Summer Walker & 6LACK),"Jacquees, Summer Walker, 6LACK",Tell Me It's Over,2022-12-14,51,281013,https://open.spotify.com/track/47ssddfj7Ug6hO9Ol2AXGu,love
21aTMDYavtB0mi9Bkc8UrQ,Back Seat,"Saweetie, Lourdiz",Pretty Summer Playlist: Season 1,2021-04-16,42,183666,https://open.spotify.com/track/21aTMDYavtB0mi9Bkc8UrQ,love
6MajMWtBv0f9ZFI9UMmSJ7,Do Not Disturb,"Teyana Taylor, Chris Brown",Sexy Songs,2019-07-19,0,252666,https://open.spotify.com/track/6MajMWtBv0f9ZFI9UMmSJ7,love
6gRGMnzrsAY5Fl2byZf2jd,Can U Handle It?,USHER,Confessions (Expanded Edition),2004-03-23,52,279360,https://open.spotify.com/track/6gRGMnzrsAY5Fl2byZf2jd,love
6vcYqLsAJLK2UuG98DrFuU,Girls Need Love (Girls Mix) (feat. Victoria Monét),"Summer Walker, Victoria Monét",Girls Need Love (Girls Mix),2023-10-20,41,158350,https://open.spotify.com/track/6vcYqLsAJLK2UuG98DrFuU,love
2Q5hoYFkEUNxnTaGpM4Jcw,Feelings Don't Lie,Chris Brown,11:11,2023-11-10,49,138797,https://open.spotify.com/track/2Q5hoYFkEUNxnTaGpM4Jcw,love
4lsHZ92XCFOQfzJFBTluk8,You Got It,Vedo,For You,2020-03-27,70,203144,https://open.spotify.com/track/4lsHZ92XCFOQfzJFBTluk8,love
423NhOTzoqgeaIJbrUzSoo,On The Way (feat. Mila J),"Jhené Aiko, Mila J",Chilombo (Deluxe),2020-07-17,63,222600,https://open.spotify.com/track/423NhOTzoqgeaIJbrUzSoo,love
42THflm4529EPDuZ49wtVC,Rodeo (Solo),Lah Pat,Rodeo (Solo),2023-03-17,56,165959,https://open.spotify.com/track/42THflm4529EPDuZ49wtVC,love
0g4fzRkbLeCDUCoe5iUOcf,sex money feelings die,Lykke Li,so sad so sexy,2018-06-08,66,139852,https://open.spotify.com/track/0g4fzRkbLeCDUCoe5iUOcf,love
0WlotBaAKbCwFTRnrypGpu,Nasty,"Tyga, Chris Brown",Nasty,2022-12-16,50,208620,https://open.spotify.com/track/0WlotBaAKbCwFTRnrypGpu,love
731uuMKameCktpGpNpFWAa,Code Blue,The-Dream,Fifty Shades Of Grey – Gefährliche Liebe (Original Motion Picture Soundtrack),2017-02-10,29,285066,https://open.spotify.com/track/731uuMKameCktpGpNpFWAa,love
6S5dMjMifQYmyTu1mX4f8P,Blame,Bryson Tiller,Blame,2019-07-26,62,127028,https://open.spotify.com/track/6S5dMjMifQYmyTu1mX4f8P,love
3q2NeHhnBXrsphLcY4Exxj,I Invented Sex (feat. Drake),"Trey Songz, Drake",Ready,2009-08-31,46,247933,https://open.spotify.com/track/3q2NeHhnBXrsphLcY4Exxj,love
3O2KnxkIWygN2C8GFkNi87,Jupiter Love,Trey Songz,Ready,2009-08-31,37,274026,https://open.spotify.com/track/3O2KnxkIWygN2C8GFkNi87,love
7ndcbnVmqORhDBMA0VPt4W,Let's Talk About It,Queen Naija,Let's Talk About It,2023-01-06,37,164053,https://open.spotify.com/track/7ndcbnVmqORhDBMA0VPt4W,love
6LDZVinkfCfaBtqOMF1lSA,Frozen - Fireboy DML Remix,"Madonna, Sickick, Fireboy DML",Frozen (Fireboy DML Remix),2022-03-03,52,133090,https://open.spotify.com/track/6LDZVinkfCfaBtqOMF1lSA,love
5JycxhApZmzbA4xSwvqh6k,All To Me,GIVĒON,When It's All Said And Done... Take Time,2021-03-12,70,127807,https://open.spotify.com/track/5JycxhApZmzbA4xSwvqh6k,love
6Oh9IuY1onEK4S433aheJV,Go Get It,Eric Bellinger,Go Get It,2021-08-20,27,191884,https://open.spotify.com/track/6Oh9IuY1onEK4S433aheJV,love
08OZTvY8LhjMIUDFbHyo4S,101 (Interlude),Chris Brown,X (Expanded Edition),2014-09-16,41,76106,https://open.spotify.com/track/08OZTvY8LhjMIUDFbHyo4S,love
5n11wh9ye0AoOzM1NRU4wW,N o C h i l l - Sped Up,PARTYNEXTDOOR,N o C h i l l (Sped Up),2024-04-25,44,250479,https://open.spotify.com/track/5n11wh9ye0AoOzM1NRU4wW,love
7omARlNf4CI4FW6UvHK7b6,Between Your Thighs,Rayven Justice,Do It Justice,2016-02-12,35,194488,https://open.spotify.com/track/7omARlNf4CI4FW6UvHK7b6,love
0lEjxUUlKqjqXrVlIHFduD,P power (feat. Drake),"Gunna, Drake",DS4EVER,2022-01-13,75,193346,https://open.spotify.com/track/0lEjxUUlKqjqXrVlIHFduD,love
3GsmYNNiz9GCXgVgphLlyl,Belong to You (feat. 6LACK),"Sabrina Claudio, 6LACK",About Time (Extended Vinyl Reissue),2021-05-14,56,185617,https://open.spotify.com/track/3GsmYNNiz9GCXgVgphLlyl,love
4cRBqWBjuccCowYVHFlXK6,Redemption,Drake,Views,2016-05-06,68,333946,https://open.spotify.com/track/4cRBqWBjuccCowYVHFlXK6,love
4N6MG4gb91V8etOIqIuqKc,Play with Me,Rendezvous At Two,Play with Me,2017-11-01,0,252445,https://open.spotify.com/track/4N6MG4gb91V8etOIqIuqKc,love
6dRVOzSxLqRdqUjc9mctGg,Girl You Loud,"Chris Brown, Tyga",Fan of A Fan The Album (Expanded Edition),2015-02-24,83,213400,https://open.spotify.com/track/6dRVOzSxLqRdqUjc9mctGg,love
0GROiXm03OrMC5ltXLhGIu,The Party & The After Party,The Weeknd,House Of Balloons (Original),2011-03-21,77,459659,https://open.spotify.com/track/0GROiXm03OrMC5ltXLhGIu,love
3YfXbsL0rPJBEeFqlriuCB,Songs On 12 Play (feat. Trey Songz),"Chris Brown, Trey Songz",X (Expanded Edition),2014-09-16,48,228533,https://open.spotify.com/track/3YfXbsL0rPJBEeFqlriuCB,love
0D3HhtkWfHXuyU3sVm89hF,That's What It's Made For,USHER,Confessions (Expanded Edition),2004-03-23,49,277840,https://open.spotify.com/track/0D3HhtkWfHXuyU3sVm89hF,love
5xV0Czdqefft6sPDqjmFBu,Let Me Love You,Mario,Turning Point,2004-08-06,49,249093,https://open.spotify.com/track/5xV0Czdqefft6sPDqjmFBu,love
0Uyh92tLyb9JawG8lmWCzJ,Differences,Ginuwine,The Life,2001-04-03,68,265533,https://open.spotify.com/track/0Uyh92tLyb9JawG8lmWCzJ,love
5KOHYILlTrP4KXjIvLMEBu,Naked,Lloyd,King Of Hearts (Deluxe),2011,41,307640,https://open.spotify.com/track/5KOHYILlTrP4KXjIvLMEBu,love
3gx6E5B42WHKf5agVWQAf2,Permission,Ro James,ELDORADO,2017-03-29,56,281511,https://open.spotify.com/track/3gx6E5B42WHKf5agVWQAf2,love
0Gk9Rj0FFOkl6GF856JJbO,Film Me (feat. Sevyn),"Eric Bellinger, Sevyn",Born II Sing Vol. 3,2013-04-15,27,222020,https://open.spotify.com/track/0Gk9Rj0FFOkl6GF856JJbO,love
3Tzqc58mXuVnyaGq5tEm6q,Wait (feat. Trey Songz & Game),"Chris Brown, Trey Songz, The Game",Graffiti (Expanded Edition),2009-12-08,33,270053,https://open.spotify.com/track/3Tzqc58mXuVnyaGq5tEm6q,love
3TkEAyl6oHTUcpFykzSnrA,Longer,August Alsina,The Product III: stateofEMERGEncy,2020-06-26,25,169405,https://open.spotify.com/track/3TkEAyl6oHTUcpFykzSnrA,love
2ETaS32d6iFE1k0j5ZyzfA,"Lay Your Head Back (feat. Chris Brown, Tank & Terrace Martin)","JasonMartin, Chris Brown, Tank, Terrace Martin",The Separation,2013-06-11,30,259068,https://open.spotify.com/track/2ETaS32d6iFE1k0j5ZyzfA,love
4i3GraNMzBKze1WsVl38DS,Bria's Interlude (feat. Omarion),"Drake, Omarion",So Far Gone,2009,67,139574,https://open.spotify.com/track/4i3GraNMzBKze1WsVl38DS,love
1ORVLNzJKvmhgO9QFdlh3j,Fuck Around,Tink,Hopeless Romantic,2020-02-14,45,198493,https://open.spotify.com/track/1ORVLNzJKvmhgO9QFdlh3j,love
5rzzNeeBVAjmTiB2JsdwIo,Deep,Blackstreet,Level II (Explicit Version),2003-03-11,0,262440,https://open.spotify.com/track/5rzzNeeBVAjmTiB2JsdwIo,love
0mf7t4vNsn4UV1bcehCLl5,Would You Mind,Janet Jackson,All For You,2001-01-01,51,331933,https://open.spotify.com/track/0mf7t4vNsn4UV1bcehCLl5,love
6PkLBgVRUagyNM7n2Uqg1v,Drown In It (feat. R.Kelly),"Chris Brown, R. Kelly",X (Expanded Edition),2014-09-16,42,222506,https://open.spotify.com/track/6PkLBgVRUagyNM7n2Uqg1v,love
3Ypnlj9KYSif4Elk7EeHgt,Meeting in My Bedroom,Silk,Tonight,1999,60,306093,https://open.spotify.com/track/3Ypnlj9KYSif4Elk7EeHgt,love
18JosZY3HzD3lMy6iOOSAY,Superstar,USHER,Confessions (Expanded Edition),2004-03-23,62,191573,https://open.spotify.com/track/18JosZY3HzD3lMy6iOOSAY,love
3CScJ0ttMJ687s3rlLdrnV,Sweet Love,Chris Brown,Fortune (Expanded Edition),2012-07-03,56,200000,https://open.spotify.com/track/3CScJ0ttMJ687s3rlLdrnV,love
16PskMSZzMbwQLhEb07ZZo,Skin,Rihanna,Loud,2010-11-15,36,303720,https://open.spotify.com/track/16PskMSZzMbwQLhEb07ZZo,love
4Wjhj0WjkyECccfHVIgaTq,Trust Issues,Drake,Care Package,2019-08-02,79,281518,https://open.spotify.com/track/4Wjhj0WjkyECccfHVIgaTq,love
6CslCqyqwAKYxPhIMnwXvI,Feel Something,Chris Brown,11:11,2023-11-10,59,192040,https://open.spotify.com/track/6CslCqyqwAKYxPhIMnwXvI,love
5maiP9UMnTSgoxPX8X3bdz,Na Na,Trey Songz,Trigga,2014-07-01,65,231906,https://open.spotify.com/track/5maiP9UMnTSgoxPX8X3bdz,love
3zo93Swpm7wIkLJEFc1DIL,Make Love,Chris Brown,Royalty (Deluxe Version),2015-12-18,49,230200,https://open.spotify.com/track/3zo93Swpm7wIkLJEFc1DIL,love
74atKkOasLOVzvqB6mYgga,The Real Her,"Drake, Lil Wayne, André 3000",Take Care (Deluxe),2011-11-15,64,321080,https://open.spotify.com/track/74atKkOasLOVzvqB6mYgga,love
3xJj1mU7B83yop2dA03Smk,Bouncin On My D*ck,"Tyga, Dash D Cadet",#BitchImTheShit,2014-11-22,52,195056,https://open.spotify.com/track/3xJj1mU7B83yop2dA03Smk,love
4wM4c5ly3GR4YYgWSePlSG,Back To Sleep REMIX (feat. Usher & ZAYN),"Chris Brown, USHER, ZAYN",Back To Sleep REMIX (feat. Usher & ZAYN),2016-02-26,52,267156,https://open.spotify.com/track/4wM4c5ly3GR4YYgWSePlSG,love
4MevEW6tsWrpmzPKaqK0Uw,Lemme See (feat. Rick Ross),"USHER, Rick Ross",Looking 4 Myself (Expanded Edition),2012-06-12,54,252826,https://open.spotify.com/track/4MevEW6tsWrpmzPKaqK0Uw,love
4Qxn47gWPSucovKrMyRf1z,Stretch You Out (feat. A Boogie wit da Hoodie),"Summer Walker, A Boogie Wit da Hoodie",Over It,2019-10-04,59,143493,https://open.spotify.com/track/4Qxn47gWPSucovKrMyRf1z,love
1WpppMTGlhmg2eQfZWIWq1,Bedtime,USHER,My Way,1997-09-16,42,285306,https://open.spotify.com/track/1WpppMTGlhmg2eQfZWIWq1,love
2kZoOj1n5vk9BuF0sih58M,SOMEBODY LOVES ME,"PARTYNEXTDOOR, Drake",$ome $exy $ongs 4 U,2025-02-14,79,182767,https://open.spotify.com/track/2kZoOj1n5vk9BuF0sih58M,love
37F0uwRSrdzkBiuj0D5UHI,Reminder,The Weeknd,Starboy,2016-11-25,81,218880,https://open.spotify.com/track/37F0uwRSrdzkBiuj0D5UHI,love
28RaFrB9gSS48XXumZMobc,Come Over (feat. Tank),"Aaliyah, Tank",I Care 4 U,2002-12-10,0,235106,https://open.spotify.com/track/28RaFrB9gSS48XXumZMobc,love
0XQRFUNmBrFVQZcZdaw0ud,Baby Making,Jacquees,Baby Making,2024-11-01,38,221797,https://open.spotify.com/track/0XQRFUNmBrFVQZcZdaw0ud,love
5XT3akg9m184DEvgo2zNGX,Slow Jam (feat. Monica),"USHER, Monica",My Way (25th Anniversary Edition),2022-09-16,35,283131,https://open.spotify.com/track/5XT3akg9m184DEvgo2zNGX,love
6oLHyWvmk6bKrA91EIYZBp,Wednesday Night Interlude,"Drake, PARTYNEXTDOOR",If You're Reading This It's Too Late,2015-02-12,63,212280,https://open.spotify.com/track/6oLHyWvmk6bKrA91EIYZBp,love
2jJjUo8yonUweEKhkzlRpt,Set It Off x Better,Tory Lanez,The New Toronto 2,2025-10-10,59,211630,https://open.spotify.com/track/2jJjUo8yonUweEKhkzlRpt,love
7D4WVCd3Lt7IdVoWonRcmm,Touch Me (feat. Sevyn),"Chris Brown, Sevyn",Fortune (Expanded Edition),2012-07-03,36,217493,https://open.spotify.com/track/7D4WVCd3Lt7IdVoWonRcmm,love
4JOP8ELK6AaeySe7sKe996,Un-thinkable (I'm Ready),Alicia Keys,The Element Of Freedom,2009-12-15,69,249240,https://open.spotify.com/track/4JOP8ELK6AaeySe7sKe996,love
7HcuZWhsdGMULD6o3o0XA4,69,Teyana Taylor,The Album,2020-06-19,0,161274,https://open.spotify.com/track/7HcuZWhsdGMULD6o3o0XA4,love
71Wf5qK9wdtjOfMgujlN6A,Make It Nasty,Tyga,Careless World: Rise Of The Last King,2012-01-01,51,188866,https://open.spotify.com/track/71Wf5qK9wdtjOfMgujlN6A,love
4FijqSXN54uyVCLtKU1q2S,BedRock,"Young Money, Lloyd",We Are Young Money,2009-01-01,37,288386,https://open.spotify.com/track/4FijqSXN54uyVCLtKU1q2S,love
0u0Yh7ucNwizG7B2iiNwb7,By the docks,Lunar Skybox,By the docks,2020-10-24,65,204000,https://open.spotify.com/track/0u0Yh7ucNwizG7B2iiNwb7,love
36pKTtmRcBGGIcNNoyuIDR,Moonchild,Neon Eyes,Moonchild,2020-09-30,59,188356,https://open.spotify.com/track/36pKTtmRcBGGIcNNoyuIDR,love
2bvQLKsrXM0sr7jpvksbex,Blooming,AtomFlow,Nature,2021-09-13,67,126955,https://open.spotify.com/track/2bvQLKsrXM0sr7jpvksbex,love
41ecIiW67i9GKCHvz3MXBk,Windy Hill,breezy brooks,Windy Hill,2021-02-01,1,202908,https://open.spotify.com/track/41ecIiW67i9GKCHvz3MXBk,love
3SWK9eNQKMwKyMIuzbP5z6,Rise,Lunar Skybox,Rise,2021-04-09,0,197057,https://open.spotify.com/track/3SWK9eNQKMwKyMIuzbP5z6,love
5PMC9hoPaC1dixpvpcbV38,Night Sky,Retrosoft,Night Sky,2020-10-31,60,217314,https://open.spotify.com/track/5PMC9hoPaC1dixpvpcbV38,love
6aK2ShSH2qMzAOrBPlorOa,Beneath Us,Dusty Clav,Beneath Us,2021-01-13,61,203773,https://open.spotify.com/track/6aK2ShSH2qMzAOrBPlorOa,love
1aeKotbZ2wBYuOspDawtwo,Mandala,Lhokanda,Mandala,2019-06-30,59,137508,https://open.spotify.com/track/1aeKotbZ2wBYuOspDawtwo,love
721JFWNhbSfIUUJl86Ox12,Let It Flow,Nordic Winds,Let It Flow,2021-01-25,0,249600,https://open.spotify.com/track/721JFWNhbSfIUUJl86Ox12,love
2LItVxgRQQZN87w0H1y4BM,Fade Away,CreativeWaves,Fade Away,2020-11-07,59,123428,https://open.spotify.com/track/2LItVxgRQQZN87w0H1y4BM,love
1ur1DKOxkZmg5kPwjMytxY,Dense,breezy brooks,Dense,2021-02-01,0,198000,https://open.spotify.com/track/1ur1DKOxkZmg5kPwjMytxY,love
2nVjezSyBFTLwrkKE7scxq,Nocturno,Silkroad,Nocturno,2021-09-02,60,98037,https://open.spotify.com/track/2nVjezSyBFTLwrkKE7scxq,love
3i09o6Fix0JIxqFRINm4rl,Peaceful Within,CreativeWaves,Peaceful Within,2020-11-07,62,105365,https://open.spotify.com/track/3i09o6Fix0JIxqFRINm4rl,love
5bUPABNEXAE2XjRHvQVJoz,Air,Aurora Beach,Air,2020-12-11,60,193894,https://open.spotify.com/track/5bUPABNEXAE2XjRHvQVJoz,love
6FDWiY1Gy0DVhvYGtkLBCa,Early Hours,Sunset Chamber,Early Hours,2020-11-25,57,182182,https://open.spotify.com/track/6FDWiY1Gy0DVhvYGtkLBCa,love
0ZfUMV9MdGJPuGe02EaY4S,Rain,breezy brooks,Rain,2021-02-01,1,243824,https://open.spotify.com/track/0ZfUMV9MdGJPuGe02EaY4S,love
4nu0qrq6hb5lC9BBXLawvp,Airborne,Crow City,Airborne,2020-11-25,62,234796,https://open.spotify.com/track/4nu0qrq6hb5lC9BBXLawvp,love
76v5lHjLy2NN6JsVKLV5z4,Serein,AtomFlow,Nature,2021-09-13,60,136045,https://open.spotify.com/track/76v5lHjLy2NN6JsVKLV5z4,love
7gg7nACodz5qHuEAXKMrJo,Cycles,Cyan Haze,Cycles,2020-12-16,0,198490,https://open.spotify.com/track/7gg7nACodz5qHuEAXKMrJo,love
4nGG2WCAyKdV69LRKNbXqH,Change,Nordic Winds,Change,2021-01-25,0,182558,https://open.spotify.com/track/4nGG2WCAyKdV69LRKNbXqH,love
3KM1nY4ghXcxSy5MOvj0So,Echo,Silkroad,Echo,2021-09-02,55,122162,https://open.spotify.com/track/3KM1nY4ghXcxSy5MOvj0So,love
3Didz5X0SHLWlLGOqwzncy,Waiting,Sleep Repeat,Waiting,2020-11-07,55,194400,https://open.spotify.com/track/3Didz5X0SHLWlLGOqwzncy,love
1hVg3tuVyM9PKUntCiHvbN,Brisk,AtomFlow,Nature,2021-09-13,61,135053,https://open.spotify.com/track/1hVg3tuVyM9PKUntCiHvbN,love
48dTTG5Fxi5t71UxyXu0eO,Moonlight,breezy brooks,Moonlight,2021-02-01,1,192000,https://open.spotify.com/track/48dTTG5Fxi5t71UxyXu0eO,love
4hw5JkACx9hIurDO5av3Mu,In the Meantime,Aurora Beach,In the Meantime,2020-12-11,61,204444,https://open.spotify.com/track/4hw5JkACx9hIurDO5av3Mu,love
3BQV8n6rLxM1eVjcGXqEOt,Misty Ocean,Lunar Skybox,Misty Ocean,2020-10-27,62,220201,https://open.spotify.com/track/3BQV8n6rLxM1eVjcGXqEOt,love
3TweJDX9GN2hlDqsypynfP,Sleep Tight,Sleeping Ember,Sleep Tight,2021-07-06,57,78750,https://open.spotify.com/track/3TweJDX9GN2hlDqsypynfP,love
1BTTHlZP2KgawdgtI2xHZf,It Keeps Raining,Sunset Chamber,It Keeps Raining,2020-11-25,55,189374,https://open.spotify.com/track/1BTTHlZP2KgawdgtI2xHZf,love
4BCGFHJU346vUKGAK1rlGw,Ethereal,AtomFlow,Nature,2021-09-13,62,132963,https://open.spotify.com/track/4BCGFHJU346vUKGAK1rlGw,love
36Pux4vkReWYlKJuDNoygD,Far Away,Lunar Skybox,Far Away,2020-10-26,58,205500,https://open.spotify.com/track/36Pux4vkReWYlKJuDNoygD,love
0NUhB7RC4dWYxExGcJY0gV,Lights,Silkroad,Lights,2021-09-02,54,120725,https://open.spotify.com/track/0NUhB7RC4dWYxExGcJY0gV,love
0vIzna72UtZBMBmbaYHVtH,Don't,Cut Through Noise,Don't,2021-02-15,0,140357,https://open.spotify.com/track/0vIzna72UtZBMBmbaYHVtH,love
2TqeMPFv54YwSn2khvR7er,New Beginnings,Dusty Clav,New Beginnings,2021-01-13,59,201600,https://open.spotify.com/track/2TqeMPFv54YwSn2khvR7er,love
5OtRYlnhc9M10m8lknEtpq,Breathe,AtomFlow,Nature,2021-09-13,63,127555,https://open.spotify.com/track/5OtRYlnhc9M10m8lknEtpq,love
76oMN4G0tZQKmU8kzKrnUm,Fallen Leaves,Sean & Jimbo,Fallen Leaves,2020-11-13,60,153103,https://open.spotify.com/track/76oMN4G0tZQKmU8kzKrnUm,love
5fVMwb3eiEfsnQQ7qvIIaQ,Memorium,Cyan Haze,Memorium,2020-12-16,0,185260,https://open.spotify.com/track/5fVMwb3eiEfsnQQ7qvIIaQ,love
645PV1ByodKdhx29P0bCq0,Equinox,Lonely Ambition,Equinox,2021-03-01,0,153600,https://open.spotify.com/track/645PV1ByodKdhx29P0bCq0,love
0OLfnQp6PkYd3Tj9rtg1s8,Concrete,chromatic reflections,Concrete,2021-03-08,54,160800,https://open.spotify.com/track/0OLfnQp6PkYd3Tj9rtg1s8,love
0kp8sMA3cgHUjNwYf32kbe,Pure Waves,Spiritual Flower,Pure Waves,2021-01-28,57,145920,https://open.spotify.com/track/0kp8sMA3cgHUjNwYf32kbe,love
3lPlDkULuNFgxcqsPbKwa3,Colonial Whispers,Lunar Skybox,Colonial Whispers,2021-04-15,0,160816,https://open.spotify.com/track/3lPlDkULuNFgxcqsPbKwa3,love
04M8lymXEGpD7JJMpmQe2m,Static,breezy brooks,Static,2021-02-01,0,197418,https://open.spotify.com/track/04M8lymXEGpD7JJMpmQe2m,love
7EOvrLJe6hi7Lba41IMFpw,Slumber,Cut Through Noise,Slumber,2021-02-15,0,155400,https://open.spotify.com/track/7EOvrLJe6hi7Lba41IMFpw,love
2THMumd2UduUKZAtAgb2Kh,Spring,Dreamy Thoughts,Spring,2021-01-30,57,130909,https://open.spotify.com/track/2THMumd2UduUKZAtAgb2Kh,love
1FWxt1UWOiKEQbCCR3vxUy,Wondering,Loud Lullaby,Wondering,2021-02-08,53,129932,https://open.spotify.com/track/1FWxt1UWOiKEQbCCR3vxUy,love
0H0q0KCSFuYgTwhfMfFn3I,Floating,Crow City,Floating,2020-11-25,55,200013,https://open.spotify.com/track/0H0q0KCSFuYgTwhfMfFn3I,love
0r1Lskg885JtBYN2zeC6wM,Dreams,Silkroad,Dreams,2021-09-02,56,114639,https://open.spotify.com/track/0r1Lskg885JtBYN2zeC6wM,love
365womtjUopRTVrtA1hJ8G,Ice,Aurora Beach,Ice,2020-12-11,58,208073,https://open.spotify.com/track/365womtjUopRTVrtA1hJ8G,love
25FNRRzM57o7qG3dndhu19,Sorry,Dusty Clav,Sorry,2021-01-13,55,188311,https://open.spotify.com/track/25FNRRzM57o7qG3dndhu19,love
7JW5KTJb3qet0QCdyUpheN,Rivers,Lonely Ambition,Rivers,2021-03-01,0,144000,https://open.spotify.com/track/7JW5KTJb3qet0QCdyUpheN,love
0Zc3O63WkCZwERyIqyDevs,Forward,Lunar Skybox,Forward,2020-10-25,56,187000,https://open.spotify.com/track/0Zc3O63WkCZwERyIqyDevs,love
0uH2GV9V6jMsuqfCJfBGHE,Absorb,chromatic reflections,Absorb,2021-03-08,58,177600,https://open.spotify.com/track/0uH2GV9V6jMsuqfCJfBGHE,love
0iqeLKNr0Tdjx6BuM37pwz,Fade Away,Spiritual Flower,Fade Away,2021-01-28,56,108000,https://open.spotify.com/track/0iqeLKNr0Tdjx6BuM37pwz,love
7rMopFU6SVuqUfNLR6d1X9,Light the Way,Cut Through Noise,Light the Way,2021-02-15,0,133331,https://open.spotify.com/track/7rMopFU6SVuqUfNLR6d1X9,love
2OEXYE0QMeM6L1MmAq8wTf,By the ocean,CreativeWaves,By the ocean,2020-10-24,55,146428,https://open.spotify.com/track/2OEXYE0QMeM6L1MmAq8wTf,love
71wRkQzUhw5cZk2ZlroZ7f,Soul,Lunar Skybox,Soul,2021-04-19,0,165698,https://open.spotify.com/track/71wRkQzUhw5cZk2ZlroZ7f,love
2D4nN2tPWhASGCQcXN6Ll9,Dreaming Away from Reality,Sleep Music,Dreaming Away from Reality,2021-01-09,51,156000,https://open.spotify.com/track/2D4nN2tPWhASGCQcXN6Ll9,love
3lLU6sEJDCrZoaXMsXyxkr,Without Me,Cut Through Noise,Without Me,2021-02-15,0,165600,https://open.spotify.com/track/3lLU6sEJDCrZoaXMsXyxkr,love
5E4CRcycTioLJNpwWmA57L,Eternity,Cyan Haze,Eternity,2020-12-16,0,184000,https://open.spotify.com/track/5E4CRcycTioLJNpwWmA57L,love
30AwfYr05hDaxOOIxRKRgE,Sunset Skydive,chromatic reflections,Sunset Skydive,2021-03-08,58,177629,https://open.spotify.com/track/30AwfYr05hDaxOOIxRKRgE,love
5al2Z0UPe7l15S1cjRBzDF,Winter Is Coming,CreativeWaves,Winter Is Coming,2020-11-07,56,155555,https://open.spotify.com/track/5al2Z0UPe7l15S1cjRBzDF,love
3Mhe8b9VBo035JrKY2nwbg,Sooth,Crow City,Sooth,2020-11-25,54,220800,https://open.spotify.com/track/3Mhe8b9VBo035JrKY2nwbg,love
4iRhfHyKf4o4sZ5MFJfkJN,Stars in the Ceiling,slowbomb,Stars in the Ceiling,2021-02-22,0,163200,https://open.spotify.com/track/4iRhfHyKf4o4sZ5MFJfkJN,love
6yYjA5K7MBdzc8hx0cabK2,Loneliness,Forest Noir,Loneliness,2021-01-18,56,186461,https://open.spotify.com/track/6yYjA5K7MBdzc8hx0cabK2,love
2Oy4NWr9FPaLPgOngjJLTr,Time Will Tell,Dusty Clav,Time Will Tell,2021-01-13,54,207912,https://open.spotify.com/track/2Oy4NWr9FPaLPgOngjJLTr,love
5UAvwivvfxMgTLROT8H55A,Other Thoughts,slowbomb,Other Thoughts,2021-02-22,0,160800,https://open.spotify.com/track/5UAvwivvfxMgTLROT8H55A,love
1XYngtL9X61aJQQdXl7ykY,Pink Dreams,Spiritual Flower,Pink Dreams,2021-01-28,51,133333,https://open.spotify.com/track/1XYngtL9X61aJQQdXl7ykY,love
3dKTdNL0tMwYtDv3VKnQg3,Hope,Loud Lullaby,Hope,2021-02-08,51,163500,https://open.spotify.com/track/3dKTdNL0tMwYtDv3VKnQg3,love
3NVnZYD50DmgWDZw9mXR1k,Orbit,orbital voices,Orbit,2021-03-29,52,157883,https://open.spotify.com/track/3NVnZYD50DmgWDZw9mXR1k,love
0r9bnnbmsZl55xBrtYOc0N,Peace of Mind,Ahzura,Peace of Mind,2021-01-09,58,141176,https://open.spotify.com/track/0r9bnnbmsZl55xBrtYOc0N,love
6UKmL1EHArwUoxaTYxiPGx,By Dawn,faint echoes,By Dawn,2021-04-21,48,147906,https://open.spotify.com/track/6UKmL1EHArwUoxaTYxiPGx,love
60LnLZWEVTmLQRwpmWvQUW,Where I Belong,Spiritual Flower,Where I Belong,2021-01-28,55,128000,https://open.spotify.com/track/60LnLZWEVTmLQRwpmWvQUW,love
4Z64xB0gKmbSMf4llmkF16,Forever,Lonely Ambition,Forever,2021-03-01,0,142178,https://open.spotify.com/track/4Z64xB0gKmbSMf4llmkF16,love
17pCXDWRKGZvzU7ZHqWdoA,Sea Bloom,orbital voices,Sea Bloom,2021-03-29,53,162000,https://open.spotify.com/track/17pCXDWRKGZvzU7ZHqWdoA,love
5IlKsSQVnzw8oZEwxLjmlP,Dew,Retrosoft,Dew,2020-10-30,52,187455,https://open.spotify.com/track/5IlKsSQVnzw8oZEwxLjmlP,love
1XPMldZVbb4OaVTw39aZcb,Always,orbital voices,Always,2021-03-29,52,168000,https://open.spotify.com/track/1XPMldZVbb4OaVTw39aZcb,love
2nVIhLXrrwVg1BK34uhxXR,Strong,faint echoes,Strong,2021-04-21,48,141000,https://open.spotify.com/track/2nVIhLXrrwVg1BK34uhxXR,love
76NS3U7YI99mSVvnEfOY1N,Lost Woods,chromatic reflections,Lost Woods,2021-03-08,53,196829,https://open.spotify.com/track/76NS3U7YI99mSVvnEfOY1N,love
3NQvflT0T0wPNKL4rW1PLp,Passing Us By,Purple Holiday,Passing Us By,2020-12-23,0,178200,https://open.spotify.com/track/3NQvflT0T0wPNKL4rW1PLp,love
79QRX6terNFOm98Z2sL0ty,Morning Dew,The Amnesias,Morning Dew,2021-03-18,52,152359,https://open.spotify.com/track/79QRX6terNFOm98Z2sL0ty,love
1HGUHou8EC459pw14LQKrs,Fireflies,faint echoes,Fireflies,2021-04-21,48,148800,https://open.spotify.com/track/1HGUHou8EC459pw14LQKrs,love
36uBSukjFz57kuW8imImSu,Higher,Sunset Chamber,Higher,2020-11-25,55,184347,https://open.spotify.com/track/36uBSukjFz57kuW8imImSu,love
3nfqzXIT9dqM3Q4mbVjfwj,Drift,Cyan Haze,Drift,2020-12-16,0,196363,https://open.spotify.com/track/3nfqzXIT9dqM3Q4mbVjfwj,love
3YnW4dYXMuDbaOpgwJl847,Blue Sky,faint echoes,Blue Sky,2021-04-21,48,150697,https://open.spotify.com/track/3YnW4dYXMuDbaOpgwJl847,love
5z4Bc0TfioqQWqimJSbVcc,Marbles,slowbomb,Marbles,2021-02-22,0,160800,https://open.spotify.com/track/5z4Bc0TfioqQWqimJSbVcc,love
0KuWTXS2aBT21fp5YB1CfQ,Lavender,faint echoes,Lavender,2021-04-21,49,153600,https://open.spotify.com/track/0KuWTXS2aBT21fp5YB1CfQ,love
3xUyFbR7wdOk9Pddmeum31,Mountains,Nordic Winds,Mountains,2021-01-25,51,199625,https://open.spotify.com/track/3xUyFbR7wdOk9Pddmeum31,love
1REYDJrBN94fHgoMZILDMm,Finale,Wonderclouds,Finale,2021-04-05,52,163323,https://open.spotify.com/track/1REYDJrBN94fHgoMZILDMm,love
0ykiMp7KHzpabUQtYNHqal,Palm Trees,Forest Noir,Palm Trees,2021-01-18,52,201600,https://open.spotify.com/track/0ykiMp7KHzpabUQtYNHqal,love
01QRud2KWuhd0je58fbzkE,Cold Imagination,Silkroad,Cold Imagination,2021-09-02,56,121039,https://open.spotify.com/track/01QRud2KWuhd0je58fbzkE,love
1lmBNU9lq6uj1gHM6HD8eZ,4am,Retrosoft,4am,2020-10-31,50,213055,https://open.spotify.com/track/1lmBNU9lq6uj1gHM6HD8eZ,love
7bb7fvsLYrzl8Zms4aIeYs,Somewhere,Loud Lullaby,Somewhere,2021-02-08,50,154124,https://open.spotify.com/track/7bb7fvsLYrzl8Zms4aIeYs,love
6lPMqSIZmdUVXSQciqEoyD,Falling and Falling,chromatic reflections,Falling and Falling,2021-03-08,55,177629,https://open.spotify.com/track/6lPMqSIZmdUVXSQciqEoyD,love
7FIyafDhVO9N9lFEKad7US,Tranquility Bayview,Lunar Skybox,Tranquility Bayview,2021-04-20,0,194400,https://open.spotify.com/track/7FIyafDhVO9N9lFEKad7US,love
56QeJ4Fs5bK8NE9lXG9HhI,Where Are You,Dusty Clav,Where Are You,2021-01-13,52,202800,https://open.spotify.com/track/56QeJ4Fs5bK8NE9lXG9HhI,love
3Yhq999oB3jEgT0LISGBfH,Getting There,Riverside Underground,Getting There,2021-05-31,54,156000,https://open.spotify.com/track/3Yhq999oB3jEgT0LISGBfH,love
32d3HSwdHgA2Wu56WeTbd3,Good Morning,Purple Holiday,Good Morning,2020-12-23,0,204030,https://open.spotify.com/track/32d3HSwdHgA2Wu56WeTbd3,love
6tjI3c94AAVZsMts6voNos,Wild Echoes,Riverside Underground,Wild Echoes,2021-05-31,51,144000,https://open.spotify.com/track/6tjI3c94AAVZsMts6voNos,love
04KAR1CR3nKz3cOP5Rwm0C,Make Sense,elderflowers,Make Sense,2021-05-17,49,168000,https://open.spotify.com/track/04KAR1CR3nKz3cOP5Rwm0C,love
46P3meo4hiIrbggFAes6Pm,BULLETPROOF,"YNG BNZO, Ku$h Drifter, The Scandalous Playaz",BULLETPROOF,2025-02-28,37,180013,https://open.spotify.com/track/46P3meo4hiIrbggFAes6Pm,love
7FWxgkffwiIrr2SR72RqAh,Far Away,CreativeWaves,Far Away,2020-10-21,51,246428,https://open.spotify.com/track/7FWxgkffwiIrr2SR72RqAh,love
3aObqLuL6ySiOTJi4V71JD,Sunrays,elderflowers,Sunrays,2021-05-17,48,172800,https://open.spotify.com/track/3aObqLuL6ySiOTJi4V71JD,love
1mgOfYjg7TlJrJOlq5zDzd,This Is the Way,slowbomb,This Is the Way,2021-02-22,0,160800,https://open.spotify.com/track/1mgOfYjg7TlJrJOlq5zDzd,love
5vgPS1iUw8DjMSahIqwoiO,The Long Walk,Sunset Chamber,The Long Walk,2020-11-25,52,217500,https://open.spotify.com/track/5vgPS1iUw8DjMSahIqwoiO,love
1hLRX8WV9EnmjdjkLuFk6B,Safe,Forest Noir,Safe,2021-01-18,55,215169,https://open.spotify.com/track/1hLRX8WV9EnmjdjkLuFk6B,love
0Bn4K330CZ0YK8GjojCHFd,The Truth,elderflowers,The Truth,2021-05-17,48,196800,https://open.spotify.com/track/0Bn4K330CZ0YK8GjojCHFd,love
6o7LKoCzcwGMx1lGCybbUh,Calm Winds,Sean & Jimbo,Calm Winds,2020-11-14,54,216000,https://open.spotify.com/track/6o7LKoCzcwGMx1lGCybbUh,love
4spbG0t7TSSnjLSZxB6w1z,Momentum,Lunar Skybox,Momentum,2021-04-16,0,174790,https://open.spotify.com/track/4spbG0t7TSSnjLSZxB6w1z,love
1LRo16pc4qXG6H7jaPEwdg,Used to Say,elderflowers,Used to Say,2021-05-17,48,163200,https://open.spotify.com/track/1LRo16pc4qXG6H7jaPEwdg,love
56wNgAVV3lb7za5WLC3dsL,At Night,Cyan Haze,At Night,2020-12-16,0,198139,https://open.spotify.com/track/56wNgAVV3lb7za5WLC3dsL,love
5y6b6nBR9mQzJFJmfWoizL,Brighter Days,cloudy night,Brighter Days,2021-05-10,50,156828,https://open.spotify.com/track/5y6b6nBR9mQzJFJmfWoizL,love
3mazhle790B9ycL5kLpOSk,Silence in the Nature,Ahzura,Silence in the Nature,2021-01-09,55,160052,https://open.spotify.com/track/3mazhle790B9ycL5kLpOSk,love
0PhHYpkHmTgAwmaptZ1FRe,Atmosphere,Loud Lullaby,Atmosphere,2021-02-08,53,160800,https://open.spotify.com/track/0PhHYpkHmTgAwmaptZ1FRe,love
3gvmhzi7XAOWD4BWHVyJDh,In the Shadows,Riverside Underground,In the Shadows,2021-05-31,51,143908,https://open.spotify.com/track/3gvmhzi7XAOWD4BWHVyJDh,love
2sqE9z7rJlzV5ZgieeUatU,Orbital,Matter and Energy,Space,2019-08-23,53,144090,https://open.spotify.com/track/2sqE9z7rJlzV5ZgieeUatU,love
7pNhFpEr0xwEABPKwaVtnd,Walk the Moon,Melodycloud,Walk the Moon,2020-11-25,54,200847,https://open.spotify.com/track/7pNhFpEr0xwEABPKwaVtnd,love
5BhWSsjhEzzhHaZmBN50uY,Soltitude,Lonely Ambition,Soltitude,2021-03-01,0,146400,https://open.spotify.com/track/5BhWSsjhEzzhHaZmBN50uY,love
6ppu6cIKlNB6b2XPbFlKfV,Follow Along,Riverside Underground,Follow Along,2021-05-31,50,112800,https://open.spotify.com/track/6ppu6cIKlNB6b2XPbFlKfV,love
6xhwbnVSG3DeLM6oZau2Mr,Hypnosis,Benjamin Martins,The Minimalist,2019-12-04,52,192000,https://open.spotify.com/track/6xhwbnVSG3DeLM6oZau2Mr,love
5jMTUtKZ3oRoeg1I2sbOFo,Endless,The Amnesias,Endless,2021-03-18,51,164400,https://open.spotify.com/track/5jMTUtKZ3oRoeg1I2sbOFo,love
0fcTuJOYfo4wDR0EjJ62xx,On Your Mind,cloudy night,On Your Mind,2021-05-10,50,144000,https://open.spotify.com/track/0fcTuJOYfo4wDR0EjJ62xx,love
7CXlFNNmRlpHMS9jrZskjE,Time and Space,Purple Holiday,Time and Space,2020-12-23,54,202035,https://open.spotify.com/track/7CXlFNNmRlpHMS9jrZskjE,love
0YGKqOBg7eeOHogIyLg8uc,Glaciers,Lonely Ambition,Glaciers,2021-03-01,0,168857,https://open.spotify.com/track/0YGKqOBg7eeOHogIyLg8uc,love
2sHCvcpFNx1QAm4jcnRIpt,Calm Again,Riverside Underground,Calm Again,2021-05-31,0,157200,https://open.spotify.com/track/2sHCvcpFNx1QAm4jcnRIpt,love
3kEmXN43k9nO9WTijmMu78,Stronger,Aurora Beach,Stronger,2020-12-11,52,188800,https://open.spotify.com/track/3kEmXN43k9nO9WTijmMu78,love
4G7kZX178XhdjJPbfFmUyW,Slow Down,Spiritual Flower,Slow Down,2021-01-28,53,130560,https://open.spotify.com/track/4G7kZX178XhdjJPbfFmUyW,love
7MOkGcgW8lXrnaVlDtOs4c,Midnight,Forest Noir,Midnight,2021-01-18,50,201310,https://open.spotify.com/track/7MOkGcgW8lXrnaVlDtOs4c,love
70LCbkF75RD6dnwtcAE2Qk,Heaven and Further,Frozen Drones,Heaven and Further,2021-04-12,54,177303,https://open.spotify.com/track/70LCbkF75RD6dnwtcAE2Qk,love
6mkNZt3zit6uxy5Q2gN3XJ,The World,orbital voices,The World,2021-03-29,55,157883,https://open.spotify.com/track/6mkNZt3zit6uxy5Q2gN3XJ,love
0hpeZYlyPAHxWLznm0WUmp,Sometimes,orbital voices,Sometimes,2021-03-29,55,147450,https://open.spotify.com/track/0hpeZYlyPAHxWLznm0WUmp,love
4WwlSPUDh7ClroZaukvR84,Monday,The Amnesias,Monday,2021-03-18,54,166800,https://open.spotify.com/track/4WwlSPUDh7ClroZaukvR84,love
7pDAQGCEcvxy6VL1Lj5la8,Summit,cloudy night,Summit,2021-05-10,53,158427,https://open.spotify.com/track/7pDAQGCEcvxy6VL1Lj5la8,love
3d27kv4mmLBN0Iw2jGVn1T,Sins,Wonderclouds,Sins,2021-04-05,55,167975,https://open.spotify.com/track/3d27kv4mmLBN0Iw2jGVn1T,love
6iDfg1SYJf3TmsW6h1YxD5,Waves,Sleep Repeat,Waves,2021-02-03,53,204000,https://open.spotify.com/track/6iDfg1SYJf3TmsW6h1YxD5,love
3svTnLiOT57uXEh4tjHDEe,Climbing,cloudy night,Climbing,2021-05-10,53,156828,https://open.spotify.com/track/3svTnLiOT57uXEh4tjHDEe,love
1OMmObhWmRz0dpiARmgSL7,Keep Climbing,Nordic Winds,Keep Climbing,2021-01-25,0,204189,https://open.spotify.com/track/1OMmObhWmRz0dpiARmgSL7,love
5FFTR3Zat5hyCLFjQifq2h,Sand,Frozen Drones,Sand,2021-04-12,0,178000,https://open.spotify.com/track/5FFTR3Zat5hyCLFjQifq2h,love
0M6jhTqsqgramnBfiSvGdv,Pieces,Wonderclouds,Pieces,2021-04-05,55,184800,https://open.spotify.com/track/0M6jhTqsqgramnBfiSvGdv,love
39Cd3BWAYGCQ25Aop60AOA,Nothing to See,Cut Through Noise,Nothing to See,2021-02-15,0,158918,https://open.spotify.com/track/39Cd3BWAYGCQ25Aop60AOA,love
3SVgNmIt0ClNzf6Bd0zgQ9,Cold Morning,Dreamy Thoughts,Cold Morning,2021-01-30,53,144000,https://open.spotify.com/track/3SVgNmIt0ClNzf6Bd0zgQ9,love
25pS03s9kHbBpvTKMjgOma,Somewhere Safe,cloudy night,Somewhere Safe,2021-05-10,54,157646,https://open.spotify.com/track/25pS03s9kHbBpvTKMjgOma,love
3D54sANxaTpknDfMTtJvCy,Time,Sleep Repeat,Time,2020-11-07,53,207000,https://open.spotify.com/track/3D54sANxaTpknDfMTtJvCy,love
7AZDNNJFh4n0aR94LuQoSI,Flowers,Wonderclouds,Flowers,2021-04-05,55,169323,https://open.spotify.com/track/7AZDNNJFh4n0aR94LuQoSI,love
1uYs4i05jpR3kaGykmOSlC,Sea of Storms,Melodycloud,Sea of Storms,2021-02-03,52,205714,https://open.spotify.com/track/1uYs4i05jpR3kaGykmOSlC,love
7Lv9qWCpDKjXbnGqDVi22x,Metaphors,elderflowers,Metaphors,2021-05-17,52,158400,https://open.spotify.com/track/7Lv9qWCpDKjXbnGqDVi22x,love
4OSQTwpnz8U1T9fOtGo9JE,Outside of You,The Amnesias,Outside of You,2021-03-18,55,157964,https://open.spotify.com/track/4OSQTwpnz8U1T9fOtGo9JE,love
2W0D4pvbD4ggSpDGZ0IVEu,No More,Frozen Drones,No More,2021-04-12,0,171399,https://open.spotify.com/track/2W0D4pvbD4ggSpDGZ0IVEu,love
039xzKjVgqdnmoUOCXuEI2,Cliffside,Aurora Beach,Cliffside,2020-12-11,62,199703,https://open.spotify.com/track/039xzKjVgqdnmoUOCXuEI2,love
0SaeSoVIx5xtfR4AbRD36K,Analogue Dreams,Retrosoft,Analogue Dreams,2020-11-04,60,181395,https://open.spotify.com/track/0SaeSoVIx5xtfR4AbRD36K,love
5GgFO9rosA9QuLAW7vOEP6,Lucid Dream,Frozen Drones,Lucid Dream,2021-04-12,0,158000,https://open.spotify.com/track/5GgFO9rosA9QuLAW7vOEP6,love
4brWNzFGcq4IODi6fnNqHg,Light Rays,Purple Holiday,Light Rays,2020-12-23,0,201846,https://open.spotify.com/track/4brWNzFGcq4IODi6fnNqHg,love
08OHurCTftTHPuRz0S7zdg,Summer Night,Ahzura,Summer Night,2021-01-09,63,115862,https://open.spotify.com/track/08OHurCTftTHPuRz0S7zdg,love
0SS2wjdAkBg03Hu6vmVY22,Andromeda,Melodycloud,Andromeda,2021-02-03,61,186235,https://open.spotify.com/track/0SS2wjdAkBg03Hu6vmVY22,love
4aa1nI7Lx7hJNDyC46ATbF,After Daylight,Frozen Drones,After Daylight,2021-04-12,0,168000,https://open.spotify.com/track/4aa1nI7Lx7hJNDyC46ATbF,love
2Qmg0oyUxivJVhVxbXEZcO,Waves,Opus Monik,Waves,2019-01-29,58,200945,https://open.spotify.com/track/2Qmg0oyUxivJVhVxbXEZcO,love
3plUJnP8nHL14tIdpirYvO,Rise Again,The Amnesias,Rise Again,2021-03-18,51,176629,https://open.spotify.com/track/3plUJnP8nHL14tIdpirYvO,love
3c5WbBcDJ1alHlGToeOZYP,Breathe,Sunset Chamber,Breathe,2020-11-25,58,220000,https://open.spotify.com/track/3c5WbBcDJ1alHlGToeOZYP,love
5zNWLTwLyyq2cncOx6JRSc,Under the Sea,Nordic Winds,Under the Sea,2021-01-25,0,210000,https://open.spotify.com/track/5zNWLTwLyyq2cncOx6JRSc,love
6s9mygXHhwUp8paNrQDPUi,Patience,Melodycloud,Patience,2021-02-03,53,205714,https://open.spotify.com/track/6s9mygXHhwUp8paNrQDPUi,love
2I9aAN9YwDUGGBpPyUjTpF,Butterflies,Dreamy Thoughts,Butterflies,2021-01-30,52,144000,https://open.spotify.com/track/2I9aAN9YwDUGGBpPyUjTpF,love
4scCPm1fYCV05fJoZjwlDX,Blue Dreams,Lunar Skybox,Blue Dreams,2020-10-26,53,202423,https://open.spotify.com/track/4scCPm1fYCV05fJoZjwlDX,love
1BW6gosWGITp7tX9PPYOXZ,Starlight,Loud Lullaby,Starlight,2021-02-08,52,201724,https://open.spotify.com/track/1BW6gosWGITp7tX9PPYOXZ,love
7wKteYGjLxGYGYw45SFCS0,दुनिया के सपने,Raku-Nu,दुनिया के सपने,2019-08-27,51,123798,https://open.spotify.com/track/7wKteYGjLxGYGYw45SFCS0,love
043sAX811sPxXvfgUDl8ZY,Skyworld,Sleep Repeat,Skyworld,2020-11-04,51,218400,https://open.spotify.com/track/043sAX811sPxXvfgUDl8ZY,love
0QSuJmJSqkpmtYGFodkpi0,Lost Woods,Melodycloud,Lost Woods,2021-02-03,54,212857,https://open.spotify.com/track/0QSuJmJSqkpmtYGFodkpi0,love
3u04Tn0grqAh7cpTQ0qT5r,In the Deep,Crow City,In the Deep,2020-11-25,53,200000,https://open.spotify.com/track/3u04Tn0grqAh7cpTQ0qT5r,love
7fhUmBGbs4IXPNrxOtYEOR,Father,Wonderclouds,Father,2021-04-05,55,165600,https://open.spotify.com/track/7fhUmBGbs4IXPNrxOtYEOR,love
5AoIIp9AlfaW4XETXFU9l9,Lounge,Retrosoft,Lounge,2020-10-31,53,199759,https://open.spotify.com/track/5AoIIp9AlfaW4XETXFU9l9,love
17aaDhlt1U5tsPLuGpZX7e,Seven Hours,Purple Holiday,Seven Hours,2020-12-23,0,216300,https://open.spotify.com/track/17aaDhlt1U5tsPLuGpZX7e,love
4fyfRAjHiOZ7b0mJ50k1HU,Fantasy,Sean & Jimbo,Fantasy,2020-11-14,54,123636,https://open.spotify.com/track/4fyfRAjHiOZ7b0mJ50k1HU,love
22vVzHkreHE2yR4ff6kFzg,Home,Forest Noir,Home,2021-01-18,48,232382,https://open.spotify.com/track/22vVzHkreHE2yR4ff6kFzg,love
2reXJ8x3fMcr3aEfpDzhSg,Reflections,Sean & Jimbo,Reflections,2020-11-14,55,115862,https://open.spotify.com/track/2reXJ8x3fMcr3aEfpDzhSg,love
5yoWBdq6JpQpTy3xboAYyi,The Great Journey,Crow City,The Great Journey,2020-11-25,53,199436,https://open.spotify.com/track/5yoWBdq6JpQpTy3xboAYyi,love
03CvK43y230isXiIBsMoXi,Beneath the Ocean,Sleep Repeat,Beneath the Ocean,2020-11-07,48,247063,https://open.spotify.com/track/03CvK43y230isXiIBsMoXi,love
0TWcvC3jSxbCmkpqtEZSTg,Cold Winter,Sean & Jimbo,Cold Winter,2020-11-13,56,160800,https://open.spotify.com/track/0TWcvC3jSxbCmkpqtEZSTg,love
2ytToJKxqWpqTcH7HH16WQ,Breathe,Dr Namaste,Breathe,2021-03-15,54,74880,https://open.spotify.com/track/2ytToJKxqWpqTcH7HH16WQ,love
20H8ijJOwQaWA0p4KX9m3T,417 Hz New Beginnings,"Miracle Tones, Solfeggio Healing Frequencies MT",417 Hz Mindfulness,2021-04-23,63,142000,https://open.spotify.com/track/20H8ijJOwQaWA0p4KX9m3T,love
3cFywu53NrOfGiqDg5DRZy,417 Hz Remove Negative Energy,"Miracle Tones, Solfeggio Healing Frequencies MT",417 Hz Mindfulness,2021-04-23,63,126750,https://open.spotify.com/track/3cFywu53NrOfGiqDg5DRZy,love
0qwd7ACQNthZmfLKIEEN1q,417 Hz Let Go of Mental Blockages,"Miracle Tones, Solfeggio Healing Frequencies MT",417 Hz Mindfulness,2021-04-23,63,133750,https://open.spotify.com/track/0qwd7ACQNthZmfLKIEEN1q,love
3FNTf1qU8FAIeSqqnZuswG,417 Hz Cleanse Trauma,"Miracle Tones, Solfeggio Healing Frequencies MT",417 Hz Mindfulness,2021-04-23,63,125750,https://open.spotify.com/track/3FNTf1qU8FAIeSqqnZuswG,love
57dpUsFjeLNsoPCKG2jmB6,417 Hz Undo Damage,"Miracle Tones, Solfeggio Healing Frequencies MT",417 Hz Mindfulness,2021-04-23,63,129687,https://open.spotify.com/track/57dpUsFjeLNsoPCKG2jmB6,love
3D22nEXsYnoi0XwyNLLig3,417 Hz Sacral Chakra,"Miracle Tones, Solfeggio Healing Frequencies MT",417 Hz Mindfulness,2021-04-23,63,147958,https://open.spotify.com/track/3D22nEXsYnoi0XwyNLLig3,love
0Aa9rwFRKHZjy6jswdLjmu,417 Hz Positive Change,"Miracle Tones, Solfeggio Healing Frequencies MT",417 Hz Mindfulness,2021-04-23,63,138000,https://open.spotify.com/track/0Aa9rwFRKHZjy6jswdLjmu,love
2O5tca1sLjsDo8C6PgeApA,417 Hz Transmutation,"Miracle Tones, Solfeggio Healing Frequencies MT",417 Hz Mindfulness,2021-04-23,63,144374,https://open.spotify.com/track/2O5tca1sLjsDo8C6PgeApA,love
2165iBxdBgBHWHfPUTklNx,417 Hz Find Inner Balance,"Miracle Tones, Solfeggio Healing Frequencies MT",417 Hz Mindfulness,2021-04-23,63,132333,https://open.spotify.com/track/2165iBxdBgBHWHfPUTklNx,love
6puVnqnAJZ3Nvt89xSEazZ,417 Hz Manifest Positive Energy,"Miracle Tones, Solfeggio Healing Frequencies MT",417 Hz Mindfulness,2021-04-23,63,141125,https://open.spotify.com/track/6puVnqnAJZ3Nvt89xSEazZ,love
5lSDdHPmeqsDJcqiMYtUHN,AMA,Seyi Vibez,FUJI MOTO,2025-11-13,65,157723,https://open.spotify.com/track/5lSDdHPmeqsDJcqiMYtUHN,love
3RtoMZxgC3lpyfxmZ29Rpu,HOW ARE YOU,Seyi Vibez,HOW ARE YOU,2025-10-28,70,158446,https://open.spotify.com/track/3RtoMZxgC3lpyfxmZ29Rpu,love
3txOxWfFWDxo5e8mxqIdgL,UP,"Seyi Vibez, Trippie Redd",FUJI MOTO,2025-11-13,64,163200,https://open.spotify.com/track/3txOxWfFWDxo5e8mxqIdgL,love
3wEguEqsbkMbrjzaPaKrJv,UNIVERSE,Seyi Vibez,FUJI MOTO,2025-11-13,63,142441,https://open.spotify.com/track/3wEguEqsbkMbrjzaPaKrJv,love
7CU66EhJmgEtUYbxiyIErP,TORTOISE MAMBO,Seyi Vibez,FUJI MOTO,2025-11-13,63,57144,https://open.spotify.com/track/7CU66EhJmgEtUYbxiyIErP,love
6YOByn9plxYPTA6oeLlRkb,FUJI PARTY,"Seyi Vibez, Olamide",FUJI MOTO,2025-11-13,64,123528,https://open.spotify.com/track/6YOByn9plxYPTA6oeLlRkb,love
5u3NyEPys96WH7JZRqVakY,PAWON,1da Banton,PAWON,2025-10-03,52,127868,https://open.spotify.com/track/5u3NyEPys96WH7JZRqVakY,love
3am9LsAqmh8yTWTb9Mwzy8,FUJI MOTO,Seyi Vibez,FUJI MOTO,2025-11-13,64,158150,https://open.spotify.com/track/3am9LsAqmh8yTWTb9Mwzy8,love
01IR51Syl6kc3ewMH7Flg6,Emotion,A.BEEB,Choices/Emotions,2025-11-07,34,153191,https://open.spotify.com/track/01IR51Syl6kc3ewMH7Flg6,love
62JukoHpfCTkvbbP1Nu2Gk,FUJI HOUSE,Seyi Vibez,FUJI MOTO,2025-11-13,62,111624,https://open.spotify.com/track/62JukoHpfCTkvbbP1Nu2Gk,love
6KsM61GDysFAdZcl5PCbM9,SILUHWET (hello sexy),Kobi Jonz,SILUHWET (hello sexy),2025-10-30,44,133894,https://open.spotify.com/track/6KsM61GDysFAdZcl5PCbM9,love
09bQA4yKKEnhBnpdQTGJ2Y,PRESSURE,"Seyi Vibez, French Montana",FUJI MOTO,2025-11-13,61,161458,https://open.spotify.com/track/09bQA4yKKEnhBnpdQTGJ2Y,love
52ZxqHSe1HesJPwuuBiW4U,MARIO KART,Seyi Vibez,Children of Africa,2025-02-20,68,171138,https://open.spotify.com/track/52ZxqHSe1HesJPwuuBiW4U,love
1QJWLFfMmPGrpF6m1tdhoe,NEVER ENOUGH,INVIIN,NEVER ENOUGH,2025-11-01,23,172000,https://open.spotify.com/track/1QJWLFfMmPGrpF6m1tdhoe,love
7N1ff8k03rH1JdAJB9f6rw,Champion Sound,Champz,Champion's Arrival,2025-11-11,63,117894,https://open.spotify.com/track/7N1ff8k03rH1JdAJB9f6rw,love
3sW9XZW5xK95CXBHrwNFiK,Waist,Omah Lay,Waist,2025-11-14,64,165625,https://open.spotify.com/track/3sW9XZW5xK95CXBHrwNFiK,love
4uLBwGnr1U3ctcDZrnVEgK,WHY LOVE,Asake,WHY LOVE,2025-02-11,65,210000,https://open.spotify.com/track/4uLBwGnr1U3ctcDZrnVEgK,love
61FFkcFoZeOWZs5mlDb3mL,Bag,"Fergiee, Minz",Fergiee,2025-10-03,44,149397,https://open.spotify.com/track/61FFkcFoZeOWZs5mlDb3mL,love
4h479A3EU5ZpUg0mlfdNtR,caricature,FOLA,catharsis,2025-09-04,71,181930,https://open.spotify.com/track/4h479A3EU5ZpUg0mlfdNtR,love
4swwVMD32piZe5BwgpYRTF,MACHO (feat. NLE Choppa),"Seyi Vibez, NLE Choppa",Children of Africa,2025-02-20,51,163539,https://open.spotify.com/track/4swwVMD32piZe5BwgpYRTF,love
3oocIQ4OrOeAvrusWl0MmR,Mon'ami,winnerman,Mon'ami,2025-10-01,46,159272,https://open.spotify.com/track/3oocIQ4OrOeAvrusWl0MmR,love
2hODYSmDyWMu2C2XN4bgOV,SHAOLIN,Seyi Vibez,Children of Africa,2025-02-20,62,140527,https://open.spotify.com/track/2hODYSmDyWMu2C2XN4bgOV,love
27N2fW3NXw9cvzTHtRSgKR,Dem Dey,Burna Boy,No Sign Of Weakness,2025-07-10,61,192158,https://open.spotify.com/track/27N2fW3NXw9cvzTHtRSgKR,love
2YwBdxvMFsWUSCaL1U6xIg,HAPPY SONG,Seyi Vibez,Children of Africa,2025-02-20,60,119954,https://open.spotify.com/track/2YwBdxvMFsWUSCaL1U6xIg,love
4Br2FuSXLJvCGyT7DWQ4aT,TOO MUCH,"Dj Hkeem, Boybreed, Zarion Uti",TOO MUCH,2025-08-29,48,171428,https://open.spotify.com/track/4Br2FuSXLJvCGyT7DWQ4aT,love
5eVQcRihBkD938y0zfnbJ4,Tumo Weto,Mavo,Ukanigbe,2023-12-01,69,169299,https://open.spotify.com/track/5eVQcRihBkD938y0zfnbJ4,love
36Y4cTkB8ZB5E9tTZcAR1C,Shakabulizzy - Remix,"Mavo, Davido",Shakabulizzy (Remix),2025-10-24,53,175000,https://open.spotify.com/track/36Y4cTkB8ZB5E9tTZcAR1C,love
3wdV4OJ37JdoLyUJMm50UW,lost,"FOLA, Kizz Daniel",lost,2025-04-24,64,168082,https://open.spotify.com/track/3wdV4OJ37JdoLyUJMm50UW,love
6wNQOy8PXHV5bmfubVDXrI,Unto the Next,"Famous Pluto, Zerrydl",Unto the Next,2025-11-14,58,167142,https://open.spotify.com/track/6wNQOy8PXHV5bmfubVDXrI,love
05FGeNRmImVKaQWymXqjnn,Money Duty,Kioja xl,Money Duty,2025-09-26,40,119638,https://open.spotify.com/track/05FGeNRmImVKaQWymXqjnn,love
2h1aaSSMUspQfHKDl5uISY,Escaladizzy II,"Mavo, Shallipopi, Zlatan, Ayra Starr",Escaladizzy II,2025-07-22,68,213559,https://open.spotify.com/track/2h1aaSSMUspQfHKDl5uISY,love
1rPYDcyLaUZLF8FCstlKv1,ACL,Blaqbonez,No Excuses,2025-10-18,51,224000,https://open.spotify.com/track/1rPYDcyLaUZLF8FCstlKv1,love
0Ew9tScrcQn22M4CVKZ2Gn,Window,Mackgee,Window,2021-10-22,43,240000,https://open.spotify.com/track/0Ew9tScrcQn22M4CVKZ2Gn,love
7q6EdEhPwkVfu4XGgP4kXV,healer,FOLA,catharsis,2025-09-04,69,155235,https://open.spotify.com/track/7q6EdEhPwkVfu4XGgP4kXV,love
4hsJRMyYHAQHnDpfV7l6xu,Champion Montana,Champz,Champion's Arrival,2025-11-11,59,116043,https://open.spotify.com/track/4hsJRMyYHAQHnDpfV7l6xu,love
5ht0zFXsezKxVvu8eMiewq,One Condition,"DJ Tunez, Wizkid, FOLA",One Condition,2025-07-25,74,234977,https://open.spotify.com/track/5ht0zFXsezKxVvu8eMiewq,love
6FXCkgH4PR9T15gx8osL5w,Change Your Mind (feat. Shaboozey),"Burna Boy, Shaboozey",No Sign Of Weakness,2025-07-10,54,148705,https://open.spotify.com/track/6FXCkgH4PR9T15gx8osL5w,love
3bOBWIdkRyN9yaGJ7uSOTf,Way Too Big,Burna Boy,Twice As Tall,2020-08-13,58,200413,https://open.spotify.com/track/3bOBWIdkRyN9yaGJ7uSOTf,love
0irafOSuA00d9de65WMHL5,Obasanjo,Mackgee,Obasanjo,2024-10-25,42,187088,https://open.spotify.com/track/0irafOSuA00d9de65WMHL5,love
4fq0ysPq6PyFxdkXtnyLIF,Grind,Champz,Champion's Arrival,2025-11-11,59,151578,https://open.spotify.com/track/4fq0ysPq6PyFxdkXtnyLIF,love
1YgIvHDTvi1vosins1jyAC,Amapiano,"Asake, Olamide",Work Of Art,2023-06-15,63,165000,https://open.spotify.com/track/1YgIvHDTvi1vosins1jyAC,love
13VXuHw3O8Yt7VwRIDqSo4,MMS,"Asake, Wizkid",Lungu Boy,2024-08-08,70,219628,https://open.spotify.com/track/13VXuHw3O8Yt7VwRIDqSo4,love
5GkkuEEPtYguzhTdCpS8Ab,99 (feat. Daecolm),"Olamide, Seyi Vibez, Asake, Young Jonn, Daecolm",Olamidé,2025-06-18,69,248832,https://open.spotify.com/track/5GkkuEEPtYguzhTdCpS8Ab,love
28NElMiahjGMfcE1G8Y6TG,Laye Mi,BNXN,CAPTAIN,2025-07-02,65,204159,https://open.spotify.com/track/28NElMiahjGMfcE1G8Y6TG,love
2OxLgI6O7BR1FZfLw54jG2,cruise control,FOLA,catharsis,2025-09-04,67,120862,https://open.spotify.com/track/2OxLgI6O7BR1FZfLw54jG2,love
54ZS9DcCVy0jcsTqHSFLyi,ENJOYMENT,"Poco Lee, Mavo, Diamond Boy",ENJOYMENT,2025-11-06,61,175714,https://open.spotify.com/track/54ZS9DcCVy0jcsTqHSFLyi,love
0mfLbIDRH9YJfU3wComro7,Many People,Adekunle Gold,Fuji,2025-10-03,66,161538,https://open.spotify.com/track/0mfLbIDRH9YJfU3wComro7,love
6jcyiJ9pS1gkPvZvgl9ZO5,disco,"FOLA, Young Jonn",catharsis,2025-09-04,66,133966,https://open.spotify.com/track/6jcyiJ9pS1gkPvZvgl9ZO5,love
3dwhsbdb2ZlzLYEcFJ9n9H,wgft (feat. Burna Boy),"Gunna, Burna Boy",The Last Wun,2025-08-07,54,184440,https://open.spotify.com/track/3dwhsbdb2ZlzLYEcFJ9n9H,love
6FXRZs4H5N8YytItv9OMVo,Muhammad Ali (Can't Relate),Ruger,Muhammad Ali (Can't Relate),2025-11-14,55,159183,https://open.spotify.com/track/6FXRZs4H5N8YytItv9OMVo,love
2ITJKfLesLib9xo0hWVT1V,"DOG EAT DOG II (feat. Cruel Santino, Bella Shmurda)","ODUMODUBLVCK, Cruel Santino, Bella Shmurda","DOG EAT DOG II (feat. Cruel Santino, Bella Shmurda)",2023-05-29,52,240000,https://open.spotify.com/track/2ITJKfLesLib9xo0hWVT1V,love
3HsgVsJxm1H9VDmddM2OY1,INDUSTRY MACHINE,ODUMODUBLVCK,INDUSTRY MACHINE,2025-10-05,45,184821,https://open.spotify.com/track/3HsgVsJxm1H9VDmddM2OY1,love
6fXDXIPwX97mqCrqLFAt2p,Love,Burna Boy,No Sign Of Weakness,2025-07-10,70,176159,https://open.spotify.com/track/6fXDXIPwX97mqCrqLFAt2p,love
2aQcVp8NHhCOhgZh76k1Ui,gokada,FOLA,catharsis,2025-09-04,65,103308,https://open.spotify.com/track/2aQcVp8NHhCOhgZh76k1Ui,love
6dmuFoJ8jYh7kzai2twWNo,Jies,BNXN,CAPTAIN,2025-07-02,58,172736,https://open.spotify.com/track/6dmuFoJ8jYh7kzai2twWNo,love
7dTEOkCQWc8YuHjuaSolSX,Set Up,"BNXN, Seyi Vibez",CAPTAIN,2025-07-02,64,184989,https://open.spotify.com/track/7dTEOkCQWc8YuHjuaSolSX,love
0LDf2y7JtHfvGvzPo3qYgK,BURSTITIAKOPI,Straffitti,BURSTITIAKOPI,2025-11-07,58,146335,https://open.spotify.com/track/0LDf2y7JtHfvGvzPo3qYgK,love
6HYltKSEEgV0tUaW94u4dx,Make It Clap,Yartti,Tales Of A Dreamer,2025-09-19,41,137430,https://open.spotify.com/track/6HYltKSEEgV0tUaW94u4dx,love
19bCtadgZCc7OdqJnITfnG,ABANGANI (feat. Daliwonga & Madumane),"DJ Maphorisa, DJ Tunez, Wizkid, Daliwonga, Madumane",SOUTH GIDI,2025-10-24,67,390796,https://open.spotify.com/track/19bCtadgZCc7OdqJnITfnG,love
6whWtO0zIA5LUUGSGhojRu,To Be A Man,Kizz Daniel,To Be A Man,2025-08-28,63,169494,https://open.spotify.com/track/6whWtO0zIA5LUUGSGhojRu,love
2xr0ywPuXSYyS76fwcIIrd,Full Control,Young Jonn,Full Control,2025-10-17,66,147203,https://open.spotify.com/track/2xr0ywPuXSYyS76fwcIIrd,love
4uQziUY4EzYVULK1D9Ugum,it's going,FOLA,catharsis,2025-09-04,63,160000,https://open.spotify.com/track/4uQziUY4EzYVULK1D9Ugum,love
0drp8xGuQUYGotAUkMA5Pw,DEM GO PAY,Wande Coal,DEM GO PAY,2025-11-14,45,178544,https://open.spotify.com/track/0drp8xGuQUYGotAUkMA5Pw,love
31m2EB5JBLCJwCcI5syoqg,Born Sinner,Yartti,Tales Of A Dreamer,2025-09-19,40,150986,https://open.spotify.com/track/31m2EB5JBLCJwCcI5syoqg,love
1m7j6RWUxeBzTOY4hcWsoj,forever be mine (feat. Wizkid),"Gunna, Wizkid",The Last Wun,2025-08-08,75,173253,https://open.spotify.com/track/1m7j6RWUxeBzTOY4hcWsoj,love
5Gl9L2nfgLFwqaylubQYRN,FIESTA (feat. Zaba & Zeh McGeba),"DJ Maphorisa, DJ Tunez, Wizkid, Zaba, Zeh McGeba",SOUTH GIDI,2025-10-24,66,488135,https://open.spotify.com/track/5Gl9L2nfgLFwqaylubQYRN,love
01lI217l9g8yjVDt2bsI6u,Appraisal,Bella Shmurda,Sanity,2025-10-03,67,109826,https://open.spotify.com/track/01lI217l9g8yjVDt2bsI6u,love
5nmYNuBSh99LNDdZ0iSe2O,Get Better,"Zlatan, FOLA",Get Better,2025-03-21,66,195600,https://open.spotify.com/track/5nmYNuBSh99LNDdZ0iSe2O,love
3fGdbjANHhuAhNo0f4POgw,Slow (feat. Anaïs Cardot),"Wizkid, Anaïs Cardot",Morayo,2024-11-22,64,205373,https://open.spotify.com/track/3fGdbjANHhuAhNo0f4POgw,love
3ORQAVMG2AUIeHdmdrl08p,robbery,"FOLA, Gabzy",catharsis,2025-09-04,62,164599,https://open.spotify.com/track/3ORQAVMG2AUIeHdmdrl08p,love
664mVcYRMDsVnOg95R71Ti,Moving,Omah Lay,Moving,2024-08-23,60,140367,https://open.spotify.com/track/664mVcYRMDsVnOg95R71Ti,love
0h1bZv4IoNi4Fx7zu6XM7b,Soundgasm,Rema,Rave & Roses Ultra,2023-04-27,45,204755,https://open.spotify.com/track/0h1bZv4IoNi4Fx7zu6XM7b,love
6WO22RY0WWcN4yKcQb0h32,Update,Burna Boy,No Sign Of Weakness,2025-07-10,56,207865,https://open.spotify.com/track/6WO22RY0WWcN4yKcQb0h32,love
3de3ASYwXvqgEzqJaMWYEQ,Charm,Rema,Rave & Roses (Ultra),2023-04-28,54,204750,https://open.spotify.com/track/3de3ASYwXvqgEzqJaMWYEQ,love
1i2TCvURTJo8Oa6ZfIXbEw,Bounce,"Bella Shmurda, Seyi Vibez",Sanity,2025-10-03,65,140240,https://open.spotify.com/track/1i2TCvURTJo8Oa6ZfIXbEw,love
0Q1bMs3xLQiDEeaneehdxv,Remember,Asake,Work Of Art,2023-06-15,72,182142,https://open.spotify.com/track/0Q1bMs3xLQiDEeaneehdxv,love
28wGX1hoLCRbBZbEqITvE3,Ain't No Mountain High Enough - Stereo Version,"Marvin Gaye, Tammi Terrell",The Very Best Of Marvin Gaye,2001-07-17,0,146160,https://open.spotify.com/track/28wGX1hoLCRbBZbEqITvE3,love
5nbrmgPVArcTzW7bp9mhfq,I Want You Back,The Jackson 5,"Doo Wop & Pop, Vol. 1",2013-01-10,0,179746,https://open.spotify.com/track/5nbrmgPVArcTzW7bp9mhfq,love
5pKJtX4wBeby9qIfFhyOJj,Don't Go Breaking My Heart,"Elton John, Kiki Dee",To Be Continued...,1990-11-08,54,271133,https://open.spotify.com/track/5pKJtX4wBeby9qIfFhyOJj,love
4BFMQ15vXr626UOoZL8bUI,"(I've Had) The Time of My Life - From ""Dirty Dancing"" Soundtrack","Bill Medley, Jennifer Warnes",Platinum & Gold Collection,2004-07-13,60,289066,https://open.spotify.com/track/4BFMQ15vXr626UOoZL8bUI,love
4kflIGfjdZJW4ot2ioixTB,Someone Like You,Adele,21,2011-01-19,2,285040,https://open.spotify.com/track/4kflIGfjdZJW4ot2ioixTB,love
6P7tTFzn6oNa0GL8w8oazE,Make You Feel My Love,Adele,19,2008-01-28,0,212040,https://open.spotify.com/track/6P7tTFzn6oNa0GL8w8oazE,love
6l8GvAyoUZwWDgF1e4822w,Bohemian Rhapsody,Queen,Stone Cold Classics,2006-01-01,21,355400,https://open.spotify.com/track/6l8GvAyoUZwWDgF1e4822w,love
22NN4BS1AlqVbyKIWExgON,Mamma Mia,ABBA,Abba,1975,1,215266,https://open.spotify.com/track/22NN4BS1AlqVbyKIWExgON,love
5ljCWsDlSyJ41kwqym2ORw,03' Bonnie & Clyde,"JAY-Z, Beyoncé",The Blueprint 2: The Gift & The Curse,2002-11-12,71,205560,https://open.spotify.com/track/5ljCWsDlSyJ41kwqym2ORw,love
0zYP35FfMItfaP6c9gcQZB,Way Back Into Love,"Hugh Grant, Haley Bennett",Music And Lyrics - Music From and Inspired By The Motion Picture (International Release),2006-02-13,60,277853,https://open.spotify.com/track/0zYP35FfMItfaP6c9gcQZB,love
0IktbUcnAGrvD03AWnz3Q8,Lucky,"Jason Mraz, Colbie Caillat",We Sing. We Dance. We Steal Things.,2008-05-12,68,189613,https://open.spotify.com/track/0IktbUcnAGrvD03AWnz3Q8,love
6yIdwnpDHufLWgQcveTPMk,I Don’t Wanna Live Forever (Fifty Shades Darker),"ZAYN, Taylor Swift",I Don’t Wanna Live Forever (Fifty Shades Darker),2016-12-09,0,245200,https://open.spotify.com/track/6yIdwnpDHufLWgQcveTPMk,love
1mKXFLRA179hdOWQBwUk9e,Just Give Me a Reason (feat. Nate Ruess),"P!nk, Nate Ruess",The Truth About Love,2012-09-18,83,242733,https://open.spotify.com/track/1mKXFLRA179hdOWQBwUk9e,love
3Z1kZKYfRC8iRXnYeC5sCJ,Everything Has Changed,"Taylor Swift, Ed Sheeran",Red (Big Machine Radio Release Special),2012-10-22,62,245413,https://open.spotify.com/track/3Z1kZKYfRC8iRXnYeC5sCJ,love
0jasbGRELTM14tJi9SxGGF,It Ain't Me Babe,"Joaquin Phoenix, Reese Witherspoon",Walk The Line (Original Motion Picture Soundtrack),2005-01-01,38,185466,https://open.spotify.com/track/0jasbGRELTM14tJi9SxGGF,love
2QiHR2oLg8Eqj1QgBvUnUM,Jackson,"Joaquin Phoenix, Reese Witherspoon",Walk The Line (Original Motion Picture Soundtrack),2005-01-01,34,169866,https://open.spotify.com/track/2QiHR2oLg8Eqj1QgBvUnUM,love
1A8OrMrc15qpXp5MuOfvG2,Cruisin' - Single Edit,"Huey Lewis, Gwyneth Paltrow",Greatest Hits: Huey Lewis And The News,2006-01-01,57,214306,https://open.spotify.com/track/1A8OrMrc15qpXp5MuOfvG2,love
7B3UAPLYAbwXVgbHSKEaTw,"Beauty and the Beast - from the Soundtrack ""Beauty and the Beast""","Céline Dion, Peabo Bryson",Celine Dion,1992-03-30,66,249240,https://open.spotify.com/track/7B3UAPLYAbwXVgbHSKEaTw,love
1dEy9Pl81QopSxNsPxXQxv,Stay,"Rihanna, Mikky Ekko",Unapologetic (Deluxe),2012-12-11,67,240706,https://open.spotify.com/track/1dEy9Pl81QopSxNsPxXQxv,love
1uPrIHgYztXSkkcts9jet8,She Bangs - English Version,Ricky Martin,Sound Loaded,2000,59,280626,https://open.spotify.com/track/1uPrIHgYztXSkkcts9jet8,love
65B1tEOv5W294uCKbmEcFV,I Hope You Dance,Lee Ann Womack,I Hope You Dance,2000-01-01,64,294533,https://open.spotify.com/track/65B1tEOv5W294uCKbmEcFV,love
06TuMCjDEYjTOJScCRzmjf,Don't Let Go (Love),En Vogue,EV3,1997-06-17,64,291880,https://open.spotify.com/track/06TuMCjDEYjTOJScCRzmjf,love
66S14BkJDxgkYxLl5DCqOz,I'm Gonna Be (500 Miles),The Proclaimers,Finest,2003-09-01,69,219466,https://open.spotify.com/track/66S14BkJDxgkYxLl5DCqOz,love
0FGxAEMIE5GhyFqFMHRWaO,"Endless Love - From ""The Endless Love"" Soundtrack","Lionel Richie, Diana Ross",The Definitive Collection,2003,53,266266,https://open.spotify.com/track/0FGxAEMIE5GhyFqFMHRWaO,love
1hwdPQtFHISvZ9SXMkNrIK,A Whole New World,"Lea Salonga, Brad Kane, Disney",Aladdin Special Edition,2004-01-01,66,160800,https://open.spotify.com/track/1hwdPQtFHISvZ9SXMkNrIK,love
0RmEn2jcbyrLV4em3bnDZJ,Damn I Wish I Was Your Lover,Sophie B. Hawkins,The Best Of Sophie B. Hawkins,2003,47,323400,https://open.spotify.com/track/0RmEn2jcbyrLV4em3bnDZJ,love
0yRbkTprsL0rYr4UId0Ryi,Hit the Road Jack (Remastered),Ray Charles,Las 66 Favoritas de Jose María Íñigo y José Ramón Pardo. Vol. 1 (1958-1961) [Remastered]],2011-05-10,48,117492,https://open.spotify.com/track/0yRbkTprsL0rYr4UId0Ryi,love
7ngLY64yLCFIRaybpIYKJz,Save a Horse (Ride a Cowboy),Big & Rich,Greatest Hits,2009-09-25,53,200306,https://open.spotify.com/track/7ngLY64yLCFIRaybpIYKJz,love
33AQv3sfvHmtGfYNIJpi96,Tequila Makes Her Clothes Fall Off,Joe Nichols,Greatest Hits,2011,45,187066,https://open.spotify.com/track/33AQv3sfvHmtGfYNIJpi96,love
0JcKdUGNR7zI4jJDLyYXbi,Stuck Like Glue,Sugarland,The Incredible Machine,2010-01-01,61,247586,https://open.spotify.com/track/0JcKdUGNR7zI4jJDLyYXbi,love
7H8zey5My6uNdD2TxeCb9F,Don't Speak,No Doubt,Tragic Kingdom,1995-10-10,2,263000,https://open.spotify.com/track/7H8zey5My6uNdD2TxeCb9F,love
1d6KS9GH06JAd19uiBy9IE,Ironic - 2015 Remaster,Alanis Morissette,Jagged Little Pill (2015 Remaster),1995,73,230000,https://open.spotify.com/track/1d6KS9GH06JAd19uiBy9IE,love
6XsT5UGfpaFeHQf5LRIy4W,"Me, Myself and I",Beyoncé,Dangerously In Love,2003-06-24,62,301133,https://open.spotify.com/track/6XsT5UGfpaFeHQf5LRIy4W,love
26bL4gSULWDgdIMX0pRFrG,Redneck Woman,Gretchen Wilson,Here For The Party,2004-05-11,63,221333,https://open.spotify.com/track/26bL4gSULWDgdIMX0pRFrG,love
3duP6mBVDsHM8ioN7o7dAK,Boondocks,Little Big Town,The Road To Here,2005-01-01,65,272346,https://open.spotify.com/track/3duP6mBVDsHM8ioN7o7dAK,love
6cjwec9ii5uLK7CDfPBYt1,Wide Open Spaces,The Chicks,Wide Open Spaces,1998-01-27,68,223832,https://open.spotify.com/track/6cjwec9ii5uLK7CDfPBYt1,love
3rXCZRMiMZp0feGcYXpwYX,Cowboy Take Me Away,The Chicks,Fly,1999-08-27,70,287266,https://open.spotify.com/track/3rXCZRMiMZp0feGcYXpwYX,love
2dRPQFwPqAmc42mDRnsDQu,All-American Girl,Carrie Underwood,Carnival Ride,2007-10-23,59,212173,https://open.spotify.com/track/2dRPQFwPqAmc42mDRnsDQu,love
1vrd6UOGamcKNGnSHJQlSt,Love Story,Taylor Swift,Fearless,2008-11-11,65,235266,https://open.spotify.com/track/1vrd6UOGamcKNGnSHJQlSt,love
7f1Dmr246cJ9uQYdbplTbh,He Wasn't Man Enough,Toni Braxton,The Heat,2000,70,261933,https://open.spotify.com/track/7f1Dmr246cJ9uQYdbplTbh,love
11mwFrKvLXCbcVGNxffGyP,Genie In a Bottle,Christina Aguilera,Christina Aguilera (Expanded Edition),1999,80,217573,https://open.spotify.com/track/11mwFrKvLXCbcVGNxffGyP,love
7LLouD7gdDYmmar1bfaF8V,Bleeding Love,Leona Lewis,Bleeding Love,2007-10-21,45,262293,https://open.spotify.com/track/7LLouD7gdDYmmar1bfaF8V,love
5AgTL2WmiCvoObA8fpncKs,Despacito,"Luis Fonsi, Daddy Yankee",Shut Up Lets Dance,2017-02-17,46,228200,https://open.spotify.com/track/5AgTL2WmiCvoObA8fpncKs,love
2ulBBx6YQ3qY3ci34RadtN,She's In Love With The Boy - Single Version,Trisha Yearwood,Trisha Yearwood,1991-01-01,67,248200,https://open.spotify.com/track/2ulBBx6YQ3qY3ci34RadtN,love
30FURVTCpbKyykjSEQzGkH,Back To Black,Amy Winehouse,Back To Black,2006-10-27,73,240440,https://open.spotify.com/track/30FURVTCpbKyykjSEQzGkH,love
3krgfOQI9Szq8cF0Umm1O1,Something's Gotta Give,Sammy Davis Jr.,The Decca Years,1990-01-01,53,125960,https://open.spotify.com/track/3krgfOQI9Szq8cF0Umm1O1,love
3xrn9i8zhNZsTtcoWgQEAd,Since U Been Gone,Kelly Clarkson,Breakaway,2004-01-17,75,188960,https://open.spotify.com/track/3xrn9i8zhNZsTtcoWgQEAd,love
1zmvaeDthBdtthb4RgYr9a,Born to Fly,Sara Evans,Born To Fly,2000-10-10,53,336360,https://open.spotify.com/track/1zmvaeDthBdtthb4RgYr9a,love
2Cdvbe2G4hZsnhNMKyGrie,I Love Rock 'N Roll,Joan Jett & the Blackhearts,I Love Rock 'N' Roll (Expanded Edition),1981-11-18,78,175173,https://open.spotify.com/track/2Cdvbe2G4hZsnhNMKyGrie,love
7Bj27KfbcrXFqQd3JsJBUK,Like a Prayer,Madonna,Celebration (Bonus Track Version),2009-09-18,32,342680,https://open.spotify.com/track/7Bj27KfbcrXFqQd3JsJBUK,love
1SAkL1mYNJlaqnBQxVZrRl,Baby Got Back,Sir Mix-A-Lot,Mack Daddy,1992-01-01,72,262826,https://open.spotify.com/track/1SAkL1mYNJlaqnBQxVZrRl,love
4RY96Asd9IefaL3X4LOLZ8,In Da Club,50 Cent,Get Rich Or Die Tryin',2003-02-06,75,193466,https://open.spotify.com/track/4RY96Asd9IefaL3X4LOLZ8,love
08c3wmdjKSjxTJY9cHSts7,XXX's And OOO's (An American Girl),Trisha Yearwood,Thinkin' About You,1995-01-01,60,167906,https://open.spotify.com/track/08c3wmdjKSjxTJY9cHSts7,love
2NBQmPrOEEjA8VbeWOQGxO,Drop It Like It's Hot,"Snoop Dogg, Pharrell Williams",R&G (Rhythm & Gangsta): The Masterpiece,2004-01-01,77,266066,https://open.spotify.com/track/2NBQmPrOEEjA8VbeWOQGxO,love
01CnYyPXMFRzOFVQBU8WMb,This One's for the Girls,Martina McBride,Martina,2003-09-30,57,243160,https://open.spotify.com/track/01CnYyPXMFRzOFVQBU8WMb,love
2ugGNNwNaJdiusX3aLOMUy,Whose Bed Have Your Boots Been Under?,Shania Twain,Greatest Hits,2004-01-01,0,238773,https://open.spotify.com/track/2ugGNNwNaJdiusX3aLOMUy,love
0meAc2H0tC5tOTd6MDe0cI,One Way Ticket (Because I Can),LeAnn Rimes,Blue,1996,55,223973,https://open.spotify.com/track/0meAc2H0tC5tOTd6MDe0cI,love
2MiXC2LfpsoeUP5RvMGEQ3,The Night The Lights Went Out In Georgia,Reba McEntire,For My Broken Heart,1991-01-01,69,257266,https://open.spotify.com/track/2MiXC2LfpsoeUP5RvMGEQ3,love
2RZtx21gOL0GwRxd23T3S6,Valaiyosai,"Ilaiyaraaja, S. P. Balasubrahmanyam, Lata Mangeshkar",Sathya (Original Motion Picture Soundtrack),1988-01-01,62,274500,https://open.spotify.com/track/2RZtx21gOL0GwRxd23T3S6,love
4iOJpwsMIbsuKLpsa8pTUq,Poove Sem Poove - Male,K. J. Yesudas,Solla Thudikuthu Manasu (Original Motion Picture Soundtrack),1984-12-30,62,333139,https://open.spotify.com/track/4iOJpwsMIbsuKLpsa8pTUq,love
24Cl3MgSNdYnOSUBUZkRLY,Oru Kili Uruguthu,"S. Janaki, S. P. Sailaja",Aanandha Kummi (Original Motion Picture Soundtrack),1983,61,274860,https://open.spotify.com/track/24Cl3MgSNdYnOSUBUZkRLY,love
3yOh5KqpTcKQr7tWiAMH6t,Pachamala Poovu,"Ilaiyaraaja, S. P. Balasubrahmanyam",Kizhakku Vaasal (Original Motion Picture Soundtrack),1990-01-01,59,266146,https://open.spotify.com/track/3yOh5KqpTcKQr7tWiAMH6t,love
55JfAOILA0T6x9tekwfib8,Raja Raja Chozhan,K. J. Yesudas,Rettai Vaal Kuruvi (Original Motion Picture Soundtrack),1987,13,274800,https://open.spotify.com/track/55JfAOILA0T6x9tekwfib8,love
2HRDR52ijh8GjiBr1MD1A2,Nila Adhu Vanathumele,Ilaiyaraaja,Nayagan (Original Motion Picture Soundtrack),1987-10-21,58,301267,https://open.spotify.com/track/2HRDR52ijh8GjiBr1MD1A2,love
1lqkO5yjl1L2cHv2oepbHn,Kuyil Paattu (Duet),"Swarnalatha, Ilaiyaraaja",En Rasavin Manasile (Original Motion Picture Soundtrack),1991,10,218226,https://open.spotify.com/track/1lqkO5yjl1L2cHv2oepbHn,love
5BpM4hKTWOmuu1rfUpvQMT,Chinna Chinna Vanna Kuyil,S. Janaki,Mouna Ragam (Original Motion Picture Soundtrack),1986-08-15,9,266065,https://open.spotify.com/track/5BpM4hKTWOmuu1rfUpvQMT,love
65K9X6L8z6xBZ70KasesI3,Thendral Vanthu,"Ilaiyaraaja, S. Janaki",Avatharam (Original Motion Picture Soundtrack),1994-12-15,0,322520,https://open.spotify.com/track/65K9X6L8z6xBZ70KasesI3,love
7i8KbGgPz8ihXXXo0p7sD0,Ooru Sanam Thoongidichu,"S. P. Balasubrahmanyam, S. Janaki",Mella Thirandhadhu Kadhavu (Orignal Motion Picture Soundtrack),1986-01-01,0,278400,https://open.spotify.com/track/7i8KbGgPz8ihXXXo0p7sD0,love
6C6u94AZlturaUaFTmfgFp,Putham Puthu Kaalai,S. Janaki,Alaigal Oyvatillai,1981-01-01,60,273546,https://open.spotify.com/track/6C6u94AZlturaUaFTmfgFp,love
3JgOiGRp9lT5FkPcE1I7c6,Guruvayurappa,"S. P. Balasubrahmanyam, K. S. Chithra",Pudhu Pudhu Arthangal (Original Motion Picture Soundtrack),1989,8,273554,https://open.spotify.com/track/3JgOiGRp9lT5FkPcE1I7c6,love
5516Fo5YISqWZVqda1Q6O4,Kalyaana Maalai,S. P. Balasubrahmanyam,Pudhu Pudhu Arthangal (Original Motion Picture Soundtrack),1989,11,279013,https://open.spotify.com/track/5516Fo5YISqWZVqda1Q6O4,love
5ilUJK8efHD5ULhtYS94TR,Keladi Kanmani,S. P. Balasubrahmanyam,Pudhu Pudhu Arthangal (Original Motion Picture Soundtrack),1989,9,274625,https://open.spotify.com/track/5ilUJK8efHD5ULhtYS94TR,love
1Z3pmoJLLjNPvy7B7nkVOx,Poongathave Thaal,"Deepan Chakarvarthy, Uma Ramanan",Nizhalgal,2005-06-30,53,260946,https://open.spotify.com/track/1Z3pmoJLLjNPvy7B7nkVOx,love
0ggtoVGwW9HerJzpnjV100,Sorgame Endralum,"Ilaiyaraaja, S. Janaki",Ooru Vittu Ooru Vandhu (Original Motion Picture Soundtrack),1990-01-01,55,291500,https://open.spotify.com/track/0ggtoVGwW9HerJzpnjV100,love
4ZNp5J0vpeDZU7rXEHKjce,Edho Mogam,"Ilaiyaraaja, Krishnachandran, S. Janaki",Kozhi Koovuthu (Original Motion Picture Soundtrack),1982-01-01,51,324500,https://open.spotify.com/track/4ZNp5J0vpeDZU7rXEHKjce,love
5pfBPbl9pdW7kWf5u8uBuE,Mandram Vandha,S. P. Balasubrahmanyam,Mouna Ragam (Original Motion Picture Soundtrack),1986-08-15,11,287287,https://open.spotify.com/track/5pfBPbl9pdW7kWf5u8uBuE,love
6p439oPPofOGKkpaC2tlE6,Thendral Vandhu,"K. J. Yesudas, S. Janaki",Thendrale Ennai Thodu (Original Motion Picture Soundtrack),1984-12-30,51,256480,https://open.spotify.com/track/6p439oPPofOGKkpaC2tlE6,love
3sDX1QkpmlWSYX6OhbwBdD,Kanmani Nee Vara,"K. J. Yesudas, Uma Ramanan",Thendrale Ennai Thodu (Original Motion Picture Soundtrack),1984-12-30,50,267600,https://open.spotify.com/track/3sDX1QkpmlWSYX6OhbwBdD,love
3I8ug2BHwBkbT6cpb62Y08,Puthiya Poovithu,"S. P. Balasubrahmanyam, S. Janaki",Thendrale Ennai Thodu (Original Motion Picture Soundtrack),1984-12-30,46,273093,https://open.spotify.com/track/3I8ug2BHwBkbT6cpb62Y08,love
3WZNUYfxZQRbLYm3LlUzpq,"Endhan Nenjil (From ""Kalaignan"")",S.Janaki K.J. Yesudas,K.J. Yesudas Duet Songs,1991,0,288550,https://open.spotify.com/track/3WZNUYfxZQRbLYm3LlUzpq,love
5AUWFb1aqC70xEhjSLeX1h,Panivizhum Iravu,"S. Janaki, S. P. Balasubrahmanyam",Mouna Ragam (Original Motion Picture Soundtrack),1986-08-15,9,273473,https://open.spotify.com/track/5AUWFb1aqC70xEhjSLeX1h,love
74sA7vb8kLF8gtOBrrMARU,Ponmane Kovam Yeno,"Vijay, Uma Ramanan",Oru Kaidhiyin Diary (Original Motion Picture Soundtrack),1985,46,273733,https://open.spotify.com/track/74sA7vb8kLF8gtOBrrMARU,love
1lNoucQKZACkw0mUP4q8xy,Pesa Koodathu,"S. P. Balasubrahmanyam, P. Susheela",Adutha Varisu (Original Motion Picture Soundtrack),1983,52,274026,https://open.spotify.com/track/1lNoucQKZACkw0mUP4q8xy,love
2xLMPdqjsIQ8SyABGg8oVJ,Thalattum Poongkaatru,S. Janaki,Gopura Vasalile (Original Motion Picture Soundtrack),1991-03-22,54,314781,https://open.spotify.com/track/2xLMPdqjsIQ8SyABGg8oVJ,love
40wjCZ5O3zFufifZnFaC8R,Aagaya Gangai,"Malaysia Vasudevan, S. Janaki",Dharma Yuddham,2005-11-30,49,277866,https://open.spotify.com/track/40wjCZ5O3zFufifZnFaC8R,love
7ytqifSuT0Zzm92PicuoYv,Yae Paadal Ondru,"S. Janaki, K. J. Yesudas",Ilaiyaraaja - The Passion Of The Early Years,2017,0,281736,https://open.spotify.com/track/7ytqifSuT0Zzm92PicuoYv,love
5gkAsnESHDzj68ZH9T70gC,Ennuyir Nee Thaane,"K. J. Yesudas, Jency",Ennuyir Nee Thaane,2012,0,289943,https://open.spotify.com/track/5gkAsnESHDzj68ZH9T70gC,love
0JTsBriznFJfBtF9JcaAKh,En Jeevan Paduthu,K. J. Yesudas,Neethana Antha Kuyil (Original Motion Picture Soundtrack),1984-12-21,0,330533,https://open.spotify.com/track/0JTsBriznFJfBtF9JcaAKh,love
0HIs9UjvDVsL2gqlb6we5z,Thoongatha Vizhigal,"K. J. Yesudas, S. Janaki",Agni Natchathiram (Original Motion Picture Soundtrack),1988,48,279849,https://open.spotify.com/track/0HIs9UjvDVsL2gqlb6we5z,love
5HgXSvl2YoBtEY623UsACk,Kaattumalli,"Ilaiyaraaja, Ananya Bhat",Viduthalai (Original Motion Picture Soundtrack),2023-03-08,59,306666,https://open.spotify.com/track/5HgXSvl2YoBtEY623UsACk,love
6wNDRF4KXEpisijpq39jvZ,Kodiyile Malliyapoo,"P. Jayachandran, S. Janaki",Kadalora Kavithaigal (Original Motion Picture Soundtrack),1986-07-05,12,264964,https://open.spotify.com/track/6wNDRF4KXEpisijpq39jvZ,love
5iXFBbApLVdTta1BrM3QTv,Unna Nenachu,"Ilaiyaraaja, Sid Sriram, Kabilan",Psycho (Tamil) [Original Motion Picture Soundtrack],2020-01-17,51,275503,https://open.spotify.com/track/5iXFBbApLVdTta1BrM3QTv,love
5QmFXjtfG8OS5m7RlO9Tgx,Nilaave Vaa,S. P. Balasubrahmanyam,Mouna Ragam (Original Motion Picture Soundtrack),1986-08-15,13,277176,https://open.spotify.com/track/5QmFXjtfG8OS5m7RlO9Tgx,love
3w0k0x8ZGTgfR5OU2jrBCX,"Thendral Vanthu Theendumbothu (From ""Avatharam"")","S. Janaki, Vaali, Ilaiyaraaja",Avatharam (Original Motion Picture Soundtrack),1995-06-09,32,318014,https://open.spotify.com/track/3w0k0x8ZGTgfR5OU2jrBCX,love
6XiS8yu1y46NMi41XYkNt4,Isaiyil Thodanguthamma,Ajai Chakravarthi,Heyram (Original Motion Picture Soundtrack),2000-05-01,45,344003,https://open.spotify.com/track/6XiS8yu1y46NMi41XYkNt4,love
5dJN5HUvLGEo3tMi0TI0l8,Oru Iniya Manathu,Sujatha,Jhonny - Azhage Unnai Aarathikkiren - Tharayil Vaazhum,1997-01-01,49,260700,https://open.spotify.com/track/5dJN5HUvLGEo3tMi0TI0l8,love
1FcXXo6EDjQxpNdm7Mwmpo,Nadhiyoram,"P. Susheela, S. P. Balasubrahmanyam",Annai Ore Aalayam (Original Motion Picture Soundtrack),1979-12-01,29,269693,https://open.spotify.com/track/1FcXXo6EDjQxpNdm7Mwmpo,love
24rcCGMNMhxnUpO2iWTYDf,Vaa vaa anbe,Ilaiyaraaja,"Wings, Vol. 1",2004-01-01,4,277613,https://open.spotify.com/track/24rcCGMNMhxnUpO2iWTYDf,love
42NWXVKyoMuu3lTJicyZCn,Ilaya Nila Pozhigirathe,S. P. Balasubrahmanyam,Payanangal Mudivathillai (Original Motion Picture Soundtrack),1982,0,280882,https://open.spotify.com/track/42NWXVKyoMuu3lTJicyZCn,love
1IELNoCUzljVTImHmG7RWF,Enna Saththam Indha Neram,S. P. Balasubrahmanyam,Punnagai Mannan (Original Motion Picture Soundtrack),1986,16,256940,https://open.spotify.com/track/1IELNoCUzljVTImHmG7RWF,love
6YEmMsPliphfsAzStg3vSH,Vagai Karai Katre,K. J. Yesudas,Uyirullavarai Usha (Original Motion Picture Soundtrack),1983-01-01,0,286680,https://open.spotify.com/track/6YEmMsPliphfsAzStg3vSH,love
0523YjBhkcVoAGONOUFrf6,Kaathalin Deepam Ondru - Male version,S. P. Balasubrahmanyam,Thambikku Entha Ooru (Original Motion Picture Soundtrack),1984,6,276133,https://open.spotify.com/track/0523YjBhkcVoAGONOUFrf6,love
4glJ2UxJ31O4HoJDiVUa7L,Thedum Kann Paarvai,"S. P. Balasubrahmanyam, S. Janaki",Mella Thirandhadhu Kadhavu (Original Motion Picture Soundtrack),1986-01-01,0,282840,https://open.spotify.com/track/4glJ2UxJ31O4HoJDiVUa7L,love
0AF6iFHTyT9JsV0cemNuVJ,Ilamai Ennum Poonkaatru,S. P. Balasubrahmanyam,Pagalil Oru Iravu,1979-12-31,51,247041,https://open.spotify.com/track/0AF6iFHTyT9JsV0cemNuVJ,love
2lxuSiYAZq8Me2vycSa4xk,Malaiyoram Veesum Kaatru - Male,"Ilaiyaraaja, S. P. Balasubrahmanyam",Paadu Nilave (Original Motion Picture Soundtrack),1987-01-01,61,275920,https://open.spotify.com/track/2lxuSiYAZq8Me2vycSa4xk,love
78o3puGIHn81WqebQ7gThv,Panivizhum Malar Vanam,S. P. Balasubrahmanyam,Ninaivellam Nithya (Original Motion Picture Soundtrack),1982,56,273658,https://open.spotify.com/track/78o3puGIHn81WqebQ7gThv,love
7c7RqvQKK7MbmaSqGu2d1o,Madai Thiranthu,S. P. Balasubrahmanyam,Nizhalgal,2005-06-30,49,261355,https://open.spotify.com/track/7c7RqvQKK7MbmaSqGu2d1o,love
3HHyQnGI6jGiEor7XL4cwb,"En Iniya Pon Nilave Pon (From ""Moodu Pani"")",K. J. Yesudas,Maestro Ilaiyaraaja,2018-04-26,32,258360,https://open.spotify.com/track/3HHyQnGI6jGiEor7XL4cwb,love
0ejqHzAtWFY4QPLFAygPDn,Pesa Koodaathu,"Ilaiyaraaja, S. P. Balasubrahmanyam, P. Susheela",Adutha Vaarisu (Original Motion Picture Soundtrack),1983-01-01,56,274026,https://open.spotify.com/track/0ejqHzAtWFY4QPLFAygPDn,love
1HgXDQ3RXQ6Jv9MiejswlS,Paattu Solli,Sadhana Sargam,Azhagi (Original Motion Picture Soundtrack),2001,50,301066,https://open.spotify.com/track/1HgXDQ3RXQ6Jv9MiejswlS,love
467fG9ZpspbNnx2tU6IsCH,Arumbagi,"Deepan Chakravarthy, P. Susheela",Enga Ooru Kavalkaran (Original Motion Picture Soundtrack),1988-01-11,9,266666,https://open.spotify.com/track/467fG9ZpspbNnx2tU6IsCH,love
3G8sRzjzOsNue8yUHBWvZO,Aagaya Vennilavae,"Uma Ramanan, K. J. Yesudas",Arangetra Velai (Original Motion Picture Soundtrack),1990,57,277946,https://open.spotify.com/track/3G8sRzjzOsNue8yUHBWvZO,love
3jrOziEVwpJAETyEDZ5HWa,Rasathi Unnai,P. Jayachandran,Vaidehi Kathirunthal (Original Motion Picture Soundtrack),1984,13,263575,https://open.spotify.com/track/3jrOziEVwpJAETyEDZ5HWa,love
01yHYYvFwxQorNJTBwbvPn,Elangathu - Duet,"Shreya Ghoshal, Palani Barathi, Sriram Parthasarathy",Pithamagan (Original Motion Picture Soundtrack),2013-03-31,56,369773,https://open.spotify.com/track/01yHYYvFwxQorNJTBwbvPn,love
2Hf0Puh1w4HvTae2HSw6Hu,Nee Partha,"Hariharan, Asha Bhosle",Heyram (Original Motion Picture Soundtrack),2000-05-01,53,288000,https://open.spotify.com/track/2Hf0Puh1w4HvTae2HSw6Hu,love
7j6Cb59M9yOq3aw4fmDzQj,Unna Vida,"Kamal Haasan, Shreya Ghoshal",Virumandi,2003-01-10,0,385226,https://open.spotify.com/track/7j6Cb59M9yOq3aw4fmDzQj,love
085n5x42EhKvdTfq7xodP4,Aasai Athigam,"S. Janaki, Ilaiyaraaja, Poovai Ravi Bharathi",Marupadiyum (Original Motion Picture Soundtrack),1993-01-14,28,299106,https://open.spotify.com/track/085n5x42EhKvdTfq7xodP4,love
7FMfDz2TSSrhC9hDLoDRTM,Kalyaana Thaen Nilaa,K J Yesudas K S Chithra,Mounam Sammadham (Original Motion Picture Soundtrack),1989,54,281588,https://open.spotify.com/track/7FMfDz2TSSrhC9hDLoDRTM,love
6EgojiHvqJgMnGuCyJmioJ,En Iniya Pon Nilave Pon,"K. J. Yesudas, Gangai Amaran",Moodu Pani (Original Motion Picture Soundtrack),1980-12-31,0,258359,https://open.spotify.com/track/6EgojiHvqJgMnGuCyJmioJ,love
7hlCWblWSr3JTBCICTSG2s,Kathal Oviyam,"Jensy, Ilaiyaraaja",Alaigal Oyvatillai,1981-01-01,50,277640,https://open.spotify.com/track/7hlCWblWSr3JTBCICTSG2s,love
3gx3UjoX7iBUl3G49AwI6u,Thooliyile Ada Vantha - Male Version,Mano,Chinna Thambi (Original Motion Picture Soundtrack),1991-04-21,11,281914,https://open.spotify.com/track/3gx3UjoX7iBUl3G49AwI6u,love
6B8UmdUMhZyyAJKTYibavN,Aattama Therottama,Swarnalatha,Captain Prabhakaran (Original Motion Picture Soundtrack),1991-04-14,62,314514,https://open.spotify.com/track/6B8UmdUMhZyyAJKTYibavN,love
18NWfZfWt7LG1mLzoXe849,Kanne Kalaimaane,K. J. Yesudas,Moondram Pirai (Original Motion Picture Soundtrack),1982,13,244906,https://open.spotify.com/track/18NWfZfWt7LG1mLzoXe849,love
4LSvEyv1uzh8i80fTeJ4GB,Inji Idupazhagi,"Kamal Haasan, S. Janaki",Devar Magan,1992,0,209031,https://open.spotify.com/track/4LSvEyv1uzh8i80fTeJ4GB,love
1emHMHsFrLEAJ70yX5sy86,Aasaiye Kaathule,S. P. Sailaja,Jhonny,1980,0,280117,https://open.spotify.com/track/1emHMHsFrLEAJ70yX5sy86,love
2GowT296r2nm4NxHBHAyWT,Kuzhaloodhum Kannanukku,K. S. Chithra,Mella Thirandhadhu Kadhavu (Original Motion Picture Soundtrack),1986-01-01,51,277840,https://open.spotify.com/track/2GowT296r2nm4NxHBHAyWT,love
3bEjPeHMjDdpqAhi0KVl4x,Oliyile Therivadhu,"Bhavatharini, Karthik",Azhagi (Original Motion Picture Soundtrack),2001,56,303853,https://open.spotify.com/track/3bEjPeHMjDdpqAhi0KVl4x,love
2fYA7hgnj5IAgx7c6Rhn33,Oorai Therinchikitten,K. J. Yesudas,Padikkathavan (Original Motion Picture Soundtrack),1985,16,248607,https://open.spotify.com/track/2fYA7hgnj5IAgx7c6Rhn33,love
6eE9euoz9B0jF4XHqL9Gx8,Mannil Indha,S. P. Balasubrahmanyam,Keladi Kannmanii (Original Motion Picture Soundtrack),2021-08-12,13,252813,https://open.spotify.com/track/6eE9euoz9B0jF4XHqL9Gx8,love
3R5JHtwQX5DMVM4o0pbroU,Poongatru Thirumbuma,"Malaysia Vasudevan, S. Janaki",Muthal Mariyathai (Original Motion Picture Soundtrack),1985,11,261851,https://open.spotify.com/track/3R5JHtwQX5DMVM4o0pbroU,love
0f6cGe7JVOKXfTUZCvj43L,Saayndhu Saayndhu,"Ilaiyaraaja, Yuvan Shankar Raja, Ramya NSK",Neethaane En Ponvasantham (Original Motion Picture Soundtrack),2012-09-01,51,367746,https://open.spotify.com/track/0f6cGe7JVOKXfTUZCvj43L,love
7nt3fQGEDgk3kHwyvqkStF,Aasai Nooruvagai,Malaysia Vasudevan,Adutha Varisu (Original Motion Picture Soundtrack),1983,51,270600,https://open.spotify.com/track/7nt3fQGEDgk3kHwyvqkStF,love
2gjyrtgNkPtlhO3WmyRoyo,Raasave Unna Nambi,S. Janaki,Muthal Mariyathai (Original Motion Picture Soundtrack),1985,10,272248,https://open.spotify.com/track/2gjyrtgNkPtlhO3WmyRoyo,love
5JLkSyqJTKKuuyeT3kBKIb,Kuyil Paattu (Happy),Swarnalatha,En Rasavin Manasile (Original Motion Picture Soundtrack),1991,11,294164,https://open.spotify.com/track/5JLkSyqJTKKuuyeT3kBKIb,love
08TxqM4mxNJ9s72QMjieqW,Kannan Oru,"P. Susheela, K. J. Yesudas",Bhadrakali (Original Motion Picture Soundtrack),1976-10-12,27,283240,https://open.spotify.com/track/08TxqM4mxNJ9s72QMjieqW,love
1dckrQHKxqwZRo4gMlH3j0,Viziyil Vizhundu,"Sasi Rekha, Ilaiyaraaja",Alaigal Oyvatillai,1981-01-01,46,241373,https://open.spotify.com/track/1dckrQHKxqwZRo4gMlH3j0,love
2l6EMBHsl26cnhWlsGSdeK,Dhevadhai Pol,"Deepan Chakravarthy, Mano, Malaysia Vasudevan, S. N. Surendar",Gopura Vasalile (Original Motion Picture Soundtrack),1991-03-22,48,305371,https://open.spotify.com/track/2l6EMBHsl26cnhWlsGSdeK,love
5fBqAKCOg562VCO65kPwZg,Raja Kaiya Vachchaa,Kamal Haasan,Apoorva Sagodharargal (Original Motion Picture Soundtrack),1989-04-14,46,370803,https://open.spotify.com/track/5fBqAKCOg562VCO65kPwZg,love
4GieeqxAyuXrzLM8ugxyBF,Deepangal Pesum,"Sandhya, S.P. Charan",Devadai,1997-06-26,48,301440,https://open.spotify.com/track/4GieeqxAyuXrzLM8ugxyBF,love
0Rx44khCijmY8IIbqp3G8Q,"Netru Indha Neram - From ""Tick Tick Tick""",Latha Rajinikanth,Evergreen Tamil Hits,2014-01-01,44,259426,https://open.spotify.com/track/0Rx44khCijmY8IIbqp3G8Q,love
7CzoCy9ciyvncOyFr8IRXp,Andhi Mazhai Megam,"T. L. Maharajan, P. Susheela",Nayagan (Original Motion Picture Soundtrack),1987-10-21,46,286085,https://open.spotify.com/track/7CzoCy9ciyvncOyFr8IRXp,love
1VByxvbhbAwdQ2kDienqyo,Poojaiketha Poovithu,"Gangai Amaran, K. S. Chithra",Neethana Antha Kuyil (Original Motion Picture Soundtrack),1984-12-21,0,267093,https://open.spotify.com/track/1VByxvbhbAwdQ2kDienqyo,love
5QFxNEwwavWuRNratP6AKJ,Raasathi Manasule,"P. Susheela, Mano",Rasave Unnai Nambi (Original Motion Picture Soundtrack),1984-12-30,47,313026,https://open.spotify.com/track/5QFxNEwwavWuRNratP6AKJ,love
4sufPebgQXDYzA4cTkShU0,Paadariyen,K. S. Chithra,Sindhu Bhairavi (Original Motion Picture Soundtrack),1985,2,283986,https://open.spotify.com/track/4sufPebgQXDYzA4cTkShU0,love
3JZHamo38Iv0SnqJ7e5KBQ,Shenbagame Shenbagame - Duet Version,"Mano, Ilaiyaraaja",Enga Ooru Pattukaran (Original Motion Picture Soundtrack),1987,0,277890,https://open.spotify.com/track/3JZHamo38Iv0SnqJ7e5KBQ,love
6cWPp0BmLd2kkr2Hs6R6Lr,En Vaanilay,Jency,Jhonny - Azhage Unnai Aarathikkiren - Tharayil Vaazhum,1997-01-01,54,287954,https://open.spotify.com/track/6cWPp0BmLd2kkr2Hs6R6Lr,love
60KEo5bGi7zORtHGttMgBb,Nirpathuve Nadapadhu,Harish Raghavendra,Bharathi (Original Motion Picture Soundtrack),2000-12-31,29,278257,https://open.spotify.com/track/60KEo5bGi7zORtHGttMgBb,love
3rZ6I7nh5CFQARgiFm7t2W,Ettanaa,Vadivelu,Ellame En Rasathan (Original Motion Picture Soundtrack),1995-12-01,28,290986,https://open.spotify.com/track/3rZ6I7nh5CFQARgiFm7t2W,love
2yPfge27mYHBn0LLgfMBvQ,Enna Solli,"Hariharan, Sadhana Sargam",En Mana Vaanill (Original Motion Picture Soundtrack),2002-05-20,41,295200,https://open.spotify.com/track/2yPfge27mYHBn0LLgfMBvQ,love
2gd9VDfthon1cPj4OPivQk,Siva Rathiri,"K. S. Chithra, Mano",Michael Madana Kama Rajan (Original Motion Picture Soundtrack),1991,7,310360,https://open.spotify.com/track/2gd9VDfthon1cPj4OPivQk,love
2Jpcw27iidi6C9cO4sYNvw,Paarijatha Poove,"SNSurendar, K. S. Chithra",En Rasavin Manasile (Original Motion Picture Soundtrack),1991,5,300460,https://open.spotify.com/track/2Jpcw27iidi6C9cO4sYNvw,love
1sltnqtXHIFNCexkoZQMQI,Naan Sirithal Deepavali,"Jamuna Rani, M. S. Rajeswari",Nayagan (Original Motion Picture Soundtrack),1987-10-21,46,286619,https://open.spotify.com/track/1sltnqtXHIFNCexkoZQMQI,love
32gt342ePV5KMa9K98Y7cz,"En Veetu Jannal (From ""Raman Abdullah"")","Bhavatharini, Arunmozhi",Singers Special - Bhavatharini,2013-07-12,48,302889,https://open.spotify.com/track/32gt342ePV5KMa9K98Y7cz,love
4g0iB7RLC5nmFWKYv2zYQK,"Aayiram Malargale (From ""Niram Maratha Pookkal"")","Jency Anthony, S. P. Sailaja, Malaysia Vasudevan",Maestro Ilaiyaraaja,2018-04-26,31,322826,https://open.spotify.com/track/4g0iB7RLC5nmFWKYv2zYQK,love
4b5m9ozBsFjIhDbg0IRpbL,Thenpandi Cheemayile,"Ilaiyaraaja, Kamal Haasan",Nayagan (Original Motion Picture Soundtrack),1987-10-21,54,272639,https://open.spotify.com/track/4b5m9ozBsFjIhDbg0IRpbL,love
4qDJUuQD7q2IebgEMw1Aqo,Malai Kovil Vaasalil,"Ilaiyaraaja, Mano, Swarnalatha, Vaali",Veera (Original Motion Picture Soundtrack),1994-04-14,36,382667,https://open.spotify.com/track/4qDJUuQD7q2IebgEMw1Aqo,love
3hDr0KzuwkMJMJfGNCNgIu,"Senthazhampoovil (From ""Mullum Malarum"")",K. J. Yesudas,Maestro Ilaiyaraaja,2018-04-26,38,275573,https://open.spotify.com/track/3hDr0KzuwkMJMJfGNCNgIu,love
6qkdPPgeGM1EXMc5Nkp36O,Poongaatru Puthithaanathu,K. J. Yesudas,Moondram Pirai (Original Motion Picture Soundtrack),1982,10,254520,https://open.spotify.com/track/6qkdPPgeGM1EXMc5Nkp36O,love
6WuLJ6oB424ykUk0qSgkYS,Chinnamani Kuyile,"Ilaiyaraaja, S. P. Balasubrahmanyam",Amman Kovil Kizhakale (Original Motion Picture Soundtrack),1986,49,262707,https://open.spotify.com/track/6WuLJ6oB424ykUk0qSgkYS,love
4UBJXetaoB06Crk0kENmxP,Ooruvittu Ooruvandhu,"Ilaiyaraaja, Malaysia Vasudevan, Gangai Amaran",Karakattakkaran (Original Motion Picture Soundtrack),1989,51,273773,https://open.spotify.com/track/4UBJXetaoB06Crk0kENmxP,love
4HLU9eCUJJfXRzX0e67eNN,Nilavu Thoongum Neram - Duet,"Ilaiyaraaja, S. P. Balasubrahmanyam, S. Janaki",Kunguma Chimizh (Original Motion Picture Soundtrack),1985-01-01,52,273866,https://open.spotify.com/track/4HLU9eCUJJfXRzX0e67eNN,love
2HXa2GElUzNakHySx8BUQ4,"Rakkamma (From ""Thalapathi"")","S. P. Balasubrahmanyam, Swarnalatha",S.P. Balasubrahmanyam All Time Hits,2021-06-03,25,428280,https://open.spotify.com/track/2HXa2GElUzNakHySx8BUQ4,love
5ny5kJpw1FLIDGMkUVuD5P,"Dhinam Dhinamum (From ""Viduthalai 2"")","Ilaiyaraaja, Ananya Bhat","Dhinam Dhinamum (From ""Viduthalai 2"")",2024-11-17,50,344000,https://open.spotify.com/track/5ny5kJpw1FLIDGMkUVuD5P,love
4Up52aK3teyLA0FHa9qaBt,Ninaivo Oru,"S. Janaki, Kamal Haasan",Hits Of Ilaiyaraaja Vol. 1,1996-01-01,53,284740,https://open.spotify.com/track/4Up52aK3teyLA0FHa9qaBt,love
3NLkuT02jlfGL1YF51njSO,Moment in Time,The Gothard Sisters,Moment in Time,2025-10-17,34,208560,https://open.spotify.com/track/3NLkuT02jlfGL1YF51njSO,love
7urah4CnaFFaaRvOY4C3SI,The Wild Rover,The High Kings,The High Kings,2010-06-11,41,248040,https://open.spotify.com/track/7urah4CnaFFaaRvOY4C3SI,love
1yfQcZvnS3KBesBOlBfMKn,Adventurer,The Gothard Sisters,Moment in Time,2025-10-17,41,193986,https://open.spotify.com/track/1yfQcZvnS3KBesBOlBfMKn,love
6kasGUkeJa8Azyvl2zW9Ur,Tir N'aill,SYR,Tir N'aill,2021-08-14,35,288333,https://open.spotify.com/track/6kasGUkeJa8Azyvl2zW9Ur,love
0gdPTxH2t7H0jGH03Uuzuf,The Moul Head,Gnoss,Brother Wind,2019-03-04,35,201598,https://open.spotify.com/track/0gdPTxH2t7H0jGH03Uuzuf,love
1H3EZzw3KMIGECbbjlhVi4,The Ashplant,Fabian Zechmeister,Backyard Sessions,2025-02-28,37,86627,https://open.spotify.com/track/1H3EZzw3KMIGECbbjlhVi4,love
6qpYhsMKQQ0XXSr5r7Eooe,Into the Mystery,The Gothard Sisters,Moment in Time,2025-10-17,34,229533,https://open.spotify.com/track/6qpYhsMKQQ0XXSr5r7Eooe,love
7gmdmgNQCDHemX5cdECqvw,Anne Lacey's,Heron Valley,Oak Mountain,2024-08-09,33,277050,https://open.spotify.com/track/7gmdmgNQCDHemX5cdECqvw,love
4PqHWRjxfz9HuJie4D9vOy,The Jura Wedding Reels,Capercaillie,At the Heart of It All,2013-08-12,43,225760,https://open.spotify.com/track/4PqHWRjxfz9HuJie4D9vOy,love
44qewPGPncXvNBEv3ScHRC,Storyteller,The Gothard Sisters,Moment in Time,2025-10-17,37,228653,https://open.spotify.com/track/44qewPGPncXvNBEv3ScHRC,love
09W7kG90kDwU8i4f8lYGOM,Are Ye Sleepin' Maggie?,Dougie MacLean,Tribute,1995-12-01,31,197279,https://open.spotify.com/track/09W7kG90kDwU8i4f8lYGOM,love
3bNIqRxtGLkQN57y0Ra7OL,Chanter’s Tune,Cullen Vance,Faol,2024-03-15,31,167022,https://open.spotify.com/track/3bNIqRxtGLkQN57y0Ra7OL,love
65F5lXd8s2TQCEuLJTd5F5,Bunch of Keys - Traditional,"Traditional, Eileen Ivers, Stacy Phillips, John Doyle, Phil Bowler",Crossing the Bridge,1999-01-21,28,271400,https://open.spotify.com/track/65F5lXd8s2TQCEuLJTd5F5,love
5rSpmK7wE3lynoWxKN9l2N,Lavender Moon,The Gothard Sisters,Moment in Time,2025-10-17,34,242240,https://open.spotify.com/track/5rSpmK7wE3lynoWxKN9l2N,love
0zJBYsYOcOocBlWSvSSlLW,Swallowed By A Whale,Enter The Haggis,Swallowed By A Whale,2023-02-21,39,267938,https://open.spotify.com/track/0zJBYsYOcOocBlWSvSSlLW,love
4MkyHE7tS16x7elhw3X5ja,The Battle of Beruna,"Damien O'Kane, Ron Block",BANJOVIAL,2025-10-03,27,202866,https://open.spotify.com/track/4MkyHE7tS16x7elhw3X5ja,love
1Zl7TGD0PUN6QakUri3Ysr,Fingal's Cave,Mànran,Mànran,2011-07-05,34,180466,https://open.spotify.com/track/1Zl7TGD0PUN6QakUri3Ysr,love
7wWlbTSvNQK1Kx7rsBMsNZ,Wildflower Jigs,The Gothard Sisters,Dragonfly,2021-06-04,41,243386,https://open.spotify.com/track/7wWlbTSvNQK1Kx7rsBMsNZ,love
0wWZloIlzaKnrCXo1J2kQl,1984,Project Smok,1984,2023-12-15,35,208520,https://open.spotify.com/track/0wWZloIlzaKnrCXo1J2kQl,love
19kUX2ofdbBd1AVmYVt7Zx,Fidléir Ghleann Fhinne / Masúrca Ghleann Fhinne / Fáilte an Fhile,"Julie Fowlis, Éamon Doorley, Zoë Conway and John Mc Intyre","Allt, Vol. 2: Cuimhne",2024-12-06,25,372771,https://open.spotify.com/track/19kUX2ofdbBd1AVmYVt7Zx,love
7wiFInVcv07T9MJOE3FjGR,Follow the Wind,The Gothard Sisters,Moment in Time,2025-10-17,37,218093,https://open.spotify.com/track/7wiFInVcv07T9MJOE3FjGR,love
47EANq2oLzxkjmiPlUHciM,The Exile Jig / Reel of Mullinavat,Doolin',Exile,2011-07-10,32,160053,https://open.spotify.com/track/47EANq2oLzxkjmiPlUHciM,love
4rmc567mvvNbbSJLuiUHaF,Spoil the Dance,Lúnasa,Redwood,2006-03-16,34,278053,https://open.spotify.com/track/4rmc567mvvNbbSJLuiUHaF,love
0U3ngDuOm91ETuDMdx9bth,Pèidse Fir Ròdhaig,Sian,araon,2025-08-01,33,221094,https://open.spotify.com/track/0U3ngDuOm91ETuDMdx9bth,love
1UDAb69AOdC9vBFOCHtNXX,Hjop,Gnoss,Hjop,2025-05-09,38,240186,https://open.spotify.com/track/1UDAb69AOdC9vBFOCHtNXX,love
4qa5MqQLBf51QuMHG9xx5w,"Randolph's Leap -, Pt. 2",Calum Stewart,Tales from the North,2017-10-17,34,202160,https://open.spotify.com/track/4qa5MqQLBf51QuMHG9xx5w,love
7DM5XueYMwaaBmv2DuBnRF,New Horizons,The Gothard Sisters,Moment in Time,2025-10-17,37,186973,https://open.spotify.com/track/7DM5XueYMwaaBmv2DuBnRF,love
4Pa6dWhp0cNDKKxu56CLF2,The Salley Garden Set,Cassie and Maggie,The Willow Collection,2016-11-04,31,296560,https://open.spotify.com/track/4Pa6dWhp0cNDKKxu56CLF2,love
4mJ0G4HhVuF7y1GMNl5hJj,Solid Ground,The Paul McKenna Band,Solid Ground,2024-01-26,23,222162,https://open.spotify.com/track/4mJ0G4HhVuF7y1GMNl5hJj,love
1lOLjPOT04FDYKuEnpTsAt,A’ Mhisg a Chuir an Nollaig Oirnn / Calum Crùbach / Muileann Dùbh / Jock Broon's 70th,Dréos,Cascade Mountain Aire,2023-09-01,22,379983,https://open.spotify.com/track/1lOLjPOT04FDYKuEnpTsAt,love
4HFMYixVp6HEJhl09QrTao,Còta Mòr,Dàimh,Còta Mòr,2025-05-02,24,201238,https://open.spotify.com/track/4HFMYixVp6HEJhl09QrTao,love
14IjQdlnu6nADtGJyhdu3L,See You Down the Road,The Gothard Sisters,Moment in Time,2025-10-17,31,241706,https://open.spotify.com/track/14IjQdlnu6nADtGJyhdu3L,love
0DFPHfhs5AEE64yAEiAGkv,Inch,The Byrne Brothers,Inch,2025-09-12,30,266190,https://open.spotify.com/track/0DFPHfhs5AEE64yAEiAGkv,love
7BmvNhmZeyPpJuFzwCXyZ7,Mist over Skye,Aaron Dolan,Mist over Skye,2025-07-04,24,311996,https://open.spotify.com/track/7BmvNhmZeyPpJuFzwCXyZ7,love
0x4v37bV0N6ylOWKzi6NwD,Keefa Hill,Gnoss,Keefa Hill,2023-04-21,27,207306,https://open.spotify.com/track/0x4v37bV0N6ylOWKzi6NwD,love
6o8MZgTeTwRzEly20rgvET,The Buzzards Of Bourbon Street - Medley,Gaelic Storm,Cabbage,2010-08-03,0,213306,https://open.spotify.com/track/6o8MZgTeTwRzEly20rgvET,love
2oK1gbDVVyikBRrslX6xbb,Paddy's Green Shamrock Shore,Alex Beaton,Halfway Home,1992-11-11,19,193746,https://open.spotify.com/track/2oK1gbDVVyikBRrslX6xbb,love
237cC7Nrcs6DiT7MACH5Xh,Blood of my Blood - For My Love That's Lost (feat. Julie Fowlis),"Bear McCreary, Julie Fowlis",Outlander: Blood of my Blood (Season 1 Original Series Soundtrack),2025-08-08,47,93913,https://open.spotify.com/track/237cC7Nrcs6DiT7MACH5Xh,love
03essrzKkmtLNfEZIlulNV,Jig for Sham / The Dawn Wall / Johnny D's / Timewaver,Flook,Sanju,2025-03-21,27,378203,https://open.spotify.com/track/03essrzKkmtLNfEZIlulNV,love
1vpAXJ9jovEJoiRzDHn7pJ,"Highland Lassie, Pt. 2: Nigel Richard Of Pathhead / Lupin Drive",Old Blind Dogs,Knucklehead Circus,2021-11-19,24,197773,https://open.spotify.com/track/1vpAXJ9jovEJoiRzDHn7pJ,love
2p2Kw2b5IrCThl5GkAuSbF,Fear Nach Ainmich Mi,Sian,araon,2025-08-01,23,203415,https://open.spotify.com/track/2p2Kw2b5IrCThl5GkAuSbF,love
7KdJcsfK03IjPR7bHJlX3d,Jigs: Calico Hills / The Bride's Veil / Sparrow Hawk / The Freshet,Tiller's Folly,A Ripple In Time,2002-03-15,26,231080,https://open.spotify.com/track/7KdJcsfK03IjPR7bHJlX3d,love
4pAlV7WyykBhnBFClu4QjT,Men of the North,Scythian,Roots and Stones,2022-05-09,22,273680,https://open.spotify.com/track/4pAlV7WyykBhnBFClu4QjT,love
42G5aDNOHGknMjYYxZHgN9,The Butterfly,Faun,Eden,2011-06-24,1,93653,https://open.spotify.com/track/42G5aDNOHGknMjYYxZHgN9,love
4E0ybyM4Iqnvgr66ikj77i,Two Metre Gossip / The Icy Skid,"Damien O'Kane, Ron Block",BANJOVIAL,2025-10-03,24,327386,https://open.spotify.com/track/4E0ybyM4Iqnvgr66ikj77i,love
7vozlwkRsecJ4NErxaVzAB,Dragonfly,The Gothard Sisters,Dragonfly,2021-06-04,37,198613,https://open.spotify.com/track/7vozlwkRsecJ4NErxaVzAB,love
5AuAvwXReq9QfxFOy8v7pY,Elsie Anne’s,Trail West,Thirsty Work,2024-08-09,22,185384,https://open.spotify.com/track/5AuAvwXReq9QfxFOy8v7pY,love
1ueKv7ziExogGPOV8VkoeU,Lass amongst the Achtenoch /C'uin a thig thu ars am bodach / The Sisters,MUJI BGM,BGM29 Scotland,2025-05-26,21,222613,https://open.spotify.com/track/1ueKv7ziExogGPOV8VkoeU,love
1nhHxfP1oOFi3W8KsuneUl,Healer,The Gothard Sisters,Moment in Time,2025-10-17,39,227840,https://open.spotify.com/track/1nhHxfP1oOFi3W8KsuneUl,love
5wUoNt7GJiK9OSdPOAWOYQ,Mire,Mànran,To The Wind,2025-08-01,26,176440,https://open.spotify.com/track/5wUoNt7GJiK9OSdPOAWOYQ,love
6WQHoeOZDTbI2jJPO6OML2,Azizam Amini,Socks in the Frying Pan,Waiting for Inspiration,2024-11-15,20,207680,https://open.spotify.com/track/6WQHoeOZDTbI2jJPO6OML2,love
2ZZkm0alChPiGRTYuDjiyY,Salthill,Project Smok,The Outset,2024-01-19,32,225320,https://open.spotify.com/track/2ZZkm0alChPiGRTYuDjiyY,love
7DOQHJW8EgjIOxAAljzLgK,Hurricane Ridge,The Gothard Sisters,Dragonfly,2021-06-04,37,211026,https://open.spotify.com/track/7DOQHJW8EgjIOxAAljzLgK,love
0F6z5nfsb6GW2apNrXz7qV,Seo a' Bhliadhna,Sian,araon,2025-08-01,26,224275,https://open.spotify.com/track/0F6z5nfsb6GW2apNrXz7qV,love
6CgX1UXf07lpFflnfs9mOE,Fionnghuala,Seo Linn,Anuas,2023-02-24,22,222413,https://open.spotify.com/track/6CgX1UXf07lpFflnfs9mOE,love
0MPbADJAGHCaqJljdc2DHx,Rust From The Storm,"Solar Grove, Tom Keenan, Robbie Walsh, Trevor Hutchinson",Rust From The Storm,2024-02-11,19,321156,https://open.spotify.com/track/0MPbADJAGHCaqJljdc2DHx,love
2I9sLM9niahJke7AOZTzHf,Kelly Man Reels,Runa,Ten: The Errant Night,2019-03-16,25,261303,https://open.spotify.com/track/2I9sLM9niahJke7AOZTzHf,love
1cz5009cKNWG3L91Qf1Gwt,Alaska Set,The Gothard Sisters,Dragonfly,2021-06-04,39,217680,https://open.spotify.com/track/1cz5009cKNWG3L91Qf1Gwt,love
1HHDTZWbguSfNEGE0H2zsS,Schooner Lane,Beòlach,All Hands,2020-02-07,0,230600,https://open.spotify.com/track/1HHDTZWbguSfNEGE0H2zsS,love
2RiCXXVu955RbU1FOQSdYn,Mackerel Sky,Eileen Ivers,Beyond the Bog Road,2014-11-11,23,318360,https://open.spotify.com/track/2RiCXXVu955RbU1FOQSdYn,love
07rGR4izbWQ2Znvg9KQyp5,Mouras - Studio Version,Gaêlica,Origins,2024-03-01,20,187977,https://open.spotify.com/track/07rGR4izbWQ2Znvg9KQyp5,love
72dYJAY1ICNFfmXaYcECOU,Woman of No Place,"Damien O'Kane, Ron Block",Banjophonics,2022-07-01,15,197653,https://open.spotify.com/track/72dYJAY1ICNFfmXaYcECOU,love
3ymlbp4lyaU7ApViwEcQqw,Deireadh Fomhair,Stephen Wake,Just Dadgad,2021-04-23,12,223092,https://open.spotify.com/track/3ymlbp4lyaU7ApViwEcQqw,love
70yrgjn7B34Agz2SFh0jbk,Speybay Switch,Mànran,Mànran,2011-07-05,23,356453,https://open.spotify.com/track/70yrgjn7B34Agz2SFh0jbk,love
1XEvxPW3DyOfHa8sx2htYG,The League Reel / Peter Horan's / The Flannel Jacket,Téada,Lá an Dreoilín,2004,26,224866,https://open.spotify.com/track/1XEvxPW3DyOfHa8sx2htYG,love
1fydFXFFVLwbCfEjEoNUEm,Stroma,Gnoss,Stretching Skyward,2023-04-21,33,201306,https://open.spotify.com/track/1fydFXFFVLwbCfEjEoNUEm,love
22wkM8XzPT6mQoxaASs2Kf,Happy Little Phoebe / Manny Mountain,"Damien O'Kane, Ron Block",Banjophonics,2022-07-01,15,286533,https://open.spotify.com/track/22wkM8XzPT6mQoxaASs2Kf,love
61FWt5xzUE3tpaRh5ikmIB,Wild Rovin' No More,Ben-David Warner,Red Rockin' Chair,2015-07-28,18,175933,https://open.spotify.com/track/61FWt5xzUE3tpaRh5ikmIB,love
32GLPPE5MVMrufK7N8dxMh,To the Quick,Enter The Haggis,Casualties of Retail,2005-10-25,31,203626,https://open.spotify.com/track/32GLPPE5MVMrufK7N8dxMh,love
4uLiwiPZVxPAYKf2ASgqnP,Dóchas,"Aaron Dolan, Florian Bur",Dóchas,2024-06-21,30,150979,https://open.spotify.com/track/4uLiwiPZVxPAYKf2ASgqnP,love
4KpNJt4EjO749he8sYDHyF,A minor emergency,Rura,Dusk Moon,2023-03-17,29,249534,https://open.spotify.com/track/4KpNJt4EjO749he8sYDHyF,love
0xGv5oGQhbFpmVKRdya6Fl,Meet Me at Dawn,The Gothard Sisters,Dragonfly,2021-06-04,36,236453,https://open.spotify.com/track/0xGv5oGQhbFpmVKRdya6Fl,love
1uNYN4SSF15phzJgXgI1tG,Mouse in the Kitchen,Cullen Vance,Faol,2024-03-15,33,129203,https://open.spotify.com/track/1uNYN4SSF15phzJgXgI1tG,love
5CLUgmwdCyveF3xOK1DypI,Morrison's Jig,Orthodox Celts,Many Mouths Shut,2017-01-13,39,77175,https://open.spotify.com/track/5CLUgmwdCyveF3xOK1DypI,love
2e5BJRWeOzAY92liyQEtdA,Crossroads,Eileen Ivers,Beyond the Bog Road,2014-11-11,23,198000,https://open.spotify.com/track/2e5BJRWeOzAY92liyQEtdA,love
2fb57qe0NB0bXCphglyuzp,Winterberry Set,The Gothard Sisters,A Celtic Christmas,2023-11-10,36,206893,https://open.spotify.com/track/2fb57qe0NB0bXCphglyuzp,love
4XnvpXaxzycQEpVzm3z8BN,The Night Fox,"Aaron Dolan, Fabian Zechmeister",The Night Fox,2024-02-16,35,172250,https://open.spotify.com/track/4XnvpXaxzycQEpVzm3z8BN,love
6TYekUSKH0TOgpIvKwFecq,The Hunting Ground,Carbon Leaf,The Hunting Ground,2021-09-24,22,294253,https://open.spotify.com/track/6TYekUSKH0TOgpIvKwFecq,love
7rRp6x647acWQZn7WAiCxZ,Shadow and Sun,The Gothard Sisters,Dragonfly,2021-06-04,31,207120,https://open.spotify.com/track/7rRp6x647acWQZn7WAiCxZ,love
2UoCdUCs5q9AgIPiLHxUMJ,The Sunday Marathon,The Fire,Marigold,2021-01-01,17,243573,https://open.spotify.com/track/2UoCdUCs5q9AgIPiLHxUMJ,love
6JvB2zCQihiuxmM9J4G78J,The Gael Northwest,Dougie MacLean,Essential Too,2013-05-01,33,304439,https://open.spotify.com/track/6JvB2zCQihiuxmM9J4G78J,love
5IP8u40fgEayIZRbpJ5aBL,The Glad Eye / The Journeyman / The Wayward Son (Jigs to Reel),John Doyle,Wayward Son,2005-07-19,20,263120,https://open.spotify.com/track/5IP8u40fgEayIZRbpJ5aBL,love
4TSN6y5Xhj5jyoK4sJEH96,The Christmas Eve Reel,The Gothard Sisters,A Celtic Christmas,2023-11-10,29,226506,https://open.spotify.com/track/4TSN6y5Xhj5jyoK4sJEH96,love
2oneOoGkr1PN489R81i2Jo,The Boys of Doorin,The Byrne Brothers,The Boys of Doorin,2024-01-06,35,236106,https://open.spotify.com/track/2oneOoGkr1PN489R81i2Jo,love
0jLwNRfwWmr7VIu1oxqJvy,Pontoon,"Solar Grove, The Lightbox Project, Seán O'Meara",Pontoon,2024-11-15,15,316035,https://open.spotify.com/track/0jLwNRfwWmr7VIu1oxqJvy,love
3lOrFHvgLWcQj8VBA59DBk,Celtic Whisper,Logan Epic Canto,Celtic Whisper,2024-09-28,0,179478,https://open.spotify.com/track/3lOrFHvgLWcQj8VBA59DBk,love
4HXpRF1pNTtvobvXnMyVxZ,The Roses (jig),Urban Trad,Kerua,2003-01-01,15,165000,https://open.spotify.com/track/4HXpRF1pNTtvobvXnMyVxZ,love
57PFzwlE2rzq9Dqr4WUefK,Moving,"Rolf Løvland, Secret Garden",Dreamcatcher,2001,0,202693,https://open.spotify.com/track/57PFzwlE2rzq9Dqr4WUefK,love
15YdQhz6bZYbp2EkbXwsM7,Ausable,House of Hamill,Wildfire,2024-08-01,19,270693,https://open.spotify.com/track/15YdQhz6bZYbp2EkbXwsM7,love
4j61YDmm19xlVOTZLSPjw7,The Mermaid,The Paul McKenna Band,Stem The Tide,2011-03-01,22,245466,https://open.spotify.com/track/4j61YDmm19xlVOTZLSPjw7,love
1O3pO7D4OSK7iCRtA1AFAE,Happy Sad Empty Full,The Gothard Sisters,Dragonfly,2021-06-04,39,177146,https://open.spotify.com/track/1O3pO7D4OSK7iCRtA1AFAE,love
6valV2GH3vqPG7xH20DPnL,Red Haired Boy & High Reel,The O'Neill Brothers,Here Come the Irish,2003-08-15,0,140240,https://open.spotify.com/track/6valV2GH3vqPG7xH20DPnL,love
5ga8T4reKLW5Ih0qCqCMV6,"Go, Lovely Rose",Scythian,Jump at the Sun,2014-08-15,29,224826,https://open.spotify.com/track/5ga8T4reKLW5Ih0qCqCMV6,love
1fmcJL9Hr7OGDABZjDqMYK,Wise One,The Gothard Sisters,Dragonfly,2021-06-04,28,258519,https://open.spotify.com/track/1fmcJL9Hr7OGDABZjDqMYK,love
4MAG0fzdjg8HROJipQQwaB,Christine's,Gnoss,Christine's,2023-03-31,28,214240,https://open.spotify.com/track/4MAG0fzdjg8HROJipQQwaB,love
4nsgDZV5hQiKAgINeYsCKN,A Mháire Bhruinneall,Susan McKeown,Bushes & Briars,1998-02-03,26,125400,https://open.spotify.com/track/4nsgDZV5hQiKAgINeYsCKN,love
7tuWpaG0l3fUDQ7OwhBDBk,Karlsson / The Swedish Moose,Kasír,Reel Irish,2006,25,155986,https://open.spotify.com/track/7tuWpaG0l3fUDQ7OwhBDBk,love
6MQ7kPC3JDHNfvvePASIXr,Second Breakfast,The Gothard Sisters,Moment in Time,2025-10-17,39,204853,https://open.spotify.com/track/6MQ7kPC3JDHNfvvePASIXr,love
65OuM5LHGCElMUs4SBzDhF,Bog an Lochan,Brighde Chaimbeul,Bog an Lochan,2025-03-20,17,143423,https://open.spotify.com/track/65OuM5LHGCElMUs4SBzDhF,love
5mcB7a7ijE7wH59vK7USsM,Ida's Jig,Dàimh,Diversions,2010-05-01,37,222866,https://open.spotify.com/track/5mcB7a7ijE7wH59vK7USsM,love
0nXmO4CN7fA8ojTTiOXBUE,"Yellowstone, MT",Talisk,"Yellowstone, MT",2025-06-06,33,304693,https://open.spotify.com/track/0nXmO4CN7fA8ojTTiOXBUE,love
0zQubf1LADN6TcLxunh58v,Intro,The Fitzgeralds,From the Stage,2024-12-06,16,290573,https://open.spotify.com/track/0zQubf1LADN6TcLxunh58v,love
2jvIwKekahQwaBSBcUFzZF,Golden Secrets,The Gothard Sisters,Moment in Time,2025-10-17,28,220880,https://open.spotify.com/track/2jvIwKekahQwaBSBcUFzZF,love
3zWRCVdHTlPBfT6UEZ9fEF,The Buzzard,Old Blind Dogs,Tall Tails,1994-01-01,23,230293,https://open.spotify.com/track/3zWRCVdHTlPBfT6UEZ9fEF,love
12nuVLK8mtyUrw4ggh0fZ8,The Prodigal Son,The Fire,Radiance,2018-08-14,17,248320,https://open.spotify.com/track/12nuVLK8mtyUrw4ggh0fZ8,love
36Q1aMqb5DQwqahir6fh5e,Mairi's Wedding,Ganaim,Public House,2017-09-15,14,248413,https://open.spotify.com/track/36Q1aMqb5DQwqahir6fh5e,love
6TxdujUjzUj16nWPpCcTkt,The Bandit,The Gothard Sisters,Mountain Rose,2015-06-23,31,243026,https://open.spotify.com/track/6TxdujUjzUj16nWPpCcTkt,love
7DuIpqJWPFwxpP2CXbvZVP,Repeal the Union,Mec Lir,Livewire,2020-12-11,31,221009,https://open.spotify.com/track/7DuIpqJWPFwxpP2CXbvZVP,love
3Q3UHpvzkTyreNFlHQdtUI,Art (feat. Innes Watson),"Mike Vass, Innes Watson",Notes From The Boat,2018-07-27,33,198115,https://open.spotify.com/track/3Q3UHpvzkTyreNFlHQdtUI,love
6UWMM7k2Pd1TCQIO6wMow0,Renaissance,The Gothard Sisters,Moment in Time,2025-10-17,29,213253,https://open.spotify.com/track/6UWMM7k2Pd1TCQIO6wMow0,love
4Puu7npm92KkzXEeFpPOIz,Johnny's Peacock/The Red-Tailed Hawk,"The Foreign Landers, John Doyle, Brian Finnegan, Cathal Murphy",Travelers Rest,2022-11-12,23,211920,https://open.spotify.com/track/4Puu7npm92KkzXEeFpPOIz,love
7GLhUOUKU9rR5xh1E5PlWW,Galway City,"Scythian, Shane Hayes",Galway City,2020-10-13,17,211533,https://open.spotify.com/track/7GLhUOUKU9rR5xh1E5PlWW,love
6cdQf5i7OgISvfVTG3upN1,Chilling on a Sunday,Kasír,Chilling on a Sunday,2010,25,282320,https://open.spotify.com/track/6cdQf5i7OgISvfVTG3upN1,love
6aImXheJEu7mJm9c6SpUou,Chasing the Sun,The Gothard Sisters,Dragonfly,2021-06-04,37,213173,https://open.spotify.com/track/6aImXheJEu7mJm9c6SpUou,love
0olumjDOSzWJE8ejhrZrwa,Cathcart,Project Smok,The Outset,2024-01-19,28,179893,https://open.spotify.com/track/0olumjDOSzWJE8ejhrZrwa,love
2Q5nf0epjzTZz5e6vqr3TU,Toria's 50th,KINNARIS Q,Free One,2018-09-20,30,191426,https://open.spotify.com/track/2Q5nf0epjzTZz5e6vqr3TU,love
4pM1R3dd8G9lzB9PKYvPeS,"Alba, see you soon","Damien O'Kane, Ron Block",BANJOVIAL,2025-10-03,16,275466,https://open.spotify.com/track/4pM1R3dd8G9lzB9PKYvPeS,love
6HZBLw5O3bowdv1JpNNDRw,Inion Ni Scannlain,Lúnasa,The Merry Sisters of Fate,2006-03-16,30,167453,https://open.spotify.com/track/6HZBLw5O3bowdv1JpNNDRw,love
3Fw6PZwXIDC9XCWQ3bqDOY,The Angel's Share,"Calum Stewart, Lauren MacColl",Tales from the North,2017-10-17,29,229973,https://open.spotify.com/track/3Fw6PZwXIDC9XCWQ3bqDOY,love
25y2cUkYCXvHx4nHJO8iZc,Oh Danny Boy (Londonderry Air),Fabian Zechmeister,Backyard Sessions,2025-02-28,15,233200,https://open.spotify.com/track/25y2cUkYCXvHx4nHJO8iZc,love
1UgtNfZCpLe4j5GpnGcTNE,The Expensive Sneeze,Ciorras,Silver Lining,2010-11-18,26,224586,https://open.spotify.com/track/1UgtNfZCpLe4j5GpnGcTNE,love
2mbxjbXRmcBO1x6WBHF7B9,Grace O'malley,The Gothard Sisters,Mountain Rose,2015-06-23,23,219786,https://open.spotify.com/track/2mbxjbXRmcBO1x6WBHF7B9,love
5KXr6Rz54niT8UoocRrVgB,The Ginger Grouse Jigs - Live in Inverness,Skerryvore,Live Across Scotland,2020-07-10,0,315000,https://open.spotify.com/track/5KXr6Rz54niT8UoocRrVgB,love
24a5c892c12J4P1Wc9jWis,Perth Hills,Kyle Waymouth,Perth Hills,2020-11-13,0,199318,https://open.spotify.com/track/24a5c892c12J4P1Wc9jWis,love
035YozbMuK6On5o4zGGCDj,Again For Greenland,The Paul McKenna Band,Stem The Tide,2011-03-01,22,257946,https://open.spotify.com/track/035YozbMuK6On5o4zGGCDj,love
3TpXse9lC6iCB1P7j1SL1s,Gordon's,Gnoss,The Light of the Moon,2021-05-07,35,198752,https://open.spotify.com/track/3TpXse9lC6iCB1P7j1SL1s,love
5F9W9AfWj2deViQVAAaFdU,The Elegant Man,Dàimh,The Elegant Man,2025-02-21,17,212683,https://open.spotify.com/track/5F9W9AfWj2deViQVAAaFdU,love
5fJuPmKVi4zIpGNbn7YWMY,"Rose, Marie and Heather",The Gothard Sisters,Midnight Sun,2018-05-04,23,210840,https://open.spotify.com/track/5fJuPmKVi4zIpGNbn7YWMY,love
0BipvkkDjm4Xt2rVynm9vV,Down the North,"Elizabeth Davidson-Blythe, Daniel Quayle, Tomás Callister",The Coast Road,2022-09-30,18,264160,https://open.spotify.com/track/0BipvkkDjm4Xt2rVynm9vV,love
4G0O3U8UY0SXzFLZoSeqEA,Run Old River Run,"Dougie MacLean, Jamie MacLean",GNA,2023-11-06,14,296661,https://open.spotify.com/track/4G0O3U8UY0SXzFLZoSeqEA,love
0vLjFNuX3jDA57hyQwYmLz,Highland Laddie,Kinnfolk,Star Above the Mountain,2025-02-28,15,227493,https://open.spotify.com/track/0vLjFNuX3jDA57hyQwYmLz,love
3tXFeBAX4bQpHTKhR1VYPr,Trip To Herve's,The Byrne Brothers,Trip To Herve's,2024-11-29,35,141925,https://open.spotify.com/track/3tXFeBAX4bQpHTKhR1VYPr,love
6KVUcxEkhyeO5rGlKrLMnG,Ar Cànan 's ar Ceòl,Trail West,Thirsty Work,2024-08-09,27,231675,https://open.spotify.com/track/6KVUcxEkhyeO5rGlKrLMnG,love
4ZB1Kpvo8WjGbIbyUXyG2z,The Reel,"Rolf Løvland, Secret Garden",Earthsongs,2005-01-01,30,205373,https://open.spotify.com/track/4ZB1Kpvo8WjGbIbyUXyG2z,love
370Q0Gp89eJcbjYnFW0xez,O Hoireannan,Sian,araon,2025-08-01,22,233413,https://open.spotify.com/track/370Q0Gp89eJcbjYnFW0xez,love
2WwwdNk0UNo0iGyxe9iySJ,Vore Tullye,Gnoss,Stretching Skyward,2023-04-21,26,215453,https://open.spotify.com/track/2WwwdNk0UNo0iGyxe9iySJ,love
4bsXup4HwqzU6XtPnpUDtT,Fisherman,The Elders,Story Road,2014-10-11,19,235746,https://open.spotify.com/track/4bsXup4HwqzU6XtPnpUDtT,love
2d8k4bGq7HT90ZeR170uPI,Mazama Mornings,The Gothard Sisters,Midnight Sun,2018-05-04,31,221133,https://open.spotify.com/track/2d8k4bGq7HT90ZeR170uPI,love
2IFxXooRJkytwTArETporJ,The Savage Wee Beastie/Limerick Lasses/Bird in the Bush,Robin Bullock,Rosewood Castle,2007-01-01,17,235240,https://open.spotify.com/track/2IFxXooRJkytwTArETporJ,love
5vivqEDlTddPJtNBIZvGBK,Trip to Novi Sad,Ímar,Avalanche,2018-10-12,0,227280,https://open.spotify.com/track/5vivqEDlTddPJtNBIZvGBK,love
4lKMz47LxJqzcHA9BsXbyk,The Girls of Banbridge / Willie Coleman's Jig,Kennedy's Kitchen,The Birds Upon the Trees,2013-02-01,24,209933,https://open.spotify.com/track/4lKMz47LxJqzcHA9BsXbyk,love
2gShX5vJ1l5NK8059wu7hd,The Golden Thread,The Gothard Sisters,Dragonfly,2021-06-04,27,191480,https://open.spotify.com/track/2gShX5vJ1l5NK8059wu7hd,love
569JbJc4O0livlcV14itgR,Strathspeys and Reels,"McKasson & McDonald, Kalos",Harbour,2019-04-24,18,302500,https://open.spotify.com/track/569JbJc4O0livlcV14itgR,love
6Iohp4BGpNoL2aebCuSLii,The Kesh Inn - Live 2017,Celtic Woman,Homecoming – Live From Ireland,2018-01-19,18,183680,https://open.spotify.com/track/6Iohp4BGpNoL2aebCuSLii,love
1O6qknxgFG6w2NE2DoWHqK,Reels: John O'Groats House / Traditional Irish Reel / The Ladies Pantalettes,Julie Fowlis,Mar a Tha Mo Chridhe (As My Heart Is),2005,20,168760,https://open.spotify.com/track/1O6qknxgFG6w2NE2DoWHqK,love
01NXgc7kwfidVNQEUBg9a1,The Night Visiting Song,"Dave Curley, Mick Broderick",Wearing the Green: A St. Patrick's Day Documentary (Original Soundtrack Recording),2017-02-03,15,270907,https://open.spotify.com/track/01NXgc7kwfidVNQEUBg9a1,love
3gc3vf5iGbyroL0dlsBjsb,Flowers of the Red Hill,Orthodox Celts,Many Mouths Shut,2017-01-13,29,68613,https://open.spotify.com/track/3gc3vf5iGbyroL0dlsBjsb,love
252OaSAHSoMemzy6lcplTf,Into the Light,Ímar,Afterlight,2017-01-27,0,237800,https://open.spotify.com/track/252OaSAHSoMemzy6lcplTf,love
03wmSeP6xUNXJ3QcxPAoCq,Scarborough Fair,The Gothard Sisters,Story Girl,2011-11-01,21,265960,https://open.spotify.com/track/03wmSeP6xUNXJ3QcxPAoCq,love
0pHZqUQgOtFmN1lWhlxAhu,Mormond Braes,"Alan Roberts, Dougie MacLean",Caledonia,2021-02-18,14,152586,https://open.spotify.com/track/0pHZqUQgOtFmN1lWhlxAhu,love
3JsqzlFyOn3BZxXVSuEoYO,Meetings of the Waters,The Elders,Story Road,2014-10-11,14,280653,https://open.spotify.com/track/3JsqzlFyOn3BZxXVSuEoYO,love
6z0IMbO7TkKvSAiZEW7Ob1,Burdland,KINNARIS Q,This Too,2022-05-04,23,352906,https://open.spotify.com/track/6z0IMbO7TkKvSAiZEW7Ob1,love
1TgXj2B3qHjTMPwvpdhEaM,Spanish Point,Kevin Meehan,Spanish Point,2020-03-20,18,261301,https://open.spotify.com/track/1TgXj2B3qHjTMPwvpdhEaM,love
0o6XUN8X1nlirklplI7kpZ,Half Your Life / The Gates Lifted / The Lemon Tree,Dréos,Cascade Mountain Aire,2023-09-01,14,321099,https://open.spotify.com/track/0o6XUN8X1nlirklplI7kpZ,love
7Il9Azc166YcBnuTuJnm5D,Long Road,The Gothard Sisters,Dragonfly,2021-06-04,24,266905,https://open.spotify.com/track/7Il9Azc166YcBnuTuJnm5D,love
5wwZddfoYandGlOrxBGZyv,The Sneezing Loon,House of Hamill,Folk Hero,2021-10-16,16,368493,https://open.spotify.com/track/5wwZddfoYandGlOrxBGZyv,love
0ydOtUvkFZwP0CTalHJ2em,The Highlands of Scotland,"Jack Evans, Mark Duff, Pete Clark","Highland Journey, Vol. 2",2012-05-01,24,250973,https://open.spotify.com/track/0ydOtUvkFZwP0CTalHJ2em,love
2odUse2smoFOJMFRPgg92G,P Stands for Paddy,The Byrne Brothers,The Boys of Doorin,2024-01-06,20,196666,https://open.spotify.com/track/2odUse2smoFOJMFRPgg92G,love
0UyOqt8Qtg8uY4JDgE6kWH,Christmas Eve Reel,"Scythian, Boxing Banjo, Nolan Ladewski",Christmas Out at Sea,2023-12-12,19,185263,https://open.spotify.com/track/0UyOqt8Qtg8uY4JDgE6kWH,love
1VshuhGKmXYkLS3pSnSixC,Mo Ghile Mear,Seo Linn,Anuas,2023-02-24,18,258972,https://open.spotify.com/track/1VshuhGKmXYkLS3pSnSixC,love
3r4Xo45x0sSrBuSu9t4Yy2,Fairy Dance Jig,The Gothard Sisters,Compass,2013-08-14,30,144146,https://open.spotify.com/track/3r4Xo45x0sSrBuSu9t4Yy2,love
1nq4eQ8ArtdOpMedTaYJB9,Cedars House,House of Hamill,March Through Storms,2018-06-22,16,248893,https://open.spotify.com/track/1nq4eQ8ArtdOpMedTaYJB9,love
3SlTXmqNTtBfsvItkdvfQU,Ghosts of Glencoe,Aaron Dolan,Towards the Future,2024-03-29,16,171328,https://open.spotify.com/track/3SlTXmqNTtBfsvItkdvfQU,love
7xe2bqHatOEzc1kcryBCZj,It's the Little Things,The Gothard Sisters,It's the Little Things - 10 Years,2019-08-09,21,219813,https://open.spotify.com/track/7xe2bqHatOEzc1kcryBCZj,love
0QygANVyTJAIhSU32X6Cqz,Seileach,Cassie and Maggie,The Willow Collection,2016-11-04,16,197253,https://open.spotify.com/track/0QygANVyTJAIhSU32X6Cqz,love
4EXj8AkksWUJ80c4UBQFej,Farewell to Craigie Dhu,"Dougie MacLean, Celia Briar","Celtic Briar, Celia: Her Mantle So Green",1995-09-07,1,133200,https://open.spotify.com/track/4EXj8AkksWUJ80c4UBQFej,love
3icr9tAmKIgl3dgZfvOo7P,Shut the Front Door (Kitchen Window),Scythian,Shut the Front Door (Kitchen Window),2025-08-02,31,236621,https://open.spotify.com/track/3icr9tAmKIgl3dgZfvOo7P,love
4xovxfZyGHA5UaVkHa3jFG,Against the Grain,The Gothard Sisters,Midnight Sun,2018-05-04,24,285706,https://open.spotify.com/track/4xovxfZyGHA5UaVkHa3jFG,love
0EMMDuWNML7CUQyCyzYopQ,Suffer in Silence,Socks in the Frying Pan,Waiting for Inspiration,2024-11-15,13,187760,https://open.spotify.com/track/0EMMDuWNML7CUQyCyzYopQ,love
1MUsf6ZwfIDf8MLV1TZD2Y,Duncan Reel - Vol. 3,Jesús del Castillo,Viral Reels (Vol. 3),2023-02-23,14,104761,https://open.spotify.com/track/1MUsf6ZwfIDf8MLV1TZD2Y,love
2C0aqjKjqgIeK7uTMBjHZm,Midnight Sun,The Gothard Sisters,Midnight Sun,2018-05-04,24,238040,https://open.spotify.com/track/2C0aqjKjqgIeK7uTMBjHZm,love
7jShiF7sP8azqkO6eShU2X,"O Dheara, 'Sheanduine",Runa,When The Light Gets In,2024-03-17,14,286914,https://open.spotify.com/track/7jShiF7sP8azqkO6eShU2X,love
6Qi4oKGe1tWfiNbrHEtVFe,Stormy Hill,Dàimh,Tuneship,2015-09-03,0,283561,https://open.spotify.com/track/6Qi4oKGe1tWfiNbrHEtVFe,love
1vSLMBq4VXVs754XECGfZk,Kesh Jig / Blarney Pilgrim,Patricks,Rocky Road to Ireland,2020-02-21,19,179636,https://open.spotify.com/track/1vSLMBq4VXVs754XECGfZk,love
7pfv6VsFajtn2WYwpYCjgJ,Meadowmount,Oisín Mac Cinnéide,The Orchard,2023-08-25,18,101213,https://open.spotify.com/track/7pfv6VsFajtn2WYwpYCjgJ,love
0IV4U1nUJlbhurz6ICax63,Reels,Mànran,Mànran,2011-07-05,29,213813,https://open.spotify.com/track/0IV4U1nUJlbhurz6ICax63,love
4uQm3ELLUNMxen1NXXy0IB,Wandering,The Gothard Sisters,Midnight Sun,2018-05-04,20,240106,https://open.spotify.com/track/4uQm3ELLUNMxen1NXXy0IB,love
78T8aUlyAIuZ7BvQZ7vKvB,LUX,Sorcha,Storm the Gate / Lux,2024-09-27,19,192750,https://open.spotify.com/track/78T8aUlyAIuZ7BvQZ7vKvB,love
4ldeH1XC3DFHiaYfFPdY4s,The King's Shilling,Socks in the Frying Pan,Return of the Giant Sock Monsters from Outer Space,2015-04-07,14,256770,https://open.spotify.com/track/4ldeH1XC3DFHiaYfFPdY4s,love
4zz78YGRfNsdrYzvrA8wj4,Danny Boy,The Gothard Sisters,Compass,2013-08-14,12,229453,https://open.spotify.com/track/4zz78YGRfNsdrYzvrA8wj4,love
1cRGHl46nEP3PrksKIjTNZ,Ratho Fair / Pretty Peggy,MUJI BGM,BGM29 Scotland,2025-05-26,22,128573,https://open.spotify.com/track/1cRGHl46nEP3PrksKIjTNZ,love
3aZEnt7Ylz19DWLb0UmIsF,The Ellen and Brian Theme (feat. Julie Fowlis),"Bear McCreary, Julie Fowlis",Outlander: Blood of my Blood (Season 1 Original Series Soundtrack),2025-08-08,38,201432,https://open.spotify.com/track/3aZEnt7Ylz19DWLb0UmIsF,love
2xF7vxpukpcfwL3M4E60yQ,Ryan's Reels,The O'Neill Brothers,Here Come the Irish,2003-08-15,0,224706,https://open.spotify.com/track/2xF7vxpukpcfwL3M4E60yQ,love
19LRl6UUbnK1MvdcErG9Bv,"Emmetts' Hedgehog, Pt. 2",Heron Valley,Oak Mountain,2024-08-09,20,181963,https://open.spotify.com/track/19LRl6UUbnK1MvdcErG9Bv,love
4TTl0pWsHYv2hvofMQMmY9,The Elser Jig,Aaron Dolan,Farewell to Tir Na n​Ó​g,2023-10-24,16,50500,https://open.spotify.com/track/4TTl0pWsHYv2hvofMQMmY9,love
6fxnOhb9ygtjzqk9ZiNPNk,Siúil a Rúin,"Anúna, Michael McGlynn",The Best of Anuna,2010-02-05,0,163813,https://open.spotify.com/track/6fxnOhb9ygtjzqk9ZiNPNk,love
1qSmdST7sFwE7bYs7WboBK,Difyrrwch,The Trials of Cato,Hide and Hair,2018-11-09,0,181946,https://open.spotify.com/track/1qSmdST7sFwE7bYs7WboBK,love
6TAjme9BxEASWtSeOTFZ1a,Queen of Argyll,The Gothard Sisters,Mountain Rose,2015-06-23,20,141386,https://open.spotify.com/track/6TAjme9BxEASWtSeOTFZ1a,love
74K0x1e8TQoSMoIoaMZ7c3,The Gentle Maiden,Gaêlica,Origins,2024-03-01,22,276991,https://open.spotify.com/track/74K0x1e8TQoSMoIoaMZ7c3,love
6B9hXmpgjgrOphEFiKhh57,P.J. Kings / The Shannon Jig / Micky Quinn's,Kasír,Reel Irish,2006,22,248720,https://open.spotify.com/track/6B9hXmpgjgrOphEFiKhh57,love
5Q0msHREvjdXaVo68jvF1t,John Brady's / The Hag At The Churn / Foto Marcel,Snaarmaarwaar,B.L.O.C.K.,2014-09-01,15,292360,https://open.spotify.com/track/5Q0msHREvjdXaVo68jvF1t,love
4WyJG1PbiimB3WNFBV69Cb,Water At the Bar,Tiller's Folly,A Ripple In Time,2002-03-15,27,177760,https://open.spotify.com/track/4WyJG1PbiimB3WNFBV69Cb,love
58ZhljI7L4Ze1CTy2ekdma,Married in Copenhagen,"Aaron Dolan, Fabian Zechmeister",Married in Copenhagen,2025-06-13,22,147459,https://open.spotify.com/track/58ZhljI7L4Ze1CTy2ekdma,love
2an98uDzhtWRCTt4v5l0Rr,The Great Herdsman of Etive,Rura,The Great Herdsman of Etive,2025-07-11,29,272010,https://open.spotify.com/track/2an98uDzhtWRCTt4v5l0Rr,love
5NgmUcE9CJ00EwUNVTVAqs,Three Flavours,Ganaim,Dedicated,2022-09-01,13,227040,https://open.spotify.com/track/5NgmUcE9CJ00EwUNVTVAqs,love
3E7FcvIKSpdxSM7zeixF6O,Nightfall,The Gothard Sisters,Dragonfly,2021-06-04,24,256906,https://open.spotify.com/track/3E7FcvIKSpdxSM7zeixF6O,love
6FViAXglzqOhWGT3WRFGlD,The Butterfly / Fig for a Kiss,Fabian Zechmeister,Backyard Sessions,2025-02-28,19,200717,https://open.spotify.com/track/6FViAXglzqOhWGT3WRFGlD,love
2R0TMuXjKQl3pSPklaBaMp,Raglan Road,The Gothard Sisters,Story Girl,2011-11-01,14,188946,https://open.spotify.com/track/2R0TMuXjKQl3pSPklaBaMp,love
49RXdBY5e5w0iutd2OwloU,Knees Up,Breabach,Frenzy of the Meeting,2018-10-26,40,207162,https://open.spotify.com/track/49RXdBY5e5w0iutd2OwloU,love
0i0OavgB9dxSQwHK69zn4N,Dolan's 6AM,Beoga,How to Tune a Fish,2011-07-26,0,215693,https://open.spotify.com/track/0i0OavgB9dxSQwHK69zn4N,love
0phiCWlaRaxCO6N3fCs6P7,Morning Nightcap,Lúnasa,The Merry Sisters of Fate,2006-03-16,40,296066,https://open.spotify.com/track/0phiCWlaRaxCO6N3fCs6P7,love
1PHlvr2XaMKovppbtgezfJ,I Courted a Sailor,The Gothard Sisters,Mountain Rose,2015-06-23,18,228466,https://open.spotify.com/track/1PHlvr2XaMKovppbtgezfJ,love
34kle7LtxEL9KFkJViwpeF,The Galician Dinky,Gaelic Storm,Go Climb a Tree,2017-07-28,18,236626,https://open.spotify.com/track/34kle7LtxEL9KFkJViwpeF,love
2U5z2mUrsMPYI4z9DyrAUI,The Red Haired Lass (Slow Reel),Kennedy's Kitchen,The Birds Upon the Trees,2013-02-01,19,259893,https://open.spotify.com/track/2U5z2mUrsMPYI4z9DyrAUI,love
5sAks80h3cgwZAli1WJHXV,Men of Erin,The Elders,American Wake,2004-11-23,35,283760,https://open.spotify.com/track/5sAks80h3cgwZAli1WJHXV,love
4rG0Nx9eKFpsWmrmgTkZk3,The Outset,Project Smok,The Outset,2024-01-19,20,299960,https://open.spotify.com/track/4rG0Nx9eKFpsWmrmgTkZk3,love
5dhXqT2RkbAEzss3jb4rtg,Daybreak,"Elizabeth Davidson-Blythe, Daniel Quayle",Daybreak,2021-11-01,18,298386,https://open.spotify.com/track/5dhXqT2RkbAEzss3jb4rtg,love
2YQra3dpR7AW95m9io344e,The Sick Note,"The Dubliners, Seán Cannon",Definitive Pub Songs Collection,2013-03-15,30,163373,https://open.spotify.com/track/2YQra3dpR7AW95m9io344e,love
37eiAX8MZLo08Ky0mnZGQg,Rockabill Island,Kevin Meehan,Spanish Point,2020-03-20,15,330974,https://open.spotify.com/track/37eiAX8MZLo08Ky0mnZGQg,love
2ICbQHw99tM0UAPUuMTf9a,Adelaide,Sian,araon,2025-08-01,20,231880,https://open.spotify.com/track/2ICbQHw99tM0UAPUuMTf9a,love
3V0HNzfukfEsNXS56BUPxg,Box & Whistle,Trail West,From The Sea To The City,2018-07-16,20,238066,https://open.spotify.com/track/3V0HNzfukfEsNXS56BUPxg,love
4WihK7y3VMLVyMdvyq2slf,Jenny Dang the Weaver,Brandon Vance,The Gentleman & Scholar,2020-02-24,14,123440,https://open.spotify.com/track/4WihK7y3VMLVyMdvyq2slf,love
4QMeJ5zbkmXvrySr0WQdcP,Dean McLeod,Sheridan Rúitín,Only Savage,2023-03-07,11,213250,https://open.spotify.com/track/4QMeJ5zbkmXvrySr0WQdcP,love
3IyWkLxXVFpPCawMkpUKJm,Ballad of Hollis Brown,"Doolin', John Doyle, Alison Brown",Doolin',2016-07-15,14,284480,https://open.spotify.com/track/3IyWkLxXVFpPCawMkpUKJm,love
0dWeJ5E2LQ4IgTUJ1jo3oz,Northampton Pickup,Gaelic Storm,Northampton Pickup,2025-01-10,21,298036,https://open.spotify.com/track/0dWeJ5E2LQ4IgTUJ1jo3oz,love
3AMYHoFSpwnqufBfWBRBls,Road To Errogie,Flook,Haven,2005-11-07,33,293693,https://open.spotify.com/track/3AMYHoFSpwnqufBfWBRBls,love
6gNnk500bfiBrLM3riPEsG,Mile High,Skerryvore,Evo,2018-06-11,21,282533,https://open.spotify.com/track/6gNnk500bfiBrLM3riPEsG,love
0YxyXAnWUACIRZtWOZBe9b,Jackie Coleman's And The Mountain Road (Reels),Kennedy's Kitchen,Music In The Glen,2004-10-11,21,140026,https://open.spotify.com/track/0YxyXAnWUACIRZtWOZBe9b,love
78Ccq3QrEsXyCtEjyjwDTD,The Stinger,Ímar,The Stinger,2023-04-09,13,274845,https://open.spotify.com/track/78Ccq3QrEsXyCtEjyjwDTD,love
2SngRX6AHtmpUbx69wPFj2,The Landing,The Gothard Sisters,Compass,2013-08-14,27,167160,https://open.spotify.com/track/2SngRX6AHtmpUbx69wPFj2,love
2YDkN7ruPw8CdR0CPr8584,"The Rambler, The Aherlow Jig",Liam O'Flynn,The Given Note,1995,19,206000,https://open.spotify.com/track/2YDkN7ruPw8CdR0CPr8584,love
7KjWmh41wLO7164mJ7vcTi,The Rocky Road to Dublin,Seamus Kennedy,Tricky Tongue Twisters,2013-06-04,17,161986,https://open.spotify.com/track/7KjWmh41wLO7164mJ7vcTi,love
0j3YZtGQqAHcONuDpXNbJS,Green Fields of America,Eileen Ivers,Beyond the Bog Road,2014-11-11,13,416600,https://open.spotify.com/track/0j3YZtGQqAHcONuDpXNbJS,love
1R3wfazm3pN9tYDhvcY7MM,Happy Feet,The Elders,Story Road,2014-10-11,22,311106,https://open.spotify.com/track/1R3wfazm3pN9tYDhvcY7MM,love
4fwRm1bUe2qpylT0G4OxnT,The Last Minute / The Groupie / Height of Rudeness,Rachel Newton,The Shadow Side,2012-07-01,0,209840,https://open.spotify.com/track/4fwRm1bUe2qpylT0G4OxnT,love
1Low7XelpFYsuP7prSFsDV,The Road Not Taken,The High Kings,The Road Not Taken,2023-06-23,40,172426,https://open.spotify.com/track/1Low7XelpFYsuP7prSFsDV,love
4tISc0iuNRBfwDsnPsbsxP,Hummingbird,The Gothard Sisters,Midnight Sun,2018-05-04,45,208186,https://open.spotify.com/track/4tISc0iuNRBfwDsnPsbsxP,love
6KUKxLz0YYtmDUnMxegmNb,Mist Covered Mountains,Fabian Zechmeister,Backyard Sessions,2025-02-28,30,115664,https://open.spotify.com/track/6KUKxLz0YYtmDUnMxegmNb,love
6AXL9fFoqoXLkro46Asher,Poirt: Delia Keane's/ the Horse's Leotard/ Seán Buí/ the Dawn Chorus,Téada,Inné Amárach,2006-10-10,23,295253,https://open.spotify.com/track/6AXL9fFoqoXLkro46Asher,love
3ck0o3c7EuFWjQCABSTgtY,Clare to Here (feat. Ben David Warner),"Scythian, Ben David Warner",Old Tin Can,2015-05-21,18,336213,https://open.spotify.com/track/3ck0o3c7EuFWjQCABSTgtY,love
7fUMeCWy8rOP1L6wjZakxR,Coalminer's Reel / Sonny Martin's Reel (Instrumental Version),The O'Neill Brothers,Irish Melodies on Piano - Best of The O'Neill Brothers,2018-06-19,12,156827,https://open.spotify.com/track/7fUMeCWy8rOP1L6wjZakxR,love
6UffbsQ3tiS1XeuGqRp0oV,Siúil A Rún,Seo Linn,Siúil A Rún,2021-04-16,19,290000,https://open.spotify.com/track/6UffbsQ3tiS1XeuGqRp0oV,love
3Rbmq3umE1FdkCc9J77Piq,Sign of the Times Dream Catcher/Sign of the Times,Ashley Davis,When the Stars Went Out,2020-09-01,12,268564,https://open.spotify.com/track/3Rbmq3umE1FdkCc9J77Piq,love
15E6JrLJ1FjWCGIH5vioGb,The Long Count,Treacherous Orchestra,Grind,2015-02-16,0,403973,https://open.spotify.com/track/15E6JrLJ1FjWCGIH5vioGb,love
0r9U5cPKgGJ51jq6pvVOhY,Cat in a Bush,The Gothard Sisters,Mountain Rose,2015-06-23,22,203066,https://open.spotify.com/track/0r9U5cPKgGJ51jq6pvVOhY,love
4LEog6BXsql9gUBxdscxEp,The Silver Bullet,The Outside Track,Rise Up,2018-12-01,22,239762,https://open.spotify.com/track/4LEog6BXsql9gUBxdscxEp,love
6UdEpcCWprEwkWQOukrGBp,Suantraí Ghráinne,"Julie Fowlis, Éamon Doorley, Zoë Conway and John Mc Intyre","Allt, Vol. 2: Cuimhne",2024-12-06,23,190683,https://open.spotify.com/track/6UdEpcCWprEwkWQOukrGBp,love
7tIXpZNlFrt41sCEZAnJEg,The Guardians of Old,"Eric Heitmann, Philleann, Roxane Genot",The Guardians of Old,2023-08-04,23,225000,https://open.spotify.com/track/7tIXpZNlFrt41sCEZAnJEg,love
2vHb6q3nabe9Xp1MXViB7f,Within a Mile of Dublin (Reel),The Byrne Brothers,The Byrne Brothers,2020-06-06,17,188520,https://open.spotify.com/track/2vHb6q3nabe9Xp1MXViB7f,love
5ubsIGdg6UY7KiRTJvHnOR,St. Anne's Reel,The Gothard Sisters,Mountain Rose,2015-06-23,29,175333,https://open.spotify.com/track/5ubsIGdg6UY7KiRTJvHnOR,love
4Z4dJrD0MQ4Kb22858WU4K,The Legacy Jig,O'jizo,Cranking Out,2019-02-24,22,238413,https://open.spotify.com/track/4Z4dJrD0MQ4Kb22858WU4K,love
5d6fU461p5M8H2oHY0l9Fo,Whiskey in the Jar,Ben-David Warner,Red Rockin' Chair,2015-07-28,12,196920,https://open.spotify.com/track/5d6fU461p5M8H2oHY0l9Fo,love
50L37H1Ka7idMNGEuoQ3DC,Wonder & Treachery,Wickerlight,Wickerlight,2024-05-17,13,178155,https://open.spotify.com/track/50L37H1Ka7idMNGEuoQ3DC,love
2zhArfgx9rZ7KbeU6S88kC,Nothing To Do With It,Dougie MacLean,Who Am I,2001-12-01,14,247612,https://open.spotify.com/track/2zhArfgx9rZ7KbeU6S88kC,love
08KHEHuLNpVDxCySAjvtby,Water Is Wide,The Gothard Sisters,Compass,2013-08-14,14,214506,https://open.spotify.com/track/08KHEHuLNpVDxCySAjvtby,love
68TAV3FX665WLaLG9s1LPp,The Hillsbrook Reels,Michael McGoldrick,Wired,2005-10-10,29,258373,https://open.spotify.com/track/68TAV3FX665WLaLG9s1LPp,love
2Y5sqI1ZuPvK9UESD89A2s,Celebration Reel,The Gothard Sisters,Story Girl,2011-11-01,25,201053,https://open.spotify.com/track/2Y5sqI1ZuPvK9UESD89A2s,love
4xO196lJ4psxQp8AZBCnet,Òran Na Gaillinn,SYR,Sentinel,2022-01-14,33,338440,https://open.spotify.com/track/4xO196lJ4psxQp8AZBCnet,love
3sCyjYz70wj0T3Bo0R38lA,Headford Junction and Fisherman's Island,Kennedy's Kitchen,Headford Junction and Fisherman's Island,2021-03-05,15,253066,https://open.spotify.com/track/3sCyjYz70wj0T3Bo0R38lA,love
4GTNAjdShG0exvm1kaQIhs,Home,The Paul McKenna Band,Home,2020-12-04,14,307578,https://open.spotify.com/track/4GTNAjdShG0exvm1kaQIhs,love
3JDezSpowZYSEYWwXN2vsI,Chaos in La Casa,The Gothard Sisters,Mountain Rose,2015-06-23,21,190586,https://open.spotify.com/track/3JDezSpowZYSEYWwXN2vsI,love
755guk5IQplaKC93CqPal3,Cùm na Ghealladh,Sian,araon,2025-08-01,22,183791,https://open.spotify.com/track/755guk5IQplaKC93CqPal3,love
2zTYmhSbhFQmdzYChUcvOd,"Green, White and Orange",Gaelic Storm,Go Climb a Tree,2017-07-28,19,278706,https://open.spotify.com/track/2zTYmhSbhFQmdzYChUcvOd,love
13cejxEwrLOTP8qbhGZl1W,Winnipeg Forger,The American Rogues,3 LBS. of Rage,2010-10-08,12,333826,https://open.spotify.com/track/13cejxEwrLOTP8qbhGZl1W,love
3isWuw4VIvwLpVhb1PBG5q,Port Dannsaidh Hiortach / Deóra Dé,"Julie Fowlis, Éamon Doorley, Zoë Conway, John Mc Intyre",Allt,2018-09-12,0,256533,https://open.spotify.com/track/3isWuw4VIvwLpVhb1PBG5q,love
399kWCPbBpdVpCmHLF6MAV,Le Reve Du Quêteux Tremblay,Eileen Ivers,Beyond the Bog Road,2014-11-11,17,197333,https://open.spotify.com/track/399kWCPbBpdVpCmHLF6MAV,love
2cavj2abqmSliW5Xp0Bxih,The Leprechaun's Jig (Instrumental Version),The O'Neill Brothers Group,Celtic Music on Strings,2017-02-27,13,160386,https://open.spotify.com/track/2cavj2abqmSliW5Xp0Bxih,love
2pQwnQGRyHmoSuC5hLJpQz,The Three Coins,The Gothard Sisters,Story Girl,2011-11-01,32,153533,https://open.spotify.com/track/2pQwnQGRyHmoSuC5hLJpQz,love
3ZocLGKHsHe4eXECAMdizP,California Highway 1,The Fire,Marigold,2021-01-01,14,305133,https://open.spotify.com/track/3ZocLGKHsHe4eXECAMdizP,love
4bLcv59h8iAs9gGU06Hx0L,Sons of the Glen,Aaron Dolan,Towards the Future,2024-03-29,16,154000,https://open.spotify.com/track/4bLcv59h8iAs9gGU06Hx0L,love
5krbXoD3lee8o2nwAxiRD0,Trilogy,The Byrne Brothers,The Boys of Doorin,2024-01-06,24,295586,https://open.spotify.com/track/5krbXoD3lee8o2nwAxiRD0,love
1LsMOhTUgJlVlZCKPE9NOu,Midsummer Jigs,The Gothard Sisters,Story Girl,2011-11-01,24,156253,https://open.spotify.com/track/1LsMOhTUgJlVlZCKPE9NOu,love
5wEnA2GKgOMHN2mHI95xcX,Valley of a Thousand Tears/Hotel de Ville,The McDades,For Reel,2003-01-01,19,254106,https://open.spotify.com/track/5wEnA2GKgOMHN2mHI95xcX,love
0lHgj9TTkzwYN0pto9f1cR,Cailleach an Airgid,Seo Linn,Anuas,2023-02-24,15,221266,https://open.spotify.com/track/0lHgj9TTkzwYN0pto9f1cR,love
47XgfMlteShqyQIbiTUiVN,Spaceships and Frying Pans: The Pride of Petravore / The Lads of Laois / The Sailor On the Rock,Socks in the Frying Pan,Return of the Giant Sock Monsters from Outer Space,2015-04-07,15,250264,https://open.spotify.com/track/47XgfMlteShqyQIbiTUiVN,love
4nqisfhqUZXEN5g2XeJBAt,Red Is The Rose,The High Kings,Memory Lane,2010,45,191826,https://open.spotify.com/track/4nqisfhqUZXEN5g2XeJBAt,love
3gGoi7w28Gm1ADDPe81tuE,The Smokey Lum/Maggie's Pancakes/Dancing Feet/The Mason's/Apron,The Tannahill Weavers,Dancing Feet,2006-03-15,25,260866,https://open.spotify.com/track/3gGoi7w28Gm1ADDPe81tuE,love
70R5nf9sKxJcWhO1Rheibd,I'll Tell Me Ma,"The Dubliners, Ronnie Drew",Definitive Pub Songs Collection,2013-03-15,33,150346,https://open.spotify.com/track/70R5nf9sKxJcWhO1Rheibd,love
4EGhSyzWlJXMvtfx2j5ABH,Cat and the Fiddle,The Gothard Sisters,Midnight Sun,2018-05-04,26,220680,https://open.spotify.com/track/4EGhSyzWlJXMvtfx2j5ABH,love
3AOnBr6u5PBuJNlcTcjk0g,Back Road to Schots,KINNARIS Q,This Too,2022-05-04,15,354253,https://open.spotify.com/track/3AOnBr6u5PBuJNlcTcjk0g,love
3nqx37Q3hbBYjdZBjLw7Dq,Morrison's Jig,Aaron Dolan,Farewell to Tir Na n​Ó​g,2023-10-24,34,67878,https://open.spotify.com/track/3nqx37Q3hbBYjdZBjLw7Dq,love
5xWub3j9eWGWiwWbEabg1B,Raging Sea,The Elders,Gael Day,2009-03-17,36,200253,https://open.spotify.com/track/5xWub3j9eWGWiwWbEabg1B,love
5gVTyZE1qQlrnMpGsQptpv,Strip the Willow Set,Cassie and Maggie,The Willow Collection,2016-11-04,22,275400,https://open.spotify.com/track/5gVTyZE1qQlrnMpGsQptpv,love
5dJW12crTDd4s6mr9HLcZT,Now Westlin Winds,Kinnfolk,The Knotted Circle,2022-10-14,15,285452,https://open.spotify.com/track/5dJW12crTDd4s6mr9HLcZT,love
7uVzEx2YFHPhpBpoSTdaUx,The Boop Set,Socks in the Frying Pan,Socks in the Frying Pan,2012-11-08,16,219173,https://open.spotify.com/track/7uVzEx2YFHPhpBpoSTdaUx,love
7yIcwad7i3DDJE8JEzbO2e,Northland,Jesús del Castillo,Elan,2016,0,217008,https://open.spotify.com/track/7yIcwad7i3DDJE8JEzbO2e,love
4U02oSEWNXJobz3tnuML53,Saint Patrics Day (Instrumental Version),"Irish & Celtic Folk Wanderers, Instrumental Irish Music, Celtic Harp Soundscapes",Relaxing Celtic Music - Instrumental Irish Songs,2017-03-03,14,169933,https://open.spotify.com/track/4U02oSEWNXJobz3tnuML53,love
5NpVad3X035Dcq5fRXJwbA,The Bruce,Scythian,Roots and Stones,2022-05-09,12,338893,https://open.spotify.com/track/5NpVad3X035Dcq5fRXJwbA,love
6CGEQFB5AEaq5fjE1kCSGg,Road to Ruins,The Elders,Story Road,2014-10-11,16,344093,https://open.spotify.com/track/6CGEQFB5AEaq5fjE1kCSGg,love
0K5WG2zCpJcomssR8Przvq,"Jig O' Slurs, Scaffie's Cairt","Mark Minkler, Brandon Vance",Beyond The Borders,2004-06-10,12,149986,https://open.spotify.com/track/0K5WG2zCpJcomssR8Przvq,love
7oEBKN5354KHGntRFRHjv1,Sun Rising on the Flagstone (feat. Julie Fowlis),"Bear McCreary, Julie Fowlis",Outlander: Blood of my Blood (Season 1 Original Series Soundtrack),2025-08-08,35,164173,https://open.spotify.com/track/7oEBKN5354KHGntRFRHjv1,love
3oSvguXVaAb5HYDlL4ist0,Inches from Dublin,Kevin Meehan,Spanish Point,2020-03-20,14,217925,https://open.spotify.com/track/3oSvguXVaAb5HYDlL4ist0,love
4DbnkZUCPvvWvtMRDDMtZi,Riverdance,Shane Hennessy,Riverdance,2019-04-01,14,312832,https://open.spotify.com/track/4DbnkZUCPvvWvtMRDDMtZi,love
2MxOKumXryvaMrrUM0egQN,The Livingston Highlander,Trail West,Thirsty Work,2024-08-09,20,184427,https://open.spotify.com/track/2MxOKumXryvaMrrUM0egQN,love
1FUrsmmsz5pTOT4X83Mv6c,The Foggy Dew,Sheridan Rúitín,Rebels in the Night,2022-03-06,31,306000,https://open.spotify.com/track/1FUrsmmsz5pTOT4X83Mv6c,love
09OUh0UnkuZ27Tk51nGgXA,Into the Light (Live),Ímar,"Celtic Colours Live, Vol. 5",2017-11-24,12,250903,https://open.spotify.com/track/09OUh0UnkuZ27Tk51nGgXA,love
7jJi5Pu2UMUuNFS3msOBYO,Mermaids,The Gothard Sisters,Midnight Sun,2018-05-04,21,232373,https://open.spotify.com/track/7jJi5Pu2UMUuNFS3msOBYO,love
5RZiKVsRf2Bg8y4KlJp7MH,Lark in the Morning / Cannabhan Ban / Humours of Ballyloughlin [Jigs],"Liz Carroll, Eileen Ivers, Billy McComiskey, Joanie Madden, Jerry O'Sullivan, Tim Collins, John Doyle, Seamus Egan",Absolutely Irish,2008-08-12,24,242040,https://open.spotify.com/track/5RZiKVsRf2Bg8y4KlJp7MH,love
58Ol5PaHNwrhNK0gIvxb5U,"O Éirich, O Eilidh / Ríl Dealgan / Sliabh na gCloch","Julie Fowlis, Éamon Doorley, Zoë Conway and John Mc Intyre","Allt, Vol. 2: Cuimhne",2024-12-06,15,357226,https://open.spotify.com/track/58Ol5PaHNwrhNK0gIvxb5U,love
4xQnsExKUq7QD4ixBu5cJx,Catriona's,Rura,In Praise of Home,2018-06-01,40,321090,https://open.spotify.com/track/4xQnsExKUq7QD4ixBu5cJx,love
3AnCr7iskPAt2prKVfsuYI,Sporting Paddy / Adele (Medley),"Cormac Breatnach, Niall Ó Callanáin, Steve Cooney, Maire Breatnach, Neil Martin, Karen Tweed, Noreen O'Donoghue",Musical Journey,2012-05-10,0,234110,https://open.spotify.com/track/3AnCr7iskPAt2prKVfsuYI,love
6BOBMqdSl2408BEbKaBLSY,Boppa's Shout,Andrew Finn Magill,Drive & Lift,2005-01-01,18,226560,https://open.spotify.com/track/6BOBMqdSl2408BEbKaBLSY,love
6RQwCYt6imJ0HkhzUhaedw,Bridges,"Geronimo, Luis Peixoto",Bridges,2022-01-14,27,211146,https://open.spotify.com/track/6RQwCYt6imJ0HkhzUhaedw,love
2m3G9NRkra8ho8Jl2iJx9O,Coalminer's Set (Reels),Kennedy's Kitchen,Music In The Glen,2004-10-11,22,246360,https://open.spotify.com/track/2m3G9NRkra8ho8Jl2iJx9O,love
1h6g7YxBOxPXFBSusn3wW4,Sligo Reel,Flook,Flatfish,1999,33,253613,https://open.spotify.com/track/1h6g7YxBOxPXFBSusn3wW4,love
23Tp0d2eCWCAzAO2EJiEJm,Óró,"Seo Linn, Darkin",Solas,2017-03-03,31,350198,https://open.spotify.com/track/23Tp0d2eCWCAzAO2EJiEJm,love
4HIxbCIRIwi4xRIyAtzg6P,Auld Lang Syne,The Gothard Sisters,Mountain Rose,2015-06-23,14,210120,https://open.spotify.com/track/4HIxbCIRIwi4xRIyAtzg6P,love
5571utYDHemmsenmCdlVwu,Sporting Paddy,Fabian Zechmeister,Backyard Sessions,2025-02-28,20,100224,https://open.spotify.com/track/5571utYDHemmsenmCdlVwu,love
69MGBgrD9YpU5An14LkJLe,The Rundown,Geronimo,The Rundown,2021-07-30,21,209460,https://open.spotify.com/track/69MGBgrD9YpU5An14LkJLe,love
2XLgKH4vku0Ka49EJwyhDH,My Son John,Scythian,Jump at the Sun,2014-08-15,19,216546,https://open.spotify.com/track/2XLgKH4vku0Ka49EJwyhDH,love
1UaAfmOEmSRKSZT4y8CgRf,Invicta,SYR,The Winter King,2017-11-03,25,237760,https://open.spotify.com/track/1UaAfmOEmSRKSZT4y8CgRf,love
5VfaCxqdQ6nwnnRNLOUnCD,Irish Rain,Michele McLaughlin,A Celtic Dream,2008-11-14,23,381146,https://open.spotify.com/track/5VfaCxqdQ6nwnnRNLOUnCD,love
3IKT5wMFsVzj35sCzk9aCk,Reels,Jesús del Castillo,Elan,2016,0,239838,https://open.spotify.com/track/3IKT5wMFsVzj35sCzk9aCk,love
6kCIqDsXwTDsdkx9JkIqRd,Highlander's Farewell to Ireland / Farewell to Ireland / O'er the Water to Charlie / Highlander's Farewell - Version Info,"Alasdair Fraser, Natalie Haas, Martin Hayes, Bruce Molsky, Dennis Cahill",Highlander's Farewell,2011-03-15,29,450560,https://open.spotify.com/track/6kCIqDsXwTDsdkx9JkIqRd,love
2E3SRkdUB88ma3bG5g1GT7,Marching On,The Gothard Sisters,Story Girl,2011-11-01,26,286053,https://open.spotify.com/track/2E3SRkdUB88ma3bG5g1GT7,love
07aOJLN8DiI6mHDzDiHmAC,Song - Craigie Hills,Caladh Nua,Happy Days,2009-10-23,26,222226,https://open.spotify.com/track/07aOJLN8DiI6mHDzDiHmAC,love
6xvAX6ZxAffnel0GXafPVr,The Bell of Ardclach,Calum Stewart,Tales from the North,2017-10-17,27,353600,https://open.spotify.com/track/6xvAX6ZxAffnel0GXafPVr,love
1Ma5ku0wXLkOfXYHP0iMaw,Flying Sails,The Gothard Sisters,Compass,2013-08-14,34,170386,https://open.spotify.com/track/1Ma5ku0wXLkOfXYHP0iMaw,love
2pzPx8oFWOLDGTfsGDWC0A,The Road: Tom Banks' 72nd / Gus Sicard's / Carrying The Fire,Old Blind Dogs,Knucklehead Circus,2021-11-19,14,318706,https://open.spotify.com/track/2pzPx8oFWOLDGTfsGDWC0A,love
0o1IyWFDBUu3fw9MmeNBFV,The Apprentice Boy,John Doyle,Wayward Son,2005-07-19,12,228253,https://open.spotify.com/track/0o1IyWFDBUu3fw9MmeNBFV,love
6SXnQZq1LebdylBAOVrWaA,"'Stor, A Stor, A Ghra",Altan,The Best Of Altan - The Songs,2003-01-01,18,171240,https://open.spotify.com/track/6SXnQZq1LebdylBAOVrWaA,love
4wPNC3xOFqFTjylnh1eYud,The Sailor and the Mermaid,The Gothard Sisters,Story Girl,2011-11-01,25,250920,https://open.spotify.com/track/4wPNC3xOFqFTjylnh1eYud,love
0RI0chZvwH3F6b4zwmXZYm,The False Knight Upon the Road,Runa,Current Affairs,2014-06-20,13,278680,https://open.spotify.com/track/0RI0chZvwH3F6b4zwmXZYm,love
7nzCFrBkVX02SuEk637ir6,LuckotheIrish,The Elders,Gael Day,2009-03-17,14,333653,https://open.spotify.com/track/7nzCFrBkVX02SuEk637ir6,love
0xxNnJSMy7V3w0mspEYNYE,Christmas Flower,The Gothard Sisters,Falling Snow,2016-12-03,23,251213,https://open.spotify.com/track/0xxNnJSMy7V3w0mspEYNYE,love
0j1SYDiMD92GOA72gg3FkK,The Highland lassie going to the fair /Maggie Cameron / Duntroon Castle,MUJI BGM,BGM29 Scotland,2025-05-26,16,296680,https://open.spotify.com/track/0j1SYDiMD92GOA72gg3FkK,love
5soIRIQMD0GweHJg59J8z8,Toss the Feathers - Instrumental,The Corrs,Dreams - The Ultimate Corrs Collection,2006-11-20,22,170746,https://open.spotify.com/track/5soIRIQMD0GweHJg59J8z8,love
2l34fXeAepyhgcYkppW9SZ,Fields of Athenry,The Gothard Sisters,Story Girl,2011-11-01,14,307880,https://open.spotify.com/track/2l34fXeAepyhgcYkppW9SZ,love
2nhHjyGPaSRJOXr7frmS6p,The Broken Doll - Sandpipers,Hot Griselda,Sunbox,2018-07-15,16,265680,https://open.spotify.com/track/2nhHjyGPaSRJOXr7frmS6p,love
7qnTe94UWlFoaWuVVm5glS,Chì Mi a' Ghrian,Sian,araon,2025-08-01,23,246773,https://open.spotify.com/track/7qnTe94UWlFoaWuVVm5glS,love
0T0S103UsHsr4682iPrxfI,The bonny ship the Diamond,"Traditional, Ian Giles, John Spiers, Jon Bowden, Graham Metcalfe",Sea Shanties: Rousing Songs from the Age of Sail,2002-03-01,1,146120,https://open.spotify.com/track/0T0S103UsHsr4682iPrxfI,love
2WFihTjlvNIzLMDMO89sDP,Kin (Càirdeas),Mairi Macinnes,Gràs,2015-01-22,0,334923,https://open.spotify.com/track/2WFihTjlvNIzLMDMO89sDP,love
6pWQgRnykvU4TiGjkguhQz,The Boatman's Call,The Gothard Sisters,Mountain Rose,2015-06-23,20,216840,https://open.spotify.com/track/6pWQgRnykvU4TiGjkguhQz,love
0djVj5PJC4gWFljeq3vR0p,Break of Day,Geronimo,Break of Day,2021-07-16,17,229099,https://open.spotify.com/track/0djVj5PJC4gWFljeq3vR0p,love
5SLFqNr3KZui0Yq5V9A4oq,Bells on the Hill,The Gothard Sisters,Midnight Sun,2018-05-04,19,240386,https://open.spotify.com/track/5SLFqNr3KZui0Yq5V9A4oq,love
06xbKDNZZri97pvzwVoSVv,The Wahoo Set,The Outside Track,Rise Up,2018-12-01,30,175696,https://open.spotify.com/track/06xbKDNZZri97pvzwVoSVv,love
29k9jKKWGl2rHYm84k7UlJ,Feast of the Elven King,The Gothard Sisters,Compass,2013-08-14,23,245520,https://open.spotify.com/track/29k9jKKWGl2rHYm84k7UlJ,love
1GQjrWi4LfHgPlEnKBXw52,Intro,Heron Valley,Oak Mountain,2024-08-09,16,360128,https://open.spotify.com/track/1GQjrWi4LfHgPlEnKBXw52,love
4YP7uKOBUkZQT2z3mw2g1Q,Biodh an Deoch Seo 'n Làimh Mo Rùin,Julie Fowlis,Mar a Tha Mo Chridhe (As My Heart Is),2005-01-24,0,226613,https://open.spotify.com/track/4YP7uKOBUkZQT2z3mw2g1Q,love
5vKaYFrSdHcFYsSz9gaDQg,Music For A Found Harmonium,Patrick Street,"Preludes, Airs And Yodels (A Penguin Cafe Primer)",1996-01-01,41,163573,https://open.spotify.com/track/5vKaYFrSdHcFYsSz9gaDQg,love
4K4zvBJwUnJx4Vqa9zpm2d,Elderflower March,The Gothard Sisters,Midnight Sun,2018-05-04,33,254946,https://open.spotify.com/track/4K4zvBJwUnJx4Vqa9zpm2d,love
5UWerWHOC94zpyzHiNe2X3,"Savage Cabbage - McKennas Jig, Ships are Sailing, Ormond Sound Reels (Traditional)",The Byrne Brothers,Living the Dream,2020-10-18,19,248528,https://open.spotify.com/track/5UWerWHOC94zpyzHiNe2X3,love
6uTvjXbZSbsvUFjEvgmIVq,Tall Tales: My Former Wife/The Mystery Inch/The Dregs of Birch,Goitse,Tall Tales & Misadventures,2014-10-17,0,217226,https://open.spotify.com/track/6uTvjXbZSbsvUFjEvgmIVq,love
5gkGINjJZ3YFq0SUrxZPJK,Farewell to Gibraltar,The Fire,Marigold,2021-01-01,12,262773,https://open.spotify.com/track/5gkGINjJZ3YFq0SUrxZPJK,love
6zCiKvO2MmNzxupmwy1cLf,The Exorcists,Skerryvore,Evo,2018-06-11,27,308866,https://open.spotify.com/track/6zCiKvO2MmNzxupmwy1cLf,love
6ZPnAAbtjZpQpCXBMXqYrW,Compass,The Gothard Sisters,Compass,2013-08-14,25,129386,https://open.spotify.com/track/6ZPnAAbtjZpQpCXBMXqYrW,love
7njxtltqkuWEto4O5QAQtM,The Minstrel Boy - Instrumental,The Corrs,"Forgiven, Not Forgotten",1995-09-26,28,132493,https://open.spotify.com/track/7njxtltqkuWEto4O5QAQtM,love
1AlmC7oqow2RwqBlsMWpIS,Wee Smoky,Project Smok,Wee Smoky,2021-03-05,34,203204,https://open.spotify.com/track/1AlmC7oqow2RwqBlsMWpIS,love
4osJQB4XEWruMTNciHqD0q,The Parting Glass,Scythian,Old Tin Can,2015-05-21,21,112866,https://open.spotify.com/track/4osJQB4XEWruMTNciHqD0q,love
2t6dq7278w9vxw0PDqz8OE,Kings,"Ross Ainslie, Ali Hutton",Symbiosis II,2018-04-20,31,389453,https://open.spotify.com/track/2t6dq7278w9vxw0PDqz8OE,love
0le9RgtLuTn2h7VhDPw6He,The Finale,Socks in the Frying Pan,Socks in the Frying Pan,2012-11-08,17,258800,https://open.spotify.com/track/0le9RgtLuTn2h7VhDPw6He,love
4GcYFC84m3C3GOPDihk9mr,A Milli - Re-Mastered 2008,Lil Wayne,A Milli (SIDEPIECE Remix),2023-01-13,46,221840,https://open.spotify.com/track/4GcYFC84m3C3GOPDihk9mr,love
4K9Tu0YDhI0jsaObq98Ikm,Lollipop,"Lil Wayne, Static Major",Lollipop,2008-01-01,49,301160,https://open.spotify.com/track/4K9Tu0YDhI0jsaObq98Ikm,love
4lWJjtWbDDALpK9tVG8Dho,Love Me,"Lil Wayne, Drake, Future",Love Me,2013-01-01,50,255280,https://open.spotify.com/track/4lWJjtWbDDALpK9tVG8Dho,love
19xHOPju4WdsErvJo0gJHc,How To Love,Lil Wayne,How To Love,2011-01-01,0,244386,https://open.spotify.com/track/19xHOPju4WdsErvJo0gJHc,love
3EbqIBz1CFoNiyiWPin0vR,6 Foot 7 Foot,"Lil Wayne, Cory Gunz",6 Foot 7 Foot,2010-01-01,0,249293,https://open.spotify.com/track/3EbqIBz1CFoNiyiWPin0vR,love
3VzPDJANEKoTqwXDv1KDio,Mrs. Officer,"Lil Wayne, Bobby V., Kidd Kidd",Mrs. Officer (Sped Up),2023-10-10,43,286906,https://open.spotify.com/track/3VzPDJANEKoTqwXDv1KDio,love
5hUYsaOyMY32yjRXeuQwGj,Mirror,"Lil Wayne, Bruno Mars",Tha Carter IV (Complete Edition),2011-08-29,77,228093,https://open.spotify.com/track/5hUYsaOyMY32yjRXeuQwGj,love
3BUWNzPWz2mDbptZmGEXpB,Let It All Work Out,Lil Wayne,Tha Carter V,2018-09-28,80,316192,https://open.spotify.com/track/3BUWNzPWz2mDbptZmGEXpB,love
0dbTQYW3Ad1FTzIA9t90E8,Mona Lisa (feat. Kendrick Lamar),"Lil Wayne, Kendrick Lamar",Tha Carter V,2018-09-28,67,324189,https://open.spotify.com/track/0dbTQYW3Ad1FTzIA9t90E8,love
5BQrp63SHCVf4bzCzJePne,Don't Cry (feat. XXXTENTACION),"Lil Wayne, XXXTENTACION",Tha Carter V,2018-09-28,62,249450,https://open.spotify.com/track/5BQrp63SHCVf4bzCzJePne,love
77q65VGEbRnJlnX50UfnZS,Drop The World,"Lil Wayne, Eminem",Rebirth (International Explicit Deluxe Version),2010-01-01,61,229226,https://open.spotify.com/track/77q65VGEbRnJlnX50UfnZS,love
3SShjQBczSt1HMpWA9zbwE,Rich As Fuck,"Lil Wayne, 2 Chainz",I Am Not A Human Being II (Deluxe),2013-01-01,67,223173,https://open.spotify.com/track/3SShjQBczSt1HMpWA9zbwE,love
6c2Wepr15iM8q7L05P8Fgh,Right Above It,"Lil Wayne, Drake",I Am Not A Human Being,2010-01-01,42,271946,https://open.spotify.com/track/6c2Wepr15iM8q7L05P8Fgh,love
04QTusNVhoUHOx7L9jHRHZ,Got Money,"Lil Wayne, T-Pain",Tha Carter III,2008-01-01,49,244626,https://open.spotify.com/track/04QTusNVhoUHOx7L9jHRHZ,love
0BKXZkU8oGad58MyTFyFXu,Blunt Blowin,Lil Wayne,Tha Carter IV (Complete Edition),2011-08-29,65,312960,https://open.spotify.com/track/0BKXZkU8oGad58MyTFyFXu,love
6CRrwIg9Npe2WQ0Xmrc4Tp,3 Peat,Lil Wayne,Tha Carter III,2008-01-01,47,199426,https://open.spotify.com/track/6CRrwIg9Npe2WQ0Xmrc4Tp,love
4svCVV4VHEL3Z4efES868h,Go DJ,Lil Wayne,Tha Carter,2004-01-01,3,281826,https://open.spotify.com/track/4svCVV4VHEL3Z4efES868h,love
0aq7ohTG6VDYQvsnAYtA5e,Fireman,Lil Wayne,Tha Carter II,2005-01-01,2,263546,https://open.spotify.com/track/0aq7ohTG6VDYQvsnAYtA5e,love
2334WaCjswLcRIRgTTPWaZ,Hustler Musik,Lil Wayne,Tha Carter II,2005-01-01,4,303666,https://open.spotify.com/track/2334WaCjswLcRIRgTTPWaZ,love
71XCHbCxGNvTjZqupUf0h1,Mr. Carter,"Lil Wayne, JAY-Z",Tha Carter III,2008-01-01,54,316266,https://open.spotify.com/track/71XCHbCxGNvTjZqupUf0h1,love
6Az6jpQiP5m8U3yA6bLSGb,Let The Beat Build,Lil Wayne,Tha Carter III,2008-01-01,41,309000,https://open.spotify.com/track/6Az6jpQiP5m8U3yA6bLSGb,love
5cGpjfgAvidLy6znwkCxkP,Can't Be Broken,Lil Wayne,Tha Carter V,2018-09-28,61,193243,https://open.spotify.com/track/5cGpjfgAvidLy6znwkCxkP,love
0Y7di9ZCmB6Elad5WISaPc,Dedicate,Lil Wayne,Tha Carter V,2018-09-28,57,189908,https://open.spotify.com/track/0Y7di9ZCmB6Elad5WISaPc,love
7dVHOqCffbYh40RXcX9c7P,No Worries,"Lil Wayne, Detail",No Worries,2012-01-01,0,222973,https://open.spotify.com/track/7dVHOqCffbYh40RXcX9c7P,love
63MtsInu01ReWF9M4rl7dq,I'm Me,Lil Wayne,The Leak,2007-01-01,56,295360,https://open.spotify.com/track/63MtsInu01ReWF9M4rl7dq,love
5tn6wlaiG7NgxnaWM5czl6,John,"Lil Wayne, Rick Ross",John,2011-01-01,0,287426,https://open.spotify.com/track/5tn6wlaiG7NgxnaWM5czl6,love
6t2eIONH4Sax3R21QWiKNp,Believe Me,"Lil Wayne, Drake",Believe Me,2014-05-28,63,337640,https://open.spotify.com/track/6t2eIONH4Sax3R21QWiKNp,love
3C9UV0uRiF3DAKe1tCWIdU,I'm Single,"Lil Wayne, Drake",I Am Not A Human Being,2010-01-01,52,333040,https://open.spotify.com/track/3C9UV0uRiF3DAKe1tCWIdU,love
4Kz4RdRCceaA9VgTqBhBfa,The Motto,"Drake, Lil Wayne",Take Care (Deluxe),2011-11-15,74,181573,https://open.spotify.com/track/4Kz4RdRCceaA9VgTqBhBfa,love
5k9BIHGgVxlpQ5G7MzqAvg,My Homies Still,"Lil Wayne, Big Sean",I Am Not A Human Being II (Deluxe),2013-01-01,47,247106,https://open.spotify.com/track/5k9BIHGgVxlpQ5G7MzqAvg,love
2wcWI9jQcuR8h8YRPHZpd2,Prom Queen,"Lil Wayne, Shanell",Rebirth (International Explicit Deluxe Version),2010-01-01,33,217400,https://open.spotify.com/track/2wcWI9jQcuR8h8YRPHZpd2,love
5j3Xbj13alt8bXa569YOQv,Knockout,"Lil Wayne, Nicki Minaj",Rebirth (International Explicit Deluxe Version),2010-01-01,41,249306,https://open.spotify.com/track/5j3Xbj13alt8bXa569YOQv,love
3cSuhzV7wKX5diQ8hos78P,Steady Mobbin,"Young Money, Gucci Mane",We Are Young Money,2009-01-01,62,310733,https://open.spotify.com/track/3cSuhzV7wKX5diQ8hos78P,love
3vWzyGTu6Ovo1GdrcJqH6e,Scared of the Dark (feat. XXXTENTACION),"Lil Wayne, Ty Dolla $ign, XXXTENTACION",Spider-Man: Into the Spider-Verse (Soundtrack From & Inspired by the Motion Picture),2018-12-14,70,233000,https://open.spotify.com/track/3vWzyGTu6Ovo1GdrcJqH6e,love
4dASQiO1Eoo3RJvt74FtXB,"Sucker for Pain (with Wiz Khalifa, Imagine Dragons, Logic & Ty Dolla $ign feat. X Ambassadors)","Lil Wayne, Wiz Khalifa, Imagine Dragons, X Ambassadors, Logic, Ty Dolla $ign",Sucker for Pain (with Logic & Ty Dolla $ign feat. X Ambassadors),2016-06-24,78,243490,https://open.spotify.com/track/4dASQiO1Eoo3RJvt74FtXB,love
4MRT0dDbhqFKl67WzhUbSw,Only,"Nicki Minaj, Drake, Lil Wayne, Chris Brown",The Pinkprint (Deluxe),2014-12-15,63,312026,https://open.spotify.com/track/4MRT0dDbhqFKl67WzhUbSw,love
5BrTUo0xP1wKXLJWUaGFtk,Loyal (feat. Lil Wayne & Tyga),"Chris Brown, Lil Wayne, Tyga",X (Expanded Edition),2014-09-16,80,264946,https://open.spotify.com/track/5BrTUo0xP1wKXLJWUaGFtk,love
3DXncPQOG4VBw3QHh3S817,"I'm the One (feat. Justin Bieber, Quavo, Chance the Rapper & Lil Wayne)","DJ Khaled, Justin Bieber, Quavo, Chance the Rapper, Lil Wayne",Grateful,2017-06-22,72,288600,https://open.spotify.com/track/3DXncPQOG4VBw3QHh3S817,love
6bxUnsSGZCmoHHU5auwtps,Beware,"Big Sean, Lil Wayne, Jhené Aiko",Hall Of Fame (Deluxe),2013-01-01,68,235186,https://open.spotify.com/track/6bxUnsSGZCmoHHU5auwtps,love
7bHT9osSq1rwT2yaImzqCi,No Love,"Eminem, Lil Wayne",Recovery,2010-06-18,70,299506,https://open.spotify.com/track/7bHT9osSq1rwT2yaImzqCi,love
6TrNRd98WksT9Kkmx9uj6R,Let It Rock,"Kevin Rudolf, Lil Wayne",In The City,2008-01-01,70,231173,https://open.spotify.com/track/6TrNRd98WksT9Kkmx9uj6R,love
0m1KYWlT6LhFRBDVq9UNx4,HYFR (Hell Ya Fucking Right),"Drake, Lil Wayne",Take Care (Deluxe),2011-11-15,72,206626,https://open.spotify.com/track/0m1KYWlT6LhFRBDVq9UNx4,love
3UrNOHCzVxX2KZbNcKQAyu,High School,"Nicki Minaj, Lil Wayne",Pink Friday: Roman Reloaded The Re-Up (Explicit Version),2012-01-01,66,218746,https://open.spotify.com/track/3UrNOHCzVxX2KZbNcKQAyu,love
6rbhWExtuchhpLC5fHnB8n,Motivation,"Kelly Rowland, Lil Wayne",Here I Am (Deluxe Version),2011-01-01,71,230560,https://open.spotify.com/track/6rbhWExtuchhpLC5fHnB8n,love
7n6TT5TDeS0A1DqEtSdapf,I Can Transform Ya (feat. Swizz Beatz & Lil' Wayne),"Chris Brown, Swizz Beatz, Lil Wayne",Graffiti (Expanded Edition),2009-12-08,57,228640,https://open.spotify.com/track/7n6TT5TDeS0A1DqEtSdapf,love
4GVD0FIBo08FSAy3tbIY7g,Pop That,"French Montana, Rick Ross, Drake, Lil Wayne",Excuse My French (Deluxe),2013-01-01,46,303533,https://open.spotify.com/track/4GVD0FIBo08FSAy3tbIY7g,love
0yQw3d0iQDjMrxaVHFv77J,Strange Clouds (feat. Lil Wayne),"B.o.B, Lil Wayne",Strange Clouds,2012-04-27,57,226293,https://open.spotify.com/track/0yQw3d0iQDjMrxaVHFv77J,love
1OV0NdKXoWzwRtz8HNJOBb,Faded,"Tyga, Lil Wayne",Careless World: Rise Of The Last King,2012-01-01,0,206666,https://open.spotify.com/track/1OV0NdKXoWzwRtz8HNJOBb,love
2QUVk7QscEdZiHi7zs4ycM,Leather So Soft,"Birdman, Lil Wayne",Like Father Like Son,2006-01-01,55,291413,https://open.spotify.com/track/2QUVk7QscEdZiHi7zs4ycM,love
3rMyMv8EjKXoPnaRo2hdJN,Stuntin' Like My Daddy - Street,"Birdman, Lil Wayne",Like Father Like Son,2006-01-01,62,267293,https://open.spotify.com/track/3rMyMv8EjKXoPnaRo2hdJN,love
4gaz3uvhKgO078XcdzyPsl,Money To Blow - Street Version,"Birdman, Lil Wayne, Drake",Pricele$$,2009-11-23,58,258586,https://open.spotify.com/track/4gaz3uvhKgO078XcdzyPsl,love
2Ytqx1mGEYZ2oJQIpTRNM8,GANG GANG (with Lil Wayne),"Polo G, Lil Wayne",GANG GANG (with Lil Wayne),2021-05-21,29,178758,https://open.spotify.com/track/2Ytqx1mGEYZ2oJQIpTRNM8,love
4FTOpNYcGxnQdGNWSxIcio,Soldier (feat. T.I. & Lil' Wayne),"Destiny's Child, T.I., Lil Wayne",Destiny Fulfilled,2004-11-16,61,325573,https://open.spotify.com/track/4FTOpNYcGxnQdGNWSxIcio,love
7EZPH9Px3gXlxD5KJDwtwc,Bandz A Make Her Dance (feat. Lil' Wayne & 2 Chainz),"Juicy J, Lil Wayne, 2 Chainz",Stay Trippy,2013-08-23,66,278826,https://open.spotify.com/track/7EZPH9Px3gXlxD5KJDwtwc,love
5aooThgj87ID0vgiyvcjPM,I'm Goin In,"Drake, Lil Wayne, Jeezy",I'm Goin In,2009-09-15,64,225306,https://open.spotify.com/track/5aooThgj87ID0vgiyvcjPM,love
6NwhtCYkfwWlcR62Ac4E7y,Successful (feat. Trey Songz & Lil Wayne),"Drake, Trey Songz, Lil Wayne",So Far Gone,2009,60,375050,https://open.spotify.com/track/6NwhtCYkfwWlcR62Ac4E7y,love
0X7y06KlsqnRXI0da0DWc9,"Order More (feat. Lil Wayne, Yo Gotti & Starrah)","G-Eazy, Lil Wayne, Yo Gotti, Starrah","Order More (feat. Lil Wayne, Yo Gotti & Starrah)",2016-04-01,34,252630,https://open.spotify.com/track/0X7y06KlsqnRXI0da0DWc9,love
608a1wIsSd5KzMEqm1O7w3,I'm On One,"DJ Khaled, Drake, Rick Ross, Lil Wayne",We The Best Forever,2011-01-01,73,296146,https://open.spotify.com/track/608a1wIsSd5KzMEqm1O7w3,love
4jxCOWZ9Fv0Q028l4UtcsK,Buy the World,"Lil Wayne, Kendrick Lamar, Future",Loosing Myself,2014,35,226796,https://open.spotify.com/track/4jxCOWZ9Fv0Q028l4UtcsK,love
7387VaiHpOsSIZ5nmjseya,Barry Bonds,"Kanye West, Lil Wayne",Graduation,2007-09-11,62,204306,https://open.spotify.com/track/7387VaiHpOsSIZ5nmjseya,love
5r25QBiGwvvKCmMGO4LmHI,Gonorrhea,"Lil Wayne, Drake",I Am Not A Human Being,2010-01-01,22,262440,https://open.spotify.com/track/5r25QBiGwvvKCmMGO4LmHI,love
01Ynfp1UOc9Tep3a25ySqX,Hot Revolver,"Lil Wayne, Dre",I Am Not A Human Being II (Deluxe),2013-01-01,39,200546,https://open.spotify.com/track/01Ynfp1UOc9Tep3a25ySqX,love
1gpSrGUfU3F9TOzPlEyLxH,Gotta Lotta,"2 Chainz, Lil Wayne",COLLEGROVE,2016-03-03,46,214720,https://open.spotify.com/track/1gpSrGUfU3F9TOzPlEyLxH,love
5jfdZRtygUxV50rsbIF5zj,"Cuddy Buddy (feat. Lil Wayne, T-Pain & Twista)","Mike Jones, Lil Wayne, T-Pain, Twista",The Voice,2009-04-24,47,278026,https://open.spotify.com/track/5jfdZRtygUxV50rsbIF5zj,love
6o2g1BJvtYQssH84kBYs7y,Back That Azz Up,"JUVENILE, Lil Wayne, Mannie Fresh",400 Degreez,1998-11-03,69,265600,https://open.spotify.com/track/6o2g1BJvtYQssH84kBYs7y,love
078C2jXg7XsMgW78Gfx1JA,SMUCKERS (feat. Lil Wayne & Kanye West),"Tyler, The Creator, Lil Wayne, Kanye West",Cherry Bomb,2015-04-13,63,334363,https://open.spotify.com/track/078C2jXg7XsMgW78Gfx1JA,love
3JJL91ilRV6fXhKqu0FGXs,HOT WIND BLOWS (feat. Lil Wayne),"Tyler, The Creator, Lil Wayne",CALL ME IF YOU GET LOST,2021-06-25,65,155292,https://open.spotify.com/track/3JJL91ilRV6fXhKqu0FGXs,love
6Dq8FZrvx9S28iyaKSwn9x,"Jealous (feat. Chris Brown, Lil Wayne & Big Sean)","DJ Khaled, Chris Brown, Lil Wayne, Big Sean",Father Of Asahd,2019-05-17,52,255101,https://open.spotify.com/track/6Dq8FZrvx9S28iyaKSwn9x,love
7IECs9d4Rrlpa7tiHOCE1w,My Window (feat. Lil Wayne),"YoungBoy Never Broke Again, Lil Wayne",Top,2020-09-11,57,192000,https://open.spotify.com/track/7IECs9d4Rrlpa7tiHOCE1w,love
3EVzllf30zIBAtKb75bs1W,Forever (feat. Lil Wayne),"Lil Baby, Lil Wayne",My Turn,2020-02-28,51,201615,https://open.spotify.com/track/3EVzllf30zIBAtKb75bs1W,love
5XbA7TAqsD0fj0dGBrbb0D,I Heard You’re Married (feat. Lil Wayne),"The Weeknd, Lil Wayne",Dawn FM,2022-01-06,59,263641,https://open.spotify.com/track/5XbA7TAqsD0fj0dGBrbb0D,love
1T4tQ4SSagbhAKpvcWg035,ay! (feat. Lil Wayne),"mgk, Lil Wayne",mainstream sellout,2022-03-25,60,124188,https://open.spotify.com/track/1T4tQ4SSagbhAKpvcWg035,love
0v9Wz8o0BT8DU38R4ddjeH,No Problem (feat. Lil Wayne & 2 Chainz),"Chance the Rapper, Lil Wayne, 2 Chainz",Coloring Book,2016-05-27,64,304606,https://open.spotify.com/track/0v9Wz8o0BT8DU38R4ddjeH,love
39MK3d3fonIP8Mz9oHCTBB,"Annihilate (Spider-Man: Across the Spider-Verse) (Metro Boomin & Swae Lee, Lil Wayne, Offset)","Metro Boomin, Swae Lee, Lil Wayne, Offset",METRO BOOMIN PRESENTS SPIDER-MAN: ACROSS THE SPIDER-VERSE (SOUNDTRACK FROM AND INSPIRED BY THE MOTION PICTURE),2023-06-02,71,231746,https://open.spotify.com/track/39MK3d3fonIP8Mz9oHCTBB,love
5xzcgldpCjPqgpE5clKkQO,Me U and Hennessy,"Lil Wayne, DeJ Loaf",Heres to the Roc,2015-01-01,39,225072,https://open.spotify.com/track/5xzcgldpCjPqgpE5clKkQO,love
6M07mzRP5ByQiWexLtR8PU,I'm So Paid,"Akon, Lil Wayne, Jeezy",Freedom,2008-01-01,67,264666,https://open.spotify.com/track/6M07mzRP5ByQiWexLtR8PU,love
63p3Slj0shAFP0Q7dQetj5,Used To,"Drake, Lil Wayne",If You're Reading This It's Too Late,2015-02-12,58,268480,https://open.spotify.com/track/63p3Slj0shAFP0Q7dQetj5,love
3VCYe6mCXebBgcfzaxCVNI,Both (feat. Drake & Lil Wayne) - Remix,"Gucci Mane, Drake, Lil Wayne",Both (feat. Drake & Lil Wayne) [Remix],2017-04-14,51,252016,https://open.spotify.com/track/3VCYe6mCXebBgcfzaxCVNI,love
50ceCGZ3oD3U5caQV5bP6f,You Only Live Twice (with Lil Wayne & Rick Ross),"Drake, Lil Wayne, Rick Ross",Certified Lover Boy,2021-09-03,64,213103,https://open.spotify.com/track/50ceCGZ3oD3U5caQV5bP6f,love
6supMAknraGpJrN5qqYfV8,Good Form (feat. Lil Wayne) - Remix,"Nicki Minaj, Lil Wayne",Queen (Deluxe),2018-11-29,58,237493,https://open.spotify.com/track/6supMAknraGpJrN5qqYfV8,love
7kph8uPhOXHMfKzPJvIeah,Rich Sex (feat. Lil Wayne),"Nicki Minaj, Lil Wayne",Rich Sex (feat. Lil Wayne),2018-06-11,0,192453,https://open.spotify.com/track/7kph8uPhOXHMfKzPJvIeah,love
6pmNoWKk0r6zfIjWneJRxR,Lonely (with Lil Wayne),"DaBaby, Lil Wayne",Lonely (with Lil Wayne),2021-09-09,55,154432,https://open.spotify.com/track/6pmNoWKk0r6zfIjWneJRxR,love
2sU9EjevkrU9OkPZudvFNN,Believer (feat. Lil Wayne),"Imagine Dragons, Lil Wayne",Believer (feat. Lil Wayne),2019-01-07,62,219705,https://open.spotify.com/track/2sU9EjevkrU9OkPZudvFNN,love
1bRO28yzxgO3y3UmNR29TZ,"I Do It (ft. Big Sean, Lil Baby)","Lil Wayne, Big Sean, Lil Baby",Funeral,2020-01-31,48,184440,https://open.spotify.com/track/1bRO28yzxgO3y3UmNR29TZ,love
0q7LGcVSpsIoSbjChtZ8lI,Uptown (feat. Bun B & Lil Wayne),"Drake, Bun B, Lil Wayne",So Far Gone,2009,59,382262,https://open.spotify.com/track/0q7LGcVSpsIoSbjChtZ8lI,love
3JX0dOCIAiaR8MP3ryXWuM,What About Me (feat. Sosamann),"Lil Wayne, Sosamann",Tha Carter V,2018-09-28,48,216961,https://open.spotify.com/track/3JX0dOCIAiaR8MP3ryXWuM,love
39u2PsqrAZpZ0KPx6CjasV,Droppin' Seeds (feat. Lil' Wayne),"Tyler, The Creator, Lil Wayne",Flower Boy,2017-07-21,57,60000,https://open.spotify.com/track/39u2PsqrAZpZ0KPx6CjasV,love
05r1GGg1Rhs0RcUg27C82a,Famous (feat. Reginae Carter),"Lil Wayne, Reginae Carter",Tha Carter V,2018-09-28,54,242050,https://open.spotify.com/track/05r1GGg1Rhs0RcUg27C82a,love
66TxPMqbyDLJOusYH4o93n,MegaMan,Lil Wayne,Tha Carter IV (Complete Edition),2011-08-29,60,198280,https://open.spotify.com/track/66TxPMqbyDLJOusYH4o93n,love
15WOWZpw9YnE4RQQnXHQqW,President Carter,Lil Wayne,Tha Carter IV (Complete Edition),2011-08-29,57,255373,https://open.spotify.com/track/15WOWZpw9YnE4RQQnXHQqW,love
5IvdLxVB8gwwcgnEkXSSW2,Dark Side Of The Moon (feat. Nicki Minaj),"Lil Wayne, Nicki Minaj",Tha Carter V,2018-09-28,47,242972,https://open.spotify.com/track/5IvdLxVB8gwwcgnEkXSSW2,love
6EW1fwOk4JHmTZKINZsyjB,B.B. King Freestyle (with Drake),"Lil Wayne, Drake",B.B. King Freestyle,2020-11-30,57,222801,https://open.spotify.com/track/6EW1fwOk4JHmTZKINZsyjB,love
2AwyHlbA6f641SEkizD5JG,Dope Niggaz (feat. Snoop Dogg),"Lil Wayne, Snoop Dogg",Tha Carter V,2018-09-28,49,205983,https://open.spotify.com/track/2AwyHlbA6f641SEkizD5JG,love
4C74fzgOAALiqMqRmSDOxf,Gunwalk,"Lil Wayne, Gudda Gudda",I Am Not A Human Being II (Deluxe),2013-01-01,52,271080,https://open.spotify.com/track/4C74fzgOAALiqMqRmSDOxf,love
26rzYxyfEcuAfga8ZtPt64,Nightmares Of The Bottom,Lil Wayne,Tha Carter IV (Complete Edition),2011-08-29,55,281080,https://open.spotify.com/track/26rzYxyfEcuAfga8ZtPt64,love
6y4pOReFqH2wzo4CV91cZC,Mess,Lil Wayne,Tha Carter V,2018-09-28,50,212427,https://open.spotify.com/track/6y4pOReFqH2wzo4CV91cZC,love
1paIMWwjQxE1GX3hqQ8IUW,Senile,"Young Money, Tyga, Nicki Minaj, Lil Wayne",Rise Of An Empire (Deluxe Edition),2014-01-01,50,198933,https://open.spotify.com/track/1paIMWwjQxE1GX3hqQ8IUW,love
2wtJbMAEeCICHkszAggSw4,Uoeno - Remix,Young Money,Trappin Aint Eazy Vol 1,2014-09-26,53,229459,https://open.spotify.com/track/2wtJbMAEeCICHkszAggSw4,love
66abp9XIEaMOw4JZhdSLPV,Deep,"Lil Wayne, Big Sean",Heres to the Roc,2015-01-01,3,275958,https://open.spotify.com/track/66abp9XIEaMOw4JZhdSLPV,love
4HTY26kzdGCKJF1EqcRd2J,Feelin' Like Tunechi,"Lil Wayne, Rich The Kid",Trust Fund Babies,2021-10-01,44,186059,https://open.spotify.com/track/4HTY26kzdGCKJF1EqcRd2J,love
610FzmkhFSsORpECZbjT4X,Bill Gates,Lil Wayne,I Am Not A Human Being,2010-01-01,56,258786,https://open.spotify.com/track/610FzmkhFSsORpECZbjT4X,love
5f9JYuHSIHjp6rggue13RS,Mahogany,Lil Wayne,Funeral,2020-01-31,49,177866,https://open.spotify.com/track/5f9JYuHSIHjp6rggue13RS,love
5s6pKnF3ZPtuqvEx1i1V7U,Hittas,Lil Wayne,Tha Carter V,2018-09-28,45,223617,https://open.spotify.com/track/5s6pKnF3ZPtuqvEx1i1V7U,love
0ubdf6zWT1It2saK41SkO0,Problems,Lil Wayne,Tha Carter V,2018-09-28,44,208504,https://open.spotify.com/track/0ubdf6zWT1It2saK41SkO0,love
7EgI0dCaQuHFe3OTj5EpWI,Open Safe,Lil Wayne,Tha Carter V,2018-09-28,46,223938,https://open.spotify.com/track/7EgI0dCaQuHFe3OTj5EpWI,love
68lOQPb5tX8U2cQRuas0L2,Used 2,Lil Wayne,Tha Carter V,2018-09-28,47,240199,https://open.spotify.com/track/68lOQPb5tX8U2cQRuas0L2,love
2DnH4XlEkghUdE8ymdVom5,Open Letter,Lil Wayne,Tha Carter V,2018-09-28,47,269286,https://open.spotify.com/track/2DnH4XlEkghUdE8ymdVom5,love
1Dk3CfJEtqvj7Xg2AWwfEn,Took His Time,Lil Wayne,Tha Carter V,2018-09-28,46,262399,https://open.spotify.com/track/1Dk3CfJEtqvj7Xg2AWwfEn,love
4E3qImtJzRqLt8ZZyLceOE,Perfect Strangers,Lil Wayne,Tha Carter V,2018-09-28,46,249751,https://open.spotify.com/track/4E3qImtJzRqLt8ZZyLceOE,love
1EjzkhMFJgl08Qkn2uDV1d,EveryGirl In The World,Young Money,We Are Young Money,2009-01-01,58,313400,https://open.spotify.com/track/1EjzkhMFJgl08Qkn2uDV1d,love
4RAanjdCy7GKo8ijZlDq6O,Comfortable,"Lil Wayne, Babyface",Tha Carter III,2008-01-01,47,265240,https://open.spotify.com/track/4RAanjdCy7GKo8ijZlDq6O,love
3FKj2zOWuAt8wbpv3F2h6b,What About Me (feat. Post Malone),"Lil Wayne, Post Malone",Tha Carter V (Deluxe),2020-09-25,48,216961,https://open.spotify.com/track/3FKj2zOWuAt8wbpv3F2h6b,love
6Y6f7LSvHxUA61ItYiSMKE,Money On My Mind,Lil Wayne,Tha Carter II,2005-01-01,1,271573,https://open.spotify.com/track/6Y6f7LSvHxUA61ItYiSMKE,love
079lsExLsjditCh8XyUn0L,Best Rapper Alive,Lil Wayne,Tha Carter II,2005-01-01,1,293680,https://open.spotify.com/track/079lsExLsjditCh8XyUn0L,love
3MbOT5mzE94Ne0Hv51akoS,Brand New,"Tyga, YG, Lil Wayne",Brand New,2023-09-27,53,182532,https://open.spotify.com/track/3MbOT5mzE94Ne0Hv51akoS,love
2ZiMQKIieJ7GTRYnO8fP8p,How To Hate,"Lil Wayne, T-Pain",Tha Carter IV (Complete Edition),2011-08-29,52,278520,https://open.spotify.com/track/2ZiMQKIieJ7GTRYnO8fP8p,love
0FEZedp3QtZK11jcphYQ4y,It's Good,"Lil Wayne, Drake, Jadakiss",Tha Carter IV (Complete Edition),2011-08-29,49,241466,https://open.spotify.com/track/0FEZedp3QtZK11jcphYQ4y,love
3f4MjCmGeEjuJ9EhswsRpe,MFN Right - Remix,"2 Chainz, Lil Wayne",MFN Right (Remix),2016-05-20,39,226240,https://open.spotify.com/track/3f4MjCmGeEjuJ9EhswsRpe,love
7cG6SxmQ24hQWnR8UThrk2,Dope New Gospel (feat. Nivea),"Lil Wayne, Nivea",Tha Carter V,2018-09-28,42,207186,https://open.spotify.com/track/7cG6SxmQ24hQWnR8UThrk2,love
2ehLKvUsJq3EUAPpvT5GOM,Kant Nobody (feat. DMX),"Lil Wayne, DMX",Kant Nobody,2023-02-23,47,180359,https://open.spotify.com/track/2ehLKvUsJq3EUAPpvT5GOM,love
7gj2lWAhnEbfGVHFijrEQq,Trigger Finger,"Lil Wayne, Soulja Boy",I Am Not A Human Being II (Deluxe),2013-01-01,50,272386,https://open.spotify.com/track/7gj2lWAhnEbfGVHFijrEQq,love
6q2E39lHDt7ImGt8fRlb8p,Tie My Hands,"Lil Wayne, Robin Thicke",Tha Carter III,2008-01-01,40,319400,https://open.spotify.com/track/6q2E39lHDt7ImGt8fRlb8p,love
6lVJb47gQEh3PV585qgRoy,Grindin',"Lil Wayne, Drake",Grindin',2014-01-01,42,306173,https://open.spotify.com/track/6lVJb47gQEh3PV585qgRoy,love
77AFbmhuNcN1iilrlay6oA,Shoot Me Down,"Lil Wayne, D-Smith",Tha Carter III,2008-01-01,40,269533,https://open.spotify.com/track/77AFbmhuNcN1iilrlay6oA,love
4AZKDSYA1qtpiZQBdXno2j,Twist Made Me,Lil Wayne,Sorry 4 The Wait,2022-01-14,65,148610,https://open.spotify.com/track/4AZKDSYA1qtpiZQBdXno2j,love
524yEMK9wdiqPMqkE9kd9H,Sorry 4 The Wait,Lil Wayne,Sorry 4 The Wait,2022-01-14,63,156525,https://open.spotify.com/track/524yEMK9wdiqPMqkE9kd9H,love
33NAQaVm6TRv1phc0fPsfb,Multiple Flows (with Lil Uzi Vert),"Lil Wayne, Lil Uzi Vert",Funeral (Deluxe),2020-05-29,54,234054,https://open.spotify.com/track/33NAQaVm6TRv1phc0fPsfb,love
1phfqF2ZNrLAOMFuLb0ZsN,So Special,"Lil Wayne, John Legend",Tha Carter IV (Complete Edition),2011-08-29,46,232093,https://open.spotify.com/track/1phfqF2ZNrLAOMFuLb0ZsN,love
5RlLub78x2FhFhSNs1D2nE,Trippy,"Lil Wayne, Juicy J",I Am Not A Human Being II (Deluxe),2013-01-01,45,263546,https://open.spotify.com/track/5RlLub78x2FhFhSNs1D2nE,love
61KqckN5YR9rQS1j5NKMwo,God Bless Amerika,Lil Wayne,I Am Not A Human Being II (Deluxe),2013-01-01,45,303000,https://open.spotify.com/track/61KqckN5YR9rQS1j5NKMwo,love
3LHWJ7C6P8fGzpdoiuoI3A,Krazy,Lil Wayne,Krazy,2014-07-01,41,264093,https://open.spotify.com/track/3LHWJ7C6P8fGzpdoiuoI3A,love
63NTlJWNS65JjsE3QJYr20,Changed It,"Nicki Minaj, Lil Wayne",Changed It,2017-03-09,39,295653,https://open.spotify.com/track/63NTlJWNS65JjsE3QJYr20,love
0jo05KdMRbYUc7doLzDaKu,In This House (feat. Gucci Mane),"Lil Wayne, Gucci Mane",Tha Carter V (Deluxe),2020-09-25,33,212131,https://open.spotify.com/track/0jo05KdMRbYUc7doLzDaKu,love
4UXpJDvdsfneLvT09oJocg,Roger That,Young Money,We Are Young Money,2009-01-01,51,209826,https://open.spotify.com/track/4UXpJDvdsfneLvT09oJocg,love
2oCnvzY9Avb6b7yQwiPtAF,Beat The Shit,"Lil Wayne, Gunplay",I Am Not A Human Being II (Deluxe),2013-01-01,37,268533,https://open.spotify.com/track/2oCnvzY9Avb6b7yQwiPtAF,love
56ehF3tXMjwLJkAmuKzRE2,Surf Swag,Lil Wayne,No Ceilings,2020-08-28,59,249573,https://open.spotify.com/track/56ehF3tXMjwLJkAmuKzRE2,love
5yHevmbP3PEex0kxP2cBc5,Shoes,Lil Wayne,No Ceilings,2020-08-28,59,279092,https://open.spotify.com/track/5yHevmbP3PEex0kxP2cBc5,love
7K8vPC3GPWafq2zXHuUGXz,Mama Mia,Lil Wayne,Funeral,2020-01-31,43,225440,https://open.spotify.com/track/7K8vPC3GPWafq2zXHuUGXz,love
0YvlJPue3O5zVIckmsnIbs,Smell Like Money,"2 Chainz, Lil Wayne",COLLEGROVE,2016-03-03,37,290493,https://open.spotify.com/track/0YvlJPue3O5zVIckmsnIbs,love
6QCvI9gnU6MchZCPq99h85,Bounce,"2 Chainz, Lil Wayne",COLLEGROVE,2016-03-03,39,257773,https://open.spotify.com/track/6QCvI9gnU6MchZCPq99h85,love
46ymJU8Bt4i3nj91UV1WPk,With You,"Lil Wayne, Drake",I Am Not A Human Being,2010-01-01,54,229373,https://open.spotify.com/track/46ymJU8Bt4i3nj91UV1WPk,love
1taGiVxLW3rzZ0T5TyUrws,Interlude,"Lil Wayne, Tech N9ne",Tha Carter IV (Complete Edition),2011-08-29,45,121226,https://open.spotify.com/track/1taGiVxLW3rzZ0T5TyUrws,love
5ZAOL1owTI8LQcRTzbZ9jY,Ball Hard (ft. Lil Twist),"Lil Wayne, Lil Twist",Funeral,2020-01-31,45,178933,https://open.spotify.com/track/5ZAOL1owTI8LQcRTzbZ9jY,love
2z4eJOcmzeopzffNpor4vt,Shimmy (with Doja Cat),"Lil Wayne, Doja Cat",Funeral (Deluxe),2020-05-29,46,168202,https://open.spotify.com/track/2z4eJOcmzeopzffNpor4vt,love
6N7TGPYfGP2oxiy9Cpaz9G,Presha (with Lil Wayne),"2 Chainz, Lil Wayne",Presha,2023-10-20,51,185453,https://open.spotify.com/track/6N7TGPYfGP2oxiy9Cpaz9G,love
6WYo4HDHHvMJZU1lNebB3V,Kat Food,Lil Wayne,Kat Food,2023-09-01,46,286579,https://open.spotify.com/track/6WYo4HDHHvMJZU1lNebB3V,love
3h4HlcmWdexWJ6SSyZG67E,To The Bank,"Lil Wayne, Cool & Dre",Tha Fix Before Tha VI,2023-09-29,45,132565,https://open.spotify.com/track/3h4HlcmWdexWJ6SSyZG67E,love
2jmdxJ60YfV3fVemuLz7pD,Long Story Short (with Lil Wayne),"2 Chainz, Lil Wayne",Long Story Short,2023-11-10,45,210338,https://open.spotify.com/track/2jmdxJ60YfV3fVemuLz7pD,love
2TWSilrWcTrgVKcP8kfEfg,Unstoppable (feat. Santigold & Lil Wayne),"Drake, Santigold, Lil Wayne",So Far Gone,2009,46,209957,https://open.spotify.com/track/2TWSilrWcTrgVKcP8kfEfg,love
4DNmr6nXrvHLRh6oxOHNsz,RNB (feat. Lil Wayne & Tate Kobang),"Nicki Minaj, Lil Wayne, Tate Kobang",Pink Friday 2,2023-12-08,47,184058,https://open.spotify.com/track/4DNmr6nXrvHLRh6oxOHNsz,love
2hcohLIysMxofYziluXCoX,Ignant Shit (feat. Lil Wayne),"Drake, Lil Wayne",So Far Gone,2009,55,302492,https://open.spotify.com/track/2hcohLIysMxofYziluXCoX,love
7fxzl4qyZBDnLkcsfire2j,You Ain't Got Nuthin,"Lil Wayne, Juelz Santana, Fabolous",Tha Carter III,2008-06-10,44,327266,https://open.spotify.com/track/7fxzl4qyZBDnLkcsfire2j,love
3UO64VZNLPRhfVJ20curR4,La La,"Lil Wayne, Brisco, Busta Rhymes",Tha Carter III,2008-06-10,42,262573,https://open.spotify.com/track/3UO64VZNLPRhfVJ20curR4,love
5HZ5NjyJVMaboBgG6uQMpK,Anti-Hero (feat. Lil Tecca),"Lil Wayne, Lil Tecca",Sorry 4 The Wait,2022-01-14,48,192756,https://open.spotify.com/track/5HZ5NjyJVMaboBgG6uQMpK,love
2LZTj14T3XQaODkrtJhDHk,Hasta La Vista,Lil Wayne,Tha Carter V (Deluxe),2020-09-25,34,171840,https://open.spotify.com/track/2LZTj14T3XQaODkrtJhDHk,love
3QjQ9c1ooHiJDCqrKGC9fK,Dr. Carter,Lil Wayne,Tha Carter III,2008-06-10,43,264493,https://open.spotify.com/track/3QjQ9c1ooHiJDCqrKGC9fK,love
4TpvtkyNRfDPdNNFva1Kx6,DontGetIt,Lil Wayne,Tha Carter III,2008-06-10,46,592000,https://open.spotify.com/track/4TpvtkyNRfDPdNNFva1Kx6,love
2HzGcYDlF6pCgOXdXY5zXQ,Phone Home,Lil Wayne,Tha Carter III,2008-06-10,45,191666,https://open.spotify.com/track/2HzGcYDlF6pCgOXdXY5zXQ,love
2qfhmUBsKt9e9bxBVOEANF,I Like The View,Lil Wayne,Tha Carter IV (Complete Edition),2011-08-29,46,281266,https://open.spotify.com/track/2qfhmUBsKt9e9bxBVOEANF,love
6mTBGEeuTNbEw4RULwJfgj,Two Shots,Lil Wayne,Tha Carter IV (Complete Edition),2011-08-29,43,165013,https://open.spotify.com/track/6mTBGEeuTNbEw4RULwJfgj,love
1aQAx8RAoAF5gqk5RMpQOV,Abortion,Lil Wayne,Tha Carter IV (Complete Edition),2011-08-29,44,223920,https://open.spotify.com/track/1aQAx8RAoAF5gqk5RMpQOV,love
7sYtgBHnF2D1mgA7vNXig1,Kobe Bryant,Lil Wayne,No Ceilings,2020-08-28,47,143181,https://open.spotify.com/track/7sYtgBHnF2D1mgA7vNXig1,love
3DXjKH4NR0tRS44Sb1H8fw,Tha Mobb,Lil Wayne,Tha Carter II,2005-01-01,1,320546,https://open.spotify.com/track/3DXjKH4NR0tRS44Sb1H8fw,love
3Eu9XFVhLlcF0DpVYzONFk,Bring It Back,"Lil Wayne, Mannie Fresh",Tha Carter,2004-01-01,0,261213,https://open.spotify.com/track/3Eu9XFVhLlcF0DpVYzONFk,love
5BVVgL1FJ0wAEyNH0Mc8yX,Trust Nobody (ft. Adam Levine),"Lil Wayne, Adam Levine",Funeral,2020-01-31,36,168333,https://open.spotify.com/track/5BVVgL1FJ0wAEyNH0Mc8yX,love
7C9Yhom0eOTVIACJu4DBWo,Dreams,Lil Wayne,Funeral,2020-01-31,35,227680,https://open.spotify.com/track/7C9Yhom0eOTVIACJu4DBWo,love
28J1VeQTm2z2HC7u2qJPup,Glory,Lil Wayne,FWA,2015-07-03,42,306662,https://open.spotify.com/track/28J1VeQTm2z2HC7u2qJPup,love
6C5hEhWg9UUPaxdmXQUjeq,Mo Fire,Lil Wayne,Tha Carter II,2005-01-01,0,203733,https://open.spotify.com/track/6C5hEhWg9UUPaxdmXQUjeq,love
0DOOEWCv7Y0m3L9l6I8Jx9,Marble Floors,"Lil Wayne, Rick Ross, 2 Chainz, French Montana",Piru Dreams,2012-01-01,0,231000,https://open.spotify.com/track/0DOOEWCv7Y0m3L9l6I8Jx9,love
3BOoSdPFWkDrskE3gW646N,Take Kare,"Lil Wayne, Young Thug",Loosing Myself,2014,23,267129,https://open.spotify.com/track/3BOoSdPFWkDrskE3gW646N,love
49axQ5GW9GrrHnNwli2q73,Curtains,"Lil Wayne, Boo",I Am Not A Human Being II (Deluxe),2013-01-01,41,271533,https://open.spotify.com/track/49axQ5GW9GrrHnNwli2q73,love
4c9JlFTBNii7sOAls79DAK,Wowzerz,"Lil Wayne, Trina",I Am Not A Human Being II (Deluxe),2013-01-01,39,225360,https://open.spotify.com/track/4c9JlFTBNii7sOAls79DAK,love
0aVMIwsjeu1yBrhQOvg0eX,Days And Days,"Lil Wayne, 2 Chainz",I Am Not A Human Being II (Deluxe),2013-01-01,41,193306,https://open.spotify.com/track/0aVMIwsjeu1yBrhQOvg0eX,love
2QLWLAqMMJuiBRztcBFgvM,I Am Not A Human Being,Lil Wayne,I Am Not A Human Being,2010-01-01,43,244746,https://open.spotify.com/track/2QLWLAqMMJuiBRztcBFgvM,love
2bcoefFvjSgbq7IPBEVLNt,Intro,Lil Wayne,Tha Carter IV (Complete Edition),2011-08-29,43,172053,https://open.spotify.com/track/2bcoefFvjSgbq7IPBEVLNt,love
6qWcnAuuHuxaEPUO65noVz,Sex in the Lounge,Lil Wayne,Valley of Death,2013-05-30,16,207751,https://open.spotify.com/track/6qWcnAuuHuxaEPUO65noVz,love
6Nr3QjImPUhCpUgnykO7hm,Fly In,Lil Wayne,Tha Carter II,2005-01-01,0,143146,https://open.spotify.com/track/6Nr3QjImPUhCpUgnykO7hm,love
0nDCgWmID4UcKJQ4muVPen,Outro,"Lil Wayne, Bun B, Nas, Shyne, Busta Rhymes",Tha Carter IV (Complete Edition),2011-08-29,44,232666,https://open.spotify.com/track/0nDCgWmID4UcKJQ4muVPen,love
0elEjBWGVXPnMcDkHuUQlW,Batman (with Lil Wayne feat. Moneybagg Yo) - Remix,"LPB Poody, Lil Wayne, Moneybagg Yo",I'm The One,2021-12-03,54,215504,https://open.spotify.com/track/0elEjBWGVXPnMcDkHuUQlW,love
7fsMkFC6OwhFqqYYPipgrO,Just In Time (feat. Lil Wayne & Kenny Mason),"JID, Kenny Mason, Lil Wayne",The Forever Story (Extended Version),2022-10-31,54,207059,https://open.spotify.com/track/7fsMkFC6OwhFqqYYPipgrO,love
2bIrFpyw3AA2t7gNIkfmGb,Gimme That Remix (feat. Lil' Wayne),"Chris Brown, Lil Wayne",Chris Brown (Expanded Edition),2005,63,237360,https://open.spotify.com/track/2bIrFpyw3AA2t7gNIkfmGb,love
38Vjqr7xTeIzDpclKOkzli,YUSO (feat. Lil Wayne & Saweetie),"Kid Ink, Lil Wayne, Saweetie",Missed Calls,2018-12-14,39,173635,https://open.spotify.com/track/38Vjqr7xTeIzDpclKOkzli,love
2lD4LsB3iQVnddkVM2RFAl,Take It To The Head,"DJ Khaled, Chris Brown, Rick Ross, Nicki Minaj, Lil Wayne",Kiss The Ring (Deluxe),2012-01-01,60,267173,https://open.spotify.com/track/2lD4LsB3iQVnddkVM2RFAl,love
3KNxJvz0dM6aPb6bVJdyKi,We Set The Trends (feat. Migos & ‎Juelz Santana) - Remix,"Jim Jones, Lil Wayne, DJ Khaled, Migos, Juelz Santana",We Set The Trends (Remix) [feat. ‎Migos & Juelz Santana],2022-04-08,47,217815,https://open.spotify.com/track/3KNxJvz0dM6aPb6bVJdyKi,love
6ZIR3HiLbpy5xPAShl2a7u,Wockesha (with Lil Wayne & Ashanti) - Remix,"Moneybagg Yo, Lil Wayne, Ashanti",A Gangsta’s Pain: Reloaded,2021-10-22,51,217880,https://open.spotify.com/track/6ZIR3HiLbpy5xPAShl2a7u,love
56Z1Jhb8RwuCSpRO72yZox,Possessive (feat. Lil Wayne & BLEU),"Chris Brown, Lil Wayne, Yung Bleu",Breezy,2022-06-24,50,233746,https://open.spotify.com/track/56Z1Jhb8RwuCSpRO72yZox,love
4Gm1VAxKdLS9aL7bkbZZyr,drug dealer (feat. Lil Wayne),"mgk, Lil Wayne",mainstream sellout,2022-03-25,54,172283,https://open.spotify.com/track/4Gm1VAxKdLS9aL7bkbZZyr,love
7nDxeN6NDc7v3v774IXiC5,A Milli - SIDEPIECE Remix,"Lil Wayne, SIDEPIECE",A Milli (SIDEPIECE Remix),2023-01-13,58,153750,https://open.spotify.com/track/7nDxeN6NDc7v3v774IXiC5,love
5zuoz1NBnpoHK6g5sbEH8F,See You In My Nightmares,"Kanye West, Lil Wayne",808s & Heartbreak,2008-11-24,55,258120,https://open.spotify.com/track/5zuoz1NBnpoHK6g5sbEH8F,love
0DWrG09StYVhLbeNLwAJ5w,School Shooters (feat. Lil Wayne),"XXXTENTACION, Lil Wayne",Bad Vibes Forever,2019-12-06,50,93913,https://open.spotify.com/track/0DWrG09StYVhLbeNLwAJ5w,love
29tKprMGnf4yxIhWmN0NHq,The Question (feat. Lil Wayne),"Mac Miller, Lil Wayne",Macadelic,2012-03-23,61,371870,https://open.spotify.com/track/29tKprMGnf4yxIhWmN0NHq,love
29ZSk6XmWPx3DX69xBb7Yi,M'$ (feat. Lil Wayne),"A$AP Rocky, Lil Wayne",AT.LONG.LAST.A$AP,2015-05-26,55,233400,https://open.spotify.com/track/29ZSk6XmWPx3DX69xBb7Yi,love
5RYLrjv9JpADz6WgHyq4WP,Corazón,"GIMS, Lil Wayne, French Montana",Ceinture noire (Transcendance),2019-04-26,33,227014,https://open.spotify.com/track/5RYLrjv9JpADz6WgHyq4WP,love
4xigPf2sigSPmuFH3qCelB,"Genius (feat. Sia, Diplo, and Labrinth)","Sia, Diplo, Labrinth, LSD","LABRINTH, SIA & DIPLO PRESENT... LSD",2019-04-12,75,213706,https://open.spotify.com/track/4xigPf2sigSPmuFH3qCelB,love
4JPCdSaqs9dJd7RatFSHww,Make It Rain,"Fat Joe, Lil Wayne","Me, Myself & I",2006-11-14,60,247413,https://open.spotify.com/track/4JPCdSaqs9dJd7RatFSHww,love
1UIcqXAA24eg76EFWViwr5,Martians Vs Goblins,"The Game, Lil Wayne, Tyler, The Creator",The R.E.D. Album,2011-01-01,52,228826,https://open.spotify.com/track/1UIcqXAA24eg76EFWViwr5,love
46vNe30zHBP2HUaYjqjL5g,Lose,"KSI, Lil Wayne",Lose,2021-08-06,37,205653,https://open.spotify.com/track/46vNe30zHBP2HUaYjqjL5g,love
1jZi8HvWkfWIQcmlxmqber,No New Friends - SFTB Remix,"DJ Khaled, Drake, Rick Ross, Lil Wayne",No New Friends (SFTB Remix),2013-01-01,40,307466,https://open.spotify.com/track/1jZi8HvWkfWIQcmlxmqber,love
2sYUGgzQfHQ6lOWzbrny8Z,Red Nation,"The Game, Lil Wayne",The R.E.D. Album,2011-01-01,60,229480,https://open.spotify.com/track/2sYUGgzQfHQ6lOWzbrny8Z,love
3TVqRXUeqGdghlJLWgXtAu,My Life,"The Game, Lil Wayne",LAX,2008-01-01,61,320893,https://open.spotify.com/track/3TVqRXUeqGdghlJLWgXtAu,love
53VIWPPMz9S7ob0D8JxF9N,Miss Me,"Drake, Lil Wayne",Thank Me Later (Int'l Version),2010-01-01,54,305520,https://open.spotify.com/track/53VIWPPMz9S7ob0D8JxF9N,love
22DHmfJa31hKpc2Lg0gVBV,Mad (feat. Lil Wayne),"Solange, Lil Wayne",A Seat at the Table,2016-09-30,53,235493,https://open.spotify.com/track/22DHmfJa31hKpc2Lg0gVBV,love
2h3i5tGUl6hMu572umjcGo,Running Back (feat. Lil Wayne),"Wale, Lil Wayne",Shine,2017-04-28,46,215360,https://open.spotify.com/track/2h3i5tGUl6hMu572umjcGo,love
4liGjmhCupa7RP9JaQELYx,"Sweetest Girl (Dollar Bill) (feat. Akon, Lil' Wayne & Niia)","Wyclef Jean, Akon, Lil Wayne, Niia","Sweetest Girl (Dollar Bill) (feat. Akon, Lil' Wayne & Niia)",2007-08-14,59,241133,https://open.spotify.com/track/4liGjmhCupa7RP9JaQELYx,love
3ZkUWF1MVm3tLgz7dplGpk,The Way I Are (Dance with Somebody) [feat. Lil Wayne],"Bebe Rexha, Lil Wayne",All Your Fault: Pt. 2,2017-08-11,54,187787,https://open.spotify.com/track/3ZkUWF1MVm3tLgz7dplGpk,love
51w9Jbat1pLeWINGCpnQUR,TAlk tO Me (with Rich The Kid feat. Lil Wayne) - Remix,"Tory Lanez, Rich The Kid, Lil Wayne",TAlk tO Me (with Rich The Kid feat. Lil Wayne) [Remix],2018-11-27,53,248520,https://open.spotify.com/track/51w9Jbat1pLeWINGCpnQUR,love
13kIiNgXiBHbbG9gWitSqO,Love U Better (feat. Lil Wayne & The-Dream),"Ty Dolla $ign, Lil Wayne, The-Dream",Beach House 3 (Deluxe Edition),2018-05-11,37,181880,https://open.spotify.com/track/13kIiNgXiBHbbG9gWitSqO,love
7KcGEssn7BnJdTgildK5y0,No Frauds,"Nicki Minaj, Drake, Lil Wayne",No Frauds,2017-03-10,55,272453,https://open.spotify.com/track/7KcGEssn7BnJdTgildK5y0,love
2kEDuZRwYUoQLIYKpQfKWa,Tapout,"Rich Gang, Lil Wayne, Birdman, Mack Maine, Nicki Minaj, Future",Tapout,2013-01-01,59,284600,https://open.spotify.com/track/2kEDuZRwYUoQLIYKpQfKWa,love
76sWab9iC3vvk21aln8G8t,I'm Into You,"Jennifer Lopez, Lil Wayne",Love?,2011-04-29,63,200133,https://open.spotify.com/track/76sWab9iC3vvk21aln8G8t,love
6qaGOYPk0tmPmPDIrRiBPM,My Nigga - Remix,"YG, Lil Wayne, Rich Homie Quan, Meek Mill, Nicki Minaj",My Krazy Life (Deluxe),2014-03-18,60,239600,https://open.spotify.com/track/6qaGOYPk0tmPmPDIrRiBPM,love
4f3uZW3Wc1uO2cN4WJs5nu,I Can Only Imagine (feat. Chris Brown & Lil Wayne),"David Guetta, Chris Brown, Lil Wayne",Nothing but the Beat (Ultimate Edition),2012-12-07,55,209533,https://open.spotify.com/track/4f3uZW3Wc1uO2cN4WJs5nu,love
3vgNmjuRDnGLxUFGCLkwpm,Light My Body Up (feat. Nicki Minaj & Lil Wayne),"David Guetta, Lil Wayne, Nicki Minaj",Light My Body Up (feat. Nicki Minaj & Lil Wayne),2017-03-23,43,225616,https://open.spotify.com/track/3vgNmjuRDnGLxUFGCLkwpm,love
3zxLNqZoSbSr8V5emGDIU4,Lonely,"Demi Lovato, Lil Wayne",Tell Me You Love Me,2017-09-29,45,281880,https://open.spotify.com/track/3zxLNqZoSbSr8V5emGDIU4,love
7neVcKsbivjMDIkdfoao5m,Bow Chicka Wow Wow (feat. Lil' Wayne),"Mike Posner, Lil Wayne",Bow Chicka Wow Wow (feat. Lil' Wayne),2011-02-03,52,223253,https://open.spotify.com/track/7neVcKsbivjMDIkdfoao5m,love
4WC72P8F0CnYmqoPYQ7JDD,Bottom of the Bottle (feat. August Alsina & Lil Wayne),"Curren$y, August Alsina, Lil Wayne",Canal Street Confidential (Deluxe Edition),2015-12-04,42,238338,https://open.spotify.com/track/4WC72P8F0CnYmqoPYQ7JDD,love
3DpqHuPTyeHWEp3lN8G0oq,Celebration,"The Game, Chris Brown, Tyga, Wiz Khalifa, Lil Wayne",Jesus Piece (Deluxe),2012-01-01,52,288640,https://open.spotify.com/track/3DpqHuPTyeHWEp3lN8G0oq,love
4mbb7hmfDR6M9cQaLdYSFd,Ferrari,"Anuel AA, Lil Wayne",Emmanuel,2020-05-29,50,188779,https://open.spotify.com/track/4mbb7hmfDR6M9cQaLdYSFd,love
1IbYD5V9zCvkPfIPcWqerO,Gladiador - Remix,"Eladio Carrion, Lil Wayne",3MEN2 KBRN,2023-03-17,50,197374,https://open.spotify.com/track/1IbYD5V9zCvkPfIPcWqerO,love
0jmdMkRc7bmnmF9TNRfxF5,Dedication To My Ex (Miss That),"Lloyd, André 3000, Lil Wayne",King Of Hearts,2011-01-01,47,236146,https://open.spotify.com/track/0jmdMkRc7bmnmF9TNRfxF5,love
5pzeevBDvU6GVXqUKoiYDX,I Don’t Even Know You Anymore (feat. Bazzi & Lil Wayne),"Netsky, Bazzi, Lil Wayne",I Don’t Even Know You Anymore,2019-02-14,41,167600,https://open.spotify.com/track/5pzeevBDvU6GVXqUKoiYDX,love
4XVfNwP88Hn9kSkXVnxj2S,Ball (feat. Lil Wayne),"T.I., Lil Wayne",Trouble Man: Heavy is the Head,2012-12-18,45,205360,https://open.spotify.com/track/4XVfNwP88Hn9kSkXVnxj2S,love
0nWMTq3fBceV1uZlhFn6of,Oxy (feat. Lil Wayne),"Future, Lil Wayne",Future & Juice WRLD Present... WRLD ON DRUGS,2018-10-19,47,180080,https://open.spotify.com/track/0nWMTq3fBceV1uZlhFn6of,love
7CfZanF7s8dOFBpPt7YTtM,Hustle Hard Remix,"Ace Hood, Rick Ross, Lil Wayne",Blood Sweat & Tears,2011-01-01,42,285800,https://open.spotify.com/track/7CfZanF7s8dOFBpPt7YTtM,love
0jX97Hk6L8ImeVdTTWXZ2D,Backpack,"Justin Bieber, Lil Wayne",Journals,2014-05-13,50,251480,https://open.spotify.com/track/0jX97Hk6L8ImeVdTTWXZ2D,love
2Ih0U9yUuY0oU2In3h21If,Karate Chop (Remix) (feat. Lil Wayne),"Future, Lil Wayne",Honest,2014-04-22,46,276373,https://open.spotify.com/track/2Ih0U9yUuY0oU2In3h21If,love
4nSSZHI4FUIiQOJELTTZdS,End Of Discussion (feat. Lil Wayne),"Rich The Kid, Lil Wayne",The World Is Yours,2018-03-30,40,236944,https://open.spotify.com/track/4nSSZHI4FUIiQOJELTTZdS,love
2x5YsiXAqOEqSZ1iHWITHS,Thank You,"Busta Rhymes, Q-Tip, Kanye West, Lil Wayne",Thank You,2013-01-01,47,240413,https://open.spotify.com/track/2x5YsiXAqOEqSZ1iHWITHS,love
6srAK4n42Ulv8rlR632ZN6,Thug Cry,"Rick Ross, Lil Wayne",Mastermind,2014-01-01,47,265146,https://open.spotify.com/track/6srAK4n42Ulv8rlR632ZN6,love
7x9Am1UW3C5yCZLSysEWxX,Leaked (feat. Lil Wayne) - Remix,"Lil Tjay, Lil Wayne",True 2 Myself,2019-10-11,48,200533,https://open.spotify.com/track/7x9Am1UW3C5yCZLSysEWxX,love
1jG29zp5Xmo9PdDdf1b6mO,Face Down,"Mustard, Lil Wayne, Big Sean, YG, Boosie Badazz",10 Summers,2014-08-11,45,267226,https://open.spotify.com/track/1jG29zp5Xmo9PdDdf1b6mO,love
68B0wu3z0t7N8p9lpko4Ak,Sinister (feat. Lil Wayne),"Cordae, Lil Wayne",From a Birds Eye View,2022-01-14,47,146926,https://open.spotify.com/track/68B0wu3z0t7N8p9lpko4Ak,love
3rtwdAFtZQiFu1WT0dUVjG,Location (feat. Lil Wayne & Kehlani) - Remix,"Khalid, Lil Wayne, Kehlani",Location (feat. Lil Wayne & Kehlani) [Remix],2017-03-17,47,278714,https://open.spotify.com/track/3rtwdAFtZQiFu1WT0dUVjG,love
1hs54MGy1J69I52GvzsrbB,Poison (feat. Lil Wayne),"Jack Harlow, Lil Wayne",Come Home The Kids Miss You,2022-05-06,47,222642,https://open.spotify.com/track/1hs54MGy1J69I52GvzsrbB,love
5HKnpIZOsZLO1S5uo457ny,Turnin Me On - Original Clean,"Keri Hilson, Lil Wayne",In A Perfect World...,2009-01-01,31,247800,https://open.spotify.com/track/5HKnpIZOsZLO1S5uo457ny,love
1kWAhf2TJPkpiSgTnp8Ure,Thoughts (feat. Lloyd & Lil Wayne),"Tory Lanez, Lloyd, Lil Wayne",Chixtape 5,2019-11-15,51,333546,https://open.spotify.com/track/1kWAhf2TJPkpiSgTnp8Ure,love
7C0BHTRLmWUONc8OYjOPdW,Freak N You (feat. Lil Wayne & Gunna),"DJ Khaled, Lil Wayne, Gunna",Father Of Asahd,2019-05-17,41,186360,https://open.spotify.com/track/7C0BHTRLmWUONc8OYjOPdW,love
5jbKpvtoxZB14tbnBafMuL,Back That Thang Up,"JUVENILE, Mannie Fresh, Lil Wayne",Greatest Hits,2004,55,273786,https://open.spotify.com/track/5jbKpvtoxZB14tbnBafMuL,love
7Kux9Q1ZYx1V1j3wre0aWk,PILLOWTALK REMIX (feat. Lil Wayne),"ZAYN, Lil Wayne, Jaegen",PILLOWTALK REMIX (feat. Lil Wayne),2016-02-25,39,221609,https://open.spotify.com/track/7Kux9Q1ZYx1V1j3wre0aWk,love
07IqDUGyRrOcVUo51nhj4F,Iced Out Audemars (feat. Lil Wayne) - Remix,"Pop Smoke, Lil Wayne",Iced Out Audemars (Remix),2020-10-15,40,196056,https://open.spotify.com/track/07IqDUGyRrOcVUo51nhj4F,love
4Yjrp7du26Q08iX1fXIYBX,Need A Stack (feat. Lil Wayne & Joyner Lucas),"Chris Brown, Lil Wayne, Joyner Lucas",Indigo (Extended),2019-10-04,36,328800,https://open.spotify.com/track/4Yjrp7du26Q08iX1fXIYBX,love
5Db7N8VRDmHtO5eKf5k3JF,Bass Ackwards,"Tech N9ne, Lil Wayne, Yo Gotti, Big Scoob",Special Effects,2015-05-04,41,243373,https://open.spotify.com/track/5Db7N8VRDmHtO5eKf5k3JF,love
72HKgOTKNpp3glpdLZc1yo,Bang Bang Pow Pow (feat. Lil' Wayne),"T-Pain, Lil Wayne",Revolver (Expanded Edition),2011-12-06,41,219773,https://open.spotify.com/track/72HKgOTKNpp3glpdLZc1yo,love
1ZsJdeKS6c7zCXGPi4AXKw,All Aboard (feat. Lil' Wayne),"Romeo Santos, Lil Wayne",Fórmula Vol. 1 (Deluxe Edition),2012-08-28,48,254600,https://open.spotify.com/track/1ZsJdeKS6c7zCXGPi4AXKw,love
0R1c5FY83F3C5hYXdf3cVF,Act Ghetto,"Tyga, Lil Wayne",Act Ghetto,2017-04-04,35,238445,https://open.spotify.com/track/0R1c5FY83F3C5hYXdf3cVF,love
5GzA5A7JD6ZIJSx8HC2PSR,Blood Walk,"YG, D3szn, Lil Wayne",My Life 4Hunnid,2020-10-02,42,160143,https://open.spotify.com/track/5GzA5A7JD6ZIJSx8HC2PSR,love
62TseHr3oK08tbDG5LgdUv,Addiction - feat. Lil Wayne & Saweetie,"Big K.R.I.T., Lil Wayne, Saweetie",K.R.I.T. IZ HERE,2019-07-12,39,169944,https://open.spotify.com/track/62TseHr3oK08tbDG5LgdUv,love
3e9R23BvUPW7gbPfboiDIx,Amen (Pre Fight Prayer) (with Lil Wayne),"Mike WiLL Made-It, Lil Wayne",Creed II: The Album,2018-11-16,44,121170,https://open.spotify.com/track/3e9R23BvUPW7gbPfboiDIx,love
3Lf16tRdqj4H7MBtCSztDS,Sunshine (feat. Lil Wayne & Childish Gambino),"Latto, Lil Wayne, Childish Gambino",777,2022-03-25,42,206250,https://open.spotify.com/track/3Lf16tRdqj4H7MBtCSztDS,love
4CeBNMk8Zo22V9p8LTcD8E,Tourist (feat. Travis Scott & Lil Wayne),"DJ Khaled, Travis Scott, Lil Wayne",Major Key,2016-08-05,34,273969,https://open.spotify.com/track/4CeBNMk8Zo22V9p8LTcD8E,love
7BWTTA7mBQTX4jxSLApzQ6,Locked Away Again (The Remix) (feat. Adam Levine & Lil Wayne),"R. City, Adam Levine, Lil Wayne",Locked Away Again (The Remix) (feat. Adam Levine & Lil Wayne),2015-10-02,50,248034,https://open.spotify.com/track/7BWTTA7mBQTX4jxSLApzQ6,love
5iGHXBSUbC4F0tW2cC8BKk,Roman Reloaded,"Nicki Minaj, Lil Wayne",Pink Friday: Roman Reloaded The Re-Up (Explicit Version),2012-01-01,33,196786,https://open.spotify.com/track/5iGHXBSUbC4F0tW2cC8BKk,love
1ShpcCVYJb4O8eQGpLbkTr,Yuck!,"2 Chainz, Lil Wayne",Based On A T.R.U. Story (Deluxe),2012-01-01,38,287573,https://open.spotify.com/track/1ShpcCVYJb4O8eQGpLbkTr,love
10a6WGUygC7NxBAEdLh3fG,Enough Of No Love,"Keyshia Cole, Lil Wayne",Woman To Woman,2012-01-01,38,229426,https://open.spotify.com/track/10a6WGUygC7NxBAEdLh3fG,love
1msycdMqTjoKvrP3WiHMCQ,On Me (feat. Lil Wayne),"Tyga, Lil Wayne",Legendary,2019-06-07,38,162447,https://open.spotify.com/track/1msycdMqTjoKvrP3WiHMCQ,love
1yC68ecfa9FioCq7JFt9rj,We Outchea,"Ace Hood, Lil Wayne",Trials & Tribulations,2013-01-01,21,259320,https://open.spotify.com/track/1yC68ecfa9FioCq7JFt9rj,love
5lR4YDKdhJUkGUYMrMRx43,Give It Up To Me (feat. Lil Wayne),"Shakira, Lil Wayne",She Wolf (Expanded Edition),2009,0,183573,https://open.spotify.com/track/5lR4YDKdhJUkGUYMrMRx43,love
2YGNqwK5ZDn20JIxcy1fW2,Bitches & Bottles (Let's Get It Started),"DJ Khaled, Lil Wayne, T.I., Future",Kiss The Ring (Deluxe),2012-01-01,36,269293,https://open.spotify.com/track/2YGNqwK5ZDn20JIxcy1fW2,love
598UYsme1D5MkXHDXf4j6h,Official Girl (feat. Lil' Wayne),"Cassie, Lil Wayne",Official Girl (feat. Lil' Wayne),2008-08-05,51,257502,https://open.spotify.com/track/598UYsme1D5MkXHDXf4j6h,love
1tXCF7TwDnuHRgwQ63FeM5,S.O.T.L. (Silence of the Lambs) [feat. Lil Wayne],"Ludacris, Lil Wayne",S.O.T.L. (Silence of the Lambs) [feat. Lil Wayne],2020-05-21,36,191712,https://open.spotify.com/track/1tXCF7TwDnuHRgwQ63FeM5,love
0cZS0qVwDadhqzmrDd2QUe,Push,"Enrique Iglesias, Lil Wayne",Insomniac (New International Version Spanish),2007,43,231640,https://open.spotify.com/track/0cZS0qVwDadhqzmrDd2QUe,love
3V8zitLu3UTaYmflW0iCco,Welcome To My Hood,"DJ Khaled, Rick Ross, Plies, Lil Wayne, T-Pain",We The Best Forever,2011-01-01,48,250373,https://open.spotify.com/track/3V8zitLu3UTaYmflW0iCco,love
7q9Jy1GzxPx6qY3gA5aEy3,Perfect (Remix) (feat. Lil Wayne & A$AP Ferg),"Logic, Lil Wayne, A$AP Ferg",Perfect (Remix) (feat. Lil Wayne & A$AP Ferg),2021-09-24,40,171690,https://open.spotify.com/track/7q9Jy1GzxPx6qY3gA5aEy3,love
5lxQ9BW2xOzgRIxQAZzHSK,Don Life (feat. Lil Wayne),"Big Sean, Lil Wayne",Detroit 2,2020-09-04,39,194637,https://open.spotify.com/track/5lxQ9BW2xOzgRIxQAZzHSK,love
2bRE4HKlZQDHkiVcDr58aZ,I Get Crazy (feat. Lil Wayne),"Nicki Minaj, Lil Wayne",Beam Me Up Scotty,2021-05-14,45,220969,https://open.spotify.com/track/2bRE4HKlZQDHkiVcDr58aZ,love
5gZEBWwtCjJH2nkNv4u5ZG,Goat Talk,"T-Pain, Lil Wayne",1UP,2019-02-27,34,224201,https://open.spotify.com/track/5gZEBWwtCjJH2nkNv4u5ZG,love
1V9G1UraAEEDJMxXIlaZF9,All That (Lady),"The Game, Lil Wayne, Big Sean, Fabolous, Jeremih",Jesus Piece (Deluxe),2012-01-01,44,214733,https://open.spotify.com/track/1V9G1UraAEEDJMxXIlaZF9,love
7AfF7ogClqdw3njIgvBu8F,From Adam,"The Game, Lil Wayne",The Documentary 2.5,2015-10-16,41,225733,https://open.spotify.com/track/7AfF7ogClqdw3njIgvBu8F,love
65mvvdnbRTadGb9AoIjD3g,Roman's Revenge,"Nicki Minaj, Lil Wayne",Pink Friday (Complete Edition),2010-11-22,49,229853,https://open.spotify.com/track/65mvvdnbRTadGb9AoIjD3g,love
3922kPG1JMYBNhACLo9j3f,4 My Town (Play Ball),"Birdman, Drake, Lil Wayne",Pricele$$,2009-11-23,51,261266,https://open.spotify.com/track/3922kPG1JMYBNhACLo9j3f,love
15qRV1yUqFR6ViOwxoopod,Lyfestylë (with Lil Wayne),"Yeat, Lil Wayne",2093,2024-02-16,52,236883,https://open.spotify.com/track/15qRV1yUqFR6ViOwxoopod,love
5ntqpbNqI2ZXWiPA1Pr46f,Money Maker (feat. Lil Wayne),"2 Chainz, Lil Wayne",So Help Me God!,2020-11-13,37,178993,https://open.spotify.com/track/5ntqpbNqI2ZXWiPA1Pr46f,love
5TTLIG6IKMMcLR3iLYHHYb,"2 Dollar Bill (feat. Lil Wayne, E-40)","2 Chainz, Lil Wayne, E-40",Rap Or Go To The League,2019-03-01,35,240346,https://open.spotify.com/track/5TTLIG6IKMMcLR3iLYHHYb,love
3ptB4SmuSJTGhQByFrMJVJ,STUNNAMAN (with Roddy Ricch & feat. Lil Wayne),"Birdman, Roddy Ricch, Lil Wayne",STUNNAMAN,2021-05-21,37,219121,https://open.spotify.com/track/3ptB4SmuSJTGhQByFrMJVJ,love
6FaYbjgD31OYcsqtMWFEz7,"Pussy Talk (feat. Quavo, Lil Wayne, & Jack Harlow) [Remix]","City Girls, Quavo, Lil Wayne, Jack Harlow","Pussy Talk (feat. Quavo, Lil Wayne, & Jack Harlow) [Remix]",2020-11-13,35,199298,https://open.spotify.com/track/6FaYbjgD31OYcsqtMWFEz7,love
2npw9XuCQpHXM9ramYL4HR,"Ima Boss (feat. T.I., Birdman, Lil' Wayne, DJ Khaled, Rick Ross & Swizz Beatz)","Meek Mill, Birdman, DJ Khaled, Lil Wayne, Rick Ross, Swizz Beatz, T.I.",Ima Boss (Remix Version),2012-02-07,48,313306,https://open.spotify.com/track/2npw9XuCQpHXM9ramYL4HR,love
3nQ1w9UnN8pT5GNCafGIx1,"Scared of the Dark (Remix) [with Ty Dolla $ign and Ozuna, feat. XXXTENTACION]","Lil Wayne, Ty Dolla $ign, Ozuna, XXXTENTACION",Spider-Man: Into the Spider-Verse (Deluxe Edition / Soundtrack From & Inspired By The Motion Picture),2019-02-22,44,305040,https://open.spotify.com/track/3nQ1w9UnN8pT5GNCafGIx1,love
5suOUHDyRxvWDYF5GA6dly,THANKFUL (feat. Lil Wayne & Jeremih),"DJ Khaled, Lil Wayne, Jeremih",KHALED KHALED,2021-04-30,38,338637,https://open.spotify.com/track/5suOUHDyRxvWDYF5GA6dly,love
7Ij7OiGCUjOkkqZ4ZTb76o,We Alright,"Young Money, euro, Birdman, Lil Wayne",Rise Of An Empire (Deluxe Edition),2014-01-01,43,311373,https://open.spotify.com/track/7Ij7OiGCUjOkkqZ4ZTb76o,love
5kGPWL4R52GJMs9awAGCmz,Why I Do It,"August Alsina, Lil Wayne",Why I Do It,2015-08-28,32,221040,https://open.spotify.com/track/5kGPWL4R52GJMs9awAGCmz,love
6d46j3m92tMhXRSHRaMc0D,500 Degrees,"Tyga, Lil Wayne",Hotel California (Deluxe),2013-01-01,31,225560,https://open.spotify.com/track/6d46j3m92tMhXRSHRaMc0D,love
1iQi4lFpgIPTMeGXlQqZKk,Receipt,Lil Wayne,Tha Carter II,2005-01-01,0,228186,https://open.spotify.com/track/1iQi4lFpgIPTMeGXlQqZKk,love
7lKXXZnos1Jm3V1raTzibi,IANAHB,Lil Wayne,I Am Not A Human Being II (Deluxe),2013-01-01,39,338306,https://open.spotify.com/track/7lKXXZnos1Jm3V1raTzibi,love
2fSbp8VMrsGC9pjaYSmSJV,Bout That,"Jeezy, Lil Wayne",Trap Or Die 3,2016-10-28,39,226560,https://open.spotify.com/track/2fSbp8VMrsGC9pjaYSmSJV,love
5QWkNtNkhWLLKpQngO6S06,Just Right for Me (feat. Lil Wayne),"Monica, Lil Wayne",Code Red,2015-12-18,33,200133,https://open.spotify.com/track/5QWkNtNkhWLLKpQngO6S06,love
1PSOEWhJXNJ0NpjgedMqZ6,Maybach Music 2,"Rick Ross, T-Pain, Lil Wayne, Kanye West",Deeper Than Rap,2009-04-21,44,299866,https://open.spotify.com/track/1PSOEWhJXNJ0NpjgedMqZ6,love
1aopm2A6hoIFS1nv6PexoM,Gold (feat. Lil Wayne) - Remix,"Kiiara, Lil Wayne",Gold (feat. Lil Wayne) [Remix],2016-12-02,52,207952,https://open.spotify.com/track/1aopm2A6hoIFS1nv6PexoM,love
3ZE7iGztE5MnDoG7fJfUlg,Space Jam,"Audio Push, Lil Wayne",Space Jam,2013-01-01,35,258640,https://open.spotify.com/track/3ZE7iGztE5MnDoG7fJfUlg,love
79tbwF4mSrYD60Oo41JTXY,Ballin',"Jeezy, Lil Wayne",TM:103 Hustlerz Ambition (Deluxe),2011-01-01,46,283173,https://open.spotify.com/track/79tbwF4mSrYD60Oo41JTXY,love
7AMK6RdMOQlpMI3cpjLW1m,Clap For Em,Lil Wayne,Funeral,2020-01-31,34,150826,https://open.spotify.com/track/7AMK6RdMOQlpMI3cpjLW1m,love
3AmVUYa0BTGd1AhrWWj4Gz,BM J.R.,Lil Wayne,Tha Carter,2004-01-01,0,298480,https://open.spotify.com/track/3AmVUYa0BTGd1AhrWWj4Gz,love
6tymsSi3SLlsTHBDd6d2Nb,Piano Trap,Lil Wayne,Funeral,2020-01-31,39,194773,https://open.spotify.com/track/6tymsSi3SLlsTHBDd6d2Nb,love
3M8ME24tZW2tTiOP2Ae9a1,Pussy Monster,Lil Wayne,Tha Carter III,2008-01-01,32,313800,https://open.spotify.com/track/3M8ME24tZW2tTiOP2Ae9a1,love
7AOGsw65H4yLHeAW7dnl4g,I'm A Dboy,"Lil Wayne, Birdman",Tha Carter II,2005-01-01,0,240426,https://open.spotify.com/track/7AOGsw65H4yLHeAW7dnl4g,love
0O014lR2VQ3JpMHA7KFyy5,oops!!! (with Lil Wayne),"Yung Gravy, Lil Wayne",oops!!!,2021-03-05,40,189461,https://open.spotify.com/track/0O014lR2VQ3JpMHA7KFyy5,love
4jT3GU6bhC8mrtDPZsNd0S,Know You Know (ft. 2 Chainz),"Lil Wayne, 2 Chainz",Funeral,2020-01-31,32,164773,https://open.spotify.com/track/4jT3GU6bhC8mrtDPZsNd0S,love
0EzUUIfVPuzzNXEEU9CxU9,Life Of Mr. Carter,Lil Wayne,Tha Carter V (Deluxe),2020-09-25,39,220801,https://open.spotify.com/track/0EzUUIfVPuzzNXEEU9CxU9,love
4y1GxT1XnufGddKkrFkbtC,Funeral,Lil Wayne,Funeral,2020-01-31,33,194640,https://open.spotify.com/track/4y1GxT1XnufGddKkrFkbtC,love
3tQ1sVcdTxPEn5SEy0nkCQ,Not Me,Lil Wayne,Funeral,2020-01-31,36,199026,https://open.spotify.com/track/3tQ1sVcdTxPEn5SEy0nkCQ,love
3wGkYZLDYtULqg635DyKw8,Bing James (ft. Jay Rock),"Lil Wayne, Jay Rock",Funeral,2020-01-31,34,203680,https://open.spotify.com/track/3wGkYZLDYtULqg635DyKw8,love
7ighctS1exCe8hJXTEkNen,Timeless (feat. Lil Wayne & Big Sean),"Benny The Butcher, Lil Wayne, Big Sean",Timeless (feat. Lil Wayne & Big Sean),2020-10-09,27,232493,https://open.spotify.com/track/7ighctS1exCe8hJXTEkNen,love
4EKfEZ89t2DzU41RbsyFC6,Big Dog (with Lil Wayne),"Benny The Butcher, Lil Wayne",Big Dog,2023-11-03,43,253760,https://open.spotify.com/track/4EKfEZ89t2DzU41RbsyFC6,love
04KJ4NGb2T22y26sTO41Q0,Moment,"Young Money, Lil Wayne",Rise Of An Empire (Deluxe Edition),2014-01-01,46,279506,https://open.spotify.com/track/04KJ4NGb2T22y26sTO41Q0,love
4ZfB37omywo04Pm1Uw0EEQ,Hit Em Up,Lil Wayne,Tha Carter II,2005-01-01,0,247040,https://open.spotify.com/track/4ZfB37omywo04Pm1Uw0EEQ,love
5JQsSh4OOKvV9tsSSWljGc,Harden,Lil Wayne,Funeral,2020-01-31,38,182240,https://open.spotify.com/track/5JQsSh4OOKvV9tsSSWljGc,love
5XXrH4pbQrwEhM5nATyzll,Kush,Lil Wayne,Tha Carter III,2008-01-01,33,221960,https://open.spotify.com/track/5XXrH4pbQrwEhM5nATyzll,love
4KsyvNFFRN6esZaoG1KiMA,Main One (feat. Tyga),"Mario, Lil Wayne, Tyga",Main One (Sped Up),2023-07-18,41,199440,https://open.spotify.com/track/4KsyvNFFRN6esZaoG1KiMA,love
5ezBNotZ831KDvrtVtn1nI,Wassam Baby (feat. Lil Wayne),"Rob49, Lil Wayne",Wassam Baby (feat. Lil Wayne),2024-01-19,51,133000,https://open.spotify.com/track/5ezBNotZ831KDvrtVtn1nI,love
5FDc4ljIWyW8wClzt54dhs,Big Diamonds (feat. 21 Savage),"2 Chainz, Lil Wayne, 21 Savage",Welcome 2 Collegrove,2023-11-17,41,199597,https://open.spotify.com/track/5FDc4ljIWyW8wClzt54dhs,love
4f5rBgdoka8ffiFAX9GNuO,Transparency (feat. USHER),"2 Chainz, Lil Wayne, USHER",Welcome 2 Collegrove,2023-11-17,47,195094,https://open.spotify.com/track/4f5rBgdoka8ffiFAX9GNuO,love
2FI2cZGlZ1nmRt2IkjnoMi,Bless (feat. Young Thug),"Lil Wayne, Wheezy, Young Thug",Bless,2024-04-05,43,162778,https://open.spotify.com/track/2FI2cZGlZ1nmRt2IkjnoMi,love
6wCbHb0QEEdka3ymfImn4l,Tha Block Is Hot,Lil Wayne,Tha Block Is Hot,1999-01-01,47,252733,https://open.spotify.com/track/6wCbHb0QEEdka3ymfImn4l,love
1JET9oIQRAe1WtiSDvArq3,Get Off The Corner,Lil Wayne,Lights Out,2000-12-19,30,285626,https://open.spotify.com/track/1JET9oIQRAe1WtiSDvArq3,love
3MsEJbnW0SYWNzQ6D1j5Xm,Back on the Road (feat. Lil Wayne),"Cordae, Lil Wayne",The Crossroads,2024-11-15,52,156786,https://open.spotify.com/track/3MsEJbnW0SYWNzQ6D1j5Xm,love
2dk1fsLg7YEsKJdVm4P5cu,Saturday Mornings (feat. Lil Wayne),"Cordae, Lil Wayne",Saturday Mornings (feat. Lil Wayne),2024-07-24,52,262573,https://open.spotify.com/track/2dk1fsLg7YEsKJdVm4P5cu,love
1a7yPmLN7ntGAi2P6Zbtj9,RIDIN (with Lil Wayne),"Jessie Reyez, Lil Wayne",RIDIN,2024-08-23,46,204000,https://open.spotify.com/track/1a7yPmLN7ntGAi2P6Zbtj9,love
59UWPiUEQPd0jVVzikHyoV,Can't Hold Me Down,"Doodles, Lil Wayne, Lil Yachty, Kyle Richh, Pharrell Williams",Can't Hold Me Down,2024-09-06,63,197626,https://open.spotify.com/track/59UWPiUEQPd0jVVzikHyoV,love
41Rb31TeUfCQqSHrPTbsrL,Pop It Off,"Tyga, Lil Wayne",Pop It Off,2025-01-24,52,189600,https://open.spotify.com/track/41Rb31TeUfCQqSHrPTbsrL,love
7BMu5MPL6WzC81Tie6QuiS,King Carter,Lil Wayne,Tha Carter VI,2025-06-06,39,108074,https://open.spotify.com/track/7BMu5MPL6WzC81Tie6QuiS,love
1Izzf3GSHQ3rAthq5uLR7X,Flex Up,Lil Wayne,Tha Carter VI,2025-06-06,49,170322,https://open.spotify.com/track/1Izzf3GSHQ3rAthq5uLR7X,love
5IBaJDzPGl6e2hOfhjymMb,Bells,Lil Wayne,Tha Carter VI,2025-06-06,53,204493,https://open.spotify.com/track/5IBaJDzPGl6e2hOfhjymMb,love
1EP5tYdr5adANtbs4XUvqw,Banned From NO,Lil Wayne,Tha Carter VI,2025-06-06,49,218288,https://open.spotify.com/track/1EP5tYdr5adANtbs4XUvqw,love
0wI5MvhcdTrVERaDOHiNnp,Welcome to Tha Carter,Lil Wayne,Tha Carter VI,2025-06-06,53,215425,https://open.spotify.com/track/0wI5MvhcdTrVERaDOHiNnp,love
0t5LNjml8LTuAPiEfD7zFN,"Hip-Hop (feat. BigXthaPlug, Jay Jones)","Lil Wayne, BigXthaPlug, Jay Jones",Tha Carter VI,2025-06-06,69,241335,https://open.spotify.com/track/0t5LNjml8LTuAPiEfD7zFN,love
5lGd2E7qKxgsMjQcTPTek2,"Sharks (feat. Jelly Roll, Big Sean)","Lil Wayne, Jelly Roll, Big Sean",Tha Carter VI,2025-06-06,55,229759,https://open.spotify.com/track/5lGd2E7qKxgsMjQcTPTek2,love
2ILSAavE0FTWeZ8pAZY5bS,Cotton Candy (feat. 2 Chainz),"Lil Wayne, 2 Chainz",Tha Carter VI,2025-06-06,51,206533,https://open.spotify.com/track/2ILSAavE0FTWeZ8pAZY5bS,love
5c2hmVci8QiI1oskxosMfp,The Days (feat. Bono),"Lil Wayne, Bono",Tha Carter VI,2025-06-06,43,261928,https://open.spotify.com/track/5c2hmVci8QiI1oskxosMfp,love
6qkmzDMwkFXDmuBt8x7wZp,Loki’s Theme,Lil Wayne,Tha Carter VI,2025-06-06,45,250499,https://open.spotify.com/track/6qkmzDMwkFXDmuBt8x7wZp,love
0jYrqJDxDwrCGdvtDK0m0J,Island Holiday,Lil Wayne,Tha Carter VI,2025-06-06,45,257657,https://open.spotify.com/track/0jYrqJDxDwrCGdvtDK0m0J,love
3eR1p57iBqfjtNGoAd9GLp,If I Played Guitar,Lil Wayne,Tha Carter VI,2025-06-06,43,172802,https://open.spotify.com/track/3eR1p57iBqfjtNGoAd9GLp,love
0EmwgiCsD26PQChTu0Y89Z,Written History,Lil Wayne,Tha Carter VI,2025-06-06,44,282787,https://open.spotify.com/track/0EmwgiCsD26PQChTu0Y89Z,love
1pcImgud77b02A5alGw59U,Rari (feat. Kameron Carter),"Lil Wayne, Kameron Carter",Tha Carter VI,2025-06-06,41,170367,https://open.spotify.com/track/1pcImgud77b02A5alGw59U,love
0F6mjMFmyP6l21xnw9Zz2Y,"Maria (feat. Andrea Bocelli, Wyclef Jean)","Lil Wayne, Wyclef Jean, Andrea Bocelli",Tha Carter VI,2025-06-06,42,203852,https://open.spotify.com/track/0F6mjMFmyP6l21xnw9Zz2Y,love
7uGBxHPuPrz9YvYssdcqhI,"Alone In The Studio With My Gun (feat. mgk, Kodak Black)","Lil Wayne, mgk, Kodak Black",Tha Carter VI,2025-06-06,45,172490,https://open.spotify.com/track/7uGBxHPuPrz9YvYssdcqhI,love
60bfqfsO1affF9zJ2UP9Tf,Bein Myself (feat. Mannie Fresh),"Lil Wayne, Mannie Fresh",Tha Carter VI,2025-06-06,43,279771,https://open.spotify.com/track/60bfqfsO1affF9zJ2UP9Tf,love
2MiVc17UInPKsNphRKtsnc,Mula Komin In (feat. Lil Novi),"Lil Wayne, Lil Novi",Tha Carter VI,2025-06-06,36,231422,https://open.spotify.com/track/2MiVc17UInPKsNphRKtsnc,love
1iOAzp9jGfc5QOdjxrD5Ma,Peanuts 2 N Elephant,Lil Wayne,Tha Carter VI,2025-06-06,42,192764,https://open.spotify.com/track/1iOAzp9jGfc5QOdjxrD5Ma,love
6pHiM8b3nWPHCl2riM2465,"Momma Don't Worry (feat. Future, Lil Baby)","Lil Wayne, Future, Lil Baby",Tha Carter VI (Bonus),2025-06-12,48,231303,https://open.spotify.com/track/6pHiM8b3nWPHCl2riM2465,love
0w6Y7dbsjByFQ8C8LUktto,Banned From NO (with Nicki Minaj) - Remix,"Lil Wayne, Nicki Minaj",Tha Carter VI (Bonus),2025-06-11,50,203981,https://open.spotify.com/track/0w6Y7dbsjByFQ8C8LUktto,love
7hP4fV6LerorRdZGmZsNjI,Baby Mad At Me (feat. Lil Wayne),"That Mexican OT, Lil Wayne",Baby Mad At Me (feat. Lil Wayne),2025-05-09,55,208000,https://open.spotify.com/track/7hP4fV6LerorRdZGmZsNjI,love
3CdE7flGuG0Yem528yD7yr,Yoda,"Tech N9ne, Lil Wayne",Yoda,2025-06-27,41,210513,https://open.spotify.com/track/3CdE7flGuG0Yem528yD7yr,love
6jwtD6xAveK9dZbnirE8sz,Tree,"Chance the Rapper, Lil Wayne, Smino",Tree,2025-07-03,47,267692,https://open.spotify.com/track/6jwtD6xAveK9dZbnirE8sz,love
6fGOWxTRssblONGIAbdfTX,TYRANT,"Lucifena, Lil Wayne, Young Money",TYRANT,2025-07-11,46,150641,https://open.spotify.com/track/6fGOWxTRssblONGIAbdfTX,love
1orZXri2IguSEjN9XjT9TZ,Firebomber,"B.G., Lil Wayne, Busta Rhymes",Firebomber,2025-08-29,45,253001,https://open.spotify.com/track/1orZXri2IguSEjN9XjT9TZ,love
4vsarEetbprJa5Z2ZJ4RL7,Miami (feat. Lil Wayne & Rick Ross),"Morgan Wallen, Lil Wayne, Rick Ross",Miami,2025-07-25,68,217631,https://open.spotify.com/track/4vsarEetbprJa5Z2ZJ4RL7,love
46XtsFriNQjGM5enGQViSQ,Love Is Like (feat. Lil Wayne),"Maroon 5, Lil Wayne",Love Is Like,2025-08-15,65,174911,https://open.spotify.com/track/46XtsFriNQjGM5enGQViSQ,love
05oETzWbd4SI33qK2gbJfR,Rhiannon,Fleetwood Mac,Fleetwood Mac,1975-07-11,79,252773,https://open.spotify.com/track/05oETzWbd4SI33qK2gbJfR,love
19Ym5Sg0YyOCa6ao21bdoG,Gypsy,Fleetwood Mac,Greatest Hits,1988-11-21,78,264906,https://open.spotify.com/track/19Ym5Sg0YyOCa6ao21bdoG,love
436yrzQWA32vb1sTZKXg9r,Witchy Woman - 2013 Remaster,Eagles,Eagles (2013 Remaster),1972-06-01,67,250888,https://open.spotify.com/track/436yrzQWA32vb1sTZKXg9r,love
18DaSMSqc40nV8cDhdLemj,My Girlfriend Is a Witch,October Country,October Country (Expanded Edition),1968-03-01,0,126840,https://open.spotify.com/track/18DaSMSqc40nV8cDhdLemj,love
57V4uc2b2diZ4RPHXWecb9,Like Real People Do,Hozier,Hozier (Expanded Edition),2014-09-19,74,198026,https://open.spotify.com/track/57V4uc2b2diZ4RPHXWecb9,love
6MOEQCtAWNSCmvg3SFKF5y,Season of the Witch,Donovan,Sunshine Superman,1966-09,64,293933,https://open.spotify.com/track/6MOEQCtAWNSCmvg3SFKF5y,love
49t1GWE6ZiEoBgN92oMDdM,Doll Parts,Hole,Live Through This,1994-01-01,61,211960,https://open.spotify.com/track/49t1GWE6ZiEoBgN92oMDdM,love
1kqc6U8hVYZhY0gFGQclCz,girls,girl in red,girls,2018-06-08,0,198400,https://open.spotify.com/track/1kqc6U8hVYZhY0gFGQclCz,love
7L3b6iaVhDVjfo52Hbvh9Z,Edge of Seventeen - 2016 Remaster,Stevie Nicks,Bella Donna (2016 Remastered),1981-07-27,77,329413,https://open.spotify.com/track/7L3b6iaVhDVjfo52Hbvh9Z,love
3k9b4OzgjJfoKJzmjC1z8u,"Monday, Monday - Single Version",The Mamas & The Papas,20th Century Masters: The Best Of The Mamas & The Papas - The Millennium Collection,1999-03-23,40,207640,https://open.spotify.com/track/3k9b4OzgjJfoKJzmjC1z8u,love
4YMQXzscifAREG0a7KNGhB,Black Magic Woman - Single Version,Santana,Santana's Greatest Hits,1994-07-01,68,196466,https://open.spotify.com/track/4YMQXzscifAREG0a7KNGhB,love
5EuraV2jbqB15ihd3d2Hex,Strawberry Fields Forever - Remastered,The Beatles,Magical Mystery Tour (Remastered),1967-11-27,0,247320,https://open.spotify.com/track/5EuraV2jbqB15ihd3d2Hex,love
3ZE3wv8V3w2T2f7nOCjV0N,Life on Mars? - 2015 Remaster,David Bowie,Hunky Dory (2015 Remaster),1971-12-17,70,235986,https://open.spotify.com/track/3ZE3wv8V3w2T2f7nOCjV0N,love
3wT3WDdQrsST19f1I08Z1N,Angel of Small Death and the Codeine Scene,Hozier,Take Me to Church EP,2013-09-13,44,218986,https://open.spotify.com/track/3wT3WDdQrsST19f1I08Z1N,love
2IZZqH4K02UIYg5EohpNHF,Zombie,The Cranberries,No Need To Argue,1994-10-03,6,306426,https://open.spotify.com/track/2IZZqH4K02UIYg5EohpNHF,love
0MKGH8UMfCnq5w7nG06oM5,Come As You Are,Nirvana,Nevermind (Deluxe Edition),1991-09-26,6,218920,https://open.spotify.com/track/0MKGH8UMfCnq5w7nG06oM5,love
2KA3lvDwQQiyvuJJvzifGL,Nearly Witches (Ever Since We Met...),Panic! At The Disco,Vices & Virtues,2011-03-18,57,256466,https://open.spotify.com/track/2KA3lvDwQQiyvuJJvzifGL,love
4mKlzy0qaK1c2Qw5e2VqpF,Killer Queen,Queen,Greatest Hits,1981-10-26,0,180066,https://open.spotify.com/track/4mKlzy0qaK1c2Qw5e2VqpF,love
0q21FNwES2bbtcduB6kjEU,Dancing in the Moonlight,King Harvest,Dancing in the Moonlight,1973-01-01,75,181133,https://open.spotify.com/track/0q21FNwES2bbtcduB6kjEU,love
7j74lucZ59vqN67Ipe2ZcY,Maneater,Daryl Hall & John Oates,H2O,1982-10-04,83,273173,https://open.spotify.com/track/7j74lucZ59vqN67Ipe2ZcY,love
6SZwj6cjc8JQbkrr8cbIUn,Oh Klahoma,Jack Stauber,Pop Food,2017-03-25,72,185223,https://open.spotify.com/track/6SZwj6cjc8JQbkrr8cbIUn,love
1xaTREM89RbIxkcjlpf4Uw,Heaven Knows I'm Miserable Now - 2011 Remaster,The Smiths,Hatful of Hollow,1984,80,215760,https://open.spotify.com/track/1xaTREM89RbIxkcjlpf4Uw,love
4vsoWZcvtvSsE0OiVvDDvX,Harness Your Hopes - B-side,Pavement,Brighten the Corners: Nicene Creedence Ed.,2008-12-09,72,206946,https://open.spotify.com/track/4vsoWZcvtvSsE0OiVvDDvX,love
3qPWfq6IOOlHnqxicx5hnL,Everything Stays,"Adventure Time, Olivia Olson","Adventure Time, Vol.3 (Original Soundtrack)",2019-05-01,0,95058,https://open.spotify.com/track/3qPWfq6IOOlHnqxicx5hnL,love
4AzOfkNxCSuuxOvqDxrLA4,A Change Would Do You Good,Sheryl Crow,Sheryl Crow,1996-01-01,48,229866,https://open.spotify.com/track/4AzOfkNxCSuuxOvqDxrLA4,love
5WhtlIoxoZrMmuaWWEQhwV,Undone - The Sweater Song,Weezer,Weezer,1994-05-10,71,305533,https://open.spotify.com/track/5WhtlIoxoZrMmuaWWEQhwV,love
7wCmS9TTVUcIhRalDYFgPy,Where Is My Mind? - 2007 Remaster,Pixies,Surfer Rosa (2007 Remaster),1988-03-21,79,234973,https://open.spotify.com/track/7wCmS9TTVUcIhRalDYFgPy,love
3jjsRKEsF42ccXf8kWR3nu,Washing Machine Heart,Mitski,Be the Cowboy,2018-08-17,83,128198,https://open.spotify.com/track/3jjsRKEsF42ccXf8kWR3nu,love
45h4w81P5iJJTSeR0jJUQ8,She,dodie,Human,2019-01-18,58,213611,https://open.spotify.com/track/45h4w81P5iJJTSeR0jJUQ8,love
09aF9vhHwC187dABixAOfV,Marigold,Nirvana,With The Lights Out - Box Set,2004-11-23,44,152933,https://open.spotify.com/track/09aF9vhHwC187dABixAOfV,love
6OiRh4kttAs1YWglvTcYkB,Alrighty Aphrodite,Peach Pit,Being So Normal,2018-06-28,66,207813,https://open.spotify.com/track/6OiRh4kttAs1YWglvTcYkB,love
7hDEqKECXWU1syQCwJsFCb,Indie Rokkers,Soccer Mommy,"Soccer Mommy & Friends Singles Series, Vol. 3: Gentle Dom",2020-06-18,40,246129,https://open.spotify.com/track/7hDEqKECXWU1syQCwJsFCb,love
1H7zdcRD0gLGQY0w5ejGgX,Lovers Rock,TV Girl,French Exit,2014-06-05,1,213920,https://open.spotify.com/track/1H7zdcRD0gLGQY0w5ejGgX,love
4E1R0vG10ed0wDhjn09kTG,I Have Friends in Holy Spaces,Panic! At The Disco,Pretty. Odd.,2008-03-21,47,116146,https://open.spotify.com/track/4E1R0vG10ed0wDhjn09kTG,love
7v1b3qExlTFrpFWrtcnUpE,When the Day Met the Night,Panic! At The Disco,Pretty. Odd.,2008-03-21,51,293826,https://open.spotify.com/track/7v1b3qExlTFrpFWrtcnUpE,love
3vZUC1m6QVm7urnN6lcF64,Ghosting,Mother Mother,O My Heart,2008-09-23,0,285986,https://open.spotify.com/track/3vZUC1m6QVm7urnN6lcF64,love
6qQGxKyy6LcyZVsWn93lyS,Pink Triangle,Weezer,Pinkerton,1996-09-24,65,238600,https://open.spotify.com/track/6qQGxKyy6LcyZVsWn93lyS,love
3pyyGVqWvRMq43qtJBzxe0,Kids,Current Joys,Kids,2015-03-08,2,269142,https://open.spotify.com/track/3pyyGVqWvRMq43qtJBzxe0,love
3VzULnaqPKf1deQyZ5W4Ah,1980s Horror Film II,Wallows,1980s Horror Film II,2018-10-11,55,235272,https://open.spotify.com/track/3VzULnaqPKf1deQyZ5W4Ah,love
5rLi8B8qgk6qThwRnKHW2P,The Ballad of Mona Lisa,Panic! At The Disco,Vices & Virtues,2011-03-18,68,226680,https://open.spotify.com/track/5rLi8B8qgk6qThwRnKHW2P,love
14uvyd51Ha7FihKHlOtUig,Let's Kill Tonight,Panic! At The Disco,Vices & Virtues,2011-03-18,58,213520,https://open.spotify.com/track/14uvyd51Ha7FihKHlOtUig,love
0WQiDwKJclirSYG9v5tayI,There Is a Light That Never Goes Out - 2011 Remaster,The Smiths,The Queen Is Dead,1986-06-16,83,244586,https://open.spotify.com/track/0WQiDwKJclirSYG9v5tayI,love
55yvzYuvJYG2RUEnMK78tr,About A Girl,Nirvana,Nirvana,2002-10-29,60,166640,https://open.spotify.com/track/55yvzYuvJYG2RUEnMK78tr,love
3KfbEIOC7YIv90FIfNSZpo,In My Life - Remastered 2009,The Beatles,Rubber Soul (Remastered 2009),1965-12-03,77,146333,https://open.spotify.com/track/3KfbEIOC7YIv90FIfNSZpo,love
1lbXEepatjRVjoG8pZMtdp,Dreams,Fleetwood Mac,Greatest Hits,1988-11-21,66,254453,https://open.spotify.com/track/1lbXEepatjRVjoG8pZMtdp,love
1C042FLYy7rP3MfnkOcnha,Cherry Wine - Live,Hozier,Hozier (Expanded Edition),2014-09-19,69,240146,https://open.spotify.com/track/1C042FLYy7rP3MfnkOcnha,love
4CZgaNdobtnTfBevPBje0c,Witches,Alice Phoebe Lou,Witches,2020-03-13,0,195078,https://open.spotify.com/track/4CZgaNdobtnTfBevPBje0c,love
03yOjwHoOPDlTUg0NRxN6t,Cemetry Gates - 2011 Remaster,The Smiths,The Queen Is Dead,1986-06-16,64,161040,https://open.spotify.com/track/03yOjwHoOPDlTUg0NRxN6t,love
5DSi7heBC8eTIFROBvttnp,Season Of The Witch,Lana Del Rey,"Season Of The Witch (From The Motion Picture ""Scary Stories To Tell In The Dark"")",2019-08-09,73,247147,https://open.spotify.com/track/5DSi7heBC8eTIFROBvttnp,love
1Iq1KHVrheuiJgRZYRTokq,Falling in the Fall (Pumpkin Feels),Oriana,Falling in the Fall (Pumpkin Feels),2022-10-22,36,150648,https://open.spotify.com/track/1Iq1KHVrheuiJgRZYRTokq,love
4nZi6XNe36Ut4Nij3IQ1yC,Silver Springs - 2004 Remaster,Fleetwood Mac,Rumours (Super Deluxe),1977-02-04,80,288786,https://open.spotify.com/track/4nZi6XNe36Ut4Nij3IQ1yC,love
69Kzq3FMkDwiSFBQzRckFD,This Night Has Opened My Eyes - 2011 Remaster,The Smiths,Hatful of Hollow,1984,74,221533,https://open.spotify.com/track/69Kzq3FMkDwiSFBQzRckFD,love
6EJkSSM4zBJW1AMCLnnXT8,Jump the Turnstile,"Jordana, TV Girl",Summer's Over,2021-10-13,0,222750,https://open.spotify.com/track/6EJkSSM4zBJW1AMCLnnXT8,love
7wdwIaXUuzlu1grzWMFRJm,Mary On A Cross,Ghost,[MESSAGE FROM THE CLERGY],2022-09-12,62,244804,https://open.spotify.com/track/7wdwIaXUuzlu1grzWMFRJm,love
1Qq3zuWe9lDYwZCeF9LOSb,October,bedroom lofi,October,2023-09-08,0,82781,https://open.spotify.com/track/1Qq3zuWe9lDYwZCeF9LOSb,love
2ykbwTn3pSw5N7iKhE6EwN,Six String 333,Oriana,The Beast,2023-10-01,35,194198,https://open.spotify.com/track/2ykbwTn3pSw5N7iKhE6EwN,love
3F0SfAXEbFIrVsq0mKFCsE,Ghost Stories,"bedroom lofi, Late Night Tones",Lofi Girl - Halloween 2023,2023-10-01,0,105912,https://open.spotify.com/track/3F0SfAXEbFIrVsq0mKFCsE,love
4sebUbjqbcgDSwG6PbSGI0,Come a Little Closer,Cage The Elephant,Melophobia,2013-10-08,74,229346,https://open.spotify.com/track/4sebUbjqbcgDSwG6PbSGI0,love
5411TEB6tlzvuF5A4oyldr,Francis Forever,Mitski,Bury Me At Makeout Creek,2014-11-11,73,149680,https://open.spotify.com/track/5411TEB6tlzvuF5A4oyldr,love
5mRmgO9FPE1F9FSqKvzVtw,I Knew You Better,Divine Sweater,Divine Sweater Presents: The Ten Year Plan,2021-03-26,43,158554,https://open.spotify.com/track/5mRmgO9FPE1F9FSqKvzVtw,love
2JuasWPUodaUxf5nwNpciQ,Nutshell,Alice In Chains,Jar Of Flies,1994,79,259200,https://open.spotify.com/track/2JuasWPUodaUxf5nwNpciQ,love
7sCHy8QQUz3CRvUMp53Cbm,Harvest Moon,Neil Young,Greatest Hits,2004-11-15,62,303213,https://open.spotify.com/track/7sCHy8QQUz3CRvUMp53Cbm,love
5QLHGv0DfpeXLNFo7SFEy1,1979 - Remastered 2012,The Smashing Pumpkins,Mellon Collie And The Infinite Sadness (Deluxe Edition),1995,80,266200,https://open.spotify.com/track/5QLHGv0DfpeXLNFo7SFEy1,love
0pUVeEgZuNyFzIMKp67RbS,Eyes Without A Face,Billy Idol,Rebel Yell,1983-11-01,84,299240,https://open.spotify.com/track/0pUVeEgZuNyFzIMKp67RbS,love
2pgqOplOTFm6AxFjegRlel,Midnight On The Carousel,chrlie,Midnight On The Carousel,2025-09-12,38,103714,https://open.spotify.com/track/2pgqOplOTFm6AxFjegRlel,love
5Ng6UbryNd3eds2zQk9MUf,Spellbound,Siouxsie and the Banshees,Juju,1981,65,197013,https://open.spotify.com/track/5Ng6UbryNd3eds2zQk9MUf,love
65hzDZbjAZpJZZf3diITpP,Witch,the bird and the bee,Ray Guns Are Not Just The Future,2008-01-01,49,234826,https://open.spotify.com/track/65hzDZbjAZpJZZf3diITpP,love
6wZaKZs7XsMzAOu9yp8dUN,Crystal,Stevie Nicks,Practical Magic (Music From The Motion Picture),1998-10-06,57,357106,https://open.spotify.com/track/6wZaKZs7XsMzAOu9yp8dUN,love
7Fm3NhbAYHvTQUhboim9FB,Rotten Apple,Alice In Chains,Jar Of Flies,1994,68,418466,https://open.spotify.com/track/7Fm3NhbAYHvTQUhboim9FB,love
7yldS1GOKvs0A9LOY07iCA,Gold Dust Woman,Fleetwood Mac,Rumours,1977-02-04,0,302400,https://open.spotify.com/track/7yldS1GOKvs0A9LOY07iCA,love
0X5C4WjQNubRysTkHOubz3,Lovesong - 2010 Remaster,The Cure,Disintegration (Deluxe Edition),1989-05-02,68,209573,https://open.spotify.com/track/0X5C4WjQNubRysTkHOubz3,love
4qDHt2ClApBBzDAvhNGWFd,Crab Rave,Noisestorm,Crab Rave,2018-04-01,69,161280,https://open.spotify.com/track/4qDHt2ClApBBzDAvhNGWFd,love
01apQz7E72krU1k1b4VWs7,Raining Tacos,Parry Gripp,Parry Gripp Mega-Party (2008 - 2012),2013-02-26,70,92693,https://open.spotify.com/track/01apQz7E72krU1k1b4VWs7,love
2IOp9e0tEe7TyixGE0DSql,Nyan Cat Theme,Digidudes,Nyan Cat Theme,2015-07-09,60,111552,https://open.spotify.com/track/2IOp9e0tEe7TyixGE0DSql,love
2wG1mwTiuvqll9YYLMjSaY,PASSO BEM SOLTO - Slowed,ATLXS,PASSO BEM SOLTO,2025-02-18,70,116072,https://open.spotify.com/track/2wG1mwTiuvqll9YYLMjSaY,love
5ES28tZBmoZyYCMtdU3eND,Tung Tung Tung Sahur (Italian Brainrot),W&W,Tung Tung Tung Sahur (Italian Brainrot),2025-08-22,62,126000,https://open.spotify.com/track/5ES28tZBmoZyYCMtdU3eND,love
3rgPxzkWK65kjWtP8pkRGL,La Cucaracha,The Mariachis,Mexican Fiesta,2017-05-05,60,165473,https://open.spotify.com/track/3rgPxzkWK65kjWtP8pkRGL,love
7KTmTezZjoo7c4lcYrFYkF,Brainrot Rap (brr brr) - Exteneded,"Gazzarino, Mandolino Pizzarino",Brainrot Rap (brr brr),2025-08-13,62,156452,https://open.spotify.com/track/7KTmTezZjoo7c4lcYrFYkF,love
1qIueMVIr9QzGQ2TLZtpjb,Young Black & Rich,Melly Mike,Young Black & Rich,2025-08-26,74,155062,https://open.spotify.com/track/1qIueMVIr9QzGQ2TLZtpjb,love
1iGF0zfslS9nKfLO0RBCqi,Steal a Brainrot,Bilal Khan BK,Steal a Brainrot,2025-09-16,51,190589,https://open.spotify.com/track/1iGF0zfslS9nKfLO0RBCqi,love
0ZxNf0T1OX51ABAHSnQxrE,Mad House,Rihanna,Rated R,2009-01-01,22,94480,https://open.spotify.com/track/0ZxNf0T1OX51ABAHSnQxrE,love
6IRdLKIyS4p7XNiP8r6rsx,all the good girls go to hell,Billie Eilish,"WHEN WE ALL FALL ASLEEP, WHERE DO WE GO?",2019-03-29,73,168839,https://open.spotify.com/track/6IRdLKIyS4p7XNiP8r6rsx,love
11BKm0j4eYoCPPpCONAVwA,Bloody Mary,Lady Gaga,Born This Way (Special Edition),2011-01-01,74,244760,https://open.spotify.com/track/11BKm0j4eYoCPPpCONAVwA,love
1xwAWUI6Dj0WGC3KiUPN0O,Vigilante Shit,Taylor Swift,Midnights,2022-10-21,67,164801,https://open.spotify.com/track/1xwAWUI6Dj0WGC3KiUPN0O,love
2YWQGk9zzkAkGXmjP027db,Cross My Heart I Hope U Die (With Chandler Leighton),"Meg Smith, Chandler Leighton",Cross My Heart I Hope U Die (With Chandler Leighton),2023-10-06,44,169521,https://open.spotify.com/track/2YWQGk9zzkAkGXmjP027db,love
7bal8JfR3tSB9Qgf7wAGPL,Girl Like Me,Dove Cameron,Girl Like Me,2022-12-09,50,149456,https://open.spotify.com/track/7bal8JfR3tSB9Qgf7wAGPL,love
7cOum6SuMdlmUiUW9IhLU5,Come As You Are,BELARO,THIS IS GON' GET MESSY,2022-10-21,21,188406,https://open.spotify.com/track/7cOum6SuMdlmUiUW9IhLU5,love
4UuCqDO4FGdM3ZTJuN3pSW,Haunt Your Dreams,Ari Abdul,Haunt Your Dreams,2023-06-02,45,171454,https://open.spotify.com/track/4UuCqDO4FGdM3ZTJuN3pSW,love
7hPYYE1RCIJovbGrP0fAG6,Bad Things,Summer Kennedy,The Bright Side,2018-06-21,0,237408,https://open.spotify.com/track/7hPYYE1RCIJovbGrP0fAG6,love
16w8ZGVSjI4TlTLV8VimBY,Castle,Halsey,BADLANDS (Deluxe),2015-08-28,65,277623,https://open.spotify.com/track/16w8ZGVSjI4TlTLV8VimBY,love
0wrWxW18WK2MkrfDpRHkyh,Me and the Devil,Soap&Skin,Sugarbread,2013-03-11,78,185000,https://open.spotify.com/track/0wrWxW18WK2MkrfDpRHkyh,love
0QPaxUB0Q4g3QZQBTcWEIW,"Feeling Good - From ""Liberated / Music For the Movement Vol. 3""",Chlöe,"Feeling Good (From ""Liberated / Music For the Movement Vol. 3"")",2021-06-18,37,189385,https://open.spotify.com/track/0QPaxUB0Q4g3QZQBTcWEIW,love
2KTdmzSdPipwFYdUdilmi3,Diamonds Are Forever,Sabrina Carpenter,Singular Act I,2018-11-09,48,229533,https://open.spotify.com/track/2KTdmzSdPipwFYdUdilmi3,love
3WzNy6b7PZIlWbiyZcVj8d,I Put a Spell on You,Sylvia Black,I Put a Spell on You,2018-11-14,50,164522,https://open.spotify.com/track/3WzNy6b7PZIlWbiyZcVj8d,love
64RprGulAapdbicN7CFUnz,temptation,Ashley Sienna,EDEN,2024-10-04,39,145466,https://open.spotify.com/track/64RprGulAapdbicN7CFUnz,love
5zj80ti5GGOgMwXHWyqaDm,Toxic,2WEI,Sequels,2018-09-20,1,237426,https://open.spotify.com/track/5zj80ti5GGOgMwXHWyqaDm,love
5dpvKFUEjSRgSgvPUkNgDL,The Devil,BANKS,The Devil,2021-06-16,0,167517,https://open.spotify.com/track/5dpvKFUEjSRgSgvPUkNgDL,love
0AUvWawuP0ibk4SQ3sIZjk,Daisy,Ashnikko,Daisy,2020-07-09,61,146523,https://open.spotify.com/track/0AUvWawuP0ibk4SQ3sIZjk,love
57VTWm2rMYF5MP1H5Cw0qW,Girl Of Your Dreams,Isabel LaRosa,Raven,2025-04-18,51,151021,https://open.spotify.com/track/57VTWm2rMYF5MP1H5Cw0qW,love
2yLE4fvbroJS8JNa3YA6ZB,How Villains Are Made,Madalen Duke,Talking to Myself,2020-11-06,61,206595,https://open.spotify.com/track/2yLE4fvbroJS8JNa3YA6ZB,love
6Z77oDcn6iI1MHFCBPjl24,Haunted,Evanescence,Fallen,2003-03-04,63,185440,https://open.spotify.com/track/6Z77oDcn6iI1MHFCBPjl24,love
6AdgGDGbdRMoCVkGye11Zw,Who Is She ?,I Monster,Neveroddoreven,2005-01-27,0,213373,https://open.spotify.com/track/6AdgGDGbdRMoCVkGye11Zw,love
6GUiIbJ834FcHewby3PwV0,Breakfast,Dove Cameron,Breakfast,2022-06-24,62,148470,https://open.spotify.com/track/6GUiIbJ834FcHewby3PwV0,love
35TzX56MU1bvVRhLuLeqzz,Massacre,Kim Petras,TURN OFF THE LIGHT,2020-10-23,47,206815,https://open.spotify.com/track/35TzX56MU1bvVRhLuLeqzz,love
2u9nSR08W4o7DI0vDHTFbs,Up In Flames,Ruelle,Up In Flames,2014-11-05,46,219709,https://open.spotify.com/track/2u9nSR08W4o7DI0vDHTFbs,love
6e2YNCn1sP5eqnUe17vtxv,INFERNO,"Sub Urban, Bella Poarch",HIVE,2022-06-03,67,133133,https://open.spotify.com/track/6e2YNCn1sP5eqnUe17vtxv,love
5ln5yQdUywVbf8HhFsOcd6,Walls Could Talk,Halsey,hopeless fountain kingdom (Deluxe),2017-06-02,1,101789,https://open.spotify.com/track/5ln5yQdUywVbf8HhFsOcd6,love
1appZ3c336FkPvCuywfmrs,CANCELLED!,Taylor Swift,The Life of a Showgirl,2025-10-03,91,211498,https://open.spotify.com/track/1appZ3c336FkPvCuywfmrs,love
7vguMCv8uVuZLiQJ156u3Z,Play with Fire (feat. Yacht Money),"Sam Tinnesz, Yacht Money",Play with Fire (feat. Yacht Money),2017-07-07,73,180690,https://open.spotify.com/track/7vguMCv8uVuZLiQJ156u3Z,love
2VP6E3tkWSbD2uHBioBDLp,"Paint It, Black",Ciara,"Paint It, Black",2015-10-09,54,234146,https://open.spotify.com/track/2VP6E3tkWSbD2uHBioBDLp,love
6lknMmJZALXxx7emwwZWLX,Frozen,"Madonna, Sickick",Frozen,2021-12-03,67,120157,https://open.spotify.com/track/6lknMmJZALXxx7emwwZWLX,love
3rcq0aXGazGTDqFD8Ll5Pz,MASSACRE,Ellise,OVER HER DEAD BODY,2023-10-13,35,156000,https://open.spotify.com/track/3rcq0aXGazGTDqFD8Ll5Pz,love
1Zqs6A90va6FUxQ7KJAckG,...baby one more time,The Marías,...baby one more time,2019-05-28,57,125333,https://open.spotify.com/track/1Zqs6A90va6FUxQ7KJAckG,love
02Wboxjkn2Csj0W8xmoZOI,BABYDOLL,Nessa Barrett,AFTERCARE,2024-11-15,50,219000,https://open.spotify.com/track/02Wboxjkn2Csj0W8xmoZOI,love
6xlOnm5MITIKtixzJW8R0j,DARKSIDE,Neoni,Wars In A Wonderland,2021-08-20,73,168000,https://open.spotify.com/track/6xlOnm5MITIKtixzJW8R0j,love
6bTbMMEShyGyrcuIwtBlpA,Living Hell,Bella Poarch,Dolls EP,2022-08-12,62,174002,https://open.spotify.com/track/6bTbMMEShyGyrcuIwtBlpA,love
1RAeuvRyRzCweAK3jUT0ZW,bet u wanna,Sabrina Carpenter,emails i can't send,2022-07-15,64,191025,https://open.spotify.com/track/1RAeuvRyRzCweAK3jUT0ZW,love
2nPOaOSY7HAitNxGGhM0cR,praying,Isabel LaRosa,YOU FEAR THE GOD THAT LOVES YOU,2023-03-24,47,166452,https://open.spotify.com/track/2nPOaOSY7HAitNxGGhM0cR,love
3iuk1CB6yWPZDQ08WVOUjB,Pretty In The Dark,"Ashley Sienna, Ellise",Pretty In The Dark,2023-06-23,44,176423,https://open.spotify.com/track/3iuk1CB6yWPZDQ08WVOUjB,love
419NpEpUYYDxnlNKwQ1Wmo,Tell Me It's A Nightmare,Kim Petras,TURN OFF THE LIGHT,2020-10-23,41,248743,https://open.spotify.com/track/419NpEpUYYDxnlNKwQ1Wmo,love
13fg6mvNd7mOaeGX32DZly,Part Goddess Part Gangster,Madalen Duke,Talking to Myself,2020-11-06,0,206153,https://open.spotify.com/track/13fg6mvNd7mOaeGX32DZly,love
3pjpG96WxzRnxNFxZC56vV,Sports car,Tate McRae,So Close To What,2025-02-24,69,165045,https://open.spotify.com/track/3pjpG96WxzRnxNFxZC56vV,love
2f77LCcMR3FPZ7PzjDauxg,Until We Go Down,Ruelle,Up In Flames,2015-01-20,46,251428,https://open.spotify.com/track/2f77LCcMR3FPZ7PzjDauxg,love
2Txj791OlOaNSMpps0gz5K,Follow The White Rabbit,Madison Beer,Life Support,2021-02-26,54,179712,https://open.spotify.com/track/2Txj791OlOaNSMpps0gz5K,love
1k18nxjYj8R5iz82Ap7GEY,Marry The Night,Lady Gaga,Born This Way,2011-01-01,55,264520,https://open.spotify.com/track/1k18nxjYj8R5iz82Ap7GEY,love
4V40V5u9oVRgRRLElF4IHS,Church Outfit,Poppy,Zig,2023-10-27,29,114351,https://open.spotify.com/track/4V40V5u9oVRgRRLElF4IHS,love
4u4wtfINRYS8IqcfLNLoOf,GLITTER AND VIOLENCE,Nessa Barrett,AFTERCARE,2024-11-15,50,184933,https://open.spotify.com/track/4u4wtfINRYS8IqcfLNLoOf,love
4KyTnzwdUOh7Tyr4oVhCdg,Therapy,Isabel LaRosa,Therapy,2022-01-26,46,138333,https://open.spotify.com/track/4KyTnzwdUOh7Tyr4oVhCdg,love
26HftovBgcNKjYAF08vFws,KEROSENE,Ellise,PRETTY EVIL DELUXE,2025-06-13,35,153768,https://open.spotify.com/track/26HftovBgcNKjYAF08vFws,love
49qEikVVPd6PgH6S2pbXjZ,Horns,Bryce Fox,Heaven on Hold,2017-10-20,60,217625,https://open.spotify.com/track/49qEikVVPd6PgH6S2pbXjZ,love
4GZ7swGhoOMcnMvShyD4po,Everybody Wants To Rule The World - From “The Hunger Games: Catching Fire” Soundtrack,Lorde,Los Juegos Del Hambre: En Llamas (Deluxe Edition),2013-01-01,42,155586,https://open.spotify.com/track/4GZ7swGhoOMcnMvShyD4po,love
3ZCtiUSYDNHN9zAXWn4Uwl,Take You To Hell,Ava Max,Heaven & Hell,2020-09-18,0,164537,https://open.spotify.com/track/3ZCtiUSYDNHN9zAXWn4Uwl,love
4g5zK0UZq4xLs2565Dk9Zy,FREAK SHOW,Chandler Leighton,FREAK SHOW,2024-06-28,42,154200,https://open.spotify.com/track/4g5zK0UZq4xLs2565Dk9Zy,love
4U34WsyOvppOMnRfq7DuOy,Night Crawling (feat. Billy Idol),"Miley Cyrus, Billy Idol",Plastic Hearts,2020-11-27,55,189017,https://open.spotify.com/track/4U34WsyOvppOMnRfq7DuOy,love
4TFXmB2WOm1G5CnVcejVQb,Witch Hunt,"Chandler Leighton, DEZI",Witch Hunt,2022-10-28,54,159821,https://open.spotify.com/track/4TFXmB2WOm1G5CnVcejVQb,love
6y0VIRo9CyIIHBdlPklTl0,Villain,Bella Poarch,Dolls EP,2022-08-12,58,145386,https://open.spotify.com/track/6y0VIRo9CyIIHBdlPklTl0,love
6DcUV1mtHCSrjMbNNRxWgY,I Win,Ashley Sienna,I AM,2023-11-15,33,148593,https://open.spotify.com/track/6DcUV1mtHCSrjMbNNRxWgY,love
3SKzTIl9mW0DadTys9SFo3,Control,Halsey,BADLANDS (Deluxe),2015-08-28,70,214761,https://open.spotify.com/track/3SKzTIl9mW0DadTys9SFo3,love
14fRrLJwF9Ca6n5SXMbs5M,Monsters,Ruelle,Monsters (Acoustic Version),2017-06-16,0,200896,https://open.spotify.com/track/14fRrLJwF9Ca6n5SXMbs5M,love
2iFoEIA2RSH1wt4i1LRiia,Bite Marks,Ari Abdul,CCTV,2023-10-13,49,161171,https://open.spotify.com/track/2iFoEIA2RSH1wt4i1LRiia,love
4SSnFejRGlZikf02HLewEF,bury a friend,Billie Eilish,"WHEN WE ALL FALL ASLEEP, WHERE DO WE GO?",2019-03-29,75,193143,https://open.spotify.com/track/4SSnFejRGlZikf02HLewEF,love
3wlU8UYOvnnbt9BYkBqrgH,MASOCHIST,Ellise,OVER HER DEAD BODY,2023-10-13,47,143000,https://open.spotify.com/track/3wlU8UYOvnnbt9BYkBqrgH,love
0Q2kFlgnqusKAqCDpCKAIY,Bad Kind of Butterflies,Camila Cabello,Romance,2019-12-06,50,169334,https://open.spotify.com/track/0Q2kFlgnqusKAqCDpCKAIY,love
2D0FX6WiP1GKGL3yCdXxs7,Joke's On You,Charlotte Lawrence,Joke's On You,2020-01-17,62,184658,https://open.spotify.com/track/2D0FX6WiP1GKGL3yCdXxs7,love
4UcD09p3PS91c6AvPkcxE8,Hold Me Down,Halsey,BADLANDS (Live From Webster Hall),2020-08-28,22,204785,https://open.spotify.com/track/4UcD09p3PS91c6AvPkcxE8,love
0Up4nx3BStTtlANnQD3Flb,COPYCAT,Billie Eilish,dont smile at me,2017-12-22,0,194711,https://open.spotify.com/track/0Up4nx3BStTtlANnQD3Flb,love
0IvlCZFHDCgeHqZJHO7ghW,What You Need,Ashley Sienna,What You Need,2022-11-18,52,196470,https://open.spotify.com/track/0IvlCZFHDCgeHqZJHO7ghW,love
4nYUJ36Qj9hIY9mKj8QZFF,Frankenstein,Rina Sawayama,Hold The Girl,2022-09-16,52,192072,https://open.spotify.com/track/4nYUJ36Qj9hIY9mKj8QZFF,love
1do6rER8ZYXGMgRkbJHyQQ,Gimme What I Want,Miley Cyrus,Plastic Hearts,2020-11-27,25,151716,https://open.spotify.com/track/1do6rER8ZYXGMgRkbJHyQQ,love
2IO7yf562c1zLzpanal1DT,Gasoline,Halsey,BADLANDS (Deluxe),2015-08-28,73,199593,https://open.spotify.com/track/2IO7yf562c1zLzpanal1DT,love
5Ic5PpmDcIqmgvvPaBBAq1,KILL4ME,Ellise,PRETTY EVIL DELUXE,2025-06-13,40,140341,https://open.spotify.com/track/5Ic5PpmDcIqmgvvPaBBAq1,love
2qLSXZuIHMsKydCEFDchc3,Bang Bang Bang Bang,Sohodolls,Ribbed Music For The Numb Generation,2007-09-24,67,181640,https://open.spotify.com/track/2qLSXZuIHMsKydCEFDchc3,love
2m17BTWlZq0wtS9cpJsCfM,Kill Of The Night,Gin Wigmore,Gravel & Wine,2011,58,205306,https://open.spotify.com/track/2m17BTWlZq0wtS9cpJsCfM,love
5j7gLuOsBOyqooruGxX4nx,Taking Over Me,Evanescence,Fallen,2003-03-04,62,228613,https://open.spotify.com/track/5j7gLuOsBOyqooruGxX4nx,love
4q604hQba5940BbOoaenmz,Blood In The Cut,K.Flay,Every Where Is Some Where,2017-04-07,59,188706,https://open.spotify.com/track/4q604hQba5940BbOoaenmz,love
7zLeOgBrdrCfMf47MCyLMC,Running Up That Hill,MEG MYERS,Running Up That Hill,2019-03-06,51,263716,https://open.spotify.com/track/7zLeOgBrdrCfMf47MCyLMC,love
3R8PKPTPgHApBhCt3NUJ0q,Killing Butterflies,Lou Bliss,Killing Butterflies,2019-08-28,61,170000,https://open.spotify.com/track/3R8PKPTPgHApBhCt3NUJ0q,love
5IYWdpFJAeKLggc7B8xtJm,Gang Bang,Madonna,MDNA (Deluxe Version),2012-01-01,31,326040,https://open.spotify.com/track/5IYWdpFJAeKLggc7B8xtJm,love
6S9JEY1hpKyMFtRCFIczYE,Exorcism,Ashley Sienna,Exorcism,2023-10-09,40,149454,https://open.spotify.com/track/6S9JEY1hpKyMFtRCFIczYE,love
5R02FHwbNL2R3sz4LKoeve,Lilith,Ellise,Under My Bed,2019-10-17,48,177600,https://open.spotify.com/track/5R02FHwbNL2R3sz4LKoeve,love
0eSKFjwdh7uOJZ7me6YbaN,Playground (from the series Arcane League of Legends),"Bea Miller, Arcane, League of Legends",Playground (from the series Arcane League of Legends),2021-11-05,67,230525,https://open.spotify.com/track/0eSKFjwdh7uOJZ7me6YbaN,love
0VTmJ6N4TDxR3QeC5d9vXB,Lethal Woman,Dove Cameron,Alchemical: Volume 1,2023-12-01,48,126266,https://open.spotify.com/track/0VTmJ6N4TDxR3QeC5d9vXB,love
0tVRSxFAHagQjjOFUcbd7i,Hit Me With Your Best Shot,ADONA,Birds of Prey: The Album,2020-02-07,38,170725,https://open.spotify.com/track/0tVRSxFAHagQjjOFUcbd7i,love
1VYruNWR6k3fKQL5LXtIIK,Assassin,Au/Ra,Assassin,2019-04-19,44,189340,https://open.spotify.com/track/1VYruNWR6k3fKQL5LXtIIK,love
0Njbfdqov90zIfAXZl7hIf,HUSH,Ari Abdul,Fallen Angel,2022-10-07,54,190957,https://open.spotify.com/track/0Njbfdqov90zIfAXZl7hIf,love
6KF3l0dtaqHanpwJVmz3mB,Devil I Know,Allie X,Cape God,2020-02-21,50,172880,https://open.spotify.com/track/6KF3l0dtaqHanpwJVmz3mB,love
3RhPFIqJ9waaB5FTg8wugv,too hot to cry,Nessa Barrett,young forever,2022-10-14,46,188360,https://open.spotify.com/track/3RhPFIqJ9waaB5FTg8wugv,love
1vhcao02NoMFt9NjMMZhut,Villains Aren't Born (They're Made),PEGGY,Villains Aren't Born (They're Made),2022-05-25,58,194603,https://open.spotify.com/track/1vhcao02NoMFt9NjMMZhut,love
5s2fml0UCNpjs9eqamNjfZ,Dead Or Alive,"Stileto, Madalen Duke",Dead or Alive,2021-03-26,56,147915,https://open.spotify.com/track/5s2fml0UCNpjs9eqamNjfZ,love
7L3mLAldi9JqFwALPGzvYj,KILLER,Ellise,OVER HER DEAD BODY,2023-10-13,40,142550,https://open.spotify.com/track/7L3mLAldi9JqFwALPGzvYj,love
5i5q4FAgCuktMvdyEdNpbJ,gold,Ashley Sienna,gold,2024-08-28,24,163800,https://open.spotify.com/track/5i5q4FAgCuktMvdyEdNpbJ,love
0xx5CXMss5CFv2GPkg97aC,Sociopath,"StayLoose, Bryce Fox",Sociopath,2017-10-06,57,204826,https://open.spotify.com/track/0xx5CXMss5CFv2GPkg97aC,love
6azVi5ToFHo6KfKs6SstAC,Bad Idea,Dove Cameron,Bad Idea,2022-10-28,52,155681,https://open.spotify.com/track/6azVi5ToFHo6KfKs6SstAC,love
0pxNyJJiL2zZZ5GgJ4JhsQ,6 Inch (feat. The Weeknd),"Beyoncé, The Weeknd",Lemonade,2016-04-23,61,260440,https://open.spotify.com/track/0pxNyJJiL2zZZ5GgJ4JhsQ,love
3DzET5azjWXj2F57kn9oI5,"HALF WOMAN, HALF UNIVERSE","Ashley Sienna, HotHighPriestess",I AM,2023-11-15,40,97714,https://open.spotify.com/track/3DzET5azjWXj2F57kn9oI5,love
4H0LPPwhIgrVO37eYOo8Ip,PSYCHO,AViVA,VOLUME I,2020-06-19,49,214355,https://open.spotify.com/track/4H0LPPwhIgrVO37eYOo8Ip,love
0csw1Os1wQgPH0b3jT8wrY,Game Of Survival,Ruelle,Madness,2016-12-09,59,178566,https://open.spotify.com/track/0csw1Os1wQgPH0b3jT8wrY,love
3rnIMLgMXVNYUXtdXXRPlF,Last Breath,Ari Abdul,CCTV,2023-10-13,40,181427,https://open.spotify.com/track/3rnIMLgMXVNYUXtdXXRPlF,love
0FmqQ6bQPMSZpbSw7R7anT,Wish,Ashley Sienna,I AM,2023-11-15,31,47142,https://open.spotify.com/track/0FmqQ6bQPMSZpbSw7R7anT,love
41U3JEgMiZEC24RVtvo27R,Play With Fire (Alternate Version),"Sam Tinnesz, Ruelle, Violents",Babel: The Ruins,2018-11-30,35,162674,https://open.spotify.com/track/41U3JEgMiZEC24RVtvo27R,love
0mt50jzA5xVZXBfnX9X5kJ,CRACK!,Au/Ra,CRACK!,2025-07-11,49,222545,https://open.spotify.com/track/0mt50jzA5xVZXBfnX9X5kJ,love
3YvFXuk2IuWW32zeOTV3Q9,Romeo,Dove Cameron,Romeo,2025-06-27,58,184928,https://open.spotify.com/track/3YvFXuk2IuWW32zeOTV3Q9,love
24GULBTSEbv8y8mKgF3IhQ,ORAL HEX (spell on you),bludnymph,ORAL HEX (spell on you),2023-09-13,56,194545,https://open.spotify.com/track/24GULBTSEbv8y8mKgF3IhQ,love
46fyLy4W9HhAkcb67kLaAV,Tourniquet,Evanescence,Fallen,2003-03-04,66,278066,https://open.spotify.com/track/46fyLy4W9HhAkcb67kLaAV,love
2gZPA22EFF9rzq6hahAU8F,OT,Niykee Heaton,The Bedroom Tour Playlist,2016-03-18,40,254057,https://open.spotify.com/track/2gZPA22EFF9rzq6hahAU8F,love
5G9qKplB5e4lIpSncwKWVE,Milk and Cookies,Melanie Martinez,Cry Baby (Deluxe Edition),2015-08-14,59,206280,https://open.spotify.com/track/5G9qKplB5e4lIpSncwKWVE,love
4uxJICczweCIPZkIA6AN5k,Sick Thoughts,Lou Bliss,Sick Thoughts,2019-05-14,47,200869,https://open.spotify.com/track/4uxJICczweCIPZkIA6AN5k,love
1HVrRO2uuCl3PslkOKEdjE,Black Sheep,Kailee Morgue,Black Sheep,2019-08-09,45,183920,https://open.spotify.com/track/1HVrRO2uuCl3PslkOKEdjE,love
2A0NPEFwFux9LKEh3o5idi,aphrodite,Ashley Sienna,EDEN,2024-10-04,42,164400,https://open.spotify.com/track/2A0NPEFwFux9LKEh3o5idi,love
1kfAz9hp0Tlc9G1777jutL,Big Girls Don't Cry,Cloudy June,Big Girls Don't Cry,2024-08-09,33,170019,https://open.spotify.com/track/1kfAz9hp0Tlc9G1777jutL,love
2bUEPDiGO5iGxgkiDo7OPF,Self Destruction Mode,"The Chainsmokers, bludnymph",Summertime Friends,2023-10-20,44,147836,https://open.spotify.com/track/2bUEPDiGO5iGxgkiDo7OPF,love
4oPZCcfHYeLdDBoCH7w6HA,bite,Ellise,bite,2024-10-25,32,183468,https://open.spotify.com/track/4oPZCcfHYeLdDBoCH7w6HA,love
5Y7xJHElBKXnsKQvFtTZLb,VILLAIN,Neoni,VILLAIN,2023-10-20,45,204000,https://open.spotify.com/track/5Y7xJHElBKXnsKQvFtTZLb,love
4zXZ5Mq2L6jnsOsTssgRh8,Hush,The Marías,CINEMA,2021-06-25,70,181893,https://open.spotify.com/track/4zXZ5Mq2L6jnsOsTssgRh8,love
0ImjeKKMwhUNJwVe4JXEDy,Feral Love,Chelsea Wolfe,Pain Is Beauty,2013-09-03,0,202069,https://open.spotify.com/track/0ImjeKKMwhUNJwVe4JXEDy,love
23KVefoON2iEz1dh940quQ,911,Ellise,Chaotic,2021-05-14,63,188386,https://open.spotify.com/track/23KVefoON2iEz1dh940quQ,love
5u9rE1tUbut2sZqdwBTmp8,Serial Killer,Slayyyter,Troubled Paradise,2021-06-11,3,237628,https://open.spotify.com/track/5u9rE1tUbut2sZqdwBTmp8,love
2VrANCn1fhtflBXTdPmIxl,In Flames,Digital Daggers,In Flames,2018-03-30,0,253110,https://open.spotify.com/track/2VrANCn1fhtflBXTdPmIxl,love
10AZj11FnvND9GW98ceiSp,MONSTER,Chandler Leighton,Proof You Weren't The Only One,2024-04-26,56,158197,https://open.spotify.com/track/10AZj11FnvND9GW98ceiSp,love
64mEH2NyxbBks8TKUFiLVs,BLUE VALENTINE,Nessa Barrett,AFTERCARE DELUXE,2025-02-07,50,150933,https://open.spotify.com/track/64mEH2NyxbBks8TKUFiLVs,love
4HX1f113qsJDmwwGL6QeV7,pretty girl I’ll make you famous,Chandler Leighton,pretty girl I’ll make you famous,2024-10-18,55,165077,https://open.spotify.com/track/4HX1f113qsJDmwwGL6QeV7,love
65Kx5KhN6EiKyOpZa67ikj,Killer,Valerie Broussard,Killer,2019-10-23,52,150626,https://open.spotify.com/track/65Kx5KhN6EiKyOpZa67ikj,love
2wuF5I3a4AmuRE0G5bQxgG,My Name is Dark - Art Mix,Grimes,Miss Anthropocene (Deluxe Edition),2020-02-21,0,356077,https://open.spotify.com/track/2wuF5I3a4AmuRE0G5bQxgG,love
210JJAa9nJOgNa0YNrsT5g,GODS,"League of Legends, NewJeans",GODS,2023-10-04,53,220878,https://open.spotify.com/track/210JJAa9nJOgNa0YNrsT5g,love
2e2XwMMNEdERsHLpOg7aEM,Russian Roulette,Rihanna,Rated R,2009-11-20,0,227533,https://open.spotify.com/track/2e2XwMMNEdERsHLpOg7aEM,love
3I7i0kt5EcuVdYWfSu2LSm,Lights Out,bludnymph,Lights Out,2023-01-05,35,143233,https://open.spotify.com/track/3I7i0kt5EcuVdYWfSu2LSm,love
5tkpMXfQl06bnuhWpxjsKE,Chaotic,Ellise,Chaotic,2021-05-14,42,201294,https://open.spotify.com/track/5tkpMXfQl06bnuhWpxjsKE,love
1ZdrRyDERq5yZgsTy4gmb8,black swan,Ashley Sienna,EDEN,2024-10-04,35,179413,https://open.spotify.com/track/1ZdrRyDERq5yZgsTy4gmb8,love
5gWtkdgdyt5bZt9i6n3Kqd,Mad Hatter,Melanie Martinez,Cry Baby (Deluxe Edition),2015-08-14,70,201520,https://open.spotify.com/track/5gWtkdgdyt5bZt9i6n3Kqd,love
0EE1wyppif56kWOdETvVsg,Devil Devil,MILCK,Devil Devil,2016-01-11,49,258640,https://open.spotify.com/track/0EE1wyppif56kWOdETvVsg,love
7fmt9chGer2jvnUhysySW1,madly,Ashley Sienna,madly,2025-02-07,40,162666,https://open.spotify.com/track/7fmt9chGer2jvnUhysySW1,love
3WXhshrs1fzwF3rQE399Gq,Kill V. Maim,Grimes,Art Angels,2015-11-06,61,246006,https://open.spotify.com/track/3WXhshrs1fzwF3rQE399Gq,love
7zZDRq9CLl37OAywR39KVy,Dirty Thoughts,Chloe Adams,The Monster You Made Me,2023-04-07,64,129698,https://open.spotify.com/track/7zZDRq9CLl37OAywR39KVy,love
1a6SSxTLJK6AT9eTd8K6ao,pretty poison,Nessa Barrett,pretty poison,2021-09-10,47,137433,https://open.spotify.com/track/1a6SSxTLJK6AT9eTd8K6ao,love
60QB81goFQieUq28DZEDZP,Medieval Warfare,Grimes,Suicide Squad: The Album,2016-08-05,43,180271,https://open.spotify.com/track/60QB81goFQieUq28DZEDZP,love
1w6EDue1Ze95AzYcjr8ED3,gaslight,Nessa Barrett,young forever,2022-10-14,52,196320,https://open.spotify.com/track/1w6EDue1Ze95AzYcjr8ED3,love
5dtEhKKsNM2dbDkbJTEcfi,For Me,Ashley Sienna,I AM,2023-11-15,38,152307,https://open.spotify.com/track/5dtEhKKsNM2dbDkbJTEcfi,love
4xb8JHIN56xixSl6vkSPjm,Siren,Kailee Morgue,Siren,2018-08-24,60,200266,https://open.spotify.com/track/4xb8JHIN56xixSl6vkSPjm,love
0ibkMpgLiFiMM68xMDIGIp,Wreak Havoc,Skylar Grey,Suicide Squad: The Album,2016-08-05,47,228947,https://open.spotify.com/track/0ibkMpgLiFiMM68xMDIGIp,love
3sYDVtqO35oRSOIMx7dOqR,Freak,Lana Del Rey,Honeymoon,2015-09-18,67,295093,https://open.spotify.com/track/3sYDVtqO35oRSOIMx7dOqR,love
6BGtSuLFU0X35Igkftxqfr,FU In My Head,Cloudy June,Unthinkable,2022-05-20,27,167248,https://open.spotify.com/track/6BGtSuLFU0X35Igkftxqfr,love
4gSa05IOKfxDzYlP3D2k7T,Dark in My Imagination,of Verona,The White Apple,2012-07-10,42,256000,https://open.spotify.com/track/4gSa05IOKfxDzYlP3D2k7T,love
0ZPMI8Gnz7p6omBBIOwiO9,A Little Wicked,Valerie Broussard,A Little Wicked,2016-02-16,56,210274,https://open.spotify.com/track/0ZPMI8Gnz7p6omBBIOwiO9,love
3i5jKbMOcBqgnKlx5UyH9d,Dance in the Dark,Au/Ra,Dance in the Dark,2019-07-05,50,178187,https://open.spotify.com/track/3i5jKbMOcBqgnKlx5UyH9d,love
3EsFsEIcsdf4r5Y9UuW0yC,counting crimes,Nessa Barrett,counting crimes,2021-06-25,46,182676,https://open.spotify.com/track/3EsFsEIcsdf4r5Y9UuW0yC,love
5MWXOo8DJwgODtPGaietNz,cinderella's dead,EMELINE,cinderella's dead,2022-04-01,68,120666,https://open.spotify.com/track/5MWXOo8DJwgODtPGaietNz,love
54bFM56PmE4YLRnqpW6Tha,Therefore I Am,Billie Eilish,Therefore I Am,2020-11-12,69,174321,https://open.spotify.com/track/54bFM56PmE4YLRnqpW6Tha,love
3Tc57t9l2O8FwQZtQOvPXK,my strange addiction,Billie Eilish,"WHEN WE ALL FALL ASLEEP, WHERE DO WE GO?",2019-03-29,75,179889,https://open.spotify.com/track/3Tc57t9l2O8FwQZtQOvPXK,love
6NIlYycjhvtKGKtiABymF3,White Glove,Dove Cameron,Alchemical: Volume 1,2023-12-01,46,150413,https://open.spotify.com/track/6NIlYycjhvtKGKtiABymF3,love
0tFUl3tPqBzUM2aV0gitdq,Dolls,Bella Poarch,Dolls,2022-07-14,60,132793,https://open.spotify.com/track/0tFUl3tPqBzUM2aV0gitdq,love
09rBX6mQFN1GFJgfqUQak5,Why Do You Love Me,Charlotte Lawrence,Charlotte,2021-03-05,48,171908,https://open.spotify.com/track/09rBX6mQFN1GFJgfqUQak5,love
6MyFzWJv92xEZV3xt3us2D,STFD,TeZATalks,Chaos,2017-02-01,0,226341,https://open.spotify.com/track/6MyFzWJv92xEZV3xt3us2D,love
7uUahoeqGNRMbpdeiLj1rS,Panic Room,Au/Ra,Panic Room,2018-02-09,68,237772,https://open.spotify.com/track/7uUahoeqGNRMbpdeiLj1rS,love
7zoF1WCREeVmUgO9J9xlbf,God Complex,VIOLENT VIRA,God Complex,2022-04-23,59,179473,https://open.spotify.com/track/7zoF1WCREeVmUgO9J9xlbf,love
5psxNqlcbQhHuMLY7NT5Hr,Siren,Ashley Sienna,I AM,2023-11-15,37,156800,https://open.spotify.com/track/5psxNqlcbQhHuMLY7NT5Hr,love
2yyBHDvookEElieg0fmky5,HEARTBEAT,Nessa Barrett,AFTERCARE,2024-11-15,51,189293,https://open.spotify.com/track/2yyBHDvookEElieg0fmky5,love
3uvA7vzmyuO8tSpERJNWxN,Damn Those Eyes,Ashley Sienna,Damn Those Eyes,2023-03-17,36,180000,https://open.spotify.com/track/3uvA7vzmyuO8tSpERJNWxN,love
7aGSmvVvSjrpLlklaWSvG3,Closer,Isabel LaRosa,Closer,2021-10-27,51,207307,https://open.spotify.com/track/7aGSmvVvSjrpLlklaWSvG3,love
6UVZo6UKUZC1J2KPP3IIwQ,yes & no,XYLØ,yes & no,2019-05-31,52,178983,https://open.spotify.com/track/6UVZo6UKUZC1J2KPP3IIwQ,love
2zsWRxMcUdGjj8TnWkVKw0,Hypnotic,Zella Day,Kicker,2015-01-01,61,176786,https://open.spotify.com/track/2zsWRxMcUdGjj8TnWkVKw0,love
0XVQTr58DZbLUcjacnTp8k,Madness,Ruelle,Madness,2016-12-09,0,211139,https://open.spotify.com/track/0XVQTr58DZbLUcjacnTp8k,love
4UqIWBrsVXIDZUdLuLpcre,fairies,Ashley Sienna,EDEN,2024-10-04,37,185200,https://open.spotify.com/track/4UqIWBrsVXIDZUdLuLpcre,love
2bZIXcDynEc7uskBYyHnn2,welcome to eden,Ashley Sienna,EDEN,2024-10-04,31,147786,https://open.spotify.com/track/2bZIXcDynEc7uskBYyHnn2,love
1pFuoLQ9iRbPv7a0LQvhEJ,Sleepwalker,Ava Max,Diamonds & Dancefloors,2023-01-27,50,190559,https://open.spotify.com/track/1pFuoLQ9iRbPv7a0LQvhEJ,love
79zoBfcQDNQgSpvojwkfk8,Wrong Turn,Kim Petras,TURN OFF THE LIGHT,2020-10-23,47,200084,https://open.spotify.com/track/79zoBfcQDNQgSpvojwkfk8,love
75HFFq9W7Em0dTBG8QeGcT,There Will Be Blood,Kim Petras,TURN OFF THE LIGHT,2020-10-23,53,197651,https://open.spotify.com/track/75HFFq9W7Em0dTBG8QeGcT,love
0UW7mAWldtWsfVrlFWYYWh,Belladonna,Ava Max,Heaven & Hell,2020-09-18,50,203429,https://open.spotify.com/track/0UW7mAWldtWsfVrlFWYYWh,love
340UVheS8z3ncW9TTUhAbc,Nightmare,Halsey,Nightmare,2019-05-17,2,231998,https://open.spotify.com/track/340UVheS8z3ncW9TTUhAbc,love
59tskctgqUmjCWAwhzYAFm,Looking at Me,Sabrina Carpenter,Singular Act II,2019-07-19,75,181120,https://open.spotify.com/track/59tskctgqUmjCWAwhzYAFm,love
4y3g40TWe7fCWCayJZuGvw,Good In Goodbye,Madison Beer,Life Support,2021-02-26,67,142571,https://open.spotify.com/track/4y3g40TWe7fCWCayJZuGvw,love
0Otf1ZfYNIjhqFIuJk0fsy,Tea for Two,Art Tatum,Piano Starts Here,1933,49,193866,https://open.spotify.com/track/0Otf1ZfYNIjhqFIuJk0fsy,love
0tUq1zaYNoV6ZiYRU2bjqf,"On Green Dolphin Street (feat. John Coltrane, Cannonball Adderley & Bill Evans)","Miles Davis, John Coltrane, Cannonball Adderley, Bill Evans",Kind Of Blue (Legacy Edition),1959-08-17,45,589200,https://open.spotify.com/track/0tUq1zaYNoV6ZiYRU2bjqf,love
6LPqphk2rbt2i63bR2o247,All The Things You Are,Dizzy Gillespie,Odyssey: 1945-1952,2002-05-21,53,169506,https://open.spotify.com/track/6LPqphk2rbt2i63bR2o247,love
4qyDIx9Y6b5lEAGE8M0Zf0,Little Rock Getaway,Donald Byrd,Byrd Blows On Beacon Hill,1956-01-01,23,424586,https://open.spotify.com/track/4qyDIx9Y6b5lEAGE8M0Zf0,love
4Vkk3iD1VrENHJEACNddvt,Moanin',Art Blakey & The Jazz Messengers,Moanin' (Expanded Edition),1959-01-01,59,570720,https://open.spotify.com/track/4Vkk3iD1VrENHJEACNddvt,love
5mbUj1YVHxVzEsSqvGMS6T,Blues For The Orient - Rudy Van Gelder Remaster,Yusef Lateef,Eastern Sounds,1961,0,334813,https://open.spotify.com/track/5mbUj1YVHxVzEsSqvGMS6T,love
2pday5uCrVYBdUgvldUJWm,I Was Doing All Right,"Stan Getz, Oscar Peterson Trio",Stan Getz And The Oscar Peterson Trio,1957-01-01,47,246506,https://open.spotify.com/track/2pday5uCrVYBdUgvldUJWm,love
4xmkuzw1PuJ15xCC0YP6VY,Careless Whisper,Delvon Lamarr Organ Trio,I Told You So,2021-01-29,36,334400,https://open.spotify.com/track/4xmkuzw1PuJ15xCC0YP6VY,love
2a3xZWNBpoyVmJqNL8Bnom,Face To Face - Remastered 2007/Rudy Van Gelder Edition,Baby Face Willette,Face To Face (Remastered),1961,23,377480,https://open.spotify.com/track/2a3xZWNBpoyVmJqNL8Bnom,love
6XIoZvWtaA93lQVi0QXryp,Speak Low,Bobby Montez,Jungle Fantastique!,2020-12-25,22,238560,https://open.spotify.com/track/6XIoZvWtaA93lQVi0QXryp,love
2CKyVTxpJ7hGhV2shxsnuB,Conquistadores,Chico Hamilton,El Chico,1965-01-01,34,400480,https://open.spotify.com/track/2CKyVTxpJ7hGhV2shxsnuB,love
6oarR9NsZJOlYxDi17S9iS,Ching Miau - Rudy Van Gelder Remaster,Yusef Lateef,Eastern Sounds,1961,0,194693,https://open.spotify.com/track/6oarR9NsZJOlYxDi17S9iS,love
72wDPwYN9epQJNCNNlMq5g,The Easy Way,Jimmy Giuffre,The Easy Way,1959-01-01,15,354293,https://open.spotify.com/track/72wDPwYN9epQJNCNNlMq5g,love
6QlkHjQmo2YncQN5MQXgPZ,It Never Entered My Mind,Miles Davis Quintet,Workin' With The Miles Davis Quintet,1959,60,323186,https://open.spotify.com/track/6QlkHjQmo2YncQN5MQXgPZ,love
6q0ZNqHEuQWXtqdlus7ecI,Proméne Bleu,Nick Waterhouse,Promenade Blue,2021-04-09,0,186035,https://open.spotify.com/track/6q0ZNqHEuQWXtqdlus7ecI,love
64GGLBsugue1LanjfL7cDO,Doin That Thing,Les McCann,Much Les,1969-06-04,24,510640,https://open.spotify.com/track/64GGLBsugue1LanjfL7cDO,love
5zwgiC30npL2pURccllJED,Jasmine,Bud Shank,California Suite,2014-01-07,21,255093,https://open.spotify.com/track/5zwgiC30npL2pURccllJED,love
5CvTpefwhhK11d1AV3WHaf,Harlem Drive,Quincy Jones,The Pawnbroker,1965-06-01,18,119626,https://open.spotify.com/track/5CvTpefwhhK11d1AV3WHaf,love
3sWG9tHMzhLsxvI1u8HpBq,Ah-Leu-Cha,"Charlie Parker, Miles Davis",The Savoy 10-inch LP Collection,2020-02-28,23,173826,https://open.spotify.com/track/3sWG9tHMzhLsxvI1u8HpBq,love
1vvMqMOGxXgaqprepMaatH,Vilia - Take 3,John Coltrane,Both Directions At Once: The Lost Album (Deluxe Version),2018-06-29,23,332826,https://open.spotify.com/track/1vvMqMOGxXgaqprepMaatH,love
5XhqvYCaJn0KNOEd1ekBhQ,The Naked Truth,Quincy Jones,The Pawnbroker,1965-06-01,24,253266,https://open.spotify.com/track/5XhqvYCaJn0KNOEd1ekBhQ,love
4qRyiKJFPLlaEma8BDaVML,Book Of Slim,Gene Harris & The Three Sounds,Elegant Soul (Reissue),1969-01-01,44,203160,https://open.spotify.com/track/4qRyiKJFPLlaEma8BDaVML,love
3fd0H6vfSK3uvIXeVUtBfu,I Love You,Duke Pearson,Tender Feelin's,1960-09-17,19,274000,https://open.spotify.com/track/3fd0H6vfSK3uvIXeVUtBfu,love
3yitw1j44b1AiXvTKFe3lG,I See Your Face Before Me - Remastered,Hank Mobley,Dippin',2005-01-01,29,329533,https://open.spotify.com/track/3yitw1j44b1AiXvTKFe3lG,love
5wAeCI3UlhKvs0RSJKQd9l,Kreyol,Preservation Hall Jazz Band,A Tuba to Cuba,2019-06-28,36,223413,https://open.spotify.com/track/5wAeCI3UlhKvs0RSJKQd9l,love
58m84HdiCuh1XWAFYCEZqY,Tinguaro,Johnny Pacheco,Pacheco His Flute And Latin Jam,1965-01-01,18,442287,https://open.spotify.com/track/58m84HdiCuh1XWAFYCEZqY,love
4qY5wZEX2GH8ql043Ft8uB,O Amor Em Paz - Remastered 1999,"Cannonball Adderley, The Bossa Rio Sextet",Cannonball's Bossa Nova,1963-07-01,24,468866,https://open.spotify.com/track/4qY5wZEX2GH8ql043Ft8uB,love
4p6RfaUaBjV39ZcvQoE6pD,Nola Beat,Jeff Lofton,Nola Beat,2014-08-05,15,301976,https://open.spotify.com/track/4p6RfaUaBjV39ZcvQoE6pD,love
5K5NOAnF7DwQATrEumi6dS,Recado Bossa Nova - Remastered 2005/Rudy Van Gelder Edition,Hank Mobley,Dippin',2005-01-01,45,491293,https://open.spotify.com/track/5K5NOAnF7DwQATrEumi6dS,love
2jfiDZCg4UjLJEFktdcAV4,Unsquare Dance,Dave Brubeck,Dave Brubeck's Greatest Hits,1966,41,119826,https://open.spotify.com/track/2jfiDZCg4UjLJEFktdcAV4,love
2x91iJc0UkFcjRMEZ2CoWB,"Freddie Freeloader (feat. John Coltrane, Cannonball Adderley, Wynton Kelly & Paul Chambers)","Miles Davis, John Coltrane, Cannonball Adderley, Wynton Kelly, Paul Chambers",Kind Of Blue (Legacy Edition),1959-08-17,53,586400,https://open.spotify.com/track/2x91iJc0UkFcjRMEZ2CoWB,love
0SkEb2gTCQWMvQxMh6bc9j,Easy To Love - Alternate Take,Chet Baker Quartet,Pretty/Groovy (Expanded Edition),1958-01-01,20,149066,https://open.spotify.com/track/0SkEb2gTCQWMvQxMh6bc9j,love
5yIUlo7Hf7Yuy8hZaWlBsF,Soft Impression - Remastered,Hank Mobley,Straight No Filter (Limited Edition),2001-01-01,22,286573,https://open.spotify.com/track/5yIUlo7Hf7Yuy8hZaWlBsF,love
1Pt7htydCAL9lJzrKmAkyV,Not A Tear,Wynton Kelly Trio,It's All Right!,1964-01-01,31,358346,https://open.spotify.com/track/1Pt7htydCAL9lJzrKmAkyV,love
6ZjYhwFtfYsZxkjDjZLeLY,Me 'N You - Remastered 2000 / Rudy Van Gelder Edition,Hank Mobley,No Room For Squares (Remastered 2000 / Rudy Van Gelder Edition),2000-01-01,21,437693,https://open.spotify.com/track/6ZjYhwFtfYsZxkjDjZLeLY,love
5BOnzvRO8D1ndYxeVTpOwI,The Feelin's Good - Remastered,Hank Mobley,Straight No Filter (Limited Edition),2001-01-01,22,338266,https://open.spotify.com/track/5BOnzvRO8D1ndYxeVTpOwI,love
5L8yfDH7MIE7jWidHZPwBX,High Wire,Erroll Garner,Ready Take One,2016-09-30,34,227323,https://open.spotify.com/track/5L8yfDH7MIE7jWidHZPwBX,love
7gwFh2UvZlmckqWEnz2ujS,Black Orchid,Gene Russell,New Direction,1971-06-13,24,194149,https://open.spotify.com/track/7gwFh2UvZlmckqWEnz2ujS,love
5bviLLEiggJf5l0m94FAmZ,Things Ain't What They Used to Be,"Herb Ellis, Charlie Byrd",Guitar / Guitar,1964-07-01,19,280626,https://open.spotify.com/track/5bviLLEiggJf5l0m94FAmZ,love
0ADAFZE0bYIuaIyPNFl3LE,Blue Skies,Art Tatum,The Complete Capitol Recordings Of Art Tatum,1997-01-01,42,172293,https://open.spotify.com/track/0ADAFZE0bYIuaIyPNFl3LE,love
1QIuswgsxg4NzvFJVD08i7,Comin' On,Dizzy Reece,Comin' On,1999-10-07,15,407373,https://open.spotify.com/track/1QIuswgsxg4NzvFJVD08i7,love
7CnOzCWGrTINcDExG6u99y,Cool Struttin',Sonny Clark,Cool Struttin' (Remastered / Rudy Van Gelder Edition),1958,46,563613,https://open.spotify.com/track/7CnOzCWGrTINcDExG6u99y,love
03XGcqAzeSw8T4KU2IjS5g,It Ain't Necessarily So,"Oscar Peterson, Buddy DeFranco",Buddy Defranco And Oscar Peterson Play George Gershwin,1954-01-01,18,251266,https://open.spotify.com/track/03XGcqAzeSw8T4KU2IjS5g,love
1Bfj7CCZlkX2nB3dSQFT21,It Don't Mean A Thing (If It Ain't Got That Swing),Thelonious Monk,Plays Duke Ellington (Keepnews Collection),1955-01-01,37,282013,https://open.spotify.com/track/1Bfj7CCZlkX2nB3dSQFT21,love
7CG4kMOjFF7Lqa4Nnl1euA,Bogota,Ahmad Jamal,Macanudo,2020-11-20,16,240506,https://open.spotify.com/track/7CG4kMOjFF7Lqa4Nnl1euA,love
6DGpRis9I3RWIipulJ4BPU,Love Walked In,Oscar Peterson,Oscar Peterson Plays George Gershwin,1953-09-09,19,187000,https://open.spotify.com/track/6DGpRis9I3RWIipulJ4BPU,love
75rk7H2HcMzmv9rcaVO8pZ,I've Got My Love To Keep Me Warm,Art Blakey,Drums Around The Corner,1999-01-01,17,429426,https://open.spotify.com/track/75rk7H2HcMzmv9rcaVO8pZ,love
09wM1hp9SmqHCkS33r2ZAV,KRK (At Home In Strange Places),Vanishing Twin,The Age Of Immunology,2019-06-07,0,265292,https://open.spotify.com/track/09wM1hp9SmqHCkS33r2ZAV,love
2UZCJGMzmLfzzMjPgRQhMS,It Could Happen to You - Remastered,Horace Parlan,Movin' & Groovin',1960-03-27,19,199066,https://open.spotify.com/track/2UZCJGMzmLfzzMjPgRQhMS,love
4xKUcmxbYTX9VGtqvAOFbl,Love Is Here To Stay,Oscar Peterson,Spotlight on Oscar Peterson,2020-12-21,15,179161,https://open.spotify.com/track/4xKUcmxbYTX9VGtqvAOFbl,love
3sC4h3YTuYnJWEhI8tISBd,Mambo Inn,Candido,Candido,1956-01-01,14,294080,https://open.spotify.com/track/3sC4h3YTuYnJWEhI8tISBd,love
1aKxrb5Jbhf7Uh6JWhFCED,Primitivo - 1995 Remastered Version,Milton Banana Trio,Blue Brazil,2000-01-01,0,161373,https://open.spotify.com/track/1aKxrb5Jbhf7Uh6JWhFCED,love
7903ZIDrzVSc87fElGJ1EW,My Cherie Amour,Gene Russell,New Direction,1971-06-13,16,192725,https://open.spotify.com/track/7903ZIDrzVSc87fElGJ1EW,love
1IzmzJqOsGhcfMqLbfUmif,Trust In Me,"Thelonious Monk, Clark Terry Quartet",The Complete Riverside Recordings,1986-01-01,15,271000,https://open.spotify.com/track/1IzmzJqOsGhcfMqLbfUmif,love
2x753kTbDAZcgh8qZjEr4Q,Lester Leaps In,The Gil Evans Orchestra,New Bottle Old Wine,1958-09-01,17,255066,https://open.spotify.com/track/2x753kTbDAZcgh8qZjEr4Q,love
0E8q2Fx2XuzXCO2NSAppkR,In A Sentimental Mood,"Duke Ellington, John Coltrane",Duke Ellington & John Coltrane,1963-02,68,255226,https://open.spotify.com/track/0E8q2Fx2XuzXCO2NSAppkR,love
4mY9ouJLSIp2t0CmBzbEZp,Candy - Rudy Van Gelder Edition / 2007 / Digital Remaster,Lee Morgan,Candy (Remastered),1957,31,426986,https://open.spotify.com/track/4mY9ouJLSIp2t0CmBzbEZp,love
32OLCQOIesmiFftS7mKPmH,Cultural Imports,Kris Bowers,Dear White People Soundtrack Season 2 (A Netflix Original Series Soundtrack),2018-05-04,15,101280,https://open.spotify.com/track/32OLCQOIesmiFftS7mKPmH,love
1XodcrH72ZpcWF5PuycqgO,The Morning After,Hank Mobley,A Caddy For Daddy,1966-01-01,20,585666,https://open.spotify.com/track/1XodcrH72ZpcWF5PuycqgO,love
4p2f411OH4toTvWBkB83iN,Boogie Woogie,Count Basie,The Complete Decca Recordings,1992-01-01,17,183292,https://open.spotify.com/track/4p2f411OH4toTvWBkB83iN,love
6mTTMDWSJK7ERHBuBDnTTk,What Is This Thing Called Love,Jeff Lofton,What Is This Thing Called Love,2018-06-26,13,452858,https://open.spotify.com/track/6mTTMDWSJK7ERHBuBDnTTk,love
4ISR8jbfn5x4deKzPflL6B,Witch Hunt,Wayne Shorter,Jazz Profile: Wayne Shorter,1997-01-01,20,490600,https://open.spotify.com/track/4ISR8jbfn5x4deKzPflL6B,love
5Vwv04kuzOG41a1v8RgZ8O,All The Way - Rudy Van Gelder Edition / 2007 / Digital Remaster,Lee Morgan,Candy (Remastered),1957,46,447173,https://open.spotify.com/track/5Vwv04kuzOG41a1v8RgZ8O,love
7KVbzjFu6dbKXXVryROhan,Distant Land,Matthew Halsall,Oneness,2008-01-31,0,522946,https://open.spotify.com/track/7KVbzjFu6dbKXXVryROhan,love
1mRiTVkBMFUBwEovTC8eFK,Quick Trick,Art Blakey & The Jazz Messengers,Quick Trick,2020-03-20,0,283740,https://open.spotify.com/track/1mRiTVkBMFUBwEovTC8eFK,love
18A1V1vsy5YgHFqb4galTw,Chitlins Con Carne,Kenny Burrell,Midnight Blue (The Rudy Van Gelder Edition),1963,51,330440,https://open.spotify.com/track/18A1V1vsy5YgHFqb4galTw,love
58yFroDNbzHpYzvicaC0de,Peace Piece,Bill Evans,Everybody Digs Bill Evans,1959,56,404160,https://open.spotify.com/track/58yFroDNbzHpYzvicaC0de,love
6dRx7OUXfvosnXG3g9lWGi,"Flamenco Sketches (feat. John Coltrane, Cannonball Adderley & Bill Evans)","Miles Davis, John Coltrane, Cannonball Adderley, Bill Evans",Kind Of Blue (Legacy Edition),1959-08-17,53,566133,https://open.spotify.com/track/6dRx7OUXfvosnXG3g9lWGi,love
4sJ6D5ZCOH79KhcN8VGPhs,The Shadow Of Your Smile,Oscar Peterson,Walkman Jazz : Oscar Peterson,1987-01-01,16,299773,https://open.spotify.com/track/4sJ6D5ZCOH79KhcN8VGPhs,love
3GIQ1SBbtq1qX4wgHmPJrX,McCanna,Les McCann,McCanna,1964-10-10,22,266466,https://open.spotify.com/track/3GIQ1SBbtq1qX4wgHmPJrX,love
2qEH5qcytmoqboLE1KDb8h,Hipsippy Blues,Art Blakey & The Jazz Messengers,Hipsippy Blues,2020-06-24,0,400446,https://open.spotify.com/track/2qEH5qcytmoqboLE1KDb8h,love
2olG9WRVj2Hzj38WNYNsyB,Just Blues - Single Version,Buddy Rich All Stars,"The Argo, Verve & Emarcy Small Group Sessions",2011-01-01,12,390360,https://open.spotify.com/track/2olG9WRVj2Hzj38WNYNsyB,love
5beii4gDylW7eFnWJ1uZaH,"Just You, Just Me","Lester Young, Oscar Peterson Trio",The President Plays With The Oscar Peterson Trio,1959-06-02,33,457933,https://open.spotify.com/track/5beii4gDylW7eFnWJ1uZaH,love
00S1VM5Szmfuxy8gFAXsov,Put On Train,Gene Harris & The Three Sounds,Blue Break Beats Vol. 3,2016-06-01,19,351800,https://open.spotify.com/track/00S1VM5Szmfuxy8gFAXsov,love
7iPjzOaZiNXp0I8vOCcVZV,Cornbread,Lee Morgan,Cornbread,1965,32,543133,https://open.spotify.com/track/7iPjzOaZiNXp0I8vOCcVZV,love
0EMMaCAsF8YFUPjA0AiccP,Down Shift,Jimmy Heath,The Quota,1961-06-15,14,347266,https://open.spotify.com/track/0EMMaCAsF8YFUPjA0AiccP,love
1MGVMcpveeom4lG4NW1kBF,All Too Soon,Duke Ellington,Piano Reflections,1989-01-01,16,188066,https://open.spotify.com/track/1MGVMcpveeom4lG4NW1kBF,love
0CslMMe56XfdYTTdl0WxVU,Nice Work If You Can Get It,"Buddy Rich, Harry ""Sweets"" Edison",Buddy And Sweets,1955-01-01,28,244706,https://open.spotify.com/track/0CslMMe56XfdYTTdl0WxVU,love
5TQAJKUEkWBzCrH0lS1BcJ,Opening,Robert Glasper,The Photograph (Original Motion Picture Soundtrack),2020-02-07,0,121195,https://open.spotify.com/track/5TQAJKUEkWBzCrH0lS1BcJ,love
2HbpOucCYcPyVEBpjTiJK8,Night Dreamer - Remastered 2004 / Rudy Van Gelder Edition,Wayne Shorter,Night Dreamer,1964-11-01,43,435440,https://open.spotify.com/track/2HbpOucCYcPyVEBpjTiJK8,love
4X7ZCspztiM5hYuq2gPAQq,Sonny And Sweets,Buddy Rich Quintet,"The Argo, Verve & Emarcy Small Group Sessions",2011-01-01,12,281146,https://open.spotify.com/track/4X7ZCspztiM5hYuq2gPAQq,love
2IWxvc6jWENEZdApQqLaRy,Gemini,Jimmy Heath,Triple Threat,1962-01-01,17,372560,https://open.spotify.com/track/2IWxvc6jWENEZdApQqLaRy,love
3Hv3nft3Zkh1wbWwJArjKL,Miss Bessie's Cookin',Buddy Rich Septet,"The Argo, Verve & Emarcy Small Group Sessions",2011-01-01,13,320626,https://open.spotify.com/track/3Hv3nft3Zkh1wbWwJArjKL,love
2wrQtoZIg9yMsoFZusPKU1,On Green Dolphin Street,Jimmy Heath Orchestra,Really Big!,1960-01-01,14,286026,https://open.spotify.com/track/2wrQtoZIg9yMsoFZusPKU1,love
6nd8H08qL6gJm2KzOPquPs,"Bongo, Bass And Guitar - Single Version",Buddy Rich All Stars,"The Argo, Verve & Emarcy Small Group Sessions",2011-01-01,12,209600,https://open.spotify.com/track/6nd8H08qL6gJm2KzOPquPs,love
1jshF569aVngDHoOXzO1rZ,Amaechi's Blues,Fela Kuti,Highlife-Jazz and Afro-Soul (1963-1969),2016-04-08,0,222706,https://open.spotify.com/track/1jshF569aVngDHoOXzO1rZ,love
5GHgxoCqNpzLXUzGhHKNi8,Green Haze,Miles Davis,Chronicles - The Complete Prestige Recordings 1951-1956,1987-01-01,24,348026,https://open.spotify.com/track/5GHgxoCqNpzLXUzGhHKNi8,love
2JITVZu8o6ls9k8SoMRy7w,Footprints - Remastered,Wayne Shorter,Adam's Apple (Rudy Van Gelder Edition),1967,53,449773,https://open.spotify.com/track/2JITVZu8o6ls9k8SoMRy7w,love
2csZNorI7ydRuucZEekLi4,Pale Blue,"Mary Lou Williams, Buster Williams, Mickey Roker",Free Spirits,1987,39,267440,https://open.spotify.com/track/2csZNorI7ydRuucZEekLi4,love
4RxDOYplbTpBxy5KmF83Sd,Blue Juice,Jimmy McGriff,The Worm,1968,31,299066,https://open.spotify.com/track/4RxDOYplbTpBxy5KmF83Sd,love
00JAZ9GvGweAd3pQvUwbKh,Do It - Remastered 2004,Jack Wilson,Easterly Winds (Remastered),2004-01-01,20,386600,https://open.spotify.com/track/00JAZ9GvGweAd3pQvUwbKh,love
7plSvPsDhx50KQjGheXwp5,Crisis - Remastered 2005,Art Blakey & The Jazz Messengers,Mosaic (The Rudy Van Gelder Edition),1961,22,513640,https://open.spotify.com/track/7plSvPsDhx50KQjGheXwp5,love
2FW0vEEvIS6lPSrGgJ45Sm,Good Humor Man,Blue Mitchell,Heads Up!,1968-12-08,24,338200,https://open.spotify.com/track/2FW0vEEvIS6lPSrGgJ45Sm,love
6DKgHsHs69zBJAVWqiiaHr,Repeat After Me,The Three Sounds,Soul Symphony (Reissue),1969,24,402266,https://open.spotify.com/track/6DKgHsHs69zBJAVWqiiaHr,love
78jx8XL47AZsz00oyBux0J,It's Your Thing - Remastered 1994,Lou Donaldson,Droppin' Science,2008-02-12,0,539106,https://open.spotify.com/track/78jx8XL47AZsz00oyBux0J,love
7ndFvLOTd55CSajPeKMZ6M,Groovin' For Mr. G - Remastered,"Richard ""Groove"" Holmes",Comin' On Home (Remastered),1971,44,253626,https://open.spotify.com/track/7ndFvLOTd55CSajPeKMZ6M,love
0VF21fEzB6OszZcJlKzyg5,Holy Thursday,David Axelrod,Song Of Innocence,1968-01-01,36,331373,https://open.spotify.com/track/0VF21fEzB6OszZcJlKzyg5,love
231wvXpUXR1MnYMNBeAcDh,Illusion - 2007 Digital Remaster,Andrew Hill,Change,2007-01-01,12,354200,https://open.spotify.com/track/231wvXpUXR1MnYMNBeAcDh,love
3rsYlTPHDxG1Ht1t5yOz1B,Sittin' Duck,Gene Harris & The Three Sounds,Elegant Soul (Reissue),1969-01-01,29,555773,https://open.spotify.com/track/3rsYlTPHDxG1Ht1t5yOz1B,love
21MdP1zGqerRKUmfvsoWQJ,Loran's Dance,Idris Muhammad,Power Of Soul,1974,29,639600,https://open.spotify.com/track/21MdP1zGqerRKUmfvsoWQJ,love
2DDWFLSb7d6EmJAlG3bqbM,Mansion Worlds,Pharoah Sanders,Village Of The Pharoahs,1973-01-01,17,552640,https://open.spotify.com/track/2DDWFLSb7d6EmJAlG3bqbM,love
2TreXWKQ0qQngsdblgZm4n,Great Kids,Fela Kuti,Highlife-Jazz and Afro-Soul (1963-1969),2016-04-08,0,188693,https://open.spotify.com/track/2TreXWKQ0qQngsdblgZm4n,love
1CDBaGlisZlOJzvx88lL8A,Song For My Father,Horace Silver,Song For My Father,1999-01-01,55,438280,https://open.spotify.com/track/1CDBaGlisZlOJzvx88lL8A,love
5LlFGgTD1cnM0HRCdJmvXG,Turtle Walk,Lou Donaldson,Hot Dog,1969-01-01,24,476760,https://open.spotify.com/track/5LlFGgTD1cnM0HRCdJmvXG,love
3E7QzgM8Je4hyf0kK8tGmD,Nice And Easy - Remastered 2006/Rudy Van Gelder Edition,Johnny Griffin,Introducing Johnny Griffin (Rudy Van Gelder Edition / Remastered),1957-02-01,42,259040,https://open.spotify.com/track/3E7QzgM8Je4hyf0kK8tGmD,love
5eMz1VtT2zNtsyh1bDgDhb,I Remember You,Lee Konitz,Motion,1961-01-01,41,266706,https://open.spotify.com/track/5eMz1VtT2zNtsyh1bDgDhb,love
4JaMRvPSITkLwHJSgCmW3R,Clap Your Hands,The Lewis Express,Clap Your Hands,2019-07-26,0,263170,https://open.spotify.com/track/4JaMRvPSITkLwHJSgCmW3R,love
7fTwORO81A8TM8dCDdOMSP,Timelessness,Wynton Marsalis,Bolden (Original Soundtrack),2019-04-19,20,228600,https://open.spotify.com/track/7fTwORO81A8TM8dCDdOMSP,love
1szhSumljd7bbP5cUAqdHr,Buffalo Jump,Harry Vetro's Northern Ranger,Buffalo Jump,2018-09-21,11,398560,https://open.spotify.com/track/1szhSumljd7bbP5cUAqdHr,love
6hl9bI6wex2y5YukogekrR,Theme For Lester Young,Charles Mingus,Mingus Mingus Mingus Mingus Mingus,1963,31,351200,https://open.spotify.com/track/6hl9bI6wex2y5YukogekrR,love
3f6JlII29ByoJLtoSRld9K,Memory Band,Ryan Porter,Force For Good,2019-06-14,0,416736,https://open.spotify.com/track/3f6JlII29ByoJLtoSRld9K,love
5nrbR7uQT1g4Lr2r07Lbtx,Black And Tan Fantasy,Thelonious Monk,Plays Duke Ellington (Keepnews Collection),1955-01-01,26,208546,https://open.spotify.com/track/5nrbR7uQT1g4Lr2r07Lbtx,love
4aOS6YINYO6UAPbiM5RO2U,Four On Six,Wes Montgomery,Incredible Jazz Guitar,2000-01-01,20,377866,https://open.spotify.com/track/4aOS6YINYO6UAPbiM5RO2U,love
1I2q0M5t1BWnw0BqP7hHDc,Ain't It Funky Now - Remastered,Grant Green,Ain't It Funky Now! The Original Jam Master (Vol. 1),2005-04-11,18,596666,https://open.spotify.com/track/1I2q0M5t1BWnw0BqP7hHDc,love
7iK8ZnMa0I1L2GXv5iTo3y,Chicago Boogie,Five Blazes,Rock Me Mama - The Hits That Rocked The Jukebox In 1947,2019-07-10,0,173026,https://open.spotify.com/track/7iK8ZnMa0I1L2GXv5iTo3y,love
3uwjxxGgmVoGyAm4EIKt19,Slipping Into Darkness,Ramsey Lewis Trio,The Columbia Anthology (1972-1989),2018-02-23,25,377426,https://open.spotify.com/track/3uwjxxGgmVoGyAm4EIKt19,love
6BoFJnVXAIlpqiofeS3d2v,Ease Back,Grant Green,Carryin' On,1970-10-10,26,348720,https://open.spotify.com/track/6BoFJnVXAIlpqiofeS3d2v,love
32bb9DWJwLjQQll6YjuG5p,Mr. Walker,Wes Montgomery,Wes's Best: The Best of Wes Montgomery on Resonance,2019-06-21,13,225166,https://open.spotify.com/track/32bb9DWJwLjQQll6YjuG5p,love
7xg6SgLyp3t6GFgWK22CeM,Eternal Peace,Ramsey Lewis,The Columbia Anthology (1972-1989),2018-02-23,15,155080,https://open.spotify.com/track/7xg6SgLyp3t6GFgWK22CeM,love
2qswPLZD9CbUoSidGNyxwm,It Ain't Necessarily So,Mary Lou Williams,Gilles Peterson - Magic Peterson Sunshine,2016-04-15,50,280480,https://open.spotify.com/track/2qswPLZD9CbUoSidGNyxwm,love
7o3lr6ptQ4qAP4uUl81zG1,Jeru,Miles Davis,Birth Of The Cool,1957,47,193546,https://open.spotify.com/track/7o3lr6ptQ4qAP4uUl81zG1,love
7yqad3MMDrKWp1R32rRzxo,Lansana's Priestess,Donald Byrd,Street Lady,1973-01-01,33,459466,https://open.spotify.com/track/7yqad3MMDrKWp1R32rRzxo,love
3KUSSxjujFcEGhnsm0qeDo,Recorda Me,Joe Henderson,Page One,1963-10-01,41,361773,https://open.spotify.com/track/3KUSSxjujFcEGhnsm0qeDo,love
0hyf8XzWr5BsOoNaMc7lOh,Jabula,Abdullah Ibrahim,The Balance,2019-06-28,0,223386,https://open.spotify.com/track/0hyf8XzWr5BsOoNaMc7lOh,love
6TkNbkFSdxJXm0AoHAgGDd,My Blue Heaven,Mary Lou Williams,Mary Lou Williams Presents Black Christ of the Andes,1964,32,190680,https://open.spotify.com/track/6TkNbkFSdxJXm0AoHAgGDd,love
06IJX8aBoWWpWGHuW8tAxz,Wade In the Water,Ramsey Lewis,The Columbia Anthology (1972-1989),2018-02-23,14,164946,https://open.spotify.com/track/06IJX8aBoWWpWGHuW8tAxz,love
2ei8vjdBScXEqNTROlAkRd,The Balance,Abdullah Ibrahim,The Balance,2019-06-28,0,184360,https://open.spotify.com/track/2ei8vjdBScXEqNTROlAkRd,love
4okz1TH0GeLw3J51pNRDGd,Wind Parade,Donald Byrd,Places And Spaces,1975,41,369533,https://open.spotify.com/track/4okz1TH0GeLw3J51pNRDGd,love
3XxUkSDs1q76SetgaioRKN,My Queen Is Nanny Of The Maroons,Sons Of Kemet,Your Queen Is A Reptile,2018-03-30,37,401693,https://open.spotify.com/track/3XxUkSDs1q76SetgaioRKN,love
2djpFaL4yqTH3fvDKijsMv,Far More Blue,The Dave Brubeck Quartet,Time Further Out,1961,40,277706,https://open.spotify.com/track/2djpFaL4yqTH3fvDKijsMv,love
7JEDejeLdKNQCyFfNhz9QJ,Inner Flight,"Makaya McCraven, Shabaka, Tomeka Reid, Junius Paul",Universal Beings,2018-10-26,0,182946,https://open.spotify.com/track/7JEDejeLdKNQCyFfNhz9QJ,love
2dO0HZAPtc6crcAlsa8gvH,The Return of the Prodigal Son,Freddie Hubbard,Backlash,1967,23,342160,https://open.spotify.com/track/2dO0HZAPtc6crcAlsa8gvH,love
1UeLNAJiklqa9RGRvtVqUx,Crying,Julian Lage,Love Hurts,2019-02-22,29,334368,https://open.spotify.com/track/1UeLNAJiklqa9RGRvtVqUx,love
1hsrjQDva7bYPq1cRunWDk,Time Of The Barracudas,Gil Evans,The Individualism Of Gil Evans,1964-01-01,24,446120,https://open.spotify.com/track/1hsrjQDva7bYPq1cRunWDk,love
