track_id,name,artists,album,album_release_date,popularity,duration_ms,spotify_link,emotion
3W5KHP0Yr56ejVDns9vci3,Wish You The Best,Lewis Capaldi,Wish You The Best,2023-04-14,0,210880,https://open.spotify.com/track/3W5KHP0Yr56ejVDns9vci3,sad
1odExI7RdWc4BT515LTAwj,Daylight,David Kushner,Daylight,2023-04-14,16,212953,https://open.spotify.com/track/1odExI7RdWc4BT515LTAwj,sad
3Nl5OkkmS5DaBZvuYofpAt,the grudge,Olivia Rodrigo,GUTS,2023-09-08,75,189386,https://open.spotify.com/track/3Nl5OkkmS5DaBZvuYofpAt,sad
2NbsBSshscKIPRG3kwBbfo,Never Felt So Alone,Labrinth,Never Felt So Alone,2023-04-07,68,160166,https://open.spotify.com/track/2NbsBSshscKIPRG3kwBbfo,sad
135Lf4Q0CzlMNfOxbEUsLH,Ghost Town,Benson Boone,Ghost Town,2021-10-15,66,193733,https://open.spotify.com/track/135Lf4Q0CzlMNfOxbEUsLH,sad
5S9Zs5g9lTWnLIboN1pdlU,Fingers Crossed,Lauren Spencer Smith,Fingers Crossed,2022-01-05,0,175344,https://open.spotify.com/track/5S9Zs5g9lTWnLIboN1pdlU,sad
5hnGrTBaEsdukpDF6aZg8a,How Do I Say Goodbye,Dean Lewis,How Do I Say Goodbye,2022-08-31,75,163603,https://open.spotify.com/track/5hnGrTBaEsdukpDF6aZg8a,sad
3MnewZrZDqej6thgEx3OB1,Flowers (Demo),Miley Cyrus,Endless Summer Vacation,2023-03-10,0,210826,https://open.spotify.com/track/3MnewZrZDqej6thgEx3OB1,sad
4VtRHZ4tBDHaWltVAytlLY,go,Cat Burns,go,2020-07-31,63,215000,https://open.spotify.com/track/4VtRHZ4tBDHaWltVAytlLY,sad
16axxBqfSvis8mjhrLHWeH,Who We Love (feat. Ed Sheeran),"Sam Smith, Ed Sheeran",Gloria,2023-01-27,57,162390,https://open.spotify.com/track/16axxBqfSvis8mjhrLHWeH,sad
3S8jK1mGzQi24ilFb45DAZ,Lonely (with benny blanco),"Justin Bieber, benny blanco",Justice,2021-03-19,70,149189,https://open.spotify.com/track/3S8jK1mGzQi24ilFb45DAZ,sad
46IZ0fSY2mpAiktS3KOqds,Easy On Me,Adele,30,2021-11-19,81,224694,https://open.spotify.com/track/46IZ0fSY2mpAiktS3KOqds,sad
4bYwK4mvWubnAkCextxH2d,Where do we go now?,Gracie Abrams,Where do we go now?,2023-01-13,0,243599,https://open.spotify.com/track/4bYwK4mvWubnAkCextxH2d,sad
5H6QYCgYjoH7nVBdl3wOSR,Not Alone - Acoustic Version,"Gabry Ponte, Naeleck, Diana Goldberg",Not Alone (feat. Diana Goldberg),2024-11-08,55,201642,https://open.spotify.com/track/5H6QYCgYjoH7nVBdl3wOSR,sad
4ZLzoOkj0MPWrTLvooIuaa,Get You The Moon (feat. Snøw),"Kina, Snøw",Get You The Moon (feat. Snøw),2018-10-08,74,179080,https://open.spotify.com/track/4ZLzoOkj0MPWrTLvooIuaa,sad
2tbu7dOzCjM5JrPGr0sIes,drunk text me,Lexi Jayde,drunk text me,2022-01-06,0,213133,https://open.spotify.com/track/2tbu7dOzCjM5JrPGr0sIes,sad
6uvh0In7u1Xn4HgxOfAn8O,Matilda,Harry Styles,Harry's House,2022-05-20,78,245964,https://open.spotify.com/track/6uvh0In7u1Xn4HgxOfAn8O,sad
0pdKRp2sUthTPe7RLWpPqQ,You're Somebody Else,flora cash,You're Somebody Else,2018-06-19,67,218883,https://open.spotify.com/track/0pdKRp2sUthTPe7RLWpPqQ,sad
0QZ5yyl6B6utIWkxeBDxQN,The Night We Met,Lord Huron,Strange Trails,2015-04-07,11,208211,https://open.spotify.com/track/0QZ5yyl6B6utIWkxeBDxQN,sad
0BiqmkasE5FdrChwKfVp8X,Bigger Than The Whole Sky,Taylor Swift,Midnights (3am Edition),2022-10-22,65,218502,https://open.spotify.com/track/0BiqmkasE5FdrChwKfVp8X,sad
2NeM9rfWo70KQej9GxeaoL,Where's My Love,SYML,SYML,2019-05-03,0,202009,https://open.spotify.com/track/2NeM9rfWo70KQej9GxeaoL,sad
7qEHsqek33rTcFNT9PFqLf,Someone You Loved,Lewis Capaldi,Divinely Uninspired To A Hellish Extent,2019-05-17,87,182160,https://open.spotify.com/track/7qEHsqek33rTcFNT9PFqLf,sad
44V6EzbUSYgyfsNiP0FrlA,Visiting Hours,Ed Sheeran,Visiting Hours,2021-08-19,1,215506,https://open.spotify.com/track/44V6EzbUSYgyfsNiP0FrlA,sad
754zNJgoWQaGETFzSYVlmC,Is It Just Me? (feat. JP Cooper),"Emily Burns, JP Cooper",Is It Just Me?,2020-12-04,50,203300,https://open.spotify.com/track/754zNJgoWQaGETFzSYVlmC,sad
0iNZGC211wst3VjtobNnC5,Family Line,Conan Gray,Superache,2022-06-24,75,216094,https://open.spotify.com/track/0iNZGC211wst3VjtobNnC5,sad
6RQ5IwG7uADz9LDWliJGjU,Special,SZA,SOS,2022-12-09,68,158840,https://open.spotify.com/track/6RQ5IwG7uADz9LDWliJGjU,sad
1A6gT680oQr98VtDkNzys7,24/5,Mimi Webb,24/5,2021-09-10,43,158220,https://open.spotify.com/track/1A6gT680oQr98VtDkNzys7,sad
75ZvA4QfFiZvzhj2xkaWAh,I Fall Apart,Post Malone,Stoney (Deluxe),2016-12-09,75,223346,https://open.spotify.com/track/75ZvA4QfFiZvzhj2xkaWAh,sad
2tGvwE8GcFKwNdAXMnlbfl,happier,Olivia Rodrigo,SOUR,2021-05-21,83,175933,https://open.spotify.com/track/2tGvwE8GcFKwNdAXMnlbfl,sad
4RX020eHQpZbZFP5jpbwOP,Coping,Rosie Darling,Coping,2021-04-02,55,190266,https://open.spotify.com/track/4RX020eHQpZbZFP5jpbwOP,sad
1ugQtcwmKOXvKAYzhjncmv,Half A Man,Dean Lewis,A Place We Knew,2019-03-22,76,179120,https://open.spotify.com/track/1ugQtcwmKOXvKAYzhjncmv,sad
47EWMOElkkbMp5m9SBkx7d,IDK You Yet,Alexander 23,IDK You Yet,2020-04-09,0,184638,https://open.spotify.com/track/47EWMOElkkbMp5m9SBkx7d,sad
2zpZkOV7sD9C4Cv0cukoHV,Always Been You,Jessie Murph,Always Been You,2021-11-24,0,131824,https://open.spotify.com/track/2zpZkOV7sD9C4Cv0cukoHV,sad
2BN5ZMErVAhbEroB99b3no,LET THE GRASS GROW,Ruel,LET THE GRASS GROW,2022-03-11,43,175534,https://open.spotify.com/track/2BN5ZMErVAhbEroB99b3no,sad
0oaY19dUwZimIgzn3ZZLZO,2 Much,Justin Bieber,Justice,2021-03-19,66,152796,https://open.spotify.com/track/0oaY19dUwZimIgzn3ZZLZO,sad
0JnSoyZMTYZLWFVdVT1JFZ,you were good to me (bonus track),"Jeremy Zucker, Chelsea Cutler",love is not dying,2020-04-17,0,219146,https://open.spotify.com/track/0JnSoyZMTYZLWFVdVT1JFZ,sad
4Of7rzpRpV1mWRbhp5rAqG,Bruises,Lewis Capaldi,Divinely Uninspired To A Hellish Extent,2019-05-17,79,220492,https://open.spotify.com/track/4Of7rzpRpV1mWRbhp5rAqG,sad
21TcDbGosp7w9YhTjOszgA,Imagination,Shawn Mendes,Handwritten (Deluxe),2015-04-14,73,217773,https://open.spotify.com/track/21TcDbGosp7w9YhTjOszgA,sad
1ZMiCix7XSAbfAJlEZWMCp,Falling,Harry Styles,Fine Line,2019-12-13,79,240133,https://open.spotify.com/track/1ZMiCix7XSAbfAJlEZWMCp,sad
7AFASza1mXqntmGtbxXprO,changes,XXXTENTACION,?,2018-03-16,73,121886,https://open.spotify.com/track/7AFASza1mXqntmGtbxXprO,sad
1c2e4MJ55lvmR3YfLvq2ve,Underwater,Tanya Mezh,Underwater,2025-08-04,45,149634,https://open.spotify.com/track/1c2e4MJ55lvmR3YfLvq2ve,sad
3i5qVV8azKqGFK4Gzdt5YS,If You Want Love,NF,Perception,2017-10-06,71,199386,https://open.spotify.com/track/3i5qVV8azKqGFK4Gzdt5YS,sad
4f9IfFvBFm7Gsf1IVEudyf,lie to me,"Tate McRae, Ali Gatie",lie to me,2020-10-14,56,177440,https://open.spotify.com/track/4f9IfFvBFm7Gsf1IVEudyf,sad
6zvqq50PL7io0rprbkrYc9,Afterthought,"Joji, BENEE",Nectar,2020-09-25,1,194871,https://open.spotify.com/track/6zvqq50PL7io0rprbkrYc9,sad
1zejeOnykpCoyVSit6Bwp3,hope ur ok,Olivia Rodrigo,SOUR,2021-05-21,71,209560,https://open.spotify.com/track/1zejeOnykpCoyVSit6Bwp3,sad
0u2P5u6lvoDfwTYjAADbn4,lovely (with Khalid),"Billie Eilish, Khalid",lovely (with Khalid),2018-04-19,87,200185,https://open.spotify.com/track/0u2P5u6lvoDfwTYjAADbn4,sad
4d2ZJ9W7dkQuITwUCTuD5n,never knew a heart could break itself,Zach Hood,never knew a heart could break itself,2022-03-18,59,155223,https://open.spotify.com/track/4d2ZJ9W7dkQuITwUCTuD5n,sad
6p2DKSuKLPvIBIHkoqBTtX,Flowers,ILIRA,Flowers,2021-12-17,38,216613,https://open.spotify.com/track/6p2DKSuKLPvIBIHkoqBTtX,sad
5dPz35akJjPqb17yeqNwqH,Ghost,Justin Bieber,Justice,2021-03-19,71,153190,https://open.spotify.com/track/5dPz35akJjPqb17yeqNwqH,sad
6y6jbcPG4Yn3Du4moXaenr,idfc,blackbear,deadroses,2015-02-14,73,245172,https://open.spotify.com/track/6y6jbcPG4Yn3Du4moXaenr,sad
4kzS0B8KheSe0R8gzTOYj7,Socks,Naomi Jane,sweet talk,2024-12-06,30,142284,https://open.spotify.com/track/4kzS0B8KheSe0R8gzTOYj7,sad
5WfACgyEk4rwdWU3rrzNt1,Godspeed,James Blake,Godspeed,2020-09-11,52,173840,https://open.spotify.com/track/5WfACgyEk4rwdWU3rrzNt1,sad
7xE2WmNPqF7dIS5IIYtlx3,Best Life,"Cindy Alexander, Michael Martinez",Best Life,2025-09-05,30,196696,https://open.spotify.com/track/7xE2WmNPqF7dIS5IIYtlx3,sad
1HfMVBKM75vxSfsQ5VefZ5,Lose You To Love Me,Selena Gomez,Lose You To Love Me,2019-10-23,26,206458,https://open.spotify.com/track/1HfMVBKM75vxSfsQ5VefZ5,sad
2EBnvom1dTybtm75a3Xh1T,feel like shit,Tate McRae,feel like shit,2021-11-11,0,204314,https://open.spotify.com/track/2EBnvom1dTybtm75a3Xh1T,sad
3z1DnGBH2uhlDekJr0YVzQ,Best Days,Alessia Cara,In The Meantime,2021-09-24,46,211837,https://open.spotify.com/track/3z1DnGBH2uhlDekJr0YVzQ,sad
0V787VDs9TP1gmf5Pslrpv,Suddenly,Quinty's,Suddenly,2024-10-04,31,184548,https://open.spotify.com/track/0V787VDs9TP1gmf5Pslrpv,sad
5AsUMMM0euIPrmRrLfb7ly,Feels Like,Gracie Abrams,Feels Like,2021-10-01,0,152317,https://open.spotify.com/track/5AsUMMM0euIPrmRrLfb7ly,sad
1wR7SHj3Szy0ntYbgruIJC,Lankershim,harris,Lankershim,2025-06-27,29,248000,https://open.spotify.com/track/1wR7SHj3Szy0ntYbgruIJC,sad
6TYlDTa9AQDvjqwbxlvFyI,Conversations in the Dark,John Legend,Conversations in the Dark,2020-01-10,53,237426,https://open.spotify.com/track/6TYlDTa9AQDvjqwbxlvFyI,sad
1DxtRXpaUw3yRnkOe7WL7u,Would've Could've Should've,Izzy Burns,Diary of a Hopeless Romantic,2025-07-25,30,201333,https://open.spotify.com/track/1DxtRXpaUw3yRnkOe7WL7u,sad
09p9Hb4mag0Ndmn7OtijfW,Friend,Hunter Hayes,Friend,2022-10-21,33,215561,https://open.spotify.com/track/09p9Hb4mag0Ndmn7OtijfW,sad
0GNI8K3VATWBABQFAzBAYe,Stay,"Rihanna, Mikky Ekko",Unapologetic (Deluxe),2012-12-11,75,240706,https://open.spotify.com/track/0GNI8K3VATWBABQFAzBAYe,sad
23EquxExXkNmGCCY96P0Iu,Hailey,Justin Bieber,Justice (The Complete Edition),2021-10-08,57,193354,https://open.spotify.com/track/23EquxExXkNmGCCY96P0Iu,sad
1mXVgsBdtIVeCLJnSnmtdV,Too Good At Goodbyes,Sam Smith,The Thrill Of It All (Special Edition),2017-11-03,82,201000,https://open.spotify.com/track/1mXVgsBdtIVeCLJnSnmtdV,sad
0FTmksd2dxiE5e3rWyJXs6,back to friends,sombr,back to friends,2024-12-27,92,199032,https://open.spotify.com/track/0FTmksd2dxiE5e3rWyJXs6,sad
6zYuVnHTZQbFSQ9BAhhf9S,"i hate u, i love u (feat. olivia o'brien)","gnash, Olivia O'Brien",we,2019-01-11,52,251039,https://open.spotify.com/track/6zYuVnHTZQbFSQ9BAhhf9S,sad
4CxFN5zON70B3VOPBYbd6P,you were good to me,"Jeremy Zucker, Chelsea Cutler",brent,2019-05-03,68,219146,https://open.spotify.com/track/4CxFN5zON70B3VOPBYbd6P,sad
4dnmtQPnXU993aEUGp0bY8,drivers license,Olivia Rodrigo,drivers license,2021-01-08,20,242013,https://open.spotify.com/track/4dnmtQPnXU993aEUGp0bY8,sad
6wf7Yu7cxBSPrRlWeSeK0Q,"What Was I Made For? [From The Motion Picture ""Barbie""]",Billie Eilish,"What Was I Made For? [From The Motion Picture ""Barbie""]",2023-07-13,84,222369,https://open.spotify.com/track/6wf7Yu7cxBSPrRlWeSeK0Q,sad
2mdEsXPu8ZmkHRRtAdC09e,Cinnamon Girl,Lana Del Rey,Norman Fucking Rockwell!,2019-08-30,86,300683,https://open.spotify.com/track/2mdEsXPu8ZmkHRRtAdC09e,sad
4Ey0LK1HzksUqm9JLzzKuD,One Day,Tate McRae,One Day,2017-12-04,69,202340,https://open.spotify.com/track/4Ey0LK1HzksUqm9JLzzKuD,sad
5cQX9BexkPIEESTZijJhXg,i wish i hated you,Ariana Grande,eternal sunshine,2024-03-08,71,153633,https://open.spotify.com/track/5cQX9BexkPIEESTZijJhXg,sad
1KMkatBuls9xhZZVX0gays,SUPERMAN,Mishaal Tamer,HOME IS CHANGING,2024-10-18,64,163854,https://open.spotify.com/track/1KMkatBuls9xhZZVX0gays,sad
219slQu3ALbTSAe9P22hvE,Happiest Year,Jaymes Young,Feel Something (Deluxe),2022-01-28,72,228442,https://open.spotify.com/track/219slQu3ALbTSAe9P22hvE,sad
6HU7h9RYOaPRFeh0R3UeAr,deja vu,Olivia Rodrigo,SOUR,2021-05-21,85,215506,https://open.spotify.com/track/6HU7h9RYOaPRFeh0R3UeAr,sad
6wJwkMo278iWVlWl1XQ4WA,The Heart Wants What It Wants,Selena Gomez,The Heart Wants What It Wants,2014-01-01,73,227373,https://open.spotify.com/track/6wJwkMo278iWVlWl1XQ4WA,sad
3mKYIAjkfQk0mjrMRATPCx,dark until september.,will hyde,dark until september. (alternate versions.),2020-09-23,43,207679,https://open.spotify.com/track/3mKYIAjkfQk0mjrMRATPCx,sad
226PUvIuxGdceSijXXZRRz,Complicated,Olivia O'Brien,Complicated,2015-08-09,39,189000,https://open.spotify.com/track/226PUvIuxGdceSijXXZRRz,sad
1CsMKhwEmNnmvHUuO5nryA,SKINNY,Billie Eilish,HIT ME HARD AND SOFT,2024-05-17,78,219733,https://open.spotify.com/track/1CsMKhwEmNnmvHUuO5nryA,sad
6J2LdBN97cDWn0MLxYh9HB,July,Noah Cyrus,THE END OF EVERYTHING,2020-05-15,79,156106,https://open.spotify.com/track/6J2LdBN97cDWn0MLxYh9HB,sad
6ho5dJJZp3z0dv4DnE34J5,ITTY BITTY,Mishaal Tamer,HOME IS CHANGING,2024-10-18,60,143133,https://open.spotify.com/track/6ho5dJJZp3z0dv4DnE34J5,sad
3lG6OtGDsYAOALxEmubQQm,Happiness is a butterfly,Lana Del Rey,Norman Fucking Rockwell!,2019-08-30,73,272485,https://open.spotify.com/track/3lG6OtGDsYAOALxEmubQQm,sad
7hze7JN0zx7I6xBV8dFWaE,fields,Sopperior,fields,2025-08-25,32,122418,https://open.spotify.com/track/7hze7JN0zx7I6xBV8dFWaE,sad
6Kkt27YmFyIFrcX3QXFi2o,Liability,Lorde,Melodrama,2017-06-16,70,171727,https://open.spotify.com/track/6Kkt27YmFyIFrcX3QXFi2o,sad
3ZCTVFBt2Brf31RLEnCkWJ,everything i wanted,Billie Eilish,everything i wanted,2019-11-13,83,245425,https://open.spotify.com/track/3ZCTVFBt2Brf31RLEnCkWJ,sad
1JUzQ21p11mRdSkNVibKtx,Monsoon,"Emma Louise, Flume",DUMB,2025-08-22,55,170526,https://open.spotify.com/track/1JUzQ21p11mRdSkNVibKtx,sad
0STK94RxUulYqWzwFlyAb5,Sober,Demi Lovato,Sober,2018-06-21,59,197893,https://open.spotify.com/track/0STK94RxUulYqWzwFlyAb5,sad
0fBSs3fRoh1yJcne77fdu9,Video Games,Lana Del Rey,Born To Die - The Paradise Edition,2012-01-01,78,281960,https://open.spotify.com/track/0fBSs3fRoh1yJcne77fdu9,sad
4R8nC9Xq3alkz4piaQd34S,nothing at all,"Elliot, Reveal Party",nothing at all,2025-09-26,33,208430,https://open.spotify.com/track/4R8nC9Xq3alkz4piaQd34S,sad
5Qsp8mtshe70DX7EYbWZGo,Wrong Direction,Hailee Steinfeld,Half Written Story,2020-05-08,58,248986,https://open.spotify.com/track/5Qsp8mtshe70DX7EYbWZGo,sad
4G92yYrUs0cvY7G41YRI0z,Jealous,Labrinth,Jealous - EP,2014-11-23,71,287693,https://open.spotify.com/track/4G92yYrUs0cvY7G41YRI0z,sad
2VlLbhGLVJgdOW7kKdWWFc,Six Feet Under,Billie Eilish,Six Feet Under,2016-11-17,73,189613,https://open.spotify.com/track/2VlLbhGLVJgdOW7kKdWWFc,sad
29aSI4URFaFD8EOB6YiRi8,PAINFUL PARADISE,Mishaal Tamer,HOME IS CHANGING,2024-10-18,49,173840,https://open.spotify.com/track/29aSI4URFaFD8EOB6YiRi8,sad
4RL77hMWUq35NYnPLXBpih,Skinny Love,Birdy,Birdy,2011-11-04,71,201080,https://open.spotify.com/track/4RL77hMWUq35NYnPLXBpih,sad
3cWI6Hj9LQ0MfMuhw9uSMc,Lost Without You,Freya Ridings,Freya Ridings,2019-07-19,64,225853,https://open.spotify.com/track/3cWI6Hj9LQ0MfMuhw9uSMc,sad
68U0LvC5Ifjki67SnKoYwh,Halloween,Sounds Kinda Good,Halloween,2025-10-31,22,217151,https://open.spotify.com/track/68U0LvC5Ifjki67SnKoYwh,sad
5UY8jf31X2hJkiAualFTyh,Selfish,Madison Beer,Life Support,2021-02-26,63,223270,https://open.spotify.com/track/5UY8jf31X2hJkiAualFTyh,sad
43zdsphuZLzwA9k4DJhU0I,when the party's over,Billie Eilish,"WHEN WE ALL FALL ASLEEP, WHERE DO WE GO?",2019-03-29,85,196077,https://open.spotify.com/track/43zdsphuZLzwA9k4DJhU0I,sad
042Sl6Mn83JHyLEqdK7uI0,Your Power,Billie Eilish,Happier Than Ever,2021-07-30,73,245896,https://open.spotify.com/track/042Sl6Mn83JHyLEqdK7uI0,sad
0sY6ZUTh4yoctD8VIXz339,champagne problems,Taylor Swift,evermore,2020-12-11,74,244000,https://open.spotify.com/track/0sY6ZUTh4yoctD8VIXz339,sad
1MVT5RV5LTO4FQ4bUKjvRr,no one ever warns you,Olivia Soli,no one ever warns you,2025-07-11,32,195096,https://open.spotify.com/track/1MVT5RV5LTO4FQ4bUKjvRr,sad
3by8IfnW9dZ2t4pZw1WVxz,Stone Cold,Demi Lovato,Confident,2015-01-01,63,191307,https://open.spotify.com/track/3by8IfnW9dZ2t4pZw1WVxz,sad
1IF5UcqRO42D12vYwceOY6,From the Dining Table,Harry Styles,Harry Styles,2017-05-12,69,211960,https://open.spotify.com/track/1IF5UcqRO42D12vYwceOY6,sad
1zwMYTA5nlNjZxYrvBB2pV,Someone Like You,Adele,21,2011-01-24,78,285240,https://open.spotify.com/track/1zwMYTA5nlNjZxYrvBB2pV,sad
5DqdesEfbRyOlSS3Tf6c29,It's You,Ali Gatie,YOU,2019-11-08,75,212606,https://open.spotify.com/track/5DqdesEfbRyOlSS3Tf6c29,sad
6U1iuA5QfzYRPJxvdcxqtf,Lonely,Noah Cyrus,THE END OF EVERYTHING,2020-05-15,61,144377,https://open.spotify.com/track/6U1iuA5QfzYRPJxvdcxqtf,sad
2jrMjstPcrgWx9ZUIV8qmW,I Kill Spiders,Libby Ember,I Kill Spiders,2025-09-19,35,221797,https://open.spotify.com/track/2jrMjstPcrgWx9ZUIV8qmW,sad
7sTtHHrD0zDpmzQzH3zegz,Consequences,Camila Cabello,Camila,2018-01-12,57,178466,https://open.spotify.com/track/7sTtHHrD0zDpmzQzH3zegz,sad
2uIX8YMNjGMD7441kqyyNU,ocean eyes,Billie Eilish,Ocean Eyes,2016-11-18,84,200560,https://open.spotify.com/track/2uIX8YMNjGMD7441kqyyNU,sad
5MNsa4xMUHHdz3n28EleJ9,My Darling New York,Ananya,My Darling New York,2025-11-07,15,236247,https://open.spotify.com/track/5MNsa4xMUHHdz3n28EleJ9,sad
6pezb9EwyygkHnJqkjLphG,Kill Em With Kindness - Acoustic,Selena Gomez,13 Reasons Why (A Netflix Original Series Soundtrack),2017-03-30,48,212693,https://open.spotify.com/track/6pezb9EwyygkHnJqkjLphG,sad
1TEL6MlSSVLSdhOSddidlJ,needy,Ariana Grande,"thank u, next",2019-02-08,78,171573,https://open.spotify.com/track/1TEL6MlSSVLSdhOSddidlJ,sad
7IL3UOlcJ6nmcCMwpnlfcA,Something's Gotta Give,Camila Cabello,Camila,2018-01-12,55,236360,https://open.spotify.com/track/7IL3UOlcJ6nmcCMwpnlfcA,sad
2XagJU6gE1vsGF1nI7kf2j,THE GREATEST SHOW,Mishaal Tamer,HOME IS CHANGING,2024-10-18,44,190093,https://open.spotify.com/track/2XagJU6gE1vsGF1nI7kf2j,sad
6CagMrZXJUdGGIw6Eaepos,Exhale,Sabrina Carpenter,Singular Act II,2019-07-19,59,164708,https://open.spotify.com/track/6CagMrZXJUdGGIw6Eaepos,sad
41zXlQxzTi6cGAjpOXyLYH,idontwannabeyouanymore,Billie Eilish,dont smile at me,2017-12-22,78,203569,https://open.spotify.com/track/41zXlQxzTi6cGAjpOXyLYH,sad
1jlG3KJ3gdYmhfuySFfpO1,I'm with You,Avril Lavigne,Let Go,2002-06-04,78,223066,https://open.spotify.com/track/1jlG3KJ3gdYmhfuySFfpO1,sad
3IgUCMkHS4RgHdngIlporF,Sorry,Halsey,hopeless fountain kingdom (Deluxe Plus),2017-06-02,70,220540,https://open.spotify.com/track/3IgUCMkHS4RgHdngIlporF,sad
76ZM9zykOducwZYWRjYsll,DEAD WEIGHT,Maya Kuriel,DEAD WEIGHT,2025-03-21,26,149473,https://open.spotify.com/track/76ZM9zykOducwZYWRjYsll,sad
3NgCzSW98SsqBdpYcnm4kv,I Have Questions,Camila Cabello,I Have Questions,2017-05-21,53,221881,https://open.spotify.com/track/3NgCzSW98SsqBdpYcnm4kv,sad
4K3gM7kzX4POAfrs71HomN,Lookalike,Conan Gray,Sunset Season,2018-11-16,62,220866,https://open.spotify.com/track/4K3gM7kzX4POAfrs71HomN,sad
3K1tdhoeE6koNnWgAxEK9Y,Mrs. Potato Head,Melanie Martinez,Cry Baby (Deluxe Edition),2015-08-14,71,217506,https://open.spotify.com/track/3K1tdhoeE6koNnWgAxEK9Y,sad
0PurA4JVJ8YQgSVopY8fn6,tolerate it,Taylor Swift,evermore,2020-12-11,69,245440,https://open.spotify.com/track/0PurA4JVJ8YQgSVopY8fn6,sad
1ZzeDMKKZCFvghNJIO7uuP,Let Me Know,Kelsey Olivia,Let Me Know,2025-09-26,30,218307,https://open.spotify.com/track/1ZzeDMKKZCFvghNJIO7uuP,sad
29f11nLUcMYQ2Ndbnb7N0o,Dancing With A Stranger (With Normani) - Acoustic,"Sam Smith, Normani",Dancing With A Stranger (With Normani) [Acoustic],2019-02-15,56,187621,https://open.spotify.com/track/29f11nLUcMYQ2Ndbnb7N0o,sad
4HOryCnbme0zBnF8LWij3f,Getting Older,Billie Eilish,Happier Than Ever,2021-07-30,72,244221,https://open.spotify.com/track/4HOryCnbme0zBnF8LWij3f,sad
5jx8tCxiO0uIbo2uNia23K,The One That Got Away - Acoustic,Katy Perry,Teenage Dream: The Complete Confection,2012-03-12,62,259040,https://open.spotify.com/track/5jx8tCxiO0uIbo2uNia23K,sad
4914PrOstXwsOjHL2bIjEb,I've been here before,Sopperior,I've been here before,2024-03-27,30,113903,https://open.spotify.com/track/4914PrOstXwsOjHL2bIjEb,sad
3ArYVrRb0lDBLzuJJqIXzC,River Of Tears,Alessia Cara,Know-It-All (Deluxe),2016-03-11,55,254506,https://open.spotify.com/track/3ArYVrRb0lDBLzuJJqIXzC,sad
04sN26COy28wTXYj3dMoiZ,Bored,Billie Eilish,Bored,2017-03-30,79,180933,https://open.spotify.com/track/04sN26COy28wTXYj3dMoiZ,sad
5NWYu2pYfLGu3iQB08RC4m,Fool For You,Stray Currents,Fool For You,2025-10-22,30,184774,https://open.spotify.com/track/5NWYu2pYfLGu3iQB08RC4m,sad
3ZKRAzNAsiJrBGUM2BX9av,13 Beaches,Lana Del Rey,Lust For Life,2017-07-21,60,295569,https://open.spotify.com/track/3ZKRAzNAsiJrBGUM2BX9av,sad
1nYzjrdVQ8RpF93M0jPFW7,Remember That Night?,Sara Kays,Remember That Night?,2020-11-06,70,227186,https://open.spotify.com/track/1nYzjrdVQ8RpF93M0jPFW7,sad
5JtqfIKD1plm7eUJaoyuRb,Work It Out Again,Bella Delle,Work It Out Again,2024-10-25,16,212662,https://open.spotify.com/track/5JtqfIKD1plm7eUJaoyuRb,sad
6ATgDc6e4sPn84hvJsAmPt,hate u love u,Olivia O'Brien,hate u love u,2016-12-09,64,175466,https://open.spotify.com/track/6ATgDc6e4sPn84hvJsAmPt,sad
26XaOsDMbl0e1cVKYfkz6w,Falling,Trevor Daniel,Falling,2018-10-05,68,159381,https://open.spotify.com/track/26XaOsDMbl0e1cVKYfkz6w,sad
4RVwu0g32PAqgUiJoXsdF8,Happier Than Ever,Billie Eilish,Happier Than Ever,2021-07-30,84,298899,https://open.spotify.com/track/4RVwu0g32PAqgUiJoXsdF8,sad
1Xi84slp6FryDSCbzq4UCD,Arcade,Duncan Laurence,Arcade,2019-03-07,75,183624,https://open.spotify.com/track/1Xi84slp6FryDSCbzq4UCD,sad
2nMeu6UenVvwUktBCpLMK9,Young And Beautiful,Lana Del Rey,Young And Beautiful,2013-01-01,87,236053,https://open.spotify.com/track/2nMeu6UenVvwUktBCpLMK9,sad
1yLkASt2rIp9W5t3NuZrwQ,Kay,Vince Bello,Kay,2025-10-24,25,231207,https://open.spotify.com/track/1yLkASt2rIp9W5t3NuZrwQ,sad
2rbDhOo9Fh61Bbu23T2qCk,Always Remember Us This Way,Lady Gaga,A Star Is Born Soundtrack (Without Dialogue),2018-10-05,84,210200,https://open.spotify.com/track/2rbDhOo9Fh61Bbu23T2qCk,sad
360Wr96ywrCQq4kTAJ8Pq6,Pacify Her,Melanie Martinez,Cry Baby (Deluxe Edition),2015-08-14,73,220013,https://open.spotify.com/track/360Wr96ywrCQq4kTAJ8Pq6,sad
4pvb0WLRcMtbPGmtejJJ6y,exile (feat. Bon Iver),"Taylor Swift, Bon Iver",folklore,2020-07-24,80,285634,https://open.spotify.com/track/4pvb0WLRcMtbPGmtejJJ6y,sad
7lCBSUxEyin3JvrGEegRah,Red Shredded Paper,Lola Blanc,Crowd Pleaser,2025-09-17,28,250332,https://open.spotify.com/track/7lCBSUxEyin3JvrGEegRah,sad
0tMSssfxAL2oV8Vri0mFHE,listen before i go,Billie Eilish,"WHEN WE ALL FALL ASLEEP, WHERE DO WE GO?",2019-03-29,76,242652,https://open.spotify.com/track/0tMSssfxAL2oV8Vri0mFHE,sad
1wVuPmvt6AWvTL5W2GJnzZ,Talking to the Moon,Bruno Mars,Doo-Wops & Hooligans,2010-05-11,76,217866,https://open.spotify.com/track/1wVuPmvt6AWvTL5W2GJnzZ,sad
0XQQpq855N5rnUsFBXo2ml,Bridges,Scarlett Butler,Bridges,2025-10-24,26,175161,https://open.spotify.com/track/0XQQpq855N5rnUsFBXo2ml,sad
5p7ujcrUXASCNwRaWNHR1C,Without Me,Halsey,Without Me,2018-10-04,6,201660,https://open.spotify.com/track/5p7ujcrUXASCNwRaWNHR1C,sad
3EGW6TGGbdk6Ys1Y3HU3lj,Training Wheels,Melanie Martinez,Cry Baby (Deluxe Edition),2015-08-14,67,205680,https://open.spotify.com/track/3EGW6TGGbdk6Ys1Y3HU3lj,sad
1MgV7FIyNxIG7WzMRJV5HC,my tears ricochet,Taylor Swift,folklore,2020-07-24,80,255893,https://open.spotify.com/track/1MgV7FIyNxIG7WzMRJV5HC,sad
1v6svH1Fyx9C1nIt1mA2DT,All I Want,"Olivia Rodrigo, Disney",High School Musical: The Musical: The Series (Original Soundtrack),2020-01-10,72,177322,https://open.spotify.com/track/1v6svH1Fyx9C1nIt1mA2DT,sad
7dZ1Odmx9jWIweQSatnRqo,Million Reasons,Lady Gaga,Joanne (Deluxe),2016-10-21,75,205280,https://open.spotify.com/track/7dZ1Odmx9jWIweQSatnRqo,sad
6g4RVB6qiuySTw9FCV1HEM,Without You,Lana Del Rey,Born To Die - The Paradise Edition,2012-01-01,59,229293,https://open.spotify.com/track/6g4RVB6qiuySTw9FCV1HEM,sad
6Vc5wAMmXdKIAM7WUoEb7N,Say Something,"A Great Big World, Christina Aguilera",Is There Anybody Out There?,2014-01-20,70,229400,https://open.spotify.com/track/6Vc5wAMmXdKIAM7WUoEb7N,sad
2NmsngXHeC1GQ9wWrzhOMf,illicit affairs,Taylor Swift,folklore,2020-07-24,74,190898,https://open.spotify.com/track/2NmsngXHeC1GQ9wWrzhOMf,sad
7B5Npv8NjjTCzk8PLpU66h,Love In The Dark,Adele,25,2015-11-20,74,285935,https://open.spotify.com/track/7B5Npv8NjjTCzk8PLpU66h,sad
4WzhjxvLP95y7AMDy0Atwb,Out Of Love,Alessia Cara,The Pains Of Growing,2018-11-30,64,227693,https://open.spotify.com/track/4WzhjxvLP95y7AMDy0Atwb,sad
04rwdcWWRp6Lr1rzarknnc,Thin Illusions,BONZIE,When I Found The Trap Door,2024-10-18,32,180975,https://open.spotify.com/track/04rwdcWWRp6Lr1rzarknnc,sad
4UzVcXufOhGUwF56HT7b8M,My Immortal,Evanescence,Fallen,2003-03-04,76,262533,https://open.spotify.com/track/4UzVcXufOhGUwF56HT7b8M,sad
62PaSfnXSMyLshYJrlTuL3,Hello,Adele,25,2015-11-20,72,295502,https://open.spotify.com/track/62PaSfnXSMyLshYJrlTuL3,sad
0gJvqi9QyASOCtJu99tytc,Because of You,Kelly Clarkson,Breakaway,2004,74,219493,https://open.spotify.com/track/0gJvqi9QyASOCtJu99tytc,sad
4nyF5lmSziBAt7ESAUjpbx,"I miss you, I’m sorry",Gracie Abrams,minor,2020-07-14,82,167538,https://open.spotify.com/track/4nyF5lmSziBAt7ESAUjpbx,sad
6eJb9m30LLBzZvelR6yPGj,SONG4 SOME1,THE RUMORS,SONG4 SOME1,2024-04-12,27,146143,https://open.spotify.com/track/6eJb9m30LLBzZvelR6yPGj,sad
4Ouhoi2lAhrLJKFzUqEzwl,Born To Die,Lana Del Rey,Born To Die - The Paradise Edition,2012-01-01,77,285400,https://open.spotify.com/track/4Ouhoi2lAhrLJKFzUqEzwl,sad
4u9Y4Z9i9VaAbBK7rW1Rha,Meet Me in the Hallway,Harry Styles,Harry Styles,2017-05-12,64,227200,https://open.spotify.com/track/4u9Y4Z9i9VaAbBK7rW1Rha,sad
3NbTQ8ZbHU6MSEVUFAVCJ9,better off,Ariana Grande,Sweetener,2018-08-17,65,171333,https://open.spotify.com/track/3NbTQ8ZbHU6MSEVUFAVCJ9,sad
5meVa5klVlJalupZTvv5XX,21,Gracie Abrams,minor,2020-07-14,70,185172,https://open.spotify.com/track/5meVa5klVlJalupZTvv5XX,sad
3k79jB4aGmMDUQzEwa46Rz,vampire,Olivia Rodrigo,vampire,2023-06-30,5,219724,https://open.spotify.com/track/3k79jB4aGmMDUQzEwa46Rz,sad
7g3htkaLz4ETFn0cifwM3y,High By The Beach,Lana Del Rey,Honeymoon,2015-09-18,68,257573,https://open.spotify.com/track/7g3htkaLz4ETFn0cifwM3y,sad
2vdBo4ALPYbHRUPKgtE5iC,ghostin,Ariana Grande,"thank u, next",2019-02-08,70,271466,https://open.spotify.com/track/2vdBo4ALPYbHRUPKgtE5iC,sad
54JKnDB3CzVu8wNAOM27BI,When You're Gone,Avril Lavigne,The Best Damn Thing (Expanded Edition),2007-04-17,72,240493,https://open.spotify.com/track/54JKnDB3CzVu8wNAOM27BI,sad
6IfPyMb0Sxptpx6jBUATOS,Old Money,Lana Del Rey,Ultraviolence (Deluxe),2014-01-01,68,271480,https://open.spotify.com/track/6IfPyMb0Sxptpx6jBUATOS,sad
0uZnF1sn2IcNCvnyAIKNMQ,Mercy - Acoustic,Shawn Mendes,Illuminate (Deluxe),2017-04-20,58,219160,https://open.spotify.com/track/0uZnF1sn2IcNCvnyAIKNMQ,sad
5jqNQZBwbZWQXPWfo0ygZF,Art Deco,Lana Del Rey,Honeymoon,2015-09-18,78,295066,https://open.spotify.com/track/5jqNQZBwbZWQXPWfo0ygZF,sad
1qFMIjTe9esCDiytqUY19t,i can't breathe,Bea Miller,aurora,2018-02-23,51,213986,https://open.spotify.com/track/1qFMIjTe9esCDiytqUY19t,sad
30XBkzzcubUJLANeXM4D0C,I’m Tired (with Zendaya) - Bonus Track,"Labrinth, Zendaya",EUPHORIA SEASON 2 OFFICIAL SCORE (FROM THE HBO ORIGINAL SERIES),2022-04-22,51,187943,https://open.spotify.com/track/30XBkzzcubUJLANeXM4D0C,sad
0NlGoUyOJSuSHmngoibVAs,All I Want,Kodaline,In A Perfect World (Expanded Edition),2013-06-17,79,305746,https://open.spotify.com/track/0NlGoUyOJSuSHmngoibVAs,sad
70yhaHLp9STtzI2Kzba6Tr,Best Mistake,"Ariana Grande, Big Sean",My Everything (Deluxe),2014-08-22,67,233733,https://open.spotify.com/track/70yhaHLp9STtzI2Kzba6Tr,sad
6w8pFOKn42O418qwcQElZ3,Waves,Dean Lewis,A Place We Knew,2019-03-22,75,240013,https://open.spotify.com/track/6w8pFOKn42O418qwcQElZ3,sad
7xagQoIf776ukUlgH4TyyB,I Don't Care,Ariana Grande,Dangerous Woman,2016-05-20,53,178026,https://open.spotify.com/track/7xagQoIf776ukUlgH4TyyB,sad
5jhBwnqzNNrENXnYrAdoCe,Everybody Dies,Billie Eilish,Happier Than Ever,2021-07-30,68,206622,https://open.spotify.com/track/5jhBwnqzNNrENXnYrAdoCe,sad
53dtP2iUMvaF28JZcHnFuU,logical,Olivia Rodrigo,GUTS,2023-09-08,70,231907,https://open.spotify.com/track/53dtP2iUMvaF28JZcHnFuU,sad
5jw5yNpSTxdBAr1AV3N96s,The Way I Am Now,Lila Holler,The Way I Am Now,2025-10-17,29,226470,https://open.spotify.com/track/5jw5yNpSTxdBAr1AV3N96s,sad
3TCauNPqFiniaYHBvEVoHG,Beautiful,Christina Aguilera,Stripped,2002-07-19,68,238560,https://open.spotify.com/track/3TCauNPqFiniaYHBvEVoHG,sad
1almCHdsfikRPfVB9VrEdT,Little Do You Know,Alex & Sierra,It's About Us,2014-10-06,69,185200,https://open.spotify.com/track/1almCHdsfikRPfVB9VrEdT,sad
6bGMSP3H9YqkmaLnaJTIoF,Hold On,Adele,30,2021-11-19,61,366004,https://open.spotify.com/track/6bGMSP3H9YqkmaLnaJTIoF,sad
1C8E0247IHyaMwDst1ySTA,This Is Not Real,BONZIE,When I Found The Trap Door,2024-10-18,37,242234,https://open.spotify.com/track/1C8E0247IHyaMwDst1ySTA,sad
4IqcDJPzDL8Hq8KwAX4jUE,human,Christina Perri,head or heart,2014-03-28,66,250706,https://open.spotify.com/track/4IqcDJPzDL8Hq8KwAX4jUE,sad
7pT6WSg4PCt4mr5ZFyUfsF,If We Have Each Other,Alec Benjamin,Narrated For You,2018-11-16,75,181522,https://open.spotify.com/track/7pT6WSg4PCt4mr5ZFyUfsF,sad
7t3Xdbufg7q2onVsR8RBdY,Fire On Fire,Sam Smith,Love Goes,2020-10-30,78,246735,https://open.spotify.com/track/7t3Xdbufg7q2onVsR8RBdY,sad
0nJW01T7XtvILxQgC5J7Wh,When I Was Your Man,Bruno Mars,Unorthodox Jukebox,2012-12-07,88,213826,https://open.spotify.com/track/0nJW01T7XtvILxQgC5J7Wh,sad
05TOt5Vz4StdjMpEdFPlvB,All I Ask,Adele,25,2015-11-20,69,271800,https://open.spotify.com/track/05TOt5Vz4StdjMpEdFPlvB,sad
75JFxkI2RXiU7L9VXzMkle,The Scientist,Coldplay,A Rush of Blood to the Head,2002-08-27,88,309600,https://open.spotify.com/track/75JFxkI2RXiU7L9VXzMkle,sad
7oTE1KmtU2ml9zBhv9Reao,California,Lana Del Rey,Norman Fucking Rockwell!,2019-08-30,65,305899,https://open.spotify.com/track/7oTE1KmtU2ml9zBhv9Reao,sad
0Nfh4u0J4bajcyp5pzaWCx,Used To Be Young,Miley Cyrus,Used To Be Young,2023-08-25,56,191185,https://open.spotify.com/track/0Nfh4u0J4bajcyp5pzaWCx,sad
7GgWAITsYJaRM3r50rfh5w,When We Were Young,Adele,25,2015-11-20,73,290900,https://open.spotify.com/track/7GgWAITsYJaRM3r50rfh5w,sad
15FpIaguKOiE2XwIiYox12,pills & zinfandel,Elliot,affogato,2024-10-18,23,158386,https://open.spotify.com/track/15FpIaguKOiE2XwIiYox12,sad
73YUReisjb3A9ActdLLjJQ,happiness,Taylor Swift,evermore,2020-12-11,63,315146,https://open.spotify.com/track/73YUReisjb3A9ActdLLjJQ,sad
1rcnbeovJnCUHDwImmpTNp,Chamber of Reflection,Your Anxiety Buddy,Chamber of Reflection,2023-01-06,1,168125,https://open.spotify.com/track/1rcnbeovJnCUHDwImmpTNp,sad
1XTY6rA7XQosc0ynkkE9kN,Black Friday,Tom Odell,Black Friday,2023-09-22,73,221510,https://open.spotify.com/track/1XTY6rA7XQosc0ynkkE9kN,sad
39jXnbACjiaiTwwhsr5sY5,Too Much To Ask,Niall Horan,Flicker (Deluxe),2017-10-20,64,223043,https://open.spotify.com/track/39jXnbACjiaiTwwhsr5sY5,sad
4Skkx52Dh8yo4G1ijAEGs3,Solo,Myles Smith,Solo,2023-11-15,70,199756,https://open.spotify.com/track/4Skkx52Dh8yo4G1ijAEGs3,sad
3DBJE1Zndql25OGUQSv7aD,A Year Ago,James Arthur,A Year Ago,2023-05-12,67,170830,https://open.spotify.com/track/3DBJE1Zndql25OGUQSv7aD,sad
3GYlZ7tbxLOxe6ewMNVTkw,TV,Billie Eilish,Guitar Songs,2022-07-21,83,281380,https://open.spotify.com/track/3GYlZ7tbxLOxe6ewMNVTkw,sad
7kt9e9LFSpN1zQtYEl19o1,this is me trying,Taylor Swift,folklore,2020-07-24,74,195097,https://open.spotify.com/track/7kt9e9LFSpN1zQtYEl19o1,sad
2qLyo5FeWquE7HBUbcVnEy,emails i can’t send,Sabrina Carpenter,emails i can't send,2022-07-15,69,104408,https://open.spotify.com/track/2qLyo5FeWquE7HBUbcVnEy,sad
4cVw1IeHrFuVS58Glolglb,blonde eyes,"Sopperior, XIXVII",orphic,2025-10-21,29,144639,https://open.spotify.com/track/4cVw1IeHrFuVS58Glolglb,sad
6HJizCbaqaEQG1eLjn341Z,Hurtless,Dean Lewis,Hurtless,2022-03-31,55,180274,https://open.spotify.com/track/6HJizCbaqaEQG1eLjn341Z,sad
2TOzTqQXNmR2zDJXihjZ2e,enough for you,Olivia Rodrigo,SOUR,2021-05-21,76,202826,https://open.spotify.com/track/2TOzTqQXNmR2zDJXihjZ2e,sad
0YywjDvFudcaHG74NuWISy,People Help the People,Birdy,Birdy,2011-11-04,70,256236,https://open.spotify.com/track/0YywjDvFudcaHG74NuWISy,sad
2U7svZUGvR4tfKdyxv9mXu,would've been you,sombr,would've been you,2023-11-17,79,183586,https://open.spotify.com/track/2U7svZUGvR4tfKdyxv9mXu,sad
4KlL5Bwlm4yHYxr0B2rHci,Heal,Tom Odell,Long Way Down (Deluxe),2013-06-24,75,193080,https://open.spotify.com/track/4KlL5Bwlm4yHYxr0B2rHci,sad
3pHkh7d0lzM2AldUtz2x37,The Archer,Taylor Swift,Lover,2019-08-23,74,211240,https://open.spotify.com/track/3pHkh7d0lzM2AldUtz2x37,sad
7qcXUzPwoxSBFxjTbNrV0B,The Gold - Phoebe Bridgers Version,"Manchester Orchestra, Phoebe Bridgers",The Gold (Phoebe Bridgers Version),2018-07-13,72,233226,https://open.spotify.com/track/7qcXUzPwoxSBFxjTbNrV0B,sad
3ZFyBP0zNaX42cplqv4rEa,Ashes,Ghoste,Ashes,2025-10-31,17,219179,https://open.spotify.com/track/3ZFyBP0zNaX42cplqv4rEa,sad
0zMzyHAeMvwq5CRstru1Fp,Lost Boy,Ruth B.,Safe Haven,2017-05-05,70,276066,https://open.spotify.com/track/0zMzyHAeMvwq5CRstru1Fp,sad
0VhgEqMTNZwYL1ARDLLNCX,Can I Be Him,James Arthur,Back from the Edge,2016-10-28,79,246880,https://open.spotify.com/track/0VhgEqMTNZwYL1ARDLLNCX,sad
12OLyHDxt6dqlAybSPFBK3,Forever,Lewis Capaldi,Divinely Uninspired To A Hellish Extent,2019-05-17,71,210863,https://open.spotify.com/track/12OLyHDxt6dqlAybSPFBK3,sad
5hwh37sTi84MVhCBMWzhGE,Superficial Love,Ruth B.,The Intro,2015-11-27,62,207973,https://open.spotify.com/track/5hwh37sTi84MVhCBMWzhGE,sad
5vjLSffimiIP26QG5WcN2K,Hold On,Chord Overstreet,Hold On,2017-02-03,78,198853,https://open.spotify.com/track/5vjLSffimiIP26QG5WcN2K,sad
63hHlajVLQnlFMAqSyePxO,Black Beauty,Lana Del Rey,Ultraviolence (Deluxe),2014-01-01,69,314533,https://open.spotify.com/track/63hHlajVLQnlFMAqSyePxO,sad
3p4hRhMcb6ch8OLtATMaLw,Cry,Cigarettes After Sex,Cry,2019-10-25,61,256799,https://open.spotify.com/track/3p4hRhMcb6ch8OLtATMaLw,sad
3rJDsZjIaCfJQSqRUvl0BM,Funeral,Phoebe Bridgers,Stranger in the Alps,2017-09-22,70,232373,https://open.spotify.com/track/3rJDsZjIaCfJQSqRUvl0BM,sad
3aBGKDiAAvH2H7HLOyQ4US,Glimpse of Us,Joji,Glimpse of Us,2022-06-10,68,233453,https://open.spotify.com/track/3aBGKDiAAvH2H7HLOyQ4US,sad
2VDTqhsSzrRxsbjvv4KLPl,Memories,Dean Lewis,Memories,2024-02-01,58,179534,https://open.spotify.com/track/2VDTqhsSzrRxsbjvv4KLPl,sad
1xK59OXxi2TAAAbmZK0kBL,Romantic Homicide,d4vd,Romantic Homicide,2022-07-20,87,132630,https://open.spotify.com/track/1xK59OXxi2TAAAbmZK0kBL,sad
4bt7eqP7mfWduRBKEpCAzM,chaotic,Tate McRae,i used to think i could fly,2022-05-27,72,175531,https://open.spotify.com/track/4bt7eqP7mfWduRBKEpCAzM,sad
4HbeGjbt7u3pvwDk1vN7P0,Mystery of Love,Sufjan Stevens,Call Me By Your Name (Original Motion Picture Soundtrack),2017-11-03,66,248964,https://open.spotify.com/track/4HbeGjbt7u3pvwDk1vN7P0,sad
71BWZa1liIRyUiuJ3MB66o,I Know You,Faye Webster,Faye Webster,2017-05-12,77,251666,https://open.spotify.com/track/71BWZa1liIRyUiuJ3MB66o,sad
6PnluwP0fjGnpIBsqTdUTq,Pretty When You Cry,Lana Del Rey,Ultraviolence (Deluxe),2014-01-01,76,234146,https://open.spotify.com/track/6PnluwP0fjGnpIBsqTdUTq,sad
46RNrAkGsqWTDrv2ZPOAbx,Moon Song,Phoebe Bridgers,Punisher,2020-06-18,70,277676,https://open.spotify.com/track/46RNrAkGsqWTDrv2ZPOAbx,sad
2fmyrECK6bdfoGven0UMZx,Naked,James Arthur,YOU,2019-10-18,70,233400,https://open.spotify.com/track/2fmyrECK6bdfoGven0UMZx,sad
1oBGpzczkEedXYbZXGKSW3,Ridiculous - Stripped,Sounds Kinda Good,Ridiculous (Stripped),2025-08-29,31,260085,https://open.spotify.com/track/1oBGpzczkEedXYbZXGKSW3,sad
00WLowvlN5cjkYpQV6pjo4,Die For You,Joji,SMITHEREENS,2022-11-04,79,211666,https://open.spotify.com/track/00WLowvlN5cjkYpQV6pjo4,sad
2t72CxYehpJ02QAfMoTSDq,House Song,Searows,House Song,2023-02-01,31,295675,https://open.spotify.com/track/2t72CxYehpJ02QAfMoTSDq,sad
2769RhOZs0ezRncRW1vryp,Till Forever Falls Apart,"Ashe, FINNEAS",Till Forever Falls Apart,2021-03-02,67,222860,https://open.spotify.com/track/2769RhOZs0ezRncRW1vryp,sad
26MJjeJ0NSOQDKeZzrEFMl,hate to be lame,"Lizzy McAlpine, FINNEAS",five seconds flat,2022-04-08,67,156798,https://open.spotify.com/track/26MJjeJ0NSOQDKeZzrEFMl,sad
7zw6nQHTwml1mVuQDf5V6k,Break My Heart Again,FINNEAS,Blood Harmony (Deluxe),2020-08-07,67,237979,https://open.spotify.com/track/7zw6nQHTwml1mVuQDf5V6k,sad
4ak9GGe6afmi2HbxEjvhIC,Male Fantasy,Billie Eilish,Happier Than Ever,2021-07-30,72,194886,https://open.spotify.com/track/4ak9GGe6afmi2HbxEjvhIC,sad
52iLDrSoRtf9lcgFuLVfqE,Older,Sasha Alex Sloan,Older,2018-11-09,68,191001,https://open.spotify.com/track/52iLDrSoRtf9lcgFuLVfqE,sad
3efgVA2yxnPiMqfT3y04Rd,used to,Alaina Castillo,used to,2025-07-18,35,208000,https://open.spotify.com/track/3efgVA2yxnPiMqfT3y04Rd,sad
1UrwJzlNC2oaTlxj1OZmcu,twilight zone,Ariana Grande,eternal sunshine deluxe: brighter days ahead,2025-03-28,71,198320,https://open.spotify.com/track/1UrwJzlNC2oaTlxj1OZmcu,sad
7wTqEW5nrMhvyEhEyTnOMd,The Cut That Always Bleeds,Conan Gray,Kid Krow,2020-03-20,84,231920,https://open.spotify.com/track/7wTqEW5nrMhvyEhEyTnOMd,sad
7sq2z9oX2S0CvgTqCZ0ko4,Strange,Celeste,Not Your Muse (Deluxe),2021-01-29,73,255986,https://open.spotify.com/track/7sq2z9oX2S0CvgTqCZ0ko4,sad
5l6hpyTGBK0LAAxgPnqTQL,Look After You,The Fray,How To Save A Life,2005-09-13,82,266773,https://open.spotify.com/track/5l6hpyTGBK0LAAxgPnqTQL,sad
35PKfoynRpVFoAUE3D5Kc6,Work Song,Hozier,Hozier,2014-09-19,75,229715,https://open.spotify.com/track/35PKfoynRpVFoAUE3D5Kc6,sad
0duALa6UlxVWqEqpmhv73p,A Lot More Free,Max McNown,A Lot More Free,2023-08-25,70,198920,https://open.spotify.com/track/0duALa6UlxVWqEqpmhv73p,sad
0dzQiejP41haESvtBRKoXx,Miss You,Ali Gatie,Miss You,2025-05-16,40,130957,https://open.spotify.com/track/0dzQiejP41haESvtBRKoXx,sad
6QT6j7rKt7Vk3IuV2AUO9W,lacy,Olivia Rodrigo,GUTS,2023-09-08,81,177212,https://open.spotify.com/track/6QT6j7rKt7Vk3IuV2AUO9W,sad
43rHcWvKMlLGWMmJFjCk7I,i don't think i love you anymore,Alaina Castillo,i don't think i love you anymore,2019-10-18,43,229383,https://open.spotify.com/track/43rHcWvKMlLGWMmJFjCk7I,sad
3NhEEC4oE5hX6u8RCx6Q9m,Messages From Her,Sabrina Claudio,"No Rain, No Flowers",2018-08-15,47,290185,https://open.spotify.com/track/3NhEEC4oE5hX6u8RCx6Q9m,sad
1G1R0XgChe18Zr1o6tlmN6,Watercolor Eyes - From “Euphoria” An HBO Original Series,Lana Del Rey,Watercolor Eyes (From “Euphoria” An HBO Original Series),2022-01-21,61,211613,https://open.spotify.com/track/1G1R0XgChe18Zr1o6tlmN6,sad
3siwsiaEoU4Kuuc9WKMUy5,No One Noticed,The Marías,Submarine,2024-05-31,89,236906,https://open.spotify.com/track/3siwsiaEoU4Kuuc9WKMUy5,sad
6RSG1dKPV5gEvILwJb4QtS,loml,Taylor Swift,THE TORTURED POETS DEPARTMENT,2024-04-18,71,277156,https://open.spotify.com/track/6RSG1dKPV5gEvILwJb4QtS,sad
6LPi5m37Sv2N7N3ZdzH51T,Two people,Gracie Abrams,Good Riddance (Deluxe),2023-06-16,57,253066,https://open.spotify.com/track/6LPi5m37Sv2N7N3ZdzH51T,sad
6TGd66r0nlPaYm3KIoI7ET,THE GREATEST,Billie Eilish,HIT ME HARD AND SOFT,2024-05-17,81,293840,https://open.spotify.com/track/6TGd66r0nlPaYm3KIoI7ET,sad
3O5osWf1rSoKMwe6E9ZaXP,evermore (feat. Bon Iver),"Taylor Swift, Bon Iver",evermore,2020-12-11,62,304106,https://open.spotify.com/track/3O5osWf1rSoKMwe6E9ZaXP,sad
4m6n6ILjWF6ZH2LhwWwbDn,If I Ain't Got You,"Pop Mage, SoSad Girl, linhchou",If I Ain't Got You,2025-06-12,28,233289,https://open.spotify.com/track/4m6n6ILjWF6ZH2LhwWwbDn,sad
5xWmteD2sBODAPRwj2Terd,The Heart Wants What It Wants,"Pop Mage, SoSad Girl, linhchou",The Heart Wants What It Wants,2025-06-11,28,175808,https://open.spotify.com/track/5xWmteD2sBODAPRwj2Terd,sad
5cPbqkr4OQIMOTvnG06DKf,Anti-Hero,"Pop Mage, SoSad Girl, linhchou",Anti-Hero,2025-06-10,27,237000,https://open.spotify.com/track/5cPbqkr4OQIMOTvnG06DKf,sad
5PL5S4P2akTWqju4YJTbOU,Happier,"Pop Mage, SoSad Girl, linhchou",Happier,2025-06-09,31,241232,https://open.spotify.com/track/5PL5S4P2akTWqju4YJTbOU,sad
3DAVkvsDkLx9eHNQk6o0jv,Stay,"Pop Mage, SoSad Girl, linhchou",Stay,2025-06-06,27,214687,https://open.spotify.com/track/3DAVkvsDkLx9eHNQk6o0jv,sad
3VT6930PVBoDooFCgh2rnw,Eastside,"Pop Mage, SoSad Girl, Syxie",Eastside,2025-06-05,27,255600,https://open.spotify.com/track/3VT6930PVBoDooFCgh2rnw,sad
1mDpFWQ5GCtItCoumNPjZ7,Love On The Brain,"Pop Mage, SoSad Girl, Syxie",Love On The Brain,2025-06-04,28,231272,https://open.spotify.com/track/1mDpFWQ5GCtItCoumNPjZ7,sad
0RzDw3RrSxU0NXp0NaISEn,The First Noel,"Pop Mage, SoSad Girl, Syxie",The First Noel,2025-06-03,27,152307,https://open.spotify.com/track/0RzDw3RrSxU0NXp0NaISEn,sad
0oWam2MGyxAYRNfjSLBaE0,One Last Breath,"Pop Mage, SoSad Girl, linhchou",One Last Breath,2025-06-02,27,251170,https://open.spotify.com/track/0oWam2MGyxAYRNfjSLBaE0,sad
0u9GQpJqQe94AHjWpPK1EZ,I See Fire,"Pop Mage, SoSad Girl, linhchou",I See Fire,2025-05-30,26,285502,https://open.spotify.com/track/0u9GQpJqQe94AHjWpPK1EZ,sad
7DVqRdDj1gGXtKK9Y1zDfq,Easily,"Pop Mage, SoSad Girl, zyrox",Easily,2025-05-29,27,202403,https://open.spotify.com/track/7DVqRdDj1gGXtKK9Y1zDfq,sad
5h6DxiUW5ypvi5Vgh6TQGr,Sign Of The Times,"Pop Mage, SoSad Girl, Rastz",Sign Of The Times,2025-05-28,26,284470,https://open.spotify.com/track/5h6DxiUW5ypvi5Vgh6TQGr,sad
0q49kQdHwmBcjRnfCPz0kS,Jealous,"Pop Mage, SoSad Girl, zyrox",Jealous,2025-05-27,26,273695,https://open.spotify.com/track/0q49kQdHwmBcjRnfCPz0kS,sad
4gqWWkd7MnEKYHMDxHvLWR,Treat You Better,"Pop Mage, SoSad Girl, linhchou",Treat You Better,2025-05-26,27,257823,https://open.spotify.com/track/4gqWWkd7MnEKYHMDxHvLWR,sad
7w08miSulsyZ1cCBTLbFgP,Lose You To Love Me,"Pop Mage, SoSad Girl, linhchou",Lose You To Love Me,2025-05-23,27,198657,https://open.spotify.com/track/7w08miSulsyZ1cCBTLbFgP,sad
6nmLyMFrqunNvCs67UZvr4,Romantic Homicide,"Pop Mage, SoSad Girl, linhchou",Romantic Homicide,2025-05-22,27,180576,https://open.spotify.com/track/6nmLyMFrqunNvCs67UZvr4,sad
5IQKZxJATdaOInksdPEuzF,When We Were Young,"Pop Mage, SoSad Girl, Rastz",When We Were Young,2025-05-21,26,327562,https://open.spotify.com/track/5IQKZxJATdaOInksdPEuzF,sad
15zLtQmPsXMHP3d05sZTPo,Where Are You Now,"Pop Mage, SoSad Girl, Syxie",Where Are You Now,2025-05-20,27,224776,https://open.spotify.com/track/15zLtQmPsXMHP3d05sZTPo,sad
17jRRQnWsNVBlLPfTYdflL,Prisoner,"Pop Mage, SoSad Girl, Hagii",Prisoner,2025-05-19,26,262066,https://open.spotify.com/track/17jRRQnWsNVBlLPfTYdflL,sad
37Apj76Exc6RKAtfmrPLk8,Stitches,"Pop Mage, SoSad Girl, Syxie",Stitches,2025-05-16,29,231578,https://open.spotify.com/track/37Apj76Exc6RKAtfmrPLk8,sad
1kl8JySnckSPX6GAFrTnHf,Get You The Moon,"Pop Mage, SoSad Girl, Hagii",Get You The Moon,2025-05-15,26,275000,https://open.spotify.com/track/1kl8JySnckSPX6GAFrTnHf,sad
6jw6i41enD5UnQNsbyyovr,Shallow,"Pop Mage, SoSad Girl, Syxie",Shallow,2025-05-14,26,256764,https://open.spotify.com/track/6jw6i41enD5UnQNsbyyovr,sad
0rzQdK1pUJGdBb0iUUkLCC,Merry Christmas,"Pop Mage, SoSad Girl, Kidwave",Merry Christmas,2025-05-13,26,245783,https://open.spotify.com/track/0rzQdK1pUJGdBb0iUUkLCC,sad
2xWCUAA5zlaWpe3px7sxm0,Better Now,"Pop Mage, SoSad Girl, Syxie",Better Now,2025-05-12,25,366000,https://open.spotify.com/track/2xWCUAA5zlaWpe3px7sxm0,sad
2JDwTag4QMib3TGSl8vxk6,Dead Eyes,"Pop Mage, SoSad Girl, Rastz",Dead Eyes,2025-05-09,26,278699,https://open.spotify.com/track/2JDwTag4QMib3TGSl8vxk6,sad
4OT9jKqozftMtVP4DMOQbn,SNAP,"Pop Mage, SoSad Girl, linhchou",SNAP,2025-05-07,27,214285,https://open.spotify.com/track/4OT9jKqozftMtVP4DMOQbn,sad
2d9AEdC5bp0bVtleFVERvF,Impossible,"Pop Mage, SoSad Girl, linhchou",Impossible,2025-05-06,27,262602,https://open.spotify.com/track/2d9AEdC5bp0bVtleFVERvF,sad
08jFkxXIYtuAs5c84mPXKx,Do You Know?,"Pop Mage, SoSad Girl, Syxie",Do You Know?,2025-05-02,26,268500,https://open.spotify.com/track/08jFkxXIYtuAs5c84mPXKx,sad
4Tl99OdQVCeWMV6Jl42orc,Saturday Nights,"Pop Mage, SoSad Girl, linhchou",Saturday Nights,2025-05-01,25,286764,https://open.spotify.com/track/4Tl99OdQVCeWMV6Jl42orc,sad
2MkLVIoHukxXidzFZeMbcG,Power Over Me,"Pop Mage, SoSad Girl, Syxie",Power Over Me,2025-05-05,26,238554,https://open.spotify.com/track/2MkLVIoHukxXidzFZeMbcG,sad
7mfRQf2BTmh9hrwDdalj5N,In Your Arms,"Pop Mage, SoSad Girl, Syxie",In Your Arms,2025-04-30,25,338666,https://open.spotify.com/track/7mfRQf2BTmh9hrwDdalj5N,sad
60sEfXHKq9kTUby9pwYyrv,Forever Young,"Pop Mage, SoSad Girl, Syxie",Forever Young,2025-04-28,27,182727,https://open.spotify.com/track/60sEfXHKq9kTUby9pwYyrv,sad
15SKgfTQldo6B0kw7ZNI8a,Without You,"Pop Mage, SoSad Girl, Kangssi",Without You,2025-01-17,28,187402,https://open.spotify.com/track/15SKgfTQldo6B0kw7ZNI8a,sad
5LNEjsaOOj1BDHDK1SSntv,Outside,"Pop Mage, SoSad Girl, Syxie",Outside,2025-04-25,27,206511,https://open.spotify.com/track/5LNEjsaOOj1BDHDK1SSntv,sad
1KLXuIsMWLOgJQ6ux7LFfT,Young And Beautiful,"Pop Mage, SoSad Girl, linhchou",Young And Beautiful,2025-04-23,25,290823,https://open.spotify.com/track/1KLXuIsMWLOgJQ6ux7LFfT,sad
3xbunshqZwrhikk5uwg40q,Symphony - Acoustic,"Pop Mage, Nair, AM3ER NOVA",Symphony (Acoustic),2025-04-18,33,148928,https://open.spotify.com/track/3xbunshqZwrhikk5uwg40q,sad
3djDMUeosXEOe4JsqBTVrc,Falling,"Pop Mage, SoSad Girl, linhchou",Falling,2025-04-18,28,210000,https://open.spotify.com/track/3djDMUeosXEOe4JsqBTVrc,sad
0boEkozSQW4p3Qib8tgx1V,Somewhere Only We Know,"Pop Mage, SoSad Girl, linhchou",Somewhere Only We Know,2025-04-16,27,211124,https://open.spotify.com/track/0boEkozSQW4p3Qib8tgx1V,sad
02V9bd42D1Kv4dUkbfwgVX,Night Changes,"Pop Mage, SoSad Girl, linhchou",Night Changes,2025-04-15,25,293181,https://open.spotify.com/track/02V9bd42D1Kv4dUkbfwgVX,sad
2UrBzJ0FKYDyhYnnTA4Obj,Listen To Your Heart,"Pop Mage, SoSad Girl, Tính",Listen To Your Heart,2025-04-14,26,180129,https://open.spotify.com/track/2UrBzJ0FKYDyhYnnTA4Obj,sad
7oNrnxHfOy7gX8qP588WOB,I Miss U,"Pop Mage, SoSad Girl, Syxie",I Miss U,2025-04-11,25,273000,https://open.spotify.com/track/7oNrnxHfOy7gX8qP588WOB,sad
3u3RZh5lAfG60OFD178dpp,Peter Pan Was Right,"Pop Mage, SoSad Girl, linhchou",Peter Pan Was Right,2025-04-10,27,231549,https://open.spotify.com/track/3u3RZh5lAfG60OFD178dpp,sad
2mhDFcAfrgY0hlTgm1vKH5,Only Love Can Hurt Like This,"Pop Mage, SoSad Girl, linhchou",Only Love Can Hurt Like This,2025-04-08,30,192062,https://open.spotify.com/track/2mhDFcAfrgY0hlTgm1vKH5,sad
7CRk8RgWBCv5XSzdRra11V,Lay All Your Love On Me,"Pop Mage, SoSad Girl, Kidwave",Lay All Your Love On Me,2025-04-09,26,188571,https://open.spotify.com/track/7CRk8RgWBCv5XSzdRra11V,sad
3SVW0KNRCMg8NBab1sCpYV,Moth To A Flame,"Pop Mage, SoSad Girl, Syxie",Moth To A Flame,2025-04-07,26,247578,https://open.spotify.com/track/3SVW0KNRCMg8NBab1sCpYV,sad
4p6HC6vEbUrnjHaiOKPwEK,Promises,"Pop Mage, SoSad Girl, Kidwave",Promises,2025-04-04,26,228658,https://open.spotify.com/track/4p6HC6vEbUrnjHaiOKPwEK,sad
1x8vnEMr4c4KJehAj5S0eP,Don't Blame Me,"Pop Mage, SoSad Girl, linhchou",Don't Blame Me,2025-04-03,26,240000,https://open.spotify.com/track/1x8vnEMr4c4KJehAj5S0eP,sad
1mVBDsdodSqllukz8Bcz1z,Good Things Fall Apart,"Pop Mage, SoSad Girl, Syxie",Good Things Fall Apart,2025-04-02,25,300631,https://open.spotify.com/track/1mVBDsdodSqllukz8Bcz1z,sad
5jTN9wnJMUuQWEo9S2Wocm,Call Out My Name,"Pop Mage, SoSad Girl, linhchou",Call Out My Name,2025-04-01,26,200322,https://open.spotify.com/track/5jTN9wnJMUuQWEo9S2Wocm,sad
57Bh2dIPrvG9cLizOGH102,This Town,"Pop Mage, SoSad Girl, linhchou",This Town,2025-03-31,24,276470,https://open.spotify.com/track/57Bh2dIPrvG9cLizOGH102,sad
37PvGmVKxYoaKyE3Tt6Vl1,Iris,"Pop Mage, SoSad Girl, Kidwave",Iris,2025-03-28,27,190526,https://open.spotify.com/track/37PvGmVKxYoaKyE3Tt6Vl1,sad
1xk0cG4aLrm37WtEBIqwNc,The Night We Met,"Pop Mage, SoSad Girl, linhchou",The Night We Met,2025-03-27,26,204444,https://open.spotify.com/track/1xk0cG4aLrm37WtEBIqwNc,sad
1jDH52L0Jr4KHcyWp3lI6j,Talking To The Moon,"Pop Mage, SoSad Girl, linhchou",Talking To The Moon,2025-03-26,27,179017,https://open.spotify.com/track/1jDH52L0Jr4KHcyWp3lI6j,sad
3wSnjDhW64cgJTRVgpoGi7,Your Power,"Pop Mage, SoSad Girl, linhchou",Your Power,2025-03-25,25,240000,https://open.spotify.com/track/3wSnjDhW64cgJTRVgpoGi7,sad
0ir7CvYdqNiVUex92KVRKz,Love Someone,"Pop Mage, SoSad Girl, linhchou",Love Someone,2025-03-24,24,296949,https://open.spotify.com/track/0ir7CvYdqNiVUex92KVRKz,sad
27usL46zFSD8AGKRoUJHhx,Bruises,"Pop Mage, SoSad Girl, linhchou",Bruises,2025-03-20,26,222953,https://open.spotify.com/track/27usL46zFSD8AGKRoUJHhx,sad
5PyB3c8tgnWBhEZ7Tx57Om,Numb Little Bug,"Pop Mage, SoSad Girl, linhchou",Numb Little Bug,2025-03-18,27,258472,https://open.spotify.com/track/5PyB3c8tgnWBhEZ7Tx57Om,sad
1lAaSEDGQQPdcIrJzZHJUy,We Don't Talk Anymore,"Pop Mage, SoSad Girl, Syxie",We Don't Talk Anymore,2025-03-19,25,278461,https://open.spotify.com/track/1lAaSEDGQQPdcIrJzZHJUy,sad
73eE2SwU4bbIkAJXIrKLWi,The Hills,"Pop Mage, SoSad Girl, linhchou",The Hills,2025-03-17,25,289879,https://open.spotify.com/track/73eE2SwU4bbIkAJXIrKLWi,sad
4s1FLEcJCKLh7214dsW15V,Attention,"Pop Mage, SoSad Girl, Syxie",Attention,2025-03-14,24,280540,https://open.spotify.com/track/4s1FLEcJCKLh7214dsW15V,sad
1tVQs7H1RC7H2v44rcH6PT,Lights Are On,"Pop Mage, SoSad Girl, Kangssi",Lights Are On,2025-03-12,26,179478,https://open.spotify.com/track/1tVQs7H1RC7H2v44rcH6PT,sad
5HFwv7Ldg9T1IYQCPDEA3S,Don't Speak,"Pop Mage, SoSad Girl, Hagii",Don't Speak,2025-03-10,26,211458,https://open.spotify.com/track/5HFwv7Ldg9T1IYQCPDEA3S,sad
6auxnEVB3GzvHo0QzKEBMF,Arcade,"Pop Mage, SoSad Girl, Rastz",Arcade,2025-03-07,28,216206,https://open.spotify.com/track/6auxnEVB3GzvHo0QzKEBMF,sad
5nHYX3GeAeTV2bl0JZ5EeW,With or Without You,"Pop Mage, SoSad Girl, Kangssi",With or Without You,2025-03-05,26,234374,https://open.spotify.com/track/5nHYX3GeAeTV2bl0JZ5EeW,sad
1kdzcA8QLYFSeeiTz3IkKV,I Was Wrong,"Pop Mage, SoSad Girl, Hagii",I Was Wrong,2025-03-03,24,369774,https://open.spotify.com/track/1kdzcA8QLYFSeeiTz3IkKV,sad
3nHwhlj1xheKA06cfsue3i,As The World Falls Down,"Pop Mage, SoSad Girl, Hagii",As The World Falls Down,2025-02-28,24,257213,https://open.spotify.com/track/3nHwhlj1xheKA06cfsue3i,sad
3g6izIP3eDiGhaA2rocnou,Don't You Worry Child,"Pop Mage, SoSad Girl, Kangssi",Don't You Worry Child,2025-02-26,24,273593,https://open.spotify.com/track/3g6izIP3eDiGhaA2rocnou,sad
6pbMjHtk5wSYQ5mQ2Vpexz,SAD!,"Pop Mage, SoSad Girl, linhchou",SAD!,2025-02-24,26,184243,https://open.spotify.com/track/6pbMjHtk5wSYQ5mQ2Vpexz,sad
3lcT5IeBFqIGKErVPKMN2J,Ride,"Pop Mage, SoSad Girl, Kangssi",Ride,2025-02-21,24,284361,https://open.spotify.com/track/3lcT5IeBFqIGKErVPKMN2J,sad
4WTSxNkzVw3S2xrHBr1Wn2,I Don't Want To Miss A Thing,"Pop Mage, SoSad Girl, Syxie",I Don't Want To Miss A Thing,2025-02-19,26,232200,https://open.spotify.com/track/4WTSxNkzVw3S2xrHBr1Wn2,sad
7zGamUrCR7YOXR1478V1FG,Lucid Dreams,"Pop Mage, SoSad Girl, Rastz",Lucid Dreams,2025-02-17,24,304750,https://open.spotify.com/track/7zGamUrCR7YOXR1478V1FG,sad
7BAenGWmqPNwtI3rMPoC3Y,Little Bit Of Love,"Pop Mage, SoSad Girl, Kangssi",Little Bit Of Love,2025-02-14,24,271034,https://open.spotify.com/track/7BAenGWmqPNwtI3rMPoC3Y,sad
0Bv85adJAuyLHpmQ9iSSY1,Buzzin,"Pop Mage, SoSad Girl, Kangssi",Buzzin,2025-02-12,26,181304,https://open.spotify.com/track/0Bv85adJAuyLHpmQ9iSSY1,sad
32bDrtRbQ95YEjh8R3j1Q5,Creep,"Pop Mage, SoSad Girl, Syxie",Creep,2025-02-10,25,232941,https://open.spotify.com/track/32bDrtRbQ95YEjh8R3j1Q5,sad
3JMFACZNJ6kfNzDDtne7Bc,To Die For,"Pop Mage, SoSad Girl, Tính",To Die For,2025-02-07,27,216000,https://open.spotify.com/track/3JMFACZNJ6kfNzDDtne7Bc,sad
1SaiDLkoYJ2SXZYaWsdQtO,Just A Dream,"Pop Mage, SoSad Girl, Syxie",Just A Dream,2025-02-05,24,291940,https://open.spotify.com/track/1SaiDLkoYJ2SXZYaWsdQtO,sad
2NDdjtazfzUKK1z0bIGHfl,Stolen Dance,"Pop Mage, SoSad Girl, Rastz",Stolen Dance,2025-01-15,24,331343,https://open.spotify.com/track/2NDdjtazfzUKK1z0bIGHfl,sad
7Huk8XFGykIYa1k9j0cGw5,Easy On Me,"Pop Mage, SoSad Girl, Kidwave",Easy On Me,2025-02-03,27,265862,https://open.spotify.com/track/7Huk8XFGykIYa1k9j0cGw5,sad
12sB1zeW0M9XLT2JpNh0Ee,Someone You Loved,"Pop Mage, SoSad Girl, Kangssi",Someone You Loved,2025-01-22,26,248888,https://open.spotify.com/track/12sB1zeW0M9XLT2JpNh0Ee,sad
0PUZf0IqiSEFFn4y2m1HS0,See You Again,"Pop Mage, SoSad Girl, Tính",See You Again,2025-01-31,26,187500,https://open.spotify.com/track/0PUZf0IqiSEFFn4y2m1HS0,sad
5TU25C2e7MmT8iomfbkAqM,Let You Love Me,"Pop Mage, SoSad Girl, Tính",Let You Love Me,2025-01-08,25,232705,https://open.spotify.com/track/5TU25C2e7MmT8iomfbkAqM,sad
6NBVfkC5d2xPELOeeOHcE4,Comethru,"Pop Mage, SoSad Girl, Tính",Comethru,2025-01-24,25,175926,https://open.spotify.com/track/6NBVfkC5d2xPELOeeOHcE4,sad
5NtWI4JMBsIFZkOI8ss2PM,Let You Down,"Pop Mage, Tính, SoSad Girl",Let You Down,2025-01-03,29,210763,https://open.spotify.com/track/5NtWI4JMBsIFZkOI8ss2PM,sad
4O3KsDenspuHwyrMC936ls,Lights,"Pop Mage, Syxie, SoSad Girl",Lights,2025-01-01,24,249600,https://open.spotify.com/track/4O3KsDenspuHwyrMC936ls,sad
2rrkHqKFUmqcBUhPtroS1R,7 Years,"Pop Mage, KZann, SoSad Girl",7 Years,2024-12-27,27,288195,https://open.spotify.com/track/2rrkHqKFUmqcBUhPtroS1R,sad
6s6gDSRAFSni5XGtnB6BK9,What Is Love,"Pop Mage, Kangssi, SoSad Girl",What Is Love,2024-12-20,26,167500,https://open.spotify.com/track/6s6gDSRAFSni5XGtnB6BK9,sad
0D4guDHNaxOT3qUaX1qR2F,I'm Not The Only One,"Pop Mage, KZann, SoSad Girl",I'm Not The Only One,2024-12-13,24,313000,https://open.spotify.com/track/0D4guDHNaxOT3qUaX1qR2F,sad
3qGD9GHf9MwQ2hTmEFP91f,You Broke Me First,"Pop Mage, Hagii, SoSad Girl",You Broke Me First,2024-11-16,34,228885,https://open.spotify.com/track/3qGD9GHf9MwQ2hTmEFP91f,sad
1vPrXUazr8fkXwE9gbYP7t,She Will Be Loved,"Pop Mage, CvP, SoSad Girl",She Will Be Loved,2024-11-22,26,160867,https://open.spotify.com/track/1vPrXUazr8fkXwE9gbYP7t,sad
7srrTv6m9yJQyEsiE1iAjh,The Joker And The Queen,"Pop Mage, Hagii, SoSad Girl",The Joker And The Queen,2024-11-20,25,243529,https://open.spotify.com/track/7srrTv6m9yJQyEsiE1iAjh,sad
4ptpzvjcN8Xmppj9VHtojW,Make You Feel My Love,"Pop Mage, Flepy, SoSad Girl",Make You Feel My Love,2024-11-15,25,211254,https://open.spotify.com/track/4ptpzvjcN8Xmppj9VHtojW,sad
4aTkvIsioeCOFqajO0FBXB,Everything I Wanted,"Pop Mage, zery beats",Everything I Wanted,2024-11-08,24,264901,https://open.spotify.com/track/4aTkvIsioeCOFqajO0FBXB,sad
44qrkhqrP7RJW818Ru8AQs,Stay With Me,"Pop Mage, Hagii, SoSad Girl",Stay With Me,2024-12-06,25,245743,https://open.spotify.com/track/44qrkhqrP7RJW818Ru8AQs,sad
6zz3N2aMxUEAgAwoglAEK9,Someone Like You,"Pop Mage, zery beats, SoSad Girl",Someone Like You,2024-11-01,28,232291,https://open.spotify.com/track/6zz3N2aMxUEAgAwoglAEK9,sad
2ddlLs1nJxnNtADT9UIVaG,Glimpse of Us,"Pop Mage, CvP",Glimpse of Us,2024-10-11,29,183642,https://open.spotify.com/track/2ddlLs1nJxnNtADT9UIVaG,sad
5dagMHRDoSF5X8qI8jvkLp,Let Me Down Slowly - Slowed,"Pop Mage, Honeyfox",Let Me Down Slowly (Slowed),2023-06-16,35,189156,https://open.spotify.com/track/5dagMHRDoSF5X8qI8jvkLp,sad
1SlkMLwTQgffbk2OP2nOPn,Ocean Eyes - Slowed,"Pop Mage, Hannah Gracelynn",Ocean Eyes (Slowed),2023-06-16,38,196855,https://open.spotify.com/track/1SlkMLwTQgffbk2OP2nOPn,sad
4MYa1cjPRSD4VkfP8hbP6Z,The One That Got Away,"Pop Mage, Hagii, SoSad Girl",The One That Got Away,2024-11-29,31,183333,https://open.spotify.com/track/4MYa1cjPRSD4VkfP8hbP6Z,sad
0UGaS3FtiLYdnRkohAhRMj,Takeaway - Slowed,"Pop Mage, Onyra",Takeaway (Slowed),2023-06-21,35,227177,https://open.spotify.com/track/0UGaS3FtiLYdnRkohAhRMj,sad
4m7VQswNm86moowbLtXy2a,Apologize - Slowed,"Pop Mage, Michelle Ray",Apologize (Slowed),2023-06-16,32,197259,https://open.spotify.com/track/4m7VQswNm86moowbLtXy2a,sad
2OxcLiA4TKcu2LbjGsEzjK,Just Give Me A Reason - Slowed,"Pop Mage, Honeyfox",Just Give Me A Reason (Slowed),2023-06-16,31,210384,https://open.spotify.com/track/2OxcLiA4TKcu2LbjGsEzjK,sad
59nDdR7bXNFqY73Hy0iqHJ,A Thousand Years - Slowed,"Pop Mage, Honeyfox",A Thousand Years (Slowed),2023-06-16,33,214177,https://open.spotify.com/track/59nDdR7bXNFqY73Hy0iqHJ,sad
2H3l26Bj1iDwbS9V6cVZQO,Say You Won't Let Go - Slowed + Reverb,"Pop Mage, Tinkler",Say You Won't Let Go (Slowed + Reverb),2023-09-29,28,231835,https://open.spotify.com/track/2H3l26Bj1iDwbS9V6cVZQO,sad
2ZcW2DvZnG3U6Bhtem0bJD,It's You - Slowed,"Pop Mage, Simon Erics",It's You (Slowed),2023-06-16,29,236225,https://open.spotify.com/track/2ZcW2DvZnG3U6Bhtem0bJD,sad
4YElobYTfYIR0aYWTjOyao,Can't Help Falling In Love With You - Slowed,"Pop Mage, Honeyfox",Can't Help Falling In Love With You (Slowed),2023-06-16,31,183156,https://open.spotify.com/track/4YElobYTfYIR0aYWTjOyao,sad
0qKUAo3J9RHzf37zJTQwv5,Everytime We Touch - Slowed,"Pop Mage, Veronica Bravo",Everytime We Touch (Slowed),2023-06-16,32,201156,https://open.spotify.com/track/0qKUAo3J9RHzf37zJTQwv5,sad
2eNe3yJXO1mv8cxFIwJngV,Stay - Slowed,Pop Mage,Stay (Slowed),2023-06-16,29,153273,https://open.spotify.com/track/2eNe3yJXO1mv8cxFIwJngV,sad
4PwlAs3Pst2Jb9D5ENQIBB,Drivers License - Slowed,"Pop Mage, Honeyfox",Drivers License (Slowed),2023-06-16,29,226230,https://open.spotify.com/track/4PwlAs3Pst2Jb9D5ENQIBB,sad
2ItiUwvQuDBKZYPQRHEaMb,Death Bed - Slowed,"Pop Mage, Michelle Ray",Death Bed (Slowed),2023-06-16,31,213024,https://open.spotify.com/track/2ItiUwvQuDBKZYPQRHEaMb,sad
2psp5eqxMS2j3cVMpN0tH7,Perfect - Slowed,"Pop Mage, Satyen",Perfect (Slowed),2023-06-16,30,230153,https://open.spotify.com/track/2psp5eqxMS2j3cVMpN0tH7,sad
1sbWLblWa8aNtNvuWIf9nz,At My Worst - Slowed,"Pop Mage, Timmy Commerford",At My Worst (Slowed),2023-06-16,30,201164,https://open.spotify.com/track/1sbWLblWa8aNtNvuWIf9nz,sad
0hJvHZoyw3oJjFq9nGl5eL,I Love You 3000 - Slowed,"Pop Mage, Mingue",I Love You 3000 (Slowed),2023-06-16,26,237918,https://open.spotify.com/track/0hJvHZoyw3oJjFq9nGl5eL,sad
7ASvnovzESPkxL5J1j7yoK,Fix You - Slowed,"Pop Mage, Michelle Ray",Fix You (Slowed),2023-06-16,26,214855,https://open.spotify.com/track/7ASvnovzESPkxL5J1j7yoK,sad
2Tt7wtttRBAhQQelKj9uEr,Be Kind - Slowed,"Pop Mage, Honeyfox",Be Kind (Slowed),2023-06-16,27,208437,https://open.spotify.com/track/2Tt7wtttRBAhQQelKj9uEr,sad
4Ndx7CpLhVGVVR6FgQOpSL,Ghost - Slowed,Pop Mage,Ghost (Slowed),2023-06-16,29,201163,https://open.spotify.com/track/4Ndx7CpLhVGVVR6FgQOpSL,sad
6nMYewIcBfDHF3jjkOCeRM,Happy For You - Slowed,Pop Mage,Happy For You (Slowed),2023-06-16,26,298187,https://open.spotify.com/track/6nMYewIcBfDHF3jjkOCeRM,sad
77DIhmavbGVM8xDSbNLFq0,How Deep Is Your Love - Slowed,"Pop Mage, Honeyfox",How Deep Is Your Love (Slowed),2023-06-16,28,189171,https://open.spotify.com/track/77DIhmavbGVM8xDSbNLFq0,sad
7vqzNK0xPZXKJBFPHNKdCU,If the World Was Ending - Slowed,"Pop Mage, Taylor Mosley",If the World Was Ending (Slowed),2023-06-16,29,197721,https://open.spotify.com/track/7vqzNK0xPZXKJBFPHNKdCU,sad
0iB15tSj4es20iKUwN1wRP,Infinity - Slowed,"Pop Mage, Hannah Gracelynn",Infinity (Slowed),2023-06-16,30,210164,https://open.spotify.com/track/0iB15tSj4es20iKUwN1wRP,sad
48qIifYUbSyTJ3NckDHdUk,Love Me Like You Do - Slowed,Pop Mage,Love Me Like You Do (Slowed),2023-06-16,30,173634,https://open.spotify.com/track/48qIifYUbSyTJ3NckDHdUk,sad
3kUSUvSCnucI3tPIA1IaGJ,Love Yourself - Slowed,"Pop Mage, Honeyfox",Love Yourself (Slowed),2023-06-16,31,201164,https://open.spotify.com/track/3kUSUvSCnucI3tPIA1IaGJ,sad
4cz3x6YMDZAkEMLlyCy6lK,Save Your Tears - Slowed,"Pop Mage, Harley Bird",Save Your Tears (Slowed),2023-06-16,31,189164,https://open.spotify.com/track/4cz3x6YMDZAkEMLlyCy6lK,sad
5BM2KORGIIzHZNVKuxuODc,Say It Right - Slowed,"Pop Mage, Mingue, Hunter Keys",Say It Right (Slowed),2023-06-16,30,226379,https://open.spotify.com/track/5BM2KORGIIzHZNVKuxuODc,sad
5gJY2R96R5VA546sTKBKZq,Show Me Love - Slowed,"Pop Mage, Michelle Ray",Show Me Love (Slowed),2023-06-16,25,195153,https://open.spotify.com/track/5gJY2R96R5VA546sTKBKZq,sad
3KfB5x9IboBs7SL3SaqOzO,Use Somebody - Slowed + Reverb,"Pop Mage, Tinkler",Use Somebody (Slowed + Reverb),2023-09-29,27,211218,https://open.spotify.com/track/3KfB5x9IboBs7SL3SaqOzO,sad
0YLBHe149mWJwOEUhQYyqS,Senorita - Slowed,Pop Mage,Senorita (Slowed),2023-06-16,27,213199,https://open.spotify.com/track/0YLBHe149mWJwOEUhQYyqS,sad
1QZYuTjRuMn3rbO4WUGNXw,Dancing On My Own - Slowed + Reverb,"Pop Mage, Tinkler",Dancing On My Own (Slowed + Reverb),2023-09-29,26,216039,https://open.spotify.com/track/1QZYuTjRuMn3rbO4WUGNXw,sad
7yZCPb6ZKHRwYBRK3WVetE,Gimme More - Slowed + Reverb,"Pop Mage, Tinkler",Gimme More (Slowed + Reverb),2023-09-29,24,228000,https://open.spotify.com/track/7yZCPb6ZKHRwYBRK3WVetE,sad
3fcTS7ikZn2Ox7F03NO9rb,Take On Me - Slowed,"Pop Mage, Veronica Bravo",Take On Me (Slowed),2023-06-16,26,175504,https://open.spotify.com/track/3fcTS7ikZn2Ox7F03NO9rb,sad
5hKuY8PKazjD6rWimmBF7K,Outnumbered - Slowed + Reverb,"Pop Mage, Tinkler",Outnumbered (Slowed + Reverb),2023-09-29,24,217121,https://open.spotify.com/track/5hKuY8PKazjD6rWimmBF7K,sad
4kCwQ014LgfhC2874uzkGF,Livin' On A Prayer - Slowed + Reverb,"Pop Mage, Tinkler",Livin' On A Prayer (Slowed + Reverb),2023-09-29,25,227707,https://open.spotify.com/track/4kCwQ014LgfhC2874uzkGF,sad
58pkWwKasKC149EHKFIWOS,Somebody That I Used To Know - Slowed + Reverb,"Pop Mage, Tinkler",Somebody That I Used To Know (Slowed + Reverb),2023-09-29,25,216845,https://open.spotify.com/track/58pkWwKasKC149EHKFIWOS,sad
0P0nOnlvnbJtDESNP9auKY,Fix You - Slowed + Reverb,"Pop Mage, Tinkler",Fix You (Slowed + Reverb),2023-09-29,25,237776,https://open.spotify.com/track/0P0nOnlvnbJtDESNP9auKY,sad
3igg97Xrg01NC93kgDWxU4,Into You - Slowed + Reverb,"Pop Mage, Tinkler",Into You (Slowed + Reverb),2023-09-29,24,321093,https://open.spotify.com/track/3igg97Xrg01NC93kgDWxU4,sad
0lhkeIzGPbEvQ9mveTWmcE,Rockstar - Slowed + Reverb,"Pop Mage, Tinkler",Rockstar (Slowed + Reverb),2023-09-29,24,275834,https://open.spotify.com/track/0lhkeIzGPbEvQ9mveTWmcE,sad
331UhV3q1NDjTr3T1cMFI5,Chasing Pavements - Slowed + Reverb,"Pop Mage, Tinkler",Chasing Pavements (Slowed + Reverb),2023-09-29,24,212319,https://open.spotify.com/track/331UhV3q1NDjTr3T1cMFI5,sad
4lFuPhCpO20s0iG3bbAv0A,Eastside - Slowed + Reverb,"Pop Mage, Tinkler",Eastside (Slowed + Reverb),2023-09-29,25,239408,https://open.spotify.com/track/4lFuPhCpO20s0iG3bbAv0A,sad
7pxjrgsQwm1SmiSV1FC2BY,Toxic - Slowed,"Pop Mage, Veronica Bravo",Toxic (Slowed),2023-06-16,27,195156,https://open.spotify.com/track/7pxjrgsQwm1SmiSV1FC2BY,sad
2lg5dci6K5byy00n8NNmQY,Empire State Of Mind - Slowed + Reverb,"Pop Mage, Tinkler",Empire State Of Mind (Slowed + Reverb),2023-09-29,25,250150,https://open.spotify.com/track/2lg5dci6K5byy00n8NNmQY,sad
6TWdhcaiW1HeRihASotg0L,Formula - Slowed + Reverb,"Pop Mage, Tinkler",Formula (Slowed + Reverb),2023-09-29,25,161470,https://open.spotify.com/track/6TWdhcaiW1HeRihASotg0L,sad
7Cljdy3otIjB7mRV9t4d76,Halo - Slowed + Reverb,"Pop Mage, Tinkler",Halo (Slowed + Reverb),2023-09-29,26,257569,https://open.spotify.com/track/7Cljdy3otIjB7mRV9t4d76,sad
7upWkeTxHlbo4RtMTQz79r,Like Real People Do - Slowed + Reverb,"Pop Mage, Tinkler",Like Real People Do (Slowed + Reverb),2023-09-29,24,204798,https://open.spotify.com/track/7upWkeTxHlbo4RtMTQz79r,sad
1TXXntFt3KPajRNRJIoPiW,Love On The Brain - Slowed + Reverb,"Pop Mage, Tinkler",Love On The Brain (Slowed + Reverb),2023-09-29,24,187208,https://open.spotify.com/track/1TXXntFt3KPajRNRJIoPiW,sad
2NJqW7YbNNUzvEBHn0Ywyi,abcdefu - Slowed,"Pop Mage, Honeyfox",abcdefu (Slowed),2023-06-16,30,210007,https://open.spotify.com/track/2NJqW7YbNNUzvEBHn0Ywyi,sad
3oELxRDbAzyvOodhd5FQzB,Past Lives,"sapientdream, Slushii",Past Lives,2023-07-14,74,153103,https://open.spotify.com/track/3oELxRDbAzyvOodhd5FQzB,sad
5Bhr1BXUDV0tF7ySyR4Yoe,Lover Song - Slowed + Reverb,"Pop Mage, Tinkler",Lover Song (Slowed + Reverb),2023-09-29,24,274793,https://open.spotify.com/track/5Bhr1BXUDV0tF7ySyR4Yoe,sad
0QusDdunP0vJSedauF9fY8,Interstellar,disociado,Interstellar,2024-03-23,49,97882,https://open.spotify.com/track/0QusDdunP0vJSedauF9fY8,sad
1oiHHnq5swmg0OtYwKiLcn,Mamma Mia - Slowed + Reverb,"Pop Mage, Tinkler",Mamma Mia (Slowed + Reverb),2023-09-29,0,278377,https://open.spotify.com/track/1oiHHnq5swmg0OtYwKiLcn,sad
5GkccZTTsVl15VypzdCyel,No Tears Left To Cry - Slowed + Reverb,"Pop Mage, Tinkler",No Tears Left To Cry (Slowed + Reverb),2023-09-29,28,224921,https://open.spotify.com/track/5GkccZTTsVl15VypzdCyel,sad
6ABQr1JeuPyWl36MQ5whkO,Ocean Eyes - Slowed + Reverb,"Pop Mage, Tinkler",Ocean Eyes (Slowed + Reverb),2023-09-29,28,218096,https://open.spotify.com/track/6ABQr1JeuPyWl36MQ5whkO,sad
5iytOwRrDBNJ8GBWolYqEq,Pompeii - Slowed + Reverb,"Pop Mage, Tinkler",Pompeii (Slowed + Reverb),2023-09-29,28,182506,https://open.spotify.com/track/5iytOwRrDBNJ8GBWolYqEq,sad
648VQ2DI3IMuEXatAsmoZm,You've Got The Love - Slowed + Reverb,"Pop Mage, Tinkler",You've Got The Love (Slowed + Reverb),2023-09-29,25,186779,https://open.spotify.com/track/648VQ2DI3IMuEXatAsmoZm,sad
5cOIuOTJkUq3ymmPjKbUge,Young Dumb & Broke - Slowed + Reverb,"Pop Mage, Tinkler",Young Dumb & Broke (Slowed + Reverb),2023-09-29,26,269165,https://open.spotify.com/track/5cOIuOTJkUq3ymmPjKbUge,sad
0kDI64E0F9lmLqTfrO35aS,Your Song - Slowed + Reverb,"Pop Mage, Tinkler",Your Song (Slowed + Reverb),2023-09-29,25,276405,https://open.spotify.com/track/0kDI64E0F9lmLqTfrO35aS,sad
4IhTXiZLKATmwhMZIb1GQN,Lights Are On,Tom Rosenthal,Z-Sides,2018-10-26,76,193749,https://open.spotify.com/track/4IhTXiZLKATmwhMZIb1GQN,sad
5Nm9ERjJZ5oyfXZTECKmRt,Stay With Me,Sam Smith,In The Lonely Hour,2014-05-26,82,172723,https://open.spotify.com/track/5Nm9ERjJZ5oyfXZTECKmRt,sad
27829SWtwhWUANViVTEpol,Before You Go - Guitar Acoustic,Lewis Capaldi,Before You Go EP,2020-01-24,64,218900,https://open.spotify.com/track/27829SWtwhWUANViVTEpol,sad
7inT11ldCQak8w6odDw8pL,Wake Up To A Better World,Mitchy & André,Wake Up To A Better World,2024-12-13,49,228237,https://open.spotify.com/track/7inT11ldCQak8w6odDw8pL,sad
0eUoazaVUu4Y83USuUTz7P,Rest (with Sasha Alex Sloan),"Dean Lewis, Sasha Alex Sloan",Rest (with Sasha Alex Sloan),2024-08-09,56,193064,https://open.spotify.com/track/0eUoazaVUu4Y83USuUTz7P,sad
5zCunX8URvLoBHlg1Fnjv6,Already Gone,Sleeping At Last,"Covers, Vol. 2",2016-11-04,67,243007,https://open.spotify.com/track/5zCunX8URvLoBHlg1Fnjv6,sad
4ENjopIjOD5PKPb52NKNKo,Hero,David Kushner,Hero,2024-05-10,1,206218,https://open.spotify.com/track/4ENjopIjOD5PKPb52NKNKo,sad
2DFUUHdpc7LYCUm61VkPXc,Long Gone,Mitchy & André,Long Gone,2025-09-12,45,202910,https://open.spotify.com/track/2DFUUHdpc7LYCUm61VkPXc,sad
4N2LGoEJi3aGDgEAnsjtBz,Walked Through Hell,Anson Seabra,Feeling For My Life,2021-10-15,62,216864,https://open.spotify.com/track/4N2LGoEJi3aGDgEAnsjtBz,sad
3cgHwqbHcu1DKFADvkgPJ7,The Last Bit Of Us,Dean Lewis,The Last Bit Of Us,2024-03-28,55,202720,https://open.spotify.com/track/3cgHwqbHcu1DKFADvkgPJ7,sad
0Mq0reDcNpgmQkjHfzpJrp,Yours,Ella Henderson,Chapter One (Deluxe Version),2014-10-13,54,168586,https://open.spotify.com/track/0Mq0reDcNpgmQkjHfzpJrp,sad
41WTP0gosjYD74B06uS2tL,You Said You'd Grow Old With Me,Michael Schulte,Wide Awake,2012-09-28,58,224743,https://open.spotify.com/track/41WTP0gosjYD74B06uS2tL,sad
16Yk5UIPuEC2mZK4atNpYI,song that you'll probably never hear,sad alex,song that you'll probably never hear,2024-12-13,45,126141,https://open.spotify.com/track/16Yk5UIPuEC2mZK4atNpYI,sad
5dg7B5wlCTJUx9lkgVEf0v,Drunk Words - Sadder Version,Mitchy & André,Drunk Words (Sadder Version),2025-04-18,45,176474,https://open.spotify.com/track/5dg7B5wlCTJUx9lkgVEf0v,sad
5qrSlOut2rNAWv3ubArkNy,Be Alright,Dean Lewis,A Place We Knew,2019-03-22,78,196493,https://open.spotify.com/track/5qrSlOut2rNAWv3ubArkNy,sad
5MzXUNfn8AAcz4Z6j2KgTK,Let It All Go,"RHODES, Birdy",Wishes (Deluxe Version),2015-09-18,57,280757,https://open.spotify.com/track/5MzXUNfn8AAcz4Z6j2KgTK,sad
2Kz5qeXifBxE0zmuoVchlM,Wings,Birdy,Fire Within (Deluxe),2013-09-16,73,252106,https://open.spotify.com/track/2Kz5qeXifBxE0zmuoVchlM,sad
54KFQB6N4pn926IUUYZGzK,To Build A Home,"The Cinematic Orchestra, Patrick Watson",Ma Fleur,2007-05-07,74,371320,https://open.spotify.com/track/54KFQB6N4pn926IUUYZGzK,sad
5dyihZecYMcEPq09Bk2OL2,Robin Hood,Anson Seabra,Robin Hood,2018-09-21,57,221538,https://open.spotify.com/track/5dyihZecYMcEPq09Bk2OL2,sad
5sF7hdYvhrcgNq8NZjfK8L,Not About Angels,Birdy,Not About Angels,2014-04-13,71,189475,https://open.spotify.com/track/5sF7hdYvhrcgNq8NZjfK8L,sad
6pP5RJbBH6eKR8BCYX3MSU,Make Me (Cry) - Acoustic Version,"Noah Cyrus, Labrinth",Make Me (Cry) [Acoustic Version],2016-12-13,51,232906,https://open.spotify.com/track/6pP5RJbBH6eKR8BCYX3MSU,sad
76eBb8heDKtUg68WiKX9j1,Take Me Home,Jess Glynne,I Cry When I Laugh,2015,65,265381,https://open.spotify.com/track/76eBb8heDKtUg68WiKX9j1,sad
4AFwnrH5atiJoAd5xS5QtR,The Man Who Can't Be Moved,The Script,The Script,2008-07-14,69,241373,https://open.spotify.com/track/4AFwnrH5atiJoAd5xS5QtR,sad
16XiTUC2rQvb5lmtOm3FYY,Us,James Bay,Electric Light,2018-05-18,70,181360,https://open.spotify.com/track/16XiTUC2rQvb5lmtOm3FYY,sad
1NrJYpdAi7uosDRPmSYrsG,Apologize,OneRepublic,Dreaming Out Loud,2007-01-01,69,208106,https://open.spotify.com/track/1NrJYpdAi7uosDRPmSYrsG,sad
4IoYz8XqqdowINzfRrFnhi,You Found Me,The Fray,The Fray,2009-02-02,79,241853,https://open.spotify.com/track/4IoYz8XqqdowINzfRrFnhi,sad
2VyOhGV0rwqHuCribVSutf,Trust Me Mate,Dean Lewis,The Epilogue (Deluxe),2025-07-11,44,178666,https://open.spotify.com/track/2VyOhGV0rwqHuCribVSutf,sad
0mUyMawtxj1CJ76kn9gIZK,Bad Day,Daniel Powter,Daniel Powter,2005-02-22,76,233640,https://open.spotify.com/track/0mUyMawtxj1CJ76kn9gIZK,sad
5vXPLxljVKyHDHuv3kIuKV,Survive,Lewis Capaldi,Survive,2025-06-27,78,225211,https://open.spotify.com/track/5vXPLxljVKyHDHuv3kIuKV,sad
13HVjjWUZFaWilh2QUJKsP,Let It Go,James Bay,Chaos And The Calm,2015-03-23,61,260532,https://open.spotify.com/track/13HVjjWUZFaWilh2QUJKsP,sad
7mdJAkMBPkKYOLxcVPDqa0,With You,Dean Lewis,With You,2025-01-09,66,189806,https://open.spotify.com/track/7mdJAkMBPkKYOLxcVPDqa0,sad
00qqDSYyEwKG5RB1Lf2oJP,All I Ever Wanted,Dean Lewis,The Epilogue (Deluxe),2025-07-11,45,189966,https://open.spotify.com/track/00qqDSYyEwKG5RB1Lf2oJP,sad
6m16iU8EK8k38YqL8VoJQa,"Breathe In, Breathe Out",David Kushner,"Breathe In, Breathe Out",2025-01-31,50,144915,https://open.spotify.com/track/6m16iU8EK8k38YqL8VoJQa,sad
6lanRgr6wXibZr8KgzXxBl,a thousand years,Christina Perri,a thousand years,2011-10-18,84,285120,https://open.spotify.com/track/6lanRgr6wXibZr8KgzXxBl,sad
6P7tTFzn6oNa0GL8w8oazE,Make You Feel My Love,Adele,19,2008-01-28,0,212040,https://open.spotify.com/track/6P7tTFzn6oNa0GL8w8oazE,sad
6u9RqxALwkjJ1ukB1y8vuP,You've Got The Love,Florence + The Machine,Lungs (Deluxe Edition),2009,64,168666,https://open.spotify.com/track/6u9RqxALwkjJ1ukB1y8vuP,sad
5TTyyKNJZHONhjtAiXL1nG,Hero,Charlie Puth,Hero,2024-05-24,56,196752,https://open.spotify.com/track/5TTyyKNJZHONhjtAiXL1nG,sad
5rEvuW4YhwobKwGL1HPrXA,Let Her Go,Passenger,All the Little Lights (Deluxe Version),2013-11-29,64,252733,https://open.spotify.com/track/5rEvuW4YhwobKwGL1HPrXA,sad
5mycRMgEKWojKzrsxCXG7w,Attention,"Planet Wave House, 3ric, Sergio Ochoa",Attention,2025-09-26,45,208800,https://open.spotify.com/track/5mycRMgEKWojKzrsxCXG7w,sad
315aBOUD3xtj7sUMXtRgMV,In The Stars,Benson Boone,Fireworks & Rollerblades,2024-04-05,83,216410,https://open.spotify.com/track/315aBOUD3xtj7sUMXtRgMV,sad
30dAgKAs0zo5P18IYl8RAt,For You,NSH,For You,2025-09-05,47,190274,https://open.spotify.com/track/30dAgKAs0zo5P18IYl8RAt,sad
2SyMl67slr9yJA9YJFC3mV,One More Dance,d4vd,One More Dance,2025-02-07,6,188863,https://open.spotify.com/track/2SyMl67slr9yJA9YJFC3mV,sad
4M1jgnRQJ2wzvA9LA0UWyU,Where Is The Time,BIRTHE,Where Is The Time,2025-10-17,40,195800,https://open.spotify.com/track/4M1jgnRQJ2wzvA9LA0UWyU,sad
1fyysXwSGNtMeqMBLwW3SI,Breakeven,The Script,The Script,2008-07-14,69,261426,https://open.spotify.com/track/1fyysXwSGNtMeqMBLwW3SI,sad
5PKWUDfQFtc5qqo8cs1gQp,Set Fire to the Rain,Adele,21,2011-01-19,1,242973,https://open.spotify.com/track/5PKWUDfQFtc5qqo8cs1gQp,sad
2TOEn8TnvwiQgwZdqVtfH5,Momma Song,Benson Boone,Momma Song,2025-05-22,58,197160,https://open.spotify.com/track/2TOEn8TnvwiQgwZdqVtfH5,sad
555CH6CnGJRqO37pqA30vW,Deep End,Birdy,Beautiful Lies,2016-03-25,62,208840,https://open.spotify.com/track/555CH6CnGJRqO37pqA30vW,sad
6VlecSzD19xqf70k98KKYT,You're All Around Me,Mathew V,You're All Around Me,2024-08-23,41,253420,https://open.spotify.com/track/6VlecSzD19xqf70k98KKYT,sad
3H3r2nKWa3Yk5gt8xgmsEt,This City,Sam Fischer,This City,2019-12-11,66,194853,https://open.spotify.com/track/3H3r2nKWa3Yk5gt8xgmsEt,sad
0otRX6Z89qKkHkQ9OqJpKt,Car's Outside,James Arthur,YOU,2019-10-18,83,248373,https://open.spotify.com/track/0otRX6Z89qKkHkQ9OqJpKt,sad
5AFQJ7T1JfUtGzHYmVZczC,You Won't,Angus Quinn,You Won't,2025-10-18,38,208941,https://open.spotify.com/track/5AFQJ7T1JfUtGzHYmVZczC,sad
4pvKtp8ZNrhd3nLDddBQ4L,Pretend You Died,Emily Pierce,Pretend You Died,2025-05-30,41,225358,https://open.spotify.com/track/4pvKtp8ZNrhd3nLDddBQ4L,sad
44G9fSM6qI8zRoG6Qwn3eq,Pointless,Lewis Capaldi,Broken By Desire To Be Heavenly Sent,2023-05-19,67,231120,https://open.spotify.com/track/44G9fSM6qI8zRoG6Qwn3eq,sad
2xlV2CuWgpPyE9e0GquKDN,Someone To Stay,Vancouver Sleep Clinic,Revival,2017-04-07,73,254013,https://open.spotify.com/track/2xlV2CuWgpPyE9e0GquKDN,sad
3T3sbHYwPvhTCfEeUtvbMF,My Fault (feat. Noah Cyrus),"Shaboozey, Noah Cyrus","Where I've Been, Isn't Where I'm Going",2024-05-31,54,236012,https://open.spotify.com/track/3T3sbHYwPvhTCfEeUtvbMF,sad
1M2nd8jNUkkwrc1dgBPTJz,Angels,Robbie Williams,Life Thru A Lens,1997-01-01,76,265000,https://open.spotify.com/track/1M2nd8jNUkkwrc1dgBPTJz,sad
3X003bO0MMxXEsJJxidiig,How Long Will I Love You,Ellie Goulding,Halcyon Nights,2012-10-12,66,154440,https://open.spotify.com/track/3X003bO0MMxXEsJJxidiig,sad
1mKXFLRA179hdOWQBwUk9e,Just Give Me a Reason (feat. Nate Ruess),"P!nk, Nate Ruess",The Truth About Love,2012-09-18,83,242733,https://open.spotify.com/track/1mKXFLRA179hdOWQBwUk9e,sad
1aThn8Pk8zRzGGPClZe9Oq,Free Now,Gracie Abrams,The Secret of Us,2024-06-21,64,214080,https://open.spotify.com/track/1aThn8Pk8zRzGGPClZe9Oq,sad
4PwTyisf9W7zfhAAflOKag,A Cure For Minds Unwell,Lewis Capaldi,Broken By Desire To Be Heavenly Sent (Extended Edition),2024-01-01,66,204430,https://open.spotify.com/track/4PwTyisf9W7zfhAAflOKag,sad
5FYoVG03kAIK0F8VuSKykk,Empty Bench,David Kushner,Empty Bench,2024-12-06,1,186093,https://open.spotify.com/track/5FYoVG03kAIK0F8VuSKykk,sad
2cnJ7OVVT5520sNo9vDhMH,Empire,Dean Lewis,Empire,2024-10-14,51,184500,https://open.spotify.com/track/2cnJ7OVVT5520sNo9vDhMH,sad
5FnePm6YObmO8E8aQDOg0c,lost the plot,Louis Torre,lost the plot,2025-03-21,43,182968,https://open.spotify.com/track/5FnePm6YObmO8E8aQDOg0c,sad
44DEp6ZrAVlptrzOKBjO88,You're All I Got,The Lumineers,You're All I Got / So Long,2025-01-29,48,202865,https://open.spotify.com/track/44DEp6ZrAVlptrzOKBjO88,sad
5zT5cMnMKoyruPj13TQXGx,I Found,Amber Run,5AM (Expanded Edition),2015-04-20,75,273000,https://open.spotify.com/track/5zT5cMnMKoyruPj13TQXGx,sad
6H7fWtwEUHVfTyZD7zeG4w,when the party's over - Recorded at Spotify Studios NYC,Lewis Capaldi,Spotify Singles,2019-06-12,63,232837,https://open.spotify.com/track/6H7fWtwEUHVfTyZD7zeG4w,sad
4eM05nS0Lzig5gAbvVyLxK,Closure,May,Closure,2025-10-03,39,188239,https://open.spotify.com/track/4eM05nS0Lzig5gAbvVyLxK,sad
2OupMbGCv1k6UDN0ay6sdt,ten years time,Henry Moodie,mood swings,2025-10-24,63,130653,https://open.spotify.com/track/2OupMbGCv1k6UDN0ay6sdt,sad
0Qh38w01QRXK6KHIv0e3hb,What About Us,P!nk,Beautiful Trauma,2017-10-13,78,269600,https://open.spotify.com/track/0Qh38w01QRXK6KHIv0e3hb,sad
6KmdpMArS0ad5meH19KSws,level out,Chelsea Jordan,level out,2025-11-05,48,176047,https://open.spotify.com/track/6KmdpMArS0ad5meH19KSws,sad
5eUfHAH72xZ2sMufJfyzw9,Tired Eyes,2AM-DM,Hypotheticals:,2025-09-26,25,172573,https://open.spotify.com/track/5eUfHAH72xZ2sMufJfyzw9,sad
7dkLiX1LPbQC5B9Ez1lRyv,Stay,Ina Wroldsen,Stay + Happy Ever After,2025-09-05,46,166106,https://open.spotify.com/track/7dkLiX1LPbQC5B9Ez1lRyv,sad
16MTQq5iwPVy76gbgcAS6i,Broken Heart,Peder Elias,Broken Heart,2025-09-12,48,156373,https://open.spotify.com/track/16MTQq5iwPVy76gbgcAS6i,sad
1jF7IL57ayN4Ity3jQqGu0,Try,P!nk,The Truth About Love,2012-09-18,81,247906,https://open.spotify.com/track/1jF7IL57ayN4Ity3jQqGu0,sad
75Xnx2Wc9pG2IhWRezyl9X,How to Let Go,2AM-DM,How to Let Go,2025-09-10,31,212920,https://open.spotify.com/track/75Xnx2Wc9pG2IhWRezyl9X,sad
6V4ntlX6608rd3Ec5SpVhj,Berghain,"ROSALÍA, Björk, Yves Tumor",Berghain,2025-10-27,87,178853,https://open.spotify.com/track/6V4ntlX6608rd3Ec5SpVhj,sad
2VuE7OIkz0UiqsRuE7u919,Leave Me (Please Don't Leave Me),JACOTÉNE,Leave Me (Please Don't Leave Me),2025-10-03,49,203419,https://open.spotify.com/track/2VuE7OIkz0UiqsRuE7u919,sad
7vGuf3Y35N4wmASOKLUVVU,Silence,"Marshmello, Khalid",Silence,2017-08-11,78,180822,https://open.spotify.com/track/7vGuf3Y35N4wmASOKLUVVU,sad
0xwu0DXnV1dHmp47imCUWA,Cathedral,2AM-DM,Hypotheticals:,2025-09-26,31,208466,https://open.spotify.com/track/0xwu0DXnV1dHmp47imCUWA,sad
0jdny0dhgjUwoIp5GkqEaA,Praying,Kesha,Rainbow,2017-08-11,67,230266,https://open.spotify.com/track/0jdny0dhgjUwoIp5GkqEaA,sad
2bZfHxeozGcn9ZehRNESbX,Strangers,Guy Sebastian,100 Times Around the Sun,2025-08-08,42,185988,https://open.spotify.com/track/2bZfHxeozGcn9ZehRNESbX,sad
1k1Bqnv2R0uJXQN4u6LKYt,Ain't No Sunshine,Bill Withers,Just As I Am,1971-05-01,82,125093,https://open.spotify.com/track/1k1Bqnv2R0uJXQN4u6LKYt,sad
39xD4NicfBWgixzN9X2D68,Hurricane,2AM-DM,Hurricane,2025-08-08,18,248533,https://open.spotify.com/track/39xD4NicfBWgixzN9X2D68,sad
62ke5zFUJN6RvtXZgVH0F8,Only Love Can Hurt Like This,Paloma Faith,A Perfect Contradiction (Outsiders' Expanded Edition),2014-03-10,80,232893,https://open.spotify.com/track/62ke5zFUJN6RvtXZgVH0F8,sad
44A0o4jA8F2ZF03Zacwlwx,Je te laisserai des mots,Patrick Watson,Je te laisserai des mots,2010-09-10,84,160853,https://open.spotify.com/track/44A0o4jA8F2ZF03Zacwlwx,sad
3Z0qLOS0cqWKPHXkbTXmNF,Gilded Lily,Cults,Offering,2022-10-26,76,212736,https://open.spotify.com/track/3Z0qLOS0cqWKPHXkbTXmNF,sad
7H0ya83CMmgFcOhw0UB6ow,Space Song,Beach House,Depression Cherry,2015-08-28,77,320466,https://open.spotify.com/track/7H0ya83CMmgFcOhw0UB6ow,sad
4jvjzW7Hm0yK4LvvE0Paz9,Falling Down - Bonus Track,"Lil Peep, XXXTENTACION","Come Over When You're Sober, Pt. 2",2018-11-09,84,196400,https://open.spotify.com/track/4jvjzW7Hm0yK4LvvE0Paz9,sad
4EWBhKf1fOFnyMtUzACXEc,Pluto Projector,Rex Orange County,Pony,2019-10-25,75,267520,https://open.spotify.com/track/4EWBhKf1fOFnyMtUzACXEc,sad
02iWF8aceuAlkJW57YQjwN,You Don't Look At Me The Same,Mimi Webb,You Don't Look At Me The Same,2025-08-15,45,163850,https://open.spotify.com/track/02iWF8aceuAlkJW57YQjwN,sad
113xf7t4qNM7038YJvauik,Nervous,The Neighbourhood,Hard To Imagine The Neighbourhood Ever Changing,2018-11-02,76,245000,https://open.spotify.com/track/113xf7t4qNM7038YJvauik,sad
1VGzxJnVQND7Cg5H5wGj14,YEAH RIGHT,Joji,BALLADS 1,2018-10-26,2,174357,https://open.spotify.com/track/1VGzxJnVQND7Cg5H5wGj14,sad
6fhG2KJgwO7CrNflRaRmvp,Dandelions - slowed + reverb,"Ruth B., sped up + slowed, slater",Dandelions (slowed + reverb),2021-08-27,65,268717,https://open.spotify.com/track/6fhG2KJgwO7CrNflRaRmvp,sad
0KpWiHVmIFDTvai20likX4,drunk text,Henry Moodie,drunk text,2023-01-26,2,187263,https://open.spotify.com/track/0KpWiHVmIFDTvai20likX4,sad
2u0CelO5c81XS7z3dGpHbS,The Beach,The Neighbourhood,Wiped Out!,2015-10-30,76,255133,https://open.spotify.com/track/2u0CelO5c81XS7z3dGpHbS,sad
2nltARCkZyrzjQANViDpuX,Jacob and the Stone,Emile Mosseri,Minari (Original Motion Picture Soundtrack),2021-02-12,76,98560,https://open.spotify.com/track/2nltARCkZyrzjQANViDpuX,sad
65gLJGey4u4KFFqoC5fzFJ,Brother,Kodaline,Politics of Living,2018-09-28,72,203186,https://open.spotify.com/track/65gLJGey4u4KFFqoC5fzFJ,sad
3CJrKExvAP6RCtUR8Cf99P,BLEED,The Kid LAROI,BLEED,2023-11-03,59,171566,https://open.spotify.com/track/3CJrKExvAP6RCtUR8Cf99P,sad
39KG4kom3enSx4GTThuDGt,Coaster,Khalid,American Teen,2017-04-27,63,199120,https://open.spotify.com/track/39KG4kom3enSx4GTThuDGt,sad
3LBM25IgxI9y549SiYxtSi,Stuck On You,GIVĒON,When It's All Said And Done... Take Time,2021-03-12,75,205205,https://open.spotify.com/track/3LBM25IgxI9y549SiYxtSi,sad
248OFOZef6ShXv6DGgbnxU,Saved,Khalid,American Teen,2017-04-27,62,206533,https://open.spotify.com/track/248OFOZef6ShXv6DGgbnxU,sad
5OuJTtNve7FxUX82eEBupN,Tommy's Party,Peach Pit,Being So Normal,2018-06-28,58,361760,https://open.spotify.com/track/5OuJTtNve7FxUX82eEBupN,sad
4VPXFi4vFTtS9wHe6oMQaT,I Can't Fall in Love Without You,Zara Larsson,So Good,2017-03-17,60,180640,https://open.spotify.com/track/4VPXFi4vFTtS9wHe6oMQaT,sad
4uTeAvKMQMqgIneew9Ic7X,Constellations - Piano Version,Jade LeMac,Constellations (Piano Version),2021-10-13,75,230073,https://open.spotify.com/track/4uTeAvKMQMqgIneew9Ic7X,sad
5GpYt1p4z2EPVKv5t7XDof,this is what sadness feels like,JVKE,this is what ____ feels like (Vol. 1-4),2022-09-23,58,191830,https://open.spotify.com/track/5GpYt1p4z2EPVKv5t7XDof,sad
0impvergaW8CuQS2OcEWMu,Nobody Gets Me,SZA,SOS,2022-12-08,53,180853,https://open.spotify.com/track/0impvergaW8CuQS2OcEWMu,sad
1jkIErXa3YNUX5QIyO6GGR,Losin Control,Russ,Losin Control,2016-07-28,51,237506,https://open.spotify.com/track/1jkIErXa3YNUX5QIyO6GGR,sad
0hEX2JeG6jep9hVE5mXRuR,Hold my breath,Emma Steinbakken,Hold my breath,2023-10-06,35,144841,https://open.spotify.com/track/0hEX2JeG6jep9hVE5mXRuR,sad
10zG0Yamj5zQoWcRCnQI7Z,Underwear,Thomas Day,Underwear,2025-01-17,44,207130,https://open.spotify.com/track/10zG0Yamj5zQoWcRCnQI7Z,sad
3i7Iyc932rv1AZz7gl7dj8,I Found - Acoustic,Amber Run,Pilot EP,2014-09-21,49,259480,https://open.spotify.com/track/3i7Iyc932rv1AZz7gl7dj8,sad
7qFTlPTav0bSkuPiSff6RL,Paper Airplanes,Ruth B.,Paper Airplanes,2022-08-23,42,257493,https://open.spotify.com/track/7qFTlPTav0bSkuPiSff6RL,sad
6ALA4ufYLfN5hC4lxBX4FV,Another Life,Carter Ryan,Another Life,2024-04-26,45,180374,https://open.spotify.com/track/6ALA4ufYLfN5hC4lxBX4FV,sad
265UFcu8iT1YW1XycceacD,Hypotheticals,2AM-DM,Hypotheticals,2025-02-21,18,242320,https://open.spotify.com/track/265UFcu8iT1YW1XycceacD,sad
2tmzXjrJMBrbDfZJ8g9mcF,Bittersweet,Sabrina Sterling,Bittersweet,2024-03-22,31,178640,https://open.spotify.com/track/2tmzXjrJMBrbDfZJ8g9mcF,sad
3dFjXh41qqEUyp45yfY26b,Hopelessly hopeless,Emma Steinbakken,Hopelessly hopeless,2022-01-28,17,205191,https://open.spotify.com/track/3dFjXh41qqEUyp45yfY26b,sad
3VswKmubPoS9AZ9HPg3BAm,Just a Guy,Nora Jabri,Just a Guy,2025-04-11,13,173058,https://open.spotify.com/track/3VswKmubPoS9AZ9HPg3BAm,sad
04SOnynRP6ZYfQfUt5o20g,We Both Smoke Again,2AM-DM,We Both Smoke Again,2024-10-11,0,208426,https://open.spotify.com/track/04SOnynRP6ZYfQfUt5o20g,sad
1P7tiVl5hgemZuH8oNyP6C,midnight love,girl in red,midnight love,2020-04-14,0,193928,https://open.spotify.com/track/1P7tiVl5hgemZuH8oNyP6C,sad
7lagLMBTqqOkta5eqRfNXc,Every Beginning Ends,"Noah Cyrus, Benjamin Gibbard",Every Beginning Ends,2022-08-26,0,150491,https://open.spotify.com/track/7lagLMBTqqOkta5eqRfNXc,sad
1NaSrCqTnZdlusQ82SJhGN,TWENTIES,GIVĒON,TWENTIES,2025-02-07,69,171955,https://open.spotify.com/track/1NaSrCqTnZdlusQ82SJhGN,sad
2Z8IDSvVsodUfZs3Zvm1yK,Before You Go,Lewis Capaldi,NOW That's What I Call Music! 105,2020-05-08,0,215001,https://open.spotify.com/track/2Z8IDSvVsodUfZs3Zvm1yK,sad
6tqzOYuE3lrNVPDgtF3MjM,Youth,Daughter,If You Leave,2013-03-18,0,253013,https://open.spotify.com/track/6tqzOYuE3lrNVPDgtF3MjM,sad
6Q5mJdY0XcBLNVq9NLZuto,Pretty Boy,The Neighbourhood,Pretty Boy,2020-08-28,0,234093,https://open.spotify.com/track/6Q5mJdY0XcBLNVq9NLZuto,sad
5gbUP33wFJPawjY5DxR3OA,My First Heartbreak,Myles Smith,My First Heartbreak,2025-04-25,55,206800,https://open.spotify.com/track/5gbUP33wFJPawjY5DxR3OA,sad
4cdY4OQqujnnou6eLUJXmX,Celebrate,James Arthur,Celebrate,2025-01-17,50,220906,https://open.spotify.com/track/4cdY4OQqujnnou6eLUJXmX,sad
68b9QUiyyUMsH9E3zHB1DC,Cry For You,Isabel LaRosa,Cry For You,2025-03-21,47,142681,https://open.spotify.com/track/68b9QUiyyUMsH9E3zHB1DC,sad
2xAHKs8W4lcOLweTCAPUbF,More to Lose,Miley Cyrus,More to Lose,2025-05-09,56,275780,https://open.spotify.com/track/2xAHKs8W4lcOLweTCAPUbF,sad
0PNB53urpkoZ7XJ05d1eOz,Nobody Gets Me,May,Nobody Gets Me,2025-06-06,38,163915,https://open.spotify.com/track/0PNB53urpkoZ7XJ05d1eOz,sad
7v30u3hUBxW0NhbYHazNDg,TÆT PÅ (feat. Delara),"Tobias Rahim, Delara",TÆT PÅ (feat. Delara),2025-05-09,56,137400,https://open.spotify.com/track/7v30u3hUBxW0NhbYHazNDg,sad
4vMaUYpkdmOKPzqLnQsBx6,Cruel,James Arthur,PISCES,2025-04-25,49,180560,https://open.spotify.com/track/4vMaUYpkdmOKPzqLnQsBx6,sad
6CWRYS1AaB6SGRGR8BsAMs,Maniac,Lila,Maniac,2025-05-09,18,197173,https://open.spotify.com/track/6CWRYS1AaB6SGRGR8BsAMs,sad
0zDmc48GF8H9VD1bAOzoOV,For Gitt,"Matilda, Kriss",For Gitt,2025-05-09,26,174222,https://open.spotify.com/track/0zDmc48GF8H9VD1bAOzoOV,sad
5PbieFqXACejDMorBL0DVH,Bad As The Rest,Jessie Murph,Bad As The Rest,2025-07-11,50,182383,https://open.spotify.com/track/5PbieFqXACejDMorBL0DVH,sad
3uVQNkFMVS4BTxukzG35UR,KARAOKE,James Arthur,KARAOKE,2025-03-07,45,221440,https://open.spotify.com/track/3uVQNkFMVS4BTxukzG35UR,sad
45UXXykuHGkwKAGIctXfu7,Siste farvel,Spelloppmaker,Siste farvel,2025-05-23,25,176436,https://open.spotify.com/track/45UXXykuHGkwKAGIctXfu7,sad
6Jv7kjGkhY2fT4yuBF3aTz,"Lover, You Should've Come Over",Jeff Buckley,Grace,1994,83,404213,https://open.spotify.com/track/6Jv7kjGkhY2fT4yuBF3aTz,sad
7hVUWnMNUl7KIRyvhlVOju,HVA HAR SKJEDD MED OSS TO,Hkeem,HVA HAR SKJEDD MED OSS TO,2025-05-30,24,142909,https://open.spotify.com/track/7hVUWnMNUl7KIRyvhlVOju,sad
15ioRljMDBXZUYkaZMIOgj,Next Life,24kGoldn,Icarus,2025-07-25,41,155346,https://open.spotify.com/track/15ioRljMDBXZUYkaZMIOgj,sad
2nTvToMkyC8w9HySV4W7uU,be a bitch,Maren Morris,be a bitch,2025-07-25,51,184406,https://open.spotify.com/track/2nTvToMkyC8w9HySV4W7uU,sad
5gvf3tnmRlEacNJ5XmaKJV,Det får världen aldrig veta,Molly Sandén,Blåögd,2025-10-17,59,151888,https://open.spotify.com/track/5gvf3tnmRlEacNJ5XmaKJV,sad
7m9OqQk4RVRkw9JJdeAw96,Jocelyn Flores,XXXTENTACION,17,2017-08-25,78,119133,https://open.spotify.com/track/7m9OqQk4RVRkw9JJdeAw96,sad
4UbG9WWl2QdaV6YSUK7RN0,Flip Dat: A Theatrical Affair - Overture,Ashwin Gane,Flip Dat,2025-09-26,38,172528,https://open.spotify.com/track/4UbG9WWl2QdaV6YSUK7RN0,sad
4VuS959DSpr82t3qBqCrWG,Supermarket Flowers,Ed Sheeran,÷ (Deluxe),2017-03-03,73,221106,https://open.spotify.com/track/4VuS959DSpr82t3qBqCrWG,sad
5tz69p7tJuGPeMGwNTxYuV,1-800-273-8255,"Logic, Alessia Cara, Khalid",Everybody,2017-05-05,76,250173,https://open.spotify.com/track/5tz69p7tJuGPeMGwNTxYuV,sad
0EgLxY52mpGsXETyEsgVlP,HOPE,NF,HOPE,2023-04-07,70,264473,https://open.spotify.com/track/0EgLxY52mpGsXETyEsgVlP,sad
555uG1e1ScID3NGerHDqbw,The Best Is Yet To Come,Tera Lynne Fister,Flowers From The Ground Reimagined,2025-09-19,32,227054,https://open.spotify.com/track/555uG1e1ScID3NGerHDqbw,sad
79DF4VeuuI0Y7NOrimSmR5,Broken,Lund,Broken,2016-10-26,0,200597,https://open.spotify.com/track/79DF4VeuuI0Y7NOrimSmR5,sad
5kqIPrATaCc2LqxVWzQGbk,7 Years,Lukas Graham,Lukas Graham,2016-04-01,83,237300,https://open.spotify.com/track/5kqIPrATaCc2LqxVWzQGbk,sad
6PU89bS7uCs8T5reeo3qP9,Parking Lot Loop,"YNG BNZO, Ku$h Drifter, The Scandalous Playaz",Parking Lot Loop,2025-09-12,30,126315,https://open.spotify.com/track/6PU89bS7uCs8T5reeo3qP9,sad
10bt2wAkFgCWRCEOyAyWT9,How Could You Leave Us,NF,Therapy Session,2016-04-22,62,322586,https://open.spotify.com/track/10bt2wAkFgCWRCEOyAyWT9,sad
3TReqlUK3GUJGYyFbciKJQ,Anyway,Scarlet Pleasure,Garden,2020-09-04,0,149310,https://open.spotify.com/track/3TReqlUK3GUJGYyFbciKJQ,sad
3GVkPk8mqxz0itaAriG1L7,Everybody Dies In Their Nightmares,XXXTENTACION,17,2017-08-25,78,95466,https://open.spotify.com/track/3GVkPk8mqxz0itaAriG1L7,sad
55ddytBevcyiSUkTVioEIS,December,Tarz,December,2016-12-03,25,303455,https://open.spotify.com/track/55ddytBevcyiSUkTVioEIS,sad
4P1L6AniTDJzANaubzWGYs,I'm Not Enough and I'm Sorry,"Teqkoi, Snøw",I'm Not Enough and I'm Sorry,2018-10-27,0,120000,https://open.spotify.com/track/4P1L6AniTDJzANaubzWGYs,sad
2LCGFBu1ej6zt4r1VGPjny,GONE,"NF, Julia Michaels",HOPE,2023-04-07,65,246118,https://open.spotify.com/track/2LCGFBu1ej6zt4r1VGPjny,sad
5l2GIiGkjbcuSIhCV08Zhj,Memories,Jacob Tillberg,Memories,2019-08-10,31,185425,https://open.spotify.com/track/5l2GIiGkjbcuSIhCV08Zhj,sad
2ygvZOXrIeVL4xZmAWJT2C,my future,Billie Eilish,my future,2020-07-30,67,208155,https://open.spotify.com/track/2ygvZOXrIeVL4xZmAWJT2C,sad
32zCAMtxlehzVD0YOVzVkz,Arms Around You,Jamie Grey,Arms Around You,2020-05-15,1,191146,https://open.spotify.com/track/32zCAMtxlehzVD0YOVzVkz,sad
0r87EnHfBH7iXDRBRxGK0s,My Main Goal,"Riff Raff, DJ Paul",My Main Goal,2025-08-01,42,117768,https://open.spotify.com/track/0r87EnHfBH7iXDRBRxGK0s,sad
6nat4Z7iRKWVk1qngQqI0Q,Perfectly Wrong,Shawn Mendes,Shawn Mendes,2018-05-25,59,212773,https://open.spotify.com/track/6nat4Z7iRKWVk1qngQqI0Q,sad
6mrKP2jyIQmM0rw6fQryjr,Let You Down,NF,Perception,2017-10-06,1,212120,https://open.spotify.com/track/6mrKP2jyIQmM0rw6fQryjr,sad
3vBTFVEcGhmH13Y0Lj9UTN,BULLET,NF,HOPE,2023-04-07,58,222510,https://open.spotify.com/track/3vBTFVEcGhmH13Y0Lj9UTN,sad
7r77HtzOYwh8e2diiRzVeT,Neon Hong Kong,"Riff Raff, Ku$h Drifter, YNG BNZO",Welcome To Shaolin,2025-01-17,44,182118,https://open.spotify.com/track/7r77HtzOYwh8e2diiRzVeT,sad
7jqzZyJJLrpkRFYGpkqSK6,Breathe Me,Sia,Colour The Small One,2004-01-01,67,272800,https://open.spotify.com/track/7jqzZyJJLrpkRFYGpkqSK6,sad
6dTBKBqIN4324sThIkZpMj,If The World Was Ending,"JP Saxe, Julia Michaels",If The World Was Ending,2019-10-17,0,208687,https://open.spotify.com/track/6dTBKBqIN4324sThIkZpMj,sad
6L4F4btXioJPhEwz6T7YYt,Moonlight,Ali Gatie,YOU,2019-11-08,60,228853,https://open.spotify.com/track/6L4F4btXioJPhEwz6T7YYt,sad
1VQivuDScakUWIZN5dECPG,LINK,"RVDENT, Ku$h Drifter",LINK,2024-11-22,14,101167,https://open.spotify.com/track/1VQivuDScakUWIZN5dECPG,sad
0vg4WnUWvze6pBOJDTq99k,You're Beautiful,James Blunt,Back to Bedlam,2005-08-08,76,209493,https://open.spotify.com/track/0vg4WnUWvze6pBOJDTq99k,sad
1l0wPhFZP1kWkZNQrrYrGy,RUNNING,NF,HOPE,2023-04-07,70,253532,https://open.spotify.com/track/1l0wPhFZP1kWkZNQrrYrGy,sad
5k7VKj1Xwy5DjO4B0PdAOb,Nude,Radiohead,In Rainbows,2007-12-28,0,255386,https://open.spotify.com/track/5k7VKj1Xwy5DjO4B0PdAOb,sad
0ZAiqymvbQUZAh9y6ZT3Rm,XO,EDEN,i think you think too much of me,2016-08-19,59,159512,https://open.spotify.com/track/0ZAiqymvbQUZAh9y6ZT3Rm,sad
5e8yGIFZEt73yKPMLiKHKo,Marlboro,"Prince of Falls, Foreign Heat",Till We Feel Something,2019-08-15,47,220682,https://open.spotify.com/track/5e8yGIFZEt73yKPMLiKHKo,sad
7CzVAhQeZfTLqNnzdAiqrH,Let Her Go - Acoustic,Passenger,All The Little Lights,2012-11-05,0,266746,https://open.spotify.com/track/7CzVAhQeZfTLqNnzdAiqrH,sad
2IFSfu19kxWBLQB2CEHqyb,Retribution,"DJ Paul, PHONK WALKER, Ku$h Drifter",Retribution,2022-09-16,38,113797,https://open.spotify.com/track/2IFSfu19kxWBLQB2CEHqyb,sad
2Ms33RTRCT6gArrpcrPxmo,Feel,Robbie Williams,Escapology,2002,77,263866,https://open.spotify.com/track/2Ms33RTRCT6gArrpcrPxmo,sad
75ls0gurX68lUmMjE7QcsE,all the kids are depressed,Jeremy Zucker,glisten,2018-05-04,65,169973,https://open.spotify.com/track/75ls0gurX68lUmMjE7QcsE,sad
135cNW8kQtiTId7qcsJfVC,Here Without You,"3 Doors Down, Jack Joseph Puig",The Greatest Hits,2012-01-01,54,235640,https://open.spotify.com/track/135cNW8kQtiTId7qcsJfVC,sad
4UKCKdYiLN6IMA5ZESUTL7,the remedy for a broken heart (why am I so in love),XXXTENTACION,?,2018-03-16,72,160184,https://open.spotify.com/track/4UKCKdYiLN6IMA5ZESUTL7,sad
5mHT6GOvkUd1ztP1qAi0zY,NVR EVR,"YNG BNZO, Ku$h Drifter, The Scandalous Playaz",NVR EVR,2025-03-07,24,160022,https://open.spotify.com/track/5mHT6GOvkUd1ztP1qAi0zY,sad
1bSpwPhAxZwlR2enJJsv7U,No Surprises,Radiohead,OK Computer,1997-05-28,1,229120,https://open.spotify.com/track/1bSpwPhAxZwlR2enJJsv7U,sad
0nZ5Vx48UcSXpY2wLSTP4Z,Mystery,Jeris,Mystery,2016-09-03,25,275133,https://open.spotify.com/track/0nZ5Vx48UcSXpY2wLSTP4Z,sad
07FkzikE6FuHIa8Ma7zJGc,Lie,NF,Perception,2017-10-06,74,209213,https://open.spotify.com/track/07FkzikE6FuHIa8Ma7zJGc,sad
27IZXTdeGYjU6m5lTyDpmr,The Funeral,Band of Horses,Everything All The Time,2006-03-21,0,322173,https://open.spotify.com/track/27IZXTdeGYjU6m5lTyDpmr,sad
1J5bnQju0PQSLQNbZ1Shgd,The Voyager,Avenza,The Voyager,2015-04-10,13,191927,https://open.spotify.com/track/1J5bnQju0PQSLQNbZ1Shgd,sad
7bdYxWPCs46dQ0XLwySOyv,better off,"Jeremy Zucker, Chelsea Cutler",glisten,2018-05-04,57,193946,https://open.spotify.com/track/7bdYxWPCs46dQ0XLwySOyv,sad
552gcmAoC0Khwyzca21xQn,BANG!,Ku$h Drifter,BANG!,2022-02-18,40,117818,https://open.spotify.com/track/552gcmAoC0Khwyzca21xQn,sad
7jUBj3nZfs0dRqr68b4yxy,Smoke & Ash,Weisser Quiff,Smoke & Ash,2020-08-05,29,164008,https://open.spotify.com/track/7jUBj3nZfs0dRqr68b4yxy,sad
4jnO4ztskhv3YkqgFnewtD,feelings fade,"gnash, RKCB",me,2015-12-25,43,240000,https://open.spotify.com/track/4jnO4ztskhv3YkqgFnewtD,sad
1uNiqZnW9OmhumrtYiClYN,Last Kiss,Jacob Tillberg,Last Kiss,2016-07-18,8,171434,https://open.spotify.com/track/1uNiqZnW9OmhumrtYiClYN,sad
3bne7Qit5AbHkX6kWDItYP,In My Head,Peter Manos,In My Head,2018-05-24,56,214533,https://open.spotify.com/track/3bne7Qit5AbHkX6kWDItYP,sad
5qRPSY1k0SSnLlsG3qzCs5,CHAOS,Ku$h Drifter,CHAOS,2022-03-11,35,93884,https://open.spotify.com/track/5qRPSY1k0SSnLlsG3qzCs5,sad
58gP5qkmlYpon0AJ2tj6qy,lonely again,gnash,lonely again,2017-02-24,41,121428,https://open.spotify.com/track/58gP5qkmlYpon0AJ2tj6qy,sad
7sTDqaGUr9NM8NHQ5SNHi1,That's Us,Anson Seabra,Songs I Wrote in My Bedroom,2020-05-08,57,270461,https://open.spotify.com/track/7sTDqaGUr9NM8NHQ5SNHi1,sad
70eyG7pqKozUvKPKXLXmpI,i am not who i was,Chance Peña,"Ever-Shifting, Continual Blossoming",2024-09-13,72,145438,https://open.spotify.com/track/70eyG7pqKozUvKPKXLXmpI,sad
6nALNis51TQeoi6ycouejO,Daydream,Will Swinton,Daydream,2023-12-15,61,148909,https://open.spotify.com/track/6nALNis51TQeoi6ycouejO,sad
1yhsfUXr1kX6YisQETcyql,numb,Abe Parker,numb,2024-04-18,0,246923,https://open.spotify.com/track/1yhsfUXr1kX6YisQETcyql,sad
7aP15irA4wUSCanIFzgdd8,Im Doing Fine,"Marino, Promoting Sounds",Im Doing Fine,2024-12-12,0,99844,https://open.spotify.com/track/7aP15irA4wUSCanIFzgdd8,sad
2paY84rEBVDm46rdPaQY88,Tear It All Apart,Michael Marcagi,Tear It All Apart,2024-06-21,60,186342,https://open.spotify.com/track/2paY84rEBVDm46rdPaQY88,sad
0cQVqPuHQP4KEwc7ZUQmj6,Sweater Weather,The Neighbourhood,I Love You.,2013-04-19,70,240426,https://open.spotify.com/track/0cQVqPuHQP4KEwc7ZUQmj6,sad
1kbl4T79gIsPsShfFh45W2,Anyone Else,Kado,Anyone Else,2025-09-05,43,130612,https://open.spotify.com/track/1kbl4T79gIsPsShfFh45W2,sad
7tJVCaozXs7hZ112trfQwR,Not a Home,Pardyalone,I Left You In Minnesota,2023-07-26,49,169010,https://open.spotify.com/track/7tJVCaozXs7hZ112trfQwR,sad
4DEtBqyOVhuN1qX9DOc8r9,fools gold,Bryan Wickham,fools gold,2025-05-02,27,169090,https://open.spotify.com/track/4DEtBqyOVhuN1qX9DOc8r9,sad
2ZDhEadCNyggLJWGETk7sQ,I Can't Fit In,Marino,I Can't Fit In,2025-02-06,72,129542,https://open.spotify.com/track/2ZDhEadCNyggLJWGETk7sQ,sad
2RPI1h5waczotR9IaqgpOe,My Entertainer,Goodluck Rylie,My Entertainer,2024-03-08,53,215294,https://open.spotify.com/track/2RPI1h5waczotR9IaqgpOe,sad
16PZh1VuWOkgW8fjLUrK7N,World Worth Saving,Nico May,REVERIE,2024-11-30,35,166000,https://open.spotify.com/track/16PZh1VuWOkgW8fjLUrK7N,sad
1Mh1n8pVqdl4v2tceEGeMn,Bad Guy,JaeyBxrd,Bad Guy,2025-05-28,38,133333,https://open.spotify.com/track/1Mh1n8pVqdl4v2tceEGeMn,sad
56pDmyjPENbADQtxNvRfl2,Rip My Heart,Kado,Rip My Heart,2025-02-14,46,134664,https://open.spotify.com/track/56pDmyjPENbADQtxNvRfl2,sad
1Ip5p31SowqjJLo2ss1afJ,better off without me,Matt Hansen,better off without me,2022-03-04,67,170211,https://open.spotify.com/track/1Ip5p31SowqjJLo2ss1afJ,sad
3QExf4W8uC3JvgmpKfMTIf,180,"HunnaV, Peachman, The Noise Unheard",180,2025-09-12,32,118518,https://open.spotify.com/track/3QExf4W8uC3JvgmpKfMTIf,sad
7vOzd8Vt9Z0X9C9bYAduar,I Wish,Jaxxy,I Wish,2025-10-17,24,188464,https://open.spotify.com/track/7vOzd8Vt9Z0X9C9bYAduar,sad
4BagqPt63bywQDWstz1Vs4,gone too soon,Kado,gone too soon,2025-08-01,36,150000,https://open.spotify.com/track/4BagqPt63bywQDWstz1Vs4,sad
32dPMAE1ZprxCKb0msVBoj,Blessings To The Grave,BODEE,Blessings To The Grave,2025-10-03,22,175752,https://open.spotify.com/track/32dPMAE1ZprxCKb0msVBoj,sad
5jU9yWn6SkxXhTdP0aWUlh,GHOS1 1N MY ROOM,Jan Metternich,Broken Symphonies,2024-07-26,53,156279,https://open.spotify.com/track/5jU9yWn6SkxXhTdP0aWUlh,sad
7hVZJGsh5fxFtwaqgJq1nf,The Other Side,Michael Marcagi,The Other Side,2023-12-11,73,164227,https://open.spotify.com/track/7hVZJGsh5fxFtwaqgJq1nf,sad
3RXRqQZUOmIB0NOv4ec5jL,Leave it all behind,Abel Skarz,Leave it all behind,2025-11-07,0,208561,https://open.spotify.com/track/3RXRqQZUOmIB0NOv4ec5jL,sad
3RoWTD2S5NNKlIP6gd6ipV,Flames,Will Swinton,Flames,2024-09-27,0,167911,https://open.spotify.com/track/3RoWTD2S5NNKlIP6gd6ipV,sad
5ZayJad71gf5r1Nsn89q0r,CRUELLA,SpaceMan Zack,CRUELLA,2025-10-17,37,151669,https://open.spotify.com/track/5ZayJad71gf5r1Nsn89q0r,sad
6nVRpopWbpKPKLs7xFy1H1,Tongue Tied - Unplugged,David Valley,Tongue Tied (Unplugged),2025-10-31,21,148396,https://open.spotify.com/track/6nVRpopWbpKPKLs7xFy1H1,sad
3q4F1sz9GQzpLFnJnbKBl8,trouble,Camylio,trouble,2024-05-24,0,153959,https://open.spotify.com/track/3q4F1sz9GQzpLFnJnbKBl8,sad
3d0ROrlFgzEDFZzgdwkL6k,Love and Hate,Dibbs,Love and Hate,2023-11-02,22,203225,https://open.spotify.com/track/3d0ROrlFgzEDFZzgdwkL6k,sad
649kk5N2PY67N2TkTBOagZ,"death bed, Pt. 2","Powfu, Daniel Saint, Chill Sebs","tell me your feelings and i won’t tell you mine, Pt. 3",2024-11-01,0,184864,https://open.spotify.com/track/649kk5N2PY67N2TkTBOagZ,sad
63IHS9uEtj2EzOiTYZxeE1,NEVER HAD A CHANCE,SpaceMan Zack,NEVER HAD A CHANCE,2025-10-24,35,155075,https://open.spotify.com/track/63IHS9uEtj2EzOiTYZxeE1,sad
0mp9nN5CtD1xfDeMoebDPM,To The Souls That Leave Us Too Soon,"Promoting Sounds, Step Aside",To The Souls That Leave Us Too Soon,2020-11-09,54,156428,https://open.spotify.com/track/0mp9nN5CtD1xfDeMoebDPM,sad
0FfSKPnw6nv7zQAEI0FTg2,SOMETIME2,Jan Metternich,Broken Symphonies,2024-07-26,47,171299,https://open.spotify.com/track/0FfSKPnw6nv7zQAEI0FTg2,sad
0gRGB5zwCHqNmk9kQ2pO7q,ice cream,dempsey hope,need nobody demos,2022-11-11,33,136421,https://open.spotify.com/track/0gRGB5zwCHqNmk9kQ2pO7q,sad
4oHrWQ8TSvBujiM2fyGnoa,E-Girl Trouble (Cosplay Girl),"Jayy Queezy, KillBunk, Broly500!",E-Girl Trouble (Cosplay Girl),2021-10-06,27,153729,https://open.spotify.com/track/4oHrWQ8TSvBujiM2fyGnoa,sad
6TzYtna8DMeFIWyNGW9tF7,Flowers,"HunnaV, Parker Jack",Flowers,2025-05-09,39,146819,https://open.spotify.com/track/6TzYtna8DMeFIWyNGW9tF7,sad
7DiI8MlV3XxccDLK0skg53,Last Summer,Snowify,Last Summer,2025-11-05,12,97674,https://open.spotify.com/track/7DiI8MlV3XxccDLK0skg53,sad
6NOOpiPEq0b3O5ct9KJRt2,The One To Blame,Kado,The One To Blame,2025-06-06,37,131223,https://open.spotify.com/track/6NOOpiPEq0b3O5ct9KJRt2,sad
70Ufr1l9Go19EOuoWp58al,A Letter to My Demons,Kayos,A Letter to My Demons,2025-10-07,27,154348,https://open.spotify.com/track/70Ufr1l9Go19EOuoWp58al,sad
3fxWcOWUQxapuKin9NhCcf,Pretty Little Devil,Shaya Zamora,Pretty Little Devil,2024-04-19,66,167690,https://open.spotify.com/track/3fxWcOWUQxapuKin9NhCcf,sad
5GHvSy327jsfUtwwPRVGcj,Bulletproof,Kado,Bulletproof,2024-07-12,44,187034,https://open.spotify.com/track/5GHvSy327jsfUtwwPRVGcj,sad
33pGTOQYtdM2YCzqLqtSDV,Flew Too Close To The Sun,BURNOUTKID,Flew Too Close To The Sun,2024-10-31,21,169412,https://open.spotify.com/track/33pGTOQYtdM2YCzqLqtSDV,sad
3WZyXUHTqffITfNniSJyKD,Elephant In The Room,Rowan Drake,"Dear Ella,",2023-06-09,44,161210,https://open.spotify.com/track/3WZyXUHTqffITfNniSJyKD,sad
4tjnGwod7rRnYMi3ZBP0wM,Call My Bluff,Goodluck Rylie,Call My Bluff,2024-04-19,50,208199,https://open.spotify.com/track/4tjnGwod7rRnYMi3ZBP0wM,sad
0B5QmtgAv1p6QnsdXM6u0H,Tell Me,"Peech., Promoting Sounds",Tell Me,2024-10-18,14,204937,https://open.spotify.com/track/0B5QmtgAv1p6QnsdXM6u0H,sad
0q4IyiZLYTabbDVpEaDJA5,Terrified - Demo,Dosey,Terrified - Demo,2025-01-08,51,132437,https://open.spotify.com/track/0q4IyiZLYTabbDVpEaDJA5,sad
63TXlPNDPd6HxhG346CKCN,who could it be?,Munn,who could it be?,2023-11-23,34,174923,https://open.spotify.com/track/63TXlPNDPd6HxhG346CKCN,sad
6peLcllXcq0BQ6XiwtlVA7,THE LINE (feat. d4vd),"The Kid LAROI, d4vd",THE FIRST TIME,2023-11-10,55,152052,https://open.spotify.com/track/6peLcllXcq0BQ6XiwtlVA7,sad
4jyjUMIYaarfo4ap7WNFbF,Don’t Leave Me Behind,Diego Gonzalez,Don’t Leave Me Behind,2023-12-08,33,183252,https://open.spotify.com/track/4jyjUMIYaarfo4ap7WNFbF,sad
0E0Xs4UxnRsbfz5b1Rlgg7,Lies To The Mirror,"Kado, Promoting Sounds",Lies To The Mirror,2024-08-30,47,196496,https://open.spotify.com/track/0E0Xs4UxnRsbfz5b1Rlgg7,sad
6ObUICJKYfilWL5fUEnZyd,as you do,brecken,as you do,2025-11-02,14,144195,https://open.spotify.com/track/6ObUICJKYfilWL5fUEnZyd,sad
16XEpnSTVzmz1YQT0qFTwL,NOT AGAIN,"Vwillz, Pardyalone",NOT AGAIN,2024-08-09,45,144179,https://open.spotify.com/track/16XEpnSTVzmz1YQT0qFTwL,sad
4kPffB2fukvpqU3Nd3YGSe,I don't really wanna know,Oh well.,I don't really wanna know,2025-08-08,21,154770,https://open.spotify.com/track/4kPffB2fukvpqU3Nd3YGSe,sad
2pgTdeynnrKgMtmz3CdaWu,Safer Asleep,Goodluck Rylie,Safer Asleep,2024-06-14,39,159637,https://open.spotify.com/track/2pgTdeynnrKgMtmz3CdaWu,sad
6BbMaQhu9jKENB1vzQ2ijJ,Let Me Fall,Kado,Let Me Fall,2023-07-14,0,188442,https://open.spotify.com/track/6BbMaQhu9jKENB1vzQ2ijJ,sad
6n6z7jKHe0WKYN6ZnbOrMo,receipts,brecken,receipts,2025-11-07,4,143615,https://open.spotify.com/track/6n6z7jKHe0WKYN6ZnbOrMo,sad
6eI8B3QW20P68MCYMb4Etd,something to remember,Matt Hansen,something to remember,2023-10-27,73,162224,https://open.spotify.com/track/6eI8B3QW20P68MCYMb4Etd,sad
7omp8zVHJWyUGn0AtV59rW,beyond repair,mxrgan,beyond repair,2023-08-09,30,141243,https://open.spotify.com/track/7omp8zVHJWyUGn0AtV59rW,sad
08uumZhgj0kq2AbQUoONHm,Hollow Prayers,d4vd,The Lost Petals,2023-09-08,54,166631,https://open.spotify.com/track/08uumZhgj0kq2AbQUoONHm,sad
5vfukXl9P5R9WCxCvnZAXb,Angel On Drugs,Kidd AngelX,Angel On Drugs,2025-10-03,18,132963,https://open.spotify.com/track/5vfukXl9P5R9WCxCvnZAXb,sad
781Cllb2OlNccTJRc4gBUz,i think you loved me,Noah Henderson,i think you loved me,2023-01-20,39,211000,https://open.spotify.com/track/781Cllb2OlNccTJRc4gBUz,sad
30WJ86y02wLRUlLuRt6r4K,LOVELESS,"Ze66y, autrioly",LOVELESS,2023-10-20,27,114424,https://open.spotify.com/track/30WJ86y02wLRUlLuRt6r4K,sad
6ErCfbbI9BG4bK2djjKUvP,i wish you cheated,Alexander Stewart,i wish you cheated,2023-08-09,58,190626,https://open.spotify.com/track/6ErCfbbI9BG4bK2djjKUvP,sad
1GT7dPruiVYJ11zMaNPz0Q,Where The Angels Are,"Kado, juli",Where The Angels Are,2023-09-15,52,159399,https://open.spotify.com/track/1GT7dPruiVYJ11zMaNPz0Q,sad
5tF7Jukew6VEW3A0Hp1Pix,floorboards.,Noah Henderson,floorboards.,2023-07-28,47,279754,https://open.spotify.com/track/5tF7Jukew6VEW3A0Hp1Pix,sad
0bFAVAd9XtHX63ekOhFAod,titanic,"autrioly, Promoting Sounds",titanic,2023-06-30,30,163411,https://open.spotify.com/track/0bFAVAd9XtHX63ekOhFAod,sad
07nd9H2REZKIhVgp3n36YL,"Don't Leave, Don't Go",Deyaz,"Don't Leave, Don't Go / Bleed",2022-03-04,39,184242,https://open.spotify.com/track/07nd9H2REZKIhVgp3n36YL,sad
1RzHGsvnmdcjMFysSXp9X4,over you.,"THEVNKNOWN, FI$HY",over you.,2025-07-25,22,216032,https://open.spotify.com/track/1RzHGsvnmdcjMFysSXp9X4,sad
7gaD6hhIpXmjC6FRMf1hvN,keep it together,"Promoting Sounds, yaeow",keep it together,2023-07-14,44,140571,https://open.spotify.com/track/7gaD6hhIpXmjC6FRMf1hvN,sad
1NX8kDkYfBAOhxcJxt4SOr,Dancing with a ghost,Halden Rule,Dancing with a ghost,2023-09-08,0,174042,https://open.spotify.com/track/1NX8kDkYfBAOhxcJxt4SOr,sad
568VeBWle44zP0iwPf7O7w,Don't Wanna Die,"Kado, juli",Don't Wanna Die,2022-12-16,49,167826,https://open.spotify.com/track/568VeBWle44zP0iwPf7O7w,sad
3iLczn6rof3Fl0C0x4075J,time will fly,Sam Tompkins,time will fly,2023-06-08,37,151661,https://open.spotify.com/track/3iLczn6rof3Fl0C0x4075J,sad
4gcC1lyxdjoTE13FPOqyHt,I'm trying,Alexander Stewart,I'm trying,2023-05-19,50,164933,https://open.spotify.com/track/4gcC1lyxdjoTE13FPOqyHt,sad
43rGLaawHXspfnWtBCoAQg,Don't Forget About Me,d4vd,Don't Forget About Me,2023-05-18,0,149324,https://open.spotify.com/track/43rGLaawHXspfnWtBCoAQg,sad
5LAUpU2KhoVDnur463CAuT,Six Years Wiser,Harrison Boe,Six Years Wiser,2023-04-14,45,183018,https://open.spotify.com/track/5LAUpU2KhoVDnur463CAuT,sad
6Ds8Talqm6M7NG2K4EE3pG,stay for a while,"Ouse, Promoting Sounds",stay for a while,2024-02-09,41,170320,https://open.spotify.com/track/6Ds8Talqm6M7NG2K4EE3pG,sad
6cQ8IRL1UQR11v4wD4wjo8,monsters,Camylio,monsters,2022-08-12,51,173733,https://open.spotify.com/track/6cQ8IRL1UQR11v4wD4wjo8,sad
7cVufRmSWo6ogfYyuAJC0w,Never With You Again,Chri$tian Gate$,Never With You Again,2023-01-27,53,132000,https://open.spotify.com/track/7cVufRmSWo6ogfYyuAJC0w,sad
4eE6KCWXbXyEgLK6NtyzPX,All For You,Dean Lewis,The Hardest Love,2022-11-04,43,225159,https://open.spotify.com/track/4eE6KCWXbXyEgLK6NtyzPX,sad
0OkEoVLJQWgmrTrv1e9KWK,Hey Up There,Kado,Hey Up There,2022-10-21,32,165942,https://open.spotify.com/track/0OkEoVLJQWgmrTrv1e9KWK,sad
7aqhFo8oXyOCDZlOF41Fcd,Take It All,Kado,Take It All,2022-03-11,50,176404,https://open.spotify.com/track/7aqhFo8oXyOCDZlOF41Fcd,sad
0W9mUblJY75c43y3KL4RaW,Monsters Under the Bed,Dosey,Monsters Under the Bed,2022-09-08,0,139192,https://open.spotify.com/track/0W9mUblJY75c43y3KL4RaW,sad
6GFfDRG1Sff3IZaD0TYro4,Empty Space,James Arthur,YOU,2019-10-18,63,213306,https://open.spotify.com/track/6GFfDRG1Sff3IZaD0TYro4,sad
3TzelQyUUUKDlSrKb0CE4Q,ghost in me,"autrioly, Promoting Sounds",ghost in me,2022-12-16,33,129390,https://open.spotify.com/track/3TzelQyUUUKDlSrKb0CE4Q,sad
39ZVkOVxjG8ypNdUSVNkxU,Mr. Forgettable,David Kushner,Mr. Forgettable,2022-03-04,3,187293,https://open.spotify.com/track/39ZVkOVxjG8ypNdUSVNkxU,sad
0MSLJOWljfQr067PYyndK9,Tired Eyes,"Kado, Powfu, Promoting Sounds, vict molina",Tired Eyes,2022-06-17,47,163604,https://open.spotify.com/track/0MSLJOWljfQr067PYyndK9,sad
2At18rPHOuTEjGEppwGV0A,Peter Pan Was Right,Anson Seabra,Peter Pan Was Right,2022-04-29,64,192497,https://open.spotify.com/track/2At18rPHOuTEjGEppwGV0A,sad
0ecC8p17cDNlxHXkuYqeR6,Surrender,Natalie Taylor,Surrender,2019-10-29,67,183103,https://open.spotify.com/track/0ecC8p17cDNlxHXkuYqeR6,sad
0mNwNHKE714PO3Phqb4rod,Going Under,emerson.,Going Under,2023-03-03,28,174132,https://open.spotify.com/track/0mNwNHKE714PO3Phqb4rod,sad
6McnQuTA2dpArD3QTrD8A7,sometimes,Camylio,sometimes,2021-08-25,45,156617,https://open.spotify.com/track/6McnQuTA2dpArD3QTrD8A7,sad
7qM1BWAsZMTYh4BcYLb0uQ,Already Dead,Juice WRLD,Already Dead,2021-11-12,0,231010,https://open.spotify.com/track/7qM1BWAsZMTYh4BcYLb0uQ,sad
5TXDeTFVRVY7Cvt0Dw4vWW,Revenge,XXXTENTACION,17,2017-08-25,81,120026,https://open.spotify.com/track/5TXDeTFVRVY7Cvt0Dw4vWW,sad
7BdlyzVvOqmwPH9dYtZfsx,Dead Eyes,"Promoting Sounds, Powfu, Ouse",Dead Eyes,2019-11-08,1,219428,https://open.spotify.com/track/7BdlyzVvOqmwPH9dYtZfsx,sad
7wqSzGeodspE3V6RBD5W8L,See You Again (feat. Charlie Puth),"Wiz Khalifa, Charlie Puth",See You Again (feat. Charlie Puth),2015-03-10,2,229525,https://open.spotify.com/track/7wqSzGeodspE3V6RBD5W8L,sad
2gQPv5jvVPqU2a9HhMNO1v,Toxic,BoyWithUke,Toxic,2021-10-29,62,168020,https://open.spotify.com/track/2gQPv5jvVPqU2a9HhMNO1v,sad
3OrJ0tN7Fm49NcEVt39k43,You Broke My Heart So Gently,Sam Tompkins,You Broke My Heart So Gently,2019-08-05,39,203633,https://open.spotify.com/track/3OrJ0tN7Fm49NcEVt39k43,sad
0yq7hsuqdKU0iF4hOoyeaX,727,"Helve, Promoting Sounds, Giovanni",727,2022-05-13,25,185195,https://open.spotify.com/track/0yq7hsuqdKU0iF4hOoyeaX,sad
0xCeDdBFZaPe0E1pua5AiH,In My Head,"idkjack, Luvjools",In My Head,2020-07-07,40,195563,https://open.spotify.com/track/0xCeDdBFZaPe0E1pua5AiH,sad
3aKvqz93jCYwr1qQXD0OlZ,Where You Went Wrong,"Kado, Promoting Sounds",Where You Went Wrong,2022-04-08,39,178094,https://open.spotify.com/track/3aKvqz93jCYwr1qQXD0OlZ,sad
7KW1AtQKFToSoF1kmyk2wE,snowflake (feat. Jaden & Sarcastic Sounds),"Powfu, Jaden, Sarcastic Sounds",tell me your feelings and i won't tell you mine,2021-10-08,49,187500,https://open.spotify.com/track/7KW1AtQKFToSoF1kmyk2wE,sad
285pBltuF7vW8TeWk8hdRR,Lucid Dreams,Juice WRLD,Goodbye & Good Riddance,2018-12-10,83,239835,https://open.spotify.com/track/285pBltuF7vW8TeWk8hdRR,sad
12HWdKlpYI9wbXO6WbSiKk,You & Me,Tommy Ice,You & Me,2020-12-08,30,158418,https://open.spotify.com/track/12HWdKlpYI9wbXO6WbSiKk,sad
1xVLISbNzP6MlhuwU5wciP,soda stream sky (feat. KNOWN.),"Powfu, KNOWN.",soda stream sky (feat. KNOWN.),2021-09-03,0,224825,https://open.spotify.com/track/1xVLISbNzP6MlhuwU5wciP,sad
3UkPmK7Sk0wuLXzVnQihva,Memory,"Promoting Sounds, Rxseboy, SadBoyProlific",Memory,2020-05-11,0,134608,https://open.spotify.com/track/3UkPmK7Sk0wuLXzVnQihva,sad
2GfFLGnW95Oq7IboDBIPHQ,Sunrise,LJ,Sunrise,2021-10-11,0,220541,https://open.spotify.com/track/2GfFLGnW95Oq7IboDBIPHQ,sad
6JdU7eaEl9fPAq0sEVNzGc,say goodbye,Sarcastic Sounds,say goodbye,2021-05-14,45,86749,https://open.spotify.com/track/6JdU7eaEl9fPAq0sEVNzGc,sad
5YSHygGN9D0mID1NsVd5my,Reminds Me Of You,"Juice WRLD, The Kid LAROI",Reminds Me Of You,2020-12-08,65,158032,https://open.spotify.com/track/5YSHygGN9D0mID1NsVd5my,sad
3jlxX3VXPiY3lvBBbppQD3,TELL ME WHY,The Kid LAROI,F*CK LOVE,2020-07-24,0,195268,https://open.spotify.com/track/3jlxX3VXPiY3lvBBbppQD3,sad
5wWAwzGp2OaaoIkwcz6wZs,Life's A Mess (feat. Halsey),"Juice WRLD, Halsey",Legends Never Die,2020-07-10,67,202193,https://open.spotify.com/track/5wWAwzGp2OaaoIkwcz6wZs,sad
59IUUAdjVbmq80Nkc3Q9Dx,Falling (blackbear Remix),"Trevor Daniel, blackbear",Falling (blackbear Remix),2018-12-14,0,171968,https://open.spotify.com/track/59IUUAdjVbmq80Nkc3Q9Dx,sad
74D7JUfU6HYeMx4bZhsHnG,What If I Told You That I Love You,Ali Gatie,What If I Told You That I Love You,2020-01-24,51,193667,https://open.spotify.com/track/74D7JUfU6HYeMx4bZhsHnG,sad
4VXIryQMWpIdGgYR4TrjT1,All Girls Are The Same,Juice WRLD,Goodbye & Good Riddance,2018-12-10,81,165819,https://open.spotify.com/track/4VXIryQMWpIdGgYR4TrjT1,sad
5dB00dkUFlruwbxVmdOPSE,Dancing On My Own,Calum Scott,Dancing On My Own,2016-06-03,0,260004,https://open.spotify.com/track/5dB00dkUFlruwbxVmdOPSE,sad
0qCcqa0gYjW8rerrC10yun,Better Alone,Benson Boone,Better Alone,2022-07-22,60,209895,https://open.spotify.com/track/0qCcqa0gYjW8rerrC10yun,sad
5e2l2ZAMwHmrkdM4Z6NhAR,Again,"Shiloh Dynasty, timmies",Vivid Pictures,2018-03-13,67,157205,https://open.spotify.com/track/5e2l2ZAMwHmrkdM4Z6NhAR,sad
4xF4ZBGPZKxECeDFrqSAG4,snowfall,"Øneheart, reidenshi",snowfall,2022-01-14,82,124065,https://open.spotify.com/track/4xF4ZBGPZKxECeDFrqSAG4,sad
4txrAyGAWA9JqZzoNHiPRh,you not the same,TileKid,you not the same,2021-03-05,71,128798,https://open.spotify.com/track/4txrAyGAWA9JqZzoNHiPRh,sad
4VkEkljlOC5cMbRMhREO5E,snowfall (Slowed + Reverb),"Øneheart, reidenshi",snowfall (Slowed + Reverb),2022-04-01,71,150660,https://open.spotify.com/track/4VkEkljlOC5cMbRMhREO5E,sad
1r232i80xFiNHzSUmrFc01,this feeling,Øneheart,this feeling,2022-02-18,69,94333,https://open.spotify.com/track/1r232i80xFiNHzSUmrFc01,sad
321PCApeQiLLrf03k83cCb,watching the stars,Øneheart,watching the stars,2022-08-05,69,99146,https://open.spotify.com/track/321PCApeQiLLrf03k83cCb,sad
2QJEVdIX5xuBGrDSpPjocC,distorted memories,"Øneheart, reidenshi",distorted memories,2022-07-01,65,110571,https://open.spotify.com/track/2QJEVdIX5xuBGrDSpPjocC,sad
1Bf4GX9SrLlSEJXNEKEwIx,The Beach - Instrumental Slow,Dybbukk,The Beach - Instrumental Slow,2022-08-01,58,133380,https://open.spotify.com/track/1Bf4GX9SrLlSEJXNEKEwIx,sad
2EqxHRkdTPgRfJbdhmgT1f,After Dark Slowed,Hà Lê,After Dark Slowed,2022-08-11,0,282079,https://open.spotify.com/track/2EqxHRkdTPgRfJbdhmgT1f,sad
1aXV8GrmQLvgoFtBPERP7E,Jealous,Eyedress,Jealous,2019-12-06,77,122338,https://open.spotify.com/track/1aXV8GrmQLvgoFtBPERP7E,sad
7DcJ6fEBb7BaKuYKTwiDxK,Homage,Mild High Club,Skiptracing,2016-08-26,72,177493,https://open.spotify.com/track/7DcJ6fEBb7BaKuYKTwiDxK,sad
7EkWXAI1wn8Ii883ecd9xr,Freaks,Surf Curse,Freaks,2021-05-15,84,147062,https://open.spotify.com/track/7EkWXAI1wn8Ii883ecd9xr,sad
6IaSUc4wx1rzo8lGs4KOot,School Rooftop - Slowed Down Version,"Hisohkah, WMD",School Rooftop (Slowed Down Version),2021-01-01,63,193732,https://open.spotify.com/track/6IaSUc4wx1rzo8lGs4KOot,sad
6S7o12almFeL57rbRvdY5l,Vas,jagger finn,Triplbt Theme,2019-08-28,65,90323,https://open.spotify.com/track/6S7o12almFeL57rbRvdY5l,sad
4pTkDIlpFNoeWbahu8pVXW,Shootout,"Izzamuzzic, Julien Marchal",Shootout,2022-06-30,65,295308,https://open.spotify.com/track/4pTkDIlpFNoeWbahu8pVXW,sad
0sqAQmER29y4vgknPOEj1E,another love - slowed + reverb,"slō, twilight, Tazzy",another love - slowed + reverb,2022-11-08,0,288313,https://open.spotify.com/track/0sqAQmER29y4vgknPOEj1E,sad
2RDyOKvORlWAwc8h64XStY,Pastlives - Saddest Remix,BRAMANE,Pastlives (Saddest Remix),2006-10-09,0,231984,https://open.spotify.com/track/2RDyOKvORlWAwc8h64XStY,sad
3NLuRwdC33GHNouWUa0CUT,YKWIM? {slow//reverb},"Ryan Celsius Sounds, slow//reverb",YKWIM? {slow//reverb},2021-05-16,56,232040,https://open.spotify.com/track/3NLuRwdC33GHNouWUa0CUT,sad
6BtnmL5A111yYAtzdbHbvV,As it was - Speed up,Lewis Hanton,As it was (Speed up),2019-04-06,0,150442,https://open.spotify.com/track/6BtnmL5A111yYAtzdbHbvV,sad
40gk32E7YaTFoQwDIWv2SY,Christmas Kids,Roar,I Can't Handle Change,2010-03-14,3,135693,https://open.spotify.com/track/40gk32E7YaTFoQwDIWv2SY,sad
0yTGQpPOgcsS8Xqp5bQO58,The Loser,Verzache,The Loser,2016-07-29,62,131586,https://open.spotify.com/track/0yTGQpPOgcsS8Xqp5bQO58,sad
4NgherJDfCXWBZBYheM4jK,WASTE,KXLLSWXTCH,DISORDER,2021-10-29,72,120428,https://open.spotify.com/track/4NgherJDfCXWBZBYheM4jK,sad
3OP8UeYimRl9HCNxMg7Ihl,Young,Vacations,Vibes,2016-12-09,0,189160,https://open.spotify.com/track/3OP8UeYimRl9HCNxMg7Ihl,sad
3iclDWMxuNPf6KxdYXRdEk,The Lonely Tree,The Lonely Tree,The Lonely Tree,2023-04-10,0,146383,https://open.spotify.com/track/3iclDWMxuNPf6KxdYXRdEk,sad
0cMJgz9oZ1yRgeUl0idtKz,what about me - slowed and reverb - Remix,"Muppet DJ, SECA Records",what about me - slowed and reverb (Remix),2023-01-05,0,181572,https://open.spotify.com/track/0cMJgz9oZ1yRgeUl0idtKz,sad
3VCXx37jNGNOMns6z2OnvJ,Swing Lynn,Harmless,I'm Sure,2012-08-14,71,321438,https://open.spotify.com/track/3VCXx37jNGNOMns6z2OnvJ,sad
1SKfgsZuXOlvp4t1Ob2byE,Blue Hair (Slowed + Reverb) - You'll Always Be a Dumb Blonde,3slow2,Blue Hair (Slowed + Reverb) - You'll Always Be a Dumb Blonde,2023-03-16,0,198262,https://open.spotify.com/track/1SKfgsZuXOlvp4t1Ob2byE,sad
0Bl1GxpaJhSQoZ3mDwbj4N,Freaks but Slowed Muffled Echo,Bondex,Freaks but Slowed Muffled Echo,2022-11-15,0,176041,https://open.spotify.com/track/0Bl1GxpaJhSQoZ3mDwbj4N,sad
1unn4mCNpTXBtINdImWn9p,rain,motty,rain,2020-09-03,0,177881,https://open.spotify.com/track/1unn4mCNpTXBtINdImWn9p,sad
0otAxjyZAz9iphrgh0pAYF,The Ellie Badge,Atlantic Lights,The Ellie Badge,2021-07-15,49,85693,https://open.spotify.com/track/0otAxjyZAz9iphrgh0pAYF,sad
3Ch6KUaWojcIFpdCXE8yYE,It's Not So Bad,"Dybbukk, Sabrina Gomes",It's Not So Bad,2021-01-05,63,140617,https://open.spotify.com/track/3Ch6KUaWojcIFpdCXE8yYE,sad
6WlmEymaXKMRs3D2c4j6os,Inside Out,Duster,Stratosphere,1998-02-24,73,141040,https://open.spotify.com/track/6WlmEymaXKMRs3D2c4j6os,sad
2d6yeKVX8B1dFV5nw3SLrI,Jealous - Sped Up,noturgf,Jealous (Sped Up),2023-01-13,51,111647,https://open.spotify.com/track/2d6yeKVX8B1dFV5nw3SLrI,sad
1wJb6uDerDmE6zwOYgUCUT,Broke My Mind,Undoing,Broke My Mind,2023-03-10,0,74002,https://open.spotify.com/track/1wJb6uDerDmE6zwOYgUCUT,sad
1knLO3lFuMcfkA9L5IpkKW,shadow bonnie music box (FNAF 2),b1n4ry,shadow bonnie music box (FNAF 2),2022-01-04,0,144071,https://open.spotify.com/track/1knLO3lFuMcfkA9L5IpkKW,sad
5K9tfeoiztw94dyWzF39jq,moment,Vierre Cloud,moment,2019-12-19,68,129543,https://open.spotify.com/track/5K9tfeoiztw94dyWzF39jq,sad
01Rc6yXYtujAnMaR1NME11,I'll Keep You Safe,"sagun, Shiloh Dynasty",I'll Keep You Safe,2017-10-06,63,185875,https://open.spotify.com/track/01Rc6yXYtujAnMaR1NME11,sad
0MwFC8WoPCjq2H3UES2aos,Karma - Sped Up,Summer Walker,Last Day Of Summer (Sped Up),2022-10-31,47,161540,https://open.spotify.com/track/0MwFC8WoPCjq2H3UES2aos,sad
4OWa2dOlmtvMDhFrFL0QA1,"La leçon particulière - Bande originale du film ""La leçon particulière""","Francis Lai, Christian Gaubert",Mayerling,2003-01-01,66,105560,https://open.spotify.com/track/4OWa2dOlmtvMDhFrFL0QA1,sad
59xqg5ECo9VHh9L6CKL3Fs,drowning (slowed + reverb),Vague003,drowning (remixes),2022-12-16,57,132576,https://open.spotify.com/track/59xqg5ECo9VHh9L6CKL3Fs,sad
1pmHy0UcUneFeyaMqQyh6V,Gilded Lily - Slowed + Reverb,Cults,Offering,2022-10-26,51,258536,https://open.spotify.com/track/1pmHy0UcUneFeyaMqQyh6V,sad
3VIJBrMpvimHEw5wtPh2wB,Money,The Drums,Portamento,2011-01-01,74,233639,https://open.spotify.com/track/3VIJBrMpvimHEw5wtPh2wB,sad
0gqTcbYGqhvbwh8RlOZdHn,money (slowed & reverb),ciaffa,money (versions),2023-09-06,0,154851,https://open.spotify.com/track/0gqTcbYGqhvbwh8RlOZdHn,sad
1EmqcQ2ISqGzXSY2adNMoZ,Džanum - Slowed,Teya Dora,Džanum - Slowed,2023-08-19,48,204759,https://open.spotify.com/track/1EmqcQ2ISqGzXSY2adNMoZ,sad
1zzY9Ld3S2KG9yhjGIEaxP,Encosta,cenphonex,Encosta,2023-09-17,0,281681,https://open.spotify.com/track/1zzY9Ld3S2KG9yhjGIEaxP,sad
0MsTPYCpMwTlhq3XrtRTT1,Džanum - Sped Up,Teya Dora,Džanum - Sped up,2023-08-25,51,138000,https://open.spotify.com/track/0MsTPYCpMwTlhq3XrtRTT1,sad
1ZEOIhSn6BKErV59bIgn76,California Dreamin',The Mamas & The Papas,All The Leaves Are Brown The Golden Era Collection,2001-08-28,73,160373,https://open.spotify.com/track/1ZEOIhSn6BKErV59bIgn76,sad
51Grh1RyUDcMBbpuyUIUHI,rises the moon,Liana Flores,recently,2019-04-10,81,161929,https://open.spotify.com/track/51Grh1RyUDcMBbpuyUIUHI,sad
5LzZRzljh6GNyPauhJL4Qz,Aruarian Dance,ciaffa,Aruarian Dance,2023-10-23,0,227282,https://open.spotify.com/track/5LzZRzljh6GNyPauhJL4Qz,sad
7yn7iEJXUEhG5udDJxnFtF,revenge sped up,Rufy,cigkofte ayran kadar guzel sarkilar,2023-04-07,0,175014,https://open.spotify.com/track/7yn7iEJXUEhG5udDJxnFtF,sad
6fjVGGsWVoxwQOakodFNdS,Cardigan,xarahs,Cardigan,2023-04-10,0,244655,https://open.spotify.com/track/6fjVGGsWVoxwQOakodFNdS,sad
4WG3mAQIGHQJalK922wAiG,Memory Reboot - Slowed,"VØJ, Narvent",Memory Reboot (Slowed),2023-01-13,62,236307,https://open.spotify.com/track/4WG3mAQIGHQJalK922wAiG,sad
5qVSAlaXWbGY3Y6gXRxbAM,Memory Reboot - Over Slowed,"VØJ, Narvent",Memory Reboot (Over Slowed),2023-01-13,56,282610,https://open.spotify.com/track/5qVSAlaXWbGY3Y6gXRxbAM,sad
5QmdK8QFbY8TLVKPuJzexD,Dark Beach,Pastel Ghost,Abyss,2015-03-10,3,222000,https://open.spotify.com/track/5QmdK8QFbY8TLVKPuJzexD,sad
4TimKwMIY6mTJXEdSilVP9,Shadows,Pastel Ghost,Abyss,2015-03-10,1,208613,https://open.spotify.com/track/4TimKwMIY6mTJXEdSilVP9,sad
1M0lQNj3TeCzmRXq8laWGE,Lost Memory,"VØJ, Narvent",Lost Memory,2023-05-26,46,157597,https://open.spotify.com/track/1M0lQNj3TeCzmRXq8laWGE,sad
403EjoWwYSX37paKSySxs1,Silhouette,Pastel Ghost,Silhouette,2013-07-09,1,239999,https://open.spotify.com/track/403EjoWwYSX37paKSySxs1,sad
0fxrED7Uh7e0waswxKW3IM,Girl of My Dreams,Guti,Girl of My Dreams,2019-12-14,1,222981,https://open.spotify.com/track/0fxrED7Uh7e0waswxKW3IM,sad
69pHMM7biztKZHCTnxnzFI,numb,my head is empty,ambient vol 3,2023-01-13,63,101818,https://open.spotify.com/track/69pHMM7biztKZHCTnxnzFI,sad
0X4YYZtZcvqNqYIpMd93IT,i was only temporary,my head is empty,i was only temporary,2023-10-20,72,98621,https://open.spotify.com/track/0X4YYZtZcvqNqYIpMd93IT,sad
4sRmzVSedvFkENbSJ342Ex,Cherry,Chromatics,Cherry (Deluxe),2017-12-09,57,271952,https://open.spotify.com/track/4sRmzVSedvFkENbSJ342Ex,sad
60XSoNM9VfTK5NKg08xfFO,Where you are (Vocals only),Halal Beats,Where you are (Vocals only),2021-01-26,0,164000,https://open.spotify.com/track/60XSoNM9VfTK5NKg08xfFO,sad
33iv4ikGd0KboI6xNPL80i,Dark Side Of The Moon,suisside,Dark Side Of The Moon,2020-11-30,66,168572,https://open.spotify.com/track/33iv4ikGd0KboI6xNPL80i,sad
0xahPNJVFHGMEFxu9kergk,September,Sparky Deathcap,September,2009,61,189681,https://open.spotify.com/track/0xahPNJVFHGMEFxu9kergk,sad
2mei1NCzlPpkh98PzEqc4N,Memoir #02 [06.12.09],"Maria Pseftoga, May Roosevelt",Memoir #02 [06.12.09],2010-07-05,58,117818,https://open.spotify.com/track/2mei1NCzlPpkh98PzEqc4N,sad
3jjsRKEsF42ccXf8kWR3nu,Washing Machine Heart,Mitski,Be the Cowboy,2018-08-17,82,128198,https://open.spotify.com/track/3jjsRKEsF42ccXf8kWR3nu,sad
3UmLYeRY9m1nH1ZxI0dr0i,Nature,Jonny Boy,Nature,2021-05-31,0,59000,https://open.spotify.com/track/3UmLYeRY9m1nH1ZxI0dr0i,sad
3IznIgmXtrUaoPWpQTy5jB,Not Allowed,TV Girl,Who Really Cares,2016-02-25,83,167864,https://open.spotify.com/track/3IznIgmXtrUaoPWpQTy5jB,sad
6E1YebXpPPtujMUljDNlOo,Kerosene,Crystal Castles,(III),2012-01-01,60,192000,https://open.spotify.com/track/6E1YebXpPPtujMUljDNlOo,sad
6pj9JkwBA6VzYdLXvaJkPh,September - Instrumental,Sparky Deathcap,September,2009,63,189680,https://open.spotify.com/track/6pj9JkwBA6VzYdLXvaJkPh,sad
72qSU1mTkBpwokctNf6KNv,Resonance - Slowed & Reverb,noturgf,Resonance (Slowed & Reverb),2023-01-07,63,318169,https://open.spotify.com/track/72qSU1mTkBpwokctNf6KNv,sad
1QxcWlk8PivolUaWcpAoNq,Who Is She ?,I Monster,Neveroddoreven,2005-01-27,69,213373,https://open.spotify.com/track/1QxcWlk8PivolUaWcpAoNq,sad
6Q5uDNuuFYa8ToL3CCoHPC,Poison Tree,Grouper,Inca Ore / Grouper,2008-06-03,74,196893,https://open.spotify.com/track/6Q5uDNuuFYa8ToL3CCoHPC,sad
02zOsKCvPp104mGygZiA9P,"Dire Dire Docks Theme (From ""Super Mario 64"")",Video Game Players,The Mario Collection,2015-04-16,38,184347,https://open.spotify.com/track/02zOsKCvPp104mGygZiA9P,sad
0QeGXwec97L7uLotFiCG0o,The One That Got Away,"Jun Senoue, Masashi Hamauzu, Masato Nakamura",The One That Got Away,2023-10-29,32,311796,https://open.spotify.com/track/0QeGXwec97L7uLotFiCG0o,sad
71UvSQZMhrT5jVNbfDvnpU,everything works out in the end (best part looped),"ciaffa, fedo DJ, Sinom",everything works out in the end (best part looped),2023-09-28,0,208175,https://open.spotify.com/track/71UvSQZMhrT5jVNbfDvnpU,sad
47UkAwI7ygrMl6JZ5ZExPQ,Long Whale Song,SymphoCat,Long Whale Song,2020-07-17,55,1165355,https://open.spotify.com/track/47UkAwI7ygrMl6JZ5ZExPQ,sad
3DK6m7It6Pw857FcQftMds,Runaway,"Kanye West, Pusha T",My Beautiful Dark Twisted Fantasy,2010-11-22,82,547733,https://open.spotify.com/track/3DK6m7It6Pw857FcQftMds,sad
5INzvllYMlajboTg4dcTIw,Return to Zero Возвращайся Beztebya - Slowed Reverb,"Marc Acardipane, angel vox, Dayerteq",Return to Zero Возвращайся Beztebya,2023-12-22,59,136000,https://open.spotify.com/track/5INzvllYMlajboTg4dcTIw,sad
3SarK1sebXFdOraul9Bkwk,Scheming - Instrumental Slowed,you lost,Scheming (Instrumental Slowed),2023-05-05,0,72212,https://open.spotify.com/track/3SarK1sebXFdOraul9Bkwk,sad
1MnGzuy6UXzqsK5aDIxB5h,you know i love you,Saltyngget,Real..,2023-11-07,0,61113,https://open.spotify.com/track/1MnGzuy6UXzqsK5aDIxB5h,sad
0M6urYKXizSJgtuipqmctu,Gilded Lily - Sped Up,Cults,Offering,2022-10-26,59,192727,https://open.spotify.com/track/0M6urYKXizSJgtuipqmctu,sad
1jDJFeK9x3OZboIAHsY9k2,I'm Still Standing,Elton John,Too Low For Zero,1983-05-30,83,183440,https://open.spotify.com/track/1jDJFeK9x3OZboIAHsY9k2,sad
5yUxKHl7lJvzQiJtr3uSdm,In a Beautiful Way - Opening Title Ver.,Kim Kyung Hee,Queen of Tears (Original Television Soundtrack) Special,2024-04-30,49,56400,https://open.spotify.com/track/5yUxKHl7lJvzQiJtr3uSdm,sad
1amowbJ9HHFFSFdg2ubM7G,The Reasons of My Smiles,BSS,"Queen of Tears (Original Television Soundtrack), Pt.1",2024-03-10,61,213773,https://open.spotify.com/track/1amowbJ9HHFFSFdg2ubM7G,sad
7nxoUuqcsDfv3PsPGeciWy,Tell Me It's Not a Dream,10CM,"Queen of Tears (Original Television Soundtrack), Pt.2",2024-03-16,60,235506,https://open.spotify.com/track/7nxoUuqcsDfv3PsPGeciWy,sad
69Bx1c9Hzv7IZGkLyFCeMw,Hold Me Back,Heize,"Queen of Tears (Original Television Soundtrack), Pt.3",2024-03-17,58,232026,https://open.spotify.com/track/69Bx1c9Hzv7IZGkLyFCeMw,sad
0UaaFmF3xUwMjnuAHBq7qL,Love You With All My Heart,Crush,"Queen of Tears (Original Television Soundtrack), Pt.4",2024-03-24,67,244186,https://open.spotify.com/track/0UaaFmF3xUwMjnuAHBq7qL,sad
5F3032rq3MJG7cDjRtj0wo,Can't Get Over You,Paul Kim,"Queen of Tears (Original Television Soundtrack), Pt.6",2024-04-06,51,245066,https://open.spotify.com/track/5F3032rq3MJG7cDjRtj0wo,sad
0sbFehFR6z0DbthqkJivpa,Fallin',Isaac Hong,"Queen of Tears (Original Television Soundtrack), Pt.5",2024-03-30,55,256573,https://open.spotify.com/track/0sbFehFR6z0DbthqkJivpa,sad
0lpRU36tC5Cq5crfYOCB6b,Heart Flutter,dori,"Queen of Tears (Original Television Soundtrack), Pt.10",2024-04-21,47,220880,https://open.spotify.com/track/0lpRU36tC5Cq5crfYOCB6b,sad
5GWgui5m1Uvn5zTuuKKTDA,Promise,Choi Yu Ree,"Queen of Tears (Original Television Soundtrack), Pt.9",2024-04-14,49,236760,https://open.spotify.com/track/5GWgui5m1Uvn5zTuuKKTDA,sad
1qXKD4HFcZZD2iCfL11zdL,From Bottom of My Heart,Kim Na Young,"Queen of Tears (Original Television Soundtrack), Pt.7",2024-04-07,49,238106,https://open.spotify.com/track/1qXKD4HFcZZD2iCfL11zdL,sad
3VNm72yGbPkxaUMhoWk15s,Last Chance,So Soo Bin,"Queen of Tears (Original Television Soundtrack), Pt.8",2024-04-13,52,248706,https://open.spotify.com/track/3VNm72yGbPkxaUMhoWk15s,sad
3QmYWX3TMAW27w3YL4PS0f,Maiden Voyage,MVI (Mark Vickness Interconnected),Maiden Voyage,2025-08-20,32,288957,https://open.spotify.com/track/3QmYWX3TMAW27w3YL4PS0f,sad
4edqP1qBW0O6f7NU5qpw1H,More Than Enough,KIM TAE RAE,"Queen of Tears (Original Television Soundtrack), Pt.11",2024-04-27,43,253640,https://open.spotify.com/track/4edqP1qBW0O6f7NU5qpw1H,sad
5Izhuc91pe6GkXLa0ApRFO,Shades of blue,Cinematic Adventures,Shades of blue,2024-02-02,29,213049,https://open.spotify.com/track/5Izhuc91pe6GkXLa0ApRFO,sad
2eogQnMkFJCU6oM9nmgvC9,Way Home,Kim Soo Hyun,Queen of Tears (Original Television Soundtrack) Special Track,2024-04-29,49,219706,https://open.spotify.com/track/2eogQnMkFJCU6oM9nmgvC9,sad
5rCeDLIiJg5OFeQuqDpTsx,Moment of Hesitation,"Hill, Astronic",Moment of Hesitation,2025-04-11,31,121311,https://open.spotify.com/track/5rCeDLIiJg5OFeQuqDpTsx,sad
38MRlJHPOzQmqkF0jkuxxS,In a Beautiful Way - Full Ver.,Kim Kyung Hee,Queen of Tears (Original Television Soundtrack) Special,2024-04-30,50,197680,https://open.spotify.com/track/38MRlJHPOzQmqkF0jkuxxS,sad
3KNhoBsxaIOINx2zqhKKK4,Heart Flutter - Inst.,dori,"Queen of Tears (Original Television Soundtrack), Pt.10",2024-04-21,28,220893,https://open.spotify.com/track/3KNhoBsxaIOINx2zqhKKK4,sad
084mYs0kg8KurRFRXHlPFK,How Far Angels Fly,"Tom De Gold, Sevyn, Astronic",How Far Angels Fly,2025-07-25,26,162513,https://open.spotify.com/track/084mYs0kg8KurRFRXHlPFK,sad
5aKxPERp4x7O7CTxCLw4KU,When I Feel Weak,"Hill, Astronic",When I Feel Weak,2025-03-14,32,152467,https://open.spotify.com/track/5aKxPERp4x7O7CTxCLw4KU,sad
4QSkY17gPTuGfb7RZFTGXD,The Reasons of My Smiles - Inst.,BSS,"Queen of Tears (Original Television Soundtrack), Pt.1",2024-03-10,36,213773,https://open.spotify.com/track/4QSkY17gPTuGfb7RZFTGXD,sad
5OwqkYHxGy1NsJPFoApFvq,Tell Me It's Not a Dream - Inst.,10CM,"Queen of Tears (Original Television Soundtrack), Pt.2",2024-03-16,34,235520,https://open.spotify.com/track/5OwqkYHxGy1NsJPFoApFvq,sad
3IFv1g9ymDqjSXbFdPjrUe,Kids,Kathleen Russo,Kids,2024-02-07,21,185677,https://open.spotify.com/track/3IFv1g9ymDqjSXbFdPjrUe,sad
0T5e6nADULj26xUNQg7m1x,Fond Farewell,Kathleen Russo,Fond Farewell,2025-04-14,23,250000,https://open.spotify.com/track/0T5e6nADULj26xUNQg7m1x,sad
44GXzwZldAeSx87YlgKS0a,Way Home - Inst.,Kim Soo Hyun,Queen of Tears (Original Television Soundtrack) Special Track,2024-04-29,31,219706,https://open.spotify.com/track/44GXzwZldAeSx87YlgKS0a,sad
2B2FhKiBfuA57tCwU8Wsnz,Hold Me Back - Inst.,Heize,"Queen of Tears (Original Television Soundtrack), Pt.3",2024-03-17,32,232026,https://open.spotify.com/track/2B2FhKiBfuA57tCwU8Wsnz,sad
7reKbT9Ukrs0H7qeIjh7VS,Promise - Inst.,Choi Yu Ree,"Queen of Tears (Original Television Soundtrack), Pt.9",2024-04-14,28,236760,https://open.spotify.com/track/7reKbT9Ukrs0H7qeIjh7VS,sad
6kavnYiJdK6yAi9dyPOzMq,Heartbreak and Hope,"Hill, Astronic",Heartbreak and Hope,2025-02-28,34,173514,https://open.spotify.com/track/6kavnYiJdK6yAi9dyPOzMq,sad
3PwVjb54q4xYatMuYe9NPM,Last Chance - Inst.,So Soo Bin,"Queen of Tears (Original Television Soundtrack), Pt.8",2024-04-13,30,248720,https://open.spotify.com/track/3PwVjb54q4xYatMuYe9NPM,sad
303cFhyathuNiOQWLrcQ7M,Nocturne,Lavito Beats,Nocturne,2025-02-07,29,118400,https://open.spotify.com/track/303cFhyathuNiOQWLrcQ7M,sad
0XtbzzWJlfcWFNOx7RyTfO,Fallin' - Inst.,Isaac Hong,"Queen of Tears (Original Television Soundtrack), Pt.5",2024-03-30,31,256573,https://open.spotify.com/track/0XtbzzWJlfcWFNOx7RyTfO,sad
7n72FpdhZdnrEEZAhE17vd,Moving,Lavito Beats,Moving,2025-01-24,27,138227,https://open.spotify.com/track/7n72FpdhZdnrEEZAhE17vd,sad
0N3Jb5HgVTDj4vujBAtltQ,Little Warrior,Philip Ancher,Little Warrior,2024-11-15,18,218965,https://open.spotify.com/track/0N3Jb5HgVTDj4vujBAtltQ,sad
12ktdfqxyS1rFipdDLrpRX,"The Fire and Rose Suite, Pt. 3",Peter Culshaw,Music From The Temple Of Light,2023-04-28,21,291240,https://open.spotify.com/track/12ktdfqxyS1rFipdDLrpRX,sad
5BdAbWBTj2x6XTs8KRtywl,Can't Get Over You - Inst.,Paul Kim,"Queen of Tears (Original Television Soundtrack), Pt.6",2024-04-06,28,245066,https://open.spotify.com/track/5BdAbWBTj2x6XTs8KRtywl,sad
08F5jhynVVEfqw66fRUX84,Knowingness - Atmos Remix,"Shambhu, Michael Manring, Kristin Hoffmann",Transcendence (Atmos Remix),2025-03-14,19,319014,https://open.spotify.com/track/08F5jhynVVEfqw66fRUX84,sad
0WP4bfAsAj5yC7JlZ456dA,The Last Dance,Lavito Beats,The Last Dance,2025-01-17,25,135000,https://open.spotify.com/track/0WP4bfAsAj5yC7JlZ456dA,sad
75zehOFqwox8lFFM8GLY7y,Love You With All My Heart - Inst.,Crush,"Queen of Tears (Original Television Soundtrack), Pt.4",2024-03-24,35,244186,https://open.spotify.com/track/75zehOFqwox8lFFM8GLY7y,sad
7ocnTgCkfcgQE8qKKccM6N,She Left,The Chill Doc,She Left,2025-01-17,36,98133,https://open.spotify.com/track/7ocnTgCkfcgQE8qKKccM6N,sad
1R4iczzfksx149bSiJ88Xw,More Than Enough - Inst.,KIM TAE RAE,"Queen of Tears (Original Television Soundtrack), Pt.11",2024-04-27,25,253653,https://open.spotify.com/track/1R4iczzfksx149bSiJ88Xw,sad
6PxFFFfJvKsyrgpBMORfAb,From Bottom of My Heart - Inst.,Kim Na Young,"Queen of Tears (Original Television Soundtrack), Pt.7",2024-04-07,27,238093,https://open.spotify.com/track/6PxFFFfJvKsyrgpBMORfAb,sad
4nXJpX7T6gBWtwoOinIhNs,Satie Walsje,Egbert Derix,Falco,2016-07-15,19,85107,https://open.spotify.com/track/4nXJpX7T6gBWtwoOinIhNs,sad
1HD06cSP42jdiGY9UTwYZz,Hold on (Intro),"Vi City, Bianca Monique, Kaitlyn M. Jackson, Ella Taylor",American Clay (The Soundtrack),2025-09-28,31,83077,https://open.spotify.com/track/1HD06cSP42jdiGY9UTwYZz,sad
7FqlGRopBBgoJMmpkqtWmy,Decom Position,Chalupacabra,Optimal Outcome,2024-11-13,0,164173,https://open.spotify.com/track/7FqlGRopBBgoJMmpkqtWmy,sad
7LBKYIiPakOCVpfSc9tH8l,Sadness,The Chill Doc,Sadness,2025-01-31,31,65472,https://open.spotify.com/track/7LBKYIiPakOCVpfSc9tH8l,sad
7bG0lyJySoNVHAPJJjt7Ld,5 Steps,Andoreni Erazo,Believing,2024-11-21,21,214245,https://open.spotify.com/track/7bG0lyJySoNVHAPJJjt7Ld,sad
7dJpGSUUAO8vtxYq8j1DDC,Follow the Sun,Reginiano,Silent Cloud,2024-01-10,17,225966,https://open.spotify.com/track/7dJpGSUUAO8vtxYq8j1DDC,sad
0cDE1IzAH6OsPpwLKT1l6t,Don't Pretend,Sik World,Don't Pretend,2025-09-12,47,164400,https://open.spotify.com/track/0cDE1IzAH6OsPpwLKT1l6t,sad
4Y98Svdd9QTCQbJvJPE4Am,Skin Me Alive,"dani perez, leo maneo",Withered Walls,2025-06-15,40,118079,https://open.spotify.com/track/4Y98Svdd9QTCQbJvJPE4Am,sad
2gjELujyj9OFVQZzS7lgJH,Don't Let Go,"Sik World, AXYL",Don't Let Go,2020-04-22,41,224332,https://open.spotify.com/track/2gjELujyj9OFVQZzS7lgJH,sad
7GEMlvcl3JtKpjtGPkYB28,desolation,"Davide Nigro, Alessandro Penna",frost,2025-05-14,39,126545,https://open.spotify.com/track/7GEMlvcl3JtKpjtGPkYB28,sad
5wPS0c8Aeqdt5pAlhQgFPt,I almost believed you,"dani perez, leo maneo",I almost believed you,2025-10-08,32,126000,https://open.spotify.com/track/5wPS0c8Aeqdt5pAlhQgFPt,sad
5Qnrgqy1pAm9GyNQOgyVFz,Fourth of July,Sufjan Stevens,Carrie & Lowell,2015-03-31,78,279316,https://open.spotify.com/track/5Qnrgqy1pAm9GyNQOgyVFz,sad
6WTfU9CRqkJsHgz977UVz8,i don't know what happened,"dani perez, leo maneo",i don't know what happened,2025-09-18,32,129959,https://open.spotify.com/track/6WTfU9CRqkJsHgz977UVz8,sad
3t9nJ079F1nheAdUqijyWe,About You,Sik World,About You,2021-03-31,38,173350,https://open.spotify.com/track/3t9nJ079F1nheAdUqijyWe,sad
7Ma4FjTX8LZFdjwq4RBzIe,Disappear,Sik World,Some Sad Songs,2025-11-07,29,174840,https://open.spotify.com/track/7Ma4FjTX8LZFdjwq4RBzIe,sad
6rdPtt4OnQRMwUQQedORW8,frost,"Davide Nigro, Alessandro Penna",frost,2025-05-14,40,106829,https://open.spotify.com/track/6rdPtt4OnQRMwUQQedORW8,sad
195LxYk2ZxtWtiP0Injnhw,red roses also fade,"dani perez, leo maneo",red roses fade too,2025-06-25,35,164639,https://open.spotify.com/track/195LxYk2ZxtWtiP0Injnhw,sad
4ys3qPP1YnF2IgEB2x8EOW,Tired,Sik World,Tired,2020-01-24,43,178303,https://open.spotify.com/track/4ys3qPP1YnF2IgEB2x8EOW,sad
5hc71nKsUgtwQ3z52KEKQk,Somebody Else,The 1975,"I like it when you sleep, for you are so beautiful yet so unaware of it",2016-02-26,72,347520,https://open.spotify.com/track/5hc71nKsUgtwQ3z52KEKQk,sad
6JbdMKrsmcYAzz5RJlbfkg,Replaced,Sik World,When Stars Align,2019-09-06,35,136666,https://open.spotify.com/track/6JbdMKrsmcYAzz5RJlbfkg,sad
0yc6Gst2xkRu0eMLeRMGCX,Apocalypse,Cigarettes After Sex,Cigarettes After Sex,2017-06-09,14,290616,https://open.spotify.com/track/0yc6Gst2xkRu0eMLeRMGCX,sad
2Ebl4n5oB9tX8jvysTT98B,Fading Rooms,leo maneo,Fading Rooms,2025-09-28,30,242280,https://open.spotify.com/track/2Ebl4n5oB9tX8jvysTT98B,sad
2rtGaCAeYtmcIvuZsvgTf6,How to Disappear Completely,Radiohead,Kid A,2000-10-02,73,356333,https://open.spotify.com/track/2rtGaCAeYtmcIvuZsvgTf6,sad
4Phnrzy56Yt0VNooKCwr3p,I Want You,Mitski,"Retired from Sad, New Career in Business",2013-08-01,0,183792,https://open.spotify.com/track/4Phnrzy56Yt0VNooKCwr3p,sad
0IwtDgqNRLmkLSkkc8BI1c,fading horizon,"shinku88, mekuru.",fading horizon,2025-10-13,29,112725,https://open.spotify.com/track/0IwtDgqNRLmkLSkkc8BI1c,sad
56eSclzdXaWU5jOJ7DX7Vp,Silver Soul,Beach House,Teen Dream,2010-01-25,66,298680,https://open.spotify.com/track/56eSclzdXaWU5jOJ7DX7Vp,sad
5zQeHVa1oEhDaeo1iJuMit,Crystal Eyes,Black Rooms,Fading Lights,2025-09-28,26,216160,https://open.spotify.com/track/5zQeHVa1oEhDaeo1iJuMit,sad
7uKoqhOj7sfF1GowMuAc6I,Organon,Men I Trust,Untourable Album,2021-08-25,0,150927,https://open.spotify.com/track/7uKoqhOj7sfF1GowMuAc6I,sad
61iGwqhbDwkXanVo5LwJyF,I Wanted to Leave,SYML,I Wanted to Leave,2022-12-23,70,203911,https://open.spotify.com/track/61iGwqhbDwkXanVo5LwJyF,sad
0M0fkDFSEGLhGO1TrHafIj,if you hadn't left,"dani perez, leo maneo",if you hadn't left,2025-09-18,30,99959,https://open.spotify.com/track/0M0fkDFSEGLhGO1TrHafIj,sad
0l97Q0g5kuEzZrEUeNchea,remember when... (slowed+reverbed),"foreveralone, Memoria Futuri",remember when... (slowed+reverbed),2024-11-22,48,123287,https://open.spotify.com/track/0l97Q0g5kuEzZrEUeNchea,sad
2GNNXqupreTkqYfRGS0RJl,that tuesday,"dani perez, leo maneo",that tuesday,2025-09-18,30,209959,https://open.spotify.com/track/2GNNXqupreTkqYfRGS0RJl,sad
7hsI66hd2zDvcqDMOkGkfy,hostage,Billie Eilish,dont smile at me (Expanded Edition),2017-08-11,54,229425,https://open.spotify.com/track/7hsI66hd2zDvcqDMOkGkfy,sad
2QzKAF0y1BQhxwg8N05Uog,Watching Him Fade Away,Mac DeMarco,This Old Dog,2017-05-05,73,143080,https://open.spotify.com/track/2QzKAF0y1BQhxwg8N05Uog,sad
5hhX5ZK9kSh9t1OE6lKo0I,fading horizon (Slowed + Reverb),"shinku88, mekuru.",fading horizon,2025-10-13,34,140906,https://open.spotify.com/track/5hhX5ZK9kSh9t1OE6lKo0I,sad
0H70YgDk6HW6hI2pTOiMDt,i still hear your voice,"foreveralone, Memoria Futuri",the voices in my head,2025-03-14,37,164705,https://open.spotify.com/track/0H70YgDk6HW6hI2pTOiMDt,sad
2n13SaucyJ8E6jCmLbYNz8,Black Velvet,Black Rooms,Fading Lights,2025-09-28,25,259720,https://open.spotify.com/track/2n13SaucyJ8E6jCmLbYNz8,sad
3BQHpFgAp4l80e1XslIjNI,Yesterday - Remastered 2009,The Beatles,Help! (Remastered),1965-08-06,76,125666,https://open.spotify.com/track/3BQHpFgAp4l80e1XslIjNI,sad
01wXfCBo77uUC28WA3V632,remember when...,"foreveralone, Memoria Futuri",remember when...,2024-11-22,48,98630,https://open.spotify.com/track/01wXfCBo77uUC28WA3V632,sad
2VzltGCAMz7wP43pV7JTvR,Silver Echoes,Black Rooms,Fading Lights,2025-09-28,29,218160,https://open.spotify.com/track/2VzltGCAMz7wP43pV7JTvR,sad
57klXSpBXtdDOriCLLy9rQ,Growing Pains,Ethel Cain,Carpet Bed EP,2019-09-13,47,328769,https://open.spotify.com/track/57klXSpBXtdDOriCLLy9rQ,sad
3xhFURdfx2vhCLeH4S5W9h,Everything Reminds Me Of You,Take Care,Agony,2022-09-10,65,206624,https://open.spotify.com/track/3xhFURdfx2vhCLeH4S5W9h,sad
7IZsgQh7p2oyTnnSdc2jU9,Let it go tonight,The Canyons,No Turning Back,2025-10-08,23,272159,https://open.spotify.com/track/7IZsgQh7p2oyTnnSdc2jU9,sad
5ZVlBOS9feoYlpvyoN5whd,derealization,"Memoria Futuri, foreveralone",derealization,2025-01-10,36,145822,https://open.spotify.com/track/5ZVlBOS9feoYlpvyoN5whd,sad
2cbic3TiUENlJX91y67ARR,Skinny Love,Bon Iver,"For Emma, Forever Ago",2008-02-19,1,238520,https://open.spotify.com/track/2cbic3TiUENlJX91y67ARR,sad
4N2ibi4kcH4D5ZYYvMiKsg,Class of 2013,Mitski,"Retired from Sad, New Career in Business",2013-08-01,0,109824,https://open.spotify.com/track/4N2ibi4kcH4D5ZYYvMiKsg,sad
6nmreIVoWe8IYE1uhz4yfG,I'll Wait,"inanotherlife, deadlove",I'll Wait,2025-11-04,14,100408,https://open.spotify.com/track/6nmreIVoWe8IYE1uhz4yfG,sad
2ZeOoxECJBq2eyZ3Sg8wH3,i wanna love you forever,eliii,i wanna love you forever,2025-09-19,41,182284,https://open.spotify.com/track/2ZeOoxECJBq2eyZ3Sg8wH3,sad
0Vwc4ONQtM3dEVcCMnLDHc,By Your Side,Flatsound,By Your Side / Destroy You,2018-04-16,50,199125,https://open.spotify.com/track/0Vwc4ONQtM3dEVcCMnLDHc,sad
6BXjxTBPl3zDFSj82w6ZNf,Curl up & Die,Matt Maltese,Krystal,2019-11-08,0,202022,https://open.spotify.com/track/6BXjxTBPl3zDFSj82w6ZNf,sad
34srvU5U3ismiyv0FoNdyE,our last moment,"Memoria Futuri, foreveralone",our last moment,2024-09-13,45,122629,https://open.spotify.com/track/34srvU5U3ismiyv0FoNdyE,sad
6Ml8r8mmwj6YezD2kMKH9e,where we met,"inanotherlife, deadlove",where we met,2025-10-17,32,86428,https://open.spotify.com/track/6Ml8r8mmwj6YezD2kMKH9e,sad
6gz3orrUlKresI8GShSkdq,A Burning Hill,Mitski,Puberty 2,2016-06-17,63,109627,https://open.spotify.com/track/6gz3orrUlKresI8GShSkdq,sad
3PrMS74RvU8L1Dls0WrrMw,the night i lost you,"foreveralone, Memoria Futuri",the voices in my head,2025-03-14,39,153286,https://open.spotify.com/track/3PrMS74RvU8L1Dls0WrrMw,sad
6NDca8fj6JYLMZoYCCgnq8,If We Could Just Pretend,Flatsound,If We Could Just Pretend,2015-03-05,45,266000,https://open.spotify.com/track/6NDca8fj6JYLMZoYCCgnq8,sad
3Kfdz89KfewPFC3iqEw8R4,Moonlit Skin,Black Rooms,Fading Lights,2025-09-28,26,213720,https://open.spotify.com/track/3Kfdz89KfewPFC3iqEw8R4,sad
4bQGjPWatub54f5zQ9cGXv,"You Wrote ""Don't Forget"" On Your Arm",Flatsound,Four Songs for Losing You,2015-09-21,0,211500,https://open.spotify.com/track/4bQGjPWatub54f5zQ9cGXv,sad
3sTqcGS4uYT3LfhvRvBCRm,disappearance,"foreveralone, Memoria Futuri",the voices in my head,2025-03-14,29,89072,https://open.spotify.com/track/3sTqcGS4uYT3LfhvRvBCRm,sad
57V4uc2b2diZ4RPHXWecb9,Like Real People Do,Hozier,Hozier (Expanded Edition),2014-09-19,74,198026,https://open.spotify.com/track/57V4uc2b2diZ4RPHXWecb9,sad
0gOz9JUXsaKVzLTSmFDtdo,A Soulmate Who Wasn’t Meant to Be,Jess Benko,"Do You Love Me, or Are You Just Lonely?",2019-07-19,60,316556,https://open.spotify.com/track/0gOz9JUXsaKVzLTSmFDtdo,sad
4y9vLiQ9mQb6XNEtc4K6ou,Thunder,Lana Del Rey,Blue Banisters,2021-10-22,66,259466,https://open.spotify.com/track/4y9vLiQ9mQb6XNEtc4K6ou,sad
2HUpKHenqU72u8QQZ0vDJt,Room to Breathe,Aurora Lane,Golden Hours,2025-09-26,25,209600,https://open.spotify.com/track/2HUpKHenqU72u8QQZ0vDJt,sad
20BY1UixbiTC8Qe5XAoapQ,its youu,foreveralone,its youu,2025-09-12,33,110508,https://open.spotify.com/track/20BY1UixbiTC8Qe5XAoapQ,sad
1RB8jMVr0eSo6ExOOvXavV,All I Need To Hear,The 1975,Being Funny In A Foreign Language,2022-10-14,58,210447,https://open.spotify.com/track/1RB8jMVr0eSo6ExOOvXavV,sad
45ROR8UMn60YEVQnDy0uVF,Juliet,Cavetown,Animal Kingdom,2019-04-12,71,278991,https://open.spotify.com/track/45ROR8UMn60YEVQnDy0uVF,sad
4hjbxjZpJ8H6qRCzDOGI0M,Sick of Losing Soulmates,dodie,Sick of Losing Soulmates,2016-10-14,47,267377,https://open.spotify.com/track/4hjbxjZpJ8H6qRCzDOGI0M,sad
6aDyiU2cVrqh33UEnEo3WA,6/10,dodie,6/10,2017-07-07,38,185504,https://open.spotify.com/track/6aDyiU2cVrqh33UEnEo3WA,sad
06TfFbD9XTbselBOZy83Sx,to be eighteen,Katie Gregson-MacLeod,songs written for piano,2022-12-02,29,190093,https://open.spotify.com/track/06TfFbD9XTbselBOZy83Sx,sad
3uS7pHvPRtJlyukzNZGpcO,I Bet on Losing Dogs,Mitski,Puberty 2,2016-06-17,0,170240,https://open.spotify.com/track/3uS7pHvPRtJlyukzNZGpcO,sad
57VAuR1WgKFzcpO3ujQx9A,Harbor,Clairo,Sling,2021-07-16,57,264011,https://open.spotify.com/track/57VAuR1WgKFzcpO3ujQx9A,sad
33riuTg9aVoiRhHTqm2Qq8,The Ellie Badge,Michael Giacchino,Up (Original Motion Picture Soundtrack),2009-01-01,56,90346,https://open.spotify.com/track/33riuTg9aVoiRhHTqm2Qq8,sad
7vuYfz0siJY66fLEiDKnEh,QKThr,Aphex Twin,Drukqs,2001-10-22,0,87466,https://open.spotify.com/track/7vuYfz0siJY66fLEiDKnEh,sad
0jpEKGcoyt7oNpgI9S9cbA,my angel,Adrianne Lenker,songs,2020-10-23,64,304871,https://open.spotify.com/track/0jpEKGcoyt7oNpgI9S9cbA,sad
0stDIlPCHQ0R9n1z8KLi42,I'll Wait (Slowed + Reverbed),"inanotherlife, deadlove",I'll Wait,2025-11-04,5,125510,https://open.spotify.com/track/0stDIlPCHQ0R9n1z8KLi42,sad
41cpvQ2GyGb2BRdIRSsTqK,Moon River,Frank Ocean,Moon River,2018-02-14,76,188323,https://open.spotify.com/track/41cpvQ2GyGb2BRdIRSsTqK,sad
6NjP6CP3ILp0SrczlWcMvv,Everybody Loves You,Charlotte Lawrence,Everybody Loves You,2018-05-30,41,204648,https://open.spotify.com/track/6NjP6CP3ILp0SrczlWcMvv,sad
6d2R5kZDIYs82XdxBNCiCN,fall into u,Oscar Lang,To Whom It May Concern,2018-08-17,59,212000,https://open.spotify.com/track/6d2R5kZDIYs82XdxBNCiCN,sad
2vnVkHPckitpXFyC2Q2ULG,If We Make It Through December,Phoebe Bridgers,If We Make It Through December,2020-11-24,48,179074,https://open.spotify.com/track/2vnVkHPckitpXFyC2Q2ULG,sad
7iPlcFvOMOzt6v0QvcAueZ,I Always Wanna Die (Sometimes),The 1975,A Brief Inquiry Into Online Relationships,2018-11-30,63,314662,https://open.spotify.com/track/7iPlcFvOMOzt6v0QvcAueZ,sad
1HK419vcF6FfVzorQ6e1kb,All the Things...,The Milk Carton Kids,All the Things That I Did and All the Things That I Didn't Do,2018-06-29,29,286093,https://open.spotify.com/track/1HK419vcF6FfVzorQ6e1kb,sad
5GMQdzgtI7vtpmtps2YiYx,Beautiful Boy (Darling Boy) - 2010 Remastered,John Lennon,Beautiful Boy (Original Motion Picture Soundtrack),2018-10-12,64,242044,https://open.spotify.com/track/5GMQdzgtI7vtpmtps2YiYx,sad
7CiDwKE62N6ey3LyG6s7xc,In My Room,Chance Peña,In My Room,2022-05-06,76,177609,https://open.spotify.com/track/7CiDwKE62N6ey3LyG6s7xc,sad
2I07Lbee7UvoAdlTAl37AM,Medicine,Daughter,The Wild Youth EP,2011-11-21,65,258986,https://open.spotify.com/track/2I07Lbee7UvoAdlTAl37AM,sad
0ElpbbncWT9aS7mgoqEHbQ,Where's My Love - Acoustic,SYML,Where's My Love,2017-07-07,75,239880,https://open.spotify.com/track/0ElpbbncWT9aS7mgoqEHbQ,sad
2LY95oBAiaHzWkqKjEwvOT,Lonely,dandelion hands,19,2017-01-01,52,194026,https://open.spotify.com/track/2LY95oBAiaHzWkqKjEwvOT,sad
4CiqKccFFYGmFPz7HVTjfW,Euphor,"Novo Amor, Lowswimmer",Heiress,2017-11-10,66,243466,https://open.spotify.com/track/4CiqKccFFYGmFPz7HVTjfW,sad
3XwTKOAP8Syq2GAcKBCAmN,I Lost a Friend,FINNEAS,Blood Harmony,2019-10-04,60,237020,https://open.spotify.com/track/3XwTKOAP8Syq2GAcKBCAmN,sad
01K4zKU104LyJ8gMb7227B,Nothing New (feat. Phoebe Bridgers) (Taylor’s Version) (From The Vault),"Taylor Swift, Phoebe Bridgers",Red (Taylor's Version),2021-11-12,70,258812,https://open.spotify.com/track/01K4zKU104LyJ8gMb7227B,sad
0SUDiaR0qm30fXVGPjPvRp,Visions of Gideon,Sufjan Stevens,Call Me By Your Name (Original Motion Picture Soundtrack),2017-11-03,66,247808,https://open.spotify.com/track/0SUDiaR0qm30fXVGPjPvRp,sad
1sFbPuShR6R8v6vSMkx02x,Possibility,Lykke Li,Possibility,2022-12-02,66,306440,https://open.spotify.com/track/1sFbPuShR6R8v6vSMkx02x,sad
40Fmr4mXhz4PtrMAPTnoXB,Destroy Myself Just For You,Montell Fish,JAMIE,2022-07-22,73,146000,https://open.spotify.com/track/40Fmr4mXhz4PtrMAPTnoXB,sad
7uo2L5FAja3pWIBa3HJVeC,could you love me while i hate myself,Zeph,scared of everything,2021-10-15,55,60333,https://open.spotify.com/track/7uo2L5FAja3pWIBa3HJVeC,sad
0C4HSQqASz6LAm4tJXDrQa,The Night You Said Goodbye,Eddie Gold,Echoes of Love,2025-09-27,29,188040,https://open.spotify.com/track/0C4HSQqASz6LAm4tJXDrQa,sad
3uxdBOY4eCts8eOS03J9Qf,j's lullaby (darlin' i'd wait for you),Delaney Bailey,(i would have followed you),2022-12-16,65,289040,https://open.spotify.com/track/3uxdBOY4eCts8eOS03J9Qf,sad
4g2WiijzSKzH8PApKDbadN,Touch,Sleeping At Last,Atlas: II,2019-11-01,67,256299,https://open.spotify.com/track/4g2WiijzSKzH8PApKDbadN,sad
1zqxYmUku2McZZe7tXibAt,Lost With You,Patrick Watson,Lost With You,2020-10-30,67,175644,https://open.spotify.com/track/1zqxYmUku2McZZe7tXibAt,sad
7EDcAz6iuKSkxH4VcC3Oko,I Wait for You,alex_g_offline,1234,2023-07-09,75,158104,https://open.spotify.com/track/7EDcAz6iuKSkxH4VcC3Oko,sad
5W6BA8Wa8JZGKdliH2gkwO,She Likes Another Boy,Oscar Lang,She Likes Another Boy + Talk 2 U,2017-07-23,65,207826,https://open.spotify.com/track/5W6BA8Wa8JZGKdliH2gkwO,sad
6F5mZpEEjhsAW8UEqbIpz1,Tired,beabadoobee,Patched Up,2018-12-07,71,199514,https://open.spotify.com/track/6F5mZpEEjhsAW8UEqbIpz1,sad
7iqQz931tn59mK6IZ3knRx,Dealer,Lana Del Rey,Blue Banisters,2021-10-22,71,274293,https://open.spotify.com/track/7iqQz931tn59mK6IZ3knRx,sad
3xO7yLHU8cTglvxXHFdrSc,retire (final),Alvedon,hurry up mixtape,2021-08-01,0,214588,https://open.spotify.com/track/3xO7yLHU8cTglvxXHFdrSc,sad
0JIMT9gzLIIz0esKLyjbKf,Telephones,Vacations,Changes,2018,81,212432,https://open.spotify.com/track/0JIMT9gzLIIz0esKLyjbKf,sad
7Ko1ZXgGku1hjFH7LIfD33,Become the Warm Jets,Current Joys,A Different Age,2018-03-02,1,334901,https://open.spotify.com/track/7Ko1ZXgGku1hjFH7LIfD33,sad
21uFPefbgeR3QLVJWATlrr,Scott Street,Phoebe Bridgers,Stranger in the Alps (Deluxe Edition),2018-10-02,74,305000,https://open.spotify.com/track/21uFPefbgeR3QLVJWATlrr,sad
2xxjQg2hh2Rjm7EY9OhZXY,Agony,Yung Lean,Stranger,2017-11-10,64,214173,https://open.spotify.com/track/2xxjQg2hh2Rjm7EY9OhZXY,sad
0j3mqDTK4Z6lvrLzFCUUz6,Good Looking,Suki Waterhouse,Good Looking,2022-08-18,69,214800,https://open.spotify.com/track/0j3mqDTK4Z6lvrLzFCUUz6,sad
6Ox1rvlwEpB49drasQm6RF,Star Shopping,Lil Peep,Star Shopping,2015,3,142000,https://open.spotify.com/track/6Ox1rvlwEpB49drasQm6RF,sad
6Zrs6gUUaSkM1Z7d0FxOlF,Present,Lloyd Vaan,Lens Flare,2021-10-29,73,146000,https://open.spotify.com/track/6Zrs6gUUaSkM1Z7d0FxOlF,sad
3stWWPN41byqp8loPdy92u,Master of None,Beach House,Beach House,2006-10-03,77,199413,https://open.spotify.com/track/3stWWPN41byqp8loPdy92u,sad
7g3g00RKlqSIe2G8KKCgsE,Killswitch Lullaby,Flawed Mangoes,Killswitch Lullaby,2023-08-02,70,147096,https://open.spotify.com/track/7g3g00RKlqSIe2G8KKCgsE,sad
11hEwcy9LMEvzAlOYAFhkK,"not a lot, just forever",Adrianne Lenker,songs,2020-10-23,79,250198,https://open.spotify.com/track/11hEwcy9LMEvzAlOYAFhkK,sad
4JdYapRlYv67LnjrkDhZVX,"Think Of Me Once In A While, Take Care",Take Care,Agony,2022-09-10,72,103500,https://open.spotify.com/track/4JdYapRlYv67LnjrkDhZVX,sad
5411TEB6tlzvuF5A4oyldr,Francis Forever,Mitski,Bury Me At Makeout Creek,2014-11-11,73,149680,https://open.spotify.com/track/5411TEB6tlzvuF5A4oyldr,sad
1KuVEZR4xuQVNr1KkanAV4,The Other Woman,Lana Del Rey,Ultraviolence (Deluxe),2014-01-01,75,181960,https://open.spotify.com/track/1KuVEZR4xuQVNr1KkanAV4,sad
1i8dJGpKO0xQiKGCVslJqB,half return,Adrianne Lenker,songs,2020-10-23,74,128700,https://open.spotify.com/track/1i8dJGpKO0xQiKGCVslJqB,sad
1hJXpII24ReABFg8Ig6k7w,Abbey,Mitski,Lush,2012-01-31,68,166706,https://open.spotify.com/track/1hJXpII24ReABFg8Ig6k7w,sad
5nVE45ithgyVocZp5XLAk6,The Bug Collector,Haley Heynderickx,I Need to Start a Garden,2018-03-02,66,228459,https://open.spotify.com/track/5nVE45ithgyVocZp5XLAk6,sad
5YhYzgnAgRj1sKXLqcaM6N,We Say Goodbye,Solya,We Say Goodbye,2024-05-31,52,143267,https://open.spotify.com/track/5YhYzgnAgRj1sKXLqcaM6N,sad
6pZ9Nj3vzj1RW4ZkR9GcQ9,Living Legend,Lana Del Rey,Blue Banisters,2021-10-22,68,241426,https://open.spotify.com/track/6pZ9Nj3vzj1RW4ZkR9GcQ9,sad
1fkJeS8eigd7lwml2aqIGG,sun and moon,mage tears,cats in the cold,2022-08-17,54,200614,https://open.spotify.com/track/1fkJeS8eigd7lwml2aqIGG,sad
34q8siON3Dxf5HFVt3pynf,Blouse,Clairo,Blouse,2021-06-11,43,195376,https://open.spotify.com/track/34q8siON3Dxf5HFVt3pynf,sad
1PDP7mLiAMwhfmgIwzhOm2,Yebba’s Heartbreak,"Drake, Yebba",Certified Lover Boy,2021-09-03,79,133762,https://open.spotify.com/track/1PDP7mLiAMwhfmgIwzhOm2,sad
1Bh0UzthW8pKEnYg7v40Oa,Heavenly,Cigarettes After Sex,Cry,2019-10-25,1,288595,https://open.spotify.com/track/1Bh0UzthW8pKEnYg7v40Oa,sad
27lrWvyRfRh7Q53jzDkEVl,I'm So Happy,Elliott Fullam,What's Wrong,2022-09-02,36,214455,https://open.spotify.com/track/27lrWvyRfRh7Q53jzDkEVl,sad
3rTnGUeDrnZV22DvRuUuXr,Wait,M83,"Hurry Up, We're Dreaming",2011,62,343253,https://open.spotify.com/track/3rTnGUeDrnZV22DvRuUuXr,sad
70LcF31zb1H0PyJoS1Sx1r,Creep,Radiohead,Pablo Honey,1993-02-22,91,238640,https://open.spotify.com/track/70LcF31zb1H0PyJoS1Sx1r,sad
36c2NifUp0GDnoOQT5unhR,Butterfly's Repose,Zabawa,Butterfly's Repose,2020-03-14,50,309079,https://open.spotify.com/track/36c2NifUp0GDnoOQT5unhR,sad
68yZi0JaSwsDD7PxB34P9T,Upside Down,Teethe,Teethe,2020-11-13,48,154000,https://open.spotify.com/track/68yZi0JaSwsDD7PxB34P9T,sad
7IidonL2EoEdjzFJSbmhmG,Her Sinking Sun,Coma Cinema,Blue Suicide,2011-03-15,47,153234,https://open.spotify.com/track/7IidonL2EoEdjzFJSbmhmG,sad
3s9eWdn8IymCPvVLcKpjww,The Moon Song,"beabadoobee, Oscar Lang",The Moon Song,2017-11-06,61,141040,https://open.spotify.com/track/3s9eWdn8IymCPvVLcKpjww,sad
1KhSRq5A95Pj3yseW6uK7P,Used To Be Friends,Searows,Guard Dog,2022-09-30,0,335503,https://open.spotify.com/track/1KhSRq5A95Pj3yseW6uK7P,sad
4xS9Qup5nnVhvTXN76NEW9,My Friends Don't Know (I Know They Hate Me),dandelion hands,It's All In Your Head,2013-01-01,41,142053,https://open.spotify.com/track/4xS9Qup5nnVhvTXN76NEW9,sad
7cnJ0PNVJh5XW8q9KMUsDB,Destroy Me From The Inside Out,Take Care,Agony,2022-09-10,54,201609,https://open.spotify.com/track/7cnJ0PNVJh5XW8q9KMUsDB,sad
4zIJESN3Y2Yu3aY9cJtbyG,The Gaping Mouth,Lowertown,The Gaping Mouth,2021-09-16,43,278952,https://open.spotify.com/track/4zIJESN3Y2Yu3aY9cJtbyG,sad
1FCsK0oKWCtDOYRPYSrYgO,Idea 22,Gibran Alcocer,Idea 22,2022-12-16,3,152000,https://open.spotify.com/track/1FCsK0oKWCtDOYRPYSrYgO,sad
2EBtLxQSV8EHpk4gHoMnl3,Older,Lizzy McAlpine,Older,2024-02-13,47,201303,https://open.spotify.com/track/2EBtLxQSV8EHpk4gHoMnl3,sad
6YO2dalWyZSobXSY3UUPv9,I'm Your Man,Mitski,The Land Is Inhospitable and So Are We,2023-09-15,62,209533,https://open.spotify.com/track/6YO2dalWyZSobXSY3UUPv9,sad
1GRLxWFbZZZGF8mQw2BKSY,Evol,Adrianne Lenker,Bright Future,2024-03-22,52,254263,https://open.spotify.com/track/1GRLxWFbZZZGF8mQw2BKSY,sad
2ucFCqazVVhPKHDoaR73t8,I Lost Something in the Hills,Sibylle Baier,Colour Green,2006-01-01,43,208106,https://open.spotify.com/track/2ucFCqazVVhPKHDoaR73t8,sad
5XuU9htN358NTMCcqRvfDV,Bullet Proof ... I Wish I Was,Radiohead,The Bends,1995-03-13,64,208733,https://open.spotify.com/track/5XuU9htN358NTMCcqRvfDV,sad
0Y1zSjXA8y7VVRRzc0Evhr,creek,"Philip Brooks, runo plum",mountain songs,2022-06-24,0,153500,https://open.spotify.com/track/0Y1zSjXA8y7VVRRzc0Evhr,sad
4IeGLYWTUvuqaLjBWGxix2,Found,Zach Webb,Found,2022-03-28,61,311170,https://open.spotify.com/track/4IeGLYWTUvuqaLjBWGxix2,sad
01ATDIJlGtEbk2KbzJdk1e,martingale,Searows,martingale,2024-08-21,6,257851,https://open.spotify.com/track/01ATDIJlGtEbk2KbzJdk1e,sad
1uaGSDFsLdReQgg8p7Obwh,Avril 14th,Aphex Twin,Drukqs,2001-10-22,62,125520,https://open.spotify.com/track/1uaGSDFsLdReQgg8p7Obwh,sad
3828FzxqSPYBu4K7mzoBZl,Forget Me Forgotten,Hollow Wood,Seasons EP,2014-08-05,41,200666,https://open.spotify.com/track/3828FzxqSPYBu4K7mzoBZl,sad
4SKvKJaqkRl1bUZWEqTYzl,Sidelines,Phoebe Bridgers,Sidelines,2022-04-15,70,264372,https://open.spotify.com/track/4SKvKJaqkRl1bUZWEqTYzl,sad
6NzO8H8HWe1hHaiZWiGpXH,Overcome,Skott,A Letter from the Universe,2022-01-21,66,187745,https://open.spotify.com/track/6NzO8H8HWe1hHaiZWiGpXH,sad
72Y8v9ZjNI8mkCvqpUiaBO,Soccer Practice,Lizzy McAlpine,Older (and Wiser),2024-10-04,64,238090,https://open.spotify.com/track/72Y8v9ZjNI8mkCvqpUiaBO,sad
33FtwY8jXSPaHRtEGFggwO,With Love Comes Loss (Arr. for Piano Solo),"John Powell, Batu Sener",Piano Solos from How to Train Your Dragon: The Hidden World,2020-05-15,54,70186,https://open.spotify.com/track/33FtwY8jXSPaHRtEGFggwO,sad
4cM7wj6FKij1OHs3q61u0s,complex,Katie Gregson-MacLeod,complex,2022-10-07,52,239113,https://open.spotify.com/track/4cM7wj6FKij1OHs3q61u0s,sad
00fRUfon3pr861IKiG03kA,Killer + The Sound,"Phoebe Bridgers, Abby Gundersen, Noah Gundersen",Killer + The Sound,2018-04-28,52,475186,https://open.spotify.com/track/00fRUfon3pr861IKiG03kA,sad
7tn1tcxenMwDXrYTOjS3z1,The Scientist,Corinne Bailey Rae,Fifty Shades Darker (Original Motion Picture Soundtrack),2017-02-10,56,196040,https://open.spotify.com/track/7tn1tcxenMwDXrYTOjS3z1,sad
21xzFXSL2XkZ2mIzDDAqTK,God Must Hate Me,Catie Turner,God Must Hate Me,2021-11-23,56,149802,https://open.spotify.com/track/21xzFXSL2XkZ2mIzDDAqTK,sad
5MUfzUCGlxSe8Psq10wB3x,The Wisp Sings - Middle Ridge Studio Session,Winter Aid,The Wisp Sings: 10th Anniversary Edition,2023-11-10,41,250234,https://open.spotify.com/track/5MUfzUCGlxSe8Psq10wB3x,sad
3kQfBtkQqgN1fAMfhks8TU,Need 2,Pinegrove,Everything So Far,2015-10-15,55,191796,https://open.spotify.com/track/3kQfBtkQqgN1fAMfhks8TU,sad
1qoAYCzA4HpJk2D8BrZjdj,Picture You,Clara Smallman,Picture You,2024-10-22,51,199460,https://open.spotify.com/track/1qoAYCzA4HpJk2D8BrZjdj,sad
51NRDcy5WEdfda6HC09QaD,A Different Age,Current Joys,A Different Age,2018-03-02,62,412418,https://open.spotify.com/track/51NRDcy5WEdfda6HC09QaD,sad
75GwJi8ruSsNTBLoGBMFBm,drift/(:(,Alek Olsen,drift/(:(,2015-02-10,57,97221,https://open.spotify.com/track/75GwJi8ruSsNTBLoGBMFBm,sad
2jGlG8sAuZkWxOjMMTlZHC,Kitchen Fan Lullaby (Raw),Claire Boyer,Kitchen Fan Lullaby (Raw),2024-06-21,62,99383,https://open.spotify.com/track/2jGlG8sAuZkWxOjMMTlZHC,sad
6OrfXVtcfifRxxebd9XG4L,i like to think you're the leaves,mage tears,cats in the cold,2022-08-17,51,147116,https://open.spotify.com/track/6OrfXVtcfifRxxebd9XG4L,sad
3shFZ2oQT3s8DWpItiurXO,everything works out in the end,Luke Willies,everything works out in the end,2023-11-16,67,205296,https://open.spotify.com/track/3shFZ2oQT3s8DWpItiurXO,sad
5mdNyCS7ttVcAyVYOIFEjs,my tears ricochet - the long pond studio sessions,Taylor Swift,folklore: the long pond studio sessions (from the Disney+ special) [deluxe edition],2020-11-25,54,295173,https://open.spotify.com/track/5mdNyCS7ttVcAyVYOIFEjs,sad
6MX8v7cRooNQb5fW5Uo6Sm,come,Adrianne Lenker,songs,2020-10-23,71,317455,https://open.spotify.com/track/6MX8v7cRooNQb5fW5Uo6Sm,sad
27wye0f2yKQC3Lzb5Sf37K,Sandy,Alex G,Rules,2012-01-15,54,160853,https://open.spotify.com/track/27wye0f2yKQC3Lzb5Sf37K,sad
0bhBtXHQX3u6dSAPF59qGx,Flume,Bon Iver,"For Emma, Forever Ago",2008-02-19,65,219000,https://open.spotify.com/track/0bhBtXHQX3u6dSAPF59qGx,sad
07XaOyTS5hyaWiUK1Bc3bR,True Love Waits,Radiohead,A Moon Shaped Pool,2016-05-08,65,283463,https://open.spotify.com/track/07XaOyTS5hyaWiUK1Bc3bR,sad
1KZG1H1OCugGqIRmk1wF9m,Indigo (feat. Avery Anna),"Sam Barber, Avery Anna",Restless Mind,2024-11-01,82,286634,https://open.spotify.com/track/1KZG1H1OCugGqIRmk1wF9m,sad
32R0JVo7IU4UlhkU3yNvEc,First Defeat,Noah Gundersen,Ledges,2014-02-10,48,243773,https://open.spotify.com/track/32R0JVo7IU4UlhkU3yNvEc,sad
7nDXmx3FuyeX7FI7PFl2iX,The Wisp Sings,Winter Aid,The Wisp Sings: 10th Anniversary Edition,2023-11-10,68,313252,https://open.spotify.com/track/7nDXmx3FuyeX7FI7PFl2iX,sad
1lb0KfG9EyfSBsEifTUtXY,someday i'll get it,Alek Olsen,someday i'll get it,2023-10-26,76,94750,https://open.spotify.com/track/1lb0KfG9EyfSBsEifTUtXY,sad
6ZLt6fyonW1xOGMBC9vJPJ,How To Never Stop Being Sad,dandelion hands,It's All In Your Head,2013-01-01,70,130742,https://open.spotify.com/track/6ZLt6fyonW1xOGMBC9vJPJ,sad
7rIhp6EWLNtM8qFIQruJPT,Wash.,Bon Iver,"Bon Iver, Bon Iver",2011-06-21,71,298586,https://open.spotify.com/track/7rIhp6EWLNtM8qFIQruJPT,sad
30y5OpD8TPAru2wsyZDD4S,That Funny Feeling,Phoebe Bridgers,That Funny Feeling,2021-10-04,64,400565,https://open.spotify.com/track/30y5OpD8TPAru2wsyZDD4S,sad
5Djt1AQnhfhYJjs4m7WS6G,The Night We Met,"Lord Huron, Phoebe Bridgers",The Night We Met,2018-05-18,71,209081,https://open.spotify.com/track/5Djt1AQnhfhYJjs4m7WS6G,sad
0Z94dtWElamDwU4NrcGoUR,Better,sign crushes motorist,i'll be okay,2022-08-05,63,98750,https://open.spotify.com/track/0Z94dtWElamDwU4NrcGoUR,sad
63mVyFn9QO2ia83uB8dScL,being loved isn't the same as being understood,Vines,being loved isn't the same as being understood,2024-03-22,59,178000,https://open.spotify.com/track/63mVyFn9QO2ia83uB8dScL,sad
1OzuAHfmr8Vg3eVvEbAR0p,music for indigo,Adrianne Lenker,instrumentals,2020-10-22,49,1272830,https://open.spotify.com/track/1OzuAHfmr8Vg3eVvEbAR0p,sad
26YdNW3yMLfA5NpTB8wzQy,mostly chimes,Adrianne Lenker,instrumentals,2020-10-22,59,972007,https://open.spotify.com/track/26YdNW3yMLfA5NpTB8wzQy,sad
0Cb1Ltn7Gc84D8x0SKmAZX,Snow Song,Adrianne Lenker,Hours Were the Birds,2014-01-09,41,236586,https://open.spotify.com/track/0Cb1Ltn7Gc84D8x0SKmAZX,sad
4rrEQ9f7RwdFaxUurFgTpx,Everything Works Out In The End - Best Part Looped,Luke Willies,Everything Works Out In The End - Best Part Looped,2023-12-28,58,207692,https://open.spotify.com/track/4rrEQ9f7RwdFaxUurFgTpx,sad
72xjEGzvtjyioPKM7T4oiJ,Dogwood Blossom,Fionn Regan,100 Acres of Sycamore,2011-08-16,50,204853,https://open.spotify.com/track/72xjEGzvtjyioPKM7T4oiJ,sad
1ZVbf755wkzFApNhrGNek3,Berlin,RY X,Dawn,2016-05-06,63,174172,https://open.spotify.com/track/1ZVbf755wkzFApNhrGNek3,sad
7qYjSobU0Jaz32lrIe853P,Rosyln,"Bon Iver, St. Vincent",The Twilight Saga: New Moon (Original Motion Picture Soundtrack),2009-10-16,56,289560,https://open.spotify.com/track/7qYjSobU0Jaz32lrIe853P,sad
0baNzeUcPQnQSagpe8T0mD,worldstar money (interlude),Joji,In Tongues (Deluxe),2018-02-14,72,126312,https://open.spotify.com/track/0baNzeUcPQnQSagpe8T0mD,sad
1In22zMILdinxdZng26irr,We Hug Now,Sydney Rose,We Hug Now,2025-02-13,3,248821,https://open.spotify.com/track/1In22zMILdinxdZng26irr,sad
6sUXYBiO84IXSVu7guLxmf,Amare,sign crushes motorist,Hurting,2023-06-30,48,124000,https://open.spotify.com/track/6sUXYBiO84IXSVu7guLxmf,sad
69Kzq3FMkDwiSFBQzRckFD,This Night Has Opened My Eyes - 2011 Remaster,The Smiths,Hatful of Hollow,1984,74,221533,https://open.spotify.com/track/69Kzq3FMkDwiSFBQzRckFD,sad
3R0jMlEvot7UYLeulRfl8E,Warsh_Tippy and Zelda,"Whatever, Dad",Grade Pending,2015-07-18,25,254116,https://open.spotify.com/track/3R0jMlEvot7UYLeulRfl8E,sad
3079KgxQ0kntfz3qTunWq6,O.K.,"Whatever, Dad",Grade Pending,2015-07-18,17,102998,https://open.spotify.com/track/3079KgxQ0kntfz3qTunWq6,sad
50gchdAhBUnVOLqQRyKE9L,Race,Alex G,Race,2010-01-01,69,223255,https://open.spotify.com/track/50gchdAhBUnVOLqQRyKE9L,sad
5ZGzNhBC1sEtYtQ1b6Cy53,"no, the moon",Teen Suicide,i will be my own hell because there is a devil inside my body,2015-10-07,57,152169,https://open.spotify.com/track/5ZGzNhBC1sEtYtQ1b6Cy53,sad
013L1ZodWo9Ax2g9LejC9O,Goodnight Dad I Love You,Wishing,None of This Was Your Fault,2020-04-01,62,163992,https://open.spotify.com/track/013L1ZodWo9Ax2g9LejC9O,sad
7wOJhoKaSe16hjizNCs31Z,Beacon Hill,Damien Jurado,Saint Bartlett,2010-05-25,36,182560,https://open.spotify.com/track/7wOJhoKaSe16hjizNCs31Z,sad
7fhAjbHrzGknwQkGIzJHVk,Keep The Rain,Searows,Guard Dog,2022-09-30,63,287676,https://open.spotify.com/track/7fhAjbHrzGknwQkGIzJHVk,sad
6XFvsdR5sHHNy5dOcbz545,Through The Eyes Of A Child,AURORA,All My Demons Greeting Me As A Friend (Deluxe),2016-03-11,58,274413,https://open.spotify.com/track/6XFvsdR5sHHNy5dOcbz545,sad
1QUMpZT7HG6sO3RiBu1LAJ,haunt me (x 3),Teen Suicide,dc snuff film / waste yrself,2015-10-07,60,165671,https://open.spotify.com/track/1QUMpZT7HG6sO3RiBu1LAJ,sad
6CcPNaOx5cp5nYhpc0p7Ur,Long Long Time,Nick Offerman,The Last of Us: Season 1 (Soundtrack from the HBO Original Series),2023-02-27,33,72022,https://open.spotify.com/track/6CcPNaOx5cp5nYhpc0p7Ur,sad
08YEGpKt2LHJ0URCXKHEie,9 Crimes,Damien Rice,9,2006-11-07,54,219226,https://open.spotify.com/track/08YEGpKt2LHJ0URCXKHEie,sad
5SHpuW2qjkQtFRpE6P9Nks,The 30th,Billie Eilish,Guitar Songs,2022-07-21,77,216448,https://open.spotify.com/track/5SHpuW2qjkQtFRpE6P9Nks,sad
22OA0afkyIaAbTNDUusz3i,Another Love - Slowed,Ren0wned,Another Love (Slowed),2023-01-17,41,106045,https://open.spotify.com/track/22OA0afkyIaAbTNDUusz3i,sad
03JlIW3RyZdEJBJgfJBWiF,Possibility - Slowed Down,Lykke Li,Possibility,2022-12-02,38,383050,https://open.spotify.com/track/03JlIW3RyZdEJBJgfJBWiF,sad
4iFlpx70UUC5vRSz9BEcbv,No Surprises,Frank Watkinson,The You Tube Covers,2020-12-21,29,190214,https://open.spotify.com/track/4iFlpx70UUC5vRSz9BEcbv,sad
6PBanBy8L1K2Ry4UN186XH,forwards beckon rebound,Adrianne Lenker,songs,2020-10-23,77,189464,https://open.spotify.com/track/6PBanBy8L1K2Ry4UN186XH,sad
4AYtqFyFbX0Xkc2wtcygTr,Soon You’ll Get Better (feat. The Chicks),"Taylor Swift, The Chicks",Lover,2019-08-23,64,201586,https://open.spotify.com/track/4AYtqFyFbX0Xkc2wtcygTr,sad
5enxwA8aAbwZbf5qCHORXi,All Too Well (10 Minute Version) (Taylor's Version) (From The Vault),Taylor Swift,Red (Taylor's Version),2021-11-12,80,613026,https://open.spotify.com/track/5enxwA8aAbwZbf5qCHORXi,sad
1n3b9Eekoy3S9ZSZ5DmTW1,All Too Well (Sad Girl Autumn Version) - Recorded at Long Pond Studios,Taylor Swift,All Too Well (Sad Girl Autumn Version) - Recorded at Long Pond Studios,2021-11-18,62,598150,https://open.spotify.com/track/1n3b9Eekoy3S9ZSZ5DmTW1,sad
4OdvEYLI87ImxYOulZnqCy,Feeling Whitney,Sydney Rose,Feeling Whitney,2020-08-02,35,277128,https://open.spotify.com/track/4OdvEYLI87ImxYOulZnqCy,sad
6NAlglYfApCJ1sNF1IqSvd,Mom Told me Everything Will Be Okay - Sped Up,Gab Sadie,Mom Told Me Everything Will Be Okay,2024-10-04,35,64649,https://open.spotify.com/track/6NAlglYfApCJ1sNF1IqSvd,sad
00oPvfMi8LE2QQSjLUTNBE,Mom Told Me Everything Will Be Ok,Gab Sadie,Mom Told Me Everything Will Be Ok,2024-05-23,58,77579,https://open.spotify.com/track/00oPvfMi8LE2QQSjLUTNBE,sad
3gxJ4q2Ig2hw51pffCquSg,Mom Told me Everything Will Be Okay - Slowed Down,Gab Sadie,Mom Told Me Everything Will Be Okay,2024-10-04,45,81662,https://open.spotify.com/track/3gxJ4q2Ig2hw51pffCquSg,sad
03ZbtLDdHZSG90tD4VD4Yj,Mom Told me Everything Will Be Okay,Gab Sadie,Mom Told Me Everything Will Be Okay,2024-10-04,46,77579,https://open.spotify.com/track/03ZbtLDdHZSG90tD4VD4Yj,sad
5ibob4IdqDLEBi176GswYc,Suicide Cleanup,Birth Day,Boyhood,2022-06-10,56,141698,https://open.spotify.com/track/5ibob4IdqDLEBi176GswYc,sad
7jDTKmm8fUDvpqtevRDrsn,Habits - Demo,Genevieve Stokes,Habits (Demo),2022-09-16,41,221180,https://open.spotify.com/track/7jDTKmm8fUDvpqtevRDrsn,sad
7ymcTupikH8sq5OtHWCLZK,Black Friday (Mahogany Session),Tom Odell,Black Friday EP,2024-01-12,53,224053,https://open.spotify.com/track/7ymcTupikH8sq5OtHWCLZK,sad
6potEImiklXkwD9qFzpu15,Forever,Labrinth,Euphoria (Original Score from the HBO Series),2019-10-04,67,202536,https://open.spotify.com/track/6potEImiklXkwD9qFzpu15,sad
7fkxcbBBsV7keJPnNfNf2L,How Could You,Jessie Murph,How Could You,2022-10-14,0,187813,https://open.spotify.com/track/7fkxcbBBsV7keJPnNfNf2L,sad
6W4SftknKhWj0iFoHN7aYU,that way - with Jeremy Zucker,"Tate McRae, Jeremy Zucker",that way (with Jeremy Zucker),2021-09-03,53,174299,https://open.spotify.com/track/6W4SftknKhWj0iFoHN7aYU,sad
3H7oAhHxkEkSf9iomv2mbG,could cry just thinkin about you - Full Version,Troye Sivan,could cry just thinkin about you (Full Version),2021-07-09,51,158000,https://open.spotify.com/track/3H7oAhHxkEkSf9iomv2mbG,sad
137mSruegm1u6x9NvwiagR,Unstable (feat. The Kid LAROI),"Justin Bieber, The Kid LAROI",Justice,2021-03-19,62,158324,https://open.spotify.com/track/137mSruegm1u6x9NvwiagR,sad
1DH6lKg9UGh81vqmLS8t1z,Letters to Heaven,Ann@lise,Letters to Heaven,2023-05-19,33,173760,https://open.spotify.com/track/1DH6lKg9UGh81vqmLS8t1z,sad
3TAGAAWQ9HeosMtv4dz2jf,Falling Apart,LÉON,Apart,2020-10-30,0,195037,https://open.spotify.com/track/3TAGAAWQ9HeosMtv4dz2jf,sad
1kFlDnWmBTvCBxxeGDpIdp,7 Years (Remix),Sik World,7 Years (Remix),2016-06-04,61,134197,https://open.spotify.com/track/1kFlDnWmBTvCBxxeGDpIdp,sad
6700Z4Izi8EbB6JNthU6Ma,Hold Me While You Wait,Lewis Capaldi,Hold Me While You Wait,2019-05-03,57,205686,https://open.spotify.com/track/6700Z4Izi8EbB6JNthU6Ma,sad
2wHA4yJKT8TJhGz20QxUqX,Tell Me That You Love Me,James Smith,Tell Me That You Love Me,2018-12-06,0,194658,https://open.spotify.com/track/2wHA4yJKT8TJhGz20QxUqX,sad
55XRXhQeU25IwqVpjQqxkz,GO TO HELL,Clinton Kane,GO TO HELL,2021-12-03,47,183786,https://open.spotify.com/track/55XRXhQeU25IwqVpjQqxkz,sad
3BdAp44pRFuE8GLwCT8TlK,Til Death Do Us Part,Mia Baron,Til Death Do Us Part,2024-03-11,36,151680,https://open.spotify.com/track/3BdAp44pRFuE8GLwCT8TlK,sad
6fWa5CRgy0z30OeGZyMBvD,Heart On Ice,Rod Wave,PTSD,2019-06-14,0,159669,https://open.spotify.com/track/6fWa5CRgy0z30OeGZyMBvD,sad
3dnW9FUR6utF11xErhQTBv,Touch,Waiting For June,Where Were You Then,2015-06-12,29,264405,https://open.spotify.com/track/3dnW9FUR6utF11xErhQTBv,sad
3Dkvp3L4w0uJFYfIPa8E9H,ILYSB - STRIPPED,LANY,Make Out,2015-12-11,60,244820,https://open.spotify.com/track/3Dkvp3L4w0uJFYfIPa8E9H,sad
1TioiVNFGeiMC6SiQceHPO,Why,Bazzi,Why,2018-01-26,0,151358,https://open.spotify.com/track/1TioiVNFGeiMC6SiQceHPO,sad
6GH4tLwGW6HliKbZBdt6hD,Unlearn (with Gracie Abrams),"benny blanco, Gracie Abrams",Unlearn (with Gracie Abrams),2021-03-24,55,155361,https://open.spotify.com/track/6GH4tLwGW6HliKbZBdt6hD,sad
0psS4i5YooJrXfDnGvWRLi,Lo Vas A Olvidar (with ROSALÍA),"Billie Eilish, ROSALÍA",Lo Vas A Olvidar (with ROSALÍA),2021-01-21,63,203464,https://open.spotify.com/track/0psS4i5YooJrXfDnGvWRLi,sad
5t3Vk8bRKylx4fjj7qlbib,bitches broken hearts,Billie Eilish,bitches broken hearts,2018-03-30,74,176471,https://open.spotify.com/track/5t3Vk8bRKylx4fjj7qlbib,sad
7eB1V5LvAdxCc7brfGhRRo,watch,Billie Eilish,dont smile at me,2017-12-22,80,177523,https://open.spotify.com/track/7eB1V5LvAdxCc7brfGhRRo,sad
7wC5eZcFS1Q1BsQ35DU6H4,come out and play,Billie Eilish,come out and play,2018-11-20,68,210375,https://open.spotify.com/track/7wC5eZcFS1Q1BsQ35DU6H4,sad
4QIo4oxwzzafcBWkKjDpXY,xanny,Billie Eilish,"WHEN WE ALL FALL ASLEEP, WHERE DO WE GO?",2019-03-29,70,243725,https://open.spotify.com/track/4QIo4oxwzzafcBWkKjDpXY,sad
3LgWsmilsrWXiPYQFRD0T7,goodbye,Billie Eilish,"WHEN WE ALL FALL ASLEEP, WHERE DO WE GO?",2019-03-29,67,119409,https://open.spotify.com/track/3LgWsmilsrWXiPYQFRD0T7,sad
7BRD7x5pt8Lqa1eGYC4dzj,CHIHIRO,Billie Eilish,HIT ME HARD AND SOFT,2024-05-17,86,303440,https://open.spotify.com/track/7BRD7x5pt8Lqa1eGYC4dzj,sad
2KnuaZYoGzDoHiBTNYOTXG,Billie Bossa Nova,Billie Eilish,Happier Than Ever,2021-07-30,77,196730,https://open.spotify.com/track/2KnuaZYoGzDoHiBTNYOTXG,sad
5w7wuzMzsDer96KqxafeRK,COPYCAT,Billie Eilish,dont smile at me,2017-12-22,72,194711,https://open.spotify.com/track/5w7wuzMzsDer96KqxafeRK,sad
6X29iaaazwho3ab7GNue5r,8,Billie Eilish,"WHEN WE ALL FALL ASLEEP, WHERE DO WE GO?",2019-03-29,66,173201,https://open.spotify.com/track/6X29iaaazwho3ab7GNue5r,sad
73SpzrcaHk0RQPFP73vqVR,No Time To Die,Billie Eilish,No Time To Die,2020-02-13,76,242265,https://open.spotify.com/track/73SpzrcaHk0RQPFP73vqVR,sad
2prqm9sPLj10B4Wg0wE5x9,BLUE,Billie Eilish,HIT ME HARD AND SOFT,2024-05-17,80,343120,https://open.spotify.com/track/2prqm9sPLj10B4Wg0wE5x9,sad
3Tc57t9l2O8FwQZtQOvPXK,my strange addiction,Billie Eilish,"WHEN WE ALL FALL ASLEEP, WHERE DO WE GO?",2019-03-29,74,179889,https://open.spotify.com/track/3Tc57t9l2O8FwQZtQOvPXK,sad
7bcy34fBT2ap1L4bfPsl9q,I Didn't Change My Number,Billie Eilish,Happier Than Ever,2021-07-30,72,158463,https://open.spotify.com/track/7bcy34fBT2ap1L4bfPsl9q,sad
1ni8ZTAY1GHXEFOGHl7fdg,bellyache,Billie Eilish,dont smile at me,2017-12-22,69,179172,https://open.spotify.com/track/1ni8ZTAY1GHXEFOGHl7fdg,sad
6IRdLKIyS4p7XNiP8r6rsx,all the good girls go to hell,Billie Eilish,"WHEN WE ALL FALL ASLEEP, WHERE DO WE GO?",2019-03-29,73,168839,https://open.spotify.com/track/6IRdLKIyS4p7XNiP8r6rsx,sad
3Fj47GNK2kUF0uaEDgXLaD,wish you were gay,Billie Eilish,"WHEN WE ALL FALL ASLEEP, WHERE DO WE GO?",2019-03-29,73,221543,https://open.spotify.com/track/3Fj47GNK2kUF0uaEDgXLaD,sad
4SSnFejRGlZikf02HLewEF,bury a friend,Billie Eilish,"WHEN WE ALL FALL ASLEEP, WHERE DO WE GO?",2019-03-29,75,193143,https://open.spotify.com/track/4SSnFejRGlZikf02HLewEF,sad
7qEKqBCD2vE5vIBsrUitpD,ilomilo,Billie Eilish,"WHEN WE ALL FALL ASLEEP, WHERE DO WE GO?",2019-03-29,74,156370,https://open.spotify.com/track/7qEKqBCD2vE5vIBsrUitpD,sad
6lAMnXLVCBPMXXWAK4lGSL,Ylang Ylang,"FKJ, ((( O )))",Ylang Ylang EP,2019-11-12,0,213000,https://open.spotify.com/track/6lAMnXLVCBPMXXWAK4lGSL,sad
2WnAKZefdRHxtBEkRjFOHC,Anyone,Justin Bieber,Justice,2021-03-19,70,190779,https://open.spotify.com/track/2WnAKZefdRHxtBEkRjFOHC,sad
1JhuXhMiTBavuRXQTsGOdV,Too Good At Goodbyes - Acoustic,Sam Smith,Too Good At Goodbyes (Acoustic),2017-09-29,61,220095,https://open.spotify.com/track/1JhuXhMiTBavuRXQTsGOdV,sad
7otCGmgp9h4CsR2LhwB6gt,Another Love,Tom Odell,Long Way Down,2013-09-17,63,244360,https://open.spotify.com/track/7otCGmgp9h4CsR2LhwB6gt,sad
0OCRwXbQRdOZ1OtB4Imsp1,Love Someone,Lukas Graham,3 (The Purple Album),2018-10-26,70,205440,https://open.spotify.com/track/0OCRwXbQRdOZ1OtB4Imsp1,sad
1X3T2J7S1s6aCIbmjFf2NG,"Flightless Bird, American Mouth",Iron & Wine,The Shepherd's Dog,2007-09-25,0,241917,https://open.spotify.com/track/1X3T2J7S1s6aCIbmjFf2NG,sad
4eQBL0cuF3ismYCzBff2Ii,Grace,Lewis Capaldi,Grace,2018-09-21,42,184880,https://open.spotify.com/track/4eQBL0cuF3ismYCzBff2Ii,sad
0TLAptKgYxe7F0KewWH6X6,I Need A Forest Fire,"James Blake, Bon Iver",The Colour In Anything,2016-05-05,54,257219,https://open.spotify.com/track/0TLAptKgYxe7F0KewWH6X6,sad
0RUGuh2uSNFJpGMSsD1F5C,It Will Rain,Bruno Mars,The Twilight Saga: Breaking Dawn - Part 1 (Original Motion Picture Soundtrack),2011-11-04,75,257720,https://open.spotify.com/track/0RUGuh2uSNFJpGMSsD1F5C,sad
2IjyFRCRn8x1bEquOM3vxg,Purpose,Justin Bieber,Purpose (Deluxe),2015-11-13,62,210160,https://open.spotify.com/track/2IjyFRCRn8x1bEquOM3vxg,sad
7bMkcxifc4EjIQKw49EC7h,September Song - Guitar Acoustic,JP Cooper,Raised Under Grey Skies (Deluxe),2017-10-06,61,212152,https://open.spotify.com/track/7bMkcxifc4EjIQKw49EC7h,sad
78O8CIzX5ZMuJh39fQOR3i,Incomplete,James Bay,Chaos And The Calm,2015-03-23,34,224266,https://open.spotify.com/track/78O8CIzX5ZMuJh39fQOR3i,sad
36pLU2ywVeBKEF0rrKtmCB,La La La,"Naughty Boy, Sam Smith",Hotel Cabana (Deluxe Version),2014-01-01,64,222200,https://open.spotify.com/track/36pLU2ywVeBKEF0rrKtmCB,sad
4w7RuuQAVP0JXlAom3z1aC,Wonderwall,Oasis,Stop The Clocks,2006-11-20,0,258079,https://open.spotify.com/track/4w7RuuQAVP0JXlAom3z1aC,sad
7iBSkXB0pTvZasOLf0Qxk9,Autumn Leaves - Deluxe Edition,Ed Sheeran,+,2011-09-09,56,200755,https://open.spotify.com/track/7iBSkXB0pTvZasOLf0Qxk9,sad
3ekNuTF3UpOvIZCfiejpnC,Stubborn Love,The Lumineers,The Lumineers,2012-04-03,3,279000,https://open.spotify.com/track/3ekNuTF3UpOvIZCfiejpnC,sad
7kSLdGdXLey7pzLsWpdg1h,Little Things,One Direction,Take Me Home: Yearbook Edition,2012-11-09,1,219640,https://open.spotify.com/track/7kSLdGdXLey7pzLsWpdg1h,sad
3d8y0t70g7hw2FOWl9Z4Fm,Ophelia,The Lumineers,Cleopatra,2016-04-08,5,160097,https://open.spotify.com/track/3d8y0t70g7hw2FOWl9Z4Fm,sad
5t4B1kAlCD13YY9poph0Mg,Stitches,Shawn Mendes,Handwritten (Revisited),2015-11-20,53,206880,https://open.spotify.com/track/5t4B1kAlCD13YY9poph0Mg,sad
7lGKEWMXVWWTt3X71Bv44I,Unsteady,X Ambassadors,VHS,2015-06-30,73,193546,https://open.spotify.com/track/7lGKEWMXVWWTt3X71Bv44I,sad
7rbCL7W893Zonbfnevku5s,I Need My Girl,The National,Trouble Will Find Me,2013-05-27,0,245240,https://open.spotify.com/track/7rbCL7W893Zonbfnevku5s,sad
0AS63m1wHv9n4VVRizK6Hc,Mercy,Shawn Mendes,Illuminate (Deluxe),2017-04-20,81,208733,https://open.spotify.com/track/0AS63m1wHv9n4VVRizK6Hc,sad
19W5OTEcQI3ZoRW1HERMyy,Cancer,Twenty One Pilots,Cancer,2016-09-14,59,236826,https://open.spotify.com/track/19W5OTEcQI3ZoRW1HERMyy,sad
0zbzrhfVS9S2TszW3wLQZ7,September Song,JP Cooper,Raised Under Grey Skies (Deluxe),2017-10-06,66,220290,https://open.spotify.com/track/0zbzrhfVS9S2TszW3wLQZ7,sad
46ODcxijzpdIa24RzlfF3K,Hotel Room,Calum Scott,Only Human (Deluxe),2018-03-09,41,220162,https://open.spotify.com/track/46ODcxijzpdIa24RzlfF3K,sad
5rFj8OzffT0iggSjcBaeND,"Fire On Fire - From ""Watership Down""",Sam Smith,"Fire On Fire (From ""Watership Down"")",2018-12-21,62,246735,https://open.spotify.com/track/5rFj8OzffT0iggSjcBaeND,sad
4IiHCtnfw8tZasAeocWqVe,Understand,Shawn Mendes,Illuminate (Deluxe),2017-04-20,46,300973,https://open.spotify.com/track/4IiHCtnfw8tZasAeocWqVe,sad
4h90qkbnW1Qq6pBhoPvwko,Sidewalks,"The Weeknd, Kendrick Lamar",Starboy,2016-11-25,69,231360,https://open.spotify.com/track/4h90qkbnW1Qq6pBhoPvwko,sad
1T7AiFL9ruKKwlONN35Vh0,A Little Too Much,Shawn Mendes,Handwritten,2015-04-14,56,187026,https://open.spotify.com/track/1T7AiFL9ruKKwlONN35Vh0,sad
1Xwh83YOFQARZ3QXscP123,I Was Made For Loving You,"Tori Kelly, Ed Sheeran",Unbreakable Smile,2016-01-29,54,188946,https://open.spotify.com/track/1Xwh83YOFQARZ3QXscP123,sad
5ELRkzdzz0HvGpMDlfZHkV,Sign of the Times,Harry Styles,Sign of the Times,2017-04-07,1,340706,https://open.spotify.com/track/5ELRkzdzz0HvGpMDlfZHkV,sad
59ljpSFcgtfWJKS3vqG27R,Pray,Sam Smith,The Thrill Of It All (Special Edition),2017-11-03,0,221595,https://open.spotify.com/track/59ljpSFcgtfWJKS3vqG27R,sad
31VOknKjFrEX47bZXzqcoF,Next To Me,Imagine Dragons,Evolve,2017-06-23,73,230288,https://open.spotify.com/track/31VOknKjFrEX47bZXzqcoF,sad
0Tel1fmuCxEFV6wBLXsEdk,Kiss Me,Ed Sheeran,+,2011-09-09,65,280853,https://open.spotify.com/track/0Tel1fmuCxEFV6wBLXsEdk,sad
035QPHPAcqApSGMMcogT45,A Change Of Heart,The 1975,"I like it when you sleep, for you are so beautiful yet so unaware of it",2016-02-26,51,283840,https://open.spotify.com/track/035QPHPAcqApSGMMcogT45,sad
2QZ7WLBE8h2y1Y5Fb8RYbH,In My Blood,Shawn Mendes,Shawn Mendes,2018-05-25,72,211360,https://open.spotify.com/track/2QZ7WLBE8h2y1Y5Fb8RYbH,sad
4TWshc0BwiunzoppGOqiYR,Half the World Away,AURORA,All My Demons Greeting Me as a Friend (Deluxe),2014,0,198133,https://open.spotify.com/track/4TWshc0BwiunzoppGOqiYR,sad
5tajmvqHF6YW1iiUFzKpCB,Wasted,MKTO,MKTO,2012,49,184213,https://open.spotify.com/track/5tajmvqHF6YW1iiUFzKpCB,sad
4vjpLMyL3ZO6aphdYr8XYw,i'm so tired...,"Lauv, Troye Sivan",~how i'm feeling~,2020-03-06,1,162586,https://open.spotify.com/track/4vjpLMyL3ZO6aphdYr8XYw,sad
5ubHAQtKuFfiG4FXfLP804,Lego House,Ed Sheeran,+,2011-09-09,72,185093,https://open.spotify.com/track/5ubHAQtKuFfiG4FXfLP804,sad
5yZvaUVyuXfSVUaMumFi6l,Runnin' (Lose It All),"Naughty Boy, Beyoncé, Arrow Benjamin",Runnin' (Lose It All),2015-09-17,66,213019,https://open.spotify.com/track/5yZvaUVyuXfSVUaMumFi6l,sad
55n9yjI6qqXh5F2mYvUc2y,I Don’t Wanna Live Forever (Fifty Shades Darker),"ZAYN, Taylor Swift",reputation Stadium Tour Surprise Song Playlist,2017-11-09,81,247160,https://open.spotify.com/track/55n9yjI6qqXh5F2mYvUc2y,sad
7wvwXi9Z66dcH5t202vVkN,Will He,Joji,In Tongues (Deluxe),2018-02-14,73,202102,https://open.spotify.com/track/7wvwXi9Z66dcH5t202vVkN,sad
0sVgOxAOOAj0K8PdFEGhrR,Never Be the Same - Radio Edit,Camila Cabello,Camila,2018-01-12,44,227240,https://open.spotify.com/track/0sVgOxAOOAj0K8PdFEGhrR,sad
67aDq4Z8lErpWQ0Ky0xaJo,Say It First,Sam Smith,The Thrill Of It All (Special Edition),2017-11-03,0,247554,https://open.spotify.com/track/67aDq4Z8lErpWQ0Ky0xaJo,sad
1omCB9Mch8tYugUptnJ0vw,Always,Gavin James,Only Ticket Home,2018-10-26,42,247842,https://open.spotify.com/track/1omCB9Mch8tYugUptnJ0vw,sad
27vTihlWXiz9f9lJM3XGVU,Slow Hands,Niall Horan,Slow Hands,2017-05-04,51,188174,https://open.spotify.com/track/27vTihlWXiz9f9lJM3XGVU,sad
5fQa04cwDF11Giq5N2tGdU,After Rain,Dermot Kennedy,After Rain,2016-04-01,50,294000,https://open.spotify.com/track/5fQa04cwDF11Giq5N2tGdU,sad
4LWIp8HAFxpfg37mnxHqCS,Never Be Alone,Shawn Mendes,Handwritten,2015-04-14,66,215813,https://open.spotify.com/track/4LWIp8HAFxpfg37mnxHqCS,sad
7AOdyU64RafmvJUL4WMotN,Unsteady - Erich Lee Gravity Remix,"X Ambassadors, Erich Lee",Me Before You (Original Motion Picture Soundtrack),2016-06-03,62,204586,https://open.spotify.com/track/7AOdyU64RafmvJUL4WMotN,sad
06cCziAHtDg6pcsidZHu03,Robbers,The 1975,The 1975 (Deluxe Version),2013,68,254509,https://open.spotify.com/track/06cCziAHtDg6pcsidZHu03,sad
1oew3nFNY3vMacJAsvry0S,Me And My Broken Heart,Rixton,Let The Road,2014-01-01,75,193733,https://open.spotify.com/track/1oew3nFNY3vMacJAsvry0S,sad
5BpmwiKR6ns1EtfCQRpNUc,Flicker,Niall Horan,Flicker (Deluxe),2017-10-20,60,258025,https://open.spotify.com/track/5BpmwiKR6ns1EtfCQRpNUc,sad
7msCKNrI0vZw9H4MIgLnAh,Don't Be A Fool,Shawn Mendes,Illuminate (Deluxe),2017-04-20,53,215773,https://open.spotify.com/track/7msCKNrI0vZw9H4MIgLnAh,sad
4NiehSBQthimPzRsVeOgCT,My My My!,Troye Sivan,Bloom,2018-08-31,60,204726,https://open.spotify.com/track/4NiehSBQthimPzRsVeOgCT,sad
1LxlsAn1gECKoqLtOslshm,No Matter What,Calum Scott,No Matter What,2018-10-19,45,236525,https://open.spotify.com/track/1LxlsAn1gECKoqLtOslshm,sad
7ekZl2me2Fjn6ywN16cvFK,Memories,Shawn Mendes,Handwritten (Revisited),2015-11-20,53,232520,https://open.spotify.com/track/7ekZl2me2Fjn6ywN16cvFK,sad
316r1KLN0bcmpr7TZcMCXT,The Sound,The 1975,"I like it when you sleep, for you are so beautiful yet so unaware of it",2016-02-26,59,248880,https://open.spotify.com/track/316r1KLN0bcmpr7TZcMCXT,sad
3iq9nhbI8fcnNamxMft1uv,Real Friends,Camila Cabello,Camila,2018-01-12,53,214386,https://open.spotify.com/track/3iq9nhbI8fcnNamxMft1uv,sad
6DwiGVCgXGREeCyJZtX7S1,Cold War,Cautious Clay,Blood Type,2018-02-21,34,202597,https://open.spotify.com/track/6DwiGVCgXGREeCyJZtX7S1,sad
78zUxUPvONPgMIt46q5be6,Please Keep Loving Me,James TW,Please Keep Loving Me,2017-07-28,58,195920,https://open.spotify.com/track/78zUxUPvONPgMIt46q5be6,sad
5g7rJvWYVrloJZwKiShqlS,Dirty Paws,Of Monsters and Men,My Head Is An Animal,2012-01-01,72,278373,https://open.spotify.com/track/5g7rJvWYVrloJZwKiShqlS,sad
5UqivtkoiPTXrJu6GIt1mh,No Right To Love You - Acoustic,Rhys Lewis,No Right To Love You (Acoustic),2018-05-18,0,229557,https://open.spotify.com/track/5UqivtkoiPTXrJu6GIt1mh,sad
0EGuSSpuu9wmHCtvb4PdLO,"Sit Still, Look Pretty",Daya,"Sit Still, Look Pretty",2016-10-07,0,202221,https://open.spotify.com/track/0EGuSSpuu9wmHCtvb4PdLO,sad
0JbCPKWg1Rap9cjI6bd3hU,9,Komorebi,9,2022-08-19,33,79124,https://open.spotify.com/track/0JbCPKWg1Rap9cjI6bd3hU,sad
2aDGkzw32uPqVojnP2FA6j,Bop,her.story,Bop,2024-03-15,33,96000,https://open.spotify.com/track/2aDGkzw32uPqVojnP2FA6j,sad
3t2DxDUWZSQvrpzwsrTqy7,blue,kid.,blue,2021-11-08,33,121558,https://open.spotify.com/track/3t2DxDUWZSQvrpzwsrTqy7,sad
7qHeuxMW24ou3mQ7rWBd5R,Baby Love,Yowshi,Baby Love,2023-04-05,32,74666,https://open.spotify.com/track/7qHeuxMW24ou3mQ7rWBd5R,sad
2NFMziE2ungdfG6ivMY8KL,Love On,Flôr,Love On,2024-03-15,31,82285,https://open.spotify.com/track/2NFMziE2ungdfG6ivMY8KL,sad
14gDihkFq8tG9M7alOTOLu,The Last Farewell,Shou,The Last Farewell,2023-03-24,31,76800,https://open.spotify.com/track/14gDihkFq8tG9M7alOTOLu,sad
0GdlC1XE3zx2zSJyNH1ED3,Maiden Voyage,Klein,Maiden Voyage,2023-02-03,32,96000,https://open.spotify.com/track/0GdlC1XE3zx2zSJyNH1ED3,sad
1Ti9F1UaRHcKsqtjgUaAie,Spiral,Wolly,Honey,2023-09-06,32,81666,https://open.spotify.com/track/1Ti9F1UaRHcKsqtjgUaAie,sad
5jP2lNjFxI8QUVsKDQmB6M,One,Tashi,One,2023-03-17,32,74666,https://open.spotify.com/track/5jP2lNjFxI8QUVsKDQmB6M,sad
5kMi0aieAmlkQVbRkR6NzO,Air,Idyllic,Air,2022-09-16,31,96000,https://open.spotify.com/track/5kMi0aieAmlkQVbRkR6NzO,sad
460P75TbOw41OJjqGH1gxr,It's Cold Outside,Dreams For Two,It's Cold Outside,2023-02-24,31,106285,https://open.spotify.com/track/460P75TbOw41OJjqGH1gxr,sad
4zuNW5kezWnXoBVHvktuiI,Stray,Loodwig,Stray,2024-03-15,30,85333,https://open.spotify.com/track/4zuNW5kezWnXoBVHvktuiI,sad
02JUn55LWuymNwqkvY1Hek,Love Language,Wells,Love Language,2024-03-15,30,72000,https://open.spotify.com/track/02JUn55LWuymNwqkvY1Hek,sad
1j37APtfR9AjRqAzBwrAxI,Empty Without You,just johnny,Empty Without You,2023-03-17,31,74666,https://open.spotify.com/track/1j37APtfR9AjRqAzBwrAxI,sad
1m66irlC3qOQvmTPjwnkci,Perspective,Whimsical,Perspective,2022-08-26,30,89302,https://open.spotify.com/track/1m66irlC3qOQvmTPjwnkci,sad
7xXoiBR98HsfK1jgjmqGrf,addicted to love,snow.,addicted to love,2022-07-08,33,90000,https://open.spotify.com/track/7xXoiBR98HsfK1jgjmqGrf,sad
7cnaubKwp0UvXIT5G3J58n,vertigo,heavn,in the morning,2023-09-08,31,84000,https://open.spotify.com/track/7cnaubKwp0UvXIT5G3J58n,sad
6zPyhUNegCuw9BIfC4K5kG,Chill Like That,Cashmere,Chill Like That,2024-05-30,30,67764,https://open.spotify.com/track/6zPyhUNegCuw9BIfC4K5kG,sad
0jhpe4AiFQIJm3Mhn2sO3n,Intergalactic S.O.S.,Murmur,Intergalactic S.O.S.,2022-04-08,30,84000,https://open.spotify.com/track/0jhpe4AiFQIJm3Mhn2sO3n,sad
7ewwwKUD6pnqJqxz2nxGlD,Riding Around,softhead,Riding Around,2024-05-30,30,74666,https://open.spotify.com/track/7ewwwKUD6pnqJqxz2nxGlD,sad
74u8Oi33nb7F0rT3QUEOxD,One More Chance,Dulcet,One More Chance,2022-09-30,31,88000,https://open.spotify.com/track/74u8Oi33nb7F0rT3QUEOxD,sad
6BnK6LjEGWPnODFdkKK9Rz,special,saamson,special,2024-03-15,29,85333,https://open.spotify.com/track/6BnK6LjEGWPnODFdkKK9Rz,sad
1ddQ6h3BHvp973sj0Q9zBd,Can't Sleep,"nothing less, Flôr, softhead",Forever Ago,2021-07-19,31,110344,https://open.spotify.com/track/1ddQ6h3BHvp973sj0Q9zBd,sad
2hH0UgwTfkf5ImXNJpTD12,Crystal Silence,Effortless,Crystal Silence,2023-03-24,29,81600,https://open.spotify.com/track/2hH0UgwTfkf5ImXNJpTD12,sad
4nC3D9pFnEZ0HPB1dLxHE5,I Remember,Nivla,I Remember,2023-04-28,31,87407,https://open.spotify.com/track/4nC3D9pFnEZ0HPB1dLxHE5,sad
66CkeSRd6Zix5cUPsVZxNT,we don't ever stop,sumthin,call me when ur lonely,2023-09-08,30,72000,https://open.spotify.com/track/66CkeSRd6Zix5cUPsVZxNT,sad
3M3katEt1tRdIeCfkkCZRN,Check!,Juuzou,Check!,2024-03-15,29,72000,https://open.spotify.com/track/3M3katEt1tRdIeCfkkCZRN,sad
5XeGvcJFmSRkC8Chi1YVSV,Neverender,Natsu,Neverender,2024-05-30,29,80963,https://open.spotify.com/track/5XeGvcJFmSRkC8Chi1YVSV,sad
3rE7n9QvTAZ9PpqTRpnPpv,Bolero,mëow mëow,Bolero,2023-02-24,29,78837,https://open.spotify.com/track/3rE7n9QvTAZ9PpqTRpnPpv,sad
1MChwTr5BLret8L0kZIo8p,cold times,majic,cold times,2022-12-23,30,88000,https://open.spotify.com/track/1MChwTr5BLret8L0kZIo8p,sad
2gru83WbPrW1sQwjwjfxjz,Wonders,Lonely Boy,Wonders,2023-09-06,29,66666,https://open.spotify.com/track/2gru83WbPrW1sQwjwjfxjz,sad
02kgyMLhwHXwQAI4L4w3Sj,Adrenaline,eiji,Adrenaline,2024-05-18,29,82285,https://open.spotify.com/track/02kgyMLhwHXwQAI4L4w3Sj,sad
3Xybb3nqkwyHaJ2izrbrys,Pirate Jenny,Akasha,Pirate Jenny,2023-02-24,29,72000,https://open.spotify.com/track/3Xybb3nqkwyHaJ2izrbrys,sad
2Vhn98lpsCZJ7aYVtJ2dlZ,i'm in love again,blossom,i'm in love again,2023-03-31,30,79411,https://open.spotify.com/track/2Vhn98lpsCZJ7aYVtJ2dlZ,sad
5GnVWLvlu1jkJp9u8vhMYU,pathways,yums.,pathways,2023-09-06,29,76800,https://open.spotify.com/track/5GnVWLvlu1jkJp9u8vhMYU,sad
0lgNpBHqYJEqsbdMr2tiAh,Cosmic Dancer,Rascal,Cosmic Dancer,2023-04-05,29,84705,https://open.spotify.com/track/0lgNpBHqYJEqsbdMr2tiAh,sad
17pkjKEkzhxb0fHxEQtzM0,Silver Dreams,Komorebi,Silver Dreams,2024-03-15,28,83720,https://open.spotify.com/track/17pkjKEkzhxb0fHxEQtzM0,sad
4PVQDrPPROhsTFIKESTNVo,La Ritournelle,"her.story, eiji, Dreams For Two",La Ritournelle,2021-09-24,30,97142,https://open.spotify.com/track/4PVQDrPPROhsTFIKESTNVo,sad
6FKTedzxnSRiYsw5pr4taI,flash light,kid.,flash light,2023-04-28,29,72000,https://open.spotify.com/track/6FKTedzxnSRiYsw5pr4taI,sad
6xPxpGTblcs1LzwDGBv5FS,Advice,Yowshi,Advice,2023-09-08,29,80000,https://open.spotify.com/track/6xPxpGTblcs1LzwDGBv5FS,sad
4Q6lcRdTZBcrQMIpGPSNUf,Liar,Flôr,Liar,2023-01-20,33,96000,https://open.spotify.com/track/4Q6lcRdTZBcrQMIpGPSNUf,sad
5yeDG5cvsIQoOu4wVmZYoa,Joe Hill,Shou,Joe Hill,2023-02-24,28,72000,https://open.spotify.com/track/5yeDG5cvsIQoOu4wVmZYoa,sad
2HqlnCdgJ8rByxAq7byvNQ,Stomp,Klein,Stomp,2023-03-31,29,86769,https://open.spotify.com/track/2HqlnCdgJ8rByxAq7byvNQ,sad
3KHavOakMQ6ehSMPPdlqZQ,Speak No Evil,Wolly,Dreamland,2023-05-19,29,76800,https://open.spotify.com/track/3KHavOakMQ6ehSMPPdlqZQ,sad
6ZbonaPBSLVEKIYAUFriyh,Bleachers,Tashi,Bleachers,2024-05-30,27,64000,https://open.spotify.com/track/6ZbonaPBSLVEKIYAUFriyh,sad
6BXaLhUrmvKEpSn8SLDp8D,Get Happy,Idyllic,Get Happy,2023-04-14,28,80250,https://open.spotify.com/track/6BXaLhUrmvKEpSn8SLDp8D,sad
5luP5QNcQ46IViF9N79HYd,Time,Dreams For Two,Time,2022-07-29,28,90434,https://open.spotify.com/track/5luP5QNcQ46IViF9N79HYd,sad
49jVvHIxmVTqIEyNQJgyd3,Limp,Loodwig,Limp,2023-03-03,28,79838,https://open.spotify.com/track/49jVvHIxmVTqIEyNQJgyd3,sad
3lnR90Kz7Dzvxnjo2NQlh3,Looping,Wells,Looping,2023-05-19,28,76800,https://open.spotify.com/track/3lnR90Kz7Dzvxnjo2NQlh3,sad
4cgP9X6AU2Lu6nzc5shwnU,Me Before You,just johnny,Me Before You,2024-03-15,27,76800,https://open.spotify.com/track/4cgP9X6AU2Lu6nzc5shwnU,sad
524g4vfFZYVVjYI1qY81nk,Fallin',Whimsical,Fallin',2023-01-27,28,84666,https://open.spotify.com/track/524g4vfFZYVVjYI1qY81nk,sad
1ZHZdTeGN43cfpVzaghhNX,alone,snow.,alone,2024-03-15,28,74666,https://open.spotify.com/track/1ZHZdTeGN43cfpVzaghhNX,sad
18GIGhm1nzIVRAUXUiGquj,love/hate,heavn,in the morning,2023-09-08,28,90352,https://open.spotify.com/track/18GIGhm1nzIVRAUXUiGquj,sad
5nMD33mJCapsIY4lNM4mab,Golden Boy,Cashmere,Golden Boy,2024-03-15,27,80000,https://open.spotify.com/track/5nMD33mJCapsIY4lNM4mab,sad
4Hr1Oqwq8HVBf3b57uJULE,Goodbye To Love,Murmur,Goodbye To Love,2023-03-17,28,82285,https://open.spotify.com/track/4Hr1Oqwq8HVBf3b57uJULE,sad
6mu80dBq4GbAaWL3nUEIKy,Dazed and Confused,softhead,Dazed and Confused,2021-09-09,29,99000,https://open.spotify.com/track/6mu80dBq4GbAaWL3nUEIKy,sad
2QYRxW2bqJzlVl6eCo5e0C,Vicious Circle,Dulcet,Vicious Circle,2024-05-30,27,80000,https://open.spotify.com/track/2QYRxW2bqJzlVl6eCo5e0C,sad
3xfHLIADzDovSImSsQCh0h,more than ever,saamson,orange yard,2023-09-08,27,69120,https://open.spotify.com/track/3xfHLIADzDovSImSsQCh0h,sad
4gbkoEctEp2Gvmr0ccNjG6,Grips,nothing less,Grips,2024-05-30,26,85333,https://open.spotify.com/track/4gbkoEctEp2Gvmr0ccNjG6,sad
5zb67JNe7XpbYVAHPRHxBP,Another Night,Effortless,Another Night,2024-05-30,26,82000,https://open.spotify.com/track/5zb67JNe7XpbYVAHPRHxBP,sad
3zfwmzY7is9EG3bP4UqRQf,South Street,Nivla,South Street,2023-03-31,29,77315,https://open.spotify.com/track/3zfwmzY7is9EG3bP4UqRQf,sad
4aJQcpLd9niqYFE7mOTIYj,offshore,sumthin,offshore,2023-05-19,27,92903,https://open.spotify.com/track/4aJQcpLd9niqYFE7mOTIYj,sad
5mmk2lfbDQPC4XF50kS8yH,Offshore,Juuzou,Offshore,2023-04-28,28,90352,https://open.spotify.com/track/5mmk2lfbDQPC4XF50kS8yH,sad
1V2S2uMnarEYc3GeYT1xAt,Cypress Grove Blues,Natsu,Cypress Grove Blues,2023-01-20,27,93000,https://open.spotify.com/track/1V2S2uMnarEYc3GeYT1xAt,sad
1SIgYf5uxaIO8kCFaEv6FG,Stay Awhile,mëow mëow,Stay Awhile,2024-05-30,26,87272,https://open.spotify.com/track/1SIgYf5uxaIO8kCFaEv6FG,sad
6p2JZmB8hTVktn4QDjKIT9,solitude,majic,solitude,2022-06-10,28,96750,https://open.spotify.com/track/6p2JZmB8hTVktn4QDjKIT9,sad
5ioN4iPTB8GTnXqwpLufwZ,One Of Us,Lonely Boy,One Of Us,2023-05-19,27,72000,https://open.spotify.com/track/5ioN4iPTB8GTnXqwpLufwZ,sad
2fAhUCjr0XVuoVVl9wU74h,Charade,eiji,Charade,2023-04-14,27,76500,https://open.spotify.com/track/2fAhUCjr0XVuoVVl9wU74h,sad
1sqOLQg6dfCKrakOTbRnMW,Rocket 88,Akasha,Rocket 88,2023-04-21,26,81000,https://open.spotify.com/track/1sqOLQg6dfCKrakOTbRnMW,sad
2H8E7d9PmlVvXXjLJvsgYu,love bites,blossom,love bites,2023-04-28,27,78139,https://open.spotify.com/track/2H8E7d9PmlVvXXjLJvsgYu,sad
3CqkfhSXyZw93238CkU9UR,blue side,yums.,blue side,2023-07-24,26,85333,https://open.spotify.com/track/3CqkfhSXyZw93238CkU9UR,sad
6gE8uaLmwXi1922SZoTHSD,After Dark,Rascal,My Time,2023-09-06,26,77142,https://open.spotify.com/track/6gE8uaLmwXi1922SZoTHSD,sad
5QZuGIYGbS5h7117fPwZaL,Blue...,Komorebi,Blue...,2023-02-17,27,68571,https://open.spotify.com/track/5QZuGIYGbS5h7117fPwZaL,sad
5oyy2ETTBj8wPaWi992I7u,True Faith,her.story,True Faith,2023-01-27,27,89302,https://open.spotify.com/track/5oyy2ETTBj8wPaWi992I7u,sad
6qUJkfYMw69ZmHtHk83jze,sabotage,kid.,sabotage,2023-02-03,27,99000,https://open.spotify.com/track/6qUJkfYMw69ZmHtHk83jze,sad
2pi5BVshud1FCOr4ygYqeS,Changes,Yowshi,Changes,2023-04-05,27,96000,https://open.spotify.com/track/2pi5BVshud1FCOr4ygYqeS,sad
4vzgQANPj1QSwzDJjJtfqQ,Upside Down,Flôr,Upside Down,2022-09-16,27,98028,https://open.spotify.com/track/4vzgQANPj1QSwzDJjJtfqQ,sad
2tHKH0O3g4JCLLZoX9SC9S,Blue Skies,"Shou, Idyllic, Whimsical",Blue Skies,2022-10-21,26,108800,https://open.spotify.com/track/2tHKH0O3g4JCLLZoX9SC9S,sad
7r7FyGRsfwgKUsAAJWuFDW,A Bit Better,Klein,A Bit Better,2024-03-15,26,84705,https://open.spotify.com/track/7r7FyGRsfwgKUsAAJWuFDW,sad
5mvcUvy1ckRhvl2MrWPD0c,Changed,Wolly,Honey,2023-09-06,27,76800,https://open.spotify.com/track/5mvcUvy1ckRhvl2MrWPD0c,sad
4hoA0Q6ldxcKZuKc4bV7o7,I'll Walk Alone,Tashi,I'll Walk Alone,2023-02-17,27,72000,https://open.spotify.com/track/4hoA0Q6ldxcKZuKc4bV7o7,sad
7LVJOPUvW1Gi0Bt90S3JeA,Good Night,Idyllic,Good Night,2023-03-17,26,80250,https://open.spotify.com/track/7LVJOPUvW1Gi0Bt90S3JeA,sad
424i6eyZTcinfHE2nWrm5Q,I'll Be Back,"Dreams For Two, just johnny, her.story",I'll Be Back,2021-09-24,26,107368,https://open.spotify.com/track/424i6eyZTcinfHE2nWrm5Q,sad
23p4VhfFj9VWzArPyz58QW,View From Up There,Loodwig,View From Up There,2022-06-10,27,80000,https://open.spotify.com/track/23p4VhfFj9VWzArPyz58QW,sad
4BbiyoDmlf9X4QRijUWiMg,Martini,Wells,Confession,2024-05-30,25,74666,https://open.spotify.com/track/4BbiyoDmlf9X4QRijUWiMg,sad
64ilzfK0uNnURr9J90N9IG,Jungle,just johnny,Jungle,2022-08-19,27,88000,https://open.spotify.com/track/64ilzfK0uNnURr9J90N9IG,sad
3th03CnKwtQ2TGdtEkV9TU,Hurt,"Whimsical, Komorebi, Shou",Hurt,2022-10-21,27,85714,https://open.spotify.com/track/3th03CnKwtQ2TGdtEkV9TU,sad
2vpQYBJ6F7Xv8ZdXznszFM,remember the rain,snow.,for you…,2021-11-29,27,107294,https://open.spotify.com/track/2vpQYBJ6F7Xv8ZdXznszFM,sad
31XzQePyGYBdFiLXkomaPM,lazy games,heavn,lazy games,2023-07-24,26,67764,https://open.spotify.com/track/31XzQePyGYBdFiLXkomaPM,sad
1nXlIC3IQK2XZ1gJOhkzkM,Daphne,Cashmere,Daphne,2023-02-24,26,66666,https://open.spotify.com/track/1nXlIC3IQK2XZ1gJOhkzkM,sad
6L7M5X5UOvTmZBf5fjfCJa,Mean To Me,Murmur,Mean To Me,2022-12-09,27,100909,https://open.spotify.com/track/6L7M5X5UOvTmZBf5fjfCJa,sad
4fWxjDAzwQ2d2doLSq2jPF,Birdwatching,softhead,Birdwatching,2022-07-01,26,82588,https://open.spotify.com/track/4fWxjDAzwQ2d2doLSq2jPF,sad
5BIhLnElsfjKFT96ZRjCY5,Suzanne,Dulcet,Suzanne,2023-03-03,26,78904,https://open.spotify.com/track/5BIhLnElsfjKFT96ZRjCY5,sad
6BbrZFuCQSYI6Icr3S0cKq,orange yard,saamson,orange yard,2023-09-08,26,76800,https://open.spotify.com/track/6BbrZFuCQSYI6Icr3S0cKq,sad
1Cu8WDl8hHC5f2EV66PFpq,Symphony,nothing less,Symphony,2023-04-14,26,74666,https://open.spotify.com/track/1Cu8WDl8hHC5f2EV66PFpq,sad
2R306U533Q9drJsqM94ChR,Showtime,Effortless,Showtime,2024-03-15,25,89600,https://open.spotify.com/track/2R306U533Q9drJsqM94ChR,sad
4Og01acmc3mC7LgJZ9EpyV,Plant Pot Song,Nivla,Plant Pot Song,2024-05-30,26,84000,https://open.spotify.com/track/4Og01acmc3mC7LgJZ9EpyV,sad
2cU9r0ad15f53MUhOORoPr,low focus,sumthin,the way things go,2023-07-24,25,89302,https://open.spotify.com/track/2cU9r0ad15f53MUhOORoPr,sad
1G4mutxcgYmDotJCP7l6Cn,Mirage,Juuzou,Mirage,2024-05-30,25,80000,https://open.spotify.com/track/1G4mutxcgYmDotJCP7l6Cn,sad
52Ral4M3z2JBX9LZ6nBhQN,Such A Night,Natsu,Such A Night,2023-02-17,25,103384,https://open.spotify.com/track/52Ral4M3z2JBX9LZ6nBhQN,sad
4asK5wQg5wlhFf4hA5CeGd,"To The Top, Never Stop",mëow mëow,To The Top,2024-03-15,25,77837,https://open.spotify.com/track/4asK5wQg5wlhFf4hA5CeGd,sad
5PxrfysAak9ExoYfUbU6pM,love is...,majic,underneath the christmas lights,2021-11-29,26,89538,https://open.spotify.com/track/5PxrfysAak9ExoYfUbU6pM,sad
5f4cJKTRnEMn6zRbtBdWem,Office Hours,Lonely Boy,One & Only,2023-07-24,25,82285,https://open.spotify.com/track/5f4cJKTRnEMn6zRbtBdWem,sad
1Ky2FrFTzEmoi8zg1B4Vjg,Ocean Drive,"eiji, Dreams For Two, just johnny",Ocean Drive,2021-09-24,26,133170,https://open.spotify.com/track/1Ky2FrFTzEmoi8zg1B4Vjg,sad
0zzpbTOwfWfKXJi8wJx44D,Fortune Eyes,Akasha,Fortune Eyes,2024-05-30,24,72000,https://open.spotify.com/track/0zzpbTOwfWfKXJi8wJx44D,sad
7t7QeoEZ5BISoevyOT1hTO,dinosaurs,blossom,still young,2022-02-07,25,111428,https://open.spotify.com/track/7t7QeoEZ5BISoevyOT1hTO,sad
5GWdbEGKmtrBJqq5nd45yK,wild & free,yums.,wild & free,2023-05-19,25,76800,https://open.spotify.com/track/5GWdbEGKmtrBJqq5nd45yK,sad
2dwzaYeBSNnAgRlQvZSikG,Get You The Moon,Rascal,In Bloom,2023-05-19,25,87000,https://open.spotify.com/track/2dwzaYeBSNnAgRlQvZSikG,sad
3KhEGySRIGntXBbksRetfW,Bruises,Komorebi,Bruises,2022-07-22,25,80000,https://open.spotify.com/track/3KhEGySRIGntXBbksRetfW,sad
3Heu7B5JGuJC4QzBTYZzmQ,My Desire,her.story,My Desire,2023-03-24,26,84000,https://open.spotify.com/track/3Heu7B5JGuJC4QzBTYZzmQ,sad
1ocT9fovQjIS7rMsvDrkqw,free ride,kid.,free ride,2022-12-23,27,96000,https://open.spotify.com/track/1ocT9fovQjIS7rMsvDrkqw,sad
6kANZ9eaVw8UUMHJwHFKqx,Aqua Boogie,Yowshi,Faded Memories,2023-05-19,26,74666,https://open.spotify.com/track/6kANZ9eaVw8UUMHJwHFKqx,sad
67Crr8fVJPB3lQPox9Lk2a,The Other Side,Flôr,The Other Side,2024-05-30,24,82285,https://open.spotify.com/track/67Crr8fVJPB3lQPox9Lk2a,sad
4Pf6gWTEHTh7ujrokx4des,Magic Place,Shou,Magic Place,2022-04-15,26,113684,https://open.spotify.com/track/4Pf6gWTEHTh7ujrokx4des,sad
3ZWWzfD6K4bQmDDDuc8QoN,Passenger Seat,Klein,Passenger Seat,2024-05-20,25,79058,https://open.spotify.com/track/3ZWWzfD6K4bQmDDDuc8QoN,sad
0RFPLgHH6952r2rQABXHGN,Golden View,Wolly,Love,2023-07-24,26,75505,https://open.spotify.com/track/0RFPLgHH6952r2rQABXHGN,sad
4cWspdGxsYk5DyePphsqzg,Holy Smokes,Tashi,Holy Smokes,2024-03-15,25,79058,https://open.spotify.com/track/4cWspdGxsYk5DyePphsqzg,sad
1o5LtQJ3SbnAbikA2FCNW2,When We Touch,Idyllic,When We Touch,2023-02-17,25,76039,https://open.spotify.com/track/1o5LtQJ3SbnAbikA2FCNW2,sad
6KlJeHoOmZnSvNALMG4Ejt,Cutting Ties,Dreams For Two,Cutting Ties,2024-05-30,25,90352,https://open.spotify.com/track/6KlJeHoOmZnSvNALMG4Ejt,sad
1lvRY2RIX8TiAIXm1eGvWo,Jeremy,Loodwig,Jeremy,2023-02-03,27,86292,https://open.spotify.com/track/1lvRY2RIX8TiAIXm1eGvWo,sad
2Ac5NlxYXFrrKVK7yRtkNj,Distant Dreams,Wells,Distant Dreams,2023-09-08,25,72000,https://open.spotify.com/track/2Ac5NlxYXFrrKVK7yRtkNj,sad
0uDPQy2hxIVpZVaNKDVeYJ,The Morning After (The Night Before),just johnny,The Morning After (The Night Before),2022-07-22,26,85159,https://open.spotify.com/track/0uDPQy2hxIVpZVaNKDVeYJ,sad
0k840aTUkskcHNT38XBuI5,Daruma,Whimsical,Daruma,2024-05-30,24,85714,https://open.spotify.com/track/0k840aTUkskcHNT38XBuI5,sad
4uYlUu24WRgPfXTOH36DQ1,norwegian wood,snow.,norwegian wood,2023-04-28,26,78904,https://open.spotify.com/track/4uYlUu24WRgPfXTOH36DQ1,sad
5mKPGkJmtSIkGG9h2RzDs7,underwater,heavn,underwater,2023-05-19,25,79058,https://open.spotify.com/track/5mKPGkJmtSIkGG9h2RzDs7,sad
06WzRnjEFs9uZFokctzTP5,Flashing Lights,Cashmere,Flashing Lights,2023-04-21,25,74666,https://open.spotify.com/track/06WzRnjEFs9uZFokctzTP5,sad
6AAil3g5TylbMHYd5JqmKt,Someday Soon,Murmur,Someday Soon,2023-04-14,25,78139,https://open.spotify.com/track/6AAil3g5TylbMHYd5JqmKt,sad
5unUI1k6I71ukEVsfVOlBe,Cirrus,softhead,Dazed and Confused,2021-09-09,25,110769,https://open.spotify.com/track/5unUI1k6I71ukEVsfVOlBe,sad
5se73fopTSUB4cESco8hdy,Runaway,Dulcet,Runaway,2023-02-03,25,89823,https://open.spotify.com/track/5se73fopTSUB4cESco8hdy,sad
0bDStBmCMn4mZ0ywGnxXNO,wake up,saamson,wake up,2023-05-19,26,78139,https://open.spotify.com/track/0bDStBmCMn4mZ0ywGnxXNO,sad
31wTOaNBaoScc01YYg2LJT,Floating Bridge,nothing less,Floating Bridge,2023-03-17,25,78857,https://open.spotify.com/track/31wTOaNBaoScc01YYg2LJT,sad
2e0Iyt6R3JvJMyOXOvD8tS,Moonglow,Effortless,Moonglow,2023-01-27,25,112000,https://open.spotify.com/track/2e0Iyt6R3JvJMyOXOvD8tS,sad
62qFPPT3FXv7PDVSAUWFWk,Lovesick Blues,Nivla,Lovesick Blues,2023-03-03,28,79058,https://open.spotify.com/track/62qFPPT3FXv7PDVSAUWFWk,sad
3ZK9lA92LXHwn3vPUHbHuE,moondance,sumthin,moondance,2023-04-05,25,64666,https://open.spotify.com/track/3ZK9lA92LXHwn3vPUHbHuE,sad
1fAZR1EltM1AFqMaqnHkqA,Carioca,Juuzou,Carioca,2023-03-31,26,66976,https://open.spotify.com/track/1fAZR1EltM1AFqMaqnHkqA,sad
5f0wGxLw6ZqZKRHhYe7kGU,It Was Raining,Natsu,It Was Raining,2023-03-17,24,89600,https://open.spotify.com/track/5f0wGxLw6ZqZKRHhYe7kGU,sad
3rnbPLwvTD7bEi6pXECjpl,A Subtle Touch,mëow mëow,Lotus,2021-10-27,24,108000,https://open.spotify.com/track/3rnbPLwvTD7bEi6pXECjpl,sad
4GESZVEDitCDBzqf0Ka0Mn,indigo,majic,indigo,2023-03-31,25,87000,https://open.spotify.com/track/4GESZVEDitCDBzqf0Ka0Mn,sad
2r1rFJypTkWrW7IZYkijY1,Try Again,Lonely Boy,Try Again,2024-05-30,24,70243,https://open.spotify.com/track/2r1rFJypTkWrW7IZYkijY1,sad
1RCxMoaaC5aBJU4ImoY4uI,Triumph,eiji,Triumph,2023-01-20,24,84857,https://open.spotify.com/track/1RCxMoaaC5aBJU4ImoY4uI,sad
6VeltqV1zvXywf3rbvmeC0,Cuban Love Song,Akasha,Cuban Love Song,2023-03-24,24,84000,https://open.spotify.com/track/6VeltqV1zvXywf3rbvmeC0,sad
6cvGPUfcmq3VqrjeNez8ev,leave tonight,blossom,leave tonight,2024-05-30,24,82285,https://open.spotify.com/track/6cvGPUfcmq3VqrjeNez8ev,sad
3G4etCCt8MPxC9kBOxsIBE,blindfold,yums.,blindfold,2024-05-30,23,78139,https://open.spotify.com/track/3G4etCCt8MPxC9kBOxsIBE,sad
2cAAsvQvwKfJSlP9XnJhsR,September Jam,Rascal,My Time,2023-09-06,24,81951,https://open.spotify.com/track/2cAAsvQvwKfJSlP9XnJhsR,sad
5IOZvg5wENTsj4gIYuBHXP,Eleven,Komorebi,Eleven,2023-04-14,23,73043,https://open.spotify.com/track/5IOZvg5wENTsj4gIYuBHXP,sad
28eDgurQFEDm36emGqL5tN,La Ritournelle - Vocal Mix,"her.story, eiji, Dreams For Two",La Ritournelle (Vocal Mix),2025-05-26,19,120000,https://open.spotify.com/track/28eDgurQFEDm36emGqL5tN,sad
7mq86sW0teIzvCxxSRAoG6,bored,kid.,bored,2024-03-15,21,85970,https://open.spotify.com/track/7mq86sW0teIzvCxxSRAoG6,sad
5Yyu2YPnJysFlucMKjdeDA,The Life I Chose,Yowshi,The Life I Chose,2024-03-15,22,76800,https://open.spotify.com/track/5Yyu2YPnJysFlucMKjdeDA,sad
7vro392Ek9Lggh522SNHGq,Ray of Light,Flôr,Ray of Light,2023-03-17,22,67764,https://open.spotify.com/track/7vro392Ek9Lggh522SNHGq,sad
3Mmdq2j2aMqaj7FWq6vfYM,Drinkin' Buddies,Shou,Drinkin' Buddies,2024-05-30,21,72000,https://open.spotify.com/track/3Mmdq2j2aMqaj7FWq6vfYM,sad
1r2amsVXokDzbwnAZDA6UU,Love Hurts,Klein,Love Hurts,2023-03-03,22,76800,https://open.spotify.com/track/1r2amsVXokDzbwnAZDA6UU,sad
4ClN9VXblee0llafQYYJnE,Lush Life,Wolly,Lush Life,2023-04-05,24,79764,https://open.spotify.com/track/4ClN9VXblee0llafQYYJnE,sad
4lKAmK8EpqaKxYrc4bWOFn,Where Or When,Tashi,Where Or When,2023-01-20,24,96000,https://open.spotify.com/track/4lKAmK8EpqaKxYrc4bWOFn,sad
3p0uZalX3AWMXRz4YmRt5R,Backslide,Idyllic,Backslide,2024-05-30,20,78904,https://open.spotify.com/track/3p0uZalX3AWMXRz4YmRt5R,sad
117jPpzLrc5H3Z6iOhv8ML,Weird World,Dreams For Two,Weird World,2024-03-06,20,72000,https://open.spotify.com/track/117jPpzLrc5H3Z6iOhv8ML,sad
4suc82DC4DsBSvgEwoyOBl,Chairlift,Loodwig,Chairlift,2022-12-23,23,95437,https://open.spotify.com/track/4suc82DC4DsBSvgEwoyOBl,sad
4lpiftaxMI0dnrnNs70vNg,Love Like That,Wells,Sudden Change,2023-07-24,21,74666,https://open.spotify.com/track/4lpiftaxMI0dnrnNs70vNg,sad
7ClqlWCzdCdsi2VrZhFuhP,The Youth,"just johnny, her.story, eiji",The Youth,2021-09-24,22,112000,https://open.spotify.com/track/7ClqlWCzdCdsi2VrZhFuhP,sad
2GjovGrulgLXXKr9VH34ZX,212,Whimsical,212,2024-03-06,21,90000,https://open.spotify.com/track/2GjovGrulgLXXKr9VH34ZX,sad
6gUtsMjQuNTvJXkVIPlqIq,for you...,snow.,for you…,2021-11-29,24,120000,https://open.spotify.com/track/6gUtsMjQuNTvJXkVIPlqIq,sad
3fayCAOhHvLJPQolimtuiJ,lookout,heavn,lookout,2024-05-30,21,94426,https://open.spotify.com/track/3fayCAOhHvLJPQolimtuiJ,sad
6dHLcBwCeeE6o6eXx0WK24,Sonder,Cashmere,Sonder,2022-04-15,22,93176,https://open.spotify.com/track/6dHLcBwCeeE6o6eXx0WK24,sad
6X4rN9Otj2FCpwDYpd9Qq7,Flips and Flops,Murmur,Flips and Flops,2022-07-22,21,90666,https://open.spotify.com/track/6X4rN9Otj2FCpwDYpd9Qq7,sad
3vLW01zyqjVqIp6VPBREIt,Once Upon A Time,softhead,Once Upon A Time,2022-09-23,22,92250,https://open.spotify.com/track/3vLW01zyqjVqIp6VPBREIt,sad
5DfZl5QUStHxtdNxQ8HSz8,Turn On Your Love,Dulcet,Turn On Your Love,2023-03-31,23,84000,https://open.spotify.com/track/5DfZl5QUStHxtdNxQ8HSz8,sad
4tOaOj1wZgyJqZVUd3Uf7y,girls & boys,saamson,girls & boys,2023-04-05,22,79058,https://open.spotify.com/track/4tOaOj1wZgyJqZVUd3Uf7y,sad
4czALX2gdp16v2zcgDJR2w,Coffee & TV,nothing less,Coffee & TV,2023-02-17,21,87750,https://open.spotify.com/track/4czALX2gdp16v2zcgDJR2w,sad
7a5kdm9XED2Z0wlxyOMHtY,Alone and Forsaken,Effortless,Alone and Forsaken,2022-08-26,22,82285,https://open.spotify.com/track/7a5kdm9XED2Z0wlxyOMHtY,sad
7pEhOWe7wBJ61TBz9SQygz,Weirdo,Nivla,Kids Again,2021-11-08,22,128000,https://open.spotify.com/track/7pEhOWe7wBJ61TBz9SQygz,sad
1mZDmX2U780ucdnGB78Qzr,sad music,sumthin,call me when ur lonely,2023-09-08,21,82962,https://open.spotify.com/track/1mZDmX2U780ucdnGB78Qzr,sad
4bd0vSmc0C7wZCut8I8WVe,Never Enough,Juuzou,Mirage,2024-05-30,20,70243,https://open.spotify.com/track/4bd0vSmc0C7wZCut8I8WVe,sad
0qlmDWuZ29HrvoNXKtXq5y,Adrift,Natsu,Adrift,2022-02-07,21,115764,https://open.spotify.com/track/0qlmDWuZ29HrvoNXKtXq5y,sad
0NAst70VyClC0Pz2KZ9i50,Sad Machine,mëow mëow,Sad Machine,2023-04-21,21,86943,https://open.spotify.com/track/0NAst70VyClC0Pz2KZ9i50,sad
0FHjFv4zN2b0EGoh9P6gW8,love is a trap,majic,love is a trap,2024-05-30,20,96000,https://open.spotify.com/track/0FHjFv4zN2b0EGoh9P6gW8,sad
2eJSC8KgQv3hdbEB6rFcpI,Deep Drift,Lonely Boy,Wonders,2023-09-06,21,69397,https://open.spotify.com/track/2eJSC8KgQv3hdbEB6rFcpI,sad
3ytYZSrlHRJ2uGviCpeoKu,Family Affair,eiji,Family Affair,2022-12-09,21,87000,https://open.spotify.com/track/3ytYZSrlHRJ2uGviCpeoKu,sad
0GiMiPw5TS0cOW9hCoyuL2,One Love,Akasha,One Love,2023-01-27,21,113142,https://open.spotify.com/track/0GiMiPw5TS0cOW9hCoyuL2,sad
6sbg8oQ7d81fV0X3n6Ap44,doubts…,blossom,doubts…,2024-03-15,20,88000,https://open.spotify.com/track/6sbg8oQ7d81fV0X3n6Ap44,sad
3hfvtjiQCnxXYJo78nknsj,said and done,yums.,pathways,2023-09-06,20,82285,https://open.spotify.com/track/3hfvtjiQCnxXYJo78nknsj,sad
4fll71o7bKVKRKAYW1ZUaE,Simple Life,Rascal,My Time,2023-09-06,20,68571,https://open.spotify.com/track/4fll71o7bKVKRKAYW1ZUaE,sad
4e452ksvvyhVmUBcN1xPBw,Body and Soul,Komorebi,Body and Soul,2023-03-17,22,85333,https://open.spotify.com/track/4e452ksvvyhVmUBcN1xPBw,sad
5hwWoj5YKV0nnkWic1wNPZ,Lovesome,her.story,Lovesome,2024-05-18,20,69397,https://open.spotify.com/track/5hwWoj5YKV0nnkWic1wNPZ,sad
4vUW3qlYQ0trvlc0aswQML,waiting,kid.,waiting,2022-09-02,22,95294,https://open.spotify.com/track/4vUW3qlYQ0trvlc0aswQML,sad
3esVRVIGPlP0krQK06f1xE,Burner,Yowshi,Burner,2024-05-30,20,68571,https://open.spotify.com/track/3esVRVIGPlP0krQK06f1xE,sad
3A10teNWfCZxUiWWu6gfTl,Still Here,"Flôr, nothing less, mëow mëow",From Dusk Till Dawn,2021-07-19,23,124444,https://open.spotify.com/track/3A10teNWfCZxUiWWu6gfTl,sad
0gBhfTfQ61RTKsdOzAARwL,Lonesome Night,Shou,Lonesome Night,2022-08-26,21,96000,https://open.spotify.com/track/0gBhfTfQ61RTKsdOzAARwL,sad
42vXbTjxbfEIEAYMV3kYQ8,Crossroads,Klein,Crossroads,2022-12-23,22,95500,https://open.spotify.com/track/42vXbTjxbfEIEAYMV3kYQ8,sad
3ZakM7Wx7txt7VKCPqQ0y1,Hold Up,Wolly,Hold Up,2024-05-30,21,67764,https://open.spotify.com/track/3ZakM7Wx7txt7VKCPqQ0y1,sad
6GFZCjBWNMf3LxM32c2yXa,Dreamkeeper,Tashi,Dreamkeeper,2022-04-08,22,89302,https://open.spotify.com/track/6GFZCjBWNMf3LxM32c2yXa,sad
4Zhwmc7F1wlPZrTEUMGLEx,The End,Idyllic,The End,2022-12-09,21,108387,https://open.spotify.com/track/4Zhwmc7F1wlPZrTEUMGLEx,sad
0VMEBEpEWY56jW7ud5aT94,Avalanche,Dreams For Two,Avalanche,2022-04-15,21,104470,https://open.spotify.com/track/0VMEBEpEWY56jW7ud5aT94,sad
7EDwFxVD5JImfWpfHLIwWT,90's All Stars,Loodwig,Softly,2021-11-29,20,88000,https://open.spotify.com/track/7EDwFxVD5JImfWpfHLIwWT,sad
1qH1mIPrmzqN0yglTr35IZ,Heartless,Wells,Heartless,2023-04-07,20,70500,https://open.spotify.com/track/1qH1mIPrmzqN0yglTr35IZ,sad
15oO5INde1A8R6Q2QZT2dd,Genius,just johnny,Genius,2022-05-27,21,84000,https://open.spotify.com/track/15oO5INde1A8R6Q2QZT2dd,sad
4dPMdcFI8qtkLhtlL6kBfE,Zeebob,Whimsical,Zeebob,2023-04-21,21,88615,https://open.spotify.com/track/4dPMdcFI8qtkLhtlL6kBfE,sad
7kLxUttgyzw97GvOgFpSyO,things we lost in the fire,snow.,dreamin',2021-11-08,21,120000,https://open.spotify.com/track/7kLxUttgyzw97GvOgFpSyO,sad
1x6vDkobQJ0rxHdVpTuGg9,god is dead,heavn,god is dead,2024-03-15,19,82285,https://open.spotify.com/track/1x6vDkobQJ0rxHdVpTuGg9,sad
04AQWVVr4ryxk8CoY1o6d4,Another Day in Paradise,Cashmere,Little Victories and Happy Coincidences,2021-10-27,25,102068,https://open.spotify.com/track/04AQWVVr4ryxk8CoY1o6d4,sad
213wsl7JnpcM47534LTeSB,I Try,Murmur,I Try,2023-01-20,21,105365,https://open.spotify.com/track/213wsl7JnpcM47534LTeSB,sad
33a6gA5R081KVc7qgkXQm5,Sunset Boulevard,"softhead, nothing less, mëow mëow",Sunset Boulevard,2021-09-24,21,84000,https://open.spotify.com/track/33a6gA5R081KVc7qgkXQm5,sad
3wtY1gzZQIA7022Z7BxEhg,Narrow Road,Dulcet,Narrow Road,2024-03-15,20,76800,https://open.spotify.com/track/3wtY1gzZQIA7022Z7BxEhg,sad
1XFQvAZyAdJJgeNc2ygDrS,driftwood,saamson,orange yard,2023-09-08,20,79666,https://open.spotify.com/track/1XFQvAZyAdJJgeNc2ygDrS,sad
6saZEeVWWsVFnEoMT3AaRM,Pillows,nothing less,Forever Ago,2021-07-19,21,134400,https://open.spotify.com/track/6saZEeVWWsVFnEoMT3AaRM,sad
5JrNiTwPmyZwQj1YomUI3m,No Place To Fall,Effortless,No Place To Fall,2023-02-24,20,79058,https://open.spotify.com/track/5JrNiTwPmyZwQj1YomUI3m,sad
1P1BvqBRbdi2fcwfSr3Dir,Heartbreak King,Nivla,Heartbreak King,2024-03-15,20,79448,https://open.spotify.com/track/1P1BvqBRbdi2fcwfSr3Dir,sad
0m75A6B7qcVyColBPwZk3B,hurt me,sumthin,call me when ur lonely,2023-09-08,20,90352,https://open.spotify.com/track/0m75A6B7qcVyColBPwZk3B,sad
6iTNznHhKwYHMnqhCKRA7m,City Lights,Juuzou,Evening Strolls,2021-11-11,20,102068,https://open.spotify.com/track/6iTNznHhKwYHMnqhCKRA7m,sad
4Rwh5t34Me1bC7T3WSK0Vz,Breathless,Natsu,Breathless,2022-12-09,21,101917,https://open.spotify.com/track/4Rwh5t34Me1bC7T3WSK0Vz,sad
3gTqbgP4Kq4i1p27vCpiL8,Ghostboy,mëow mëow,Ghostboy,2022-04-15,21,106285,https://open.spotify.com/track/3gTqbgP4Kq4i1p27vCpiL8,sad
2MCL4Ly4jaDewkBO7SJupJ,elements,majic,elements,2023-03-03,20,72000,https://open.spotify.com/track/2MCL4Ly4jaDewkBO7SJupJ,sad
6646SvUqnJE1rpEv7zTbAW,Along The Way,Lonely Boy,Wonders,2023-09-06,22,89600,https://open.spotify.com/track/6646SvUqnJE1rpEv7zTbAW,sad
3pGP62icloXEcFsXTdYvWp,Abilene,eiji,Abilene,2023-02-17,21,96000,https://open.spotify.com/track/3pGP62icloXEcFsXTdYvWp,sad
1bf1olf4bZ2Cc2ttSTNwK0,Slow Motion,Akasha,Slow Motion,2022-02-07,19,97916,https://open.spotify.com/track/1bf1olf4bZ2Cc2ttSTNwK0,sad
7hCl7fXG4EGE8a73uP3agb,it hurts me too,blossom,it hurts me too,2023-03-03,22,76800,https://open.spotify.com/track/7hCl7fXG4EGE8a73uP3agb,sad
495ovLXNXfCJg8UwxHRwAd,letting you know,yums.,pathways,2023-09-06,20,70243,https://open.spotify.com/track/495ovLXNXfCJg8UwxHRwAd,sad
0SCfHnzYJ3AYswpdLLXxvN,Persona,Rascal,Until Tomorrow,2023-07-24,20,85333,https://open.spotify.com/track/0SCfHnzYJ3AYswpdLLXxvN,sad
06KBjT6NCt4wV5rP05pPvx,Acquiesce,Komorebi,Acquiesce,2023-01-20,21,102400,https://open.spotify.com/track/06KBjT6NCt4wV5rP05pPvx,sad
7HSoX7xBnxxOnzryPYcnPf,Losing Grip,her.story,Bop,2024-03-15,19,74666,https://open.spotify.com/track/7HSoX7xBnxxOnzryPYcnPf,sad
3fbIViWfonGbJB7XfwzbZm,back to sleep,kid.,nuages,2022-02-07,20,120000,https://open.spotify.com/track/3fbIViWfonGbJB7XfwzbZm,sad
3Ead4IEaL2Oa6Th7kfl2sF,Teenage,Yowshi,10.000 Hours,2023-07-24,20,82285,https://open.spotify.com/track/3Ead4IEaL2Oa6Th7kfl2sF,sad
7CAKeEv8vrUpfzQMVJ4ZLH,Forever and Ever,Flôr,Forever and Ever,2023-02-17,22,84000,https://open.spotify.com/track/7CAKeEv8vrUpfzQMVJ4ZLH,sad
4q1GEdbFlnCmQfATzrWTNt,Karma,Shou,Karma,2024-03-15,19,85333,https://open.spotify.com/track/4q1GEdbFlnCmQfATzrWTNt,sad
0CIXxZNBuRBmmYv7drwmgV,Pines,Klein,Pines,2022-06-10,20,90000,https://open.spotify.com/track/0CIXxZNBuRBmmYv7drwmgV,sad
2oPPbraX9FoLHSTDwTCims,Everything We Tried,Wolly,Everything We Tried,2024-03-15,20,72000,https://open.spotify.com/track/2oPPbraX9FoLHSTDwTCims,sad
1cgCGof3COv4omkpR93UuY,Love Ride,Tashi,Vibes,2021-10-27,20,104470,https://open.spotify.com/track/1cgCGof3COv4omkpR93UuY,sad
3VzLjgdek1ckegBHPQvn1s,Looped,Idyllic,Looped,2022-07-22,26,89142,https://open.spotify.com/track/3VzLjgdek1ckegBHPQvn1s,sad
7mAjePvHHmNRyaeyHnvBhH,Phaedra,Dreams For Two,Phaedra,2023-03-24,21,72000,https://open.spotify.com/track/7mAjePvHHmNRyaeyHnvBhH,sad
3aqjDbKhSdm975OupZM7Kf,Coastline,Loodwig,Coastline,2021-11-08,21,123116,https://open.spotify.com/track/3aqjDbKhSdm975OupZM7Kf,sad
36XpLy2Ocf16I3hLoZFbZJ,Caring,Wells,Distant Dreams,2023-09-08,19,68571,https://open.spotify.com/track/36XpLy2Ocf16I3hLoZFbZJ,sad
5AaB7cCHmny2L1A6Fhdi8z,Scary Love,just johnny,Scary Love,2024-05-30,19,74666,https://open.spotify.com/track/5AaB7cCHmny2L1A6Fhdi8z,sad
3d71kLwL3oPkyylpiCkwJ9,Luka,Whimsical,Luka,2023-02-24,19,86250,https://open.spotify.com/track/3d71kLwL3oPkyylpiCkwJ9,sad
1lEj2JWlZ2SqnpP9DN3VBx,heartbreak hotel,snow.,heartbreak hotel,2023-03-31,21,74666,https://open.spotify.com/track/1lEj2JWlZ2SqnpP9DN3VBx,sad
1NrXYGi7br7C6rObGc8bli,rampage,heavn,in the morning,2023-09-08,20,79058,https://open.spotify.com/track/1NrXYGi7br7C6rObGc8bli,sad
3M3zMSHn4XwU1SjImWOPyA,Oceans Away,Cashmere,Little Victories and Happy Coincidences,2021-10-27,21,102068,https://open.spotify.com/track/3M3zMSHn4XwU1SjImWOPyA,sad
0AFBkbZXoQcLaqcE3z3W0f,Avalon,Murmur,Avalon,2022-11-11,20,92857,https://open.spotify.com/track/0AFBkbZXoQcLaqcE3z3W0f,sad
3pj2G87H14AXMvpfZukQGR,Thinkin' Bout,softhead,Thinkin' Bout,2024-03-06,18,75692,https://open.spotify.com/track/3pj2G87H14AXMvpfZukQGR,sad
6L3WdBkfBtT5yveCC6wcEO,Judy,Dulcet,Sunset/Sunrise,2021-12-27,21,88000,https://open.spotify.com/track/6L3WdBkfBtT5yveCC6wcEO,sad
7qrU8LolyLrRAfhx6aCOEA,rebundance,saamson,bloom,2023-07-24,20,80000,https://open.spotify.com/track/7qrU8LolyLrRAfhx6aCOEA,sad
4IVnCOsPj9qccq8pU3aJJ8,Liquid Swords,nothing less,Liquid Swords,2023-01-20,20,87000,https://open.spotify.com/track/4IVnCOsPj9qccq8pU3aJJ8,sad
16q9QDtvEPuFgJzvIWiR5F,Lonesome Moments,Effortless,Lonesome Moments,2022-02-07,22,107142,https://open.spotify.com/track/16q9QDtvEPuFgJzvIWiR5F,sad
577eS1qX7KavxnPQ8VzHHq,Gin and Juice,Nivla,Gin and Juice,2022-12-23,23,92000,https://open.spotify.com/track/577eS1qX7KavxnPQ8VzHHq,sad
0bRRAq6iDXff28eQVMmznp,call me when ur lonely,sumthin,call me when ur lonely,2023-09-08,19,82285,https://open.spotify.com/track/0bRRAq6iDXff28eQVMmznp,sad
7CO6J1expCWrQFkeI52h8r,Hold My Hand,Juuzou,The Place We Used To Go,2021-12-03,20,100909,https://open.spotify.com/track/7CO6J1expCWrQFkeI52h8r,sad
1tekYus6KO85FzllfnK3lZ,Her,Natsu,Her,2022-04-08,19,98823,https://open.spotify.com/track/1tekYus6KO85FzllfnK3lZ,sad
43xeb1z01wPkFvzNU9x6BP,Black Orchid,mëow mëow,Black Orchid,2022-08-26,20,96000,https://open.spotify.com/track/43xeb1z01wPkFvzNU9x6BP,sad
4p6oXrDJ3bohCgq7Wx0SrY,delta dawn,majic,delta dawn,2022-09-30,22,102000,https://open.spotify.com/track/4p6oXrDJ3bohCgq7Wx0SrY,sad
2qVmwXfYhKkVJvS5stAm92,Unwind,Lonely Boy,Wonders,2023-09-06,20,80000,https://open.spotify.com/track/2qVmwXfYhKkVJvS5stAm92,sad
0svWJ8xzBksYpfywhKxv7V,Blue Ghost Blues,eiji,Blue Ghost Blues,2022-08-19,20,84750,https://open.spotify.com/track/0svWJ8xzBksYpfywhKxv7V,sad
3OAbbYpOPELYmfUEwC33Mr,Soul Kitchen,Akasha,Slow Motion,2022-02-07,19,105714,https://open.spotify.com/track/3OAbbYpOPELYmfUEwC33Mr,sad
2t4uaxbSmAP6lEZRYnj7Xh,unify,blossom,unify,2023-02-03,20,90967,https://open.spotify.com/track/2t4uaxbSmAP6lEZRYnj7Xh,sad
7j9P6dMp5QIvIkFgezyNVR,mochi,yums.,blue side,2023-07-24,19,92790,https://open.spotify.com/track/7j9P6dMp5QIvIkFgezyNVR,sad
0Emvl2KulOeQZNy8pKwuYR,In Bloom,Rascal,In Bloom,2023-05-19,19,64000,https://open.spotify.com/track/0Emvl2KulOeQZNy8pKwuYR,sad
0M4At0gI6OwReaBkbtH95I,Calling You,Komorebi,Calling You,2022-12-09,21,83612,https://open.spotify.com/track/0M4At0gI6OwReaBkbtH95I,sad
6WtdiwNsDz8nQuiYacHOjJ,Bebop,her.story,Bebop,2023-04-21,22,71666,https://open.spotify.com/track/6WtdiwNsDz8nQuiYacHOjJ,sad
1IQnol9rGNvlmEknnWBziz,lose you now,kid.,lose you now,2024-05-30,19,73846,https://open.spotify.com/track/1IQnol9rGNvlmEknnWBziz,sad
5wmXqxOTax6u59kFwJ3m7K,November,Yowshi,Advice,2023-09-08,20,82285,https://open.spotify.com/track/5wmXqxOTax6u59kFwJ3m7K,sad
759qDRWI3Lm0Ssk1fiEnDg,Hallucinations,"Flôr, softhead, nothing less",Hallucinations,2022-10-14,21,96000,https://open.spotify.com/track/759qDRWI3Lm0Ssk1fiEnDg,sad
1h6e6cwGMfaac06dQjMk58,Remember When,Shou,Remember When,2022-07-01,20,91124,https://open.spotify.com/track/1h6e6cwGMfaac06dQjMk58,sad
0ltNAELiEzL3zLcswZXAOI,Butterflies,Klein,Find My Way,2021-12-27,20,104000,https://open.spotify.com/track/0ltNAELiEzL3zLcswZXAOI,sad
6eh1tXE2CMCbUpzReZqqAw,Now and Then,Wolly,Honey,2023-09-06,21,82285,https://open.spotify.com/track/6eh1tXE2CMCbUpzReZqqAw,sad
5qXy1ZAfXLSdDNeRdeT9FE,Here (In Your Arms),Tashi,Here (In Your Arms),2023-04-14,21,90352,https://open.spotify.com/track/5qXy1ZAfXLSdDNeRdeT9FE,sad
7GlPanAuKtSnDeprMf6ZxY,Celestial Melodies,Idyllic,Celestial Melodies,2024-03-15,18,93658,https://open.spotify.com/track/7GlPanAuKtSnDeprMf6ZxY,sad
1JZE9BqTcOQfTw8RgwpjjZ,Closer,Dreams For Two,Closer,2023-01-27,19,96000,https://open.spotify.com/track/1JZE9BqTcOQfTw8RgwpjjZ,sad
14OiIFwePQqEWUtLNifYql,Adore,Loodwig,Adore,2022-08-05,20,115200,https://open.spotify.com/track/14OiIFwePQqEWUtLNifYql,sad
2YaJNvCL4JNRSwds2FkXcW,Slowing Down,Wells,Distant Dreams,2023-09-08,18,79058,https://open.spotify.com/track/2YaJNvCL4JNRSwds2FkXcW,sad
0FtazJi2PRUNrMSMFUCtKv,Wine and Roses,just johnny,Wine and Roses,2022-04-08,19,88615,https://open.spotify.com/track/0FtazJi2PRUNrMSMFUCtKv,sad
42J3inTXbWQBRryGL0b42M,Holdin On,Whimsical,Holdin On,2023-03-24,19,81750,https://open.spotify.com/track/42J3inTXbWQBRryGL0b42M,sad
1jw7A8TPCVwCCzvzSWzU0f,reminded,snow.,reminded,2024-05-30,19,82285,https://open.spotify.com/track/1jw7A8TPCVwCCzvzSWzU0f,sad
4UcLJmwabv5cLA7SPEOImK,losing my echo,heavn,lazy games,2023-07-24,20,84000,https://open.spotify.com/track/4UcLJmwabv5cLA7SPEOImK,sad
0ha0f5gO2805pTgZbxqYoT,Speak Softly,Cashmere,Speak Softly,2023-03-24,20,89142,https://open.spotify.com/track/0ha0f5gO2805pTgZbxqYoT,sad
24zmHR5VXAdY0zAHDsmUZ3,Comfortably Numb,"Murmur, Akasha, Natsu",Comfortably Numb,2022-10-14,20,95000,https://open.spotify.com/track/24zmHR5VXAdY0zAHDsmUZ3,sad
0lQ8VsUKFeoc6JWVmpimDF,Waves Of Love,softhead,Waves Of Love,2023-02-24,20,91438,https://open.spotify.com/track/0lQ8VsUKFeoc6JWVmpimDF,sad
7DnrUZ3RT64qKFanj47s6L,Room 403,Dulcet,Mad Trippin',2022-02-07,19,97411,https://open.spotify.com/track/7DnrUZ3RT64qKFanj47s6L,sad
1OBSATD7O9axRtmalNhWps,savior,saamson,wake up,2023-05-19,19,80487,https://open.spotify.com/track/1OBSATD7O9axRtmalNhWps,sad
0Ai1YYN7CyHdFBxJ22dJI9,Wide Awake,nothing less,Wide Awake,2022-07-22,19,99000,https://open.spotify.com/track/0Ai1YYN7CyHdFBxJ22dJI9,sad
6Dqyy9LSqS8DBBYGJm9iy7,Roads,Effortless,Roads,2022-05-06,20,102439,https://open.spotify.com/track/6Dqyy9LSqS8DBBYGJm9iy7,sad
0TwLsrWtzGYbOYB6Z936vR,Lucid Dreams,Nivla,Lucid Dreams,2022-06-10,22,82285,https://open.spotify.com/track/0TwLsrWtzGYbOYB6Z936vR,sad
023WZSIeELBZc4plbRBTAp,see you around,sumthin,the way things go,2023-07-24,18,85333,https://open.spotify.com/track/023WZSIeELBZc4plbRBTAp,sad
3jubeznDo8HUFnUZ1AtUTU,Christmas Gift,Juuzou,The Place We Used To Go,2021-12-03,20,105714,https://open.spotify.com/track/3jubeznDo8HUFnUZ1AtUTU,sad
26JxoGgFVjK1CUMRkVo1F3,Manhattan,Natsu,Manhattan,2023-04-14,20,92571,https://open.spotify.com/track/26JxoGgFVjK1CUMRkVo1F3,sad
1LkvH1Dxza19woGOeT6K96,Space Souvenirs,mëow mëow,Space Souvenirs,2022-12-16,19,82285,https://open.spotify.com/track/1LkvH1Dxza19woGOeT6K96,sad
6cbyVj2HIrjZaAdnTFDrcg,out of my mind,majic,out of my mind,2022-09-02,19,89302,https://open.spotify.com/track/6cbyVj2HIrjZaAdnTFDrcg,sad
2QKpBEMfYMWX2fDpxNH3tD,Cafe Malibù,Lonely Boy,One & Only,2023-07-24,19,81081,https://open.spotify.com/track/2QKpBEMfYMWX2fDpxNH3tD,sad
6Bpu3KXC3AySFL78oUkrRf,Old Days,eiji,Old Days,2024-03-15,18,80000,https://open.spotify.com/track/6Bpu3KXC3AySFL78oUkrRf,sad
1VsQKDURBeQDrN0dEbvtQu,Hawkmoon,Akasha,Hawkmoon,2024-03-15,17,69397,https://open.spotify.com/track/1VsQKDURBeQDrN0dEbvtQu,sad
0LNySs7i1QykwYrSOKttG8,a fine romance,blossom,a fine romance,2022-09-30,20,96000,https://open.spotify.com/track/0LNySs7i1QykwYrSOKttG8,sad
5m4PgFriDxuGuvAC6DzpOh,atmosphere,yums.,wild & free,2023-05-19,19,69333,https://open.spotify.com/track/5m4PgFriDxuGuvAC6DzpOh,sad
41fHStFE52qL2rItj51xSG,The Days Of Wine And Roses,Rascal,The Days Of Wine And Roses,2023-04-05,18,82285,https://open.spotify.com/track/41fHStFE52qL2rItj51xSG,sad
0HnNEQbZR0UV0SlYygn2H5,The Day I Die,Komorebi,The Day I Die,2024-05-30,18,80000,https://open.spotify.com/track/0HnNEQbZR0UV0SlYygn2H5,sad
5WSMaAkO2JFEHQj8VZUFGj,Walkin',her.story,Walkin',2022-12-16,20,88034,https://open.spotify.com/track/5WSMaAkO2JFEHQj8VZUFGj,sad
0Ko1L0621e2fZ5fZhaw1l3,elevators,kid.,elevators,2022-11-25,20,80000,https://open.spotify.com/track/0Ko1L0621e2fZ5fZhaw1l3,sad
4LAa8nrRGN9tHhbKZjMsCC,Die Today,Yowshi,Advice,2023-09-08,18,80963,https://open.spotify.com/track/4LAa8nrRGN9tHhbKZjMsCC,sad
5EhzZ5nJjOIAtbLzy8oMjv,Sleepy,Flôr,Sleepy,2022-05-27,19,103783,https://open.spotify.com/track/5EhzZ5nJjOIAtbLzy8oMjv,sad
3SuNIjo1cPMyGaSCrYI3uY,Alberta's Child,Shou,Alberta's Child,2023-01-27,19,96000,https://open.spotify.com/track/3SuNIjo1cPMyGaSCrYI3uY,sad
4a9bcKYDpiyvuKMExHOUok,Feathers,Klein,Memories Of You...,2021-11-29,19,97500,https://open.spotify.com/track/4a9bcKYDpiyvuKMExHOUok,sad
6evihPqCPvLH4ZE6V0Urxd,Floating,Wolly,Love,2023-07-24,21,89600,https://open.spotify.com/track/6evihPqCPvLH4ZE6V0Urxd,sad
1AleTefxmDj94YQPh1Y0ex,Cherry Red,Tashi,Vibes,2021-10-27,23,102068,https://open.spotify.com/track/1AleTefxmDj94YQPh1Y0ex,sad
1uZ11tlPPkJO3PuYX6HD7r,Sweet Thing,Idyllic,Sweet Thing,2022-08-19,19,105000,https://open.spotify.com/track/1uZ11tlPPkJO3PuYX6HD7r,sad
7DqVdZzze9R8FEU07ededl,Under The Bridge,"Dreams For Two, her.story, eiji",Bliss,2021-07-19,20,112000,https://open.spotify.com/track/7DqVdZzze9R8FEU07ededl,sad
71mmF7HVDEq1OO1MJuZLFi,Rosewood,Loodwig,Softly,2021-11-29,20,129000,https://open.spotify.com/track/71mmF7HVDEq1OO1MJuZLFi,sad
5wJzuMf6cMKKkHad4XomEk,Wonderland,Wells,Sudden Change,2023-07-24,19,84000,https://open.spotify.com/track/5wJzuMf6cMKKkHad4XomEk,sad
1E09Zzo00kzJjCd3W2RTVq,Rippling Water,just johnny,Rippling Water,2023-02-17,19,86428,https://open.spotify.com/track/1E09Zzo00kzJjCd3W2RTVq,sad
7MEJ0NvLhmyaPliVEFXLZ5,Boplicity,Whimsical,Boplicity,2022-12-16,19,84666,https://open.spotify.com/track/7MEJ0NvLhmyaPliVEFXLZ5,sad
7fD4SNQ1zrRF0N0sEfThCe,the one that got away,snow.,the one that got away,2023-03-03,20,84878,https://open.spotify.com/track/7fD4SNQ1zrRF0N0sEfThCe,sad
5F2SiKvYauDVHXti6T2wGz,roadrunner,heavn,underwater,2023-05-19,18,72000,https://open.spotify.com/track/5F2SiKvYauDVHXti6T2wGz,sad
6Xv0KDrwrqv3csf8GGAHEi,Miles To Go,Cashmere,Little Victories and Happy Coincidences,2021-10-27,20,100909,https://open.spotify.com/track/6Xv0KDrwrqv3csf8GGAHEi,sad
3NHTeDV6uT7CFaBn2LixkI,Growing,Murmur,Growing,2024-05-30,18,74666,https://open.spotify.com/track/3NHTeDV6uT7CFaBn2LixkI,sad
7EUsKZxpnNlbjlLFpBN88Y,Summertime Rolls,softhead,Summertime Rolls,2023-03-24,19,77419,https://open.spotify.com/track/7EUsKZxpnNlbjlLFpBN88Y,sad
7Hyit8MudRiGaikpGGtqFK,Dedicated To You,Dulcet,Dedicated To You,2023-04-28,20,82285,https://open.spotify.com/track/7Hyit8MudRiGaikpGGtqFK,sad
1R9WxdU4YbfeliUsDEa8ep,type beat,saamson,type beat,2024-05-30,17,86153,https://open.spotify.com/track/1R9WxdU4YbfeliUsDEa8ep,sad
0nk0FGx4J2C5Vu7d1lcUdr,I Will…,nothing less,I Will…,2024-03-15,17,82285,https://open.spotify.com/track/0nk0FGx4J2C5Vu7d1lcUdr,sad
7rltQ1u893Fj7F5xtgGX6t,Tears in Rain,"Effortless, Akasha, Natsu",A New Chapter,2021-06-11,19,121600,https://open.spotify.com/track/7rltQ1u893Fj7F5xtgGX6t,sad
31Y4fYWwnVFzBq4k4CL4Ci,Heartland,Nivla,Heartland,2022-11-25,23,84000,https://open.spotify.com/track/31Y4fYWwnVFzBq4k4CL4Ci,sad
6tbbFKfIXJGWZa3nTkEoJ9,unstoppable,sumthin,offshore,2023-05-19,18,96000,https://open.spotify.com/track/6tbbFKfIXJGWZa3nTkEoJ9,sad
6WbqJG0jqEyWRJcrclFHwY,My Lovin',Juuzou,My Lovin',2023-03-03,18,72000,https://open.spotify.com/track/6WbqJG0jqEyWRJcrclFHwY,sad
61lerJpmYVD5t4DINMpFCu,Blue Moon,Natsu,Blue Moon,2024-03-15,17,76800,https://open.spotify.com/track/61lerJpmYVD5t4DINMpFCu,sad
1PePapHMQ3vmpmmz920rrz,Glass Spire,mëow mëow,Escape The Ordinary,2021-07-19,19,113142,https://open.spotify.com/track/1PePapHMQ3vmpmmz920rrz,sad
3QlAaDot4vQ2YSUAbRl2sQ,"I'm sorry, I'm leaving...",majic,"I'm sorry, I'm leaving...",2021-12-27,18,101917,https://open.spotify.com/track/3QlAaDot4vQ2YSUAbRl2sQ,sad
4bZelTVhKao9IXjmLDOOFj,Stuck,Lonely Boy,One Of Us,2023-05-19,18,84000,https://open.spotify.com/track/4bZelTVhKao9IXjmLDOOFj,sad
4mBwPumPtVuRRJZjjzAyWr,Dust,eiji,Dust,2023-03-17,20,66976,https://open.spotify.com/track/4mBwPumPtVuRRJZjjzAyWr,sad
4gVJU00s3eHuXDB1Q3b4eg,Lone Rider,"Akasha, Effortless, Murmur",Lone Rider,2021-06-11,18,107826,https://open.spotify.com/track/4gVJU00s3eHuXDB1Q3b4eg,sad
0EdrREk31e6qrJaFK78FQl,survivors,blossom,survivors,2021-11-29,21,99333,https://open.spotify.com/track/0EdrREk31e6qrJaFK78FQl,sad
5pHyeKzQznB8PAujhMFw9N,drown,yums.,wild & free,2023-05-19,18,88615,https://open.spotify.com/track/5pHyeKzQznB8PAujhMFw9N,sad
5nzEBHBrf6KMzlreBPdjEe,Too Fast,Rascal,Too Fast,2024-05-30,17,77837,https://open.spotify.com/track/5nzEBHBrf6KMzlreBPdjEe,sad
5z10cHU7GCI5Gj5c7lfvPt,Aftermath,Komorebi,Aftermath,2022-09-16,20,89600,https://open.spotify.com/track/5z10cHU7GCI5Gj5c7lfvPt,sad
6iL4huuWu7xorXy4bPqstS,Countdown,her.story,Countdown,2023-02-24,20,95064,https://open.spotify.com/track/6iL4huuWu7xorXy4bPqstS,sad
6mQVb0GBBrAAfssIg67HBK,royal december,kid.,winter.,2021-12-27,21,109459,https://open.spotify.com/track/6mQVb0GBBrAAfssIg67HBK,sad
0YCp1HJ82qVff0KGgFnVCV,Falling Down,Yowshi,Advice,2023-09-08,17,72000,https://open.spotify.com/track/0YCp1HJ82qVff0KGgFnVCV,sad
4nmVeSILoxYbWHKhgtMvHZ,Say Goodbye,Flôr,No Longer Lost,2021-06-11,19,126857,https://open.spotify.com/track/4nmVeSILoxYbWHKhgtMvHZ,sad
4oPu1aiza1AfTUuoofSp28,Lost In The Stars,Shou,Lost In The Stars,2022-09-23,21,96000,https://open.spotify.com/track/4oPu1aiza1AfTUuoofSp28,sad
0JDlzXiHKh2NYhrG0i9Z5l,Postman,Klein,Find My Way,2021-12-27,18,103255,https://open.spotify.com/track/0JDlzXiHKh2NYhrG0i9Z5l,sad
6fOUukn12YhNLlWv7Tqcqz,Dreamland,Wolly,Dreamland,2023-05-19,20,85333,https://open.spotify.com/track/6fOUukn12YhNLlWv7Tqcqz,sad
3CqbXr68uwPZBObwLlDv6O,Talk Is Overrated,Tashi,Vibes,2021-10-27,19,100909,https://open.spotify.com/track/3CqbXr68uwPZBObwLlDv6O,sad
1sguOIrUAzQxfL38LMIR98,Take It Back,Idyllic,Celestial Melodies,2024-03-15,17,72000,https://open.spotify.com/track/1sguOIrUAzQxfL38LMIR98,sad
2KKGqRl7vTO07la6b3Htq2,Cold in California,Dreams For Two,Late Night Feelings,2021-10-27,18,118400,https://open.spotify.com/track/2KKGqRl7vTO07la6b3Htq2,sad
2Fehdzt5ls9yuItBYLY5eK,A New Day,Loodwig,A New Day,2022-10-28,18,78000,https://open.spotify.com/track/2Fehdzt5ls9yuItBYLY5eK,sad
44abgmQSPlGKr1Y3dxyiwV,Overcome,Wells,Looping,2023-05-19,19,80000,https://open.spotify.com/track/44abgmQSPlGKr1Y3dxyiwV,sad
5o53gAZFokOQA8EVHp1r1s,Trans-Europe Express,just johnny,Trans-Europe Express,2023-01-20,20,105000,https://open.spotify.com/track/5o53gAZFokOQA8EVHp1r1s,sad
5DAPVluz5uoBb77Zgsrevq,Cheek To Cheek,Whimsical,Cheek To Cheek,2022-11-18,19,85333,https://open.spotify.com/track/5DAPVluz5uoBb77Zgsrevq,sad
6hOza4NWDwT4Pk2ldmqoU0,young blood,snow.,young blood,2022-12-23,19,96000,https://open.spotify.com/track/6hOza4NWDwT4Pk2ldmqoU0,sad
7Hg6xIeAegSVjur7POqlR5,harvest moon,heavn,harvest moon,2023-04-05,18,96000,https://open.spotify.com/track/7Hg6xIeAegSVjur7POqlR5,sad
7ryl9pvzDV2CehEFph3A9q,Heartworks,Cashmere,Little Victories and Happy Coincidences,2021-10-27,18,105714,https://open.spotify.com/track/7ryl9pvzDV2CehEFph3A9q,sad
3pET25NT2zC9bSATUN2JxV,Saturn,Murmur,Saturn,2024-03-15,17,106666,https://open.spotify.com/track/3pET25NT2zC9bSATUN2JxV,sad
2yOYTSZTqjo89UBqMwwkph,Prism,softhead,Prism,2023-01-27,20,85333,https://open.spotify.com/track/2yOYTSZTqjo89UBqMwwkph,sad
1fjPX6GXvJ7OQMuIk9jW83,Driftin' Blues,Dulcet,Driftin' Blues,2022-12-23,22,109714,https://open.spotify.com/track/1fjPX6GXvJ7OQMuIk9jW83,sad
7G0x14cpdKXmjxbDrLWux2,mistakes,saamson,orange yard,2023-09-08,17,72000,https://open.spotify.com/track/7G0x14cpdKXmjxbDrLWux2,sad
2jFMAKnAFVG3qZePKYX0FX,Clock Forward,nothing less,Together Forever,2021-06-11,19,107200,https://open.spotify.com/track/2jFMAKnAFVG3qZePKYX0FX,sad
699GwOqmsSdsyjdbcj1Okt,Winter Trip,Effortless,Winter Trip,2022-12-16,19,88500,https://open.spotify.com/track/699GwOqmsSdsyjdbcj1Okt,sad
3BSFT7p0EB0rsqVu0w4nI2,The Cards,Nivla,Plant Pot Song,2024-05-30,18,84578,https://open.spotify.com/track/3BSFT7p0EB0rsqVu0w4nI2,sad
3z1FdCsBBorRBUGfvpjkMz,rawhide,sumthin,rawhide,2023-04-05,18,76363,https://open.spotify.com/track/3z1FdCsBBorRBUGfvpjkMz,sad
5LniobvRUo9PB8khu3N65P,Tender Morning,Juuzou,The Place We Used To Go,2021-12-03,20,105714,https://open.spotify.com/track/5LniobvRUo9PB8khu3N65P,sad
5aaCGvEt1UwsvCKxObqxB0,Moments,Natsu,Moments,2022-06-24,19,99000,https://open.spotify.com/track/5aaCGvEt1UwsvCKxObqxB0,sad
3Q8FDXos3MpBQJP0l81048,Uncertain Truth,mëow mëow,Lotus,2021-10-27,19,123243,https://open.spotify.com/track/3Q8FDXos3MpBQJP0l81048,sad
4P0NX6bQ9np93r9amjDeEZ,sweet surrender,majic,underneath the christmas lights,2021-11-29,17,96000,https://open.spotify.com/track/4P0NX6bQ9np93r9amjDeEZ,sad
429GsxbHiX6d5N0AmV8biz,Aquarius,Lonely Boy,Aquarius,2023-04-05,18,81176,https://open.spotify.com/track/429GsxbHiX6d5N0AmV8biz,sad
0npxFbKcN7t5RFQ66CRaIY,When the City Sleeps,eiji,When the City Sleeps,2022-07-22,20,94400,https://open.spotify.com/track/0npxFbKcN7t5RFQ66CRaIY,sad
6f11LFELTFZsMTPzdxHZ3s,Hymn To Freedom,Akasha,Hymn To Freedom,2022-11-18,27,86746,https://open.spotify.com/track/6f11LFELTFZsMTPzdxHZ3s,sad
7GsWB3t5kOCh90UJCZkrh9,white christmas,blossom,white christmas,2022-12-23,18,93157,https://open.spotify.com/track/7GsWB3t5kOCh90UJCZkrh9,sad
5E7lVPIeJaZijdp6CeMQhD,2 weeks,yums.,2 weeks,2023-04-05,18,91428,https://open.spotify.com/track/5E7lVPIeJaZijdp6CeMQhD,sad
2TKe02evvVPGMPRhZKpPGA,Forgiveless,Rascal,Forgiveless,2024-03-15,17,85333,https://open.spotify.com/track/2TKe02evvVPGMPRhZKpPGA,sad
0B7BFwncqT1qPSvKaAoYl0,24 Hours,Komorebi,24 Hours,2022-05-27,20,88421,https://open.spotify.com/track/0B7BFwncqT1qPSvKaAoYl0,sad
75ZAeUWtHl70mDRJJyPYXZ,Under Starry Skies,"her.story, Dreams For Two, just johnny",Better Days,2021-07-19,21,137560,https://open.spotify.com/track/75ZAeUWtHl70mDRJJyPYXZ,sad
5HXrsTlTDpSZpkcCl1sn0M,midnight rambler,kid.,midnight rambler,2022-09-30,20,83720,https://open.spotify.com/track/5HXrsTlTDpSZpkcCl1sn0M,sad
7fH562k57bNmCNf1flWrUp,Serial Engagement,Yowshi,10.000 Hours,2023-07-24,17,76800,https://open.spotify.com/track/7fH562k57bNmCNf1flWrUp,sad
1KfWj2M0zaEMlzsfVsT3g1,Questions,"Flôr, softhead, nothing less",Questions,2021-09-24,18,123750,https://open.spotify.com/track/1KfWj2M0zaEMlzsfVsT3g1,sad
3gs7dWCQ1P9zvnq36ccv0W,Stay All Night,Shou,Stay All Night,2023-04-21,19,72000,https://open.spotify.com/track/3gs7dWCQ1P9zvnq36ccv0W,sad
7gdjPtkWONO8N3YKXFK97I,Vitamins,Klein,Passenger Seat,2024-05-20,17,80000,https://open.spotify.com/track/7gdjPtkWONO8N3YKXFK97I,sad
5fKzAcHNECNQQ50qSx6drR,Blue Lines,Wolly,Blue Lines,2023-04-07,20,96000,https://open.spotify.com/track/5fKzAcHNECNQQ50qSx6drR,sad
6tsuGiuZ2LhzghBRUCCZZh,Hangover Sunday,Tashi,Vibes,2021-10-27,21,102068,https://open.spotify.com/track/6tsuGiuZ2LhzghBRUCCZZh,sad
46vwDlFcPw0KsNqLWBKWyK,Cupid,Idyllic,Cupid,2023-01-20,18,102000,https://open.spotify.com/track/46vwDlFcPw0KsNqLWBKWyK,sad
3wM5g9PFKNrbaveRwXIQ8d,Deep Cover,Dreams For Two,Deep Cover,2023-04-21,18,79058,https://open.spotify.com/track/3wM5g9PFKNrbaveRwXIQ8d,sad
0OzGEXict5yabtpleHVVvz,Frosty,Loodwig,Frosty,2022-09-30,19,96000,https://open.spotify.com/track/0OzGEXict5yabtpleHVVvz,sad
20x1ecebE9aQTe4Z7iPsPT,Wabash,Wells,Wabash,2023-04-05,18,85000,https://open.spotify.com/track/20x1ecebE9aQTe4Z7iPsPT,sad
76GjtRFzr0aKi9JweHCJLK,Just Go,just johnny,Me Before You,2024-03-15,17,89600,https://open.spotify.com/track/76GjtRFzr0aKi9JweHCJLK,sad
0ABltzbLiRohZIG8hBfhlC,Nap Glasses,Whimsical,Nap Glasses,2022-09-23,20,85714,https://open.spotify.com/track/0ABltzbLiRohZIG8hBfhlC,sad
6KeW9AE3Kx5KZ0jeeNfFqc,i will never forget you,snow.,dreamin',2021-11-08,20,101600,https://open.spotify.com/track/6KeW9AE3Kx5KZ0jeeNfFqc,sad
4NIaxyesiDfbwJPB15KO32,jazzy nights,heavn,jazzy nights,2022-05-20,18,93176,https://open.spotify.com/track/4NIaxyesiDfbwJPB15KO32,sad
5UasIEER6uUhPZfZ7EjAbi,Route 66,Cashmere,Little Victories and Happy Coincidences,2021-10-27,18,103255,https://open.spotify.com/track/5UasIEER6uUhPZfZ7EjAbi,sad
3KrXHEdGAyK30jPcGYYTwU,Forever,Murmur,Forever,2022-08-19,19,89142,https://open.spotify.com/track/3KrXHEdGAyK30jPcGYYTwU,sad
3nO02gw19T9NcL4ssIKe8t,Paranoid,softhead,Paranoid,2022-12-16,19,91513,https://open.spotify.com/track/3nO02gw19T9NcL4ssIKe8t,sad
6fEvfXxIfyxrOmeoZl382H,Happy Trails,Dulcet,Happy Trails,2022-10-28,25,96000,https://open.spotify.com/track/6fEvfXxIfyxrOmeoZl382H,sad
4hoYrORu70pIO5QBKp9usM,sweet talking,saamson,orange yard,2023-09-08,17,89600,https://open.spotify.com/track/4hoYrORu70pIO5QBKp9usM,sad
0ZFHHgUwibgRKicJs5Cbeq,Hang On 2 My Heart,nothing less,I Will…,2024-03-15,17,80000,https://open.spotify.com/track/0ZFHHgUwibgRKicJs5Cbeq,sad
7xrFHXPgBUWLSmQ4TZZRm7,Soultrane,Effortless,Soultrane,2023-04-21,18,82000,https://open.spotify.com/track/7xrFHXPgBUWLSmQ4TZZRm7,sad
6kzMQ20m9kBhXMbJ7dP5hB,Raincoat,Nivla,Take Me There,2022-02-07,20,117600,https://open.spotify.com/track/6kzMQ20m9kBhXMbJ7dP5hB,sad
1ND8aZ8F6qe74L9lF8XZop,quiet thoughts,sumthin,quiet thoughts,2022-05-20,17,93176,https://open.spotify.com/track/1ND8aZ8F6qe74L9lF8XZop,sad
6ePzZrDhnsBEBWwcRiU9Ze,It's All About You...,Juuzou,The Place We Used To Go,2021-12-03,18,104470,https://open.spotify.com/track/6ePzZrDhnsBEBWwcRiU9Ze,sad
4RTQSWFa7v4SCRplyft8xH,So Far So Good,Natsu,Blue Moon,2024-03-15,16,80000,https://open.spotify.com/track/4RTQSWFa7v4SCRplyft8xH,sad
5Fzn9gjxkR7Y4vv2xJvich,Space Oddity,"mëow mëow, Flôr, softhead",Space Oddity,2021-06-11,19,120000,https://open.spotify.com/track/5Fzn9gjxkR7Y4vv2xJvich,sad
5iyQCp51AOiOP8RXwqTYTN,moonboy,majic,moonboy,2021-11-08,18,110000,https://open.spotify.com/track/5iyQCp51AOiOP8RXwqTYTN,sad
4jvn69dOyLZBwgqTrb08aV,A Lot With A Little,Lonely Boy,A Lot With A Little,2023-04-07,17,82285,https://open.spotify.com/track/4jvn69dOyLZBwgqTrb08aV,sad
37n69GMJhYHyHxaoXSwOpY,Proud of You,eiji,Harmonies,2021-07-19,18,112000,https://open.spotify.com/track/37n69GMJhYHyHxaoXSwOpY,sad
2X3AvZ5i1s43gmmO2MWGA3,Bye Bye Love,Akasha,Bye Bye Love,2022-08-26,20,98823,https://open.spotify.com/track/2X3AvZ5i1s43gmmO2MWGA3,sad
4VdhzIunuGPwqVCVGZnck1,under pressure,blossom,under pressure,2022-08-05,18,90000,https://open.spotify.com/track/4VdhzIunuGPwqVCVGZnck1,sad
40UObQTcGAh4fgTYT9oJx4,soul brothers,yums.,soul brothers,2022-05-20,17,92093,https://open.spotify.com/track/40UObQTcGAh4fgTYT9oJx4,sad
6nAvYoFxVZArLFkb8Ok7Ux,My Time,Rascal,My Time,2023-09-06,17,74666,https://open.spotify.com/track/6nAvYoFxVZArLFkb8Ok7Ux,sad
23WzDCR6wGEnMvSFIgEHjr,For Miles,Komorebi,For Miles,2022-11-11,18,94883,https://open.spotify.com/track/23WzDCR6wGEnMvSFIgEHjr,sad
2dEF8Pl0Kk6hFr8juvCD4o,Unforgettable,her.story,Unforgettable,2022-09-23,19,86341,https://open.spotify.com/track/2dEF8Pl0Kk6hFr8juvCD4o,sad
38zCRwst6hOO1TORwTlQoc,snowy hills,kid.,winter.,2021-12-27,17,103255,https://open.spotify.com/track/38zCRwst6hOO1TORwTlQoc,sad
3BztnfC7n2Hu4mFcF8feOL,Misty,Yowshi,Misty,2023-05-05,17,76800,https://open.spotify.com/track/3BztnfC7n2Hu4mFcF8feOL,sad
1BGCngZYKB3W4Uen8nNfMd,No Longer Lost,"Flôr, softhead, nothing less",No Longer Lost,2021-06-11,19,126896,https://open.spotify.com/track/1BGCngZYKB3W4Uen8nNfMd,sad
3QgCGpw2Mq9g7s6aHSa24M,Chains,Shou,Chains,2022-11-18,19,94285,https://open.spotify.com/track/3QgCGpw2Mq9g7s6aHSa24M,sad
31sSD9Qk95fctCvFcSzCG3,I Feel For You,Klein,I Feel For You,2022-10-28,19,88384,https://open.spotify.com/track/31sSD9Qk95fctCvFcSzCG3,sad
426xhmypzoXoCJT7ihMVjX,Loaded,Wolly,Loaded,2023-03-10,18,96774,https://open.spotify.com/track/426xhmypzoXoCJT7ihMVjX,sad
1zUwqfzbvM0KrCwmrO4WqB,You Were Good To Me,Tashi,Vibes,2021-10-27,20,99545,https://open.spotify.com/track/1zUwqfzbvM0KrCwmrO4WqB,sad
6ko82ETO7dwDqVvwuQPNbQ,Cannonball,Idyllic,Cannonball,2022-11-11,17,93187,https://open.spotify.com/track/6ko82ETO7dwDqVvwuQPNbQ,sad
2nKIYHYj5rOD3Zk8TeYowR,Late Night Feelings,Dreams For Two,Late Night Feelings,2021-10-27,18,126000,https://open.spotify.com/track/2nKIYHYj5rOD3Zk8TeYowR,sad
70xpcgmrtJMcZBPuYWgVso,Go Crazy,Loodwig,Conditions,2021-12-27,19,105000,https://open.spotify.com/track/70xpcgmrtJMcZBPuYWgVso,sad
2ypFVfnMSwUOfw3nM2S1Dj,Roadrunner,Wells,Roadrunner,2023-04-05,17,82285,https://open.spotify.com/track/2ypFVfnMSwUOfw3nM2S1Dj,sad
6L40Xz8coS9QWzCbXa1JJk,Windows,just johnny,Windows,2022-12-09,19,98666,https://open.spotify.com/track/6L40Xz8coS9QWzCbXa1JJk,sad
39CaGsdQPIFBA3EYFRFwSF,It Takes Two,Whimsical,It Takes Two,2022-07-29,17,89142,https://open.spotify.com/track/39CaGsdQPIFBA3EYFRFwSF,sad
27zOCVOJTSy0ucXhNhyeM7,conception,snow.,conception,2023-02-03,19,88615,https://open.spotify.com/track/27zOCVOJTSy0ucXhNhyeM7,sad
3x8MPME3Ugy7ZHPszxt2rn,thieves,heavn,lookout,2024-05-30,17,82285,https://open.spotify.com/track/3x8MPME3Ugy7ZHPszxt2rn,sad
3Co2kp01o0DM7u5sZ3PfU7,New Forms,Cashmere,New Forms,2023-01-27,18,90352,https://open.spotify.com/track/3Co2kp01o0DM7u5sZ3PfU7,sad
7bLwhFrBQsoZYB22IOEMWG,Amber,Murmur,Amber,2022-05-27,17,84750,https://open.spotify.com/track/7bLwhFrBQsoZYB22IOEMWG,sad
5dsQYxFvdKsYVUKhHN4wAq,I Remember You,softhead,I Remember You,2022-11-18,18,81428,https://open.spotify.com/track/5dsQYxFvdKsYVUKhHN4wAq,sad
7Aw7qX7TJdblc4dv23Yl9w,Demon Days,Dulcet,Sidewalks,2021-11-08,18,105600,https://open.spotify.com/track/7Aw7qX7TJdblc4dv23Yl9w,sad
4Tzi8uGqH19TK9ztffOCln,bloom,saamson,bloom,2023-07-24,16,89600,https://open.spotify.com/track/4Tzi8uGqH19TK9ztffOCln,sad
4RjRP0iSXi7FwQrqjAcSI1,Night Vibes,nothing less,Night Vibes,2022-08-19,19,91428,https://open.spotify.com/track/4RjRP0iSXi7FwQrqjAcSI1,sad
6m2MszMvNmnh0k20SiUkPw,Creep,Effortless,Creep,2022-11-18,18,94285,https://open.spotify.com/track/6m2MszMvNmnh0k20SiUkPw,sad
4rZKjFN5scoWuk8eeiTvI8,Little Boat,Nivla,Little Boat,2022-10-28,21,96000,https://open.spotify.com/track/4rZKjFN5scoWuk8eeiTvI8,sad
0OBj5cli9X2hZLHs5IZiLR,reservations,sumthin,reservations,2024-05-30,16,84000,https://open.spotify.com/track/0OBj5cli9X2hZLHs5IZiLR,sad
4bjmHgIvpkQ6zMbOjcZrSa,Break The Distance,Juuzou,The Place We Used To Go,2021-12-03,19,103255,https://open.spotify.com/track/4bjmHgIvpkQ6zMbOjcZrSa,sad
37u3HPOkVWbSMAGJuJJ4Zo,Calypso,Natsu,Calypso,2022-11-11,19,89333,https://open.spotify.com/track/37u3HPOkVWbSMAGJuJJ4Zo,sad
14uLqp6NsVP6nW7kBrKYIq,Drag Me Down,"mëow mëow, softhead, nothing less",Escape The Ordinary,2021-07-19,19,123428,https://open.spotify.com/track/14uLqp6NsVP6nW7kBrKYIq,sad
0nzfE9AzQ5aFT5CGNrdEqO,snowman,majic,underneath the christmas lights,2021-11-29,17,137142,https://open.spotify.com/track/0nzfE9AzQ5aFT5CGNrdEqO,sad
3iCgUSYFTLgXf31VHhOwyY,Night and Day,Lonely Boy,Night and Day,2023-03-10,17,67500,https://open.spotify.com/track/3iCgUSYFTLgXf31VHhOwyY,sad
4Xvvp4ZboynilmueoHOrtg,A Man Of Many Words,"eiji, Dreams For Two, just johnny",A Man Of Many Words,2022-10-14,20,96000,https://open.spotify.com/track/4Xvvp4ZboynilmueoHOrtg,sad
7qtBVDoOTkG6p6jiO9Zbtg,Skin,Akasha,Skin,2022-09-23,18,97714,https://open.spotify.com/track/7qtBVDoOTkG6p6jiO9Zbtg,sad
0hNzuTbvoGJ0KS47Kvt8od,pressure,blossom,pressure,2021-12-27,18,109333,https://open.spotify.com/track/0hNzuTbvoGJ0KS47Kvt8od,sad
5QJvL98McTWtPpmOy0sDkn,first love,yums.,blindfold,2024-05-30,16,74666,https://open.spotify.com/track/5QJvL98McTWtPpmOy0sDkn,sad
0o3hg6MN9Nf8Eb8aIMnyAO,Guess What...,Rascal,My Time,2023-09-06,16,64000,https://open.spotify.com/track/0o3hg6MN9Nf8Eb8aIMnyAO,sad
7yzERm8IHtWa2OjrEsBo2b,Longview,"Komorebi, Shou, Idyllic",Longview,2022-10-14,20,82666,https://open.spotify.com/track/7yzERm8IHtWa2OjrEsBo2b,sad
4I6437v4WtPVeSh4TCEsOE,Moon Over Marin,her.story,Moon Over Marin,2022-08-26,18,86769,https://open.spotify.com/track/4I6437v4WtPVeSh4TCEsOE,sad
2QblveLRrtZOWQoXQmOOTs,montana,kid.,montana,2023-03-03,19,73846,https://open.spotify.com/track/2QblveLRrtZOWQoXQmOOTs,sad
1thdddnvDV6oqIHpUOyJn5,Faded Memories,Yowshi,Faded Memories,2023-05-19,17,85333,https://open.spotify.com/track/1thdddnvDV6oqIHpUOyJn5,sad
0SyGx89DJTqY7nwoZ9QJqr,Nightrider,Flôr,From Dusk Till Dawn,2021-07-19,18,138352,https://open.spotify.com/track/0SyGx89DJTqY7nwoZ9QJqr,sad
4L6P9Nol31bQuNKhAtUZs1,Dream On,Shou,Dream On,2022-06-03,18,96000,https://open.spotify.com/track/4L6P9Nol31bQuNKhAtUZs1,sad
5IaC5NVzXUC7c561SpIt6I,Things To Come,Klein,Things To Come,2022-09-30,20,109714,https://open.spotify.com/track/5IaC5NVzXUC7c561SpIt6I,sad
5XQAwjBYhMSpWJsWTTtU3y,Precious,Wolly,Precious,2022-07-15,19,89999,https://open.spotify.com/track/5XQAwjBYhMSpWJsWTTtU3y,sad
3L2QBNmhxD5DiCUg3mDK0x,Moonlight Beats,"Tashi, Cashmere",Snowfall,2021-07-19,18,97582,https://open.spotify.com/track/3L2QBNmhxD5DiCUg3mDK0x,sad
20DtzkWhmwCrnDLuBj51xJ,I'm Gone,"Idyllic, Whimsical, Komorebi",I'm Gone,2022-10-14,19,92571,https://open.spotify.com/track/20DtzkWhmwCrnDLuBj51xJ,sad
3XVAczUJHdaD7cHBVxo4wG,Bliss,Dreams For Two,Bliss,2021-07-19,17,147000,https://open.spotify.com/track/3XVAczUJHdaD7cHBVxo4wG,sad
68xs7pXs7wtdwWiaXyDumA,Virtual Hugs,Loodwig,Virtual Hugs,2024-05-30,16,68571,https://open.spotify.com/track/68xs7pXs7wtdwWiaXyDumA,sad
0oTdHGgiHxcbQ02T4afT6U,No Place Like Home,Wells,No Place Like Home,2022-05-20,18,95421,https://open.spotify.com/track/0oTdHGgiHxcbQ02T4afT6U,sad
3X7LCy5F5oUrvK7iMwVbM5,Feels Good,just johnny,Feels Good,2022-09-16,20,90545,https://open.spotify.com/track/3X7LCy5F5oUrvK7iMwVbM5,sad
2QvKR1qW7wAxOBvAi7umbu,Summer Thing,Whimsical,Summer Thing,2022-07-01,17,87000,https://open.spotify.com/track/2QvKR1qW7wAxOBvAi7umbu,sad
04SxXwBAVuNekmyc90UGp5,peach skies,snow.,peach skies,2022-02-07,37,92800,https://open.spotify.com/track/04SxXwBAVuNekmyc90UGp5,sad
2gY3TALolnSmuBdi42oxcL,alife,heavn,in the morning,2023-09-08,17,68571,https://open.spotify.com/track/2gY3TALolnSmuBdi42oxcL,sad
1osaAvZHixyW1qE0QvlpCG,Palm Springs,Cashmere,Little Victories and Happy Coincidences,2021-10-27,18,104470,https://open.spotify.com/track/1osaAvZHixyW1qE0QvlpCG,sad
4XTrIwsTRgNHQm6RGGligj,Another Love,Murmur,Another Love,2022-06-24,18,106997,https://open.spotify.com/track/4XTrIwsTRgNHQm6RGGligj,sad
1R3boTCjzQ3bl9hnch8KbU,My Friend,softhead,My Friend,2022-08-26,17,87000,https://open.spotify.com/track/1R3boTCjzQ3bl9hnch8KbU,sad
0sZrD7FX7ZiYNiAAAgA0Bx,Poolside,Dulcet,Poolside,2022-09-02,18,81882,https://open.spotify.com/track/0sZrD7FX7ZiYNiAAAgA0Bx,sad
7LSCpjvUeCsV8wImZJRStb,aurora,saamson,bloom,2023-07-24,16,96000,https://open.spotify.com/track/7LSCpjvUeCsV8wImZJRStb,sad
11hQJnPKa1YnPMWdziszq0,Secret Love,nothing less,Secret Love,2022-12-09,19,87000,https://open.spotify.com/track/11hQJnPKa1YnPMWdziszq0,sad
3CJbHlIACELScBEUPvsn7y,Lost Together,Effortless,Lost Together,2022-09-23,19,96000,https://open.spotify.com/track/3CJbHlIACELScBEUPvsn7y,sad
5f7DO9VX8svL88mlsBRCB3,Rivers and Roads,Nivla,Rivers and Roads,2021-11-29,18,91500,https://open.spotify.com/track/5f7DO9VX8svL88mlsBRCB3,sad
0LzEOzrWu7HpSdAOl6l0jz,somebody new,sumthin,reservations,2024-05-30,16,72000,https://open.spotify.com/track/0LzEOzrWu7HpSdAOl6l0jz,sad
65grKEUFPKtHigVXx3J719,One More Ride,Juuzou,One More Ride,2023-02-03,18,109714,https://open.spotify.com/track/65grKEUFPKtHigVXx3J719,sad
0gfhaaIehMmfkB55IELncu,Ponds,"Natsu, Effortless, Murmur",Hometown,2021-06-11,19,129677,https://open.spotify.com/track/0gfhaaIehMmfkB55IELncu,sad
19pYqL42Kv6tlp95bhEkv0,Almost Home,mëow mëow,Space Oddity,2021-06-11,17,109333,https://open.spotify.com/track/19pYqL42Kv6tlp95bhEkv0,sad
6x6630lfYKmwzui9RMz5de,one thousand suns,majic,radiant,2022-02-07,18,96750,https://open.spotify.com/track/6x6630lfYKmwzui9RMz5de,sad
0G8i5Sd4rjd0jjzXS0aNLw,Stupid,Lonely Boy,Try Again,2024-05-30,16,70243,https://open.spotify.com/track/0G8i5Sd4rjd0jjzXS0aNLw,sad
2tLA9BNbHLsRKOPm48gdXp,Go Back To Love,eiji,Old Days,2024-03-15,17,96000,https://open.spotify.com/track/2tLA9BNbHLsRKOPm48gdXp,sad
3Rma06ObNiWcTwDlClo1mB,London Calling,Akasha,London Calling,2022-12-16,19,94500,https://open.spotify.com/track/3Rma06ObNiWcTwDlClo1mB,sad
5VoROtJ3lQvJwwGbOpWQHM,confusion,blossom,confusion,2022-09-02,19,84000,https://open.spotify.com/track/5VoROtJ3lQvJwwGbOpWQHM,sad
0kglHRBQK6yFb5N6xw5uVD,gone girl,yums.,gone girl,2024-03-15,16,85333,https://open.spotify.com/track/0kglHRBQK6yFb5N6xw5uVD,sad
5c4fEzoTJwQ8GEsNWA2cyZ,Meadows,Rascal,Until Tomorrow,2023-07-24,16,82285,https://open.spotify.com/track/5c4fEzoTJwQ8GEsNWA2cyZ,sad
0WSESGsVCdhFiRXC4zZ0Oe,Soul Searching,Komorebi,Soul Searching,2022-06-24,18,91500,https://open.spotify.com/track/0WSESGsVCdhFiRXC4zZ0Oe,sad
0oHAojEIulgUBo8nnweBAr,Nostalgia,her.story,Nostalgia,2022-11-18,19,81333,https://open.spotify.com/track/0oHAojEIulgUBo8nnweBAr,sad
5rvbW9lsQUVIHfuENZA8Fk,no more heroes,kid.,no more heroes,2022-07-08,18,90666,https://open.spotify.com/track/5rvbW9lsQUVIHfuENZA8Fk,sad
0TZvEtEWd0ezukjCkVE3kp,Cool Water,Yowshi,Faded Memories,2023-05-19,16,86153,https://open.spotify.com/track/0TZvEtEWd0ezukjCkVE3kp,sad
3P3hZNL1H6PqKhxhTB6ATG,Midsommar,Flôr,Love On,2024-03-15,16,84000,https://open.spotify.com/track/3P3hZNL1H6PqKhxhTB6ATG,sad
0m1oY5jcM4sPnkFj9bgIlF,Sunset With You,Shou,Sunset With You,2022-05-06,17,99428,https://open.spotify.com/track/0m1oY5jcM4sPnkFj9bgIlF,sad
7sL5GGfy3zsqw9pyhlfCF4,Spotlight,Klein,Spotlight,2022-09-02,18,86923,https://open.spotify.com/track/7sL5GGfy3zsqw9pyhlfCF4,sad
44MjK8tV3E2XKsWSUiZF8T,Are You Awake?,Wolly,Honey,2023-09-06,16,73846,https://open.spotify.com/track/44MjK8tV3E2XKsWSUiZF8T,sad
2VZsiWSieJ53lFjAdZZBki,Hypnotized,Tashi,Holy Smokes,2024-03-15,16,64000,https://open.spotify.com/track/2VZsiWSieJ53lFjAdZZBki,sad
6QKNatQs5jAh3UPDIExRwv,Your Song,Idyllic,Your Song,2022-06-24,19,96000,https://open.spotify.com/track/6QKNatQs5jAh3UPDIExRwv,sad
3RqDc0prXRvx0LmbF3zMfE,Shelter,"Dreams For Two, just johnny, her.story",Till Forever Falls Apart,2021-06-11,18,128000,https://open.spotify.com/track/3RqDc0prXRvx0LmbF3zMfE,sad
3jpx7lnqgtDCuYOjFrVd4a,Okay,Loodwig,Virtual Hugs,2024-05-30,16,82285,https://open.spotify.com/track/3jpx7lnqgtDCuYOjFrVd4a,sad
0rsZajghlMQWsUm0Wd1nPq,Confession,Wells,Confession,2024-05-30,16,76000,https://open.spotify.com/track/0rsZajghlMQWsUm0Wd1nPq,sad
6guKuoVFVI7s1VTZqjHk3K,Bronco,just johnny,Bronco,2022-06-24,18,96000,https://open.spotify.com/track/6guKuoVFVI7s1VTZqjHk3K,sad
0Ryx2AY1oXsfQx2k5DeqsH,Before the Sun,Whimsical,Before the Sun,2022-04-15,17,95624,https://open.spotify.com/track/0Ryx2AY1oXsfQx2k5DeqsH,sad
5zVvMDLjzV2ZFWrPIdQBpk,love letters,snow.,peach skies,2022-02-07,19,108000,https://open.spotify.com/track/5zVvMDLjzV2ZFWrPIdQBpk,sad
1I61CEpPKZN018LKzwSdH0,last chance,heavn,lazy games,2023-07-24,16,82285,https://open.spotify.com/track/1I61CEpPKZN018LKzwSdH0,sad
3lKY7D7Td96Q4ZbciTN18C,Dreaming Backwards,Cashmere,Little Victories and Happy Coincidences,2021-10-27,18,102068,https://open.spotify.com/track/3lKY7D7Td96Q4ZbciTN18C,sad
16egvflKU60faGrdT25lJc,Daahoud,Murmur,Daahoud,2022-09-16,17,78666,https://open.spotify.com/track/16egvflKU60faGrdT25lJc,sad
3QcqnQ3uG6anVdt2c2z5wT,Sweet Future,softhead,Sweet Future,2022-07-29,17,82285,https://open.spotify.com/track/3QcqnQ3uG6anVdt2c2z5wT,sad
1Bwqj5dZ7GSPDJJ8LzaFBV,Snooze,Dulcet,City Lights,2021-11-29,18,101142,https://open.spotify.com/track/1Bwqj5dZ7GSPDJJ8LzaFBV,sad
5jvhrQs2vLIrw7amgetvhV,never give up,saamson,bloom,2023-07-24,16,74805,https://open.spotify.com/track/5jvhrQs2vLIrw7amgetvhV,sad
0uATX5NVnrODUcjpfhe7bS,Evidence,nothing less,Evidence,2022-09-16,19,91463,https://open.spotify.com/track/0uATX5NVnrODUcjpfhe7bS,sad
1VeQoAp0kEB58InwlJXWbL,Lazy Blues,Effortless,Lazy Blues,2022-07-29,17,94500,https://open.spotify.com/track/1VeQoAp0kEB58InwlJXWbL,sad
0s4VJd6XOndUjhHZQfnX8p,Untruths,Nivla,Untruths,2022-09-30,19,110500,https://open.spotify.com/track/0s4VJd6XOndUjhHZQfnX8p,sad
7db8juNFeuwZhBtlSMZHX6,talking in your sleep,sumthin,talking in your sleep,2024-03-15,16,85333,https://open.spotify.com/track/7db8juNFeuwZhBtlSMZHX6,sad
05DFb8FwAUZGA6hWLRpbqj,The Void,Juuzou,Evening Strolls,2021-11-11,17,100909,https://open.spotify.com/track/05DFb8FwAUZGA6hWLRpbqj,sad
2lsxhWN7UyDt95Kb5GhVDr,Around The World,Natsu,Around The World,2022-09-16,18,101142,https://open.spotify.com/track/2lsxhWN7UyDt95Kb5GhVDr,sad
0WOO6pOewnUErqu0dMb2yS,Perdido,mëow mëow,Perdido,2023-03-24,18,91914,https://open.spotify.com/track/0WOO6pOewnUErqu0dMb2yS,sad
0Znyw5ELX8GRrBpmueYDm5,my escape,majic,"I'm sorry, I'm leaving...",2021-12-27,17,99000,https://open.spotify.com/track/0Znyw5ELX8GRrBpmueYDm5,sad
3lkhKhdsCVxAZSuxrNcRNv,Sometimes,Lonely Boy,Wonders,2023-09-06,16,72000,https://open.spotify.com/track/3lkhKhdsCVxAZSuxrNcRNv,sad
0PWQP31v9xLgGIxWW00rE2,Lost In Beijing,eiji,Lost In Beijing,2021-09-09,18,109333,https://open.spotify.com/track/0PWQP31v9xLgGIxWW00rE2,sad
4XGlatviQaqq7LQegxe6Zg,Gentle Rain,Akasha,Gentle Rain,2022-07-29,29,86666,https://open.spotify.com/track/4XGlatviQaqq7LQegxe6Zg,sad
13yx6YmHDLouOMbcxYCaOR,leave home,blossom,leave home,2022-07-08,19,95000,https://open.spotify.com/track/13yx6YmHDLouOMbcxYCaOR,sad
11dDjf1zbCkTT9Eoc1gbBu,calypso,yums.,pathways,2023-09-06,17,72000,https://open.spotify.com/track/11dDjf1zbCkTT9Eoc1gbBu,sad
0i53kI7PvnWSBtOBGxBFWV,2023,Rascal,Until Tomorrow,2023-07-24,17,88421,https://open.spotify.com/track/0i53kI7PvnWSBtOBGxBFWV,sad
7oc8rLG0kUC4OzwPyUkt4F,Bae,Komorebi,Silver Dreams,2024-03-15,16,96000,https://open.spotify.com/track/7oc8rLG0kUC4OzwPyUkt4F,sad
7fxtwLUljGHkZLhy7FCSjN,Better Days,her.story,Better Days,2021-07-19,18,104000,https://open.spotify.com/track/7fxtwLUljGHkZLhy7FCSjN,sad
43b748XJHozd1Xbf9gVIOw,lullaby,kid.,winter.,2021-12-27,19,124736,https://open.spotify.com/track/43b748XJHozd1Xbf9gVIOw,sad
397pnIXVrioRF7mQR4LVUk,Easy Living,Yowshi,Easy Living,2023-04-07,16,70500,https://open.spotify.com/track/397pnIXVrioRF7mQR4LVUk,sad
5nTEKnG6awiQSEDokN2ac1,Wildlife Adventures,Flôr,Campfire Tales,2021-10-27,20,101333,https://open.spotify.com/track/5nTEKnG6awiQSEDokN2ac1,sad
5s2RVXPLHblBLDGbFbISK6,Boat Song,Shou,Boat Song,2022-12-16,19,87804,https://open.spotify.com/track/5s2RVXPLHblBLDGbFbISK6,sad
5VdrmDi6cY8UJ9iKxBaTup,Cross Road Blues,Klein,Cross Road Blues,2022-08-05,17,79459,https://open.spotify.com/track/5VdrmDi6cY8UJ9iKxBaTup,sad
68fAh7QIaiFrgANxm1BoMV,In Between,Wolly,Honey,2023-09-06,16,80000,https://open.spotify.com/track/68fAh7QIaiFrgANxm1BoMV,sad
3b7mWzkDrLSOYG78R7yNrH,Vibes,Tashi,Vibes,2021-10-27,17,100909,https://open.spotify.com/track/3b7mWzkDrLSOYG78R7yNrH,sad
0eHG8d8vt9Od9fGU6mnrCL,Anywhere But Here,Idyllic,Anywhere But Here,2022-05-27,20,94000,https://open.spotify.com/track/0eHG8d8vt9Od9fGU6mnrCL,sad
5yKVdE1rHdNMTQYdixHZ3D,If I Loved You,Dreams For Two,If I Loved You,2022-12-16,18,90000,https://open.spotify.com/track/5yKVdE1rHdNMTQYdixHZ3D,sad
20m94tHPDaW24YrcMGzTya,Java,Loodwig,Java,2023-04-28,17,72911,https://open.spotify.com/track/20m94tHPDaW24YrcMGzTya,sad
6KAVd7Bo3bRox9P129bs0h,Imperfections,Wells,Distant Dreams,2023-09-08,16,76800,https://open.spotify.com/track/6KAVd7Bo3bRox9P129bs0h,sad
4ntqcf2ZeCC9HPlE2W45ZZ,It's Magic,just johnny,It's Magic,2023-04-14,18,64000,https://open.spotify.com/track/4ntqcf2ZeCC9HPlE2W45ZZ,sad
5e0PtKgA4E2uyIK4ilVkj9,In Love,Whimsical,In Love,2022-06-03,18,91034,https://open.spotify.com/track/5e0PtKgA4E2uyIK4ilVkj9,sad
6RAkR2wg5IAv2S7Qzp9nKX,underworld,snow.,underworld,2022-09-30,18,92876,https://open.spotify.com/track/6RAkR2wg5IAv2S7Qzp9nKX,sad
78XA6b2yNL9DbX7e6hB7GC,i think you miss me,heavn,lazy games,2023-07-24,16,78904,https://open.spotify.com/track/78XA6b2yNL9DbX7e6hB7GC,sad
472rifYqYdeySpwb4iN9wK,Bumpin',"Cashmere, Tashi",Bumpin',2021-06-11,19,125333,https://open.spotify.com/track/472rifYqYdeySpwb4iN9wK,sad
6CIpKsh4H7ztCgUXEZJpRU,Veraneo,Murmur,Veraneo,2022-02-07,17,108800,https://open.spotify.com/track/6CIpKsh4H7ztCgUXEZJpRU,sad
20NmtvicV4YZlvCBQrh2Rw,Kids,softhead,Kids,2022-04-15,17,105600,https://open.spotify.com/track/20NmtvicV4YZlvCBQrh2Rw,sad
0KYmvECzT3U5wcDw1LG7Bt,Bully,Dulcet,Vicious Circle,2024-05-30,16,90909,https://open.spotify.com/track/0KYmvECzT3U5wcDw1LG7Bt,sad
2u3n2oJL4qnde8IT75fmOw,magic,saamson,wake up,2023-05-19,17,77586,https://open.spotify.com/track/2u3n2oJL4qnde8IT75fmOw,sad
74CVIl7KLGDVHzHCyY8Jpl,Steps,nothing less,Steps,2022-04-08,17,86250,https://open.spotify.com/track/74CVIl7KLGDVHzHCyY8Jpl,sad
0m0AerCPnFTB7YCZiNqzJs,Bucolic,Effortless,Bucolic,2022-07-01,17,96000,https://open.spotify.com/track/0m0AerCPnFTB7YCZiNqzJs,sad
3IeWo06XYKSmhKL7FTIcGG,On A Slow Boat To China,Nivla,On A Slow Boat To China,2022-09-02,18,89600,https://open.spotify.com/track/3IeWo06XYKSmhKL7FTIcGG,sad
0Xyfxw1ogryMorUeX6LTIp,soaked,sumthin,call me when ur lonely,2023-09-08,16,85333,https://open.spotify.com/track/0Xyfxw1ogryMorUeX6LTIp,sad
6WCOvbSCchx7sydM9HADNP,It's Been A Long Day,Juuzou,The Place We Used To Go,2021-12-03,17,105714,https://open.spotify.com/track/6WCOvbSCchx7sydM9HADNP,sad
7wjW3XSannpB6yiVSyKsjr,Not Fade Away,Natsu,Not Fade Away,2022-08-19,18,87000,https://open.spotify.com/track/7wjW3XSannpB6yiVSyKsjr,sad
5mw43NqR8US43Y8YNngu7C,Steeplechase,mëow mëow,Steeplechase,2023-01-27,17,101600,https://open.spotify.com/track/5mw43NqR8US43Y8YNngu7C,sad
1XfnJhepvg0M2JCUzaFD4B,hold on tight,majic,love is a trap,2024-05-30,16,76421,https://open.spotify.com/track/1XfnJhepvg0M2JCUzaFD4B,sad
63G3kf4cT0HGwxrF9HW0i1,Flow State,Lonely Boy,One & Only,2023-07-24,16,78904,https://open.spotify.com/track/63G3kf4cT0HGwxrF9HW0i1,sad
0RaEQ1APm9YUmwISlw79Td,Devil,eiji,Devil,2022-09-16,17,85500,https://open.spotify.com/track/0RaEQ1APm9YUmwISlw79Td,sad
5bvUtwcJ81l4ZlFupTl2Aq,Travels,Akasha,Travels,2022-07-01,17,96000,https://open.spotify.com/track/5bvUtwcJ81l4ZlFupTl2Aq,sad
6n5SQMlkaSruvV5jQjifzE,soulful,blossom,soulful,2022-06-10,17,113142,https://open.spotify.com/track/6n5SQMlkaSruvV5jQjifzE,sad
04xREutt3sQ1S8xjG7pWoA,reasons,yums.,pathways,2023-09-06,16,76800,https://open.spotify.com/track/04xREutt3sQ1S8xjG7pWoA,sad
4Os9NxQsWcKw9nHJRkLr3b,Self Control,Rascal,Too Fast,2024-05-30,16,72000,https://open.spotify.com/track/4Os9NxQsWcKw9nHJRkLr3b,sad
52MRgQwJkRKd4XHCWVaycl,Forget the Past,Komorebi,Forget the Past,2022-04-08,19,97142,https://open.spotify.com/track/52MRgQwJkRKd4XHCWVaycl,sad
2qDS0XppDBjLbCcXSYgS4r,Somethin' Else,"her.story, eiji, Dreams For Two",Somethin' Else,2022-10-21,18,88000,https://open.spotify.com/track/2qDS0XppDBjLbCcXSYgS4r,sad
71rJzfveg1aTRR3NIMbNee,crush,kid.,lose you now,2024-05-30,16,84000,https://open.spotify.com/track/71rJzfveg1aTRR3NIMbNee,sad
1AW3Vrt5JaYSZ30gYzreID,Anchor Bay,Yowshi,Anchor Bay,2022-12-30,19,99692,https://open.spotify.com/track/1AW3Vrt5JaYSZ30gYzreID,sad
4BNFmKqK1FPsSsDWH0C3hh,Beyond The Sea,Flôr,Beyond The Sea,2022-08-19,18,89302,https://open.spotify.com/track/4BNFmKqK1FPsSsDWH0C3hh,sad
7lIb5xS7xvGZ0FSqRZ7u16,Out Of Dreams,Shou,Out Of Dreams,2022-07-29,17,95250,https://open.spotify.com/track/7lIb5xS7xvGZ0FSqRZ7u16,sad
5BRVZnTGbS70koWVwezWpr,Lost And Found,Klein,Memories Of You...,2021-11-29,16,105600,https://open.spotify.com/track/5BRVZnTGbS70koWVwezWpr,sad
0f7wRei5doHIB9LGtvsYua,The Bug,Wolly,Hold Up,2024-05-30,16,74666,https://open.spotify.com/track/0f7wRei5doHIB9LGtvsYua,sad
51pcraILu1KqPsT24ef75Q,"Oh, What A World","Tashi, Cashmere",Roots,2021-06-11,17,92727,https://open.spotify.com/track/51pcraILu1KqPsT24ef75Q,sad
1QsPIqPMsqhRv3a1CIkk1Q,Daylight,Idyllic,Daylight,2022-04-08,17,104571,https://open.spotify.com/track/1QsPIqPMsqhRv3a1CIkk1Q,sad
4U1fr86BHtiIzMqv2Kpjni,Comeback,Dreams For Two,Comeback,2022-06-03,17,84000,https://open.spotify.com/track/4U1fr86BHtiIzMqv2Kpjni,sad
4UnutTMOmetTv77MP6DM7d,Memory,Loodwig,Memory,2023-03-31,18,76800,https://open.spotify.com/track/4UnutTMOmetTv77MP6DM7d,sad
1Yj6nDtGh7GItnyvKtCfdU,Oxygen,Wells,Distant Dreams,2023-09-08,16,82285,https://open.spotify.com/track/1Yj6nDtGh7GItnyvKtCfdU,sad
4DSkmBIsyCoP8KNHDmwYNS,Reminiscences of Summer,just johnny,Little Drummer Boy,2021-10-27,17,88000,https://open.spotify.com/track/4DSkmBIsyCoP8KNHDmwYNS,sad
6JpFp5ag2wKlByr5qPjcKv,Blue Paradise,Whimsical,Blue Paradise,2022-05-06,16,85714,https://open.spotify.com/track/6JpFp5ag2wKlByr5qPjcKv,sad
67dfrvz0ZYqh5R5PHRCCEp,the day you left,snow.,the day you left,2022-09-02,18,100298,https://open.spotify.com/track/67dfrvz0ZYqh5R5PHRCCEp,sad
1aAqY7D69ioKSPKTreXmD2,sail away,heavn,underwater,2023-05-19,16,82285,https://open.spotify.com/track/1aAqY7D69ioKSPKTreXmD2,sad
2dzcjYmDJWQveQDIWQ5PCE,Street Player,Cashmere,Little Victories and Happy Coincidences,2021-10-27,17,103953,https://open.spotify.com/track/2dzcjYmDJWQveQDIWQ5PCE,sad
1rpL8o4khA55MIdtqZe7ai,Chaotic Energy,Murmur,Saturn,2024-03-15,16,103384,https://open.spotify.com/track/1rpL8o4khA55MIdtqZe7ai,sad
4Io3GHIbUWOk0r2XZ5eCuM,Underwater Serenade,softhead,Underwater Serenade,2021-10-27,17,92800,https://open.spotify.com/track/4Io3GHIbUWOk0r2XZ5eCuM,sad
3uAhIXlbiJXXsGcdmTOkGB,Beverly Hills,Dulcet,Sunset/Sunrise,2021-12-27,17,88000,https://open.spotify.com/track/3uAhIXlbiJXXsGcdmTOkGB,sad
0HcKKSkWU4g5EPNvyweXf3,alone again,saamson,wake up,2023-05-19,16,96000,https://open.spotify.com/track/0HcKKSkWU4g5EPNvyweXf3,sad
0o97hZMFY9a47EleyErwfY,Be Kind,nothing less,Be Kind,2022-11-11,20,92000,https://open.spotify.com/track/0o97hZMFY9a47EleyErwfY,sad
5apZETfd142h2VccJkkTbF,Haze,Effortless,Haze,2022-04-15,17,103500,https://open.spotify.com/track/5apZETfd142h2VccJkkTbF,sad
1pkhOSuxZwcuyHC1ljFmr9,Limelight,Nivla,Limelight,2022-08-05,18,90352,https://open.spotify.com/track/1pkhOSuxZwcuyHC1ljFmr9,sad
3lDOpMo1T0wOSqwQAwjXRV,the way things go,sumthin,the way things go,2023-07-24,16,70588,https://open.spotify.com/track/3lDOpMo1T0wOSqwQAwjXRV,sad
0D2Ybl77Ov0HzVM1pVl8cR,Wildlands,Juuzou,The Place We Used To Go,2021-12-03,18,100689,https://open.spotify.com/track/0D2Ybl77Ov0HzVM1pVl8cR,sad
6SP6aENCOcVAcg7yO16Wis,Sleep Away,Natsu,Sleep Away,2022-05-27,17,92800,https://open.spotify.com/track/6SP6aENCOcVAcg7yO16Wis,sad
5sym8pxSy7DnMm4YTXNrFo,Protection,"mëow mëow, Flôr, softhead",Protection,2022-10-21,18,87761,https://open.spotify.com/track/5sym8pxSy7DnMm4YTXNrFo,sad
3zkxC4S5TuegoS7rZCkKEQ,be good,majic,be good,2024-03-15,16,82285,https://open.spotify.com/track/3zkxC4S5TuegoS7rZCkKEQ,sad
0UXH1iwOjzSarXQIlKGpp0,Waiting Forever,Lonely Boy,One & Only,2023-07-24,16,75789,https://open.spotify.com/track/0UXH1iwOjzSarXQIlKGpp0,sad
1dUMCZBcpmsWghdcObDpWF,Let Me Drown,eiji,Let Me Drown,2022-06-24,17,87000,https://open.spotify.com/track/1dUMCZBcpmsWghdcObDpWF,sad
75hTNo9EHqm0iLFnpcx5Ac,A Quiet Life,Akasha,Slow Motion,2022-02-07,16,90697,https://open.spotify.com/track/75hTNo9EHqm0iLFnpcx5Ac,sad
5zbgKvEGN1O7SJ6sMwhBv8,urban souls,blossom,still young,2022-02-07,17,98181,https://open.spotify.com/track/5zbgKvEGN1O7SJ6sMwhBv8,sad
6Xbw1AbZ780llYNuWhFG6Q,blind spot,yums.,blue side,2023-07-24,16,76800,https://open.spotify.com/track/6Xbw1AbZ780llYNuWhFG6Q,sad
5ywfeuPHxG0huMdjVXHjcs,Twilight,Rascal,In Bloom,2023-05-19,16,70243,https://open.spotify.com/track/5ywfeuPHxG0huMdjVXHjcs,sad
1UWlVOM5NZdkFZobaYeAv5,My Funny Valentine,Komorebi,Midnight Thoughts,2020-11-16,32,161927,https://open.spotify.com/track/1UWlVOM5NZdkFZobaYeAv5,sad
55qPN7N3RfriXL5evfdzna,9teen,her.story,9teen,2022-07-01,17,96585,https://open.spotify.com/track/55qPN7N3RfriXL5evfdzna,sad
6vHFAavabGoGg97y6tbLQT,little sister,kid.,little sister,2023-03-31,18,82500,https://open.spotify.com/track/6vHFAavabGoGg97y6tbLQT,sad
0wViERMhIIaHnCmUhjF19E,Rainforest,Yowshi,Rainforest,2022-07-15,17,95421,https://open.spotify.com/track/0wViERMhIIaHnCmUhjF19E,sad
4x8DQimL1Q8m3LlRTFnZae,Winter Wonderland,Flôr,Campfire Tales,2021-10-27,17,109333,https://open.spotify.com/track/4x8DQimL1Q8m3LlRTFnZae,sad
4H7aD5VtMmtBETW198HBew,Blue Funk,Shou,Digital Dreams,2020-11-19,19,132537,https://open.spotify.com/track/4H7aD5VtMmtBETW198HBew,sad
02qWSnhPQCM3PAnpCNlQ5w,Through The Fields,Klein,Through The Fields,2022-02-07,16,108666,https://open.spotify.com/track/02qWSnhPQCM3PAnpCNlQ5w,sad
5J9jTo8pbfVSDEaXU1UO79,Touching Club,Wolly,Love,2023-07-24,16,96000,https://open.spotify.com/track/5J9jTo8pbfVSDEaXU1UO79,sad
2kAlU3xc3ekumJX171dauc,In This World,Tashi,Snowfall,2021-07-19,17,97752,https://open.spotify.com/track/2kAlU3xc3ekumJX171dauc,sad
0iNNrcHVdt4iiLpMpOVnYK,Snowflake,Idyllic,Snowflake,2022-04-29,17,107837,https://open.spotify.com/track/0iNNrcHVdt4iiLpMpOVnYK,sad
0jeHWNEOBcvZfM0Ec2kjS7,Till Forever Falls Apart,Dreams For Two,Till Forever Falls Apart,2021-06-11,17,126000,https://open.spotify.com/track/0jeHWNEOBcvZfM0Ec2kjS7,sad
2tzVsnuMCFkNlIpZwQePax,Lavender,Loodwig,Coastline,2021-11-08,18,116470,https://open.spotify.com/track/2tzVsnuMCFkNlIpZwQePax,sad
7xJ4b4u6m7We6lIcA5HNNt,Sudden Change,Wells,Sudden Change,2023-07-24,15,72000,https://open.spotify.com/track/7xJ4b4u6m7We6lIcA5HNNt,sad
3I7jRL1s9EDj9pz2WW5ymr,Lemonade,just johnny,Staring At The Window,2021-09-09,17,80000,https://open.spotify.com/track/3I7jRL1s9EDj9pz2WW5ymr,sad
0Nm5Bp7nRHP398BEnIOnhK,Water Circles,"Whimsical, Komorebi, Shou",Water Circles,2021-06-04,19,117142,https://open.spotify.com/track/0Nm5Bp7nRHP398BEnIOnhK,sad
7Eff1fLBc36lHGUfeaQKBf,smoke on the water,snow.,smoke on the water,2022-11-25,18,92250,https://open.spotify.com/track/7Eff1fLBc36lHGUfeaQKBf,sad
3YK8tzWMdQpqSmFr3e5sGz,stigmata,heavn,underwater,2023-05-19,16,99200,https://open.spotify.com/track/3YK8tzWMdQpqSmFr3e5sGz,sad
2e8Ls9b8pqCuV6I5nzxNsp,Champions,Cashmere,Little Victories and Happy Coincidences,2021-10-27,16,103636,https://open.spotify.com/track/2e8Ls9b8pqCuV6I5nzxNsp,sad
2WATm4o0v3vtqCXDbzaQ6h,Rainbow Connection,Murmur,Rainbow Connection,2023-02-17,18,75428,https://open.spotify.com/track/2WATm4o0v3vtqCXDbzaQ6h,sad
2uBhkMdV9oaHP8AiAG414h,Miles Away,softhead,Waves,2021-07-19,17,99512,https://open.spotify.com/track/2uBhkMdV9oaHP8AiAG414h,sad
3yQDvJgzSWkymvPiLtfGmj,Just a Friend,Dulcet,Just a Friend,2022-08-05,17,96000,https://open.spotify.com/track/3yQDvJgzSWkymvPiLtfGmj,sad
0qOwQdfbrdRmmCheESlCdr,hypnotize,saamson,hypnotize,2023-04-05,16,76800,https://open.spotify.com/track/0qOwQdfbrdRmmCheESlCdr,sad
6tjdGecHOvHgMZsqtFc8Ze,Faded,nothing less,Faded,2022-06-24,17,110000,https://open.spotify.com/track/6tjdGecHOvHgMZsqtFc8Ze,sad
3bsnps1YBZktjEMIIsu9W3,Rachel's Theme,"Effortless, Murmur, Akasha",A New Chapter,2021-06-11,17,99000,https://open.spotify.com/track/3bsnps1YBZktjEMIIsu9W3,sad
7AekhpCZxUpiZnRfQT8gl4,I'll Be Better,Nivla,Take Me There,2022-02-07,16,109333,https://open.spotify.com/track/7AekhpCZxUpiZnRfQT8gl4,sad
5nIBaVGlCh6SCvb7Y0XEpg,be my summer,sumthin,the way things go,2023-07-24,16,82285,https://open.spotify.com/track/5nIBaVGlCh6SCvb7Y0XEpg,sad
6S1CwnZp7dInv9SIG7wGuO,Ivy,Juuzou,The Place We Used To Go,2021-12-03,16,103255,https://open.spotify.com/track/6S1CwnZp7dInv9SIG7wGuO,sad
78hTlgVttEpyhZqXABd3rp,Sunny Day,Natsu,Adrift,2022-02-07,17,94285,https://open.spotify.com/track/78hTlgVttEpyhZqXABd3rp,sad
7BwQ43c4ppIrSqQCK2ICnB,Drive Home,mëow mëow,Drive Home,2022-09-23,17,90352,https://open.spotify.com/track/7BwQ43c4ppIrSqQCK2ICnB,sad
4RatHXnMcrjyY2k0ddJKlj,avalon,majic,avalon,2023-04-28,18,92689,https://open.spotify.com/track/4RatHXnMcrjyY2k0ddJKlj,sad
2vZedwW3G3QVz288j8mdTX,Need Me,Lonely Boy,One Of Us,2023-05-19,16,83250,https://open.spotify.com/track/2vZedwW3G3QVz288j8mdTX,sad
7io8M7BKrv25r4Ev5igGIU,Faster Than Night,eiji,Faster Than Night,2021-10-27,16,99000,https://open.spotify.com/track/7io8M7BKrv25r4Ev5igGIU,sad
6HQsZwppujMO6aVHMlftQ8,Scorpion,"Akasha, Natsu, Effortless",Lone Rider,2021-06-11,17,102000,https://open.spotify.com/track/6HQsZwppujMO6aVHMlftQ8,sad
2beMOouikIlWyDIWajRsFH,another lazy sunday,blossom,survivors,2021-11-29,16,111000,https://open.spotify.com/track/2beMOouikIlWyDIWajRsFH,sad
2xIhLKIYrA2xMIckH4Ti9e,still trying,yums.,blue side,2023-07-24,16,81951,https://open.spotify.com/track/2xIhLKIYrA2xMIckH4Ti9e,sad
3TVEB4q4awGB527kMth83R,Different Worlds,Rascal,In Bloom,2023-05-19,16,73170,https://open.spotify.com/track/3TVEB4q4awGB527kMth83R,sad
6HgjpDnwkICTiFIncZAIKY,Ghosts,"Komorebi, Idyllic, Whimsical",Ghosts,2021-03-19,23,108000,https://open.spotify.com/track/6HgjpDnwkICTiFIncZAIKY,sad
2rohSgLigwM2edCfBcPgSF,I'll Be Back One Day,her.story,I'll Be Back One Day,2021-09-09,17,110000,https://open.spotify.com/track/2rohSgLigwM2edCfBcPgSF,sad
2nCLmNHPugD29PVybm4TI2,sunday mornin',kid.,sunday mornin',2022-08-05,17,88941,https://open.spotify.com/track/2nCLmNHPugD29PVybm4TI2,sad
0VbNobC73C28TSd741se0k,Last Time I Saw You,Yowshi,Advice,2023-09-08,16,79333,https://open.spotify.com/track/0VbNobC73C28TSd741se0k,sad
5Nx2FJlIDnbB1yLkaIYJnd,Astral Chill,Flôr,Astral Chill,2022-07-22,17,99000,https://open.spotify.com/track/5Nx2FJlIDnbB1yLkaIYJnd,sad
2wUP7f1jv0CwUqAWy1QnfO,I Got You,Shou,Karma,2024-03-15,16,82285,https://open.spotify.com/track/2wUP7f1jv0CwUqAWy1QnfO,sad
5OieJB5jZGkLWaJEfx8DFs,Tenderly,Klein,Memories Of You...,2021-11-29,16,98000,https://open.spotify.com/track/5OieJB5jZGkLWaJEfx8DFs,sad
5Acbhq1xKGWXiSZFxPJbVa,Cobra,Wolly,Love,2023-07-24,16,93000,https://open.spotify.com/track/5Acbhq1xKGWXiSZFxPJbVa,sad
1zE0btlan3vowKTdPNfOsm,Heavy Snow,Tashi,Vibes,2021-10-27,18,100909,https://open.spotify.com/track/1zE0btlan3vowKTdPNfOsm,sad
3n7bSdczniE9EU1auyAkQ4,Cold,Idyllic,Cold,2025-05-26,15,85333,https://open.spotify.com/track/3n7bSdczniE9EU1auyAkQ4,sad
2s4BhUnzIxXibJKLPVrCV2,Diamonds,Dreams For Two,Diamonds,2022-11-18,18,89600,https://open.spotify.com/track/2s4BhUnzIxXibJKLPVrCV2,sad
2vwEML8D5mVa3EQCMKVbQ1,Softly,Loodwig,Softly,2021-11-29,17,103500,https://open.spotify.com/track/2vwEML8D5mVa3EQCMKVbQ1,sad
0vxrjoJZLm0qPwUO8Qzvok,Mist,Wells,Sudden Change,2023-07-24,16,79500,https://open.spotify.com/track/0vxrjoJZLm0qPwUO8Qzvok,sad
2YpSIQr98OysYmvLfMlCAP,Azul,just johnny,Azul,2021-07-19,17,120000,https://open.spotify.com/track/2YpSIQr98OysYmvLfMlCAP,sad
5FhlWaFfbr2ypfVfagvSpm,Slowly,"Whimsical, Shou, Idyllic",Slowly,2021-05-07,18,114545,https://open.spotify.com/track/5FhlWaFfbr2ypfVfagvSpm,sad
4JloBHDqXId3J08HYOgoed,untitled,snow.,untitled,2022-08-05,17,81882,https://open.spotify.com/track/4JloBHDqXId3J08HYOgoed,sad
2QCRXBuHP5D78luyFGLHdz,the swimming song,heavn,underwater,2023-05-19,15,84480,https://open.spotify.com/track/2QCRXBuHP5D78luyFGLHdz,sad
7ejytbTDxbw10shBaWtUst,Lost In Yesterday,Cashmere,Bumpin',2021-06-11,17,98666,https://open.spotify.com/track/7ejytbTDxbw10shBaWtUst,sad
6qiAkfYUJ8r342EhQpYfMN,Sara's Wish,Murmur,Reminders,2021-06-11,17,121791,https://open.spotify.com/track/6qiAkfYUJ8r342EhQpYfMN,sad
6FlFQbq6FYSpbTwm43rEOi,Feel The Beat,softhead,Thinkin' Bout,2024-03-06,15,82285,https://open.spotify.com/track/6FlFQbq6FYSpbTwm43rEOi,sad
3lH3fCJRIB7HqinS753jAf,Airplane Mode,Dulcet,Airplane Mode,2022-05-13,18,86292,https://open.spotify.com/track/3lH3fCJRIB7HqinS753jAf,sad
6GQoWomUQIPtMcqJ4K3NSo,crybaby,saamson,type beat,2024-05-30,15,74666,https://open.spotify.com/track/6GQoWomUQIPtMcqJ4K3NSo,sad
5QC98jeJQtNfkytjLhSGfD,Cloud Shapes,nothing less,Cloud Shapes,2022-05-27,17,91200,https://open.spotify.com/track/5QC98jeJQtNfkytjLhSGfD,sad
7MpyY1nsQ2Lr0WIgi0aQAh,Sweet Nostalgia,Effortless,A New Chapter,2021-06-11,17,125454,https://open.spotify.com/track/7MpyY1nsQ2Lr0WIgi0aQAh,sad
5w58XF4MwzrgP1HpFBYHG0,Twisted,Nivla,Rivers and Roads,2021-11-29,20,128000,https://open.spotify.com/track/5w58XF4MwzrgP1HpFBYHG0,sad
4eeeAZTYNlrKdSY8N7naJ2,tomorrow night,sumthin,offshore,2023-05-19,16,72000,https://open.spotify.com/track/4eeeAZTYNlrKdSY8N7naJ2,sad
0Jey6tHsrcAtJPqXo1FHyD,Morning Rides,Juuzou,Evening Strolls,2021-11-11,17,102068,https://open.spotify.com/track/0Jey6tHsrcAtJPqXo1FHyD,sad
44E2jwKTiuwKmvX0psNXCW,Hidden Village,Natsu,Adrift,2022-02-07,16,94285,https://open.spotify.com/track/44E2jwKTiuwKmvX0psNXCW,sad
7nYm3elPVlBrd7hbrjM1lU,Ghost Of You,mëow mëow,Ghost Of You,2022-07-29,17,90810,https://open.spotify.com/track/7nYm3elPVlBrd7hbrjM1lU,sad
0zOqHd6p1QYtwmjMGG3jJS,california,majic,california,2022-10-28,19,84000,https://open.spotify.com/track/0zOqHd6p1QYtwmjMGG3jJS,sad
0FDPqS2JaTkRBtMJrRBs0v,I'm Not Crying,Lonely Boy,One Of Us,2023-05-19,16,86709,https://open.spotify.com/track/0FDPqS2JaTkRBtMJrRBs0v,sad
6FdDaT3Zi19oPXRXuylA1a,Don't Be Afraid,eiji,Don't Be Afraid,2022-05-27,17,89600,https://open.spotify.com/track/6FdDaT3Zi19oPXRXuylA1a,sad
3dEfcoukBVyCkYHPOz2YqH,Early Morning Rain,Akasha,Lone Rider,2021-06-11,17,110000,https://open.spotify.com/track/3dEfcoukBVyCkYHPOz2YqH,sad
2lX1qdl1PaMhxA4hXrg5Dr,afterglow,blossom,survivors,2021-11-29,17,100173,https://open.spotify.com/track/2lX1qdl1PaMhxA4hXrg5Dr,sad
2QcBp59CfJHKQf8yTwl9Gd,zodiac,yums.,wild & free,2023-05-19,16,93333,https://open.spotify.com/track/2QcBp59CfJHKQf8yTwl9Gd,sad
1otTZOOyMpwTJ9AdQFSXYN,Fool's Gold,Rascal,Fool's Gold,2023-05-05,16,85333,https://open.spotify.com/track/1otTZOOyMpwTJ9AdQFSXYN,sad
4iMumu2GDhXgLoFqCrydBd,Potential,Komorebi,Potential,2025-05-26,15,74666,https://open.spotify.com/track/4iMumu2GDhXgLoFqCrydBd,sad
4IzXIeqE3eOrXcqqWmOKb4,Valentine,her.story,Valentine,2022-07-29,17,85500,https://open.spotify.com/track/4IzXIeqE3eOrXcqqWmOKb4,sad
7d5AjgJYAKJNaWYbMtmgXc,when it rains outside,kid.,when it rains outside,2022-06-10,17,88148,https://open.spotify.com/track/7d5AjgJYAKJNaWYbMtmgXc,sad
0LfH34bQvp1v5IR2TkSzuz,Ultraviolet,Yowshi,Advice,2023-09-08,16,72000,https://open.spotify.com/track/0LfH34bQvp1v5IR2TkSzuz,sad
1LNvOta5FfTemZ7fSqiYwv,On Your Own,Flôr,On Your Own,2022-12-09,21,103783,https://open.spotify.com/track/1LNvOta5FfTemZ7fSqiYwv,sad
33www5ZV8NICH1uEUXivoU,Walking Alone,"Shou, Idyllic, Whimsical",Walking Alone,2021-06-04,18,104500,https://open.spotify.com/track/33www5ZV8NICH1uEUXivoU,sad
5hlUaXprMMfH5a0tODr6as,Castle On The Hill,Klein,Castle On The Hill,2021-11-08,17,96000,https://open.spotify.com/track/5hlUaXprMMfH5a0tODr6as,sad
4c65hSzBW8pfeHwwNJTzAU,Ride Away,Wolly,Ride Away,2023-05-05,16,74666,https://open.spotify.com/track/4c65hSzBW8pfeHwwNJTzAU,sad
3bI4XlnZafVa3TQfcHX6Tr,Rich & Sad,Tashi,Vibes,2021-10-27,17,100909,https://open.spotify.com/track/3bI4XlnZafVa3TQfcHX6Tr,sad
3tLmG0nfHAiURgtCAP3grf,Last Train Home,Idyllic,Last Train Home,2022-03-18,16,99000,https://open.spotify.com/track/3tLmG0nfHAiURgtCAP3grf,sad
43s4CazFPFIwqnc3Q5bltD,Till The Clouds Roll By,Dreams For Two,Till The Clouds Roll By,2022-09-23,19,97333,https://open.spotify.com/track/43s4CazFPFIwqnc3Q5bltD,sad
1DIUnLcjc454iY22CjeSfS,Falling,Loodwig,Falling,2022-02-07,17,130000,https://open.spotify.com/track/1DIUnLcjc454iY22CjeSfS,sad
7oQXywnEYcqtitv738Vbuj,All My Life,Wells,Looping,2023-05-19,16,90352,https://open.spotify.com/track/7oQXywnEYcqtitv738Vbuj,sad
40WTinyU1KZOi9IVUnnTKe,Hello Sun,"just johnny, her.story, eiji",Azul,2021-07-19,19,130666,https://open.spotify.com/track/40WTinyU1KZOi9IVUnnTKe,sad
6ZxE3p0KEighmFGKuXHbcI,Friday,Whimsical,Friday,2025-05-26,15,88624,https://open.spotify.com/track/6ZxE3p0KEighmFGKuXHbcI,sad
031AqR661MOOrnvggYa3F8,destinations,snow.,destinations,2022-06-10,17,90666,https://open.spotify.com/track/031AqR661MOOrnvggYa3F8,sad
7jTzXMBLTgMTEdi7DCY4Iq,die young,heavn,die young,2023-05-05,16,88615,https://open.spotify.com/track/7jTzXMBLTgMTEdi7DCY4Iq,sad
2BL1uWDILzlFQ8IITqgbpT,Endorphin,Cashmere,After Light,2021-07-19,17,106956,https://open.spotify.com/track/2BL1uWDILzlFQ8IITqgbpT,sad
5ntW6ojguEtt0d9zMOMfLr,Dance of Love,"Murmur, Akasha, Natsu",Reminders,2021-06-11,22,141176,https://open.spotify.com/track/5ntW6ojguEtt0d9zMOMfLr,sad
6J6MopzcNRBz8T6LLEVbEW,Not Dark Yet,softhead,Not Dark Yet,2023-04-21,17,90810,https://open.spotify.com/track/6J6MopzcNRBz8T6LLEVbEW,sad
5k7QZgS0epl2yGzBPOBbdh,Rescue Me,Dulcet,Rescue Me,2022-06-10,18,96000,https://open.spotify.com/track/5k7QZgS0epl2yGzBPOBbdh,sad
2QVK3bXxn9suizlj1RaGT4,miss u,saamson,miss u,2023-04-07,17,76956,https://open.spotify.com/track/2QVK3bXxn9suizlj1RaGT4,sad
09w4eGr4r7pr0cmNGpij3m,Heartbreak Anniversary,nothing less,Forever Ago,2021-07-19,17,135172,https://open.spotify.com/track/09w4eGr4r7pr0cmNGpij3m,sad
1Ztmg6f3Knf0WsfhkXkuFJ,Wait For Me,Effortless,A New Chapter,2021-06-11,17,103500,https://open.spotify.com/track/1Ztmg6f3Knf0WsfhkXkuFJ,sad
7sIwcWoTfr8GXCwCZGeFqn,Laundromat,Nivla,Rivers and Roads,2021-11-29,18,91578,https://open.spotify.com/track/7sIwcWoTfr8GXCwCZGeFqn,sad
348O1MWdBcefVr63JDkh8z,one fine day,sumthin,offshore,2023-05-19,16,84000,https://open.spotify.com/track/348O1MWdBcefVr63JDkh8z,sad
2nXcxIlfElF7SpGQPwghsC,Autumn Rain,Juuzou,The Place We Used To Go,2021-12-03,16,100689,https://open.spotify.com/track/2nXcxIlfElF7SpGQPwghsC,sad
1cT3BUuoW5XZi6VcA386wk,Hometown,Natsu,Hometown,2021-06-11,16,136119,https://open.spotify.com/track/1cT3BUuoW5XZi6VcA386wk,sad
0OaEVba3B7nTsoWlZmcD5o,The Way Back,"mëow mëow, Flôr, softhead",The Way Back,2021-09-24,17,102000,https://open.spotify.com/track/0OaEVba3B7nTsoWlZmcD5o,sad
2CJHt9gIBGdxTwWgqBZihX,bay city,majic,bay city,2023-02-03,17,104666,https://open.spotify.com/track/2CJHt9gIBGdxTwWgqBZihX,sad
7KTQAqtYAQIj8ULpzPHiDg,To The Top,Lonely Boy,To The Top,2023-05-05,16,96000,https://open.spotify.com/track/7KTQAqtYAQIj8ULpzPHiDg,sad
2a9fwuUXtMgIEhPN6O5HpM,Nightcall,eiji,Nightcall,2022-04-29,16,90352,https://open.spotify.com/track/2a9fwuUXtMgIEhPN6O5HpM,sad
1d4UHS3DXVi2Cm4mv5lkPw,Reverie,Akasha,Hawkmoon,2024-03-15,16,82285,https://open.spotify.com/track/1d4UHS3DXVi2Cm4mv5lkPw,sad
764WcIkWDMrWsu7jkCYrIE,floating in space,blossom,survivors,2021-11-29,17,104800,https://open.spotify.com/track/764WcIkWDMrWsu7jkCYrIE,sad
22Byv09Y3vmD7XmMQx7rUQ,wild man blues,yums.,wild man blues,2023-05-05,16,84000,https://open.spotify.com/track/22Byv09Y3vmD7XmMQx7rUQ,sad
7Ex4FXgCwMd8pRlyZyz2Dc,April Showers,Rascal,April Showers,2023-04-07,16,84000,https://open.spotify.com/track/7Ex4FXgCwMd8pRlyZyz2Dc,sad
6RKPn1QekgxVib6E7KpWFe,My Favorite Things,Komorebi,My Favorite Things,2022-04-29,17,108800,https://open.spotify.com/track/6RKPn1QekgxVib6E7KpWFe,sad
12uNu33E5ZWAEll1oQtDT1,Heart to Heart,her.story,Heart to Heart,2022-05-06,17,100363,https://open.spotify.com/track/12uNu33E5ZWAEll1oQtDT1,sad
2x08wwr69YRYyvdzl5GKTJ,dreamers,kid.,nuages,2022-02-07,16,112000,https://open.spotify.com/track/2x08wwr69YRYyvdzl5GKTJ,sad
5qCohuOgrrNqUoDObuXNFG,Safe Night Rain,Yowshi,10.000 Hours,2023-07-24,16,96000,https://open.spotify.com/track/5qCohuOgrrNqUoDObuXNFG,sad
3sMSBMGMB0n1gR1KN4eDZQ,Midnight City,Flôr,Midnight City,2022-06-24,17,100479,https://open.spotify.com/track/3sMSBMGMB0n1gR1KN4eDZQ,sad
4DEG1Mv3sn7lQuhD5O0RCN,Bad Dream,Shou,Bad Dream,2025-05-26,15,75428,https://open.spotify.com/track/4DEG1Mv3sn7lQuhD5O0RCN,sad
7m1bfFBsYpIZoBPbyMTMTm,Brother,Klein,Castle On The Hill,2021-11-08,17,135000,https://open.spotify.com/track/7m1bfFBsYpIZoBPbyMTMTm,sad
5a9EnCMMzkRsYo7gqAvZRl,Let It Hurt,Wolly,Dreamland,2023-05-19,16,84000,https://open.spotify.com/track/5a9EnCMMzkRsYo7gqAvZRl,sad
7cYgLNJE3fggpZzjeWzAEA,Big Avalanche,Tashi,Vibes,2021-10-27,16,100909,https://open.spotify.com/track/7cYgLNJE3fggpZzjeWzAEA,sad
3qwHM9tT0E8K3T5borc14H,In Your Arms,"Idyllic, Komorebi, Shou",In Your Arms,2021-05-07,17,100500,https://open.spotify.com/track/3qwHM9tT0E8K3T5borc14H,sad
0IV3bA0BtqP5mkp93kKpNF,Right In Time,Dreams For Two,Right In Time,2022-08-26,16,96000,https://open.spotify.com/track/0IV3bA0BtqP5mkp93kKpNF,sad
0EeJJgFfasNWmomrp1nlaQ,Underwater Love,Loodwig,Underwater Love,2022-05-13,16,98000,https://open.spotify.com/track/0EeJJgFfasNWmomrp1nlaQ,sad
0Z4GxDH6Ill9tUcQFb1RFL,Lose Control,Wells,Looping,2023-05-19,15,82285,https://open.spotify.com/track/0Z4GxDH6Ill9tUcQFb1RFL,sad
6P8Dz7IUJVnGWk32QIIxgc,Atomic Dog,just johnny,Atomic Dog,2022-11-11,19,96000,https://open.spotify.com/track/6P8Dz7IUJVnGWk32QIIxgc,sad
7HW0TamfFoEUTkkjwGeNhO,Reach Out,Whimsical,212,2024-03-06,15,84000,https://open.spotify.com/track/7HW0TamfFoEUTkkjwGeNhO,sad
0rZrwL8Hradau4Y4YZgDQ6,years,snow.,thoughts,2021-12-27,17,94666,https://open.spotify.com/track/0rZrwL8Hradau4Y4YZgDQ6,sad
7FPpk48O2KOYnnUEzJxidm,i'll remember april,heavn,i'll remember april,2023-04-05,17,90000,https://open.spotify.com/track/7FPpk48O2KOYnnUEzJxidm,sad
5c2mYYtID3maczDWEXBHnf,We Will Be Together,"Cashmere, Tashi",Bumpin',2021-06-11,16,89999,https://open.spotify.com/track/5c2mYYtID3maczDWEXBHnf,sad
5DnjtTcjdFcEDnqzjcAJa8,The Lady In Red,Murmur,The Lady In Red,2022-04-29,16,91428,https://open.spotify.com/track/5DnjtTcjdFcEDnqzjcAJa8,sad
0tCgzCdjFqo5aYzmrzUU8R,Spinning Rides,softhead,Spinning Rides,2022-06-03,17,86117,https://open.spotify.com/track/0tCgzCdjFqo5aYzmrzUU8R,sad
6fg8KcyQuJ7uSPHjUtSF0w,Talk To Me,Dulcet,Mad Trippin',2022-02-07,17,101538,https://open.spotify.com/track/6fg8KcyQuJ7uSPHjUtSF0w,sad
3hS9jju5nqA4lSGQl2S3jl,faded love,saamson,faded love,2023-04-01,16,96774,https://open.spotify.com/track/3hS9jju5nqA4lSGQl2S3jl,sad
5Gboj5FPkSsqjtnOcjLVZy,Alone Again,nothing less,Switch Lanes,2021-09-09,17,105000,https://open.spotify.com/track/5Gboj5FPkSsqjtnOcjLVZy,sad
5qLOPC9E43EPnPAR6aNUar,Still Dreaming,Effortless,A New Chapter,2021-06-11,16,125000,https://open.spotify.com/track/5qLOPC9E43EPnPAR6aNUar,sad
2WVqSbSSFMujw2slBHmd8z,Colors We Made,Nivla,Kids Again,2021-11-08,16,96585,https://open.spotify.com/track/2WVqSbSSFMujw2slBHmd8z,sad
6HQi4zekJ1M32DDsk8RjQ3,lucille,sumthin,lucille,2023-04-07,17,82285,https://open.spotify.com/track/6HQi4zekJ1M32DDsk8RjQ3,sad
43LPXM6ftYWJbFSyv1odFL,By The Window,Juuzou,Evening Strolls,2021-11-11,16,98666,https://open.spotify.com/track/43LPXM6ftYWJbFSyv1odFL,sad
1eJoJIjZJiv3WeZxVtsOmM,Hugs and Kisses,Natsu,Hometown,2021-06-11,16,128000,https://open.spotify.com/track/1eJoJIjZJiv3WeZxVtsOmM,sad
4YthHpi4uQfxNZD1H1FNVB,Sparks,mëow mëow,Soulside,2021-09-09,16,105600,https://open.spotify.com/track/4YthHpi4uQfxNZD1H1FNVB,sad
7fF1cxABSMFpGAxyKUgECp,blinded by the light,majic,blinded by the light,2022-11-25,17,82285,https://open.spotify.com/track/7fF1cxABSMFpGAxyKUgECp,sad
14LgNXws5dg7o6iAsw8HOK,Holes,Lonely Boy,Holes,2023-04-05,17,79534,https://open.spotify.com/track/14LgNXws5dg7o6iAsw8HOK,sad
71aZ2Un5ejaDb5eoBz2S6W,Caramel Rain,eiji,Caramel Rain,2022-04-08,16,96000,https://open.spotify.com/track/71aZ2Un5ejaDb5eoBz2S6W,sad
7Jh8xKwuYTIXzAlxSDmDEK,Saltwater,"Akasha, Natsu, Effortless",Saltwater,2022-10-21,17,82285,https://open.spotify.com/track/7Jh8xKwuYTIXzAlxSDmDEK,sad
32OTCU7zfumv7VChEBiZkK,boogieman,blossom,leave tonight,2024-05-30,16,67764,https://open.spotify.com/track/32OTCU7zfumv7VChEBiZkK,sad
1oFmF5YvySqlqWiIHDOkZ6,peaches,yums.,peaches,2023-04-05,17,72000,https://open.spotify.com/track/1oFmF5YvySqlqWiIHDOkZ6,sad
0BLFbLlxCiFYENe22MSto4,A Girl Like You,Rascal,A Girl Like You,2023-04-01,16,83478,https://open.spotify.com/track/0BLFbLlxCiFYENe22MSto4,sad
5XOzEufarQ3aiI6d8dL2Te,Desert Chase,"Komorebi, Idyllic, Whimsical",Desert Chase,2021-05-07,18,106000,https://open.spotify.com/track/5XOzEufarQ3aiI6d8dL2Te,sad
2heDrdMOk8Bn2qRNj4021U,Sunray,her.story,Sunray,2022-04-15,17,96000,https://open.spotify.com/track/2heDrdMOk8Bn2qRNj4021U,sad
3qADRdfhJFocWS7nSdVSjF,feelings fade,kid.,wool gloves,2021-11-29,17,112000,https://open.spotify.com/track/3qADRdfhJFocWS7nSdVSjF,sad
2EWIkxRUfpEzaJBv44Xe6E,Cute Sky,Yowshi,10.000 Hours,2023-07-24,16,85333,https://open.spotify.com/track/2EWIkxRUfpEzaJBv44Xe6E,sad
2uuRskeMjntCcFTxxHhbLZ,Shimmering Nights,Flôr,"Late Nights, Early Mornings",2021-09-09,17,133636,https://open.spotify.com/track/2uuRskeMjntCcFTxxHhbLZ,sad
1ALXVahHHwgLjtcI2XdwEh,Fallen Angels,"Shou, Whimsical, Komorebi",Fallen Angels,2021-05-07,19,120000,https://open.spotify.com/track/1ALXVahHHwgLjtcI2XdwEh,sad
3iWMrlKyO3nfWsPSCJcxJE,Missed Calls,Klein,Find My Way,2021-12-27,17,85714,https://open.spotify.com/track/3iWMrlKyO3nfWsPSCJcxJE,sad
5qPjWBECL05p497y5FN3lI,Big Fun,Wolly,Dreamland,2023-05-19,16,84000,https://open.spotify.com/track/5qPjWBECL05p497y5FN3lI,sad
3R2S6IFH4xO5Su42y4YCaS,One Note Funk,Tashi,Roots,2021-06-11,18,93793,https://open.spotify.com/track/3R2S6IFH4xO5Su42y4YCaS,sad
3yDAwOnty9QKuinDJ8KHcp,Tokyo Sunrise,"Idyllic, Whimsical, Komorebi",Tokyo Sunrise,2021-06-04,25,130588,https://open.spotify.com/track/3yDAwOnty9QKuinDJ8KHcp,sad
1eUxkUh728ppdlaudocgVw,August,Dreams For Two,August,2022-07-01,17,90400,https://open.spotify.com/track/1eUxkUh728ppdlaudocgVw,sad
2DjJKhMcsxZ5cgiNmSLHdf,On My Own,Loodwig,On My Own,2022-09-02,19,96000,https://open.spotify.com/track/2DjJKhMcsxZ5cgiNmSLHdf,sad
6MxJJcClyip1B1ByU8Qllc,Controlla,Wells,Controlla,2023-04-01,16,96000,https://open.spotify.com/track/6MxJJcClyip1B1ByU8Qllc,sad
7GrMshcDmOpRv3QmNFTTK8,Sk8er Boi,just johnny,Sk8er Boi,2022-04-29,17,82962,https://open.spotify.com/track/7GrMshcDmOpRv3QmNFTTK8,sad
1vgvC1Xa3C34IDozVJ8VNL,Raindrops,Whimsical,Raindrops,2022-03-25,17,102857,https://open.spotify.com/track/1vgvC1Xa3C34IDozVJ8VNL,sad
7g9LhEX5A0uvrND4nI4aQD,dreamin',snow.,dreamin',2021-11-08,17,104000,https://open.spotify.com/track/7g9LhEX5A0uvrND4nI4aQD,sad
2PTRKjY54cUhOwkKeb14FD,fascination,heavn,fascination,2023-04-07,16,82666,https://open.spotify.com/track/2PTRKjY54cUhOwkKeb14FD,sad
4gnJhPLPv5rQDwVTkjhvWr,Loading...,Cashmere,After Light,2021-07-19,16,106987,https://open.spotify.com/track/4gnJhPLPv5rQDwVTkjhvWr,sad
2KqjPSVpEqek7qohNeIL6v,Monday Blues,Murmur,Veraneo,2022-02-07,16,93176,https://open.spotify.com/track/2KqjPSVpEqek7qohNeIL6v,sad
4xhLpuypn1JCVdklz1FLYt,Liliac,softhead,Liliac,2022-05-06,17,91428,https://open.spotify.com/track/4xhLpuypn1JCVdklz1FLYt,sad
67QifvaCDoc8xFtJSOuRB7,Everything You Need,Dulcet,Sunset/Sunrise,2021-12-27,16,104470,https://open.spotify.com/track/67QifvaCDoc8xFtJSOuRB7,sad
1tw4PSHTp0xSL5DrXTt07d,secrets,saamson,secrets,2022-07-15,17,96585,https://open.spotify.com/track/1tw4PSHTp0xSL5DrXTt07d,sad
0DCAQxMcA2EpdxBvgohw5r,Start Again,nothing less,Together Forever,2021-06-11,16,92530,https://open.spotify.com/track/0DCAQxMcA2EpdxBvgohw5r,sad
5CRry6ONUa575rMbHyXoz1,When We Were Young,Effortless,When We Were Young,2022-03-25,16,95142,https://open.spotify.com/track/5CRry6ONUa575rMbHyXoz1,sad
3jxlaib2N7sUJtvBkymFsQ,Speak Low,Nivla,Speak Low,2023-02-03,20,96000,https://open.spotify.com/track/3jxlaib2N7sUJtvBkymFsQ,sad
7ITDyoC1SoYpDHSMF8ZRSs,do me right,sumthin,do me right,2023-04-01,16,92903,https://open.spotify.com/track/7ITDyoC1SoYpDHSMF8ZRSs,sad
3926w3bZIxzOTwr4zGqHHG,Show Me The Stars,Juuzou,The Place We Used To Go,2021-12-03,16,105714,https://open.spotify.com/track/3926w3bZIxzOTwr4zGqHHG,sad
7FdmKZUbKalEDjHpBQh9bL,Memories,"Natsu, Murmur, Akasha",Hometown,2021-06-11,16,82857,https://open.spotify.com/track/7FdmKZUbKalEDjHpBQh9bL,sad
0ncMB4Iyj75X52eetaLu0K,Blue On Monday,mëow mëow,To The Top,2024-03-15,15,93333,https://open.spotify.com/track/0ncMB4Iyj75X52eetaLu0K,sad
5EaCcaWAZpWZmH5gHEEaCy,truth hurts,majic,truth hurts,2022-08-05,17,82285,https://open.spotify.com/track/5EaCcaWAZpWZmH5gHEEaCy,sad
0vVjuHjsgPcNytf0rZAhPF,Electricity,Lonely Boy,Electricity,2023-04-01,17,75505,https://open.spotify.com/track/0vVjuHjsgPcNytf0rZAhPF,sad
428J869BWeXXFz7qgLhlID,Spiders,eiji,Spiders,2022-11-11,19,90000,https://open.spotify.com/track/428J869BWeXXFz7qgLhlID,sad
3MznAdBVtpqtg0nFnONDsE,Insomnia,Akasha,Insomnia,2022-06-03,17,85714,https://open.spotify.com/track/3MznAdBVtpqtg0nFnONDsE,sad
2ZnxnFyMY5JvKmuZjpkqgq,real love,blossom,real love,2022-11-25,18,92957,https://open.spotify.com/track/2ZnxnFyMY5JvKmuZjpkqgq,sad
1SuorfO5hFj0JDqbCXDI9Z,fun fun fun,yums.,fun fun fun,2023-04-01,16,69750,https://open.spotify.com/track/1SuorfO5hFj0JDqbCXDI9Z,sad
4LbBaGMR8rjqK1DUq7sE9b,Summer Babe,Rascal,Summer Babe,2023-03-31,16,76000,https://open.spotify.com/track/4LbBaGMR8rjqK1DUq7sE9b,sad
2kOm6h6ZSfjt9y5Z3AjrWP,With U,Komorebi,With U,2022-03-18,16,113142,https://open.spotify.com/track/2kOm6h6ZSfjt9y5Z3AjrWP,sad
18RgVGuSIbj5n9dIoxI2RB,Make It Happen,her.story,Papercuts,2021-10-27,17,101298,https://open.spotify.com/track/18RgVGuSIbj5n9dIoxI2RB,sad
13w471qTnXU3leUFm9Ff4r,nuages,kid.,nuages,2022-02-07,17,96000,https://open.spotify.com/track/13w471qTnXU3leUFm9Ff4r,sad
7fCug7YxJMwx4dqOUnHZQd,Fast Cars and Freedom,Yowshi,Faded Memories,2023-05-19,16,84705,https://open.spotify.com/track/7fCug7YxJMwx4dqOUnHZQd,sad
3SfdMEHwrVFcDSLrXBJO5l,If Only,Flôr,If Only,2022-04-08,17,104285,https://open.spotify.com/track/3SfdMEHwrVFcDSLrXBJO5l,sad
5fFZlk4YnpPJkCHllhCXvq,Nicely Nostalgic,"Shou, Komorebi, Idyllic",Nicely Nostalgic,2021-05-21,18,114155,https://open.spotify.com/track/5fFZlk4YnpPJkCHllhCXvq,sad
3ShxWsLPXrFIs41Qc8mV5O,Heartbeat,Klein,Through The Fields,2022-02-07,16,102000,https://open.spotify.com/track/3ShxWsLPXrFIs41Qc8mV5O,sad
3rFKrP4JOz9k5QtA10z3Xe,It's Tricky,Wolly,It's Tricky,2023-04-05,16,80000,https://open.spotify.com/track/3rFKrP4JOz9k5QtA10z3Xe,sad
3TQwhtpZL88sNiPnRuSYXc,Waiting For You,"Tashi, Cashmere",Roots,2021-06-11,16,95999,https://open.spotify.com/track/3TQwhtpZL88sNiPnRuSYXc,sad
4kgMTcJhCG0Cg1Lbmy5R1n,Scarlett's Diary,Idyllic,Beautiful Fantasy,2020-12-14,17,120000,https://open.spotify.com/track/4kgMTcJhCG0Cg1Lbmy5R1n,sad
4eUo59NtlcZpDVA4t7b9bj,Astral,Dreams For Two,Astral,2022-05-06,16,93793,https://open.spotify.com/track/4eUo59NtlcZpDVA4t7b9bj,sad
3XmOuqXQtu7SCb82KktsnO,Summertime Blues,Loodwig,Summertime Blues,2022-07-08,17,87000,https://open.spotify.com/track/3XmOuqXQtu7SCb82KktsnO,sad
7viZxDnQ9N8iTCfiFapY7R,Joy,Wells,Joy,2023-03-10,17,92250,https://open.spotify.com/track/7viZxDnQ9N8iTCfiFapY7R,sad
40uI7enUTLKLZoyVnoLX8v,Wednesday Girl,"just johnny, her.story, eiji",Fireflies,2021-06-11,16,97078,https://open.spotify.com/track/40uI7enUTLKLZoyVnoLX8v,sad
4In1DyTsZCWOgD1swi7j1f,Burnin',"Whimsical, Idyllic, Komorebi",Burnin',2021-05-21,16,125538,https://open.spotify.com/track/4In1DyTsZCWOgD1swi7j1f,sad
34iDDIzyoY3qwC5l26NTfH,fake friends,snow.,thoughts,2021-12-27,16,106500,https://open.spotify.com/track/34iDDIzyoY3qwC5l26NTfH,sad
4m4P39PV2D8DrSWxufoNvq,brand new man,heavn,brand new man,2023-04-01,16,79058,https://open.spotify.com/track/4m4P39PV2D8DrSWxufoNvq,sad
0BD4pigwfbwUizqrkCTx59,Faces,"Cashmere, Tashi",After Light,2021-07-19,17,100465,https://open.spotify.com/track/0BD4pigwfbwUizqrkCTx59,sad
2qxc3uJMSrSdlAkdrQV7Ti,Reminders,"Murmur, Natsu, Effortless",Reminders,2021-06-11,16,136708,https://open.spotify.com/track/2qxc3uJMSrSdlAkdrQV7Ti,sad
6B3vG8Sq3qG0RkbzjwqUjh,Petals,softhead,Petals,2022-03-25,16,84750,https://open.spotify.com/track/6B3vG8Sq3qG0RkbzjwqUjh,sad
1hKRs5iv0zEtrZSHEms94F,No Fun,Dulcet,Sunset/Sunrise,2021-12-27,16,122666,https://open.spotify.com/track/1hKRs5iv0zEtrZSHEms94F,sad
4qPJ8ohKJpLbLGirTv1Ohe,seaside,saamson,seaside,2022-05-20,16,93176,https://open.spotify.com/track/4qPJ8ohKJpLbLGirTv1Ohe,sad
4GlI52BJNbChNhidTWDKp4,Stay,"nothing less, mëow mëow, Flôr",Together Forever,2021-06-11,17,108800,https://open.spotify.com/track/4GlI52BJNbChNhidTWDKp4,sad
2l9JtQcxTj1THQ3nlNVLAt,Marie,"Effortless, Murmur, Akasha",Marie,2022-10-21,18,94874,https://open.spotify.com/track/2l9JtQcxTj1THQ3nlNVLAt,sad
2SlMdDwW0nJh9JXePcUCjk,Don't Go,Nivla,Don't Go,2022-05-13,18,108750,https://open.spotify.com/track/2SlMdDwW0nJh9JXePcUCjk,sad
68A7vNRDJzM8J3mSiObi6N,living for the city,sumthin,living for the city,2023-03-10,16,73012,https://open.spotify.com/track/68A7vNRDJzM8J3mSiObi6N,sad
2hY6mBhaA5GS4DuWcX77R8,When I Get Up,Juuzou,Evening Strolls,2021-11-11,16,100909,https://open.spotify.com/track/2hY6mBhaA5GS4DuWcX77R8,sad
6fOB41r4VmpoJ6VToa73sZ,Carry On,"Natsu, Effortless, Murmur",Carry On,2022-10-14,17,93333,https://open.spotify.com/track/6fOB41r4VmpoJ6VToa73sZ,sad
1cgnyqnXjZJVqACWJIzQsB,Leave Planet Earth,mëow mëow,Leave Planet Earth,2022-11-18,17,93000,https://open.spotify.com/track/1cgnyqnXjZJVqACWJIzQsB,sad
0ndmNCKuAluAi4bjfJCiE4,fall,majic,fall,2022-07-08,17,81000,https://open.spotify.com/track/0ndmNCKuAluAi4bjfJCiE4,sad
1mXjAj0FNw7xXPbMzEnQ6K,Hi-Fly,Lonely Boy,Hi-Fly,2022-12-30,17,91034,https://open.spotify.com/track/1mXjAj0FNw7xXPbMzEnQ6K,sad
1aU9gLwc92Cwt3WGcidVUp,Gloom,eiji,Lost In Beijing,2021-09-09,16,111000,https://open.spotify.com/track/1aU9gLwc92Cwt3WGcidVUp,sad
7FlsXvvNanUshgOxH17FBc,Saloon Medley,Akasha,Lone Rider,2021-06-11,16,116000,https://open.spotify.com/track/7FlsXvvNanUshgOxH17FBc,sad
5KOwaFB3zmEe4lJn0k8jqn,old devil moon,blossom,old devil moon,2022-10-28,19,93000,https://open.spotify.com/track/5KOwaFB3zmEe4lJn0k8jqn,sad
7DbDzwpoiJfvNYDcEnm5Ss,isolation,yums.,isolation,2023-03-10,16,82285,https://open.spotify.com/track/7DbDzwpoiJfvNYDcEnm5Ss,sad
0Z5489mLZfVCqD4Pi2Udwa,Silhouettes,Rascal,Silhouettes,2023-03-10,16,85517,https://open.spotify.com/track/0Z5489mLZfVCqD4Pi2Udwa,sad
4qw2ivY0IecySstEiS9I32,Sequences,"Komorebi, Shou, Idyllic",Sequences,2021-06-04,23,120000,https://open.spotify.com/track/4qw2ivY0IecySstEiS9I32,sad
7ixkSH9Z5rChciWg5uNsPA,Road Trippin',her.story,I'll Be Back One Day,2021-09-09,17,126857,https://open.spotify.com/track/7ixkSH9Z5rChciWg5uNsPA,sad
1mByTwNkVjpg3Cmro1eBQY,introspection,kid.,wool gloves,2021-11-29,16,96000,https://open.spotify.com/track/1mByTwNkVjpg3Cmro1eBQY,sad
3AY4pgfn4eLKhxNs7rjwS4,Ballad Of Thunder Road,Yowshi,Faded Memories,2023-05-19,16,76800,https://open.spotify.com/track/3AY4pgfn4eLKhxNs7rjwS4,sad
0XgeWsSNfgTdVN2LYSgtep,Distance,Flôr,No Longer Lost,2021-06-11,16,99000,https://open.spotify.com/track/0XgeWsSNfgTdVN2LYSgtep,sad
47cR5eCCRQKtLiinqSGkHG,Stay Forever,"Shou, Idyllic, Whimsical",Stay Forever,2021-02-12,18,99000,https://open.spotify.com/track/47cR5eCCRQKtLiinqSGkHG,sad
5XgfLT0BS0q9vM75JmSeHV,Prelude,Klein,Prelude,2022-11-25,18,93714,https://open.spotify.com/track/5XgfLT0BS0q9vM75JmSeHV,sad
4XZuQdU9uo8CY4dS3UeUl0,Concrete And Clay,Wolly,Concrete And Clay,2023-04-01,16,87529,https://open.spotify.com/track/4XZuQdU9uo8CY4dS3UeUl0,sad
2fiSbvpgNVy9oJZS4BGNbN,Roots,Tashi,Roots,2021-06-11,18,122666,https://open.spotify.com/track/2fiSbvpgNVy9oJZS4BGNbN,sad
4LgaYLO2yJibuK4pN0Fjgs,New Beginnings,"Idyllic, Shou, Whimsical",New Beginnings,2021-05-21,17,114000,https://open.spotify.com/track/4LgaYLO2yJibuK4pN0Fjgs,sad
5UVvBLigvb1tOj5iyyTNUt,Passing Time,Dreams For Two,Bliss,2021-07-19,16,133714,https://open.spotify.com/track/5UVvBLigvb1tOj5iyyTNUt,sad
4xfVyXzmNjJJDw7C8fI9TC,Windmills,Loodwig,Falling,2022-02-07,16,126857,https://open.spotify.com/track/4xfVyXzmNjJJDw7C8fI9TC,sad
0Y9RyzJaBSkSqDyOX8c8pG,Faith,Wells,Faith,2022-11-04,18,94285,https://open.spotify.com/track/0Y9RyzJaBSkSqDyOX8c8pG,sad
4d0MRYfV9bLKerp09mNNFY,Late At Night,just johnny,Azul,2021-07-19,17,109629,https://open.spotify.com/track/4d0MRYfV9bLKerp09mNNFY,sad
3g5noS0FYChFIixgyZcg7f,Golden,"Whimsical, Idyllic, Komorebi",Golden,2021-04-02,17,118400,https://open.spotify.com/track/3g5noS0FYChFIixgyZcg7f,sad
6Wf9QQw5IeL1RJ4X89qDhI,dreams,snow.,peach skies,2022-02-07,18,96642,https://open.spotify.com/track/6Wf9QQw5IeL1RJ4X89qDhI,sad
40qlqNeilW4N2F1biToRgg,koko,heavn,koko,2023-03-10,17,77837,https://open.spotify.com/track/40qlqNeilW4N2F1biToRgg,sad
6zg3GnS3Gs63UFzSMxlsOM,Travellers,Cashmere,Travellers,2022-03-25,16,92093,https://open.spotify.com/track/6zg3GnS3Gs63UFzSMxlsOM,sad
1gtFvXWcZyHaTrpGwqM7tO,Unfamiliar,Murmur,Unfamiliar,2025-05-26,14,68571,https://open.spotify.com/track/1gtFvXWcZyHaTrpGwqM7tO,sad
3Dpn8whpQmFMTFjtDyBvww,Waves,"softhead, mëow mëow, Flôr",Waves,2021-07-19,17,138461,https://open.spotify.com/track/3Dpn8whpQmFMTFjtDyBvww,sad
47FaNCGhNYnlUAtEnZHwwN,Mad Trippin',Dulcet,Mad Trippin',2022-02-07,16,93818,https://open.spotify.com/track/47FaNCGhNYnlUAtEnZHwwN,sad
7wxxAsXilHG2ozmBIR5XLe,gravity,saamson,wake up,2023-05-19,16,82285,https://open.spotify.com/track/7wxxAsXilHG2ozmBIR5XLe,sad
2SlX1CXNkk2OQSihIDJ2gW,Next To Me,"nothing less, mëow mëow, Flôr",Next To Me,2021-09-24,17,109333,https://open.spotify.com/track/2SlX1CXNkk2OQSihIDJ2gW,sad
3BnYOHto9ytfW4YB8WbUpg,Human Nature,Effortless,Human Nature,2022-06-03,17,89600,https://open.spotify.com/track/3BnYOHto9ytfW4YB8WbUpg,sad
4QyfuqdLvOkWOVFudItNnM,We Are Nature,Nivla,We Are Nature,2022-04-22,16,92054,https://open.spotify.com/track/4QyfuqdLvOkWOVFudItNnM,sad
33MzHxF65mTacl3Sek4o1V,ice pick,sumthin,ice pick,2022-12-30,17,85333,https://open.spotify.com/track/33MzHxF65mTacl3Sek4o1V,sad
4CWfH6wHhyDat3Y4tmv9B7,Copacabana,Juuzou,Evening Strolls,2021-11-11,16,100909,https://open.spotify.com/track/4CWfH6wHhyDat3Y4tmv9B7,sad
2RroRoc0r1tHSOpgaosmpp,Same Destiny,Natsu,Same Destiny,2022-07-22,17,96857,https://open.spotify.com/track/2RroRoc0r1tHSOpgaosmpp,sad
5T79Dk5TfUZLd0o2EM5ehA,New Horizons,mëow mëow,New Horizons,2022-07-01,19,99000,https://open.spotify.com/track/5T79Dk5TfUZLd0o2EM5ehA,sad
50Bz2pSf2MnAAlRWbH0s60,radiant,majic,radiant,2022-02-07,16,94615,https://open.spotify.com/track/50Bz2pSf2MnAAlRWbH0s60,sad
2vJ17vkWycIKUgLTrWbhJS,Underdog,Lonely Boy,Underdog,2022-07-15,16,96585,https://open.spotify.com/track/2vJ17vkWycIKUgLTrWbhJS,sad
6jkRCzjokAQOwpt6QGRDHv,Aurora,eiji,Harmonies,2021-07-19,17,128000,https://open.spotify.com/track/6jkRCzjokAQOwpt6QGRDHv,sad
6vMW4osftRaz1VMv9tLLSO,Empty Rooms,Akasha,Empty Rooms,2022-05-06,16,89250,https://open.spotify.com/track/6vMW4osftRaz1VMv9tLLSO,sad
4Rcf6SKyDiyIeoWdqf9KUJ,in your eyes,blossom,in your eyes,2022-04-22,17,96000,https://open.spotify.com/track/4Rcf6SKyDiyIeoWdqf9KUJ,sad
0CnWK0HfpFFnTp0jVGW2Uv,chillin',yums.,chillin',2022-07-15,17,93658,https://open.spotify.com/track/0CnWK0HfpFFnTp0jVGW2Uv,sad
5nhaxYw5oxRCKWMhnkWvTN,Far Away Places,Rascal,Far Away Places,2023-02-10,16,104210,https://open.spotify.com/track/5nhaxYw5oxRCKWMhnkWvTN,sad
6LhJJfmNC8g4mrAIhkYaa5,Asteroid Blues,Komorebi,Midnight Thoughts,2020-11-16,19,118356,https://open.spotify.com/track/6LhJJfmNC8g4mrAIhkYaa5,sad
6LwUaMl35B5wbhTlPCEkHC,Gemini,her.story,I'll Be Back One Day,2021-09-09,16,87000,https://open.spotify.com/track/6LwUaMl35B5wbhTlPCEkHC,sad
6GnJeHAt6HMVnOEJZOBDGo,wool gloves,kid.,wool gloves,2021-11-29,16,112000,https://open.spotify.com/track/6GnJeHAt6HMVnOEJZOBDGo,sad
3lP19tgepMNK2C0vCXD4jJ,Any Old Time,Yowshi,Any Old Time,2023-04-01,16,84000,https://open.spotify.com/track/3lP19tgepMNK2C0vCXD4jJ,sad
6NgcbzR022d8EVJZ2AkRqd,Out of Town,Flôr,Campfire Tales,2021-10-27,17,111000,https://open.spotify.com/track/6NgcbzR022d8EVJZ2AkRqd,sad
4btMDPk3aYTGvBTEX2x6sx,Soul Mates,"Shou, Whimsical, Komorebi",Soul Mates,2021-02-19,18,124235,https://open.spotify.com/track/4btMDPk3aYTGvBTEX2x6sx,sad
6XUQDlwSgWPHwDDI7WXWFl,Ocean Waves,Klein,Ocean Waves,2022-05-13,17,90352,https://open.spotify.com/track/6XUQDlwSgWPHwDDI7WXWFl,sad
2V52KdN5xpluQNuUiLxRMw,You Got It,Wolly,You Got It,2023-02-10,16,82666,https://open.spotify.com/track/2V52KdN5xpluQNuUiLxRMw,sad
2RYGBdRVayyt6OXZ2LBxUe,Snowfall,Tashi,Snowfall,2021-07-19,17,100000,https://open.spotify.com/track/2RYGBdRVayyt6OXZ2LBxUe,sad
6E9icBAnCEMzqJ7EWlwX33,Everybody Loves Ramen,Idyllic,Beautiful Fantasy,2020-12-14,18,138666,https://open.spotify.com/track/6E9icBAnCEMzqJ7EWlwX33,sad
4ejP4zCD5eXOF6yBKXBLcz,If We Met,Dreams For Two,Crayons,2021-09-09,16,153000,https://open.spotify.com/track/4ejP4zCD5eXOF6yBKXBLcz,sad
5l9Bh5RIJgL5uH6LzAng0l,Feeling Sober,Loodwig,Conditions,2021-12-27,16,104000,https://open.spotify.com/track/5l9Bh5RIJgL5uH6LzAng0l,sad
084GUkhzZhWrghOt4XZYQm,When I Met You,Wells,When I Met You,2022-07-15,16,92093,https://open.spotify.com/track/084GUkhzZhWrghOt4XZYQm,sad
18cKtDNaafKAEP3m9YxxaE,Little Drummer Boy,just johnny,Little Drummer Boy,2021-10-27,16,92093,https://open.spotify.com/track/18cKtDNaafKAEP3m9YxxaE,sad
6beEUzFZMnOJm3lmFGo6WD,Take Me Back,"Whimsical, Komorebi, Shou",Take Me Back,2021-04-23,18,117209,https://open.spotify.com/track/6beEUzFZMnOJm3lmFGo6WD,sad
7tUBE0derO577SfOccZ0hw,don't cry,snow.,thoughts,2021-12-27,16,99000,https://open.spotify.com/track/7tUBE0derO577SfOccZ0hw,sad
3xU6Zxcc87oGnTUH0giJpo,time after time,heavn,time after time,2023-02-10,16,89600,https://open.spotify.com/track/3xU6Zxcc87oGnTUH0giJpo,sad
2ZdowI39UA6f8Dj5tBrgww,Eternal Lover,Cashmere,After Light,2021-07-19,16,97582,https://open.spotify.com/track/2ZdowI39UA6f8Dj5tBrgww,sad
1VkitKBgVZsd0lqr0U5giF,Hugs,Murmur,Hugs,2022-03-18,16,106516,https://open.spotify.com/track/1VkitKBgVZsd0lqr0U5giF,sad
72sBtufAZ0uxSzDrFXjjpO,Affection,softhead,Waves,2021-07-19,18,120000,https://open.spotify.com/track/72sBtufAZ0uxSzDrFXjjpO,sad
1bJ25F50UTdGoeiNm1eaui,Magic Carpet Ride,Dulcet,Magic Carpet Ride,2022-07-08,17,77333,https://open.spotify.com/track/1bJ25F50UTdGoeiNm1eaui,sad
6lz1Yj046Qtv1Ih12IIYhY,spoonful,saamson,spoonful,2023-03-31,16,80000,https://open.spotify.com/track/6lz1Yj046Qtv1Ih12IIYhY,sad
4LwwbBQUnwIykE9AuVq33R,Crawling,"nothing less, mëow mëow, Flôr",Crawling,2022-10-14,18,87804,https://open.spotify.com/track/4LwwbBQUnwIykE9AuVq33R,sad
1ydKQALk4qYjHzBcHETm8H,A New Chapter,Effortless,A New Chapter,2021-06-11,16,130000,https://open.spotify.com/track/1ydKQALk4qYjHzBcHETm8H,sad
4v0EGf2ZexEbkuBgRrGU77,A Trip to the City,Nivla,A Trip to the City,2022-04-01,16,98823,https://open.spotify.com/track/4v0EGf2ZexEbkuBgRrGU77,sad
6XPV6N7OD9A2tSQQXRj1ia,wake me up,sumthin,wake me up,2022-07-15,16,96585,https://open.spotify.com/track/6XPV6N7OD9A2tSQQXRj1ia,sad
7LpyLS3TyHOf1VjVxF1kul,Hillside,Juuzou,Evening Strolls,2021-11-11,16,100909,https://open.spotify.com/track/7LpyLS3TyHOf1VjVxF1kul,sad
2Wta8Ei2zXx2iryWhtxBul,Harbor,Natsu,Harbor,2022-04-04,16,93176,https://open.spotify.com/track/2Wta8Ei2zXx2iryWhtxBul,sad
52a4rzZ0bOk2OfVawjiNVC,Navigators,mëow mëow,Navigators,2022-06-03,16,88615,https://open.spotify.com/track/52a4rzZ0bOk2OfVawjiNVC,sad
1xcfZ9Wvy4O1hKMEMpILzJ,morning dew,majic,radiant,2022-02-07,16,94285,https://open.spotify.com/track/1xcfZ9Wvy4O1hKMEMpILzJ,sad
3E5K60eH19dzW7KwBWmDvW,1 Dollar Bill,Lonely Boy,1 Dollar Bill,2022-05-20,16,94285,https://open.spotify.com/track/3E5K60eH19dzW7KwBWmDvW,sad
2RxHTu46NF5sOqhtavLL1u,Luving U,"eiji, Dreams For Two, just johnny",Calling My Phone,2021-06-11,16,106666,https://open.spotify.com/track/2RxHTu46NF5sOqhtavLL1u,sad
272TW0C0kSpd57DEqcAxBl,Out of Time,Akasha,Out of Time,2022-04-15,16,101647,https://open.spotify.com/track/272TW0C0kSpd57DEqcAxBl,sad
0DqEQNQP58m9jYoiUpYj5N,au revoir,blossom,still young,2022-02-07,16,91250,https://open.spotify.com/track/0DqEQNQP58m9jYoiUpYj5N,sad
5cKyPYI20Z0NIC1O65ZXxw,embers,yums.,pathways,2023-09-06,15,69818,https://open.spotify.com/track/5cKyPYI20Z0NIC1O65ZXxw,sad
4WgKLSx8aimdJERmMToSrL,Good Time,Rascal,Good Time,2022-07-15,16,98999,https://open.spotify.com/track/4WgKLSx8aimdJERmMToSrL,sad
3Cxr6JFgfsDlTpFvLjGiEk,Sliding Doors,"Komorebi, Shou, Idyllic",Sliding Doors,2021-04-23,19,129229,https://open.spotify.com/track/3Cxr6JFgfsDlTpFvLjGiEk,sad
2jRS8ieRWdQaPrjsK7gQbt,Homebound,her.story,Homebound,2022-06-03,17,92181,https://open.spotify.com/track/2jRS8ieRWdQaPrjsK7gQbt,sad
1F6CDd9cPc3CaKdMVrGFCQ,in the falling dark,kid.,in the falling dark,2022-10-28,18,87272,https://open.spotify.com/track/1F6CDd9cPc3CaKdMVrGFCQ,sad
5L0m9cZhNooE0E0LDk7s6f,Call Me,Yowshi,Call Me,2023-03-31,16,85333,https://open.spotify.com/track/5L0m9cZhNooE0E0LDk7s6f,sad
3taDrE10xsJP6gfrpHnBr3,Cloud Castle,Flôr,From Dusk Till Dawn,2021-07-19,16,113142,https://open.spotify.com/track/3taDrE10xsJP6gfrpHnBr3,sad
2kJSIgZfs3k8obv5hHXEtZ,Before Sunset,"Shou, Whimsical, Komorebi",Before Sunset,2021-03-19,17,120000,https://open.spotify.com/track/2kJSIgZfs3k8obv5hHXEtZ,sad
0eOlem5FmUtdSfSAWtrBRB,Until Dawn,Klein,Through The Fields,2022-02-07,16,99000,https://open.spotify.com/track/0eOlem5FmUtdSfSAWtrBRB,sad
3rqPRtCKaQjiZUBC92uYGc,Inca Roads,Wolly,Inca Roads,2022-12-30,21,96000,https://open.spotify.com/track/3rqPRtCKaQjiZUBC92uYGc,sad
1bnPMcp3bT4OzG3VNAqLVn,Come Around,Tashi,Vibes,2021-10-27,16,98666,https://open.spotify.com/track/1bnPMcp3bT4OzG3VNAqLVn,sad
4IZ2rWTNq3Epsle01hHEau,Don't Say Goodbye,"Idyllic, Komorebi, Shou",Don't Say Goodbye,2021-02-19,17,116000,https://open.spotify.com/track/4IZ2rWTNq3Epsle01hHEau,sad
39AnuEhdqIS0YvdpZiYAG4,Precious Heart,Dreams For Two,Bliss,2021-07-19,16,149268,https://open.spotify.com/track/39AnuEhdqIS0YvdpZiYAG4,sad
6jgG3ezAf3lHJfZJEefxVz,Float and Flutter,Loodwig,Falling,2022-02-07,16,111529,https://open.spotify.com/track/6jgG3ezAf3lHJfZJEefxVz,sad
3mZu8WoUDM5jauz1zjlGGk,Play Together,Wells,Distant Dreams,2023-09-08,16,82285,https://open.spotify.com/track/3mZu8WoUDM5jauz1zjlGGk,sad
1LZMjHboXQs1sIRXseh39G,Picture Of You,"just johnny, her.story, eiji",Picture Of You,2022-10-14,18,102400,https://open.spotify.com/track/1LZMjHboXQs1sIRXseh39G,sad
5KE3NjzM0LsjhPzdimW7my,I'm Home,Whimsical,Bread Crumbs,2020-12-04,20,120000,https://open.spotify.com/track/5KE3NjzM0LsjhPzdimW7my,sad
0RHAfdOOomKV2LUniZcP8x,never leave her,snow.,thoughts,2021-12-27,17,103255,https://open.spotify.com/track/0RHAfdOOomKV2LUniZcP8x,sad
5isXeuf4PNe7QgFp1vXREB,sunset lover,heavn,sunset lover,2022-07-15,16,92530,https://open.spotify.com/track/5isXeuf4PNe7QgFp1vXREB,sad
4hhEbi8SKmHSvQJavtYhpO,Sunday Mood,Cashmere,Bumpin',2021-06-11,17,94945,https://open.spotify.com/track/4hhEbi8SKmHSvQJavtYhpO,sad
7E0O0ZIjzjxxQwMxLyTRt4,Teardrops,Murmur,Veraneo,2022-02-07,16,105600,https://open.spotify.com/track/7E0O0ZIjzjxxQwMxLyTRt4,sad
6qEBqM5zfk8v8iC4hSl0ad,I Wonder,"softhead, nothing less, mëow mëow",I Wonder,2022-10-21,18,87750,https://open.spotify.com/track/6qEBqM5zfk8v8iC4hSl0ad,sad
6KStO2YZIkuVNtydflvoDH,Duality,Dulcet,Duality,2022-11-25,19,85333,https://open.spotify.com/track/6KStO2YZIkuVNtydflvoDH,sad
3v9fJWLVmAGzLwccD4vfbg,everything flows,saamson,everything flows,2023-03-31,15,91216,https://open.spotify.com/track/3v9fJWLVmAGzLwccD4vfbg,sad
1BoxURgiKflqL00Mm7Brao,Miss You,nothing less,Miss You,2022-04-29,16,109714,https://open.spotify.com/track/1BoxURgiKflqL00Mm7Brao,sad
7bWuVFV8av4FhRUFKISOwF,Folded Notes,Effortless,Lonesome Moments,2022-02-07,16,93176,https://open.spotify.com/track/7bWuVFV8av4FhRUFKISOwF,sad
1AxeLVczUXWktipeUI0Y7Y,Same Old Song,Nivla,Take Me There,2022-02-07,16,105000,https://open.spotify.com/track/1AxeLVczUXWktipeUI0Y7Y,sad
0fhGq410K7iMeNdZViZp4v,another love,sumthin,call me when ur lonely,2023-09-08,15,73333,https://open.spotify.com/track/0fhGq410K7iMeNdZViZp4v,sad
6RP74Cn34oJwarBoNOg9qy,Her Story,Juuzou,Evening Strolls,2021-11-11,16,104470,https://open.spotify.com/track/6RP74Cn34oJwarBoNOg9qy,sad
4Tm3up1uzqSB1fWLX9pa5c,Pale Moon,Natsu,Hometown,2021-06-11,17,102857,https://open.spotify.com/track/4Tm3up1uzqSB1fWLX9pa5c,sad
0JFa465UluHQ9ohD5DmFhW,Bayside,mëow mëow,Bayside,2022-05-06,16,107076,https://open.spotify.com/track/0JFa465UluHQ9ohD5DmFhW,sad
5A3KyzpFMJpwMn7yBCrp5S,thunder,majic,thunder,2022-04-22,16,96000,https://open.spotify.com/track/5A3KyzpFMJpwMn7yBCrp5S,sad
61PvUuzddloozh0JWTKxyz,SOS,Lonely Boy,SOS,2024-03-18,15,74666,https://open.spotify.com/track/61PvUuzddloozh0JWTKxyz,sad
6jdfilxLAE7gtbA4J767ba,Dusk in Paris,eiji,Dusk in Paris,2022-03-18,16,83294,https://open.spotify.com/track/6jdfilxLAE7gtbA4J767ba,sad
4FRqAyBqIuBI8VeraNqSEd,Frozen Trees,Akasha,Slow Motion,2022-02-07,16,99200,https://open.spotify.com/track/4FRqAyBqIuBI8VeraNqSEd,sad
7LxBTf9dKD3KqzWqqGTtdJ,gratitude,blossom,charms,2021-11-08,17,114000,https://open.spotify.com/track/7LxBTf9dKD3KqzWqqGTtdJ,sad
5rDSAEAIqpN0IvEltVBHjN,spin again,yums.,wild & free,2023-05-19,15,76800,https://open.spotify.com/track/5rDSAEAIqpN0IvEltVBHjN,sad
48F0oVG6wlDXTszX0GuVWj,Slowly Slowly,Rascal,Slowly Slowly,2022-06-17,17,94208,https://open.spotify.com/track/48F0oVG6wlDXTszX0GuVWj,sad
3zUPEfda1zsGBQ8ODoJozL,Keyframe,"Komorebi, Whimsical, Shou",Keyframe,2021-04-02,20,120000,https://open.spotify.com/track/3zUPEfda1zsGBQ8ODoJozL,sad
1R0xPI4Z5a1DXYIMkZ5wwX,Peaceful Sunset,her.story,Peaceful Sunset,2022-03-25,16,95250,https://open.spotify.com/track/1R0xPI4Z5a1DXYIMkZ5wwX,sad
3VGUukQzGkEYNgPLyv6eja,sometimes...,kid.,blue,2021-11-08,16,96000,https://open.spotify.com/track/3VGUukQzGkEYNgPLyv6eja,sad
3R68EVy0jkEm1DvSOPvSqt,Feels Like Today,Yowshi,Feels Like Today,2023-03-31,17,82285,https://open.spotify.com/track/3R68EVy0jkEm1DvSOPvSqt,sad
5a7OAWdytAOXeVOxmVPVhX,Cinderella,Flôr,Cinderella,2021-05-20,19,129332,https://open.spotify.com/track/5a7OAWdytAOXeVOxmVPVhX,sad
6dyk1Skh9DO8UKRZaKbMCI,Summer Echoes,"Shou, Whimsical, Idyllic",Summer Echoes,2021-04-23,18,138857,https://open.spotify.com/track/6dyk1Skh9DO8UKRZaKbMCI,sad
1VUBioKoX4n7mW4bxlddRl,Horizons,Klein,Horizons,2022-04-01,16,100500,https://open.spotify.com/track/1VUBioKoX4n7mW4bxlddRl,sad
7MdNpnz8I3FupunUDdNTKe,Luminescence,Wolly,Luminescence,2022-05-20,17,93176,https://open.spotify.com/track/7MdNpnz8I3FupunUDdNTKe,sad
1U4hcHyCmjzlT6wpU3EHlS,Crusher,Tashi,Vibes,2021-10-27,16,98666,https://open.spotify.com/track/1U4hcHyCmjzlT6wpU3EHlS,sad
2gCjEYubId7k7Y25ACjtOy,Snake Charmer,Idyllic,Beautiful Fantasy,2020-12-14,16,117142,https://open.spotify.com/track/2gCjEYubId7k7Y25ACjtOy,sad
0GFA6bHVK20eKExfoHOIjU,Without You,Dreams For Two,Late Night Feelings,2021-10-27,16,104470,https://open.spotify.com/track/0GFA6bHVK20eKExfoHOIjU,sad
7D9ES9yJ2sfwxMWMJytW0T,In Dreams,Loodwig,In Dreams,2022-11-25,18,85333,https://open.spotify.com/track/7D9ES9yJ2sfwxMWMJytW0T,sad
7xUl7PROBkjW5TQ88NowPl,Three Days,Wells,Three Days,2023-05-05,15,84000,https://open.spotify.com/track/7xUl7PROBkjW5TQ88NowPl,sad
7yCph6GTNYeuoxPZZI6QOg,Home For The Holidays,just johnny,Little Drummer Boy,2021-10-27,16,105333,https://open.spotify.com/track/7yCph6GTNYeuoxPZZI6QOg,sad
1bUrs1J4zdjiLmvsuIIas1,Goodbye for Now,Whimsical,Bread Crumbs,2020-12-04,16,130666,https://open.spotify.com/track/1bUrs1J4zdjiLmvsuIIas1,sad
0LRNKdcO7wx7vqM41zbxib,westside,snow.,reminded,2024-05-30,16,89600,https://open.spotify.com/track/0LRNKdcO7wx7vqM41zbxib,sad
4d34ODLWVccI1vkt4u55Ar,stolen dance,heavn,lazy games,2023-07-24,15,65640,https://open.spotify.com/track/4d34ODLWVccI1vkt4u55Ar,sad
5FShbJ1a3qTqOx5OQvITS8,Ohio,Cashmere,Ohio,2021-05-20,16,98064,https://open.spotify.com/track/5FShbJ1a3qTqOx5OQvITS8,sad
0aDSBM2LRA7ccGgnZL114z,French Riviera,"Murmur, Akasha, Natsu",French Riviera,2021-04-30,16,113142,https://open.spotify.com/track/0aDSBM2LRA7ccGgnZL114z,sad
7JaEh4ZF3zB1JV9jxU5dNJ,Everyting You Say,softhead,Underwater Serenade,2021-10-27,16,99310,https://open.spotify.com/track/7JaEh4ZF3zB1JV9jxU5dNJ,sad
00bRjo5PU7hpqkMWdaMOOt,Sleep Talking,Dulcet,Sidewalks,2021-11-08,16,109333,https://open.spotify.com/track/00bRjo5PU7hpqkMWdaMOOt,sad
74cFM8pmPU9eg7YSp4zHka,lost together,saamson,lost together,2023-03-10,16,96000,https://open.spotify.com/track/74cFM8pmPU9eg7YSp4zHka,sad
4xDT1YUnLcrfS8BTOKbW3q,Sad All The Time,nothing less,Lovers Don't Say Goodbye,2021-10-27,16,165333,https://open.spotify.com/track/4xDT1YUnLcrfS8BTOKbW3q,sad
73RhSPghS4jaXybmYJH7zI,Say Nothing,Effortless,Showtime,2024-03-15,15,82285,https://open.spotify.com/track/73RhSPghS4jaXybmYJH7zI,sad
1Kbu1walUSmU8q2dEvfYCH,Until Tomorrow,Nivla,Until Tomorrow,2021-12-27,16,96000,https://open.spotify.com/track/1Kbu1walUSmU8q2dEvfYCH,sad
3BiVYkjN5999zeWMpssG7n,whispering,sumthin,offshore,2023-05-19,15,84000,https://open.spotify.com/track/3BiVYkjN5999zeWMpssG7n,sad
4XwGd3T496IJ1GQLzd88JT,Playing,Juuzou,The Place We Used To Go,2021-12-03,16,100689,https://open.spotify.com/track/4XwGd3T496IJ1GQLzd88JT,sad
7IVJKXQAdcClMadrZoLreE,Lost In Your Eyes,Natsu,Lost In Your Eyes,2022-03-18,16,112000,https://open.spotify.com/track/7IVJKXQAdcClMadrZoLreE,sad
2Kg6c3iH2ojfX0WwS3uoLD,City Nights,mëow mëow,City Nights,2022-03-25,16,96000,https://open.spotify.com/track/2Kg6c3iH2ojfX0WwS3uoLD,sad
5Tt2WkklYXhT4M7mQPdDs6,midnight sessions,majic,radiant,2022-02-07,16,113142,https://open.spotify.com/track/5Tt2WkklYXhT4M7mQPdDs6,sad
5lrpJRNwZCzLBlcFrgqUee,Safely,Lonely Boy,Wonders,2023-09-06,15,96000,https://open.spotify.com/track/5lrpJRNwZCzLBlcFrgqUee,sad
5BEUrVvx2wRHMxEHG0bpX8,Tears,eiji,Faster Than Night,2021-10-27,16,104615,https://open.spotify.com/track/5BEUrVvx2wRHMxEHG0bpX8,sad
4SjgxdGuDWpy5GfxdX5msT,Dancing Alone,Akasha,Lone Rider,2021-06-11,16,79090,https://open.spotify.com/track/4SjgxdGuDWpy5GfxdX5msT,sad
2anTujyuCYXN2HX0lxfGm5,about you...,blossom,pressure,2021-12-27,16,98823,https://open.spotify.com/track/2anTujyuCYXN2HX0lxfGm5,sad
7DgXNQ8xfkdC4cDrIL7qgu,babylon,yums.,babylon,2023-03-31,16,79058,https://open.spotify.com/track/7DgXNQ8xfkdC4cDrIL7qgu,sad
4l9jZIXv1MlZtjnoyEdNBI,7 am,Rascal,7 am,2022-05-20,16,94285,https://open.spotify.com/track/4l9jZIXv1MlZtjnoyEdNBI,sad
6D4znmHkB2OuHrba75ioeE,Flower Boy,Komorebi,Midnight Thoughts,2020-11-16,17,154482,https://open.spotify.com/track/6D4znmHkB2OuHrba75ioeE,sad
1vvtKCjqlf4QNtgWZJ9N6S,Tears For Later,her.story,Papercuts,2021-10-27,16,102857,https://open.spotify.com/track/1vvtKCjqlf4QNtgWZJ9N6S,sad
6WnIN0QjBEmsdZkskxlTWD,in love with you,kid.,in love with you,2022-04-01,16,114000,https://open.spotify.com/track/6WnIN0QjBEmsdZkskxlTWD,sad
43iXnLGKivilmhoqJpHotu,Song For A Winter's Day,Yowshi,Song For A Winter's Day,2023-03-10,16,74666,https://open.spotify.com/track/43iXnLGKivilmhoqJpHotu,sad
6EaDhb5O2F3b9f2JCgX5ii,No More,Flôr,No More,2023-04-14,19,76800,https://open.spotify.com/track/6EaDhb5O2F3b9f2JCgX5ii,sad
5ZHuyElbf1I3yNHK1MYeVJ,Star Traveller,Shou,Digital Dreams,2020-11-19,17,133953,https://open.spotify.com/track/5ZHuyElbf1I3yNHK1MYeVJ,sad
2DsOWXwobptGCbIk3h0dLK,Memories Of You...,Klein,Memories Of You...,2021-11-29,16,116000,https://open.spotify.com/track/2DsOWXwobptGCbIk3h0dLK,sad
5Nyd2RGZicwF8qBxy2rgce,Coyote,Wolly,Coyote,2025-05-26,14,90000,https://open.spotify.com/track/5Nyd2RGZicwF8qBxy2rgce,sad
60OO1nfCrshtFUjtxzXbwI,Far Away,"Tashi, Cashmere",Snowfall,2021-07-19,16,104680,https://open.spotify.com/track/60OO1nfCrshtFUjtxzXbwI,sad
1LqzGzXbbACe015fKzCsax,After Hours,"Idyllic, Komorebi, Shou",After Hours,2021-03-19,19,111000,https://open.spotify.com/track/1LqzGzXbbACe015fKzCsax,sad
1lZGQ1VdCE7yUHTP0jmDXT,Phonecalls,Dreams For Two,Till Forever Falls Apart,2021-06-11,15,123000,https://open.spotify.com/track/1lZGQ1VdCE7yUHTP0jmDXT,sad
3zQ3zx5uTrbZaKKIkU50Xs,New Places,Loodwig,New Places,2022-04-01,16,93176,https://open.spotify.com/track/3zQ3zx5uTrbZaKKIkU50Xs,sad
44tr8FVFrj7t86n2alZQFz,Side Effects,Wells,Looping,2023-05-19,15,76800,https://open.spotify.com/track/44tr8FVFrj7t86n2alZQFz,sad
1SsvUOsKvzPIHE1fqQd8BL,Night Owls,just johnny,Fireflies,2021-06-11,16,113142,https://open.spotify.com/track/1SsvUOsKvzPIHE1fqQd8BL,sad
6ATTQ1Tcol21wYNPai0YtR,Poppies,"Whimsical, Shou, Idyllic",Poppies,2021-02-19,16,106829,https://open.spotify.com/track/6ATTQ1Tcol21wYNPai0YtR,sad
3XRFAtD5GNQt3MJ8FGisUM,sanctuary,snow.,sanctuary,2022-10-28,21,106666,https://open.spotify.com/track/3XRFAtD5GNQt3MJ8FGisUM,sad
6UJHqku5OHZ9GwtRoKeRhm,in the morning,heavn,in the morning,2023-09-08,15,72000,https://open.spotify.com/track/6UJHqku5OHZ9GwtRoKeRhm,sad
098cHtevlRub53O3wXxQEj,Forget To Forget You,Cashmere,Bumpin',2021-06-11,15,98181,https://open.spotify.com/track/098cHtevlRub53O3wXxQEj,sad
2rw8xgLD2NgCTJ1Z3zPEBU,Floating Between,Murmur,Veraneo,2022-02-07,16,101333,https://open.spotify.com/track/2rw8xgLD2NgCTJ1Z3zPEBU,sad
0OE4IC9mhUBQYLDrv8XSPl,Feed The Streets,softhead,Night Sounds,2021-06-11,16,109333,https://open.spotify.com/track/0OE4IC9mhUBQYLDrv8XSPl,sad
4ptN3ybrKaU1Q9lFQbuIhm,In This Moment,Dulcet,City Lights,2021-11-29,16,99428,https://open.spotify.com/track/4ptN3ybrKaU1Q9lFQbuIhm,sad
1AtvbVRns71mXfrWo3WAwG,crossover,saamson,crossover,2022-12-30,17,109714,https://open.spotify.com/track/1AtvbVRns71mXfrWo3WAwG,sad
50tfRoV5FVF53ZYEOkIoUI,Together Forever,nothing less,Together Forever,2021-06-11,16,102000,https://open.spotify.com/track/50tfRoV5FVF53ZYEOkIoUI,sad
3RL9nwJPSBAq8Rku7liMoG,Silk Lips,Effortless,Lonesome Moments,2022-02-07,16,98313,https://open.spotify.com/track/3RL9nwJPSBAq8Rku7liMoG,sad
3RQqP7mvTSWRwPGyE4vNXH,Stars Don't Shine,Nivla,Until Tomorrow,2021-12-27,16,115200,https://open.spotify.com/track/3RQqP7mvTSWRwPGyE4vNXH,sad
1tg9UsniDYjlVssIdDLof1,letters,sumthin,letters,2023-03-31,16,93000,https://open.spotify.com/track/1tg9UsniDYjlVssIdDLof1,sad
5Ny9Nwl0NLFkQ6lDbQeNOP,Shimmer,Juuzou,Evening Strolls,2021-11-11,16,102068,https://open.spotify.com/track/5Ny9Nwl0NLFkQ6lDbQeNOP,sad
5opXwVEniDI40XqAc1vO4H,Autumn Lies,Natsu,Adrift,2022-02-07,16,109500,https://open.spotify.com/track/5opXwVEniDI40XqAc1vO4H,sad
4OA8YVkoyAmEsHJqQvFqi1,Whispers,mëow mëow,Lotus,2021-10-27,16,98108,https://open.spotify.com/track/4OA8YVkoyAmEsHJqQvFqi1,sad
1A82j2xhpxdd4eQcrOmwxH,romantics,majic,moonboy,2021-11-08,16,108500,https://open.spotify.com/track/1A82j2xhpxdd4eQcrOmwxH,sad
3SAOt4OSvVWb3cI56fkCyG,Cold Blooded,Lonely Boy,One Of Us,2023-05-19,15,72000,https://open.spotify.com/track/3SAOt4OSvVWb3cI56fkCyG,sad
0HXlT4OypZJrnPEI0knq66,Smokin' Love,eiji,Harmonies,2021-07-19,16,87000,https://open.spotify.com/track/0HXlT4OypZJrnPEI0knq66,sad
1GANlzLgYfBCAquSfbvfKL,Summer Moon,Akasha,Summer Moon,2022-03-25,16,108333,https://open.spotify.com/track/1GANlzLgYfBCAquSfbvfKL,sad
0gT6WcpiqsI5sNIDKulqqt,still young,blossom,still young,2022-02-07,16,96000,https://open.spotify.com/track/0gT6WcpiqsI5sNIDKulqqt,sad
6oAGQA2iIXlo5A3fsAH26q,personality,yums.,personality,2023-03-31,16,67764,https://open.spotify.com/track/6oAGQA2iIXlo5A3fsAH26q,sad
7xwZCRsl8FwVnk7NU7MSAP,Waltz Up,Rascal,Until Tomorrow,2023-07-24,15,79058,https://open.spotify.com/track/7xwZCRsl8FwVnk7NU7MSAP,sad
4L5N4gitymeTfQwOFI5P76,Twisted Fate,Komorebi,Midnight Thoughts,2020-11-16,17,145945,https://open.spotify.com/track/4L5N4gitymeTfQwOFI5P76,sad
1TngDwddAvsRn2790TetLw,End Of the Road,her.story,Papercuts,2021-10-27,16,96000,https://open.spotify.com/track/1TngDwddAvsRn2790TetLw,sad
3OFi549uhqfojuVMZSBBNb,swervin,kid.,nuages,2022-02-07,16,109500,https://open.spotify.com/track/3OFi549uhqfojuVMZSBBNb,sad
25avUAi43uTjNMEoL5GdD9,The City,Yowshi,The City,2022-11-04,16,94285,https://open.spotify.com/track/25avUAi43uTjNMEoL5GdD9,sad
6V9bqSpy5kcte7YIoFmOw7,Beside You,Flôr,Beside You,2022-11-11,17,94285,https://open.spotify.com/track/6V9bqSpy5kcte7YIoFmOw7,sad
1iJeOkC8g2xWi7yXKbQzYY,Honey,Shou,Honey,2022-03-25,17,112771,https://open.spotify.com/track/1iJeOkC8g2xWi7yXKbQzYY,sad
3cSnW5I7CibSvjz9IZUxvd,Bright Moments,Klein,Bright Moments,2023-04-28,18,99740,https://open.spotify.com/track/3cSnW5I7CibSvjz9IZUxvd,sad
0NiN2P7TW6Gz190S7bP9TD,Dark Imagination,Wolly,Honey,2023-09-06,15,82285,https://open.spotify.com/track/0NiN2P7TW6Gz190S7bP9TD,sad
79mZ4x8MTlddFzh2RKmTha,Grace,"Tashi, Cashmere",Roots,2021-06-11,16,92727,https://open.spotify.com/track/79mZ4x8MTlddFzh2RKmTha,sad
6MuK4KZNqGcPRAfUwDpZ4c,Over You,"Idyllic, Whimsical, Komorebi",Over You,2021-04-23,18,120000,https://open.spotify.com/track/6MuK4KZNqGcPRAfUwDpZ4c,sad
3G7iQdr9ssjDF3AlXvtrMg,Presence,Dreams For Two,Weird World,2024-03-06,15,74666,https://open.spotify.com/track/3G7iQdr9ssjDF3AlXvtrMg,sad
0oOw44QQBIFVQAewtE36Zv,Who Knows?,Loodwig,Conditions,2021-12-27,16,98666,https://open.spotify.com/track/0oOw44QQBIFVQAewtE36Zv,sad
5ImHq0iiMcDLqFkiBF8SMK,Love's Theme,Wells,Love's Theme,2023-03-31,16,74666,https://open.spotify.com/track/5ImHq0iiMcDLqFkiBF8SMK,sad
3H5GDAGTSbA7Pt2O9oL0TZ,Summer Wind,just johnny,Fireflies,2021-06-11,18,117000,https://open.spotify.com/track/3H5GDAGTSbA7Pt2O9oL0TZ,sad
4LA6Y0uywxiX7fkRCfJHMT,Somewhere New,"Whimsical, Shou, Idyllic",Somewhere New,2021-03-19,17,113142,https://open.spotify.com/track/4LA6Y0uywxiX7fkRCfJHMT,sad
4D93gC05SMri7tpaoiX6DI,higher,snow.,higher,2022-05-13,16,84657,https://open.spotify.com/track/4D93gC05SMri7tpaoiX6DI,sad
17hMAKatHCkI31rvsvOpGU,anchor man,heavn,in the morning,2023-09-08,15,73846,https://open.spotify.com/track/17hMAKatHCkI31rvsvOpGU,sad
3eIHlqBt7ehGfBgAfzJZ1y,A Better Chance,"Cashmere, Tashi",Bumpin',2021-06-11,16,100465,https://open.spotify.com/track/3eIHlqBt7ehGfBgAfzJZ1y,sad
0nTDWTsJT3AnPm4MrGLTKE,Winter Days,Murmur,Reminders,2021-06-11,19,133333,https://open.spotify.com/track/0nTDWTsJT3AnPm4MrGLTKE,sad
19P7P9PdkVMojDdqor15mE,Perpetual,softhead,Underwater Serenade,2021-10-27,16,109333,https://open.spotify.com/track/19P7P9PdkVMojDdqor15mE,sad
1yMDMKfqSy7b9hz6OrUbRZ,Vintage,Dulcet,Vintage,2022-04-01,16,110250,https://open.spotify.com/track/1yMDMKfqSy7b9hz6OrUbRZ,sad
4ycf5iv4VS4B4PCcgXznWk,cripple creek,saamson,cripple creek,2022-11-04,17,93176,https://open.spotify.com/track/4ycf5iv4VS4B4PCcgXznWk,sad
23YhcfJXhF3MyTdEjBPlJr,Pretend Goodbye,nothing less,Lovers Don't Say Goodbye,2021-10-27,17,110561,https://open.spotify.com/track/23YhcfJXhF3MyTdEjBPlJr,sad
0BYgyihneHbwHDKMm6OGyX,End of Winter,"Effortless, Murmur, Akasha",End of Winter,2021-04-30,16,107294,https://open.spotify.com/track/0BYgyihneHbwHDKMm6OGyX,sad
61ywTPbytJPL0Cx3mzAdZF,Used To Be Lonely,Nivla,Rivers and Roads,2021-11-29,16,114750,https://open.spotify.com/track/61ywTPbytJPL0Cx3mzAdZF,sad
3A9dRWSTy3L568BeQlYa5S,west 22nd street,sumthin,west 22nd street,2023-03-31,16,72911,https://open.spotify.com/track/3A9dRWSTy3L568BeQlYa5S,sad
4ZawcNs2fDeJYe6nx8kQWD,Spaces,Juuzou,Evening Strolls,2021-11-11,16,102068,https://open.spotify.com/track/4ZawcNs2fDeJYe6nx8kQWD,sad
4mxm3JfaTPsnvK8lWVnJrD,After You,"Natsu, Effortless, Murmur",After You,2021-06-11,16,109333,https://open.spotify.com/track/4mxm3JfaTPsnvK8lWVnJrD,sad
2Bz48A2kHYTzNYIiOcYpMn,Quite Place,mëow mëow,Lotus,2021-10-27,16,99200,https://open.spotify.com/track/2Bz48A2kHYTzNYIiOcYpMn,sad
3VA6w6TJiLr3PcvPcCObN3,after rain,majic,moonboy,2021-11-08,16,102400,https://open.spotify.com/track/3VA6w6TJiLr3PcvPcCObN3,sad
6BGKJVKkUxh11RIE9FUSax,Juicy,Lonely Boy,Juicy,2023-03-31,15,89256,https://open.spotify.com/track/6BGKJVKkUxh11RIE9FUSax,sad
70PasHok2gA28XuYUxDeP5,"Midnight, Somewhere",eiji,Calling My Phone,2021-06-11,17,138352,https://open.spotify.com/track/70PasHok2gA28XuYUxDeP5,sad
0z3W5YN2hKCDCTxVfAAbhW,Quarantine Beat,"Akasha, Murmur, Natsu",Quarantine Beat,2021-05-28,16,109333,https://open.spotify.com/track/0z3W5YN2hKCDCTxVfAAbhW,sad
3xE8AEa8iitUE4mKMDQlyk,tales,blossom,tales,2022-04-01,16,93000,https://open.spotify.com/track/3xE8AEa8iitUE4mKMDQlyk,sad
1L7gZTQZPMkb3sqqdKbtmJ,twilight time,yums.,twilight time,2023-02-10,16,86400,https://open.spotify.com/track/1L7gZTQZPMkb3sqqdKbtmJ,sad
5huhLa7yEQxOSdN4PdjF4Y,Enchanted Evening,Rascal,Enchanted Evening,2022-11-04,18,98999,https://open.spotify.com/track/5huhLa7yEQxOSdN4PdjF4Y,sad
6NK7s7xyjhsX7FPpBKb50A,Midnight Thoughts,Komorebi,Midnight Thoughts,2020-11-16,17,147200,https://open.spotify.com/track/6NK7s7xyjhsX7FPpBKb50A,sad
6LnWqxWXxrx29ZcXLUsiIj,Papercuts,her.story,Papercuts,2021-10-27,17,112000,https://open.spotify.com/track/6LnWqxWXxrx29ZcXLUsiIj,sad
10IvJt05f0KeM1shIMJR2m,peppermint,kid.,blue,2021-11-08,16,121739,https://open.spotify.com/track/10IvJt05f0KeM1shIMJR2m,sad
6CR8lZVb1LqucoqfyTI9ae,Woods of Love,Yowshi,Woods of Love,2022-05-20,16,92093,https://open.spotify.com/track/6CR8lZVb1LqucoqfyTI9ae,sad
4QXxPOsLp7pCLkKTP82a25,3 Am,Flôr,From Dusk Till Dawn,2021-07-19,16,105600,https://open.spotify.com/track/4QXxPOsLp7pCLkKTP82a25,sad
1UWPpmeIw7jorX4rAII27O,Stay Around,"Shou, Komorebi, Idyllic",Stay Around,2021-04-02,18,121411,https://open.spotify.com/track/1UWPpmeIw7jorX4rAII27O,sad
73nU2qUfJuEh5MUixx8nj4,Have I Told You Lately?,Klein,Have I Told You Lately?,2022-07-08,17,90000,https://open.spotify.com/track/73nU2qUfJuEh5MUixx8nj4,sad
5TazKVYTGo1GhjvwM09Fy8,Wolly's Dream,Wolly,Love,2023-07-24,15,76800,https://open.spotify.com/track/5TazKVYTGo1GhjvwM09Fy8,sad
5lDLGOfaqAGu4ffNGAiwZ6,Lunatic,Tashi,Lunatic,2022-03-18,18,93176,https://open.spotify.com/track/5lDLGOfaqAGu4ffNGAiwZ6,sad
1aqn7d6qpTijTZbWVKEKKk,Dark Blues,"Idyllic, Shou, Whimsical",Dark Blues,2021-04-02,16,147945,https://open.spotify.com/track/1aqn7d6qpTijTZbWVKEKKk,sad
5J9c1In9AafzEqc4SGJF6d,Love Shack,"Dreams For Two, just johnny, her.story",Love Shack,2022-10-21,17,83035,https://open.spotify.com/track/5J9c1In9AafzEqc4SGJF6d,sad
5tsYFbdyyMNrbtRUwpnFB4,Embrace,Loodwig,Falling,2022-02-07,16,102000,https://open.spotify.com/track/5tsYFbdyyMNrbtRUwpnFB4,sad
5kVo1BrVHHR2a31I8bGLUU,My Old Flame,Wells,My Old Flame,2023-03-31,15,76363,https://open.spotify.com/track/5kVo1BrVHHR2a31I8bGLUU,sad
2a9fAp3wxAwtuUhH2bFAZD,Breathe Easy,just johnny,Breathe Easy,2021-05-20,16,117142,https://open.spotify.com/track/2a9fAp3wxAwtuUhH2bFAZD,sad
6SQYjyW6xszrimG6rRMb8n,Yesterday,"Whimsical, Idyllic, Komorebi",Yesterday,2021-02-26,16,132134,https://open.spotify.com/track/6SQYjyW6xszrimG6rRMb8n,sad
42sjVjWGYLyJI9SeN3ouwp,dancing,snow.,dancing,2022-04-01,16,100263,https://open.spotify.com/track/42sjVjWGYLyJI9SeN3ouwp,sad
5ctntBIdiXJghAMUCJiwtK,dark keys,heavn,dark keys,2023-03-31,16,92250,https://open.spotify.com/track/5ctntBIdiXJghAMUCJiwtK,sad
1nFoVcIF0NZSuMOmMB2fke,After Light,"Cashmere, Tashi",After Light,2021-07-19,17,98666,https://open.spotify.com/track/1nFoVcIF0NZSuMOmMB2fke,sad
5TvBk6DxqONqHXFjKLBann,Summer Nights,Murmur,Reminders,2021-06-11,16,117209,https://open.spotify.com/track/5TvBk6DxqONqHXFjKLBann,sad
2nM0kny7cktay3R3ojMIYl,Frameworks,softhead,Underwater Serenade,2021-10-27,16,99512,https://open.spotify.com/track/2nM0kny7cktay3R3ojMIYl,sad
0LKZFqvleH3k6dv3ChVuJ5,Ballad Of The Streets,Dulcet,City Lights,2021-11-29,16,106666,https://open.spotify.com/track/0LKZFqvleH3k6dv3ChVuJ5,sad
5bTDsFfDwjOtPRbzYh5MZD,fire and rain,saamson,fire and rain,2022-10-07,17,89250,https://open.spotify.com/track/5bTDsFfDwjOtPRbzYh5MZD,sad
4KE4QUVn3QLWJPXPaJC7Ax,Love Lost,nothing less,Lovers Don't Say Goodbye,2021-10-27,17,124645,https://open.spotify.com/track/4KE4QUVn3QLWJPXPaJC7Ax,sad
2yjkSqMP4DL8zTuHaABYt2,Ramen,"Effortless, Natsu, Murmur",Ramen,2021-05-28,16,112000,https://open.spotify.com/track/2yjkSqMP4DL8zTuHaABYt2,sad
46Oyy2iSpzIJ3NuviBVtkd,Take Me There,Nivla,Take Me There,2022-02-07,16,94285,https://open.spotify.com/track/46Oyy2iSpzIJ3NuviBVtkd,sad
1nTO2UV2bYX2e0RWnDydlu,crystal silence,sumthin,crystal silence,2023-02-10,16,94000,https://open.spotify.com/track/1nTO2UV2bYX2e0RWnDydlu,sad
5oaoPp6K1UeBqnCVuInfWx,The Place Where We Belong,Juuzou,The Place We Used To Go,2021-12-03,15,100689,https://open.spotify.com/track/5oaoPp6K1UeBqnCVuInfWx,sad
5hKv4IviIYWGD7EsWurpMu,Until Forever,Natsu,Hometown,2021-06-11,16,109333,https://open.spotify.com/track/5hKv4IviIYWGD7EsWurpMu,sad
0smrBuhwDeGaal6Pl6iZVg,Hawaiian Dream,mëow mëow,Escape The Ordinary,2021-07-19,16,122666,https://open.spotify.com/track/0smrBuhwDeGaal6Pl6iZVg,sad
2isQ21Sp4Up74kaj50c3F0,our journey,majic,our journey,2022-04-01,15,109714,https://open.spotify.com/track/2isQ21Sp4Up74kaj50c3F0,sad
4b3LkGjOqaoEebduISfwdT,Peace Piece,Lonely Boy,Peace Piece,2023-03-31,15,96000,https://open.spotify.com/track/4b3LkGjOqaoEebduISfwdT,sad
48qvnALoJfT5XzXLXLuSm5,Don't Leave Me,eiji,Faster Than Night,2021-10-27,16,113258,https://open.spotify.com/track/48qvnALoJfT5XzXLXLuSm5,sad
17GbTQhSQqL1tir2hXLdjd,Won't Run Away,"Akasha, Natsu, Effortless",Won't Run Away,2021-06-11,16,115200,https://open.spotify.com/track/17GbTQhSQqL1tir2hXLdjd,sad
0uGUhYfxlGTF8tJwc8SlLy,too close,blossom,survivors,2021-11-29,16,90666,https://open.spotify.com/track/0uGUhYfxlGTF8tJwc8SlLy,sad
16KTEfJeSYsQpvbv0gtmvL,sea of heartbreak,yums.,sea of heartbreak,2022-08-12,16,80000,https://open.spotify.com/track/16KTEfJeSYsQpvbv0gtmvL,sad
1GbYILNV2ygWLBXgct5w0l,Groove 1,Rascal,Groove 1,2022-10-07,16,85333,https://open.spotify.com/track/1GbYILNV2ygWLBXgct5w0l,sad
1thVagbSFy5cZ92DA1ZctZ,Sunset Blues,"Komorebi, Idyllic, Whimsical",Sunset Blues,2021-02-19,17,121666,https://open.spotify.com/track/1thVagbSFy5cZ92DA1ZctZ,sad
749ypiJBgFQkxfJ47JNzfH,Next to You,her.story,Better Days,2021-07-19,16,105600,https://open.spotify.com/track/749ypiJBgFQkxfJ47JNzfH,sad
7pJZYsiWdu0SyclZGRF8i5,duck pond,kid.,duck pond,2022-05-13,16,92857,https://open.spotify.com/track/7pJZYsiWdu0SyclZGRF8i5,sad
03nVgyumO8soFKkI9LqLSR,Sweetness,Yowshi,Burner,2024-05-30,15,66589,https://open.spotify.com/track/03nVgyumO8soFKkI9LqLSR,sad
2EmA2a4vCi89bhFxtuxijG,My Everything,Flôr,My Everything,2022-04-29,16,93000,https://open.spotify.com/track/2EmA2a4vCi89bhFxtuxijG,sad
0nuNMf4wGN355novOOKuDF,Jupiter Jazz,Shou,Digital Dreams,2020-11-19,17,128371,https://open.spotify.com/track/0nuNMf4wGN355novOOKuDF,sad
69FkhNuafUEtutEmcMBSen,Freedom,Klein,Freedom,2022-04-22,16,101860,https://open.spotify.com/track/69FkhNuafUEtutEmcMBSen,sad
7pXzTI1lLVDz8XR7S440OA,My Bike,Wolly,Dreamland,2023-05-19,15,80000,https://open.spotify.com/track/7pXzTI1lLVDz8XR7S440OA,sad
2p2yqbLfkcNlMfwhNgeunI,Another Woman,Tashi,Snowfall,2021-07-19,16,98666,https://open.spotify.com/track/2p2yqbLfkcNlMfwhNgeunI,sad
0a9b6zW4aZ11uWeWVsXnHg,Cowboy Funk,Idyllic,Beautiful Fantasy,2020-12-14,16,104470,https://open.spotify.com/track/0a9b6zW4aZ11uWeWVsXnHg,sad
6SOrkXVmvkH90CrQIRCPxh,Cornfields,Dreams For Two,Cornfields,2022-03-25,16,109714,https://open.spotify.com/track/6SOrkXVmvkH90CrQIRCPxh,sad
0auTYSYKYhy2CKUcluGaiS,April 7th,Loodwig,Conditions,2021-12-27,15,103255,https://open.spotify.com/track/0auTYSYKYhy2CKUcluGaiS,sad
6qpGiuRC81IcAhgn87Y6tW,Crescent,Wells,Crescent,2022-10-07,16,86571,https://open.spotify.com/track/6qpGiuRC81IcAhgn87Y6tW,sad
3KjFKMzkwTm3scYt7HcyBC,Fireflies,just johnny,Fireflies,2021-06-11,16,101647,https://open.spotify.com/track/3KjFKMzkwTm3scYt7HcyBC,sad
36a6rq9d5qGn4oZ5XgbXG8,While We Wait,"Whimsical, Komorebi, Shou",While We Wait,2021-02-12,16,109367,https://open.spotify.com/track/36a6rq9d5qGn4oZ5XgbXG8,sad
4LgqIDEjhBzX89QNDO28q3,feeling down,snow.,thoughts,2021-12-27,16,93488,https://open.spotify.com/track/4LgqIDEjhBzX89QNDO28q3,sad
6uJvh9MSlDVRaIKbx9GGeT,whispering pines,heavn,whispering pines,2022-12-30,18,96000,https://open.spotify.com/track/6uJvh9MSlDVRaIKbx9GGeT,sad
3CPuMcIOV5od4fuPTTB7yV,Club 49,Cashmere,Golden Boy,2024-03-15,16,76800,https://open.spotify.com/track/3CPuMcIOV5od4fuPTTB7yV,sad
7aAyGTu1BnlzcRhBSloiOK,Window,"Murmur, Effortless, Akasha",Window,2021-04-09,18,131200,https://open.spotify.com/track/7aAyGTu1BnlzcRhBSloiOK,sad
1vNTp4PWGSd2yg2PBP6MCG,Down The Line,softhead,Dazed and Confused,2021-09-09,16,96666,https://open.spotify.com/track/1vNTp4PWGSd2yg2PBP6MCG,sad
6SifLfcOTml8LV7f9LaVwH,City Blues,Dulcet,City Blues,2022-04-22,16,90731,https://open.spotify.com/track/6SifLfcOTml8LV7f9LaVwH,sad
2rXzONwnlN6OJPjKiGytAS,stolen moments,saamson,stolen moments,2022-08-12,16,88000,https://open.spotify.com/track/2rXzONwnlN6OJPjKiGytAS,sad
2uVQjpPG9OE5mR8GzTkqVi,September Nights,nothing less,Switch Lanes,2021-09-09,16,116571,https://open.spotify.com/track/2uVQjpPG9OE5mR8GzTkqVi,sad
2MrLdowAOaN4t9v70Ck6ql,Sunburn,"Effortless, Natsu, Murmur",Sunburn,2021-04-09,16,133714,https://open.spotify.com/track/2MrLdowAOaN4t9v70Ck6ql,sad
76Uky9m3rQQ9HA61PJ1Yb4,Kids Again,Nivla,Kids Again,2021-11-08,16,97142,https://open.spotify.com/track/76Uky9m3rQQ9HA61PJ1Yb4,sad
2iluRk34cg2LdpJo9F6dqr,insensitive,sumthin,insensitive,2022-11-04,17,96585,https://open.spotify.com/track/2iluRk34cg2LdpJo9F6dqr,sad
3vyZJKmo13L1KNur3SiB9B,Sweet Sunshine,Juuzou,Evening Strolls,2021-11-11,16,100909,https://open.spotify.com/track/3vyZJKmo13L1KNur3SiB9B,sad
3ugnOxcCCSCuBSaYi1gtYz,Birthday Blues,"Natsu, Effortless, Murmur",Birthday Blues,2021-04-30,16,102500,https://open.spotify.com/track/3ugnOxcCCSCuBSaYi1gtYz,sad
50gdGB8xWChoR2XXqW3ds8,Shadows,mëow mëow,Escape The Ordinary,2021-07-19,16,114418,https://open.spotify.com/track/50gdGB8xWChoR2XXqW3ds8,sad
6pntMooSf9Fqw3VeNnBNa8,everything i wanted,majic,moonboy,2021-11-08,16,97333,https://open.spotify.com/track/6pntMooSf9Fqw3VeNnBNa8,sad
6p1niUebiWOhdX6QAH3o6N,American Girl,Lonely Boy,American Girl,2023-02-10,17,78367,https://open.spotify.com/track/6p1niUebiWOhdX6QAH3o6N,sad
5yoL09ondMKTn2IEW8FnQ8,Evening Walk,eiji,Lost In Beijing,2021-09-09,16,116571,https://open.spotify.com/track/5yoL09ondMKTn2IEW8FnQ8,sad
6Lsyz1NEd3QGI9IhhhlOrh,Urban Jungle,"Akasha, Effortless, Murmur",Urban Jungle,2021-03-26,16,111000,https://open.spotify.com/track/6Lsyz1NEd3QGI9IhhhlOrh,sad
1ah7amoMlaQGbtiTgpq14m,sleepy head,blossom,pressure,2021-12-27,16,103255,https://open.spotify.com/track/1ah7amoMlaQGbtiTgpq14m,sad
5TkL17zGFfJvLTS9oKQAEI,dreamland,yums.,dreamland,2022-04-11,16,93176,https://open.spotify.com/track/5TkL17zGFfJvLTS9oKQAEI,sad
67bl0joZJ5UwSWTLItLPiB,Tomorrow,Rascal,Tomorrow,2022-08-12,16,106285,https://open.spotify.com/track/67bl0joZJ5UwSWTLItLPiB,sad
7lEXMfbDNUkVvs2ZusDk2W,Get Your Wish,Komorebi,Midnight Thoughts,2020-11-16,17,183896,https://open.spotify.com/track/7lEXMfbDNUkVvs2ZusDk2W,sad
1JU0oXKylUvfAly7abtTPy,Potion,her.story,Blissful Dreams,2021-06-11,16,102000,https://open.spotify.com/track/1JU0oXKylUvfAly7abtTPy,sad
4loSK4CklB2Eo7AqSsWNDh,forgotten places,kid.,forgotten places,2022-04-22,16,93176,https://open.spotify.com/track/4loSK4CklB2Eo7AqSsWNDh,sad
0ElDVoIV6HkD5SbigZs3g4,10.000 Hours,Yowshi,10.000 Hours,2023-07-24,15,89600,https://open.spotify.com/track/0ElDVoIV6HkD5SbigZs3g4,sad
538ixPry4Lo83jR23eoAoh,Until Morning,Flôr,Until Morning,2022-03-18,16,81951,https://open.spotify.com/track/538ixPry4Lo83jR23eoAoh,sad
2hywDXT6InzyQLmALWF6ME,Wind Blows in the Future,Shou,Digital Dreams,2020-11-19,17,161194,https://open.spotify.com/track/2hywDXT6InzyQLmALWF6ME,sad
66UsUWEZAA1l9umzqBhyZ5,A Time For Love,Klein,Memories Of You...,2021-11-29,15,125333,https://open.spotify.com/track/66UsUWEZAA1l9umzqBhyZ5,sad
6QLCUI90Kt6BB1ioc7G6RA,Godspeed,Wolly,Godspeed,2022-11-04,16,93176,https://open.spotify.com/track/6QLCUI90Kt6BB1ioc7G6RA,sad
6SBdXqWVaI1TAftPVQ1Bnq,Golden Hour,Tashi,Roots,2021-06-11,15,101333,https://open.spotify.com/track/6SBdXqWVaI1TAftPVQ1Bnq,sad
1YenPlRZdFJavwbibWTlZ1,Grape Juice for Your Eyes,Idyllic,Beautiful Fantasy,2020-12-14,16,130909,https://open.spotify.com/track/1YenPlRZdFJavwbibWTlZ1,sad
0FqmNcZU9HQdq0PnTYZPUF,I'm Fine,Dreams For Two,Late Night Feelings,2021-10-27,15,90000,https://open.spotify.com/track/0FqmNcZU9HQdq0PnTYZPUF,sad
3TQWfUf2Xe99d93tSyC6Gs,Good Times,Loodwig,Good Times,2022-04-22,16,113600,https://open.spotify.com/track/3TQWfUf2Xe99d93tSyC6Gs,sad
62lElTq6RqQrOAMBAunsOO,Helpless,Wells,Helpless,2022-08-12,16,85714,https://open.spotify.com/track/62lElTq6RqQrOAMBAunsOO,sad
64EiD6of43mCFiLLApOBJp,Night Out,just johnny,Night Out,2022-03-18,16,104594,https://open.spotify.com/track/64EiD6of43mCFiLLApOBJp,sad
6Idjdjg2z90LXN0qhczscn,Youth and Ghosts,Whimsical,Bread Crumbs,2020-12-04,17,122926,https://open.spotify.com/track/6Idjdjg2z90LXN0qhczscn,sad
4tmKycM65kutpW4PufNx3w,deep sleep,snow.,thoughts,2021-12-27,16,88666,https://open.spotify.com/track/4tmKycM65kutpW4PufNx3w,sad
3DcGJlYGt5bGInRs33DExH,doodlin',heavn,doodlin',2022-11-04,18,96585,https://open.spotify.com/track/3DcGJlYGt5bGInRs33DExH,sad
0WiUO1cMXxFkb84okn3y3x,Chasing Numbers,Cashmere,After Light,2021-07-19,15,100909,https://open.spotify.com/track/0WiUO1cMXxFkb84okn3y3x,sad
2Q9ev18bWGhX4lrJg1Th3P,Sundown,Murmur,Sundown,2021-02-19,18,96000,https://open.spotify.com/track/2Q9ev18bWGhX4lrJg1Th3P,sad
2NbH6Tc2vmCcbuqRaxLXHu,Numb,softhead,Waves,2021-07-19,15,117272,https://open.spotify.com/track/2NbH6Tc2vmCcbuqRaxLXHu,sad
4yw3DrnCqMO5ucqvfCZcxT,Years Go By,Dulcet,Mad Trippin',2022-02-07,16,113647,https://open.spotify.com/track/4yw3DrnCqMO5ucqvfCZcxT,sad
1ueEh66TrIhom5ryD8phZU,little soul,saamson,orange yard,2023-09-08,15,80000,https://open.spotify.com/track/1ueEh66TrIhom5ryD8phZU,sad
5iQQRxToQhZIoX61nns0AS,Seagulls,nothing less,Seagulls,2022-03-18,16,98000,https://open.spotify.com/track/5iQQRxToQhZIoX61nns0AS,sad
1JWXmKkzl4vTATjqBCxS9i,Childhood,"Effortless, Akasha, Natsu",Childhood,2021-03-26,16,116571,https://open.spotify.com/track/1JWXmKkzl4vTATjqBCxS9i,sad
0vQ2KWMaeNYohVtKqILW7V,Oh Boy,Nivla,Oh Boy,2022-07-08,16,84324,https://open.spotify.com/track/0vQ2KWMaeNYohVtKqILW7V,sad
7g5vGkaJz4cgeIIeT2lgdP,one,sumthin,one,2022-10-07,17,102352,https://open.spotify.com/track/7g5vGkaJz4cgeIIeT2lgdP,sad
0y036blSSIwhHfo96bC2ob,Together Again,Juuzou,The Place We Used To Go,2021-12-03,20,103255,https://open.spotify.com/track/0y036blSSIwhHfo96bC2ob,sad
5eGhG6DHC5X2VlZOlRdX6h,Mr. Weatherman,Natsu,Mr. Weatherman,2025-05-26,14,76363,https://open.spotify.com/track/5eGhG6DHC5X2VlZOlRdX6h,sad
2zsyKHhIWihP50RS6wFO6w,Something Comforting,mëow mëow,Soulside,2021-09-09,16,105600,https://open.spotify.com/track/2zsyKHhIWihP50RS6wFO6w,sad
2rFtyy90RAOAk7aHvAqXuu,bliss,majic,underneath the christmas lights,2021-11-29,16,88615,https://open.spotify.com/track/2rFtyy90RAOAk7aHvAqXuu,sad
1oRB2kaLTLor2LoPdBlLDz,Heat Wave,Lonely Boy,Heat Wave,2022-11-04,18,97777,https://open.spotify.com/track/1oRB2kaLTLor2LoPdBlLDz,sad
6pblg6iyVstqwX3HGQTdcJ,Sayonara,eiji,Harmonies,2021-07-19,16,109714,https://open.spotify.com/track/6pblg6iyVstqwX3HGQTdcJ,sad
4AQfARQQIWuGWMiPmPFLUt,On My Way Home,Akasha,Lone Rider,2021-06-11,16,99000,https://open.spotify.com/track/4AQfARQQIWuGWMiPmPFLUt,sad
0lmqp54iyPHz0i7uOpuuEM,sleepy story,blossom,charms,2021-11-08,16,109333,https://open.spotify.com/track/0lmqp54iyPHz0i7uOpuuEM,sad
6Q9XLPqQ8lzczPulLu9aHU,infinite search,yums.,infinite search,2023-04-07,16,82285,https://open.spotify.com/track/6Q9XLPqQ8lzczPulLu9aHU,sad
2e2xuY3Kya5iBCwqTUzGD1,Chop,Rascal,My Time,2023-09-06,15,80000,https://open.spotify.com/track/2e2xuY3Kya5iBCwqTUzGD1,sad
5OGIq5No42hYcjWsVub19j,Andromeda,"Komorebi, Whimsical, Shou",Andromeda,2021-02-26,18,113766,https://open.spotify.com/track/5OGIq5No42hYcjWsVub19j,sad
6TBUep7tfKkMMf5dlYa3Cx,Blissful Dreams,"her.story, eiji, Dreams For Two",Blissful Dreams,2021-06-11,16,122790,https://open.spotify.com/track/6TBUep7tfKkMMf5dlYa3Cx,sad
6qmAIuQpSKw53vZz53D7VJ,falling down,kid.,winter.,2021-12-27,16,123000,https://open.spotify.com/track/6qmAIuQpSKw53vZz53D7VJ,sad
1Fyg4FIr4yhUSLMFll19NA,Someday,Yowshi,Someday,2023-02-10,17,109714,https://open.spotify.com/track/1Fyg4FIr4yhUSLMFll19NA,sad
25Q7NBKdrnjiOz0ziaBrTb,Back Home,Flôr,Campfire Tales,2021-10-27,16,106666,https://open.spotify.com/track/25Q7NBKdrnjiOz0ziaBrTb,sad
6v0WWjLdrtjLCFzg8Gc05u,Late Nights,"Shou, Whimsical, Idyllic",Late Nights,2021-03-05,17,123000,https://open.spotify.com/track/6v0WWjLdrtjLCFzg8Gc05u,sad
1pS6pHZLzG7WB12QR3q83l,Being Honest,Klein,Find My Way,2021-12-27,16,123000,https://open.spotify.com/track/1pS6pHZLzG7WB12QR3q83l,sad
5vqFvZHfrpaV32ebSdezvU,Day Tripper,Wolly,Day Tripper,2022-10-07,17,94000,https://open.spotify.com/track/5vqFvZHfrpaV32ebSdezvU,sad
6KHwIbxS3jpi8rLwlfOS9o,Syrup,Tashi,Roots,2021-06-11,15,102471,https://open.spotify.com/track/6KHwIbxS3jpi8rLwlfOS9o,sad
1RHrzcqXKlm5h33PtUkTNK,Things Happen,"Idyllic, Whimsical, Komorebi",Things Happen,2021-02-12,16,118400,https://open.spotify.com/track/1RHrzcqXKlm5h33PtUkTNK,sad
08KcC9xzjL7HhwLQoRQIif,Promises,Dreams For Two,Promises,2021-05-20,17,117073,https://open.spotify.com/track/08KcC9xzjL7HhwLQoRQIif,sad
4qn4ttymjXUQWEhUqaWkK1,Water,Loodwig,Softly,2021-11-29,15,101400,https://open.spotify.com/track/4qn4ttymjXUQWEhUqaWkK1,sad
1inEaULjUb5kkhfX5w45hj,Song 2,Wells,Song 2,2023-02-10,16,84750,https://open.spotify.com/track/1inEaULjUb5kkhfX5w45hj,sad
4m6SAre4gNFYqRGbyej3nK,Neighbor,just johnny,Azul,2021-07-19,16,95421,https://open.spotify.com/track/4m6SAre4gNFYqRGbyej3nK,sad
3Yi7Nmqauh2SLGCv0HsKFg,Checkmate,Whimsical,Bread Crumbs,2020-12-04,16,134545,https://open.spotify.com/track/3Yi7Nmqauh2SLGCv0HsKFg,sad
7y7CwcJh4LyA9QO5frnTi4,counting stars,snow.,peach skies,2022-02-07,17,116869,https://open.spotify.com/track/7y7CwcJh4LyA9QO5frnTi4,sad
5xtpMsK8rdtXEIOoBPPEae,wildwood flowers,heavn,wildwood flowers,2022-10-07,17,92530,https://open.spotify.com/track/5xtpMsK8rdtXEIOoBPPEae,sad
4D69vDrT4PqQHXGxI3DiAh,Bedroom Trip,Cashmere,Little Victories and Happy Coincidences,2021-10-27,16,100909,https://open.spotify.com/track/4D69vDrT4PqQHXGxI3DiAh,sad
4EZ25iiEuJ7al7RnhIjpM5,Easy Dreamer,"Murmur, Akasha, Natsu",Easy Dreamer,2021-06-11,15,99428,https://open.spotify.com/track/4EZ25iiEuJ7al7RnhIjpM5,sad
0Vy7MPR6UY6GNgFK1758Mw,Serendipity,softhead,Underwater Serenade,2021-10-27,20,90000,https://open.spotify.com/track/0Vy7MPR6UY6GNgFK1758Mw,sad
2dWG1QNoG1ns7Mj82ATpmg,Be Without You,Dulcet,Sunset/Sunrise,2021-12-27,16,93333,https://open.spotify.com/track/2dWG1QNoG1ns7Mj82ATpmg,sad
3eqW4rYcVPni9gfRKTMrWO,high tide,saamson,orange yard,2023-09-08,15,81126,https://open.spotify.com/track/3eqW4rYcVPni9gfRKTMrWO,sad
0TYr6yLabTlH22AlTimWdN,Switch Lanes,nothing less,Switch Lanes,2021-09-09,16,144347,https://open.spotify.com/track/0TYr6yLabTlH22AlTimWdN,sad
1iscSV3nkUpThNc773WMh0,Missing You,"Effortless, Murmur, Akasha",Missing You,2021-03-12,15,111549,https://open.spotify.com/track/1iscSV3nkUpThNc773WMh0,sad
5RDWU2GDTEHL4aVXB7ml9R,Keep You Warm,Nivla,Kids Again,2021-11-08,15,88000,https://open.spotify.com/track/5RDWU2GDTEHL4aVXB7ml9R,sad
4Hg5bcLpf0gYqnFCjDgCy5,all alone,sumthin,all alone,2022-08-12,15,84705,https://open.spotify.com/track/4Hg5bcLpf0gYqnFCjDgCy5,sad
3a9tFVBMfsdWhN7IgOQtQH,Lunar Walk,Juuzou,Lunar Walk,2022-04-22,17,93176,https://open.spotify.com/track/3a9tFVBMfsdWhN7IgOQtQH,sad
4SDVM2P8br7EACu3gNnEhB,Reflections,Natsu,Hometown,2021-06-11,16,92181,https://open.spotify.com/track/4SDVM2P8br7EACu3gNnEhB,sad
5QYy6ijmyhQLrwEU8CWevP,Walking Away,mëow mëow,Escape The Ordinary,2021-07-19,16,105600,https://open.spotify.com/track/5QYy6ijmyhQLrwEU8CWevP,sad
2v12xBlgrFfeTYC9NH5qYM,i don't even know your name,majic,moonboy,2021-11-08,16,112500,https://open.spotify.com/track/2v12xBlgrFfeTYC9NH5qYM,sad
4aJVacEI1wGKAqsIwjE0Ni,Sonny's Dream,Lonely Boy,Sonny's Dream,2022-10-07,17,78904,https://open.spotify.com/track/4aJVacEI1wGKAqsIwjE0Ni,sad
2RdfSFMfi7ZSYwxmGAMfjH,Sorry,eiji,Calling My Phone,2021-06-11,16,114352,https://open.spotify.com/track/2RdfSFMfi7ZSYwxmGAMfjH,sad
7JvLmmCo3Ks63BaaAQN3qD,Fade Away,Akasha,Lone Rider,2021-06-11,16,102068,https://open.spotify.com/track/7JvLmmCo3Ks63BaaAQN3qD,sad
5TtVGjtvf9E7tXPpSH10km,charms,blossom,charms,2021-11-08,16,99000,https://open.spotify.com/track/5TtVGjtvf9E7tXPpSH10km,sad
7KH4iZllF1URy0EcdldVf8,hocus pocus,yums.,hocus pocus,2022-12-30,17,108857,https://open.spotify.com/track/7KH4iZllF1URy0EcdldVf8,sad
33XCBPJmnY7S4Xzuj9e7Le,Caffeine,Rascal,My Time,2023-09-06,15,72000,https://open.spotify.com/track/33XCBPJmnY7S4Xzuj9e7Le,sad
4forOnJFDg4OZt8b7exjET,Roses,"Komorebi, Idyllic, Shou",Roses,2021-03-05,17,121379,https://open.spotify.com/track/4forOnJFDg4OZt8b7exjET,sad
3dSvZCB58LTmkHaOXi9nww,Driftwood,her.story,Better Days,2021-07-19,16,123000,https://open.spotify.com/track/3dSvZCB58LTmkHaOXi9nww,sad
7gzoKYEXCVJ5EfHMuhHJX5,"always, and forever",kid.,wool gloves,2021-11-29,16,91764,https://open.spotify.com/track/7gzoKYEXCVJ5EfHMuhHJX5,sad
6vMbtc8FzcKUuhZE6RZNHR,I Should Care,Yowshi,I Should Care,2022-10-07,17,96000,https://open.spotify.com/track/6vMbtc8FzcKUuhZE6RZNHR,sad
3PG6GvvPcos7GZhmyRIQud,Nothing Ever Changes,Flôr,"Late Nights, Early Mornings",2021-09-09,15,117000,https://open.spotify.com/track/3PG6GvvPcos7GZhmyRIQud,sad
6Z1Rz1UYJSrRZRAzghvHl0,Second Chance,"Shou, Komorebi, Idyllic",Second Chance,2021-02-26,16,109090,https://open.spotify.com/track/6Z1Rz1UYJSrRZRAzghvHl0,sad
6BW32698WPsoWwikT3hZ7f,Strangers,Klein,Castle On The Hill,2021-11-08,17,121445,https://open.spotify.com/track/6BW32698WPsoWwikT3hZ7f,sad
6gmOhwzaMDvK3PQLWLUG8g,7 Things,Wolly,7 Things,2022-04-11,16,93176,https://open.spotify.com/track/6gmOhwzaMDvK3PQLWLUG8g,sad
2zDbrrmDRxcS8IXbMyXivs,See You Again,Tashi,Roots,2021-06-11,17,102471,https://open.spotify.com/track/2zDbrrmDRxcS8IXbMyXivs,sad
4Oo2LsLop0vSbHeO1TPLj0,Game Master,"Idyllic, Komorebi, Whimsical",Game Master,2021-03-05,18,113846,https://open.spotify.com/track/4Oo2LsLop0vSbHeO1TPLj0,sad
5MKLKWlfl3yuH4zuN7mu7b,Love Is Not Enough,Dreams For Two,Till Forever Falls Apart,2021-06-11,16,149647,https://open.spotify.com/track/5MKLKWlfl3yuH4zuN7mu7b,sad
4SeA6KtlSsTJN9x00VfNUq,Walls,Loodwig,Coastline,2021-11-08,16,96585,https://open.spotify.com/track/4SeA6KtlSsTJN9x00VfNUq,sad
3ehay78EChMGz7wi60RJPe,Stay Close,Wells,Stay Close,2022-12-30,17,88275,https://open.spotify.com/track/3ehay78EChMGz7wi60RJPe,sad
6ojaLSIjn1U1J43AFNxbmW,Cloud Surfing,just johnny,Staring At The Window,2021-09-09,16,104615,https://open.spotify.com/track/6ojaLSIjn1U1J43AFNxbmW,sad
1jzPRKER1QYo5Wywpb6QRz,Diablo,Whimsical,Bread Crumbs,2020-12-04,17,128000,https://open.spotify.com/track/1jzPRKER1QYo5Wywpb6QRz,sad
3EYLjA7MIErlyYTVq1ggaD,simple things,snow.,simple things,2022-04-22,16,106400,https://open.spotify.com/track/3EYLjA7MIErlyYTVq1ggaD,sad
0nSg5NdOjIqZ3bk30U9iT8,backwards,heavn,backwards,2022-06-17,16,86400,https://open.spotify.com/track/0nSg5NdOjIqZ3bk30U9iT8,sad
7mKSWwisMpxVlj00s96G10,Problems,Cashmere,Little Victories and Happy Coincidences,2021-10-27,15,100909,https://open.spotify.com/track/7mKSWwisMpxVlj00s96G10,sad
4iu6IRtckRnmnmi0II0EVq,Dripping Blues,"Murmur, Natsu, Effortless",Dripping Blues,2021-03-26,16,103255,https://open.spotify.com/track/4iu6IRtckRnmnmi0II0EVq,sad
5DgZ3ws2RWXXgLIz8OKz8Y,Blossoms,softhead,Dazed and Confused,2021-09-09,16,109714,https://open.spotify.com/track/5DgZ3ws2RWXXgLIz8OKz8Y,sad
3o6DMCKXG2Pc6dGzQHPqcm,Sidewalks,Dulcet,Sidewalks,2021-11-08,15,96000,https://open.spotify.com/track/3o6DMCKXG2Pc6dGzQHPqcm,sad
4QJGUej3sEBZY4J8dCGydd,reunited,saamson,reunited,2023-02-10,16,98461,https://open.spotify.com/track/4QJGUej3sEBZY4J8dCGydd,sad
4KhY5mSutLlNIpghXFwIWi,Fading Out,nothing less,Lovers Don't Say Goodbye,2021-10-27,16,128000,https://open.spotify.com/track/4KhY5mSutLlNIpghXFwIWi,sad
1E5v9CO84NWzNKvGW46tnw,Wishes,Effortless,Wishes,2025-05-26,14,72000,https://open.spotify.com/track/1E5v9CO84NWzNKvGW46tnw,sad
0QsMQOo2XLRePimniusq4s,Wasting My Young Years,Nivla,Rivers and Roads,2021-11-29,16,110000,https://open.spotify.com/track/0QsMQOo2XLRePimniusq4s,sad
50scESEdOyse1AkI131RlM,cold bricks,sumthin,cold bricks,2022-04-11,16,94285,https://open.spotify.com/track/50scESEdOyse1AkI131RlM,sad
6RrBUoL6DY65kQthfyOuGW,Evening Stroll,Juuzou,Evening Strolls,2021-11-11,16,100909,https://open.spotify.com/track/6RrBUoL6DY65kQthfyOuGW,sad
6z2Itwe6Tj4PyFjqDmd8qw,Purple Sky,"Natsu, Murmur, Akasha",Purple Sky,2021-03-26,16,113142,https://open.spotify.com/track/6z2Itwe6Tj4PyFjqDmd8qw,sad
4s0SpcnPBFUkyDVm8zXK6a,Awake,mëow mëow,Space Oddity,2021-06-11,16,113103,https://open.spotify.com/track/4s0SpcnPBFUkyDVm8zXK6a,sad
4whUL28MzEfK3RHvfbhVZT,dontcry,majic,dontcry,2022-05-13,16,82666,https://open.spotify.com/track/4whUL28MzEfK3RHvfbhVZT,sad
5tnQXINyR4JtcSIoy57JzI,All Blues,Lonely Boy,All Blues,2022-08-12,16,82285,https://open.spotify.com/track/5tnQXINyR4JtcSIoy57JzI,sad
18y1YVXLCoBLVPjo985pG2,Harmonies,"eiji, just johnny, her.story",Harmonies,2021-07-19,16,102400,https://open.spotify.com/track/18y1YVXLCoBLVPjo985pG2,sad
0tRVqdYLIEpPFvPnrfh81s,Leaves,"Akasha, Natsu, Effortless",Leaves,2021-03-12,19,111818,https://open.spotify.com/track/0tRVqdYLIEpPFvPnrfh81s,sad
6jj8xg3eRR4Javy3UkxQP1,sunrise,blossom,sunrise,2022-05-13,16,98461,https://open.spotify.com/track/6jj8xg3eRR4Javy3UkxQP1,sad
5nOiV0FGlSIBsZtpLDdLNJ,let's get lost,yums.,let's get lost,2022-12-02,17,82826,https://open.spotify.com/track/5nOiV0FGlSIBsZtpLDdLNJ,sad
3W85A5vJnBDW1uzar4DoI0,All I Want,Rascal,In Bloom,2023-05-19,15,72000,https://open.spotify.com/track/3W85A5vJnBDW1uzar4DoI0,sad
2vz2x9TsKBYXWUXBDZZef0,Rodeo,Komorebi,Midnight Thoughts,2020-11-16,16,126741,https://open.spotify.com/track/2vz2x9TsKBYXWUXBDZZef0,sad
7oAb1amG81ShyEtbGwhanv,Fireworks,her.story,Fireworks,2021-05-20,17,111627,https://open.spotify.com/track/7oAb1amG81ShyEtbGwhanv,sad
3St4Ut2SGRYgt9f6eKxGzz,cuddlin,kid.,wool gloves,2021-11-29,16,109333,https://open.spotify.com/track/3St4Ut2SGRYgt9f6eKxGzz,sad
0Gt6KiwERBnQdUSBkLcyts,Like I Say,Yowshi,Like I Say,2025-05-26,14,69397,https://open.spotify.com/track/0Gt6KiwERBnQdUSBkLcyts,sad
5c4bPBxbXS0mXfEtF5RQgL,Campfire Tales,Flôr,Campfire Tales,2021-10-27,16,90000,https://open.spotify.com/track/5c4bPBxbXS0mXfEtF5RQgL,sad
6nTUNYJenEHOeOjbQUE8th,Digital Dreams,Shou,Digital Dreams,2020-11-19,17,131506,https://open.spotify.com/track/6nTUNYJenEHOeOjbQUE8th,sad
129AxeFrZ1voEU06YtcFaI,Licorice,Klein,Through The Fields,2022-02-07,16,97333,https://open.spotify.com/track/129AxeFrZ1voEU06YtcFaI,sad
3pJP3lo3Qg36lYoz0p2YJM,Gillian,Wolly,Gillian,2023-03-31,15,68571,https://open.spotify.com/track/3pJP3lo3Qg36lYoz0p2YJM,sad
5W0AXYY0roJ2aMmRWDKI61,Departures,Tashi,Departures,2021-05-20,15,83595,https://open.spotify.com/track/5W0AXYY0roJ2aMmRWDKI61,sad
5tFeHA2YirBJbO069pcilD,Beautiful Fantasy,Idyllic,Beautiful Fantasy,2020-12-14,16,120000,https://open.spotify.com/track/5tFeHA2YirBJbO069pcilD,sad
5FNeuqk6yUKbOPYhiexPC0,Drunk And Confused,Dreams For Two,Bliss,2021-07-19,15,114000,https://open.spotify.com/track/5FNeuqk6yUKbOPYhiexPC0,sad
3GFZyUoQNHLepyMgXhCL78,Steamroller,Loodwig,Coastline,2021-11-08,16,98666,https://open.spotify.com/track/3GFZyUoQNHLepyMgXhCL78,sad
3WUs22qJshlmbgZHo81OxM,Rewind,Wells,Rewind,2022-12-02,17,99718,https://open.spotify.com/track/3WUs22qJshlmbgZHo81OxM,sad
4XmB5A4iS16nYft8CJHc6Q,"Baby, It's Cold Outside",just johnny,Little Drummer Boy,2021-10-27,16,104000,https://open.spotify.com/track/4XmB5A4iS16nYft8CJHc6Q,sad
4yVRCEPdApkJN9B6xMhAMG,Endless Spring,"Whimsical, Shou, Komorebi",Endless Spring,2021-03-05,17,123333,https://open.spotify.com/track/4yVRCEPdApkJN9B6xMhAMG,sad
44Z2STsbJMRISrp579o7D9,millennium,snow.,dreamin',2021-11-08,16,101229,https://open.spotify.com/track/44Z2STsbJMRISrp579o7D9,sad
4RBIBuLxg8OS9inVYlNYHJ,live forever,heavn,live forever,2022-04-11,15,93176,https://open.spotify.com/track/4RBIBuLxg8OS9inVYlNYHJ,sad
1rpMwp2CJsASsVMFducMVQ,Tape Loop,Cashmere,Bumpin',2021-06-11,16,112413,https://open.spotify.com/track/1rpMwp2CJsASsVMFducMVQ,sad
5q0haRBWSB5q1zvGgYAxf0,Cruisin',"Murmur, Natsu, Effortless",Cruisin',2021-05-14,16,111000,https://open.spotify.com/track/5q0haRBWSB5q1zvGgYAxf0,sad
6s1OkKDu2vqkX5VqEdQqcu,Round & Round,"softhead, nothing less, mëow mëow",Night Sounds,2021-06-11,15,82209,https://open.spotify.com/track/6s1OkKDu2vqkX5VqEdQqcu,sad
4X341euR6l6QXdcMfv9kIG,Shinrinyoku,Dulcet,City Lights,2021-11-29,15,103880,https://open.spotify.com/track/4X341euR6l6QXdcMfv9kIG,sad
1hx71DPq2izbErRcmjXsMK,yesterdays,saamson,yesterdays,2023-05-05,15,96000,https://open.spotify.com/track/1hx71DPq2izbErRcmjXsMK,sad
0CtLCziPIeZxbi0Xn9P28X,Take Me Home,nothing less,Forever Ago,2021-07-19,16,136666,https://open.spotify.com/track/0CtLCziPIeZxbi0Xn9P28X,sad
1dSDN80ooP7F9nNGntlIay,Beyond Time,Effortless,Lonesome Moments,2022-02-07,16,109333,https://open.spotify.com/track/1dSDN80ooP7F9nNGntlIay,sad
4iBIeIozCW2460HcIKq0n2,Again&Again,Nivla,Until Tomorrow,2021-12-27,16,101333,https://open.spotify.com/track/4iBIeIozCW2460HcIKq0n2,sad
3B9GoPXsKektYlrfVSygaK,deep shimmer,sumthin,the way things go,2023-07-24,15,80963,https://open.spotify.com/track/3B9GoPXsKektYlrfVSygaK,sad
6v9WmVoZQo2dDgv9Ub5wvk,Home,Juuzou,The Place We Used To Go,2021-12-03,16,102068,https://open.spotify.com/track/6v9WmVoZQo2dDgv9Ub5wvk,sad
2Zxdc9IbLKWRLl4CqF2gK0,Back In Time,"Natsu, Effortless, Murmur",Back In Time,2021-03-12,17,101538,https://open.spotify.com/track/2Zxdc9IbLKWRLl4CqF2gK0,sad
1yhWOQoOUXKMhVTUnZCLya,Lovesick,mëow mëow,Lovesick,2021-05-20,16,98666,https://open.spotify.com/track/1yhWOQoOUXKMhVTUnZCLya,sad
2IbDzBU9wS7DDDEOifRv9F,in my dreams,majic,"I'm sorry, I'm leaving...",2021-12-27,15,120857,https://open.spotify.com/track/2IbDzBU9wS7DDDEOifRv9F,sad
18yPFXvtNfOuosk3dKaXB4,One & Only,Lonely Boy,One & Only,2023-07-24,15,76800,https://open.spotify.com/track/18yPFXvtNfOuosk3dKaXB4,sad
1Dzrmjb9gyWmF8DqFrFsCq,It's A Jungle Out There,eiji,Faster Than Night,2021-10-27,16,95384,https://open.spotify.com/track/1Dzrmjb9gyWmF8DqFrFsCq,sad
6dJk0g9QntUC04Jh6HWUKw,Interlude,"Akasha, Murmur, Natsu",Interlude,2021-04-09,16,120000,https://open.spotify.com/track/6dJk0g9QntUC04Jh6HWUKw,sad
6TvGYrWKFFxw64l5GHIqAR,save me...,blossom,charms,2021-11-08,16,96000,https://open.spotify.com/track/6TvGYrWKFFxw64l5GHIqAR,sad
5ixVAYkR6iO6dHsXEeWF83,inner city boundaries,yums.,inner city boundaries,2022-11-04,17,91034,https://open.spotify.com/track/5ixVAYkR6iO6dHsXEeWF83,sad
25ZFqi7zFQYVQb0ayZnq5d,Southern Man,Rascal,Southern Man,2022-12-30,17,93763,https://open.spotify.com/track/25ZFqi7zFQYVQb0ayZnq5d,sad
1yqXXa4MCZWNYhnrwcPIav,Silence,Komorebi,Midnight Thoughts,2020-11-16,16,139459,https://open.spotify.com/track/1yqXXa4MCZWNYhnrwcPIav,sad
00joSI0gf5jcsa6mqhgY6b,The Morning After,her.story,Blissful Dreams,2021-06-11,16,107586,https://open.spotify.com/track/00joSI0gf5jcsa6mqhgY6b,sad
1rrj4V28KGHfksHBiCdVUg,kiss the ground,kid.,kiss the ground,2025-05-26,14,90666,https://open.spotify.com/track/1rrj4V28KGHfksHBiCdVUg,sad
7I4WbsBS7CQuttXYuTsyD1,Angels,Yowshi,Angels,2022-12-02,18,109000,https://open.spotify.com/track/7I4WbsBS7CQuttXYuTsyD1,sad
28wwWh6vzQC9TvN1gTCszZ,Trust,Flôr,From Dusk Till Dawn,2021-07-19,16,135172,https://open.spotify.com/track/28wwWh6vzQC9TvN1gTCszZ,sad
4VCYq3HKAKFbWdBuNhtms3,Wake Up,Shou,Digital Dreams,2020-11-19,16,164000,https://open.spotify.com/track/4VCYq3HKAKFbWdBuNhtms3,sad
0JYqkrJkKZpjRfGBT07wze,I'm So Tired...,Klein,Castle On The Hill,2021-11-08,16,91384,https://open.spotify.com/track/0JYqkrJkKZpjRfGBT07wze,sad
0yRDphn3aDoo9NnwJFoWtX,Trouble Blues,Wolly,Trouble Blues,2023-03-31,16,81951,https://open.spotify.com/track/0yRDphn3aDoo9NnwJFoWtX,sad
3tFVoS65vJQfa347Cp2MHd,Woke Up,Tashi,Vibes,2021-10-27,16,100689,https://open.spotify.com/track/3tFVoS65vJQfa347Cp2MHd,sad
3sZTXFsUBmhifUEev0QU3x,Beater,"Idyllic, Shou, Whimsical",Beater,2021-02-26,17,118400,https://open.spotify.com/track/3sZTXFsUBmhifUEev0QU3x,sad
4SNokb4JKKMBZ6fSAcwtVC,Crayons,Dreams For Two,Crayons,2021-09-09,16,121411,https://open.spotify.com/track/4SNokb4JKKMBZ6fSAcwtVC,sad
1u4l1gLFtcBpQNxfbt08Xt,I Will Follow You,Loodwig,Softly,2021-11-29,16,96000,https://open.spotify.com/track/1u4l1gLFtcBpQNxfbt08Xt,sad
7Mk9JKh7OdUoejLwkMC8dr,Tropicana,Wells,Tropicana,2022-09-09,16,88800,https://open.spotify.com/track/7Mk9JKh7OdUoejLwkMC8dr,sad
21YZOsIJYEEo6tY8GjH5TI,Always On My Mind,just johnny,Staring At The Window,2021-09-09,17,115764,https://open.spotify.com/track/21YZOsIJYEEo6tY8GjH5TI,sad
6KrYge1RVIvoyW3tVuR7iH,A Beautiful Lunch,Whimsical,Bread Crumbs,2020-12-04,16,111627,https://open.spotify.com/track/6KrYge1RVIvoyW3tVuR7iH,sad
1fjLiKAZdigVsVcEiTisNO,ain't nothing changed,snow.,for you…,2021-11-29,17,96585,https://open.spotify.com/track/1fjLiKAZdigVsVcEiTisNO,sad
4DrISO5wfAtpej3tCaT1z3,hang in there,heavn,hang in there,2025-05-26,14,88500,https://open.spotify.com/track/4DrISO5wfAtpej3tCaT1z3,sad
70Ikav3JCWlP3XKx0TE4Nl,Unbreakable (Bonus Track),Cashmere,Bumpin',2021-06-11,17,106075,https://open.spotify.com/track/70Ikav3JCWlP3XKx0TE4Nl,sad
5p05hUqCJMiqROjQjc4MpM,Coffee Break,Murmur,Reminders,2021-06-11,16,100253,https://open.spotify.com/track/5p05hUqCJMiqROjQjc4MpM,sad
6HGUCdnBywJ28c8RKnpFiy,Solitude,softhead,Waves,2021-07-19,17,106285,https://open.spotify.com/track/6HGUCdnBywJ28c8RKnpFiy,sad
1QeDPhtFAlUMlbWlaGdihQ,See You Soon,Dulcet,City Lights,2021-11-29,16,113142,https://open.spotify.com/track/1QeDPhtFAlUMlbWlaGdihQ,sad
2fZFYUD50jv8h3n6fqanQe,night tales,saamson,night tales,2022-09-09,16,84500,https://open.spotify.com/track/2fZFYUD50jv8h3n6fqanQe,sad
6zhDfpGpYXWYaQrgR72Aze,Forever Ago,nothing less,Forever Ago,2021-07-19,16,135384,https://open.spotify.com/track/6zhDfpGpYXWYaQrgR72Aze,sad
1HzB9QxmQJLBQvslEjAbqJ,Looking Back,Effortless,Looking Back,2021-02-19,16,130909,https://open.spotify.com/track/1HzB9QxmQJLBQvslEjAbqJ,sad
0BiRKYRZ1cy2RMdaRmZmyi,Best Of me,Nivla,Until Tomorrow,2021-12-27,16,105600,https://open.spotify.com/track/0BiRKYRZ1cy2RMdaRmZmyi,sad
4wVijRuzeh3f62pvfNVkT7,slow down,sumthin,slow down,2023-05-05,15,85714,https://open.spotify.com/track/4wVijRuzeh3f62pvfNVkT7,sad
6Cnf0G3gJ9lVOZZGK0ced6,Soul Garden,Juuzou,The Place We Used To Go,2021-12-03,15,103058,https://open.spotify.com/track/6Cnf0G3gJ9lVOZZGK0ced6,sad
4X1BMxSZISG0bIWZVdvOJ5,Window Seat,Natsu,Hometown,2021-06-11,16,130666,https://open.spotify.com/track/4X1BMxSZISG0bIWZVdvOJ5,sad
6aLqctJkLAqN8ZySvJaYUr,Belonging,mëow mëow,Space Oddity,2021-06-11,16,124931,https://open.spotify.com/track/6aLqctJkLAqN8ZySvJaYUr,sad
5qwZmTUPG0NUMW0ph2J89T,hey stranger,majic,"I'm sorry, I'm leaving...",2021-12-27,15,101860,https://open.spotify.com/track/5qwZmTUPG0NUMW0ph2J89T,sad
48N9EHutpASbQycgsJ2KXT,Souvenirs,Lonely Boy,Souvenirs,2022-12-02,16,96585,https://open.spotify.com/track/48N9EHutpASbQycgsJ2KXT,sad
1L0z0aFThuRm1lkiUJKfXw,Black Swan,eiji,Lost In Beijing,2021-09-09,18,99000,https://open.spotify.com/track/1L0z0aFThuRm1lkiUJKfXw,sad
46k0U4tK0UqhL6ZSttBe1O,Nights,Akasha,Nights,2021-02-19,16,82857,https://open.spotify.com/track/46k0U4tK0UqhL6ZSttBe1O,sad
0LDHxF6xeaowFDH5ZICw7D,space and time,blossom,pressure,2021-12-27,16,111000,https://open.spotify.com/track/0LDHxF6xeaowFDH5ZICw7D,sad
5dTtFgNR88SStmpyzAiiSf,do do do,yums.,do do do,2022-10-07,16,103384,https://open.spotify.com/track/5dTtFgNR88SStmpyzAiiSf,sad
2dW12tpytrRbyNVcxP0d9r,On The Road Again,Rascal,On The Road Again,2022-12-02,17,94285,https://open.spotify.com/track/2dW12tpytrRbyNVcxP0d9r,sad
6vyzR22bsDhhPh9If9F03U,Lost In The Woods,"Komorebi, Whimsical, Shou",Lost In The Woods,2021-05-21,17,123000,https://open.spotify.com/track/6vyzR22bsDhhPh9If9F03U,sad
1edbgiUTQT8pp0sWfXie4Y,Last Snow,her.story,Blissful Dreams,2021-06-11,16,113142,https://open.spotify.com/track/1edbgiUTQT8pp0sWfXie4Y,sad
2DrbOQS86QY4ENTfcDkUg9,won't let you go,kid.,winter.,2021-12-27,16,108571,https://open.spotify.com/track/2DrbOQS86QY4ENTfcDkUg9,sad
6SSHFWkt1l02gBM1pRZxQD,"Sunrise, Sunset",Yowshi,"Sunrise, Sunset",2022-09-09,16,96750,https://open.spotify.com/track/6SSHFWkt1l02gBM1pRZxQD,sad
4w4UtIiInZ3AsVDTVe2HSF,Goodbye,Flôr,"Late Nights, Early Mornings",2021-09-09,16,129600,https://open.spotify.com/track/4w4UtIiInZ3AsVDTVe2HSF,sad
3KKfuFqrOyFEEqtd0Czyro,Unhappy Song,Shou,Digital Dreams,2020-11-19,16,111818,https://open.spotify.com/track/3KKfuFqrOyFEEqtd0Czyro,sad
328Nut2i1FnVq3gBhsqsg2,Somebody Else,Klein,Castle On The Hill,2021-11-08,15,95342,https://open.spotify.com/track/328Nut2i1FnVq3gBhsqsg2,sad
1Hi4ZCPOlKxcd64wKVO4zd,On Repeat,Wolly,On Repeat,2022-09-09,26,82285,https://open.spotify.com/track/1Hi4ZCPOlKxcd64wKVO4zd,sad
7lW4rC4xAytRNYtsDwNUxX,Hymn,Tashi,Snowfall,2021-07-19,16,113684,https://open.spotify.com/track/7lW4rC4xAytRNYtsDwNUxX,sad
2gglQBYoMf6eorgcNIZ4ps,Monsters in the Woods,Idyllic,Beautiful Fantasy,2020-12-14,16,116363,https://open.spotify.com/track/2gglQBYoMf6eorgcNIZ4ps,sad
5htAy0l5YBJLtd4bgqhamm,Children,Dreams For Two,Crayons,2021-09-09,16,150000,https://open.spotify.com/track/5htAy0l5YBJLtd4bgqhamm,sad
7sIqDrVUF6obpEYLxqtX95,Leave Here,Loodwig,Conditions,2021-12-27,16,86000,https://open.spotify.com/track/7sIqDrVUF6obpEYLxqtX95,sad
6V93kkLIhIMjtTryUNMOD3,Ascending,Wells,Ascending,2022-06-17,16,106666,https://open.spotify.com/track/6V93kkLIhIMjtTryUNMOD3,sad
10saZO72YYnd9ykHNJIHs9,Sandcastle,just johnny,Staring At The Window,2021-09-09,16,136744,https://open.spotify.com/track/10saZO72YYnd9ykHNJIHs9,sad
12JBVWuqRqXNN4IDqVhX9C,Bread Crumbs,Whimsical,Bread Crumbs,2020-12-04,16,120000,https://open.spotify.com/track/12JBVWuqRqXNN4IDqVhX9C,sad
1votJHjp3uX30QLSGYFOkn,when it rains,snow.,dreamin',2021-11-08,16,104615,https://open.spotify.com/track/1votJHjp3uX30QLSGYFOkn,sad
41NM9h1AtwlRUuhlq7BS0X,remedy,heavn,remedy,2022-12-02,17,84000,https://open.spotify.com/track/41NM9h1AtwlRUuhlq7BS0X,sad
50oaRYRyPe9Ffi7fQ9wdF8,Defeat The Night,Cashmere,Little Victories and Happy Coincidences,2021-10-27,16,97078,https://open.spotify.com/track/50oaRYRyPe9Ffi7fQ9wdF8,sad
5GHQfpGktm7lyaBvOTEL2n,Gentle Wind,Murmur,Reminders,2021-06-11,16,91648,https://open.spotify.com/track/5GHQfpGktm7lyaBvOTEL2n,sad
4HQAmEXkY73FOnuidqHXIv,Summer Lovin',softhead,Summer Lovin',2021-05-20,16,96857,https://open.spotify.com/track/4HQAmEXkY73FOnuidqHXIv,sad
2M1GOYb8886A158XP4yx6h,Ikigai,Dulcet,Sidewalks,2021-11-08,16,92972,https://open.spotify.com/track/2M1GOYb8886A158XP4yx6h,sad
4WBdS3TlzAFYVKhpNqyDSy,our future,saamson,our future,2022-06-17,17,107200,https://open.spotify.com/track/4WBdS3TlzAFYVKhpNqyDSy,sad
24Zlv99Oc4cTg53I7LsDWM,With Me,nothing less,With Me,2021-05-20,16,102400,https://open.spotify.com/track/24Zlv99Oc4cTg53I7LsDWM,sad
3SOENp1P2V0CvrnLtoTAdk,Moody,"Effortless, Murmur, Akasha",Moody,2021-06-11,16,94285,https://open.spotify.com/track/3SOENp1P2V0CvrnLtoTAdk,sad
5h4zEjGfANTNruMXq0DhY8,I Still Remember,Nivla,Kids Again,2021-11-08,16,103030,https://open.spotify.com/track/5h4zEjGfANTNruMXq0DhY8,sad
63j9Ncla7kCk0Ygk0VWUTZ,story of isaac,sumthin,story of isaac,2022-12-02,17,92142,https://open.spotify.com/track/63j9Ncla7kCk0Ygk0VWUTZ,sad
1WGHuSgPawO48TicbhurMQ,Same Old Love,Juuzou,Evening Strolls,2021-11-11,16,100909,https://open.spotify.com/track/1WGHuSgPawO48TicbhurMQ,sad
5lWB1sqaK6GbcNf6Cs4Nlp,Springtime,"Natsu, Akasha, Effortless",Springtime,2021-04-09,19,115862,https://open.spotify.com/track/5lWB1sqaK6GbcNf6Cs4Nlp,sad
5FvzB0TXg67J3XFtApoISJ,Mother,mëow mëow,Soulside,2021-09-09,17,126000,https://open.spotify.com/track/5FvzB0TXg67J3XFtApoISJ,sad
6O0uThMMwiJGMpsh7y4saP,colors,majic,colors,2025-05-26,14,79058,https://open.spotify.com/track/6O0uThMMwiJGMpsh7y4saP,sad
4npa0TonuibU0MYgeJfM52,The Bay,Lonely Boy,The Bay,2022-09-09,16,76800,https://open.spotify.com/track/4npa0TonuibU0MYgeJfM52,sad
37yPCvdavV35GhMhADxzhk,Young Forever,eiji,Young Forever,2021-05-20,17,117000,https://open.spotify.com/track/37yPCvdavV35GhMhADxzhk,sad
0zhGGHbdnxcHBM9czhL0NU,If Only You Knew,"Akasha, Natsu, Effortless",If Only You Knew,2021-04-30,20,121411,https://open.spotify.com/track/0zhGGHbdnxcHBM9czhL0NU,sad
0x1AfYv5BgRrdVojUiwKTa,never be alone,blossom,charms,2021-11-08,16,79090,https://open.spotify.com/track/0x1AfYv5BgRrdVojUiwKTa,sad
1LeOVYvagK5mTRPiazdnps,gaze,yums.,gaze,2022-09-09,16,84750,https://open.spotify.com/track/1LeOVYvagK5mTRPiazdnps,sad
3xwrhWMrYlSv1YkMaOa9KV,Mad World,Rascal,Mad World,2022-09-09,16,88615,https://open.spotify.com/track/3xwrhWMrYlSv1YkMaOa9KV,sad
1ppYChaZkLzgbXsDsIiY4M,The Evil Within,"Komorebi, Shou, Idyllic",The Evil Within,2021-02-12,16,104800,https://open.spotify.com/track/1ppYChaZkLzgbXsDsIiY4M,sad
7wRA0K6HJp40WkkFA0wc3J,Have You Ever Seen the Rain,her.story,I'll Be Back One Day,2021-09-09,16,130666,https://open.spotify.com/track/7wRA0K6HJp40WkkFA0wc3J,sad
1ON14ys2O9U7y7ilUWus17,slipping away,kid.,blue,2021-11-08,16,131478,https://open.spotify.com/track/1ON14ys2O9U7y7ilUWus17,sad
5XaRN0fKERo5D6g23CivNx,Downtown Train,Yowshi,Downtown Train,2022-08-12,17,89600,https://open.spotify.com/track/5XaRN0fKERo5D6g23CivNx,sad
2BWcPcxeCuLYJm9hdsWnAY,Quiet Nights,Flôr,No Longer Lost,2021-06-11,16,100500,https://open.spotify.com/track/2BWcPcxeCuLYJm9hdsWnAY,sad
4XVma5kyGtHlbkH7JkbjNP,November Nights,Shou,Digital Dreams,2020-11-19,16,135529,https://open.spotify.com/track/4XVma5kyGtHlbkH7JkbjNP,sad
2zO2rpIeF28MZwlQbvzNeS,Glory,Klein,Glory,2025-05-26,14,97071,https://open.spotify.com/track/2zO2rpIeF28MZwlQbvzNeS,sad
1KMDrHqaWpEc9AmvT7SZo9,In The Midnight Hour,Wolly,In The Midnight Hour,2022-08-12,20,94500,https://open.spotify.com/track/1KMDrHqaWpEc9AmvT7SZo9,sad
5WMeSMQlCxRGXiWV0dSW2h,End Game,Tashi,Vibes,2021-10-27,16,106046,https://open.spotify.com/track/5WMeSMQlCxRGXiWV0dSW2h,sad
3fW8TptKZ29ARUTa4myIjy,Kids With Glasses,Idyllic,Beautiful Fantasy,2020-12-14,16,114545,https://open.spotify.com/track/3fW8TptKZ29ARUTa4myIjy,sad
3vFybFy92hKjkUFGHqM6dP,Never Come Back,Dreams For Two,Crayons,2021-09-09,16,96000,https://open.spotify.com/track/3vFybFy92hKjkUFGHqM6dP,sad
6yQIwVXH2o9ACnpEyqhD66,Endless Seas,Loodwig,Coastline,2021-11-08,16,89000,https://open.spotify.com/track/6yQIwVXH2o9ACnpEyqhD66,sad
6eUAtjy8zwU9N7nvwDVG3G,Landslide,Wells,Landslide,2022-04-11,16,92842,https://open.spotify.com/track/6eUAtjy8zwU9N7nvwDVG3G,sad
4zCHB6t6GX2fnoM5elA6oM,Float Away,just johnny,Azul,2021-07-19,16,118620,https://open.spotify.com/track/4zCHB6t6GX2fnoM5elA6oM,sad
1vCztqkaPSUuOdmNBoS077,Her Eyes,Whimsical,Bread Crumbs,2020-12-04,16,136000,https://open.spotify.com/track/1vCztqkaPSUuOdmNBoS077,sad
7nIhOxOTDTsx3yNXZmOqh5,breeze,snow.,for you…,2021-11-29,16,90810,https://open.spotify.com/track/7nIhOxOTDTsx3yNXZmOqh5,sad
6QF0J9IrRA1hKlfDDmtPKr,summertime,heavn,summertime,2022-09-09,16,86124,https://open.spotify.com/track/6QF0J9IrRA1hKlfDDmtPKr,sad
02n037HFNKCYpPhMcg89g5,Ride Or Die,Cashmere,Little Victories and Happy Coincidences,2021-10-27,15,94945,https://open.spotify.com/track/02n037HFNKCYpPhMcg89g5,sad
4zXF93BOQAflIdbPy4nN09,Sur La Mer,"Murmur, Akasha, Natsu",Sur La Mer,2021-03-12,17,134285,https://open.spotify.com/track/4zXF93BOQAflIdbPy4nN09,sad
16N2a6EpxWZaBGyW1N9AfU,Flamingos,softhead,Night Sounds,2021-06-11,19,131428,https://open.spotify.com/track/16N2a6EpxWZaBGyW1N9AfU,sad
6DqlnMHuTQpMTgy3rftSqQ,Turn The Page,Dulcet,Turn The Page,2025-05-26,14,74666,https://open.spotify.com/track/6DqlnMHuTQpMTgy3rftSqQ,sad
22ecY0a7yS6IW8aNpUHX1H,love tape,saamson,love tape,2022-04-11,16,93176,https://open.spotify.com/track/22ecY0a7yS6IW8aNpUHX1H,sad
2wW960yOLLVfOWKXTpCBuw,Sober,nothing less,Lovers Don't Say Goodbye,2021-10-27,15,106486,https://open.spotify.com/track/2wW960yOLLVfOWKXTpCBuw,sad
5yk3A8tvvSJ2edopAGLl9P,Moonlight Reflections,Effortless,A New Chapter,2021-06-11,16,115764,https://open.spotify.com/track/5yk3A8tvvSJ2edopAGLl9P,sad
4tfRTMayGgmJPVRqGSA6HW,Scorpio,Nivla,Until Tomorrow,2021-12-27,16,103255,https://open.spotify.com/track/4tfRTMayGgmJPVRqGSA6HW,sad
5hyDlj8nmgRyHxCVcBUB3r,lavender fields,sumthin,lavender fields,2022-09-09,17,94500,https://open.spotify.com/track/5hyDlj8nmgRyHxCVcBUB3r,sad
11i2RYjlKLWhXb9WB4TEyN,Together,Juuzou,Evening Strolls,2021-11-11,16,100909,https://open.spotify.com/track/11i2RYjlKLWhXb9WB4TEyN,sad
1LN64uu1X76gRdIp7AkFkE,I'm Sorry,Natsu,I'm Sorry,2021-02-19,17,120000,https://open.spotify.com/track/1LN64uu1X76gRdIp7AkFkE,sad
1UYs5gJWEBaylyqfhQWyFw,Evenings,mëow mëow,Lotus,2021-10-27,16,108000,https://open.spotify.com/track/1UYs5gJWEBaylyqfhQWyFw,sad
0pH2M6ew8rmHwbS83cLgdm,blurry nights,majic,"I'm sorry, I'm leaving...",2021-12-27,15,99000,https://open.spotify.com/track/0pH2M6ew8rmHwbS83cLgdm,sad
3SriqPjgn8Yl49yEBHjXVz,Right Back,Lonely Boy,Right Back,2022-06-17,16,90352,https://open.spotify.com/track/3SriqPjgn8Yl49yEBHjXVz,sad
6NQs3zaz7negg1RDHS4o9Y,My Universe,eiji,Faster Than Night,2021-10-27,15,121643,https://open.spotify.com/track/6NQs3zaz7negg1RDHS4o9Y,sad
7zv0FyU4XDaSvexX8Qmmwd,End Credits,Akasha,Lone Rider,2021-06-11,16,113684,https://open.spotify.com/track/7zv0FyU4XDaSvexX8Qmmwd,sad
64TfG68mB6jiWgUhEGiOuP,how it feels to fly,blossom,pressure,2021-12-27,16,89333,https://open.spotify.com/track/64TfG68mB6jiWgUhEGiOuP,sad
5SnDH0m1DXd6CN3gZ3t7rg,all i feel is rain,yums.,all i feel is rain,2022-06-17,16,102400,https://open.spotify.com/track/5SnDH0m1DXd6CN3gZ3t7rg,sad
3oIc4cUPGQHKYl6GdahJ5E,Holiday,Rascal,Holiday,2022-04-11,16,93000,https://open.spotify.com/track/3oIc4cUPGQHKYl6GdahJ5E,sad
3M74cs3nlwPJlsRSF8v3aW,Lush,Komorebi,Midnight Thoughts,2020-11-16,17,144578,https://open.spotify.com/track/3M74cs3nlwPJlsRSF8v3aW,sad
6iCucwvzBYY9iCfDpuIzoS,Midnight Snack,her.story,Papercuts,2021-10-27,15,123000,https://open.spotify.com/track/6iCucwvzBYY9iCfDpuIzoS,sad
3YMFaZbUERjIjrfUrcCwfV,happy endings,kid.,winter.,2021-12-27,15,106666,https://open.spotify.com/track/3YMFaZbUERjIjrfUrcCwfV,sad
74IG5i3fbxljvFsB7BIDDi,Autumn Leaves,Yowshi,Autumn Leaves,2022-06-17,16,99200,https://open.spotify.com/track/74IG5i3fbxljvFsB7BIDDi,sad
2QgAzQjM9TS5BArNflU1S5,Veronica,Flôr,"Late Nights, Early Mornings",2021-09-09,16,99000,https://open.spotify.com/track/2QgAzQjM9TS5BArNflU1S5,sad
4z7YiBwflmvrBOgzezpJO9,Untold,Shou,Digital Dreams,2020-11-19,16,130588,https://open.spotify.com/track/4z7YiBwflmvrBOgzezpJO9,sad
62Szs08JL7ZZ13BdM5txwU,Lost Souls,Klein,Find My Way,2021-12-27,15,99000,https://open.spotify.com/track/62Szs08JL7ZZ13BdM5txwU,sad
09SnJEZccx2iIMfp28khni,Location,Wolly,Location,2022-06-17,16,91058,https://open.spotify.com/track/09SnJEZccx2iIMfp28khni,sad
6FhDoMFgVWCQQxmlfp8SmA,Water Drums,Tashi,Snowfall,2021-07-19,17,114545,https://open.spotify.com/track/6FhDoMFgVWCQQxmlfp8SmA,sad
64bM7SM1xoHqSYoA5z2cDo,"Yeah, Right!",Idyllic,Beautiful Fantasy,2020-12-14,15,127058,https://open.spotify.com/track/64bM7SM1xoHqSYoA5z2cDo,sad
0dXwywBsGXKqX38qnJ218K,Moral of the Story,Dreams For Two,Late Night Feelings,2021-10-27,15,89655,https://open.spotify.com/track/0dXwywBsGXKqX38qnJ218K,sad
4xCcrrWb0UBXHVi1wn2riL,3Am Phone Calls,Loodwig,Conditions,2021-12-27,16,98000,https://open.spotify.com/track/4xCcrrWb0UBXHVi1wn2riL,sad
65JhgyKM68Aq0C08Zb9Dti,Detonator,Wells,Sudden Change,2023-07-24,15,69397,https://open.spotify.com/track/65JhgyKM68Aq0C08Zb9Dti,sad
3hjgmTgRRsSAHMVg1q1DEe,Let It Snow,just johnny,Little Drummer Boy,2021-10-27,16,82285,https://open.spotify.com/track/3hjgmTgRRsSAHMVg1q1DEe,sad
01IcWlcnQvVg4vQr3eSSmS,Secret Garden,Whimsical,Bread Crumbs,2020-12-04,16,122926,https://open.spotify.com/track/01IcWlcnQvVg4vQr3eSSmS,sad
5F2KHf8ZbNotKbnXmHM38R,jazzy interlude,snow.,for you…,2021-11-29,17,96000,https://open.spotify.com/track/5F2KHf8ZbNotKbnXmHM38R,sad
0QYdMHRU65m5vVuoshIcnI,dream universe,heavn,dream universe,2022-08-12,17,96000,https://open.spotify.com/track/0QYdMHRU65m5vVuoshIcnI,sad
4ydvAeiaCORFPVPjn9MDBm,Ode To You,Cashmere,After Light,2021-07-19,16,122926,https://open.spotify.com/track/4ydvAeiaCORFPVPjn9MDBm,sad
3sNo0npI0Z6yPwstfHxAs6,Thoughts,"Murmur, Effortless, Akasha",Thoughts,2021-05-28,19,88750,https://open.spotify.com/track/3sNo0npI0Z6yPwstfHxAs6,sad
5EK9zlR2eqTjHkBWQbl22F,Night Sounds,softhead,Night Sounds,2021-06-11,16,96000,https://open.spotify.com/track/5EK9zlR2eqTjHkBWQbl22F,sad
1W5lGstgKdfOLYudtlWsZ7,Backseat,Dulcet,Sunset/Sunrise,2021-12-27,16,115200,https://open.spotify.com/track/1W5lGstgKdfOLYudtlWsZ7,sad
5gyBiM74x7xF8NiQrmWh13,my little town,saamson,my little town,2022-12-02,16,90352,https://open.spotify.com/track/5gyBiM74x7xF8NiQrmWh13,sad
6hTO3VXR8Ip3p4RPtDB4cR,How Long,nothing less,Switch Lanes,2021-09-09,15,108000,https://open.spotify.com/track/6hTO3VXR8Ip3p4RPtDB4cR,sad
7a1npvFHzQESb131ZXO721,Pure Imagination,Effortless,A New Chapter,2021-06-11,16,99000,https://open.spotify.com/track/7a1npvFHzQESb131ZXO721,sad
2ZphWo5w3KOuNMiAs10JH3,You're So Precious,Nivla,Until Tomorrow,2021-12-27,15,102666,https://open.spotify.com/track/2ZphWo5w3KOuNMiAs10JH3,sad
4JI7TWBBN4iVVLZ0FDAEiR,free spirit,sumthin,free spirit,2022-06-17,16,111666,https://open.spotify.com/track/4JI7TWBBN4iVVLZ0FDAEiR,sad
0vJMSivj0Mi7TLUT0uFhDW,Nomads,Juuzou,Evening Strolls,2021-11-11,15,104470,https://open.spotify.com/track/0vJMSivj0Mi7TLUT0uFhDW,sad
408Oy7RkeD9LzDRdtguvNC,Wasted Love,"Natsu, Murmur, Akasha",Wasted Love,2021-05-14,18,132307,https://open.spotify.com/track/408Oy7RkeD9LzDRdtguvNC,sad
4r2EsUUB0bOjWt1gby68z1,Through The Dark,mëow mëow,Soulside,2021-09-09,16,111780,https://open.spotify.com/track/4r2EsUUB0bOjWt1gby68z1,sad
5invSU9I5bpgQRGSs4pKZc,shivers,majic,"I'm sorry, I'm leaving...",2021-12-27,16,120000,https://open.spotify.com/track/5invSU9I5bpgQRGSs4pKZc,sad
78qOJsrycKfnQ6F4YkytFn,Birthday Cake,Lonely Boy,Birthday Cake,2022-04-11,16,95421,https://open.spotify.com/track/78qOJsrycKfnQ6F4YkytFn,sad
3Mp9IN5q46ZeZTzepUpZsf,Young Hearts,eiji,Calling My Phone,2021-06-11,16,106666,https://open.spotify.com/track/3Mp9IN5q46ZeZTzepUpZsf,sad
38raA1LR3dXOcqzBBExAjj,Lost,"Akasha, Effortless, Murmur",Lost,2021-05-14,15,121643,https://open.spotify.com/track/38raA1LR3dXOcqzBBExAjj,sad
4PdzYf6UVPMMNrTIgoyfZ1,breeze,blossom,pressure,2021-12-27,17,102352,https://open.spotify.com/track/4PdzYf6UVPMMNrTIgoyfZ1,sad
3fPrS27XAYuA18Wd9rJgu6,pearls,yums.,blue side,2023-07-24,15,85161,https://open.spotify.com/track/3fPrS27XAYuA18Wd9rJgu6,sad
22bE1HiydSQqr1dtKlM6ps,Sundrop,Rascal,Sundrop,2023-03-31,15,70684,https://open.spotify.com/track/22bE1HiydSQqr1dtKlM6ps,sad
4xhkA7gfOAKIRNkLxhWTOG,Nectar,Komorebi,Midnight Thoughts,2020-11-16,16,154520,https://open.spotify.com/track/4xhkA7gfOAKIRNkLxhWTOG,sad
6torbIQUQsxNIAPswl5T4c,Wonder,her.story,Better Days,2021-07-19,16,96000,https://open.spotify.com/track/6torbIQUQsxNIAPswl5T4c,sad
6rwlqN55AaE6id4cITQb4K,little things,kid.,blue,2021-11-08,16,99000,https://open.spotify.com/track/6rwlqN55AaE6id4cITQb4K,sad
4RPT3RTtQWqYQcbevIMlMo,Stand,Yowshi,Stand,2022-04-11,15,93176,https://open.spotify.com/track/4RPT3RTtQWqYQcbevIMlMo,sad
0VeslqOkpJS2R44PNOPLjJ,Angel Youth,Shou,Digital Dreams,2020-11-19,16,109714,https://open.spotify.com/track/0VeslqOkpJS2R44PNOPLjJ,sad
79p9qCOc6yrbW4nbamBIz3,Never Say Never,Klein,Find My Way,2021-12-27,16,93176,https://open.spotify.com/track/79p9qCOc6yrbW4nbamBIz3,sad
3c8ARxqGvlucNqj3kDiHES,Snag It,Wolly,Snag It,2022-12-02,19,96461,https://open.spotify.com/track/3c8ARxqGvlucNqj3kDiHES,sad
4VLdFVo0EgvfVfHcErjXa8,Ambush,Idyllic,Beautiful Fantasy,2020-12-14,16,127272,https://open.spotify.com/track/4VLdFVo0EgvfVfHcErjXa8,sad
4NuMlCizhVv9RBnk1fSM1q,The Longest Journey,Whimsical,Bread Crumbs,2020-12-04,16,116842,https://open.spotify.com/track/4NuMlCizhVv9RBnk1fSM1q,sad
4vbYGvg0pKvYVN0rOpHbjS,that's all,heavn,that's all,2023-03-31,16,94576,https://open.spotify.com/track/4vbYGvg0pKvYVN0rOpHbjS,sad
0TMGptVm4wlztPQ8GfayBa,How Long Will It Take,Murmur,Reminders,2021-06-11,16,121481,https://open.spotify.com/track/0TMGptVm4wlztPQ8GfayBa,sad
4ghKl6DCoI1sTyH1Pyk2bM,November Has Come,Dulcet,Sidewalks,2021-11-08,17,99000,https://open.spotify.com/track/4ghKl6DCoI1sTyH1Pyk2bM,sad
48qZzbK7qMjc6wijL4HhLw,Anywhere,"Effortless, Akasha, Natsu",Anywhere,2021-05-14,16,99428,https://open.spotify.com/track/48qZzbK7qMjc6wijL4HhLw,sad
0ru1ryWTjzDg6BGVfwWGUI,Tranquil Wave,"Natsu, Akasha, Effortless",Tranquil Wave,2021-05-28,16,80232,https://open.spotify.com/track/0ru1ryWTjzDg6BGVfwWGUI,sad
4Er0zcGOybPfGlh7m9xiST,underneath the christmas lights,majic,underneath the christmas lights,2021-11-29,15,121500,https://open.spotify.com/track/4Er0zcGOybPfGlh7m9xiST,sad
30FURVTCpbKyykjSEQzGkH,Back To Black,Amy Winehouse,Back To Black,2006-10-27,73,240440,https://open.spotify.com/track/30FURVTCpbKyykjSEQzGkH,sad
02CrqOYzrJR8fYOffhvRZZ,number one girl,ROSÉ,number one girl,2024-11-22,67,216442,https://open.spotify.com/track/02CrqOYzrJR8fYOffhvRZZ,sad
0ErK6K0kYr0Ow2RkPMhmMs,Shout Out to My Ex,Little Mix,Glory Days (Expanded Edition),2016-11-18,70,246240,https://open.spotify.com/track/0ErK6K0kYr0Ow2RkPMhmMs,sad
5wytbd6Hdy6xnAONNGS8Ec,We Were Young,Sad Puppy,We Were Young,2016-01-01,35,203873,https://open.spotify.com/track/5wytbd6Hdy6xnAONNGS8Ec,sad
4fouWK6XVHhzl78KzQ1UjL,abcdefu,GAYLE,abcdefu,2021-08-13,73,168601,https://open.spotify.com/track/4fouWK6XVHhzl78KzQ1UjL,sad
23T0OX7QOiIUFShSzbJ5Uo,I Hope,Gabby Barrett,Goldmine,2020-06-19,71,210772,https://open.spotify.com/track/23T0OX7QOiIUFShSzbJ5Uo,sad
3e9HZxeyfWwjeyPAMmWSSQ,"thank u, next",Ariana Grande,"thank u, next",2019-02-08,81,207320,https://open.spotify.com/track/3e9HZxeyfWwjeyPAMmWSSQ,sad
5boOfeG5brpNtAvmx8CRc5,Loved You Better (with Dean Lewis),"Jonas Brothers, Dean Lewis",Greetings From Your Hometown,2025-08-08,67,157540,https://open.spotify.com/track/5boOfeG5brpNtAvmx8CRc5,sad
3xrn9i8zhNZsTtcoWgQEAd,Since U Been Gone,Kelly Clarkson,Breakaway,2004-01-17,75,188960,https://open.spotify.com/track/3xrn9i8zhNZsTtcoWgQEAd,sad
5vTPxzm4h2bY9rYyVrGEU5,Really Don't Care,"Demi Lovato, Cher Lloyd",Demi,2013-01-01,68,201600,https://open.spotify.com/track/5vTPxzm4h2bY9rYyVrGEU5,sad
76cy1WJvNGJTj78UqeA5zr,IDGAF,Dua Lipa,Dua Lipa (Deluxe),2017-06-02,78,217946,https://open.spotify.com/track/76cy1WJvNGJTj78UqeA5zr,sad
6RX5iL93VZ5fKmyvNXvF1r,Irreplaceable,Beyoncé,B'Day Deluxe Edition,2007-05-29,71,227853,https://open.spotify.com/track/6RX5iL93VZ5fKmyvNXvF1r,sad
6Jkm5kUldvIqxzI1Pa7nXH,10 Things I Hate About You,Leah Kate,10 Things I Hate About You,2022-03-23,2,157138,https://open.spotify.com/track/6Jkm5kUldvIqxzI1Pa7nXH,sad
6ihL9TjfRjadfEePzXXyVF,Gives You Hell,The All-American Rejects,When The World Comes Down,2008-01-01,73,213106,https://open.spotify.com/track/6ihL9TjfRjadfEePzXXyVF,sad
11dxtPJKR4E0wlSr0A0t47,Potential Breakup Song,Aly & AJ,Insomniatic,2007-01-01,64,219773,https://open.spotify.com/track/11dxtPJKR4E0wlSr0A0t47,sad
32mVHdy0bi1XKgr0ajsBlG,Picture To Burn,Taylor Swift,Taylor Swift,2006-10-24,63,173066,https://open.spotify.com/track/32mVHdy0bi1XKgr0ajsBlG,sad
4DTrKnvkHtwQN6kBu4XXIF,She's So Gone,Naomi Scott,Lemonade Mouth,2011-01-01,65,186453,https://open.spotify.com/track/4DTrKnvkHtwQN6kBu4XXIF,sad
6Z165JvPnS8PYvGW8oLGLc,Flowers,Lauren Spencer Smith,Flowers,2022-04-14,67,157373,https://open.spotify.com/track/6Z165JvPnS8PYvGW8oLGLc,sad
25zXRQGuwYZdIp88fVZOPC,Wasting All These Tears,Cassadee Pope,Frame By Frame,2013-01-01,57,215640,https://open.spotify.com/track/25zXRQGuwYZdIp88fVZOPC,sad
3lBRNqXjPp2j3JMTCXDTNO,Best Thing I Never Had,Beyoncé,4,2011-06-24,67,253746,https://open.spotify.com/track/3lBRNqXjPp2j3JMTCXDTNO,sad
1n73Qe6oEprLsUNHXET2pb,Love Me or Leave Me,Little Mix,Get Weird (Expanded Edition),2015-11-06,63,206493,https://open.spotify.com/track/1n73Qe6oEprLsUNHXET2pb,sad
6PERP62TejQjgHu81OHxgM,good 4 u,Olivia Rodrigo,good 4 u,2021-05-14,22,178147,https://open.spotify.com/track/6PERP62TejQjgHu81OHxgM,sad
4ka1FkKAMde6dQAFFMXKac,i hope ur miserable until ur dead,Nessa Barrett,i hope ur miserable until ur dead,2021-08-06,63,177582,https://open.spotify.com/track/4ka1FkKAMde6dQAFFMXKac,sad
7FYH5AW3bVfZHJIQpq3UOA,I Don't Fuck With You,"Big Sean, E-40",Dark Sky Paradise,2015-02-23,74,284386,https://open.spotify.com/track/7FYH5AW3bVfZHJIQpq3UOA,sad
5YqltLsjdqFtvqE7Nrysvs,We Are Never Ever Getting Back Together (Taylor's Version),Taylor Swift,Red (Taylor's Version),2021-11-12,71,193146,https://open.spotify.com/track/5YqltLsjdqFtvqE7Nrysvs,sad
0JiY190vktuhSGN6aqJdrt,So What,P!nk,Funhouse (Expanded Edition),2008-10-24,76,215160,https://open.spotify.com/track/0JiY190vktuhSGN6aqJdrt,sad
7Lf7oSEVdzZqTA0kEDSlS5,Cry Me a River,Justin Timberlake,Justified,2002-11-04,77,288333,https://open.spotify.com/track/7Lf7oSEVdzZqTA0kEDSlS5,sad
0MMyJUC3WNnFS1lit5pTjk,"jealousy, jealousy",Olivia Rodrigo,SOUR,2021-05-21,80,173160,https://open.spotify.com/track/0MMyJUC3WNnFS1lit5pTjk,sad
32BeYxKPrig1LefHsC0Xuo,Happier Than Ever - Edit,Billie Eilish,Happier Than Ever (Edit),2021-07-28,70,151444,https://open.spotify.com/track/32BeYxKPrig1LefHsC0Xuo,sad
3HWzoMvoF3TQfYg4UPszDq,Truth Hurts,Lizzo,Cuz I Love You (Super Deluxe),2019-04-19,70,173325,https://open.spotify.com/track/3HWzoMvoF3TQfYg4UPszDq,sad
4wCmqSrbyCgxEXROQE6vtV,Somebody That I Used To Know,"Gotye, Kimbra",Making Mirrors,2011-01-01,76,244973,https://open.spotify.com/track/4wCmqSrbyCgxEXROQE6vtV,sad
16MVSD0mGI4RMQT83Qzm69,Should've Said No,Taylor Swift,Taylor Swift,2006-10-24,59,242200,https://open.spotify.com/track/16MVSD0mGI4RMQT83Qzm69,sad
6KfoDhO4XUWSbnyKjNp9c4,Maniac,Conan Gray,Kid Krow,2020-03-20,75,185773,https://open.spotify.com/track/6KfoDhO4XUWSbnyKjNp9c4,sad
4bVuIlGQBMWS7vIhcx8Ae4,What Hurts The Most,Rascal Flatts,Me And My Gang,2006-11-13,70,214106,https://open.spotify.com/track/4bVuIlGQBMWS7vIhcx8Ae4,sad
0HZhYMZOcUzZKSFwPOti6m,jar of hearts,Christina Perri,lovestrong.,2011-05-10,74,246587,https://open.spotify.com/track/0HZhYMZOcUzZKSFwPOti6m,sad
4DHcnVTT87F0zZhRPYmZ3B,Flowers,Miley Cyrus,Endless Summer Vacation,2023-03-10,6,200600,https://open.spotify.com/track/4DHcnVTT87F0zZhRPYmZ3B,sad
7FGIEAVXfegxngH9Jg6VwA,What A Shame,Leyla Blue,What A Shame,2020-12-09,58,177200,https://open.spotify.com/track/7FGIEAVXfegxngH9Jg6VwA,sad
557un1HgwYMuqfWGSTmnxw,Single Ladies (Put a Ring on It),Beyoncé,I AM...SASHA FIERCE - Platinum Edition,2008,68,192586,https://open.spotify.com/track/557un1HgwYMuqfWGSTmnxw,sad
6q3zC9dDD4lUNk8nfUztXy,Apologize,"Timbaland, OneRepublic",Shock Value,2007-01-01,77,184400,https://open.spotify.com/track/6q3zC9dDD4lUNk8nfUztXy,sad
7KokYm8cMIXCsGVmUvKtqf,Karma,Taylor Swift,Midnights,2022-10-21,75,204852,https://open.spotify.com/track/7KokYm8cMIXCsGVmUvKtqf,sad
5S9lfZu1YF8xKkgSsqL2Bd,Elastic Heart,Sia,1000 Forms Of Fear (Deluxe Version),2015-05-04,68,257200,https://open.spotify.com/track/5S9lfZu1YF8xKkgSsqL2Bd,sad
601kEkd7wm0JTgDl0EM3JU,Used to Know Me,Charli xcx,Used to Know Me,2022-03-17,40,145840,https://open.spotify.com/track/601kEkd7wm0JTgDl0EM3JU,sad
70eDxAyAraNTiD6lx2ZEnH,Ex's & Oh's,Elle King,Love Stuff,2015-02-13,75,202173,https://open.spotify.com/track/70eDxAyAraNTiD6lx2ZEnH,sad
1huvTbEYtgltjQRXzrNKGi,Don't,Ed Sheeran,x (Deluxe Edition),2014-06-21,71,219840,https://open.spotify.com/track/1huvTbEYtgltjQRXzrNKGi,sad
3DOxMCaNBNvnjSzpHUSjE3,Leave (Get Out),JoJo,JoJo,2004-06-22,4,242840,https://open.spotify.com/track/3DOxMCaNBNvnjSzpHUSjE3,sad
12KUFSHFgT0XCoiSlvdQi4,Break Free,"Ariana Grande, Zedd",My Everything (Deluxe),2014-08-22,81,214840,https://open.spotify.com/track/12KUFSHFgT0XCoiSlvdQi4,sad
731vxZpBMap84vDSqyJjf0,Players - DJ Smallz 732 - Jersey Club Remix,"Coi Leray, DJ Smallz 732",Players,2022-12-15,48,117026,https://open.spotify.com/track/731vxZpBMap84vDSqyJjf0,sad
0Mn3amMRMoabaoTf1Publ4,Confident,Demi Lovato,Confident (Deluxe Edition),2015-10-16,58,205745,https://open.spotify.com/track/0Mn3amMRMoabaoTf1Publ4,sad
6WrI0LAC5M1Rw2MnX2ZvEg,Don't Start Now,Dua Lipa,Don't Start Now,2019-10-31,73,183290,https://open.spotify.com/track/6WrI0LAC5M1Rw2MnX2ZvEg,sad
1GVF9369j7InydwGztCDIZ,Good In Goodbye,Madison Beer,Good In Goodbye,2020-01-31,53,141949,https://open.spotify.com/track/1GVF9369j7InydwGztCDIZ,sad
3RhyHYnYxuGnP8njFlNxHq,don't come back,Tate McRae,i used to think i could fly,2022-05-27,64,152784,https://open.spotify.com/track/3RhyHYnYxuGnP8njFlNxHq,sad
4r8lRYnoOGdEi6YyI5OC1o,Bye Bye Bye,*NSYNC,No Strings Attached,2000-03-21,70,200560,https://open.spotify.com/track/4r8lRYnoOGdEi6YyI5OC1o,sad
4TCL0qqKyqsMZml0G3M9IM,Telephone,"Lady Gaga, Beyoncé",The Fame Monster (Deluxe Edition),2009-11-05,71,220640,https://open.spotify.com/track/4TCL0qqKyqsMZml0G3M9IM,sad
5st5644IlBmKiiRE73UsoZ,Fuck You,Lily Allen,"It's Not Me, It's You",2009-02-06,61,219893,https://open.spotify.com/track/5st5644IlBmKiiRE73UsoZ,sad
5mFMb5OHI3cN0UjITVztCj,Rumour Has It,Adele,21,2011-01-24,66,223266,https://open.spotify.com/track/5mFMb5OHI3cN0UjITVztCj,sad
4T4NLIMypdmyUwK54jECk4,Too Little Too Late,JoJo,The High Road,2006-10-17,2,221720,https://open.spotify.com/track/4T4NLIMypdmyUwK54jECk4,sad
7lidXGPXPYLNThITAOTlkK,You should be sad,Halsey,Manic,2020-01-17,68,205473,https://open.spotify.com/track/7lidXGPXPYLNThITAOTlkK,sad
5QhBKPqsnX1uY9fZNaAtZg,Stronger,Britney Spears,Oops!... I Did It Again,2000-05-16,67,203000,https://open.spotify.com/track/5QhBKPqsnX1uY9fZNaAtZg,sad
36phXHOKx8rO7CMp2vNX4x,Love Myself,Hailee Steinfeld,HAIZ,2016-02-26,68,218773,https://open.spotify.com/track/36phXHOKx8rO7CMp2vNX4x,sad
4k80K0b6KZ2QjAYkXON7q6,Blow Me,P!nk,The Truth About Love,2012-09-18,65,255586,https://open.spotify.com/track/4k80K0b6KZ2QjAYkXON7q6,sad
0NwGC0v03ysCYINtg6ns58,Better Than Revenge (Taylor's Version),Taylor Swift,Speak Now (Taylor's Version),2023-07-07,64,220306,https://open.spotify.com/track/0NwGC0v03ysCYINtg6ns58,sad
3ikuDKc66w7CH9hRgc2KfX,All My Exes' Moms,Brooke Alexx,All My Exes' Moms,2022-08-25,3,125407,https://open.spotify.com/track/3ikuDKc66w7CH9hRgc2KfX,sad
56z2qI0gKcPthQF6l8AW3E,Bust Your Windows,Jazmine Sullivan,Fearless,2008-09-23,61,266306,https://open.spotify.com/track/56z2qI0gKcPthQF6l8AW3E,sad
0yvPEnB032fojLfVluFjUv,Sorry Not Sorry,Demi Lovato,Tell Me You Love Me,2017-09-29,71,203760,https://open.spotify.com/track/0yvPEnB032fojLfVluFjUv,sad
2PneNdtypG6XcgmWmGd9FI,These Boots Are Made for Walkin',Nancy Sinatra,Boots,2021-09-17,61,167786,https://open.spotify.com/track/2PneNdtypG6XcgmWmGd9FI,sad
2DnJjbjNTV9Nd5NOa1KGba,You're So Vain,Carly Simon,No Secrets,1972,76,258411,https://open.spotify.com/track/2DnJjbjNTV9Nd5NOa1KGba,sad
0cGG2EouYCEEC3xfa0tDFV,Tainted Love,Soft Cell,Non-Stop Erotic Cabaret,1981,79,153800,https://open.spotify.com/track/0cGG2EouYCEEC3xfa0tDFV,sad
54bFM56PmE4YLRnqpW6Tha,Therefore I Am,Billie Eilish,Therefore I Am,2020-11-12,68,174321,https://open.spotify.com/track/54bFM56PmE4YLRnqpW6Tha,sad
4pAl7FkDMNBsjykPXo91B3,Needed Me,Rihanna,ANTI (Deluxe),2016-01-28,81,191600,https://open.spotify.com/track/4pAl7FkDMNBsjykPXo91B3,sad
32765xcLM1fd6wQIpkN9A0,Hasi - Male Version,"Ami Mishra, Kunaal Vermaa",Hamari Adhuri Kahani (Original Motion Picture Soundtrack),2015-05-21,74,272668,https://open.spotify.com/track/32765xcLM1fd6wQIpkN9A0,sad
5trLYW0GIV2xESg4lbJrhY,Ek Raat,Vilen,Ek Raat,2023-04-14,65,224064,https://open.spotify.com/track/5trLYW0GIV2xESg4lbJrhY,sad
2Hu0FRBMFDmEhajRzvNN6T,Halka Halka,"Rahat Fateh Ali Khan, Rashmi Virag, Abhijit Vaghani",Halka Halka,2016-12-02,55,273214,https://open.spotify.com/track/2Hu0FRBMFDmEhajRzvNN6T,sad
1IGvo9KLLTHiW35zisOi8I,Jee Na Paaye,"Hansika Pareek, Priyankit Jaiswal, Sagnik Kolay",Jee Na Paaye,2025-07-04,55,232918,https://open.spotify.com/track/1IGvo9KLLTHiW35zisOi8I,sad
1hlbywc8Jhl1FFqJxAMabE,Ishq,"Faheem Abdullah, Rauhan Malik, Amir Ameer",Lost;Found,2024-05-25,81,224842,https://open.spotify.com/track/1hlbywc8Jhl1FFqJxAMabE,sad
3FbZoPzEaUBOD84l1FwFEH,Mujhe Peene Do,Darshan Raval,Mujhe Peene Do,2020-10-29,65,196071,https://open.spotify.com/track/3FbZoPzEaUBOD84l1FwFEH,sad
04ChFQZCKl2yRcvc0VR7qN,Chale Jaana Phir (Humko Tere Bina),"Denny, Rahul Mishra, Kunaal Vermaa",Chale Jaana Phir (Humko Tere Bina),2023-04-06,0,208933,https://open.spotify.com/track/04ChFQZCKl2yRcvc0VR7qN,sad
3T0oPETOdddxJ2xTt2qJe4,Aaya Na Tu,"Arjun Kanungo, Momina Mustehsan, Kunaal Vermaa",Aaya Na Tu,2018-06-20,60,210000,https://open.spotify.com/track/3T0oPETOdddxJ2xTt2qJe4,sad
5Wf61wso1rDW8lvhX6Ccry,Ratiyaan,"Hansika Pareek, Sagnik Kolay, Soham Majumdar",Ratiyaan,2024-07-23,61,175181,https://open.spotify.com/track/5Wf61wso1rDW8lvhX6Ccry,sad
1BIhaVQCbMqFkvzWXdTaqy,Judaiyaan,"Darshan Raval, Shreya Ghoshal",Judaiyaan,2020-10-19,42,202222,https://open.spotify.com/track/1BIhaVQCbMqFkvzWXdTaqy,sad
0loZn1c5heXie7OAtvK6nH,Humnava Mere,"Jubin Nautiyal, Manoj Muntashir",Humnava Mere,2018-05-23,72,328992,https://open.spotify.com/track/0loZn1c5heXie7OAtvK6nH,sad
32IjXlRFxNtJ4eMhKAUrSX,Kaash Aisa Hota,Darshan Raval,Kaash Aisa Hota,2019-03-21,57,212800,https://open.spotify.com/track/32IjXlRFxNtJ4eMhKAUrSX,sad
64r6z0P3RnhpTGdkA7p5Os,Ek Tarfa,Darshan Raval,Ek Tarfa,2020-07-16,60,234374,https://open.spotify.com/track/64r6z0P3RnhpTGdkA7p5Os,sad
72zHuDxFQTjbL51qJQSA7j,"Ranjha (From ""Shershaah"")","Jasleen Royal, B Praak, Romy","Ranjha (From ""Shershaah"")",2021-08-05,75,228855,https://open.spotify.com/track/72zHuDxFQTjbL51qJQSA7j,sad
0rMeOAvbQZ2RTG4B6L1M4p,Asal Mein,Darshan Raval,Asal Mein,2020-02-18,67,224240,https://open.spotify.com/track/0rMeOAvbQZ2RTG4B6L1M4p,sad
4yMbbysldl7E3WgiaugnwM,Bekhayali,"Sachet Tandon, Sachet-Parampara, Irshad Kamil",Kabir Singh,2019-06-14,53,371790,https://open.spotify.com/track/4yMbbysldl7E3WgiaugnwM,sad
0p83RJy9EZ0hlg82xcXH7f,Dilbara,"Sachet Tandon, Parampara Tandon, Navi Ferozpurwala","Dilbara (From ""Pati Patni Aur Woh"")",2019-11-27,52,247682,https://open.spotify.com/track/0p83RJy9EZ0hlg82xcXH7f,sad
1cAMFS6jmKPNrEEOc5pUSj,Dill Tutda,Jassie Gill,Dill Tutda,2017-06-22,38,240576,https://open.spotify.com/track/1cAMFS6jmKPNrEEOc5pUSj,sad
2ZvWoJ82LKCgD0nU9H5ue5,Main Tumhara,"A.R. Rahman, Jonita Gandhi, Hriday Gattani",Dil Bechara (Original Motion Picture Soundtrack),2020-07-10,53,258726,https://open.spotify.com/track/2ZvWoJ82LKCgD0nU9H5ue5,sad
6L4QbsQrP9ZiZdz9SfOSGV,Yeh Dooriyan,"Pritam, Mohit Chauhan",Love Aaj Kal (Original Motion Picture Soundtrack),2020-02-14,60,241636,https://open.spotify.com/track/6L4QbsQrP9ZiZdz9SfOSGV,sad
4RCd3Gdtt3dNedof64hqRD,"Phir Mohabbat (From ""Murder 2"")","Mohammed Irfan, Arijit Singh, Saim Bhat",Ultimate Love Songs - Arijit Singh,2020-05-19,67,329851,https://open.spotify.com/track/4RCd3Gdtt3dNedof64hqRD,sad
1SdMHj6tJp2YZ5INflJR1T,Aye Khuda,"Kshitij Tarey, Saim Bhat, Mithoon",Murder 2,2011-05-30,61,410459,https://open.spotify.com/track/1SdMHj6tJp2YZ5INflJR1T,sad
1awtp7rf6ajhGY9BgzCHeZ,"Darkhaast (feat. Arijit Singh, Sunidhi Chauhan)","Mithoon, Arijit Singh, Sunidhi Chauhan",Shivaay,2016-10-07,70,374205,https://open.spotify.com/track/1awtp7rf6ajhGY9BgzCHeZ,sad
12OPfS2D9a21qwnD8JqsN1,"Phir Na Milen Kabhi (From ""Malang - Unleash The Madness"")",Ankit Tiwari,"Phir Na Milen Kabhi (From ""Malang - Unleash The Madness"")",2020-01-28,47,299280,https://open.spotify.com/track/12OPfS2D9a21qwnD8JqsN1,sad
1WTwFMVRQvkx9fRpCKNrJ9,Tod Da E Dil,Ammy Virk,Tod Da E Dil,2020-03-29,0,157058,https://open.spotify.com/track/1WTwFMVRQvkx9fRpCKNrJ9,sad
0WNCYgCd33LnBnw22WFuq8,Bhula Dena,Mustafa Zahid,Aashiqui 2,2013-04-06,67,240723,https://open.spotify.com/track/0WNCYgCd33LnBnw22WFuq8,sad
4eFnk661RcdOuH9ajiTO3j,Banjaara,"Mohammed Irfan, Mithoon",Ek Villain,2014-05-28,69,336567,https://open.spotify.com/track/4eFnk661RcdOuH9ajiTO3j,sad
3f0wz6zcA7XkQiGm0qNF5r,"Thodi Jagah (From ""Marjaavaan"")","Arijit Singh, Tanishk Bagchi, Rashmi Virag","Thodi Jagah (From ""Marjaavaan"")",2019-10-18,68,218048,https://open.spotify.com/track/3f0wz6zcA7XkQiGm0qNF5r,sad
42WGQxg2lPIFBt8ZRHQ4Q4,Romantic Mashup 2,"Mithoon, Atif Aslam, Armaan Malik, Arijit Singh, Amaal Mallik, Salman Khan, Mohit Chauhan, Yo Yo Honey Singh, Ankit Tiwari, Sonu Nigam, Neeti Mohan, Sabri Brothers, Tulsi Kumar, Rashmi Virag, Dj Chetas",Romantic Mashup 2,2016-02-18,47,325172,https://open.spotify.com/track/42WGQxg2lPIFBt8ZRHQ4Q4,sad
1TVGIzxrXAmuhZnOn2vIC1,Tera Zikr,Darshan Raval,Hits Of Darshan Raval (Blue Family),2023-06-05,57,208500,https://open.spotify.com/track/1TVGIzxrXAmuhZnOn2vIC1,sad
2XXea7eZyOyQWHHs4s7yI2,Ek Tarfa - Reprise,Darshan Raval,Ek Tarfa - Reprise,2020-08-10,55,241599,https://open.spotify.com/track/2XXea7eZyOyQWHHs4s7yI2,sad
2wJ9d1Gfj8OqcznPAroqvh,Lo Maan Liya,Arijit Singh,Raaz Reboot,2016-08-19,65,300274,https://open.spotify.com/track/2wJ9d1Gfj8OqcznPAroqvh,sad
4r8JqkhpTb5tzSKKHnVJIJ,Tujhe Bhula Diya,"Vishal-Shekhar, Mohit Chauhan, Shekhar Ravjiani, Shruti Pathak",Anjaana Anjaani,2010-08-19,70,279429,https://open.spotify.com/track/4r8JqkhpTb5tzSKKHnVJIJ,sad
5vFQbbtozp7Krbvbjc9hKb,"Lo Maan Liya (From ""Raaz Reboot"")",Arijit Singh,Arijit Singh Broken Strings,2019-04-24,41,300274,https://open.spotify.com/track/5vFQbbtozp7Krbvbjc9hKb,sad
3LzD6F9PdMZTgNir5BL68w,"Bolna (From ""Kapoor & Sons (Since 1921)"")","Tanishk Bagchi, Arijit Singh, Asees Kaur",Yours Truly Arijit,2016-12-09,29,212832,https://open.spotify.com/track/3LzD6F9PdMZTgNir5BL68w,sad
23CkVQ84EestqfkEy4fhOQ,Baaton Ko Teri,"Arijit Singh, Himesh Reshammiya, Shabbir Ahmed",All Is Well,2015-07-20,60,280250,https://open.spotify.com/track/23CkVQ84EestqfkEy4fhOQ,sad
2PvaburAUlhNHxVhw5lvOq,"Humdard (From ""Ek Villain"")",Arijit Singh,Ultimate Love Songs - Arijit Singh,2020-05-19,68,260590,https://open.spotify.com/track/2PvaburAUlhNHxVhw5lvOq,sad
0XGyrA6dFyANKNeWUGrHEf,Kahin Door - Lofi Beats,"Sanam, SPECRO, SKETCH",Hindi Slowed Reverb Bollywood Lofi,2022-05-06,19,143812,https://open.spotify.com/track/0XGyrA6dFyANKNeWUGrHEf,sad
0KCELNf5it4kL3LGwR80cj,"Wafa Ne Bewafai (From ""Teraa Surroor"")","Arijit Singh, Neeti Mohan, Suzanne D'Mello",Arijit Singh Broken Strings,2019-04-24,53,320040,https://open.spotify.com/track/0KCELNf5it4kL3LGwR80cj,sad
1y1rQTkWmrZdJmjwuK07GC,"Kaise Hua (From ""Kabir Singh"")","Vishal Mishra, Manoj Muntashir","Kaise Hua (From ""Kabir Singh"")",2019-06-13,75,234722,https://open.spotify.com/track/1y1rQTkWmrZdJmjwuK07GC,sad
6qElTDh0OatDTUoROu0vup,"Chal Wahan Jaate Hain (From ""Chal Wahan Jaate Hain"")",Arijit Singh,Groove With Arijit Singh,2019-05-22,59,326121,https://open.spotify.com/track/6qElTDh0OatDTUoROu0vup,sad
6XpCEEa9PyONtgpXYd9obb,Mann Bharrya,B Praak,Punjabi Heartbreak Hits,2019-10-22,49,276521,https://open.spotify.com/track/6XpCEEa9PyONtgpXYd9obb,sad
0TyyNe2BGZ5UOUzSGT4pP2,Jo Tu Na Mila - Acoustic,Asim Azhar,Jo Tu Na Mila (Acoustic),2019-02-14,49,237200,https://open.spotify.com/track/0TyyNe2BGZ5UOUzSGT4pP2,sad
3Oel2uKhw6SBwZ5SfRCD6r,Mehrama - Extended,"Pritam, Darshan Raval, Antara Mitra",Love Aaj Kal (Original Motion Picture Soundtrack),2020-02-14,49,337749,https://open.spotify.com/track/3Oel2uKhw6SBwZ5SfRCD6r,sad
4gAIUEY7VkeiKQOPwIYaYb,Lily of The Valley,DANIEL,Flower,2020-02-14,64,297591,https://open.spotify.com/track/4gAIUEY7VkeiKQOPwIYaYb,sad
1bYRmNYrXbzbLq1CEBZHRe,A Piece of You,Nathaniel Constantin,A Piece of You,2023-05-29,65,237225,https://open.spotify.com/track/1bYRmNYrXbzbLq1CEBZHRe,sad
5VBjyOQzqlPNgdRPMM6prF,seasons,wave to earth,summer flows 0.02,2020-08-04,79,255998,https://open.spotify.com/track/5VBjyOQzqlPNgdRPMM6prF,sad
5mtTAScDytxMMqZj14NmlN,love.,wave to earth,0.1 flaws and all.,2023-04-20,78,307750,https://open.spotify.com/track/5mtTAScDytxMMqZj14NmlN,sad
4BNT04XPD3HK3MOCIlvbtP,cats in the cold,mage tears,cats in the cold,2022-08-17,62,166435,https://open.spotify.com/track/4BNT04XPD3HK3MOCIlvbtP,sad
4o2d8fTzsTASQDnuBBSiAL,liquid smooth (piano cover),emptiness,liquid smooth (piano cover),2025-03-28,32,75918,https://open.spotify.com/track/4o2d8fTzsTASQDnuBBSiAL,sad
736PP5LTtREkDgktNmX3Gu,Superpowers,Daniel Caesar,NEVER ENOUGH,2023-04-07,85,174512,https://open.spotify.com/track/736PP5LTtREkDgktNmX3Gu,sad
0Db8f7uikjXxH3qHe0UKoW,Comfort Chain,Instupendo,Comfort Chain,2017-01-20,72,184363,https://open.spotify.com/track/0Db8f7uikjXxH3qHe0UKoW,sad
1tuSpba0RXUMubHpAOWlMN,You and I,d4vd,Petals to Thorns,2023-05-26,61,152551,https://open.spotify.com/track/1tuSpba0RXUMubHpAOWlMN,sad
30QNjcM3Q1GnLFIIJjWQL1,Places We Won't Walk,Bruno Major,A Song For Every Moon,2017-08-31,0,169410,https://open.spotify.com/track/30QNjcM3Q1GnLFIIJjWQL1,sad
01Mjc6LbGAMiXbgoccl6Hd,Beanie,Chezile,Beanie,2024-11-08,50,132160,https://open.spotify.com/track/01Mjc6LbGAMiXbgoccl6Hd,sad
4hm33jVolpa22nzhlY72jD,Intermission,Strawberry Guy,Taking My Time to Be,2019-09-27,64,110181,https://open.spotify.com/track/4hm33jVolpa22nzhlY72jD,sad
30jui3PqevssdIVpjEWM38,Is there free breakfast here?,Hotel Ugly,Ugly Duck,2023-03-24,66,129199,https://open.spotify.com/track/30jui3PqevssdIVpjEWM38,sad
2vSbly6qjXDQtCK566MNL2,7 weeks & 3 days (liminal),emptiness,dreamcore,2024-12-13,48,123282,https://open.spotify.com/track/2vSbly6qjXDQtCK566MNL2,sad
62aaJpv0hPmj7HMc21zKwW,No Surprises,Juliana Chahayed,No Surprises,2022-09-30,0,120961,https://open.spotify.com/track/62aaJpv0hPmj7HMc21zKwW,sad
1vAdHW8mmQgt8JnxOQbCb6,eileen,Ash Randers,eileen,2025-02-14,47,168230,https://open.spotify.com/track/1vAdHW8mmQgt8JnxOQbCb6,sad
0DkpGbpCxo2u01rm4NnBDi,Bad Habit (slowed),ijustwanttodie,Bad Habit,2024-07-10,28,123616,https://open.spotify.com/track/0DkpGbpCxo2u01rm4NnBDi,sad
016z46SJwcRosW9Xb8JKmF,scars,Novulent,scars,2023-06-19,67,95002,https://open.spotify.com/track/016z46SJwcRosW9Xb8JKmF,sad
7ijipCHwLo0ZoABNxm2qp6,First Of The Year,Cuco,First Of The Year,2022-12-29,54,170873,https://open.spotify.com/track/7ijipCHwLo0ZoABNxm2qp6,sad
3bHdHirCqWShfpsNwCmmSF,those time - piano,"solitude.mp3, emptiness",those time (piano),2024-10-10,0,117000,https://open.spotify.com/track/3bHdHirCqWShfpsNwCmmSF,sad
3yuJOJZufKps4PAQsSXv6Q,Long Sardine,Oxis,Long Sardine,2025-01-02,38,112000,https://open.spotify.com/track/3yuJOJZufKps4PAQsSXv6Q,sad
00RLNHc2jkEjUoCUlFgPVT,welcome and goodbye,"Dream, Ivory",welcome and goodbye,2018-03-31,81,140643,https://open.spotify.com/track/00RLNHc2jkEjUoCUlFgPVT,sad
310L4CBc6ZsE8artIgDuna,7 weeks & 3 days (out of tune piano),emptiness,7 weeks & 3 days (out of tune piano),2025-03-14,34,60153,https://open.spotify.com/track/310L4CBc6ZsE8artIgDuna,sad
3Z6cltU0OfbUdSZtZlzKPL,Dream Girl,Crisaunt,Dream Girl,2019-02-14,68,179286,https://open.spotify.com/track/3Z6cltU0OfbUdSZtZlzKPL,sad
3wC3vPcZd2DaQTJIZERmIz,l'amore dice ciao (dreamy),emptiness,dreamcore,2024-12-13,33,171122,https://open.spotify.com/track/3wC3vPcZd2DaQTJIZERmIz,sad
1h0vtVWW5INmO7WWJmW3OB,Dramamine,Flawed Mangoes,Dramamine / Fragility,2024-04-10,0,205714,https://open.spotify.com/track/1h0vtVWW5INmO7WWJmW3OB,sad
3bXH9y487cnLfA6VWXefaB,Dawn Chorus,Thom Yorke,ANIMA,2019-06-27,52,323080,https://open.spotify.com/track/3bXH9y487cnLfA6VWXefaB,sad
104PUNFxgHGWOJYhrX9g7l,Moonlight Romance,DENKI SAMA,Moonlight Romance,2017-11-05,49,214673,https://open.spotify.com/track/104PUNFxgHGWOJYhrX9g7l,sad
44MnSCzK2nFWQvv0kjUvkW,Crashing (with Kali Uchis),"d4vd, Kali Uchis",Crashing (with Kali Uchis),2025-02-28,49,187660,https://open.spotify.com/track/44MnSCzK2nFWQvv0kjUvkW,sad
0OgOvU69S4QuJYTMlIurn0,Before spring ends（在春天消失之前）,"Wang OK, 李天责",Before Spring Ends,2024-04-03,57,178142,https://open.spotify.com/track/0OgOvU69S4QuJYTMlIurn0,sad
39sDitIeCMrVX2QyXHY46t,Blue Hair,TV Girl,Death of a Party Girl,2018-05-08,82,217000,https://open.spotify.com/track/39sDitIeCMrVX2QyXHY46t,sad
4rJHH484bHZDts51o5i2CB,I'd Rather Pretend,Bryant Barnes,VANITY,2024-07-26,72,184560,https://open.spotify.com/track/4rJHH484bHZDts51o5i2CB,sad
5MfgZBq55IjQgjwkk12itO,YKWIM? (instrumental cover) (electric guitar),"emptiness, Adonai Melodías",YKWIM? (instrumental cover) (electric guitar),2023-02-10,48,100194,https://open.spotify.com/track/5MfgZBq55IjQgjwkk12itO,sad
0JTjvbwGOoo7YIWlaAs03u,Adore You - Acoustic,Bryant Barnes,Adore You (Acoustic),2023-10-06,47,181250,https://open.spotify.com/track/0JTjvbwGOoo7YIWlaAs03u,sad
0UV5zxRMz6AO4ZwUOZNIKI,Where'd All the Time Go?,Dr. Dog,"Shame, Shame (Deluxe Edition)",2010-11-02,79,234800,https://open.spotify.com/track/0UV5zxRMz6AO4ZwUOZNIKI,sad
3tgKs3vdLNcWmBQPaeDtot,fallen down (bird sounds),emptiness,fallen down (bird sounds),2024-08-28,22,82500,https://open.spotify.com/track/3tgKs3vdLNcWmBQPaeDtot,sad
0TZejo18HlJ86OrWNsXKnw,Mrs Magic,Strawberry Guy,Mrs Magic,2019-07-24,79,208500,https://open.spotify.com/track/0TZejo18HlJ86OrWNsXKnw,sad
3EaJDYHA0KnX88JvDhL9oa,Dark Red,Steve Lacy,Dark Red,2017-02-20,86,173104,https://open.spotify.com/track/3EaJDYHA0KnX88JvDhL9oa,sad
6klFWv2xDGeTDoiKTtx4hg,Everyone Adores You (at least I do),Matt Maltese,Good Morning It's Now Tomorrow,2021-10-08,73,203133,https://open.spotify.com/track/6klFWv2xDGeTDoiKTtx4hg,sad
1hM2JGW9bdOOWVrjInb0gD,Oblivion,Lily Potter,The Archive,2019-09-06,0,133111,https://open.spotify.com/track/1hM2JGW9bdOOWVrjInb0gD,sad
7BgyWwbbybJr2IbQoI1gzH,Stevie Doesn't Wonder,Hotel Ugly,Stevie Doesn't Wonder,2021-12-07,69,164571,https://open.spotify.com/track/7BgyWwbbybJr2IbQoI1gzH,sad
4wEuNvb7oG8oZYrZPZ9rPr,Me and the Birds,Duster,Contemporary Movement,2000-08-22,67,95226,https://open.spotify.com/track/4wEuNvb7oG8oZYrZPZ9rPr,sad
4WYRJmeLtWTiZgnukm17fe,Drowning Love // Kou wo OiKakete - Chasing Kou (Piano Cover),emptiness,Drowning Love // Kou wo OiKakete - Chasing Kou (Piano Cover),2024-08-28,27,114000,https://open.spotify.com/track/4WYRJmeLtWTiZgnukm17fe,sad
4vmr6W8tSr8aDrTm5rOw33,here with me (electric guitar),emptiness,here with me (electric guitar),2024-02-20,44,41263,https://open.spotify.com/track/4vmr6W8tSr8aDrTm5rOw33,sad
19Hg1UCZaCdpHB37L7x63X,EVERYTHING,The Black Skirts,TEAM BABY,2017-05-30,66,293000,https://open.spotify.com/track/19Hg1UCZaCdpHB37L7x63X,sad
59ZkByVPAIPe0YhqIO723Y,I wish for the rain,Liana Flores,Flower of the soul,2024-06-28,57,151999,https://open.spotify.com/track/59ZkByVPAIPe0YhqIO723Y,sad
0qOCy2LqvdkMora7eZsJhQ,From the Subway Train,Vansire,Angel Youth,2018-04-26,65,57370,https://open.spotify.com/track/0qOCy2LqvdkMora7eZsJhQ,sad
1GTC0DN9LGOdP0NdvoHyX7,ゆめうつつ,Lamp,ランプ幻想,2008-12-03,67,315640,https://open.spotify.com/track/1GTC0DN9LGOdP0NdvoHyX7,sad
3HvgYuJX72wO515RG4aQz2,u and i,vhs ghost,u and i,2022-03-20,56,123506,https://open.spotify.com/track/3HvgYuJX72wO515RG4aQz2,sad
6Npi70fIzJDfntV677OCbS,ylang ylang (dreamy),emptiness,dreamcore,2024-12-13,36,147321,https://open.spotify.com/track/6Npi70fIzJDfntV677OCbS,sad
4rYUOu5vQ8pjBCYZL24Gfx,still love you (todavía),The Two Lips,still love you (todavía),2024-12-13,31,152234,https://open.spotify.com/track/4rYUOu5vQ8pjBCYZL24Gfx,sad
1exDZN0zsfDpsIKamOqmSz,Once More,d4vd,The Lost Petals,2023-09-08,58,121695,https://open.spotify.com/track/1exDZN0zsfDpsIKamOqmSz,sad
6Ijmj8Z0L31hCp5pLZnT5U,Numb,Men I Trust,Numb,2019-04-12,68,219340,https://open.spotify.com/track/6Ijmj8Z0L31hCp5pLZnT5U,sad
48DYfRG41Ovz5hLpI4rYj4,Young (slowed),ijustwanttodie,Young,2024-07-10,27,144339,https://open.spotify.com/track/48DYfRG41Ovz5hLpI4rYj4,sad
7H7NyZ3G075GqPx2evsfeb,Chamber Of Reflection,Mac DeMarco,Salad Days,2014-04-01,82,231723,https://open.spotify.com/track/7H7NyZ3G075GqPx2evsfeb,sad
7LTovppsXm7ncfRF0lA6q8,Don't Want A Love Song,Bryant Barnes,Don't Want A Love Song,2024-02-16,47,183333,https://open.spotify.com/track/7LTovppsXm7ncfRF0lA6q8,sad
4jsVLYWHeoEt8UxxFWrWCH,Coffee Breath,Sofia Mills,Coffee Breath,2017-03-08,60,163907,https://open.spotify.com/track/4jsVLYWHeoEt8UxxFWrWCH,sad
2FJiB9nx55Pd3ynPaybRlR,Let You Break My Heart Again,ijustwanttodie,Let You Break My Heart Again (slowed),2024-05-31,33,33937,https://open.spotify.com/track/2FJiB9nx55Pd3ynPaybRlR,sad
3W4U7TEgILGpq0EmquurtH,Old Love,"yuji, putri dahlia",Old Love,2022-08-19,71,249382,https://open.spotify.com/track/3W4U7TEgILGpq0EmquurtH,sad
1X4rRTUmcukPCHTI8UIkXQ,Romantic Homicide (instrumental cover) (dark core),"emptiness, love.nicotine",Romantic Homicide (instrumental cover) (electric guitar),2024-09-13,20,141000,https://open.spotify.com/track/1X4rRTUmcukPCHTI8UIkXQ,sad
6A2itXgDf96XHp9qR6oyPN,Meteor Shower,Cavetown,Cavetown,2015-11-09,64,265010,https://open.spotify.com/track/6A2itXgDf96XHp9qR6oyPN,sad
6BQPRUFGHsgtNYJxuwhktR,This Is How It Feels (with Laufey),"d4vd, Laufey",Petals to Thorns,2023-05-26,59,284305,https://open.spotify.com/track/6BQPRUFGHsgtNYJxuwhktR,sad
41siqUgvwtIPBnNWJB98Ro,Just Give Me One More Day,Alej,Just Give Me One More Day,2023-06-21,0,131204,https://open.spotify.com/track/41siqUgvwtIPBnNWJB98Ro,sad
5EJA7Rwkeuvm98CZg0XXNO,What Would I Do?,Strawberry Guy,What Would I Do?,2019-07-22,73,234000,https://open.spotify.com/track/5EJA7Rwkeuvm98CZg0XXNO,sad
0KdEx2ETCXYZeEVAZS4sJ4,wonder if you care,flyingfish,wonder if you care,2023-04-28,67,134556,https://open.spotify.com/track/0KdEx2ETCXYZeEVAZS4sJ4,sad
6qLQ0K5jkOB0QrbDwNmKg9,On Fye,"The Simps, Eyedress, zzzahara",Siblings,2022-02-14,57,127000,https://open.spotify.com/track/6qLQ0K5jkOB0QrbDwNmKg9,sad
5eNlV1bKbo1ElXD0Rg2iIv,pluto projector (melody),emptiness,pluto projector (instrumental),2024-01-08,55,71168,https://open.spotify.com/track/5eNlV1bKbo1ElXD0Rg2iIv,sad
3YX9WxSLobFMZJvIhl5pz5,The Perfect Girl,Mareux,The Perfect Girl (The Motion Retrowave Remix),2022-05-16,33,194423,https://open.spotify.com/track/3YX9WxSLobFMZJvIhl5pz5,sad
1OPkXWnIK8RYyWTp3NWvM9,Ice Melt,Crumb,Ice Melt,2021-04-30,59,148946,https://open.spotify.com/track/1OPkXWnIK8RYyWTp3NWvM9,sad
3LygqoQDY0PnV5byellgmN,Fallen Down (Reprise) (Slowed) (Reverb),emptiness,Fallen Down (Reprise) (Slowed) (Reverb),2023-02-01,52,150813,https://open.spotify.com/track/3LygqoQDY0PnV5byellgmN,sad
1m5quxLLbU42bqjgo33Y9j,Once Upon a Dream,Invadable Harmony,Once Upon a Dream,2019-09-01,1,60413,https://open.spotify.com/track/1m5quxLLbU42bqjgo33Y9j,sad
7s5VQqrjBtrBgZL4pEa46S,Romantic Lover,Eyedress,Let's Skip to the Wedding,2020-08-07,72,86739,https://open.spotify.com/track/7s5VQqrjBtrBgZL4pEa46S,sad
1Q2BQP5bR6G0ZydJItu8mq,Remember You Omnichord,Trillian,Remember You Omnichord,2021-08-29,58,160000,https://open.spotify.com/track/1Q2BQP5bR6G0ZydJItu8mq,sad
6XdoudbyF67XLcwarEPy0L,Opera House,Cigarettes After Sex,Cigarettes After Sex,2017-06-09,3,365150,https://open.spotify.com/track/6XdoudbyF67XLcwarEPy0L,sad
6GmPLustFjk54vTBzXIgXD,goodbye to the world slowed down,ijustwanttodie,goodbye to the world slowed down,2023-09-09,0,258622,https://open.spotify.com/track/6GmPLustFjk54vTBzXIgXD,sad
45rUIyDjbIqHQlf3GgzKXx,old doll but with vocal,ijustwanttodie,old doll but with vocal,2024-01-11,38,33299,https://open.spotify.com/track/45rUIyDjbIqHQlf3GgzKXx,sad
4hTPHDVo0Kj5dPktIEaYgr,homage (slowed down n rain),rika,homage (slowed down n rain),2023-10-07,32,226793,https://open.spotify.com/track/4hTPHDVo0Kj5dPktIEaYgr,sad
6Hzle86uYcpy3QkcCmMKgE,"Dream, Ivory","Dream, Ivory","Dream, Ivory",2017-03-09,64,188265,https://open.spotify.com/track/6Hzle86uYcpy3QkcCmMKgE,sad
7pPf6mbXNygh2ULQrd0qD6,No Surprises (electric guitar),emptiness,No Surprises (electric guitar),2024-02-18,32,235055,https://open.spotify.com/track/7pPf6mbXNygh2ULQrd0qD6,sad
2IOXWUlCX7JNTaFkCu0mDo,Mr. Sandman,The Chordettes,Mr Sandman,2013,0,145440,https://open.spotify.com/track/2IOXWUlCX7JNTaFkCu0mDo,sad
04izTaNGiVfd4D0wof28d1,tek it // i watch the moon,ijustwanttodie,tek it // i watch the moon (slowed),2024-03-14,24,66406,https://open.spotify.com/track/04izTaNGiVfd4D0wof28d1,sad
0sTlGEld0h8kIPZaKDYUf4,Notion,The Rare Occasions,Notion,2021-12-02,83,195120,https://open.spotify.com/track/0sTlGEld0h8kIPZaKDYUf4,sad
2R4AlwtrrkMaRKojcTIzmL,For the First Time,Mac DeMarco,This Old Dog,2017-05-05,83,182306,https://open.spotify.com/track/2R4AlwtrrkMaRKojcTIzmL,sad
2v8btiJvOzIZ3VDEV5gwhu,heather (rain) (slowed),ijustwanttodie,heather (rain) (slowed),2023-09-07,30,217680,https://open.spotify.com/track/2v8btiJvOzIZ3VDEV5gwhu,sad
1djqbYHmqtxtpi572q56JW,My Kind of Woman (slowed),ijustwanttodie,My Kind of Woman,2024-07-10,18,120580,https://open.spotify.com/track/1djqbYHmqtxtpi572q56JW,sad
1SKFUmtqIz0oJbma9K5LWK,notion (slowed) (muffled),ijustwanttodie,notion (slowed) (muffled),2023-12-25,42,126966,https://open.spotify.com/track/1SKFUmtqIz0oJbma9K5LWK,sad
5AfGSP0BDJBjBzc6t5tNV8,old doll but with vocal (slowed),ijustwanttodie,old doll but with vocal,2024-01-11,25,39973,https://open.spotify.com/track/5AfGSP0BDJBjBzc6t5tNV8,sad
7LAmsNJpBaNvNg7VZPXxSv,As the World Caves In,Sarah Cothran,As the World Caves In,2021-06-10,0,161612,https://open.spotify.com/track/7LAmsNJpBaNvNg7VZPXxSv,sad
5A7ldx7fFEEsHvl5XEnGUA,Winter Snakes,Joy Again,Joy Again,2017-01-17,40,236900,https://open.spotify.com/track/5A7ldx7fFEEsHvl5XEnGUA,sad
0jYfN0oxUjdYmAifDBORz9,Friends,Vacations,Vibes,2016,62,152360,https://open.spotify.com/track/0jYfN0oxUjdYmAifDBORz9,sad
6spHFAa393Yp7KXmaulI1H,what about me,ijustwanttodie,what about me,2023-09-07,0,181159,https://open.spotify.com/track/6spHFAa393Yp7KXmaulI1H,sad
0WQwYqmh9gJD3WtlPa6tQO,The Fall - Live,Rhye,The Fall,2012-01-01,22,269385,https://open.spotify.com/track/0WQwYqmh9gJD3WtlPa6tQO,sad
5t9BWOYBnIE3hKhFRdx0Lf,warm nights,Xori,warm nights,2022-11-25,57,98020,https://open.spotify.com/track/5t9BWOYBnIE3hKhFRdx0Lf,sad
2fM0qsEPuFaHPsD154wbSY,coffee n rain,ijustwanttodie,coffee n rain,2023-09-07,0,165123,https://open.spotify.com/track/2fM0qsEPuFaHPsD154wbSY,sad
0RD3NWnHlyBCRwgNZy8QAn,Asleep Among Endives,Ichiko Aoba,Asleep Among Endives,2021-02-03,64,306271,https://open.spotify.com/track/0RD3NWnHlyBCRwgNZy8QAn,sad
1ZLbC3gVh5Snn1qYGofvDl,Letter,TRUE,VIOLET EVERGARDEN VOCAL ALBUM Song letters,2018-03-28,15,220826,https://open.spotify.com/track/1ZLbC3gVh5Snn1qYGofvDl,sad
0fO1pBw5d9elBhAo0OleA0,7 Weeks & 3 Days,yungatita,Over You,2020-01-03,70,194000,https://open.spotify.com/track/0fO1pBw5d9elBhAo0OleA0,sad
6QeYSvYqYUsfBzsApbjDHO,Cigarettes out the Window,TV Girl,Who Really Cares,2016-02-25,85,198960,https://open.spotify.com/track/6QeYSvYqYUsfBzsApbjDHO,sad
3SeDS5sSoWnwAZvVgkdKzf,Better in the Dark,"Jordana, TV Girl",Summer's Over,2021-10-13,75,155500,https://open.spotify.com/track/3SeDS5sSoWnwAZvVgkdKzf,sad
0GSbQG9SKlpEKHSC8hF8lf,Last Minute,Sam MacPherson,Last Minute,2021-04-09,0,133253,https://open.spotify.com/track/0GSbQG9SKlpEKHSC8hF8lf,sad
1doDUiGBnzCvo5VCUq59L1,i'd rather be alone,boodahki,i'd rather be alone,2021-02-26,43,142940,https://open.spotify.com/track/1doDUiGBnzCvo5VCUq59L1,sad
5VdL9ruQPjMMuDLGB1KM7o,eyes blue x heather (slowed),nicotine,eyes blue x heather (slowed),2021-02-12,46,200125,https://open.spotify.com/track/5VdL9ruQPjMMuDLGB1KM7o,sad
0jx2hPIzs7bNveWHU2Ohzu,Eleven Weeks,Vansire,"The Rolling, Driftless North",2017-01-26,61,185682,https://open.spotify.com/track/0jx2hPIzs7bNveWHU2Ohzu,sad
3jB3vzH1WG6aiUiiLLGvly,Parfum d'étoiles,Ichiko Aoba,Windswept Adan,2020-12-02,60,172735,https://open.spotify.com/track/3jB3vzH1WG6aiUiiLLGvly,sad
3lhLML5eIwmPnw2xWKosZX,Brian is the Most Beautiful,Memo Boy,Songs & Demos 2015-2017,2021-06-04,64,225000,https://open.spotify.com/track/3lhLML5eIwmPnw2xWKosZX,sad
3iXB1yUAlmsoHCOUxt7va7,A Dream Is A Wish Your Heart Makes,"Juliana Chahayed, Hubie",A Dream Is A Wish Your Heart Makes,2022-10-28,38,95766,https://open.spotify.com/track/3iXB1yUAlmsoHCOUxt7va7,sad
6m3T4RHAMaSIKUDsxko43y,Placebo Effect,d4vd,Placebo Effect,2023-02-08,60,191493,https://open.spotify.com/track/6m3T4RHAMaSIKUDsxko43y,sad
5RUWaBLMOXxkEvn1ktRL1a,ylang ylang (slowed + reverb),emptiness,ylang ylang (slowed + reverb),2023-10-11,42,105768,https://open.spotify.com/track/5RUWaBLMOXxkEvn1ktRL1a,sad
4vgU9MGJwhgBEtlO8mMN49,Like You Do,Joji,Nectar,2020-09-24,72,240294,https://open.spotify.com/track/4vgU9MGJwhgBEtlO8mMN49,sad
3IwadYiQKN7O51JgIH9PBC,no way !,Yot Club,aquarium,2019-01-13,58,166458,https://open.spotify.com/track/3IwadYiQKN7O51JgIH9PBC,sad
0FiInivN1aBhzKM3UtHM3l,Clouds,Before You Exit,Clouds,2016-12-14,0,271846,https://open.spotify.com/track/0FiInivN1aBhzKM3UtHM3l,sad
5DQcdHeR405HU5lkf2BIBh,pluto projector (slowed + reverb),emptiness,pluto projector (slowed + reverb),2023-11-10,36,50850,https://open.spotify.com/track/5DQcdHeR405HU5lkf2BIBh,sad
5HeM1fMIphfLGrmBoV7C5s,Sparrow,The Rare Occasions,Big Whoop,2021-06-18,34,85905,https://open.spotify.com/track/5HeM1fMIphfLGrmBoV7C5s,sad
4T2zre0jqstNJ5Gt0WG9lz,Not My Responsibility,Billie Eilish,Happier Than Ever,2021-07-30,67,227679,https://open.spotify.com/track/4T2zre0jqstNJ5Gt0WG9lz,sad
1XZPtZVqcOzzxbYIR7MjQw,Ontario,"Novo Amor, Lowswimmer",Heiress,2017-11-10,67,192866,https://open.spotify.com/track/1XZPtZVqcOzzxbYIR7MjQw,sad
4qhpmaAwOP4R59YrNpVRin,paranoia ??? - Remix,"Yui, Bonjr",paranoia ???,2019-01-11,35,202458,https://open.spotify.com/track/4qhpmaAwOP4R59YrNpVRin,sad
2ukrSqd5725LMi9qQjh528,fragile tears,awfultune,michael,2019-01-19,0,226213,https://open.spotify.com/track/2ukrSqd5725LMi9qQjh528,sad
0MVeLASrPyBrC6hwwhIMwu,Even If It's a Lie - Demo,Matt Maltese,Even If It's a Lie (Demo),2015-04-27,52,237928,https://open.spotify.com/track/0MVeLASrPyBrC6hwwhIMwu,sad
3XhdWQJ4uYuJglyyNtsXTV,I Love You So (slowed),ijustwanttodie,I Love You So,2024-07-10,32,214124,https://open.spotify.com/track/3XhdWQJ4uYuJglyyNtsXTV,sad
0I1eFRytp4XRhLCjT6tZm7,I Can't Handle Change,Roar,I Can't Handle Change,2010-03-14,3,198213,https://open.spotify.com/track/0I1eFRytp4XRhLCjT6tZm7,sad
7cs7MLtAWvsdf3w5kBvfK2,Nothing's Gonna Hurt You Baby,Cigarettes After Sex,I.,2012-07-21,6,286293,https://open.spotify.com/track/7cs7MLtAWvsdf3w5kBvfK2,sad
5nkhJrwTkS2IXKup7z8d0t,Those Eyes - Slowed + Reverb,New West,Those Eyes (Alternate Versions),2022-07-20,52,273092,https://open.spotify.com/track/5nkhJrwTkS2IXKup7z8d0t,sad
2vWBUC9djv6BtiGlmKiQaH,YKWIM?,Yot Club,Bipolar,2019-05-31,77,212750,https://open.spotify.com/track/2vWBUC9djv6BtiGlmKiQaH,sad
7u17EhUM7FP082lR7NB2cP,Somewhere Only We Know,"Gustixa, rhianne",Somewhere Only We Know,2022-09-05,0,184186,https://open.spotify.com/track/7u17EhUM7FP082lR7NB2cP,sad
6tDDoYIxWvMLTdKpjFkc1B,telepatía,Kali Uchis,Sin Miedo (del Amor y Otros Demonios) ∞,2020-12-04,82,160191,https://open.spotify.com/track/6tDDoYIxWvMLTdKpjFkc1B,sad
2IAR0DziHCjSu16gR4ihvy,Nothing,Bruno Major,To Let A Good Thing Die,2020-06-05,0,162797,https://open.spotify.com/track/2IAR0DziHCjSu16gR4ihvy,sad
2R4LPYpXEyfmE1v9Fm4WzL,"lonely, im mr lonely",ijustwanttodie,"lonely, im mr lonely",2023-09-20,0,217440,https://open.spotify.com/track/2R4LPYpXEyfmE1v9Fm4WzL,sad
2Ye7n45HOqv3tdwBd7WNnN,pluto projector (slowed to prefect),emptiness,pluto projector (instrumental),2024-01-08,32,58952,https://open.spotify.com/track/2Ye7n45HOqv3tdwBd7WNnN,sad
5UJNi8FRW5L5pRV7CBCUeL,oh simple things,ijustwanttodie,oh simple things,2023-09-07,0,246528,https://open.spotify.com/track/5UJNi8FRW5L5pRV7CBCUeL,sad
1gH1h30wkQdd9zhY3j7a8T,THE SHADE,Rex Orange County,WHO CARES?,2022-03-11,74,181506,https://open.spotify.com/track/1gH1h30wkQdd9zhY3j7a8T,sad
2OR29bTCjzyPuPuHiB0fJC,Did You Ever Hurt for Me?,Jess Benko,"Do You Love Me, or Are You Just Lonely?",2019-07-19,38,341819,https://open.spotify.com/track/2OR29bTCjzyPuPuHiB0fJC,sad
3x4EchQW27hxn1ocAVQ3mO,"where is my love (i got a fear, in my blood)",lofi.sad,"where is my love (i got a fear, in my blood)",2021-11-03,27,266893,https://open.spotify.com/track/3x4EchQW27hxn1ocAVQ3mO,sad
6KWqDGRYrY4T7sRdDhTnOX,Full Moon,"OVN, chrln",Full Moon,2020-03-20,38,121385,https://open.spotify.com/track/6KWqDGRYrY4T7sRdDhTnOX,sad
5LrN7yUQAzvthd4QujgPFr,Here With Me,d4vd,Petals to Thorns,2023-05-26,74,242484,https://open.spotify.com/track/5LrN7yUQAzvthd4QujgPFr,sad
0riQ5biFBQYCclYUACchr0,girl,salvia palth,melanchole,2014-07-01,0,157648,https://open.spotify.com/track/0riQ5biFBQYCclYUACchr0,sad
0aVM2DspPoHNTDBm7ehySx,Necromancer,Joy Again,Joy Again,2017-01-17,50,153573,https://open.spotify.com/track/0aVM2DspPoHNTDBm7ehySx,sad
3Mmt4wAMtWRmObAxbejpPe,Sleep Thru Ur Alarms,Lontalius,Surrender (2014 - 2017),2019-04-26,64,112863,https://open.spotify.com/track/3Mmt4wAMtWRmObAxbejpPe,sad
7nnpU2iHbi2k23GNPJMKUM,far away from here,yaeow,far away from here,2020-01-01,0,132800,https://open.spotify.com/track/7nnpU2iHbi2k23GNPJMKUM,sad
3x1edFtdUWSV6bFmAdHO3u,disappear,demxntia,disappear,2018-03-17,40,109741,https://open.spotify.com/track/3x1edFtdUWSV6bFmAdHO3u,sad
7L4cEmUjEOdmiRHTPcNWE2,gone gone gone - dream edit,HONNE,nswy: dream edits,2020-11-12,29,189261,https://open.spotify.com/track/7L4cEmUjEOdmiRHTPcNWE2,sad
79rfskJwK9NLN3p5cdccth,Intolewd,Matt Maltese,Krystal,2020-11-20,63,79989,https://open.spotify.com/track/79rfskJwK9NLN3p5cdccth,sad
4jNQkWhuzqrbqQuqanFFJ6,Where Is My Mind,Maxence Cyrin,Novö Piano,2010-04-12,62,165160,https://open.spotify.com/track/4jNQkWhuzqrbqQuqanFFJ6,sad
5BqwC9kOBbqYkzdOKeXFFk,for lovers who hesitate,JANNABI,LEGEND,2019-03-13,60,265000,https://open.spotify.com/track/5BqwC9kOBbqYkzdOKeXFFk,sad
27LhV4J4LBLbPKqFslBk04,Violet Snow (Original Ver.),結城アイラ,VIOLET EVERGARDEN VOCAL ALBUM Song letters,2018-03-28,4,209586,https://open.spotify.com/track/27LhV4J4LBLbPKqFslBk04,sad
0PysvqxlGX0AvoigxA7wLt,And She Will Miss You,Lemmy Alone,And She Will Miss You,2020-08-23,31,199209,https://open.spotify.com/track/0PysvqxlGX0AvoigxA7wLt,sad
6yDx1pO9r5sjMDRYeS9lhn,I'm Just Really Tired Ok,FLOOR CRY,I'm Just Really Tired Ok,2018-03-06,21,215144,https://open.spotify.com/track/6yDx1pO9r5sjMDRYeS9lhn,sad
51fMzpQpLMmeRP9qpekMRR,MINE,awfultune,MINE,2019-02-12,0,175354,https://open.spotify.com/track/51fMzpQpLMmeRP9qpekMRR,sad
0aaZ31WkPX8g6cvBdzBLUY,Moon River,Racoon Racoon,Moon River,2021-05-28,19,119544,https://open.spotify.com/track/0aaZ31WkPX8g6cvBdzBLUY,sad
59Bc4RPzSL3nYPANh25a6J,My Jinji,落日飛車 Sunset Rollercoaster,JINJI KIKKO,2016-03-01,0,400560,https://open.spotify.com/track/59Bc4RPzSL3nYPANh25a6J,sad
06yuShwZF9qkru7PAfv2JK,Less and Less,Matt Maltese,Bad Contestant,2018-06-08,52,248741,https://open.spotify.com/track/06yuShwZF9qkru7PAfv2JK,sad
28Obqqr7EtnSNul1TJiQcX,Oh Love,Delaney Bailey,Oh Love,2022-04-29,0,164666,https://open.spotify.com/track/28Obqqr7EtnSNul1TJiQcX,sad
1Znlc3UZAbSodFaMBjdpsX,love yourself (interlude),XXXTENTACION,?,2018-03-16,54,48422,https://open.spotify.com/track/1Znlc3UZAbSodFaMBjdpsX,sad
3zksbXteOCeSusJ5Xltr3t,Bubble Gum,Clairo,Bubble Gum,2019-02-22,74,175960,https://open.spotify.com/track/3zksbXteOCeSusJ5Xltr3t,sad
2x1WEoFMUqVP5Jh7dDGv2m,i say goodbye soon,ijustwanttodie,i say goodbye soon,2023-09-07,0,270528,https://open.spotify.com/track/2x1WEoFMUqVP5Jh7dDGv2m,sad
09j3ddmbciuFVeXteqwtmt,green to blue,"emptiness, love.nicotine",green to blue,2023-12-08,0,134357,https://open.spotify.com/track/09j3ddmbciuFVeXteqwtmt,sad
1FWsomP9StpCcXNWmJk8Cl,K.,Cigarettes After Sex,Cigarettes After Sex,2017-06-09,10,320030,https://open.spotify.com/track/1FWsomP9StpCcXNWmJk8Cl,sad
7gdGFqMtL5XFHRP36N2Qdb,"always, and forever (with my little sister)",yaeow,don't overthink it,2021-09-17,0,98666,https://open.spotify.com/track/7gdGFqMtL5XFHRP36N2Qdb,sad
7pKfPomDEeI4TPT6EOYjn9,Imagine - Remastered 2010,John Lennon,Imagine,1971-09-09,77,187866,https://open.spotify.com/track/7pKfPomDEeI4TPT6EOYjn9,sad
5LvZe8erHQJvivxAQeqYPe,no song without you - london session,HONNE,nswy: dream edits,2020-11-12,32,192268,https://open.spotify.com/track/5LvZe8erHQJvivxAQeqYPe,sad
03rZ4jEeqvKjrqdRHPZmpp,Change,Sjowgren,Change,2021-01-22,33,90227,https://open.spotify.com/track/03rZ4jEeqvKjrqdRHPZmpp,sad
3HAsf0o0TJY9WL4zKCzE3u,free love - dream edit,HONNE,nswy: dream edits,2020-11-12,47,249944,https://open.spotify.com/track/3HAsf0o0TJY9WL4zKCzE3u,sad
1lusH0zFDRV1ThaFYsUgfi,Affection,Cigarettes After Sex,Affection,2015-01-01,1,311000,https://open.spotify.com/track/1lusH0zFDRV1ThaFYsUgfi,sad
3qpyxgH65qNhJ9hLS2gWrS,Origami,The Rare Occasions,Big Whoop,2021-06-18,62,174182,https://open.spotify.com/track/3qpyxgH65qNhJ9hLS2gWrS,sad
2r8aJg4y99Cm0kMiSbEqVA,ylang ylang (slowed + reverb to max),emptiness,ylang ylang (slowed + reverb),2023-10-11,18,137472,https://open.spotify.com/track/2r8aJg4y99Cm0kMiSbEqVA,sad
3GahMRXI3rL2JVeSLZBRnF,Warned You,Good Morning,Shawcross,2014-11-14,56,136032,https://open.spotify.com/track/3GahMRXI3rL2JVeSLZBRnF,sad
54njbKHSMnMnKtcDrvuLGG,Asleep Among Endives (slowed),"emptiness, ijustwanttodie",Asleep Among Endives,2024-02-07,18,133370,https://open.spotify.com/track/54njbKHSMnMnKtcDrvuLGG,sad
1kvkYrjZh561EJwERr8EsK,perfume,mehro,SKY ON FIRE,2021-03-25,52,149668,https://open.spotify.com/track/1kvkYrjZh561EJwERr8EsK,sad
7a7gUCiBV0dgXziowAlR96,As It Was,"Vancouver Sleep Clinic, Pop Goes Ambient, Amelia Magdalena",As It Was,2022-09-23,42,190000,https://open.spotify.com/track/7a7gUCiBV0dgXziowAlR96,sad
6uPSExSu4Xt7HrtJRR1a2P,Try to Be Better (Again),"Rnla, yaeow",Try to Be Better (Again),2020-04-08,0,140982,https://open.spotify.com/track/6uPSExSu4Xt7HrtJRR1a2P,sad
6ilc4vQcwMPlvAHFfsTGng,Sweet,Cigarettes After Sex,Cigarettes After Sex,2017-06-09,9,292110,https://open.spotify.com/track/6ilc4vQcwMPlvAHFfsTGng,sad
0SpkyS1Q4MD8GaVcP5YjT4,Sunsetz,Cigarettes After Sex,Cigarettes After Sex,2017-06-09,10,215150,https://open.spotify.com/track/0SpkyS1Q4MD8GaVcP5YjT4,sad
2fhOljbX79loRcdl47SFye,Moonlight on the River,Mac DeMarco,This Old Dog,2017-05-05,78,422613,https://open.spotify.com/track/2fhOljbX79loRcdl47SFye,sad
709p9UGPAuyImWf1Z3vjRo,Let You Break My Heart Again,"Laufey, Philharmonia Orchestra",Let You Break My Heart Again,2021-08-13,78,269066,https://open.spotify.com/track/709p9UGPAuyImWf1Z3vjRo,sad
3sslYZcFKtUvIEWN9lADgr,First Love/Late Spring,Mitski,Bury Me At Makeout Creek,2014-11-11,76,278640,https://open.spotify.com/track/3sslYZcFKtUvIEWN9lADgr,sad
790xAaylcgzyKm40GM95Gl,missin something,Zach Templar,orange blood,2023-02-02,69,145833,https://open.spotify.com/track/790xAaylcgzyKm40GM95Gl,sad
6sqQU6gsVZd19w5vsix2QA,papercut,Liana Flores,recently,2019-04-10,53,133225,https://open.spotify.com/track/6sqQU6gsVZd19w5vsix2QA,sad
4s6LhHAV5SEsOV0lC2tjvJ,California Dreamin' - Single Version,The Mamas & The Papas,If You Can Believe Your Eyes & Ears,1966-03,78,162373,https://open.spotify.com/track/4s6LhHAV5SEsOV0lC2tjvJ,sad
2P91MQbaiQOfbiz9VqhqKQ,I Like Me Better,Lauv,I met you when I was 18. (the playlist),2018-05-31,3,197436,https://open.spotify.com/track/2P91MQbaiQOfbiz9VqhqKQ,sad
4nvNMMV4CB861GQNPdvR0Z,Bring Me Back,Joe Jenneman,Bring Me Back,2023-12-01,39,165211,https://open.spotify.com/track/4nvNMMV4CB861GQNPdvR0Z,sad
53sP1SMcubKnWw3OwzFJG9,The Villain,Joe Jenneman,The Villain,2024-06-07,31,221220,https://open.spotify.com/track/53sP1SMcubKnWw3OwzFJG9,sad
77KnJc8o5G1eKVwX5ywMeZ,Mind Over Matter (Reprise),Young the Giant,Mirrorball / Mind Over Matter (Reprise),2015-04-18,74,230866,https://open.spotify.com/track/77KnJc8o5G1eKVwX5ywMeZ,sad
1v1oIWf2Xgh54kIWuKsDf6,Runaway,AURORA,All My Demons Greeting Me As A Friend (Deluxe),2016-03-11,77,248826,https://open.spotify.com/track/1v1oIWf2Xgh54kIWuKsDf6,sad
11X4Gw3T4hoktVruLgTnm1,Heartbeats,José González,Veneer,2003-07-02,0,160240,https://open.spotify.com/track/11X4Gw3T4hoktVruLgTnm1,sad
0SuG9kyzGRpDqrCWtgD6Lq,Give Me Love,Ed Sheeran,+,2011-09-09,69,526386,https://open.spotify.com/track/0SuG9kyzGRpDqrCWtgD6Lq,sad
11VwZwNF29HrqwalYUMitb,Pale Blue Eyes,The Velvet Underground,The Velvet Underground (45th Anniversary),1969,63,339533,https://open.spotify.com/track/11VwZwNF29HrqwalYUMitb,sad
0cgWTzGYVUWELohSykTxrb,Moi c'est,Camélia Jordana,Camelia Jordana,2010-03-24,54,170893,https://open.spotify.com/track/0cgWTzGYVUWELohSykTxrb,sad
4B6XjmOWI55np7y4MUTXDu,La Seine - Extrait de la bande originale un monstre à Paris,"Vanessa Paradis, -M-",Best Of & Variations,2019-11-29,64,167520,https://open.spotify.com/track/4B6XjmOWI55np7y4MUTXDu,sad
54xCHls6J8UHf6tLw7q4wc,Already Falling,Puma Blue,In Praise Of Shadows,2021-02-05,41,255972,https://open.spotify.com/track/54xCHls6J8UHf6tLw7q4wc,sad
0O0bttAxJKKWqAqY2Nq4mC,Falling In Love,Cigarettes After Sex,Cry,2019-10-25,49,245840,https://open.spotify.com/track/0O0bttAxJKKWqAqY2Nq4mC,sad
6X4PNtfFJBOAkqUudR6ItT,Opiate,Puma Blue,In Praise Of Shadows,2021-02-05,42,151580,https://open.spotify.com/track/6X4PNtfFJBOAkqUudR6ItT,sad
72e6JJBQ6kiFVjLyGuxIBT,Soft Porn,Puma Blue,Soft Porn,2017-05-24,0,151920,https://open.spotify.com/track/72e6JJBQ6kiFVjLyGuxIBT,sad
6wlE3bzVQqcCKjT0NfyI34,In a Mood,TheSecondSex,In a Mood,2017-10-21,45,247500,https://open.spotify.com/track/6wlE3bzVQqcCKjT0NfyI34,sad
0ZvWdGaWqnPs99z1Xso8YG,Noche Oscura,Feng Suave,Feng Suave,2017-10-04,43,285632,https://open.spotify.com/track/0ZvWdGaWqnPs99z1Xso8YG,sad
0ZNYGrmcehorhh9JOeg5Iv,"Stay Alive - From ""The Secret Life of Walter Mitty"" Soundtrack",José González,Stay Alive (From The Secret Life Of Walter Mitty),2013-01-01,69,266906,https://open.spotify.com/track/0ZNYGrmcehorhh9JOeg5Iv,sad
2bdh8ALxBeuvpnuoh37BDn,Crosses,José González,Veneer,2003-07-02,0,161840,https://open.spotify.com/track/2bdh8ALxBeuvpnuoh37BDn,sad
0Oqc0kKFsQ6MhFOLBNZIGX,Doin' Time,Lana Del Rey,Norman Fucking Rockwell!,2019-08-30,77,202192,https://open.spotify.com/track/0Oqc0kKFsQ6MhFOLBNZIGX,sad
40XwcZVS7Oh7VvBuOWrgkk,In Luv With U,Finn,In Luv With U,2017-08-17,48,273059,https://open.spotify.com/track/40XwcZVS7Oh7VvBuOWrgkk,sad
7ouhxQWHDAu325U6pEhT1f,Drift Away Omnichord,Trillian,Drift Away Omnichord,2021-08-13,60,193018,https://open.spotify.com/track/7ouhxQWHDAu325U6pEhT1f,sad
2b6VK3Re0nON3sLFLK1qQa,Lust,Puma Blue,Lust,2018-10-29,0,262093,https://open.spotify.com/track/2b6VK3Re0nON3sLFLK1qQa,sad
5M4yti0QxgqJieUYaEXcpw,Eventually,Tame Impala,Currents,2015-07-17,78,318591,https://open.spotify.com/track/5M4yti0QxgqJieUYaEXcpw,sad
4ngMatPdF3yQ51G4UKwx9M,Albert Camus,Tom Rosenthal,Albert Camus,2020-06-19,43,200558,https://open.spotify.com/track/4ngMatPdF3yQ51G4UKwx9M,sad
5xo8RrjJ9CVNrtRg2S3B1R,Motion Sickness,Phoebe Bridgers,Stranger in the Alps,2017-09-22,75,229760,https://open.spotify.com/track/5xo8RrjJ9CVNrtRg2S3B1R,sad
7sIx70dGj3VBiHWr0KZXfD,Blondie,Current Joys,Wild Heart,2013-01-02,2,194733,https://open.spotify.com/track/7sIx70dGj3VBiHWr0KZXfD,sad
6hzEumHWNUVB0VWobDBT6x,Choking on Flowers,Fox Academy,Elsie,2015-07-15,55,208848,https://open.spotify.com/track/6hzEumHWNUVB0VWobDBT6x,sad
4tXzPOr4UaBoA7k7pnpJI1,My Kind Of Woman,Mac DeMarco,2,2013-08-09,0,190848,https://open.spotify.com/track/4tXzPOr4UaBoA7k7pnpJI1,sad
0KmgJyW4GDgonqsoyx0CZ3,Astronomy,Conan Gray,Astronomy,2021-05-07,61,243907,https://open.spotify.com/track/0KmgJyW4GDgonqsoyx0CZ3,sad
0jsXpJsdXhnwnwnCLKjYLF,Vanilla Baby,Billie Marten,Feeding Seahorses by Hand,2019-04-26,53,255426,https://open.spotify.com/track/0jsXpJsdXhnwnwnCLKjYLF,sad
0DwaOWI1kC2s98qLj0LTDd,La Lune,Billie Marten,Writing of Blues and Yellows (Deluxe Version),2016-09-23,63,187266,https://open.spotify.com/track/0DwaOWI1kC2s98qLj0LTDd,sad
1byz2Dig9pILIfya2X1WGS,Cherub,Ball Park Music,Cherub,2020-08-27,35,328973,https://open.spotify.com/track/1byz2Dig9pILIfya2X1WGS,sad
6nGeLlakfzlBcFdZXteDq7,Love Story,Indila,Mini World,2014-01-01,77,316280,https://open.spotify.com/track/6nGeLlakfzlBcFdZXteDq7,sad
7svpAkwc6xaSxlbZ7V7JiS,i was all over her,salvia palth,melanchole,2014-07-01,3,161462,https://open.spotify.com/track/7svpAkwc6xaSxlbZ7V7JiS,sad
1hrar0wbUsvgSUpUXR5Wq0,Only,RY X,Dawn,2016-05-06,0,268455,https://open.spotify.com/track/1hrar0wbUsvgSUpUXR5Wq0,sad
7qFtcljd0PZ5kJZos70YjT,chance with you,mehro,SKY ON FIRE,2021-03-25,65,215515,https://open.spotify.com/track/7qFtcljd0PZ5kJZos70YjT,sad
2QFyOnJfJ49OnNgMvKXvTM,Turning Page,Sydney Rose,Turning Page,2020-09-30,58,218451,https://open.spotify.com/track/2QFyOnJfJ49OnNgMvKXvTM,sad
69HtIh3rYIoeP8AHtvapJF,To Be This High,Joe Jenneman,To Be This High,2024-03-22,31,170254,https://open.spotify.com/track/69HtIh3rYIoeP8AHtvapJF,sad
2JAiwcWRLIRI4uiroJ86U7,Fall in Love with You.,Montell Fish,Fall in Love with You.,2021-11-05,62,132000,https://open.spotify.com/track/2JAiwcWRLIRI4uiroJ86U7,sad
27rlIFzVI6vn4zj4GeiTI8,Coffee Cups and Cigarettes,Tomo,Coffee Cups and Cigarettes,2020-09-25,0,207598,https://open.spotify.com/track/27rlIFzVI6vn4zj4GeiTI8,sad
2keT649m2xIywngAVJHsuC,Forever & Always,Zeph,Forever & Always,2018-12-26,0,249704,https://open.spotify.com/track/2keT649m2xIywngAVJHsuC,sad
6XyjwF7CAwuEaW77noJr6I,Sleep Apnea,Beach Fossils,Clash the Truth,2013-02-19,53,146293,https://open.spotify.com/track/6XyjwF7CAwuEaW77noJr6I,sad
7KHQtpLpoIV3Wfu22YQT8y,Present Tense,Radiohead,A Moon Shaped Pool,2016-05-08,60,306581,https://open.spotify.com/track/7KHQtpLpoIV3Wfu22YQT8y,sad
7yTeopUxZZrDc31m6AfwWo,Pick and Choose,Daniel Nunnelee,Pick and Choose,2022-02-04,0,163636,https://open.spotify.com/track/7yTeopUxZZrDc31m6AfwWo,sad
1H7zdcRD0gLGQY0w5ejGgX,Lovers Rock,TV Girl,French Exit,2014-06-05,1,213920,https://open.spotify.com/track/1H7zdcRD0gLGQY0w5ejGgX,sad
6d38ByE8Ee1uHeDz4JJNJW,El Invento,José González,Local Valley,2021-09-17,0,153413,https://open.spotify.com/track/6d38ByE8Ee1uHeDz4JJNJW,sad
01TyFEZu6mHbffsVfxgrFn,Show Me How,Men I Trust,Show Me How,2018-02-28,3,215110,https://open.spotify.com/track/01TyFEZu6mHbffsVfxgrFn,sad
1kKHlRNEXpIkYARjFXGmnm,Blue Hippo,Maya Hawke,Blue Hippo,2021-12-07,33,199711,https://open.spotify.com/track/1kKHlRNEXpIkYARjFXGmnm,sad
41mclLjggl2nmbYpRisKrh,Chateau (Feel Alright),Djo,Twenty Twenty,2019-09-13,0,272157,https://open.spotify.com/track/41mclLjggl2nmbYpRisKrh,sad
7zkLpY72g6lKQbiHDqri1S,Sunrise,Norah Jones,Feels Like Home,2004-01-01,73,200626,https://open.spotify.com/track/7zkLpY72g6lKQbiHDqri1S,sad
44alNkXsYnTyPnkMdohBcx,Bloom (Online Bonus Track),The Paper Kites,Woodland,2011-07-01,65,209816,https://open.spotify.com/track/44alNkXsYnTyPnkMdohBcx,sad
5Ewz5ms8XpjtkihWFLnJJs,Paint,The Paper Kites,Young North,2012-09-07,54,191773,https://open.spotify.com/track/5Ewz5ms8XpjtkihWFLnJJs,sad
6MlkAE5cSjfgOch8zc2eK5,"I, Nietzsche - acoustic",Fenne Lily,"I, Nietzsche (acoustic)",2021-07-21,0,154730,https://open.spotify.com/track/6MlkAE5cSjfgOch8zc2eK5,sad
3r5sGhdmixgbeYpVnoXPXn,<restart>,Oscar Lang,To Whom It May Concern,2018-08-17,39,235973,https://open.spotify.com/track/3r5sGhdmixgbeYpVnoXPXn,sad
5KYUVIEv6s9e1OLXo7unvU,Light Years,Duster,Capsule Losing Contact,2019-03-22,44,218760,https://open.spotify.com/track/5KYUVIEv6s9e1OLXo7unvU,sad
7xztI3ccyUdEYqKYABkMQM,Lift,Radiohead,OK Computer OKNOTOK 1997 2017,2017-06-23,61,246840,https://open.spotify.com/track/7xztI3ccyUdEYqKYABkMQM,sad
4yPZ09J6qrvUkIXziiIPxx,simple shapes,slenderbodies,simple shapes,2022-06-10,24,168900,https://open.spotify.com/track/4yPZ09J6qrvUkIXziiIPxx,sad
2uJ6iDuyoWXtMa0KvebF4C,Ava,Famy,Teen Wolf (Original Television Soundtrack),2017-09-15,53,238946,https://open.spotify.com/track/2uJ6iDuyoWXtMa0KvebF4C,sad
1K0AENxzuLi4M420wUlvPT,Unrequited Love (& other clichés),Breakup Shoes,Unrequited Love (& other clichés),2018-03-01,51,286012,https://open.spotify.com/track/1K0AENxzuLi4M420wUlvPT,sad
5TFGStvx07PrdqAwCqcfk1,When You Wash Your Hair,Matt Maltese,Krystal,2020-11-20,48,192648,https://open.spotify.com/track/5TFGStvx07PrdqAwCqcfk1,sad
5th1bFGGaXLM7wDBJpcF06,Booster Seat,Spacey Jane,Sunlight,2020-06-12,1,268880,https://open.spotify.com/track/5th1bFGGaXLM7wDBJpcF06,sad
0HICmyLJANMaAjSMSqEZUj,Ataraxia,Novo Amor,You Are Here / Ataraxia,2022-07-22,36,199960,https://open.spotify.com/track/0HICmyLJANMaAjSMSqEZUj,sad
4cLdpErILMO8Db8pQVAVcZ,Mascara,Deftones,Around the Fur,1997-10-27,74,225293,https://open.spotify.com/track/4cLdpErILMO8Db8pQVAVcZ,sad
4A83pTZrdDf37GMuSCEQTk,When My Life Is Over,Banes World,When My Life Is Over,2020-09-22,0,140677,https://open.spotify.com/track/4A83pTZrdDf37GMuSCEQTk,sad
5VYBergVrUDcb8QyEg70cF,Keep on Loving You,Cigarettes After Sex,Affection,2015-01-01,3,233010,https://open.spotify.com/track/5VYBergVrUDcb8QyEg70cF,sad
0RstfX9nRY1Lfuy1808MoT,"Hey, Ma",Bon Iver,"i,i",2019-08-09,57,216706,https://open.spotify.com/track/0RstfX9nRY1Lfuy1808MoT,sad
29FQEJUtBAnxWEkux39d7I,O Children,Nick Cave & The Bad Seeds,Abattoir Blues / The Lyre of Orpheus,2004-09-20,1,411386,https://open.spotify.com/track/29FQEJUtBAnxWEkux39d7I,sad
5Y6nVaayzitvsD5F7nr3DV,West Coast,Lana Del Rey,Ultraviolence (Deluxe),2014-01-01,82,256760,https://open.spotify.com/track/5Y6nVaayzitvsD5F7nr3DV,sad
3MtP9T0WF4xbIo8vqHYeXM,Spooky,Dusty Springfield,Dusty... Definitely (Expanded Edtion),1968-11-22,71,164173,https://open.spotify.com/track/3MtP9T0WF4xbIo8vqHYeXM,sad
41fXeYArdTRuSDO4C3Nabg,Out Getting Ribs,King Krule,6 Feet Beneath the Moon,2013-08-24,61,256000,https://open.spotify.com/track/41fXeYArdTRuSDO4C3Nabg,sad
2vtmY2mSccRzKGjtcHSzI3,Diet Mountain Dew,Lana Del Rey,Born To Die - The Paradise Edition,2012-01-01,77,222920,https://open.spotify.com/track/2vtmY2mSccRzKGjtcHSzI3,sad
3Q4zjvPKaxkGUo0MTdrbir,Stereotypes,The Boy from the South,Stereotypes,2022-04-22,27,168424,https://open.spotify.com/track/3Q4zjvPKaxkGUo0MTdrbir,sad
1jCcfSHdXosT54e64GFRE1,Deceive Me So Easy,Edwin Raphael,Warm Terracotta,2023-02-17,3,238212,https://open.spotify.com/track/1jCcfSHdXosT54e64GFRE1,sad
3PphHkiVdhRaO1EWH6ZWqZ,Yards / Gardens,Kate Bollinger,Look at it in the Light,2022-04-22,50,141743,https://open.spotify.com/track/3PphHkiVdhRaO1EWH6ZWqZ,sad
4nZi6XNe36Ut4Nij3IQ1yC,Silver Springs - 2004 Remaster,Fleetwood Mac,Rumours (Super Deluxe),1977-02-04,80,288786,https://open.spotify.com/track/4nZi6XNe36Ut4Nij3IQ1yC,sad
0yljUudXzjVcGEoYmLB17X,Genesis,Grimes,Visions,2012-03-12,73,255320,https://open.spotify.com/track/0yljUudXzjVcGEoYmLB17X,sad
52ojopYMUzeNcudsoz7O9D,"New Person, Same Old Mistakes",Tame Impala,Currents,2015-07-17,82,363240,https://open.spotify.com/track/52ojopYMUzeNcudsoz7O9D,sad
7DbdUf8aHSYoliSjO6LZv6,"Sex, Drugs, Etc.",Beach Weather,Chit Chat,2016-11-04,74,196784,https://open.spotify.com/track/7DbdUf8aHSYoliSjO6LZv6,sad
4cnJNX9Ek3jKJYNsZxkk8i,Lady by the Sea,Stephen Sanchez,Lady by the Sea,2020-07-07,0,182983,https://open.spotify.com/track/4cnJNX9Ek3jKJYNsZxkk8i,sad
72cGBEqu7RitIOoACXYjfR,The Blonde,TV Girl,French Exit,2014-06-05,79,227760,https://open.spotify.com/track/72cGBEqu7RitIOoACXYjfR,sad
1KQsrNv2vEW7AXKTrFz0Ah,Ends of the Earth,Lord Huron,Lonesome Dreams (Bonus Track Version),2012-10-09,2,284146,https://open.spotify.com/track/1KQsrNv2vEW7AXKTrFz0Ah,sad
3Kj2EWpIBnvETsYq4cq0IH,Big Black Car,Gregory Alan Isakov,This Empty Northern Hemisphere,2009-01-01,74,217466,https://open.spotify.com/track/3Kj2EWpIBnvETsYq4cq0IH,sad
4x1dWc1GgAfC04GcTlllax,Lake Missoula,Richy Mitch & The Coal Miners,RMCM,2017-05-17,66,106250,https://open.spotify.com/track/4x1dWc1GgAfC04GcTlllax,sad
6VsvKPJ4xjVNKpI8VVZ3SV,invisible string,Taylor Swift,folklore,2020-07-24,75,252880,https://open.spotify.com/track/6VsvKPJ4xjVNKpI8VVZ3SV,sad
6CnI0qWDR9CSOkHSTNPmOc,Topanga Canyon,John Vincent III,Songs from the Valley,2019-06-17,50,84706,https://open.spotify.com/track/6CnI0qWDR9CSOkHSTNPmOc,sad
0WS9NiMKPr4K1eLKgkLQFe,Martyr,Palace,Life After,2019-07-12,49,248853,https://open.spotify.com/track/0WS9NiMKPr4K1eLKgkLQFe,sad
6KXjVls7c18oAxdVFXvy8i,Tenenbaum,The Paper Kites,States,2013-09-02,42,219080,https://open.spotify.com/track/6KXjVls7c18oAxdVFXvy8i,sad
3CAX47TnPqTujLIQTw8nwI,Old Pine,Ben Howard,Every Kingdom,2011-01-01,65,328506,https://open.spotify.com/track/3CAX47TnPqTujLIQTw8nwI,sad
0GegHVxeozw3rdjte45Bfx,White Winter Hymnal,Fleet Foxes,Fleet Foxes,2008-06-03,67,147026,https://open.spotify.com/track/0GegHVxeozw3rdjte45Bfx,sad
1wDSBJSCKxB8qZR6jnfqgt,All Is Well,Hans Williams,All Is Well,2022-02-02,56,150967,https://open.spotify.com/track/1wDSBJSCKxB8qZR6jnfqgt,sad
7cBfvgprZq9RLnYNMKO33B,Disturbed Sleep,Keyvan Safarzadeh,The Narrator,2023-07-05,24,225789,https://open.spotify.com/track/7cBfvgprZq9RLnYNMKO33B,sad
5aRZk9oWIYUB5alrTs8TTV,From Eden,Hozier,Hozier (Expanded Edition),2014-09-19,73,283466,https://open.spotify.com/track/5aRZk9oWIYUB5alrTs8TTV,sad
57iZtrnaaI5NWNfTaXhbHz,There is no right answer,Siberian Giant,There is no right answer,2020-11-14,38,234000,https://open.spotify.com/track/57iZtrnaaI5NWNfTaXhbHz,sad
2aUsmpQ0iGIdpfgOCZOAwh,Manta Ray,Siberian Giant,Manta Ray,2021-02-12,32,192000,https://open.spotify.com/track/2aUsmpQ0iGIdpfgOCZOAwh,sad
48anUmqsPrPScfymWHQTcJ,Jeane Prantt,Velvet Room,Jeane Prantt,2023-03-17,23,431379,https://open.spotify.com/track/48anUmqsPrPScfymWHQTcJ,sad
54hj06Z7sm7DaHSrGGMAZG,Meet Me In The Woods,Lord Huron,Strange Trails,2015-04-06,66,262209,https://open.spotify.com/track/54hj06Z7sm7DaHSrGGMAZG,sad
4oEf84vBYVftf6KmZexhVo,Northern Attitude (with Hozier),"Noah Kahan, Hozier",Northern Attitude (with Hozier),2023-11-10,69,267256,https://open.spotify.com/track/4oEf84vBYVftf6KmZexhVo,sad
4BY4V1T0RJK1HmD2Q0ClyK,Oblivion,Grimes,Visions,2012-03-12,70,251266,https://open.spotify.com/track/4BY4V1T0RJK1HmD2Q0ClyK,sad
5Yx9t9RgATAtYoHN8gbRM0,Fool,Frankie Cosmos,Next Thing,2016-04-01,71,124021,https://open.spotify.com/track/5Yx9t9RgATAtYoHN8gbRM0,sad
6me7F0aaZjwDo6RJ5MrfBD,Evergreen,Richy Mitch & The Coal Miners,RMCM,2017-05-17,81,87000,https://open.spotify.com/track/6me7F0aaZjwDo6RJ5MrfBD,sad
6XqXHUC9HUQxUL8u0aZ6ME,Motion Picture Soundtrack,Cigarettes After Sex,Motion Picture Soundtrack,2023-12-12,40,299613,https://open.spotify.com/track/6XqXHUC9HUQxUL8u0aZ6ME,sad
7nbAMKGkPMjc4EuNNsjXqZ,Neon Moon,Cigarettes After Sex,Neon Moon,2018-12-17,41,225767,https://open.spotify.com/track/7nbAMKGkPMjc4EuNNsjXqZ,sad
3ePd4K8tcdfr7KmbuOTrKK,From Gold,Novo Amor,"Woodgate, NY",2014-03-31,64,214335,https://open.spotify.com/track/3ePd4K8tcdfr7KmbuOTrKK,sad
0bndF6tTweNXPjwpPL7Slt,Haven (from Life Is Strange),Novo Amor,Haven (from Life Is Strange),2021-03-18,62,172500,https://open.spotify.com/track/0bndF6tTweNXPjwpPL7Slt,sad
42LY6qYxu3L6nJ7Dt72gNy,I hope that you think of me,"Pity Party (Girls Club), Lucys",Hard Times / Bad Trips,2022-01-02,61,128000,https://open.spotify.com/track/42LY6qYxu3L6nJ7Dt72gNy,sad
2Ov9D3hZebRBXjZI91VIRq,ghost of love to be,Joe Jenneman,ghost of love to be,2024-02-23,22,161447,https://open.spotify.com/track/2Ov9D3hZebRBXjZI91VIRq,sad
2nilAlGEZmwyaLTMMyDdLo,For Emma,Bon Iver,"For Emma, Forever Ago",2008-02-19,71,220720,https://open.spotify.com/track/2nilAlGEZmwyaLTMMyDdLo,sad
47Jgz11GAfCBXdIQnsqGt6,Do You Feel The Same?,Sunset Avenue,Do You Feel The Same?,2024-03-12,0,166223,https://open.spotify.com/track/47Jgz11GAfCBXdIQnsqGt6,sad
1XrSjpNe49IiygZfzb74pk,What Once Was,Her's,Songs of Her's,2017-05-12,75,255067,https://open.spotify.com/track/1XrSjpNe49IiygZfzb74pk,sad
7wWw7hBmErNg9u5w6Xx0vy,Make It with You,Bread,On the Waters,1970,71,192200,https://open.spotify.com/track/7wWw7hBmErNg9u5w6Xx0vy,sad
3lw0CSMQ88LcN0ZMP6DlWi,That Moon Song,Gregory Alan Isakov,This Empty Northern Hemisphere,2009-01-01,59,214226,https://open.spotify.com/track/3lw0CSMQ88LcN0ZMP6DlWi,sad
7N0osVtma3QzvMOfVbdSL8,Weather,Novo Amor,"Woodgate, NY",2014-03-31,0,232026,https://open.spotify.com/track/7N0osVtma3QzvMOfVbdSL8,sad
1Xca9HfuG65IL3ogdnNfTv,Love Like Ghosts,Lord Huron,Strange Trails,2015-04-06,61,224061,https://open.spotify.com/track/1Xca9HfuG65IL3ogdnNfTv,sad
7cNz65PfCatRXoX7QtqM2A,National Anthem,Lana Del Rey,Born To Die - The Paradise Edition,2012-01-01,67,230520,https://open.spotify.com/track/7cNz65PfCatRXoX7QtqM2A,sad
3eDCkz2eZ4CSATHOMrIl7U,wonka,Derek Simpson,wonka,2024-04-05,0,226000,https://open.spotify.com/track/3eDCkz2eZ4CSATHOMrIl7U,sad
5cct9ToyRPLyfELg3JfWqx,Daughter of a Cop,TV Girl,French Exit,2014-06-05,61,153440,https://open.spotify.com/track/5cct9ToyRPLyfELg3JfWqx,sad
7iQmjnDXYngWGsbjVnDc1U,Amsterdam,Gregory Alan Isakov,The Weatherman,2013-07-09,73,198640,https://open.spotify.com/track/7iQmjnDXYngWGsbjVnDc1U,sad
7gDNQLV9cr8449LFrQbk5J,San Luis,Gregory Alan Isakov,Evening Machines,2018-10-05,3,272346,https://open.spotify.com/track/7gDNQLV9cr8449LFrQbk5J,sad
29RVgDaIL6YbihkzJxxi8B,Out Getting Ribs,Feeling Blew,Out Getting Ribs,2023-08-28,56,192574,https://open.spotify.com/track/29RVgDaIL6YbihkzJxxi8B,sad
6Wu19AEKVNs5bJFuhZb4EZ,Second Chances,Gregory Alan Isakov,The Weatherman,2013-07-09,68,229226,https://open.spotify.com/track/6Wu19AEKVNs5bJFuhZb4EZ,sad
5FY6QpvB4NDI14MCx5T9xi,This Empty Northern Hemisphere,Gregory Alan Isakov,This Empty Northern Hemisphere,2009-01-01,47,300400,https://open.spotify.com/track/5FY6QpvB4NDI14MCx5T9xi,sad
521OhfIeThXJKiTyz0m883,Knives Out,Radiohead,Amnesiac,2001-03-12,64,254866,https://open.spotify.com/track/521OhfIeThXJKiTyz0m883,sad
0RCpze7hmowZIGUJs9Dm7w,Marceline,WILLOW,ARDIPITHECUS,2015-01-11,50,136760,https://open.spotify.com/track/0RCpze7hmowZIGUJs9Dm7w,sad
0W95eMaAxNVYTquOsXXkC5,"Female Energy, Part 2",WILLOW,WILLOW,2019-07-19,55,173920,https://open.spotify.com/track/0W95eMaAxNVYTquOsXXkC5,sad
2VPOu7gDkg5JdslVEgkyDW,Baby Blue Movie,Cigarettes After Sex,Baby Blue Movie,2024-06-04,30,244733,https://open.spotify.com/track/2VPOu7gDkg5JdslVEgkyDW,sad
5Q5o0jX8RwrHRdLYQkg6BA,"The Deepest Sighs, the Frankest Shadows",Gang of Youths,Go Farther In Lightness,2017-08-18,49,351613,https://open.spotify.com/track/5Q5o0jX8RwrHRdLYQkg6BA,sad
47hEgn3RPs9O0v5eHkCiRe,El Dorado,SPACE&AGES,El Dorado,2024-06-14,19,264058,https://open.spotify.com/track/47hEgn3RPs9O0v5eHkCiRe,sad
7kauYbMocWz1YTtuN0ilUq,Change It Up,Sunset Avenue,Change It Up,2023-06-01,1,169254,https://open.spotify.com/track/7kauYbMocWz1YTtuN0ilUq,sad
6OmdWLjlx4BIDGEO8BZlqH,Army Dreamers,Kate Bush,Never for Ever,1980-09-08,69,178640,https://open.spotify.com/track/6OmdWLjlx4BIDGEO8BZlqH,sad
6eygbzyL6hY8jFQTARDuo9,White Mustang,Lana Del Rey,Lust For Life,2017-07-21,76,164710,https://open.spotify.com/track/6eygbzyL6hY8jFQTARDuo9,sad
3Y4rUyw7XBCK6hGHCOt6rp,"Call It Fate, Call It Karma",The Strokes,Comedown Machine,2013-03-25,70,204773,https://open.spotify.com/track/3Y4rUyw7XBCK6hGHCOt6rp,sad
0nMqu5vN44GNv8UOQxmBJK,Malibu 1992,COIN,How Will You Know If You Never Try,2017-04-21,54,341200,https://open.spotify.com/track/0nMqu5vN44GNv8UOQxmBJK,sad
7JEzAlwHhCD2M1cYE6BeqJ,Loving Machine,TV Girl,Who Really Cares,2016-02-25,78,227000,https://open.spotify.com/track/7JEzAlwHhCD2M1cYE6BeqJ,sad
3OS4XXm4S42pnESQmtN9MG,Well I Wonder - 2011 Remaster,The Smiths,Meat Is Murder,1985-02-11,71,239426,https://open.spotify.com/track/3OS4XXm4S42pnESQmtN9MG,sad
2lffRiAET2Xt6BNb4EmkS2,80's Comedown Machine,The Strokes,Comedown Machine,2013-03-25,56,298613,https://open.spotify.com/track/2lffRiAET2Xt6BNb4EmkS2,sad
75WFyYrXPMAWyN6jOBB7IC,Good Song,Blur,Think Tank (Special Edition),2003,50,187680,https://open.spotify.com/track/75WFyYrXPMAWyN6jOBB7IC,sad
6YLNIJYl5jgX6Dl4FxkC0j,Miss Addison,Joe Jenneman,Miss Addison,2025-01-17,29,119417,https://open.spotify.com/track/6YLNIJYl5jgX6Dl4FxkC0j,sad
32btQnrL0HR6M1KKAPf3D3,Do I Wanna Know? - BBC Live Lounge,Hozier,Hozier (Special Edition),2014-09-19,73,257893,https://open.spotify.com/track/32btQnrL0HR6M1KKAPf3D3,sad
7gSZkeBr9Koc9Rfm3pp769,Sweet Heat Lightning,Gregory Alan Isakov,Appaloosa Bones,2023-08-18,77,286120,https://open.spotify.com/track/7gSZkeBr9Koc9Rfm3pp769,sad
01Dc5vTMc9axpkvDUy0yiD,Words,Gregory Alan Isakov,This Empty Northern Hemisphere,2009-01-01,61,241626,https://open.spotify.com/track/01Dc5vTMc9axpkvDUy0yiD,sad
27ytYULTu6QSZBhGaOKq9i,I Am California,"John Craigie, Gregory Alan Isakov","No Rain, No Rose",2017-01-27,54,313078,https://open.spotify.com/track/27ytYULTu6QSZBhGaOKq9i,sad
7CIKMtUUz31yX6MNX2nGbB,Towers,Bon Iver,"Bon Iver, Bon Iver",2011-06-21,58,188040,https://open.spotify.com/track/7CIKMtUUz31yX6MNX2nGbB,sad
0AIpGG5dxEgnAymhdJRSZ0,Champagne Coast,Blood Orange,Coastal Grooves,2011-08-08,79,292373,https://open.spotify.com/track/0AIpGG5dxEgnAymhdJRSZ0,sad
0LtOwyZoSNZKJWHqjzADpW,Feels Like We Only Go Backwards,Tame Impala,Lonerism,2012-01-01,76,192960,https://open.spotify.com/track/0LtOwyZoSNZKJWHqjzADpW,sad
67f5bACaW6oE8JlktoQzDm,Looking Back,Lord Huron,The Cosmic Selector Vol. 1,2025-07-18,57,235015,https://open.spotify.com/track/67f5bACaW6oE8JlktoQzDm,sad
0TPS1dKI4m27xCxm7jF7SU,Nothing I Need,Lord Huron,The Cosmic Selector Vol. 1,2025-07-18,60,213283,https://open.spotify.com/track/0TPS1dKI4m27xCxm7jF7SU,sad
5bNrxsBY7GaovXZ8gfbLfn,Myth,Beach House,Bloom,2012-05-11,46,258653,https://open.spotify.com/track/5bNrxsBY7GaovXZ8gfbLfn,sad
0xtIp0lgccN85GfGOekS5L,Yes I'm Changing,Tame Impala,Currents,2015-07-17,76,270680,https://open.spotify.com/track/0xtIp0lgccN85GfGOekS5L,sad
4qG7hWhljsqqENL5PaLA2z,Let The Light In (feat. Father John Misty),"Lana Del Rey, Father John Misty",Did you know that there's a tunnel under Ocean Blvd,2023-03-24,77,278126,https://open.spotify.com/track/4qG7hWhljsqqENL5PaLA2z,sad
1rluwEqsWp5tz0lgyOT9rE,Symphonia IX,Current Joys,Wild Heart,2013-01-02,76,181166,https://open.spotify.com/track/1rluwEqsWp5tz0lgyOT9rE,sad
3oBNQdDbNrs8wQbcZ3BXwP,Velvet Ring - 2023 Remaster,Big Thief,Masterpiece (2023 Remaster),2016,76,155938,https://open.spotify.com/track/3oBNQdDbNrs8wQbcZ3BXwP,sad
1l4pW7Tklvcc3k38rDFMkk,Touch,Cigarettes After Sex,Cry,2019-10-25,53,292853,https://open.spotify.com/track/1l4pW7Tklvcc3k38rDFMkk,sad
2H3wWrnO758y0fPH7Ilerg,Depression & Obsession,XXXTENTACION,17,2017-08-25,66,144733,https://open.spotify.com/track/2H3wWrnO758y0fPH7Ilerg,sad
44yMWei5lQeakOQy5hSnW6,PINKS&BLUES,Samuel Petra,PINKS&BLUES,2025-01-28,38,126913,https://open.spotify.com/track/44yMWei5lQeakOQy5hSnW6,sad
5VJA54sUs6Vlpz3DO1ThOr,JADED,Samuel Petra,JADED,2024-09-05,31,134538,https://open.spotify.com/track/5VJA54sUs6Vlpz3DO1ThOr,sad
4UtV7K4ekqVyRT6EyNQOon,Bad Idea!,"Unclenathannn, Shiloh Dynasty",Our Remedy,2018-03-19,0,162481,https://open.spotify.com/track/4UtV7K4ekqVyRT6EyNQOon,sad
4W7My35ApBTzqPqQ0C12B8,i miss all my old friends,Bachyard Ghost,reason 2 live,2023-09-07,30,128356,https://open.spotify.com/track/4W7My35ApBTzqPqQ0C12B8,sad
33LizV83s7z1gwtmLiKlmv,Dead and Cold,SadBoyProlific,Dead and Cold,2018-11-10,0,89624,https://open.spotify.com/track/33LizV83s7z1gwtmLiKlmv,sad
1ozbAvJ5hZmycQbh4GQGjI,Outside,Jordan Nash,Outside,2024-02-14,25,156428,https://open.spotify.com/track/1ozbAvJ5hZmycQbh4GQGjI,sad
2ktxr00GpTtbMNeBjNeY8D,Who Needs Love,Trippie Redd,A Love Letter To You 4,2019-11-22,0,158532,https://open.spotify.com/track/2ktxr00GpTtbMNeBjNeY8D,sad
0hZUxrkh2XE6e3aWohsdOJ,Attention,"CHR1SSY, wolfacejoeyy",Attention,2023-06-16,24,146913,https://open.spotify.com/track/0hZUxrkh2XE6e3aWohsdOJ,sad
5XAPpyIoYF3QXP34Hv8Pvx,Kill Yourself (Part III),$uicideboy$,My Liver Will Handle What My Heart Can't,2015-09-21,1,145078,https://open.spotify.com/track/5XAPpyIoYF3QXP34Hv8Pvx,sad
2fR6OLPM40SUi6WGrmX6pg,never what u want,Bachyard Ghost,never what u want,2023-01-17,0,166000,https://open.spotify.com/track/2fR6OLPM40SUi6WGrmX6pg,sad
3oGbHF3Kdwf3AsRCbBjUxu,Moon & Stars (feat. Maggie Lindemann),"$NOT, Maggie Lindemann",- TRAGEDY +,2020-03-06,61,187586,https://open.spotify.com/track/3oGbHF3Kdwf3AsRCbBjUxu,sad
41MCdlvXOl62B7Kv86Bb1v,Empty,Juice WRLD,Death Race For Love,2019-03-08,1,248431,https://open.spotify.com/track/41MCdlvXOl62B7Kv86Bb1v,sad
0KCWmujEOCW6m4iPPK5M0L,interlude (don't worry about it),Bachyard Ghost,interlude (don't worry about it),2023-08-04,17,116217,https://open.spotify.com/track/0KCWmujEOCW6m4iPPK5M0L,sad
5i8KK3DESGu4QCphYmv8bw,Destiny’s Song,Phora,With Love 2,2020-11-06,39,161332,https://open.spotify.com/track/5i8KK3DESGu4QCphYmv8bw,sad
6dM08uoVUwBsNDLBzn0Ask,Forgiveness,Doov,Forgiveness,2024-05-24,36,163518,https://open.spotify.com/track/6dM08uoVUwBsNDLBzn0Ask,sad
1idfjJnQQQS7Fii8dCbown,Don't Go /:,347aidan,Good Vs Evil,2020-04-18,36,159916,https://open.spotify.com/track/1idfjJnQQQS7Fii8dCbown,sad
0kYRFckMWobzroclHr633E,idk if i'll be ok tn,Bachyard Ghost,idk if i'll be ok tn,2023-02-21,0,156580,https://open.spotify.com/track/0kYRFckMWobzroclHr633E,sad
0M4Hq427H3jliGFonWaM2g,Forbidden Love,The Prosprrr,Forbidden Love,2025-02-10,16,170475,https://open.spotify.com/track/0M4Hq427H3jliGFonWaM2g,sad
1hhadAMpQYV7RhhZcTdfdm,"Dear Depression,",Presence,"Dear Depression,",2021-06-04,0,139285,https://open.spotify.com/track/1hhadAMpQYV7RhhZcTdfdm,sad
7MCZ8P0QnG1Mci4TvGKbGQ,Die Right Now,Bankrol Hayden,Pain is Temporary,2020-06-26,35,139076,https://open.spotify.com/track/7MCZ8P0QnG1Mci4TvGKbGQ,sad
4J797axvbOfmcYylSrrmK7,callmepretty,CARSTEN2X,callmepretty,2024-07-05,20,110750,https://open.spotify.com/track/4J797axvbOfmcYylSrrmK7,sad
3NqBxTOMCJ3zW9CIP51td4,Jugaste y Sufrí,"Eslabon Armado, DannyLux",Corta Venas,2020-12-18,74,275194,https://open.spotify.com/track/3NqBxTOMCJ3zW9CIP51td4,sad
1v6FlNm2mctNiEVmEczagz,Do To Me,"CHR1SSY, Felicity Estelle",Do To Me,2024-05-03,27,190562,https://open.spotify.com/track/1v6FlNm2mctNiEVmEczagz,sad
08iPRbc4DGuotMn6crC7dB,Insecurities,Damien,Insecurities,2021-03-26,44,193621,https://open.spotify.com/track/08iPRbc4DGuotMn6crC7dB,sad
1kFYJ2fRU4HQWrCMe6Mbda,Morning after Forever,Jordan Nash,Morning after Forever,2024-08-14,19,160000,https://open.spotify.com/track/1kFYJ2fRU4HQWrCMe6Mbda,sad
38Opd4SKonWLffsNDW9zK5,"Sinner, Pt. 3",Phora,Love Is Hell,2018-10-05,40,217549,https://open.spotify.com/track/38Opd4SKonWLffsNDW9zK5,sad
0SAOAObhs7KLhWg0WuKcFZ,Time Will Tell,Mal London,Time Will Tell,2024-02-02,27,161413,https://open.spotify.com/track/0SAOAObhs7KLhWg0WuKcFZ,sad
60YBkkUzUupvDNj7xGFsMi,Ukiyo Pt. 2,Lanky,Save Me,2025-10-08,3,121263,https://open.spotify.com/track/60YBkkUzUupvDNj7xGFsMi,sad
7pmLi2drbQTrVAjd8NCeDs,I Didn't Realize How Empty My Bed Was Until You Left,Roderick Porter,I Didn't Realize How Empty My Bed Was Until You Left,2018-10-27,0,170906,https://open.spotify.com/track/7pmLi2drbQTrVAjd8NCeDs,sad
2TfoabXa0CbEwcqpxOn9z3,Sad Nibba Hours,Papithbk,EP,2019-05-10,48,150702,https://open.spotify.com/track/2TfoabXa0CbEwcqpxOn9z3,sad
69NVnu2h3nHPhcUtqYpo7A,there for you,Nick Catoire,there for you,2025-06-27,24,179000,https://open.spotify.com/track/69NVnu2h3nHPhcUtqYpo7A,sad
2SijVGKbuJtVcifspmfthM,BLUSH,Samuel Petra,BLUSH,2024-06-28,47,106638,https://open.spotify.com/track/2SijVGKbuJtVcifspmfthM,sad
3YfEQ9DERBMhG7wDwwoF9K,I SHOULD BE WITH U,Trevor Spitta,I SHOULD BE WITH U,2023-08-25,35,160612,https://open.spotify.com/track/3YfEQ9DERBMhG7wDwwoF9K,sad
3YfNhioGntblm6ciPsCwC9,I’ll Keep You Safe,Vluestar,I’ll Keep You Safe,2018-05-08,0,140338,https://open.spotify.com/track/3YfNhioGntblm6ciPsCwC9,sad
6tAqYm2Wcy2yrPixShJMS6,Alone,"SadBoyProlific, ivri",Alone,2018-11-10,0,160104,https://open.spotify.com/track/6tAqYm2Wcy2yrPixShJMS6,sad
4Ksfab0nyAQouTpNTJ023G,Pain.,Kid Travis,Luvsick (Deluxe),2019-09-28,0,116571,https://open.spotify.com/track/4Ksfab0nyAQouTpNTJ023G,sad
6hLJU8q73AKK40SiGlaU6e,"new year, same me",Bachyard Ghost,"new year, same me",2023-04-20,17,153900,https://open.spotify.com/track/6hLJU8q73AKK40SiGlaU6e,sad
6CGt1T7l22N6VgzhA8pBT3,TEXT ME BACK,"CHR1SSY, Ziahfyah, Chris Mula, Felicty Estelle, Naughtyy",TEXT ME BACK,2025-02-14,25,131808,https://open.spotify.com/track/6CGt1T7l22N6VgzhA8pBT3,sad
65UBG6Uq9yfPAHO4XxMTxg,we never tried,nicole han,we never tried,2025-10-24,32,248250,https://open.spotify.com/track/65UBG6Uq9yfPAHO4XxMTxg,sad
3fnWNVtkWfwMlq5o5vcXqF,intro,Bachyard Ghost,reason 2 live,2023-09-07,16,101495,https://open.spotify.com/track/3fnWNVtkWfwMlq5o5vcXqF,sad
4XqETTjD0tPy954v4Jgykg,Daisy,Lil Xtra,Daisy,2024-04-18,14,216229,https://open.spotify.com/track/4XqETTjD0tPy954v4Jgykg,sad
1xmZS6Sqxx5mOM2bF8xbLO,Deja Vu,Doov,Deja Vu,2024-03-15,37,145865,https://open.spotify.com/track/1xmZS6Sqxx5mOM2bF8xbLO,sad
6GivWRmlYtefJr28jev6e0,Leray,Trippie Redd,A Love Letter To You 4,2019-11-22,0,122706,https://open.spotify.com/track/6GivWRmlYtefJr28jev6e0,sad
57A60AKfonRXPpj27LHa1P,HOT SUMMER NIGHTS,Knox Write,HOT SUMMER NIGHTS,2024-06-27,0,209230,https://open.spotify.com/track/57A60AKfonRXPpj27LHa1P,sad
4mwuPJJJNtRLs7OLlUGXf2,Why Am I Waiting,Papithbk,Thbk.,2018-10-24,0,95582,https://open.spotify.com/track/4mwuPJJJNtRLs7OLlUGXf2,sad
0gRewmCKUCANp77WgvmXAs,SOMETHING GREAT,Knox Write,SOMETHING GREAT,2025-01-31,17,165925,https://open.spotify.com/track/0gRewmCKUCANp77WgvmXAs,sad
5NxUBKE332Ljdh6RK4HThM,Night Sweats,Claire Yotts,Night Sweats,2024-11-26,10,110204,https://open.spotify.com/track/5NxUBKE332Ljdh6RK4HThM,sad
56TOfxnRzSRbFRw8J6C4IT,Suicidal Thoughts,"Josh A, iamjakehill",Better off Dead,2017-10-19,57,181727,https://open.spotify.com/track/56TOfxnRzSRbFRw8J6C4IT,sad
1CEvFEOunC2W48J0AdWWZn,EMPATHY,Kadeli,EMPATHY,2025-06-30,30,138228,https://open.spotify.com/track/1CEvFEOunC2W48J0AdWWZn,sad
7lvuLYCtoGfJ0Apf1WJOM6,FOOLZ,"EMMETH, Maz Univerze",FOOLZ,2025-08-29,21,166894,https://open.spotify.com/track/7lvuLYCtoGfJ0Apf1WJOM6,sad
6nlrrqOXoBweYrLD1aUNB8,Doja,Latrell De'Sean,Doja,2023-12-01,0,194220,https://open.spotify.com/track/6nlrrqOXoBweYrLD1aUNB8,sad
2wELQOReCo10s2jUdjUqdp,Ghost of the Past,Alban Ramosaj,Heartbreak Motel,2025-04-25,10,178316,https://open.spotify.com/track/2wELQOReCo10s2jUdjUqdp,sad
6dFn6my1sHK2bcf23GlHwM,2009,Mac Miller,Swimming,2018-08-03,67,347986,https://open.spotify.com/track/6dFn6my1sHK2bcf23GlHwM,sad
0K4gxQ2u3545b0GAu85ObO,You Don't Want Me Anymore,"Snøw, Teqkoi",You Don't Want Me Anymore,2019-05-31,0,165000,https://open.spotify.com/track/0K4gxQ2u3545b0GAu85ObO,sad
3nlwxpdoduF0VTIphyOS2Q,Evil,Doov,Evil,2023-10-27,51,158235,https://open.spotify.com/track/3nlwxpdoduF0VTIphyOS2Q,sad
4b4rKln4sxZq1jQVktnYHc,I don’t Know,Chuck Lone,Lady Spiral,2024-08-23,8,160000,https://open.spotify.com/track/4b4rKln4sxZq1jQVktnYHc,sad
5wLm8ooUO8yoovL4brs7jk,TOUGH LOVE,"morato, Ngyn",TOUGH LOVE,2025-10-23,25,173251,https://open.spotify.com/track/5wLm8ooUO8yoovL4brs7jk,sad
3lLT1GM0h5bJXv0lToc4zw,Murda She Wrote,Sleepy Hallow,Still Sleep?,2021-06-02,55,126393,https://open.spotify.com/track/3lLT1GM0h5bJXv0lToc4zw,sad
62ZmyRi3cc8mTA2M5EjAyh,adderall,"Bachyard Ghost, chasyy",reason 2 live,2023-09-07,13,145744,https://open.spotify.com/track/62ZmyRi3cc8mTA2M5EjAyh,sad
3X4sErWRnQCmhhZMGv6r51,when we were 16,"Rxseboy, Powfu, Mishaal Tamer",when we were 16,2019-10-06,52,195745,https://open.spotify.com/track/3X4sErWRnQCmhhZMGv6r51,sad
3l0qZb3Uy1mGIHLFVaXA5p,love hurts 2,8percent,love hurts 2,2021-08-20,0,97802,https://open.spotify.com/track/3l0qZb3Uy1mGIHLFVaXA5p,sad
7urC9y2DbNl6VIGbmzrLei,Love again,Jordan Nash,Love again,2024-11-29,23,179669,https://open.spotify.com/track/7urC9y2DbNl6VIGbmzrLei,sad
1SuNbZEqgg3NTuRyQDSONQ,Waterworks,Maric,Waterworks,2025-09-30,9,141361,https://open.spotify.com/track/1SuNbZEqgg3NTuRyQDSONQ,sad
6bLyGezygSSqci01hud1wc,45 (Studio Version),Latrell De'Sean,45 (Studio Version),2023-09-22,28,183750,https://open.spotify.com/track/6bLyGezygSSqci01hud1wc,sad
5yD5ESKhEoqPsr9oZj2fA6,Cry Wolf,Hannah Nagle,Cry Wolf,2025-07-11,6,185061,https://open.spotify.com/track/5yD5ESKhEoqPsr9oZj2fA6,sad
7A0T4eb6jPhhQp3KQis6ww,Love Is More Depressing Than Depression,"prxz, Shiloh Dynasty",Love Wounds,2017-10-21,0,133276,https://open.spotify.com/track/7A0T4eb6jPhhQp3KQis6ww,sad
6AqkmI8biQ4njI7MtXZEgr,Stargazing,Lil Yung Pharaoh,Stargazing,2017-12-12,29,192225,https://open.spotify.com/track/6AqkmI8biQ4njI7MtXZEgr,sad
2KEnu7ABoDpekTUae5rrU0,just friends,keshi,just friends,2017-12-19,54,123125,https://open.spotify.com/track/2KEnu7ABoDpekTUae5rrU0,sad
0f0gfm6wHjhqrBMHBn9Ajr,I Don't Sleep,Sarcastic Sounds,I Don't Sleep,2018-01-19,47,105142,https://open.spotify.com/track/0f0gfm6wHjhqrBMHBn9Ajr,sad
66dOuhn2BVfoLUK9pmpuhv,Left Bleeding,Kadeli,Left Bleeding,2025-05-30,13,184608,https://open.spotify.com/track/66dOuhn2BVfoLUK9pmpuhv,sad
7JORaseVlQe9z6yAA0vS6s,Pay No Mind,Mal London,Pay No Mind,2023-10-13,21,140487,https://open.spotify.com/track/7JORaseVlQe9z6yAA0vS6s,sad
6xKRR6Z5TCoz9xzwKtr0sA,My Storm,Tom The Mail Man,Liephas Evil,2020-08-14,40,209117,https://open.spotify.com/track/6xKRR6Z5TCoz9xzwKtr0sA,sad
2IuiwVQPn4r3g2FR5mfv1R,For You,Trevor Daniel,Homesick,2018-10-11,0,163500,https://open.spotify.com/track/2IuiwVQPn4r3g2FR5mfv1R,sad
1UubQzL9nNulJW5DHqMKVO,Need Someone,Ollie,Need Someone,2018-10-11,44,183907,https://open.spotify.com/track/1UubQzL9nNulJW5DHqMKVO,sad
72Qo3U5apeuv91j9BEqJBM,I Don't Wanna Waste My Time,Joji,In Tongues (Deluxe),2018-02-14,64,164430,https://open.spotify.com/track/72Qo3U5apeuv91j9BEqJBM,sad
1QUv0An9lLNiIie2jF82gm,Nothing Last Forever,Ben Hamito,Nothing Last Forever,2024-06-21,13,163200,https://open.spotify.com/track/1QUv0An9lLNiIie2jF82gm,sad
3vzbNQi4mQ9tmvroysU2f3,Lost,Ollie,Lost - EP,2019-03-06,0,219580,https://open.spotify.com/track/3vzbNQi4mQ9tmvroysU2f3,sad
0864dX6PlDaTYYsatLfGkn,i dont know why u wanna cry,daslifeiguess,i dont know why u wanna cry,2025-10-14,21,91021,https://open.spotify.com/track/0864dX6PlDaTYYsatLfGkn,sad
7u9BIFBgxuqntGW7wO5lMs,Demons and Monsters,347aidan,Demons and Monsters,2020-09-28,56,197902,https://open.spotify.com/track/7u9BIFBgxuqntGW7wO5lMs,sad
2A32TVcIyoQnv29QTgPRYX,waste,Yahya Kisana,songs i made with friends,2024-08-09,9,48115,https://open.spotify.com/track/2A32TVcIyoQnv29QTgPRYX,sad
5ls62WNKHUUrdF3r1cv83T,emotions,iann dior,nothings ever good enough,2019-05-22,2,131213,https://open.spotify.com/track/5ls62WNKHUUrdF3r1cv83T,sad
0XyMntK7VELDfRkP7nY8Pw,call it love,eli.,the way we used to love.,2019-02-22,0,255000,https://open.spotify.com/track/0XyMntK7VELDfRkP7nY8Pw,sad
7zw4mZ56t9A4aMHDltWIci,we're all sad sometimes,"Savage Ga$p, ilyTOMMY",i guess i'm over it,2019-06-03,32,151719,https://open.spotify.com/track/7zw4mZ56t9A4aMHDltWIci,sad
2ZSHiSkPoKR8XaYs3N2bBq,what did i do,denia,what did i do,2025-01-31,9,128100,https://open.spotify.com/track/2ZSHiSkPoKR8XaYs3N2bBq,sad
0X28s4i2IHMZamEqm9xv6g,Self Destruct,YSN Fab,Self Destruct,2024-08-16,29,144516,https://open.spotify.com/track/0X28s4i2IHMZamEqm9xv6g,sad
2kGqymAHXsUnDkX68cScAQ,FOR YOUR HEART,gørg,FOR YOUR HEART,2023-10-03,7,215200,https://open.spotify.com/track/2kGqymAHXsUnDkX68cScAQ,sad
3COB3cYkUbtcHVF0e15CJf,INDECISIVE,DEEJAWN,INDECISIVE,2025-04-18,8,186015,https://open.spotify.com/track/3COB3cYkUbtcHVF0e15CJf,sad
2c9iVAV8Vte2POKrVZFC02,I Could Never Be Loved,Powfu,I Could Never Be Loved,2018-06-18,50,213942,https://open.spotify.com/track/2c9iVAV8Vte2POKrVZFC02,sad
3u0kNxqOOC8SdoODpkmoZO,The Loser,Zach Farache,Fatigue,2016-07-29,0,131657,https://open.spotify.com/track/3u0kNxqOOC8SdoODpkmoZO,sad
39W5qXSEu7HdpYpDobmJqV,today,"Bachyard Ghost, ITYIO",reason 2 live,2023-09-07,16,157166,https://open.spotify.com/track/39W5qXSEu7HdpYpDobmJqV,sad
08AJ0xQv5LRZsvXf1Jkr2y,Gym Class,Lil Peep,Gym Class,2016,1,217000,https://open.spotify.com/track/08AJ0xQv5LRZsvXf1Jkr2y,sad
3xNIVmBIe839tAsoGe3A4b,Say Goodbye,"Monty Datta, Snøw",Say Goodbye,2019-06-19,0,150415,https://open.spotify.com/track/3xNIVmBIe839tAsoGe3A4b,sad
0FMmxKAzT0kaQ4QzheCB5P,Out Of My Mind,Roderick Porter,Rainy Tapes Vol. 1,2018-08-03,0,148861,https://open.spotify.com/track/0FMmxKAzT0kaQ4QzheCB5P,sad
60ZppukPfY43NDU9meKJrz,BAD NEWS,Aries,WELCOME HOME,2019-04-18,0,164154,https://open.spotify.com/track/60ZppukPfY43NDU9meKJrz,sad
2V328SgBQQtyvhA9O01Qic,Scum,Chuck Lone,Scum,2024-04-05,6,177073,https://open.spotify.com/track/2V328SgBQQtyvhA9O01Qic,sad
6R5JpLDVRgRI6P2OQCjA4n,Drifting Away,khai dreams,Summer Is Like a Dream,2017-08-26,0,192500,https://open.spotify.com/track/6R5JpLDVRgRI6P2OQCjA4n,sad
4LaCk8mWMThcp3yg2Lej0z,Lesley,Joey Trap,Lesley,2019-02-15,33,130000,https://open.spotify.com/track/4LaCk8mWMThcp3yg2Lej0z,sad
0Ap2QajUAb6kJ4lAXbuW82,God Damn,"Love Ghost, ND Kobi'",God Damn,2024-04-18,19,191278,https://open.spotify.com/track/0Ap2QajUAb6kJ4lAXbuW82,sad
0WZFN4E8HrmGUU0EMyKQ8c,Used To,Juice WRLD,Goodbye & Good Riddance,2018-12-10,69,176443,https://open.spotify.com/track/0WZFN4E8HrmGUU0EMyKQ8c,sad
5KKIQZXiQBMRSbrtvtcVKA,Looking at Life,"Blai$y, Shiloh Dynasty",Sincerely Adolescence,2017-10-12,0,144421,https://open.spotify.com/track/5KKIQZXiQBMRSbrtvtcVKA,sad
6fnogme1RNJKay9aCJNJaa,All the Time,Souly Had,All the Time,2017-02-22,38,177855,https://open.spotify.com/track/6fnogme1RNJKay9aCJNJaa,sad
57nOpVSc3j9o03Cr928ZM4,what are you so afraid of,XXXTENTACION,SKINS,2018-12-07,64,150769,https://open.spotify.com/track/57nOpVSc3j9o03Cr928ZM4,sad
09HKl1U3vQSN9P2iMt2DZt,Love myself,Chuck Lone,Alfred's Thoughts,2023-06-29,5,142153,https://open.spotify.com/track/09HKl1U3vQSN9P2iMt2DZt,sad
5rYpwP1dHWGVMrSZbTmt3e,Life is Beautiful,Lil Peep,"Come Over When You're Sober, Pt. 2",2018-11-09,68,207586,https://open.spotify.com/track/5rYpwP1dHWGVMrSZbTmt3e,sad
4vTAKiVdz7iSVJcKPjvAk4,Blackout,Jaden,ERYS (Deluxe),2019-07-05,34,400666,https://open.spotify.com/track/4vTAKiVdz7iSVJcKPjvAk4,sad
6B2RUUz2V5QDv3WPeteaul,left wrist,Oscar Basza,left wrist,2023-12-08,11,148439,https://open.spotify.com/track/6B2RUUz2V5QDv3WPeteaul,sad
55L35RJDZHEd5kIqz0Umkv,Abandoned,"Trippie Redd, Mariah the Scientist",A Love Letter To You 4,2019-11-22,0,240048,https://open.spotify.com/track/55L35RJDZHEd5kIqz0Umkv,sad
57tln4G33fhp8mrFbeM3IJ,SELFISH,The Kid LAROI,F*CK LOVE,2020-07-24,0,196202,https://open.spotify.com/track/57tln4G33fhp8mrFbeM3IJ,sad
532D3gvk5blbjkHTLpbZxa,Outlaws,Guild Theory,Streaks of Light Burn the Sky,2023-05-05,6,307200,https://open.spotify.com/track/532D3gvk5blbjkHTLpbZxa,sad
4Zc4kyc7VSdZNF9wFeBIcz,Mess,Trevor Daniel,Homesick,2018-10-11,0,168483,https://open.spotify.com/track/4Zc4kyc7VSdZNF9wFeBIcz,sad
58orasu4acwvl06LdyRCyH,Wya?,Wifisfuneral,Wya?,2017-05-12,0,124231,https://open.spotify.com/track/58orasu4acwvl06LdyRCyH,sad
4VEEDnEFLI9dUy5QA51rom,fools (can't help falling in love) (feat. Sody),"Foster, Sody, Sarcastic Sounds",fools (can't help falling in love) (feat. Sody),2020-11-13,59,165029,https://open.spotify.com/track/4VEEDnEFLI9dUy5QA51rom,sad
3C39BgVuWsJCJWOMYIoi9C,Be Happy,347aidan,Misfit*,2020-03-02,46,202240,https://open.spotify.com/track/3C39BgVuWsJCJWOMYIoi9C,sad
7pdF27mSDuPWhppnHAmWHa,whoa (mind in awe),XXXTENTACION,SKINS,2018-12-07,69,157776,https://open.spotify.com/track/7pdF27mSDuPWhppnHAmWHa,sad
047fCsbO4NdmwCBn8pcUXl,Marvins Room,Drake,Take Care (Deluxe),2011-11-15,77,347226,https://open.spotify.com/track/047fCsbO4NdmwCBn8pcUXl,sad
35r28RDot7nPE7y9K9H7l0,Feeling Whitney,Post Malone,Stoney (Deluxe),2016-12-09,71,257265,https://open.spotify.com/track/35r28RDot7nPE7y9K9H7l0,sad
6R7aYkUA3PXWPOann5KLUf,Shot Me Down,Ollie,Shot Me Down,2020-09-04,36,200837,https://open.spotify.com/track/6R7aYkUA3PXWPOann5KLUf,sad
54MtMTToKpbdhqI8zhHAeP,Tell Her,Tru Crime,Tell Her,2025-05-16,9,194285,https://open.spotify.com/track/54MtMTToKpbdhqI8zhHAeP,sad
6jmf4OxSGzdgthZruXtcqu,Hate Me!,MASN,How To Kill A Rockstar,2020-08-21,56,154756,https://open.spotify.com/track/6jmf4OxSGzdgthZruXtcqu,sad
6ktaqztIhv7refPbuwLgsd,Paris in May,Skinny Jack Lee,Paris in May,2023-08-31,6,136000,https://open.spotify.com/track/6ktaqztIhv7refPbuwLgsd,sad
1k5nxmp8YloLnRpo6drPOA,talk is overrated (stripped.),Jeremy Zucker,stripped.,2018-02-02,38,141000,https://open.spotify.com/track/1k5nxmp8YloLnRpo6drPOA,sad
2HrMDMckfCyM4OcZxXuiRn,NOT FAIR (feat. Corbin),"The Kid LAROI, Corbin",F*CK LOVE,2020-07-24,0,166688,https://open.spotify.com/track/2HrMDMckfCyM4OcZxXuiRn,sad
4DRciCSypC4oGPZFmgqfu1,FADING AWAY,prettyboys,FADING AWAY,2021-04-09,15,158500,https://open.spotify.com/track/4DRciCSypC4oGPZFmgqfu1,sad
0Z5SD1VfyP3jEqnpHJPjFn,ALONER,Kidnap,ALONER,2024-01-23,0,233000,https://open.spotify.com/track/0Z5SD1VfyP3jEqnpHJPjFn,sad
7a5RvlW5tMU0AZ4tvbGLhn,September 16,Russ,September 16,2018-07-20,50,249866,https://open.spotify.com/track/7a5RvlW5tMU0AZ4tvbGLhn,sad
39bs2V8huzcmWoeSlHKZeP,1 SIDED LOVE,blackbear,ANONYMOUS,2019-04-26,0,170666,https://open.spotify.com/track/39bs2V8huzcmWoeSlHKZeP,sad
5OTRol5OS78hqviaDMFRK1,reason 2 live,Bachyard Ghost,reason 2 live,2023-09-07,14,141600,https://open.spotify.com/track/5OTRol5OS78hqviaDMFRK1,sad
4L96lPXFu0bNll3XEnO0Wq,By My Side,Lund,By My Side,2017-08-29,43,229411,https://open.spotify.com/track/4L96lPXFu0bNll3XEnO0Wq,sad
4v9202clU0P9wf1Unn1NLW,room 427,Phora,heartbreak hotel,2021-02-12,36,148120,https://open.spotify.com/track/4v9202clU0P9wf1Unn1NLW,sad
2nu4ehYMfWfLLwpsJHItBo,Heartbreak Prince,vvlight,Heartbreak Prince,2022-12-30,7,215349,https://open.spotify.com/track/2nu4ehYMfWfLLwpsJHItBo,sad
6ZGz4iUAq3V9UGUuyuXxYG,last day of my life,30,last day of my life,2020-03-20,36,207000,https://open.spotify.com/track/6ZGz4iUAq3V9UGUuyuXxYG,sad
5NdBAtsCYuOaRnYhbD7jAv,When I'm Gone,Jasiah,Jasiah I Am,2019-07-19,41,155494,https://open.spotify.com/track/5NdBAtsCYuOaRnYhbD7jAv,sad
1O28T70fY6eyL9vygOqCQi,Midnight Thoughts,SadBoyProlific,Midnight Thoughts,2018-11-27,0,124865,https://open.spotify.com/track/1O28T70fY6eyL9vygOqCQi,sad
0XVs3503u3CZ4k6xobVEHP,FALL IN LOVE,$NOT,- TRAGEDY +,2020-03-06,50,145613,https://open.spotify.com/track/0XVs3503u3CZ4k6xobVEHP,sad
1CovabRyh7QePTatT7y6Nq,Somebody Else,Gnoir,Somebody Else,2024-03-28,10,197717,https://open.spotify.com/track/1CovabRyh7QePTatT7y6Nq,sad
6qpT0nzHUn52gnSWYdbxF4,You Broke My Heart Again,"Teqkoi, Aiko",You Broke My Heart Again,2018-10-13,57,103400,https://open.spotify.com/track/6qpT0nzHUn52gnSWYdbxF4,sad
5wvtHXLPdNrLBNIta50PeV,Need Somebody (Acoustic),Xuitcasecity,Need Somebody (Acoustic),2017-12-15,0,192333,https://open.spotify.com/track/5wvtHXLPdNrLBNIta50PeV,sad
2CSrG5fnBpcdfPXg7sJUBi,The Book of You & I,Alec Benjamin,These Two Windows,2020-05-29,54,207537,https://open.spotify.com/track/2CSrG5fnBpcdfPXg7sJUBi,sad
6m1hYbfABsUSL3c7QFRBxB,Without Me,Alec Chambers,Covers,2018-10-27,49,116506,https://open.spotify.com/track/6m1hYbfABsUSL3c7QFRBxB,sad
3QFCL0dqEzXFIWlqWiVDJU,Moving On,Kodaline,Coming Up for Air (Expanded Edition),2015-02-09,55,265813,https://open.spotify.com/track/3QFCL0dqEzXFIWlqWiVDJU,sad
5TIXBnwtMYwgC9yc1QjFp7,Better,Parachute,Parachute,2019-05-10,37,273026,https://open.spotify.com/track/5TIXBnwtMYwgC9yc1QjFp7,sad
5OeFwHm8XB1ykVRW6zzVDI,The Butterfly Effect,Before You Exit,"love, pain, & retrospect",2019-06-28,0,255625,https://open.spotify.com/track/5OeFwHm8XB1ykVRW6zzVDI,sad
1NxHgM5nOnmqi3KUVLbaIw,Leaving My Love Behind,Lewis Capaldi,Divinely Uninspired To A Hellish Extent (Extended Edition),2019-11-22,65,210213,https://open.spotify.com/track/1NxHgM5nOnmqi3KUVLbaIw,sad
6sHxpnCerm9M6A5zaFFNfs,Gone,Blake Rose,Gone,2020-02-07,0,205462,https://open.spotify.com/track/6sHxpnCerm9M6A5zaFFNfs,sad
2RSHsoi04658QL5xgQVov3,Bad Liar,Imagine Dragons,Origins (Deluxe),2018-11-09,81,260773,https://open.spotify.com/track/2RSHsoi04658QL5xgQVov3,sad
1roCmBlcpV7LzsmB7pmCyt,Let Me Down Slowly (feat. Alessia Cara),"Alec Benjamin, Alessia Cara",Let Me Down Slowly (feat. Alessia Cara),2019-01-07,68,169174,https://open.spotify.com/track/1roCmBlcpV7LzsmB7pmCyt,sad
3CRtbOoAP82y0VbPO5j1ft,Too Sad To Cry,Sasha Alex Sloan,Self Portrait,2019-10-18,57,208986,https://open.spotify.com/track/3CRtbOoAP82y0VbPO5j1ft,sad
7F1CiKqrY44kh5cDqwHOnx,Love Is Gone - Acoustic,"SLANDER, Dylan Matthew",Love Is Gone (Acoustic),2019-11-13,74,176971,https://open.spotify.com/track/7F1CiKqrY44kh5cDqwHOnx,sad
4ptDJbJl35d7gQfeNteBwp,Solo,Dan Berk,Solo,2018-06-15,37,198712,https://open.spotify.com/track/4ptDJbJl35d7gQfeNteBwp,sad
77MdvMx9L4ZQuLhhn3o21h,If the World Was Ending (feat. Julia Michaels),"JP Saxe, Julia Michaels",Dangerous Levels of Introspection,2021-06-25,62,209493,https://open.spotify.com/track/77MdvMx9L4ZQuLhhn3o21h,sad
1uUqzoWtk2AuW9BDk1wK9t,dream about..,Rauf & Faik,YOUTH I,2021-08-19,36,201428,https://open.spotify.com/track/1uUqzoWtk2AuW9BDk1wK9t,sad
77yuzxCS3csrgTPSW0pvyk,O,Coldplay,Ghost Stories,2014-05-16,65,323480,https://open.spotify.com/track/77yuzxCS3csrgTPSW0pvyk,sad
3u5bTqHMM1P34ZkbwzdckV,The Story Never Ends,Lauv,I met you when I was 18. (the playlist),2018-05-31,0,229029,https://open.spotify.com/track/3u5bTqHMM1P34ZkbwzdckV,sad
7EkMIQ2PzEzwQroLl6dUvw,crash,EDEN,vertigo,2018-01-19,56,232412,https://open.spotify.com/track/7EkMIQ2PzEzwQroLl6dUvw,sad
5IyuGEmlFsnp1TN1M9OSd8,Mean It,Gracie Abrams,Mean It,2019-10-24,59,171138,https://open.spotify.com/track/5IyuGEmlFsnp1TN1M9OSd8,sad
3wIRxCIGmdxld4ZC6yShZ9,Long Sleeves,Gracie Abrams,minor,2020-07-14,61,218440,https://open.spotify.com/track/3wIRxCIGmdxld4ZC6yShZ9,sad
1qMNtybhEGAUFLtwlnxsMK,I'm in Love Without You,FINNEAS,I'm in Love Without You,2017-09-01,43,201469,https://open.spotify.com/track/1qMNtybhEGAUFLtwlnxsMK,sad
58nxGpcCfNDiqmFXklOslz,Six Feet Under - Jerry Folk Remix,"Billie Eilish, Jerry Folk",Six Feet Under (The Remixes),2017-02-03,48,200898,https://open.spotify.com/track/58nxGpcCfNDiqmFXklOslz,sad
395KzBy0bkb57dEvg6cfzJ,Falling Like The Stars,James Arthur,YOU,2019-10-18,72,211653,https://open.spotify.com/track/395KzBy0bkb57dEvg6cfzJ,sad
2FkbeqpCrjjDdVH1SZgDo6,Broken,Isak Danielson,Yours,2018-10-19,0,216338,https://open.spotify.com/track/2FkbeqpCrjjDdVH1SZgDo6,sad
6o8wQj9EtrSZTNGM4JCaqB,To The End,Stormaxxi,XXI,2021-09-07,0,237886,https://open.spotify.com/track/6o8wQj9EtrSZTNGM4JCaqB,sad
6YyJoHBfPjCCeiBfW1dv4r,Last Time,Anson Seabra,Songs I Wrote in My Bedroom,2020-05-08,43,226323,https://open.spotify.com/track/6YyJoHBfPjCCeiBfW1dv4r,sad
0JUEk0OMN4itjfrwgGjBgy,Can You Hear Me,Anson Seabra,Songs I Wrote in My Bedroom,2020-05-08,40,246166,https://open.spotify.com/track/0JUEk0OMN4itjfrwgGjBgy,sad
3ceEHZ1xOcRcO7bqB2PnKK,Somewhere in Ann Arbor,Anson Seabra,Songs I Wrote in My Bedroom,2020-05-08,41,212666,https://open.spotify.com/track/3ceEHZ1xOcRcO7bqB2PnKK,sad
2wfuK8f77bybu2MWiQ5Evn,Hurricane,Anson Seabra,Hurricane,2020-07-15,44,201440,https://open.spotify.com/track/2wfuK8f77bybu2MWiQ5Evn,sad
22AJMMJMaQ3qtTwlegrKcm,Six Feet Apart,Alec Benjamin,Six Feet Apart,2020-04-09,49,173705,https://open.spotify.com/track/22AJMMJMaQ3qtTwlegrKcm,sad
1hbYFsCpIJcHoffm4hOc6M,You Never Called Back,Tommy Boi,You Never Called Back,2019-04-19,0,243613,https://open.spotify.com/track/1hbYFsCpIJcHoffm4hOc6M,sad
21dpBHPTV7ythCHBI6Slcw,If By Chance,Ruth B.,Safe Haven,2017-05-05,60,303653,https://open.spotify.com/track/21dpBHPTV7ythCHBI6Slcw,sad
490iZ2A2GU28mWiofSqftl,The Love You Left Behind,Michael Schulte,Highs & Lows,2019-10-25,45,194546,https://open.spotify.com/track/490iZ2A2GU28mWiofSqftl,sad
5F7dkkzWdHWPpn9zOYu8Ng,You Don't Know,Katelyn Tarver,Tired Eyes,2017,55,260851,https://open.spotify.com/track/5F7dkkzWdHWPpn9zOYu8Ng,sad
1z1mMZtZW0gvR9FSPc7JpJ,Champion,Elina,Champion,2018-11-30,40,173237,https://open.spotify.com/track/1z1mMZtZW0gvR9FSPc7JpJ,sad
57zRWXTQCFRV3zwg0NR8Ck,Demons,Alec Benjamin,These Two Windows,2020-05-29,57,163171,https://open.spotify.com/track/57zRWXTQCFRV3zwg0NR8Ck,sad
1ydKLmtx7LYnDe1udTu96w,Suffocate,Hayd,Suffocate,2020-02-06,0,241967,https://open.spotify.com/track/1ydKLmtx7LYnDe1udTu96w,sad
0AXgLaqOI5w3uLXh4YOsIJ,suicide,Isaac Dunbar,isaac's insects,2020-04-09,42,257000,https://open.spotify.com/track/0AXgLaqOI5w3uLXh4YOsIJ,sad
2tB9EXMGGzvRdxxwyzIJCC,don't cry,sadeyes,don't cry,2020-01-01,43,138007,https://open.spotify.com/track/2tB9EXMGGzvRdxxwyzIJCC,sad
2AHKsVXN6BjBO8SEVX6cBC,Broken,Anson Seabra,Songs I Wrote in My Bedroom,2020-05-08,53,305675,https://open.spotify.com/track/2AHKsVXN6BjBO8SEVX6cBC,sad
7ibMCditT7HIwFE1l1ijY5,Life Is A Lie,Fabian Secon,Life Is A Lie,2020-01-24,33,210023,https://open.spotify.com/track/7ibMCditT7HIwFE1l1ijY5,sad
6r2JV75tE0vNgNCv4HKsBC,scared,Jeremy Zucker,brent,2019-05-03,56,207520,https://open.spotify.com/track/6r2JV75tE0vNgNCv4HKsBC,sad
52zi5wIuqnj9h1AFMtRjPF,My Heart Bleeds,Sky McCreery,Anticlimactic Love - EP,2018-11-09,0,180000,https://open.spotify.com/track/52zi5wIuqnj9h1AFMtRjPF,sad
7wrjEwawJnxuJzlgJT8OFZ,I'm Not Okay...,Ben Lawrence,Everything Still Doesn't Make Sense,2020-06-05,30,186206,https://open.spotify.com/track/7wrjEwawJnxuJzlgJT8OFZ,sad
5VjTlCuX8C11QDunDwvyNh,Say,Ruel,Ready,2018-06-15,50,227433,https://open.spotify.com/track/5VjTlCuX8C11QDunDwvyNh,sad
4Gyo5XZzmZawnpqaRRedKu,Julia,Lauv,~how i'm feeling~,2020-03-06,0,218000,https://open.spotify.com/track/4Gyo5XZzmZawnpqaRRedKu,sad
0cHAXbQfTlBIJrzIOW8kUv,Trauma,NF,The Search,2019-07-26,58,247240,https://open.spotify.com/track/0cHAXbQfTlBIJrzIOW8kUv,sad
2d41Jt4R1j5BhvtC9UsmGf,I Lost Myself,Munn,I Lost Myself,2020-07-10,54,191484,https://open.spotify.com/track/2d41Jt4R1j5BhvtC9UsmGf,sad
0k1Kx2qzo9W8ZQH7tRyGIt,Hate You,Seann Bowe,Hate You,2019-12-19,0,278709,https://open.spotify.com/track/0k1Kx2qzo9W8ZQH7tRyGIt,sad
6HM7pHJUWgvkA6dmx6mZQ7,Love In The Dark,Leroy Sanchez,Love In The Dark,2017-11-21,0,285884,https://open.spotify.com/track/6HM7pHJUWgvkA6dmx6mZQ7,sad
7CETR23Us2ET1iXIKhF5Ju,Sorry for Writing All the Songs About You,Clara Mae,Sorry For Writing All The Songs About You (Acoustic),2018-09-07,38,206233,https://open.spotify.com/track/7CETR23Us2ET1iXIKhF5Ju,sad
6cc7nzmG4iClAyl47BOf2Z,Loved You Once,Clara Mae,Drunk On Emotions,2020-08-28,45,148603,https://open.spotify.com/track/6cc7nzmG4iClAyl47BOf2Z,sad
2vzWylXWogTG11HR0frews,I Can't Carry This Anymore,Anson Seabra,I Can't Carry This Anymore,2019-01-11,57,200000,https://open.spotify.com/track/2vzWylXWogTG11HR0frews,sad
1emAqEEKHGpdFx6H2YJTiG,Mirage,Elina,Mirage,2019-02-22,35,164897,https://open.spotify.com/track/1emAqEEKHGpdFx6H2YJTiG,sad
47lbyHWyeoRe3MJrSN4bk9,I Can't Make You Love Me,Dave Thomas Junior,I Can't Make You Love Me,2013-10-06,0,330483,https://open.spotify.com/track/47lbyHWyeoRe3MJrSN4bk9,sad
60cYr5uuMoxvyuIx45rGEW,Boy In The Bubble,Alec Benjamin,Narrated For You,2018-11-16,68,181705,https://open.spotify.com/track/60cYr5uuMoxvyuIx45rGEW,sad
0WHi11uzahqpEtPGYCW6oQ,If I Killed Someone For You,Alec Benjamin,Narrated For You,2018-11-16,70,185122,https://open.spotify.com/track/0WHi11uzahqpEtPGYCW6oQ,sad
2PqSOrlabozEH6KXs7BvQr,Let Me Go,NF,The Search,2019-07-26,57,277777,https://open.spotify.com/track/2PqSOrlabozEH6KXs7BvQr,sad
1AvTywVswvftxfT8iYTuxr,Lose My Mind - Acoustic,Dean Lewis,Lose My Mind (Acoustic),2017-10-20,57,193628,https://open.spotify.com/track/1AvTywVswvftxfT8iYTuxr,sad
0BB8adTPSIZedvDapPJ2Bs,broken parts,clide,in my mind,2020-11-27,0,185026,https://open.spotify.com/track/0BB8adTPSIZedvDapPJ2Bs,sad
1tg28JiXBuaUj5bZ8Ppuum,The One That Got Away,Brielle Von Hugel,The One That Got Away,2016-11-13,58,247695,https://open.spotify.com/track/1tg28JiXBuaUj5bZ8Ppuum,sad
42i8mO4cQdsUmn5In7jony,Don't Watch Me Cry,Alex Porat,Alexandra Porat,2020-01-24,0,189418,https://open.spotify.com/track/42i8mO4cQdsUmn5In7jony,sad
0X9MxHR1rTkEHDjp95F2OO,Bad Liar,"Anna Hamilton, The Acoustic Room",Bad Liar,2018-12-14,57,248448,https://open.spotify.com/track/0X9MxHR1rTkEHDjp95F2OO,sad
0wRNXlaCm3L65WDYVbYPkO,A Million Dreams,Alex Porat,Alexandra Porat,2020-01-24,0,280984,https://open.spotify.com/track/0wRNXlaCm3L65WDYVbYPkO,sad
6hjh2phISvfR1Ib6S0FK7b,Trying My Best,Anson Seabra,Songs I Wrote in My Bedroom,2020-05-08,59,222467,https://open.spotify.com/track/6hjh2phISvfR1Ib6S0FK7b,sad
3bWubl9oMzs5Z1n5KZXSSz,Can I call you back?,shy martin,can I call you back?,2020-04-10,6,153058,https://open.spotify.com/track/3bWubl9oMzs5Z1n5KZXSSz,sad
6fGSHpEipD1YjtLLChnBzW,Friend,Gracie Abrams,minor,2020-07-14,62,176946,https://open.spotify.com/track/6fGSHpEipD1YjtLLChnBzW,sad
7iwZxtAV753uQkg2uh51Y5,When It's Over,Anson Seabra,Songs I Wrote in My Bedroom,2020-05-08,37,257333,https://open.spotify.com/track/7iwZxtAV753uQkg2uh51Y5,sad
4csaGY06XaDB3tfmXgE7Of,Hold Me,Jake Banfield,Hold Me,2020-03-26,0,172307,https://open.spotify.com/track/4csaGY06XaDB3tfmXgE7Of,sad
1G9YZPtxUGfl1yVw7kq4yc,minor,Gracie Abrams,minor,2020-07-14,58,160506,https://open.spotify.com/track/1G9YZPtxUGfl1yVw7kq4yc,sad
6e5UOAU8hWJq7FKbHGPp2y,Under / Over,Gracie Abrams,minor,2020-07-14,55,141826,https://open.spotify.com/track/6e5UOAU8hWJq7FKbHGPp2y,sad
0f8xPdFJ6SdlHJwkxpdw2Q,Still the Same (feat. Boy In Space),"shy martin, Boy In Space",Still the Same (feat. Boy In Space),2020-02-28,3,178139,https://open.spotify.com/track/0f8xPdFJ6SdlHJwkxpdw2Q,sad
0D2xguFRqCF0OUqXCkqrpU,Hard Sometimes,Ruel,Free Time,2019-09-13,53,269493,https://open.spotify.com/track/0D2xguFRqCF0OUqXCkqrpU,sad
0m3DrWZvSJBKBdcJsTmjfy,Strawberry Huracan,MASN,Strawberry Huracan,2021-09-24,41,177026,https://open.spotify.com/track/0m3DrWZvSJBKBdcJsTmjfy,sad
2wEkixx4SuvDuLMKJTDUot,Beautiful Addiction (feat. Brady Schmitz & Danielle Swift),"Nate Feuerstein, Brady Schmitz, Danielle Swift",Beautiful Addiction (feat. Brady Schmitz & Danielle Swift),2013-11-04,45,259109,https://open.spotify.com/track/2wEkixx4SuvDuLMKJTDUot,sad
5DHQKZCOZhGNTbYBCekWx0,Paralyzed,NF,Mansion,2015-03-31,69,270453,https://open.spotify.com/track/5DHQKZCOZhGNTbYBCekWx0,sad
5HsSsEeP3hU9QSfHZrzbtA,3:00 AM,Finding Hope,Our Love,2017-10-27,0,201951,https://open.spotify.com/track/5HsSsEeP3hU9QSfHZrzbtA,sad
5L3VoLOjwPv7hPknnmYaeT,Love,Finding Hope,Love,2017-09-29,0,256097,https://open.spotify.com/track/5L3VoLOjwPv7hPknnmYaeT,sad
1isXdpzFMO6EIkgdWjV2D8,Can You Hold Me,"NF, Britt Nicole",Mansion,2015-03-31,60,221200,https://open.spotify.com/track/1isXdpzFMO6EIkgdWjV2D8,sad
2lx3j3uOMOimtLlafTLehZ,You Melt Away the Snow,"Teqkoi, Powfu",You Melt Away the Snow,2018-12-07,0,175699,https://open.spotify.com/track/2lx3j3uOMOimtLlafTLehZ,sad
2iFJJvtXtkepwMvzqi2MCY,lil ghost,sadeyes,lil ghost,2019-05-03,32,149072,https://open.spotify.com/track/2iFJJvtXtkepwMvzqi2MCY,sad
4JuJZzGcswQszYiKJSnC6i,I'll Be Good,Jaymes Young,Feel Something,2017-06-23,62,247346,https://open.spotify.com/track/4JuJZzGcswQszYiKJSnC6i,sad
1tYOB844iD7HxHvPtwDPNu,Half Light,BANNERS,Half Light,2016-05-27,58,185946,https://open.spotify.com/track/1tYOB844iD7HxHvPtwDPNu,sad
6mZ1RHJHPb8Ox31R5l49Kn,Adore,Dean Lewis,Same Kind Of Different,2017-05-12,50,179429,https://open.spotify.com/track/6mZ1RHJHPb8Ox31R5l49Kn,sad
6awEFGRJn9q75S3oYxnJEs,i don't wanna let u go,yaeow,i don't wanna let u go,2022-01-06,0,144000,https://open.spotify.com/track/6awEFGRJn9q75S3oYxnJEs,sad
7M2UiRCmybJ5fuT7Wc2iDR,Damage,Caleb Hearn,Damage,2022-01-28,51,152961,https://open.spotify.com/track/7M2UiRCmybJ5fuT7Wc2iDR,sad
779UN3kabApm2zfqX549vf,when was it over? (feat. Sam Hunt),"Sasha Alex Sloan, Sam Hunt",when was it over? (feat. Sam Hunt),2021-04-23,53,218093,https://open.spotify.com/track/779UN3kabApm2zfqX549vf,sad
1q0cXlOwuKUrCyG8z29rBl,Cry Over Boys,Alexander 23,Sad Gay Bops,2021-06-25,24,170812,https://open.spotify.com/track/1q0cXlOwuKUrCyG8z29rBl,sad
7F1yVPuJ4xRdrDvf8OL0HF,"My Heart Will Go On - Love Theme from ""Titanic""","Céline Dion, James Horner",Titanic: Original Motion Picture Soundtrack - Collector's Anniversary Edition,1997,56,310706,https://open.spotify.com/track/7F1yVPuJ4xRdrDvf8OL0HF,sad
3AgmA7OJFNok5iGIRJu5HE,Never Stood A Chance,Someone Else's Rain,Never Stood A Chance,2023-02-24,24,170206,https://open.spotify.com/track/3AgmA7OJFNok5iGIRJu5HE,sad
7KhzNtBj6hmB08fyJCIRb3,Changes,Hayd,Changes - EP,2021-09-17,58,214814,https://open.spotify.com/track/7KhzNtBj6hmB08fyJCIRb3,sad
0u7W9wAshAz403rPQf9V0Z,nothing left to lose,Julia Alexa,nothing left to lose,2023-08-18,26,157027,https://open.spotify.com/track/0u7W9wAshAz403rPQf9V0Z,sad
1o2E5CwlBWuVElc41EqOSU,Is It Just Me?,Emily Burns,My Town,2019-11-20,53,203731,https://open.spotify.com/track/1o2E5CwlBWuVElc41EqOSU,sad
5v6qYImm5k36GHlFxdEZyv,Moral of the Story (feat. Niall Horan) - Bonus Track,"Ashe, Niall Horan",Ashlyn,2021-05-07,61,198515,https://open.spotify.com/track/5v6qYImm5k36GHlFxdEZyv,sad
1FCQLXqwkKiqXNVAos5j2B,Always,Isak Danielson,Yours,2018-10-19,58,213451,https://open.spotify.com/track/1FCQLXqwkKiqXNVAos5j2B,sad
1MhXdlCQPnO56T57MfmaRm,Ghost Of You,5 Seconds of Summer,Youngblood (Deluxe),2018-06-15,71,197411,https://open.spotify.com/track/1MhXdlCQPnO56T57MfmaRm,sad
5C1TucCRf4Vjjree1OItyv,One,Lewis Capaldi,Divinely Uninspired To A Hellish Extent,2019-05-17,61,179907,https://open.spotify.com/track/5C1TucCRf4Vjjree1OItyv,sad
4AuYFl8wn6502LiHDTr0C9,tear myself apart,Tate McRae,all the things i never said,2020-01-24,61,165240,https://open.spotify.com/track/4AuYFl8wn6502LiHDTr0C9,sad
401MfYscl2EMF4nDbnbG0K,Are You With Me,nilu,Are You With Me,2018-01-24,60,249661,https://open.spotify.com/track/401MfYscl2EMF4nDbnbG0K,sad
1vjQHBoJWpQ3rAPRDVjrxA,A Little Bit Yours,JP Saxe,Dangerous Levels of Introspection,2021-06-25,56,228386,https://open.spotify.com/track/1vjQHBoJWpQ3rAPRDVjrxA,sad
1Ia95g66IhlAJ3qVI4qI8W,Slow,shy martin,Slow,2020-01-10,8,163547,https://open.spotify.com/track/1Ia95g66IhlAJ3qVI4qI8W,sad
3iPJ039BamX9MIVZQWEnnL,House With No Mirrors,Sasha Alex Sloan,Only Child,2020-10-16,48,227613,https://open.spotify.com/track/3iPJ039BamX9MIVZQWEnnL,sad
3pt2acuxLXvIGproniPoq9,Closure,Hayd,Changes - EP,2021-09-17,55,196277,https://open.spotify.com/track/3pt2acuxLXvIGproniPoq9,sad
7wAuksvJErTLz0OHTDJPIa,Hit the Ground,Texture,Hit the Ground,2025-02-14,72,145696,https://open.spotify.com/track/7wAuksvJErTLz0OHTDJPIa,sad
7I5NoUL1HM89gR2S6VL5He,you ain't worth it,"Dimside, unhollow",i wish u stayed,2025-07-04,25,151615,https://open.spotify.com/track/7I5NoUL1HM89gR2S6VL5He,sad
2T3hmxdfYj2alR0Iv2Tl0c,Chihiro,Gravagerz,Chihiro,2024-06-22,72,128575,https://open.spotify.com/track/2T3hmxdfYj2alR0Iv2Tl0c,sad
6qbdnKNznLiwqplr35yb1n,"Stay Still, A Little While","Lane 8, Jyll","Stay Still, A Little While",2025-10-28,57,320640,https://open.spotify.com/track/6qbdnKNznLiwqplr35yb1n,sad
6YPmaSehLyyY5ImwNkmEGv,One Last Time,NM,One Last Time,2025-09-19,55,114249,https://open.spotify.com/track/6YPmaSehLyyY5ImwNkmEGv,sad
4FLj0vamKjqDeBNke39VdI,Spring Rains,Drics,Spring Rains,2022-06-01,44,175140,https://open.spotify.com/track/4FLj0vamKjqDeBNke39VdI,sad
43Gw9Yd4mYtpJ1AHFA00oY,Space,"Zerb, Odeal, Victor Ray",Space,2025-10-03,63,142135,https://open.spotify.com/track/43Gw9Yd4mYtpJ1AHFA00oY,sad
1tTEPwL7u7ITFUDYHDSfSt,Keep On Running,Nico Saint,Keep On Running,2025-04-11,52,108000,https://open.spotify.com/track/1tTEPwL7u7ITFUDYHDSfSt,sad
1KtbrGdj2rLkGXFjtFJ4Ei,Stereo,Alex Keeper,Hopecore,2025-10-10,26,146250,https://open.spotify.com/track/1KtbrGdj2rLkGXFjtFJ4Ei,sad
0XYjFOhn4vchGIuDkQdk4D,Naive,Killen.,Naive,2025-09-05,55,180956,https://open.spotify.com/track/0XYjFOhn4vchGIuDkQdk4D,sad
6Xgbgdi7F7BGrZPrYcxFVl,Knock Me Off My Feet,oskar med k,Knock Me Off My Feet,2025-01-03,68,141079,https://open.spotify.com/track/6Xgbgdi7F7BGrZPrYcxFVl,sad
2jWwaTuOfPHD0G82jPnscY,Don't Feel the Same,Amani Amara,Don't Feel the Same,2025-09-02,42,136271,https://open.spotify.com/track/2jWwaTuOfPHD0G82jPnscY,sad
0WVOgLhVL1Zy4raPUPKV89,Lovin U,"Haasy, PRAZI",Lovin U,2025-07-11,41,202504,https://open.spotify.com/track/0WVOgLhVL1Zy4raPUPKV89,sad
3IjuRtbVKkNvSnjZtHg3Je,Teresa,Drics,Horizons,2025-11-07,33,175238,https://open.spotify.com/track/3IjuRtbVKkNvSnjZtHg3Je,sad
7tVdkU9MHow3zM3VNpprXs,it got way too deep,Dimside,it got way too deep,2025-05-30,38,139218,https://open.spotify.com/track/7tVdkU9MHow3zM3VNpprXs,sad
5t3HqfdKcA7igOrOx0JKJX,Before You Broke My Heart,Tobiahs,"TO YOU, BY US (VOL. 1)",2025-08-15,46,157097,https://open.spotify.com/track/5t3HqfdKcA7igOrOx0JKJX,sad
6twB0uYXJYW9t5GHfYaQ3i,ten,"Fred again.., Jozzy",ten days,2024-09-06,68,181545,https://open.spotify.com/track/6twB0uYXJYW9t5GHfYaQ3i,sad
3BaoBF6jweQg8Lpf8WPsMJ,Keep Running,Alex Keeper,Hopecore,2025-10-10,25,152195,https://open.spotify.com/track/3BaoBF6jweQg8Lpf8WPsMJ,sad
2DXHbKi9Y3FZ9RJHjtwiw8,Drifting Away,Alex Keeper,Hopecore,2025-10-10,41,148872,https://open.spotify.com/track/2DXHbKi9Y3FZ9RJHjtwiw8,sad
5GdyBkzq1KfFHfDuWCdXxX,You Don't Love Yourself,"Tobiahs, OVI WOOD","TO YOU, BY US (VOL. 1)",2025-08-15,42,158599,https://open.spotify.com/track/5GdyBkzq1KfFHfDuWCdXxX,sad
0OyuQbNjc9ZAL25O9JJ4l1,Away,XIX99,Away,2025-10-29,29,183874,https://open.spotify.com/track/0OyuQbNjc9ZAL25O9JJ4l1,sad
4QOi1ZUOxZzDXvKn7nm0Ro,Could Have Been So Good,"Rules, Bandit",Could Have Been So Good,2025-09-16,61,206060,https://open.spotify.com/track/4QOi1ZUOxZzDXvKn7nm0Ro,sad
08ScAb6KMrEtvSxpQTz9yK,Passenger,Pausé,Passenger,2023-02-22,0,199000,https://open.spotify.com/track/08ScAb6KMrEtvSxpQTz9yK,sad
31wPuZZK6eH4h1kgfM8HSp,Drive All Night,"Leo Stannard, Banyan",Drive All Night,2025-06-27,58,268567,https://open.spotify.com/track/31wPuZZK6eH4h1kgfM8HSp,sad
73ZFVrjtLNc4SmCZ2GZXej,it don't hurt like u,Dimside,it don't hurt like u,2025-09-05,39,142619,https://open.spotify.com/track/73ZFVrjtLNc4SmCZ2GZXej,sad
1vW12BfxjOQKYElBm9ttW9,Billie (loving arms),Fred again..,Actual Life 2 (February 2 - October 15 2021),2021-11-19,61,217265,https://open.spotify.com/track/1vW12BfxjOQKYElBm9ttW9,sad
6qeA92HmaQrcWxWD3BVxqA,Burn Me Down,Matteo Cole,Burn Me Down,2025-07-18,43,145573,https://open.spotify.com/track/6qeA92HmaQrcWxWD3BVxqA,sad
6eLaP1VW9Moy2AHijWfhxl,Help Me Lose My Mind - Slowed Down,Gravagerz,Help Me Lose My Mind (Slowed Down),2025-02-28,58,196005,https://open.spotify.com/track/6eLaP1VW9Moy2AHijWfhxl,sad
2lFg6N5CQ1lh3kJUHmtEf4,Angel of Mine,Tobiahs,Angel of Mine,2025-01-17,63,162741,https://open.spotify.com/track/2lFg6N5CQ1lh3kJUHmtEf4,sad
2QssMHEFJmxhAbq53oXrjK,Lost In This Moment,Nico Saint,Lost In This Moment,2025-02-28,50,126093,https://open.spotify.com/track/2QssMHEFJmxhAbq53oXrjK,sad
7mDYG9GGbKeX5j3Y7hMuik,whatcouldbe,Tonic Walter,whatcouldbe,2024-12-20,43,169838,https://open.spotify.com/track/7mDYG9GGbKeX5j3Y7hMuik,sad
7LMsAia3rSvaNrHjgfuJzB,Into The Night,Tonic Walter,Into The Night,2023-07-07,61,423006,https://open.spotify.com/track/7LMsAia3rSvaNrHjgfuJzB,sad
5z49EsoURUXq88RSLBmYPG,Matter of Time,"Vandelux, Alex Maher",When The Light Breaks,2023-09-15,67,240009,https://open.spotify.com/track/5z49EsoURUXq88RSLBmYPG,sad
0bM4BcYlz8hyOC3g1j83UD,This Is Love,Ourson,This Is Love,2024-03-15,36,215000,https://open.spotify.com/track/0bM4BcYlz8hyOC3g1j83UD,sad
4AGwu2Zn3sYmR2s2y3vfft,Hannah (the sun),Fred again..,Actual Life 2 (February 2 - October 15 2021),2021-11-19,57,196796,https://open.spotify.com/track/4AGwu2Zn3sYmR2s2y3vfft,sad
5f4qquwjZzEXIdua2FId7b,Demons - Massane Remix,"Jerro, Sophia Bel, Massane",Demons,2020-12-17,1,243176,https://open.spotify.com/track/5f4qquwjZzEXIdua2FId7b,sad
09wrW4mdaoBrOFY6KSR94h,HEAVEN,The Blaze,DANCEHALL,2018-09-07,59,219280,https://open.spotify.com/track/09wrW4mdaoBrOFY6KSR94h,sad
0piKoxYlMV4VHDvK3Oi3oy,I Feel,Alex Keeper,Hopecore,2025-10-10,24,140909,https://open.spotify.com/track/0piKoxYlMV4VHDvK3Oi3oy,sad
3ZxEXb4YeEWGTUPAmn2Xhe,Vhs,Swimming Paul,Smiling Through The Pain,2024-06-21,58,269252,https://open.spotify.com/track/3ZxEXb4YeEWGTUPAmn2Xhe,sad
1HR6PzFMIsqa8z230Zlk3b,the things that bring me joy,heylucas,hey,2025-05-16,55,179047,https://open.spotify.com/track/1HR6PzFMIsqa8z230Zlk3b,sad
6sgqf4wXFWSAmjL1TEXNvZ,Something About You (with Rudimental) - Chill Mix,"Elderbrook, Rudimental",Something About You (with Rudimental) [Alternate Versions],2019-10-04,61,166533,https://open.spotify.com/track/6sgqf4wXFWSAmjL1TEXNvZ,sad
2NzRB5dnMNao0v5d6zMaAL,stay,"oskar med k, Kitty Mack",keep your feet,2024-03-22,49,246176,https://open.spotify.com/track/2NzRB5dnMNao0v5d6zMaAL,sad
24CoUR3GwPXeWJzGizLzhR,Angie (i’ve been lost) [feat. Angie McMahon],"Fred again.., Angie McMahon",Actual Life (April 14 - December 17 2020),2021-04-15,57,285093,https://open.spotify.com/track/24CoUR3GwPXeWJzGizLzhR,sad
0NHBjddjKTkJQvEb5oTilt,Back To My Bed,Elderbrook,Back To My Bed,2020-09-16,52,202106,https://open.spotify.com/track/0NHBjddjKTkJQvEb5oTilt,sad
4DBmErhbpFFYN1ugnu4wCy,can't hold the light,"puulse, Nick Shadow, ALSO ASTIR",can't hold the light,2025-05-16,32,156850,https://open.spotify.com/track/4DBmErhbpFFYN1ugnu4wCy,sad
452IPXUtixq2BXVPxsUtHh,Like That,"Lane Boy, LissA",Like That,2024-03-22,29,134521,https://open.spotify.com/track/452IPXUtixq2BXVPxsUtHh,sad
22Kh4E3YN7f9QSZj9rbvWc,Kids of the Sun,Alex Keeper,Hopecore,2025-10-10,29,159685,https://open.spotify.com/track/22Kh4E3YN7f9QSZj9rbvWc,sad
1tdMr2Z21Hu0znxOzy9eLv,better now,"Does it matter, Francis Skyes",Second Hand Love,2024-07-19,27,156656,https://open.spotify.com/track/1tdMr2Z21Hu0znxOzy9eLv,sad
5xscvMvl9GpvpDZHgzpOUg,My Return Home,"Mx Cartier, Benni Ola",My Return Home,2025-04-30,55,278533,https://open.spotify.com/track/5xscvMvl9GpvpDZHgzpOUg,sad
43ZLuqpwhge81M9p2mjhlR,i'm calling,"puulse, lunne.",i'm calling,2023,0,141396,https://open.spotify.com/track/43ZLuqpwhge81M9p2mjhlR,sad
0xMhaZQNeVWO6LchP5r0xb,Me & You,Midnight Run,Me & You,2025-03-11,3,156206,https://open.spotify.com/track/0xMhaZQNeVWO6LchP5r0xb,sad
4Xr79cCjyFtQF7N2h9YHJQ,Motion,Leo Chase,Motion,2024-12-03,32,137704,https://open.spotify.com/track/4Xr79cCjyFtQF7N2h9YHJQ,sad
2gRRvtOtTsdhoTcCwLYFaq,what can i do,puulse,what can i do,2024-01-05,29,125581,https://open.spotify.com/track/2gRRvtOtTsdhoTcCwLYFaq,sad
5GGc9t7PJALEVIUbDG5MBS,Way Down,Leo Chase,Way Down,2024-09-10,33,138305,https://open.spotify.com/track/5GGc9t7PJALEVIUbDG5MBS,sad
6bVY1XClQ5LNXZsF9J7uOz,Driving Fast,"Swimming Paul, Beaux Neptune",Driving Fast,2024-11-08,59,187500,https://open.spotify.com/track/6bVY1XClQ5LNXZsF9J7uOz,sad
5pBtwAL8PY4qakQIcdkN92,Only One,Last Sun,Only One,2023-03-03,31,151384,https://open.spotify.com/track/5pBtwAL8PY4qakQIcdkN92,sad
1JSTJqkT5qHq8MDJnJbRE1,Every Breath You Take,The Police,Synchronicity (Remastered 2003),1983-06-17,90,253920,https://open.spotify.com/track/1JSTJqkT5qHq8MDJnJbRE1,sad
2wSAWEYUHkt92X4SBAPqZE,Karma Chameleon - Remastered 2002,Culture Club,Colour By Numbers (Remastered / Expanded Edition),1983-10-01,75,252773,https://open.spotify.com/track/2wSAWEYUHkt92X4SBAPqZE,sad
5vdp5UmvTsnMEMESIF2Ym7,Another One Bites The Dust - Remastered 2011,Queen,The Game (2011 Remaster),1980-06-27,81,214653,https://open.spotify.com/track/5vdp5UmvTsnMEMESIF2Ym7,sad
3MrWxJaD2AT0W9DjWF64Vm,Come On Eileen,Dexys Midnight Runners,Too Rye Ay,1982-07-22,77,287306,https://open.spotify.com/track/3MrWxJaD2AT0W9DjWF64Vm,sad
05oFyvdztPdpwSwpoclD4c,"If You Leave - From ""Pretty In Pink""",Orchestral Manoeuvres In The Dark,If You Leave,2009-01-01,56,268546,https://open.spotify.com/track/05oFyvdztPdpwSwpoclD4c,sad
6ZXmTH4DpP07a2TvHx1EF9,Could You Be Loved,Bob Marley & The Wailers,Legend - The Best Of Bob Marley And The Wailers,2002-01-01,59,237133,https://open.spotify.com/track/6ZXmTH4DpP07a2TvHx1EF9,sad
0mAFhcH2ceQZBFsuS5IT8R,Celebration,Kool & The Gang,Best Of,2011-03-30,30,298386,https://open.spotify.com/track/0mAFhcH2ceQZBFsuS5IT8R,sad
3spmBjPY8HCNCR6Y0H7Ahd,Upside Down,Diana Ross,Diana,1980-05-22,32,244826,https://open.spotify.com/track/3spmBjPY8HCNCR6Y0H7Ahd,sad
48Ej1CDmpsETlImicgiXWC,Luka,Suzanne Vega,Solitude Standing,1987-01-01,0,230973,https://open.spotify.com/track/48Ej1CDmpsETlImicgiXWC,sad
2uXewDKMktNkkMfotqSxN6,"Something About You - 7"" Version",Level 42,Level Best,1989-01-01,51,223440,https://open.spotify.com/track/2uXewDKMktNkkMfotqSxN6,sad
3aAuIvgJGdp4wWd60riWfB,Valerie,Steve Winwood,Talking Back To The Night,1982-08-02,67,246666,https://open.spotify.com/track/3aAuIvgJGdp4wWd60riWfB,sad
64kN5vtSeGeOXeF9zulRn1,I'm Coming Out,Diana Ross,Diana,1980-05-22,27,325266,https://open.spotify.com/track/64kN5vtSeGeOXeF9zulRn1,sad
4Jj2j9Wlzt1dpS5ZC0kcqt,I Ain't Gonna Stand For It,Stevie Wonder,The Definitive Collection (Deluxe Edition),2002-10-29,37,279093,https://open.spotify.com/track/4Jj2j9Wlzt1dpS5ZC0kcqt,sad
4bNnnKW2T3Q0Z7IEpvGbWz,Like A Rock,Bob Seger,Greatest Hits,1994-10-25,44,357920,https://open.spotify.com/track/4bNnnKW2T3Q0Z7IEpvGbWz,sad
4s5Rfu5ljwBx3ij5SwCDqq,The Spirit Of Radio,Rush,Gold,2006-01-01,28,297266,https://open.spotify.com/track/4s5Rfu5ljwBx3ij5SwCDqq,sad
3L7RtEcu1Hw3OXrpnthngx,Don't You Want Me,The Human League,Dare!,1981,78,236920,https://open.spotify.com/track/3L7RtEcu1Hw3OXrpnthngx,sad
5EOoMWIB9iK4ZpcSex9Ec7,Old Time Rock & Roll,Bob Seger,Stranger In Town,1978-05-05,74,194146,https://open.spotify.com/track/5EOoMWIB9iK4ZpcSex9Ec7,sad
2gQaQUhDCNGfBVXTvxAmXQ,Shout,Tears For Fears,Songs From The Big Chair,1985-02-25,75,393666,https://open.spotify.com/track/2gQaQUhDCNGfBVXTvxAmXQ,sad
5B37ocpk2zxeZL1lq5F6ui,One Thing Leads To Another,The Fixx,Reach The Beach,1983-05-15,49,199826,https://open.spotify.com/track/5B37ocpk2zxeZL1lq5F6ui,sad
5uRsBdLhn91AYcsTCOGNOC,Sunglasses At Night,Corey Hart,First Offense,1983,59,320000,https://open.spotify.com/track/5uRsBdLhn91AYcsTCOGNOC,sad
7F2b4lHBr8V7JzNbN1ipCe,Material Girl,Madonna,Celebration (Belgium),2009-09-18,31,240280,https://open.spotify.com/track/7F2b4lHBr8V7JzNbN1ipCe,sad
1CMaAhqJic1XKKiZuFxrIk,Hit Me With Your Best Shot - Remastered,Pat Benatar,Rock Songs,2019-09-20,0,172266,https://open.spotify.com/track/1CMaAhqJic1XKKiZuFxrIk,sad
0GONea6G2XdnHWjNZd6zt3,Summer Of '69,Bryan Adams,Reckless (30th Anniversary / Deluxe Edition),1984-11-05,82,216053,https://open.spotify.com/track/0GONea6G2XdnHWjNZd6zt3,sad
08mwhIt0RXw3QnyyjIktAd,Wild Child,Heart,Brigade,1990-03-25,48,270133,https://open.spotify.com/track/08mwhIt0RXw3QnyyjIktAd,sad
6Aav1GMR2dbFU7nIRrnwQa,Sing Me Away,Night Ranger,Dawn Patrol,1982-11-01,46,250800,https://open.spotify.com/track/6Aav1GMR2dbFU7nIRrnwQa,sad
2K22nUTdyr48JDwI5t906t,Relax (Come Fighting),Frankie Goes To Hollywood,Welcome To The Pleasuredome,1984-10-20,71,236800,https://open.spotify.com/track/2K22nUTdyr48JDwI5t906t,sad
2olVm1lHicpveMAo4AUDRB,The Power Of Love,Huey Lewis & The News,Greatest Hits: Huey Lewis And The News,2006-01-01,75,234333,https://open.spotify.com/track/2olVm1lHicpveMAo4AUDRB,sad
0PdM2a6oIjqepoEfcJo0RO,Pour Some Sugar On Me - Remastered 2017,Def Leppard,Hysteria (Super Deluxe),1987-08-03,74,267306,https://open.spotify.com/track/0PdM2a6oIjqepoEfcJo0RO,sad
0QKfiqpEU4h9ycPSzIFwYe,Maniac,Michael Sembello,Flashdance (Original Soundtrack From The Motion Picture),1983-04-11,73,244706,https://open.spotify.com/track/0QKfiqpEU4h9ycPSzIFwYe,sad
1db0gbTSKdRQum8VlbNkiO,Say Say Say - Remastered 2015,"Paul McCartney, Michael Jackson",Pipes Of Peace,1983-10-28,67,235693,https://open.spotify.com/track/1db0gbTSKdRQum8VlbNkiO,sad
5Nuxdf0f5PpaeaPm4jrhiE,Breakthru - Remastered 2011,Queen,The Miracle (2011 Remaster),1989-05-22,56,248386,https://open.spotify.com/track/5Nuxdf0f5PpaeaPm4jrhiE,sad
1YEMHIIUFK1XzaTkGuaCQ5,Heavy Metal Love,Helix,No Rest for the Wicked,1983,41,183333,https://open.spotify.com/track/1YEMHIIUFK1XzaTkGuaCQ5,sad
3hVrI7snZMTmHCnbwME47u,Physical,Olivia Newton-John,Physical,1981-01-01,0,224773,https://open.spotify.com/track/3hVrI7snZMTmHCnbwME47u,sad
4uOKFydzAejjSFqYbv1XPt,Red Red Wine,UB40,The Very Best Of,2000,73,183733,https://open.spotify.com/track/4uOKFydzAejjSFqYbv1XPt,sad
1RbOObDFn7GOseR1w529Zj,Things Can Only Get Better,Howard Jones,Dream Into Action,1985,0,235826,https://open.spotify.com/track/1RbOObDFn7GOseR1w529Zj,sad
0PXw9NKvolWTo7U9JkNzmc,"The Heat Is On - From ""Beverly Hills Cop"" Soundtrack",Glenn Frey,Above The Clouds - The Collection (Deluxe),2018-04-27,63,227800,https://open.spotify.com/track/0PXw9NKvolWTo7U9JkNzmc,sad
2dCmGcEOQrMQhMMS8Vj7Ca,Super Freak,Rick James,Street Songs (Deluxe Edition),1981-04-07,78,205466,https://open.spotify.com/track/2dCmGcEOQrMQhMMS8Vj7Ca,sad
6HvUtPLqkP0t6zd6YNdWby,"The Look Of Love, Pt.1",ABC,The Lexicon Of Love,1982-06-21,63,209160,https://open.spotify.com/track/6HvUtPLqkP0t6zd6YNdWby,sad
0KlJjhnfwAnPacNd7EH45J,Always Something There to Remind Me,Naked Eyes,Burning Bridges,1983-03-16,0,218933,https://open.spotify.com/track/0KlJjhnfwAnPacNd7EH45J,sad
6lnP51cMlqpZ8bwmyVlgvG,She's A Beauty,The Tubes,Best Of,1992-01-01,46,237240,https://open.spotify.com/track/6lnP51cMlqpZ8bwmyVlgvG,sad
2H5BRl8I6IveJ6BgC7FpqQ,The Stroke,Billy Squier,Don't Say No,1981,0,218333,https://open.spotify.com/track/2H5BRl8I6IveJ6BgC7FpqQ,sad
0rhyBUAgNXwdyvGVXSrLzc,Into The Night,Benny Mardones,Never Run Never Hide,1980-01-01,60,271800,https://open.spotify.com/track/0rhyBUAgNXwdyvGVXSrLzc,sad
5tVA6TkbaAH9QMITTQRrNv,Free Fallin',Tom Petty,Full Moon Fever,1989-01-01,77,256000,https://open.spotify.com/track/5tVA6TkbaAH9QMITTQRrNv,sad
2u96akbqgCRtkjfLMYrgZo,Don't You (Forget About Me) - Remastered 2001,Simple Minds,Celebrate (Greatest Hits / Expanded Edition),2013-03-25,3,260773,https://open.spotify.com/track/2u96akbqgCRtkjfLMYrgZo,sad
7G7tgVYORlDuVprcYHuFJh,Don't Dream It's Over,Crowded House,Crowded House,1986-01-01,81,236933,https://open.spotify.com/track/7G7tgVYORlDuVprcYHuFJh,sad
4d6eqRtpDX7tydHJGDZUBQ,She Drives Me Crazy,Fine Young Cannibals,The Raw & The Cooked,1988-01-01,77,215773,https://open.spotify.com/track/4d6eqRtpDX7tydHJGDZUBQ,sad
2iXH35MhsqO5Ry8a7iptpJ,Endless Summer Nights,Richard Marx,Richard Marx,1987-01-01,59,270693,https://open.spotify.com/track/2iXH35MhsqO5Ry8a7iptpJ,sad
7gaQtc0vrSpmRJpSMDiPEk,All Night Long (All Night),Lionel Richie,Can't Slow Down (Deluxe Edition),1983,61,383440,https://open.spotify.com/track/7gaQtc0vrSpmRJpSMDiPEk,sad
43eBgYRTmu5BJnCJDBU5Hb,Rio - 2009 Remaster,Duran Duran,Rio (Collector's Edition),1982-05-10,64,337333,https://open.spotify.com/track/43eBgYRTmu5BJnCJDBU5Hb,sad
1SWmFiFSIBoDbQJjNKC7SR,Against The Wind,Bob Seger,Against The Wind,1980-02-25,69,333720,https://open.spotify.com/track/1SWmFiFSIBoDbQJjNKC7SR,sad
2fuCquhmrzHpu5xcA1ci9x,Under Pressure - Remastered 2011,"Queen, David Bowie",Hot Space (2011 Remaster),1982-05-03,81,248440,https://open.spotify.com/track/2fuCquhmrzHpu5xcA1ci9x,sad
7o2CTH4ctstm8TNelqjb51,Sweet Child O' Mine,Guns N' Roses,Appetite For Destruction,1987-07-21,12,354520,https://open.spotify.com/track/7o2CTH4ctstm8TNelqjb51,sad
5izGeTxueiFX1UPFGohY9w,Addicted To Love,"Robert Palmer, Eric 'ET' Thorngren",Riptide,1985-01-01,65,363640,https://open.spotify.com/track/5izGeTxueiFX1UPFGohY9w,sad
4g8afrN7ofLSB3Y9Kols1u,Lookin' For Love,Johnny Diesel & The Injectors,Johnny Diesel And The Injectors,1989-01-01,0,209160,https://open.spotify.com/track/4g8afrN7ofLSB3Y9Kols1u,sad
6pzi9HSHoUSiw1ldvi7CUY,Desde La Vida,3,To The Power Of Three,1988-01-01,19,427990,https://open.spotify.com/track/6pzi9HSHoUSiw1ldvi7CUY,sad
38bxlYG9KmrfscpUdkS9rS,Rehumanize Yourself,The Police,Ghost In The Machine,1981-10-02,0,190666,https://open.spotify.com/track/38bxlYG9KmrfscpUdkS9rS,sad
3N7GqZMpZJW69Te1bfUTc3,Obsession,Animotion,Obsession: The Best Of Animotion,1996-01-01,57,337266,https://open.spotify.com/track/3N7GqZMpZJW69Te1bfUTc3,sad
2JvPJ8ydPuN2NhpH4oti6I,Dance Hall Days,Wang Chung,Points On The Curve,1984-01-16,67,240800,https://open.spotify.com/track/2JvPJ8ydPuN2NhpH4oti6I,sad
58XWGx7KNNkKneHdprcprX,Rock You Like A Hurricane,Scorpions,Love At First Sting,1984-03-27,72,252493,https://open.spotify.com/track/58XWGx7KNNkKneHdprcprX,sad
2MuWTIM3b0YEAskbeeFE1i,Master Of Puppets,Metallica,Master Of Puppets (Remastered),1986-03-03,79,515386,https://open.spotify.com/track/2MuWTIM3b0YEAskbeeFE1i,sad
2oSpQ7QtIKTNFfA08Cy0ku,It's The End Of The World As We Know It (And I Feel Fine),R.E.M.,Document (R.E.M. No. 5),1987-09-01,67,246933,https://open.spotify.com/track/2oSpQ7QtIKTNFfA08Cy0ku,sad
4qgZs0RNjdzKAS22lP0QjY,Where The Streets Have No Name - Remastered,U2,The Joshua Tree (Super Deluxe),1987-03-03,69,337505,https://open.spotify.com/track/4qgZs0RNjdzKAS22lP0QjY,sad
7HKxTNVlkHsfMLhigmhC0I,Call Me,Blondie,Call Me,2004-01-01,76,212226,https://open.spotify.com/track/7HKxTNVlkHsfMLhigmhC0I,sad
4WYBE94dRKhhXLsOeVSNH8,Look Away,Big Country,The Seer,1986-07-14,46,264600,https://open.spotify.com/track/4WYBE94dRKhhXLsOeVSNH8,sad
2B36scXmm2xG35ILOJMmxf,Force Ten,Rush,Hold Your Fire,1987-01-01,41,271400,https://open.spotify.com/track/2B36scXmm2xG35ILOJMmxf,sad
1YW1XYNrtrFWOeY0SMgTxO,Trouble In This Town,The Bats,Daddy's Highway,1987-01-01,15,164000,https://open.spotify.com/track/1YW1XYNrtrFWOeY0SMgTxO,sad
78wTOLl1ANJtgOkOoNNZ06,Our Lips Are Sealed,The Go-Go's,Return To The Valley Of The Go-Go's,1994-01-01,44,165626,https://open.spotify.com/track/78wTOLl1ANJtgOkOoNNZ06,sad
4euAGZTszWPrriggYK0HG9,Lay All Your Love On Me,ABBA,Super Trouper,1980,79,274466,https://open.spotify.com/track/4euAGZTszWPrriggYK0HG9,sad
1ynmMEK1fkyiZ6Z6F3ThEt,Centerfold,The J. Geils Band,Freeze Frame,1981,69,216533,https://open.spotify.com/track/1ynmMEK1fkyiZ6Z6F3ThEt,sad
4gvea7UlDkAvsJBPZAd4oB,The Boys Of Summer,Don Henley,Building The Perfect Beast,1984-11-19,10,288733,https://open.spotify.com/track/4gvea7UlDkAvsJBPZAd4oB,sad
6mYrhCAGWzTdF8QnKuchXM,If I Could Turn Back Time,Cher,Heart Of Stone,1989-01-01,72,239826,https://open.spotify.com/track/6mYrhCAGWzTdF8QnKuchXM,sad
2RWFncSWZEhSRRifqiDNVV,Run To You,Bryan Adams,Reckless (30th Anniversary / Deluxe Edition),1984-11-05,75,233270,https://open.spotify.com/track/2RWFncSWZEhSRRifqiDNVV,sad
3YSfGJNDtF8KrHlwCAaVns,Crazy Crazy Nights,KISS,Crazy Nights,1987-09-18,61,227600,https://open.spotify.com/track/3YSfGJNDtF8KrHlwCAaVns,sad
1AE79kI2MxmTP8kx4iiMtI,Now Forever After,Kingdom Come,Kingdom Come,1988-01-01,29,335493,https://open.spotify.com/track/1AE79kI2MxmTP8kx4iiMtI,sad
19b18giHVlePnldG5DdxI6,"Heaven Is A Place On Earth (Promo 7"" Edit)",Belinda Carlisle,The Very Best of Belinda Carlisle,2015-05-25,2,234333,https://open.spotify.com/track/19b18giHVlePnldG5DdxI6,sad
6EzSduIPnAmO3o41HY5V9d,Hysteria - Remastered 2017,Def Leppard,Hysteria (Super Deluxe),1987-08-03,53,354636,https://open.spotify.com/track/6EzSduIPnAmO3o41HY5V9d,sad
0snPJPxkk0MbTc0xeUvAPt,Dancing On The Ceiling,Lionel Richie,Dancing On The Ceiling (Expanded Edition),1986,67,270720,https://open.spotify.com/track/0snPJPxkk0MbTc0xeUvAPt,sad
7o7E1nrHWncYY7PY94gCiX,Video Killed The Radio Star,The Buggles,The Age Of Plastic,1980-01-10,70,252773,https://open.spotify.com/track/7o7E1nrHWncYY7PY94gCiX,sad
7gSQv1OHpkIoAdUiRLdmI6,I Won't Back Down,Tom Petty,Full Moon Fever,1989-01-01,74,178360,https://open.spotify.com/track/7gSQv1OHpkIoAdUiRLdmI6,sad
4TIJ7zSBNejpoIPaWpWRKc,Rebel Yell,Billy Idol,Rebel Yell,1983-11-01,77,288533,https://open.spotify.com/track/4TIJ7zSBNejpoIPaWpWRKc,sad
1gzIbdFnGJ226LTl0Cn2SX,White Wedding - Pt. 1,Billy Idol,Billy Idol,1982-01-01,74,252200,https://open.spotify.com/track/1gzIbdFnGJ226LTl0Cn2SX,sad
4PJEK76V3A1S0XzZJuTWh7,Love Is A Long Road,Tom Petty,Full Moon Fever,1989-01-01,66,247600,https://open.spotify.com/track/4PJEK76V3A1S0XzZJuTWh7,sad
7iQOqmXDRDf4oMpUrO5VVI,Dancing in the Dark,Bruce Springsteen,The Essential Bruce Springsteen,1973,0,242533,https://open.spotify.com/track/7iQOqmXDRDf4oMpUrO5VVI,sad
0RYM0CGK6JgwZHXgB98Ggp,Mad Dog,Deep Purple,The House Of Blue Light,1987,26,274360,https://open.spotify.com/track/0RYM0CGK6JgwZHXgB98Ggp,sad
1XKKKkkzeLkhPK7P5WDKmp,"Teacher, Teacher",38 Special,The Very Best Of The A&M Years (1977-1988),2003-01-01,38,192640,https://open.spotify.com/track/1XKKKkkzeLkhPK7P5WDKmp,sad
0vOkmmJEtjuFZDzrQSFzEE,Hit Me With Your Best Shot,Pat Benatar,Crimes Of Passion,1980-08-05,71,171266,https://open.spotify.com/track/0vOkmmJEtjuFZDzrQSFzEE,sad
6gQUbFwwdYXlKdmqRoWKJe,Dude (Looks Like A Lady),Aerosmith,Permanent Vacation,1987-01-01,68,265773,https://open.spotify.com/track/6gQUbFwwdYXlKdmqRoWKJe,sad
1MqGKtY9L5qjPi8s7gX645,I Can't Drive 55,Sammy Hagar,Voa,1984-01-01,57,254466,https://open.spotify.com/track/1MqGKtY9L5qjPi8s7gX645,sad
4wKTPZe1AgKNPObJ357dZK,The Last Mile,Cinderella,Long Cold Winter,1988,46,230066,https://open.spotify.com/track/4wKTPZe1AgKNPObJ357dZK,sad
39N93iQYBxXjb2rkD5gS3Q,Night People,Dio,Dream Evil (Deluxe Edition),1987,35,246880,https://open.spotify.com/track/39N93iQYBxXjb2rkD5gS3Q,sad
73MO0XtI39eIVabV4zlhXV,Outrageous,Oingo Boingo,Boi-Ngo,1987-01-01,30,226600,https://open.spotify.com/track/73MO0XtI39eIVabV4zlhXV,sad
0YqVGMsrMYDnXxqCLKP2z3,DV2 (Kool Thing) - 8 Track Demo,Sonic Youth,Goo (Deluxe Edition),1990,16,257773,https://open.spotify.com/track/0YqVGMsrMYDnXxqCLKP2z3,sad
24q6KWMvlD2DrG9gI5Sv3w,Heart Of The Beat,3V,Breakin' (Original Motion Picture Soundtrack),1984-01-01,16,261306,https://open.spotify.com/track/24q6KWMvlD2DrG9gI5Sv3w,sad
1G9CoqXAYqagyOaNlIK4s1,Runaway Boys,Stray Cats,Built For Speed,1982-01-01,32,182973,https://open.spotify.com/track/1G9CoqXAYqagyOaNlIK4s1,sad
05wIrZSwuaVWhcv5FfqeH0,Walking On Sunshine,Katrina & The Waves,Katrina & The Waves,1985,77,238733,https://open.spotify.com/track/05wIrZSwuaVWhcv5FfqeH0,sad
43btz2xjMKpcmjkuRsvxyg,Jack & Diane,John Mellencamp,American Fool,1982,71,254493,https://open.spotify.com/track/43btz2xjMKpcmjkuRsvxyg,sad
62LJFaYihsdVrrkgUOJC05,Kiss,Prince,Parade - Music from the Motion Picture Under the Cherry Moon,1986-03-31,74,226240,https://open.spotify.com/track/62LJFaYihsdVrrkgUOJC05,sad
43GS3mtezoIFiuIZCLLiDY,Every Rose Has Its Thorn - 2003 Remaster,Poison,Open Up And Say...Ahh! (20th Anniversary Edition),1988-03-21,69,260173,https://open.spotify.com/track/43GS3mtezoIFiuIZCLLiDY,sad
5T2alV23Cti08eTqK5Y42Q,Sofa #2 - Live,Frank Zappa,"You Can't Do That On Stage Anymore, Vol. 1 (Live)",1988-05-16,17,182533,https://open.spotify.com/track/5T2alV23Cti08eTqK5Y42Q,sad
3OZG87f4TFHCt0t9VStdH0,I Will Follow - Remastered 2008,U2,Boy (Remastered),1980-10-20,41,217386,https://open.spotify.com/track/3OZG87f4TFHCt0t9VStdH0,sad
0OSNeMv5ik3W4NP401qRzz,Don't Stand So Close To Me - Remastered 2003,The Police,The Police,2007-01-01,28,241733,https://open.spotify.com/track/0OSNeMv5ik3W4NP401qRzz,sad
5bdV3YXrlYSw1pwJIrEpF4,Hurts So Good,John Mellencamp,The Best That I Could Do 1978 - 1988,1997-01-01,42,219400,https://open.spotify.com/track/5bdV3YXrlYSw1pwJIrEpF4,sad
429NtPmr12aypzFH3FkN9l,Coffee,beabadoobee,Coffee,2017-11-04,73,126824,https://open.spotify.com/track/429NtPmr12aypzFH3FkN9l,sad
0KRYCBwIpWYFNrXOmXbyUh,cardigan,Taylor Swift,folklore (deluxe version),2020-08-18,68,239560,https://open.spotify.com/track/0KRYCBwIpWYFNrXOmXbyUh,sad
3nsfB1vus2qaloUdcBZvDu,All Too Well (Taylor's Version),Taylor Swift,Red (Taylor's Version),2021-11-12,72,329160,https://open.spotify.com/track/3nsfB1vus2qaloUdcBZvDu,sad
3zwMVvkBe2qIKDObWgXw4N,right where you left me - bonus track,Taylor Swift,evermore (deluxe version),2021-01-07,76,245026,https://open.spotify.com/track/3zwMVvkBe2qIKDObWgXw4N,sad
6SZwj6cjc8JQbkrr8cbIUn,Oh Klahoma,Jack Stauber,Pop Food,2017-03-25,73,185223,https://open.spotify.com/track/6SZwj6cjc8JQbkrr8cbIUn,sad
6UFivO2zqqPFPoQYsEMuCc,Bags,Clairo,Immunity,2019-08-02,41,260519,https://open.spotify.com/track/6UFivO2zqqPFPoQYsEMuCc,sad
751srcHf5tUqcEa9pRCQwP,Tek It,Cafuné,Running,2021-07-20,81,191823,https://open.spotify.com/track/751srcHf5tUqcEa9pRCQwP,sad
5S5u0EWtlblH00iTNExZ6X,I Think I Like When It Rains,WILLIS,Locals 2,2017-06-12,0,278293,https://open.spotify.com/track/5S5u0EWtlblH00iTNExZ6X,sad
6o5RbQYhmF4yRRw7ZArxGL,Autumn In New York,Billie Holiday,Recital,1956-01-01,60,224333,https://open.spotify.com/track/6o5RbQYhmF4yRRw7ZArxGL,sad
41P6Tnd8KIHqON0QIydx6a,the perfect pair,beabadoobee,Beatopia,2022-07-15,82,177533,https://open.spotify.com/track/41P6Tnd8KIHqON0QIydx6a,sad
0WQiDwKJclirSYG9v5tayI,There Is a Light That Never Goes Out - 2011 Remaster,The Smiths,The Queen Is Dead,1986-06-16,83,244586,https://open.spotify.com/track/0WQiDwKJclirSYG9v5tayI,sad
6LUGvXEAK8WxIBYK43uoTb,Back to the Old House - 2011 Remaster,The Smiths,Louder Than Bombs,1987,82,186626,https://open.spotify.com/track/6LUGvXEAK8WxIBYK43uoTb,sad
0IVkP59yJ9GFF6B7IrvrxA,Paper Bag,Fiona Apple,When The Pawn...,1999-11-09,66,219266,https://open.spotify.com/track/0IVkP59yJ9GFF6B7IrvrxA,sad
0LOo3MYjiSzIOLjSd9wZUw,Mary On A Cross,Ghost,Seven Inches Of Satanic Panic,2019-09-13,59,244804,https://open.spotify.com/track/0LOo3MYjiSzIOLjSd9wZUw,sad
2dIXo77nRAdRHJM1ETHKE9,Mary,Alex G,Trick,2012-11-05,0,197733,https://open.spotify.com/track/2dIXo77nRAdRHJM1ETHKE9,sad
6F8uY9PmmVUZ8tcUkmCKNI,Advice,Alex G,Trick,2012-11-05,0,157973,https://open.spotify.com/track/6F8uY9PmmVUZ8tcUkmCKNI,sad
3erMpGAv6cGCEcYcaE19p1,Pumpkin,The Regrettes,How Do You Love?,2019-08-09,51,207774,https://open.spotify.com/track/3erMpGAv6cGCEcYcaE19p1,sad
12fCqKoz3XXUgB5P8YWwOI,bad idea!,girl in red,chapter 2,2019-09-06,0,219638,https://open.spotify.com/track/12fCqKoz3XXUgB5P8YWwOI,sad
3i058E8uxTsYqJ5NWZzqSj,Little Freak,Harry Styles,Harry's House,2022-05-20,71,202183,https://open.spotify.com/track/3i058E8uxTsYqJ5NWZzqSj,sad
1KHdq8NK9QxnGjdXb55NiG,Falling in Love at a Coffee Shop,Landon Pigg,The Boy Who Never,2009-09-24,53,244986,https://open.spotify.com/track/1KHdq8NK9QxnGjdXb55NiG,sad
0ZNU020wNYvgW84iljPkPP,mirrorball,Taylor Swift,folklore,2020-07-24,74,208977,https://open.spotify.com/track/0ZNU020wNYvgW84iljPkPP,sad
40gvh6jP5qxMJuMmF9lG9A,Baby Came Home 2 / Valentines,The Neighbourhood,Wiped Out!,2015-10-30,75,390493,https://open.spotify.com/track/40gvh6jP5qxMJuMmF9lG9A,sad
4ktjOehRwE3p3pJz5YB1Dl,Where You Lead I Will Follow,Carole King,Love Makes The World (Deluxe Edition),2001,0,209013,https://open.spotify.com/track/4ktjOehRwE3p3pJz5YB1Dl,sad
0HAqq2GcQKyi3s87GuN7jU,Amoeba,Clairo,Sling,2021-07-16,74,228922,https://open.spotify.com/track/0HAqq2GcQKyi3s87GuN7jU,sad
3RIgHHpnFKj5Rni1shokDj,Norman fucking Rockwell,Lana Del Rey,Norman Fucking Rockwell!,2019-08-30,72,248934,https://open.spotify.com/track/3RIgHHpnFKj5Rni1shokDj,sad
2VkyY15WPQlzcC6SV9BGAt,Fear,Current Joys,A Different Age,2018-03-02,0,216539,https://open.spotify.com/track/2VkyY15WPQlzcC6SV9BGAt,sad
7FAeGZj6pT6X2X8EboCKwj,Middy Tiddy,Paulie Leparik,Middy Tiddy,2018-04-04,0,94638,https://open.spotify.com/track/7FAeGZj6pT6X2X8EboCKwj,sad
63q9LqTK5iiZLy3cTvLMUf,Another One,Mac DeMarco,Another One,2015-08-07,69,160991,https://open.spotify.com/track/63q9LqTK5iiZLy3cTvLMUf,sad
2Y0iGXY6m6immVb2ktbseM,Little Dark Age,MGMT,Little Dark Age,2018-02-09,79,299960,https://open.spotify.com/track/2Y0iGXY6m6immVb2ktbseM,sad
7w5AOd6HrDIHewHfpABEss,Wicked Game,Chris Isaak,Heart Shaped World,1989-06-13,84,289066,https://open.spotify.com/track/7w5AOd6HrDIHewHfpABEss,sad
5xA5MggKc3aQxuOzNzPUWB,Apple Cider,beabadoobee,Loveworm,2019-04-26,77,178918,https://open.spotify.com/track/5xA5MggKc3aQxuOzNzPUWB,sad
2x8evxqUlF0eRabbW2JBJd,Fluorescent Adolescent,Arctic Monkeys,Favourite Worst Nightmare,2007-04-22,77,183893,https://open.spotify.com/track/2x8evxqUlF0eRabbW2JBJd,sad
7vPHiwgCOAjSBRjAirbMvS,"Sea, Swallow Me","Cocteau Twins, Harold Budd",The Moon and the Melodies,1986-11-10,64,189040,https://open.spotify.com/track/7vPHiwgCOAjSBRjAirbMvS,sad
6cx5CvFhqN19efStehJqoW,Valentine,Laufey,Everything I Know About Love,2022-08-26,77,168906,https://open.spotify.com/track/6cx5CvFhqN19efStehJqoW,sad
3gGMsx3jxYKfhXq8LMj1tz,Vanished,Crystal Castles,Crystal Castles,2008-03-16,45,242960,https://open.spotify.com/track/3gGMsx3jxYKfhXq8LMj1tz,sad
1LklAGxyeK07JYRzw3Vzx9,Thérèse,Maya Hawke,Thérèse,2022-06-29,53,207389,https://open.spotify.com/track/1LklAGxyeK07JYRzw3Vzx9,sad
0AjcdGri5vhJsmZnduCEqd,October Passed Me By,girl in red,October Passed Me By,2022-10-14,65,165746,https://open.spotify.com/track/0AjcdGri5vhJsmZnduCEqd,sad
5HzrX4aKVfb1NQCsaqf6R0,Cocaine Sunday,Eyedress,Sensitive G,2018-11-16,63,168739,https://open.spotify.com/track/5HzrX4aKVfb1NQCsaqf6R0,sad
7syaFjOQnrUXPhMcHWJZUl,16 Mirrors,Alex G,Trick,2012-11-05,0,87093,https://open.spotify.com/track/7syaFjOQnrUXPhMcHWJZUl,sad
0uMZbmAAgOhdMrv25iPEH6,Goth,Sidewalks and Skeletons,White Light,2015-03-05,76,207120,https://open.spotify.com/track/0uMZbmAAgOhdMrv25iPEH6,sad
1xaTREM89RbIxkcjlpf4Uw,Heaven Knows I'm Miserable Now - 2011 Remaster,The Smiths,Hatful of Hollow,1984,80,215760,https://open.spotify.com/track/1xaTREM89RbIxkcjlpf4Uw,sad
5DIGt883aHs3KqWSziy4gR,Sappho,Frankie Cosmos,Next Thing,2016-04-01,52,112879,https://open.spotify.com/track/5DIGt883aHs3KqWSziy4gR,sad
0pJW1Xw3aY4Eh6k5iuBkfI,I Know The End,Phoebe Bridgers,Punisher,2020-06-18,75,344692,https://open.spotify.com/track/0pJW1Xw3aY4Eh6k5iuBkfI,sad
4zEvxRDaKDoFlHxK7Hy0wg,Sunday,The Cranberries,"Everybody Else Is Doing It, So Why Can't We?",1993-03-01,71,211066,https://open.spotify.com/track/4zEvxRDaKDoFlHxK7Hy0wg,sad
2kcpSxuTS6RHbZ5HC7sVYm,Pretend,alex g online,High,2023-03-01,22,362495,https://open.spotify.com/track/2kcpSxuTS6RHbZ5HC7sVYm,sad
4vsoWZcvtvSsE0OiVvDDvX,Harness Your Hopes - B-side,Pavement,Brighten the Corners: Nicene Creedence Ed.,2008-12-09,72,206946,https://open.spotify.com/track/4vsoWZcvtvSsE0OiVvDDvX,sad
0JuxBkSLot8GtQ1lC2QDGS,Forever,Alex G,Trick,2012-11-05,62,149640,https://open.spotify.com/track/0JuxBkSLot8GtQ1lC2QDGS,sad
4ZLgL6hJ6xCgs96ay8onsJ,East Coast,alex g online,High,2023-03-01,0,151000,https://open.spotify.com/track/4ZLgL6hJ6xCgs96ay8onsJ,sad
39iczvfNkZstM8KY8dNDFC,(dream),salvia palth,melanchole,2014-07-01,1,84741,https://open.spotify.com/track/39iczvfNkZstM8KY8dNDFC,sad
71WT6kvVYlGba71B65JrH4,Impossible,Clairo,Immunity,2019-08-02,18,230346,https://open.spotify.com/track/71WT6kvVYlGba71B65JrH4,sad
3d25mr13EYGwvNTNi5hf3c,By The Way,Flora Rose,By the Way,2020-12-05,35,225835,https://open.spotify.com/track/3d25mr13EYGwvNTNi5hf3c,sad
2j5Yvx1QdUj2QMkM7ZP7lV,I wait for you,Thedead,I wait for you,2023-04-10,0,130873,https://open.spotify.com/track/2j5Yvx1QdUj2QMkM7ZP7lV,sad
04mAOoQNsXmDJlyupJwmkO,Waiting Room,Phoebe Bridgers,"Lost Ark Studio Compilation, Vol. 8",2016-08-12,76,393962,https://open.spotify.com/track/04mAOoQNsXmDJlyupJwmkO,sad
10aiqU1b6yK8zm4jOnQsA7,405,Gracie Abrams,Good Riddance (Deluxe),2023-06-16,56,181900,https://open.spotify.com/track/10aiqU1b6yK8zm4jOnQsA7,sad
0eFQWVz0qIxDOvhLpZ40P7,the lakes - bonus track,Taylor Swift,folklore (deluxe version),2020-08-18,65,211813,https://open.spotify.com/track/0eFQWVz0qIxDOvhLpZ40P7,sad
5sA3i6SGkILMiZW6Fhx4wv,the way things go,beabadoobee,the way things go,2023-07-18,76,187800,https://open.spotify.com/track/5sA3i6SGkILMiZW6Fhx4wv,sad
5PJH1U5Iie893v48Fl9yaC,Cool About It,"boygenius, Julien Baker, Phoebe Bridgers, Lucy Dacus",the record,2023-03-31,71,180000,https://open.spotify.com/track/5PJH1U5Iie893v48Fl9yaC,sad
2V9oL2oy2qkilBETQi6MFE,Lovewave,The 1-800,Lovewave,2019-01-09,43,272926,https://open.spotify.com/track/2V9oL2oy2qkilBETQi6MFE,sad
2klj0StczYde6WUHBJo5F6,Insomniac,"Memo Boy, Chakra Efendi",Songs & Demos 2015-2017,2021-06-04,75,212307,https://open.spotify.com/track/2klj0StczYde6WUHBJo5F6,sad
0gEyKnHvgkrkBM6fbeHdwK,Linger,The Cranberries,"Everybody Else Is Doing It, So Why Can't We?",1993-03-01,85,274706,https://open.spotify.com/track/0gEyKnHvgkrkBM6fbeHdwK,sad
10cBpoAnh6wMAO2ujxHQUz,Resonance,Home,Odyssey,2014-07-01,0,212880,https://open.spotify.com/track/10cBpoAnh6wMAO2ujxHQUz,sad
1fTtPH0xGwFOXM5VlkxOX1,Hearing Damage,Thom Yorke,Hearing Damage,2009-10-01,66,303360,https://open.spotify.com/track/1fTtPH0xGwFOXM5VlkxOX1,sad
4c6vZqYHFur11FbWATIJ9P,There She Goes,The La's,The La's,1990,75,162186,https://open.spotify.com/track/4c6vZqYHFur11FbWATIJ9P,sad
6HJxxqHWMdidwTVZmZWeHU,New Flesh,Current Joys,Wild Heart,2013-01-02,2,167986,https://open.spotify.com/track/6HJxxqHWMdidwTVZmZWeHU,sad
1y3r6RXiJZNBV1EI0NggpS,Ultraviolence,Lana Del Rey,Ultraviolence (Deluxe),2014-01-01,78,251480,https://open.spotify.com/track/1y3r6RXiJZNBV1EI0NggpS,sad
1ElGmhauttS9p7LwmHG9uM,Sometimes (Backwood),Gigi Perez,Sometimes (Backwood),2021-02-05,70,153000,https://open.spotify.com/track/1ElGmhauttS9p7LwmHG9uM,sad
0qL3JquOSa7ErWX3RXfUgo,Habits,Genevieve Stokes,Habits (Demo),2022-09-16,64,134865,https://open.spotify.com/track/0qL3JquOSa7ErWX3RXfUgo,sad
11MyiSGZSYSmhhqwGUTtAq,Sad Girl,Lana Del Rey,Ultraviolence (Deluxe),2014-01-01,78,317760,https://open.spotify.com/track/11MyiSGZSYSmhhqwGUTtAq,sad
73qMN9bXy7MSPwwGfH3wQr,Sad Beautiful Tragic (Taylor's Version),Taylor Swift,Red (Taylor's Version),2021-11-12,65,284773,https://open.spotify.com/track/73qMN9bXy7MSPwwGfH3wQr,sad
2Wk8vEamlVBBalBi24NnU1,Sarah,Alex G,Trick,2012-11-05,71,176146,https://open.spotify.com/track/2Wk8vEamlVBBalBi24NnU1,sad
3pyyGVqWvRMq43qtJBzxe0,Kids,Current Joys,Kids,2015-03-08,2,269142,https://open.spotify.com/track/3pyyGVqWvRMq43qtJBzxe0,sad
5vwXQUwkpmnkJrfv69L6Mp,In My Head,Bedroom,In My Head,2013-01-04,68,354691,https://open.spotify.com/track/5vwXQUwkpmnkJrfv69L6Mp,sad
4z9KVNX4hmk672SJfhtQNz,F Song,Strawberry Guy,F Song,2018-08-09,67,224655,https://open.spotify.com/track/4z9KVNX4hmk672SJfhtQNz,sad
6IPwKM3fUUzlElbvKw2sKl,we fell in love in october,girl in red,we fell in love in october / October Passed Me By,2018-11-21,88,184153,https://open.spotify.com/track/6IPwKM3fUUzlElbvKw2sKl,sad
4EDijkJdHBZZ0GwJ12iTAj,Stargirl Interlude,"The Weeknd, Lana Del Rey",Starboy,2016-11-25,74,111640,https://open.spotify.com/track/4EDijkJdHBZZ0GwJ12iTAj,sad
42qNWdLKCI41S4uzfamhFM,Duvet,bôa,Twilight,2001-03-21,84,203600,https://open.spotify.com/track/42qNWdLKCI41S4uzfamhFM,sad
7ew0k5ai5E0TkUnjdu7sm6,Stars Will Fall,Duster,"Transmission, Flux",1997-01-01,52,118160,https://open.spotify.com/track/7ew0k5ai5E0TkUnjdu7sm6,sad
0pQskrTITgmCMyr85tb9qq,Starman - 2012 Remaster,David Bowie,The Rise and Fall of Ziggy Stardust and the Spiders from Mars (2012 Remaster),1972-06-06,80,254293,https://open.spotify.com/track/0pQskrTITgmCMyr85tb9qq,sad
3xXBsjrbG1xQIm1xv1cKOt,One More Light,Linkin Park,One More Light,2017-05-19,77,255066,https://open.spotify.com/track/3xXBsjrbG1xQIm1xv1cKOt,sad
6KJqZcs9XDgVck7Lg9QOTC,seven,Taylor Swift,folklore,2020-07-24,69,208906,https://open.spotify.com/track/6KJqZcs9XDgVck7Lg9QOTC,sad
5BK0uqwY9DNfZ630STAEaq,gold rush,Taylor Swift,evermore,2020-12-11,64,185320,https://open.spotify.com/track/5BK0uqwY9DNfZ630STAEaq,sad
21qg0IBZf8R12qHd9A3AA4,Salvatore,Lana Del Rey,Honeymoon,2015-09-18,79,281093,https://open.spotify.com/track/21qg0IBZf8R12qHd9A3AA4,sad
0G6Ws8Gbdt0S7pZeuYmkmm,Flowers In December,Mazzy Star,Among My Swan,1996-10-29,53,297893,https://open.spotify.com/track/0G6Ws8Gbdt0S7pZeuYmkmm,sad
0lx2cLdOt3piJbcaXIV74f,willow,Taylor Swift,evermore,2020-12-11,73,214706,https://open.spotify.com/track/0lx2cLdOt3piJbcaXIV74f,sad
0y6kdSRCVQhSsHSpWvTUm7,The Last Time (feat. Gary Lightbody of Snow Patrol) (Taylor’s Version),"Taylor Swift, Gary Lightbody",Red (Taylor's Version),2021-11-12,67,299080,https://open.spotify.com/track/0y6kdSRCVQhSsHSpWvTUm7,sad
21LkHnuxPxVrOZ5gCaG7aM,Birds Dont Sing,TV Girl,French Exit,2014-06-05,71,209346,https://open.spotify.com/track/21LkHnuxPxVrOZ5gCaG7aM,sad
3cxZT78mZDyLsLPJKcTu3U,Right Side of My Neck,Faye Webster,Atlanta Millionaires Club,2019-05-24,72,153320,https://open.spotify.com/track/3cxZT78mZDyLsLPJKcTu3U,sad
6WK9dVrRABMkUXFLNlgWFh,Enjoy the Silence,Depeche Mode,The Singles 86-98,1998-09-28,75,255133,https://open.spotify.com/track/6WK9dVrRABMkUXFLNlgWFh,sad
3yUcJwYu7fXAfqMj9krY6l,Thank You,Dido,No Angel,1999,78,218360,https://open.spotify.com/track/3yUcJwYu7fXAfqMj9krY6l,sad
2Eeur20xVqfUoM3Q7EFPFt,the last great american dynasty,Taylor Swift,folklore,2020-07-24,68,230999,https://open.spotify.com/track/2Eeur20xVqfUoM3Q7EFPFt,sad
0HEzuLLojblUOaUSdmJ9gl,Did you know that there's a tunnel under Ocean Blvd,Lana Del Rey,Did you know that there's a tunnel under Ocean Blvd,2023-03-24,67,285050,https://open.spotify.com/track/0HEzuLLojblUOaUSdmJ9gl,sad
2GDxR0ZGYqDQUElSQxBiNS,Halloween,Phoebe Bridgers,Punisher,2020-06-18,59,271266,https://open.spotify.com/track/2GDxR0ZGYqDQUElSQxBiNS,sad
5YTJXAM6j8jEQ5vC8Q67GL,Georgia,Phoebe Bridgers,Stranger in the Alps,2017-09-22,61,247306,https://open.spotify.com/track/5YTJXAM6j8jEQ5vC8Q67GL,sad
1Jrj7xw5OSgGhprGHlHDfX,Chelsea,Phoebe Bridgers,Stranger in the Alps,2017-09-22,52,282000,https://open.spotify.com/track/1Jrj7xw5OSgGhprGHlHDfX,sad
2QDyYdZyhlP2fp79KZX8Bi,mad woman,Taylor Swift,folklore,2020-07-24,64,237258,https://open.spotify.com/track/2QDyYdZyhlP2fp79KZX8Bi,sad
7dW84mWkdWE5a6lFWxJCBG,‘tis the damn season,Taylor Swift,evermore,2020-12-11,63,229840,https://open.spotify.com/track/7dW84mWkdWE5a6lFWxJCBG,sad
3RaT22zZsxVYxxKR7TAaYF,"no body, no crime (feat. HAIM)","Taylor Swift, HAIM",evermore,2020-12-11,62,215626,https://open.spotify.com/track/3RaT22zZsxVYxxKR7TAaYF,sad
3k7ne7VmH43ZPWxPdvPUgR,coney island (feat. The National),"Taylor Swift, The National",evermore,2020-12-11,58,275320,https://open.spotify.com/track/3k7ne7VmH43ZPWxPdvPUgR,sad
19CSr8rwW05VJL2F91KFNK,ivy,Taylor Swift,evermore,2020-12-11,64,260440,https://open.spotify.com/track/19CSr8rwW05VJL2F91KFNK,sad
2o2sgVJIgFXk8GQjWTgI6U,long story short,Taylor Swift,evermore,2020-12-11,59,215920,https://open.spotify.com/track/2o2sgVJIgFXk8GQjWTgI6U,sad
6wQXjA6KWbwPT3ydQCsJ4P,Bambi,Clairo,Sling,2021-07-16,57,277400,https://open.spotify.com/track/6wQXjA6KWbwPT3ydQCsJ4P,sad
67bSS4aLrasUNp3EQjdHTT,Zinnias,Clairo,Sling,2021-07-16,50,174765,https://open.spotify.com/track/67bSS4aLrasUNp3EQjdHTT,sad
3S7HNKPakdwNEBFIVTL6dZ,Treacherous (Taylor's Version),Taylor Swift,Red (Taylor's Version),2021-11-12,64,242720,https://open.spotify.com/track/3S7HNKPakdwNEBFIVTL6dZ,sad
2SXG2Vmtn4S1lsbQkuWKBS,Talk to Strangers,TV Girl,French Exit,2014-06-05,55,177693,https://open.spotify.com/track/2SXG2Vmtn4S1lsbQkuWKBS,sad
263KsGZODTZouh3RFGNaLX,Louise,TV Girl,French Exit,2014-06-05,69,194453,https://open.spotify.com/track/263KsGZODTZouh3RFGNaLX,sad
6d67Xv8ms2noA8wWFLiPDN,Twilight,bôa,Twilight,2001-03-21,71,228800,https://open.spotify.com/track/6d67Xv8ms2noA8wWFLiPDN,sad
5bIgzvxvlefRUCQK9JPocF,Garden Song,Phoebe Bridgers,Punisher,2020-06-18,64,219681,https://open.spotify.com/track/5bIgzvxvlefRUCQK9JPocF,sad
5LJ4ig9cMvjui3li1mrNRl,Punisher,Phoebe Bridgers,Punisher,2020-06-18,63,189622,https://open.spotify.com/track/5LJ4ig9cMvjui3li1mrNRl,sad
5BN59BDczcpxstFKILIH0q,Savior Complex,Phoebe Bridgers,Punisher,2020-06-18,66,241640,https://open.spotify.com/track/5BN59BDczcpxstFKILIH0q,sad
0Jm0RTOlF7DsbQ689QclaF,ICU,Phoebe Bridgers,Punisher,2020-06-18,61,190093,https://open.spotify.com/track/0Jm0RTOlF7DsbQ689QclaF,sad
1WCjhRs2WBgyeGaybCX2Po,Graceland Too,Phoebe Bridgers,Punisher,2020-06-18,66,236350,https://open.spotify.com/track/1WCjhRs2WBgyeGaybCX2Po,sad
5R4u3LgAC2BNkxo0bKQmS5,Art Class,beabadoobee,Patched Up,2018-12-07,51,247584,https://open.spotify.com/track/5R4u3LgAC2BNkxo0bKQmS5,sad
1prZ0pr6XoRCxcrC3MCL0M,Everywhere,Fleetwood Mac,Greatest Hits,1988-11-21,68,222733,https://open.spotify.com/track/1prZ0pr6XoRCxcrC3MCL0M,sad
4KGGeE7RJsgLNZmnxGFlOj,Falling Behind,Laufey,Everything I Know About Love,2022-08-26,82,173640,https://open.spotify.com/track/4KGGeE7RJsgLNZmnxGFlOj,sad
7LZgdL0MxiElfaKZbuuE4l,Asleep - 2011 Remaster,The Smiths,Louder Than Bombs,1987,66,253560,https://open.spotify.com/track/7LZgdL0MxiElfaKZbuuE4l,sad
6GNmllEUoNK0rxAmthPEQf,Bewitched,Laufey,Bewitched,2023-07-26,0,246693,https://open.spotify.com/track/6GNmllEUoNK0rxAmthPEQf,sad
5kI4eCXXzyuIUXjQra0Cxi,betty,Taylor Swift,folklore,2020-07-24,67,294521,https://open.spotify.com/track/5kI4eCXXzyuIUXjQra0Cxi,sad
4pfrrhvplbJZAIsfosGWQP,the 1,Taylor Swift,folklore (deluxe version),2020-08-18,65,210240,https://open.spotify.com/track/4pfrrhvplbJZAIsfosGWQP,sad
66tOfHVH3aUrscg8vExRV4,dorothea,Taylor Swift,evermore (deluxe version),2021-01-07,63,225880,https://open.spotify.com/track/66tOfHVH3aUrscg8vExRV4,sad
43iIQbw5hx986dUEZbr3eN,From The Start,Laufey,Bewitched,2023-09-08,86,169573,https://open.spotify.com/track/43iIQbw5hx986dUEZbr3eN,sad
6W9l02gRsXVxzIuQC1oc1X,pretty isn’t pretty,Olivia Rodrigo,GUTS,2023-09-08,77,199422,https://open.spotify.com/track/6W9l02gRsXVxzIuQC1oc1X,sad
2Wy57u9egS9hpXtDGnzi8A,Unreflected,Mazzy Star,So Tonight That I Might See,1993-10-05,46,222133,https://open.spotify.com/track/2Wy57u9egS9hpXtDGnzi8A,sad
0uphGVj1uIticJK6gb2WnO,Hurts Me Too,Faye Webster,Atlanta Millionaires Club,2019-05-24,65,201120,https://open.spotify.com/track/0uphGVj1uIticJK6gb2WnO,sad
4NUhcsz9E1LrBe8nXLZqzp,It Almost Worked,TV Girl,The Night in Question: French Exit Outtakes,2020-05-01,77,152000,https://open.spotify.com/track/4NUhcsz9E1LrBe8nXLZqzp,sad
0wavGRldH0AWyu2zvTz8zb,Sweet Nothing,Taylor Swift,Midnights,2022-10-21,68,188496,https://open.spotify.com/track/0wavGRldH0AWyu2zvTz8zb,sad
43q586vP8gGkYypKoSddhl,Labyrinth,Taylor Swift,Midnights (3am Edition),2022-10-22,58,247962,https://open.spotify.com/track/43q586vP8gGkYypKoSddhl,sad
3QF5RsWzK1lCvf2o2cY65P,Dear Reader,Taylor Swift,Midnights (3am Edition),2022-10-22,60,225194,https://open.spotify.com/track/3QF5RsWzK1lCvf2o2cY65P,sad
3ccAZx3wLZDVB2Nq6rikf9,Half a Person - 2011 Remaster,The Smiths,Louder Than Bombs,1987,66,218440,https://open.spotify.com/track/3ccAZx3wLZDVB2Nq6rikf9,sad
0zGLlXbHlrAyBN1x6sY0rb,A Sunday Kind Of Love,Etta James,At Last!,1960,71,196133,https://open.spotify.com/track/0zGLlXbHlrAyBN1x6sY0rb,sad
53k1gKFpKrDbktUzrB80f0,Sesame Syrup,Cigarettes After Sex,Crush,2018-07-09,10,303296,https://open.spotify.com/track/53k1gKFpKrDbktUzrB80f0,sad
1FvDJ9KGxcqwv1utyPL3JZ,This Charming Man - 2011 Remaster,The Smiths,The Smiths,1984-02-20,78,162920,https://open.spotify.com/track/1FvDJ9KGxcqwv1utyPL3JZ,sad
6x8g6DxglrzCSwKhv2Q1ee,Sweet,Lana Del Rey,Did you know that there's a tunnel under Ocean Blvd,2023-03-24,60,215295,https://open.spotify.com/track/6x8g6DxglrzCSwKhv2Q1ee,sad
3MlEryrxCKZkcfX18ZLX96,Candy Necklace (feat. Jon Batiste),"Lana Del Rey, Jon Batiste",Did you know that there's a tunnel under Ocean Blvd,2023-03-24,58,314520,https://open.spotify.com/track/3MlEryrxCKZkcfX18ZLX96,sad
0Oqxt6JixieLHbwMfnJGWO,"Paris, Texas (feat. SYML)","Lana Del Rey, SYML",Did you know that there's a tunnel under Ocean Blvd,2023-03-24,71,206722,https://open.spotify.com/track/0Oqxt6JixieLHbwMfnJGWO,sad
55LnC7VuUvayQ3fW0CvDL6,Grandfather please stand on the shoulders of my father while he's deep-sea fishing (feat. RIOPY),"Lana Del Rey, RIOPY",Did you know that there's a tunnel under Ocean Blvd,2023-03-24,55,240287,https://open.spotify.com/track/55LnC7VuUvayQ3fW0CvDL6,sad
2IOFZdYYkFxEHVz1w34PoL,Cherry,Harry Styles,Fine Line,2019-12-13,71,259186,https://open.spotify.com/track/2IOFZdYYkFxEHVz1w34PoL,sad
3O7p9Itz8PXUoAjD2vmuM6,Beautiful People Beautiful Problems (feat. Stevie Nicks),"Lana Del Rey, Stevie Nicks",Lust For Life,2017-07-21,59,253531,https://open.spotify.com/track/3O7p9Itz8PXUoAjD2vmuM6,sad
35h0oVv5uf0WPNMaFAmNXS,Augusta,Gracie Abrams,This Is What It Feels Like,2021-11-12,54,237758,https://open.spotify.com/track/35h0oVv5uf0WPNMaFAmNXS,sad
5ExWCOYjZbMEZCIdlfH2dO,Song About Me,TV Girl,Who Really Cares,2016-02-25,68,243727,https://open.spotify.com/track/5ExWCOYjZbMEZCIdlfH2dO,sad
4GgkYUOZareQyCK6ohJj7v,Powers,boygenius,the rest,2023-10-13,46,254981,https://open.spotify.com/track/4GgkYUOZareQyCK6ohJj7v,sad
180AbZduI6bYQIzwCHRwu9,A Night To Remember,"beabadoobee, Laufey",A Night To Remember,2023-10-20,76,233388,https://open.spotify.com/track/180AbZduI6bYQIzwCHRwu9,sad
5uICWmZTLkpEVbK22PBP6e,marjorie,Taylor Swift,evermore (deluxe version),2021-01-07,62,257773,https://open.spotify.com/track/5uICWmZTLkpEVbK22PBP6e,sad
4Rsv5fRmgTH88RLp7xN5sz,Break,alex_g_offline,1234,2023-07-09,74,177028,https://open.spotify.com/track/4Rsv5fRmgTH88RLp7xN5sz,sad
479UZI7rBJRJwqB0UZyZ57,Cedar,Gracie Abrams,The Buccaneers: Season 1 (Apple TV+ Original Series Soundtrack),2023-11-08,60,252850,https://open.spotify.com/track/479UZI7rBJRJwqB0UZyZ57,sad
6MWoRt97mnSTXZhu3ggi9C,hoax,Taylor Swift,folklore,2020-07-24,65,220042,https://open.spotify.com/track/6MWoRt97mnSTXZhu3ggi9C,sad
4zXuYQNDmw3dlauyc8q3Kd,We'll Never Have Sex,Leith Ross,We'll Never Have Sex,2022-03-25,65,99620,https://open.spotify.com/track/4zXuYQNDmw3dlauyc8q3Kd,sad
3CWq0pAKKTWb0K4yiglDc4,You’re Losing Me (From The Vault),Taylor Swift,You're Losing Me (From The Vault),2023-11-29,74,277831,https://open.spotify.com/track/3CWq0pAKKTWb0K4yiglDc4,sad
2aEuA8PSqLa17Y4hKPj5rr,Cheri Cheri Lady,Modern Talking,Let's Talk About Love,1985,80,226333,https://open.spotify.com/track/2aEuA8PSqLa17Y4hKPj5rr,sad
4PRdeh2zIyM1pvY4x5luLe,"Everywhere, Everything (with Gracie Abrams)","Noah Kahan, Gracie Abrams","Everywhere, Everything (with Gracie Abrams)",2023-12-01,71,257668,https://open.spotify.com/track/4PRdeh2zIyM1pvY4x5luLe,sad
5SnMKAJBo7X4rUyaSMseun,Amelie,Gracie Abrams,Good Riddance (Deluxe),2023-06-16,56,259592,https://open.spotify.com/track/5SnMKAJBo7X4rUyaSMseun,sad
5TTGoX70AFrTvuEtqHK37S,No. 1 Party Anthem,Arctic Monkeys,AM,2013-09-09,86,243131,https://open.spotify.com/track/5TTGoX70AFrTvuEtqHK37S,sad
75n7mraeMycQOl2sDGYaTe,Mad Sounds,Arctic Monkeys,AM,2013-09-09,63,215011,https://open.spotify.com/track/75n7mraeMycQOl2sDGYaTe,sad
19mZWzhbUj27oJA0cl9O9p,TV Dream,Cults,Static,2013-10-15,46,62520,https://open.spotify.com/track/19mZWzhbUj27oJA0cl9O9p,sad
52OkpDsU6MmPx1AwGOb6Ap,cowboy like me,Taylor Swift,evermore (deluxe version),2021-01-07,64,275040,https://open.spotify.com/track/52OkpDsU6MmPx1AwGOb6Ap,sad
1TgCchWmdmmhGrtsa8NHwY,touch tank,quinnie,flounder,2023-02-24,60,179120,https://open.spotify.com/track/1TgCchWmdmmhGrtsa8NHwY,sad
5lwQGZYF4BXOzFtXc5zk8q,"Head Over Heels - Dave Bascombe 7"" N.Mix","Tears For Fears, Dave Bascombe",Songs From The Big Chair (Deluxe),1985-02-25,71,257315,https://open.spotify.com/track/5lwQGZYF4BXOzFtXc5zk8q,sad
4YHHz3VIXgNDGdoL9xC1tx,peace - the long pond studio sessions,Taylor Swift,folklore: the long pond studio sessions (from the Disney+ special) [deluxe edition],2020-11-25,49,214373,https://open.spotify.com/track/4YHHz3VIXgNDGdoL9xC1tx,sad
04xrhDrQ2WOW8GLwu7kbc0,mad woman - the long pond studio sessions,Taylor Swift,folklore: the long pond studio sessions (from the Disney+ special) [deluxe edition],2020-11-25,49,238333,https://open.spotify.com/track/04xrhDrQ2WOW8GLwu7kbc0,sad
1jUkHIMc7UaJQuzWe5Iop2,Sweet Disposition,The Temper Trap,Conditions,2009-08-10,75,234360,https://open.spotify.com/track/1jUkHIMc7UaJQuzWe5Iop2,sad
4WJPxTsvWIdRZ9vMtqk7fj,Nomad,Clairo,Charm,2024-07-12,63,225572,https://open.spotify.com/track/4WJPxTsvWIdRZ9vMtqk7fj,sad
3pa3bhD8hGGeyzqwy5U1Gn,West End Girls - 2001 Remaster,Pet Shop Boys,Ultimate,2010-11-01,37,245360,https://open.spotify.com/track/3pa3bhD8hGGeyzqwy5U1Gn,sad
052z2UsE2wPrHsBJ9tly0g,Playground Love,"Air, Gordon Tracks",The Virgin Suicides (Original Motion Picture Score),2000-02-25,10,211500,https://open.spotify.com/track/052z2UsE2wPrHsBJ9tly0g,sad
4WKdgb3xzbTSU7WT3kK3na,I Don't Owe You Anything - 2011 Remaster,The Smiths,The Smiths,1984-02-20,66,244640,https://open.spotify.com/track/4WKdgb3xzbTSU7WT3kK3na,sad
6TT7B4MigCJCc0tqKYEpZC,Moves,Suki Waterhouse,I Can't Let Go,2022-05-06,67,193031,https://open.spotify.com/track/6TT7B4MigCJCc0tqKYEpZC,sad
4QlzkaRHtU8gAdwqjWmO8n,Friday I'm In Love,The Cure,Wish,1992-01-01,78,215160,https://open.spotify.com/track/4QlzkaRHtU8gAdwqjWmO8n,sad
5e9TFTbltYBg2xThimr0rU,The Chain - 2004 Remaster,Fleetwood Mac,Rumours (Super Deluxe),1977-02-04,87,270213,https://open.spotify.com/track/5e9TFTbltYBg2xThimr0rU,sad
5QLHGv0DfpeXLNFo7SFEy1,1979 - Remastered 2012,The Smashing Pumpkins,Mellon Collie And The Infinite Sadness (Deluxe Edition),1995,80,266200,https://open.spotify.com/track/5QLHGv0DfpeXLNFo7SFEy1,sad
5YSI1311X8t31PBjkBG4CZ,Wuthering Heights,Kate Bush,The Kick Inside,1978-02-17,69,269066,https://open.spotify.com/track/5YSI1311X8t31PBjkBG4CZ,sad
5DSi7heBC8eTIFROBvttnp,Season Of The Witch,Lana Del Rey,"Season Of The Witch (From The Motion Picture ""Scary Stories To Tell In The Dark"")",2019-08-09,74,247147,https://open.spotify.com/track/5DSi7heBC8eTIFROBvttnp,sad
48p5E25cFPanxuwCTmTpuL,The Promise,When In Rome,When In Rome,1988-01-01,72,220960,https://open.spotify.com/track/48p5E25cFPanxuwCTmTpuL,sad
32fSZSbxeVoiZShMQKLc6Z,My Kink Is Karma,Chappell Roan,The Rise and Fall of a Midwest Princess,2023-09-22,69,222578,https://open.spotify.com/track/32fSZSbxeVoiZShMQKLc6Z,sad
6gicJ8dwpj6ZTG7TKFsH5P,Day After Tomorrow,Phoebe Bridgers,Day After Tomorrow,2021-11-30,37,365141,https://open.spotify.com/track/6gicJ8dwpj6ZTG7TKFsH5P,sad
0pUVeEgZuNyFzIMKp67RbS,Eyes Without A Face,Billy Idol,Rebel Yell,1983-11-01,84,299240,https://open.spotify.com/track/0pUVeEgZuNyFzIMKp67RbS,sad
628RVPULYzx6bvh8uf0Msn,Oh to Be in Love,Kate Bush,The Kick Inside,1978-02-17,52,198093,https://open.spotify.com/track/628RVPULYzx6bvh8uf0Msn,sad
6INztpNwOTlfSKTuPo0HOP,The Alcott (feat. Taylor Swift),"The National, Taylor Swift",First Two Pages of Frankenstein,2023-04-28,66,267773,https://open.spotify.com/track/6INztpNwOTlfSKTuPo0HOP,sad
4B1rpPmQXwj78wk6aIGwwU,Two Ghosts,Harry Styles,Harry Styles,2017-05-12,66,229813,https://open.spotify.com/track/4B1rpPmQXwj78wk6aIGwwU,sad
5qCZTDYRqMENitupuEaILd,Right now,Gracie Abrams,Good Riddance (Deluxe),2023-06-16,59,350836,https://open.spotify.com/track/5qCZTDYRqMENitupuEaILd,sad
4iUt4PddTybyCrpQAMoJH7,I should hate you,Gracie Abrams,Good Riddance (Deluxe),2023-06-16,63,258948,https://open.spotify.com/track/4iUt4PddTybyCrpQAMoJH7,sad
4OAuvHryIVv4kMDNSLuPt6,Red (Taylor's Version),Taylor Swift,Red (Taylor's Version),2021-11-12,76,223093,https://open.spotify.com/track/4OAuvHryIVv4kMDNSLuPt6,sad
5LABCxgmP7DATATIJXOh6n,Ever Since New York,Harry Styles,Harry Styles,2017-05-12,63,253386,https://open.spotify.com/track/5LABCxgmP7DATATIJXOh6n,sad
5CscrLqFBgPfZR8fGtikov,making the bed,Olivia Rodrigo,GUTS,2023-09-08,78,198866,https://open.spotify.com/track/5CscrLqFBgPfZR8fGtikov,sad
1w0o2PLYzpFnnyEnOoD7qX,Block me out,Gracie Abrams,Good Riddance (Deluxe),2023-06-16,62,249494,https://open.spotify.com/track/1w0o2PLYzpFnnyEnOoD7qX,sad
3BdHMOIA9B0bN53jbE5nWe,Blue Light,Mazzy Star,So Tonight That I Might See,1993-10-05,68,310733,https://open.spotify.com/track/3BdHMOIA9B0bN53jbE5nWe,sad
6st8aj6PmtqGctnLAat95M,Life Goes On,The Sundays,Cry,1997,59,240573,https://open.spotify.com/track/6st8aj6PmtqGctnLAat95M,sad
1cPLddXCqw6uzyWy6tdtlK,How to Dream,Sam Phillips,Fan Dance,2001-07-31,58,187506,https://open.spotify.com/track/1cPLddXCqw6uzyWy6tdtlK,sad
1xjOyEsItiTaBgmaR4zj6I,Coasting,Fine,Rocky Top Ballads,2024-06-07,41,170109,https://open.spotify.com/track/1xjOyEsItiTaBgmaR4zj6I,sad
5uPpzqixdzAMXprr4P5aT5,Beautiful,Lana Del Rey,Blue Banisters,2021-10-22,54,215760,https://open.spotify.com/track/5uPpzqixdzAMXprr4P5aT5,sad
6JuEshIRliNXRU1LXctRjZ,Halah,Mazzy Star,She Hangs Brightly,1990-05-21,68,196226,https://open.spotify.com/track/6JuEshIRliNXRU1LXctRjZ,sad
3Gjj8LeMagv4Ou2p7kgQHT,Little Changes,Clairo,Sling,2021-07-16,48,160545,https://open.spotify.com/track/3Gjj8LeMagv4Ou2p7kgQHT,sad
63O4CpEtppRmeOZ89Fb8tn,Just For Today,Clairo,Sling,2021-07-16,51,217065,https://open.spotify.com/track/63O4CpEtppRmeOZ89Fb8tn,sad
2qV5Ce0sMlFsrseRO5CTMU,Roseblood,Mazzy Star,Among My Swan,1996-10-29,63,291040,https://open.spotify.com/track/2qV5Ce0sMlFsrseRO5CTMU,sad
524nCOIQg9fi0pETVnbpv8,Mystified - 2017 Remaster,Fleetwood Mac,Tango In the Night (Deluxe Edition),1987-04-13,54,189760,https://open.spotify.com/track/524nCOIQg9fi0pETVnbpv8,sad
127CAKy0KyYoR0r7QNbvVR,Blouse - Recorded At Electric Lady Studios,Clairo,Live at Electric Lady,2023-05-12,42,193666,https://open.spotify.com/track/127CAKy0KyYoR0r7QNbvVR,sad
0AxZUYeQ9bZwSdt1LmZuok,Heaven or Las Vegas,Cocteau Twins,Heaven or Las Vegas,1990-09-17,68,298400,https://open.spotify.com/track/0AxZUYeQ9bZwSdt1LmZuok,sad
6OG05bPAwUuV3OMvy2Vy1P,Mariners Apartment Complex,Lana Del Rey,Norman Fucking Rockwell!,2019-08-30,68,247150,https://open.spotify.com/track/6OG05bPAwUuV3OMvy2Vy1P,sad
104YdibC7VQy78xAVmgRYr,Limp,Fiona Apple,When The Pawn...,1999-11-09,54,209800,https://open.spotify.com/track/104YdibC7VQy78xAVmgRYr,sad
0uhYgQQ6WX9rCONnum7Fmw,I Know,Fiona Apple,When The Pawn...,1999-11-09,61,295133,https://open.spotify.com/track/0uhYgQQ6WX9rCONnum7Fmw,sad
3PG7BAJG9WkmNOJOlc4uAo,Femme Fatale,"The Velvet Underground, Nico",The Velvet Underground & Nico 45th Anniversary,1967-03-12,63,159000,https://open.spotify.com/track/3PG7BAJG9WkmNOJOlc4uAo,sad
4NnWuGQujzWUEg0uZokO5M,Just Like Heaven - Remastered 2006,The Cure,Kiss Me Kiss Me Kiss Me (Remastered 2006),1987-01-01,76,212013,https://open.spotify.com/track/4NnWuGQujzWUEg0uZokO5M,sad
1ShRHPAiiIrh0arZbSFmx1,Heavy,The Marías,CINEMA,2021-06-25,83,253213,https://open.spotify.com/track/1ShRHPAiiIrh0arZbSFmx1,sad
2qmmnbJ9JR3f7vofbyje5r,Slow Dance,Clairo,Charm,2024-07-12,76,234853,https://open.spotify.com/track/2qmmnbJ9JR3f7vofbyje5r,sad
6PBzdsMi6YNdYAevzozBRi,So Real,Jeff Buckley,Grace,1994,67,283506,https://open.spotify.com/track/6PBzdsMi6YNdYAevzozBRi,sad
4yg2qSpnVAbQLPjCJTWwtY,"Mama, You Been on My Mind - Studio Outtake - 1993",Jeff Buckley,Grace (Legacy Edition),1994-08-23,57,205586,https://open.spotify.com/track/4yg2qSpnVAbQLPjCJTWwtY,sad
5y6tawMZjDF9ztCmfWZYYd,Thanksgiving in Sacramento,Jon Brion,Lady Bird (Original Motion Picture Soundtrack),2017-11-17,53,51240,https://open.spotify.com/track/5y6tawMZjDF9ztCmfWZYYd,sad
3uliGwmB52ZA7brgpZMzyH,Love Is A Losing Game,Amy Winehouse,Back To Black (Deluxe Edition),2006,70,155413,https://open.spotify.com/track/3uliGwmB52ZA7brgpZMzyH,sad
5WfSHn8qVk1W3GJJQpETC1,Star - 2012 Remaster,David Bowie,The Rise and Fall of Ziggy Stardust and the Spiders from Mars (2012 Remaster),1972-06-06,51,167550,https://open.spotify.com/track/5WfSHn8qVk1W3GJJQpETC1,sad
0pNeVovbiZHkulpGeOx1Gj,Something - Remastered 2009,The Beatles,Abbey Road (Remastered),1969-09-26,75,182293,https://open.spotify.com/track/0pNeVovbiZHkulpGeOx1Gj,sad
7DDcNAaRQm1cyDeJ4yLafO,Reflecting Light,Sam Phillips,A Boot and a Shoe,2004-04-27,60,197066,https://open.spotify.com/track/7DDcNAaRQm1cyDeJ4yLafO,sad
3nbFVNHVYCMCdD9vBo3udv,You're Not The Only One I Know,The Sundays,Reading Writing And Arithmetic,1990,60,231560,https://open.spotify.com/track/3nbFVNHVYCMCdD9vBo3udv,sad
784VjdNkpXhFV0RHquzsi2,100,Dean Blunt,BLACK METAL,2014-11-03,70,200906,https://open.spotify.com/track/784VjdNkpXhFV0RHquzsi2,sad
61QM8FuFUAEzF6ssSecmT5,31,Sydney Rose,I Know What I Want,2025-04-04,42,299954,https://open.spotify.com/track/61QM8FuFUAEzF6ssSecmT5,sad
4kfXaAAZlfBrimPJYHlCEM,Silver Lining,Laufey,Silver Lining,2025-04-03,64,197533,https://open.spotify.com/track/4kfXaAAZlfBrimPJYHlCEM,sad
1PtXEYrahu8Vg2rhpJBoqt,Moving,Kate Bush,The Kick Inside,1978-02-17,49,181960,https://open.spotify.com/track/1PtXEYrahu8Vg2rhpJBoqt,sad
7FXFAvkVsZ85KzppbQzYs2,Strange Phenomena,Kate Bush,The Kick Inside,1978-02-17,40,178693,https://open.spotify.com/track/7FXFAvkVsZ85KzppbQzYs2,sad
650eiAftcdoorcciUfl61h,Room for the Life,Kate Bush,The Kick Inside,1978-02-17,37,245560,https://open.spotify.com/track/650eiAftcdoorcciUfl61h,sad
2lhfd0CF0dFlwRVH8NG8vv,For Free,"Lana Del Rey, Zella Day, Weyes Blood",Chemtrails Over The Country Club,2021-03-19,50,251818,https://open.spotify.com/track/2lhfd0CF0dFlwRVH8NG8vv,sad
3EXrtClWmgsM7dw75Mw2M1,When You're Gone,The Cranberries,To The Faithful Departed,1996-04-30,67,296200,https://open.spotify.com/track/3EXrtClWmgsM7dw75Mw2M1,sad
2fuYa3Lx06QQJAm0MjztKr,Let Down,Radiohead,OK Computer,1997-05-28,89,299560,https://open.spotify.com/track/2fuYa3Lx06QQJAm0MjztKr,sad
73SBAGI4fPFm4VkB3NjXq8,I Want You To Love Me,Fiona Apple,Fetch The Bolt Cutters,2020-04-17,63,237713,https://open.spotify.com/track/73SBAGI4fPFm4VkB3NjXq8,sad
0HzFOwHCguJjYB1DF8YScb,broken one,Shineymoon,broken one,2025-05-16,29,228000,https://open.spotify.com/track/0HzFOwHCguJjYB1DF8YScb,sad
4WrYLfuJg2wNLwvSRHZwxl,Summertime,The Sundays,Static And Silence,1997-09-22,58,214893,https://open.spotify.com/track/4WrYLfuJg2wNLwvSRHZwxl,sad
7cdnq45E9aP2XDStHg5vd7,Cherry Bomb,The Runaways,The Runaways,1976,67,138706,https://open.spotify.com/track/7cdnq45E9aP2XDStHg5vd7,sad
0q6LuUqGLUiCPP1cbdwFs3,On Melancholy Hill,Gorillaz,Plastic Beach,2010-03-03,84,233866,https://open.spotify.com/track/0q6LuUqGLUiCPP1cbdwFs3,sad
2JFnUJ4pLqPKlVKRCSeh9Q,Listen To The Birds,Sydney Rose,I Know What I Want,2025-04-04,42,240813,https://open.spotify.com/track/2JFnUJ4pLqPKlVKRCSeh9Q,sad
5wAWTCv7wjkB3lNzGmIPcd,5 More Minutes,Sydney Rose,I Know What I Want,2025-04-04,54,230260,https://open.spotify.com/track/5wAWTCv7wjkB3lNzGmIPcd,sad
6VyCMQf7wZyZF4j9368HGK,Wade,Clairo,Sling,2021-07-16,48,286979,https://open.spotify.com/track/6VyCMQf7wZyZF4j9368HGK,sad
4VedfquAzkjR15ntcWmNfL,Petals,Hole,Celebrity Skin,1998-01-01,67,329240,https://open.spotify.com/track/4VedfquAzkjR15ntcWmNfL,sad
39EnwJiZJ9q3hqcnKaJwlB,Crying in the Night,"Buckingham Nicks, Stevie Nicks, Lindsey Buckingham",Crying in the Night,2025-07-23,42,179014,https://open.spotify.com/track/39EnwJiZJ9q3hqcnKaJwlB,sad
7jkelF6xQ9oM8BEZRARhhC,The blue,Gracie Abrams,Good Riddance (Deluxe),2023-06-16,60,300211,https://open.spotify.com/track/7jkelF6xQ9oM8BEZRARhhC,sad
4nwjvcUjV7cexhwA40Bh5i,Lover Girl,Laufey,A Matter of Time,2025-08-22,79,164400,https://open.spotify.com/track/4nwjvcUjV7cexhwA40Bh5i,sad
4JGKZS7h4Qa16gOU3oNETV,Dreams,The Cranberries,"Everybody Else Is Doing It, So Why Can't We?",1993-03-01,82,271560,https://open.spotify.com/track/4JGKZS7h4Qa16gOU3oNETV,sad
65VpwcmfM8WMvEPrI0cCtF,Briston,Sydney Rose,Briston,2024-06-07,62,167642,https://open.spotify.com/track/65VpwcmfM8WMvEPrI0cCtF,sad
1YrnDTqvcnUKxAIeXyaEmU,How Soon Is Now? - 2011 Remaster,The Smiths,Hatful of Hollow,1984,73,408173,https://open.spotify.com/track/1YrnDTqvcnUKxAIeXyaEmU,sad
73CKjW3vsUXRpy3NnX4H7F,Fake Plastic Trees,Radiohead,The Bends,1995-03-13,81,290706,https://open.spotify.com/track/73CKjW3vsUXRpy3NnX4H7F,sad
5Qv2Nby1xTr9pQyjkrc94J,All I Need,Radiohead,In Rainbows,2007-12-28,82,228746,https://open.spotify.com/track/5Qv2Nby1xTr9pQyjkrc94J,sad
4SrRrB27n7fiRkQcPoKfpk,Motion Picture Soundtrack,Radiohead,Kid A,2000-10-02,74,200482,https://open.spotify.com/track/4SrRrB27n7fiRkQcPoKfpk,sad
02ppMPbg1OtEdHgoPqoqju,Reckoner,Radiohead,In Rainbows,2007-12-28,68,290213,https://open.spotify.com/track/02ppMPbg1OtEdHgoPqoqju,sad
5Q6Xzp25aXYxNJ4B6vBkcf,Luna - 2011 Remaster,The Smashing Pumpkins,Siamese Dream (Deluxe Edition),1993,70,202320,https://open.spotify.com/track/5Q6Xzp25aXYxNJ4B6vBkcf,sad
7m6v28coJpF6mr6LEHbmce,The Little Mess You Made,"The Favors, FINNEAS, Ashe",The Dream,2025-09-19,65,201284,https://open.spotify.com/track/7m6v28coJpF6mr6LEHbmce,sad
4sutLmjkVKRN6pOAMo2joC,"Tom's Diner - 7"" Version","DNA, Suzanne Vega, Neal Slateford, Nick Batt",The Best Of Suzanne Vega - Tried And True,1998-01-01,69,227866,https://open.spotify.com/track/4sutLmjkVKRN6pOAMo2joC,sad
3PfP2ESY88v8ElWGkAIcz4,east coast,alexgoffline,east coast,2024-11-27,65,151040,https://open.spotify.com/track/3PfP2ESY88v8ElWGkAIcz4,sad
5AabqkMATMr8zsfPS5yJnr,Bells Ring,Mazzy Star,So Tonight That I Might See,1993-10-05,56,272066,https://open.spotify.com/track/5AabqkMATMr8zsfPS5yJnr,sad
7b2caacNgQW74qGvNyVQo1,I Love You,Fontaines D.C.,I Love You,2022-02-17,63,305800,https://open.spotify.com/track/7b2caacNgQW74qGvNyVQo1,sad
7DtMjrF0atLQ396QZ7150I,Unmade Bed,Sydney Rose,One Sided,2023-11-10,50,264744,https://open.spotify.com/track/7DtMjrF0atLQ396QZ7150I,sad
1y01zROhsEafA2aiSBaQdt,like it tends to be,Shineymoon,like it tends to be,2025-07-04,6,187400,https://open.spotify.com/track/1y01zROhsEafA2aiSBaQdt,sad
7MDfN1ldfTMtuXXdVz2Pzc,Tears Dry On Their Own,Amy Winehouse,Back To Black (Deluxe Edition),2006,73,186440,https://open.spotify.com/track/7MDfN1ldfTMtuXXdVz2Pzc,sad
3N4DI1vuTSX1tz7fa2NQZw,Rehab,Amy Winehouse,Back To Black (Deluxe Edition),2006,73,214946,https://open.spotify.com/track/3N4DI1vuTSX1tz7fa2NQZw,sad
2ZGdEqZwffOzdBt5s8Xm29,Intro / Stronger Than Me,Amy Winehouse,Frank,2003-10-20,46,234111,https://open.spotify.com/track/2ZGdEqZwffOzdBt5s8Xm29,sad
0DMRKqrpd0QO4RWiEdMib0,You Know I'm No Good,Amy Winehouse,Back To Black (Deluxe Edition),2006,76,257186,https://open.spotify.com/track/0DMRKqrpd0QO4RWiEdMib0,sad
1cYZfOVeTOSWNZe9liBa6h,Take The Box,Amy Winehouse,Frank,2003-10-20,51,200186,https://open.spotify.com/track/1cYZfOVeTOSWNZe9liBa6h,sad
6efhuc3AsgEKF0XZiEocQY,Fuck Me Pumps,Amy Winehouse,Frank,2003-10-20,51,200600,https://open.spotify.com/track/6efhuc3AsgEKF0XZiEocQY,sad
6nLvaCZFR1wEzW3sIKpsnr,"Valerie - Live At BBC Radio 1 Live Lounge, London / 2007",Amy Winehouse,Back To Black (Deluxe Edition),2006,75,233733,https://open.spotify.com/track/6nLvaCZFR1wEzW3sIKpsnr,sad
0RfzQhbvtn5lOaKdhpAni7,Me & Mr Jones,Amy Winehouse,Back To Black (Deluxe Edition),2006,66,153173,https://open.spotify.com/track/0RfzQhbvtn5lOaKdhpAni7,sad
2pxCOdnHEZZ3A1XRNxjc1v,Wake Up Alone,Amy Winehouse,Back To Black (Deluxe Edition),2006,58,222000,https://open.spotify.com/track/2pxCOdnHEZZ3A1XRNxjc1v,sad
4osZ2oNMiWUERwAzE46Io1,What Is It About Men,Amy Winehouse,Frank,2003-10-20,46,209560,https://open.spotify.com/track/4osZ2oNMiWUERwAzE46Io1,sad
3eVo0wD4kGwF3gshtecZso,He Can Only Hold Her,Amy Winehouse,Back To Black (Deluxe Edition),2006,66,166400,https://open.spotify.com/track/3eVo0wD4kGwF3gshtecZso,sad
4NDpn6yfD5aqafYWFEaJDz,Our Day Will Come,Amy Winehouse,Lioness: Hidden Treasures,2011-01-01,66,169373,https://open.spotify.com/track/4NDpn6yfD5aqafYWFEaJDz,sad
0LbK1bodGLc9xmV1cS9jvL,Will You Still Love Me Tomorrow? - 2011,Amy Winehouse,Lioness: Hidden Treasures,2011-01-01,63,262813,https://open.spotify.com/track/0LbK1bodGLc9xmV1cS9jvL,sad
4eHclAquzcX5ZCMBaVAUXB,(There Is) No Greater Love,Amy Winehouse,Frank,2003-10-20,43,128933,https://open.spotify.com/track/4eHclAquzcX5ZCMBaVAUXB,sad
5DEitTu33CUjozBijXiLNb,Some Unholy War,Amy Winehouse,Back To Black (Deluxe Edition),2006,55,142693,https://open.spotify.com/track/5DEitTu33CUjozBijXiLNb,sad
7EzafK3PjsWEICREII1WXg,Addicted,Amy Winehouse,Back To Black (Deluxe Edition),2006,51,165120,https://open.spotify.com/track/7EzafK3PjsWEICREII1WXg,sad
2TfIuZiaQK2I6Dsn0GxxdN,In My Bed,Amy Winehouse,Frank,2003-10-20,52,317013,https://open.spotify.com/track/2TfIuZiaQK2I6Dsn0GxxdN,sad
2WsHmmKc1U4IbTzeGUu1Ks,Just Friends,Amy Winehouse,Back To Black (Deluxe Edition),2006,54,193306,https://open.spotify.com/track/2WsHmmKc1U4IbTzeGUu1Ks,sad
5kG1ARHk8dli0bKiMN2oE6,Cupid - Deluxe Edition Version,Amy Winehouse,Back To Black (Deluxe Edition),2006,54,228853,https://open.spotify.com/track/5kG1ARHk8dli0bKiMN2oE6,sad
2XVLtD3PlpQTdh81UP2grX,You Sent Me Flying / Cherry,Amy Winehouse,Frank,2003-10-20,49,410760,https://open.spotify.com/track/2XVLtD3PlpQTdh81UP2grX,sad
7F5rIyOI88zk36AiBXC8xq,The Girl From Ipanema,Amy Winehouse,Lioness: Hidden Treasures,2011-01-01,59,166960,https://open.spotify.com/track/7F5rIyOI88zk36AiBXC8xq,sad
1Nz1PPjU3ONNEgjg8Pkppg,To Know Him Is To Love Him - Live,Amy Winehouse,Back To Black (Deluxe Edition),2006,50,145066,https://open.spotify.com/track/1Nz1PPjU3ONNEgjg8Pkppg,sad
6hNQwu4W67RNkPOTiQe3iZ,I Heard Love Is Blind,Amy Winehouse,Frank,2003-10-20,43,130080,https://open.spotify.com/track/6hNQwu4W67RNkPOTiQe3iZ,sad
4d0dY3ZeMdoYrD5YmdFvWZ,Half Time,Amy Winehouse,Lioness: Hidden Treasures,2011-01-01,62,230853,https://open.spotify.com/track/4d0dY3ZeMdoYrD5YmdFvWZ,sad
2r45rookK2awLkiOHOef1o,Like Smoke,"Amy Winehouse, Nas",Lioness: Hidden Treasures,2011-01-01,57,278000,https://open.spotify.com/track/2r45rookK2awLkiOHOef1o,sad
5ZTZL5UlpF3UZ8H7BhoI9N,Mr Magic (Through The Smoke),Amy Winehouse,Frank,2003-10-20,55,236504,https://open.spotify.com/track/5ZTZL5UlpF3UZ8H7BhoI9N,sad
7Jc6mvsZdjnaCQfanViNDa,Help Yourself,Amy Winehouse,Frank,2003-10-20,42,301000,https://open.spotify.com/track/7Jc6mvsZdjnaCQfanViNDa,sad
4fdPpmqn1eYLyWRcxZmx2D,A Song For You,Amy Winehouse,Lioness: Hidden Treasures,2011-01-01,52,269373,https://open.spotify.com/track/4fdPpmqn1eYLyWRcxZmx2D,sad
7BizTaPDXSWVi8vdGeFg0W,"Best Friends, Right?",Amy Winehouse,Lioness: Hidden Treasures,2011-01-01,55,176293,https://open.spotify.com/track/7BizTaPDXSWVi8vdGeFg0W,sad
52fqquVYihRW17ySEcy5mA,Monkey Man,Amy Winehouse,Back To Black (Deluxe Edition),2006,48,176320,https://open.spotify.com/track/52fqquVYihRW17ySEcy5mA,sad
56Arzti6qoYbWlU5cM5xQ9,Brother,Amy Winehouse,Frank,2003-10-20,46,253059,https://open.spotify.com/track/56Arzti6qoYbWlU5cM5xQ9,sad
3irumzUB7UlJqoVZCqR3kI,Know You Now,Amy Winehouse,Frank,2003-10-20,41,183253,https://open.spotify.com/track/3irumzUB7UlJqoVZCqR3kI,sad
77RrNbeBUXb1Dtewp0HQuR,Between The Cheats,Amy Winehouse,Lioness: Hidden Treasures,2011-01-01,52,213586,https://open.spotify.com/track/77RrNbeBUXb1Dtewp0HQuR,sad
5TDzuKX6850TcYcJ6Xv2eT,Moody's Mood For Love / Teo Licks,Amy Winehouse,Frank,2003-10-20,41,208933,https://open.spotify.com/track/5TDzuKX6850TcYcJ6Xv2eT,sad
6huXEunO4jEFn9Q7WLoMZs,Hey Little Rich Girl,"Amy Winehouse, Ade Omotayo, Zalon Thompson",Back To Black (Deluxe Edition),2006,47,215000,https://open.spotify.com/track/6huXEunO4jEFn9Q7WLoMZs,sad
67wNhv0JobucCEtv1rrTUG,October Song,Amy Winehouse,Frank,2003-10-20,41,204920,https://open.spotify.com/track/67wNhv0JobucCEtv1rrTUG,sad
7ee1XEOzZgzTQWNaiHZvKY,You're Wondering Now,Amy Winehouse,Back To Black (Deluxe Edition),2006,47,153413,https://open.spotify.com/track/7ee1XEOzZgzTQWNaiHZvKY,sad
1NwqbR2nzLJ17TSoW1iiQW,Someone To Watch Over Me - Demo,Amy Winehouse,Frank (Deluxe Edition),2003,49,268306,https://open.spotify.com/track/1NwqbR2nzLJ17TSoW1iiQW,sad
6lX3i8dl8gsWMfaUIgcOl6,Amy Amy Amy,Amy Winehouse,Frank,2003-10-20,48,254727,https://open.spotify.com/track/6lX3i8dl8gsWMfaUIgcOl6,sad
1U0cCrP1EhDFlmB6CTRh5O,Teach Me Tonight - Live On Jools Holland Hootenanny / 2004,"Amy Winehouse, Jools Holland",At The BBC,2021-05-07,50,198080,https://open.spotify.com/track/1U0cCrP1EhDFlmB6CTRh5O,sad
5yf3egqXuJvCNf1MG0OwvS,Fool's Gold,Amy Winehouse,Frank (Deluxe Edition),2003,40,218506,https://open.spotify.com/track/5yf3egqXuJvCNf1MG0OwvS,sad
1Yjw93mGqWL6GAJJOwvZDl,What It Is - Demo,Amy Winehouse,Frank (Deluxe Edition),2003,38,283466,https://open.spotify.com/track/1Yjw93mGqWL6GAJJOwvZDl,sad
1MdMYZN0VnpjTy6nBCM2Qf,We're Still Friends - Live At The Union Chapel,Amy Winehouse,AMY (Original Motion Picture Soundtrack),2015-10-30,48,175986,https://open.spotify.com/track/1MdMYZN0VnpjTy6nBCM2Qf,sad
2zxLOWajVC4i8fs4OUUx36,'Round Midnight,Amy Winehouse,Frank (Deluxe Edition),2003,39,228013,https://open.spotify.com/track/2zxLOWajVC4i8fs4OUUx36,sad
5kB7BZY3dJJtQYiXkyesrD,I Heard It Through The Grapevine - Live On Jools Holland Hootenanny / 31st December 2006,"Amy Winehouse, Paul Weller, Jools Holland",At The BBC,2021-05-07,52,234066,https://open.spotify.com/track/5kB7BZY3dJJtQYiXkyesrD,sad
3kt92YozPwnpnE5yQziJ60,Don't Go To Strangers - Live On Jools Holland Hootenanny / 2006,"Amy Winehouse, Paul Weller, Jools Holland",At The BBC,2021-05-07,49,276080,https://open.spotify.com/track/3kt92YozPwnpnE5yQziJ60,sad
2RtYWELB3znKy86yd9VTfI,Tenderly - Live On Later... With Jools Holland / 2006,"Amy Winehouse, Jools Holland",At The BBC,2021-05-07,48,73693,https://open.spotify.com/track/2RtYWELB3znKy86yd9VTfI,sad
4AyULNTWuCtbpxzY2qVowJ,Body And Soul,"Amy Winehouse, Tony Bennett",Lioness: Hidden Treasures,2011-01-01,0,198813,https://open.spotify.com/track/4AyULNTWuCtbpxzY2qVowJ,sad
3BPogMgZeF4e3l71x2ax4w,We Go Back (feat. Mavis Staples),"Buddy Guy, Mavis Staples",We Go Back (feat. Mavis Staples),2022-09-02,24,279847,https://open.spotify.com/track/3BPogMgZeF4e3l71x2ax4w,sad
58PSYdY0GFg0LFb2PxYk4T,Mannish Boy,Muddy Waters,King Of The Electric Blues,1977,63,321133,https://open.spotify.com/track/58PSYdY0GFg0LFb2PxYk4T,sad
1a2iF9XymafjRk56q7oCxo,Pride and Joy,Stevie Ray Vaughan,Texas Flood (Legacy Edition),1983,66,219586,https://open.spotify.com/track/1a2iF9XymafjRk56q7oCxo,sad
62QWywMNsKrR05lOSYUAzg,Gunsmoke Blues (feat. Jason Isbell),"Buddy Guy, Jason Isbell",Gunsmoke Blues (feat. Jason Isbell),2022-08-11,19,188973,https://open.spotify.com/track/62QWywMNsKrR05lOSYUAzg,sad
3PwKz7ML8VnNAp15OzIMWG,Red House,Jimi Hendrix,Experience Hendrix: The Best Of Jimi Hendrix,1997-09-16,39,229960,https://open.spotify.com/track/3PwKz7ML8VnNAp15OzIMWG,sad
5XNpdKmlLJPUbwKQceX2tW,Little Wing,Stevie Ray Vaughan,Couldn't Stand The Weather (Legacy Edition),1984,60,408480,https://open.spotify.com/track/5XNpdKmlLJPUbwKQceX2tW,sad
3KSchPNSklO5McIqRH3qYX,I'm Your Hoochie Coochie Man,Muddy Waters,King Of The Electric Blues,1977,54,238533,https://open.spotify.com/track/3KSchPNSklO5McIqRH3qYX,sad
3Y8eYlyRskDauaOGi7NVZK,Human,Joanne Shaw Taylor,Reckless Blues,2020-03-06,36,201429,https://open.spotify.com/track/3Y8eYlyRskDauaOGi7NVZK,sad
1TkliUZNnCeTjZMWPuUoPK,Mustang Sally (feat. Jeff Beck),"Buddy Guy, Jeff Beck","Damn Right, I've Got The Blues",1991,48,283266,https://open.spotify.com/track/1TkliUZNnCeTjZMWPuUoPK,sad
6gRGLfswEsfpy1UxHEyP6X,The Thrill Is Gone,"B.B. King, Tracy Chapman",Deuces Wild,1997-01-01,0,301133,https://open.spotify.com/track/6gRGLfswEsfpy1UxHEyP6X,sad
0owGTle1xBp2AZIchl6fp6,Doo Doo Doo Doo Doo (Heartbreaker),"Buddy Guy, Mick Jagger",Chicago Plays the Stones,2018-09-14,19,293203,https://open.spotify.com/track/0owGTle1xBp2AZIchl6fp6,sad
2Mr1bGI2E10K7Mt1UJZ6Mw,Boom Boom,John Lee Hooker,Burnin',1962-01-01,59,152350,https://open.spotify.com/track/2Mr1bGI2E10K7Mt1UJZ6Mw,sad
3YGsgJqtIWKjMjZtKLk11Z,Be Careful With a Fool,Johnny Winter,Johnny Winter,1969,50,314880,https://open.spotify.com/track/3YGsgJqtIWKjMjZtKLk11Z,sad
3BkMv30DKcUEOsRbDSAyIq,Cognac (feat. Jeff Beck & Keith Richards),"Buddy Guy, Jeff Beck, Keith Richards",The Blues Is Alive And Well,2018-06-15,41,322280,https://open.spotify.com/track/3BkMv30DKcUEOsRbDSAyIq,sad
1kPBT8S2wJFNAyBMnGVZgL,I'd Rather Go Blind,Etta James,Tell Mama,1968-04-18,76,156653,https://open.spotify.com/track/1kPBT8S2wJFNAyBMnGVZgL,sad
3xoMRK8egNvtjrCEQieLko,Am I Wrong,Keb' Mo',Martin Scorsese Presents The Blues: Keb' Mo',1994,44,138426,https://open.spotify.com/track/3xoMRK8egNvtjrCEQieLko,sad
6tv6EVWMV7AIWi8PhZ0uvO,Little Girl Blue,Janis Joplin,I Got Dem Ol' Kozmic Blues Again Mama!,1969-09-11,49,228693,https://open.spotify.com/track/6tv6EVWMV7AIWi8PhZ0uvO,sad
2AxCeJ6PSsBYiTckM0HLY7,Voodoo Child (Slight Return),Jimi Hendrix,Electric Ladyland,1968-10-25,66,313373,https://open.spotify.com/track/2AxCeJ6PSsBYiTckM0HLY7,sad
6lXeiMvUgvlyI7dQKmvIKR,I'm A Man - Single Version,Bo Diddley,Rock N' Roll Legends (International Version),2008-01-01,0,179906,https://open.spotify.com/track/6lXeiMvUgvlyI7dQKmvIKR,sad
5MTsZG10E0hTvAkdioyPnw,Feels Like Rain (feat. Bonnie Raitt),"Buddy Guy, Bonnie Raitt",Feels Like Rain,1993-03-01,51,275266,https://open.spotify.com/track/5MTsZG10E0hTvAkdioyPnw,sad
7DFgoaZmFnjOcKlrpV0mPK,Champagne & Reefer - Live,Muddy Waters,"Muddy ""Mississippi"" Waters Live (Legacy Edition)",1979,0,292373,https://open.spotify.com/track/7DFgoaZmFnjOcKlrpV0mPK,sad
1cRTAPP2FG9h2WiYMOIVIK,The Sky Is Crying,Elmore James,Shake Your Money Maker: The Best Of The Fire Sessions,2001-04-03,41,166400,https://open.spotify.com/track/1cRTAPP2FG9h2WiYMOIVIK,sad
35ydSuNJn9z4eTjhWp2xUJ,Smokestack Lightnin',Howlin' Wolf,Moanin' In The Moonlight,1958-01-01,0,188400,https://open.spotify.com/track/35ydSuNJn9z4eTjhWp2xUJ,sad
2FtX5tOFUVOyjcGQiuGR8f,"Damn Right, I've Got the Blues",Buddy Guy,"Damn Right, I've Got The Blues",1991,50,271653,https://open.spotify.com/track/2FtX5tOFUVOyjcGQiuGR8f,sad
5MtN38MGEWJt60LwtBmFNP,Texas Flood,Stevie Ray Vaughan,Texas Flood (Legacy Edition),1983,58,320906,https://open.spotify.com/track/5MtN38MGEWJt60LwtBmFNP,sad
3Gq3uFAdJltar4ddwboPby,Little Red Rooster,Willie Dixon,Poet Of the Blues (Mojo Workin'- Blues For The Next Generation),1947,36,215026,https://open.spotify.com/track/3Gq3uFAdJltar4ddwboPby,sad
1WE055A5d1019EAx79Rg8Q,Mojo Hand,Lightnin' Hopkins,The Roots of Led Zeppelin,2008-01-01,0,182508,https://open.spotify.com/track/1WE055A5d1019EAx79Rg8Q,sad
6jRcwdv3gQro498uQ6KRwf,Bad Love,Joanne Shaw Taylor,Bad Love,2019-01-25,13,247399,https://open.spotify.com/track/6jRcwdv3gQro498uQ6KRwf,sad
776ESZrMd2rMNsbPOrckXG,Born Under A Bad Sign,Albert King,King Of The Blues Guitar,1969-06-15,0,167040,https://open.spotify.com/track/776ESZrMd2rMNsbPOrckXG,sad
3nV1Sy2qjdZW8Wo7Q0PCpE,I'm a King Bee,Muddy Waters,King Bee,1981,28,230893,https://open.spotify.com/track/3nV1Sy2qjdZW8Wo7Q0PCpE,sad
4v4zFRDRkXyGPTRyYur26i,Who Do You Love?,Joanne Shaw Taylor,Diamonds In The Dirt,2010-10-11,0,187245,https://open.spotify.com/track/4v4zFRDRkXyGPTRyYur26i,sad
4XrQXeFcgsE5Wq30VfDMKL,Albatross (Live) [Remastered],Fleetwood Mac,Albatross (Live) [Remastered],2019-04-02,19,223881,https://open.spotify.com/track/4XrQXeFcgsE5Wq30VfDMKL,sad
0hnlRgTh80b1emNnM0jmwt,Mannish Boy,Jimi Hendrix,Both Sides of the Sky,2018-03-09,44,301520,https://open.spotify.com/track/0hnlRgTh80b1emNnM0jmwt,sad
0Xce26qA69PONzBHbJAbMY,In the Mood,Joanne Shaw Taylor,In the Mood,2018-11-09,13,225125,https://open.spotify.com/track/0Xce26qA69PONzBHbJAbMY,sad
3DjwjAUPT4zvIu6ZzcgLGJ,T-Bone Blues,T-Bone Walker,T-Bone Blues,2005-03-29,53,228626,https://open.spotify.com/track/3DjwjAUPT4zvIu6ZzcgLGJ,sad
5qb0gAZsgkCXV38Lm4kYf0,Got Soul,Robert Randolph & The Family Band,Got Soul,2017-02-17,24,212293,https://open.spotify.com/track/5qb0gAZsgkCXV38Lm4kYf0,sad
7a014uMHF3nlqzXCxV551C,Soulshine,Allman Brothers Band,Where It All Begins,1994-05-03,54,403506,https://open.spotify.com/track/7a014uMHF3nlqzXCxV551C,sad
7oy11oZXWxwRYn5DUxk0oW,"One Bourbon, One Scotch, One Beer",John Lee Hooker,The Real Folk Blues,1966-01-01,0,184960,https://open.spotify.com/track/7oy11oZXWxwRYn5DUxk0oW,sad
26QOKAY7kr2EazSmLxZLdW,Hound Dog,Dee Dee Bridgewater,"Memphis ...Yes, I'm Ready",2017-09-15,37,218173,https://open.spotify.com/track/26QOKAY7kr2EazSmLxZLdW,sad
1wKWmUEdhYn47Znz5CzV5p,Couldn't Stand the Weather,Stevie Ray Vaughan,Couldn't Stand The Weather,1984,37,281040,https://open.spotify.com/track/1wKWmUEdhYn47Znz5CzV5p,sad
2Cg3GUkhjX96nO4p2WRlIa,She's A Sweet One,Junior Wells,"Calling All Blues - The Chief, Profile & USA Recordings 1957-1963",1957,35,181786,https://open.spotify.com/track/2Cg3GUkhjX96nO4p2WRlIa,sad
5xNE6bGRS65lxMEBIl6xbT,Dirt Road Blues,Bob Dylan,Time Out Of Mind,1997-09-30,32,214800,https://open.spotify.com/track/5xNE6bGRS65lxMEBIl6xbT,sad
2ojpe2iiB4hyFQQSv2xfay,Blue No More (feat. James Bay),"Buddy Guy, James Bay",Blue No More (feat. James Bay),2018-05-30,16,219240,https://open.spotify.com/track/2ojpe2iiB4hyFQQSv2xfay,sad
7yXuquZiCxTyLXzPnwlqJv,Born To Play Guitar,Buddy Guy,Born To Play Guitar,2015-07-31,41,296520,https://open.spotify.com/track/7yXuquZiCxTyLXzPnwlqJv,sad
2wnjZXcAT3rCjjqxLeHjv7,Going Down,Freddie King,Getting Ready... (World),1971,58,204333,https://open.spotify.com/track/2wnjZXcAT3rCjjqxLeHjv7,sad
3L8DnKNfRS3vv13t1E5jc3,Dengue Woman Blues,Jimmie Vaughan,From Dusk Till Dawn - Music From The Motion Picture,1996-02-20,37,383706,https://open.spotify.com/track/3L8DnKNfRS3vv13t1E5jc3,sad
7oe5ASbDMlio2tsUouy6V0,Tell Mama,Etta James,Tell Mama The Complete Muscle Shoals Sessions (Remastered Reissue),1968-08-21,0,144026,https://open.spotify.com/track/7oe5ASbDMlio2tsUouy6V0,sad
2PcbVKT28p9mOlWBDL371J,I Can't Quit You Baby,Willie Dixon,Poet Of the Blues (Mojo Workin'- Blues For The Next Generation),1947,39,399173,https://open.spotify.com/track/2PcbVKT28p9mOlWBDL371J,sad
0REHBJqgYx296su1xt9M7y,Ain't No Love In The Heart Of The City,"Bobby ""Blue"" Bland",The Anthology,2001-01-01,0,231266,https://open.spotify.com/track/0REHBJqgYx296su1xt9M7y,sad
3H2LrcYZk56ahcsYvFCar1,The Bluest Blues,Alvin Lee,The Anthology,2002-01-06,0,446240,https://open.spotify.com/track/3H2LrcYZk56ahcsYvFCar1,sad
2olkoaZoOAjIKR80JTBNid,Move Out Baby,The Refreshments,Both Rock 'N' Roll,1995-06-12,13,188200,https://open.spotify.com/track/2olkoaZoOAjIKR80JTBNid,sad
1nyy7yku79STQ8srWmpnbH,Blues Medley - Live,Mike Bloomfield,Live At The Old Waldorf,1990-12-31,29,464266,https://open.spotify.com/track/1nyy7yku79STQ8srWmpnbH,sad
2KLQS8bGeVRxm3e0OrDOTB,Bo Diddley,Bo Diddley,Bo Diddley,1962-01-01,0,149013,https://open.spotify.com/track/2KLQS8bGeVRxm3e0OrDOTB,sad
48z2rCxqFdlMejXthnbCkX,Stay Around A Little Longer (feat. B.B. King),"Buddy Guy, B.B. King",Living Proof,2010-10-25,40,300373,https://open.spotify.com/track/48z2rCxqFdlMejXthnbCkX,sad
4DmBVImaIhE3RyNvbtZTTz,Hear My Train a Comin',Jimi Hendrix,"People, Hell & Angels",2013,50,341800,https://open.spotify.com/track/4DmBVImaIhE3RyNvbtZTTz,sad
3LkhowDvQ0ky3LQ5L6TLFk,Got My Mojo Working - Live,Muddy Waters,"Muddy ""Mississippi"" Waters Live (Legacy Edition)",2003-09-02,25,192640,https://open.spotify.com/track/3LkhowDvQ0ky3LQ5L6TLFk,sad
7zto61V8ySp03Qi6X1LU2X,Tin Pan Alley (AKA Roughest Place in Town),Stevie Ray Vaughan,Couldn't Stand The Weather (Legacy Edition),1984,57,551786,https://open.spotify.com/track/7zto61V8ySp03Qi6X1LU2X,sad
2YJgM8lj4u5YEZRSHSfL60,Bell Bottom Blues,Derek & The Dominos,Layla And Other Assorted Love Songs (Remastered 2010),1970-11-01,57,301720,https://open.spotify.com/track/2YJgM8lj4u5YEZRSHSfL60,sad
1cyftogE58xHzSgb77zcsn,Life by the Drop,Stevie Ray Vaughan,Archives,1985,52,147506,https://open.spotify.com/track/1cyftogE58xHzSgb77zcsn,sad
05oMNN5Rbv6rVqyFFG9uTl,Baby What You Want Me To Do,Jimmy Reed,The Very Best of Jimmy Reed,2005-03-22,50,144426,https://open.spotify.com/track/05oMNN5Rbv6rVqyFFG9uTl,sad
3kvie8QLXMcC0sYXq637Ov,Wheel of Misfortune,The Refreshments,Trouble Boys,1997-02-17,10,211466,https://open.spotify.com/track/3kvie8QLXMcC0sYXq637Ov,sad
7mNFrf8IfgaWMFCz64CtK4,Boogie Chillen,John Lee Hooker,King Of The Boogie,2017-10-06,0,189640,https://open.spotify.com/track/7mNFrf8IfgaWMFCz64CtK4,sad
7tsEMKyEXh7RChUDKpqJRG,Blues for Salvador,Carlos Santana,Blues For Salvador,1987-10-13,34,357560,https://open.spotify.com/track/7tsEMKyEXh7RChUDKpqJRG,sad
5xSBTdaKgLE0qJTUBWKo0t,Back Door Man,Willie Dixon,Poet Of the Blues (Mojo Workin'- Blues For The Next Generation),1947,31,366733,https://open.spotify.com/track/5xSBTdaKgLE0qJTUBWKo0t,sad
7dig0MXt7MBeqExosATbAq,Meet Me In the City,North Mississippi Allstars,World Boogie Is Coming,2013,0,276760,https://open.spotify.com/track/7dig0MXt7MBeqExosATbAq,sad
1yKah8BCP3Vgq2tPBOLKL0,All Your Love - Stereo,"Sam Maghett, John Mayall & The Bluesbreakers, Eric Clapton",Blues Breakers,1966-06-22,38,212600,https://open.spotify.com/track/1yKah8BCP3Vgq2tPBOLKL0,sad
0p5zJBYoJOzVLBiDeA0PvS,Where Did You Sleep Last Night,Lead Belly,The Tradition Masters: Lead Belly,1939-09-03,0,181892,https://open.spotify.com/track/0p5zJBYoJOzVLBiDeA0PvS,sad
2VHZZgvq66rlhzlzuBs0zs,Nine Below Zero,Buddy Guy,Nine Below Zero,2018-05-23,15,379933,https://open.spotify.com/track/2VHZZgvq66rlhzlzuBs0zs,sad
4fQMGlCawbTkH9yPPZ49kP,Green Onions,Booker T. & the M.G.'s,Green Onions,1962,69,176333,https://open.spotify.com/track/4fQMGlCawbTkH9yPPZ49kP,sad
1KkUZSQvKFpv53LfRD3JBc,The Only Thing I Got,Louise Hoffsten,Rhythm & Blonde,1993-03-24,10,67200,https://open.spotify.com/track/1KkUZSQvKFpv53LfRD3JBc,sad
0fM0mFxHP1R4KPX1PB8tWU,Dust My Broom,Elmore James,Shake Your Money Maker: The Best Of The Fire Sessions,2001-04-03,47,175040,https://open.spotify.com/track/0fM0mFxHP1R4KPX1PB8tWU,sad
0DnGfA1r8pAssJCuq4ojla,Still Got The Blues,Gary Moore,Still Got The Blues,1990-01-01,69,370866,https://open.spotify.com/track/0DnGfA1r8pAssJCuq4ojla,sad
3jRNewOWPcFohvcvqgP4Ci,Drifting,Fleetwood Mac,The Original Fleetwood Mac,1971-05-01,23,212333,https://open.spotify.com/track/3jRNewOWPcFohvcvqgP4Ci,sad
1TrGdXSgiBm8W68D2K1COG,Cross Road Blues,Robert Johnson,King Of The Delta Blues Singers,1937,47,149560,https://open.spotify.com/track/1TrGdXSgiBm8W68D2K1COG,sad
5xpfodSZvstNnuvv0qXg3Y,Susie Q,Creedence Clearwater Revival,Creedence Clearwater Revival - Best Of,2008-01-01,0,274773,https://open.spotify.com/track/5xpfodSZvstNnuvv0qXg3Y,sad
0EIVfSsMX5NNTLKJPqej7Y,Summertime,Joanne Shaw Taylor,Wild,2016-09-30,35,333387,https://open.spotify.com/track/0EIVfSsMX5NNTLKJPqej7Y,sad
2ZC5ygLIJEMuLTiElPFTnC,Rock Me Baby,Johnny Winter,Still Alive And Well,1973,22,229093,https://open.spotify.com/track/2ZC5ygLIJEMuLTiElPFTnC,sad
6hURmYjfqmr5CfK1wSHxtv,I'm In The Mood - Single Version,John Lee Hooker,Classic John Lee Hooker - The Universal Masters Collection,1999-01-01,0,164040,https://open.spotify.com/track/6hURmYjfqmr5CfK1wSHxtv,sad
4qrrz2Pd8hMpPyIKSscyNs,Big Boss Man,Jimmy Reed,The Very Best of Jimmy Reed,2005-03-22,23,166533,https://open.spotify.com/track/4qrrz2Pd8hMpPyIKSscyNs,sad
2vY3XKWiQ3gb4o0aXRtHjY,Blues for Mama,Nina Simone,Nina Simone Sings The Blues (Expanded Edition),1967,49,235880,https://open.spotify.com/track/2vY3XKWiQ3gb4o0aXRtHjY,sad
6f3OYG5R630tjwFIHIE7j2,Scratch My Back,The Fabulous Thunderbirds,The Fabulous Thunderbirds,1979,1,232706,https://open.spotify.com/track/6f3OYG5R630tjwFIHIE7j2,sad
7DJsL4jyXA39GDiHFQYQ0t,Mess Around,Ray Charles,"Ray Charles (aka: Hallelujah, I Love Her So)",1957-01-01,58,160226,https://open.spotify.com/track/7DJsL4jyXA39GDiHFQYQ0t,sad
2SL0h7FKhJ1O5DcvmvPqU5,Black Magic Woman,Fleetwood Mac,English Rose,1969-01-01,54,166653,https://open.spotify.com/track/2SL0h7FKhJ1O5DcvmvPqU5,sad
4Gia17DzXBhYFbYiJj6SyW,Working Man,Otis Rush,Mourning In The Morning,2005-02-08,47,147800,https://open.spotify.com/track/4Gia17DzXBhYFbYiJj6SyW,sad
0TuPaGnVZ9wwv0qAjCLEin,The Blues Is Alive And Well,Buddy Guy,The Blues Is Alive And Well,2018-06-15,35,313546,https://open.spotify.com/track/0TuPaGnVZ9wwv0qAjCLEin,sad
2wAfHM7Whz67VFbdanhZlk,Nobody Knows You When You're Down and Out,Bessie Smith,The Best of Bessie Smith,2015-05-08,31,177133,https://open.spotify.com/track/2wAfHM7Whz67VFbdanhZlk,sad
618hiI74zBL8UVgAvfmkLj,Riding with the King,"Eric Clapton, B.B. King",Riding with the King,2000-06-13,0,264240,https://open.spotify.com/track/618hiI74zBL8UVgAvfmkLj,sad
61rnzC7DyXuH61TI2DAWks,Take out Some Insurance,Jimmy Reed,Gigantes del Blues Vol. 6,2015-05-25,0,139786,https://open.spotify.com/track/61rnzC7DyXuH61TI2DAWks,sad
01OCQCl42VPUjVALIJDgzw,Bad Penny,Rory Gallagher,Top Priority (Remastered 2012),1979-09-16,0,243866,https://open.spotify.com/track/01OCQCl42VPUjVALIJDgzw,sad
6JctaKRx3ooi2AsIOYoz6Y,Dyin' to Know,Joanne Shaw Taylor,Wild,2016-09-30,31,179760,https://open.spotify.com/track/6JctaKRx3ooi2AsIOYoz6Y,sad
5iImAkMeQ7RCk3TMYAPJyC,Statesboro Blues,Taj Mahal,The Essential Taj Mahal,2005,18,177520,https://open.spotify.com/track/5iImAkMeQ7RCk3TMYAPJyC,sad
5ga6O7iJ6pV6bKuTwwKwbl,Please Love Me,B.B. King,Singin' the Blues,1956,0,171733,https://open.spotify.com/track/5ga6O7iJ6pV6bKuTwwKwbl,sad
3mtUR8aNUoMblqX49YzVF3,Life Is Beautiful,Keb' Mo',Suitcase,2006,45,256493,https://open.spotify.com/track/3mtUR8aNUoMblqX49YzVF3,sad
6D0c7cyaWGr3Iqwb4jtWSM,It's Nobody's Fault but Mine,Blind Willie Johnson,It's Nobody's Fault but Mine (From the documentary series American Epic),1927,0,193146,https://open.spotify.com/track/6D0c7cyaWGr3Iqwb4jtWSM,sad
2hv2NiSq8p4pgL28pxcqAJ,Trouble No More,Allman Brothers Band,The Allman Brothers Band (Deluxe),1969-11-04,35,227751,https://open.spotify.com/track/2hv2NiSq8p4pgL28pxcqAJ,sad
7MFcqaROxmciD68TsTtZuR,Scuttle Buttin',Stevie Ray Vaughan,Couldn't Stand The Weather,1984,34,111533,https://open.spotify.com/track/7MFcqaROxmciD68TsTtZuR,sad
76cMRr7SKNMcWvxVJxSBq6,Three Little Words,The Refreshments,Both Rock 'N' Roll,1995-06-12,11,222706,https://open.spotify.com/track/76cMRr7SKNMcWvxVJxSBq6,sad
6IWxHgVbdKyUMydhVGXRaT,On The Road Again,Canned Heat,The Best Of Canned Heat,1987-01-01,50,206333,https://open.spotify.com/track/6IWxHgVbdKyUMydhVGXRaT,sad
5K4C4We3nhtTYCyPEUae1I,I'd Rather Go Blind,Chicken Shack,The Complete Blue Horizon Sessions,2006,41,193920,https://open.spotify.com/track/5K4C4We3nhtTYCyPEUae1I,sad
0tcJCqyRnUu2gEmt9iLcTO,I'd Rather Go Blind,"Joe Bonamassa, Beth Hart",Don't Explain,2011-09-26,0,486773,https://open.spotify.com/track/0tcJCqyRnUu2gEmt9iLcTO,sad
4lzwvEOsDWdJ9qWpa83pnS,Ride 'Em On Down,The Rolling Stones,Blue & Lonesome,2016-12-02,0,168986,https://open.spotify.com/track/4lzwvEOsDWdJ9qWpa83pnS,sad
0tYJ6uY0ETQOtOM8KySMSp,Mean Mistreater,Johnny Winter,Johnny Winter,1969,33,232453,https://open.spotify.com/track/0tYJ6uY0ETQOtOM8KySMSp,sad
6ET5yCqDaaPJP6w7rvy1uM,Hound Dog,Big Mama Thornton,Precious & Rare: Big Mama Thornton,2013-02-11,29,172266,https://open.spotify.com/track/6ET5yCqDaaPJP6w7rvy1uM,sad
00pz9LNt4VcgjyS0KmDb8l,Fixin' to Die Blues,Bukka White,The Complete Bukka White,1994-05-09,0,166960,https://open.spotify.com/track/00pz9LNt4VcgjyS0KmDb8l,sad
1YcKxvJ7AXoROAk89w5Xek,Louis Collins,Mississippi John Hurt,Louis Collins (From the documentary series American Epic),1928,0,181786,https://open.spotify.com/track/1YcKxvJ7AXoROAk89w5Xek,sad
4KMXlzvtC8xjLseDqDjpeU,My Babe,Little Walter,The Essential Little Walter,1993-06-08,58,162040,https://open.spotify.com/track/4KMXlzvtC8xjLseDqDjpeU,sad
3IdTWrj9OGfK2Bhc7Ocyus,It Hurts Me Too,"Mike Bloomfield, John Paul Hammond, Dr. John",Triumvirate,1973,20,225706,https://open.spotify.com/track/3IdTWrj9OGfK2Bhc7Ocyus,sad
0l8fJO050thh71O5vZdBzE,Ventilator Blues,The Rolling Stones,Exile On Main Street (Bonus Track Version),1972-05-12,5,204573,https://open.spotify.com/track/0l8fJO050thh71O5vZdBzE,sad
4wvERenalqCLYnXZNSr0Vx,"Bright Lights, Big City",Jimmy Reed,Gigantes del Blues Vol. 6,2015-05-25,0,166253,https://open.spotify.com/track/4wvERenalqCLYnXZNSr0Vx,sad
6J1NKcC7xlbz5yrATZZ1X0,Need Your Love So Bad,Fleetwood Mac,Fleetwood Mac's Greatest Hits,1989-03-10,52,233360,https://open.spotify.com/track/6J1NKcC7xlbz5yrATZZ1X0,sad
4qtfw6xkbcM3VWPklWMvx7,Crosscut Saw,Albert King,Born Under A Bad Sign,1967,0,153399,https://open.spotify.com/track/4qtfw6xkbcM3VWPklWMvx7,sad
1Ib6LzQJw4A4z5IBrFe4R1,My Baby's Good to Me,Fleetwood Mac,Fleetwood Mac,1968-02-24,28,169693,https://open.spotify.com/track/1Ib6LzQJw4A4z5IBrFe4R1,sad
4C6KfxHdNt7x4LaqVa5pkD,That's All Right,"Arthur ""Big Boy"" Crudup",Rock Me Mama - When The Sun Goes Down Series,2003-09-08,40,173360,https://open.spotify.com/track/4C6KfxHdNt7x4LaqVa5pkD,sad
6xh2u0f4NbLFi4DtMHJT2s,Slowburn,Louise Hoffsten,Message of Love,1991-02-25,8,276266,https://open.spotify.com/track/6xh2u0f4NbLFi4DtMHJT2s,sad
3wILsAAnpeSoRpqCr2N70q,Why (Am I Treated So Bad),Dee Dee Bridgewater,"Memphis ...Yes, I'm Ready",2017-09-15,22,276693,https://open.spotify.com/track/3wILsAAnpeSoRpqCr2N70q,sad
0reXR4LnjbkmgJu5gNcF6t,Help Me,Sonny Boy Williamson II,His Best,1997-01-01,0,191840,https://open.spotify.com/track/0reXR4LnjbkmgJu5gNcF6t,sad
2hB8nC0Ty1ppRTacoM2TJ0,Good Morning School Girl - 2002 Remastered,Sonny Boy Williamson I,Bluebird Blues - When The Sun Goes Down Series,2003-09-08,25,178640,https://open.spotify.com/track/2hB8nC0Ty1ppRTacoM2TJ0,sad
4htRmfD1DlMeuuxURDd3ub,Spoonful,Howlin' Wolf,20th Century Masters: The Millennium Collection: The Best Of Howlin' Wolf,2003-01-01,0,163360,https://open.spotify.com/track/4htRmfD1DlMeuuxURDd3ub,sad
5H7FF15O9yujsj79WGSF3w,Hear My Train A Comin' (Acoustic),Jimi Hendrix,Blues,1994-04-18,38,185853,https://open.spotify.com/track/5H7FF15O9yujsj79WGSF3w,sad
0rlW7hznk87zKab9zznDh7,Beer Drinkin' Woman - Remastered,Memphis Slim,Real Blues,1998-07-13,11,177840,https://open.spotify.com/track/0rlW7hznk87zKab9zznDh7,sad
54nkY5drz9k6z7M5EfbUqc,Got The Bottle Up And Gone,Sonny Boy Williamson II,The Roots of Led Zeppelin,2008-01-01,0,153855,https://open.spotify.com/track/54nkY5drz9k6z7M5EfbUqc,sad
1zQrrkkPL23VZJTiG57hfa,Route 66,Chuck Berry,Blues,2003-01-01,0,165040,https://open.spotify.com/track/1zQrrkkPL23VZJTiG57hfa,sad
7khmU7DCygR9O6ZQZyFVAN,Long Haired Doney,North Mississippi Allstars,Long Haired Doney,2017,0,279640,https://open.spotify.com/track/7khmU7DCygR9O6ZQZyFVAN,sad
16cL5T6eFUALmQ6RQQtelz,Wang Dang Doodle - Single Version,Koko Taylor,What It Takes: The Chess Years [Expanded Edition],2009-01-01,0,177933,https://open.spotify.com/track/16cL5T6eFUALmQ6RQQtelz,sad
10W125nMbncRGcXRBoACOx,Come On In My Kitchen,Robert Johnson,King Of The Delta Blues Singers,1937,40,172306,https://open.spotify.com/track/10W125nMbncRGcXRBoACOx,sad
6AgwNMztb3eIgNF1m2zi7h,Truckin' My Blues Away,Blind Boy Fuller,Blind Boy Fuller Vol. 1 1935 - 1936,1992,21,188447,https://open.spotify.com/track/6AgwNMztb3eIgNF1m2zi7h,sad
1OyurpJ7NEwKlBxHYEvs4u,Down In The Hole,The Rolling Stones,Emotional Rescue,1980-06-20,19,237026,https://open.spotify.com/track/1OyurpJ7NEwKlBxHYEvs4u,sad
6svN2AGiA50iYxGfkNqdnm,He's in the Jailhouse Now,Memphis Jug Band,He's in the Jailhouse Now (From the documentary series American Epic),1930,0,194106,https://open.spotify.com/track/6svN2AGiA50iYxGfkNqdnm,sad
4aWZIBCBMQEgMna9JpgW90,Stop,"Mike Bloomfield, Al Kooper",Super Session (with Al Kooper & Stephen Stills),1968,37,258799,https://open.spotify.com/track/4aWZIBCBMQEgMna9JpgW90,sad
1bWh9hOkQGahfQ0rEqvaGR,Devil Got My Woman,Skip James,Legends Of Country Blues: The Complete Pre-War Recordings Of Skip James (Disc A),2006-04-25,26,181787,https://open.spotify.com/track/1bWh9hOkQGahfQ0rEqvaGR,sad
1cXc92MX9kFjMrrDsvdf9w,Wang Dang Doodle,Koko Taylor,Koko Taylor,1987-01-01,50,182826,https://open.spotify.com/track/1cXc92MX9kFjMrrDsvdf9w,sad
5xwCQuoGnPdgqw2omrgmCq,Guitar Rag,Sylvester Weaver,"The Slide Guitar: Bottles, Knives & Steel",1990-08-28,18,178333,https://open.spotify.com/track/5xwCQuoGnPdgqw2omrgmCq,sad
214nt20w5wOxJnY462klLw,Miss Americana & The Heartbreak Prince,Taylor Swift,Lover,2019-08-23,78,234146,https://open.spotify.com/track/214nt20w5wOxJnY462klLw,sad
3RauEVgRgj1IuWdJ9fDs70,The Man,Taylor Swift,Lover,2019-08-23,76,190360,https://open.spotify.com/track/3RauEVgRgj1IuWdJ9fDs70,sad
6RRNNciQGZEXnqk8SQ9yv5,You Need To Calm Down,Taylor Swift,Lover,2019-08-23,75,171360,https://open.spotify.com/track/6RRNNciQGZEXnqk8SQ9yv5,sad
1qrpoAMXodY6895hGKoUpA,You Belong With Me (Taylor’s Version),Taylor Swift,Fearless (Taylor's Version),2021-04-09,81,231124,https://open.spotify.com/track/1qrpoAMXodY6895hGKoUpA,sad
3yII7UwgLF6K5zW3xad3MP,22 (Taylor's Version),Taylor Swift,Red (Taylor's Version),2021-11-12,69,230960,https://open.spotify.com/track/3yII7UwgLF6K5zW3xad3MP,sad
6AtZLIzUINvExIUy4QhdjP,I Knew You Were Trouble (Taylor's Version),Taylor Swift,Red (Taylor's Version),2021-11-12,70,219760,https://open.spotify.com/track/6AtZLIzUINvExIUy4QhdjP,sad
3sW3oSbzsfecv9XoUdGs7h,Enchanted (Taylor's Version),Taylor Swift,Speak Now (Taylor's Version),2023-07-07,77,353253,https://open.spotify.com/track/3sW3oSbzsfecv9XoUdGs7h,sad
6NFyWDv5CjfwuzoCkw47Xf,Delicate,Taylor Swift,reputation,2017-11-10,81,232253,https://open.spotify.com/track/6NFyWDv5CjfwuzoCkw47Xf,sad
1hjRhYpWyqDpPahmSlUTlc,Style (Taylor's Version),Taylor Swift,1989 (Taylor's Version),2023-10-26,74,231000,https://open.spotify.com/track/1hjRhYpWyqDpPahmSlUTlc,sad
45wMBGri1PORPjM9PwFfrS,Blank Space (Taylor's Version),Taylor Swift,1989 (Taylor's Version),2023-10-26,72,231833,https://open.spotify.com/track/45wMBGri1PORPjM9PwFfrS,sad
3pv7Q5v2dpdefwdWIvE7yH,Shake It Off (Taylor's Version),Taylor Swift,1989 (Taylor's Version),2023-10-26,67,219209,https://open.spotify.com/track/3pv7Q5v2dpdefwdWIvE7yH,sad
64FzgoLZ3oXu2SriZblHic,Bad Blood (Taylor's Version),Taylor Swift,1989 (Taylor's Version),2023-10-26,64,211103,https://open.spotify.com/track/64FzgoLZ3oXu2SriZblHic,sad
36t6frENUtCYKuZus6aYDO,Who’s Afraid of Little Old Me?,Taylor Swift,THE TORTURED POETS DEPARTMENT,2024-04-18,69,334084,https://open.spotify.com/track/36t6frENUtCYKuZus6aYDO,sad
2F3N9tdombb64aW6VtZOdo,Down Bad,Taylor Swift,THE TORTURED POETS DEPARTMENT,2024-04-18,73,261228,https://open.spotify.com/track/2F3N9tdombb64aW6VtZOdo,sad
2OzhQlSqBEmt7hmkYxfT6m,Fortnight (feat. Post Malone),"Taylor Swift, Post Malone",THE TORTURED POETS DEPARTMENT,2024-04-18,81,228965,https://open.spotify.com/track/2OzhQlSqBEmt7hmkYxfT6m,sad
2v1ivOOsgn64g5OywuH55L,The Smallest Man Who Ever Lived,Taylor Swift,THE TORTURED POETS DEPARTMENT,2024-04-18,65,245541,https://open.spotify.com/track/2v1ivOOsgn64g5OywuH55L,sad
4q5YezDOIPcoLr8R81x9qy,I Can Do It With a Broken Heart,Taylor Swift,THE TORTURED POETS DEPARTMENT,2024-04-18,80,218004,https://open.spotify.com/track/4q5YezDOIPcoLr8R81x9qy,sad
0V3wPSX9ygBnCm8psDIegu,Anti-Hero,Taylor Swift,Midnights,2022-10-21,79,200690,https://open.spotify.com/track/0V3wPSX9ygBnCm8psDIegu,sad
3rWDp9tBPQR9z6U5YyRSK4,Midnight Rain,Taylor Swift,Midnights,2022-10-21,73,174782,https://open.spotify.com/track/3rWDp9tBPQR9z6U5YyRSK4,sad
1xwAWUI6Dj0WGC3KiUPN0O,Vigilante Shit,Taylor Swift,Midnights,2022-10-21,67,164801,https://open.spotify.com/track/1xwAWUI6Dj0WGC3KiUPN0O,sad
3qoftcUZaUOncvIYjFSPdE,Bejeweled,Taylor Swift,Midnights,2022-10-21,73,194165,https://open.spotify.com/track/3qoftcUZaUOncvIYjFSPdE,sad
56hioFjQ0DXrdn04hZcFgG,Mastermind,Taylor Swift,Midnights (3am Edition),2022-10-22,60,191039,https://open.spotify.com/track/56hioFjQ0DXrdn04hZcFgG,sad
0InIeZW4P6VO7dUGRM4AKH,Sienna,The Marías,Submarine,2024-05-31,88,224840,https://open.spotify.com/track/0InIeZW4P6VO7dUGRM4AKH,sad
6rY5FAWxCdAGllYEOZMbjW,SLOW DANCING IN THE DARK,Joji,BALLADS 1,2018-10-26,86,209273,https://open.spotify.com/track/6rY5FAWxCdAGllYEOZMbjW,sad
0ol0kxeGvxBboZ3wVZ4ZTq,you got me worse,i don't like mirrors,miserable false ideas,2024-03-08,59,142153,https://open.spotify.com/track/0ol0kxeGvxBboZ3wVZ4ZTq,sad
7zXJw1xCwGiuNml12u23yS,Ojos Tristes,deer noir,Ojos Tristes,2025-07-04,42,234545,https://open.spotify.com/track/7zXJw1xCwGiuNml12u23yS,sad
1PS9AXcHyldKbcRWhNgjOq,MAYBE,Gabriela Bee,MAYBE,2023-12-01,57,194304,https://open.spotify.com/track/1PS9AXcHyldKbcRWhNgjOq,sad
6whOApl6TgeCGRwMM52tkl,theres this girl,sign crushes motorist,i'll be okay,2022-08-05,58,297875,https://open.spotify.com/track/6whOApl6TgeCGRwMM52tkl,sad
2jsTgVpKp7xi5LA3nwDxZL,Breakeven,"Valentin, Zïe",Breakeven,2025-03-20,45,244285,https://open.spotify.com/track/2jsTgVpKp7xi5LA3nwDxZL,sad
79Qm6tKu2Min009TnLBiog,Stranger in You,Ebril,In Copula,2025-01-15,30,133333,https://open.spotify.com/track/79Qm6tKu2Min009TnLBiog,sad
5OZpkfJHH6V1Kx7L0IcQaa,San Francisco,Madi Rindge,San Francisco,2025-09-26,39,202631,https://open.spotify.com/track/5OZpkfJHH6V1Kx7L0IcQaa,sad
3gPYoFtn70aTgl546XVSET,Chest Pain (I Love),Malcolm Todd,Chest Pain (I Love),2024-12-04,73,200826,https://open.spotify.com/track/3gPYoFtn70aTgl546XVSET,sad
5cHDAJwQx3CUxRWHfAvbkv,Pool,Samia,The Baby,2020-08-28,62,269720,https://open.spotify.com/track/5cHDAJwQx3CUxRWHfAvbkv,sad
1e0vsza0hIVYv9Mkz542qn,Fable,Gigi Perez,Fable,2024-10-25,72,261005,https://open.spotify.com/track/1e0vsza0hIVYv9Mkz542qn,sad
6UuVONmxXwTKN1ISepuAoQ,Forget Her,Jeff Buckley,Grace,1994,72,312213,https://open.spotify.com/track/6UuVONmxXwTKN1ISepuAoQ,sad
1GTXpqMsjWubW5Z2spXpzG,Closer To Losing,ALIE,Closer To Losing,2025-09-26,36,233726,https://open.spotify.com/track/1GTXpqMsjWubW5Z2spXpzG,sad
35J5md68GWAKbQ1Ys94S10,Let It Be Me,"CADMIUM, Elle Blue",Let It Be Me,2025-08-29,42,159560,https://open.spotify.com/track/35J5md68GWAKbQ1Ys94S10,sad
0ubShTPmg2yVtGzaNUGMOR,somewhere only we know (sped up),"accelerate, creamy, 11:11 Music Group",somewhere only we know (sped up),2023-01-29,0,160000,https://open.spotify.com/track/0ubShTPmg2yVtGzaNUGMOR,sad
1DFmBjoeQN9DpOVTEewyx0,Ojos Tristes (with The Marías),"Selena Gomez, benny blanco, The Marías",I Said I Love You First,2025-03-21,72,201920,https://open.spotify.com/track/1DFmBjoeQN9DpOVTEewyx0,sad
7CjkmQWZpsGm1FVqQVzgWB,Wildflower,"caravan, Valentin",Wildflower,2024-12-06,41,216503,https://open.spotify.com/track/7CjkmQWZpsGm1FVqQVzgWB,sad
2dono2Koz7DEvGwxUsmMLq,Linger - SiriusXM Session,Royel Otis,Linger / Heading For The Door (Sirius XM Session),2024-05-31,79,186000,https://open.spotify.com/track/2dono2Koz7DEvGwxUsmMLq,sad
1o2eTrTQChSdxbMQLBHLod,conversations,Chelan,conversations,2025-04-11,37,141428,https://open.spotify.com/track/1o2eTrTQChSdxbMQLBHLod,sad
1z9Jbmf6gJDdwzGRw1QMqQ,Knockin' On Heaven's Door,caravan,Knockin' On Heaven's Door,2025-06-13,27,165062,https://open.spotify.com/track/1z9Jbmf6gJDdwzGRw1QMqQ,sad
24QnH4LamDh2UhhmHyXjE8,Hinoki Wood,Gia Margaret,Romantic Piano,2023-05-26,64,94946,https://open.spotify.com/track/24QnH4LamDh2UhhmHyXjE8,sad
3WSOUb3U7tqURbBSgZTrZX,Casual,Chappell Roan,The Rise and Fall of a Midwest Princess,2023-09-22,80,232796,https://open.spotify.com/track/3WSOUb3U7tqURbBSgZTrZX,sad
4Jrf6Vqr9nEpIk1O5j9ToU,Sailor Song,deer noir,Sailor Song,2024-12-20,43,204887,https://open.spotify.com/track/4Jrf6Vqr9nEpIk1O5j9ToU,sad
6tUazWLA7zGBy6mieaeow5,R U BLUE?,Archi,indiemono AMBER CITY | Indie / Alternative VOL. 03,2024-10-01,25,127618,https://open.spotify.com/track/6tUazWLA7zGBy6mieaeow5,sad
0zomuz73AZq4395ed9AEER,Breathe,Skinny Dippers,Breathe,2025-05-09,39,183311,https://open.spotify.com/track/0zomuz73AZq4395ed9AEER,sad
6bZuZKR8hoyzZXNh1IW2Bu,Lovers,Anna of the North,Lovers,2017-09-08,76,215773,https://open.spotify.com/track/6bZuZKR8hoyzZXNh1IW2Bu,sad
0bU5duEpySFmUdgcVKoUgS,What Am I To You,Jordan Parker,What Am I To You,2024-03-11,24,230162,https://open.spotify.com/track/0bU5duEpySFmUdgcVKoUgS,sad
3onGF9kyb8Nt7ShVnTi2BB,Please Please Please,"Valentin, Dora K",Please Please Please,2024-08-09,33,185085,https://open.spotify.com/track/3onGF9kyb8Nt7ShVnTi2BB,sad
2SYEH8KdT65kB7u7nJDEhY,die first - stripped,Nessa Barrett,die first (stripped),2022-07-22,37,174782,https://open.spotify.com/track/2SYEH8KdT65kB7u7nJDEhY,sad
0jLQ1SiuIfS1RQZgG70bel,changes,Diphda,changes,2023-01-27,34,127384,https://open.spotify.com/track/0jLQ1SiuIfS1RQZgG70bel,sad
6UzYGhWbKDb0wE8v6VDebW,alone,Miranda Fling,alone,2024-05-10,34,166632,https://open.spotify.com/track/6UzYGhWbKDb0wE8v6VDebW,sad
0D2WytIobRhF8LfUEHfaOZ,maze,brookelen,indiemono | hey! goodbye! (VOL.06),2025-01-16,0,210000,https://open.spotify.com/track/0D2WytIobRhF8LfUEHfaOZ,sad
6yf7OCIxFzTZwWa5fHoOGS,so sick,Right Right,indiemono | love 5.0,2025-02-14,40,189629,https://open.spotify.com/track/6yf7OCIxFzTZwWa5fHoOGS,sad
4AH7LBT5ciCeQOOyDC8oHo,Fade into Me,Xander Ward,indiemono LIMINAL HARVEST | Indie / Alternative VOL. 04,2024-11-01,17,193000,https://open.spotify.com/track/4AH7LBT5ciCeQOOyDC8oHo,sad
5DG2tchzXGTQWKgaCaXkpq,Seaside,"Memior, deer noir",Seaside,2024-03-01,37,117209,https://open.spotify.com/track/5DG2tchzXGTQWKgaCaXkpq,sad
4a78ukkEwgojtnObF5tfL3,Danny,High Tropics,Danny,2025-09-24,23,124243,https://open.spotify.com/track/4a78ukkEwgojtnObF5tfL3,sad
4fnFayX7jwbv9L1RFzXWMO,Sleep Patterns,Merchant Ships,For Cameron,2010-07-08,0,197275,https://open.spotify.com/track/4fnFayX7jwbv9L1RFzXWMO,sad
7cafUyVkTvZagbL6bq4AGE,Wrecking Ball,Snt,Wrecking Ball,2024-10-25,28,240000,https://open.spotify.com/track/7cafUyVkTvZagbL6bq4AGE,sad
2TktkzfozZifbQhXjT6I33,Evergreen (You Didn’t Deserve Me At All),Omar Apollo,Ivory,2022-04-08,75,216680,https://open.spotify.com/track/2TktkzfozZifbQhXjT6I33,sad
0EF1EE8zusg3Y869e56JFd,Nothing's New,Rio Romeo,Good God!,2022-09-23,79,211000,https://open.spotify.com/track/0EF1EE8zusg3Y869e56JFd,sad
055bKYLV0KvaRUB3zrhech,Chandelier,Snt,Chandelier,2024-10-04,42,237073,https://open.spotify.com/track/055bKYLV0KvaRUB3zrhech,sad
6FBzhcfgGacfXF3AmtfEaX,C U Girl,Steve Lacy,C U Girl,2015-02-15,75,129697,https://open.spotify.com/track/6FBzhcfgGacfXF3AmtfEaX,sad
0xbo7WYx6fQ8UP0OsgaTKQ,Where You Are - Acoustic Version,"Rival, Lost Sky, Jex",Where You Are (Acoustic Version),2024-05-15,23,222400,https://open.spotify.com/track/0xbo7WYx6fQ8UP0OsgaTKQ,sad
7lQUiU7ig8VnBUF0cHZGOH,you.,Oscar Lang,To Whom It May Concern,2018-08-17,51,157013,https://open.spotify.com/track/7lQUiU7ig8VnBUF0cHZGOH,sad
4AvTRbP6WZecYwPkOVeqsI,Elephant Gun,deer noir,indiemono | lost postcards (VOL.9),2025-08-01,22,270000,https://open.spotify.com/track/4AvTRbP6WZecYwPkOVeqsI,sad
74fA6WgClZZKS6B90R1VZs,Suburbs,Miranda Fling,The Suburbs,2023-06-16,27,161142,https://open.spotify.com/track/74fA6WgClZZKS6B90R1VZs,sad
0mflMxspEfB0VbI1kyLiAv,Stick Season,Noah Kahan,Stick Season,2022-10-14,84,182346,https://open.spotify.com/track/0mflMxspEfB0VbI1kyLiAv,sad
1oZOE3QiAwj0hymitKbDwY,Clocks,"Valentin, Jex",Clocks,2023-12-01,40,172213,https://open.spotify.com/track/1oZOE3QiAwj0hymitKbDwY,sad
5GRarkYarOgejsLCxLprQD,Slipping Through My Fingers,Declan McKenna,Slipping Through My Fingers,2023-12-15,59,263500,https://open.spotify.com/track/5GRarkYarOgejsLCxLprQD,sad
3tAzBlgsnYvFPVmiGvWRcZ,Winter,RIELL,Winter,2024-04-05,37,184032,https://open.spotify.com/track/3tAzBlgsnYvFPVmiGvWRcZ,sad
7Bj4wIqRzM6vx278EFYoBh,Child Psychology,Black Box Recorder,England Made Me,1998-07-06,67,248266,https://open.spotify.com/track/7Bj4wIqRzM6vx278EFYoBh,sad
0AAMnNeIc6CdnfNU85GwCH,Self Love (Spider-Man: Across the Spider-Verse) (Metro Boomin & Coi Leray),"Metro Boomin, Coi Leray",METRO BOOMIN PRESENTS SPIDER-MAN: ACROSS THE SPIDER-VERSE (SOUNDTRACK FROM AND INSPIRED BY THE MOTION PICTURE),2023-06-02,71,189466,https://open.spotify.com/track/0AAMnNeIc6CdnfNU85GwCH,sad
0RO37u9O7yRYTLzzeE7oxB,I think of you,Júlia Collado Riu,indiemono | love 5.0,2025-02-14,22,203076,https://open.spotify.com/track/0RO37u9O7yRYTLzzeE7oxB,sad
3Cou9Rf87erNBpjWjTZZaZ,Home - Slowed,Edith Whiskers,Home (Slowed),2021-09-13,60,217596,https://open.spotify.com/track/3Cou9Rf87erNBpjWjTZZaZ,sad
36I3zoyOK2pbpakqesPj4U,My Ghost,RIELL,My Ghost,2023-06-09,25,189069,https://open.spotify.com/track/36I3zoyOK2pbpakqesPj4U,sad
0WFryfbNKPXVtVQlz5dZ8H,hotline (edit),Billie Eilish,hotline (edit),2023-05-09,74,60719,https://open.spotify.com/track/0WFryfbNKPXVtVQlz5dZ8H,sad
2brezwPsyNI7vb1Q3z8JpA,guess someone has to die alone,Meric,guess someone has to die alone,2023-06-23,24,234084,https://open.spotify.com/track/2brezwPsyNI7vb1Q3z8JpA,sad
7GLIlcAlNmXHrt16mlMym7,What Will Be Will Be,High Tropics,What Will Be Will Be,2024-05-10,16,231503,https://open.spotify.com/track/7GLIlcAlNmXHrt16mlMym7,sad
0QPRDC97rIQB3Jh3hrVJoH,SNAP,Rosa Linn,SNAP,2022-03-19,1,179551,https://open.spotify.com/track/0QPRDC97rIQB3Jh3hrVJoH,sad
6izgVcgRGTvG3oPDRK9qQy,Cupid,Sandra Iris,Cupid,2023-06-30,34,101127,https://open.spotify.com/track/6izgVcgRGTvG3oPDRK9qQy,sad
1RaF9xwakfao1RRknWyYB5,4runner,Brenn!,4runner,2023-04-28,21,265453,https://open.spotify.com/track/1RaF9xwakfao1RRknWyYB5,sad
0DiwE0n9CdMBf8Ow3g5C2F,it is what it is,Abe Parker,it is what it is,2024-02-15,0,195998,https://open.spotify.com/track/0DiwE0n9CdMBf8Ow3g5C2F,sad
7MLDhEMEky6lkTJkATVuFp,Impossible,Snt,Impossible,2023-09-29,40,226153,https://open.spotify.com/track/7MLDhEMEky6lkTJkATVuFp,sad
1yUO5lVnOstziQEz7byXBx,close with desires (right person wrong timing),Teo Glacier,close with desires (right person wrong timing),2023-05-17,64,203144,https://open.spotify.com/track/1yUO5lVnOstziQEz7byXBx,sad
6BrfgV35h3NfTtIdMqhmFQ,we're all eating each other,Juliet Ivy,playpen,2023-11-10,0,151142,https://open.spotify.com/track/6BrfgV35h3NfTtIdMqhmFQ,sad
2iC9xdV7OXkUBsDWZ8CNzW,crowded places,Kamal.,"so here you are, drowning",2023-03-17,33,150859,https://open.spotify.com/track/2iC9xdV7OXkUBsDWZ8CNzW,sad
1VL6vvlSUBiL55yGLzzWBH,11:45,"BRAN, Besomage, hazel",11:45,2024-01-19,35,162429,https://open.spotify.com/track/1VL6vvlSUBiL55yGLzzWBH,sad
1LUXhYSwa1fcf1BBMKOJE4,Do I Wanna Know?,"deer noir, Valentin",Do I Wanna Know?,2024-02-02,26,239294,https://open.spotify.com/track/1LUXhYSwa1fcf1BBMKOJE4,sad
4OmfWzukSVD140NiAIEjem,Static,Steve Lacy,Gemini Rights,2022-07-15,71,156538,https://open.spotify.com/track/4OmfWzukSVD140NiAIEjem,sad
1ovZe7upcqycTuPFfOg6kB,complex (demo),Katie Gregson-MacLeod,complex (demo),2022-08-26,52,256107,https://open.spotify.com/track/1ovZe7upcqycTuPFfOg6kB,sad
5KsdpA6yTbWq7OuPlcP3It,sparks,LEIDAN,sparks,2024-07-14,23,183970,https://open.spotify.com/track/5KsdpA6yTbWq7OuPlcP3It,sad
5vUnjhBzRJJIAOJPde6zDx,TO THE MOON,"JNR CHOI, Sam Tompkins",TO THE MOON,2021-11-06,63,152137,https://open.spotify.com/track/5vUnjhBzRJJIAOJPde6zDx,sad
0ZyMnNiR8456K5EQ66Z97b,25,Miranda Fling,25,2023-03-31,22,149076,https://open.spotify.com/track/0ZyMnNiR8456K5EQ66Z97b,sad
2phAGMKTgjWyL3b1sQjsZ2,You Were Needed the Most,longlost,You Were Needed the Most,2019-03-22,0,151578,https://open.spotify.com/track/2phAGMKTgjWyL3b1sQjsZ2,sad
59CfNbkERJ3NoTXDvoURjj,Boyfriend,Dove Cameron,Boyfriend,2022-02-11,71,153000,https://open.spotify.com/track/59CfNbkERJ3NoTXDvoURjj,sad
1j6Ru0hAZS1ksXXrZKRmYi,Sweater Weather,Valentin,Sweater Weather,2023-05-19,42,202161,https://open.spotify.com/track/1j6Ru0hAZS1ksXXrZKRmYi,sad
5aXfGM7WVcqyAvqnL7k0y3,Remember - Acoustic,Becky Hill,Remember (Acoustic),2021-07-09,55,178626,https://open.spotify.com/track/5aXfGM7WVcqyAvqnL7k0y3,sad
6qrcJkIpuWpxH0ruS8WVAy,In This Darkness,Clara La San,In This Darkness,2023-01-29,1,197000,https://open.spotify.com/track/6qrcJkIpuWpxH0ruS8WVAy,sad
4fN0dQGDaV4Hg7Gd7mBOE0,Rivers and Roads,The Head And The Heart,The Head and the Heart,2011-04-18,0,284000,https://open.spotify.com/track/4fN0dQGDaV4Hg7Gd7mBOE0,sad
6ddrqKswARm2Yb0zLJeJDp,Hold On,Lifeguard Duty,Hold On,2023-08-11,17,201821,https://open.spotify.com/track/6ddrqKswARm2Yb0zLJeJDp,sad
36AWmLYL4tMTfZseHQHoVl,the way that we started (taylor),elijah woods,the way that we started (taylor),2022-12-13,51,204878,https://open.spotify.com/track/36AWmLYL4tMTfZseHQHoVl,sad
0MIiqne6YsbsDz4z9MGA2K,ur so pretty,Wasia Project,how can i pretend?,2022-05-10,0,132000,https://open.spotify.com/track/0MIiqne6YsbsDz4z9MGA2K,sad
5AJ4lT1OjU2hrUZ9JpnoTv,Home - Henry Nowhere Remix,"Skinny Dippers, Henry Nowhere",Home (Henry Nowhere Remix),2023-11-10,26,255000,https://open.spotify.com/track/5AJ4lT1OjU2hrUZ9JpnoTv,sad
2GThBgzZoZfz0lx1JjBwfe,Those Eyes,New West,Those Eyes,2019-05-10,1,220750,https://open.spotify.com/track/2GThBgzZoZfz0lx1JjBwfe,sad
72HyixZAVyNR3Ljiuumgyo,what if i took it off for you?,Nemahsis,what if i took it off for you?,2021-06-23,40,136706,https://open.spotify.com/track/72HyixZAVyNR3Ljiuumgyo,sad
4v7DCN09hgXkKazefkznDQ,Lonely,Akon,Trouble Deluxe Edition,2005-01-01,79,235800,https://open.spotify.com/track/4v7DCN09hgXkKazefkznDQ,sad
47hJYBDckFqxQlpmqSj8Wk,Someone You Loved,Valentin,"love 3.0: falling out of love, songs",2023-02-03,30,181090,https://open.spotify.com/track/47hJYBDckFqxQlpmqSj8Wk,sad
0rzaRSujxA0bKyjJl6vHYq,Satellite,Harry Styles,Harry's House,2022-05-20,72,218577,https://open.spotify.com/track/0rzaRSujxA0bKyjJl6vHYq,sad
72794Eag03xdy7TO0KNuid,Cayendo (Side A - Acoustic),Frank Ocean,Cayendo (Side A - Acoustic),2020-04-03,65,202200,https://open.spotify.com/track/72794Eag03xdy7TO0KNuid,sad
4NehixXjPmHF9AGkTeIdzf,live alone,kikomori,live alone,2023-04-14,16,217598,https://open.spotify.com/track/4NehixXjPmHF9AGkTeIdzf,sad
5wkSKyynDrfredsDRTQt7B,Never Going Back Again - Acoustic,Johnning,Never Going Back Again (Acoustic),2023-08-25,33,207928,https://open.spotify.com/track/5wkSKyynDrfredsDRTQt7B,sad
7dDrR6vMK1JAwZZ5MIWgme,birthday cake,Dylan Conrique,birthday cake,2022-02-02,65,205280,https://open.spotify.com/track/7dDrR6vMK1JAwZZ5MIWgme,sad
365ZJWvC9ZXi0RylrHTYNC,Yellow,"caravan, Valentin, Memior",Yellow,2023-06-02,34,196927,https://open.spotify.com/track/365ZJWvC9ZXi0RylrHTYNC,sad
22txtTAz7qM0ZbuQi0LM0d,December,Liush,Landing Songs,2023-05-05,23,144563,https://open.spotify.com/track/22txtTAz7qM0ZbuQi0LM0d,sad
2xZ0zfuDTv5LxLhEgD82PG,Awkward,SZA,Ctrl (Deluxe),2022-06-09,71,178000,https://open.spotify.com/track/2xZ0zfuDTv5LxLhEgD82PG,sad
3ZBeHiRJUj1vdiU8zzGPgb,WYD Now?,Sadie Jean,WYD Now?,2021-12-10,69,144666,https://open.spotify.com/track/3ZBeHiRJUj1vdiU8zzGPgb,sad
58d2fDizWMpMVnim2IDZME,RED EYES N BLUE SKIES,3ANGEL,RED EYES N BLUE SKIES,2023-01-27,16,153380,https://open.spotify.com/track/58d2fDizWMpMVnim2IDZME,sad
6pPLhloHxLWiMlAT5Xn1gw,Talk 2 Me,Montell Fish,JAMIE,2022-07-22,70,139805,https://open.spotify.com/track/6pPLhloHxLWiMlAT5Xn1gw,sad
29Co9NKhOM5R9vWCrpkPPK,All For You,Cian Ducrot,All For You,2022-04-07,53,219380,https://open.spotify.com/track/29Co9NKhOM5R9vWCrpkPPK,sad
7o6wClSMN2SMYN20a4lHwp,Complicated,"Valentin, Veronica Bravo, Memior",Complicated,2023-07-14,35,196923,https://open.spotify.com/track/7o6wClSMN2SMYN20a4lHwp,sad
4L7jMAP8UcIe309yQmkdcO,Lost,Frank Ocean,channel ORANGE (Explicit Version),2012-07-10,2,234093,https://open.spotify.com/track/4L7jMAP8UcIe309yQmkdcO,sad
0r3sjyiC4jE179QJHG9geQ,paper,kenzie,paper,2023-01-13,36,167675,https://open.spotify.com/track/0r3sjyiC4jE179QJHG9geQ,sad
5M5rZ8FD1VfT04RqmWSF1j,Everybody's Changing,caravan,Everybody's Changing,2024-10-03,34,148363,https://open.spotify.com/track/5M5rZ8FD1VfT04RqmWSF1j,sad
1ockRdKkYBfNfxf0EC0PjX,whatif,kikomori,whatif,2023-04-28,14,208928,https://open.spotify.com/track/1ockRdKkYBfNfxf0EC0PjX,sad
4WZCa8TEYyUrGMbQ2dDv5r,SATAN,"Liush, Nelly Charlott",Landing Songs,2023-05-05,22,196340,https://open.spotify.com/track/4WZCa8TEYyUrGMbQ2dDv5r,sad
18ddJHQ7CUzNBiy55L0Xjj,WFM,RealestK,WFM,2021-10-06,53,136000,https://open.spotify.com/track/18ddJHQ7CUzNBiy55L0Xjj,sad
4FWG7vVA7doXmp6qRTgiq1,BOREDOM,"Munboi, Ray Wills",BOREDOM,2023-03-16,20,189106,https://open.spotify.com/track/4FWG7vVA7doXmp6qRTgiq1,sad
0DGTcMqvVR7fmBXgiG6jz4,Just A Cloud Away,Pharrell Williams,Just A Cloud Away,2013,58,176078,https://open.spotify.com/track/0DGTcMqvVR7fmBXgiG6jz4,sad
0a9w6rQAPMfCtnCExpCE2a,was it easy getting over me?,Gloria Kim,was it easy getting over me?,2023-01-20,35,196850,https://open.spotify.com/track/0a9w6rQAPMfCtnCExpCE2a,sad
6Qqh9VEIeHjGoTHsSA8VZZ,Kid Again,Camo Columbo,Kid Again,2023-01-13,18,184695,https://open.spotify.com/track/6Qqh9VEIeHjGoTHsSA8VZZ,sad
1SOClUWhOi8vHZYMz3GluK,Infinity,Jaymes Young,Feel Something,2017-06-23,79,237720,https://open.spotify.com/track/1SOClUWhOi8vHZYMz3GluK,sad
1npSSnKFAEoRcCU6uZVvPy,The Breakup Song,High Tropics,"love 3.0: falling out of love, songs",2023-02-03,16,165173,https://open.spotify.com/track/1npSSnKFAEoRcCU6uZVvPy,sad
1eCTQhsNA31FcwyNcJcf86,"Eyes Blue Like The Atlantic, Pt. 2 (feat. Powfu, Alec Benjamin & Rxseboy)","Sista Prod, Powfu, Alec Benjamin, Rxseboy, Sarcastic Sounds","Eyes Blue Like The Atlantic, Pt. 2 (feat. Powfu, Alec Benjamin & Rxseboy)",2020-08-13,61,156187,https://open.spotify.com/track/1eCTQhsNA31FcwyNcJcf86,sad
5LCxaJ6WHn2vCsIS9apc41,Postcardtospain,Liush,Postcardtospain/Moonlight Mercy/haze,2023-02-10,17,207795,https://open.spotify.com/track/5LCxaJ6WHn2vCsIS9apc41,sad
6AGOKlMZWLCaEJGnaROtF9,Put Your Records On,Ritt Momney,Put Your Records On,2020-04-24,67,210463,https://open.spotify.com/track/6AGOKlMZWLCaEJGnaROtF9,sad
6tH1lxPcQConWuvlh85yFT,abcdefu (chill),GAYLE,abcdefu (chill),2021-09-17,33,176765,https://open.spotify.com/track/6tH1lxPcQConWuvlh85yFT,sad
2pg2TiYo9Rb8KeB5JjP7jS,Sativa,"Jhené Aiko, Swae Lee",Trip,2017-09-22,76,276960,https://open.spotify.com/track/2pg2TiYo9Rb8KeB5JjP7jS,sad
4i5AGea3Bnoqcf5Mki21Ul,brainrot,kikomori,brainrot,2023-03-17,14,154450,https://open.spotify.com/track/4i5AGea3Bnoqcf5Mki21Ul,sad
52xFKeXEHm2fI8jpia0oUS,Quietly Yours,Birdy,Persuasion (Soundtrack from the Netflix Film),2022-07-15,0,234156,https://open.spotify.com/track/52xFKeXEHm2fI8jpia0oUS,sad
1kFrfg16usCeiNl0OewQVs,Now What,thom.ko,Now What,2022-06-10,22,163800,https://open.spotify.com/track/1kFrfg16usCeiNl0OewQVs,sad
5isDcWQsvpufU4FAVadU9I,Twentynine Palms,"Austin Harms, INTRN",Twentynine Palms,2022-10-14,19,212026,https://open.spotify.com/track/5isDcWQsvpufU4FAVadU9I,sad
79rgaQokWJVaXzpKTXgJob,Everybody's Changing,"Valentin, deer noir",Everybody's Changing,2023-11-17,40,205053,https://open.spotify.com/track/79rgaQokWJVaXzpKTXgJob,sad
2vHXbnEbxN41ALWNX7k7i7,I Just Died In Your Arms,Skinny Dippers,"love 3.0: falling out of love, songs",2023-02-03,17,183050,https://open.spotify.com/track/2vHXbnEbxN41ALWNX7k7i7,sad
4wOpQBSTtbh9S86nxp0EJ1,Sunlight,thom.ko,Sunlight,2022-12-02,20,182240,https://open.spotify.com/track/4wOpQBSTtbh9S86nxp0EJ1,sad
3CboywxfJIgvHqi2FF4exb,Loverboy,A-Wall,Loverboy,2019-06-28,1,224520,https://open.spotify.com/track/3CboywxfJIgvHqi2FF4exb,sad
1I4wRSEnqLRMTsqKR4bbxh,Burn Our Bridges Down,RIELL,Burn Our Bridges Down,2022-10-21,36,213993,https://open.spotify.com/track/1I4wRSEnqLRMTsqKR4bbxh,sad
0PKAijroHpnEtdY20bkGdr,ghost town (voice memo),Chloe George,ghost town (voice memo),2021-03-30,50,137250,https://open.spotify.com/track/0PKAijroHpnEtdY20bkGdr,sad
4iA8OM01edxYtdkrQ4vZM2,Bad Friend,INTRN,Bad Friend,2022-05-27,18,182068,https://open.spotify.com/track/4iA8OM01edxYtdkrQ4vZM2,sad
4S1T0kYOmevSYAknYWD9Yn,Aesthetic,Devonte Mayo,Aesthetic,2020-03-06,25,208692,https://open.spotify.com/track/4S1T0kYOmevSYAknYWD9Yn,sad
34P8aaDSBSuF8dboA1KgxO,serotonin,kikomori,serotonin,2020-07-03,15,191000,https://open.spotify.com/track/34P8aaDSBSuF8dboA1KgxO,sad
0L09BhquyZmuHSdKc010gd,forsaken,Paris Paloma,forsaken,2022-11-25,37,207306,https://open.spotify.com/track/0L09BhquyZmuHSdKc010gd,sad
3XC70fONCTv5t7UYGEFsVS,Hurt,RIELL,"love 3.0: falling out of love, songs",2023-02-03,16,165818,https://open.spotify.com/track/3XC70fONCTv5t7UYGEFsVS,sad
5Yyt1mlEq4McET3sxfsjyw,omw,"Adriel Rivera, Pres",omw,2022-06-25,21,164380,https://open.spotify.com/track/5Yyt1mlEq4McET3sxfsjyw,sad
73M0rMVx5CWE8M4uATSsto,seaside_demo,SEB,seaside_demo,2021-05-17,0,132000,https://open.spotify.com/track/73M0rMVx5CWE8M4uATSsto,sad
5RkhZf6mS0iWzsOZXQEUfL,Masterpiece,Liush,Masterpiece,2021-09-03,17,192058,https://open.spotify.com/track/5RkhZf6mS0iWzsOZXQEUfL,sad
6CoC7nWbj6JiebN7IbJ0Z8,Same Old Mess,INTRN,Same Old Mess,2022-03-25,18,120000,https://open.spotify.com/track/6CoC7nWbj6JiebN7IbJ0Z8,sad
5MG69A9XyXDbBbeOxdR3Tl,don't miss me,Claire Rosinkranz,don’t miss me,2021-11-22,62,123949,https://open.spotify.com/track/5MG69A9XyXDbBbeOxdR3Tl,sad
1jVbZbgm1j5vCIgsLaCts4,"if you need to, keep time on me","Liush, Deni Sho",love 2.0,2022-02-11,16,212700,https://open.spotify.com/track/1jVbZbgm1j5vCIgsLaCts4,sad
6oEVnWKgPqIEPc53OYDNqG,Could've Been (feat. Bryson Tiller),"H.E.R., Bryson Tiller",I Used To Know Her,2019-08-30,74,252746,https://open.spotify.com/track/6oEVnWKgPqIEPc53OYDNqG,sad
0Ms3qpsrYRmezC2CZLisXZ,Let Me Know,"LEFT., N. Drew",Let Me Know,2022-06-03,18,163652,https://open.spotify.com/track/0Ms3qpsrYRmezC2CZLisXZ,sad
3pzjHKrQSvXGHQ98dx18HI,What Do You Mean?,Justin Bieber,Purpose (Deluxe),2015-11-13,1,205680,https://open.spotify.com/track/3pzjHKrQSvXGHQ98dx18HI,sad
6UaRii9AH6Zss9xNMEQ2M9,Love The Way You Lie,"Eminem, Rihanna",Recovery,2010-06-18,5,263373,https://open.spotify.com/track/6UaRii9AH6Zss9xNMEQ2M9,sad
3mmjD9G2HUUzDbFl3NRDLM,Take A Bow,Rihanna,Good Girl Gone Bad: Reloaded,2008-06-02,1,229413,https://open.spotify.com/track/3mmjD9G2HUUzDbFl3NRDLM,sad
2YlZnw2ikdb837oKMKjBkW,Like I'm Gonna Lose You (feat. John Legend),"Meghan Trainor, John Legend",Title (Deluxe),2015-01-12,72,225053,https://open.spotify.com/track/2YlZnw2ikdb837oKMKjBkW,sad
4f80SteKqaB6M2JytEUrwT,Chasing_(Demo),"NF, Mikayla Sippel",Chasing_(Demo),2020-10-12,58,181714,https://open.spotify.com/track/4f80SteKqaB6M2JytEUrwT,sad
1Av69kr9JitqPWo7WJLS5q,Can We Kiss Forever?,"Kina, Adriana Proenza",Can We Kiss Forever?,2018-08-31,0,187898,https://open.spotify.com/track/1Av69kr9JitqPWo7WJLS5q,sad
27rdGxbavYJeBphck5MZAF,Nothing Breaks Like a Heart (feat. Miley Cyrus),"Mark Ronson, Miley Cyrus",Nothing Breaks Like a Heart (feat. Miley Cyrus),2018-11-30,70,217466,https://open.spotify.com/track/27rdGxbavYJeBphck5MZAF,sad
2uaiyLKnYvazyfR0Ky3Kbk,Let Me Down Slowly,Alec Benjamin,Let Me Down Slowly,2018-05-25,0,169180,https://open.spotify.com/track/2uaiyLKnYvazyfR0Ky3Kbk,sad
6Qs4SXO9dwPj5GKvVOv8Ki,Dancing With A Stranger (with Normani),"Sam Smith, Normani",Dancing With A Stranger (with Normani),2019-01-11,74,171029,https://open.spotify.com/track/6Qs4SXO9dwPj5GKvVOv8Ki,sad
6ZANrVuAMp2rpjhfbOuJly,Same Old Love,Selena Gomez,Revival (Deluxe),2015-10-09,70,229080,https://open.spotify.com/track/6ZANrVuAMp2rpjhfbOuJly,sad
5tAa8Uaqr4VvA3693mbIhU,Ruin My Life,Zara Larsson,Ruin My Life,2018-10-18,4,190931,https://open.spotify.com/track/5tAa8Uaqr4VvA3693mbIhU,sad
6lOWoTqVnAWXchddtTH31W,Leave a Light On,Tom Walker,Leave a Light On,2017-10-13,68,185863,https://open.spotify.com/track/6lOWoTqVnAWXchddtTH31W,sad
2SpEHTbUuebeLkgs9QB7Ue,Jolene,Dolly Parton,Jolene,1974-02-04,71,161533,https://open.spotify.com/track/2SpEHTbUuebeLkgs9QB7Ue,sad
57h4OYRuqBvgE87biicEzq,Wicked Game,Grace Carter,Wicked Game,2019-06-21,53,170875,https://open.spotify.com/track/57h4OYRuqBvgE87biicEzq,sad
2oVoSgGAlog02WQ2pLCxcT,Now You're Gone (feat. Zara Larsson),"Tom Walker, Zara Larsson",What a Time To Be Alive,2019-03-01,44,212141,https://open.spotify.com/track/2oVoSgGAlog02WQ2pLCxcT,sad
3xRcQ04b0l5RiU2w7lJhCD,Bad,James Bay,Oh My Messy Mind,2019-05-10,51,225920,https://open.spotify.com/track/3xRcQ04b0l5RiU2w7lJhCD,sad
0Wc6cbF38a90b8wov9V63F,Like Strangers Do,AJ Mitchell,Like Strangers Do,2019-10-18,58,160790,https://open.spotify.com/track/0Wc6cbF38a90b8wov9V63F,sad
5Km6e8PWkwEPVKlifElIDB,Start Again,Conrad Sewell,Start Again,2015-03-10,43,217974,https://open.spotify.com/track/5Km6e8PWkwEPVKlifElIDB,sad
5Uw7Dut2lZfexn3Y09swpf,Find U Again (feat. Camila Cabello),"Mark Ronson, Camila Cabello",Late Night Feelings,2019-06-21,47,176416,https://open.spotify.com/track/5Uw7Dut2lZfexn3Y09swpf,sad
7xT0GApaXGNVMUdRx2taZv,Hide Away,Daya,Daya,2015-11-27,0,192381,https://open.spotify.com/track/7xT0GApaXGNVMUdRx2taZv,sad
1Pj5oOFzLYELyyeh1IYRK0,Undrunk,FLETCHER,you ruined new york city for me,2019-08-16,55,183428,https://open.spotify.com/track/1Pj5oOFzLYELyyeh1IYRK0,sad
0J7385nYIZSg34lfJnFjT9,Battle Scars (feat. Lupe Fiasco),"Guy Sebastian, Lupe Fiasco",Armageddon,2012-10-15,0,250080,https://open.spotify.com/track/0J7385nYIZSg34lfJnFjT9,sad
2TY8WCR5gdOwsNOJuOeduG,Amnesia,5 Seconds of Summer,5 Seconds Of Summer,2014-06-27,49,237247,https://open.spotify.com/track/2TY8WCR5gdOwsNOJuOeduG,sad
7ArrTJ1LwcGAlEO65LUQ7i,I Don't Wanna Love You Anymore,LANY,Malibu Nights,2018-10-05,64,201197,https://open.spotify.com/track/7ArrTJ1LwcGAlEO65LUQ7i,sad
0fioLzGM8ngbD1w6fMmm45,I'm Not The Only One,Sam Smith,In The Lonely Hour,2014-01-01,0,239316,https://open.spotify.com/track/0fioLzGM8ngbD1w6fMmm45,sad
5lvnGiTAH9BVlJLHc0DXZz,Just A Little Bit Of Your Heart,Ariana Grande,My Everything (Deluxe),2014-08-22,61,232586,https://open.spotify.com/track/5lvnGiTAH9BVlJLHc0DXZz,sad
3APayTEWiUl9Ssep4BOXR2,Torn,Natalie Imbruglia,Glorious: The Singles 97-07,2007-09-05,65,244813,https://open.spotify.com/track/3APayTEWiUl9Ssep4BOXR2,sad
3aBCzb2R7mZMCUS4q5kfJM,Warrior,Demi Lovato,Demi,2013-01-01,0,231173,https://open.spotify.com/track/3aBCzb2R7mZMCUS4q5kfJM,sad
2BkyYZmU4JuWW2sYi9EzpC,7 Minutes,Dean Lewis,7 Minutes,2019-01-18,50,211453,https://open.spotify.com/track/2BkyYZmU4JuWW2sYi9EzpC,sad
4kV4N9D1iKVxx1KLvtTpjS,"break up with your girlfriend, i'm bored",Ariana Grande,"thank u, next",2019-02-08,74,190440,https://open.spotify.com/track/4kV4N9D1iKVxx1KLvtTpjS,sad
3IUEZsFIQv3QbE5K15SbJu,Coat of Armour,George Ezra,Cassy O' (EP),2014-12-02,39,237680,https://open.spotify.com/track/3IUEZsFIQv3QbE5K15SbJu,sad
5TYv5CM1NEFVi2t6QPDjtW,Who You Lovin,Conrad Sewell,Who You Lovin,2015-10-06,29,232080,https://open.spotify.com/track/5TYv5CM1NEFVi2t6QPDjtW,sad
0IKK48xF4eEdfofyaeKWWO,PILLOWTALK,ZAYN,PILLOWTALK,2016-01-29,63,203686,https://open.spotify.com/track/0IKK48xF4eEdfofyaeKWWO,sad
2BrzlUj1u1CtvaJDGIKpsP,Make Me (Cry),"Noah Cyrus, Labrinth",Make Me (Cry),2016-11-15,62,242081,https://open.spotify.com/track/2BrzlUj1u1CtvaJDGIKpsP,sad
4yWCzA44dQyp0SoeM81bUb,Life Is Worth Living,Justin Bieber,Purpose (Deluxe),2015-11-13,58,234786,https://open.spotify.com/track/4yWCzA44dQyp0SoeM81bUb,sad
2vwlzO0Qp8kfEtzTsCXfyE,Wrecking Ball,Miley Cyrus,Bangerz (Deluxe Version),2013-10-04,80,221360,https://open.spotify.com/track/2vwlzO0Qp8kfEtzTsCXfyE,sad
5aFSzu0b7ccAYjTkbTNTsQ,Losing You,Aquilo,Human,2014-12-08,38,205859,https://open.spotify.com/track/5aFSzu0b7ccAYjTkbTNTsQ,sad
47BBI51FKFwOMlIiX6m8ya,I Want It That Way,Backstreet Boys,Millennium,1999-05-18,84,213306,https://open.spotify.com/track/47BBI51FKFwOMlIiX6m8ya,sad
0Qat527YoBrS530u1dygjz,Leave Your Lover,Sam Smith,In The Lonely Hour,2014-01-01,0,188377,https://open.spotify.com/track/0Qat527YoBrS530u1dygjz,sad
1qHaLcG3LOeh6ZB8vii5ZZ,Just Give Me a Reason,"P!nk, Nate Ruess",The Truth About Love,2012-09-17,0,242733,https://open.spotify.com/track/1qHaLcG3LOeh6ZB8vii5ZZ,sad
3AFfyUXTfj12PgrOkZiiJo,Treat You Better,Shawn Mendes,Illuminate,2017-04-20,0,187973,https://open.spotify.com/track/3AFfyUXTfj12PgrOkZiiJo,sad
638fKB27P7UAmu3Aq0vEJ3,"Still Falling For You - From ""Bridget Jones's Baby""",Ellie Goulding,"Still Falling For You (From ""Bridget Jones's Baby"" Original Motion Picture Soundtrack)",2016-08-19,0,240867,https://open.spotify.com/track/638fKB27P7UAmu3Aq0vEJ3,sad
7FC9Lng8iXU081lbigu8m8,Heartbeat Song,Kelly Clarkson,Piece By Piece (Deluxe Version),2015-02-27,60,198733,https://open.spotify.com/track/7FC9Lng8iXU081lbigu8m8,sad
2tJulUYLDKOg9XrtVkMgcJ,Grenade,Bruno Mars,Doo-Wops & Hooligans,2010-05-11,78,222091,https://open.spotify.com/track/2tJulUYLDKOg9XrtVkMgcJ,sad
2Bs4jQEGMycglOfWPBqrVG,Steal My Girl,One Direction,FOUR (Deluxe),2014-11-17,82,228133,https://open.spotify.com/track/2Bs4jQEGMycglOfWPBqrVG,sad
15jMztFtJ1mFFJ11SZvHHZ,Starting Over,Niykee Heaton,Starting Over,2018-10-05,47,227097,https://open.spotify.com/track/15jMztFtJ1mFFJ11SZvHHZ,sad
0lupJBVy4UQrvI4Oy3PvI7,Big Girls Don't Cry (Personal),Fergie,The Dutchess,2006-09-13,62,268120,https://open.spotify.com/track/0lupJBVy4UQrvI4Oy3PvI7,sad
3hryyr42qJLxN1xeFS6GRR,Make It To Me,Sam Smith,In The Lonely Hour (Drowning Shadows Edition),2015-11-06,0,162732,https://open.spotify.com/track/3hryyr42qJLxN1xeFS6GRR,sad
6sxTH1KkX0gdAVWLjleobR,The Breakup,LANY,LANY,2017-06-30,0,236693,https://open.spotify.com/track/6sxTH1KkX0gdAVWLjleobR,sad
7dVF4ntkKdoynV9fq6o2Zj,Leave (Get Out) - Radio Edit,JoJo,Leave (Get Out),2004-06-21,0,242746,https://open.spotify.com/track/7dVF4ntkKdoynV9fq6o2Zj,sad
2OlWBmSjf1aUPGLNf0UI5A,One Last Time,Ariana Grande,My Everything (Deluxe),2014-08-22,1,197266,https://open.spotify.com/track/2OlWBmSjf1aUPGLNf0UI5A,sad
3Q3myFA7q4Op95DOpHplaY,do re mi,blackbear,digital druglord,2017-04-21,1,212027,https://open.spotify.com/track/3Q3myFA7q4Op95DOpHplaY,sad
2CpH1L4CUR47RARB3PgY1l,You Don't Own Me (feat. G-Eazy),"SAYGRACE, G-Eazy",You Don't Own Me,2015-03-17,57,199314,https://open.spotify.com/track/2CpH1L4CUR47RARB3PgY1l,sad
3yZQk5PC52CCmT4ZaTIKvv,This Is Gospel,Panic! At The Disco,"Too Weird to Live, Too Rare to Die!",2013-10-04,64,187186,https://open.spotify.com/track/3yZQk5PC52CCmT4ZaTIKvv,sad
7rWq6WfZNwilZgRvZUw6CQ,Try,Colbie Caillat,Gypsy Heart,2014-09-29,45,224573,https://open.spotify.com/track/7rWq6WfZNwilZgRvZUw6CQ,sad
1bb2jMLU78mIQJ2r1GB7Rs,You & Me,"Marc E. Bassy, G-Eazy",You & Me,2016-05-06,0,218480,https://open.spotify.com/track/1bb2jMLU78mIQJ2r1GB7Rs,sad
5eoEwktJ1CQrOBD8R6Dbcq,Not In That Way,Sam Smith,In The Lonely Hour (Drowning Shadows Edition),2015-11-06,0,172452,https://open.spotify.com/track/5eoEwktJ1CQrOBD8R6Dbcq,sad
442j8VxaB60dWf9cBFuX5w,Almost Is Never Enough,"Ariana Grande, Nathan Sykes",Yours Truly,2013-01-01,68,327773,https://open.spotify.com/track/442j8VxaB60dWf9cBFuX5w,sad
4yJiXq86uM56uIfIZgE440,me & ur ghost,blackbear,me & ur ghost,2020-01-16,0,200400,https://open.spotify.com/track/4yJiXq86uM56uIfIZgE440,sad
2SMf3oF07WpSE55fCuEvSG,Close To You,Rihanna,ANTI,2016-01-28,0,223226,https://open.spotify.com/track/2SMf3oF07WpSE55fCuEvSG,sad
6bsXYGTHsk49AL8Ez188mi,My Everything,Ariana Grande,My Everything (Deluxe),2014-08-22,0,168520,https://open.spotify.com/track/6bsXYGTHsk49AL8Ez188mi,sad
0uIGzK6ukV0A5yWoCxPkRL,California King Bed,Rihanna,Loud,2010-11-16,60,251613,https://open.spotify.com/track/0uIGzK6ukV0A5yWoCxPkRL,sad
1LM6t24SjQr2bJHqeGIR4U,Still Feel Like Your Man,John Mayer,The Search for Everything,2017-04-14,57,234920,https://open.spotify.com/track/1LM6t24SjQr2bJHqeGIR4U,sad
7cB6VKnkZnUOwOekecdg7j,Middle Of The Night,"The Vamps, Martin Jensen",Summer Songs,2017-06-02,0,175507,https://open.spotify.com/track/7cB6VKnkZnUOwOekecdg7j,sad
0Zx8khUcEfCFK2AEoIhC92,Don't Leave,"Snakehips, MØ",Don't Leave,2017-01-06,58,214693,https://open.spotify.com/track/0Zx8khUcEfCFK2AEoIhC92,sad
7zP67rufQgoODWFI45jntD,Broken-Hearted Girl,Beyoncé,I AM...SASHA FIERCE - Platinum Edition,2008,53,278400,https://open.spotify.com/track/7zP67rufQgoODWFI45jntD,sad
6LteLVcW0oWLjuW6nePyWb,The Fault in Our Stars,Troye Sivan,The Fault in Our Stars,2013-05-05,45,187194,https://open.spotify.com/track/6LteLVcW0oWLjuW6nePyWb,sad
5iKYddTv4wFIdNGVlc5VRL,Three Empty Words,Shawn Mendes,Illuminate (Deluxe),2017-04-20,0,199013,https://open.spotify.com/track/5iKYddTv4wFIdNGVlc5VRL,sad
1839RWzPRZCVgvamu4sHSN,All My Love (feat. Conor Maynard),"Cash Cash, Conor Maynard",All My Love (feat. Conor Maynard),2017-07-07,44,191330,https://open.spotify.com/track/1839RWzPRZCVgvamu4sHSN,sad
01i4V6aIhnOwALm0DEWr8Y,RIP,Olivia O'Brien,RIP,2017-07-14,0,206395,https://open.spotify.com/track/01i4V6aIhnOwALm0DEWr8Y,sad
14msK75pk3pA33pzPVNtBF,7 rings,Ariana Grande,7 rings,2019-01-18,2,178640,https://open.spotify.com/track/14msK75pk3pA33pzPVNtBF,sad
3yNZ5r3LKfdmjoS3gkhUCT,bad guy (with Justin Bieber),"Billie Eilish, Justin Bieber",bad guy (with Justin Bieber),2019-07-11,62,194839,https://open.spotify.com/track/3yNZ5r3LKfdmjoS3gkhUCT,sad
7crplFzt7spG80NCbpmuCp,I Know What You Did Last Summer,"Shawn Mendes, Camila Cabello",Handwritten (Revisited),2015-11-20,0,223826,https://open.spotify.com/track/7crplFzt7spG80NCbpmuCp,sad
1a0Mg4XPdt4EKsUz5beRZY,okay,"LANY, Julia Michaels",okay,2019-04-23,46,169182,https://open.spotify.com/track/1a0Mg4XPdt4EKsUz5beRZY,sad
4GTC9O0btnjO7rQJO6Fxdu,Way Too Long,Keith Urban,Graffiti U,2018-04-27,28,195883,https://open.spotify.com/track/4GTC9O0btnjO7rQJO6Fxdu,sad
15kQGEy89K8deJcZVFEn0N,This Feeling (feat. Kelsea Ballerini),"The Chainsmokers, Kelsea Ballerini",Sick Boy...This Feeling,2018-09-18,0,199226,https://open.spotify.com/track/15kQGEy89K8deJcZVFEn0N,sad
1xioudMcmh1QOICTh8xmOe,Broken,Jess Glynne,Always In Between (Deluxe),2018-10-12,0,217320,https://open.spotify.com/track/1xioudMcmh1QOICTh8xmOe,sad
2hnxrRNzF74mdDzpQZQukQ,There's No Way (feat. Julia Michaels),"Lauv, Julia Michaels",There's No Way (feat. Julia Michaels),2018-09-27,0,174860,https://open.spotify.com/track/2hnxrRNzF74mdDzpQZQukQ,sad
0jZO7p0nBUi9VHedWUBS9l,The Night We Met (feat. Phoebe Bridgers),"Lord Huron, Phoebe Bridgers",13 Reasons Why (Season 2),2018-05-18,61,208173,https://open.spotify.com/track/0jZO7p0nBUi9VHedWUBS9l,sad
1xobJHNsdoBQAJ2cgSfHVu,Just Friends,"Hayden James, Boy Matthews",Just Friends,2018-04-27,0,238991,https://open.spotify.com/track/1xobJHNsdoBQAJ2cgSfHVu,sad
6fbYL76UWbHdYq4B91TPQi,This Way - From SUPERFLY - Original Soundtrack,"Khalid, H.E.R.",This Way (From SUPERFLY - Original Soundtrack),2018-06-06,50,211204,https://open.spotify.com/track/6fbYL76UWbHdYq4B91TPQi,sad
55S2PQgSMYAhgoTCcGCDfw,Youngblood,5 Seconds of Summer,Youngblood,2018-04-12,62,203417,https://open.spotify.com/track/55S2PQgSMYAhgoTCcGCDfw,sad
2SOUTN8rzGAkBr001HqAXe,Run to You,Lea Michele,Places,2017-04-28,50,217426,https://open.spotify.com/track/2SOUTN8rzGAkBr001HqAXe,sad
25qfFpoGhk9Njgu5nl36sS,Fall In Line (feat. Demi Lovato),"Christina Aguilera, Demi Lovato",Fall In Line (feat. Demi Lovato),2018-05-16,47,248544,https://open.spotify.com/track/25qfFpoGhk9Njgu5nl36sS,sad
7c5h27Ju8JE5xWKTQ88KhL,Hurts 2B Human (feat. Khalid),"P!nk, Khalid",Hurts 2B Human (feat. Khalid),2019-04-22,45,202640,https://open.spotify.com/track/7c5h27Ju8JE5xWKTQ88KhL,sad
2qXicQG06oT0ijKBznpgQv,Younger,Ruel,Younger,2018-06-05,53,222320,https://open.spotify.com/track/2qXicQG06oT0ijKBznpgQv,sad
3JJYIoJ5FyY9E0DGjr7SXF,Enemies,Lauv,I met you when I was 18. (the playlist),2018-05-31,0,194754,https://open.spotify.com/track/3JJYIoJ5FyY9E0DGjr7SXF,sad
5E5MqaS6eOsbaJibl3YeMZ,Homesick,Dua Lipa,Dua Lipa (Deluxe),2017-06-02,59,230480,https://open.spotify.com/track/5E5MqaS6eOsbaJibl3YeMZ,sad
4G4gtvlaFaI6v6wWD8UvqL,Getting Over You,Lauv,I met you when I was 18. (the playlist),2018-05-31,0,255885,https://open.spotify.com/track/4G4gtvlaFaI6v6wWD8UvqL,sad
6vsV4D8BM6PioRr1UOx0n2,you should see me in a crown,Billie Eilish,you should see me in a crown,2018-07-18,0,180566,https://open.spotify.com/track/6vsV4D8BM6PioRr1UOx0n2,sad
2OuNgtXKeCSORKqdl0MxKk,Chasing Pavements,Adele,19,2008-01-28,0,210506,https://open.spotify.com/track/2OuNgtXKeCSORKqdl0MxKk,sad
54l9GJGQ1UCFKe2tzt1Vxt,Only You (with Little Mix),"Cheat Codes, Little Mix",Only You (with Little Mix),2018-06-22,53,189401,https://open.spotify.com/track/54l9GJGQ1UCFKe2tzt1Vxt,sad
4keoy2fqgwGnbWlm3ZVZFa,Happy Now,"Zedd, Elley Duhé",Happy Now,2018-07-18,66,207029,https://open.spotify.com/track/4keoy2fqgwGnbWlm3ZVZFa,sad
1oc3jna2ablnfIKLYbKujl,If You're Over Me,Olly Alexander (Years & Years),Palo Santo (Deluxe),2018-07-06,0,189000,https://open.spotify.com/track/1oc3jna2ablnfIKLYbKujl,sad
0LcVvD1iPjqkfVdWd7ClfA,Too Much Time Together,San Cisco,Gracetown,2015-03-06,41,169996,https://open.spotify.com/track/0LcVvD1iPjqkfVdWd7ClfA,sad
5wPP9ydg21KpAO1tewcVDy,Night Flights,Josly Meso,Floating Blue Stranger,2017-09-01,30,173397,https://open.spotify.com/track/5wPP9ydg21KpAO1tewcVDy,sad
0gL0Xf8CN95HmgfEYYLRZV,Miss Movin' On,Fifth Harmony,Miss Movin' On,2013-07-16,57,193733,https://open.spotify.com/track/0gL0Xf8CN95HmgfEYYLRZV,sad
0ADZ5dmXhlfzjMw6lefoPl,Far Away,Nickelback,All the Right Reasons,2005-09-26,70,238173,https://open.spotify.com/track/0ADZ5dmXhlfzjMw6lefoPl,sad
4E2s2lCNKxbWJMwHPMzOfq,Never Ever (feat. Sarah),"The Rubens, Sarah",LO LA RU,2018-06-29,0,199786,https://open.spotify.com/track/4E2s2lCNKxbWJMwHPMzOfq,sad
6AkFxZzBfyzV5RF7mGkASM,8 Letters,Why Don't We,8 Letters,2018-08-09,0,190026,https://open.spotify.com/track/6AkFxZzBfyzV5RF7mGkASM,sad
3ee8Jmje8o58CHK66QrVC2,SAD!,XXXTENTACION,?,2018-03-16,79,166605,https://open.spotify.com/track/3ee8Jmje8o58CHK66QrVC2,sad
5SxkdsY1ufZzoq9iXceLw9,no tears left to cry,Ariana Grande,no tears left to cry,2018-04-20,1,205946,https://open.spotify.com/track/5SxkdsY1ufZzoq9iXceLw9,sad
0iwsQWgtjSq2kUXuZwTDAL,Home with You,Madison Beer,As She Pleases,2018-02-02,0,190576,https://open.spotify.com/track/0iwsQWgtjSq2kUXuZwTDAL,sad
70CYAL35X3T73qVStJNpZ2,Grand Piano,Nicki Minaj,The Pinkprint (International Deluxe Explicit),2014-12-12,52,259105,https://open.spotify.com/track/70CYAL35X3T73qVStJNpZ2,sad
5m2a8MuuMPfKKYeJnoHdvL,All I Ever Need,Austin Mahone,The Secret,2014-05-27,0,213746,https://open.spotify.com/track/5m2a8MuuMPfKKYeJnoHdvL,sad
4qULqxfCRhJAXVc75UupQB,No Broken Hearts (feat. Nicki Minaj),"Bebe Rexha, Nicki Minaj",No Broken Hearts (feat. Nicki Minaj),2016-03-16,54,239991,https://open.spotify.com/track/4qULqxfCRhJAXVc75UupQB,sad
1lntL1cI2UIWlxjL5QiN8g,The Other,Lauv,The Other,2015-03-31,0,189333,https://open.spotify.com/track/1lntL1cI2UIWlxjL5QiN8g,sad
1TPLsNVlofwX1txcE9gZZF,We Find Love,Daniel Caesar,Freudian,2017-08-25,4,254919,https://open.spotify.com/track/1TPLsNVlofwX1txcE9gZZF,sad
5k38wzpLb15YgncyWdTZE4,Him & I (with Halsey),"G-Eazy, Halsey",The Beautiful & Damned,2017-12-15,80,268866,https://open.spotify.com/track/5k38wzpLb15YgncyWdTZE4,sad
2si9smgJqjB3aCRpzz6rYE,Everything Has Changed,"Taylor Swift, Ed Sheeran",Red,2012-10-22,0,245413,https://open.spotify.com/track/2si9smgJqjB3aCRpzz6rYE,sad
0UAB340gAcSMk3r0a8PTag,More Than This,One Direction,Up All Night,2012-05-25,63,229106,https://open.spotify.com/track/0UAB340gAcSMk3r0a8PTag,sad
2EcsgXlxz99UMDSPg5T8RF,Beneath Your Beautiful (feat. Emeli Sandé),"Labrinth, Emeli Sandé",Electronic Earth (Expanded Edition),2012-04-02,66,271813,https://open.spotify.com/track/2EcsgXlxz99UMDSPg5T8RF,sad
5WfhXulggG0c6WoVeMPA8N,Shake It Off,Taylor Swift,1989,2014-10-27,2,219200,https://open.spotify.com/track/5WfhXulggG0c6WoVeMPA8N,sad
1oQZk2bKBLgP1cbuFKvjkq,If I Were a Boy,Beyoncé,I AM...SASHA FIERCE - Platinum Edition,2008,72,249866,https://open.spotify.com/track/1oQZk2bKBLgP1cbuFKvjkq,sad
6zyXWcXGiyl3HHTR5s9bw2,You Don't Do It For Me Anymore,Demi Lovato,Tell Me You Love Me,2017-09-29,0,197720,https://open.spotify.com/track/6zyXWcXGiyl3HHTR5s9bw2,sad
2euFxYgFyzElO2Ci7HXQ5x,Sorry,Aquilo,Silhouettes,2017-01-27,0,255205,https://open.spotify.com/track/2euFxYgFyzElO2Ci7HXQ5x,sad
6RjKVXi31fui9m4dbiGRrL,I Knew You Were Trouble,Taylor Swift,Red,2012-10-22,0,219720,https://open.spotify.com/track/6RjKVXi31fui9m4dbiGRrL,sad
47cQCF21TczFSmGfpd7c07,EX,Kiana Ledé,Selfless,2018-07-13,60,222386,https://open.spotify.com/track/47cQCF21TczFSmGfpd7c07,sad
6LsAAHotRLMOHfCsSfYCsz,If I Can't Have You,Shawn Mendes,If I Can't Have You,2019-05-03,65,190800,https://open.spotify.com/track/6LsAAHotRLMOHfCsSfYCsz,sad
1e8Bdce93FjBmI384m0ROE,Hurt,Christina Aguilera,Hurt,2006-08-11,0,243840,https://open.spotify.com/track/1e8Bdce93FjBmI384m0ROE,sad
4yI3HpbSFSgFZtJP2kDe5m,Look At Her Now,Selena Gomez,Look At Her Now,2019-10-24,9,162595,https://open.spotify.com/track/4yI3HpbSFSgFZtJP2kDe5m,sad
0tV8pOpiNsKqUys0ilUcXz,Rise Up,Andra Day,Cheers to the Fall,2015-08-28,72,253342,https://open.spotify.com/track/0tV8pOpiNsKqUys0ilUcXz,sad
4ycLiPVzE5KamivXrAzGFG,Fuck You,CeeLo Green,The Lady Killer,2010-11-09,62,222933,https://open.spotify.com/track/4ycLiPVzE5KamivXrAzGFG,sad
7lUA4P03AhwAw40JHkdyGr,Pretty Hurts,Beyoncé,BEYONCÉ [Platinum Edition],2014-11-24,64,257653,https://open.spotify.com/track/7lUA4P03AhwAw40JHkdyGr,sad
1FreAz1lmnDi5aKLB6GdFM,Where Is The Love?,Black Eyed Peas,Elephunk,2003-01-01,3,272533,https://open.spotify.com/track/1FreAz1lmnDi5aKLB6GdFM,sad
3X0J4QzAMCoyMZUSMCoVDw,thinking 2 much,Jeremy Zucker,"summer,",2018-09-28,38,229453,https://open.spotify.com/track/3X0J4QzAMCoyMZUSMCoVDw,sad
3cNjgVBKTJ1SvKhunrCdVy,Please Don't Go,Joel Adams,Please Don't Go,2015-11-06,62,210580,https://open.spotify.com/track/3cNjgVBKTJ1SvKhunrCdVy,sad
2GGGm4MLQynB3I4E4ycIYC,Drink About,"Seeb, Dagny",Drink About,2018-04-06,0,182265,https://open.spotify.com/track/2GGGm4MLQynB3I4E4ycIYC,sad
7GAaTpSoTWUTbP2Yxlt4Hd,Need You Now,Lady A,Need You Now,2010-01-01,75,236440,https://open.spotify.com/track/7GAaTpSoTWUTbP2Yxlt4Hd,sad
5GYbkDveRD2I8M5ZJ14hWn,Never Say Never,"Justin Bieber, Jaden",Never Say Never - The Remixes,2011-01-01,76,227853,https://open.spotify.com/track/5GYbkDveRD2I8M5ZJ14hWn,sad
75KdMdPqZGO3FGNtpByM1p,Say Goodbye,Chris Brown,Chris Brown,2005-11-29,0,289760,https://open.spotify.com/track/75KdMdPqZGO3FGNtpByM1p,sad
0m0hFyrAqGKaVJ7D24Jozg,Been There Done That (feat. Tove Styrke),"NOTD, Tove Styrke",Been There Done That (feat. Tove Styrke),2018-08-24,47,197112,https://open.spotify.com/track/0m0hFyrAqGKaVJ7D24Jozg,sad
3EfugazgSddQvzZpkof5I4,Ciao Adios,Anne-Marie,Ciao Adios,2017-02-10,51,200104,https://open.spotify.com/track/3EfugazgSddQvzZpkof5I4,sad
3L0QgIX1wmx1K1fLRTGZuu,Not Thinkin' Bout You (Remix) (feat. GoldLink),"Ruel, GoldLink",Not Thinkin' Bout You (Remix) (feat. GoldLink),2018-11-09,25,230246,https://open.spotify.com/track/3L0QgIX1wmx1K1fLRTGZuu,sad
5nzhL67GpF9szXWg5y509A,Close Friends (Lil Baby & Gunna),Lil Baby,Drip Harder,2018-10-05,73,203881,https://open.spotify.com/track/5nzhL67GpF9szXWg5y509A,sad
1MfRXRUJsQK40GjFV0Sm0t,Good For You,"Selena Gomez, A$AP Rocky",Revival,2015-10-09,0,221280,https://open.spotify.com/track/1MfRXRUJsQK40GjFV0Sm0t,sad
4hQ6UGyWQIGJmHSo0J88JW,Back To You - From 13 Reasons Why – Season 2 Soundtrack,Selena Gomez,Back To You (From 13 Reasons Why – Season 2 Soundtrack),2018-05-10,70,207904,https://open.spotify.com/track/4hQ6UGyWQIGJmHSo0J88JW,sad
1vXFnAO7zu7n0ErcJmGLZF,Triggered - Remix,"Jhené Aiko, 21 Savage, Summer Walker",Triggered (Remix),2019-10-02,47,231066,https://open.spotify.com/track/1vXFnAO7zu7n0ErcJmGLZF,sad
3KZcrZ36LW9RnChK1iIkth,Send My Love (To Your New Lover),Adele,25,2015-11-20,1,223078,https://open.spotify.com/track/3KZcrZ36LW9RnChK1iIkth,sad
1hWYT0w2R0J19rlVkiez7X,Battle Scars (with Guy Sebastian),"Lupe Fiasco, Guy Sebastian","Food & Liquor II: The Great American Rap Album, Pt. 1",2012-09-25,63,250320,https://open.spotify.com/track/1hWYT0w2R0J19rlVkiez7X,sad
7lC44raaFZSCxi2wDa6lRl,Meant to Stay Hid,SYML,Meant to Stay Hid,2019-08-23,0,223436,https://open.spotify.com/track/7lC44raaFZSCxi2wDa6lRl,sad
3707IBa4HnS3zDDoWfeUBl,I Warned Myself,Charlie Puth,I Warned Myself,2019-08-21,51,159782,https://open.spotify.com/track/3707IBa4HnS3zDDoWfeUBl,sad
6b2RcmUt1g9N9mQ3CbjX2Y,How Do You Sleep?,Sam Smith,How Do You Sleep?,2019-07-19,66,202204,https://open.spotify.com/track/6b2RcmUt1g9N9mQ3CbjX2Y,sad
3WefHNGtjexZvi66ZEx9u4,Hurts Like Hell (feat. Offset),"Madison Beer, Offset",Hurts Like Hell (feat. Offset),2018-11-09,0,207108,https://open.spotify.com/track/3WefHNGtjexZvi66ZEx9u4,sad
3A7qX2QjDlPnazUsRk5y0M,2U (feat. Justin Bieber),"David Guetta, Justin Bieber",2U (feat. Justin Bieber),2017-06-09,63,194896,https://open.spotify.com/track/3A7qX2QjDlPnazUsRk5y0M,sad
3EludUFeAoJAwSixWGG5Wg,Wrong,Luh Kel,Wrong,2019-04-05,0,130876,https://open.spotify.com/track/3EludUFeAoJAwSixWGG5Wg,sad
2YCSLDnWciCltpFjVPhTkS,"Hold On, We're Going Home",Pia Mia,The Gift,2014-01-01,0,181600,https://open.spotify.com/track/2YCSLDnWciCltpFjVPhTkS,sad
78nplE9X2ZGvQh3TKgvldE,Rewrite The Stars (with James Arthur & Anne-Marie),"James Arthur, Anne-Marie",The Greatest Showman: Reimagined,2018-11-16,63,218293,https://open.spotify.com/track/78nplE9X2ZGvQh3TKgvldE,sad
30BsewEJZPxfuLNAlZPFje,"Read All About It, Pt. III",Emeli Sandé,Our Version Of Events (Special Edition),2012-01-01,66,283706,https://open.spotify.com/track/30BsewEJZPxfuLNAlZPFje,sad
4wOXx92SlZWxNtuBytlMsK,Bitter Love,Pia Mia,Bitter Love,2019-03-22,45,217809,https://open.spotify.com/track/4wOXx92SlZWxNtuBytlMsK,sad
2vHfabj6nFebekTYODqntl,Want You Back,5 Seconds of Summer,Youngblood (Deluxe),2018-06-15,62,173081,https://open.spotify.com/track/2vHfabj6nFebekTYODqntl,sad
7BqBn9nzAq8spo5e7cZ0dJ,Just the Way You Are,Bruno Mars,Doo-Wops & Hooligans,2010-05-11,85,220734,https://open.spotify.com/track/7BqBn9nzAq8spo5e7cZ0dJ,sad
5vlTxb7BP5DWzpw8RgnzxR,Before I Go,Guy Sebastian,Before I Go,2018-11-02,44,209424,https://open.spotify.com/track/5vlTxb7BP5DWzpw8RgnzxR,sad
2nLtzopw4rPReszdYBJU6h,Numb,Linkin Park,Meteora,2003-03-25,88,187520,https://open.spotify.com/track/2nLtzopw4rPReszdYBJU6h,sad
2Ymig15Ykfk10tAS3fCoij,Anymore,Ella Mai,READY,2017-02-22,44,235672,https://open.spotify.com/track/2Ymig15Ykfk10tAS3fCoij,sad
6uAm7pG66O1XesXS9bpHSF,Good As Hell,Lizzo,Good As Hell,2016-03-11,1,159011,https://open.spotify.com/track/6uAm7pG66O1XesXS9bpHSF,sad
0rTV5WefWd1J3OwIheTzxM,Talk,"Khalid, Disclosure",Talk,2019-02-07,64,197487,https://open.spotify.com/track/0rTV5WefWd1J3OwIheTzxM,sad
4JIo8RztBbELr2gWJ5OGK6,Secret Love Song (feat. Jason Derulo),"Little Mix, Jason Derulo",Get Weird (Deluxe),2015-11-06,1,249813,https://open.spotify.com/track/4JIo8RztBbELr2gWJ5OGK6,sad
26OhjtaTamFocE08t83ml6,"Psycho, Pt. 2",Russ,"Psycho, Pt. 2",2016-11-08,66,161985,https://open.spotify.com/track/26OhjtaTamFocE08t83ml6,sad
0K83VVfg5Y4bPoZ4kmytKH,Late Night Drive,Yo Trane,Late Night Drive,2016-04-19,44,252371,https://open.spotify.com/track/0K83VVfg5Y4bPoZ4kmytKH,sad
1KXFoiT2n4QXRsFvhWNI4I,Why,Shawn Mendes,Shawn Mendes,2018-05-25,0,238173,https://open.spotify.com/track/1KXFoiT2n4QXRsFvhWNI4I,sad
72Bz4ciRZPBcVSw0nrZDHi,Do It Again,"Pia Mia, Chris Brown, Tyga",Do It Again,2015-05-04,73,207746,https://open.spotify.com/track/72Bz4ciRZPBcVSw0nrZDHi,sad
2b8fOow8UzyDFAE27YhOZM,Memories,Maroon 5,Memories,2019-09-20,33,189486,https://open.spotify.com/track/2b8fOow8UzyDFAE27YhOZM,sad
3ENfrioOpwovY3HrIAX3UC,Open Up,Matt Simons,Open Up,2019-01-30,0,168300,https://open.spotify.com/track/3ENfrioOpwovY3HrIAX3UC,sad
7fWSIddv6LJG8ZXJFNVQyi,Nothing Really Matters,Mr. Probz,Nothing Really Matters,2014-09-27,0,222041,https://open.spotify.com/track/7fWSIddv6LJG8ZXJFNVQyi,sad
45EDI3rk0f4cAMt9f8b56R,Impossible,Shontelle,No Gravity,2010-01-01,0,226533,https://open.spotify.com/track/45EDI3rk0f4cAMt9f8b56R,sad
45Egmo7icyopuzJN0oMEdk,Love Lies,"Khalid, Normani",Love Lies,2018-02-14,73,201707,https://open.spotify.com/track/45Egmo7icyopuzJN0oMEdk,sad
2mSrVZsSKn2Ye5f0YuAbMh,Idk Love,Jeremy Zucker,Motions,2017-05-26,42,140360,https://open.spotify.com/track/2mSrVZsSKn2Ye5f0YuAbMh,sad
6dn9ndETOjczUSQO5UhKJa,Who Says,Selena Gomez & The Scene,For You,2014-11-21,46,195266,https://open.spotify.com/track/6dn9ndETOjczUSQO5UhKJa,sad
2IiNA0s5eQBSjwK4iNeUvW,Complicated,Avril Lavigne,Let Go,2002-08-26,0,244506,https://open.spotify.com/track/2IiNA0s5eQBSjwK4iNeUvW,sad
0nsXiCm7lGv4jid1crzLP0,I Miss You,Beyoncé,4,2011,34,179066,https://open.spotify.com/track/0nsXiCm7lGv4jid1crzLP0,sad
66NweBIXTNqIaitSXGkY6F,Boys Like You,Anna Clendening,Boys Like You,2017-04-28,0,238500,https://open.spotify.com/track/66NweBIXTNqIaitSXGkY6F,sad
2pyhJF2s7myJiXP9ceczB9,Black Widow,"Iggy Azalea, Rita Ora",Reclassified,2014-10-01,53,209423,https://open.spotify.com/track/2pyhJF2s7myJiXP9ceczB9,sad
0HMjXBAZmSYOTTi33WpMso,History,One Direction,Made In The A.M. (Deluxe Edition),2015-11-13,72,187426,https://open.spotify.com/track/0HMjXBAZmSYOTTi33WpMso,sad
44aN5xKL3kGHvQ5bXVk6B8,Ghost Town,Adam Lambert,The Original High (Deluxe Version),2015-06-12,61,208330,https://open.spotify.com/track/44aN5xKL3kGHvQ5bXVk6B8,sad
5VVwwfK6Cp9IydkhKfJUEq,You Give Love A Bad Name,Bon Jovi,Slippery When Wet (Remastered),1986-01-01,1,222706,https://open.spotify.com/track/5VVwwfK6Cp9IydkhKfJUEq,sad
1wAXODAAL6hY64ZdhrnjBO,Drive By,Train,Drive By,2012-01-10,0,196626,https://open.spotify.com/track/1wAXODAAL6hY64ZdhrnjBO,sad
3fo6DYGktjENCiagUeU9yH,Pity Party,Melanie Martinez,Cry Baby (Deluxe Edition),2015-08-14,69,204085,https://open.spotify.com/track/3fo6DYGktjENCiagUeU9yH,sad
7ywzEdEuVG1lsjsRCGJfLy,When I Look At You,Miley Cyrus,The Time Of Our Lives,2009-01-01,61,248586,https://open.spotify.com/track/7ywzEdEuVG1lsjsRCGJfLy,sad
0DV0HApASjc0VfCyd8z0q4,All of the Stars,Ed Sheeran,The Fault In Our Stars: Music From The Motion Picture,2014-05-23,30,234986,https://open.spotify.com/track/0DV0HApASjc0VfCyd8z0q4,sad
4rvtlpAeDuOn4baUJPCEhy,As Long As You Love Me,"Justin Bieber, Big Sean",Believe (Deluxe Edition),2012-01-01,2,229466,https://open.spotify.com/track/4rvtlpAeDuOn4baUJPCEhy,sad
1MK9VSvdx48aGDAfL0y2Qq,Nothing Like Us,Justin Bieber,Believe Acoustic,2013-01-01,34,199800,https://open.spotify.com/track/1MK9VSvdx48aGDAfL0y2Qq,sad
65lIGCfW59BxcEJnnIOCq3,Who You Are,Jessie J,Who You Are (Platinum Edition),2011-01-01,48,230773,https://open.spotify.com/track/65lIGCfW59BxcEJnnIOCq3,sad
5ASYKV7L20Xz5Cub2t4FeA,Suicide,James Arthur,James Arthur (Deluxe),2013-11-04,41,251013,https://open.spotify.com/track/5ASYKV7L20Xz5Cub2t4FeA,sad
51ChrwmUPDJvedPQnIU8Ls,Dive,Ed Sheeran,÷ (Deluxe),2017-03-03,78,238440,https://open.spotify.com/track/51ChrwmUPDJvedPQnIU8Ls,sad
71LQeNIJcnZeOSYgz4reoF,How Am I Supposed to Live Without You,Michael Bolton,Love Songs,1987,46,254373,https://open.spotify.com/track/71LQeNIJcnZeOSYgz4reoF,sad
1gTT2Y987ndPot2Oygq6hn,Honesty,Beyoncé,I AM...SASHA FIERCE - Platinum Edition,2008,32,224386,https://open.spotify.com/track/1gTT2Y987ndPot2Oygq6hn,sad
4yTqjWF2EoFJM5BbSCe4YW,Safe & Sound - from The Hunger Games Soundtrack,"Taylor Swift, The Civil Wars",The Hunger Games: Songs From District 12 And Beyond,2012-01-01,44,240066,https://open.spotify.com/track/4yTqjWF2EoFJM5BbSCe4YW,sad
7CFQrZR4WeKEg4vweqp8Gv,How Long Will I Love You - Bonus Track,Ellie Goulding,Halcyon Days,2014-01-01,50,154435,https://open.spotify.com/track/7CFQrZR4WeKEg4vweqp8Gv,sad
13P8deLk5rCTPLLR38AJI6,That Should Be Me,Justin Bieber,My Worlds (International Version),2010-01-01,0,232733,https://open.spotify.com/track/13P8deLk5rCTPLLR38AJI6,sad
0X1FYVkgy7Tfw79cY3C7lx,Turning Tables,Adele,21,2011-01-19,0,250000,https://open.spotify.com/track/0X1FYVkgy7Tfw79cY3C7lx,sad
3oEHQmhvFLiE7ZYES0ulzv,"My Heart Will Go On - Love Theme from ""Titanic""",Céline Dion,Let's Talk About Love,1997-10-24,1,280000,https://open.spotify.com/track/3oEHQmhvFLiE7ZYES0ulzv,sad
1sl5tSzfK1JrcQIcA8rYDy,I Miss You,"Grey, Bahari",I Miss You,2017-01-13,0,192320,https://open.spotify.com/track/1sl5tSzfK1JrcQIcA8rYDy,sad
6FZGGS3n6LDwEf6UfsQasQ,Skyscraper,Demi Lovato,Unbroken,2011-01-01,0,221293,https://open.spotify.com/track/6FZGGS3n6LDwEf6UfsQasQ,sad
2NELtMgQ8HSdrGrYQPLnC3,Piece by Piece,Kelly Clarkson,Piece By Piece (Deluxe Version),2015-02-27,51,257746,https://open.spotify.com/track/2NELtMgQ8HSdrGrYQPLnC3,sad
6JrOY3B8XchpB7gtQTWmoI,Silhouette,Aquilo,Silhouette,2016-04-01,0,230416,https://open.spotify.com/track/6JrOY3B8XchpB7gtQTWmoI,sad
7xpraKSakDJ6WWgjQEtvgT,Sad Song (feat. Elena Coats),"We The Kings, Elena Coats",Somewhere Somehow,2013-12-16,0,226330,https://open.spotify.com/track/7xpraKSakDJ6WWgjQEtvgT,sad
7ctRAoCbcpOusbm3w3E6mn,Chasing Cars,Snow Patrol,Up To Now,2009-01-01,0,265666,https://open.spotify.com/track/7ctRAoCbcpOusbm3w3E6mn,sad
5D6AD0vOGRODB8EapagKlu,Trust Issues,Olivia O'Brien,Trust Issues,2016-08-12,0,189866,https://open.spotify.com/track/5D6AD0vOGRODB8EapagKlu,sad
5s5t0OFg9lIlBFaCI14K1i,She Will Be Loved,Maroon 5,Songs About Jane,2002-06-25,1,257133,https://open.spotify.com/track/5s5t0OFg9lIlBFaCI14K1i,sad
5jlsg7onynIipVy5krMaRZ,Hair (feat. Sean Paul),"Little Mix, Sean Paul",Hair (feat. Sean Paul),2016-04-15,0,233826,https://open.spotify.com/track/5jlsg7onynIipVy5krMaRZ,sad
5ZnJsoJGkQ5K15W7Rcr5JO,No More Sad Songs,"Little Mix, mgk",No More Sad Songs,2017-03-03,0,225253,https://open.spotify.com/track/5ZnJsoJGkQ5K15W7Rcr5JO,sad
5vQODS54jMwmzubTg8lbTe,Fix A Heart,Demi Lovato,Unbroken,2011-01-01,0,193040,https://open.spotify.com/track/5vQODS54jMwmzubTg8lbTe,sad
7F9vK8hNFMml4GtHsaXui6,Back to You (feat. Bebe Rexha & Digital Farm Animals),"Louis Tomlinson, Bebe Rexha, Digital Farm Animals",Back to You (feat. Bebe Rexha & Digital Farm Animals),2017-07-21,63,190427,https://open.spotify.com/track/7F9vK8hNFMml4GtHsaXui6,sad
5dTJMpqiELczVuHJP3OAEu,This Town,Niall Horan,This Town,2016-09-29,56,232600,https://open.spotify.com/track/5dTJMpqiELczVuHJP3OAEu,sad
1F6oGPF75u9RuHH4BGx9Bf,We Are Never Ever Getting Back Together,Taylor Swift,Red,2012-10-22,0,193146,https://open.spotify.com/track/1F6oGPF75u9RuHH4BGx9Bf,sad
5O3eNPhckrOCxIBtR5SQLN,Hey There Delilah,Plain White T's,All That We Needed,2005-01-01,0,232533,https://open.spotify.com/track/5O3eNPhckrOCxIBtR5SQLN,sad
2Vnlp4eguqFL5f3c132QV5,The Story Of Us,Taylor Swift,Speak Now,2010-10-25,0,265680,https://open.spotify.com/track/2Vnlp4eguqFL5f3c132QV5,sad
152lZdxL1OR0ZMW6KquMif,Location,Khalid,American Teen,2017-04-27,77,219080,https://open.spotify.com/track/152lZdxL1OR0ZMW6KquMif,sad
7apw8m9lHQjvuUVfMAm4kZ,Higher Love,James Vincent McMorrow,Early in the Morning (Special Edition),2010,56,215589,https://open.spotify.com/track/7apw8m9lHQjvuUVfMAm4kZ,sad
6Ip2cRorqGsD0Xo5HvDXmF,You Belong With Me,Taylor Swift,Fearless (Australian Version),2008-11-11,0,231133,https://open.spotify.com/track/6Ip2cRorqGsD0Xo5HvDXmF,sad
7nm68uKwGwMqznlOSBxhps,Wasn't Expecting That,Jamie Lawson,Wasn't Expecting That,2015-06-26,51,201072,https://open.spotify.com/track/7nm68uKwGwMqznlOSBxhps,sad
3Nbcx1svCSzmyYG2I81YCZ,Up (feat. Demi Lovato),"Olly Murs, Demi Lovato",Never Been Better (Deluxe),2014-11-21,0,224293,https://open.spotify.com/track/3Nbcx1svCSzmyYG2I81YCZ,sad
580t2NTEMOuCHV1sN3uhyD,Blank Space,Taylor Swift,1989,2014-10-27,0,231826,https://open.spotify.com/track/580t2NTEMOuCHV1sN3uhyD,sad
4wf0ZHAJqLLoiFYR9IRwco,Bad Blood,Taylor Swift,1989,2014-10-27,0,211933,https://open.spotify.com/track/4wf0ZHAJqLLoiFYR9IRwco,sad
52Qu0no0NBho3zyRmjlsHn,Another Sad Love Song,Khalid,American Teen,2017-04-27,59,244746,https://open.spotify.com/track/52Qu0no0NBho3zyRmjlsHn,sad
3M7Ab3IGSb7vNoLWqDbXVF,Goodbye My Lover,James Blunt,Back to Bedlam,2005-10-04,56,258653,https://open.spotify.com/track/3M7Ab3IGSb7vNoLWqDbXVF,sad
1CxN94CVFYcCBzUV2Vx5E2,Chainsaw,Nick Jonas,Last Year Was Complicated,2016-06-10,30,199520,https://open.spotify.com/track/1CxN94CVFYcCBzUV2Vx5E2,sad
5kofSEc4sxfuss9ukfSw9L,You're Such A,Hailee Steinfeld,HAIZ,2016-02-26,0,216333,https://open.spotify.com/track/5kofSEc4sxfuss9ukfSw9L,sad
5Htb1uFQ1KrkFXlefS8oGj,Tell Me You Love Me,Demi Lovato,Tell Me You Love Me,2017-09-29,0,236986,https://open.spotify.com/track/5Htb1uFQ1KrkFXlefS8oGj,sad
5kApwSRDqF5CKclVLw1FBM,Dead,Madison Beer,Dead,2017-05-19,0,194826,https://open.spotify.com/track/5kApwSRDqF5CKclVLw1FBM,sad
4WVRFif4gqrzSwEiABrbBn,Latch,Daniela Andrade,Latch,2014-08-20,40,217500,https://open.spotify.com/track/4WVRFif4gqrzSwEiABrbBn,sad
13xxBnXOuiBxVxJI458B0i,Unfaithful,Rihanna,A Girl Like Me,2006-04-10,72,226973,https://open.spotify.com/track/13xxBnXOuiBxVxJI458B0i,sad
2JUaGpCrD8tywgj9MeLFbb,Someone Else,LANY,I Loved You.,2015-06-09,0,232712,https://open.spotify.com/track/2JUaGpCrD8tywgj9MeLFbb,sad
4Qo1Au6jayUL4UOaJQrjpi,Lonely,"Demi Lovato, Lil Wayne",Tell Me You Love Me,2017-09-29,0,281880,https://open.spotify.com/track/4Qo1Au6jayUL4UOaJQrjpi,sad
6nIE1oCE4udqMGv3bqVNVb,Half a Heart,One Direction,Midnight Memories (Deluxe),2013-11-25,61,188546,https://open.spotify.com/track/6nIE1oCE4udqMGv3bqVNVb,sad
6uFsE1JgZ20EXyU0JQZbUR,Look What You Made Me Do,Taylor Swift,Look What You Made Me Do,2017-08-24,1,211859,https://open.spotify.com/track/6uFsE1JgZ20EXyU0JQZbUR,sad
00OfiD6zM2ivfpeAebzMqH,STFU,"mansionz, Spark Master Tape",Mansionz,2017-03-24,0,230878,https://open.spotify.com/track/00OfiD6zM2ivfpeAebzMqH,sad
4nNZ4ra9sJnsdixXELkfW5,Does It Feel,Charlie Puth,Nine Track Mind (Deluxe Edition),2016-11-11,48,218666,https://open.spotify.com/track/4nNZ4ra9sJnsdixXELkfW5,sad
45OALDywAY1JVLqI8eKF9y,Atmosphere,Bebe Rexha,All Your Fault: Pt. 1,2017-02-16,40,191200,https://open.spotify.com/track/45OALDywAY1JVLqI8eKF9y,sad
5Gd19NupVe5X8bAqxf9Iaz,Gorgeous,Taylor Swift,Gorgeous,2017-10-20,0,209680,https://open.spotify.com/track/5Gd19NupVe5X8bAqxf9Iaz,sad
0kF0fz89HNJ1afzJ1IE1rP,Say It to My Face,Madison Beer,As She Pleases,2018-02-02,0,189694,https://open.spotify.com/track/0kF0fz89HNJ1afzJ1IE1rP,sad
6ObpR8ek44tvWefQRcSo8K,Calling All My Lovelies,Bruno Mars,24K Magic,2016-11-17,64,250080,https://open.spotify.com/track/6ObpR8ek44tvWefQRcSo8K,sad
5Urkia74Of92bkvXda0ntZ,You're Not Sorry,Taylor Swift,Fearless (Australian Version),2008-11-11,0,261786,https://open.spotify.com/track/5Urkia74Of92bkvXda0ntZ,sad
2ZNowcE7ehJYEkChoRjSx0,Life Of The Party,Shawn Mendes,Handwritten (Deluxe),2015-04-13,0,214533,https://open.spotify.com/track/2ZNowcE7ehJYEkChoRjSx0,sad
5AnCLGg35ziFOloEnXK4uu,Adore You,Miley Cyrus,Bangerz (Deluxe Version),2013-10-04,78,278746,https://open.spotify.com/track/5AnCLGg35ziFOloEnXK4uu,sad
3JBB92odunFru2gOvI91x9,Don't Wanna Be Your Girl,Wet,Wet,2014-05-06,44,174093,https://open.spotify.com/track/3JBB92odunFru2gOvI91x9,sad
4tXsR2Hv3l85TQTwgEn3Um,Teardrops On My Guitar,Taylor Swift,Taylor Swift,2006-10-24,0,203040,https://open.spotify.com/track/4tXsR2Hv3l85TQTwgEn3Um,sad
0B0tYbVp7pDQAqKDhgMeaL,Too Good to Say Goodbye,Bruno Mars,24K Magic,2016-11-17,74,281826,https://open.spotify.com/track/0B0tYbVp7pDQAqKDhgMeaL,sad
7BPd2BMl1OI9oXzoJfGUj9,like that,Bea Miller,aurora,2018-02-23,0,185546,https://open.spotify.com/track/7BPd2BMl1OI9oXzoJfGUj9,sad
5DuacSyULR3rNptMu6i7VR,Water,Jack Garratt,Phase (Deluxe),2016-02-19,0,220760,https://open.spotify.com/track/5DuacSyULR3rNptMu6i7VR,sad
4YutJsNwBBInE8vemufpQ8,"Girl Crush - Recorded at Metropolis Studios, London",Harry Styles,Spotify Singles,2017-09-27,65,243804,https://open.spotify.com/track/4YutJsNwBBInE8vemufpQ8,sad
4uQY80TKE1u4ZQZQKHzVEi,The One That Got Away,Katy Perry,Teenage Dream,2010-08-24,66,227333,https://open.spotify.com/track/4uQY80TKE1u4ZQZQKHzVEi,sad
4cAXvxzp3q7NIg0gFXjjvi,Style,Taylor Swift,1989,2014-10-27,0,231000,https://open.spotify.com/track/4cAXvxzp3q7NIg0gFXjjvi,sad
62UQgDAEzQuKDwa0Lf8wt8,Bumper Cars,Alex & Sierra,It's About Us,2014-10-06,40,240173,https://open.spotify.com/track/62UQgDAEzQuKDwa0Lf8wt8,sad
026IC4Vj88QjLlnIPDExhz,Hurt Somebody (With Julia Michaels),"Noah Kahan, Julia Michaels",Hurt Somebody,2018-02-02,0,168640,https://open.spotify.com/track/026IC4Vj88QjLlnIPDExhz,sad
2RPNCUaDL2ixoY9wGpoJoQ,Unconditionally,Katy Perry,PRISM (Deluxe),2013-01-01,0,228878,https://open.spotify.com/track/2RPNCUaDL2ixoY9wGpoJoQ,sad
33IOhptvC2Qoy2UhjiHXLV,Flames,"David Guetta, Sia",Flames,2018-03-22,63,195000,https://open.spotify.com/track/33IOhptvC2Qoy2UhjiHXLV,sad
0CZ8lquoTX2Dkg7Ak2inwA,1950,King Princess,1950,2018-02-23,64,225133,https://open.spotify.com/track/0CZ8lquoTX2Dkg7Ak2inwA,sad
51wrmElSLxFzc0vSQPeTxs,Where Were You In The Morning?,Shawn Mendes,Shawn Mendes,2018-05-25,0,200600,https://open.spotify.com/track/51wrmElSLxFzc0vSQPeTxs,sad
3nc420PXjTdBV5TN0gCFkS,Ocean (feat. Khalid),"Martin Garrix, Khalid",Ocean (feat. Khalid),2018-06-15,65,216419,https://open.spotify.com/track/3nc420PXjTdBV5TN0gCFkS,sad
1UVuZnfWsGvS9TzZTVIkdv,Personal,HRVY,Talk To Ya - EP,2017-11-30,0,198040,https://open.spotify.com/track/1UVuZnfWsGvS9TzZTVIkdv,sad
49ZEWSKtYA3vpPdPLDW9b3,Black & Blue,Guy Sebastian,Black & Blue,2015-11-13,29,219314,https://open.spotify.com/track/49ZEWSKtYA3vpPdPLDW9b3,sad
5hH7Rb0DVsOStke6eGS9Sr,21,Mitch James,21,2018-05-18,29,201180,https://open.spotify.com/track/5hH7Rb0DVsOStke6eGS9Sr,sad
4S1GTwPVpkSy7CsJIDKPEz,You Deserve Better,James Arthur,You Deserve Better / At My Weakest,2018-06-01,45,207773,https://open.spotify.com/track/4S1GTwPVpkSy7CsJIDKPEz,sad
3tbNT2X5tfMIVeUflYbZUZ,Alone (Feat. Big Sean & Stefflon Don),"Halsey, Big Sean, Stefflon Don",Alone (Feat. Big Sean & Stefflon Don),2018-03-15,48,207457,https://open.spotify.com/track/3tbNT2X5tfMIVeUflYbZUZ,sad
5QskYLFPX9y7pLU0VEMNbr,Like To Be You feat. Julia Michaels,"Shawn Mendes, Julia Michaels",Shawn Mendes,2018-05-25,0,159400,https://open.spotify.com/track/5QskYLFPX9y7pLU0VEMNbr,sad
6RCp9hJWSExTOzNHrN1hSZ,Healing Hands,Conrad Sewell,Ghosts & Heartaches,2018-05-18,42,250820,https://open.spotify.com/track/6RCp9hJWSExTOzNHrN1hSZ,sad
0drLkWFnelMfeFQYnMcKKi,It's Cool,Zane Smith,It's Cool,2018-09-14,4,165550,https://open.spotify.com/track/0drLkWFnelMfeFQYnMcKKi,sad
0yc37FvbXRwwFaQxzpxbsd,Somebody To Love,OneRepublic,Somebody To Love,2019-09-04,44,181408,https://open.spotify.com/track/0yc37FvbXRwwFaQxzpxbsd,sad
6E11E0lT5Zy7yb6iT3y8DN,Want U Back,Cher Lloyd,Sticks & Stones,2012-10-02,61,214573,https://open.spotify.com/track/6E11E0lT5Zy7yb6iT3y8DN,sad
4oPWkP9zQ5ANBbfdHGOvKF,Woke Up Late (feat. Hailee Steinfeld),"Drax Project, Hailee Steinfeld",Drax Project,2019-09-27,52,181826,https://open.spotify.com/track/4oPWkP9zQ5ANBbfdHGOvKF,sad
6bt1R3HFqITysmy3W88M3c,pictures (feat. Kacey Musgraves),"Judah & the Lion, Kacey Musgraves",pictures (feat. Kacey Musgraves),2019-02-20,0,253868,https://open.spotify.com/track/6bt1R3HFqITysmy3W88M3c,sad
3Zwu2K0Qa5sT6teCCHPShP,Thnks fr th Mmrs,Fall Out Boy,Infinity On High,2007-01-01,79,203506,https://open.spotify.com/track/3Zwu2K0Qa5sT6teCCHPShP,sad
00vJzaoxM3Eja1doBUhX0P,All Too Well,Taylor Swift,reputation Stadium Tour Surprise Song Playlist,2017-11-09,33,329160,https://open.spotify.com/track/00vJzaoxM3Eja1doBUhX0P,sad
4NL9ZGK0BVf5E0XTRYyDfP,Sad Forever,Lauv,~how i'm feeling~,2019-10-03,0,203507,https://open.spotify.com/track/4NL9ZGK0BVf5E0XTRYyDfP,sad
3SxSrUogj4LpAkLKXeTtTQ,Always,Rex Orange County,Pony,2019-10-25,61,197333,https://open.spotify.com/track/3SxSrUogj4LpAkLKXeTtTQ,sad
3aOOdPuYGCRzrFEiTXABEd,Never Be Like You,"Flume, kai",Never Be Like You,2016-01-16,0,234909,https://open.spotify.com/track/3aOOdPuYGCRzrFEiTXABEd,sad
57MUBmB0IhftnHLtlQK9JP,Lost,Dermot Kennedy,Lost,2019-02-06,43,224305,https://open.spotify.com/track/57MUBmB0IhftnHLtlQK9JP,sad
58f9nTeQ3ORN2nvtWYbnON,Daydreams,Maisie Peters,Daydreams,2020-03-27,32,189109,https://open.spotify.com/track/58f9nTeQ3ORN2nvtWYbnON,sad
0hVZCUZKWsWFU6i5zlRZZr,Supalonely (Lownely),BENEE,Supalonely (Lownely),2020-05-05,37,199308,https://open.spotify.com/track/0hVZCUZKWsWFU6i5zlRZZr,sad
7wXCmUm9LMYdhhRkHzxt4L,Don't Need Love - Acoustic,"220 KID, GRACEY",Don't Need Love (Acoustic),2020-04-24,31,180466,https://open.spotify.com/track/7wXCmUm9LMYdhhRkHzxt4L,sad
55Qllj3GpyhKb8Cd2c0lUy,Late Night Therapy,flowerkid,Late Night Therapy,2018-03-27,26,358145,https://open.spotify.com/track/55Qllj3GpyhKb8Cd2c0lUy,sad
0C0ESa1ZZ5taXaYUxwnvx9,Warped Window,Anna Mieke,Idle Mind,2019-04-26,0,295265,https://open.spotify.com/track/0C0ESa1ZZ5taXaYUxwnvx9,sad
5v7R1oGmAtsUFHJg66awep,Lonely Star,Oh Wonder,Lonely Star,2020-04-03,0,237386,https://open.spotify.com/track/5v7R1oGmAtsUFHJg66awep,sad
5T9S5x5hEOvgGKWysm683a,not ur friend,Jeremy Zucker,not ur friend,2020-02-28,0,174520,https://open.spotify.com/track/5T9S5x5hEOvgGKWysm683a,sad
3XRkpk1KVFxCzzu3xVM79W,Better Off Without You (Acoustic feat. Shift K3Y),"Becky Hill, Shift K3Y",Better Off Without You (Acoustic feat. Shift K3Y),2020-02-28,39,212013,https://open.spotify.com/track/3XRkpk1KVFxCzzu3xVM79W,sad
0gySkOOewOdZtHG8stPEB8,Young & Sad,Noah Cyrus,THE END OF EVERYTHING,2020-05-15,52,190182,https://open.spotify.com/track/0gySkOOewOdZtHG8stPEB8,sad
2tSDwInMbSGmUySTeUgO5e,Love Like That,Lauv,~how i'm feeling~ (the extras),2019-12-19,0,184556,https://open.spotify.com/track/2tSDwInMbSGmUySTeUgO5e,sad
66aH9gXNBfTJUikVIZfzcA,Days Like This,Dermot Kennedy,Without Fear (The Complete Edition),2020-11-06,0,149803,https://open.spotify.com/track/66aH9gXNBfTJUikVIZfzcA,sad
3LO3fkXAyzyhKjfx0IBhCh,Another Love (Tom Odell) - slowed down,sped up + slowed,another love / heal - slowed down + sped up,2023-02-10,56,284120,https://open.spotify.com/track/3LO3fkXAyzyhKjfx0IBhCh,sad
3UiMKBSx4ItxVzOKiR0ZOT,Interstellar,Umbra,Interstellar,2024-03-05,56,119117,https://open.spotify.com/track/3UiMKBSx4ItxVzOKiR0ZOT,sad
1YwsrW8ZgYzyYZ2Bt7puXP,"chasing you everywhere, everyday",Addict.,"chasing you everywhere, everyday",2025-11-10,0,145968,https://open.spotify.com/track/1YwsrW8ZgYzyYZ2Bt7puXP,sad
3qAZvqSDXDQLwJzBKHohUb,I Love You So - Speed,Ren,I Love You So (Speed),2023-05-04,0,132678,https://open.spotify.com/track/3qAZvqSDXDQLwJzBKHohUb,sad
1OCBFqKr3OX0PdwwmtlWGY,Tired of Wanting You,BoyWithUke,Trouvaille,2021-03-05,53,124960,https://open.spotify.com/track/1OCBFqKr3OX0PdwwmtlWGY,sad
2tjPbMMxuBFOYMF1QYsc2O,iknowuloveme - slow version,"Alberto Ciccarini, Poul, REWEL",iknowuloveme,2025-11-10,0,166736,https://open.spotify.com/track/2tjPbMMxuBFOYMF1QYsc2O,sad
5kkVZBRDwc8OjbZgx7PM2R,Floating Interstellar,Dreamworld,Nightfall,2025-04-18,38,99038,https://open.spotify.com/track/5kkVZBRDwc8OjbZgx7PM2R,sad
4gYdAuDeHO8PnsYk96lg4m,My Fault,Delukelele,My Fault,2023-09-20,33,189397,https://open.spotify.com/track/4gYdAuDeHO8PnsYk96lg4m,sad
4xk0wIPJgBX0S3HOEvCtbe,Perfect Storm,DEVIN MØRE,Perfect Storm,2025-10-17,27,230228,https://open.spotify.com/track/4xk0wIPJgBX0S3HOEvCtbe,sad
0eSq0T0cNczkQ9RxsFjcsx,Romantic Homicide - Slowed + Reverb,"DJ Tec, TikTok Sounds",Romantic Homicide,2022-11-23,43,151567,https://open.spotify.com/track/0eSq0T0cNczkQ9RxsFjcsx,sad
6Ue4eh4Bv02RXGtz8aqPTO,Whispers In The Void,Dreamworld,Ecliptic Silence,2025-06-16,25,90783,https://open.spotify.com/track/6Ue4eh4Bv02RXGtz8aqPTO,sad
6MYSkZ3f5uMwLd6e7B2x5r,Romantic Homicide - Sped Up,"DJ Tec, TikTok Sounds",Romantic Homicide,2022-11-23,43,107514,https://open.spotify.com/track/6MYSkZ3f5uMwLd6e7B2x5r,sad
6fKKL1wIlGRT34qvtyup0R,Midnight,Dreamworld,Ecliptic Silence,2025-06-16,27,92629,https://open.spotify.com/track/6fKKL1wIlGRT34qvtyup0R,sad
3JvrhDOgAt6p7K8mDyZwRd,Riptide,Vance Joy,Dream Your Life Away (Special Edition),2014-09-08,10,204280,https://open.spotify.com/track/3JvrhDOgAt6p7K8mDyZwRd,sad
5cjagrNaegv6IQZKflkPTf,I Love You So - Acoustic,The Walters,I Love You So (Acoustic),2021-11-19,67,147333,https://open.spotify.com/track/5cjagrNaegv6IQZKflkPTf,sad
6XDBohkvajOwoqr8jHPjzQ,Those Eyes - Sped Up,New West,Those Eyes (Alternate Versions),2022-07-20,67,167658,https://open.spotify.com/track/6XDBohkvajOwoqr8jHPjzQ,sad
5UXJzLFdBn6u9FJTCnoHrH,Memories,Conan Gray,Superache,2022-06-24,79,248818,https://open.spotify.com/track/5UXJzLFdBn6u9FJTCnoHrH,sad
5MdjEBTSrMAv2kdqFVLveq,Calmly,Dreamworld,Ecliptic Silence,2025-06-16,19,90783,https://open.spotify.com/track/5MdjEBTSrMAv2kdqFVLveq,sad
2bGGzrMQ6g1yb5HgYFH08N,6 nights,"Ze66y, Blocktane, autrioly",6 nights,2025-11-07,27,147351,https://open.spotify.com/track/2bGGzrMQ6g1yb5HgYFH08N,sad
45kjWhIAQlUtMR8z2hRyKY,Wan Dark,Rachel Daku,Elegance is A Sin,2024-07-30,44,134615,https://open.spotify.com/track/45kjWhIAQlUtMR8z2hRyKY,sad
50Nvp4uBFLq02hz0v9tR2o,Ethereal Whispers,Dreamworld,Nightfall,2025-04-18,43,90312,https://open.spotify.com/track/50Nvp4uBFLq02hz0v9tR2o,sad
43fB7VvjJ54BQzaWUJmiJP,The Stars,Umbra,Nocturnus Umbra,2023-12-12,29,135428,https://open.spotify.com/track/43fB7VvjJ54BQzaWUJmiJP,sad
72VBmMUTEVWFcDUVgMbqo0,Atlantis - Sped Up Version,"Seafret, sped up + slowed",Atlantis,2016-01-29,62,212443,https://open.spotify.com/track/72VBmMUTEVWFcDUVgMbqo0,sad
3r44Otr6SVUja3SYsCuhVY,Shootout (Sped Up),"Izzamuzzic, Julien Marchal",Shootout (Sped Up),2022-07-08,58,242142,https://open.spotify.com/track/3r44Otr6SVUja3SYsCuhVY,sad
1qU6wBWwbwznxLqS00o5Ra,1 FONE CALL,Flight,1 FONE CALL,2025-11-06,17,132252,https://open.spotify.com/track/1qU6wBWwbwznxLqS00o5Ra,sad
6ZaiqbV2GfUtrUlhsu58fN,Step On Me,The Cardigans,First Band On The Moon (Remastered),1996-01-01,75,230185,https://open.spotify.com/track/6ZaiqbV2GfUtrUlhsu58fN,sad
7djLDvE9FPOo3MVnIsY0zu,J'me Tire,Rachel Rosenni,Elegance is A Sin,2024-07-30,40,131639,https://open.spotify.com/track/7djLDvE9FPOo3MVnIsY0zu,sad
2y51QpLzI5qbWfCcSx9Tu1,Wrecking Ball,Mother Mother,O My Heart,2008-09-23,0,194320,https://open.spotify.com/track/2y51QpLzI5qbWfCcSx9Tu1,sad
1ReaHI6Y1kU0Jvg6QFn15C,Nuvole Threnode,Nickolas Bercheri,Elegance is A Sin,2024-07-30,49,180913,https://open.spotify.com/track/1ReaHI6Y1kU0Jvg6QFn15C,sad
5M2UOMbsjnh7vOOGm5KC72,Silent Echoes,Dreamworld,Nightfall,2025-04-18,43,92495,https://open.spotify.com/track/5M2UOMbsjnh7vOOGm5KC72,sad
1aClHXASYR0xr7QReGX119,Into The Void,Dreamworld,Ecliptic Silence,2025-06-16,19,97658,https://open.spotify.com/track/1aClHXASYR0xr7QReGX119,sad
2K7xn816oNHJZ0aVqdQsha,Softcore,The Neighbourhood,Hard To Imagine The Neighbourhood Ever Changing,2018-11-02,85,206280,https://open.spotify.com/track/2K7xn816oNHJZ0aVqdQsha,sad
1lGxdHFKANVSEKUwmGmDbf,Serenity's Veil,Dreamworld,Nightfall,2025-04-18,39,97110,https://open.spotify.com/track/1lGxdHFKANVSEKUwmGmDbf,sad
4oDIYpray7vbmq2TOj7HoO,Debúte,Stefano Dormaritti,Elegance is A Sin,2024-07-30,50,127644,https://open.spotify.com/track/4oDIYpray7vbmq2TOj7HoO,sad
6zoq5IijpDuManYvVpwn7M,Trapzzoid,"Riff Raff, YNG BNZO, Ku$h Drifter",Trapzzoid,2025-08-29,39,139534,https://open.spotify.com/track/6zoq5IijpDuManYvVpwn7M,sad
3NWUIecw4oYXqdzULIH43x,Piano Lad,Piano Lad,Elegance is A Sin,2024-07-30,41,176677,https://open.spotify.com/track/3NWUIecw4oYXqdzULIH43x,sad
4hfa2apgu0Wvjqs0PUXiI4,Sunshine,TIDMORE,Tidmore,2025-10-24,29,170970,https://open.spotify.com/track/4hfa2apgu0Wvjqs0PUXiI4,sad
5mrxUVYEyowgATPU35aZay,The French Library,Franz Gordon,The French Library,2020-10-30,63,179702,https://open.spotify.com/track/5mrxUVYEyowgATPU35aZay,sad
5Zf25eS8E1znm9mez4cGsm,Reflections,Toshifumi Hinata,ひとつぶの海,1986-11-28,67,130693,https://open.spotify.com/track/5Zf25eS8E1znm9mez4cGsm,sad
1cyZIM22N8kmBqdATPBmI7,Nocturnal Waltz,Johannes Bornlöf,Nocturnal Waltz,2016-09-02,54,128766,https://open.spotify.com/track/1cyZIM22N8kmBqdATPBmI7,sad
4udilxarUrRrwYIIBGdIUL,By the Border,Lama House,By the Border,2020-06-17,39,159380,https://open.spotify.com/track/4udilxarUrRrwYIIBGdIUL,sad
1OeZaHZfc301gelC5cUbNm,Where is my Mind? - Piano Cover,The Blue Notes,Haunted Piano - Halloween Moods,2019-09-30,43,166400,https://open.spotify.com/track/1OeZaHZfc301gelC5cUbNm,sad
3Lsdp3mbD27MjxvTeFm0v3,You're in Love,Joe Hisaishi,Howl's Moving Castle Soundtrack,2004-11-19,59,71800,https://open.spotify.com/track/3Lsdp3mbD27MjxvTeFm0v3,sad
6YYv6hemXnF3GCYtMv8Gkh,Airy-Fairy Heart,Franz Gordon,Slow Day,2020-07-09,56,209464,https://open.spotify.com/track/6YYv6hemXnF3GCYtMv8Gkh,sad
59lUvVUixyLmC3u9kSIU1Y,Where's My Love - Piano Solo,SYML,Where's My Love,2017-07-07,0,274493,https://open.spotify.com/track/59lUvVUixyLmC3u9kSIU1Y,sad
6VkzAeRoBFxLSt65x4QJdm,Dance Hall Stories,Jaime Córdoba,Dance Hall Stories,2022-05-13,32,256750,https://open.spotify.com/track/6VkzAeRoBFxLSt65x4QJdm,sad
3s8MvMwLKnwCHlC7tGjNLo,Il Reste Du Temps,Lo Mimieux,Il Reste Du Temps,2018-09-07,38,193590,https://open.spotify.com/track/3s8MvMwLKnwCHlC7tGjNLo,sad
7eXaN14pwLY8FFqYlSIk7B,The Art Teacher,Franz Gordon,Nocturnal Daydream,2020-09-04,54,215583,https://open.spotify.com/track/7eXaN14pwLY8FFqYlSIk7B,sad
6lAjaDsvFwZMN7RZYyFtFP,Ex Libris - Cassette Version,Viggo Örn Fisker,Ex Libris (Cassette Version),2024-06-04,37,152000,https://open.spotify.com/track/6lAjaDsvFwZMN7RZYyFtFP,sad
6DLOwBAW94z1FgjbURDgw9,Elucidate In Minor,Dunja Musarova,Elucidate In Minor,2024-06-05,38,230000,https://open.spotify.com/track/6DLOwBAW94z1FgjbURDgw9,sad
2xqhsKSUBt8Wlfehalo7bY,Ephemeralist,Dunja Musarova,Ephemeralist,2024-07-10,38,148500,https://open.spotify.com/track/2xqhsKSUBt8Wlfehalo7bY,sad
0jGMCTvhLU38cYbdhUeQCx,Treasure Them,River Jones,Treasure Them,2024-06-24,38,122500,https://open.spotify.com/track/0jGMCTvhLU38cYbdhUeQCx,sad
6oRpQTuqevR6Lqa6eWBA4X,Eccedetesiast,Dunja Musarova,Eccedetesiast,2024-02-03,40,150909,https://open.spotify.com/track/6oRpQTuqevR6Lqa6eWBA4X,sad
0KDABYd8hJwtZw8bp4Z0LY,April,Viggo Örn Fisker,April,2023-02-10,38,150093,https://open.spotify.com/track/0KDABYd8hJwtZw8bp4Z0LY,sad
4BfxxeRFNSXd68mu22Vb3u,Summer Diary,Viggo Örn Fisker,Summer Diary,2024-06-26,39,131000,https://open.spotify.com/track/4BfxxeRFNSXd68mu22Vb3u,sad
6ezMbIteLXSnuNwmXLhwga,Ode to April,Oh Hiromi,Ode to April,2024-06-18,43,134000,https://open.spotify.com/track/6ezMbIteLXSnuNwmXLhwga,sad
6psdwI8AgVbCNlBgZpzRci,Like Sand Through an Hourglass,River Jones,Like Sand Through an Hourglass,2024-09-16,36,144000,https://open.spotify.com/track/6psdwI8AgVbCNlBgZpzRci,sad
0DxTEuqiERU7W4Cfy6IeLa,"Carnival of the Animals, R. 125: The Swan","Camille Saint-Saëns, Philippe Entremont, Gaby Casadesus, Yo-Yo Ma, Michel Cerruti, Michel Cals, Régis Pasquier, Yan Pascal Tortelier, Gabin Lauridon, Gerard Causse, Alain Marion, Michel Arrignon",Saint-Saëns: Organ Symphony; Bacchanale; Danse Macabre; Carnaval des Animaux,1961,57,184706,https://open.spotify.com/track/0DxTEuqiERU7W4Cfy6IeLa,sad
5SdFjBxITqqxClGOqWDgrk,In the Stillness,Megan Wofford,Redefine,2020-07-17,34,149284,https://open.spotify.com/track/5SdFjBxITqqxClGOqWDgrk,sad
59Y2voKQ0Ie6ptgS5VrnEn,Monastral,Arden Forest,Aureolin,2019-07-19,37,123773,https://open.spotify.com/track/59Y2voKQ0Ie6ptgS5VrnEn,sad
5NGtFXVpXSvwunEIGeviY3,Gymnopédie No. 1,"Erik Satie, Philippe Entremont",Erik Satie & Friends,2016-04-01,70,205866,https://open.spotify.com/track/5NGtFXVpXSvwunEIGeviY3,sad
3weNRklVDqb4Rr5MhKBR3D,Nuvole Bianche,Ludovico Einaudi,Una Mattina,2004-01-01,73,357706,https://open.spotify.com/track/3weNRklVDqb4Rr5MhKBR3D,sad
3qlWyv2wrWHPNfDVbxXh4s,End of the Summer,Toshifumi Hinata,ひとつぶの海,1986-11-28,41,108733,https://open.spotify.com/track/3qlWyv2wrWHPNfDVbxXh4s,sad
5gJvJ18ZCVdiLXfczZaKgL,Moonlight Sonata (1st Movement),Rousseau,Moonlight Sonata (1st Movement),2018-08-01,50,419577,https://open.spotify.com/track/5gJvJ18ZCVdiLXfczZaKgL,sad
6IMe9G2OJ4oYnat0uzpYuW,Ghost Lullaby,Lucas King,Dark Piano Radio Volume 3,2020-09-05,35,224026,https://open.spotify.com/track/6IMe9G2OJ4oYnat0uzpYuW,sad
3vJdKZZzOlkIhGDTXSHazA,"Fantasia (for Nausicaä) - From ""Nausicaä of the Valley of the Wind"" - Piano Version","Joe Hisaishi, Tamara Anna Cislowska",One Summer's Day: Studio Ghibli favourites for solo piano by Joe Hisaishi,2021-04-09,0,447280,https://open.spotify.com/track/3vJdKZZzOlkIhGDTXSHazA,sad
1O4aa9DOL7UZoqUlkaEUCe,Pain,Lucas King,Dark Piano for Dark Thoughts,2017-06-25,31,175255,https://open.spotify.com/track/1O4aa9DOL7UZoqUlkaEUCe,sad
1Ddv17rPznOpSEgcs4dZjF,Alone in the Dark,Vadim Kiselev,Melancholy,2012-05,0,206367,https://open.spotify.com/track/1Ddv17rPznOpSEgcs4dZjF,sad
35nnCsIwZWpuU0GI5ia6Bl,Liar,Lucas King,Liar,2020-05-31,35,616071,https://open.spotify.com/track/35nnCsIwZWpuU0GI5ia6Bl,sad
2CPnPnfbCMESaNpBQbeA0X,The Piano Duet,Danny Elfman,Tim Burton's Corpse Bride Original Motion Picture Soundtrack (U.S. Release),2005-09-20,59,113306,https://open.spotify.com/track/2CPnPnfbCMESaNpBQbeA0X,sad
1fvRueeK5f60hkG1VzoXXq,Victor's Piano Solo,Danny Elfman,Tim Burton's Corpse Bride Original Motion Picture Soundtrack (U.S. Release),2005-09-20,60,78000,https://open.spotify.com/track/1fvRueeK5f60hkG1VzoXXq,sad
0aTqLGkslmsvtW2DGpHG5Q,In The Dark Hours,Anon Berg,In The Dark Hours,2020-08-24,35,175416,https://open.spotify.com/track/0aTqLGkslmsvtW2DGpHG5Q,sad
6BUBha3itP0fhOR5g7YUDL,Absent,Lucas King,Dark Piano Radio Volume 3,2020-09-05,26,170945,https://open.spotify.com/track/6BUBha3itP0fhOR5g7YUDL,sad
5H4bGIqpogCR644NEC1790,C'est La Vie,Karen Biehl,C'est La Vie,2020-01-04,36,204486,https://open.spotify.com/track/5H4bGIqpogCR644NEC1790,sad
31CfcS68XRWDQwhQNpn4YR,Emptiness,Piotr Wiese,Emptiness,2020-08-07,24,131766,https://open.spotify.com/track/31CfcS68XRWDQwhQNpn4YR,sad
7eYv5oHdeOkIXC5YOpxPLR,A Heart Made of Yarn,Franz Gordon,A Heart Made of Yarn,2020-02-21,52,203070,https://open.spotify.com/track/7eYv5oHdeOkIXC5YOpxPLR,sad
1DOMGngtpVWJBCQpu2jOeP,Somewhere in Between,Jacob LaVallee,Somewhere in Between,2020-01-08,59,181992,https://open.spotify.com/track/1DOMGngtpVWJBCQpu2jOeP,sad
6v9NSPo1KrMjDLb5lGc9x3,"G Minor Bach (From ""Piano Tiles 2"")",Jacob's Piano,"G Minor Bach (From ""Piano Tiles 2"")",2018-05-16,0,200000,https://open.spotify.com/track/6v9NSPo1KrMjDLb5lGc9x3,sad
6xMKis8h8KEUbVNBT2JiI8,Gymnopédie No. 1 (Erik Satie),Myuu,Ballad Collection,2016-06-29,34,219296,https://open.spotify.com/track/6xMKis8h8KEUbVNBT2JiI8,sad
7l2CT1m2Fr9p5aQEYV6TEj,Lisa's waltz,Lisa Chong,Lisa's waltz,2019-08-09,38,129812,https://open.spotify.com/track/7l2CT1m2Fr9p5aQEYV6TEj,sad
4y5pAAiq7zGMejPPAxvth7,The Unspoken,Jef Martens,Crashing In Slow Motion,2019-12-13,31,173100,https://open.spotify.com/track/4y5pAAiq7zGMejPPAxvth7,sad
6Db1KvUpqQ6cKRLJ6L7aDm,Dark Taupe,Arden Forest,Dark Taupe,2018-03-16,39,156199,https://open.spotify.com/track/6Db1KvUpqQ6cKRLJ6L7aDm,sad
2qz4vG6T2PYAYP5YU9dULG,In This Moment,Gavin Luke,In This Moment,2018-08-10,50,166827,https://open.spotify.com/track/2qz4vG6T2PYAYP5YU9dULG,sad
0ohpSEyYyl1CG52Ef4t6NE,A House Full of Memories,John Abbot,A House Full of Memories,2020-05-30,25,196339,https://open.spotify.com/track/0ohpSEyYyl1CG52Ef4t6NE,sad
5C4t6U8yLBmG5xbUhJ205E,In a Bar in Buenos Aires,Franz Gordon,In a Bar in Buenos Aires,2019-11-15,40,166900,https://open.spotify.com/track/5C4t6U8yLBmG5xbUhJ205E,sad
5vIug0SecVlX2XcfsZnJ3B,African Violet,Arden Forest,Dark Taupe,2018-03-16,37,182435,https://open.spotify.com/track/5vIug0SecVlX2XcfsZnJ3B,sad
1cf3FeaG31K4LcYXOUXJ1J,Nocturnal Daydream,Franz Gordon,Nocturnal Daydream,2020-09-04,41,210695,https://open.spotify.com/track/1cf3FeaG31K4LcYXOUXJ1J,sad
1HDpkg26EFGz8mgUX8dqzo,Ending (Scaled Down Version),Peter Sandberg,Balm,2016-06-17,29,135041,https://open.spotify.com/track/1HDpkg26EFGz8mgUX8dqzo,sad
7xfSCgVOkQJhVxnqzepATH,"Moonlight Sonata (First Movement from Piano Sonata No. 14, Op. 27 No. 2)","Ludwig van Beethoven, Luke Woodapple",Peaceful Moments (One Hour of Relaxing Instrumentals),2017-08-04,54,294883,https://open.spotify.com/track/7xfSCgVOkQJhVxnqzepATH,sad
73w6IxD084AhW99FbAkMtc,Melancholy (Original Mix),Alexey Kosenko,"Loungebar, Vol. 6",2016-03-05,31,216058,https://open.spotify.com/track/73w6IxD084AhW99FbAkMtc,sad
6N3TcSODt2ZYY8VQ1K9mmu,Nocturne in Paris,Tony Anderson,Chasm,2018-10-18,0,435125,https://open.spotify.com/track/6N3TcSODt2ZYY8VQ1K9mmu,sad
7GDiHI4QQPPHDg5CvWrLqo,Chopin - Nocturne Op. 9 No. 2 In E Flat Major,PianoDreams,PianoDreams - Originals and Classics,2014-08-08,0,234057,https://open.spotify.com/track/7GDiHI4QQPPHDg5CvWrLqo,sad
0eoHzI456z8FK5o0g7pdGn,"Ravel: Miroirs, M. 43: III. Une barque sur l'océan","Maurice Ravel, Bertrand Chamayou",Ravel: Complete Works for Solo Piano,2016-01-15,38,420186,https://open.spotify.com/track/0eoHzI456z8FK5o0g7pdGn,sad
5u8xycIWRjusC3FmHy8Hmn,"Préludes Book 1, L. 117: III. La Cathedrale Engloutie","Claude Debussy, Martin Jones",Debussy: Clair De Lune and Other Piano Favourites,1994,40,358000,https://open.spotify.com/track/5u8xycIWRjusC3FmHy8Hmn,sad
6FYvNzMvRmSeO2LxBTWjco,Attesa,GUIDO,Attesa,2020-06-18,0,288000,https://open.spotify.com/track/6FYvNzMvRmSeO2LxBTWjco,sad
2TmvHICqnsnC25Mc9vmssA,The Scent of Petrichor,Franz Gordon,The French Library,2020-10-30,48,151418,https://open.spotify.com/track/2TmvHICqnsnC25Mc9vmssA,sad
4LmDvBu7x3Udb2ntXcFyOy,Eternal Slumber,Yonder Dale,Eternal Slumber,2019-11-08,37,155595,https://open.spotify.com/track/4LmDvBu7x3Udb2ntXcFyOy,sad
17DJuwGNugAo1UzfyA7On8,Himitsu,Lama House,By the Border,2020-06-17,30,158211,https://open.spotify.com/track/17DJuwGNugAo1UzfyA7On8,sad
6LYovcza2hWAWuD0z5cOdi,The Forest Grand,Trevor Kowalski,The Forest Grand,2020-10-23,39,162974,https://open.spotify.com/track/6LYovcza2hWAWuD0z5cOdi,sad
0ltGW9V99yHuAk5U2kZYM6,The Rose And The Thorn,Johannes Bornlöf,The Rose And The Thorn,2018-10-19,45,349431,https://open.spotify.com/track/0ltGW9V99yHuAk5U2kZYM6,sad
1xgAjWwNRYOtrChDZY3qRJ,Humdrum Days,Franz Gordon,A Heart Made of Yarn,2020-02-21,27,173677,https://open.spotify.com/track/1xgAjWwNRYOtrChDZY3qRJ,sad
1E9NKqazhGytiA11HptoMf,Slow Day,Franz Gordon,Slow Day,2020-07-09,39,160185,https://open.spotify.com/track/1E9NKqazhGytiA11HptoMf,sad
4rX0odCVfkcEL8PaK7jNHK,Exile,Lo Mimieux,Exile,2020-08-21,32,155091,https://open.spotify.com/track/4rX0odCVfkcEL8PaK7jNHK,sad
5oH4ekbtXIsgJWaizrhixT,The Beggar,Franz Gordon,Time Twogether,2020-06-12,43,185706,https://open.spotify.com/track/5oH4ekbtXIsgJWaizrhixT,sad
191zpxc3CZlA3zyq7H7soz,Be Silent With Me,Line Neesgaard,Dreamless Sleep,2011-11-18,21,143562,https://open.spotify.com/track/191zpxc3CZlA3zyq7H7soz,sad
7uvey8m0ZfknE25sBVWoGY,Cessura,Ever So Blue,Fragment,2019-07-26,46,185390,https://open.spotify.com/track/7uvey8m0ZfknE25sBVWoGY,sad
2YIC6Cp33wgMVEYruivCuH,Heart of the River of the Sun,Lama House,Heart of the River of the Sun,2020-08-07,34,151782,https://open.spotify.com/track/2YIC6Cp33wgMVEYruivCuH,sad
2FCFesDX0QOFkKIzpoqWD6,Sleeping like the Birchwood,Rand Aldo,Sleeping Like the Birchwood,2019-09-27,35,204000,https://open.spotify.com/track/2FCFesDX0QOFkKIzpoqWD6,sad
2CVoj73sTbBrfBoQTEk7yO,Forget,Jakob Ahlbom,Like Home,2019-11-22,38,137290,https://open.spotify.com/track/2CVoj73sTbBrfBoQTEk7yO,sad
4beOMe1MHvMmxduEIR07BN,Aurora,Snow in April,Aurora,2019-10-18,49,119187,https://open.spotify.com/track/4beOMe1MHvMmxduEIR07BN,sad
3YMYpyD7W2pSbKvESHI27t,Altostratus,Franz Gordon,Flirting at the Masquerade,2019-10-04,35,157303,https://open.spotify.com/track/3YMYpyD7W2pSbKvESHI27t,sad
3AN3EXUyuOu523oKbTXVW9,Autumn in Bruges,Randy Oppenheim,Autumn in Bruges,2019-10-18,33,121250,https://open.spotify.com/track/3AN3EXUyuOu523oKbTXVW9,sad
3hqCeRRTNreQ9CFtpk19JR,La vérité,Mano Vecina,La vérité,2020-02-18,42,147407,https://open.spotify.com/track/3hqCeRRTNreQ9CFtpk19JR,sad
14YrfGK4lZT1IGScU4DibV,Valse pour le premier jour du printemps,Biba Dupont,A Journey Between Us,2019-12-20,25,206562,https://open.spotify.com/track/14YrfGK4lZT1IGScU4DibV,sad
0djBbURQR8Zu4SD4K48lzJ,October stroll,Jutila,October stroll,2019-11-15,38,129250,https://open.spotify.com/track/0djBbURQR8Zu4SD4K48lzJ,sad
6yi3uNQ0tVi4qjgbmuPGLv,La Fille Sans Larmes,Lo Mimieux,Il Reste Du Temps,2018-09-07,48,155827,https://open.spotify.com/track/6yi3uNQ0tVi4qjgbmuPGLv,sad
3LYU4JAT6xnEufa2BBwe89,The Remedy,Ana Olgica,The Remedy,2020-04-20,35,174614,https://open.spotify.com/track/3LYU4JAT6xnEufa2BBwe89,sad
4IMXgViQWKGQku8DPaF9Bm,Awake,Megan Wofford,Awake,2019-10-11,32,142271,https://open.spotify.com/track/4IMXgViQWKGQku8DPaF9Bm,sad
4iUW2jCsr1jofP9GQGuXPh,Mère bien-aimée,Céline Aubin,Mère bien-aimée,2020-03-06,39,136250,https://open.spotify.com/track/4iUW2jCsr1jofP9GQGuXPh,sad
677mAMd1eOH1pltC797UYs,In This Way,Jacob LaVallee,In This Way,2020-03-12,43,189968,https://open.spotify.com/track/677mAMd1eOH1pltC797UYs,sad
2ebLKk0oGuiVzJz9JCXnVs,Secrets of the Earth,Lama House,Secrets of the Earth,2020-01-17,42,144530,https://open.spotify.com/track/2ebLKk0oGuiVzJz9JCXnVs,sad
3I3WY0C7AQMe6Z6hMUQqd5,Vals De Rodrigues,Eric Badanti,Vals De Rodrigues,2019-09-05,44,161209,https://open.spotify.com/track/3I3WY0C7AQMe6Z6hMUQqd5,sad
5YV7DDnx69mk6OoQw3og12,Watching You In The Morning,Waltzin,Turquoise,2020-10-16,54,124250,https://open.spotify.com/track/5YV7DDnx69mk6OoQw3og12,sad
6dfdNTuLOK8eFusN8HaQg8,Clocks,Luke Faulkner,Clocks,2020-02-21,50,169750,https://open.spotify.com/track/6dfdNTuLOK8eFusN8HaQg8,sad
4bn5nDWccvgalkZGVzth00,Aldebaran,S.A. Karl,Aldebaran,2020-07-31,43,198000,https://open.spotify.com/track/4bn5nDWccvgalkZGVzth00,sad
0paObwS131dDajVtwORiYq,Before the War,Lama House,Secrets of the Earth,2020-01-17,33,179553,https://open.spotify.com/track/0paObwS131dDajVtwORiYq,sad
4FpFfqoAlmkykj4E7nIhsZ,Incandescence,Rebecca Leonard,Incandescence,2020-01-07,36,117516,https://open.spotify.com/track/4FpFfqoAlmkykj4E7nIhsZ,sad
1N8QlsZ8q16cmdGqlKVWpv,Waltz,Sergio Díaz De Rojas,Waltz,2019-08-30,35,108001,https://open.spotify.com/track/1N8QlsZ8q16cmdGqlKVWpv,sad
1BncfTJAWxrsxyT9culBrj,Experience,"Ludovico Einaudi, Daniel Hope, I Virtuosi Italiani",In A Time Lapse,2013-01-01,78,315426,https://open.spotify.com/track/1BncfTJAWxrsxyT9culBrj,sad
5wC4AmhFaOmM3OAGwkKyhi,Claire de Lune,"Claude Debussy, Latvian Philharmonic Chamber Orchestra, Imar Lapinsch",Debussy: Prelude to the Afternoon of a Faun - Scottish March - Claire de Lune - La Mer,2009-01-01,38,261760,https://open.spotify.com/track/5wC4AmhFaOmM3OAGwkKyhi,sad
1R8h6rhCVAs8kEL6rkc1ZI,Merry-Go-Round of Life (From Howl's Moving Castle Original Soundtrack) - Live (Remastered),Nuvo Orchestra,Studio Ghibli Meets Orchestra [Live (Remastered)],2020-05-25,49,213146,https://open.spotify.com/track/1R8h6rhCVAs8kEL6rkc1ZI,sad
5v7qqDPl9KRifoMV4GrLki,The English Affair,Howard Harper-Barnes,Pemberleigh,2017-07-07,54,123805,https://open.spotify.com/track/5v7qqDPl9KRifoMV4GrLki,sad
59eTbibtvvBIGj27eN3zqq,Le Cygne,"Camille Saint-Saëns, Stéphane Tétreault, Fabien Gabel, Orchestre Symphonique De Québec",Saint-Saëns & Tchaikovsky,2012-09-25,59,214986,https://open.spotify.com/track/59eTbibtvvBIGj27eN3zqq,sad
3sdouK48G7qoTzpvBS67Px,"Swan Lake, Ballet Suite, Op. 20: I. Scène (Lake in the Moonlight)","Pyotr Ilyich Tchaikovsky, Mstislav Rostropovich, Berliner Philharmoniker",Tchaikovsky's Swan Lake Suite,2013-08-06,0,185440,https://open.spotify.com/track/3sdouK48G7qoTzpvBS67Px,sad
2vBIOyCqBAoZ4Fxc4JOKL3,Sentient,Gavin Luke,Sentient,2020-10-02,43,205625,https://open.spotify.com/track/2vBIOyCqBAoZ4Fxc4JOKL3,sad
2oUX4i8ByoaDrHHz9z5Bga,"Tchaikovsky: The Nutcracker, Op. 71, Act 2: No. 14a, Pas de deux. Andante maestoso","Pyotr Ilyich Tchaikovsky, Sir Simon Rattle, Berliner Philharmoniker",Tchaikovsky: The Nutcracker,2010-10-11,60,306533,https://open.spotify.com/track/2oUX4i8ByoaDrHHz9z5Bga,sad
3NVehNx8MhemDztKK9Fnhv,Notes to Self,Gavin Luke,Sentient,2020-10-02,22,173314,https://open.spotify.com/track/3NVehNx8MhemDztKK9Fnhv,sad
3qvB1RlbBhKRj0Ysto4PCW,La Tour - Orchestral Version,"Samuel Lindon, Ensemble Cordes De La Mer",La Tour (Orchestral Version),2019-06-17,35,139216,https://open.spotify.com/track/3qvB1RlbBhKRj0Ysto4PCW,sad
4xBIBK7oxjGzJtC1VvEIsH,I Will Remember,Gavin Luke,Sentient,2020-10-02,29,162728,https://open.spotify.com/track/4xBIBK7oxjGzJtC1VvEIsH,sad
4SJMaYakBNr2wiEyeQ4129,Waltz For Tomorrow,Milo Edale,1993,2019-02-08,33,128076,https://open.spotify.com/track/4SJMaYakBNr2wiEyeQ4129,sad
2DPCymMTTu2SbGsPe7wPSU,Bibo No Aozora,evighet.,Bibo No Aozora,2017-12-22,35,198030,https://open.spotify.com/track/2DPCymMTTu2SbGsPe7wPSU,sad
7jYOivheBtZYcsnJhQOMXT,Solitaire,Christopher Dicker,Solitaire,2019-09-06,34,114070,https://open.spotify.com/track/7jYOivheBtZYcsnJhQOMXT,sad
3Y6mpGfRjQjZmHEDmz4lOB,lament,Teodor Wolgers,sensations,2019-06-14,30,183000,https://open.spotify.com/track/3Y6mpGfRjQjZmHEDmz4lOB,sad
2LNOrSjCSR1Ap7QOZLbJnd,Pas de deux,Lucas Vendrai,Pas de deux,2019-08-09,37,138135,https://open.spotify.com/track/2LNOrSjCSR1Ap7QOZLbJnd,sad
1PYVWMwBocquvlCpYzwwxA,Color Me Blue,Akane,Color Me Blue,2020-08-24,55,190635,https://open.spotify.com/track/1PYVWMwBocquvlCpYzwwxA,sad
2EM4VgkziPAipzXxnpevx8,Theben,Oskar Schuster,Xorkia (Collected Singles),2020-04-10,36,162749,https://open.spotify.com/track/2EM4VgkziPAipzXxnpevx8,sad
77acERwsT7ckC0hF1ehvUA,Reflections,Eamonn Watt,Reflections,2020-01-17,0,207287,https://open.spotify.com/track/77acERwsT7ckC0hF1ehvUA,sad
3AZJgN2201Etx46AlOsCYu,Airbourne,Eric Badanti,Airbourne,2019-10-01,40,238588,https://open.spotify.com/track/3AZJgN2201Etx46AlOsCYu,sad
4Ijwesioa4wOJMiZIbxqNz,Merry Go Round of Life (From Howl's Moving Castle Original Motion Picture Soundtrack),Grissini Project,Merry Go Round of Life (From Howl's Moving Castle Original Motion Picture Soundtrack),2019-05-16,48,342872,https://open.spotify.com/track/4Ijwesioa4wOJMiZIbxqNz,sad
0n28PXtudWAJzjDqNczdS6,Water,by Gunnarsson,Elements,2018-04-27,43,192000,https://open.spotify.com/track/0n28PXtudWAJzjDqNczdS6,sad
53JV92TTWHIllhui4TkoU2,Impasse des Bourdonnais,Projet Calmant,Impasse des Bourdonnais,2019-03-14,33,67895,https://open.spotify.com/track/53JV92TTWHIllhui4TkoU2,sad
7JpHBZSAGPFsSlYUBL8OeI,Le banc,Papa Tout Gris,Le banc,2019-12-03,0,120329,https://open.spotify.com/track/7JpHBZSAGPFsSlYUBL8OeI,sad
6JmgdhklkWQBWZBhh8Too2,Crossing Paths,Lake Isabel,Crossing Paths,2020-07-24,50,178958,https://open.spotify.com/track/6JmgdhklkWQBWZBhh8Too2,sad
0cCb6YtxKMYur2ZXqndAvH,Callistea,Rhonda Holland,Callistea,2019-11-26,29,151893,https://open.spotify.com/track/0cCb6YtxKMYur2ZXqndAvH,sad
1uy9On9Gs8sTSwRYfaR8c5,What The Rain Whispered Softly,Jef Martens,Avondland,2020-07-24,49,120125,https://open.spotify.com/track/1uy9On9Gs8sTSwRYfaR8c5,sad
5uPgn899inp8HOHHzwUQhG,Sonder,Niall Byrne,Sonder,2020-10-30,39,137793,https://open.spotify.com/track/5uPgn899inp8HOHHzwUQhG,sad
6R2xwpl2sTrDjY3IVVvrgY,The Trees That Blow No More,Josh Kramer,Roots,2019-10-18,36,179248,https://open.spotify.com/track/6R2xwpl2sTrDjY3IVVvrgY,sad
6FYGyPEvb8g6toIfTwZTOH,Pour tes yeux,Genevieve Beaumont,Pour tes yeux,2020-02-20,35,117256,https://open.spotify.com/track/6FYGyPEvb8g6toIfTwZTOH,sad
6fa63FeOuZ5n3zbb03gUXI,All The Little Things You Say,Jef Martens,Sketches Of You,2020-10-29,30,124375,https://open.spotify.com/track/6fa63FeOuZ5n3zbb03gUXI,sad
4MvqWzm7BDfHKkms39axnn,Einaudi: Elegy For The Arctic,Ludovico Einaudi,Elegy For The Arctic,2016-11-11,51,158537,https://open.spotify.com/track/4MvqWzm7BDfHKkms39axnn,sad
3YYKrn3iGOAel605Znt3ai,"Comptine d'un autre été, l'après-midi",Yann Tiersen,Amelie from Montmartre (Original SoundTrack),2001-04-23,0,140733,https://open.spotify.com/track/3YYKrn3iGOAel605Znt3ai,sad
2yJSmc4zKPW6JHSKTnuwB6,After The Silence,Léon Branche,After The Silence,2020-03-16,34,143277,https://open.spotify.com/track/2yJSmc4zKPW6JHSKTnuwB6,sad
5aMf0OItsp4ogKpcbrGrMP,Cloudy Waltz,Eric Cadogan,Cloudy Waltz,2019-11-01,32,121000,https://open.spotify.com/track/5aMf0OItsp4ogKpcbrGrMP,sad
5NH7f7qokbw0GmEbztG9qv,Lost For Words,Leslie Miles,Miles Away,2020-02-07,35,167000,https://open.spotify.com/track/5NH7f7qokbw0GmEbztG9qv,sad
3qKSYY6Sds4jltPME6UFMm,Magnolia,Snow in April,Magnolia,2019-07-19,40,148407,https://open.spotify.com/track/3qKSYY6Sds4jltPME6UFMm,sad
1sAsclZEYoNjzUmopro1aN,Amour perdu,Francine Leblanc,Amour perdu,2020-02-28,33,139296,https://open.spotify.com/track/1sAsclZEYoNjzUmopro1aN,sad
55S0Xumnc0oNtM3fzh2Oex,Sand Between Our Fingers,Comet Blue,Sand Between Our Fingers,2020-05-29,32,168125,https://open.spotify.com/track/55S0Xumnc0oNtM3fzh2Oex,sad
5oUpaOmI9McopBOykkk4CC,I Hear Your Wish,Mildred Wolf,I Hear Your Wish,2019-10-11,24,123124,https://open.spotify.com/track/5oUpaOmI9McopBOykkk4CC,sad
0Ps06t6y2hfHLsuboMiSgv,D-Bus-Y,Dominique Marais,D-Bus-Y,2020-01-17,32,170880,https://open.spotify.com/track/0Ps06t6y2hfHLsuboMiSgv,sad
5DuNs8KmyX0Rhpa5cwujXT,Problématique,Lenovie,Problématique,2020-03-24,33,103147,https://open.spotify.com/track/5DuNs8KmyX0Rhpa5cwujXT,sad
1DoJstoD8T1VDcmu1fZEvq,La tendresse,Dominique Charpentier,Lueurs,2019-11-22,42,144000,https://open.spotify.com/track/1DoJstoD8T1VDcmu1fZEvq,sad
33OZfgnKaW6KKXwR0iyvZ2,One Thousand Stars For You,"Christophe Luciani, RaiFa",One Thousand Stars For You,2019-11-08,0,102000,https://open.spotify.com/track/33OZfgnKaW6KKXwR0iyvZ2,sad
2Wq70oxNy3i4KOW175fUs2,Reveries,Ava Cerasoli,Reveries,2020-09-28,33,215703,https://open.spotify.com/track/2Wq70oxNy3i4KOW175fUs2,sad
3iyH2B4dcjufYE0ZjiUZsC,Ex Nihilo Nihil Fit,Elder Lockhart,Ex Nihilo Nihil Fit,2020-03-27,31,155374,https://open.spotify.com/track/3iyH2B4dcjufYE0ZjiUZsC,sad
7fTHBM5T28dnHI9uJXUaop,Shadowman's Waltz,Franz Gordon,Shadowman's Waltz,2019-06-07,39,162151,https://open.spotify.com/track/7fTHBM5T28dnHI9uJXUaop,sad
27karxKKZkyYNVgVdRu6me,Pain Au Chocolat,Morieux,Winter Mornings,2019-12-03,27,185975,https://open.spotify.com/track/27karxKKZkyYNVgVdRu6me,sad
2QdIzYZgex1rqQ2OjA2LTb,Rue de Rivoli,Francine Leblanc,Rue de Rivoli,2020-01-09,35,129930,https://open.spotify.com/track/2QdIzYZgex1rqQ2OjA2LTb,sad
6w2FKNd3zDRJGJ0krZxWPi,Raindrops,Way Beyond,Raindrops,2019-11-22,32,114199,https://open.spotify.com/track/6w2FKNd3zDRJGJ0krZxWPi,sad
3uz5pvPIZEkgRgOpaP20Ge,Parce que tu me manques,Lucas Bernard,Parce que tu me manques,2020-02-20,32,110039,https://open.spotify.com/track/3uz5pvPIZEkgRgOpaP20Ge,sad
71FyCYER6qLUvHTnauDTCO,Valse De Marimón,Etienne Balestre,Valse De Marimón,2020-04-20,34,198000,https://open.spotify.com/track/71FyCYER6qLUvHTnauDTCO,sad
0L9UEpsXp2MxjxxCq6WbBC,Le Saut,Dominique Marais,Le Saut,2020-03-16,30,190054,https://open.spotify.com/track/0L9UEpsXp2MxjxxCq6WbBC,sad
7lkkpBe13UFrPIe9Ffn2cb,Op Die Fiets,Annebelle Coenraad,Op Die Fiets,2020-02-14,31,141250,https://open.spotify.com/track/7lkkpBe13UFrPIe9Ffn2cb,sad
6dHlvIZhsp3Ts3MUsyudKa,Longing For Yesterday,Charles Weathersby,Longing For Yesterday,2020-10-02,30,217000,https://open.spotify.com/track/6dHlvIZhsp3Ts3MUsyudKa,sad
2MdnNxK70QIHwW999cttyQ,Airborne,Maria Novotna,Airborne,2021-01-01,25,161644,https://open.spotify.com/track/2MdnNxK70QIHwW999cttyQ,sad
0MZLYz53DpybjWQNbL7dja,Kapillaar,Jan Thiel,Süda,2020-01-31,34,197250,https://open.spotify.com/track/0MZLYz53DpybjWQNbL7dja,sad
4tZrXQIEgv3dydaHjKL6Le,Steady The Ship,Ragnar Seaholm,Steady The Ship,2020-09-04,38,156000,https://open.spotify.com/track/4tZrXQIEgv3dydaHjKL6Le,sad
19y9qRgaPMPy1m9k6zcj3D,Toska,Alina Yanovna,Toska,2020-04-22,34,126888,https://open.spotify.com/track/19y9qRgaPMPy1m9k6zcj3D,sad
57cnKa2QfwxhWRY7ZiabvW,Valse De Beaufort,Etienne Balestre,Valse De Beaufort,2020-08-24,35,163030,https://open.spotify.com/track/57cnKa2QfwxhWRY7ZiabvW,sad
6ZolaAx9dpXGBDlD83TGAT,Sleepy Meadows,Julia Andersson,Promise / Sleepy Meadows,2020-11-06,0,209000,https://open.spotify.com/track/6ZolaAx9dpXGBDlD83TGAT,sad
3AogJjKJYSIEiXx8Xfq9Z9,Continuo,Mauro Cangemi,Continuo,2020-04-06,41,134216,https://open.spotify.com/track/3AogJjKJYSIEiXx8Xfq9Z9,sad
6YHv9P7hOoIXajDtFLjDFI,Fluctuations of the Mind,Carl Bonet,Center of Gravity,2019-12-27,28,196487,https://open.spotify.com/track/6YHv9P7hOoIXajDtFLjDFI,sad
4zS5Vlq0AaQTjNpOX9AcaQ,Les malentendus,Jef Martens,Soirées sans toi,2020-03-30,24,310125,https://open.spotify.com/track/4zS5Vlq0AaQTjNpOX9AcaQ,sad
7urR40aaLV1jRneNj2ykva,Castor,S.A. Karl,Castor / Pollux,2019-06-07,41,168366,https://open.spotify.com/track/7urR40aaLV1jRneNj2ykva,sad
2X7BMy7LMIWIVUF0uEnn6f,Valse Lente,Mauvais Roger,Valse Lente,2020-09-08,17,155434,https://open.spotify.com/track/2X7BMy7LMIWIVUF0uEnn6f,sad
4j99qYb3QLXv89fqDUuOBC,And We Walk After,Trevor Kowalski,The Cereal Dreamers: Spooky Stories,2020-10-02,35,168602,https://open.spotify.com/track/4j99qYb3QLXv89fqDUuOBC,sad
2aJlNzyFDh3j6GTBSDXdXZ,Timeless,Matthew Mor,Timeless,2020-01-24,34,126000,https://open.spotify.com/track/2aJlNzyFDh3j6GTBSDXdXZ,sad
02tMk9BDH5vxPUNdkPVppT,Leander,Bert Hearns,Leander,2019-07-28,32,124750,https://open.spotify.com/track/02tMk9BDH5vxPUNdkPVppT,sad
5zz75ole7gzWU3YhOHgx4P,Winged Melancholy,Patrick Hamilton,Winged Melancholy,2020-11-06,31,139680,https://open.spotify.com/track/5zz75ole7gzWU3YhOHgx4P,sad
3cnbnW8QxKlLXCOBGRqX9y,Chim Chim Cher-Ee,Jaime Córdoba,Chim Chim Cher-Ee,2018-11-02,39,209789,https://open.spotify.com/track/3cnbnW8QxKlLXCOBGRqX9y,sad
5sjrK2C9gzR5ORLvz76naJ,Chopin: Nocturne Op.55 No.1,"Classic Piano, Frédéric Chopin",Chopin: Nocturne Op.55 No.1,2021-04-14,21,259640,https://open.spotify.com/track/5sjrK2C9gzR5ORLvz76naJ,sad
38uFRehsuqEL2Kwj3ABnIR,Reflections-Reprise,Toshifumi Hinata,ひとつぶの海,1986-11-28,41,228240,https://open.spotify.com/track/38uFRehsuqEL2Kwj3ABnIR,sad
5B6J2yesfMRQzGbKLRJw2B,"Nocturne No. 19 in E Minor, Op. 72 No. 1","Frédéric Chopin, Benjamin Grosvenor",The Best Chopin,2020-05-22,39,241986,https://open.spotify.com/track/5B6J2yesfMRQzGbKLRJw2B,sad
3ogwFGLaTYfEshY9VfTIHA,Chopin - Prelude E-Minor OP.28 No 4,Martin Bloch,Pianissimo,2013-12-15,46,129242,https://open.spotify.com/track/3ogwFGLaTYfEshY9VfTIHA,sad
0aJDvIeUkceMRueD84rRDR,"Waltz in A Minor, Op. Posth., B. 150","Frédéric Chopin, Vittorio Forte",Chopin: Waltzes,2018-08-03,14,148830,https://open.spotify.com/track/0aJDvIeUkceMRueD84rRDR,sad
675uoOAtz3TzuigX3Doe4h,"The Seasons, Op. 37b: VI. June, ""Barcarolle""","Pyotr Ilyich Tchaikovsky, Yefim Bronfman","Tchaikovsky: The Seasons, Op. 37b, Balakirev: Islamey",1998-09-03,46,271200,https://open.spotify.com/track/675uoOAtz3TzuigX3Doe4h,sad
5fdp9rXfEixCGLM1Og4EN1,Gnossienne No. 1,"Erik Satie, Alena Cherny",Gnossienne No. 1,2013,62,296480,https://open.spotify.com/track/5fdp9rXfEixCGLM1Og4EN1,sad
3NpNe7Ef3LzdQs0HJTYKUY,"Comptine d'un autre été, l'après-midi",Jean Baudin Clarke,Amélie Soundtrack Piano,2020-09-23,35,134489,https://open.spotify.com/track/3NpNe7Ef3LzdQs0HJTYKUY,sad
3Dgmyz32dxvtxvUTPS0CUI,"Vivaldi Variation (Arr. for Piano from Concerto for Strings in G Minor, RV 156 by F. Christl)","Antonio Vivaldi, Florian Christl","Vivaldi Variation (Arr. for Piano from Concerto for Strings in G Minor, RV 156 by F. Christl)",2018-10-26,68,112352,https://open.spotify.com/track/3Dgmyz32dxvtxvUTPS0CUI,sad
33JFCwEvVejNIxGwHMakbk,Mariage d'Amour,Jacob's Piano,Mariage d'Amour,2017-03-19,56,269629,https://open.spotify.com/track/33JFCwEvVejNIxGwHMakbk,sad
0xsEezPpMjwT9mB9BHnN4z,Bach - Cello Suite No.1 In G(piano ver.),Therapy Classic,"Depressive, Classical music for sad souls",2013-04-16,18,147670,https://open.spotify.com/track/0xsEezPpMjwT9mB9BHnN4z,sad
090GAAwLiSybtUpvq50r6T,Morpho,Ali Toygar,Morpho,2021-01-29,32,120372,https://open.spotify.com/track/090GAAwLiSybtUpvq50r6T,sad
1nJE8TEWK9hf9Bl0pekJCi,Lost Time,Javi Lobe,Lost Time,2021-04-02,58,140555,https://open.spotify.com/track/1nJE8TEWK9hf9Bl0pekJCi,sad
16j29x0j2fDzuYBRwpTnla,Clair de Lune,Rousseau,Clair de Lune,2018-07-17,45,291479,https://open.spotify.com/track/16j29x0j2fDzuYBRwpTnla,sad
3tFwWjy78LQ2NOWANzWMdS,We Won't Waltz Together,Piotr Wiese,We Won't Waltz Together,2020-04-24,29,126880,https://open.spotify.com/track/3tFwWjy78LQ2NOWANzWMdS,sad
2MSgFefjK0T7Iwjvr3OKqV,"Chopin: Nocturne No. 20 in C-Sharp Minor, Op. Posth.","Frédéric Chopin, Mikhail Pletnev","Chopin: Piano Sonata No. 2, Nocturnes, Barcarolle & Scherzo",2000-01-01,68,266200,https://open.spotify.com/track/2MSgFefjK0T7Iwjvr3OKqV,sad
3DNRdudZ2SstnDCVKFdXxG,"Sonata No. 14 in C-Sharp Minor, Op. 27 No. 2 - ""Moonlight Sonata"": I. Adagio sostenuto","Ludwig van Beethoven, Paul Lewis","Beethoven: Piano Sonatas, Vol. 3",2007,7,315426,https://open.spotify.com/track/3DNRdudZ2SstnDCVKFdXxG,sad
6M97uxgvb8dEPDIetC7OgD,Revenons à nos moutons,Dagmar Collier,Revenons à nos moutons,2021-01-01,31,155000,https://open.spotify.com/track/6M97uxgvb8dEPDIetC7OgD,sad
2xH7QrBeYXbX3l4ftsZxsO,Passacaille in Barcelona,Taku Matsushiba,ユートラ/ユーリ!!! on ICE サウンド・トラックCOLLECTION,2017-07-28,49,193640,https://open.spotify.com/track/2xH7QrBeYXbX3l4ftsZxsO,sad
0b6PyTpqEIdWdzA1M6TYhB,Promise of the World (From Howl's Moving Castle Original Soundtrack) - Live (Remastered),Nuvo Orchestra,Studio Ghibli Meets Orchestra [Live (Remastered)],2020-05-25,33,268520,https://open.spotify.com/track/0b6PyTpqEIdWdzA1M6TYhB,sad
6ueNK6UtOYZsDI0qnmVGiW,Frédéric Chopin: Prélude op. 28 № 4 in E minor,"Frédéric Chopin, Rakhat-Bi Abdyssagin",Rakhat-Bi Abdyssagin plays Chopin and Liszt,2021-10-08,19,159867,https://open.spotify.com/track/6ueNK6UtOYZsDI0qnmVGiW,sad
5OJCtnMqWmeGzkTJE3mpYr,Swan Lake,"Pyotr Ilyich Tchaikovsky, HAUSER, London Symphony Orchestra, Robert Ziegler",Classic,2020-02-07,48,173080,https://open.spotify.com/track/5OJCtnMqWmeGzkTJE3mpYr,sad
4JOEMgLkrHp8K1XNmyNffH,Miroirs: III. Une barque sur l'océan,"Maurice Ravel, André Laplante","Ravel: Miroirs, Jeux D'Eau, Pavane Pour Une Infante Défunte",1994,58,428152,https://open.spotify.com/track/4JOEMgLkrHp8K1XNmyNffH,sad
7xEX406hnVXC7mDfkts2jc,Interstellar Main Theme - Piano Version,Patrik Pietschmann,Interstellar Main Theme (Piano Version),2019-05-17,55,284615,https://open.spotify.com/track/7xEX406hnVXC7mDfkts2jc,sad
3ByC6fOx1m4Be8AVCoA1QV,Victor's Wedding,Danny Elfman,Tim Burton's Corpse Bride Original Motion Picture Soundtrack (U.S. Release),2005-09-20,39,128986,https://open.spotify.com/track/3ByC6fOx1m4Be8AVCoA1QV,sad
6HH8ZoDIe5qw8EYTTHVZh7,Ice Dance,Danny Elfman,Edward Scissorhands,1990-01-01,56,104973,https://open.spotify.com/track/6HH8ZoDIe5qw8EYTTHVZh7,sad
15yScQGLH5QOuXm9XbhnPb,Leaving Hogwarts,John Williams,Harry Potter and The Sorcerer's Stone Original Motion Picture Soundtrack,2001-10-30,58,133573,https://open.spotify.com/track/15yScQGLH5QOuXm9XbhnPb,sad
61dYvvfIRtIDFuqZypPAta,"Cello Suite No. 1 in G Major, BWV 1007: I. Prélude","Johann Sebastian Bach, Yo-Yo Ma",Bach: Unaccompanied Cello Suites (Remastered),1983,64,151733,https://open.spotify.com/track/61dYvvfIRtIDFuqZypPAta,sad
1GOEFPNFBqPKCEFpQj4rn8,Erik Satie: Gymnopédie No. 1,Pyotr Godunov,Erik Satie Gymnopédies,2014-08-13,50,212503,https://open.spotify.com/track/1GOEFPNFBqPKCEFpQj4rn8,sad
3ARfOz1BOZdiaUkcjb5Ul7,Deepest woods,Kiara Leonard,Deepest Woods,2021-02-05,36,169250,https://open.spotify.com/track/3ARfOz1BOZdiaUkcjb5Ul7,sad
3K7SS7vfBVGCslRkw4HWqw,Valse de l'adieu,Eric Christian,Valse de l'adieu,2020-05-29,42,175000,https://open.spotify.com/track/3K7SS7vfBVGCslRkw4HWqw,sad
5Co7bsBCcpk4LapEtEpFFL,Luna,15.,Luna,2020-11-06,38,230000,https://open.spotify.com/track/5Co7bsBCcpk4LapEtEpFFL,sad
1Jhq6vADbVpxXUFP6NukdR,Enemies To Lovers,Zir Bijou,Letters For Her,2022-05-05,36,155000,https://open.spotify.com/track/1Jhq6vADbVpxXUFP6NukdR,sad
3eGku96bb9FSzIdNY8g1uQ,Dance of the Spirituals,Jonny Southard,Life Again,2019-02-15,41,168000,https://open.spotify.com/track/3eGku96bb9FSzIdNY8g1uQ,sad
3Hc7Su1AVaynKEkwSZopbN,Howl's Moving Castle Theme,Kyle Landry,Howl's Moving Castle Theme,2015-09-10,54,350347,https://open.spotify.com/track/3Hc7Su1AVaynKEkwSZopbN,sad
4b59u2E74KcDuyHCRBkf5v,"Ständchen, S. 560 (Trans. from Schwanengesang No. 4, D. 957)","Franz Schubert, Franz Liszt, Khatia Buniatishvili",Schubert,2019-03-15,58,442172,https://open.spotify.com/track/4b59u2E74KcDuyHCRBkf5v,sad
4VJge9qYxmhYEod0CWoEZ7,A Walk in the Skies,Joe Hisaishi,Howl's Moving Castle Soundtrack,2004-11-19,55,134813,https://open.spotify.com/track/4VJge9qYxmhYEod0CWoEZ7,sad
4fhFlHloSh3y8qC3z7teXt,Cornfield Chase,Dorian Marko,Cornfield Chase,2022-03-04,55,127817,https://open.spotify.com/track/4fhFlHloSh3y8qC3z7teXt,sad
0HzMD3JskQJGGVgEOfMeoA,Enemies to Lovers,Joshua Kyan Aalampour,Enemies to Lovers,2022-02-22,0,225177,https://open.spotify.com/track/0HzMD3JskQJGGVgEOfMeoA,sad
5iQp869m5yN4gHp48Ja4XY,Weaved Theme,Sebastian Reuten,Under This Luminous Sky (Original Animated Short Film Soundtrack),2022-07-25,46,99063,https://open.spotify.com/track/5iQp869m5yN4gHp48Ja4XY,sad
6kRYAhxnUNHBRcucyW4a2W,Return to Versailles,Joshua Kyan Aalampour,Return to Versailles,2022-01-29,0,104319,https://open.spotify.com/track/6kRYAhxnUNHBRcucyW4a2W,sad
2q9JaDtRgwBN25L4scuQbr,Goodbye,"Chamber Chu, Various Artists",Deemo -Reborn- (Original Soundtrack) [Hidden Dreams Edition],2021-04-26,27,92520,https://open.spotify.com/track/2q9JaDtRgwBN25L4scuQbr,sad
4SvyInvhRKKpwr1cgOf2Oh,The Library,Jaime Córdoba,The Library,2022-09-16,26,127281,https://open.spotify.com/track/4SvyInvhRKKpwr1cgOf2Oh,sad
5SQgo4i2xlPJBaiGgAW4ID,Valse Sentimentale No. 2,Eric Christian,Valse Sentimentale No. 2,2019-01-11,50,284250,https://open.spotify.com/track/5SQgo4i2xlPJBaiGgAW4ID,sad
5iTQ9eG9XmMVdGSkm7YUOE,Valse Sentimentale No. 1,Eric Christian,Valse Sentimentale No. 1,2018-11-30,48,145066,https://open.spotify.com/track/5iTQ9eG9XmMVdGSkm7YUOE,sad
0c7N5QrlsMvmV7wexBdLFK,Declaration,Johannes Bornlöf,Declaration,2020-09-18,39,233125,https://open.spotify.com/track/0c7N5QrlsMvmV7wexBdLFK,sad
57zYO8q3f19ksGdHcCFpk9,The Streets of Belgrade,Infinity Ripple,Wax Figures,2019-12-06,53,141266,https://open.spotify.com/track/57zYO8q3f19ksGdHcCFpk9,sad
7niGSnISkfmbXnjQXmSkZr,Lionel and Bertie,Alexandre Desplat,The King's Speech OST,2010-01-01,27,130800,https://open.spotify.com/track/7niGSnISkfmbXnjQXmSkZr,sad
1Gdcsjq1KpDyqaHvnBr7u1,dream river.,Woodsman,dream river. (Async Ross reworks),2022-10-21,55,91945,https://open.spotify.com/track/1Gdcsjq1KpDyqaHvnBr7u1,sad
02NdxbH23s4pfRLH4BRZMk,Edge of the World,Sophia Damore,Edge of the World,2023-05-31,24,156032,https://open.spotify.com/track/02NdxbH23s4pfRLH4BRZMk,sad
20vEB3It4xYzKHlMecu6X1,Table For Two,Abel Korzeniowski,Nocturnal Animals (Original Motion Picture Soundtrack),2016-11-04,60,203466,https://open.spotify.com/track/20vEB3It4xYzKHlMecu6X1,sad
6xdm2ih6zmtfK4K0seFcL0,Childhood,Guillaume Ferran,"Pianolitics, Vol. 1",2017-06-23,20,173760,https://open.spotify.com/track/6xdm2ih6zmtfK4K0seFcL0,sad
1RYTjhVMs0Z65RFp7Hz0cf,Truman Sleeps,Johann Beethoven,Piano Classics,2017-11-21,0,121899,https://open.spotify.com/track/1RYTjhVMs0Z65RFp7Hz0cf,sad
4bPmRva6iViC25QGCfmLTi,Togetherless,Franz Gordon,Togetherless,2020-11-27,43,228000,https://open.spotify.com/track/4bPmRva6iViC25QGCfmLTi,sad
3VdBSfVHbHVqck9PDT7jDN,Vistoris Lake,Arden Forest,Kiriume,2020-10-14,32,163448,https://open.spotify.com/track/3VdBSfVHbHVqck9PDT7jDN,sad
1khguN5ynXbwuY1k2gi9Nc,While/Asleep,15.,While/Asleep,2019-10-04,30,195428,https://open.spotify.com/track/1khguN5ynXbwuY1k2gi9Nc,sad
0SiAp3VUQSsB8deFwUTcxR,Eternal recall,Smolenka,Eternal recall,2019-05-13,32,136407,https://open.spotify.com/track/0SiAp3VUQSsB8deFwUTcxR,sad
7ltoLYQepzLa0PxusAWBK3,Ballade,Luke Faulkner,Ballade,2018-04-16,36,174000,https://open.spotify.com/track/7ltoLYQepzLa0PxusAWBK3,sad
0KBohkkuxzf2EDf0hmmEYm,Minerva,Akira Kosemura,Diary 2016-2019,2019-10-25,0,69605,https://open.spotify.com/track/0KBohkkuxzf2EDf0hmmEYm,sad
38bJLbkcdiNXNMS0U7mUvb,Secret - 慢板,Jay Chou,不能說的秘密,2007-08-13,0,67933,https://open.spotify.com/track/38bJLbkcdiNXNMS0U7mUvb,sad
5lm18pjbwdth6ENVllxjfl,Ballerina,Yehezkel Raz,"Preludes, Book 1 - Streams",2019-12-10,71,71581,https://open.spotify.com/track/5lm18pjbwdth6ENVllxjfl,sad
0J2lmSTQQWhTiglHDbhLWm,"Waltz No. 1, Collapse",Hikaru Shirosu,Op. 1: Multiverse,2022-06-01,58,156038,https://open.spotify.com/track/0J2lmSTQQWhTiglHDbhLWm,sad
5yRIZX7dv3kpmy0mSC1rNt,The Wand Room,Sebastian Reuten,Under This Luminous Sky (Original Animated Short Film Soundtrack),2022-07-25,42,70000,https://open.spotify.com/track/5yRIZX7dv3kpmy0mSC1rNt,sad
26g48sI8nJSWGtLecKZrej,Ultraviolet,James Heather,Invisible Forces,2022-04-22,57,93657,https://open.spotify.com/track/26g48sI8nJSWGtLecKZrej,sad
4StypY6VnE9BqgqQ0ni1tg,"13 Pieces, Op. 76: No. 2 Etude","Jean Sibelius, Håvard Gimse","Sibelius: Piano Music, Vol. 4",2003-06-11,53,71773,https://open.spotify.com/track/4StypY6VnE9BqgqQ0ni1tg,sad
2lGAMzbtEEpPDO09buo5HO,Just Give Me One More Day - Old Piano Version,Alej,Just Give Me One More Day (Old Piano Version),2023-06-19,54,137848,https://open.spotify.com/track/2lGAMzbtEEpPDO09buo5HO,sad
7uexhg3sdpy06utXeIe30G,Starry Night,Jordan Critz,Starry Night,2021-07-07,45,298320,https://open.spotify.com/track/7uexhg3sdpy06utXeIe30G,sad
7aTuZWl7qYNYBAHDOurXOx,ICARUS,Tony Ann,AWAKENING,2023-12-15,59,199467,https://open.spotify.com/track/7aTuZWl7qYNYBAHDOurXOx,sad
0yfMign5fsLtw5I4pK73ge,Solas,Gibran Alcocer,Solas,2022-11-11,65,146000,https://open.spotify.com/track/0yfMign5fsLtw5I4pK73ge,sad
4LurYqydfPdLc9IN7eQxTF,Éphémère,Tony Anderson,Nuit,2021-03-26,55,103090,https://open.spotify.com/track/4LurYqydfPdLc9IN7eQxTF,sad
0awKSn8GziBuAXDeHp2Bm8,Little Things,Adrián Berenguer,Immaterial,2021-08-06,0,184500,https://open.spotify.com/track/0awKSn8GziBuAXDeHp2Bm8,sad
463GOV8DZDm9hQPyamU4p4,Meadow,Adrián Berenguer,Youth,2020-07-31,0,196000,https://open.spotify.com/track/463GOV8DZDm9hQPyamU4p4,sad
3vyCWrAIl3VGUHa9dM1Sy2,Van Gogh,"Virginio Aiello, On Piano",Van Gogh,2021-02-19,0,183083,https://open.spotify.com/track/3vyCWrAIl3VGUHa9dM1Sy2,sad
7pcGcVUN9m12lfNuS3Xz8I,Once Upon a Time,Austin Farwell,Once Upon a Time,2022-02-01,62,92592,https://open.spotify.com/track/7pcGcVUN9m12lfNuS3Xz8I,sad
1ZC21hJb2GASRkaoZvUcCS,Beving: Ala,Joep Beving,Trilogy,2021-08-06,64,120853,https://open.spotify.com/track/1ZC21hJb2GASRkaoZvUcCS,sad
3YgDFFnnCgnDmft8v92dp7,Dreaming of a Waltz,Cinthya Garcia,Dreaming of a Waltz,2020-07-02,42,156989,https://open.spotify.com/track/3YgDFFnnCgnDmft8v92dp7,sad
60tXDXk5K67J18XNgZ7JZt,Sea Change,Stephan Moccio,Tales Of Solace,2020-08-28,51,171213,https://open.spotify.com/track/60tXDXk5K67J18XNgZ7JZt,sad
5C9uEZOzH5OLPYvLStDVeM,"Nocturne in D-Flat Major ""Un rêve""",Eric Christian,"Nocturne in D-Flat Major ""Un rêve""",2019-08-30,56,283022,https://open.spotify.com/track/5C9uEZOzH5OLPYvLStDVeM,sad
1Ze69KceoIXnmDNoplfwKi,Arietta,"Edvard Grieg, Leonardo Lucero",Arietta,2024-01-05,15,71852,https://open.spotify.com/track/1Ze69KceoIXnmDNoplfwKi,sad
3NxITxc465VQIiMmaQK6Va,Forest Lullabye,Asher Fulero,Interconnected,2022-07-29,25,169000,https://open.spotify.com/track/3NxITxc465VQIiMmaQK6Va,sad
3L877URzAA5KJ1NsvERjYB,Swan Lake - Waltz,Symphony Orchestra of the Russian State TV & Radio Centre,The Best of Pyotr Ilyich Tchaikovsky,2015-11-23,24,445087,https://open.spotify.com/track/3L877URzAA5KJ1NsvERjYB,sad
1rXDB323N0j4OXQyz9NiYF,Ballads at Sunset - Piano Version,Alej,Ballads at Sunset (Piano Version),2023-10-13,55,104000,https://open.spotify.com/track/1rXDB323N0j4OXQyz9NiYF,sad
3sUo9q67Pl3izLgUgfyHKK,laleconparticulere.,"pandora., chillwithme, cødy",laleconparticulere.,2023-09-04,48,63158,https://open.spotify.com/track/3sUo9q67Pl3izLgUgfyHKK,sad
68w7dNse4tXx5C1vVEaJdi,Fire Burns Inside Me,Andrea Vanzo,Intimacy Vol. 1,2022-10-28,10,213593,https://open.spotify.com/track/68w7dNse4tXx5C1vVEaJdi,sad
1d9aUCrI3empVv09VxejDr,Valzer d'Inverno,Andrea Vanzo,Valzer d'Inverno,2023-12-29,29,136080,https://open.spotify.com/track/1d9aUCrI3empVv09VxejDr,sad
1491Kis263uUWf18sDnYSG,Je te laisserai de mots,noel.smt,Je te laisserai de mots,2022-03-01,20,124995,https://open.spotify.com/track/1491Kis263uUWf18sDnYSG,sad
2GJFu2G9fhaYFrOoX9bejs,"Lyric Pieces, Book 5, Op. 54: Nocturne","Edvard Grieg, Alessio Bax",Lullabies for Mila,2016-01-08,58,220773,https://open.spotify.com/track/2GJFu2G9fhaYFrOoX9bejs,sad
2kf9er2OtWKnZsBcZuGJmY,Once Upon a December,Invadable Harmony,Once Upon a December,2019-12-20,0,150784,https://open.spotify.com/track/2kf9er2OtWKnZsBcZuGJmY,sad
1U7Syyn2lRotoO9Zq8JpRI,Water,Arelius,Elements,2020-04-27,53,117409,https://open.spotify.com/track/1U7Syyn2lRotoO9Zq8JpRI,sad
5gC2gJLfv8VZjePQXWZh7j,The Secret History,"Kerry Muzzey, Andrew Skeet, The Chamber Orchestra Of London",Kerry Muzzey: The Architect,2014-08-26,58,302095,https://open.spotify.com/track/5gC2gJLfv8VZjePQXWZh7j,sad
707BRCe5feUySwv7141QeA,New Home,Austin Farwell,New Home,2021-05-11,65,126359,https://open.spotify.com/track/707BRCe5feUySwv7141QeA,sad
0FqUMEzL1NKcjzalZauz1u,Ruqia,James Heather,Stories From Far Away On Piano,2017-08-18,51,74690,https://open.spotify.com/track/0FqUMEzL1NKcjzalZauz1u,sad
0FRrVtZuvYgS9ApaX2oLmb,Elegance Becomes Her,Howard Harper-Barnes,Elegance Becomes Her,2021-04-09,40,204066,https://open.spotify.com/track/0FRrVtZuvYgS9ApaX2oLmb,sad
0PMAlHB4OYyLjqHVvhD3hV,Mia & Sebastian's Theme,Kim Bo,A Piano Dream,2019-06-11,0,87288,https://open.spotify.com/track/0PMAlHB4OYyLjqHVvhD3hV,sad
4E8RCywkwMWXORbzfLWtOR,The Crossing,Gavin Luke,The Crossing,2018-05-04,38,193070,https://open.spotify.com/track/4E8RCywkwMWXORbzfLWtOR,sad
1l8wtuVI5gQ90NXEeUFAjX,Old Letter,Imaginary Poet,Dark Academia,2021-05-18,0,151205,https://open.spotify.com/track/1l8wtuVI5gQ90NXEeUFAjX,sad
35mGPKeOR6vkXxXgxfmoOH,The Wanderer,Luke Faulkner,The Wanderer,2024-03-01,0,278472,https://open.spotify.com/track/35mGPKeOR6vkXxXgxfmoOH,sad
6hrfAGbtb5gJIl8WJDQuNH,dear edmond,Ophelia Wilde,the secret diary,2023-08-11,0,137064,https://open.spotify.com/track/6hrfAGbtb5gJIl8WJDQuNH,sad
55P6sOfvjADXa7vENva1tT,"Notre Dame, Notre Patrimoine",Leon Noel,Notre Dame,2019-04-22,27,192311,https://open.spotify.com/track/55P6sOfvjADXa7vENva1tT,sad
2O0UWIMFeMtFR0LJMuIPjJ,Tennessee,Hans Zimmer,Pearl Harbor - Original Motion Picture Soundtrack,2005-12-06,62,219600,https://open.spotify.com/track/2O0UWIMFeMtFR0LJMuIPjJ,sad
5W7NJWEW3mPzlePNrrn4Xb,"The Second Waltz, Op. 99a","Dmitri Shostakovich, André Rieu, Johann Strauss Orchestra",Strauss & Co,1994-01-01,6,220360,https://open.spotify.com/track/5W7NJWEW3mPzlePNrrn4Xb,sad
2iVqRnQ0S3Tg57ULi99vWi,Torus,Jamie Duffy,Torus,2024-06-28,49,227908,https://open.spotify.com/track/2iVqRnQ0S3Tg57ULi99vWi,sad
3EHNqdjKuK5YSVpIxqQKtu,small village,"Hikari, Raouf, vibe, vagabond",small village,2024-01-15,45,132923,https://open.spotify.com/track/3EHNqdjKuK5YSVpIxqQKtu,sad
2QV0SPhmLDd9jqshZRnLY5,A Gentle Sunlight,James Quinn,A Gentle Sunlight,2021-09-10,59,117625,https://open.spotify.com/track/2QV0SPhmLDd9jqshZRnLY5,sad
6thjKtlVjr9KgBXkjm3EGe,Nostalgia,"Joe Hisaishi, Orchestra Città di Ferrara",NOSTALGIA ～PIANO STORIES III～,1998-10-14,58,213960,https://open.spotify.com/track/6thjKtlVjr9KgBXkjm3EGe,sad
0bmb8jg6ljmt8qBmIsMNvL,Dumbledore's Farewell,Nicholas Hooper,Harry Potter and the Half-Blood Prince (Original Motion Picture Soundtrack),2009-07-14,62,142253,https://open.spotify.com/track/0bmb8jg6ljmt8qBmIsMNvL,sad
1Ec6C2UQlp48nhhPyDjkIr,Stay,Ludo Pimenta,Stay,2024-06-14,43,213753,https://open.spotify.com/track/1Ec6C2UQlp48nhhPyDjkIr,sad
3KjjjXs2BmmegOKedYIdGK,Nightfall Melody,Ludo Pimenta,Nightfall Melody,2024-10-04,36,152818,https://open.spotify.com/track/3KjjjXs2BmmegOKedYIdGK,sad
6AB0qHNitWvYqFquII92jB,Ungrounded,Ludo Pimenta,Ungrounded,2025-01-10,28,123172,https://open.spotify.com/track/6AB0qHNitWvYqFquII92jB,sad
4sq5JmGkKDpzQsAgCDumV7,unknown t x orchestra (slowed to perfection),Grymothyy,It Was Fun While It Lasted,2024-09-13,21,263958,https://open.spotify.com/track/4sq5JmGkKDpzQsAgCDumV7,sad
5Gal4sp9EwRWO0U0WC6T4z,Pursuit of Solace,Nasir,Pursuit of Solace,2023-08-19,34,254165,https://open.spotify.com/track/5Gal4sp9EwRWO0U0WC6T4z,sad
5CJIGuq9kpAgU8X3wRdTy8,Golden Brown - Orchestral Version,Witch Requiem,Golden Brown (Orchestral Version),2025-05-18,8,110179,https://open.spotify.com/track/5CJIGuq9kpAgU8X3wRdTy8,sad
1Pa9trej6KhILVWFJygEeH,hills,"Davide Nigro, Alessandro Penna",hills,2025-06-06,2,97777,https://open.spotify.com/track/1Pa9trej6KhILVWFJygEeH,sad
3D1LsqOEgJHNTh7OeLD65w,Missing You,Ludo Pimenta,Missing You,2025-05-23,44,150750,https://open.spotify.com/track/3D1LsqOEgJHNTh7OeLD65w,sad
2vWZKBx2zJwirjzI6GEXYY,Pink Sakura,"Eunike Tanzil, Deutsches Symphonie-Orchester Berlin, Anna Handler",Pink Sakura,2025-07-11,33,198693,https://open.spotify.com/track/2vWZKBx2zJwirjzI6GEXYY,sad
4NtRkpweTUxkKHvl0odbgD,First Sight,Joel Sunny,First Sight,2024-10-16,52,162680,https://open.spotify.com/track/4NtRkpweTUxkKHvl0odbgD,sad
30WulSOykS6OFvF3R0m4Mp,Imagination,Whales,Imagination,2025-10-31,37,106226,https://open.spotify.com/track/30WulSOykS6OFvF3R0m4Mp,sad
5UZIVxzI4UyrSbg3ZLTGTH,Fuze,"Skrillex, ISOxo",Fuze,2025-10-24,65,188571,https://open.spotify.com/track/5UZIVxzI4UyrSbg3ZLTGTH,sad
422mwGi3JiZvNg3fMgQJ2O,Down For The Night,"Chris Avantgarde, Poté",Down For The Night,2025-10-24,43,287619,https://open.spotify.com/track/422mwGi3JiZvNg3fMgQJ2O,sad
0G0GaWe5zdLXWeMt4H4CZ0,Trying,Whales,Trying,2025-10-22,42,186906,https://open.spotify.com/track/0G0GaWe5zdLXWeMt4H4CZ0,sad
1B1rPw24xp3vSB4hpa00IY,AIR,"P&H, KRAM",AIR,2025-10-31,23,225437,https://open.spotify.com/track/1B1rPw24xp3vSB4hpa00IY,sad
03Y8fcQB5esucnR1CiG1Vh,CHROMA 012 TANGZ II,"BICEP, ELIZA",CHROMA 012 TANGZ II,2025-10-20,52,282003,https://open.spotify.com/track/03Y8fcQB5esucnR1CiG1Vh,sad
2gyn0L8It5sc7Tw8eQlkFY,Subliminals,"Saint Ludo, Kasst 8",Subliminals,2025-10-01,61,154100,https://open.spotify.com/track/2gyn0L8It5sc7Tw8eQlkFY,sad
13TkVmwbvjKODlZfbUWM2y,mein schatz,"Conrad Taylor, Alessia Labate",mein schatz,2025-10-03,52,133875,https://open.spotify.com/track/13TkVmwbvjKODlZfbUWM2y,sad
5rTaeDrpkvSiAVVwqqkhjz,Belgium,Devault,Belgium,2025-09-26,48,175652,https://open.spotify.com/track/5rTaeDrpkvSiAVVwqqkhjz,sad
0cAFtuZPD4sKl0X1R3dFin,Artificial Angels,Grimes,Artificial Angels,2025-10-17,65,169477,https://open.spotify.com/track/0cAFtuZPD4sKl0X1R3dFin,sad
3GGr8LqNNe0pntDKrwsqjh,NOW OR NEVER,"Tkandz, CXSPER",NOW OR NEVER,2025-10-02,65,123428,https://open.spotify.com/track/3GGr8LqNNe0pntDKrwsqjh,sad
0rMZlyruR3etQ2F6baXc8S,Tartan,"Fimiguerrero, Reekz MB",Tartan,2025-05-02,57,109774,https://open.spotify.com/track/0rMZlyruR3etQ2F6baXc8S,sad
4l8xoLKkJXhqqfbWdXcs93,destroyer of worlds,Aaron Hibell,destroyer of worlds,2023-09-08,59,246000,https://open.spotify.com/track/4l8xoLKkJXhqqfbWdXcs93,sad
5uaHSOou5ernQBKhfVse1f,Everytime,"IDEMI, Lustral",Everytime,2025-09-05,60,205454,https://open.spotify.com/track/5uaHSOou5ernQBKhfVse1f,sad
09ydXiKINm4pPtPaCaEOYy,cc like that,bees & honey,cc like that,2025-09-26,55,164597,https://open.spotify.com/track/09ydXiKINm4pPtPaCaEOYy,sad
017erFbOyCrdz0yburnVGZ,you're a star,"Fred again.., Amyl and The Sniffers",you're a star,2025-10-03,73,219130,https://open.spotify.com/track/017erFbOyCrdz0yburnVGZ,sad
0u66zPJ2e2QDiuwwdyFDIG,No Type,HAYDO,No Type,2025-10-03,64,156021,https://open.spotify.com/track/0u66zPJ2e2QDiuwwdyFDIG,sad
1j1shw1drvJCIlOXEZY9BD,you broke my heart,"kobzx2z, Myla",you broke my heart,2025-09-17,73,133236,https://open.spotify.com/track/1j1shw1drvJCIlOXEZY9BD,sad
3RE3izHxUijcckK3JDLLq5,Stay With The Tempo,"Flux Pavilion, Habstrakt",Stay With The Tempo,2025-09-25,47,214218,https://open.spotify.com/track/3RE3izHxUijcckK3JDLLq5,sad
3BDU8Joknr4twyOTmuLHGS,Art of Guitar,"Marcin, RJ Pasin",Art of Guitar,2025-07-15,65,121061,https://open.spotify.com/track/3BDU8Joknr4twyOTmuLHGS,sad
5QK8XZRaoISCoS2LhuAiF8,Ain't Nobody,All The Reason,Ain't Nobody,2025-09-26,29,152571,https://open.spotify.com/track/5QK8XZRaoISCoS2LhuAiF8,sad
7ksHySXQO1EMxmecq9k0SF,irl,"joegarratt, Sam Day",irl,2025-09-12,43,154795,https://open.spotify.com/track/7ksHySXQO1EMxmecq9k0SF,sad
7hgdBoFN7AE2c6Gwh0zS4P,has to be you,Thiago Sub,has to be you,2025-05-14,71,110571,https://open.spotify.com/track/7hgdBoFN7AE2c6Gwh0zS4P,sad
70LDxWCoJKuxpgtErYHDQb,Peace of Flood,"Sebastian Ingrosso, Martin Garrix, Citadelle",Peace of Flood,2025-09-12,56,293146,https://open.spotify.com/track/70LDxWCoJKuxpgtErYHDQb,sad
05izBmErkIoV7F8YEMI06H,ROBOT DANCING ID,Juelz,ADRENOCHROME : ZERO,2025-08-29,34,141661,https://open.spotify.com/track/05izBmErkIoV7F8YEMI06H,sad
6eDKyG6jvCXaTyTdFOh9wA,QUE CE SOIT CLAIR,"Paul Kalkbrenner, Stromae",QUE CE SOIT CLAIR,2025-08-29,73,176010,https://open.spotify.com/track/6eDKyG6jvCXaTyTdFOh9wA,sad
1t94e3fgiTcc61U26NJuwy,Eyes,"DJ Planet Express, XNom",Eyes,2025-08-21,33,216006,https://open.spotify.com/track/1t94e3fgiTcc61U26NJuwy,sad
0oViiRnjHEb4X5kwYAbeHq,WAIT FOR ME,"MXZI, DJ YUKU",WAIT FOR ME,2025-08-29,60,120008,https://open.spotify.com/track/0oViiRnjHEb4X5kwYAbeHq,sad
1Bg5yT7ZN9jUGRYVoSFR1Z,slow down,"MXGPU, Moullinex, GPU Panic",slow down,2025-08-15,26,261035,https://open.spotify.com/track/1Bg5yT7ZN9jUGRYVoSFR1Z,sad
1iX4H6DTyg7xrmt8EzJbzB,CURIOUS (feat. Toro y Moi),"Sam Gellaitry, Toro y Moi",CURIOUS (feat. Toro y Moi),2025-09-08,56,230538,https://open.spotify.com/track/1iX4H6DTyg7xrmt8EzJbzB,sad
5N2lUnT2ZJ7cifkQybBpkY,Sugar Daddy,Florian Picasso,Sugar Daddy,2025-08-01,48,174310,https://open.spotify.com/track/5N2lUnT2ZJ7cifkQybBpkY,sad
7B8MbvpzBhbhYf3xvzHbba,Exhilaration,The Dare,Freakquencies: Volume 1,2025-08-22,43,207960,https://open.spotify.com/track/7B8MbvpzBhbhYf3xvzHbba,sad
6bbPy1a4OcUYUL3xG421Yx,Bound2U,Frost Children,Bound2U,2025-08-27,29,176612,https://open.spotify.com/track/6bbPy1a4OcUYUL3xG421Yx,sad
13IFfr6kVUSLb19xnQjMk6,Section,LYNY,Section,2025-07-25,55,174857,https://open.spotify.com/track/13IFfr6kVUSLb19xnQjMk6,sad
5id867QLFd9WO7NHPCyrlK,DARE,Surf Mesa,DARE,2025-08-08,37,155879,https://open.spotify.com/track/5id867QLFd9WO7NHPCyrlK,sad
7xWvRVssTTECvWCDNgCzSH,Soleil Bleu,"Bleu Soleil, LUIZA",Soleil Bleu,2025-04-11,79,246000,https://open.spotify.com/track/7xWvRVssTTECvWCDNgCzSH,sad
51e5r0rQraYmN6zflHv9mN,Infohazard,Ninajirachi,Infohazard,2025-07-17,44,269365,https://open.spotify.com/track/51e5r0rQraYmN6zflHv9mN,sad
7N1WN9SQPgIKsFcQN50I6k,Baddiez,Swank Mami,Baddiez,2025-07-30,40,163000,https://open.spotify.com/track/7N1WN9SQPgIKsFcQN50I6k,sad
2Gt39sy5hTo4huF2Og9XEj,Fuck My Computer,Ninajirachi,Fuck My Computer,2025-05-14,44,190577,https://open.spotify.com/track/2Gt39sy5hTo4huF2Og9XEj,sad
1rOspz7NK5VCHqAFgtk1VA,Are You The One,SWIM,Are You The One,2025-05-16,36,274782,https://open.spotify.com/track/1rOspz7NK5VCHqAFgtk1VA,sad
00aaxjGeWqhsDSqPIVf3AK,Yosemite,"KETTAMA, Interplanetary Criminal",Gotta Have It,2025-04-30,10,266375,https://open.spotify.com/track/00aaxjGeWqhsDSqPIVf3AK,sad
3nKFvxs17ez3awL6S0IS8k,5AM At Bagleys,Gorgon City,5AM At Bagleys,2025-01-24,54,250250,https://open.spotify.com/track/3nKFvxs17ez3awL6S0IS8k,sad
0Gg7eD8YjntgZVFZO5LY8R,surface,"San Holo, Caspian",album1,2018-09-21,31,362179,https://open.spotify.com/track/0Gg7eD8YjntgZVFZO5LY8R,sad
763bin34MwKqujSalWc3lf,Algorithm,Jan Blomqvist,Algorithm,2024-10-23,42,224642,https://open.spotify.com/track/763bin34MwKqujSalWc3lf,sad
3ShXI61fNxxgV0J93XDOKN,Always Will - Matrē Remix,"Seeb, Matrē, Julie Bergan",Always Will (Matrē Remix),2023-02-24,23,202405,https://open.spotify.com/track/3ShXI61fNxxgV0J93XDOKN,sad
7sKZkazk6OGzEox6aKjiBN,Ambivalence,Circumference,Ambivalence,2021-03-26,0,230581,https://open.spotify.com/track/7sKZkazk6OGzEox6aKjiBN,sad
3M3bHley5OpJLTqGSf7v22,Angel On My Shoulder,Sega Bodega,Angel On My Shoulder,2021-09-29,18,242000,https://open.spotify.com/track/3M3bHley5OpJLTqGSf7v22,sad
3LnoLo62GjfKDYIN7eJpPB,"you’ve changed, i’ve changed","San Holo, Chet Porter",bb u ok?,2021-06-04,39,311625,https://open.spotify.com/track/3LnoLo62GjfKDYIN7eJpPB,sad
2tb1wD0ePjDJBQNUla0foR,Black Magic,Effin,Black Magic,2023-08-11,24,230400,https://open.spotify.com/track/2tb1wD0ePjDJBQNUla0foR,sad
4kHBHWImDEER3i2iV7zyrJ,4AM,JOYRYDE,BRAVE,2020-04-03,35,269123,https://open.spotify.com/track/4kHBHWImDEER3i2iV7zyrJ,sad
260V7huyJrXnyYe0dFv2Fa,Canopée,Polo & Pan,Caravelle,2017-05-19,65,276293,https://open.spotify.com/track/260V7huyJrXnyYe0dFv2Fa,sad
65SsbtgsqPYv1p4Rq93fC9,Chant,1991,Chant,2023-08-10,48,224775,https://open.spotify.com/track/65SsbtgsqPYv1p4Rq93fC9,sad
3lrQyrRmWH3T5j3QeTFrud,Chemistry,"Wiwek, Rachel West",Chemistry,2018-10-12,0,223912,https://open.spotify.com/track/3lrQyrRmWH3T5j3QeTFrud,sad
3rXo5DdZ3NA0paBpeZbsxn,Church,Alison Wonderland,Church,2018-02-16,0,183912,https://open.spotify.com/track/3rXo5DdZ3NA0paBpeZbsxn,sad
4rMOMzdO1tlcayilkK1AML,CIEL,NASAYA,CIEL,2022-07-07,29,250553,https://open.spotify.com/track/4rMOMzdO1tlcayilkK1AML,sad
6IhOMgbIc9wSMDrFt7dMEd,Pleasure Model,"Noisia, Former",Closer,2022-05-12,24,250626,https://open.spotify.com/track/6IhOMgbIc9wSMDrFt7dMEd,sad
1em64oUUeu9TKKP7cxTkpz,conversations,gjør,conversations,2021-08-27,22,208005,https://open.spotify.com/track/1em64oUUeu9TKKP7cxTkpz,sad
5BDXw3ozJ1yXQpM2VKYMDk,Craving You,"HÜMAN, Tudor",Craving You,2023-01-27,31,267217,https://open.spotify.com/track/5BDXw3ozJ1yXQpM2VKYMDk,sad
7tnxfCdXJgqqbCdXPhH4dC,casino143,IVOXYGEN,casino143,2024-06-14,63,158776,https://open.spotify.com/track/7tnxfCdXJgqqbCdXPhH4dC,sad
7J0eJslns4cMYGdUK38nTe,I Only Smoke When I Drink,nimino,Creek,2025-03-21,26,198425,https://open.spotify.com/track/7J0eJslns4cMYGdUK38nTe,sad
1u3SkEgGroT2Kcfnd4v4ON,Stay Hollow (with mossy.),"Ekali, mossy.",Crystal Eyes,2018-09-28,43,184888,https://open.spotify.com/track/1u3SkEgGroT2Kcfnd4v4ON,sad
213OyfNyR13yRIddBfEcJw,Always Been,"HOUNDTRACK, Tune in with Chewie",Daydream Cinema,2019-03-08,17,177882,https://open.spotify.com/track/213OyfNyR13yRIddBfEcJw,sad
1CpCIb8zybdjskLQRL6rEC,Here Comes The Night,"DJ Snake, Mr Hudson",Encore,2016-08-05,45,286880,https://open.spotify.com/track/1CpCIb8zybdjskLQRL6rEC,sad
34U4HVc9fdGUmFbbm7jgqc,Fairytale of Berlin,Klangphonics,Fairytale of Berlin,2024-12-06,38,302400,https://open.spotify.com/track/34U4HVc9fdGUmFbbm7jgqc,sad
5TBI4hQn4CeAA98QWzC8VC,Feel Alive,Zaitex,Feel Alive,2024-12-06,36,163928,https://open.spotify.com/track/5TBI4hQn4CeAA98QWzC8VC,sad
4muHLBe8srj3VknqFpJOr0,Fire & Rain,"LOOPERS, IYONA",Fire & Rain,2020-03-26,21,187076,https://open.spotify.com/track/4muHLBe8srj3VknqFpJOr0,sad
4e7xzfUARPl5LVEIHOS6cW,Insane feat. Moon Holiday,"Flume, Moon Holiday",Flume: Deluxe Edition,2012-11-09,21,213883,https://open.spotify.com/track/4e7xzfUARPl5LVEIHOS6cW,sad
23uUytja1B1mUOOIoygf6u,Angels in Tibet,Amaarae,Fountain Baby,2023-06-09,66,142613,https://open.spotify.com/track/23uUytja1B1mUOOIoygf6u,sad
4Emy25GTcByJn3ofL92ks1,Guide Me,Deorro,Good Evening,2017-03-31,28,228070,https://open.spotify.com/track/4Emy25GTcByJn3ofL92ks1,sad
6ULPq2iNWiykHX1acI2SGn,Cold Blooded,Overmono,Good Lies,2023-05-12,40,217369,https://open.spotify.com/track/6ULPq2iNWiykHX1acI2SGn,sad
68777vKXTGpT30U5arJ9RB,MAKE IT,Losi,Gouldian Finch 2,2017-10-05,0,250000,https://open.spotify.com/track/68777vKXTGpT30U5arJ9RB,sad
1A758iwqjvHeUqixVwHr90,Harder,"Tiësto, KSHMR, Talay Riley",Harder,2017-06-16,0,193751,https://open.spotify.com/track/1A758iwqjvHeUqixVwHr90,sad
3GPmn3HANnZTlEovc2J9nt,hold my hand,"Knock2, Sophia Gripari",hold my hand,2024-10-25,45,266246,https://open.spotify.com/track/3GPmn3HANnZTlEovc2J9nt,sad
09c2cg1FysDPfpJ90jWQhO,"HOLD UP, I’M DOING SOMETHING",Emmit Fenn,"HOLD UP, I’M DOING SOMETHING",2025-03-07,39,250906,https://open.spotify.com/track/09c2cg1FysDPfpJ90jWQhO,sad
5Rch1HkVmSrNkxfqku0pg0,Breaking Kind,"Steve Angello, Paul Meany",HUMAN,2018-04-27,0,200626,https://open.spotify.com/track/5Rch1HkVmSrNkxfqku0pg0,sad
4NX5O7fvNWZUgJXeHmtoFM,Glory,Steve Angello,HUMAN,2018-04-27,0,215146,https://open.spotify.com/track/4NX5O7fvNWZUgJXeHmtoFM,sad
4vCrLKs6M10bLbMFRXEbJ6,Humans - Elevated Mix,Night Tapes,Humans (Elevated Mix),2023-05-26,31,252962,https://open.spotify.com/track/4vCrLKs6M10bLbMFRXEbJ6,sad
0UKAhAIlMCi61n7Q8Q0hmR,Hyperstrike,"Lizdek, Atura",Hyperstrike,2025-04-14,23,199034,https://open.spotify.com/track/0UKAhAIlMCi61n7Q8Q0hmR,sad
1BTsKDkV55KaMKBp92ldno,The Mark - Interlude,Moderat,II,2013-08-05,29,96106,https://open.spotify.com/track/1BTsKDkV55KaMKBp92ldno,sad
52sUt1HsFxScRUbOxnBQRP,Bad Kingdom,Moderat,II,2013-08-05,35,262840,https://open.spotify.com/track/52sUt1HsFxScRUbOxnBQRP,sad
60A6QT2jUaSzWZLq5QssOT,IMPACTA,Marian & Sean,IMPACTA,2025-04-10,0,112615,https://open.spotify.com/track/60A6QT2jUaSzWZLq5QssOT,sad
5Nna1dl9WGPVbf6iIsu5u8,Liberation,Julian Calor,Involve Collection,2018-12-14,17,184354,https://open.spotify.com/track/5Nna1dl9WGPVbf6iIsu5u8,sad
4LIIWJjlXMftVKMQWUrxKO,Human,Sevdaliza,Ison,2017-04-26,0,192042,https://open.spotify.com/track/4LIIWJjlXMftVKMQWUrxKO,sad
4LO0iMEDBw0YeW4lP3NeLO,I Will,Devault,I Will / Beloved,2022-08-12,38,308571,https://open.spotify.com/track/4LO0iMEDBw0YeW4lP3NeLO,sad
09s7wcZDLIMebqdIlaCLym,Jump,"René LaVice, Stanton Warriors, Knytro, Deadly",Jump,2021-02-05,20,256562,https://open.spotify.com/track/09s7wcZDLIMebqdIlaCLym,sad
0npQ9M834NvoujebLePqOn,Keep Trying Keep Trying,Moon Water,Keep Trying Keep Trying,2023-06-28,22,190758,https://open.spotify.com/track/0npQ9M834NvoujebLePqOn,sad
19X1yhvMTLxwnLF4Onr2bG,kidsgonemad!,ISOxo,kidsgonemad!,2023-10-20,46,124800,https://open.spotify.com/track/19X1yhvMTLxwnLF4Onr2bG,sad
1ZvhUQlRK0LxEbpmemw3H9,ENERGY,Whethan,"Life of a Wallflower , Vol. 2",2024-07-12,1,204197,https://open.spotify.com/track/1ZvhUQlRK0LxEbpmemw3H9,sad
2MYcQsk0MlyOqzlkSzCsCT,Mask (with AWAY),"josh pan, AWAY",Mask (with AWAY),2018-11-21,32,217142,https://open.spotify.com/track/2MYcQsk0MlyOqzlkSzCsCT,sad
7uAgqmyJ8PTRXL9WtZfPNe,Sunburn,DROELOE,A Matter Of Perspective,2020-11-13,50,226981,https://open.spotify.com/track/7uAgqmyJ8PTRXL9WtZfPNe,sad
20HGVj6zb5CPf5ZnNt3KzL,SOOTHSAYER,Deathpact,MIDHEAVEN: OPUS 01,2022-10-28,48,207157,https://open.spotify.com/track/20HGVj6zb5CPf5ZnNt3KzL,sad
2BHOT55CPDTvXP5KFTFP8L,Killing Giants,"Puppet, Murtagh, Richard Caddock",Monstercat 029 - Havoc,2016-11-18,14,241911,https://open.spotify.com/track/2BHOT55CPDTvXP5KFTFP8L,sad
1giGpOVhevgbX1epEuzFRv,Crescendo,"MUZZ, MYLK",Monstercat - 5 Year Anniversary,2016-07-15,15,298600,https://open.spotify.com/track/1giGpOVhevgbX1epEuzFRv,sad
1OIKc5sgYgz2bBOb3LxENW,They Just Haven't Seen It (feat. The Nicholas),"San Holo, The Nicholas",Monstercat - Best of 2016,2016-12-16,0,320583,https://open.spotify.com/track/1OIKc5sgYgz2bBOb3LxENW,sad
2khCGn7I4qwYwKVM6hIHmj,I Can't Wait,Ardalan,Mr. Good,2019-11-01,28,373333,https://open.spotify.com/track/2khCGn7I4qwYwKVM6hIHmj,sad
5dc2UVT3rtMUM4vf4Vsrlc,Naikira,Autolaser,Naikira,2017-09-21,0,229333,https://open.spotify.com/track/5dc2UVT3rtMUM4vf4Vsrlc,sad
6x8to58oCuyPyuXIe5Imak,Say Nothing (feat. MAY-A),"Flume, MAY-A",Palaces,2022-05-20,0,232959,https://open.spotify.com/track/6x8to58oCuyPyuXIe5Imak,sad
3FF8NO6VX0fOks889m6h4z,Neiges,"IMANU, The Caracal Project",Neiges / La Fournaise,2022-01-04,25,159069,https://open.spotify.com/track/3FF8NO6VX0fOks889m6h4z,sad
7rGmOXB4xH2A5jEK0gKD3N,Nothing More to Say - Dub,SOPHIE,Nothing More to Say,2013-02-18,40,325307,https://open.spotify.com/track/7rGmOXB4xH2A5jEK0gKD3N,sad
2H7eSqBZqVUL32vUVp0wfP,NOVV,Ivy Lab,Novv X NASDAQ,2021-04-30,22,257975,https://open.spotify.com/track/2H7eSqBZqVUL32vUVp0wfP,sad
59PYsHSyznHHH9gujZvO5Y,Faceshopping,SOPHIE,OIL OF EVERY PEARL'S UN-INSIDES,2017-06-14,46,236937,https://open.spotify.com/track/59PYsHSyznHHH9gujZvO5Y,sad
6pcE3DbGF9qJBn5AUT3fzN,Less - Snavs VIP,Snavs,Opal (Remixes),2021-01-08,15,193103,https://open.spotify.com/track/6pcE3DbGF9qJBn5AUT3fzN,sad
1qPDcSNvMXnkxA4DCPiu6T,Love Light,Flume,Palaces,2022-05-20,0,160672,https://open.spotify.com/track/1qPDcSNvMXnkxA4DCPiu6T,sad
3MkuFR7t25mu7Iscp6GGiV,Panic Room,"Au/Ra, CamelPhat",Panic Room,2018-07-28,55,214482,https://open.spotify.com/track/3MkuFR7t25mu7Iscp6GGiV,sad
48Jf12YHPBCAfAzi255Rvr,Redlight,"Swedish House Mafia, Sting",Paradise Again,2022-04-15,63,242880,https://open.spotify.com/track/48Jf12YHPBCAfAzi255Rvr,sad
4mcxTNCmY4tbFCDkBHzw1j,Passion,"Rohaan, ALYSS",Passion,2024-10-25,24,184186,https://open.spotify.com/track/4mcxTNCmY4tbFCDkBHzw1j,sad
2R4sIoCrJb4OV5qcsNDIQ6,prayer1,april27,prayer1,2023-06-09,0,142080,https://open.spotify.com/track/2R4sIoCrJb4OV5qcsNDIQ6,sad
29nktUMWuPmUYryAZFeP7B,Come With Me Ft. Leah Culver,"Leah Culver, Virtual Riot",Preset Junkies EP,2018-10-24,23,306206,https://open.spotify.com/track/29nktUMWuPmUYryAZFeP7B,sad
1N2lFj4wKaLRx5TFCHcvsj,Lost Control,Blinders,RAV APPEAL,2022-01-28,28,206222,https://open.spotify.com/track/1N2lFj4wKaLRx5TFCHcvsj,sad
5zi1StXz0PpcsdSVuzOIVu,Reality,"Bro Safari, Sarah Hudson",Reality (Remixes),2017-02-10,13,188118,https://open.spotify.com/track/5zi1StXz0PpcsdSVuzOIVu,sad
7d0kDJophKWbXkSvxvNDia,Blue Book,Whenuknow,Repeat Repeat,2024-06-28,13,249883,https://open.spotify.com/track/7d0kDJophKWbXkSvxvNDia,sad
0Q8GqeVINSBhouesuz2Jwl,Angel,Zeds Dead,Return to the Spectrum of Intergalactic Happiness,2025-03-07,38,298488,https://open.spotify.com/track/0Q8GqeVINSBhouesuz2Jwl,sad
4ejbqcbSuyulMaenjYKZbR,More Pressure,"Al'Tarba, Senbeï",Rogue Monsters,2019-02-08,34,135826,https://open.spotify.com/track/4ejbqcbSuyulMaenjYKZbR,sad
7KrBbZNONLzNtxLewyBmJM,Rowdy,MEMBA,Rowdy,2019-12-13,28,154000,https://open.spotify.com/track/7KrBbZNONLzNtxLewyBmJM,sad
0sWniVm3HUdyxClGcyJEUM,Rush,"IMANU, Zeds Dead",Rush,2023-10-13,26,202394,https://open.spotify.com/track/0sWniVm3HUdyxClGcyJEUM,sad
71AfT3Bewb71c8108NgOMU,Don't Touch Me Baby,"Memphis LK, DJ BORING",Say,2024-10-04,30,241777,https://open.spotify.com/track/71AfT3Bewb71c8108NgOMU,sad
2x8BwFwK5xiLrPVV4TZHrA,See Through Me,DROELOE,See Through Me,2017-04-18,0,198857,https://open.spotify.com/track/2x8BwFwK5xiLrPVV4TZHrA,sad
1gPJ3F2p8rwhlzr1AF58W7,Sientelo,"Mefjus, Camo & Krooked",Sientelo,2021-08-31,56,290742,https://open.spotify.com/track/1gPJ3F2p8rwhlzr1AF58W7,sad
3WTawy48FDVeLvDp6wckmh,Silence of Reality,Serhat Durmus,Silence of Reality,2020-04-03,48,264496,https://open.spotify.com/track/3WTawy48FDVeLvDp6wckmh,sad
3Yh0FE7DC00lWtQAkMCVmr,Like Water (feat. MNDR),"Flume, MNDR",Skin,2016-05-27,35,193633,https://open.spotify.com/track/3Yh0FE7DC00lWtQAkMCVmr,sad
63FxWnLTk9LcoPwOGdMgWv,Someday,IDEMI,Someday,2025-04-18,44,227753,https://open.spotify.com/track/63FxWnLTk9LcoPwOGdMgWv,sad
37uiFl9npiSmHGWTgrsWoc,Someday,"Suray Sertin, Sabrina Konstas",Someday,2023-05-11,21,253448,https://open.spotify.com/track/37uiFl9npiSmHGWTgrsWoc,sad
2Atzk0W2RHeZw2oIiaBubK,Tommy's Theme - Original,Noisia,Split the Atom (Special Edition),2012-04-09,34,280308,https://open.spotify.com/track/2Atzk0W2RHeZw2oIiaBubK,sad
5lzHDkFLN01bKatvKQC0lO,Treat You Better - Single Edit,RÜFÜS DU SOL,Treat You Better,2018-11-09,35,218305,https://open.spotify.com/track/5lzHDkFLN01bKatvKQC0lO,sad
5Oo8o8aw6xMnvcB5Uo47sy,We Appreciate Power,"Grimes, HANA",We Appreciate Power,2019-01-18,29,335289,https://open.spotify.com/track/5Oo8o8aw6xMnvcB5Uo47sy,sad
24mn5vRHLCoRehW3bZdeMh,Ascension Pt. II,Fka Mash,Ascension Pt. II,2025-07-25,38,366400,https://open.spotify.com/track/24mn5vRHLCoRehW3bZdeMh,sad
1Rh8OSTma2g6BdfBYXiTrq,Nothing On Me,"Maz, APACHE (FR), MAXI MERAKI, Tabia",Nothing On Me,2023-07-14,62,242294,https://open.spotify.com/track/1Rh8OSTma2g6BdfBYXiTrq,sad
4mdsqeYQoEwCYl0gdnUCLC,Bad Karma,Axel Thesleff,Bad Karma,2014-04-21,58,416000,https://open.spotify.com/track/4mdsqeYQoEwCYl0gdnUCLC,sad
3g66v3lFNy6cLk22PgJOUS,Dawn,"Axwell /\ Ingrosso, Axwell, Sebastian Ingrosso",More Than You Know,2017-07-28,38,332186,https://open.spotify.com/track/3g66v3lFNy6cLk22PgJOUS,sad
64wZp6RaY1qDdkoldeNOiI,Youphoria,Nifra,Youphoria,2023-10-13,39,158181,https://open.spotify.com/track/64wZp6RaY1qDdkoldeNOiI,sad
1w5HknXbhqJ1hlDKrIBooY,In Your Arms,Shift K3Y,In Your Arms,2024-06-21,55,144000,https://open.spotify.com/track/1w5HknXbhqJ1hlDKrIBooY,sad
36nYS9AwMR06ph6imdjn7J,I Guess We're Not The Same,Sammy Virji,I Guess We’re Not The Same,2025-02-14,58,211575,https://open.spotify.com/track/36nYS9AwMR06ph6imdjn7J,sad
5D5uC8J6xBkGN66eLnqdvG,Nostalgia,"Sammy Virji, Issey Cross",Nostalgia,2025-04-25,56,210978,https://open.spotify.com/track/5D5uC8J6xBkGN66eLnqdvG,sad
1f6nXWqapFZA69Rw3YRuWG,nothing left 2 say,"camoufly, Dazegxd",nothing left 2 say / give u everything,2024-12-13,45,195890,https://open.spotify.com/track/1f6nXWqapFZA69Rw3YRuWG,sad
0RI9PxKXrinZXzyi8qN257,feeling love again,GOVION,feeling love again,2023-10-06,16,173731,https://open.spotify.com/track/0RI9PxKXrinZXzyi8qN257,sad
6DtWaLBRRPnHbDBVjnls9W,Shoreditch,Vard.,Shoreditch,2023-11-27,60,149772,https://open.spotify.com/track/6DtWaLBRRPnHbDBVjnls9W,sad
6s63gwascZ8GHUfvbnWDfM,Just Like That,Macca Grills,Just Like That,2022-11-25,55,171748,https://open.spotify.com/track/6s63gwascZ8GHUfvbnWDfM,sad
4uUmk2NZOzNOjKF82dZ4OK,stereoluv,Tsu Nami,stereoluv,2024-12-13,33,274285,https://open.spotify.com/track/4uUmk2NZOzNOjKF82dZ4OK,sad
4MvAYkzdJjzZnmmgTBXeai,eye2eye,Tsu Nami,eye2eye,2024-08-30,52,195428,https://open.spotify.com/track/4MvAYkzdJjzZnmmgTBXeai,sad
2SqokKkZV5nliQXZiXx9kJ,FALLING,pluko,FALLING,2024-11-22,38,162210,https://open.spotify.com/track/2SqokKkZV5nliQXZiXx9kJ,sad
6pA4a92E9V12qoFWNwmw8e,Cowgirl,"Alyzée, Vard.",Cowgirl,2024-12-13,44,145741,https://open.spotify.com/track/6pA4a92E9V12qoFWNwmw8e,sad
2LalfWd4l2wcvHXtqOEIoM,Gimme A Minute,Record Club,Gimme A Minute,2024-12-27,44,142857,https://open.spotify.com/track/2LalfWd4l2wcvHXtqOEIoM,sad
0w2InymNC1tOdBOOYfGd63,Everything's Gonna Be Fine,Tsu Nami,Everything's Gonna Be Fine,2024-04-26,40,219428,https://open.spotify.com/track/0w2InymNC1tOdBOOYfGd63,sad
5pTQv7XzV9LPAAuT1OZIn7,Full Moon Eyes,"Arlo, fkblnde",Full Moon Eyes,2024-10-18,48,158928,https://open.spotify.com/track/5pTQv7XzV9LPAAuT1OZIn7,sad
7Lg4dEz9IVE5iUILPEdyUv,Always,camoufly,In Plain Sight,2023-02-22,46,162406,https://open.spotify.com/track/7Lg4dEz9IVE5iUILPEdyUv,sad
3mJDbD2d1cXQqglQecnnhn,Downtime,"Sam Silver, ALRT, Yona, Leap96",Downtime,2024-09-27,40,156521,https://open.spotify.com/track/3mJDbD2d1cXQqglQecnnhn,sad
1Cheunopig5ZrxuGe94MtX,tell you straight,jigitz,tell you straight,2025-02-12,66,124864,https://open.spotify.com/track/1Cheunopig5ZrxuGe94MtX,sad
3xLtfdXKbesvVxzSfmIQWy,make believe,jigitz,make believe,2024-10-25,42,137260,https://open.spotify.com/track/3xLtfdXKbesvVxzSfmIQWy,sad
11RXJgrGmyPJEtbOJ9ZFYQ,Beat Keep Rockin',Starjunk 95,Beat Keep Rockin',2025-02-14,57,183857,https://open.spotify.com/track/11RXJgrGmyPJEtbOJ9ZFYQ,sad
7qoxdajngC0j9VXrcnephA,Before You Leave Me,Alex Warren,Before You Leave Me,2024-02-16,67,176178,https://open.spotify.com/track/7qoxdajngC0j9VXrcnephA,sad
4vqGALAhEFOa8cMdaF4RWs,Emty Streets,Endora,Emty Streets,2025-10-03,22,173439,https://open.spotify.com/track/4vqGALAhEFOa8cMdaF4RWs,sad
7EHVp5cDzIvBMXN6Qnxhr9,Learn To Love (with Dean Lewis),"Zoe Wees, Dean Lewis",Learn To Love (with Dean Lewis),2025-07-25,50,213456,https://open.spotify.com/track/7EHVp5cDzIvBMXN6Qnxhr9,sad
5xc8OxiHfsUVBO1oEs6953,One Piece of Love,Endora,One Piece of Love,2025-09-05,21,179719,https://open.spotify.com/track/5xc8OxiHfsUVBO1oEs6953,sad
1tJYwdLF1NxR0l4kgPlFK9,Sober,Flo Wilkes,Sober,2025-08-22,20,200617,https://open.spotify.com/track/1tJYwdLF1NxR0l4kgPlFK9,sad
0yQUYbZFhgU8Cqk6n9Iw4J,State of Mind,Luchino,State of Mind,2025-08-22,44,204852,https://open.spotify.com/track/0yQUYbZFhgU8Cqk6n9Iw4J,sad
2KnwHtrH15SI6aITxh7KnS,KILL ME (Pain From The Jail Phone),XXXTENTACION,LOOK AT ME: THE ALBUM,2022-06-10,48,138546,https://open.spotify.com/track/2KnwHtrH15SI6aITxh7KnS,sad
4dVt76dE9gzlsyUQTMPB31,Heartbreak Dangerzone,"BROWN & GRAY, Sam Gray, Kaci Brown",Heartbreak Dangerzone,2025-10-17,36,176846,https://open.spotify.com/track/4dVt76dE9gzlsyUQTMPB31,sad
556axurBTaXQMg7MNp1VsO,Good Things,"Hammer Vibes, Patrick Jones",Good Things,2025-10-09,43,247560,https://open.spotify.com/track/556axurBTaXQMg7MNp1VsO,sad
3vI1Q18AzKoCUWLzTU1hqr,The Thread,Laurlyn,The Thread,2023-08-18,17,208536,https://open.spotify.com/track/3vI1Q18AzKoCUWLzTU1hqr,sad
7m1mdXsZLcuqk7WaQwrtzq,how I miss you sometimes,Endora,Emty Streets,2025-10-03,19,209959,https://open.spotify.com/track/7m1mdXsZLcuqk7WaQwrtzq,sad
2saRBCfDd0YC1oNpdvXwuP,The Battlefield,Serpent and Dove,The Battlefield,2025-08-22,16,267020,https://open.spotify.com/track/2saRBCfDd0YC1oNpdvXwuP,sad
6vQxdApCC4UmiS8wxipBeu,Night Talks With God,"Yung Pooda, Cool & Dre",Night Talks With God,2025-09-12,45,143736,https://open.spotify.com/track/6vQxdApCC4UmiS8wxipBeu,sad
5wrpMk4rUv6PaRjDmkFolL,something we'll figure out,Julia Kate,something we'll figure out,2025-05-30,24,161709,https://open.spotify.com/track/5wrpMk4rUv6PaRjDmkFolL,sad
0yYZBlEiYlRRnDKNes61kp,Push,Opal Echo,Push,2025-08-20,31,204327,https://open.spotify.com/track/0yYZBlEiYlRRnDKNes61kp,sad
6YkaFb3hGQw9UKH5ti8G1U,Stuck In October,Sophia Sheth,Stuck In October,2025-04-25,19,207607,https://open.spotify.com/track/6YkaFb3hGQw9UKH5ti8G1U,sad
1TS6yegHbRjSPaxnrYe0V7,Tell Me and I'll Listen,Kyra Gordon,Traveler,2024-11-14,20,225304,https://open.spotify.com/track/1TS6yegHbRjSPaxnrYe0V7,sad
7j3uGCna7NKvC2qfkK2IvT,Brokenhearted Dreamer,"Endora, Luna Rose, Monturi",Brokenhearted Dreamer,2023-09-22,17,165000,https://open.spotify.com/track/7j3uGCna7NKvC2qfkK2IvT,sad
4pARasKqgaBIyEV7ZNIH6R,Sugar Coated Love,Tessa Rae,Sugar Coated Love,2025-06-11,23,168701,https://open.spotify.com/track/4pARasKqgaBIyEV7ZNIH6R,sad
6dFUh1VvKd6w8RNjiSz479,angel,Julia Kate,angel,2025-08-28,30,297986,https://open.spotify.com/track/6dFUh1VvKd6w8RNjiSz479,sad
0TRUtHFTXJYbjFvl9VnJiO,Lean on Me,Endora,One Piece of Love,2025-09-05,20,121856,https://open.spotify.com/track/0TRUtHFTXJYbjFvl9VnJiO,sad
5FzIhxxksaGlDVlUi6cOqK,Taken Away,"Visceral Design, TakT",Taken Away,2020-07-17,0,195096,https://open.spotify.com/track/5FzIhxxksaGlDVlUi6cOqK,sad
3pgyRSXR57Z7vc5vvVPOC8,Say It,Mahathi Malladi,Say It,2025-05-16,17,213333,https://open.spotify.com/track/3pgyRSXR57Z7vc5vvVPOC8,sad
1mvDgNzIataP0YATli1Ltk,Waterloo,Dana Kyle Kroplick,Waterloo,2025-06-12,29,267219,https://open.spotify.com/track/1mvDgNzIataP0YATli1Ltk,sad
7AQim7LbvFVZJE3O8TYgf2,Fuck Love,"XXXTENTACION, Trippie Redd",17,2017-08-25,82,146520,https://open.spotify.com/track/7AQim7LbvFVZJE3O8TYgf2,sad
5wl0Loyou9sTAkCJ3haUMh,Why You,James Tonic,Why You,2025-07-23,28,208571,https://open.spotify.com/track/5wl0Loyou9sTAkCJ3haUMh,sad
5sTW2d86vNwfiJ2VNjUsrq,Poison In My Well,"Maggie Rose, Grace Potter",Poison In My Well,2025-07-25,34,188936,https://open.spotify.com/track/5sTW2d86vNwfiJ2VNjUsrq,sad
06GZGbTh5btE13LzAqn29y,Get Up,Iyabo,Get Up,2025-09-29,26,188648,https://open.spotify.com/track/06GZGbTh5btE13LzAqn29y,sad
6TLxmV8qfJpav34e1Yuk2p,Fragile House of Cards,Matt Hugg,Fragile House of Cards,2024-12-01,13,210984,https://open.spotify.com/track/6TLxmV8qfJpav34e1Yuk2p,sad
7aMdyBpB9WI2RgsxdF1YC0,Heroes,"Renaissance Collective, Oephelia, ItzSHLZ",Heroes,2025-09-16,14,178687,https://open.spotify.com/track/7aMdyBpB9WI2RgsxdF1YC0,sad
7ID131v2UOcoF8OBmRA3DY,Duality,TEYNA,Duality,2025-10-24,13,221937,https://open.spotify.com/track/7ID131v2UOcoF8OBmRA3DY,sad
71UFF3TqQiCE5Ml7o3Tj8C,Dancing With a Stranger,Judy Pearson,Dancing With a Stranger,2025-05-09,17,189168,https://open.spotify.com/track/71UFF3TqQiCE5Ml7o3Tj8C,sad
5Z4usAvQbZ2ThQUYemuUFc,Give It Time,Visceral Design,Give It Time,2025-08-29,34,195737,https://open.spotify.com/track/5Z4usAvQbZ2ThQUYemuUFc,sad
4a1ZRiaRjiVnR3rdSyD49E,Balloons on Your Grave,Kyra Gordon,Traveler,2024-11-14,16,250339,https://open.spotify.com/track/4a1ZRiaRjiVnR3rdSyD49E,sad
6mUVhbjY058NPKkAQDmyqF,When You Need It,Eliott Allemand,When You Need It,2025-06-20,23,204231,https://open.spotify.com/track/6mUVhbjY058NPKkAQDmyqF,sad
1A4zP0PVtddr1ONs25gO0Z,Fading Lights,sylv.,Fading Lights,2025-02-26,15,165159,https://open.spotify.com/track/1A4zP0PVtddr1ONs25gO0Z,sad
7JNXtHGEqwKDWtMglHgLAM,To Feel I Was Alive,Ronzio,To Feel I Was Alive,2024-11-08,14,168067,https://open.spotify.com/track/7JNXtHGEqwKDWtMglHgLAM,sad
10A1BFpNV2oD4SHjN6fX31,Toxic,Nicole Obarzanek,Toxic,2025-05-02,0,168999,https://open.spotify.com/track/10A1BFpNV2oD4SHjN6fX31,sad
7EcvsiCReVR6CMEgq93KAk,In my dreams,Scenic Heap,In my dreams,2025-10-31,7,236476,https://open.spotify.com/track/7EcvsiCReVR6CMEgq93KAk,sad
0VWiEzXjubnItza68DfWNz,up at night,Endora,up at night,2025-04-11,17,154999,https://open.spotify.com/track/0VWiEzXjubnItza68DfWNz,sad
0HMVmZcK6lBat9YES2oVlX,Wind Down,Dave Fennell,I Was A Goat,2025-01-02,8,243913,https://open.spotify.com/track/0HMVmZcK6lBat9YES2oVlX,sad
4us2SVCfw6BeWZT7wnOUKc,Your Love's My Lighthouse,Sonic Pulse Project,The Painter´s Light,2025-06-01,15,188000,https://open.spotify.com/track/4us2SVCfw6BeWZT7wnOUKc,sad
2X3NjlkOm4qhvqHBQ3SY6r,Traveler,Kyra Gordon,Traveler,2024-11-14,15,216171,https://open.spotify.com/track/2X3NjlkOm4qhvqHBQ3SY6r,sad
46NeGtsJJ0q9Yd6kuIkkpb,Reckless Car,Bodine Monet,Reckless Car,2025-04-04,26,186046,https://open.spotify.com/track/46NeGtsJJ0q9Yd6kuIkkpb,sad
7qcMmo5WaQjv6vswB9lEaA,Hopeless,Flo Wilkes,Hopeless,2024-01-26,15,201227,https://open.spotify.com/track/7qcMmo5WaQjv6vswB9lEaA,sad
3bat6MAo9SMG4jhYK9kGX0,Almost,Rust of Trust,Ready for Romance,2025-09-10,18,201719,https://open.spotify.com/track/3bat6MAo9SMG4jhYK9kGX0,sad
5qAy7HhOncQ0pYam0aVMVo,Woodstock,Kyra Gordon,Traveler,2024-11-14,12,296140,https://open.spotify.com/track/5qAy7HhOncQ0pYam0aVMVo,sad
4q41AYftqtfINPGkXsbvtB,Maybe,The New Condition,Maybe,2025-09-19,23,216448,https://open.spotify.com/track/4q41AYftqtfINPGkXsbvtB,sad
3z0nNNI73sVkKJMZyzzJjR,No God Beside You,Honey Ribar,No God Beside You,2025-09-12,33,216801,https://open.spotify.com/track/3z0nNNI73sVkKJMZyzzJjR,sad
3DWCSM8LTJlhJkWn0NRiQC,Rewritten,Flo Wilkes,Rewritten,2024-06-21,13,180400,https://open.spotify.com/track/3DWCSM8LTJlhJkWn0NRiQC,sad
0mT1UKASYzaduIYPncdzpA,Lantern Like the Moon,sylv.,Lantern Like the Moon,2025-03-27,15,186759,https://open.spotify.com/track/0mT1UKASYzaduIYPncdzpA,sad
3ys4KW0AABtSnlHQBLfZn8,In Your Heart,Dutchman,In Your Heart,2024-12-06,25,193488,https://open.spotify.com/track/3ys4KW0AABtSnlHQBLfZn8,sad
4VNhxv4ZD5IQrncKz3j4Ig,Time To Fly,Lee Baxter,TIME TO FLY,2024-10-16,16,175826,https://open.spotify.com/track/4VNhxv4ZD5IQrncKz3j4Ig,sad
22LdEhRi4VnPk2lc6wVzVv,stay,"golden dust, Endora, acronym.",stay,2023-09-15,20,109090,https://open.spotify.com/track/22LdEhRi4VnPk2lc6wVzVv,sad
24FJuBLpz42PD4aru9aWUg,God Rest Ye Merry Gentlemen,Jeremiah Broken,God Rest Ye Merry Gentlemen,2024-11-19,12,155821,https://open.spotify.com/track/24FJuBLpz42PD4aru9aWUg,sad
0QwKxajohg1rAMMmv1AWe1,Burn,Juice WRLD,Fighting Demons,2021-12-10,0,217222,https://open.spotify.com/track/0QwKxajohg1rAMMmv1AWe1,sad
2KOzsAbtwl7kv5MFuRHoTU,Echoes,helpme.,Echoes,2025-02-26,16,141999,https://open.spotify.com/track/2KOzsAbtwl7kv5MFuRHoTU,sad
5ggIc0YHJVkpG54qmI5UMs,Old Soul,MC. M,Old Soul,2024-11-15,13,128358,https://open.spotify.com/track/5ggIc0YHJVkpG54qmI5UMs,sad
3mEUU5VAHA5TMQHs2vLLWi,Happy We Happened,Carter Ryan,Happy We Happened,2024-11-22,40,177280,https://open.spotify.com/track/3mEUU5VAHA5TMQHs2vLLWi,sad
1UqaiZBaXahC2cv9Ocgvr5,Snowfall,helpme.,Snowfall,2024-11-21,25,124235,https://open.spotify.com/track/1UqaiZBaXahC2cv9Ocgvr5,sad
6wKdOBqNmK3C2OV1KRw8El,Dark December,helpme.,Dark December,2024-11-27,25,121846,https://open.spotify.com/track/6wKdOBqNmK3C2OV1KRw8El,sad
34eetYQlowO9TA9g41fHj3,Beautiful,James Tonic,Stuck In LA,2024-11-08,14,192039,https://open.spotify.com/track/34eetYQlowO9TA9g41fHj3,sad
1X3Gwr2ZvpLI9ndRD7EDM6,False Reality,helpme.,False Reality,2024-06-20,31,118526,https://open.spotify.com/track/1X3Gwr2ZvpLI9ndRD7EDM6,sad
18KHRLArmSx7U5SokLtZOn,Amazing - Acoustic,Year of the Lion,Amazing (Acoustic),2024-09-12,18,171359,https://open.spotify.com/track/18KHRLArmSx7U5SokLtZOn,sad
0z9tL6GDzBSAXEIL2EyZkp,Rapid Feelings,ZEPHEMERAL,Rapid Feelings,2024-03-28,14,151677,https://open.spotify.com/track/0z9tL6GDzBSAXEIL2EyZkp,sad
3nptZXfFXGJphQB7V4bCqc,"All right, Okay",Aurora Sky,Love's Journey,2023-12-07,13,94390,https://open.spotify.com/track/3nptZXfFXGJphQB7V4bCqc,sad
6x3hNF74kCKihpjNiLhav2,Keep Trying,Endora,Time Flies,2023-03-13,16,94420,https://open.spotify.com/track/6x3hNF74kCKihpjNiLhav2,sad
6CP2r5KGUr9d918FWCB9S3,It`s not,Endora,Time Flies,2023-03-13,15,100610,https://open.spotify.com/track/6CP2r5KGUr9d918FWCB9S3,sad
4WhbDD3oUwJY1NQafgMpGD,Looking up,Aurora Sky,Love's Journey,2023-12-07,14,89231,https://open.spotify.com/track/4WhbDD3oUwJY1NQafgMpGD,sad
2OKwa2g1pqm9S8vZwzn0KH,Stay With Me,Endora,Time Flies,2023-03-13,16,98281,https://open.spotify.com/track/2OKwa2g1pqm9S8vZwzn0KH,sad
4T5EZCOyV9qNIyoiSKRSn5,What Can I Do,Mia Bel,What Can I Do,2024-05-10,14,239664,https://open.spotify.com/track/4T5EZCOyV9qNIyoiSKRSn5,sad
79lVtncTTbDunHTDrnqrbT,Man of the House,Kaleb Sanders,Man of the House,2024-05-10,0,222701,https://open.spotify.com/track/79lVtncTTbDunHTDrnqrbT,sad
2J2Z1SkXYghSajLibnQHOa,Unstoppable,Sia,This Is Acting,2016-01-29,80,217746,https://open.spotify.com/track/2J2Z1SkXYghSajLibnQHOa,sad
0xMyKkV7e49nMrhHdScflI,You Are My Universe,Sytt,You Are My Universe,2024-03-26,13,186206,https://open.spotify.com/track/0xMyKkV7e49nMrhHdScflI,sad
00cv84zpvgfTH0sOYP2jGr,Highs and Lows,Monturi,Highs and Lows,2024-01-15,17,163500,https://open.spotify.com/track/00cv84zpvgfTH0sOYP2jGr,sad
1ZRI114NtFMNs1ZqZL21NC,Still Love You,ZEPHEMERAL,FOREVER SCARRED,2023-11-19,16,174298,https://open.spotify.com/track/1ZRI114NtFMNs1ZqZL21NC,sad
00mdp8QFxpvNSu4TAYPNLP,When You,Sytt,When You,2024-01-15,12,225235,https://open.spotify.com/track/00mdp8QFxpvNSu4TAYPNLP,sad
1U6GInrzJL4W0ch7gBShsr,Red,Bianca Ventura,Red,2024-01-19,13,173215,https://open.spotify.com/track/1U6GInrzJL4W0ch7gBShsr,sad
4VhQcBBfdUjaALTCIHSVh5,Lie,Sytt,Lie,2024-03-20,14,241447,https://open.spotify.com/track/4VhQcBBfdUjaALTCIHSVh5,sad
2BJwSq3M1frb7NpVjsLnGO,Figure It Out,Monturi,Let Go of Her,2024-05-20,14,129188,https://open.spotify.com/track/2BJwSq3M1frb7NpVjsLnGO,sad
6dF3rCblP3IRPGIX5KmHfX,My Dream,Endora,Time Flies,2023-03-13,14,104816,https://open.spotify.com/track/6dF3rCblP3IRPGIX5KmHfX,sad
4I3kx2RH1e1zG6L4UGBXo5,I Can Do It with a Broken Heart,helpme.,I Can Do It with a Broken Heart,2024-07-26,16,118588,https://open.spotify.com/track/4I3kx2RH1e1zG6L4UGBXo5,sad
7g77E0NxS6gOSODs8ARZZt,Don't Go,Monturi,Let Go of Her,2024-05-20,15,123168,https://open.spotify.com/track/7g77E0NxS6gOSODs8ARZZt,sad
1ZupS87Ctxc8jMBBAuj5fN,Is It Me,Endora,Time Flies,2023-03-13,14,94054,https://open.spotify.com/track/1ZupS87Ctxc8jMBBAuj5fN,sad
7rSBqr8DCBKpgNN5bm7x4J,Sun is shining,Aurora Sky,Love's Journey,2023-12-07,14,97975,https://open.spotify.com/track/7rSBqr8DCBKpgNN5bm7x4J,sad
0XUXJOiQivo3QLjYJWrhWx,Moon,Aurora Sky,Love's Journey,2023-12-07,14,95185,https://open.spotify.com/track/0XUXJOiQivo3QLjYJWrhWx,sad
10XpVXbXPyqzbXuDMnHgo2,Waiting for you,Endora,Time Is Precious,2023-05-16,14,95421,https://open.spotify.com/track/10XpVXbXPyqzbXuDMnHgo2,sad
04lEgDblO9elkqAU1aYJWl,I Want You Back,Monturi,Let Go of Her,2024-05-20,14,124235,https://open.spotify.com/track/04lEgDblO9elkqAU1aYJWl,sad
54obxWf8kRI8TGtbX52YyJ,I Would've,Jessie Murph,I Would've,2022-05-20,0,150583,https://open.spotify.com/track/54obxWf8kRI8TGtbX52YyJ,sad
0CQIiZIH3NVdjNOB5hcvxl,I know what I want,Endora,Time Is Precious,2023-05-16,14,102001,https://open.spotify.com/track/0CQIiZIH3NVdjNOB5hcvxl,sad
2ashz8GGNMBxDktYLMpahe,Take me higher,Endora,Time Is Precious,2023-05-16,15,95421,https://open.spotify.com/track/2ashz8GGNMBxDktYLMpahe,sad
4QmppD0CsfYy7eBAZmGTAm,Dead On Arrival,Sameer Amir,After Everything Is Done,2022-10-07,13,192800,https://open.spotify.com/track/4QmppD0CsfYy7eBAZmGTAm,sad
2qpQnGjCLt98AIVYCXNm9q,I Don't Know You,Monturi,Let Go of Her,2024-05-20,15,128423,https://open.spotify.com/track/2qpQnGjCLt98AIVYCXNm9q,sad
5ln5dSD5PRixWH5NVJhDRu,Around,Endora,Time Is Precious,2023-05-16,15,100000,https://open.spotify.com/track/5ln5dSD5PRixWH5NVJhDRu,sad
3IdbRxj6rgOxwJg5dublE4,You make me feel alive,Endora,Time Is Precious,2023-05-16,15,99231,https://open.spotify.com/track/3IdbRxj6rgOxwJg5dublE4,sad
65hq91r9rBHKwFBaAZOzRY,What If We Fell in Love,Monturi,Let Go of Her,2024-05-20,17,127240,https://open.spotify.com/track/65hq91r9rBHKwFBaAZOzRY,sad
0B2PwOpJYgjXdRfFwcNiYf,Hope,Aurora Sky,Love's Journey,2023-12-07,14,96188,https://open.spotify.com/track/0B2PwOpJYgjXdRfFwcNiYf,sad
7jiGUTUtimH1FCPSdbGBYh,"there is so much i wanna say, but i don't know where to start",Cicada VHS,today i will learn how to breathe,2025-04-18,50,103677,https://open.spotify.com/track/7jiGUTUtimH1FCPSdbGBYh,sad
3kLJ5hloSfV6FSdc2CJ8EQ,we accept the love we think we deserve,Cicada VHS,when does it end,2025-05-06,51,59961,https://open.spotify.com/track/3kLJ5hloSfV6FSdc2CJ8EQ,sad
2Tf3o75XkU0IS06tYgEuvn,Lust,"Marino, Alexandria",Lust,2025-10-14,77,115294,https://open.spotify.com/track/2Tf3o75XkU0IS06tYgEuvn,sad
7owUnuBJ3Y6i5me9RSw1SW,you don't know about real loss,two legged sheep,you don't know about real loss,2025-07-21,45,125519,https://open.spotify.com/track/7owUnuBJ3Y6i5me9RSw1SW,sad
1UHVyJBdBPCpIORQI7dWbG,Whisper,Chanin,Whisper,2025-09-19,60,179203,https://open.spotify.com/track/1UHVyJBdBPCpIORQI7dWbG,sad
4LOi2tqlsot8SqjkGsvbJh,when will i be happy,Cicada VHS,when will i be happy,2025-07-22,47,127216,https://open.spotify.com/track/4LOi2tqlsot8SqjkGsvbJh,sad
59lQ6BiSX1SKRcVAaQ3WfU,i'm sorry i couldn't keep my promise,Cicada VHS,the language of absence,2025-05-18,46,66500,https://open.spotify.com/track/59lQ6BiSX1SKRcVAaQ3WfU,sad
2SOmSOFCgASyBrf3DHwBt4,insurance,Rehash,mock,2025-06-06,57,216234,https://open.spotify.com/track/2SOmSOFCgASyBrf3DHwBt4,sad
3Rl26h1HiMCV0HFHHVb2IM,Heaven Up There,Palace,Life After,2019-07-12,58,437577,https://open.spotify.com/track/3Rl26h1HiMCV0HFHHVb2IM,sad
6AmSsVlEpqbAn1B6aQqppS,unconditional love does not exist,Cicada VHS,unconditional love,2025-06-14,44,59807,https://open.spotify.com/track/6AmSsVlEpqbAn1B6aQqppS,sad
5poESvOJ2TLXyVGU47rlca,"finally, the peace i seek","porch kiss, hallow","finally, the peace i seek",2025-04-11,49,144927,https://open.spotify.com/track/5poESvOJ2TLXyVGU47rlca,sad
4Yob9CFLXglfnDYBWcs8bd,Fuck,glaive,Y’all,2025-09-26,56,178931,https://open.spotify.com/track/4Yob9CFLXglfnDYBWcs8bd,sad
4Xi6sNIfOXcJAdpqCGpsk6,please don't leave me,Cicada VHS,please don't leave me,2025-07-07,49,112793,https://open.spotify.com/track/4Xi6sNIfOXcJAdpqCGpsk6,sad
4YtUJFXpvHrkClP3hCcUTn,i don't deserve flowers,two legged sheep,i don't deserve flowers,2025-09-27,43,90899,https://open.spotify.com/track/4YtUJFXpvHrkClP3hCcUTn,sad
7I8ftQPSknxqIH8jiuh6iv,All I've Ever Known,Bahamas,Bahamas Is Afie,2014-08-19,48,375973,https://open.spotify.com/track/7I8ftQPSknxqIH8jiuh6iv,sad
6ARThxVa3GBCq47DU4ONIJ,when will it end,Blind Monkey,when will it end,2025-07-03,43,60480,https://open.spotify.com/track/6ARThxVa3GBCq47DU4ONIJ,sad
5iukYqSe3RgN6YzxJSzVKE,i hate everything and i hate myself the most,Cicada VHS,i need to find myself,2025-10-01,39,63096,https://open.spotify.com/track/5iukYqSe3RgN6YzxJSzVKE,sad
0PY0aQZxroMCBqFyqZUhq9,"you hate yourself, that's why you hurt others",two legged sheep,"you hate yourself, that's why you hurt others",2025-08-26,45,97139,https://open.spotify.com/track/0PY0aQZxroMCBqFyqZUhq9,sad
1RAeWsZVH9A2tYZsZwDbfE,city stroll,Blind Monkey,city stroll,2025-10-21,28,64317,https://open.spotify.com/track/1RAeWsZVH9A2tYZsZwDbfE,sad
6paFt1CYKtEF2pedfxAEpi,she want,campthehills,she want,2025-08-22,52,138736,https://open.spotify.com/track/6paFt1CYKtEF2pedfxAEpi,sad
0jV8wR9xqP0bAba9Pt5Fij,"if i asked you to name everything you love, how long would it take before you named yourself",two legged sheep,"if i asked you to name everything you love, how long would it take before you named yourself",2025-08-20,40,75524,https://open.spotify.com/track/0jV8wR9xqP0bAba9Pt5Fij,sad
24Sztla2BtKBRWcLnmjRo0,Silent Earth,Josephine Illingworth,Silent Earth,2024-10-04,62,256422,https://open.spotify.com/track/24Sztla2BtKBRWcLnmjRo0,sad
2ot5I9hNTrQeWK1GLzsPAm,social isolation,two legged sheep,social isolation,2025-07-16,43,100221,https://open.spotify.com/track/2ot5I9hNTrQeWK1GLzsPAm,sad
3AnnOEoPNIX18poepK9kcw,Kitchen Flowers,Them & I,Kitchen Flowers,2025-03-28,57,143372,https://open.spotify.com/track/3AnnOEoPNIX18poepK9kcw,sad
7l8RK4SVgZWzsSqkmNrgR8,9,glaive,Y’all,2025-09-26,54,151121,https://open.spotify.com/track/7l8RK4SVgZWzsSqkmNrgR8,sad
0QZCqi8dp3bk5eCxd0Vtpv,pain demands to be felt,Cicada VHS,i need to find myself,2025-10-01,39,83250,https://open.spotify.com/track/0QZCqi8dp3bk5eCxd0Vtpv,sad
6lmykKoC9Jty4oSGbTxS4N,Fox,Current Joys,A Different Age,2018-03-02,39,344096,https://open.spotify.com/track/6lmykKoC9Jty4oSGbTxS4N,sad
6WKELghfWqeg80FePbNMuk,what are humans?,two legged sheep,what are humans?,2025-10-21,34,125206,https://open.spotify.com/track/6WKELghfWqeg80FePbNMuk,sad
0dAymUT86jebmwrXrsEDjP,The Nest,Rapt,Wayward Faith,2022-08-27,28,188160,https://open.spotify.com/track/0dAymUT86jebmwrXrsEDjP,sad
61LbGewr8sc88UzFjXGUsv,maybe,porch kiss,fort stevens 2006,2024-03-01,31,163000,https://open.spotify.com/track/61LbGewr8sc88UzFjXGUsv,sad
2voTL0BeyZoPJ29Jtz4VGa,worship or love,Them & I,worship or love,2024-10-11,54,156250,https://open.spotify.com/track/2voTL0BeyZoPJ29Jtz4VGa,sad
6zxNHJcAXOr36yKWHcgES8,i think i'm getting better,porch kiss,i think i'm getting better,2024-11-08,27,116666,https://open.spotify.com/track/6zxNHJcAXOr36yKWHcgES8,sad
1u5crTPBwRqX32qm0TP8LM,Ocean Lay Straight,Rapt,Ocean Lay Straight,2025-08-15,29,161749,https://open.spotify.com/track/1u5crTPBwRqX32qm0TP8LM,sad
1BLOVHYYlH4JUHQGcpt75R,Ode To The Mets,The Strokes,The New Abnormal,2020-04-10,71,351786,https://open.spotify.com/track/1BLOVHYYlH4JUHQGcpt75R,sad
6MqqBcouAPF7WxAMCa0NnM,are you lonely?,Cicada VHS,are you lonely?,2025-02-18,43,81322,https://open.spotify.com/track/6MqqBcouAPF7WxAMCa0NnM,sad
5OcPJ9yl4s4AIyS1CbbI3p,"dear bruce, i need to be honest and clear",Cicada VHS,the language of absence,2025-05-18,42,59975,https://open.spotify.com/track/5OcPJ9yl4s4AIyS1CbbI3p,sad
5KruLp0TxpuYCVGmbiiJly,Anchor,Them & I,Anchor,2025-02-14,51,152857,https://open.spotify.com/track/5KruLp0TxpuYCVGmbiiJly,sad
4LeS7Ck4amP5Q5W8y0Pt5C,Polo Ponies,glaive,Y’all,2025-09-26,52,159580,https://open.spotify.com/track/4LeS7Ck4amP5Q5W8y0Pt5C,sad
7jHAb3Vv3XGrpCvu6Wv4ju,Ghosts of You - Demo,"Loveable Wholes, mage tears",Josie,2022-07-21,34,127384,https://open.spotify.com/track/7jHAb3Vv3XGrpCvu6Wv4ju,sad
1Zex9hgva9jMficVS2dbJs,is there anyone out there,Blind Monkey,is there anyone out there,2025-07-14,42,84057,https://open.spotify.com/track/1Zex9hgva9jMficVS2dbJs,sad
4oHwzBsw0ukuA7Z8X6u1Bt,My Tide,Them & I,My Tide/just a kiss,2025-03-14,48,113869,https://open.spotify.com/track/4oHwzBsw0ukuA7Z8X6u1Bt,sad
3tbGXGG4gPdEIXHwI6zMmW,"get up you waste of space, human garbage",Cicada VHS,maybe for you there's a tomorrow,2025-03-16,42,78850,https://open.spotify.com/track/3tbGXGG4gPdEIXHwI6zMmW,sad
4zFFLlqun0XYAGWRREg9qV,i love you and it sounds stupid,glaive,Y’all,2025-09-26,54,160236,https://open.spotify.com/track/4zFFLlqun0XYAGWRREg9qV,sad
1LKnBHK4iwsBrFYsgmYM9V,just a kiss,Them & I,My Tide/just a kiss,2025-03-14,48,233942,https://open.spotify.com/track/1LKnBHK4iwsBrFYsgmYM9V,sad
0yOf4dgkVq8jbB2zxVK8Zj,August 10,Julie Doiron,Broken Girl,1996-04-01,77,178000,https://open.spotify.com/track/0yOf4dgkVq8jbB2zxVK8Zj,sad
5KmxXo0klLCdDdmNKTrxE6,Is This All There Is,cracknoise,Is This All There Is,2025-07-20,31,129927,https://open.spotify.com/track/5KmxXo0klLCdDdmNKTrxE6,sad
62R903SYfJm79xxLhjEhyW,Real House,Adrianne Lenker,Bright Future,2024-03-22,63,358850,https://open.spotify.com/track/62R903SYfJm79xxLhjEhyW,sad
507OLGtNv3H7iy1G1V6IL5,this might be my last day,Cicada VHS,this might be my last day,2025-03-01,41,59802,https://open.spotify.com/track/507OLGtNv3H7iy1G1V6IL5,sad
6r6nVev0MaoHIPrBGU9x4V,Billy Stay,Zach Bryan,American Heartbreak,2022-05-20,53,316507,https://open.spotify.com/track/6r6nVev0MaoHIPrBGU9x4V,sad
6Oi6pXA25VNhmncb1tMbLP,lost souls prayer,nilöwh.,lost souls prayer,2024-10-18,57,180906,https://open.spotify.com/track/6Oi6pXA25VNhmncb1tMbLP,sad
0ToG55iJZCOzZkcpWbXxpW,Vampire Empire,Big Thief,Vampire Empire,2023-07-19,21,192127,https://open.spotify.com/track/0ToG55iJZCOzZkcpWbXxpW,sad
6DN82xwbB6CKEa7BziJ096,it never ends,Cicada VHS,when does it end,2025-05-06,37,61778,https://open.spotify.com/track/6DN82xwbB6CKEa7BziJ096,sad
7k2dSTwyLLubNsTanFljKM,Bennie & Kay,glaive,Y’all,2025-09-26,52,190747,https://open.spotify.com/track/7k2dSTwyLLubNsTanFljKM,sad
3FmLbfanuf7XgtBypPWWcS,They'll Only Miss You When You Leave,Carissa's Wierd,Songs About Leaving,2010-10-12,52,286160,https://open.spotify.com/track/3FmLbfanuf7XgtBypPWWcS,sad
1PNF8TGeKgU0SbW3guKg0f,loser monologue,sign crushes motorist,i'll be okay,2022-08-05,62,176250,https://open.spotify.com/track/1PNF8TGeKgU0SbW3guKg0f,sad
318o2qHddA6xjqklVBwZtr,We Hug Now / The Cut That Always Bleeds (Medley),Sebxstian,We Hug Now / The Cut That Always Bleeds (Medley),2025-04-21,42,74168,https://open.spotify.com/track/318o2qHddA6xjqklVBwZtr,sad
14QX1ckbDIhqetvu5VZ3cP,In This Shirt,The Irrepressibles,Mirror Mirror,2010-10-01,73,335146,https://open.spotify.com/track/14QX1ckbDIhqetvu5VZ3cP,sad
1YEcWuxSowskA3A4uWKWFG,i threw a rock off an overpass and killed a guy,sign crushes motorist,i'll be okay,2022-08-05,53,145795,https://open.spotify.com/track/1YEcWuxSowskA3A4uWKWFG,sad
042RaY48TNY9aesv8fqYTf,I Should Have Known,Foo Fighters,Wasting Light,2011-04-12,45,255733,https://open.spotify.com/track/042RaY48TNY9aesv8fqYTf,sad
4W0NKiT7CgtokHEAcToo5B,i don't even like granola bars that much,Laughing Matter,let's not and say we did,2023-01-13,50,198000,https://open.spotify.com/track/4W0NKiT7CgtokHEAcToo5B,sad
2JuasWPUodaUxf5nwNpciQ,Nutshell,Alice In Chains,Jar Of Flies,1994,78,259200,https://open.spotify.com/track/2JuasWPUodaUxf5nwNpciQ,sad
61cvU0Td923G5kqzhHMtx4,introversion,Cicada VHS,unconditional love,2025-06-14,40,60211,https://open.spotify.com/track/61cvU0Td923G5kqzhHMtx4,sad
7gn3NdQez9Pwbqak4gspz5,Last Words of a Shooting Star,Mitski,Bury Me At Makeout Creek,2014-11-11,64,164226,https://open.spotify.com/track/7gn3NdQez9Pwbqak4gspz5,sad
0EWKnYvBwcDEtIwIOjjEUq,Every Dog Has Its Day,Birth Day,Boyhood,2022-06-10,39,221027,https://open.spotify.com/track/0EWKnYvBwcDEtIwIOjjEUq,sad
1Fi5bmzKxUfaqaQs3KREBN,climbing the mountain forever,Blind Monkey,climbing the mountain forever,2025-08-03,39,120019,https://open.spotify.com/track/1Fi5bmzKxUfaqaQs3KREBN,sad
6oBIzNjrQ7ibErxk1ZbdfA,Sadness As A Gift,Adrianne Lenker,Sadness As A Gift,2024-01-17,3,259015,https://open.spotify.com/track/6oBIzNjrQ7ibErxk1ZbdfA,sad
7y81xCrjzEDA5DLKfIT0h8,The Comfort of a Laugh Track,Roar,I'm Not Here to Make Friends,2012-02-28,53,292173,https://open.spotify.com/track/7y81xCrjzEDA5DLKfIT0h8,sad
6wfb4nI2Vih263JqC8WSoW,M.,Anıl Emre Daldal,M.,2020-12-04,71,223750,https://open.spotify.com/track/6wfb4nI2Vih263JqC8WSoW,sad
2MYidPOz5NHAtKUySTzbwx,Paul,Big Thief,Masterpiece,2016-05-27,61,183894,https://open.spotify.com/track/2MYidPOz5NHAtKUySTzbwx,sad
3AyuigFWbuirWHvidbMz8O,Should Have Known Better,Sufjan Stevens,Carrie & Lowell,2015-03-31,62,307697,https://open.spotify.com/track/3AyuigFWbuirWHvidbMz8O,sad
7ABWRukVQcXrIrDKDx5Gek,Only Ones Who Know,Arctic Monkeys,Favourite Worst Nightmare (Standard Version),2007-04-24,60,181480,https://open.spotify.com/track/7ABWRukVQcXrIrDKDx5Gek,sad
3M2bD9SMYnJIPdrTKUnBd3,I Know It's Over - 2011 Remaster,The Smiths,The Queen Is Dead,1986-06-16,73,349186,https://open.spotify.com/track/3M2bD9SMYnJIPdrTKUnBd3,sad
5bb99xKu1PyWXpyZ0cXlOa,nowhere to be,Cicada VHS,nowhere to be,2025-02-14,37,66677,https://open.spotify.com/track/5bb99xKu1PyWXpyZ0cXlOa,sad
3AYF9Sza9xsI7Zr3WXsAWA,A Dream,Flatsound,"Somewhere in the Distance, Somewhere Toward the Mountains",2019-02-21,65,170375,https://open.spotify.com/track/3AYF9Sza9xsI7Zr3WXsAWA,sad
62v1MU1PFXL6AUTyST8PJU,Back to the Old House - John Peel Session 14/09/83,The Smiths,Hatful of Hollow,1984,55,185213,https://open.spotify.com/track/62v1MU1PFXL6AUTyST8PJU,sad
2WGnSYnBcYz4xnsuYmPQma,forwards beckon rebound - Slowed,Sebxstian,forwards beckon rebound,2025-04-25,31,62552,https://open.spotify.com/track/2WGnSYnBcYz4xnsuYmPQma,sad
4ZgCMb7WGmqGxL7XpkYTx1,Manifesto,sign crushes motorist,Hurting,2023-06-30,53,172937,https://open.spotify.com/track/4ZgCMb7WGmqGxL7XpkYTx1,sad
2zBr1hUvQXP79GHS8EkWp5,this house is not the same,Sweet Boy,Sweet Boy,2024-01-17,64,220471,https://open.spotify.com/track/2zBr1hUvQXP79GHS8EkWp5,sad
5hExAGXrRkg5V7tsodb0ki,miserable,Cicada VHS,this might be my last day,2025-03-01,39,79062,https://open.spotify.com/track/5hExAGXrRkg5V7tsodb0ki,sad
3bJ8avTiCYv0bBC6vawhgg,Skeleton Bones,McCafferty,Sum of All Fears,2018-06-25,54,304039,https://open.spotify.com/track/3bJ8avTiCYv0bBC6vawhgg,sad
6JnZ9hXxtXTtjwB3aAptTf,Punish,Ethel Cain,Perverts,2025-01-08,53,400000,https://open.spotify.com/track/6JnZ9hXxtXTtjwB3aAptTf,sad
4v7anSFas32S5XVSRKWBwW,why do i feel so empty,Blind Monkey,why do i feel so empty,2025-07-22,38,126509,https://open.spotify.com/track/4v7anSFas32S5XVSRKWBwW,sad
3O2pB9JHreUZ9F83qSNmu8,If I Get High,Nothing But Thieves,Nothing But Thieves (Deluxe),2015-10-16,51,206560,https://open.spotify.com/track/3O2pB9JHreUZ9F83qSNmu8,sad
0lGTVZfU82bYT2uJw22Kz4,Mis,Alex G,Rules,2012-01-15,68,200680,https://open.spotify.com/track/0lGTVZfU82bYT2uJw22Kz4,sad
6pLGnO6JyJdtp4WlX5ixkI,This Feeling Will Pass,Take Care,Reject,2022-11-10,67,124687,https://open.spotify.com/track/6pLGnO6JyJdtp4WlX5ixkI,sad
34dkZZNQJzEJRqPkywYmEY,A Quick One Before the Eternal Worm Devours Connecticut,Have A Nice Life,Deathconsciousness,2008-01-01,62,472695,https://open.spotify.com/track/34dkZZNQJzEJRqPkywYmEY,sad
7IDQL8PXMYoE7OGZOisk4N,this was everything for me,i don't like mirrors,this was everything for me,2023-10-17,61,184761,https://open.spotify.com/track/7IDQL8PXMYoE7OGZOisk4N,sad
4Nwrh5BlZ8I31znYQULS7G,Spectre,Radiohead,Spectre,2016-05-16,64,199333,https://open.spotify.com/track/4Nwrh5BlZ8I31znYQULS7G,sad
3xoj3xHw1SDBXYw1RNwEOx,i should be happy,miercoles,i should be happy,2024-03-26,61,75230,https://open.spotify.com/track/3xoj3xHw1SDBXYw1RNwEOx,sad
3liDgMzmchIXTk1ZrNH1vH,i just wanna be loved,two legged sheep,i just wanna be loved,2025-08-03,38,60923,https://open.spotify.com/track/3liDgMzmchIXTk1ZrNH1vH,sad
7sYOXMXgA34jo9WkXZLEOG,Grave Filled with Books,Giles Corey,Giles Corey,2015-09-25,39,241200,https://open.spotify.com/track/7sYOXMXgA34jo9WkXZLEOG,sad
4yXKLDrHYrffSVmQOFdbDA,Scott Pilgrim vs. My GPA,Mom Jeans.,Best Buds,2016-07-03,72,239597,https://open.spotify.com/track/4yXKLDrHYrffSVmQOFdbDA,sad
5rvnWQZTKVySQaB7K0UT2Y,Mindtrap,fortaliax,Mindtrap,2023-02-21,57,181850,https://open.spotify.com/track/5rvnWQZTKVySQaB7K0UT2Y,sad
6xbjRUHPkU7PyNDJgkPjQZ,Scott Street - Violin Instrumental,Sebxstian,Scott Street (Violin Instrumental),2025-05-21,30,184139,https://open.spotify.com/track/6xbjRUHPkU7PyNDJgkPjQZ,sad
6rqj2zeKhLy3exkuFi6mSz,Answer,"Tyler, The Creator",Wolf,2013-04-01,71,230066,https://open.spotify.com/track/6rqj2zeKhLy3exkuFi6mSz,sad
4aFC7Mes7CW5vHcb8ZApAx,Ohne dich,Rammstein,"Reise, Reise",2004-09-27,63,271173,https://open.spotify.com/track/4aFC7Mes7CW5vHcb8ZApAx,sad
7lrhugjSbiImrNSLIFIq0c,Not,Big Thief,Two Hands,2019-10-11,64,367093,https://open.spotify.com/track/7lrhugjSbiImrNSLIFIq0c,sad
0z1o5L7HJx562xZSATcIpY,Exit Music (For A Film),Radiohead,OK Computer,1997-05-28,80,267186,https://open.spotify.com/track/0z1o5L7HJx562xZSATcIpY,sad
4yIOd5HapcisNfepM7FGKv,nintendo 64,alexgoffline,nintendo 64,2024-11-27,69,178782,https://open.spotify.com/track/4yIOd5HapcisNfepM7FGKv,sad
0oxYB9GoOIDrdzniNdKC44,When the Sun Hits,Slowdive,Souvlaki,1993,78,285906,https://open.spotify.com/track/0oxYB9GoOIDrdzniNdKC44,sad
1NAWiOec7X7xTa24nXQFCG,Camden,Gracie Abrams,This Is What It Feels Like,2021-11-12,63,246352,https://open.spotify.com/track/1NAWiOec7X7xTa24nXQFCG,sad
5zMxLq47V3Gr0LlFvxiFXS,Growing/Dying,The Backseat Lovers,Waiting to Spill,2022-10-28,58,212093,https://open.spotify.com/track/5zMxLq47V3Gr0LlFvxiFXS,sad
3e4QnOQmNqJaBjpmjGYZK0,The End,Tom Odell,The End,2023-12-22,53,205634,https://open.spotify.com/track/3e4QnOQmNqJaBjpmjGYZK0,sad
2VUBNNmfRoz3GgdI9oU8NT,i can't forgive,Cicada VHS,identity crisis,2025-11-01,26,103298,https://open.spotify.com/track/2VUBNNmfRoz3GgdI9oU8NT,sad
0UOG0zUn7t8m8QcxfzR7AH,"Merry Christmas, Please Don't Call",Bleachers,"Merry Christmas, Please Don't Call",2024-11-13,69,202132,https://open.spotify.com/track/0UOG0zUn7t8m8QcxfzR7AH,sad
2TiAKiK5yHgX05tstPC3zx,"Sky Blue Skin - Demo - September 13, 1996",Jeff Buckley,"Sky Blue Skin (Demo - September 13, 1996)",2019-08-23,44,354542,https://open.spotify.com/track/2TiAKiK5yHgX05tstPC3zx,sad
74NBrEJMp3gVFfeWiOIzJi,"Bin ich nur glücklich, wenn es schmerzt",Böhse Onkelz,Viva los Tioz,1998-09-07,50,337533,https://open.spotify.com/track/74NBrEJMp3gVFfeWiOIzJi,sad
3guHFX9hZvqKCzP412RFbg,Nienawiść,Myslovitz,Miłość w czasach popkultury,1999,47,227786,https://open.spotify.com/track/3guHFX9hZvqKCzP412RFbg,sad
5ljMlD10En5rRGZU0cs2Np,aisatsana [102],Aphex Twin,Syro,2014-09-22,59,321880,https://open.spotify.com/track/5ljMlD10En5rRGZU0cs2Np,sad
18mGXTNsyfqwE3AZ9WbEy0,I Think You Were in My Profile Picture Once,Modern Baseball,Sports,2012-11-27,59,79796,https://open.spotify.com/track/18mGXTNsyfqwE3AZ9WbEy0,sad
7g5qe8VITjr13RIe8uM2p6,Your Best American Girl,Mitski,Puberty 2,2016-06-17,67,212183,https://open.spotify.com/track/7g5qe8VITjr13RIe8uM2p6,sad
5P3yUXUC9rZPJPNmYGKEAz,Goner,Twenty One Pilots,Blurryface,2015-05-15,62,236733,https://open.spotify.com/track/5P3yUXUC9rZPJPNmYGKEAz,sad
76l5r75wE5kvPdDsksAr62,Class of 2013 - Audiotree Live Version,"Mitski, Audiotree",Mitski on Audiotree Live,2015-07-31,62,131530,https://open.spotify.com/track/76l5r75wE5kvPdDsksAr62,sad
3oEkrIfXfSh9zGnE7eBzSV,The Winner Takes It All,ABBA,Super Trouper,1980,84,294720,https://open.spotify.com/track/3oEkrIfXfSh9zGnE7eBzSV,sad
0uQZGZQ26xvdPLISeXWPN4,most people wouldn't understand,two legged sheep,most people wouldn't understand,2025-07-20,38,61802,https://open.spotify.com/track/0uQZGZQ26xvdPLISeXWPN4,sad
0i0jSCjVeXfQ0SS9yl6GIy,Before You Start Your Day,Twenty One Pilots,Twenty One Pilots,2009-12-29,53,233000,https://open.spotify.com/track/0i0jSCjVeXfQ0SS9yl6GIy,sad
6TvxPS4fj4LUdjw2es4g21,Slipping Through My Fingers,ABBA,The Visitors (Deluxe Edition),1981,75,233720,https://open.spotify.com/track/6TvxPS4fj4LUdjw2es4g21,sad
2kRFrWaLWiKq48YYVdGcm8,Everything In Its Right Place,Radiohead,Kid A,2000-10-02,75,251426,https://open.spotify.com/track/2kRFrWaLWiKq48YYVdGcm8,sad
2RSwKzP2dKnLlR4N8qmKvN,Drowning Out,You'll Never Get to Heaven,You’ll Never Get to Heaven,2012-10-11,31,194813,https://open.spotify.com/track/2RSwKzP2dKnLlR4N8qmKvN,sad
3v2OxIsGWJXWfLuRkB59Q6,zombie girl,Adrianne Lenker,songs,2020-10-23,64,164224,https://open.spotify.com/track/3v2OxIsGWJXWfLuRkB59Q6,sad
4qULsv8t3CLDbHHU4cimpU,Goodbye My Baby,Jace June,Goodbye My Baby,2023-10-27,62,194000,https://open.spotify.com/track/4qULsv8t3CLDbHHU4cimpU,sad
010ALbbh5KlQ4fKWgSdhRd,Look On Down From The Bridge,Mazzy Star,Among My Swan,1996-10-29,66,287893,https://open.spotify.com/track/010ALbbh5KlQ4fKWgSdhRd,sad
7D2GlhEjpeoPjfvTyMYpZ2,Retreating Into A Dying Mind,miserable teens club,purgatory,2022-07-08,50,300000,https://open.spotify.com/track/7D2GlhEjpeoPjfvTyMYpZ2,sad
4jPosXVVKsRHar9z0xrEdW,nobody understands me,Cicada VHS,this might be my last day,2025-03-01,39,87884,https://open.spotify.com/track/4jPosXVVKsRHar9z0xrEdW,sad
2O1fWJD4M38spxqK6ly8qZ,Orbitron,Duster,"Transmission, Flux",1997-01-01,46,138266,https://open.spotify.com/track/2O1fWJD4M38spxqK6ly8qZ,sad
2RTLIQRc8yogHh08waQDVa,I Know It's Over,Jeff Buckley,You and I (Expanded Edition),2016-11-16,69,424666,https://open.spotify.com/track/2RTLIQRc8yogHh08waQDVa,sad
4T1iiabe7G0UjWQJCY6NE2,Videotape,Radiohead,In Rainbows,2007-12-28,63,279634,https://open.spotify.com/track/4T1iiabe7G0UjWQJCY6NE2,sad
1HZ5AlkzuGtmPsG2teW5PJ,The Sea Is A Good Place To Think Of The Future,Los Campesinos!,Romance Is Boring,2010-01-26,38,266893,https://open.spotify.com/track/1HZ5AlkzuGtmPsG2teW5PJ,sad
3joxjtEHtBVTqBnoqAQN2c,you should have been the one that was killed,Cicada VHS,maybe for you there's a tomorrow,2025-03-16,39,61024,https://open.spotify.com/track/3joxjtEHtBVTqBnoqAQN2c,sad
445cTpgiejdFXArzPyQbCe,I Want You to Know That I'm Awake/i Hope That You're Asleep,Car Seat Headrest,How to Leave Town,2014-10-31,50,523750,https://open.spotify.com/track/445cTpgiejdFXArzPyQbCe,sad
2gPkcrIq3piZj0ju8QRmgR,you are the monster,two legged sheep,you are the monster,2025-08-10,39,79331,https://open.spotify.com/track/2gPkcrIq3piZj0ju8QRmgR,sad
5F8RUGunSSBdu8Tn5qc63M,When Will It End,Birth Day,Boyhood,2022-06-10,46,182181,https://open.spotify.com/track/5F8RUGunSSBdu8Tn5qc63M,sad
52MqNGbEPw1JrXvS6I2WDr,"a glimpse of heaven, or wherever you are",Flatsound,you can't impress anyone with normal pictures of the sea,2023-09-29,51,129000,https://open.spotify.com/track/52MqNGbEPw1JrXvS6I2WDr,sad
3LOuU9L8SJ574EBc4PtOyA,Memory,Alex G,Trick,2012-11-05,49,172813,https://open.spotify.com/track/3LOuU9L8SJ574EBc4PtOyA,sad
6cXsldqRjH9jbcxymrcVAv,is this really it?,abandoned dog,is this really it?,2024-02-05,57,120043,https://open.spotify.com/track/6cXsldqRjH9jbcxymrcVAv,sad
5zFV5Fa954zBsHc9iMuBlj,there's not a day goes by i don't feel regret,Cicada VHS,i look back at the way i was,2025-08-11,41,67451,https://open.spotify.com/track/5zFV5Fa954zBsHc9iMuBlj,sad
3apT2oTx8W4iGCDotzKjAf,I'm sorry,no.way.out,I'm sorry,2024-07-15,60,61081,https://open.spotify.com/track/3apT2oTx8W4iGCDotzKjAf,sad
0KXo5mxUPK5KTK4BRqAGVh,Blood Sport - from the room below,Sleep Token,Sundowning (Deluxe),2020-06-20,53,255146,https://open.spotify.com/track/0KXo5mxUPK5KTK4BRqAGVh,sad
6SJLI3bamHHLqEfILK4xhy,seclusion,Cicada VHS,identity crisis,2025-11-01,17,169961,https://open.spotify.com/track/6SJLI3bamHHLqEfILK4xhy,sad
0LuyoQtrplnft7hoVf35QE,Killer,Phoebe Bridgers,Stranger in the Alps (Deluxe Edition),2018-10-02,47,189213,https://open.spotify.com/track/0LuyoQtrplnft7hoVf35QE,sad
46OdHshHXLGqrZsvErVYd4,this is my destiny,Cicada VHS,i look back at the way i was,2025-08-11,38,86495,https://open.spotify.com/track/46OdHshHXLGqrZsvErVYd4,sad
5IOWHUbaTuug1aRYQiPZLx,Karen 3,Småland,"Ljudspårsmusik, Vol. 1",2019-03-01,52,128864,https://open.spotify.com/track/5IOWHUbaTuug1aRYQiPZLx,sad
48x8fBWfyeSMzLl5gbsjr9,COME THRU,Joji,BALLADS 1,2018-10-26,0,153168,https://open.spotify.com/track/48x8fBWfyeSMzLl5gbsjr9,sad
32xjgqHt76Q8sipEop3Bci,drowning,Vague003,drowning,2022-12-09,62,117341,https://open.spotify.com/track/32xjgqHt76Q8sipEop3Bci,sad
2lO8mP1QvI7RizGcBYQ7Mx,How - demo,Clairo,diary 001,2018-05-25,31,127040,https://open.spotify.com/track/2lO8mP1QvI7RizGcBYQ7Mx,sad
4c0r5XHnOvH92uT9ktySSG,Intro,Buck's Moonlight Revival,Buck's Moonlight Revival,2021-06-27,37,220285,https://open.spotify.com/track/4c0r5XHnOvH92uT9ktySSG,sad
40MYrR5GY6f0ghFOnJJC9v,Gold Dust,Duster,Stratosphere,1998-02-24,53,125933,https://open.spotify.com/track/40MYrR5GY6f0ghFOnJJC9v,sad
0Y9D1Bc4fAkeZnVsGKdij6,WANTED U,Joji,BALLADS 1,2018-10-26,1,251015,https://open.spotify.com/track/0Y9D1Bc4fAkeZnVsGKdij6,sad
0mr8FAnN9X70p5KRUwMIJx,i met sarah in the bathroom,awfultune,i met sarah in the bathroom,2019-07-31,1,121374,https://open.spotify.com/track/0mr8FAnN9X70p5KRUwMIJx,sad
5m8pK2dM25CY8hZ8Knu4vJ,letting you in,awfultune,letting you in,2019-10-28,0,254188,https://open.spotify.com/track/5m8pK2dM25CY8hZ8Knu4vJ,sad
1MXOWbSCEjoGwivtIMnlBV,Constellations,Duster,Stratosphere,1998-02-24,65,223200,https://open.spotify.com/track/1MXOWbSCEjoGwivtIMnlBV,sad
4pHCz444L8yvFDar6FC0xd,Cold,sign crushes motorist,i'll be okay,2022-08-05,56,137750,https://open.spotify.com/track/4pHCz444L8yvFDar6FC0xd,sad
3boC2M1D82RuRJhUOkSHtg,Answering Machine,Ruby Haunt,The Middle of Nowhere,2019-08-30,58,309000,https://open.spotify.com/track/3boC2M1D82RuRJhUOkSHtg,sad
1EryAkZ0VHstC6haIxVBiE,Sextape,Deftones,Diamond Eyes,2010-04-30,80,241533,https://open.spotify.com/track/1EryAkZ0VHstC6haIxVBiE,sad
1Ty1beNcNEbOXbO9fJNIXu,Things to Do,Alex G,Race,2010-01-01,1,157874,https://open.spotify.com/track/1Ty1beNcNEbOXbO9fJNIXu,sad
7ne2hzW4jaU5tacaCI4kJH,Your face,Wisp,Your face,2023-04-04,3,227426,https://open.spotify.com/track/7ne2hzW4jaU5tacaCI4kJH,sad
6BrUHF5HjhqGgDxlgwrzW9,A Little Bit Longer,Jasper Jones,Shadoweaver,2025-06-27,21,186156,https://open.spotify.com/track/6BrUHF5HjhqGgDxlgwrzW9,sad
4k3xDpAdBuM17mNNHhOZkK,nuts,"Lil Peep, rainy bear",LIVE FOREVER,2015-12-02,85,85360,https://open.spotify.com/track/4k3xDpAdBuM17mNNHhOZkK,sad
5gnOGcUA9Thwa611bn3Rp2,TV,Alex G,Race,2010-01-01,0,75524,https://open.spotify.com/track/5gnOGcUA9Thwa611bn3Rp2,sad
5omKvSB7yvJZxHthOzhqRP,i'm going to fail my class,mage tears,old songs,2022-01-04,0,63934,https://open.spotify.com/track/5omKvSB7yvJZxHthOzhqRP,sad
5r4moN04aNERMlyQGIk5VJ,Nn,Other Nothing,Not Songs,2019-06-28,41,53935,https://open.spotify.com/track/5r4moN04aNERMlyQGIk5VJ,sad
3UZxAcdabpavTbtmRCYErK,waiting for you,SUN$​ET,waiting for you,2025-06-18,22,166686,https://open.spotify.com/track/3UZxAcdabpavTbtmRCYErK,sad
5PHSyGMwRTpB2iP6pYjoWV,Ww,Other Nothing,Not Songs,2019-06-28,60,93000,https://open.spotify.com/track/5PHSyGMwRTpB2iP6pYjoWV,sad
7InHgiDyJ0GtvnIVslWNPK,I'm Not In Love,Kelsey Lu,Blood,2019-04-19,51,414466,https://open.spotify.com/track/7InHgiDyJ0GtvnIVslWNPK,sad
1A40cWbsF9yQskTD8U6Ci5,i can see clearly,Lil Darkie,SWAMP,2020-12-25,67,193548,https://open.spotify.com/track/1A40cWbsF9yQskTD8U6Ci5,sad
5ZJUvZxyzvJmi3sWQaWTHL,Idk How to Kill Myself,Yunggoth✰,Idk How to Kill Myself,2017-10-27,53,136620,https://open.spotify.com/track/5ZJUvZxyzvJmi3sWQaWTHL,sad
40tKjXHRyii8S9jh4ZsiTd,HelloFriend ThatStuffWillKillYa,BONES,Powder,2015-04-10,43,120424,https://open.spotify.com/track/40tKjXHRyii8S9jh4ZsiTd,sad
64nUZkvE9JB6jSj8QpmIbk,i just want to hold her,sign crushes motorist,i'll be okay,2022-08-05,54,232750,https://open.spotify.com/track/64nUZkvE9JB6jSj8QpmIbk,sad
2MJkQZEB0YNJbnQ59dZ0Pp,Wish,sign crushes motorist,i'll be okay,2022-08-05,59,156000,https://open.spotify.com/track/2MJkQZEB0YNJbnQ59dZ0Pp,sad
7CYPzawmBUJUN3tDGhQh1I,Enough for you,Wisp,Enough for you,2024-03-15,0,185608,https://open.spotify.com/track/7CYPzawmBUJUN3tDGhQh1I,sad
06l8eDJb6lK9goc7xceMHV,Gehenna,Loathe,Prepare Consume Proceed,2016-07-08,47,64281,https://open.spotify.com/track/06l8eDJb6lK9goc7xceMHV,sad
4zyHmSSneytuFEdU2TbU7w,unknown feelings,Novulent,unknown feelings,2023-05-17,68,134627,https://open.spotify.com/track/4zyHmSSneytuFEdU2TbU7w,sad
4l4g7KeaMIBUD54mP067hL,I Wasn't Enough for You,BØJET,Sleepwalk,2017-09-03,31,192731,https://open.spotify.com/track/4l4g7KeaMIBUD54mP067hL,sad
0sGJSiKG9sfYKEZkqvlRB4,My Lights Kiss Your Thoughts Every Moment,Lucy Gooch,Rushing,2020-02-03,29,136000,https://open.spotify.com/track/0sGJSiKG9sfYKEZkqvlRB4,sad
3taKLzKldi4LGzlO2RDs7P,Lonely Nights,ilyTOMMY,Lonely Nights,2017-10-17,57,185880,https://open.spotify.com/track/3taKLzKldi4LGzlO2RDs7P,sad
3JXYtW71arunoLaaBxp2LO,WingRiddenAngel,XXXTENTACION,LOOK AT ME: THE ALBUM,2022-06-10,62,166533,https://open.spotify.com/track/3JXYtW71arunoLaaBxp2LO,sad
5de9Ho64dovuQI8Uhn5gPD,I Don't Wanna Do This Anymore,XXXTENTACION,Revenge,2017-05-16,72,87560,https://open.spotify.com/track/5de9Ho64dovuQI8Uhn5gPD,sad
1MTQHCpraD4S8g5PAFKzoj,Behind Blue Eyes,Limp Bizkit,Results May Vary,2003-01-01,78,269973,https://open.spotify.com/track/1MTQHCpraD4S8g5PAFKzoj,sad
5bRuS5LK9OE8NhHsTipm3v,things that i miss,"awfultune, Sandosius",peace and quiet,2018,0,216037,https://open.spotify.com/track/5bRuS5LK9OE8NhHsTipm3v,sad
1BwBeG8Pae6uHp3w29AHvi,Where's My Love - Alternate Version,SYML,Hurt for Me,2016-09-09,0,248333,https://open.spotify.com/track/1BwBeG8Pae6uHp3w29AHvi,sad
77UXyXy6qie0sOtLdEIH4A,Demons,Joji,In Tongues (Deluxe),2018-02-14,65,176803,https://open.spotify.com/track/77UXyXy6qie0sOtLdEIH4A,sad
7wtgsXOuyJb51FbE1bmCwr,"I filled my Lungs with the Necessary Air, and yelled! - Ben Lukas Boysen Rework","Simon Goff, Sam Slater, Ben Lukas Boysen",Vale Reworked,2022-04-01,25,437322,https://open.spotify.com/track/7wtgsXOuyJb51FbE1bmCwr,sad
3fRp6GTvqsChczMRNVS1I1,Haunt u,dxnac,Haunt u,2022-10-10,4,117481,https://open.spotify.com/track/3fRp6GTvqsChczMRNVS1I1,sad
3YchUDysu9jfzeSRG8st77,ghost boy,Lil Peep,ghost boy,2015-09-18,60,130973,https://open.spotify.com/track/3YchUDysu9jfzeSRG8st77,sad
1JnvkDLHkDgS0cScCLYsjF,All Your Yeahs,Beach House,Thank Your Lucky Stars,2015-10-16,38,228257,https://open.spotify.com/track/1JnvkDLHkDgS0cScCLYsjF,sad
70Z2wP3lTfnqPt3SAIhUVC,Lil Angel,Lil Peep,Lil Angel,2024-07-05,50,148666,https://open.spotify.com/track/70Z2wP3lTfnqPt3SAIhUVC,sad
5xwKCPdE3kyU0XwqfbyQsx,Pills,Joji,In Tongues (Deluxe),2018-02-14,57,187133,https://open.spotify.com/track/5xwKCPdE3kyU0XwqfbyQsx,sad
3tZZvB5AlpLyZ378K4iC44,Think About U (feat. Joji),"Ryan Hemsworth, Joji",Elsewhere,2018-09-21,55,168974,https://open.spotify.com/track/3tZZvB5AlpLyZ378K4iC44,sad
5orN4HYGUJS3AqewwwFixi,Left,sign crushes motorist,i'll be okay,2022-08-05,54,140624,https://open.spotify.com/track/5orN4HYGUJS3AqewwwFixi,sad
5Mu5BFHb4vFS5cw0hbDICV,i miss your warm hands,i don't like mirrors,Not How it's Supposed to be,2023-10-17,72,131730,https://open.spotify.com/track/5Mu5BFHb4vFS5cw0hbDICV,sad
5ZNrtDCYDwzIBKmZAclBOu,"it hurts, now that you're gone",i don't like mirrors,"it hurts, now that you're gone",2024-01-05,68,125538,https://open.spotify.com/track/5ZNrtDCYDwzIBKmZAclBOu,sad
7keRx5tM9YCVoz5jHojSel,night mom,i don't like mirrors,Not How it's Supposed to be,2023-10-17,54,89747,https://open.spotify.com/track/7keRx5tM9YCVoz5jHojSel,sad
6FeRJsNk7LslJfmSjSTs39,she's not real,i don't like mirrors,Not How it's Supposed to be,2023-10-17,57,119478,https://open.spotify.com/track/6FeRJsNk7LslJfmSjSTs39,sad
