track_id,name,artists,album,album_release_date,popularity,duration_ms,spotify_link,emotion,clean_title
4ynY3o2BtztX3AdESEe3St,Maze Of Memories,"Lynnic, ItsArius, Dinia",Maze Of Memories,2/14/2025,67,203160,https://open.spotify.com/track/4ynY3o2BtztX3AdESEe3St,energetic,maze of memories
4kVGdg7SoWVii2whrSZVZ0,Wicked Game,"vidi roca, Giorgio Gee",Wicked Game,3/21/2025,62,169961,https://open.spotify.com/track/4kVGdg7SoWVii2whrSZVZ0,energetic,wicked game
6u4CLgult9hhrCqr86B5JW,Hear My Call,H:dn,Hear My Call,5/30/2025,56,172561,https://open.spotify.com/track/6u4CLgult9hhrCqr86B5JW,energetic,hear my call
23ldecum5hLc2SdQP8kImM,Better Than This,ERIICE,Better Than This,11/7/2025,34,163140,https://open.spotify.com/track/23ldecum5hLc2SdQP8kImM,energetic,better than this
1vfBfRJaHRFVRRYMoJNg7N,Self Control,"Lynnic, ItsArius, Lilly",Self Control,6/27/2025,68,172261,https://open.spotify.com/track/1vfBfRJaHRFVRRYMoJNg7N,energetic,self control
3WtsCUlsCUhmhHRY7gh97V,ABOUT YOU,AVAION,ABOUT YOU,10/10/2025,65,211875,https://open.spotify.com/track/3WtsCUlsCUhmhHRY7gh97V,energetic,about you
6kH58ciITQKhQ6x5kYQjPD,Run,"ItsArius, Dinia",Run,11/7/2025,36,210297,https://open.spotify.com/track/6kH58ciITQKhQ6x5kYQjPD,energetic,run
0Shr6wvhXo9zpT4M5Y5iec,Lucid Dreams,"NOTSOBAD, Gaullin, Richard Judge",Lucid Dreams,9/26/2025,52,178560,https://open.spotify.com/track/0Shr6wvhXo9zpT4M5Y5iec,energetic,lucid dreams
0cr2WSBR1kbtcUR3MPC09T,You,Nohr,You,5/26/2025,60,163939,https://open.spotify.com/track/0cr2WSBR1kbtcUR3MPC09T,energetic,you
0dBL5Mqj47mFudiXIxUuZr,every little piece,Roman Müller,every little piece,10/31/2025,42,181000,https://open.spotify.com/track/0dBL5Mqj47mFudiXIxUuZr,energetic,every little piece
1a3u6JpaSEndtkzDyUFOqC,Weightless (jamesjamesjames Remix),"Ben Böhmer, Panama, jamesjamesjames",Weightless (jamesjamesjames Remix),4/9/2021,68,249779,https://open.spotify.com/track/1a3u6JpaSEndtkzDyUFOqC,energetic,weightless jamesjamesjames remix
126ybtMM3PXIo6rnwCSe6i,Can't Help But Worry (Every Night Every Day),Soluna,Can't Help But Worry (Every Night Every Day),2/7/2025,71,109440,https://open.spotify.com/track/126ybtMM3PXIo6rnwCSe6i,energetic,cant help but worry every night every day
0O8CNTiKbHeauSkNoSL7xc,Lost,Maxomar,Lost,9/5/2025,59,191219,https://open.spotify.com/track/0O8CNTiKbHeauSkNoSL7xc,energetic,lost
0L49W8AfLAUACpQyLh0Vtf,Hurt Me,"Foínix, Twan Ray, Indubio",Hurt Me,10/17/2025,50,140664,https://open.spotify.com/track/0L49W8AfLAUACpQyLh0Vtf,energetic,hurt me
49LuESnApiXMB2gElgOtT7,Do You Love Me,"LUDVIC, Keano Lee",Do You Love Me,9/19/2025,48,145534,https://open.spotify.com/track/49LuESnApiXMB2gElgOtT7,energetic,do you love me
5H95n43z0KFcXGCEc0ewe1,Pieces,AVAION,Pieces,11/15/2019,62,196413,https://open.spotify.com/track/5H95n43z0KFcXGCEc0ewe1,energetic,pieces
7xK5a6xjJkLLd8zRKskSMB,Disconnected,"Ali Bakgor, Giorgio Gee",Disconnected,6/20/2025,50,171282,https://open.spotify.com/track/7xK5a6xjJkLLd8zRKskSMB,energetic,disconnected
16qhKHGz2mDlFrxvNLYeHW,Hypnotized (feat. Ellie Goulding),"Anyma, Ellie Goulding",Hypnotized,1/10/2025,17,180540,https://open.spotify.com/track/16qhKHGz2mDlFrxvNLYeHW,energetic,hypnotized feat ellie goulding
4KNjK6R0aB4j8IT9LU0o6T,Spellbound,oskar med k,Spellbound,10/24/2025,70,137790,https://open.spotify.com/track/4KNjK6R0aB4j8IT9LU0o6T,energetic,spellbound
0gQcEtHlSEaXb40pdhFMki,I'm Done,"Nofsky, SOFYKA",I'm Done,9/5/2025,47,162580,https://open.spotify.com/track/0gQcEtHlSEaXb40pdhFMki,energetic,im done
5fjIr7fMC19Jmz97GmmSB7,You Said Forever,Embody,You Said Forever,8/1/2025,56,147187,https://open.spotify.com/track/5fjIr7fMC19Jmz97GmmSB7,energetic,you said forever
1ODVfS5DF2phEFF4d9ooA9,Miss You,"Mike Key, S:NE",Miss You,9/12/2025,51,198693,https://open.spotify.com/track/1ODVfS5DF2phEFF4d9ooA9,energetic,miss you
2JVwtKd3yiYWS8M06KyYOr,Space & Time,"ItsArius, Lynnic, ARI.",Space & Time,7/25/2025,58,170383,https://open.spotify.com/track/2JVwtKd3yiYWS8M06KyYOr,energetic,space time
3kCp4w7RjbKcLh8fJoPwiw,I Never Leave You Alone,"Roads We Walk, Sha7an",I Never Leave You Alone,10/24/2025,41,140500,https://open.spotify.com/track/3kCp4w7RjbKcLh8fJoPwiw,energetic,i never leave you alone
0043P7bYcwUB3y6af6as94,Live Again,"Freyer, Tom Bailey",Live Again,9/19/2025,45,230000,https://open.spotify.com/track/0043P7bYcwUB3y6af6as94,energetic,live again
0SVWZpDJO4reJdAaU8wCtG,Sing It Back,Giorgio Gee,Sing It Back,5/16/2025,49,165375,https://open.spotify.com/track/0SVWZpDJO4reJdAaU8wCtG,energetic,sing it back
3kNILpskugA9YXBpy68Mk2,Tell Me To Stay,H:dn,Tell Me To Stay,8/1/2025,46,136320,https://open.spotify.com/track/3kNILpskugA9YXBpy68Mk2,energetic,tell me to stay
0pSo6Hovf9RhSTMDBPa4TH,Focus,"TRFN, Natassa Tsonis",Focus,9/12/2025,45,142857,https://open.spotify.com/track/0pSo6Hovf9RhSTMDBPa4TH,energetic,focus
1hGFbfiUfo4xVIR0R706rR,Air,"DJ HEARTSTRING, SWIM",FOREVER,8/22/2025,53,222857,https://open.spotify.com/track/1hGFbfiUfo4xVIR0R706rR,energetic,air
5VA2c8Aar01z7Lxzkkis1f,Magical,ERIICE,Magical,3/21/2025,56,183000,https://open.spotify.com/track/5VA2c8Aar01z7Lxzkkis1f,energetic,magical
74goW26f8cfRQfLgea7o2f,Alone,"Lynnic, ItsArius, Dinia",Alone,5/2/2025,56,170345,https://open.spotify.com/track/74goW26f8cfRQfLgea7o2f,energetic,alone
4QSeTgII6hxgHk9ZsBxIMH,Let Myself Go,Natascha Polké,Dawn,11/7/2025,35,199125,https://open.spotify.com/track/4QSeTgII6hxgHk9ZsBxIMH,energetic,let myself go
0ChMNNxzIyD54jQVCUcjAB,Can't Get Enough,"Gianluca Dimeo, MVNA",Can't Get Enough,8/8/2025,45,165762,https://open.spotify.com/track/0ChMNNxzIyD54jQVCUcjAB,energetic,cant get enough
4j1xbcUq0owiIH2rA6VaVd,Stay,"LUDVIC, Keano Lee",Stay,8/29/2025,45,172500,https://open.spotify.com/track/4j1xbcUq0owiIH2rA6VaVd,energetic,stay
1SIjoRoKEZkf2glpE5vnE1,You And Me,H:dn,You And Me,8/29/2025,45,160000,https://open.spotify.com/track/1SIjoRoKEZkf2glpE5vnE1,energetic,you and me
3VWwQRNTRXolpe62QRcdKL,Sunrise,H:dn,Sunrise,6/27/2025,46,151000,https://open.spotify.com/track/3VWwQRNTRXolpe62QRcdKL,energetic,sunrise
7DxZCQrwMIapN3B2HVoPMm,Mad World,"Charming Horses, Deeply Dip, Fabrizio Levita, Rufus Palma",Mad World,10/24/2025,49,153328,https://open.spotify.com/track/7DxZCQrwMIapN3B2HVoPMm,energetic,mad world
3sU1L9okYWbN61oHZNQTfh,Don't Wake Me Up,James Hype,Don't Wake Me Up,3/21/2025,70,154139,https://open.spotify.com/track/3sU1L9okYWbN61oHZNQTfh,energetic,dont wake me up
2bFHpvUFSKn1fWacZlARlk,Want It All,"Mike Key, S:NE",Want It All,7/11/2025,44,151769,https://open.spotify.com/track/2bFHpvUFSKn1fWacZlARlk,energetic,want it all
31qqn3LQ8UBHsNd969vVHy,Always The Best,Maone,Always The Best,11/7/2025,24,166611,https://open.spotify.com/track/31qqn3LQ8UBHsNd969vVHy,energetic,always the best
2CDusEJD3a16TgooETMXia,With You,P.A.V,With You,11/7/2025,32,138305,https://open.spotify.com/track/2CDusEJD3a16TgooETMXia,energetic,with you
5ULLQuJT4U3tJCdBitfp73,Together,"Lynnic, Mocean",Together,1/10/2025,56,189750,https://open.spotify.com/track/5ULLQuJT4U3tJCdBitfp73,energetic,together
10xvcc2jlreawVLjlzLhPx,One More Time,Funkin Matt,One More Time,8/29/2025,45,170476,https://open.spotify.com/track/10xvcc2jlreawVLjlzLhPx,energetic,one more time
5JGzmspOWK1R37FUrdoPBf,Come Back,"birø, Chris Savor",Come Back,10/24/2025,44,136000,https://open.spotify.com/track/5JGzmspOWK1R37FUrdoPBf,energetic,come back
6DX98Pko7MmGRluSvj43cU,Too Tense,oskar med k,Too Tense,2/21/2025,67,124869,https://open.spotify.com/track/6DX98Pko7MmGRluSvj43cU,energetic,too tense
09LxWNANqoVFZ8WFlO5A5V,Slow Bloom,EMBRZ,Find Your Light,10/30/2025,34,196640,https://open.spotify.com/track/09LxWNANqoVFZ8WFlO5A5V,energetic,slow bloom
7CSi7KbJdFBIum2xAIhX6j,4AM (Still Dancing),"Arley, Descend",4AM (Still Dancing),8/22/2025,43,151384,https://open.spotify.com/track/7CSi7KbJdFBIum2xAIhX6j,energetic,4am still dancing
60IMM6Pswld6W0DSc3seaQ,Better This Way,"The kid in blue, Alberto Ciccarini, Poul",Better This Way,11/7/2025,31,147000,https://open.spotify.com/track/60IMM6Pswld6W0DSc3seaQ,energetic,better this way
1xXHCKVvxbOWY7w4MNTabh,Holly,"Swimming Paul, Junior Simba",Holly,8/15/2025,54,194030,https://open.spotify.com/track/1xXHCKVvxbOWY7w4MNTabh,energetic,holly
7cVAv9b6kxgCWsNkmwTV9p,Driving Me Psycho,H:dn,Driving Me Psycho,5/2/2025,49,142809,https://open.spotify.com/track/7cVAv9b6kxgCWsNkmwTV9p,energetic,driving me psycho
0lRnxwJeUOxwEvWMw4uQKj,Think About Us,"Sonny Fodera, D.O.D, Poppy Baskcomb",Think About Us,10/17/2025,71,178148,https://open.spotify.com/track/0lRnxwJeUOxwEvWMw4uQKj,energetic,think about us
1z6pTKnrEpokcfwked9cNx,I'm Not Alone - MPH Remix,"Calvin Harris, MPH",I'm Not Alone (MPH Remix),8/8/2025,67,213333,https://open.spotify.com/track/1z6pTKnrEpokcfwked9cNx,energetic,im not alone mph remix
6jwnTTwxQ2WNWQZunfVxS8,Waiting For You,KVS,Waiting For You,8/15/2025,42,142182,https://open.spotify.com/track/6jwnTTwxQ2WNWQZunfVxS8,energetic,waiting for you
6X5rvkknnaRAvItZPSOqLT,Beautiful,"Ben Böhmer, Malou",Bloom,9/27/2024,48,201756,https://open.spotify.com/track/6X5rvkknnaRAvItZPSOqLT,energetic,beautiful
1s6Cvc0F0xTc6PBIlpnMgK,Bloom,"Piece Wise, Abroad",Bloom,8/11/2022,55,209038,https://open.spotify.com/track/1s6Cvc0F0xTc6PBIlpnMgK,energetic,bloom
5le3iQlTHQtRy3TuviaUJI,Dawn,Alex Baker,Dawn,11/7/2025,32,223589,https://open.spotify.com/track/5le3iQlTHQtRy3TuviaUJI,energetic,dawn
5uar1z9XRJaieALntOwY7b,Let Yourself Heal,Ali Bakgor,Let Yourself Heal,10/3/2025,42,153846,https://open.spotify.com/track/5uar1z9XRJaieALntOwY7b,energetic,let yourself heal
5Ia5F9lPczHoYXOCo1TyRq,Forever,"Hessian, Yellowitz",Forever,10/15/2025,44,252000,https://open.spotify.com/track/5Ia5F9lPczHoYXOCo1TyRq,energetic,forever
5Z8Dj3LtbyCMiwE86rhg2f,Marea (we’ve lost dancing),"Fred again.., The Blessed Madonna",Actual Life (April 14 - December 17 2020),4/15/2021,73,285375,https://open.spotify.com/track/5Z8Dj3LtbyCMiwE86rhg2f,energetic,marea weve lost dancing
3299nKuGdmWKJrcytb5NkH,Sun,Drics,Horizons,11/7/2025,28,173513,https://open.spotify.com/track/3299nKuGdmWKJrcytb5NkH,energetic,sun
3gSIjJhFk9GjUsgD7QjdrF,AIR,Eli & Fur,AIR,5/30/2025,46,260952,https://open.spotify.com/track/3gSIjJhFk9GjUsgD7QjdrF,energetic,air
4ga4WvRNhMsIL38pkBbnIN,Pressure (feat. Tove Lo),"Martin Garrix, Tove Lo",Pressure (feat. Tove Lo),2/5/2021,59,144391,https://open.spotify.com/track/4ga4WvRNhMsIL38pkBbnIN,energetic,pressure feat tove lo
6zIjDHCz23ZrT8rIhz58UA,Moment,Mannymore,Moment,11/7/2025,28,158886,https://open.spotify.com/track/6zIjDHCz23ZrT8rIhz58UA,energetic,moment
0LEhVAHl8e2gz68aoG2oH1,Silence,NORRA,Silence,11/7/2025,25,147541,https://open.spotify.com/track/0LEhVAHl8e2gz68aoG2oH1,energetic,silence
0G5ifUzSyTAiQGtGDHnq55,Into The Night,Ali Bakgor,Into The Night,10/17/2025,43,146129,https://open.spotify.com/track/0G5ifUzSyTAiQGtGDHnq55,energetic,into the night
3zpU8dcXmI2iynGZdUP6un,Why Don’t You Stay,"Lynnic, ItsArius, Dinia",Why Don’t You Stay,5/17/2024,52,157617,https://open.spotify.com/track/3zpU8dcXmI2iynGZdUP6un,energetic,why dont you stay
1MvLmHeLkaNgUScgbUVnWJ,Breathing,"Ben Böhmer, Nils Hoffmann, Malou",Breathing,11/22/2019,68,222605,https://open.spotify.com/track/1MvLmHeLkaNgUScgbUVnWJ,energetic,breathing
1ay4MNMF5ExhCjvbFfDnEd,Just Breathe,Mat Frank,Just Breathe,8/29/2025,42,152855,https://open.spotify.com/track/1ay4MNMF5ExhCjvbFfDnEd,energetic,just breathe
70aSLeUZdk85z5zq0TInw5,Missing,"Giorgio Gee, SRNDE",Missing,5/24/2024,44,175680,https://open.spotify.com/track/70aSLeUZdk85z5zq0TInw5,energetic,missing
44UfNiNi8WwvwKow9JrFBq,Take Me Over,Neascape,Take Me Over,5/23/2025,46,168250,https://open.spotify.com/track/44UfNiNi8WwvwKow9JrFBq,energetic,take me over
1c0gopa3ANBpKL59SKU3EZ,Rust,Ben Böhmer,Rust,8/13/2024,54,275010,https://open.spotify.com/track/1c0gopa3ANBpKL59SKU3EZ,energetic,rust
0WGelFYfITJmfOnNyhRUq7,Demons - Massane Remix,"Jerro, Sophia Bel, Massane",Demons,12/17/2020,62,243176,https://open.spotify.com/track/0WGelFYfITJmfOnNyhRUq7,energetic,demons massane remix
5sldxFuM496Xu7dt6r8Ckl,Other Side,"AVAION, BUNT.",Selfreflection,4/19/2024,66,206884,https://open.spotify.com/track/5sldxFuM496Xu7dt6r8Ckl,energetic,other side
25vW44M8o3auKDR9XmEAsr,Cold,"Giorgio Gee, Flachbau",Cold,3/8/2024,0,133644,https://open.spotify.com/track/25vW44M8o3auKDR9XmEAsr,energetic,cold
24CXuh2WNpgeSYUOvz14jk,Sandstorm - Radio Edit,Darude,Before The Storm,4/18/2007,3,225373,https://open.spotify.com/track/24CXuh2WNpgeSYUOvz14jk,energetic,sandstorm radio edit
6dNZPvJteUFQZwT8tQ10wX,L' Amour Toujours - Radio Version,Gigi D'Agostino,00's Dance Top 65,2/15/2013,2,242133,https://open.spotify.com/track/6dNZPvJteUFQZwT8tQ10wX,energetic,l amour toujours radio version
0DXswAITgjQTi7anZG33af,What is Love,Haddaway,The Album - 2nd Edition,11/29/1993,1,271266,https://open.spotify.com/track/0DXswAITgjQTi7anZG33af,energetic,what is love
2yAVzRiEQooPEJ9SYx11L3,Blue (Da Ba Dee) - Gabry Ponte Ice Pop Radio,"Eiffel 65, Gabry Ponte",Europop,1999,7,283747,https://open.spotify.com/track/2yAVzRiEQooPEJ9SYx11L3,energetic,blue da ba dee gabry ponte ice pop radio
41TkFhNYljV7omolLJ6Squ,Creep - BYOR Remix,"Naeleck, Haley Reinhart, BYOR",Creep (BYOR Remix),9/16/2022,62,156850,https://open.spotify.com/track/41TkFhNYljV7omolLJ6Squ,energetic,creep byor remix
1n7omixiROWs5q6xpWiQuL,Satisfaction - Isak Original Extended,"Benny Benassi, The Biz",Hypnotica (Benny Benassi Presents The Biz),5/23/2003,67,285570,https://open.spotify.com/track/1n7omixiROWs5q6xpWiQuL,energetic,satisfaction isak original extended
4ntwMws17qmbQUI1NemGqd,Seven Nation Army,"DJ Fluke, Jaki Nelson",Seven Nation Army,1/22/2021,21,156309,https://open.spotify.com/track/4ntwMws17qmbQUI1NemGqd,energetic,seven nation army
1bttWPpJQmn9zdi951BcAZ,Be My Lover,La Bouche,50 Summer Hits,6/11/2009,1,239746,https://open.spotify.com/track/1bttWPpJQmn9zdi951BcAZ,energetic,be my lover
17NHXI2CJp7KgdcwcDnRx4,Boyz In Paris (with VINAI),"Marnik, Naeleck, VINAI",Boyz In Paris (with VINAI),7/28/2023,75,151589,https://open.spotify.com/track/17NHXI2CJp7KgdcwcDnRx4,energetic,boyz in paris with vinai
77j9HOrxUpWcjwra9jgvio,We like to Party! (The Vengabus) Six Flags,Vengaboys,We like to Party! (The Vengabus),1998,1,222458,https://open.spotify.com/track/77j9HOrxUpWcjwra9jgvio,energetic,we like to party the vengabus six flags
71BQG6SlpeXpdx7PJaFNnB,Monster Paradise,"Naeleck, Bombs Away",Monster Paradise,5/16/2025,65,165066,https://open.spotify.com/track/71BQG6SlpeXpdx7PJaFNnB,energetic,monster paradise
6rQ9qJPvInEqSzlh89LsPJ,Coco Jamboo - Radio Version,Mr. President,We See The Same Sun,1996,2,218733,https://open.spotify.com/track/6rQ9qJPvInEqSzlh89LsPJ,energetic,coco jamboo radio version
2ZCTP54O2dMSbVrdsg60to,Barbie Girl,Aqua,Greatest Hits,1/1/2009,0,195040,https://open.spotify.com/track/2ZCTP54O2dMSbVrdsg60to,energetic,barbie girl
5XVjNRubJUW0iPhhSWpLCj,Better Off Alone,Alice Deejay,Who Needs Guitars Anyway?,10/1/2000,79,214883,https://open.spotify.com/track/5XVjNRubJUW0iPhhSWpLCj,energetic,better off alone
2NKLeHNNgAd8YE5guUPdL0,King Of My Castle,"Naeleck, Agent Zed",King Of My Castle,4/12/2024,61,153406,https://open.spotify.com/track/2NKLeHNNgAd8YE5guUPdL0,energetic,king of my castle
4RADreHMvMkZwsPgPr9z5c,"Rhythm Is A Dancer - 7"" Edit",SNAP!,The Madman's Return,1/1/1992,6,225882,https://open.spotify.com/track/4RADreHMvMkZwsPgPr9z5c,energetic,rhythm is a dancer 7 edit
12BbMJsJi65mxneq6c9Lm7,All That She Wants,Ace of Base,Happy Nation,11/16/1992,1,211213,https://open.spotify.com/track/12BbMJsJi65mxneq6c9Lm7,energetic,all that she wants
6m9MNl1Sgti4I3BWCYLh03,Tequila,"Jordiz, Danny Ores, Thomas Deil",Tequila,9/26/2025,47,95033,https://open.spotify.com/track/6m9MNl1Sgti4I3BWCYLh03,energetic,tequila
4t0UsYzmmmZRMTWn77jiGF,Show Me Love,Robin S,Show Me Love,6/15/1993,73,252106,https://open.spotify.com/track/4t0UsYzmmmZRMTWn77jiGF,energetic,show me love
7EX3knW0oMz0ZBtTRSAAL9,Let Me Tell You (Miracle),"Kratos, Kickbait",Let Me Tell You (Miracle),10/31/2025,41,121938,https://open.spotify.com/track/7EX3knW0oMz0ZBtTRSAAL9,energetic,let me tell you miracle
1EWsVHU4FNAdtN4R8FETag,Push The Feeling On - Mk Dub Revisited Edit,"Nightcrawlers, MK",Push The Feeling On,1995,68,243160,https://open.spotify.com/track/1EWsVHU4FNAdtN4R8FETag,energetic,push the feeling on mk dub revisited edit
4l2ljvyXOCVNbD5ff7NpM7,"I Like To Move It (feat. The Mad Stuntman) ( Erick ""More"" Album Mix)","Reel 2 Real, The Mad Stuntman, Erick Morillo",Move It!,10/10/1994,68,230760,https://open.spotify.com/track/4l2ljvyXOCVNbD5ff7NpM7,energetic,i like to move it feat the mad stuntman erick more album mix
4fHug3zCanK33sdvticISi,Club Bizarre,U96,Club Bizarre,1995,73,300226,https://open.spotify.com/track/4fHug3zCanK33sdvticISi,energetic,club bizarre
1MhMOVV20NjU6jrORu7neP,Ocho,"Darren Styles, Dougal",Ocho,11/7/2025,40,123000,https://open.spotify.com/track/1MhMOVV20NjU6jrORu7neP,energetic,ocho
5N6M8yDiMV32T6Rkzh8EbW,"Boom, Boom, Boom, Boom!!",Vengaboys,The Party Album!,6/4/1999,75,202583,https://open.spotify.com/track/5N6M8yDiMV32T6Rkzh8EbW,energetic,boom boom boom boom
1M3Im6Xjl0QUKbP9VAXxVf,Sweet Dreams,La Bouche,Best Of La Bouche feat. Melanie Thornton (feat. Melanie Thornton),3/28/2003,56,204586,https://open.spotify.com/track/1M3Im6Xjl0QUKbP9VAXxVf,energetic,sweet dreams
2UijQcg9x42vsbXYh0PzPO,Oh My Love,ConKi,Oh My Love,9/12/2024,65,164516,https://open.spotify.com/track/2UijQcg9x42vsbXYh0PzPO,energetic,oh my love
3L9RIFcNF9IDGPRE96EO7N,The Rhythm of the Night,Corona,Disco 90's,3/16/2008,60,264280,https://open.spotify.com/track/3L9RIFcNF9IDGPRE96EO7N,energetic,the rhythm of the night
270MuyUHPJJUXWApRk2Py8,Macarena - Bayside Boys Remix,Los Del Rio,Ultimate Holiday Hits,7/25/2008,0,222026,https://open.spotify.com/track/270MuyUHPJJUXWApRk2Py8,energetic,macarena bayside boys remix
0wP3e5PzSxafy2TRtlayq9,Scatman (ski-ba-bop-ba-dop-bop),Scatman John,Scatman's World,6/1/1995,0,215973,https://open.spotify.com/track/0wP3e5PzSxafy2TRtlayq9,energetic,scatman skibabopbadopbop
3vi2FVbqrYCMPJnnUxcv8i,Be My Lover,Bombs Away,Be My Lover,2023,2,153682,https://open.spotify.com/track/3vi2FVbqrYCMPJnnUxcv8i,energetic,be my lover
3DYVWvPh3kGwPasp7yjahc,The Sign,Ace of Base,Greatest Hits,11/14/2008,0,189786,https://open.spotify.com/track/3DYVWvPh3kGwPasp7yjahc,energetic,the sign
6YZpyZ4gmK4VQWvN6230A2,Will I Ever,Alice Deejay,Who Needs Guitars Anyway?,2000,0,194072,https://open.spotify.com/track/6YZpyZ4gmK4VQWvN6230A2,energetic,will i ever
5a6WvCvpzP3flz3ZG0aAMp,Rock My Heart - Radio Mix,Haddaway,The Album,9/13/1993,0,250933,https://open.spotify.com/track/5a6WvCvpzP3flz3ZG0aAMp,energetic,rock my heart radio mix
4yEXem27DzCg8xytvvO3E9,Lollipop (Candyman),Aqua,Greatest Hits,1/1/2009,0,215053,https://open.spotify.com/track/4yEXem27DzCg8xytvvO3E9,energetic,lollipop candyman
0kwENjv9F98MZLPEN3gCQT,Gonna Make You Sweat (Everybody Dance Now),"C & C Music Factory, Freedom Williams",100 Hits of the '90s,2/26/2010,0,243800,https://open.spotify.com/track/0kwENjv9F98MZLPEN3gCQT,energetic,gonna make you sweat everybody dance now
6k3q5dxWoip5EvfkfqHXAS,Running Up That Hill,"Bombs Away, Reigan",Running Up That Hill,2022,8,164745,https://open.spotify.com/track/6k3q5dxWoip5EvfkfqHXAS,energetic,running up that hill
4wtR6HB3XekEengMX17cpc,Children,Robert Miles,Children (Dance Vault Mixes),7/11/1996,75,243266,https://open.spotify.com/track/4wtR6HB3XekEengMX17cpc,energetic,children
4lDKORchTM8Rd0PFQFXTLX,Baby Baby,Corona,The Rhythm of the Night,1994,59,228013,https://open.spotify.com/track/4lDKORchTM8Rd0PFQFXTLX,energetic,baby baby
12DVGoYMPBebItALnmaNdT,Pump Up the Jam,Technotronic,Winners Greatest Hits Vol.2,11/16/2010,0,214575,https://open.spotify.com/track/12DVGoYMPBebItALnmaNdT,energetic,pump up the jam
4Fqm5rqB0WMx0hPOwgRjFr,Dreams (Will Come Alive),2 Brothers On The 4th Floor,Dreams,1/1/1994,68,264000,https://open.spotify.com/track/4Fqm5rqB0WMx0hPOwgRjFr,energetic,dreams will come alive
7CEIFwLf4XmFz8okORSizE,Creep,"Naeleck, Haley Reinhart",Creep,2022,11,203225,https://open.spotify.com/track/7CEIFwLf4XmFz8okORSizE,energetic,creep
1CgbwsrNDlFrRuk2ebQ7zr,9Pm (Till I Come),ATB,Movin' Melodies,4/26/1999,69,193880,https://open.spotify.com/track/1CgbwsrNDlFrRuk2ebQ7zr,energetic,9pm till i come
0b8PKDeFc2T5u9cRbLLv2r,We’re Going to Ibiza!,Vengaboys,Greatest Hits!,12/11/2009,0,217539,https://open.spotify.com/track/0b8PKDeFc2T5u9cRbLLv2r,energetic,were going to ibiza
2es5efbIHrLOLcdmBmpoiR,Back in My Life,Alice Deejay,Back in My Life,1999,1,209803,https://open.spotify.com/track/2es5efbIHrLOLcdmBmpoiR,energetic,back in my life
7ew7UGX1PM49LREh6qN7s0,Is It Love,Matway,Is It Love,10/3/2025,56,121333,https://open.spotify.com/track/7ew7UGX1PM49LREh6qN7s0,energetic,is it love
71dV6e3jzZzLsiR8Y7z84h,Drama on the Dancefloor,"Bob Sinclar, Nyv",Drama on the Dancefloor,9/26/2025,53,170562,https://open.spotify.com/track/71dV6e3jzZzLsiR8Y7z84h,energetic,drama on the dancefloor
0RsViKNsOgDim3FeU2smxX,If You Let Me,"Albi, Sinéad Harnett",If You Let Me,8/1/2025,62,157487,https://open.spotify.com/track/0RsViKNsOgDim3FeU2smxX,energetic,if you let me
7yntPq1mhUeeYO3dYgbLmg,Toca Toca,"Robbe, Thomas Deil, Yaat",Toca Toca,10/24/2025,42,96835,https://open.spotify.com/track/7yntPq1mhUeeYO3dYgbLmg,energetic,toca toca
71M3fd4Sbt4CxogoFRCds8,Black Betty,"Kratos, Bisken",Black Betty,5/30/2025,53,135678,https://open.spotify.com/track/71M3fd4Sbt4CxogoFRCds8,energetic,black betty
0JXXm3RqxU8EKzX4P8M0n3,More And More - Single Version,Captain Hollywood Project,Love Is Not Sex,3/5/1993,64,253573,https://open.spotify.com/track/0JXXm3RqxU8EKzX4P8M0n3,energetic,more and more single version
0ibYVniVLMJWvc3eNfYk8T,Run Away,Real McCoy,Another Night,3/28/1995,52,244133,https://open.spotify.com/track/0ibYVniVLMJWvc3eNfYk8T,energetic,run away
6iVHwPKzB5hN1jSCOHMw8z,Mission,"Ely Oaks, joki, Enny-Mae",Mission,3/14/2025,32,118285,https://open.spotify.com/track/6iVHwPKzB5hN1jSCOHMw8z,energetic,mission
1GwdUrz7DujSedNxnzVfqI,Beautiful Life,Ace of Base,Singles of the 90s,1/1/1999,0,221186,https://open.spotify.com/track/1GwdUrz7DujSedNxnzVfqI,energetic,beautiful life
7zyvQ8sb72g4RuwBpcuGUP,Home Alone (with Marnik),"Naeleck, Vini Vici, Marnik",Home Alone (with Marnik),10/27/2023,64,128031,https://open.spotify.com/track/7zyvQ8sb72g4RuwBpcuGUP,energetic,home alone with marnik
3BlHcmJ9ii6OCweTceTPOf,How Do You Do,The Infamous,How Do You Do,9/19/2025,69,143624,https://open.spotify.com/track/3BlHcmJ9ii6OCweTceTPOf,energetic,how do you do
7kWmT6l911OFlkhhSV6KlM,Got to Get It,Culture Beat,Serenity,1/1/1993,54,321426,https://open.spotify.com/track/7kWmT6l911OFlkhhSV6KlM,energetic,got to get it
0TRo6RYMVp2ou4WjBVt8CU,RUN - Disco,"Donna Summer, Mousse T., Toby Gad",RUN (Disco),9/9/2025,40,175418,https://open.spotify.com/track/0TRo6RYMVp2ou4WjBVt8CU,energetic,run disco
32PCjJw8mk1FrJT2FcqRtT,Let's Talk About Sex,Salt-N-Pepa,RnB Fridays,10/30/2015,0,212746,https://open.spotify.com/track/32PCjJw8mk1FrJT2FcqRtT,energetic,lets talk about sex
7vHkU1H73z5NVbGTIyI1DG,Around The World,Aqua,Greatest Hits,1/1/2009,0,209120,https://open.spotify.com/track/7vHkU1H73z5NVbGTIyI1DG,energetic,around the world
0weAUscowxeqDtpCgtbpgp,Gettin' Jiggy Wit It,Will Smith,Big Willie Style,10/3/1997,72,227933,https://open.spotify.com/track/0weAUscowxeqDtpCgtbpgp,energetic,gettin jiggy wit it
3f2pJ9Mb9EcaCLJjm1aevz,I Give You My Heart,Mr. President,We See The Same Sun,1996,0,215066,https://open.spotify.com/track/3f2pJ9Mb9EcaCLJjm1aevz,energetic,i give you my heart
3XVozq1aeqsJwpXrEZrDJ9,Ice Ice Baby,Vanilla Ice,Vanilla Ice Is Back! - Hip Hop Classics,11/4/2008,71,254466,https://open.spotify.com/track/3XVozq1aeqsJwpXrEZrDJ9,energetic,ice ice baby
0yx5eBLk3AGOH5EruCqLDx,Hardcore Vibes,Dune,Dune,8/1/1995,4,213240,https://open.spotify.com/track/0yx5eBLk3AGOH5EruCqLDx,energetic,hardcore vibes
3DdCb7EyPUcUD0LKWkJ0L7,Roses Are Red - Original Version,Aqua,Greatest Hits,1/1/2009,0,222746,https://open.spotify.com/track/3DdCb7EyPUcUD0LKWkJ0L7,energetic,roses are red original version
2foOeJLKSvepjHEkb4NR8N,Think About the Way,Ice Mc,Ice 'n' Green,1/1/1994,67,260973,https://open.spotify.com/track/2foOeJLKSvepjHEkb4NR8N,energetic,think about the way
5YTMRAT4yKgFrepF8Hi3mY,I Want You Back - Radio Edit,*NSYNC,'N Sync,5/26/1997,51,202106,https://open.spotify.com/track/5YTMRAT4yKgFrepF8Hi3mY,energetic,i want you back radio edit
0b2gNWdXqWvayHuB1wGsc9,Plan X,"Tazi, Danny Ores",Plan X,10/31/2025,41,147126,https://open.spotify.com/track/0b2gNWdXqWvayHuB1wGsc9,energetic,plan x
05RK4klU7S2Jm50ONIjyM4,Hearts Grow Cold (Saint Noël) [feat. Olivia Cadenza],"Kayote, Roman Messer, WhiteCapMusic, Olivia Cadenza",Hearts Grow Cold (Saint Noêl) [feat. Olivia Cadenza],10/17/2025,51,159000,https://open.spotify.com/track/05RK4klU7S2Jm50ONIjyM4,energetic,hearts grow cold saint nol feat olivia cadenza
1gyaphIqlNbfhlQTUJ8iNr,Saturday Night - Radio Edit,Whigfield,Best of [X-Mas Edition],12/17/2013,0,223909,https://open.spotify.com/track/1gyaphIqlNbfhlQTUJ8iNr,energetic,saturday night radio edit
34zbPJOhBLVd4sYbHSV7nr,Dub-I-Dub,Me & My,Me & My,1995,51,205000,https://open.spotify.com/track/34zbPJOhBLVd4sYbHSV7nr,energetic,dubidub
6PUzxtIHkv346yP89NzP9X,Kernkraft 400,Zombie Nation,Kernkraft 400 Single Mixes,3/7/2006,53,285173,https://open.spotify.com/track/6PUzxtIHkv346yP89NzP9X,energetic,kernkraft 400
1CJbLAkUiPXrttszpQhnO6,Mr. Vain Recall - Radio Edit,Culture Beat,Mr. Vain Recall,7/24/2009,1,213413,https://open.spotify.com/track/1CJbLAkUiPXrttszpQhnO6,energetic,mr vain recall radio edit
1SssFw74DdHVjRa6ADggdD,Sweat (A La La La La Long),Inner Circle,Blazzin' Fire,12/14/2010,3,227067,https://open.spotify.com/track/1SssFw74DdHVjRa6ADggdD,energetic,sweat a la la la la long
7dIa8yS7HIPKkBvOmERSZ7,U Got 2 Let The Music - Brescia Edit,Cappella,Best Of Cappella,6/18/2010,46,218906,https://open.spotify.com/track/7dIa8yS7HIPKkBvOmERSZ7,energetic,u got 2 let the music brescia edit
44o1MQVbm8S827avRs4RHc,Feel the heat of the night - Radio Edit,Masterboy,Feel the heat of the night,1/23/2006,59,221840,https://open.spotify.com/track/44o1MQVbm8S827avRs4RHc,energetic,feel the heat of the night radio edit
1M9HkdNJ9ArhHc4ueJ5tVm,Captain Jack - Short Mix,Captain Jack,Captain Jack Is Back,11/21/2008,55,248533,https://open.spotify.com/track/1M9HkdNJ9ArhHc4ueJ5tVm,energetic,captain jack short mix
09nxdcY2oYo57fJrG6CCCT,Dragostea Din Tei - Original Romanian Version,O-Zone,Time 25th Anniversary,12/25/2009,0,213461,https://open.spotify.com/track/09nxdcY2oYo57fJrG6CCCT,energetic,dragostea din tei original romanian version
7bYswsh5DavWE9MpyxmTob,Roses,"KROMA, Amero, New Beat Order, Seeko",Roses,10/12/2025,59,104379,https://open.spotify.com/track/7bYswsh5DavWE9MpyxmTob,energetic,roses
1O7pI4ybNEMxp4LlHvs3Wt,Berghain In Berlin (with SMACK),"Naeleck, Niklas Dee, SMACK, 2 Engel & Charlie",Berghain In Berlin (with SMACK),3/22/2024,50,108006,https://open.spotify.com/track/1O7pI4ybNEMxp4LlHvs3Wt,energetic,berghain in berlin with smack
2xVDlAuxS6rhEMXOlX9h07,Cry For You (2025),SIDEPIECE,Cry For You (2025),9/26/2025,68,176363,https://open.spotify.com/track/2xVDlAuxS6rhEMXOlX9h07,energetic,cry for you 2025
0KT6DLAELYSbgfUemzwGPX,Heaven,"DJ Sammy, Yanou, Do",Heaven,8/6/2002,55,235000,https://open.spotify.com/track/0KT6DLAELYSbgfUemzwGPX,energetic,heaven
4e9IXwqStdZo5StzCpa5kL,RUN - Lollapalooza,"Donna Summer, Toby Gad",RUN (Lollapalooza),7/29/2025,36,178049,https://open.spotify.com/track/4e9IXwqStdZo5StzCpa5kL,energetic,run lollapalooza
5unmsMTn84dE2kb3kz4wfe,Around the World (La La La La La) - Radio Version,"A Touch Of Class, Pete Konemann",Smash! Vol. 11,11/24/2000,0,215800,https://open.spotify.com/track/5unmsMTn84dE2kb3kz4wfe,energetic,around the world la la la la la radio version
3vV2Gu4JlRaeHfJxg2Z1dk,My Oh My,Aqua,Aquarium,1/1/1997,0,204720,https://open.spotify.com/track/3vV2Gu4JlRaeHfJxg2Z1dk,energetic,my oh my
1pUFYb9peWkK8m1WCKNRjp,God Is a DJ,Faithless,Forever Faithless - The Greatest Hits,8/30/2005,61,208506,https://open.spotify.com/track/1pUFYb9peWkK8m1WCKNRjp,energetic,god is a dj
0nQLxiNGbbUoSGrxksETLm,The Power,SNAP!,World Power,1/1/1990,2,228993,https://open.spotify.com/track/0nQLxiNGbbUoSGrxksETLm,energetic,the power
4cqiLvFRDuV8ClE61eMmZx,Never Alone,2 Brothers On The 4th Floor,Dreams,1/1/1994,57,351026,https://open.spotify.com/track/4cqiLvFRDuV8ClE61eMmZx,energetic,never alone
3v1W3lS40jrAyGerzF3igy,Up & Down,Vengaboys,Greatest Hits!,12/11/2009,1,224283,https://open.spotify.com/track/3v1W3lS40jrAyGerzF3igy,energetic,up down
2rTYgHxgcndkUrRoU7x0Sv,Mr. Vain,Culture Beat,Serenity,1/1/1993,68,336840,https://open.spotify.com/track/2rTYgHxgcndkUrRoU7x0Sv,energetic,mr vain
5JPotSaks8ig6cFcSoFzLj,Dom Dom Yes Yes,"Timmy Trumpet, R3HAB, Naeleck",Dom Dom Yes Yes,3/31/2023,42,125280,https://open.spotify.com/track/5JPotSaks8ig6cFcSoFzLj,energetic,dom dom yes yes
12N5Qmt5TAs881z17sWUvV,Run to Me,Double You,The Blue Album,1/1/1994,59,237533,https://open.spotify.com/track/12N5Qmt5TAs881z17sWUvV,energetic,run to me
6HdM7gzXVgcpepv276raog,It's My Life,Dr. Alban,One Love (2nd Edition),5/4/1992,5,239933,https://open.spotify.com/track/6HdM7gzXVgcpepv276raog,energetic,its my life
6kQz6t5z1FK4uohPh8Kd73,Let's Get Loud,Jennifer Lopez,On The 6,4/20/1999,71,238226,https://open.spotify.com/track/6kQz6t5z1FK4uohPh8Kd73,energetic,lets get loud
1pKYYY0dkg23sQQXi0Q5zN,Around the World,Daft Punk,Homework,1/17/1997,76,429533,https://open.spotify.com/track/1pKYYY0dkg23sQQXi0Q5zN,energetic,around the world
4tvOVmc2jorV20Z2hFDtDg,Get Ready,2 Unlimited,Get Ready,2/24/1992,63,222911,https://open.spotify.com/track/4tvOVmc2jorV20Z2hFDtDg,energetic,get ready
04zrPERrSO4CfyargthKJ9,Bla Bla Bla,Gigi D'Agostino,L'Amour Toujours,1999,71,255546,https://open.spotify.com/track/04zrPERrSO4CfyargthKJ9,energetic,bla bla bla
6GDJDe3I7yHq4rPDTfuJMj,Rhythm Is A Dancer,Braaheim,Rhythm Is A Dancer,3/17/2022,60,147227,https://open.spotify.com/track/6GDJDe3I7yHq4rPDTfuJMj,energetic,rhythm is a dancer
0ZqveF2rEFlz2oqF2xrriP,The Riddle,Gigi D'Agostino,L'Amour Toujours,1999,66,285426,https://open.spotify.com/track/0ZqveF2rEFlz2oqF2xrriP,energetic,the riddle
1arJHhz6TxMV50SNvSmGnV,Ecuador - Original Radio Edit,Sash!,It's My Life,6/30/1997,68,212133,https://open.spotify.com/track/1arJHhz6TxMV50SNvSmGnV,energetic,ecuador original radio edit
7voHUmPNDuYZ1SW1mwRu26,No Limit,2 Unlimited,No Limits,5/10/1993,67,224220,https://open.spotify.com/track/7voHUmPNDuYZ1SW1mwRu26,energetic,no limit
4IiKITgHYaHrF1zUlcTyVH,2 Times - Original,Ann Lee,2 Times (Full Package),12/15/1998,66,230933,https://open.spotify.com/track/4IiKITgHYaHrF1zUlcTyVH,energetic,2 times original
7cG3wfohoNDSp2M8FWrgTg,Bailando - Video Edit,Paradisio,Bailando,1996,55,229626,https://open.spotify.com/track/7cG3wfohoNDSp2M8FWrgTg,energetic,bailando video edit
09CnYHiZ5jGT1wr1TXJ9Zt,Thank You (Not So Bad),"Dimitri Vegas & Like Mike, Tiësto, Dido, W&W, Dimitri Vegas, Like Mike",Thank You (Not So Bad),12/1/2023,82,140000,https://open.spotify.com/track/09CnYHiZ5jGT1wr1TXJ9Zt,energetic,thank you not so bad
2A1aS3mwuGuX2yk1bgxOvA,Kisses (feat. bbyclose),"BL3SS, CamrinWatsin, bbyclose",Kisses (feat. bbyclose),3/22/2024,82,138246,https://open.spotify.com/track/2A1aS3mwuGuX2yk1bgxOvA,energetic,kisses feat bbyclose
2qlqMa0e422LZyGw1J5for,YEAH,"Dimitri Vegas & Like Mike, W&W, Marnik, Dimitri Vegas",YEAH,3/14/2025,70,141551,https://open.spotify.com/track/2qlqMa0e422LZyGw1J5for,energetic,yeah
2FAZskT9yRjp2Oow9szJD8,The Days - NOTION Remix,"Chrystal, NOTION",The Days (NOTION Remix),11/8/2024,85,233229,https://open.spotify.com/track/2FAZskT9yRjp2Oow9szJD8,energetic,the days notion remix
2yowklsfVsIsMaKhuO0Vh1,Promises,BOVSKI,Promises,5/23/2025,68,143376,https://open.spotify.com/track/2yowklsfVsIsMaKhuO0Vh1,energetic,promises
4sMR8fuTzbUyzB0asxifV0,Desire,"Ian Asher, Olly Alexander (Years & Years)",Desire,7/25/2025,79,158840,https://open.spotify.com/track/4sMR8fuTzbUyzB0asxifV0,energetic,desire
1r4gQdNHdAJfUpREI0ywiu,Spaces,"BUNT., The Chainsmokers, Izzy Bizu",Spaces,9/5/2025,71,180020,https://open.spotify.com/track/1r4gQdNHdAJfUpREI0ywiu,energetic,spaces
5cIV5cbhIjmotHAx0zDCbj,Funky Beat (feat. Chuck D),"Alex Gaudino, Dynoro, Chuck D",Funky Beat (feat. Chuck D),10/17/2025,48,156363,https://open.spotify.com/track/5cIV5cbhIjmotHAx0zDCbj,energetic,funky beat feat chuck d
1PAwB7asG9ZzqPnWc5eW8I,Zombie,"KROMA, New Beat Order, Amero, Charles B, Patricia",Zombie,10/7/2025,60,194910,https://open.spotify.com/track/1PAwB7asG9ZzqPnWc5eW8I,energetic,zombie
4mDxZ6tKaM619JRzgTTKXO,Do It To It,"Lawstylez, MARE, BOOTY LEAK",Do It To It,10/17/2025,52,135616,https://open.spotify.com/track/4mDxZ6tKaM619JRzgTTKXO,energetic,do it to it
2QOyUgsnNp17GPQeq55vrC,Set Fire To The Rain (with YuB),"Lupage, Charles B, BIGMOO, YuB",Set Fire To The Rain (with YuB),2/14/2025,63,147428,https://open.spotify.com/track/2QOyUgsnNp17GPQeq55vrC,energetic,set fire to the rain with yub
45T4tkPEXpCJJrPHb3f5ap,The Next Episode,Josh Le Tissier,The Next Episode,8/15/2025,53,142714,https://open.spotify.com/track/45T4tkPEXpCJJrPHb3f5ap,energetic,the next episode
4XsQ5Iq8VUNAY006J7GQY0,What’s a Girl to Do in ‘25,KI/KI,What’s a Girl to Do in ‘25,9/12/2025,61,148047,https://open.spotify.com/track/4XsQ5Iq8VUNAY006J7GQY0,energetic,whats a girl to do in 25
0iB5f04XdJ2tcfhoVkeLV8,LET'S GET FKD UP,"Alok, Mondello'G, CERES, Tribbs",LET'S GET FKD UP (feat. Tribbs),11/17/2023,75,121500,https://open.spotify.com/track/0iB5f04XdJ2tcfhoVkeLV8,energetic,lets get fkd up
1OcV53oesLQw3VTW9I3uD3,Waterfalls (feat. Sam Harper & Bobby Harvey),"James Hype, Sam Harper, Bobby Harvey",Waterfalls (feat. Sam Harper & Bobby Harvey),8/8/2025,78,120578,https://open.spotify.com/track/1OcV53oesLQw3VTW9I3uD3,energetic,waterfalls feat sam harper bobby harvey
4lO4BFqoHMal62S1b4jFXH,Walking On A Dream,"Old Jim, Robbe, Beau James, Milan Gavris",Walking On A Dream,10/3/2025,49,124405,https://open.spotify.com/track/4lO4BFqoHMal62S1b4jFXH,energetic,walking on a dream
0zKsNJbYwvNTpePcwra0Qq,PYHU (Put Your Hands Up),"HUGEL, Kurd Maverick",PYHU (Put Your Hands Up),10/3/2025,67,130731,https://open.spotify.com/track/0zKsNJbYwvNTpePcwra0Qq,energetic,pyhu put your hands up
5FyKYhpGbBMab013B4zBI7,At Night,"Skytech, The M, Lena Leon",At Night,8/22/2025,52,152812,https://open.spotify.com/track/5FyKYhpGbBMab013B4zBI7,energetic,at night
2wRKES8HKm4EutRHz7JD1x,light years (feat. Inéz),"John Summit, Inéz",light years (feat. Inéz),3/26/2025,68,220978,https://open.spotify.com/track/2wRKES8HKm4EutRHz7JD1x,energetic,light years feat inz
08VceLSSJJ83Yz3NTCyxZC,Exotica,"Gabry Ponte, Greg Taro",Exotica,2/21/2025,68,121417,https://open.spotify.com/track/08VceLSSJJ83Yz3NTCyxZC,energetic,exotica
20X3JnZ5J6eNGXpypFQNxa,GIRLBOSS,Sara Landry,GIRLBOSS,10/10/2025,65,193500,https://open.spotify.com/track/20X3JnZ5J6eNGXpypFQNxa,energetic,girlboss
0gdQdQ74cDuipX6JzsRk3z,Numb,"Seeko, New Beat Order, Anika, KROMA",Numb,9/19/2025,67,137808,https://open.spotify.com/track/0gdQdQ74cDuipX6JzsRk3z,energetic,numb
29sbUabE7LgVdNWs70nkkx,Heartless,"Joe Kox, Lupage",Heartless,6/27/2025,16,159873,https://open.spotify.com/track/29sbUabE7LgVdNWs70nkkx,energetic,heartless
4x42qEdIrvxiGWi5h19DRn,How Deep Is Your Love,"Faustix, Alpharock",How Deep Is Your Love,8/15/2025,52,150620,https://open.spotify.com/track/4x42qEdIrvxiGWi5h19DRn,energetic,how deep is your love
54vHzo7RdKs77hakWBfbkZ,Count These Stars,"DJs From Mars, Siks, Mike Demero",Count These Stars,6/20/2025,21,141904,https://open.spotify.com/track/54vHzo7RdKs77hakWBfbkZ,energetic,count these stars
391Z2bJVs1j0Mz4NZHdS3f,This Is The Life (feat. Julia Hallasen),"Groove Crackers, Julia Hallasen",This Is The Life (feat. Julia Hallasen),4/19/2024,10,126315,https://open.spotify.com/track/391Z2bJVs1j0Mz4NZHdS3f,energetic,this is the life feat julia hallasen
2zSMiTv0Ha4Lgfjpew23vG,Black Beatles,Leo Walt,Black Beatles,8/29/2025,68,164407,https://open.spotify.com/track/2zSMiTv0Ha4Lgfjpew23vG,energetic,black beatles
3m2dgCQagVWkSha04cZn23,Bad Boy,"KROMA, New Beat Order, Seeko",Bad Boy,10/10/2025,64,147586,https://open.spotify.com/track/3m2dgCQagVWkSha04cZn23,energetic,bad boy
38V33Xqt4FUwrtMbJozXK4,Walk (feat. Kwabs),"BOVSKI, Kwabs",Walk (feat. Kwabs),9/26/2025,63,139562,https://open.spotify.com/track/38V33Xqt4FUwrtMbJozXK4,energetic,walk feat kwabs
086THPnabbu1zfDjRsxpoN,MONEY ON THE DASH - SPED UP,"Elley Duhé, Whethan",MONEY ON THE DASH,1/20/2023,73,116465,https://open.spotify.com/track/086THPnabbu1zfDjRsxpoN,energetic,money on the dash sped up
3AjSfp5FDvwtMU9XBsbS8j,Push Up - Main Edit,Creeds,Push Up (Main Edit),3/31/2023,76,139300,https://open.spotify.com/track/3AjSfp5FDvwtMU9XBsbS8j,energetic,push up main edit
4rofxjBl3lfLHbTyYHFz6F,Look at Me Now,"BEAUZ, JKRS",Look At Me Now,8/15/2025,57,157792,https://open.spotify.com/track/4rofxjBl3lfLHbTyYHFz6F,energetic,look at me now
2dRqC6hykQUm5St1YaqZfT,Samba,"Molella, Lockdown, LKDN, Jesse James",Samba,8/22/2025,48,169087,https://open.spotify.com/track/2dRqC6hykQUm5St1YaqZfT,energetic,samba
764ZCVAqzjPdwY98It4072,Dominate,CHYL,Dominate,10/10/2025,42,152275,https://open.spotify.com/track/764ZCVAqzjPdwY98It4072,energetic,dominate
3gJ16QEGGhLFPNLvbXgB1u,Losing Control,"KI/KI, Marlon Hoffstadt",Losing Control,8/8/2025,69,170270,https://open.spotify.com/track/3gJ16QEGGhLFPNLvbXgB1u,energetic,losing control
7yNQ5oPcuCC4wTqTcMRIrE,Running Around,Ely Oaks,Running Around,1/31/2025,76,124620,https://open.spotify.com/track/7yNQ5oPcuCC4wTqTcMRIrE,energetic,running around
6mS5Ypct7LRcHWjEFJYt7V,Skip To Friday,"Old Jim, MOTi, Amero",Skip To Friday,11/7/2025,38,116512,https://open.spotify.com/track/6mS5Ypct7LRcHWjEFJYt7V,energetic,skip to friday
18OlvPRMbfoyRjhat8HOpr,Goosebumps,"MOHA, Charles B",Goosebumps,7/4/2025,54,124137,https://open.spotify.com/track/18OlvPRMbfoyRjhat8HOpr,energetic,goosebumps
31nfdEooLEq7dn3UMcIeB5,Vois sur ton chemin - Techno Mix,BENNETT,Vois sur ton chemin (Techno Mix),8/4/2023,79,178156,https://open.spotify.com/track/31nfdEooLEq7dn3UMcIeB5,energetic,vois sur ton chemin techno mix
0oUszHe1amsQIganTqaIa3,Don't Forget To Breathe,"Shermanology, Grown George",Don't Forget To Breathe,10/10/2025,46,168750,https://open.spotify.com/track/0oUszHe1amsQIganTqaIa3,energetic,dont forget to breathe
4sxtzTVvMnGdcZu93rbDB9,Down,"YuB, Chris Burke, NOYSE",Down,7/18/2025,50,127594,https://open.spotify.com/track/4sxtzTVvMnGdcZu93rbDB9,energetic,down
5UI846kakgl3TCjjnS2kdg,All Around Me - Majed Remix,"Majed, Luna Orbit",All Around Me (Majed Remix),4/22/2025,66,179600,https://open.spotify.com/track/5UI846kakgl3TCjjnS2kdg,energetic,all around me majed remix
20kaCbdgkJRUPniPVZgsoR,Won’t Be Possible,"Tiësto, Odd Mob, Goodboys",Won’t Be Possible,5/9/2025,69,136615,https://open.spotify.com/track/20kaCbdgkJRUPniPVZgsoR,energetic,wont be possible
2USlegnFJLrVLpoVfPimKB,Thunder,"Gabry Ponte, LUM!X, Prezioso",Thunder,5/7/2021,76,160000,https://open.spotify.com/track/2USlegnFJLrVLpoVfPimKB,energetic,thunder
5Yajr40moffDqI6p9xdlYa,Demon,"Castor & Pollux, Kristian Llov",Demon,9/26/2025,42,183926,https://open.spotify.com/track/5Yajr40moffDqI6p9xdlYa,energetic,demon
60zIis3BtyfNQFEucmDvE7,I Run,HAVEN.,I Run,10/29/2025,74,129565,https://open.spotify.com/track/60zIis3BtyfNQFEucmDvE7,energetic,i run
2yEHX6MqAXPyD7bm47A2Br,Pump It Louder,"Tiësto, Black Eyed Peas",Pump It Louder,10/7/2022,67,158571,https://open.spotify.com/track/2yEHX6MqAXPyD7bm47A2Br,energetic,pump it louder
18fTzXJ560NgValnLQGOwR,Never Forget You,Shockz,Never Forget You,9/5/2025,43,127500,https://open.spotify.com/track/18fTzXJ560NgValnLQGOwR,energetic,never forget you
4FlndIPfl0gf0cMX9f6pUe,The Final Countdown,"R3SPAWN, Swae Boy, Reprobeater",The Final Countdown,8/8/2025,44,129000,https://open.spotify.com/track/4FlndIPfl0gf0cMX9f6pUe,energetic,the final countdown
0JIsLfm6Dr3xleH5IcVsjv,One & Done,"Chapter & Verse, Jayelle",One & Done,10/17/2025,44,173062,https://open.spotify.com/track/0JIsLfm6Dr3xleH5IcVsjv,energetic,one done
6PTgSuFz9JqQ1o0jTYOuvX,Dior (with Chrystal),"MK, Chrystal",Dior (with Chrystal),6/6/2025,80,169159,https://open.spotify.com/track/6PTgSuFz9JqQ1o0jTYOuvX,energetic,dior with chrystal
3dWZtt0q1FTFCPhg4A6bNP,Scream,"Charles B, Chris Burke",Scream,10/31/2025,37,123947,https://open.spotify.com/track/3dWZtt0q1FTFCPhg4A6bNP,energetic,scream
6Nd8bcY1v4iUPayNLpVlsg,Titanium,Voster & Gallardo,Titanium,8/15/2025,51,198620,https://open.spotify.com/track/6Nd8bcY1v4iUPayNLpVlsg,energetic,titanium
5LrWZ8K4SPr1Qe0ZBqJGTq,Borderline,"Ely Oaks, LAVINIA",Borderline,4/24/2025,75,118449,https://open.spotify.com/track/5LrWZ8K4SPr1Qe0ZBqJGTq,energetic,borderline
212wFCaxja8zU2TxKxMLAi,La La La,"Charles B, Highup, Onur Atli",La La La,6/20/2025,13,132812,https://open.spotify.com/track/212wFCaxja8zU2TxKxMLAi,energetic,la la la
2HaHE0atvHTRKvIzrAnUCD,The Way I Are - Techno Remix,"Consilium, RobxDan",The Way I Are (Techno Remix),12/8/2023,18,146000,https://open.spotify.com/track/2HaHE0atvHTRKvIzrAnUCD,energetic,the way i are techno remix
16IbD7LjtSh0kMQ7O9UWOI,Messy,Ken,Messy,6/13/2025,32,136644,https://open.spotify.com/track/16IbD7LjtSh0kMQ7O9UWOI,energetic,messy
2GUB7dWwg6AdX9mF9aBTEd,Only You,"SMACK, CMD/CTRL, Scrufizzer",Only You,6/13/2025,11,165413,https://open.spotify.com/track/2GUB7dWwg6AdX9mF9aBTEd,energetic,only you
5Nwh8kghoqebxmco5ZWbDt,Born To Love Ya,"Gabry Ponte, Sean Paul, NATTI NATASHA",Born To Love Ya,10/4/2024,66,155076,https://open.spotify.com/track/5Nwh8kghoqebxmco5ZWbDt,energetic,born to love ya
4YPpv9hlfTT8j5r6dl4Fax,Starships (with CollectiveZ),"Chris Burke, Amero, Consilium, CollectiveZ",Starships (with CollectiveZ),6/6/2025,17,140800,https://open.spotify.com/track/4YPpv9hlfTT8j5r6dl4Fax,energetic,starships with collectivez
4vDU2aEtGOB78rUtxfQB25,We Found Love,"NIVEK, Wlady",We Found Love,8/22/2025,45,136034,https://open.spotify.com/track/4vDU2aEtGOB78rUtxfQB25,energetic,we found love
2RNJ0dVeGdflwvDcvNhA5Z,Tempo 25,"Axway, Mougleta",Tempo 25,8/29/2025,40,139354,https://open.spotify.com/track/2RNJ0dVeGdflwvDcvNhA5Z,energetic,tempo 25
20Y4EAmSXru3foatDg4OqN,LET'S GO,"Jaden Bojsen, Sami Brielle",LET'S GO,7/5/2024,72,193091,https://open.spotify.com/track/20Y4EAmSXru3foatDg4OqN,energetic,lets go
0mFHRo4YcUswSXPpUSMwZ7,Fade,LPK,Fade,11/7/2025,20,121739,https://open.spotify.com/track/0mFHRo4YcUswSXPpUSMwZ7,energetic,fade
52J5G1z4DN0EWeAVsW7Uob,NOW IT'S GONE - ELY OAKS REMIX,"IN PARALLEL, Ely Oaks",NOW IT'S GONE (ELY OAKS REMIX),11/22/2024,71,114609,https://open.spotify.com/track/52J5G1z4DN0EWeAVsW7Uob,energetic,now its gone ely oaks remix
0LryBt6AEpA1mpD1NhDB58,Jerk It Out,"EZTON, Dani Vidi",Jerk It Out,6/27/2025,23,115500,https://open.spotify.com/track/0LryBt6AEpA1mpD1NhDB58,energetic,jerk it out
1JzmoJRgw06czH6J1fD8fq,Espresso Macchiato,Bryan V,Espresso Macchiato,7/11/2025,46,147874,https://open.spotify.com/track/1JzmoJRgw06czH6J1fD8fq,energetic,espresso macchiato
04R4oiYD4NU6ZkdwlaJSep,Bad Memories - Felix Jaehn Remix,"MEDUZA, James Carter, Felix Jaehn, Elley Duhé, FAST BOY",Bad Memories (Felix Jaehn Remix),10/14/2022,64,149565,https://open.spotify.com/track/04R4oiYD4NU6ZkdwlaJSep,energetic,bad memories felix jaehn remix
6GOOcBV0wLoHrH5D9AWA32,Say My Name - Remix,"Morgan Seatree, Florence + The Machine",Say My Name (Remix),12/6/2024,80,168000,https://open.spotify.com/track/6GOOcBV0wLoHrH5D9AWA32,energetic,say my name remix
3HuuKDtvYnEbOhgMqbJdt6,Pump It,"Bonka, Bombs Away",Pump It,9/5/2025,42,147230,https://open.spotify.com/track/3HuuKDtvYnEbOhgMqbJdt6,energetic,pump it
2R04HLG67sTMrLCl8ysBQl,Just Say,"Liu, GenX",Just Say,4/25/2025,22,181894,https://open.spotify.com/track/2R04HLG67sTMrLCl8ysBQl,energetic,just say
5nMXtrgjvL6t7W9BpyKyyo,Never Thought That I Could Die (Mosimann Remix),"Naeleck, Mosimann",Never Thought That I Could Die (Mosimann Remix),10/3/2025,53,189473,https://open.spotify.com/track/5nMXtrgjvL6t7W9BpyKyyo,energetic,never thought that i could die mosimann remix
1oaci9cGs94bOXYStWR83Q,From Paris to Berlin,"Michael Amani, Highup",From Paris to Berlin,8/1/2025,43,165600,https://open.spotify.com/track/1oaci9cGs94bOXYStWR83Q,energetic,from paris to berlin
2j6CAcq3nUjNCdEAE9xYpZ,Craving 4 U (feat. bbyclose),"BL3SS, CamrinWatsin, bbyclose",Craving 4 U (feat. bbyclose),11/8/2024,67,139300,https://open.spotify.com/track/2j6CAcq3nUjNCdEAE9xYpZ,energetic,craving 4 u feat bbyclose
7lDGg8CFySbkKUrjgzcLlY,The Less I Know The Better,Mau P,The Less I Know The Better,2/28/2025,73,176114,https://open.spotify.com/track/7lDGg8CFySbkKUrjgzcLlY,energetic,the less i know the better
7oMyjReU2IJ2O11HrkHdF7,L'Amour,Siks,L'Amour,10/10/2025,42,200000,https://open.spotify.com/track/7oMyjReU2IJ2O11HrkHdF7,energetic,lamour
5MrG4dZxiPj0GZeTKno8ou,Go Slow,"Braaheim, 3rd Wall",Go Slow,9/5/2025,49,121571,https://open.spotify.com/track/5MrG4dZxiPj0GZeTKno8ou,energetic,go slow
4Vm4OUuDdIhc7z7tLbBt0f,Mockingbird,"R3SPAWN, Josh Le Tissier, Caroline Roxy",Mockingbird,9/12/2025,48,120324,https://open.spotify.com/track/4Vm4OUuDdIhc7z7tLbBt0f,energetic,mockingbird
0ZVjgfaC2Ptrod9v6p9KFP,Good Love,"Hannah Laing, RoRo",Good Love,5/12/2023,67,169534,https://open.spotify.com/track/0ZVjgfaC2Ptrod9v6p9KFP,energetic,good love
0Xiy4YVZv7kEC3ABVhLis9,Blade,"Nic Johnston, Luke Madness",Blade,9/26/2025,52,158092,https://open.spotify.com/track/0Xiy4YVZv7kEC3ABVhLis9,energetic,blade
3t5MTUeD8am1SUk4LBgAx3,On The Floor,"Charles B, Fahjah, Amero",On The Floor,9/12/2025,45,152653,https://open.spotify.com/track/3t5MTUeD8am1SUk4LBgAx3,energetic,on the floor
5PfCzmnsrJwSSiVl6jp6XD,Where Them Girls At,"Highup, Consilium",Where Them Girls At,9/26/2025,43,122322,https://open.spotify.com/track/5PfCzmnsrJwSSiVl6jp6XD,energetic,where them girls at
2TuVErkUG3BdQR0dsbtakg,OMG! (From F1® The Movie),"Tiësto, Sexyy Red, F1 The Album",OMG! (From F1® The Movie),6/5/2025,66,152989,https://open.spotify.com/track/2TuVErkUG3BdQR0dsbtakg,energetic,omg from f1 the movie
4OjdFo0AG2wezojF5wuGoW,Losing My Religion,"BFOUR, Consilium",Losing My Religion,7/4/2025,44,181500,https://open.spotify.com/track/4OjdFo0AG2wezojF5wuGoW,energetic,losing my religion
3LSzil8WQYqgIhLt455d2b,Candy Shop,Benix,Candy Shop,8/29/2025,38,168750,https://open.spotify.com/track/3LSzil8WQYqgIhLt455d2b,energetic,candy shop
39glDGcpBhLVMSsQhvtqHR,I Only Smoke When I Drink,nimino,I Only Smoke When I Drink,8/22/2024,77,198425,https://open.spotify.com/track/39glDGcpBhLVMSsQhvtqHR,energetic,i only smoke when i drink
7KEjCKRjR9AyN51YpH50Mw,Hung Up,"Pink Panda, bod:mod",Hung Up,10/10/2025,41,151168,https://open.spotify.com/track/7KEjCKRjR9AyN51YpH50Mw,energetic,hung up
0SX3xskAQha38C9vyLmXYZ,Listen To Your Heart,"Highup, Consilium, Chumpion",Listen To Your Heart,8/8/2025,38,132151,https://open.spotify.com/track/0SX3xskAQha38C9vyLmXYZ,energetic,listen to your heart
0GYx8Q9iS05CRe9kyzwAIL,Still Into You,"CYRIL, maryjo",Still Into You,10/25/2024,76,151875,https://open.spotify.com/track/0GYx8Q9iS05CRe9kyzwAIL,energetic,still into you
2gHWV4EvkLqBngzXiT2nh4,Heads Will Roll,"Roman Messer, Kayote",Heads Will Roll,7/4/2025,52,174400,https://open.spotify.com/track/2gHWV4EvkLqBngzXiT2nh4,energetic,heads will roll
6zVE97VT8WaN6DCSyUTT67,Fantasy,"OHDAMN, Krimsonn",Fantasy,10/24/2025,19,197142,https://open.spotify.com/track/6zVE97VT8WaN6DCSyUTT67,energetic,fantasy
48lxT5qJF0yYyf2z4wB4xW,Pedro,"Jaxomy, Agatino Romero, Raffaella Carrà",Pedro,3/29/2024,74,144562,https://open.spotify.com/track/48lxT5qJF0yYyf2z4wB4xW,energetic,pedro
5fF9T9SMqBKUvT06cn7kBR,It's That Time,"Marlon Hoffstadt, DJ Daddy Trance",It's That Time,4/21/2023,64,240250,https://open.spotify.com/track/5fF9T9SMqBKUvT06cn7kBR,energetic,its that time
4PZz6usON7SPRA8BQkXf76,Gravity,"Krimsonn, Elina Victoria",Gravity,11/7/2025,16,132800,https://open.spotify.com/track/4PZz6usON7SPRA8BQkXf76,energetic,gravity
0U6Nl4Y8uRDb0bMOoUAt9Z,Crazy In Love,"Isaac Palmer, Amero, x.o.anne",Crazy In Love,4/12/2024,5,154687,https://open.spotify.com/track/0U6Nl4Y8uRDb0bMOoUAt9Z,energetic,crazy in love
4x6ndWq3lymbKHTJvHdQcq,Gravity,"Dualhï, Scarlett",Gravity,8/22/2025,36,145500,https://open.spotify.com/track/4x6ndWq3lymbKHTJvHdQcq,energetic,gravity
6jhAJgaS9OttFwP5Cn8WII,Ocean,"FISHER, AR/CO",Ocean,11/29/2024,64,196923,https://open.spotify.com/track/6jhAJgaS9OttFwP5Cn8WII,energetic,ocean
0dOTB6vk9BePXncGzIpH3P,Soul Survivor,"Kevu, Amero, Hallasen",Soul Survivor,9/5/2025,43,112500,https://open.spotify.com/track/0dOTB6vk9BePXncGzIpH3P,energetic,soul survivor
4zN8XL1i6DZgLFeNh3QidA,Deprived,Alfons,Deprived,7/25/2025,38,141369,https://open.spotify.com/track/4zN8XL1i6DZgLFeNh3QidA,energetic,deprived
2rs3IriIWC7VPcggDbuahJ,Mr Brightside,"DJ Fluke, Jordan Grace",Mr Brightside,8/22/2025,44,173000,https://open.spotify.com/track/2rs3IriIWC7VPcggDbuahJ,energetic,mr brightside
6WDIQWxsuTMtPWzRqcO4Ln,Outside,"Mike Demero, Jemme",Outside,9/19/2025,43,172500,https://open.spotify.com/track/6WDIQWxsuTMtPWzRqcO4Ln,energetic,outside
4B2VSPwlpcZ6tjk8iBXQLt,Set Me Free,"Sevek, Michael Roman",Set Me Free,8/8/2025,36,186701,https://open.spotify.com/track/4B2VSPwlpcZ6tjk8iBXQLt,energetic,set me free
03x9CdQ9TWD7mgTRav2yqU,Too Sweet,"Paul Keen, Bastize",Too Sweet,2/28/2025,18,189517,https://open.spotify.com/track/03x9CdQ9TWD7mgTRav2yqU,energetic,too sweet
40ElH3s6Z3fSSpLInPwqT4,Luxury,"Zack Martino, YYVON",Luxury,10/3/2025,36,159786,https://open.spotify.com/track/40ElH3s6Z3fSSpLInPwqT4,energetic,luxury
6FxRH7N7Q86i6aixaSYYzx,All the Things She Said,"Robin Schulz, Timmy Trumpet, KOPPY",All the Things She Said,4/5/2024,70,165299,https://open.spotify.com/track/6FxRH7N7Q86i6aixaSYYzx,energetic,all the things she said
6oWmcKVK6atTCoWVYTdSg1,Dreamin (feat. Daya),"Dom Dolla, Daya",Dreamin (feat. Daya),2/7/2025,72,171526,https://open.spotify.com/track/6oWmcKVK6atTCoWVYTdSg1,energetic,dreamin feat daya
6n7Q6qFLYG7GaurWH84j35,Edicius,"Naeleck, joki, JKRS",Edicius,4/11/2025,50,149933,https://open.spotify.com/track/6n7Q6qFLYG7GaurWH84j35,energetic,edicius
3lUIB7V8u0hZqRFCajVFUq,Sweet Dreams,"BEAUZ, Wasback, ALYSSA",Sweet Dreams,12/27/2024,45,169736,https://open.spotify.com/track/3lUIB7V8u0hZqRFCajVFUq,energetic,sweet dreams
3rkN5M7eJvTmNPvLj6Tt0i,Different Eyes,"Steven Franz, MNERØ, Trenom",Different Eyes,7/4/2025,34,192886,https://open.spotify.com/track/3rkN5M7eJvTmNPvLj6Tt0i,energetic,different eyes
6vLKVWEuOCQAWEaHv2yknm,Like I Like It,Mau P,Too Big For B-Side,5/23/2025,67,224414,https://open.spotify.com/track/6vLKVWEuOCQAWEaHv2yknm,energetic,like i like it
5XFktAerFHxM4tp7EhzTrh,Lost,"RSCL, it's murph, Twin Diplomacy, Jack August",Lost,11/4/2022,66,153182,https://open.spotify.com/track/5XFktAerFHxM4tp7EhzTrh,energetic,lost
3ZnCyiqwAl363opX2higcX,Reaper,"Naeleck, Andrea Botez",Reaper,10/31/2025,50,134709,https://open.spotify.com/track/3ZnCyiqwAl363opX2higcX,energetic,reaper
5efSUL5l33zwhL7eDORYOL,Reckless,"Amero, Hallasen, MAR5",Reckless,10/10/2025,35,155076,https://open.spotify.com/track/5efSUL5l33zwhL7eDORYOL,energetic,reckless
20on25jryn53hWghthWWW3,Do It To It,"ACRAZE, Cherish",Do It To It,8/20/2021,62,157890,https://open.spotify.com/track/20on25jryn53hWghthWWW3,energetic,do it to it
7Datvb4oPN6dHpfIYWgJii,Tsunami,"Alok, Ely Oaks",Tsunami,2/9/2024,63,136000,https://open.spotify.com/track/7Datvb4oPN6dHpfIYWgJii,energetic,tsunami
3wMwCPAuocSZUkdWOAqixS,P.I.M.P.,"Lupage, Charles B",P.I.M.P.,10/24/2025,49,121818,https://open.spotify.com/track/3wMwCPAuocSZUkdWOAqixS,energetic,pimp
20QSkySbgdgtIYX4XGmeak,Turn Me On,"R3SPAWN, Nia Mousai",Turn Me On,10/31/2025,40,126400,https://open.spotify.com/track/20QSkySbgdgtIYX4XGmeak,energetic,turn me on
3P8ARa6XSziv1yuqxQyFne,Whole,"Caroline Roxy, Amero, Hallasen",Whole,5/16/2025,7,154838,https://open.spotify.com/track/3P8ARa6XSziv1yuqxQyFne,energetic,whole
73rh3AJNXQl8iMWgWRrQTR,Lioness,"Swedish House Mafia, Niki & The Dove",Lioness,6/7/2024,69,172515,https://open.spotify.com/track/73rh3AJNXQl8iMWgWRrQTR,energetic,lioness
6CWDNXEpMtjoTwlFPurSCJ,Loco,"Trihoof, Amero, Isaac Palmer, KDDK",Loco,10/31/2025,31,132923,https://open.spotify.com/track/6CWDNXEpMtjoTwlFPurSCJ,energetic,loco
3HrHhTWonBqF4mDasi8xvC,BACKBONE,"Chase & Status, Stormzy",BACKBONE,8/8/2024,72,166448,https://open.spotify.com/track/3HrHhTWonBqF4mDasi8xvC,energetic,backbone
3Dc5dnW7NCxssGVCIzQX3t,"Mind, Body & Soul","MARE, Michael Ace, Jack Mence","Mind, Body & Soul",7/11/2025,40,163862,https://open.spotify.com/track/3Dc5dnW7NCxssGVCIzQX3t,energetic,mind body soul
5nKUJxlT1Il24MTzJMBRJB,Abracadabra,"Charles B, Tonay, Amero",Abracadabra,6/27/2025,11,160600,https://open.spotify.com/track/5nKUJxlT1Il24MTzJMBRJB,energetic,abracadabra
4hoczK4IfxTKipMHas8SuK,Domino,"Meyo, Amero",Domino,11/5/2025,32,164800,https://open.spotify.com/track/4hoczK4IfxTKipMHas8SuK,energetic,domino
6l0nwKNv5tZoQE75G924Dg,supersonic (like a meteorite),"Angelo Basham, Elyza",supersonic (like a meteorite),9/19/2025,40,136500,https://open.spotify.com/track/6l0nwKNv5tZoQE75G924Dg,energetic,supersonic like a meteorite
5GwOJaOWIuRi5eebSRnstT,Run It,Jelly Roll,Run It,11/22/2024,68,159208,https://open.spotify.com/track/5GwOJaOWIuRi5eebSRnstT,energetic,run it
3TFypSM600VZBS3ULeO6eV,Fairytale Gone Bad,"R3SPAWN, Reprobeater, Swae Boy",Fairytale Gone Bad,9/26/2025,45,141774,https://open.spotify.com/track/3TFypSM600VZBS3ULeO6eV,energetic,fairytale gone bad
0YpZbjSp9RRbTRqBshbYL3,Heat Seeker,"Tigerlily, Rave Republic",Heat Seeker,5/23/2025,7,131029,https://open.spotify.com/track/0YpZbjSp9RRbTRqBshbYL3,energetic,heat seeker
768sW21QQtCKYrFyeh8iTV,Endless,"Foínix, Jake Neumar",Endless,8/22/2025,39,131892,https://open.spotify.com/track/768sW21QQtCKYrFyeh8iTV,energetic,endless
3kvE69WoiZhB6PVe33eWS1,Let's Get Loud,"Mike Gudmann, Consilium, Robbe",Let's Get Loud,10/10/2025,40,128250,https://open.spotify.com/track/3kvE69WoiZhB6PVe33eWS1,energetic,lets get loud
1QIAkKPzJ1OUg3YuSRoTdt,So What - Techno Remix,"Nic Johnston, ANLIL",So What (Techno Remix),2/28/2025,57,170495,https://open.spotify.com/track/1QIAkKPzJ1OUg3YuSRoTdt,energetic,so what techno remix
76UVi3tz2rpTOPtvstIoK2,Get Busy - Odd Mob Club Mix,"Sean Paul, Odd Mob",Get Busy (Odd Mob Club Mix),5/24/2024,67,165909,https://open.spotify.com/track/76UVi3tz2rpTOPtvstIoK2,energetic,get busy odd mob club mix
5pa2ZyJ3dIEmxRDW74msQi,Cops & Robbers,"Sammy Virji, Skepta",Cops & Robbers,5/29/2025,65,161495,https://open.spotify.com/track/5pa2ZyJ3dIEmxRDW74msQi,energetic,cops robbers
6MHhxSDHudgdwIYnOXGI4t,Played-A-Live (The Bongo Song),BFOUR,Played-A-Live (The Bongo Song),8/22/2025,38,185600,https://open.spotify.com/track/6MHhxSDHudgdwIYnOXGI4t,energetic,playedalive the bongo song
4Aa5nDa93ceDKqEhmd7I9g,Lonely,"AVA CROWN, 1 World, liquidfive",Lonely,10/10/2025,44,185379,https://open.spotify.com/track/4Aa5nDa93ceDKqEhmd7I9g,energetic,lonely
1Q9AA6bYXxJBXPxBeQsLf5,Freed From Desire,"WESCALATIE, The Infamous, MORY",Freed From Desire,10/23/2025,45,154400,https://open.spotify.com/track/1Q9AA6bYXxJBXPxBeQsLf5,energetic,freed from desire
0GOXlShsWOp7BQ7nt9uwUL,I Don't Wanna Wait - Hardwell & Olly James Remix,"David Guetta, OneRepublic, Hardwell, Olly James",I Don't Wanna Wait (Hardwell & Olly James Remix),5/3/2024,63,183200,https://open.spotify.com/track/0GOXlShsWOp7BQ7nt9uwUL,energetic,i dont wanna wait hardwell olly james remix
1oH6oeK8iKeRL9VTQY5w2r,Lifetime,Tobiahs,Lifetime,1/12/2024,60,158822,https://open.spotify.com/track/1oH6oeK8iKeRL9VTQY5w2r,energetic,lifetime
6GomT970rCOkKAyyrwJeZi,Move Your Body,"Öwnboss, Sevek",Move Your Body,10/29/2021,72,157444,https://open.spotify.com/track/6GomT970rCOkKAyyrwJeZi,energetic,move your body
7b5F0uCclnb0hSxek820oO,One Last Time,"New Beat Order, Meyo, mavzy grx",One Last Time,7/11/2025,45,136800,https://open.spotify.com/track/7b5F0uCclnb0hSxek820oO,energetic,one last time
4HVELk51Nc1UF7jb1nzIRT,7 Seconds (feat. Shamiya Battles) - Radio Edit,"James Hype, Shamiya Battles",7 Seconds (feat. Shamiya Battles) [Radio Edit],9/6/2024,65,92226,https://open.spotify.com/track/4HVELk51Nc1UF7jb1nzIRT,energetic,7 seconds feat shamiya battles radio edit
4atLPkcljMp14JBaigYFKC,We Are The People - southstar Remix,"Empire Of The Sun, southstar",We Are The People (southstar Remix),2/17/2023,67,236068,https://open.spotify.com/track/4atLPkcljMp14JBaigYFKC,energetic,we are the people southstar remix
0zJWxs9N1pkwF1eKOepZFq,It's My Life - Techno Remix,"Nic Johnston, Jawny Sparklez",It's My Life (Techno Remix),6/21/2024,66,174545,https://open.spotify.com/track/0zJWxs9N1pkwF1eKOepZFq,energetic,its my life techno remix
46N3FCKFABRjNoNBVq4osr,girl$,Dom Dolla,girl$,6/7/2024,67,209552,https://open.spotify.com/track/46N3FCKFABRjNoNBVq4osr,energetic,girl
0w7JPlp7eEQI2EKW3ayXrv,Drugs From Amsterdam,Mau P,Drugs From Amsterdam,9/16/2022,71,235785,https://open.spotify.com/track/0w7JPlp7eEQI2EKW3ayXrv,energetic,drugs from amsterdam
6ad5LQL5cgVyvQBjO5gYHs,Beggin' (feat. Reznikov) - HYPERTECHNO EDIT,"HAWK., TARS., Alex Albino, Reznikov",Beggin' (feat. Reznikov) [HYPERTECHNO EDIT],10/27/2023,16,125070,https://open.spotify.com/track/6ad5LQL5cgVyvQBjO5gYHs,energetic,beggin feat reznikov hypertechno edit
4o9Rvu1tisuOLcuOmD3i55,Deeplow,"Sama (US), Serve Cold",Deeplow,10/10/2025,54,149939,https://open.spotify.com/track/4o9Rvu1tisuOLcuOmD3i55,energetic,deeplow
2rgWhlzASxN4MKk7c3RAGP,All I Know (with Khalid),"Rudimental, Khalid",All I Know (with Khalid),4/4/2025,66,176046,https://open.spotify.com/track/2rgWhlzASxN4MKk7c3RAGP,energetic,all i know with khalid
3bg2qahpZmsg5wV2EMPXIk,Forever Young,"David Guetta, Alphaville, Ava Max",Forever Young,10/18/2024,73,156923,https://open.spotify.com/track/3bg2qahpZmsg5wV2EMPXIk,energetic,forever young
0LceRRVJ0r8otCGGERGV58,No Diggity 2024,"HÄWK, BEYGE",No Diggity 2024,9/20/2024,17,150000,https://open.spotify.com/track/0LceRRVJ0r8otCGGERGV58,energetic,no diggity 2024
5IMUXCkgxYMfr9gN117ykx,Shivers,"Captain Curtis, Monk Mafia, Nathalie Blue",Shivers,6/20/2025,43,116129,https://open.spotify.com/track/5IMUXCkgxYMfr9gN117ykx,energetic,shivers
6Ea2oEzysv4UECGNxL1IEW,Eat Your Man (with Nelly Furtado),"Dom Dolla, Nelly Furtado",Eat Your Man (with Nelly Furtado),6/2/2023,59,197164,https://open.spotify.com/track/6Ea2oEzysv4UECGNxL1IEW,energetic,eat your man with nelly furtado
0E9ZjEAyAwOXZ7wJC0PD33,In My Mind,"Dynoro, Gigi D'Agostino",In My Mind,6/8/2018,77,184560,https://open.spotify.com/track/0E9ZjEAyAwOXZ7wJC0PD33,energetic,in my mind
3CE2EP9pmku5WmPrRPHcXx,The Hammer,"Ale Basciano, Tava, Luca Testa",The Hammer,6/6/2025,4,108800,https://open.spotify.com/track/3CE2EP9pmku5WmPrRPHcXx,energetic,the hammer
3MBJxg2sT7CAdqYcdU8C5K,I Like It (with Nate Smith),"Alesso, Nate Smith",I Like It (with Nate Smith),7/12/2024,70,152349,https://open.spotify.com/track/3MBJxg2sT7CAdqYcdU8C5K,energetic,i like it with nate smith
0hEjRndn2Rxf5LlROQOYty,NEEDED U,"Amero, Hallasen, DMoss",NEEDED U,7/11/2025,37,102428,https://open.spotify.com/track/0hEjRndn2Rxf5LlROQOYty,energetic,needed u
1cQld05IcUDw3RCFt7uymW,Be The One,Eli Brown,Be The One,3/31/2023,67,169852,https://open.spotify.com/track/1cQld05IcUDw3RCFt7uymW,energetic,be the one
0vhxITfBNsA3nBPbu7lRhP,Seek Love (On The Beach),"Alok, Tazi, Samuele Sartini, Amanda Wilson, YORK",Seek Love (On The Beach) (feat. Amanda Wilson & York),4/12/2024,59,150869,https://open.spotify.com/track/0vhxITfBNsA3nBPbu7lRhP,energetic,seek love on the beach
0aoeXzMxq1945xRbWHirrO,Kernkraft 400,"GYMBRO, Ken",Kernkraft 400,7/12/2023,19,126915,https://open.spotify.com/track/0aoeXzMxq1945xRbWHirrO,energetic,kernkraft 400
47KhhDku9RLDsWIJjYaXDs,Around The World,"Niklas Dee, René Miller",Around The World,8/2/2024,66,140986,https://open.spotify.com/track/47KhhDku9RLDsWIJjYaXDs,energetic,around the world
3TMgc4aPtsEtQxccJ10Iok,Hit The Road Jack,"Feb, Hektor Mass",Hit The Road Jack,6/21/2024,7,133333,https://open.spotify.com/track/3TMgc4aPtsEtQxccJ10Iok,energetic,hit the road jack
5fIZ683j2xPeLAXfHeWKEG,Dernière danse - Techno Mix,"Indila, BENNETT",Dernière danse (Techno Mix),1/26/2024,72,197142,https://open.spotify.com/track/5fIZ683j2xPeLAXfHeWKEG,energetic,dernire danse techno mix
72P5zgMNSeyHqULdaZXpmN,Dame Un Grrr,Wolverave,Dame Un Grrr,9/12/2025,37,126445,https://open.spotify.com/track/72P5zgMNSeyHqULdaZXpmN,energetic,dame un grrr
3I56dGSUvEYL96kmdCbaNx,Give It To Me,"Swanky Tunes, Veronica Bravo, J R",Give It To Me,10/20/2023,10,149032,https://open.spotify.com/track/3I56dGSUvEYL96kmdCbaNx,energetic,give it to me
07Sm4SlYGZ4CRSxgwP3hUr,Boost Up,"FISHER, Flowdan",Boost Up,8/9/2024,65,211899,https://open.spotify.com/track/07Sm4SlYGZ4CRSxgwP3hUr,energetic,boost up
4S133TP1HeakBoQB5ZY7Sz,Control Your Mind,"Chester Young, Highup, NuHype",Control Your Mind,7/18/2025,35,163200,https://open.spotify.com/track/4S133TP1HeakBoQB5ZY7Sz,energetic,control your mind
3qpsSAfHgTdTwkaraJLe0V,Mamma Mia (feat. Mentissa) - Techno Mix,"BENNETT, Mentissa",Mamma Mia (feat. Mentissa) [Techno Mix],9/6/2024,69,200683,https://open.spotify.com/track/3qpsSAfHgTdTwkaraJLe0V,energetic,mamma mia feat mentissa techno mix
4w4vhxcqJ6TVdUkL5WZC2J,Believe,"Masove, Jovieson, Tess Burrstone",Believe,6/25/2021,60,149077,https://open.spotify.com/track/4w4vhxcqJ6TVdUkL5WZC2J,energetic,believe
3DLWVhaowApIGw1JnJj6GS,Lose Control,James Hype,Lose Control,5/12/2023,66,173437,https://open.spotify.com/track/3DLWVhaowApIGw1JnJj6GS,energetic,lose control
6CSh092KsnTNY1YSQZ3z6P,Frozen,"Duncan Young, Consilium",Frozen,10/3/2025,34,193655,https://open.spotify.com/track/6CSh092KsnTNY1YSQZ3z6P,energetic,frozen
6vQEOP9KgXITsVpFnKSbZ3,Paradise,Braaheim,Paradise,6/22/2023,61,150500,https://open.spotify.com/track/6vQEOP9KgXITsVpFnKSbZ3,energetic,paradise
4AFlChQQJbB1MOCgOiiyYc,Drums (Feat. Kim Petras),"James Hype, Kim Petras",Drums (Feat. Kim Petras),10/6/2023,64,152400,https://open.spotify.com/track/4AFlChQQJbB1MOCgOiiyYc,energetic,drums feat kim petras
2prnn41CblB8B4yWACDljP,Love Tonight (David Guetta Remix Edit),"Shouse, David Guetta",Love Tonight (David Guetta Remix),6/11/2021,75,158095,https://open.spotify.com/track/2prnn41CblB8B4yWACDljP,energetic,love tonight david guetta remix edit
3Z23sDc2J9ZkmFiMStRoIp,High On Me,"Rossi., Jazzy",High On Me,6/20/2025,72,189767,https://open.spotify.com/track/3Z23sDc2J9ZkmFiMStRoIp,energetic,high on me
177kCDBuL5HQwdi6peCaUx,Here In Your Arms,"Nathan Dawe, Abi Flynn",Here In Your Arms,2/14/2025,61,152561,https://open.spotify.com/track/177kCDBuL5HQwdi6peCaUx,energetic,here in your arms
6XgQ5B9zRse6A1GNDeWlJj,I Needed You,Ste Haley,I Needed You,4/4/2025,46,208142,https://open.spotify.com/track/6XgQ5B9zRse6A1GNDeWlJj,energetic,i needed you
1MZ8dDnVwGuhoEys78jo53,girl (stay close to me),fracture,girl (stay close to me),11/7/2025,7,101162,https://open.spotify.com/track/1MZ8dDnVwGuhoEys78jo53,energetic,girl stay close to me
2OyestNLBmdbsQJaL9qaVG,Where Have You Been,REESE,Where Have You Been,1/17/2025,59,170571,https://open.spotify.com/track/2OyestNLBmdbsQJaL9qaVG,energetic,where have you been
22xHhpRb8j8JUpfMuCwuuP,Love Game,Jake Believe,Love Game,10/24/2025,36,137535,https://open.spotify.com/track/22xHhpRb8j8JUpfMuCwuuP,energetic,love game
2JhtoiqWsbUgrKkQ7XhWKW,Rock Your Body,"Alex Hobson, Dj Arno",Rock Your Body,7/11/2025,43,182769,https://open.spotify.com/track/2JhtoiqWsbUgrKkQ7XhWKW,energetic,rock your body
5bdKaYnig6IqBsQQqBUjHm,Back It Up,"Josh Baker, Omar+",Back It Up,3/21/2025,67,156398,https://open.spotify.com/track/5bdKaYnig6IqBsQQqBUjHm,energetic,back it up
5v5yF1qIhHD1ptZoN8dxv7,NOW IT'S GONE,IN PARALLEL,NOW IT'S GONE,10/17/2024,70,143184,https://open.spotify.com/track/5v5yF1qIhHD1ptZoN8dxv7,energetic,now its gone
71xKlOIhZKO55Rt3zSHzQt,Feel It - Club Edit,Jazzy,Feel It (Club Edit),7/21/2023,49,124462,https://open.spotify.com/track/71xKlOIhZKO55Rt3zSHzQt,energetic,feel it club edit
5KWlttlxtvmcPigdrfpQnz,REHAB,Blair Muir,REHAB,12/13/2024,71,195003,https://open.spotify.com/track/5KWlttlxtvmcPigdrfpQnz,energetic,rehab
7KhT1uCXFocwzoDXwdNtYO,Pool - Gravagerz Version,"Gravagerz, kiki wera",Pool (Gravagerz Version),4/11/2025,73,125178,https://open.spotify.com/track/7KhT1uCXFocwzoDXwdNtYO,energetic,pool gravagerz version
0eFqPUbuiobmOEiotEFxGy,R 2 ME,"BL3SS, Tchami",R 2 ME,4/18/2025,70,152173,https://open.spotify.com/track/0eFqPUbuiobmOEiotEFxGy,energetic,r 2 me
6xVxXzTHlZXfp80KCla2ft,Ego Death,Jasper Miller,Ego Death,5/16/2025,52,162432,https://open.spotify.com/track/6xVxXzTHlZXfp80KCla2ft,energetic,ego death
5huDOE63jdNZTiBODndFc1,Make Up,Jazzy,Make Up,7/12/2024,48,151764,https://open.spotify.com/track/5huDOE63jdNZTiBODndFc1,energetic,make up
3ibvUl8V0vZm2a63F4ezjH,Broke My Heart,Gerber,Broke My Heart,10/17/2025,37,148636,https://open.spotify.com/track/3ibvUl8V0vZm2a63F4ezjH,energetic,broke my heart
1EwclTZTt1eR8ZMfslR7FE,I Would Like,JKAY,I Would Like,9/20/2024,55,138565,https://open.spotify.com/track/1EwclTZTt1eR8ZMfslR7FE,energetic,i would like
50SxWFCvmZCYcpKWPZECES,Birds In The Sky,NewEra,Birds In The Sky,12/8/2023,57,133548,https://open.spotify.com/track/50SxWFCvmZCYcpKWPZECES,energetic,birds in the sky
7f8EzmXuroHbrt9K8sLSEz,Bring Me Joy (with Karen Harding),"Rudimental, Karen Harding",Bring Me Joy (with Karen Harding),6/21/2024,50,145438,https://open.spotify.com/track/7f8EzmXuroHbrt9K8sLSEz,energetic,bring me joy with karen harding
4Jxqo3meY7nbbnqa7cQY7p,He Goes Down,Rain Radio,He Goes Down,6/17/2022,37,158709,https://open.spotify.com/track/4Jxqo3meY7nbbnqa7cQY7p,energetic,he goes down
6ibDVMcMUNqZ5eXT9sD4Vy,DNA (Loving You) [feat. Hannah Boleyn],"Billy Gillies, Hannah Boleyn",DNA (Loving You) [feat. Hannah Boleyn],7/28/2023,62,164919,https://open.spotify.com/track/6ibDVMcMUNqZ5eXT9sD4Vy,energetic,dna loving you feat hannah boleyn
3rzKwwWVD284axAR3Wdr7Y,Lights Out,Luke Hepworth,Lights Out,3/28/2025,36,137147,https://open.spotify.com/track/3rzKwwWVD284axAR3Wdr7Y,energetic,lights out
1IONdrK9GOy7QjEXKxY2oZ,Stay,Misdemeanor,Stay (Sped Up & Slowed Edits),6/20/2025,42,194793,https://open.spotify.com/track/1IONdrK9GOy7QjEXKxY2oZ,energetic,stay
4WwVtqCRgIvh3JcNwoVp3T,Separated,Beave,Separated,3/7/2025,38,142285,https://open.spotify.com/track/4WwVtqCRgIvh3JcNwoVp3T,energetic,separated
5LlXHKUg8L6bzOPAtZC46Y,Better Off Alone,"HRMV, Seamus D",Better Off Alone,11/15/2024,34,187565,https://open.spotify.com/track/5LlXHKUg8L6bzOPAtZC46Y,energetic,better off alone
7IutWiw37k5dSBboLC9qvo,Under The Influence,JEKO,Under The Influence,12/1/2023,46,125186,https://open.spotify.com/track/7IutWiw37k5dSBboLC9qvo,energetic,under the influence
5vqzGG7pG3Qzp44pinTvKP,Kiss,DOREY,Kiss,2/13/2024,30,149505,https://open.spotify.com/track/5vqzGG7pG3Qzp44pinTvKP,energetic,kiss
6ejwyFns9NzsrSneu0mnVu,Life Gets Hard,Gerber,Life Gets Hard,11/17/2023,32,136551,https://open.spotify.com/track/6ejwyFns9NzsrSneu0mnVu,energetic,life gets hard
1hZrP0VIX9aiFdAWh3JlIW,Devil,BL3SS,Devil,8/12/2022,45,144843,https://open.spotify.com/track/1hZrP0VIX9aiFdAWh3JlIW,energetic,devil
2a68xrYa3kxdyxKQkVuaJQ,Workout,"DJ Craig Gorman, Alex Hosking",Workout,8/12/2022,36,180032,https://open.spotify.com/track/2a68xrYa3kxdyxKQkVuaJQ,energetic,workout
2wNIzi4ytYm2AQptkBAyPG,This Feeling,Gerber,This Feeling,1/10/2025,39,167647,https://open.spotify.com/track/2wNIzi4ytYm2AQptkBAyPG,energetic,this feeling
4Z1Wn3OHXrxz6IUkn9wwqt,Promise Me,JEKO,Promise Me,4/12/2024,33,161600,https://open.spotify.com/track/4Z1Wn3OHXrxz6IUkn9wwqt,energetic,promise me
6KFmvbvjOGFxfp76X9o1aW,Amnesia,"TCTS, Hyzteria, Ekko",Amnesia,2/9/2024,29,179047,https://open.spotify.com/track/6KFmvbvjOGFxfp76X9o1aW,energetic,amnesia
1iD1Apn0i05NWYwOaSaRcb,Shooting Star,Jazzy,Constellations (Expanded),2/1/2024,42,145846,https://open.spotify.com/track/1iD1Apn0i05NWYwOaSaRcb,energetic,shooting star
0mm1VzWpWEebTZaOmNHebD,Never Knew Love (feat. Enisa),"Riton, Belters Only, Enisa",Never Knew Love (feat. Enisa),7/14/2023,37,158632,https://open.spotify.com/track/0mm1VzWpWEebTZaOmNHebD,energetic,never knew love feat enisa
2Li9PhSrXPNGP8rXtoAYlQ,So Much In Love - Symmetrik Remix,"D.O.D, Symmetrik",So Much In Love (Symmetrik Remix),7/7/2023,45,188689,https://open.spotify.com/track/2Li9PhSrXPNGP8rXtoAYlQ,energetic,so much in love symmetrik remix
33o5QF5ZEAllqV4jDnRYu7,Million Dollar Bill,"Beyond Chicago, Majestic, Alex Mills",Million Dollar Bill,6/23/2023,1,128024,https://open.spotify.com/track/33o5QF5ZEAllqV4jDnRYu7,energetic,million dollar bill
2O69ukvlfAy4Lo9wDdHtZT,4EVA,Belters Only,4EVA,8/4/2023,41,185961,https://open.spotify.com/track/2O69ukvlfAy4Lo9wDdHtZT,energetic,4eva
4D5d2gz2XcnkubPLmM5ezl,Here We Go Again (feat. Shanice Griffin & David Ryan),"Ev Wilde, Shanice Griffin, David Ryan",Here We Go Again (feat. Shanice Griffin & David Ryan),7/21/2023,43,158381,https://open.spotify.com/track/4D5d2gz2XcnkubPLmM5ezl,energetic,here we go again feat shanice griffin david ryan
0m00au0MMoII2767mu4sj7,All This Time,"Sonny Fodera, Jazzy",All This Time,7/18/2025,65,223898,https://open.spotify.com/track/0m00au0MMoII2767mu4sj7,energetic,all this time
1Siu5Bnrt90vtjUddXeTUg,Slow Burner,"Interplanetary Criminal, Original Koffee",Slow Burner,5/30/2025,64,212647,https://open.spotify.com/track/1Siu5Bnrt90vtjUddXeTUg,energetic,slow burner
1o3pbPCRF5TOsLDQdVXafJ,missin u,pressured.,missin u,10/10/2025,25,156480,https://open.spotify.com/track/1o3pbPCRF5TOsLDQdVXafJ,energetic,missin u
5eDZsJr7YuaE4ZoWKMSQkQ,You Know That,Remedy Club,You Know That,8/18/2023,28,180438,https://open.spotify.com/track/5eDZsJr7YuaE4ZoWKMSQkQ,energetic,you know that
0ddvXI226RBn6NXy692GK7,Like That,Seamus D,Like That,12/10/2021,45,180719,https://open.spotify.com/track/0ddvXI226RBn6NXy692GK7,energetic,like that
4uThxXQVs0xPaHwu52ELBV,Go Loco,HRMV,Go Loco,12/13/2024,37,172995,https://open.spotify.com/track/4uThxXQVs0xPaHwu52ELBV,energetic,go loco
1MTlvf2n3aP490PM8cKufF,Loving,Gerber,Loving,10/13/2023,29,139014,https://open.spotify.com/track/1MTlvf2n3aP490PM8cKufF,energetic,loving
5CaUUACiQFEf4zR5WoeIrp,If U Need It,Sammy Virji,If U Need It,11/3/2023,72,179999,https://open.spotify.com/track/5CaUUACiQFEf4zR5WoeIrp,energetic,if u need it
1pqnvtS2WYkNrW0rPpCwwA,Too Little Too Late,MODULATE,Too Little Too Late,1/12/2024,50,156190,https://open.spotify.com/track/1pqnvtS2WYkNrW0rPpCwwA,energetic,too little too late
5UMpSD9j5ohL1zucLq35s5,Changes,Alex Hobson,Changes,2/16/2024,32,123230,https://open.spotify.com/track/5UMpSD9j5ohL1zucLq35s5,energetic,changes
0yfJlRyn9VEZfonQUIPdkr,Atmosphere,"FISHER, Kita Alexander",Atmosphere,8/11/2023,52,182857,https://open.spotify.com/track/0yfJlRyn9VEZfonQUIPdkr,energetic,atmosphere
4iRCObcsxjwZBzGNajklYW,Don't Walk Away,"Damian Harrison, Jovan Bloom",Don't Walk Away,4/23/2021,1,171707,https://open.spotify.com/track/4iRCObcsxjwZBzGNajklYW,energetic,dont walk away
5NgCWH4VUCgWGtKKkuX36l,Back 2 U,Gerber,Back 2 U,3/14/2025,35,142316,https://open.spotify.com/track/5NgCWH4VUCgWGtKKkuX36l,energetic,back 2 u
7K9ZxHYSwVJ1BTC044EUNw,Need You Now,"D.O.D, Jax Jones",Need You Now,8/25/2023,39,160000,https://open.spotify.com/track/7K9ZxHYSwVJ1BTC044EUNw,energetic,need you now
49iD1q5Z58aEDqCemEXpS1,Party All The Time,"Hannah Laing, HVRR",Party All The Time,8/25/2023,54,129860,https://open.spotify.com/track/49iD1q5Z58aEDqCemEXpS1,energetic,party all the time
7jLoUQCN6HeC4MNQxr0wcD,Body Talk,"Ofenbach, SVEA",I,9/2/2022,56,139422,https://open.spotify.com/track/7jLoUQCN6HeC4MNQxr0wcD,energetic,body talk
3JsH3qnwhYGs20PBMsCgNx,Voodoo,Gorgon City,Voodoo,3/10/2023,49,213800,https://open.spotify.com/track/3JsH3qnwhYGs20PBMsCgNx,energetic,voodoo
1HsMzd3cqmnVNN5nuf2t7R,Prada,"cassö, RAYE, D-Block Europe",Prada,8/25/2023,38,132359,https://open.spotify.com/track/1HsMzd3cqmnVNN5nuf2t7R,energetic,prada
6a0qBu7iLpMjD8QOzj25fY,0800 HEAVEN (feat. Ella Henderson) - Symmetrik Remix,"Nathan Dawe, Joel Corry, Symmetrik, Ella Henderson",0800 HEAVEN (feat. Ella Henderson) [Symmetrik Remix],6/23/2023,35,205241,https://open.spotify.com/track/6a0qBu7iLpMjD8QOzj25fY,energetic,0800 heaven feat ella henderson symmetrik remix
45iBqrcycpuwrqxbTEyLGa,Me & U (feat. Kelsey),"Majestic, Kelsey",Me & U (feat. Kelsey),9/25/2020,43,210874,https://open.spotify.com/track/45iBqrcycpuwrqxbTEyLGa,energetic,me u feat kelsey
2LCd6P35jFyZ9SN37o9D2q,Drinkin',"Joel Corry, MK, Rita Ora",Drinkin',8/25/2023,52,149545,https://open.spotify.com/track/2LCd6P35jFyZ9SN37o9D2q,energetic,drinkin
12yLNIjSm0J1mwTHsTELiL,When I Cry,Gerber,When I Cry,11/22/2024,36,124138,https://open.spotify.com/track/12yLNIjSm0J1mwTHsTELiL,energetic,when i cry
7MIhUdNJtaOnDmC5nBC1fb,Deep Down (feat. Never Dull),"Alok, Ella Eyre, Kenny Dope, Never Dull",Deep Down (feat. Never Dull),6/17/2022,74,165714,https://open.spotify.com/track/7MIhUdNJtaOnDmC5nBC1fb,energetic,deep down feat never dull
2Ns6oTwpUGA9zdcS6BEwU7,Plastic Smiling,Navos,Plastic Smiling,8/26/2022,35,177142,https://open.spotify.com/track/2Ns6oTwpUGA9zdcS6BEwU7,energetic,plastic smiling
1olCzMxaeiQKNO64ssWVGr,Talk About,"Rain Radio, DJ Craig Gorman",Talk About,5/14/2021,57,161040,https://open.spotify.com/track/1olCzMxaeiQKNO64ssWVGr,energetic,talk about
5x9V7Ejc1YEpeKi1VNirOD,Me & U,MODULATE,Me & U,11/24/2023,47,154761,https://open.spotify.com/track/5x9V7Ejc1YEpeKi1VNirOD,energetic,me u
5Q9DzNnrUCkJV1t1wWjYIX,Bad Habits - Joel Corry Remix,"Ed Sheeran, Joel Corry",Bad Habits (Joel Corry Remix),8/6/2021,50,189577,https://open.spotify.com/track/5Q9DzNnrUCkJV1t1wWjYIX,energetic,bad habits joel corry remix
7mQmVvJCFwhHSSXwZwnPRQ,Love Again,New Hype,Love Again,7/2/2021,37,172538,https://open.spotify.com/track/7mQmVvJCFwhHSSXwZwnPRQ,energetic,love again
66HB3QjqHIl9VF4O7ojyEB,Slow Down,TS7,Slow Down,1/14/2022,41,191953,https://open.spotify.com/track/66HB3QjqHIl9VF4O7ojyEB,energetic,slow down
2MhH5aAORsvCgl3E8aOC1q,Feel It,Hayley May,Feel It,5/13/2022,0,180031,https://open.spotify.com/track/2MhH5aAORsvCgl3E8aOC1q,energetic,feel it
44xO8889yUQHn70P73NILS,Believe Me,Navos,Believe Me,1/22/2021,62,188260,https://open.spotify.com/track/44xO8889yUQHn70P73NILS,energetic,believe me
4op0sQ8BfzRsW4gGGlR7TU,Side Effect (feat. Au/Ra),"Alok, Au/Ra",Side Effect (feat. Au/Ra),2/4/2022,51,144193,https://open.spotify.com/track/4op0sQ8BfzRsW4gGGlR7TU,energetic,side effect feat aura
483XiZ5o13Cc1zoWV7jGml,Gecko (Overdrive) - Radio Edit,"Oliver Heldens, Becky Hill",Gecko (Overdrive) [Radio Edit],6/3/2014,63,165440,https://open.spotify.com/track/483XiZ5o13Cc1zoWV7jGml,energetic,gecko overdrive radio edit
0YORgvqP1MotwCnDZzOwII,I Wish (feat. Mabel),"Joel Corry, Mabel",I Wish (feat. Mabel),10/29/2021,55,181728,https://open.spotify.com/track/0YORgvqP1MotwCnDZzOwII,energetic,i wish feat mabel
4G4patpYxsF6ovHZOX9wgR,Human (feat. Echoes),"John Summit, Echoes",Human (feat. Echoes),11/24/2021,67,219047,https://open.spotify.com/track/4G4patpYxsF6ovHZOX9wgR,energetic,human feat echoes
67lnQ6r4oWKZcM8VxSwHq2,Say Something - Zac Samuel Remix,"Karen Harding, Zac Samuel",Say Something,1/1/2014,0,213135,https://open.spotify.com/track/67lnQ6r4oWKZcM8VxSwHq2,energetic,say something zac samuel remix
6JkuJREwd6rd7t1YN069LK,Forget About Me,"Aluna, Diplo, Durante",Forget About Me,1/14/2022,1,177637,https://open.spotify.com/track/6JkuJREwd6rd7t1YN069LK,energetic,forget about me
5uBfVcKFMklVWEgbV5uNiO,Done To Me,Amés,Done To Me,4/9/2021,0,145500,https://open.spotify.com/track/5uBfVcKFMklVWEgbV5uNiO,energetic,done to me
3aeqEyOCo9AaKboo37Wr8B,Better Me (feat. Lily Mckenzie),"Saffron Stone, Lily McKenzie",Better Me (feat. Lily Mckenzie),3/25/2022,29,191625,https://open.spotify.com/track/3aeqEyOCo9AaKboo37Wr8B,energetic,better me feat lily mckenzie
4jlS72eGLijzfr7PymxDYi,Is It You,PAX,Is It You,3/11/2022,44,159010,https://open.spotify.com/track/4jlS72eGLijzfr7PymxDYi,energetic,is it you
61UQzeiIluhpzpMdY4ag3q,My Love (feat. Jess Glynne),"Route 94, Jess Glynne",My Love (feat. Jess Glynne),2/28/2014,5,259934,https://open.spotify.com/track/61UQzeiIluhpzpMdY4ag3q,energetic,my love feat jess glynne
6h5y2LCqCQudsCarn61CNE,Believe (feat. Goodboys),"ACRAZE, Goodboys",Believe (feat. Goodboys),10/7/2022,55,188709,https://open.spotify.com/track/6h5y2LCqCQudsCarn61CNE,energetic,believe feat goodboys
2Oocj7yGn2oAKhh3Bg6RD2,Famax - Franky Rizardo Remix,"RAFFA GUIDO, Franky Rizardo",Famax (Franky Rizardo Remix),9/6/2024,48,211875,https://open.spotify.com/track/2Oocj7yGn2oAKhh3Bg6RD2,energetic,famax franky rizardo remix
0u5aRUEwlWhtO32VASKoLi,Divine,Blair Muir,Divine,11/1/2024,60,163641,https://open.spotify.com/track/0u5aRUEwlWhtO32VASKoLi,energetic,divine
4ta2AgTXW9HrT5lxzytP5j,Runnin',"Low Steppa, Kelli-Leigh",Runnin',2/22/2016,39,138536,https://open.spotify.com/track/4ta2AgTXW9HrT5lxzytP5j,energetic,runnin
0OpcI3rARLsNWgVbPdwHD9,You Know You Like It - Tchami Remix,"AlunaGeorge, Tchami",We Are Your Friends (Music From The Original Motion Picture),8/21/2015,54,304333,https://open.spotify.com/track/0OpcI3rARLsNWgVbPdwHD9,energetic,you know you like it tchami remix
6y1UtRcHQU07aUs3oxZ8Yn,Sorry,Joel Corry,Sorry,4/5/2019,58,188640,https://open.spotify.com/track/6y1UtRcHQU07aUs3oxZ8Yn,energetic,sorry
51U4DH7Y2Ljj0nrq0kxR5t,I'm In Control,HBSN,I'm In Control,5/30/2025,39,175522,https://open.spotify.com/track/51U4DH7Y2Ljj0nrq0kxR5t,energetic,im in control
2aoOHHnDzS653vhmsCzmIp,Not Letting Go (feat. Jess Glynne) - XYconstant Remix,"Tinie Tempah, Jess Glynne, XYconstant",Not Letting Go (feat. Jess Glynne) [Remixes],6/19/2015,53,288934,https://open.spotify.com/track/2aoOHHnDzS653vhmsCzmIp,energetic,not letting go feat jess glynne xyconstant remix
3sefjy4xc3HmMlYse9BZTK,I'll Be There,Misunderstood,I'll Be There,10/17/2025,21,123230,https://open.spotify.com/track/3sefjy4xc3HmMlYse9BZTK,energetic,ill be there
1ZQnV7ePl8yXoLjPfhWE5L,Piece of Me,"MK, Becky Hill",Piece of Me,4/8/2016,59,188706,https://open.spotify.com/track/1ZQnV7ePl8yXoLjPfhWE5L,energetic,piece of me
4AunX16Fu1hbLKLOhCOgom,Forget U,After Dark,Forget U,10/17/2025,20,131111,https://open.spotify.com/track/4AunX16Fu1hbLKLOhCOgom,energetic,forget u
6n7rJUcwmQDestMYXoSoZF,All Cried Out (feat. Alex Newell) - Radio Edit,"Blonde, Alex Newell",All Cried Out (feat. Alex Newell) [Radio Edit],4/10/2015,57,170716,https://open.spotify.com/track/6n7rJUcwmQDestMYXoSoZF,energetic,all cried out feat alex newell radio edit
7JxCZS1QOKf2woQz7mKUYn,Bad Vibe,JKAY,Bad Vibe,6/6/2025,48,142471,https://open.spotify.com/track/7JxCZS1QOKf2woQz7mKUYn,energetic,bad vibe
5iH81hIpxAYJKrominvxST,Make Believe,"Luke Dean, Omar+",Make Believe,8/15/2025,65,185000,https://open.spotify.com/track/5iH81hIpxAYJKrominvxST,energetic,make believe
17CXft3kDo4QNrO491EFOv,If Your Girl,"Ben Hemsley, Gaskin",If Your Girl,9/5/2025,61,230187,https://open.spotify.com/track/17CXft3kDo4QNrO491EFOv,energetic,if your girl
6XmsJMwwIVy807edgGAJof,U Need,DJ Nocta,U Need,11/7/2025,4,165230,https://open.spotify.com/track/6XmsJMwwIVy807edgGAJof,energetic,u need
4dSyBNeeoWoqd3r363b3iG,Disturbia,MODULATE,Disturbia,5/16/2025,57,180535,https://open.spotify.com/track/4dSyBNeeoWoqd3r363b3iG,energetic,disturbia
0WSjVLITbxV6kVXndziQDm,Drop That Low (When I Dip),Tujamo,Drop That Low (When I Dip),4/1/2016,65,159999,https://open.spotify.com/track/0WSjVLITbxV6kVXndziQDm,energetic,drop that low when i dip
44DCjBHfvn5s6ZfLHpKmBi,Freaks,"Timmy Trumpet, Savage",Freaks,7/31/2014,66,168750,https://open.spotify.com/track/44DCjBHfvn5s6ZfLHpKmBi,energetic,freaks
1yaISGEoawvX2l6cU7M13n,BOOM,"Tiësto, Sevenn",BOOM,4/24/2017,51,154146,https://open.spotify.com/track/1yaISGEoawvX2l6cU7M13n,energetic,boom
1KIOYaZf5xtPeWPRqYkAMQ,Who Wants To Be Alone,DBL,Who Wants To Be Alone,5/10/2024,55,214153,https://open.spotify.com/track/1KIOYaZf5xtPeWPRqYkAMQ,energetic,who wants to be alone
6HNLFFuoxMXZpCWazL9qRv,Seven Nation Army,"Duck, Zu",Seven Nation Army,5/30/2025,43,133814,https://open.spotify.com/track/6HNLFFuoxMXZpCWazL9qRv,energetic,seven nation army
2BMd7pl75bMwcb0EtaCh2p,Thinking About You,"DBL, VAYAH",Thinking About You,10/17/2025,39,198857,https://open.spotify.com/track/2BMd7pl75bMwcb0EtaCh2p,energetic,thinking about you
3rHxDEn7iVyRy4POwGOUy9,Winter (Classical Techno),"Ardo, Jake Alva",Winter (Classical Techno),1/5/2024,58,144966,https://open.spotify.com/track/3rHxDEn7iVyRy4POwGOUy9,energetic,winter classical techno
6ho0GyrWZN3mhi9zVRW7xi,Losing It,FISHER,Losing It,7/13/2018,72,248035,https://open.spotify.com/track/6ho0GyrWZN3mhi9zVRW7xi,energetic,losing it
5ViGEzDv6SpAFMT6w886zY,Rave With Me (Hocus Pocus),"JØA, LIZEA",Rave With Me (Hocus Pocus),5/16/2025,52,169451,https://open.spotify.com/track/5ViGEzDv6SpAFMT6w886zY,energetic,rave with me hocus pocus
4Ca9gHBdyXemdc0wApHBXQ,The Fiddle - Woody van Eyden Edit,"Woody van Eyden, Judge Jules",The Fiddle,10/24/2025,42,142855,https://open.spotify.com/track/4Ca9gHBdyXemdc0wApHBXQ,energetic,the fiddle woody van eyden edit
1UPshkcjCJneejMQkt3ZO8,The Logical Song,"HYPELEZZ, Blondee",The Logical Song,4/29/2022,49,131346,https://open.spotify.com/track/1UPshkcjCJneejMQkt3ZO8,energetic,the logical song
7fZBQnc0zXwVybgCIrQQil,Belly Dancer,"Imanbek, BYOR",Belly Dancer,2/18/2022,76,151475,https://open.spotify.com/track/7fZBQnc0zXwVybgCIrQQil,energetic,belly dancer
3UnEoReEaFMQRxHJ9X02tU,Night Time (DBL Remix),"Lee Runham, Ollie J, DBL",Night Time (DBL Remix),3/7/2025,45,179555,https://open.spotify.com/track/3UnEoReEaFMQRxHJ9X02tU,energetic,night time dbl remix
5a0mnywQydk7GSBJqG71RY,BLOODY ASS SHOES,Project 98,98 Trash TV,5/17/2024,45,139935,https://open.spotify.com/track/5a0mnywQydk7GSBJqG71RY,energetic,bloody ass shoes
5IJpOkYyy8EQ8WIBIRBWfD,More Than You Know,"Ardo, Jake Alva",More Than You Know,6/7/2024,42,157600,https://open.spotify.com/track/5IJpOkYyy8EQ8WIBIRBWfD,energetic,more than you know
3YgVGtuKkasngLLd6RsRmO,Glad You Came,"DBL, VAYAH",Glad You Came,10/10/2025,43,196363,https://open.spotify.com/track/3YgVGtuKkasngLLd6RsRmO,energetic,glad you came
1yX6sh2TkrT5hsXodo7aS6,Astronaut In The Ocean - Alok Remix,"Masked Wolf, Alok",Astronaut In The Ocean (Alok Remix),4/30/2021,66,128371,https://open.spotify.com/track/1yX6sh2TkrT5hsXodo7aS6,energetic,astronaut in the ocean alok remix
2rpYHzVBxbxORNdkDuOX15,Level Up,"Onary, Carlprit, EMMA LX",Level Up,8/29/2025,45,169133,https://open.spotify.com/track/2rpYHzVBxbxORNdkDuOX15,energetic,level up
6WmIQDJDc52yKQFde3L8kF,Anxiety,"JØA, Reprobeater, Swae Boy",Anxiety,11/7/2025,26,166451,https://open.spotify.com/track/6WmIQDJDc52yKQFde3L8kF,energetic,anxiety
0HsnLfehrw0me22zsYkL6L,Real Enough,Andrew Lampa,Real Enough,10/10/2025,37,150422,https://open.spotify.com/track/0HsnLfehrw0me22zsYkL6L,energetic,real enough
1czt3TcqXtHa5nSon8GTVE,All In My Head,8ME,All In My Head,9/26/2025,39,156888,https://open.spotify.com/track/1czt3TcqXtHa5nSon8GTVE,energetic,all in my head
1LAOBPYYvOWfwb3KCCuaiR,Smoove,Kazu,Smoove,11/7/2025,11,149010,https://open.spotify.com/track/1LAOBPYYvOWfwb3KCCuaiR,energetic,smoove
3f7PBsKlTNXFTze5Zbg2GH,Hit The Road Jack,NALYRO,Hit The Road Jack,9/5/2025,36,115031,https://open.spotify.com/track/3f7PBsKlTNXFTze5Zbg2GH,energetic,hit the road jack
5Axl2Rjg3wOC3JHju1Gess,Freestyler (Rock The Microphone),"Lost Frequencies, Bomfunk MC's",Freestyler (Rock The Microphone),9/20/2024,67,174000,https://open.spotify.com/track/5Axl2Rjg3wOC3JHju1Gess,energetic,freestyler rock the microphone
4qhtLn0kEVoDZkzgcbgJnT,Family Affair,"Ardo, Sirvo",Family Affair,10/17/2025,40,171698,https://open.spotify.com/track/4qhtLn0kEVoDZkzgcbgJnT,energetic,family affair
2VRNx2dgOj6YFvIl4EQLRJ,Lost,DBL,Lost,11/7/2025,24,180000,https://open.spotify.com/track/2VRNx2dgOj6YFvIl4EQLRJ,energetic,lost
6Qr4ufjYXdEd0KNFd7sJxx,Let's Go,"Jaden Bojsen, David Guetta, Sami Brielle",Let's Go,10/4/2024,74,159577,https://open.spotify.com/track/6Qr4ufjYXdEd0KNFd7sJxx,energetic,lets go
4QajVxbVWOWFPrJwqJZhnX,Love The Bass,Ristore,Love The Bass,10/17/2025,32,179612,https://open.spotify.com/track/4QajVxbVWOWFPrJwqJZhnX,energetic,love the bass
11QELOfzhuA18zUd6f4Voa,If You Ask,Andrew Lampa,If You Ask,9/19/2025,37,152769,https://open.spotify.com/track/11QELOfzhuA18zUd6f4Voa,energetic,if you ask
5kMTmZEv5cfyziuhXH8ORL,Rockabye,"Ardo, Sirvo",Rockabye,9/12/2025,41,133333,https://open.spotify.com/track/5kMTmZEv5cfyziuhXH8ORL,energetic,rockabye
0Syjc79fpHWRFC0k11VlG6,beautiful,Dan Haward,beautiful,9/19/2025,38,123333,https://open.spotify.com/track/0Syjc79fpHWRFC0k11VlG6,energetic,beautiful
1cs6pDXSyq4cUgPZHOYY9f,Applause,"WhiteCapMusic, Mixo, Gulmee, Julia Hallasen",Applause,10/17/2025,32,131176,https://open.spotify.com/track/1cs6pDXSyq4cUgPZHOYY9f,energetic,applause
6QpEVW5NsMcSKhQy6bbnv2,Needed You,"Stevie Krash, VASSY",Needed You,10/17/2025,35,192187,https://open.spotify.com/track/6QpEVW5NsMcSKhQy6bbnv2,energetic,needed you
5rL9LobdwAwFch2J8CiosG,Not Fair,"Niklas Dee, Old Jim, Enny-Mae",Not Fair,6/2/2023,59,163034,https://open.spotify.com/track/5rL9LobdwAwFch2J8CiosG,energetic,not fair
7kjyuCa7bnpOilGAX2Knmk,Stereo Love,"Jake Alva, Duck, Aniyah",Stereo Love,10/3/2025,40,148637,https://open.spotify.com/track/7kjyuCa7bnpOilGAX2Knmk,energetic,stereo love
7hx5vOVHCWtOwAGpr0lRCP,More,"R3Ly, 3CHO",More,9/5/2025,36,104600,https://open.spotify.com/track/7hx5vOVHCWtOwAGpr0lRCP,energetic,more
3Hb4vl7K0nhT5XcFuCVivW,Show You How,"NEXBOY, Hinev",Show You How,9/26/2025,37,167076,https://open.spotify.com/track/3Hb4vl7K0nhT5XcFuCVivW,energetic,show you how
3y1XnKQh46qcl7uA67IcrH,Wonderwall,"BEATBREAKERS, Duck, NO153",Wonderwall,7/18/2025,38,140571,https://open.spotify.com/track/3y1XnKQh46qcl7uA67IcrH,energetic,wonderwall
2x4JC9TxW2LACuuxbsncfG,Mockingbird,"Tiësto, Dimitri Vegas & Like Mike, Gabry Ponte",Mockingbird,5/3/2024,74,154838,https://open.spotify.com/track/2x4JC9TxW2LACuuxbsncfG,energetic,mockingbird
659tlVj4WvOkL0nECEHVeh,Follow Me,"3CHO, R3Ly",Follow Me,10/3/2025,33,160758,https://open.spotify.com/track/659tlVj4WvOkL0nECEHVeh,energetic,follow me
26qS8MEMKuSJMbkz9V1SFM,Sirens,"Shiftbach, ProdbyAtria",Sirens,7/25/2025,31,150224,https://open.spotify.com/track/26qS8MEMKuSJMbkz9V1SFM,energetic,sirens
4jJMhXxqNnDknBN9Qz9Fif,Before You Go,"Swae Boy, Gulmee, Reprobeater",Before You Go,10/3/2025,34,144774,https://open.spotify.com/track/4jJMhXxqNnDknBN9Qz9Fif,energetic,before you go
3Pn7nD52qw1sQyFu1lJkBh,Waiting For You,NEEKS N BRANDT,Waiting For You,11/7/2025,10,140000,https://open.spotify.com/track/3Pn7nD52qw1sQyFu1lJkBh,energetic,waiting for you
6PtXobrqImYfnpIxNsJApa,Bad (feat. Vassy) - Radio Edit,"David Guetta, Showtek, VASSY",Bad (feat. Vassy) [Radio Edit],4/6/2014,64,170625,https://open.spotify.com/track/6PtXobrqImYfnpIxNsJApa,energetic,bad feat vassy radio edit
5SeBeGk9reHzHYSAccd3fm,GOTTO,Drop The Cheese,GOTTO,10/24/2025,31,170546,https://open.spotify.com/track/5SeBeGk9reHzHYSAccd3fm,energetic,gotto
1I3tzrvdjvEIrUR5Qpc1pL,Drive Me Insane,"Kevin Krissen, Alan Krevo",Drive Me Insane,9/12/2025,35,160533,https://open.spotify.com/track/1I3tzrvdjvEIrUR5Qpc1pL,energetic,drive me insane
24Yi9hE78yPEbZ4kxyoXAI,Roses - Imanbek Remix,"SAINt JHN, Imanbek",Roses (Imanbek Remix),10/9/2019,74,176840,https://open.spotify.com/track/24Yi9hE78yPEbZ4kxyoXAI,energetic,roses imanbek remix
1H2e0lwVhAezhFWOHwGPXv,Gli Ostacoli Del Cuore,"Duck, Aniyah, Mike Tunes",Gli Ostacoli Del Cuore,10/31/2025,26,134383,https://open.spotify.com/track/1H2e0lwVhAezhFWOHwGPXv,energetic,gli ostacoli del cuore
0eJ2KIL6YYTeQ1d4qVxBYp,Do It All Again,"Simon Miles, Flavio Stonex",Do It All Again,10/24/2025,29,198793,https://open.spotify.com/track/0eJ2KIL6YYTeQ1d4qVxBYp,energetic,do it all again
2xyIwHKujL7tSgkK2Waj2s,All Around The World (La La La),"R3HAB, A Touch Of Class",All Around the World (La La La),4/5/2019,2,147840,https://open.spotify.com/track/2xyIwHKujL7tSgkK2Waj2s,energetic,all around the world la la la
3NUi2BYyPQqr6lGkNY3FKJ,The One,"JØA, Jannik Vistisen",The One,9/5/2025,42,127850,https://open.spotify.com/track/3NUi2BYyPQqr6lGkNY3FKJ,energetic,the one
5AHh0MSQI1zqJ2gnga9QvU,She Callin',"Mariline, Orkens",She Callin',10/3/2025,32,183360,https://open.spotify.com/track/5AHh0MSQI1zqJ2gnga9QvU,energetic,she callin
6uw3vzRFyqaawUI3DOQNO3,One Kiss,KRS,One Kiss,10/24/2025,31,149538,https://open.spotify.com/track/6uw3vzRFyqaawUI3DOQNO3,energetic,one kiss
3VF6ljjQOvtiaqaRLBnyli,Alright,"All Is Fine, Vinil, Emilia P Miller",Alright,8/22/2025,31,160000,https://open.spotify.com/track/3VF6ljjQOvtiaqaRLBnyli,energetic,alright
3UxjH53AszyqcyZnROMyU6,Pump It Up,"3 Are Legend, Tujamo, Jaxx & Vega, The Black & White Brothers",Pump It Up,11/4/2022,45,167460,https://open.spotify.com/track/3UxjH53AszyqcyZnROMyU6,energetic,pump it up
7LPsiysLuI8kDFjrshQxxA,Tengai Shinsei,"ATREOUS, Tonay",Tengai Shinsei,8/22/2025,38,159433,https://open.spotify.com/track/7LPsiysLuI8kDFjrshQxxA,energetic,tengai shinsei
1La0OlT0pCNPEN9mpsMSNT,Mind,Manelizz,Mind,9/26/2025,35,133150,https://open.spotify.com/track/1La0OlT0pCNPEN9mpsMSNT,energetic,mind
4Nh7Umpl8YPFPcggcby6JW,Runaway (U & I),"Ian Asher, Galantis",Runaway (U & I),7/11/2025,77,147307,https://open.spotify.com/track/4Nh7Umpl8YPFPcggcby6JW,energetic,runaway u i
7lDRZ599oF2CzXx79IAwu1,Lion (feat. Aurya),"Ardo, Jake Alva, Aurya",Lion (feat. Aurya),8/1/2025,32,138000,https://open.spotify.com/track/7lDRZ599oF2CzXx79IAwu1,energetic,lion feat aurya
6bBFT3o03EUiwh9izY8SnF,Wait for You,"MUPHUS, MBMZ",Wait for You,9/19/2025,31,118382,https://open.spotify.com/track/6bBFT3o03EUiwh9izY8SnF,energetic,wait for you
69LKhus8yeaKQXpPRshV46,Give Me Love,"Tomas Grey, Yousra",Give Me Love,9/5/2025,34,201190,https://open.spotify.com/track/69LKhus8yeaKQXpPRshV46,energetic,give me love
3YlokStYymRJq9tlihT6OW,Shake Machine,Andrea Fiusco,Shake Machine,10/10/2025,30,187777,https://open.spotify.com/track/3YlokStYymRJq9tlihT6OW,energetic,shake machine
7BUMstldl2Lc9p5uopgl7X,Last Night,"Jake Ryan, TKBS, Dasha Murashko",Last Night,7/25/2025,33,124000,https://open.spotify.com/track/7BUMstldl2Lc9p5uopgl7X,energetic,last night
47zS6MKmX6Sneg8H3zOyQN,Allure,"RAVEKINGS, LAYRZ",Allure,10/10/2025,35,135869,https://open.spotify.com/track/47zS6MKmX6Sneg8H3zOyQN,energetic,allure
64uKwRGpMQavQdoLeokM7z,Ghost,Andrew Lampa,Ghost,10/31/2025,26,215625,https://open.spotify.com/track/64uKwRGpMQavQdoLeokM7z,energetic,ghost
1bFgMkoazsyZGSflpCzYm6,Pepas - Tiësto Remix,"Farruko, Tiësto",Pepas (Tiësto Remix),9/29/2021,64,223384,https://open.spotify.com/track/1bFgMkoazsyZGSflpCzYm6,energetic,pepas tisto remix
2JQqRkmssIH5s68Q4jY3FU,TIKI,LOST AT SEA,TIKI,4/4/2025,48,180480,https://open.spotify.com/track/2JQqRkmssIH5s68Q4jY3FU,energetic,tiki
3FBeXpQLqrIroLg4PdQboQ,Cam Flash,2FACES,Cam Flash,8/15/2025,31,146571,https://open.spotify.com/track/3FBeXpQLqrIroLg4PdQboQ,energetic,cam flash
3LSUpCnr0UZsfNvY0WflJt,Call Me Then,"Jay Connor, Ryan Blu",Call Me Then,8/29/2025,31,164090,https://open.spotify.com/track/3LSUpCnr0UZsfNvY0WflJt,energetic,call me then
7uPLkGBCg8yklF6zbarOT5,Good Time,Beat & Encore,Good Time,10/17/2025,28,178259,https://open.spotify.com/track/7uPLkGBCg8yklF6zbarOT5,energetic,good time
3f0Jea7HQpWGL91pYiH3st,Get Back (Conflict Remix),"Conflict, tpose",Get Back (Conflict Remix),10/17/2025,27,225939,https://open.spotify.com/track/3f0Jea7HQpWGL91pYiH3st,energetic,get back conflict remix
3192tPkB8XRGUmJUAPSEsz,Everybody,GIXBLEX,Everybody,10/17/2025,29,124500,https://open.spotify.com/track/3192tPkB8XRGUmJUAPSEsz,energetic,everybody
1N4YXOBr6aFxRorQI0j3Y5,Jeff Is Here,"JVCKPOTZ, Kxne",Jeff Is Here,9/12/2025,34,129655,https://open.spotify.com/track/1N4YXOBr6aFxRorQI0j3Y5,energetic,jeff is here
5t3tUTvZTThEGe8lvw8z3b,ITSTHEWKND,Wikko,ITSTHEWKND,9/5/2025,31,177486,https://open.spotify.com/track/5t3tUTvZTThEGe8lvw8z3b,energetic,itsthewknd
5uEYRdEIh9Bo4fpjDd4Na9,Goosebumps - Remix,"Travis Scott, HVME",Goosebumps (Remix),1/15/2021,73,162802,https://open.spotify.com/track/5uEYRdEIh9Bo4fpjDd4Na9,energetic,goosebumps remix
424feqOqN4AjVb7cTN6bhb,PUSH ME,CLV,PUSH ME,8/8/2025,30,172843,https://open.spotify.com/track/424feqOqN4AjVb7cTN6bhb,energetic,push me
7CGshY2z4MZ6VlWxoADQ2B,Paradise,KRS,Paradise,9/26/2025,32,185142,https://open.spotify.com/track/7CGshY2z4MZ6VlWxoADQ2B,energetic,paradise
1RiwRBH6TacjBXHDXl02Ey,Your Body,Emilio,Your Body,8/29/2025,32,133161,https://open.spotify.com/track/1RiwRBH6TacjBXHDXl02Ey,energetic,your body
5j4cya7kM2Qc5Qo5E4SsWb,My Mind,Ariel Ganon,My Mind,7/11/2025,30,118500,https://open.spotify.com/track/5j4cya7kM2Qc5Qo5E4SsWb,energetic,my mind
2x5267AnQSHIddRcBjUiVi,Set Me Free,"NATE SEBSIBE, GOBI, LÜDO",Set Me Free,9/19/2025,33,160737,https://open.spotify.com/track/2x5267AnQSHIddRcBjUiVi,energetic,set me free
0QBeWriEpgAPURJohBPxfl,My Lovin',Bradley Moos,My Lovin',9/26/2025,31,154714,https://open.spotify.com/track/0QBeWriEpgAPURJohBPxfl,energetic,my lovin
3bSK6ZRYypa2pNRsTAURTG,Last One Standing,"CYA, Lanta",Last One Standing,9/26/2025,35,174374,https://open.spotify.com/track/3bSK6ZRYypa2pNRsTAURTG,energetic,last one standing
2jzboTl8SjUtuyZBnMLlgE,Out Of Line,"Madishu, Jonah Sky",Out Of Line,10/17/2025,34,161904,https://open.spotify.com/track/2jzboTl8SjUtuyZBnMLlgE,energetic,out of line
3QNIvBcbH3IBC1sJ9cLjjs,Closer,"BLVNK, BOOGUTA, Alexa Ash",Closer,8/22/2025,27,169846,https://open.spotify.com/track/3QNIvBcbH3IBC1sJ9cLjjs,energetic,closer
7wCqrYKc1My9KHj3CA9aTx,Lean On Me,"BL Official, Panda Beerz",Lean On Me,9/12/2025,27,144467,https://open.spotify.com/track/7wCqrYKc1My9KHj3CA9aTx,energetic,lean on me
69lbrVxvMqXHekAxfjTqmw,Burn Me,MAD3,Burn Me,9/12/2025,31,168818,https://open.spotify.com/track/69lbrVxvMqXHekAxfjTqmw,energetic,burn me
7jQkiAaa4XYYsPH3rcfcWo,Praise The Lord (Da Shine) (feat. Skepta) - Durdenhauer Edit,"Durdenhauer, A$AP Rocky, Skepta",Praise The Lord (Da Shine) (feat. Skepta) [Durdenhauer Edit],11/18/2022,69,163783,https://open.spotify.com/track/7jQkiAaa4XYYsPH3rcfcWo,energetic,praise the lord da shine feat skepta durdenhauer edit
5si6Yz8C2vh71dwFn0UOKB,Afterlife,5AM,Afterlife,9/5/2025,23,145312,https://open.spotify.com/track/5si6Yz8C2vh71dwFn0UOKB,energetic,afterlife
2Hm4Slrtnr1rUNFk9eCB79,PLASTIC SMILING,Ariel Ganon,PLASTIC SMILING,9/19/2025,29,121875,https://open.spotify.com/track/2Hm4Slrtnr1rUNFk9eCB79,energetic,plastic smiling
7qF320HlljAf8z5aahq2XR,Frequency,"Alex Byrne, Scarlett",Frequency,8/1/2025,28,161904,https://open.spotify.com/track/7qF320HlljAf8z5aahq2XR,energetic,frequency
5Y3gwlsN9juanVYeZpco3F,Without You,"Sonaba, Next Promises",Without You,8/1/2025,30,153441,https://open.spotify.com/track/5Y3gwlsN9juanVYeZpco3F,energetic,without you
495R7at8noaIaCO7mIV6NO,Insane,RAVEKINGS,Insane,7/4/2025,28,162206,https://open.spotify.com/track/495R7at8noaIaCO7mIV6NO,energetic,insane
1UlkpIKiVchDMB03AN6LmT,Wait So Long (Why Do I Have To),Swedish House Mafia,Wait So Long (Why Do I Have To),6/20/2025,78,199479,https://open.spotify.com/track/1UlkpIKiVchDMB03AN6LmT,energetic,wait so long why do i have to
3u5Tf0oYbLpBYqbsLydzKz,Dance with Somebody,Nic Johnston,Borderline Effect,7/11/2025,46,226624,https://open.spotify.com/track/3u5Tf0oYbLpBYqbsLydzKz,energetic,dance with somebody
7pCu8T3dNcNNt1nIMtsQqB,Low Again,BOVSKI,Low Again,8/1/2025,71,127123,https://open.spotify.com/track/7pCu8T3dNcNNt1nIMtsQqB,energetic,low again
4t7nr5HRdan9HqYgLealc9,Dance Again - Radio Edit,Dabinski,Dance Again,10/17/2025,32,271219,https://open.spotify.com/track/4t7nr5HRdan9HqYgLealc9,energetic,dance again radio edit
25GoSSjvy3u0EspPQ0vzeG,Tell Me Why,"Groove Crackers, Stefano Cece",Tell Me Why,10/31/2023,11,124000,https://open.spotify.com/track/25GoSSjvy3u0EspPQ0vzeG,energetic,tell me why
5jywi58ysjaNpgQpYJgtfe,Back to Black - Afro Edit,"Lukas & Frank, Yann Hendriksen, Vescu",Back to Black (Afro Edit),7/18/2025,64,217142,https://open.spotify.com/track/5jywi58ysjaNpgQpYJgtfe,energetic,back to black afro edit
21b8GEmX4XSGKCoZv06h48,Designer,"OKAYVAL, NYNE",Designer,9/26/2025,56,205970,https://open.spotify.com/track/21b8GEmX4XSGKCoZv06h48,energetic,designer
5sxJ6xH72ifWMOhskuv94P,Let's Go To Mexico,"Phatwell, 23 Years Later",Let's Go To Mexico,11/6/2025,27,175312,https://open.spotify.com/track/5sxJ6xH72ifWMOhskuv94P,energetic,lets go to mexico
0kkYUKAgk71Clld1RAqAqo,Leave It,808 APE,Leave It,9/12/2025,32,181714,https://open.spotify.com/track/0kkYUKAgk71Clld1RAqAqo,energetic,leave it
3C1DhU0Tuq9XkajMRYs359,Thnks fr th Mmrs,"Nic Johnston, LANNÉ, Jawny Sparklez",Thnks fr th Mmrs,4/11/2025,45,177167,https://open.spotify.com/track/3C1DhU0Tuq9XkajMRYs359,energetic,thnks fr th mmrs
1iW3KbKD2kBpp6BhzNyaq0,Stuck Here,MDT,Stuck Here,8/6/2025,41,211992,https://open.spotify.com/track/1iW3KbKD2kBpp6BhzNyaq0,energetic,stuck here
3lyK8CxsZFG4mB2BHMOR7b,Nutcase,denial,Nutcase,10/3/2025,44,220808,https://open.spotify.com/track/3lyK8CxsZFG4mB2BHMOR7b,energetic,nutcase
2JpuDs5MSkrFlBsy7S2NZx,Sex on Fire,Nic Johnston,Sex on Fire,6/13/2025,49,195542,https://open.spotify.com/track/2JpuDs5MSkrFlBsy7S2NZx,energetic,sex on fire
4YmaUyraULgSi7OiR5b5tY,Tell Me,"SCRIPT, Jem Cooke",Tell Me,10/3/2025,45,232380,https://open.spotify.com/track/4YmaUyraULgSi7OiR5b5tY,energetic,tell me
6qwEZ8pJYTJ5ypjJBtsm0I,Break Your Heart,"Onur Atli, Consilium",Break Your Heart,9/12/2025,42,159548,https://open.spotify.com/track/6qwEZ8pJYTJ5ypjJBtsm0I,energetic,break your heart
7MRXblhxuHCKssyTN7Cklc,I Don't Give a Fuck,MagneticMark,I Don't Give a Fuck,11/3/2025,31,117600,https://open.spotify.com/track/7MRXblhxuHCKssyTN7Cklc,energetic,i dont give a fuck
2HJu1bxkubHZEXC8r6snXY,Surrender,"Alesso, Becky Hill",Surrender,4/4/2025,60,144664,https://open.spotify.com/track/2HJu1bxkubHZEXC8r6snXY,energetic,surrender
16Hq5a7lO2NBIHpxJmmEaZ,UNIVERSE,"Amero, Pawl",UNIVERSE,5/2/2025,11,147455,https://open.spotify.com/track/16Hq5a7lO2NBIHpxJmmEaZ,energetic,universe
7t9sMyw6gS7Kn40eoV7BWJ,Stuck In My Head,"Marco Nobel, Charles B",Stuck In My Head,7/25/2025,39,119000,https://open.spotify.com/track/7t9sMyw6gS7Kn40eoV7BWJ,energetic,stuck in my head
1DWbLV1CT7IVt5zpmcXoQZ,Take Me Away,Sunny one,Take Me Away,9/26/2025,36,156969,https://open.spotify.com/track/1DWbLV1CT7IVt5zpmcXoQZ,energetic,take me away
0RzTyUKWxmrg0tytxP4nxB,Praise,Avious,Praise EP,9/5/2025,26,227202,https://open.spotify.com/track/0RzTyUKWxmrg0tytxP4nxB,energetic,praise
6pO7fWXv9FCOT79cJdWq6H,Coming Down,"Solanca, Natascha Polké",Coming Down,2/21/2025,43,214695,https://open.spotify.com/track/6pO7fWXv9FCOT79cJdWq6H,energetic,coming down
1aXTrv2AT85DP3GoaXCX7E,Riding High,Orvyn Sol,Riding High,7/10/2025,37,168655,https://open.spotify.com/track/1aXTrv2AT85DP3GoaXCX7E,energetic,riding high
6eKJ2f4krilnklIXlVs2vK,Get Right,"Joel Corry, Jennifer Lopez",Get Right,6/13/2025,50,176664,https://open.spotify.com/track/6eKJ2f4krilnklIXlVs2vK,energetic,get right
1BUpn6ZZ6itTy4d3qH6EOu,"Me, Myself And The Night","K3YN0T3, T3CHN0T3, TECHNO KING, ANNABELL","Me, Myself And The Night",10/31/2025,42,120187,https://open.spotify.com/track/1BUpn6ZZ6itTy4d3qH6EOu,energetic,me myself and the night
662lkxjR3K6ev1JZiRklnD,Reckless - Big Cree Remix - Radio Edit,"Amiko, Big Cree",Reckless (Big Cree Remix),4/5/2025,31,237417,https://open.spotify.com/track/662lkxjR3K6ev1JZiRklnD,energetic,reckless big cree remix radio edit
3gAoRNOanmJUhYMzzh7lhp,Get Naughty,KlikKlak,Get Naughty,9/26/2025,38,223448,https://open.spotify.com/track/3gAoRNOanmJUhYMzzh7lhp,energetic,get naughty
68ekgDQLLMuarQiX3E6XmZ,Feelings,Cuovai,Feelings,10/27/2025,10,215433,https://open.spotify.com/track/68ekgDQLLMuarQiX3E6XmZ,energetic,feelings
0rsrnXjmNvbdaOQTsss2gR,Disco Kid (Studio 54) - The Stickmen Project Remix,"Nathassia, The Stickmen Project",Disco Kid (Studio 54) [Club Remixes],7/30/2025,28,194173,https://open.spotify.com/track/0rsrnXjmNvbdaOQTsss2gR,energetic,disco kid studio 54 the stickmen project remix
6u1xR1LKAiahXPrwjNCkky,The Way I Love You,Jorja Smith,The Way I Love You,5/1/2025,61,203813,https://open.spotify.com/track/6u1xR1LKAiahXPrwjNCkky,energetic,the way i love you
29kDU3QBj31gIGZqjnZKvF,The Logical Song (feat. Julia Hallasen),"GYMBRO, Amero, Danny Ores, Julia Hallasen",The Logical Song (feat. Julia Hallasen),12/1/2023,10,141387,https://open.spotify.com/track/29kDU3QBj31gIGZqjnZKvF,energetic,the logical song feat julia hallasen
7GPioLSyF4TdvQd68Y7Xmy,Lead Me To The Water (ALI RVHIM Edit),"S'eye, Ali Rvhim",Lead Me To The Water (ALI RVHIM Edit),10/27/2025,5,189090,https://open.spotify.com/track/7GPioLSyF4TdvQd68Y7Xmy,energetic,lead me to the water ali rvhim edit
3YRtKgOVCMBC0dCOJpJ6S0,Everywhere,"TLUXX, Lily Voss",Everywhere,8/1/2025,34,262500,https://open.spotify.com/track/3YRtKgOVCMBC0dCOJpJ6S0,energetic,everywhere
1DTd07IwJ4di91IOCJETOI,Losing Myself (feat. EMMY),"Mike Demero, EMMY",Losing Myself (feat. EMMY),8/22/2025,42,156923,https://open.spotify.com/track/1DTd07IwJ4di91IOCJETOI,energetic,losing myself feat emmy
4w3Uy4n1hfj1mx6ag7bII5,Save My Love (with Ellie Goulding & AVAION),"Marshmello, Ellie Goulding, AVAION",Save My Love (with Ellie Goulding & AVAION),6/6/2025,69,215555,https://open.spotify.com/track/4w3Uy4n1hfj1mx6ag7bII5,energetic,save my love with ellie goulding avaion
2VoNKaz7TBkXPs3GJkEqzZ,Feeling,Kat Moran,Feeling,10/24/2025,27,175806,https://open.spotify.com/track/2VoNKaz7TBkXPs3GJkEqzZ,energetic,feeling
3LiosemmZ9cmnGg6LGrdFl,Diamonds,Mathias Pace,Diamonds,9/26/2025,36,175500,https://open.spotify.com/track/3LiosemmZ9cmnGg6LGrdFl,energetic,diamonds
1vYzpBSeuyKHXgpKR2CVyZ,Body,BGZ,Body,7/18/2025,30,199130,https://open.spotify.com/track/1vYzpBSeuyKHXgpKR2CVyZ,energetic,body
7dzlr192HSgJCT3p8Gxtlj,Tonight (I'm Fucking You),Highup,Tonight (I'm Fucking You),10/17/2025,39,176000,https://open.spotify.com/track/7dzlr192HSgJCT3p8Gxtlj,energetic,tonight im fucking you
7E33fDa9oYApRABj9L7Tq9,Language,"R3SPAWN, DJ POTXO",Language,10/17/2025,42,172800,https://open.spotify.com/track/7E33fDa9oYApRABj9L7Tq9,energetic,language
1wfahBQD3p3lrbxhN1RHwy,Heaven Is A Place On Earth,"R3SPAWN, Reprobeater, Swae Boy",Heaven Is A Place On Earth,5/9/2025,12,135750,https://open.spotify.com/track/1wfahBQD3p3lrbxhN1RHwy,energetic,heaven is a place on earth
5FWGSo04N333BeyMUqPT4W,Keep On Movin',"Chris Burke, Consilium",Keep On Movin',10/3/2025,38,138947,https://open.spotify.com/track/5FWGSo04N333BeyMUqPT4W,energetic,keep on movin
3DxHMOJORtflsM2TbwkINk,Sweet Dreams,"Groove Crackers, Hyper Boy, Bastize",Sweet Dreams,1/31/2025,13,126795,https://open.spotify.com/track/3DxHMOJORtflsM2TbwkINk,energetic,sweet dreams
3jQKJJZPAxxMKUmcr7bMUc,Angel,"Chris Burke, Consilium",Angel,8/15/2025,41,127741,https://open.spotify.com/track/3jQKJJZPAxxMKUmcr7bMUc,energetic,angel
0hym4F3u1SiwngE4xqUJKp,Without Me,"Mark Bale, Rocco, Dave Darell",Without Me,12/20/2024,49,136490,https://open.spotify.com/track/0hym4F3u1SiwngE4xqUJKp,energetic,without me
7hq3eRkEykPjZLpDbnQvHK,Ritmo,5̷0̷6̷,Ritmo,10/10/2025,15,241846,https://open.spotify.com/track/7hq3eRkEykPjZLpDbnQvHK,energetic,ritmo
61AB4RyNVZoaNvOreGsH62,Looking For A Friend,TESS,Looking For A Friend,7/11/2025,37,153321,https://open.spotify.com/track/61AB4RyNVZoaNvOreGsH62,energetic,looking for a friend
6qJYdf9YWkUuw7ThMvSaVq,Final Song,"Iaco, Chloé Hétier",Final Song,9/12/2025,45,168000,https://open.spotify.com/track/6qJYdf9YWkUuw7ThMvSaVq,energetic,final song
0sO3ImDh2X0hhfywMluGgA,I'm Not Like You,"Going Deeper, Rich Fayden",I'm Not Like You,8/15/2025,38,221250,https://open.spotify.com/track/0sO3ImDh2X0hhfywMluGgA,energetic,im not like you
1xb5vRbqi4Wyf7ES6s1Ike,Lead Me To The Water,"S'eye, Ali Rvhim",Lead Me To The Water,10/13/2025,20,225454,https://open.spotify.com/track/1xb5vRbqi4Wyf7ES6s1Ike,energetic,lead me to the water
6fmQMSjwrVGFaFku2ry1hN,Powersuit - Radio Edit,Rachel D,Powersuit,10/30/2025,4,213061,https://open.spotify.com/track/6fmQMSjwrVGFaFku2ry1hN,energetic,powersuit radio edit
6N9WShRfHZc9jnDDQQaR4N,Waterfall,"Jonasu, Gaullin, LANNÉ",Waterfall,5/30/2025,43,156264,https://open.spotify.com/track/6N9WShRfHZc9jnDDQQaR4N,energetic,waterfall
74y1VgzL668hynrvA59WQB,Stay,FISHER,Stay,3/21/2025,70,165961,https://open.spotify.com/track/74y1VgzL668hynrvA59WQB,energetic,stay
5a2Mb0OPY17zkS8FnciQhg,Finally,"Swedish House Mafia, Alicia Keys",Finally,8/29/2024,71,215583,https://open.spotify.com/track/5a2Mb0OPY17zkS8FnciQhg,energetic,finally
1xX9gGl2ywrDufCa0nmLPG,Automatic,"GYMBRO, YOU",Automatic,10/4/2024,10,150333,https://open.spotify.com/track/1xX9gGl2ywrDufCa0nmLPG,energetic,automatic
7eLTKfgiVfQTCWVtnZImau,One More Night,"BROHM, KRSTF",One More Night,1/14/2022,57,171272,https://open.spotify.com/track/7eLTKfgiVfQTCWVtnZImau,energetic,one more night
5hNwyG3EsiEL98Lt1FLuXM,The Energy,Nappsta,The Energy,10/17/2025,32,179537,https://open.spotify.com/track/5hNwyG3EsiEL98Lt1FLuXM,energetic,the energy
6CdIkr7g3PxV175cQ3KC81,Take Me Under,"Luke Alexander, Stefi Novo",Take Me Under,8/22/2025,42,204566,https://open.spotify.com/track/6CdIkr7g3PxV175cQ3KC81,energetic,take me under
0sftzYE0YgPHXrvJyUyGjB,Deep In Your Love,"Alok, Bebe Rexha",Deep In Your Love,1/12/2024,65,144500,https://open.spotify.com/track/0sftzYE0YgPHXrvJyUyGjB,energetic,deep in your love
43fYgqaqwX6E6K3STH7zgx,You,DJ G-String,You,10/17/2025,11,192027,https://open.spotify.com/track/43fYgqaqwX6E6K3STH7zgx,energetic,you
4WhxF1vDdXEudfT8MaOaZG,DON’T WORRY - Radio Edit,E L I J A H,DON’T WORRY (Radio Edit),10/3/2025,15,259959,https://open.spotify.com/track/4WhxF1vDdXEudfT8MaOaZG,energetic,dont worry radio edit
6G9xMuFU9GTuflGFeitkBr,Ready Or Not,"R3SPAWN, GYMBRO, Nia Mousai",Ready Or Not,11/22/2024,12,180000,https://open.spotify.com/track/6G9xMuFU9GTuflGFeitkBr,energetic,ready or not
1yUPSXTFDo8BF34SqXNkTc,I Can't Stop,Vivian Bam Bam,I Can't Stop,9/12/2025,21,233600,https://open.spotify.com/track/1yUPSXTFDo8BF34SqXNkTc,energetic,i cant stop
2dqNwypTC1JbctgzeIpSH1,Carry On,Jay Connor,Carry On,6/27/2025,19,147555,https://open.spotify.com/track/2dqNwypTC1JbctgzeIpSH1,energetic,carry on
3NxB1jubUWY6zit9rOk8ZC,Free (with Ellie Goulding),"Calvin Harris, Ellie Goulding",Free (with Ellie Goulding),7/26/2024,59,212345,https://open.spotify.com/track/3NxB1jubUWY6zit9rOk8ZC,energetic,free with ellie goulding
47VeRc3zanxwT84T82ZhgS,Around The World (La La La),Groove Crackers,Around The World (La La La),10/11/2023,14,134482,https://open.spotify.com/track/47VeRc3zanxwT84T82ZhgS,energetic,around the world la la la
4beKzTMCCMDizozv4Y3Shj,Never Be Lonely,"Jax Jones, Zoe Wees",Never Be Lonely,2/9/2024,62,134570,https://open.spotify.com/track/4beKzTMCCMDizozv4Y3Shj,energetic,never be lonely
32yvmNsKJaG0C8CDxYtYFl,Hi It's Ben,Ben Dro,Hi It's Ben,4/4/2025,24,190680,https://open.spotify.com/track/32yvmNsKJaG0C8CDxYtYFl,energetic,hi its ben
7leW1Dmvs9A4oDh9i5Qwpz,These Words,"Badger, Natasha Bedingfield",These Words,4/5/2024,72,136580,https://open.spotify.com/track/7leW1Dmvs9A4oDh9i5Qwpz,energetic,these words
0mtTj8aiqfligh3yusrKiP,Freak Like Me,Duskory,Freak Like Me,5/30/2025,10,159948,https://open.spotify.com/track/0mtTj8aiqfligh3yusrKiP,energetic,freak like me
7fZtgiJSNJ2QarKKKSssBp,Hot Honey,"Tiësto, Alana Springsteen",Hot Honey,7/25/2024,52,167880,https://open.spotify.com/track/7fZtgiJSNJ2QarKKKSssBp,energetic,hot honey
3EvG9DpfqplKE1tgnqEoCh,Pepas,"Arem Ozguc, Arman Aydin, Jordan Rys",Pepas,10/6/2021,38,171939,https://open.spotify.com/track/3EvG9DpfqplKE1tgnqEoCh,energetic,pepas
57vCw7JB7mZlEVtnvfpqV2,หมวยนี่คะ,Ezra Hazard,หมวยนี่คะ,9/5/2025,34,121161,https://open.spotify.com/track/57vCw7JB7mZlEVtnvfpqV2,energetic,
3jxn92KU8l5RPjwLTGlMyg,The One,"Arem Ozguc, Arman Aydin, Jordan Rys",The One,8/9/2022,26,133375,https://open.spotify.com/track/3jxn92KU8l5RPjwLTGlMyg,energetic,the one
7HObpx7ptrsnvK5QIRJ9cX,Under Teika,"Marnik, SMACK, Frankyeffe",Under Teika,5/23/2025,41,178718,https://open.spotify.com/track/7HObpx7ptrsnvK5QIRJ9cX,energetic,under teika
7hdNTegC0TCKKoxB6GTFH3,Lighter,"Galantis, David Guetta, 5 Seconds of Summer",Lighter,3/1/2024,57,172268,https://open.spotify.com/track/7hdNTegC0TCKKoxB6GTFH3,energetic,lighter
1YWr18dWRmuvPgAsPBsOow,Forget You,"FAST BOY, Topic",Forget You,2/17/2023,62,147986,https://open.spotify.com/track/1YWr18dWRmuvPgAsPBsOow,energetic,forget you
40UDCfxL3EEv1eXVRIlrb8,Lose My Mind,"Dovble V, Karl Oksari",ADE Sampler 2025 by Bangerang,10/17/2025,26,190153,https://open.spotify.com/track/40UDCfxL3EEv1eXVRIlrb8,energetic,lose my mind
6v4ABPB255HDSWyIj3S9Wn,Lovers In A Past Life (with Rag'n'Bone Man),"Calvin Harris, Rag'n'Bone Man",Lovers In A Past Life (with Rag'n'Bone Man),2/16/2024,57,160650,https://open.spotify.com/track/6v4ABPB255HDSWyIj3S9Wn,energetic,lovers in a past life with ragnbone man
7csOOMWkdyViGOqPc4I653,Amen,Gianluca Vacchi,Amen,1/17/2025,30,150476,https://open.spotify.com/track/7csOOMWkdyViGOqPc4I653,energetic,amen
5Hp4xFihdOE2dmDzxWcBFb,All By Myself,"Alok, Sigala, Ellie Goulding",All By Myself,10/7/2022,64,171750,https://open.spotify.com/track/5Hp4xFihdOE2dmDzxWcBFb,energetic,all by myself
377uEWjxVKksQDlwDqaIfx,My Oh My,Ava Max,My Oh My,4/4/2024,61,156155,https://open.spotify.com/track/377uEWjxVKksQDlwDqaIfx,energetic,my oh my
1WFnutnvow1XigIfHAtuTE,System Overload,"Old Jim, ZEYPHIA",System Overload,10/24/2025,40,128571,https://open.spotify.com/track/1WFnutnvow1XigIfHAtuTE,energetic,system overload
0oWN1xuaWUrx8QGiYqxAs9,Monster,"Don Diablo, Felix Jaehn",Monster,3/29/2024,62,144000,https://open.spotify.com/track/0oWN1xuaWUrx8QGiYqxAs9,energetic,monster
3SexEc7om0q1awRqi8nCd1,Choose Your Fighter (From Barbie The Album),Ava Max,Choose Your Fighter (From Barbie The Album),7/21/2023,67,137514,https://open.spotify.com/track/3SexEc7om0q1awRqi8nCd1,energetic,choose your fighter from barbie the album
5Dg1GK7sZFgXlLCfH3fQIZ,Feel Ur Body,"Rosers, Poylow",Feel Ur Body,9/12/2025,42,120214,https://open.spotify.com/track/5Dg1GK7sZFgXlLCfH3fQIZ,energetic,feel ur body
5Jpz4nv8nA6FIYO5gEyQa2,Alibi (feat. Rudimental),"Ella Henderson, Rudimental",Alibi (feat. Rudimental),1/12/2024,71,184852,https://open.spotify.com/track/5Jpz4nv8nA6FIYO5gEyQa2,energetic,alibi feat rudimental
4uDhts78RdwIDjEqPrYVKp,Sweet Dreams,"Alan Walker, Imanbek",Sweet Dreams,6/11/2021,65,138819,https://open.spotify.com/track/4uDhts78RdwIDjEqPrYVKp,energetic,sweet dreams
5PYPXQnekI6ujomsvSCvfK,Bring Back The Beat,JOR,Bring Back The Beat,9/26/2025,45,245000,https://open.spotify.com/track/5PYPXQnekI6ujomsvSCvfK,energetic,bring back the beat
1Bc5TstWGB08rXmgfFE27c,One Night Stand,"Sandëro, Carl Lazy, Molly Morgan",One Night Stand,10/17/2025,48,123473,https://open.spotify.com/track/1Bc5TstWGB08rXmgfFE27c,energetic,one night stand
5RCRbrma61YJJzgz1Jw6RR,Hot Stuff - Techno Stutter,"Jaydan Wolf, TARS.",Hot Stuff (Techno Stutter),2/2/2024,16,147972,https://open.spotify.com/track/5RCRbrma61YJJzgz1Jw6RR,energetic,hot stuff techno stutter
7v8XgyMDGoG71GzStrS4be,Call It Love,"Kav Verhouzer, Ray Bryan, Leon Brooks",Call It Love,8/1/2025,47,139772,https://open.spotify.com/track/7v8XgyMDGoG71GzStrS4be,energetic,call it love
1bgKMxPQU7JIZEhNsM1vFs,Words (feat. Zara Larsson),"Alesso, Zara Larsson",Words (feat. Zara Larsson),4/22/2022,72,142677,https://open.spotify.com/track/1bgKMxPQU7JIZEhNsM1vFs,energetic,words feat zara larsson
0Ms2tFTq9RXHjqqXDXmTfj,Cry For You - Techno Remix,Consilium,Cry For You (Techno Remix),11/10/2023,15,142344,https://open.spotify.com/track/0Ms2tFTq9RXHjqqXDXmTfj,energetic,cry for you techno remix
00E0Z2jrF7reoHps4zcbWQ,Car Keys (Ayla),"Alok, Ava Max",Car Keys (Ayla),6/30/2023,66,147238,https://open.spotify.com/track/00E0Z2jrF7reoHps4zcbWQ,energetic,car keys ayla
6WrwKvip8DCxbcs4LXsYwT,On My Love,"Zara Larsson, David Guetta",VENUS,2/8/2024,60,222911,https://open.spotify.com/track/6WrwKvip8DCxbcs4LXsYwT,energetic,on my love
3jksOdXCaDXyGiZ7L4YZbp,All Nighter,Tiësto,DRIVE,4/21/2023,61,134880,https://open.spotify.com/track/3jksOdXCaDXyGiZ7L4YZbp,energetic,all nighter
6WsaEpK2Bky9ZGCCaQPyg4,Mad World,"Timmy Trumpet, Gabry Ponte",Mad World,12/4/2020,65,153303,https://open.spotify.com/track/6WsaEpK2Bky9ZGCCaQPyg4,energetic,mad world
6krRcsHp99cTgaLUMcR9z3,Part Time Lover,"Kav Verhouzer, Lee McKing",Part Time Lover,9/12/2025,45,132857,https://open.spotify.com/track/6krRcsHp99cTgaLUMcR9z3,energetic,part time lover
6iW38RGqdDGOofmz2HeXLW,Piece Of Your Heart - Alok Remix,"MEDUZA, Alok, Goodboys",Piece Of Your Heart (Alok Remix),6/7/2019,70,166451,https://open.spotify.com/track/6iW38RGqdDGOofmz2HeXLW,energetic,piece of your heart alok remix
4jRtoUQ5xVNNAxo71Mxh97,What If It Takes You Away (feat. Malou),"Will Sass, Malou",What If It Takes You Away (feat. Malou),8/1/2025,46,175262,https://open.spotify.com/track/4jRtoUQ5xVNNAxo71Mxh97,energetic,what if it takes you away feat malou
3dD9yyYTQ73SZvyOygyKva,High (& Dua Lipa),"Whethan, Dua Lipa",Fifty Shades Freed (Original Motion Picture Soundtrack),2/9/2018,61,196706,https://open.spotify.com/track/3dD9yyYTQ73SZvyOygyKva,energetic,high dua lipa
5EmPPmxrBH9NCGIluHnBcY,fall in love with you,sorry idk,fall in love with you,10/14/2022,49,100800,https://open.spotify.com/track/5EmPPmxrBH9NCGIluHnBcY,energetic,fall in love with you
1WXW7cTCO1i9UWByCWg7vK,Sex in Paris,Nikki Idol,Sex in Paris,11/26/2021,0,108014,https://open.spotify.com/track/1WXW7cTCO1i9UWByCWg7vK,energetic,sex in paris
1U3HiPGihnJ2fpUQ4Q5Juy,Midnight Confessions,Robin Cause,Midnight Confessions,5/23/2025,51,105600,https://open.spotify.com/track/1U3HiPGihnJ2fpUQ4Q5Juy,energetic,midnight confessions
6ORL5pS986jK2Zh086NFuR,Life's Blessing,"Majeur Mineur, Esil13",Life's Blessing,10/3/2025,43,137020,https://open.spotify.com/track/6ORL5pS986jK2Zh086NFuR,energetic,lifes blessing
18O00Y7yrkJ0pRXm1n21Og,Eleven (feat. Summer Walker),"Khalid, Summer Walker",Eleven (feat. Summer Walker),5/1/2020,61,206080,https://open.spotify.com/track/18O00Y7yrkJ0pRXm1n21Og,energetic,eleven feat summer walker
5Vwkt7zvEcj5riL46ZbM5K,touchin’ me,Chandler Leighton,touchin’ me,7/26/2024,62,149617,https://open.spotify.com/track/5Vwkt7zvEcj5riL46ZbM5K,energetic,touchin me
7fnoaYmMOYerVo8ocayDdq,Tied To The Bed,Robin Cause,Tied To The Bed,6/13/2025,49,144166,https://open.spotify.com/track/7fnoaYmMOYerVo8ocayDdq,energetic,tied to the bed
4Z3ilapn8B684SSYiA1Y2M,High,ORYL,High,8/27/2021,0,148571,https://open.spotify.com/track/4Z3ilapn8B684SSYiA1Y2M,energetic,high
1ePh7w0aN8UrYxYxQ1hhXK,Light The Way,Casual Sex,Light The Way,6/23/2023,43,162857,https://open.spotify.com/track/1ePh7w0aN8UrYxYxQ1hhXK,energetic,light the way
3krZxyBsWEHfEfJegYaWTd,Come Through (feat. Chris Brown),"H.E.R., Chris Brown",Come Through (feat. Chris Brown),4/23/2021,60,214093,https://open.spotify.com/track/3krZxyBsWEHfEfJegYaWTd,energetic,come through feat chris brown
1YLzM2u0jpPxKTcrovSSZP,DIRTY LITTLE SECRET,Nessa Barrett,DIRTY LITTLE SECRET,9/20/2024,50,214840,https://open.spotify.com/track/1YLzM2u0jpPxKTcrovSSZP,energetic,dirty little secret
6O6gYVeSF0fBdJ52jdZ1XI,Nicotine Daydream,Robin Cause,Nicotine Daydream,7/11/2025,43,120000,https://open.spotify.com/track/6O6gYVeSF0fBdJ52jdZ1XI,energetic,nicotine daydream
2Jwnkduf5MZJEg0sPJM5qB,The Blame,Carra Scott,The Blame,4/19/2024,42,105881,https://open.spotify.com/track/2Jwnkduf5MZJEg0sPJM5qB,energetic,the blame
48S4viCUDrTsVA51WwOhNT,Lost,ORYL,Lost,2/8/2023,43,133744,https://open.spotify.com/track/48S4viCUDrTsVA51WwOhNT,energetic,lost
4LbfLqheRZesqH794Avpd9,Sacrifice (feat. Jessie Reyez),"Black Atlass, Jessie Reyez",Fifty Shades Freed (Original Motion Picture Soundtrack),2/9/2018,60,209360,https://open.spotify.com/track/4LbfLqheRZesqH794Avpd9,energetic,sacrifice feat jessie reyez
38OWHV80YwfFMir6aHYb8B,"Crazy In Love - From The ""Fifty Shades Of Grey"" Soundtrack",Beyoncé,Fifty Shades Of Grey (Original Motion Picture Soundtrack),2/9/2015,0,226173,https://open.spotify.com/track/38OWHV80YwfFMir6aHYb8B,energetic,crazy in love from the fifty shades of grey soundtrack
3o1qzyDt7dqTh495CjgTWy,Go To Hell,Nikki Idol,Go To Hell,6/16/2023,42,123737,https://open.spotify.com/track/3o1qzyDt7dqTh495CjgTWy,energetic,go to hell
2RhBju08zMqJiylm1rbkhW,I Feel Like I'm Drowning,Casual Sex,I Feel Like I'm Drowning,3/7/2022,0,183333,https://open.spotify.com/track/2RhBju08zMqJiylm1rbkhW,energetic,i feel like im drowning
74D5c16msPB5r9UPdnjXJi,Heaven,ORYL,Heaven,10/13/2023,42,103384,https://open.spotify.com/track/74D5c16msPB5r9UPdnjXJi,energetic,heaven
18wCJcoFmXZ0jfrFhF6cYS,Mount Everest,Labrinth,Mount Everest,6/21/2019,0,157476,https://open.spotify.com/track/18wCJcoFmXZ0jfrFhF6cYS,energetic,mount everest
7oDd86yk8itslrA9HRP2ki,Die For You - Remix,"The Weeknd, Ariana Grande",Die For You (Remix),2/24/2023,72,232857,https://open.spotify.com/track/7oDd86yk8itslrA9HRP2ki,energetic,die for you remix
6DIrsJFPypT0Z3emDKnXYd,HEARTBREAK SZN,PRAX,HEARTBREAK SZN,10/24/2025,38,173714,https://open.spotify.com/track/6DIrsJFPypT0Z3emDKnXYd,energetic,heartbreak szn
4bnP251Iw3fgLbzOlx49P6,For Now,STRNDED,For Now,10/17/2025,34,165333,https://open.spotify.com/track/4bnP251Iw3fgLbzOlx49P6,energetic,for now
4S4HEvTOxwALqpiR4XVwxR,Tomorrow,Casual Sex,Tomorrow,3/31/2023,38,153800,https://open.spotify.com/track/4S4HEvTOxwALqpiR4XVwxR,energetic,tomorrow
53rCuDGlZyMfSNEYmUx7gg,Creep,ORYL,Creep,9/24/2021,0,132270,https://open.spotify.com/track/53rCuDGlZyMfSNEYmUx7gg,energetic,creep
0uBrEHz6HVm5ULptnr3yRC,Heartbreak Diary,Robin Cause,Heartbreak Diary,4/11/2025,40,125783,https://open.spotify.com/track/0uBrEHz6HVm5ULptnr3yRC,energetic,heartbreak diary
04cAYR3v9QUaXOd0AxHHpd,The Bad Angel,Nikki Idol,The Bad Angel,1/27/2023,47,122019,https://open.spotify.com/track/04cAYR3v9QUaXOd0AxHHpd,energetic,the bad angel
6Gpim0VEZc2UZRVcapsWIv,love me,Ex Habit,love me,3/28/2023,62,178665,https://open.spotify.com/track/6Gpim0VEZc2UZRVcapsWIv,energetic,love me
2vXgyN14LX2zl7JEASw242,Wild Side (feat. Cardi B),"Normani, Cardi B",Wild Side (feat. Cardi B),7/22/2021,60,209476,https://open.spotify.com/track/2vXgyN14LX2zl7JEASw242,energetic,wild side feat cardi b
6VfLQ8dYSnnY13DpDSMfuq,Easier,Mansionair,Shadowboxer,3/1/2019,0,272680,https://open.spotify.com/track/6VfLQ8dYSnnY13DpDSMfuq,energetic,easier
7vrL3zmjCmx9JQLAcpyN1A,Femme Fatale,Nikki Idol,Femme Fatale,11/3/2023,45,164870,https://open.spotify.com/track/7vrL3zmjCmx9JQLAcpyN1A,energetic,femme fatale
7MiZjKawmXTsTNePyTfPyL,Devil Eyes,Hippie Sabotage,Providence,2/5/2016,76,131271,https://open.spotify.com/track/7MiZjKawmXTsTNePyTfPyL,energetic,devil eyes
1DOgkaR5Gqa8JtPEIbQORC,Over,Lucky Daye,Over,9/22/2021,63,205275,https://open.spotify.com/track/1DOgkaR5Gqa8JtPEIbQORC,energetic,over
14Qv78WUmYRpMv8YgoL27o,Love Me To Death,Nikki Idol,Love Me To Death,12/16/2022,44,133245,https://open.spotify.com/track/14Qv78WUmYRpMv8YgoL27o,energetic,love me to death
6oibpjM88Ngez2qmZsytfy,Lately,"ORZC, Luciana Lizier",Lately,7/8/2022,41,182934,https://open.spotify.com/track/6oibpjM88Ngez2qmZsytfy,energetic,lately
5Y0VYSnSvlukZO1FbyZNIS,The Blame - Slowed,Carra Scott,The Blame,4/19/2024,35,130817,https://open.spotify.com/track/5Y0VYSnSvlukZO1FbyZNIS,energetic,the blame slowed
2ZxGdyc1IHjSDQzsX3xDc8,What She Wants,APF,What She Wants,10/14/2025,23,183822,https://open.spotify.com/track/2ZxGdyc1IHjSDQzsX3xDc8,energetic,what she wants
1GtgCXvh4I7vY8RzFNZqsK,Cant Quit,Cali Jaygo,Cant Quit,11/7/2025,6,180715,https://open.spotify.com/track/1GtgCXvh4I7vY8RzFNZqsK,energetic,cant quit
0mL82sxCRjrs3br407IdJh,Is There Someone Else?,The Weeknd,Dawn FM,1/6/2022,81,199111,https://open.spotify.com/track/0mL82sxCRjrs3br407IdJh,energetic,is there someone else
2PIvq1pGrUjY007X5y1UpM,"Earned It (Fifty Shades Of Grey) - From The ""Fifty Shades Of Grey"" Soundtrack",The Weeknd,"Earned It (Fifty Shades Of Grey) [From The ""Fifty Shades Of Grey"" Soundtrack]",12/23/2014,72,252226,https://open.spotify.com/track/2PIvq1pGrUjY007X5y1UpM,energetic,earned it fifty shades of grey from the fifty shades of grey soundtrack
1X6OEjPvCe7V7ePHOjDVoD,My Dirty Secret,Nikki Idol,My Dirty Secret,3/24/2023,38,141701,https://open.spotify.com/track/1X6OEjPvCe7V7ePHOjDVoD,energetic,my dirty secret
0sdhP8f2yr23VQ1OxMzSJ9,hedonist,"zandros, VIZIER",hedonist,1/14/2022,47,153254,https://open.spotify.com/track/0sdhP8f2yr23VQ1OxMzSJ9,energetic,hedonist
4Zgo9uf4jURl7tjCBmUjy2,Twisted,Two Feet,Momentum,6/9/2017,59,197106,https://open.spotify.com/track/4Zgo9uf4jURl7tjCBmUjy2,energetic,twisted
0jHaeBIQfolFL65jlvjtDI,"Good Girl, Bad Boy",Casual Sex,"Good Girl, Bad Boy",2/24/2023,40,128181,https://open.spotify.com/track/0jHaeBIQfolFL65jlvjtDI,energetic,good girl bad boy
2vXKRlJBXyOcvZYTdNeckS,Lost in the Fire (feat. The Weeknd),"Gesaffelstein, The Weeknd",Hyperion,3/8/2019,81,202093,https://open.spotify.com/track/2vXKRlJBXyOcvZYTdNeckS,energetic,lost in the fire feat the weeknd
7ekHAeZ30ZBibplfW6BJ1b,White Roses,Casual Sex,White Roses,1/6/2023,35,138579,https://open.spotify.com/track/7ekHAeZ30ZBibplfW6BJ1b,energetic,white roses
4NZrZgrRoR4GwR7flWOXRI,Go Fuck Yourself,Two Feet,First Steps,7/29/2016,71,129599,https://open.spotify.com/track/4NZrZgrRoR4GwR7flWOXRI,energetic,go fuck yourself
1JndV89Ekbb611LSka1Jmb,The Devil in I,Nikki Idol,The Devil in I,9/3/2021,0,124149,https://open.spotify.com/track/1JndV89Ekbb611LSka1Jmb,energetic,the devil in i
6GlzOCJAn10Nbo1XuYt4UU,Show Me,Black Atlass,Dream Awake,4/3/2020,48,205508,https://open.spotify.com/track/6GlzOCJAn10Nbo1XuYt4UU,energetic,show me
3kKbRNJmzSWdDgfKqJ9Eck,Options,Hippie Sabotage,Options,6/24/2016,58,220726,https://open.spotify.com/track/3kKbRNJmzSWdDgfKqJ9Eck,energetic,options
0ZMbtEk9YdEgBjZrbEVa7z,Will It Last,Theobuntu,Will It Last,10/26/2023,34,114707,https://open.spotify.com/track/0ZMbtEk9YdEgBjZrbEVa7z,energetic,will it last
5oO3drDxtziYU2H1X23ZIp,Love On The Brain,Rihanna,ANTI (Deluxe),1/28/2016,86,224000,https://open.spotify.com/track/5oO3drDxtziYU2H1X23ZIp,energetic,love on the brain
5u9qbiEESgBfO4AM1jlm0l,I'm Yours,ORYL,I'm Yours,12/9/2022,42,122520,https://open.spotify.com/track/5u9qbiEESgBfO4AM1jlm0l,energetic,im yours
5Fw2jZDnkv3k49Uq5NDLjg,Locked Eyes,Casual Sex,Locked Eyes,1/28/2022,0,147600,https://open.spotify.com/track/5Fw2jZDnkv3k49Uq5NDLjg,energetic,locked eyes
5E30LdtzQTGqRvNd7l6kG5,Daddy Issues,The Neighbourhood,Wiped Out!,10/30/2015,85,260173,https://open.spotify.com/track/5E30LdtzQTGqRvNd7l6kG5,energetic,daddy issues
6J6FXmYrMxg93mBxkugUlI,Easy,Son Lux,Lanterns,10/29/2013,0,240760,https://open.spotify.com/track/6J6FXmYrMxg93mBxkugUlI,energetic,easy
1sOW4PuG5X3Ie3EXUhAopJ,Escape From LA,The Weeknd,After Hours,3/20/2020,65,355960,https://open.spotify.com/track/1sOW4PuG5X3Ie3EXUhAopJ,energetic,escape from la
2i0YrYWO4OokCZlOoMvFvy,I love you... my Devil,Nikki Idol,I love you... my Devil,2/14/2022,0,121019,https://open.spotify.com/track/2i0YrYWO4OokCZlOoMvFvy,energetic,i love you my devil
7tySfDFfBiCjraLdoy6In5,Put It on Me,Matt Maeson,The Hearse,4/27/2018,65,202760,https://open.spotify.com/track/7tySfDFfBiCjraLdoy6In5,energetic,put it on me
0m83QFIYQhl6NYv1U1fb58,Love Is a Bitch,Casual Sex,Love Is a Bitch,4/15/2022,0,159600,https://open.spotify.com/track/0m83QFIYQhl6NYv1U1fb58,energetic,love is a bitch
3lML37ujKr8GdxQqCYkCoz,Her Life,Two Feet,First Steps,7/29/2016,56,168000,https://open.spotify.com/track/3lML37ujKr8GdxQqCYkCoz,energetic,her life
09mEdoA6zrmBPgTEN5qXmN,Call Out My Name,The Weeknd,"My Dear Melancholy,",3/30/2018,85,228373,https://open.spotify.com/track/09mEdoA6zrmBPgTEN5qXmN,energetic,call out my name
0sUY0DLOrt3pNWCkvotmYS,Can You Take It,Aáyanna,Can You Take It,1/18/2023,33,181783,https://open.spotify.com/track/0sUY0DLOrt3pNWCkvotmYS,energetic,can you take it
61Emqg95O9zo1GNOcyxq4Y,For Tonight,GIVĒON,For Tonight,9/24/2021,61,193821,https://open.spotify.com/track/61Emqg95O9zo1GNOcyxq4Y,energetic,for tonight
04I4jftj4GEWR73kwFU872,In Sync,Aestetic,In Sync,9/2/2022,0,124000,https://open.spotify.com/track/04I4jftj4GEWR73kwFU872,energetic,in sync
1EZfCViOJ9XKFbwX8FkZUF,Chainsmoking,Jacob Banks,Village,11/2/2018,58,192720,https://open.spotify.com/track/1EZfCViOJ9XKFbwX8FkZUF,energetic,chainsmoking
1Taq7PrHRF7dLCcHTRh2aj,Be Your Love,Bishop Briggs,Be Your Love,9/23/2016,56,194066,https://open.spotify.com/track/1Taq7PrHRF7dLCcHTRh2aj,energetic,be your love
54MD0S0f6wfpE8GWsTs2ZK,Singularity,"ORZC, J.O.Y",Singularity,11/18/2022,0,194755,https://open.spotify.com/track/54MD0S0f6wfpE8GWsTs2ZK,energetic,singularity
3bjLA6ukBcGtvhe5tybxp7,Different,Hippie Sabotage,Drifter,5/19/2017,53,177045,https://open.spotify.com/track/3bjLA6ukBcGtvhe5tybxp7,energetic,different
6MDA9JR00rgB20dIVqaDe9,Kill Our Way to Heaven,Michl,Michl,8/12/2016,48,234929,https://open.spotify.com/track/6MDA9JR00rgB20dIVqaDe9,energetic,kill our way to heaven
4aJAqRLtf5UHTy0ukJEvCQ,"Lady, Touch Yourself",Nikki Idol,"Lady, Touch Yourself",5/13/2022,0,117245,https://open.spotify.com/track/4aJAqRLtf5UHTy0ukJEvCQ,energetic,lady touch yourself
4Yubb5GQW1aT9Zcb5ykOkh,Think About It,Dennis Lloyd,Think About It,11/16/2016,49,191687,https://open.spotify.com/track/4Yubb5GQW1aT9Zcb5ykOkh,energetic,think about it
3mRLHiSHYtC8Hk7bzZdUs1,River,Bishop Briggs,Church Of Scars,4/20/2018,75,216133,https://open.spotify.com/track/3mRLHiSHYtC8Hk7bzZdUs1,energetic,river
6qBFSepqLCuh5tehehc1bd,Like I Want You,GIVĒON,TAKE TIME,3/27/2020,78,260776,https://open.spotify.com/track/6qBFSepqLCuh5tehehc1bd,energetic,like i want you
32YHCNItnCdiYaPbw0uTo8,"I Put A Spell On You (Fifty Shades of Grey) - From ""Fifty Shades Of Grey"" Soundtrack",Annie Lennox,Fifty Shades Of Grey (Original Motion Picture Soundtrack),2/9/2015,64,210520,https://open.spotify.com/track/32YHCNItnCdiYaPbw0uTo8,energetic,i put a spell on you fifty shades of grey from fifty shades of grey soundtrack
0USZx50eApN045zIIyjePN,All The Time,"Jeremih, Lil Wayne, Natasha Mosley",All The Time,1/1/2013,64,264200,https://open.spotify.com/track/0USZx50eApN045zIIyjePN,energetic,all the time
6gGBL1uMBcNUOzSYfKreID,Had Some Drinks,Two Feet,Had Some Drinks,5/19/2017,60,140973,https://open.spotify.com/track/6gGBL1uMBcNUOzSYfKreID,energetic,had some drinks
190IqlryWu91WBKeDgZqZz,Only in My Dreams,The Marías,"Superclean, Vol. I",11/3/2017,69,170893,https://open.spotify.com/track/190IqlryWu91WBKeDgZqZz,energetic,only in my dreams
64SRXE4aBC9Rrxa8OcoLey,Troublemaker,"Omido, Izaya",Troublemaker,3/4/2022,39,214698,https://open.spotify.com/track/64SRXE4aBC9Rrxa8OcoLey,energetic,troublemaker
5MAK1nd8R6PWnle1Q1WJvh,I See Red,Everybody Loves an Outlaw,I See Red,10/31/2018,76,230613,https://open.spotify.com/track/5MAK1nd8R6PWnle1Q1WJvh,energetic,i see red
7tZdkPtebOG29TzPPHlsem,Quick Musical Doodles,Two Feet,First Steps,7/29/2016,62,144000,https://open.spotify.com/track/7tZdkPtebOG29TzPPHlsem,energetic,quick musical doodles
5xQ3A4AdxChEAVH85Qh3V5,High - Slowed + Reverb,ORYL,High,8/27/2021,0,165957,https://open.spotify.com/track/5xQ3A4AdxChEAVH85Qh3V5,energetic,high slowed reverb
6UKQqrX26fiwC6ab7Subn2,Broken Roots,Michl,Michl,8/12/2016,43,226000,https://open.spotify.com/track/6UKQqrX26fiwC6ab7Subn2,energetic,broken roots
5FuqYDuS2U6ZFiZgTiSwKH,Sex With Me,Rihanna,ANTI (Deluxe),1/28/2016,0,206400,https://open.spotify.com/track/5FuqYDuS2U6ZFiZgTiSwKH,energetic,sex with me
5g7jg1BDLUPbAVrrktJ7oD,Use Me,PLAZA,Nocturnes,10/1/2021,0,238093,https://open.spotify.com/track/5g7jg1BDLUPbAVrrktJ7oD,energetic,use me
1SnJk7L92fuKU5fjAnuQvx,Locked Eyes - Slowed + Reverb,Casual Sex,Locked Eyes,1/28/2022,0,168196,https://open.spotify.com/track/1SnJk7L92fuKU5fjAnuQvx,energetic,locked eyes slowed reverb
7clKYc0HOXjHItwXVdkiKA,Over,Honors,Feel Better,11/6/2018,0,266481,https://open.spotify.com/track/7clKYc0HOXjHItwXVdkiKA,energetic,over
2wURhZBabqEhQY0lnjPCT8,Millions,Always Never,Always Never,8/24/2018,44,238080,https://open.spotify.com/track/2wURhZBabqEhQY0lnjPCT8,energetic,millions
4kqxy0SvQ2N34nOJ9ggfMu,"Yeah, I Said It",Rihanna,ANTI,1/28/2016,0,133080,https://open.spotify.com/track/4kqxy0SvQ2N34nOJ9ggfMu,energetic,yeah i said it
07iVScUe08QYNdEvjsEEGc,Roses,GASHI,Roses,6/5/2019,41,169573,https://open.spotify.com/track/07iVScUe08QYNdEvjsEEGc,energetic,roses
7ERD3wzsj1VGhORdxamue7,You Say,Two Feet,A 20 Something Fuck,10/5/2018,48,159280,https://open.spotify.com/track/7ERD3wzsj1VGhORdxamue7,energetic,you say
7pnH6vIlMvMlRiFTI55Sp3,I Need You,ORYL,I Need You,4/2/2021,0,109774,https://open.spotify.com/track/7pnH6vIlMvMlRiFTI55Sp3,energetic,i need you
4qgMPzf9QOETWQFUcFkHD4,Love Me,RealestK,Love Me,2/18/2022,62,207546,https://open.spotify.com/track/4qgMPzf9QOETWQFUcFkHD4,energetic,love me
252js5EUguHu7sVFyL7ldo,Gravity,Two Feet,Shape & Form,5/13/2022,0,130645,https://open.spotify.com/track/252js5EUguHu7sVFyL7ldo,energetic,gravity
03GZtfD15W58mqyIXuZqO1,Keep You Close,ORYL,Keep You Close,11/26/2021,0,133333,https://open.spotify.com/track/03GZtfD15W58mqyIXuZqO1,energetic,keep you close
7GR2ZDBAdqiRPeuoRc6nnX,Do It For Me,Rosenfeld,Do It For Me,11/9/2018,62,202972,https://open.spotify.com/track/7GR2ZDBAdqiRPeuoRc6nnX,energetic,do it for me
2i2gDpKKWjvnRTOZRhaPh2,Moonlight,Kali Uchis,Moonlight,2/24/2023,74,187557,https://open.spotify.com/track/2i2gDpKKWjvnRTOZRhaPh2,energetic,moonlight
1Ym6aMuT5bliaZMC67AmPp,Cherry,Lana Del Rey,Lust For Life,7/21/2017,72,180902,https://open.spotify.com/track/1Ym6aMuT5bliaZMC67AmPp,energetic,cherry
0fIHfxL7QUl8cRZbC31Jj3,Your Guilty Pleasure,Henry Verus,Your Guilty Pleasure,1/22/2021,46,174149,https://open.spotify.com/track/0fIHfxL7QUl8cRZbC31Jj3,energetic,your guilty pleasure
2GWCZJWundoYi5IloWIgTX,eyes don't lie,Isabel LaRosa,eyes don't lie,7/7/2023,76,150720,https://open.spotify.com/track/2GWCZJWundoYi5IloWIgTX,energetic,eyes dont lie
31rLeplcJIGfbvUBpPa9f7,MUSTANG BABY (FT. ARTEMAS),"Nessa Barrett, Artemas",AFTERCARE,11/15/2024,58,191680,https://open.spotify.com/track/31rLeplcJIGfbvUBpPa9f7,energetic,mustang baby ft artemas
4H5S8AKAkhckdSlxsqU3E9,hotel,sorry idk,hotel,10/7/2022,36,95927,https://open.spotify.com/track/4H5S8AKAkhckdSlxsqU3E9,energetic,hotel
2s4AcE9n80mSHl87lp4gIm,Wine Pon You (feat. Konshens),"Doja Cat, Konshens",Amala,3/30/2018,77,219000,https://open.spotify.com/track/2s4AcE9n80mSHl87lp4gIm,energetic,wine pon you feat konshens
2LtCEKs68u3RpNh4wybCF8,Hotel,Montell Fish,Her Love Still Haunts Me Like a Ghost,10/28/2022,78,197333,https://open.spotify.com/track/2LtCEKs68u3RpNh4wybCF8,energetic,hotel
6TURPlJoVlJBtTwFZo0RUr,Worship,Ari Abdul,Worship,6/30/2023,64,187773,https://open.spotify.com/track/6TURPlJoVlJBtTwFZo0RUr,energetic,worship
0jF2AdhsalO1L7KkhK4LE5,Practice,Drake,Take Care (Deluxe),11/15/2011,78,237733,https://open.spotify.com/track/0jF2AdhsalO1L7KkhK4LE5,energetic,practice
4uSQVpXa7XJuFBwbPaK4xV,Like U,Rosenfeld,Like U,7/10/2020,60,157777,https://open.spotify.com/track/4uSQVpXa7XJuFBwbPaK4xV,energetic,like u
4DHuVbPMHTOwOELNEmnZvQ,Addiction,Boy Pretty,Addiction,10/13/2025,38,210491,https://open.spotify.com/track/4DHuVbPMHTOwOELNEmnZvQ,energetic,addiction
1C5Bl4v8iBI36xATpj1rnb,Creep With Me,"Brittany Campbell, 01L4N, The Last Artful, Dodgr",Creep With Me,10/22/2025,26,208500,https://open.spotify.com/track/1C5Bl4v8iBI36xATpj1rnb,energetic,creep with me
6I7LGB9ZoNF5VJd50TEOPg,Ashes,Vudajé,Ashes,10/29/2025,21,191612,https://open.spotify.com/track/6I7LGB9ZoNF5VJd50TEOPg,energetic,ashes
7iXYRR70wewzVYzWScm99j,"Gonna Fly Now - Theme From ""Rocky""",Bill Conti,Rocky (Original Motion Picture Score),10/14/1976,65,167533,https://open.spotify.com/track/7iXYRR70wewzVYzWScm99j,energetic,gonna fly now theme from rocky
0WKpYDw1WNmQbFiEURDgeI,"Going The Distance - From ""Rocky"" Soundtrack / Remastered 2006",Bill Conti,Rocky (Original Motion Picture Score),10/14/1976,64,158506,https://open.spotify.com/track/0WKpYDw1WNmQbFiEURDgeI,energetic,going the distance from rocky soundtrack remastered 2006
0AJSRidA1srs705Kh1wNYo,"Reflections - From ""Rocky"" Soundtrack / Remastered 2006",Bill Conti,Rocky (Original Motion Picture Score),10/14/1976,49,198360,https://open.spotify.com/track/0AJSRidA1srs705Kh1wNYo,energetic,reflections from rocky soundtrack remastered 2006
0dsohwDGbitQhKItUepiIb,"Butkus - From ""Rocky"" Soundtrack / Remastered 2006",Bill Conti,Rocky (Original Motion Picture Score),10/14/1976,47,131039,https://open.spotify.com/track/0dsohwDGbitQhKItUepiIb,energetic,butkus from rocky soundtrack remastered 2006
085puTRP6VTmS43xWubCfF,"The Final Bell - From ""Rocky"" Soundtrack / Remastered 2006",Bill Conti,Rocky (Original Motion Picture Score),10/14/1976,55,114346,https://open.spotify.com/track/085puTRP6VTmS43xWubCfF,energetic,the final bell from rocky soundtrack remastered 2006
1BvpEyyfLyHySRMxsnGnXv,Redemption (Theme From Rocky II),Bill Conti,Rocky II: Music From The Motion Picture,1/1/1979,55,154133,https://open.spotify.com/track/1BvpEyyfLyHySRMxsnGnXv,energetic,redemption theme from rocky ii
65S2uk1hIun6u09QaSckn7,Eye Of The Tiger,Survivor,Rocky III: Music From The Motion Picture,1/1/1982,6,233533,https://open.spotify.com/track/65S2uk1hIun6u09QaSckn7,energetic,eye of the tiger
1ghgA2ZnXGkKjfvfPioibI,Pushin',Frank Stallone,Rocky III: Music From The Motion Picture,1/1/1982,47,191889,https://open.spotify.com/track/1ghgA2ZnXGkKjfvfPioibI,energetic,pushin
5ebIlNZp0yUF8S6ksyPWpw,Decision,Bill Conti,Rocky III: Music From The Motion Picture,1/1/1982,45,202173,https://open.spotify.com/track/5ebIlNZp0yUF8S6ksyPWpw,energetic,decision
1XEOhs9rpfiqCaqhJJxuoQ,Take You Back,Frank Stallone,Rocky III: Music From The Motion Picture,1/1/1982,45,220106,https://open.spotify.com/track/1XEOhs9rpfiqCaqhJJxuoQ,energetic,take you back
2avaSeKHI5l4sLruVfLdi2,"Burning Heart - From ""Rocky IV"" Soundtrack",Survivor,Rocky IV,1985,67,230720,https://open.spotify.com/track/2avaSeKHI5l4sLruVfLdi2,energetic,burning heart from rocky iv soundtrack
5vI0C3TDTxySR6Oq8NWjE0,"Hearts On Fire - From ""Rocky IV"" Soundtrack",John Cafferty,Rocky IV,1985,62,252920,https://open.spotify.com/track/5vI0C3TDTxySR6Oq8NWjE0,energetic,hearts on fire from rocky iv soundtrack
2i6OkzGsxts1J1ZubuZyWU,"Double or Nothing - From ""Rocky IV"" Soundtrack","Kenny Loggins, Gladys Knight",Rocky IV,1985,48,223640,https://open.spotify.com/track/2i6OkzGsxts1J1ZubuZyWU,energetic,double or nothing from rocky iv soundtrack
409WAJPEw4a73vs2c5FIZI,"War/Fanfare from Rocky IV - From ""Rocky IV"" Soundtrack",Vince DiCola,Rocky IV,1985,54,355893,https://open.spotify.com/track/409WAJPEw4a73vs2c5FIZI,energetic,warfanfare from rocky iv from rocky iv soundtrack
4Y5yjzs9FFw5qIgfZBd43I,"Living in America - From ""Rocky IV"" Soundtrack",James Brown,Rocky IV,1985,53,282840,https://open.spotify.com/track/4Y5yjzs9FFw5qIgfZBd43I,energetic,living in america from rocky iv soundtrack
5bnMKUXkMfYVXW8FjvFTuV,"No Easy Way Out - From ""Rocky IV"" Soundtrack",Robert Tepper,Rocky IV,1985,64,262026,https://open.spotify.com/track/5bnMKUXkMfYVXW8FjvFTuV,energetic,no easy way out from rocky iv soundtrack
5PKtqiUwkjveVYzmj4gMnz,"Training Montage - From ""Rocky IV"" Soundtrack",Vince DiCola,Rocky IV,1985,58,219080,https://open.spotify.com/track/5PKtqiUwkjveVYzmj4gMnz,energetic,training montage from rocky iv soundtrack
59H1DZbkNpalrm2XbOJ2VE,Days of Summer,Billy the Happy,Good Day Sunshine,3/26/2021,49,139624,https://open.spotify.com/track/59H1DZbkNpalrm2XbOJ2VE,energetic,days of summer
2tpWsVSb9UEmDRxAl1zhX1,Counting Stars,OneRepublic,Native,1/1/2013,87,257265,https://open.spotify.com/track/2tpWsVSb9UEmDRxAl1zhX1,energetic,counting stars
2bL2gyO6kBdLkNSkxXNh6x,Animals,Maroon 5,V,9/2/2014,82,231013,https://open.spotify.com/track/2bL2gyO6kBdLkNSkxXNh6x,energetic,animals
709F4UQ2uKplKvcD88xffa,Nave Espacial - Radio Edit,"Liu, Samantha Machado",Nave Espacial,12/7/2018,61,185341,https://open.spotify.com/track/709F4UQ2uKplKvcD88xffa,energetic,nave espacial radio edit
0GTPmh5G40joBg93vcSQNq,Don't Say Goodbye (feat. Tove Lo),"Alok, Ilkay Sencan, Tove Lo",Don't Say Goodbye (feat. Tove Lo),9/25/2020,64,186700,https://open.spotify.com/track/0GTPmh5G40joBg93vcSQNq,energetic,dont say goodbye feat tove lo
4ekDggjElGJX9kNSOtnbVf,Infinity - Dubdogz & Bhaskar Edit,"Dubdogz, Bhaskar",Infinity (Dubdogz & Bhaskar Edit),1/31/2020,64,196000,https://open.spotify.com/track/4ekDggjElGJX9kNSOtnbVf,energetic,infinity dubdogz bhaskar edit
6yvdWGtowJa7ffgc1UR5SF,Heat Waves - Oliver Heldens Remix,"Glass Animals, Oliver Heldens",Heat Waves (Expansion Pack),2/5/2021,1,243536,https://open.spotify.com/track/6yvdWGtowJa7ffgc1UR5SF,energetic,heat waves oliver heldens remix
25usEf5iGk9HL0LM9VTxue,Pontos de Exclamação - Vintage Culture & Future Class Remix,"Jovem Dionisio, Vintage Culture, Future Class",Pontos de Exclamação (Vintage Culture & Future Class Remix),6/12/2020,61,218770,https://open.spotify.com/track/25usEf5iGk9HL0LM9VTxue,energetic,pontos de exclamao vintage culture future class remix
2pPO9YecZimmuVQfIzfV6U,Wasted Love (feat. Lagique),"Ofenbach, Lagique",Wasted Love (feat. Lagique),1/8/2021,60,139563,https://open.spotify.com/track/2pPO9YecZimmuVQfIzfV6U,energetic,wasted love feat lagique
0YU17F0BlVXvmx5ytsR43w,Monster,"LUM!X, Gabry Ponte",Monster,4/19/2019,68,154226,https://open.spotify.com/track/0YU17F0BlVXvmx5ytsR43w,energetic,monster
0yefuOGH8wmodEFfqwAmsi,If You See Me,Billy the Happy,Good Day Sunshine,3/26/2021,49,145865,https://open.spotify.com/track/0yefuOGH8wmodEFfqwAmsi,energetic,if you see me
1r9xUipOqoNwggBpENDsvJ,Enemy (with JID) - from the series Arcane League of Legends,"Imagine Dragons, JID, Arcane, League of Legends",Enemy (with JID) [from the series Arcane League of Legends],10/28/2021,74,173381,https://open.spotify.com/track/1r9xUipOqoNwggBpENDsvJ,energetic,enemy with jid from the series arcane league of legends
5mqzhMuUpvnMfwNz6iepmO,"Welcome to the Party (with French Montana & Lil Pump, feat. Zhavia Ward) - from Deadpool 2","Diplo, French Montana, Lil Pump, Zhavia","Welcome to the Party (with French Montana & Lil Pump, feat. Zhavia Ward) [from Deadpool 2]",5/15/2018,61,181720,https://open.spotify.com/track/5mqzhMuUpvnMfwNz6iepmO,energetic,welcome to the party with french montana lil pump feat zhavia ward from deadpool 2
22skzmqfdWrjJylampe0kt,Can't Hold Us (feat. Ray Dalton),"Macklemore, Ryan Lewis, Macklemore & Ryan Lewis, Ray Dalton",The Heist,10/9/2012,83,258431,https://open.spotify.com/track/22skzmqfdWrjJylampe0kt,energetic,cant hold us feat ray dalton
1D9kLvE4SBX6EOG8uJa7Vy,Lalala - Ilkan Gunuc Remix,"Y2K, bbno$, Ilkan Gunuc",Lalala (Ilkan Gunuc Remix),10/28/2019,53,178407,https://open.spotify.com/track/1D9kLvE4SBX6EOG8uJa7Vy,energetic,lalala ilkan gunuc remix
6QB00NgqfuKg1uAOdnI4uK,edamame - Diplo Remix,"bbno$, Rich Brian, Diplo",edamame (Diplo Remix),12/17/2021,1,175309,https://open.spotify.com/track/6QB00NgqfuKg1uAOdnI4uK,energetic,edamame diplo remix
64vgWvPf41BreVeNomZ3nv,Party Girl - VIZE Remix,"StaySolidRocky, VIZE",Party Girl (VIZE Remix),7/31/2020,52,154687,https://open.spotify.com/track/64vgWvPf41BreVeNomZ3nv,energetic,party girl vize remix
4crczEC1PpoD8TsDsmoWNI,Goodbye,"Imanbek, Goodboys",Goodbye,12/18/2020,59,144000,https://open.spotify.com/track/4crczEC1PpoD8TsDsmoWNI,energetic,goodbye
76m2MiAKQvoHsgvwRDPXx5,Bem Melhor - KVSH Remix,"Lagum, KVSH",Bem Melhor (KVSH Remix),10/12/2018,53,183431,https://open.spotify.com/track/76m2MiAKQvoHsgvwRDPXx5,energetic,bem melhor kvsh remix
6s3GEN8wK0OMzzzZbXj0fu,Hymn for the Weekend - Seeb Remix,"Coldplay, Seeb",Hymn for the Weekend (Seeb Remix),3/25/2016,67,212647,https://open.spotify.com/track/6s3GEN8wK0OMzzzZbXj0fu,energetic,hymn for the weekend seeb remix
6KL88T4Ma4ABXqzgUoEwkd,Run,OneRepublic,Human (Deluxe),8/27/2021,72,168259,https://open.spotify.com/track/6KL88T4Ma4ABXqzgUoEwkd,energetic,run
0Cnb8XdGDMHAmIRBUJMkIS,Where The Lights Are Low,"Toby Romeo, Felix Jaehn, FAULHABER",Where The Lights Are Low,1/22/2021,58,136995,https://open.spotify.com/track/0Cnb8XdGDMHAmIRBUJMkIS,energetic,where the lights are low
4vvnuJlgBeNVwq3TNmLMNX,Jackie Chan,"Tiësto, Dzeko, Preme, Post Malone",The London Sessions,5/15/2020,64,215759,https://open.spotify.com/track/4vvnuJlgBeNVwq3TNmLMNX,energetic,jackie chan
12yj178KaJo8PrddT0StaL,What's Up,"Gaullin, Lucky Luke",What's Up,2/12/2021,51,147540,https://open.spotify.com/track/12yj178KaJo8PrddT0StaL,energetic,whats up
7GiozRoMk95aFl1WbrDdjX,Nobody,"NOTD, Catello",Nobody,10/30/2020,51,143952,https://open.spotify.com/track/7GiozRoMk95aFl1WbrDdjX,energetic,nobody
51Of5p3lKZeOg6itfs4og4,Lovefool,twocolors,Lovefool,5/8/2020,68,190487,https://open.spotify.com/track/51Of5p3lKZeOg6itfs4og4,energetic,lovefool
4AqN8IdKCfItCSbuaFch81,Thank You [Not So Bad],"VIZE, Felix Jaehn",Thank You [Not So Bad],2/7/2020,56,197963,https://open.spotify.com/track/4AqN8IdKCfItCSbuaFch81,energetic,thank you not so bad
0qaWEvPkts34WF68r8Dzx9,Turn Me On (feat. Vula),"Riton, Oliver Heldens, Vula",Turn Me On (feat. Vula),9/13/2019,65,208473,https://open.spotify.com/track/0qaWEvPkts34WF68r8Dzx9,energetic,turn me on feat vula
3hWfKBt3n7j1xqIy6LA5ve,Astronomia,"Vicetone, Tony Igy",Astronomia,9/16/2016,63,198095,https://open.spotify.com/track/3hWfKBt3n7j1xqIy6LA5ve,energetic,astronomia
67awxiNHNyjMXhVgsHuIrs,Turn Down for What,"DJ Snake, Lil Jon",Turn Down for What,12/18/2013,70,213733,https://open.spotify.com/track/67awxiNHNyjMXhVgsHuIrs,energetic,turn down for what
3bKFDxDxHokwoSMgv3SjXt,Freaks - Radio Edit,"Timmy Trumpet, Savage",Freaks,12/17/2014,7,168750,https://open.spotify.com/track/3bKFDxDxHokwoSMgv3SjXt,energetic,freaks radio edit
0ydXuJ0euzW2dJ3wOpZrqa,Potter 2.0,"KVSH, JØRD",Potter 2.0,9/13/2019,46,147096,https://open.spotify.com/track/0ydXuJ0euzW2dJ3wOpZrqa,energetic,potter 20
4SCbD68sf3dBfaE2X8uDSP,Seven Nation Army,"Gaullin, Julian Perretta",Seven Nation Army,5/14/2021,60,173658,https://open.spotify.com/track/4SCbD68sf3dBfaE2X8uDSP,energetic,seven nation army
59o6ojGNGJOYiVJSzC6Lsa,Memories (feat. Kid Cudi) - 2021 Remix,"David Guetta, Kid Cudi",Memories (feat. Kid Cudi) [2021 Remix],1/8/2021,69,162992,https://open.spotify.com/track/59o6ojGNGJOYiVJSzC6Lsa,energetic,memories feat kid cudi 2021 remix
26uCJnkToLtKwpkfD7nIWp,Calabria (feat. Lujavo & Nito-Onna),"Dance Fruits Music, DMNDS, Fallen Roses, Lujavo, Nito-Onna",Strange Fruits Music,6/9/2021,0,128500,https://open.spotify.com/track/26uCJnkToLtKwpkfD7nIWp,energetic,calabria feat lujavo nitoonna
27bZ77uG7mEhydpaPvThR6,Turn Back Time,"Diplo, Sonny Fodera",Turn Back Time,11/20/2020,54,147260,https://open.spotify.com/track/27bZ77uG7mEhydpaPvThR6,energetic,turn back time
49liwSYiXr6nO0RrioYmAW,Really Love (feat. Craig David & Digital Farm Animals),"KSI, Craig David, Digital Farm Animals",All Over The Place (Platinum VIP Edition),7/15/2021,0,177500,https://open.spotify.com/track/49liwSYiXr6nO0RrioYmAW,energetic,really love feat craig david digital farm animals
4KPYXZUCKYLEEcGmKN4Exs,Weekend (feat. Emelie Cyréus),"LIZOT, Emelie Cyréus",Weekend (feat. Emelie Cyréus),3/27/2020,54,132775,https://open.spotify.com/track/4KPYXZUCKYLEEcGmKN4Exs,energetic,weekend feat emelie cyrus
3vrm4dNThrhQ0BArrLIUOV,Somebody's Watching Me,"Chico Rose, 71 Digits",Somebody's Watching Me,4/17/2020,65,176640,https://open.spotify.com/track/3vrm4dNThrhQ0BArrLIUOV,energetic,somebodys watching me
0d1ujEcFwTqA4kWliTSJim,Don't You Hold Me Down,"Alan Walker, Georgia Ku",Don't You Hold Me Down,8/27/2021,54,132597,https://open.spotify.com/track/0d1ujEcFwTqA4kWliTSJim,energetic,dont you hold me down
3bXiWZWR3CoZbhcsqfsMNa,Never Let Me Down,"VIZE, Tom Gregory",Never Let Me Down,4/24/2020,1,153148,https://open.spotify.com/track/3bXiWZWR3CoZbhcsqfsMNa,energetic,never let me down
19eIZmuXlBmLTha1lPHef7,Alors On Danse - DubDogz Remix,"Stromae, Dubdogz",Alors On Danse (DubDogz Remix),5/3/2019,69,168576,https://open.spotify.com/track/19eIZmuXlBmLTha1lPHef7,energetic,alors on danse dubdogz remix
525GY0mXYnxajolwgS8Eaz,Cooler Than Me,Lucky Luke,Cooler Than Me,5/17/2019,63,179760,https://open.spotify.com/track/525GY0mXYnxajolwgS8Eaz,energetic,cooler than me
2UqYHXtJ0qLzd3fajJ7HSb,Later Bitches,The Prince Karma,Later Bitches,5/25/2018,1,247976,https://open.spotify.com/track/2UqYHXtJ0qLzd3fajJ7HSb,energetic,later bitches
6hEJvWfNOvTUhLuV1Or1of,Whistle (feat. Bertie Scott),"Laidback Luke, Tribbs, Bertie Scott",Whistle (feat. Bertie Scott),4/9/2021,53,140156,https://open.spotify.com/track/6hEJvWfNOvTUhLuV1Or1of,energetic,whistle feat bertie scott
0exVBaDdeqqUMD5G8I16vI,L'amour Toujours,"SUD, B3nte, ZAP",L'amour Toujours,1/15/2021,53,162461,https://open.spotify.com/track/0exVBaDdeqqUMD5G8I16vI,energetic,lamour toujours
2siqSsVoviIIkwb9D4A9wj,Remember Why You Started,"Fearless Motivation, Alpha, Brendan Woodroff, Jones 2.0",Headphones on World Off,7/8/2019,52,230000,https://open.spotify.com/track/2siqSsVoviIIkwb9D4A9wj,energetic,remember why you started
2fWSwWmKRuyioqIzOzuQGo,Beast - Southpaw Remix,"Rob Bailey & The Hustle Standard, Busta Rhymes, KXNG Crooked, Tech N9ne",Southpaw (Music From And Inspired By The Motion Picture),7/24/2015,61,279373,https://open.spotify.com/track/2fWSwWmKRuyioqIzOzuQGo,energetic,beast southpaw remix
3vMtLNMANvkPuDthcLuQzJ,Struggle Made Me Stronger,"Fearless Motivation, Alpha",Headphones on World Off,7/8/2019,51,213000,https://open.spotify.com/track/3vMtLNMANvkPuDthcLuQzJ,energetic,struggle made me stronger
52KlXDEkCkgZxuMjSqzY4L,Last Resort (Reloaded),"Papa Roach, Jeris Johnson",Last Resort (Reloaded),1/27/2021,62,137297,https://open.spotify.com/track/52KlXDEkCkgZxuMjSqzY4L,energetic,last resort reloaded
1ENoLRPD4fkrqZJ23MVU5b,Watch Me Bleed (William Wallace Version),"Fearless Motivation, The Julianno",Freedom,3/12/2021,46,177000,https://open.spotify.com/track/1ENoLRPD4fkrqZJ23MVU5b,energetic,watch me bleed william wallace version
0i8JFpqe9cKwnrcvoNgl1L,Feel Invincible,Skillet,Unleashed,8/5/2016,75,229933,https://open.spotify.com/track/0i8JFpqe9cKwnrcvoNgl1L,energetic,feel invincible
2EvfThWZ76cSYf98xGeeJN,KEEP GOING,"Fearless Motivation, R Reed, Pendo46",KEEP GOING,9/19/2025,47,226706,https://open.spotify.com/track/2EvfThWZ76cSYf98xGeeJN,energetic,keep going
06dBzUBULISVMFBeNKbbRA,Even If It Kills Me,Papa Roach,Even If It Kills Me,1/22/2025,67,212239,https://open.spotify.com/track/06dBzUBULISVMFBeNKbbRA,energetic,even if it kills me
4iU6EaAmBJGoSvVN3wNmGG,Choose Fight,"Fearless Motivation, R Reed, Pendo46",Choose Fight,7/18/2025,50,238000,https://open.spotify.com/track/4iU6EaAmBJGoSvVN3wNmGG,energetic,choose fight
7lDKPYiPQq7ihuNpLlUc47,Stand Alone (Alpha Version),"Fearless Motivation, Alpha",Breathe Success,3/15/2024,48,195400,https://open.spotify.com/track/7lDKPYiPQq7ihuNpLlUc47,energetic,stand alone alpha version
6NVSAmEGgPKyfMhT3ICcTP,I Never Give Up,"Fearless Motivation, R Reed, Pendo46",I Never Give Up,1/31/2025,51,242000,https://open.spotify.com/track/6NVSAmEGgPKyfMhT3ICcTP,energetic,i never give up
5rLh5iwwnRln13NHR3e2RE,Good Days,Rob Bailey & The Hustle Standard,Primal,1/18/2019,45,230905,https://open.spotify.com/track/5rLh5iwwnRln13NHR3e2RE,energetic,good days
49U84eSXdpLi7ts9ICAleA,Haters and Traitors (Rough as Guts Mix),"Fearless Motivation, Pendo46",Haters & Traitors,9/12/2025,42,169624,https://open.spotify.com/track/49U84eSXdpLi7ts9ICAleA,energetic,haters and traitors rough as guts mix
3OyzbAEwM8ildhK9mtF3DV,Go Hunt Your Dream,Fearless Motivation,Headphones on World Off,7/8/2019,44,245708,https://open.spotify.com/track/3OyzbAEwM8ildhK9mtF3DV,energetic,go hunt your dream
2zUopZBzvkz9yqIR9YOKhH,RE,"Fearless Motivation, Pendo46, R Reed",RE,3/22/2024,43,244000,https://open.spotify.com/track/2zUopZBzvkz9yqIR9YOKhH,energetic,re
3K4HG9evC7dg3N0R9cYqk4,One Step Closer,Linkin Park,Hybrid Theory (Bonus Edition),10/24/2000,83,157333,https://open.spotify.com/track/3K4HG9evC7dg3N0R9cYqk4,energetic,one step closer
0BwHdYA3Xg9rnZct032NW5,I Dare You,"Fearless Motivation, R Reed, Pendo46",I Dare You,10/31/2025,40,165676,https://open.spotify.com/track/0BwHdYA3Xg9rnZct032NW5,energetic,i dare you
337PBZvZK67ySOTudPPyPq,Forge Ahead,"Fearless Motivation, R Reed",Forge Ahead,1/11/2025,41,162000,https://open.spotify.com/track/337PBZvZK67ySOTudPPyPq,energetic,forge ahead
2RMo1ARnq9eSnxmFGqGl1C,Blessed,Fearless Motivation,Blessed,2/18/2021,43,240000,https://open.spotify.com/track/2RMo1ARnq9eSnxmFGqGl1C,energetic,blessed
2jXFUbuWJzPGbHeBAlBdF2,Get Shit Done,Fearless Motivation,Get Shit Done,7/5/2023,40,185000,https://open.spotify.com/track/2jXFUbuWJzPGbHeBAlBdF2,energetic,get shit done
2UREu1Y8CO4jXkbvqAtP7g,Monster,Skillet,Awake,8/21/2009,82,178013,https://open.spotify.com/track/2UREu1Y8CO4jXkbvqAtP7g,energetic,monster
6nx6ciUrXGZ9bIipBBIaGv,Straight to the Top,Faith and Freedom,Straight to the Top,4/26/2024,44,177692,https://open.spotify.com/track/6nx6ciUrXGZ9bIipBBIaGv,energetic,straight to the top
2D7mOapedCW5bXlzGIT2aj,That Mode,"Fearless Motivation, Frank Bentley, R Reed",That Mode,6/20/2025,44,223199,https://open.spotify.com/track/2D7mOapedCW5bXlzGIT2aj,energetic,that mode
3W3Yq52derLrfnU4gROp5B,Passion X Ambition,"Fearless Motivation, Pendo46, R Reed",Passion X Ambition,4/7/2024,38,225000,https://open.spotify.com/track/3W3Yq52derLrfnU4gROp5B,energetic,passion x ambition
4iVYgH4vgjfyKUbD5LJiQg,Unpopular,Skillet,Ash In The Wind,10/18/2024,37,185553,https://open.spotify.com/track/4iVYgH4vgjfyKUbD5LJiQg,energetic,unpopular
0Z2RTdPKT9bWwSd3pWP2lG,Never Fail Me - RBxHS Version,Rob Bailey & The Hustle Standard,Never Fail Me (RBxHS Version),9/6/2024,41,139436,https://open.spotify.com/track/0Z2RTdPKT9bWwSd3pWP2lG,energetic,never fail me rbxhs version
0DwnykLRLMG7bEfPOzq9J3,Find My Way,Faith and Freedom,Find My Way,12/24/2021,41,172000,https://open.spotify.com/track/0DwnykLRLMG7bEfPOzq9J3,energetic,find my way
0we7ShV1o6cPTFjxOADPbC,Outcast,NF,Perception,10/6/2017,55,325720,https://open.spotify.com/track/0we7ShV1o6cPTFjxOADPbC,energetic,outcast
49cMBvaCTZoMsRrz3wxKZ4,Results Don't Lie (Proof is in The Pudding),"Fearless Motivation, R Reed, Pendo46",Results Don't Lie (Proof is in The Pudding),12/6/2024,38,151000,https://open.spotify.com/track/49cMBvaCTZoMsRrz3wxKZ4,energetic,results dont lie proof is in the pudding
3dxiWIBVJRlqh9xk144rf4,Breaking the Habit,Linkin Park,Meteora (Bonus Edition),3/25/2003,76,196133,https://open.spotify.com/track/3dxiWIBVJRlqh9xk144rf4,energetic,breaking the habit
0LX82kX5rUJ1PTOKybET6m,Showtime,Skillet,Revolution,11/1/2024,55,213033,https://open.spotify.com/track/0LX82kX5rUJ1PTOKybET6m,energetic,showtime
1ve6FiKnpfXt8vUxhndH7p,IF IT DOESN'T HURT,NOTHING MORE,CARNAL,6/28/2024,65,179225,https://open.spotify.com/track/1ve6FiKnpfXt8vUxhndH7p,energetic,if it doesnt hurt
4DdSlwCdgFWbfZf7zCuE7c,How Bad Do You Want It,"Fearless Motivation, R Reed, Pendo46",How Bad Do You Want It,5/24/2024,36,254000,https://open.spotify.com/track/4DdSlwCdgFWbfZf7zCuE7c,energetic,how bad do you want it
6KigD0mlF4VGDYiSEzAyYw,Fight Back,NEFFEX,Fight Back: The Collection,11/30/2018,70,200571,https://open.spotify.com/track/6KigD0mlF4VGDYiSEzAyYw,energetic,fight back
70b5fOz9Ugs1T0xseF7kvN,Elevate,"Fearless Motivation, ZĒL",Elevate,2/28/2025,37,234500,https://open.spotify.com/track/70b5fOz9Ugs1T0xseF7kvN,energetic,elevate
4xkOaSrkexMciUUogZKVTS,Till I Collapse,"Eminem, Nate Dogg",The Eminem Show,5/26/2002,83,297786,https://open.spotify.com/track/4xkOaSrkexMciUUogZKVTS,energetic,till i collapse
4kp87A70S6mIQEQqFr4r1j,Beast Unleashed,"Fearless Motivation, Alpha",Recharge,6/19/2020,37,234000,https://open.spotify.com/track/4kp87A70S6mIQEQqFr4r1j,energetic,beast unleashed
3fgehc497TFqKH1zBL2YNK,Heavy Is the Crown,Linkin Park,Heavy Is the Crown,9/24/2024,73,167012,https://open.spotify.com/track/3fgehc497TFqKH1zBL2YNK,energetic,heavy is the crown
5qXf4t8JeJ9TJJAakCci5Z,I AM The Storm,"Fearless Motivation, R Reed, Pendo46",I AM The Storm,5/23/2025,38,211201,https://open.spotify.com/track/5qXf4t8JeJ9TJJAakCci5Z,energetic,i am the storm
5cS0hHTSMbMlrXCHON1pQx,Tap Out (I Won't),Fearless Motivation,Tap Out (I Won't),9/15/2023,37,198000,https://open.spotify.com/track/5cS0hHTSMbMlrXCHON1pQx,energetic,tap out i wont
2T3w7ohdeZNs7noXuIlHrr,Born For Greatness,Papa Roach,Crooked Teeth (Deluxe),5/19/2017,42,227847,https://open.spotify.com/track/2T3w7ohdeZNs7noXuIlHrr,energetic,born for greatness
2gjgAWkkeM8u849gkTV9ow,FREEFALL (feat. Chris Daughtry),"NOTHING MORE, Daughtry",CARNAL (Deluxe),3/28/2025,57,226875,https://open.spotify.com/track/2gjgAWkkeM8u849gkTV9ow,energetic,freefall feat chris daughtry
6qZC2FEzuWC2IQEaIaF1dz,Don't Ever Call Me Lucky,"Fearless Motivation, R Reed, Pendo46",Don't Ever Call Me Lucky,10/25/2024,35,198000,https://open.spotify.com/track/6qZC2FEzuWC2IQEaIaF1dz,energetic,dont ever call me lucky
14J0jxEhXji6nftFqRNQC1,Locked In,"Fearless Motivation, Pendo46, Frank Bentley",Locked In,7/11/2025,35,228000,https://open.spotify.com/track/14J0jxEhXji6nftFqRNQC1,energetic,locked in
2PnlsTsOTLE5jnBnNe2K0A,The Emptiness Machine,Linkin Park,The Emptiness Machine,9/5/2024,78,190427,https://open.spotify.com/track/2PnlsTsOTLE5jnBnNe2K0A,energetic,the emptiness machine
0Cea26qbFcaItbDBSYUuZ7,The Greatest,"Fearless Motivation, Frank Bentley, ZĒL",The Greatest,9/5/2025,36,172000,https://open.spotify.com/track/0Cea26qbFcaItbDBSYUuZ7,energetic,the greatest
1RqTp8I2XcY9qKcqB33uBe,One Man Army,Fearless Motivation,One Man Army,1/6/2023,37,180000,https://open.spotify.com/track/1RqTp8I2XcY9qKcqB33uBe,energetic,one man army
3tOLkdh1BMaZQUkoCLep2N,Blame Game,"Fearless Motivation, R Reed, Pendo46",Blame Game,6/21/2024,33,205000,https://open.spotify.com/track/3tOLkdh1BMaZQUkoCLep2N,energetic,blame game
7EAV9UHadfuoueIJh9NeOW,You Can Win,Fearless Motivation,Response Ability,3/28/2025,37,158500,https://open.spotify.com/track/7EAV9UHadfuoueIJh9NeOW,energetic,you can win
4ke10RxaICD8Aigf7YTFrd,Last Resort,Papa Roach,The Ultimate Workout Collection: Blood Sweat And Tears,1/1/2009,37,199586,https://open.spotify.com/track/4ke10RxaICD8Aigf7YTFrd,energetic,last resort
3ueljjFhnqncme2Kp4CIjZ,Feather,Fearless Motivation,Recharge,6/19/2020,33,213421,https://open.spotify.com/track/3ueljjFhnqncme2Kp4CIjZ,energetic,feather
3tDWkD9KbHfw1EhgS5CzER,There Is No Pain (feat. Zini),"Fearless Motivation, Zini",There Is No Pain (feat. Zini),2/14/2019,36,220000,https://open.spotify.com/track/3tDWkD9KbHfw1EhgS5CzER,energetic,there is no pain feat zini
4Na9ZzGEE0mE7QLjxptWfG,Dare to Be Different,Fearless Motivation,Dare to Be Different,10/29/2021,33,165500,https://open.spotify.com/track/4Na9ZzGEE0mE7QLjxptWfG,energetic,dare to be different
7w9bgPAmPTtrkt2v16QWvQ,"Lose Yourself - From ""8 Mile"" Soundtrack",Eminem,Curtain Call (Deluxe),12/6/2005,12,326466,https://open.spotify.com/track/7w9bgPAmPTtrkt2v16QWvQ,energetic,lose yourself from 8 mile soundtrack
5JZBveHD4uCBxS4JJsfy4z,Overnight Sucess (Work Win),Fearless Motivation,Overnight Sucess (Work Win),5/30/2025,37,216000,https://open.spotify.com/track/5JZBveHD4uCBxS4JJsfy4z,energetic,overnight sucess work win
3dclgIj0BBf8weaj8ThAv3,What I Live For (HS Remix),Rob Bailey & The Hustle Standard,The Beast Remixes: Axes & Anchors,7/1/2014,38,259245,https://open.spotify.com/track/3dclgIj0BBf8weaj8ThAv3,energetic,what i live for hs remix
2hBqfLbURf46UqvSjHyp7z,One Day or Day One,Faith and Freedom,One Day or Day One,3/7/2025,38,180500,https://open.spotify.com/track/2hBqfLbURf46UqvSjHyp7z,energetic,one day or day one
597jSMXUcyL1vXfk8Ho05f,My Destiny,Fearless Motivation,My Destiny,3/3/2023,31,220000,https://open.spotify.com/track/597jSMXUcyL1vXfk8Ho05f,energetic,my destiny
3aBQMwv60M8v6WfL6YQiTC,Never Fail,Kill ROB Bailey,Over Everything,4/30/2020,35,183964,https://open.spotify.com/track/3aBQMwv60M8v6WfL6YQiTC,energetic,never fail
7JjgKrjtwACgq6oxs8rl6B,Invincible,"Fearless Motivation, ZĒL, Jones 2.0",Invincible,7/25/2025,36,178000,https://open.spotify.com/track/7JjgKrjtwACgq6oxs8rl6B,energetic,invincible
5nJaaUtRKxkdqv0hYH01VO,Stronger Than You Think,Fearless Motivation,Stronger Than You Think,1/18/2025,34,192000,https://open.spotify.com/track/5nJaaUtRKxkdqv0hYH01VO,energetic,stronger than you think
3K1VuhfCrYXdUgDqaCr9HJ,Built from the Struggle,"Fearless Motivation, R Reed, Pendo46",Built from the Struggle,5/2/2025,33,194157,https://open.spotify.com/track/3K1VuhfCrYXdUgDqaCr9HJ,energetic,built from the struggle
7qK3sX9MNReAgUQ6jdTAWC,"Clear Eyes, Full Heart, Can't Lose",T. Powell,Game Day Motivation,1/1/2016,5,176488,https://open.spotify.com/track/7qK3sX9MNReAgUQ6jdTAWC,energetic,clear eyes full heart cant lose
062w13GgPJcjwFsQCr3ZPu,Focal Point,"Fearless Motivation, R Reed",Focal Point,4/19/2024,37,206000,https://open.spotify.com/track/062w13GgPJcjwFsQCr3ZPu,energetic,focal point
0k50wtUK389ghcPuOHd83p,One Percenter,"Fearless Motivation, Alpha",One Percenter,3/25/2022,31,198000,https://open.spotify.com/track/0k50wtUK389ghcPuOHd83p,energetic,one percenter
5b2hkkMia00fLKvNDsq6JW,Stay Strong,"Fearless Motivation, The Julianno",Stay Strong,9/24/2021,36,224096,https://open.spotify.com/track/5b2hkkMia00fLKvNDsq6JW,energetic,stay strong
6Nug2gb5iOdAak1iOcSRfP,Break The Chains,Fearless Motivation,Break The Chains,8/8/2025,33,205000,https://open.spotify.com/track/6Nug2gb5iOdAak1iOcSRfP,energetic,break the chains
0Ip4aU9NHDd0qHOsnJlpU6,F**k Mediocrity,"Fearless Motivation, Alpha",F**k Mediocrity,5/28/2021,33,208951,https://open.spotify.com/track/0Ip4aU9NHDd0qHOsnJlpU6,energetic,fk mediocrity
1rsdxpZe7xRBbJMyo8IFyv,Grind,"Fearless Motivation, Pendo46, Frank Bentley",Grind,5/31/2024,41,165000,https://open.spotify.com/track/1rsdxpZe7xRBbJMyo8IFyv,energetic,grind
5HkFJwR2ot2ZmGsmAn2kRR,Tough Times Don't Last,Fearless Motivation,Tough Times Don't Last,2/3/2023,32,160000,https://open.spotify.com/track/5HkFJwR2ot2ZmGsmAn2kRR,energetic,tough times dont last
1ohtcCnalPA4Zxm0VFn8lM,Breathe Success,Fearless Motivation,Breathe Success,3/15/2024,36,198000,https://open.spotify.com/track/1ohtcCnalPA4Zxm0VFn8lM,energetic,breathe success
1Gi3EXC51Jbts60KIzMadw,Wolf in the Wind,"Fearless Motivation, Jones 2.0, ZĒL",Wolf in the Wind,2/21/2025,34,197509,https://open.spotify.com/track/1Gi3EXC51Jbts60KIzMadw,energetic,wolf in the wind
2h3f2JJ277mqJdGpj5fbkH,Maximum,"Fearless Motivation, The Julianno",Maximum,7/23/2021,36,166148,https://open.spotify.com/track/2h3f2JJ277mqJdGpj5fbkH,energetic,maximum
2qi5CREnypHeWFPHFTc3mt,Get Back Up (Rise Again),"Fearless Motivation, ZĒL",Get Back Up (Rise Again),5/16/2025,41,186973,https://open.spotify.com/track/2qi5CREnypHeWFPHFTc3mt,energetic,get back up rise again
3OfyfNH55t6p65X9Urs5C5,Haters and Traitors,"Fearless Motivation, Pendo46, Alpha",Haters & Traitors,9/12/2025,28,173233,https://open.spotify.com/track/3OfyfNH55t6p65X9Urs5C5,energetic,haters and traitors
1el4JKmwThqCiH2qVpnNJG,Uncommon (feat. East the Unsigned),"Fearless Motivation, East the Unsigned",Uncommon (feat. East the Unsigned),5/2/2019,34,249299,https://open.spotify.com/track/1el4JKmwThqCiH2qVpnNJG,energetic,uncommon feat east the unsigned
00rtLUtR2uFMsKCHerwoAd,Win at All Costs,"Fearless Motivation, Alpha, Jones 2.0",Recharge,6/19/2020,31,178000,https://open.spotify.com/track/00rtLUtR2uFMsKCHerwoAd,energetic,win at all costs
1ladUBaxXxpJyPxO5Rp7BG,Black Sheep,Fearless Motivation,Black Sheep,10/20/2023,30,205000,https://open.spotify.com/track/1ladUBaxXxpJyPxO5Rp7BG,energetic,black sheep
0bqrFwY1HixfnusFxhYbDl,Die in This Town,The Seige,Act IV: Awake,3/27/2018,52,151500,https://open.spotify.com/track/0bqrFwY1HixfnusFxhYbDl,energetic,die in this town
0OecprHnDKkDIYCKEiytQS,Confuse Them with Your Silence,Fearless Motivation,Confuse Them with Your Silence,4/8/2022,34,203000,https://open.spotify.com/track/0OecprHnDKkDIYCKEiytQS,energetic,confuse them with your silence
3IV4swNduIRunHREK80owz,Rollin' (Air Raid Vehicle),Limp Bizkit,Chocolate Starfish And The Hot Dog Flavored Water,10/17/2000,83,213760,https://open.spotify.com/track/3IV4swNduIRunHREK80owz,energetic,rollin air raid vehicle
6pIbLGfw7nJ51lXbUobeYV,I Didn't Come This Far to Only Come This Far (The Journey),Fearless Motivation,Feed Your Mind With Success (Motivational Speeches),5/11/2017,53,150190,https://open.spotify.com/track/6pIbLGfw7nJ51lXbUobeYV,energetic,i didnt come this far to only come this far the journey
0OcvN727UvRLBCryKZgc4f,In My Blood,Fearless Motivation,In My Blood,8/26/2021,36,203336,https://open.spotify.com/track/0OcvN727UvRLBCryKZgc4f,energetic,in my blood
0ObQB64JD21zEb83n2L9Vu,Burn the Boat,"Fearless Motivation, R Reed, Pendo46",Burn the Boat,6/13/2025,31,196000,https://open.spotify.com/track/0ObQB64JD21zEb83n2L9Vu,energetic,burn the boat
5d1XpEszXWCwrG5XN0z0Mc,Butterfly,Fearless Motivation,Butterfly,3/31/2023,31,181000,https://open.spotify.com/track/5d1XpEszXWCwrG5XN0z0Mc,energetic,butterfly
3RmDJQkks8RuTJwLCWSPNO,I Won't Back Down,Fearless Motivation,I Won't Back Down,2/9/2024,30,199000,https://open.spotify.com/track/3RmDJQkks8RuTJwLCWSPNO,energetic,i wont back down
6qSqmqDVlSVYBJtmRRgm2E,Believe (You Gotta),"Fearless Motivation, Alpha",Dare to Be Different,10/29/2021,29,174116,https://open.spotify.com/track/6qSqmqDVlSVYBJtmRRgm2E,energetic,believe you gotta
5rIXPkiycwtLOHqjhQ2PSc,Stand Alone,Fearless Motivation,Stand Alone,2/16/2024,34,195400,https://open.spotify.com/track/5rIXPkiycwtLOHqjhQ2PSc,energetic,stand alone
51DaW6U334rZ19HB0oduYe,Get Out My Way,"Tedashii, Lecrae",Never Fold,3/8/2019,50,208152,https://open.spotify.com/track/51DaW6U334rZ19HB0oduYe,energetic,get out my way
4pMbrTEl3g7IKEVFOZq9zC,Think Strong,Fearless Motivation,Think Strong,1/21/2022,33,155000,https://open.spotify.com/track/4pMbrTEl3g7IKEVFOZq9zC,energetic,think strong
1Q16e4deTgk4Q320yIfl37,Lights Go Down,Bazanji,Mixed Feelings,11/18/2017,48,185294,https://open.spotify.com/track/1Q16e4deTgk4Q320yIfl37,energetic,lights go down
4mOcD0o4jrRG7PUmN8jtmS,Unstoppable,Faith and Freedom,Unstoppable,3/4/2022,32,182301,https://open.spotify.com/track/4mOcD0o4jrRG7PUmN8jtmS,energetic,unstoppable
0WiP9Z0IP9EVLPzxjLUAoJ,On My Own,"Fearless Motivation, R Reed",On My Own,8/16/2024,33,172000,https://open.spotify.com/track/0WiP9Z0IP9EVLPzxjLUAoJ,energetic,on my own
6P6P8DVw49AeU0k1iA5oJ1,Warriors (Who Are We),Fearless Motivation,Warriors (Who Are We),4/18/2025,32,193043,https://open.spotify.com/track/6P6P8DVw49AeU0k1iA5oJ1,energetic,warriors who are we
39redc6YabCDUY5yfMAcRI,We Won't Lose,Fearless Motivation,We Won't Lose,3/3/2024,31,205500,https://open.spotify.com/track/39redc6YabCDUY5yfMAcRI,energetic,we wont lose
2yi0Cgix1gxqMR2CwIjOhN,Focus,"Fearless Motivation, Alpha",Recharge,6/19/2020,30,244663,https://open.spotify.com/track/2yi0Cgix1gxqMR2CwIjOhN,energetic,focus
2EKcaGSVbr50dDVguspyPB,I Am Fearless,"Fearless Motivation, Alpha",I Am Fearless,5/27/2022,31,181000,https://open.spotify.com/track/2EKcaGSVbr50dDVguspyPB,energetic,i am fearless
0P2qdsqXoWSaw0gREsIfM3,Don't Pray for an Easy Life,"Fearless Motivation, Alpha",Don't Pray for an Easy Life,3/11/2022,29,218292,https://open.spotify.com/track/0P2qdsqXoWSaw0gREsIfM3,energetic,dont pray for an easy life
3FUS56gKr9mVBmzvlnodlh,Killing In the Name,Rage Against The Machine,Rage Against The Machine,11/3/1992,56,313666,https://open.spotify.com/track/3FUS56gKr9mVBmzvlnodlh,energetic,killing in the name
6JEec78fRPAxYW8xPPxZ05,Beast (HS Remix),Rob Bailey & The Hustle Standard,The Beast Remixes: Axes & Anchors,7/1/2014,31,276910,https://open.spotify.com/track/6JEec78fRPAxYW8xPPxZ05,energetic,beast hs remix
6KyYrOt1av8vthqZZROgYI,Alpha,"Fearless Motivation, Alpha",Alpha,10/4/2024,31,235500,https://open.spotify.com/track/6KyYrOt1av8vthqZZROgYI,energetic,alpha
5DIflBlLOXKp34oTK5KY2e,Passion,"Fearless Motivation, R Reed",Passion,4/5/2024,31,207999,https://open.spotify.com/track/5DIflBlLOXKp34oTK5KY2e,energetic,passion
0eBi3AtblG7nUcDKYFgC8I,Born to Win,Faith and Freedom,Born to Win,9/17/2021,33,198421,https://open.spotify.com/track/0eBi3AtblG7nUcDKYFgC8I,energetic,born to win
4KQYJgzio4oANyjTqXdAEJ,Nothing I Can't Handle,"Fearless Motivation, R Reed",Nothing I Can't Handle,11/22/2024,33,222500,https://open.spotify.com/track/4KQYJgzio4oANyjTqXdAEJ,energetic,nothing i cant handle
0WIBOeePZxSHOjTmlvRSQk,Most People,"Fearless Motivation, Alpha",Most People,2/11/2021,33,201392,https://open.spotify.com/track/0WIBOeePZxSHOjTmlvRSQk,energetic,most people
2KUMmqW4dvscD5bpHgo0Eg,Pay My Dues,"Fearless Motivation, Alpha",Pay My Dues,11/4/2022,30,239000,https://open.spotify.com/track/2KUMmqW4dvscD5bpHgo0Eg,energetic,pay my dues
7GtmCwdh7hnu32olglfdEO,Show Up,"Fearless Motivation, Frank Bentley",Show Up,8/2/2024,34,192000,https://open.spotify.com/track/7GtmCwdh7hnu32olglfdEO,energetic,show up
1JrtbJJLKVpnM7t0SfnqsS,This Is My Escape,Fearless Motivation,This Is My Escape,6/5/2020,29,164157,https://open.spotify.com/track/1JrtbJJLKVpnM7t0SfnqsS,energetic,this is my escape
2DKoZ1Bi1LGv6VLrqXCGBd,Don't Give Up (It's Not Over),Fearless Motivation,Don't Give Up (It's Not Over),7/4/2025,35,188000,https://open.spotify.com/track/2DKoZ1Bi1LGv6VLrqXCGBd,energetic,dont give up its not over
0H7yYGNPBSYsYorA1IfQlz,When You Feel Like Quitting (Motivational Speech),Fearless Motivation,Strong Mind Strong Life (Motivational Speeches),10/9/2017,0,213124,https://open.spotify.com/track/0H7yYGNPBSYsYorA1IfQlz,energetic,when you feel like quitting motivational speech
6KHlSb29p18dta57LNpF0O,I'm Possible,"Fearless Motivation, Alpha",I'm Possible,11/18/2022,31,196000,https://open.spotify.com/track/6KHlSb29p18dta57LNpF0O,energetic,im possible
3fD4rVp4oqzzNLzUFo0zxI,Keep Going,Faith and Freedom,Keep Going,10/29/2021,36,183000,https://open.spotify.com/track/3fD4rVp4oqzzNLzUFo0zxI,energetic,keep going
07we6FWGk0t0lCbauBUYM5,To the Next Level,"Fearless Motivation, Brendan Woodroff, East the Unsigned, Jones 2.0",To the Next Level,11/12/2018,29,199966,https://open.spotify.com/track/07we6FWGk0t0lCbauBUYM5,energetic,to the next level
2gL6mRB5l4w4O1J5IGgXog,Golden Mind,"Fearless Motivation, Alpha",Golden Mind,1/14/2021,30,212900,https://open.spotify.com/track/2gL6mRB5l4w4O1J5IGgXog,energetic,golden mind
6sAVqEABC9rb45SG71Mza4,Time for War V3.0 (Gym & Fitness Motivation),Fearless Motivation,Fear Less Dominate More (Gym & Sports Motivational Speeches & Workout Music),11/6/2015,30,230331,https://open.spotify.com/track/6sAVqEABC9rb45SG71Mza4,energetic,time for war v30 gym fitness motivation
1HgPXui5ITm3P74J0ffsQt,Now,"Fearless Motivation, R Reed",Now,8/23/2024,33,225000,https://open.spotify.com/track/1HgPXui5ITm3P74J0ffsQt,energetic,now
05jQ1DDBNIszR3Lw07Ay55,Never Been Given Nothing,"Fearless Motivation, Alpha",Passion Power Purpose,8/5/2022,27,198000,https://open.spotify.com/track/05jQ1DDBNIszR3Lw07Ay55,energetic,never been given nothing
0gPGUos3tsM2Jn7CveWfzH,Life,"Fearless Motivation, Alpha",Life,10/14/2021,27,160770,https://open.spotify.com/track/0gPGUos3tsM2Jn7CveWfzH,energetic,life
3B9fSgViwhIqsVa7W9NVZK,For the Glory,All Good Things,Machines,10/20/2017,0,286426,https://open.spotify.com/track/3B9fSgViwhIqsVa7W9NVZK,energetic,for the glory
7jbW1kxZysys4kn0kZa5hU,I Proved Them Wrong,NQM,I Proved Them Wrong,9/13/2024,39,96440,https://open.spotify.com/track/7jbW1kxZysys4kn0kZa5hU,energetic,i proved them wrong
2aWkYGEGsGVm5xVskPt8dY,You're Right,"Fearless Motivation, R Reed",You're Right,11/1/2024,30,217379,https://open.spotify.com/track/2aWkYGEGsGVm5xVskPt8dY,energetic,youre right
4JjUwfp8GQ3PxWg2QPKnpn,300 Violin Orchestra,Jorge Quintero,Hip Hop and Rnb Instrmentals,7/2/2008,58,178025,https://open.spotify.com/track/4JjUwfp8GQ3PxWg2QPKnpn,energetic,300 violin orchestra
0azEcv7hh2BrukY3wPmoTz,Who's in the Mirror,"Fearless Motivation, Alpha",Who's in the Mirror,6/18/2021,29,199780,https://open.spotify.com/track/0azEcv7hh2BrukY3wPmoTz,energetic,whos in the mirror
477VXtocRI1yebUcO631kk,The Fire Within,Big Time Motivation,The Fire Within,5/31/2020,40,185000,https://open.spotify.com/track/477VXtocRI1yebUcO631kk,energetic,the fire within
3VbIlyogFkeMs25k2Vk5af,Titan,"Fearless Motivation, ZĒL",Titan,5/9/2025,31,216500,https://open.spotify.com/track/3VbIlyogFkeMs25k2Vk5af,energetic,titan
4NE0HP0an2mLnFzLyYrgzq,Back from the Dead,"Fearless Motivation, R Reed, Pendo46",Back from the Dead,8/29/2025,38,196000,https://open.spotify.com/track/4NE0HP0an2mLnFzLyYrgzq,energetic,back from the dead
00wGRCKTZHh77OitpY4e1C,Remember Who You Are,Fearless Motivation,Recharge,6/19/2020,28,222000,https://open.spotify.com/track/00wGRCKTZHh77OitpY4e1C,energetic,remember who you are
5GQQ5pCrE9POxtxGG1inxq,Antidote,"Swedish House Mafia, Knife Party",Antidote,2011,0,374124,https://open.spotify.com/track/5GQQ5pCrE9POxtxGG1inxq,energetic,antidote
0QIYINh2AwmOmdu8CRYvlw,Bonfire,Knife Party,Rage Valley,2012,59,272077,https://open.spotify.com/track/0QIYINh2AwmOmdu8CRYvlw,energetic,bonfire
3Pbm75H42VmJcWNkPKOvIx,Whispers in the Dark - Radio Edit,Skillet,Whispers in the Dark,9/19/2006,34,193266,https://open.spotify.com/track/3Pbm75H42VmJcWNkPKOvIx,energetic,whispers in the dark radio edit
1mf2O8EFSQlhYh7pQBAwju,The People United Will Never Be Divided,Fearless Motivation,The People United Will Never Be Divided,12/15/2021,26,182748,https://open.spotify.com/track/1mf2O8EFSQlhYh7pQBAwju,energetic,the people united will never be divided
6mz6QDbT7vGkxAiW4SXkQx,The Lone Warrior,"Fearless Motivation Instrumentals, Masara",Sounds of Power 11,3/29/2024,28,124000,https://open.spotify.com/track/6mz6QDbT7vGkxAiW4SXkQx,energetic,the lone warrior
37Riq0wDXblyAWQy3eBH1f,My Escape: Gym Motivational Speech,Fearless Motivation,My Escape: Gym Motivational Speech,5/26/2018,33,151083,https://open.spotify.com/track/37Riq0wDXblyAWQy3eBH1f,energetic,my escape gym motivational speech
3T5cl6gHq8349XlF1J5Bbr,Reborn,Fearless Motivation,Reborn,9/16/2022,31,184500,https://open.spotify.com/track/3T5cl6gHq8349XlF1J5Bbr,energetic,reborn
4w5bCTMSZeRf0ERs4Wv5oG,Dig Deeper,Fearless Motivation,Freedom,3/12/2021,29,231526,https://open.spotify.com/track/4w5bCTMSZeRf0ERs4Wv5oG,energetic,dig deeper
7bFs4yVuMdy28Ts7vLI2Zt,Before I Forget,Slipknot,Vol. 3 The Subliminal Verses,2004,38,278600,https://open.spotify.com/track/7bFs4yVuMdy28Ts7vLI2Zt,energetic,before i forget
2TDIdCd7vTyTWgg7KKa4ft,Forged by Fire,"Fearless Motivation, ZĒL",Forged by Fire,1/25/2025,35,213000,https://open.spotify.com/track/2TDIdCd7vTyTWgg7KKa4ft,energetic,forged by fire
4NdG5CyaNhB1bPTaXLntnU,Push It,Rick Ross,The Ultimate Workout Collection: Blood Sweat And Tears,1/1/2009,31,208600,https://open.spotify.com/track/4NdG5CyaNhB1bPTaXLntnU,energetic,push it
1AEYT6VxrxXPMoQUxsY0E4,Headstrong,Trapt,Trapt,11/5/2002,73,286000,https://open.spotify.com/track/1AEYT6VxrxXPMoQUxsY0E4,energetic,headstrong
0lrK9r2WHdB6uRWbBbN3ed,Let It Hail,"Fearless Motivation, Alpha",Let It Hail,9/1/2023,31,211000,https://open.spotify.com/track/0lrK9r2WHdB6uRWbBbN3ed,energetic,let it hail
4ODayaHhJI0sIjLMmNFXCY,Papercut,Linkin Park,Hybrid Theory,10/24/2000,1,184866,https://open.spotify.com/track/4ODayaHhJI0sIjLMmNFXCY,energetic,papercut
15DLl1r2zi07Ssq5RT1yT0,Wait and Bleed,Slipknot,Slipknot,1999,76,147840,https://open.spotify.com/track/15DLl1r2zi07Ssq5RT1yT0,energetic,wait and bleed
7bmzlBehJsHqzLWllTpFiQ,Prove Them Wrong,Faith and Freedom,Prove Them Wrong,9/19/2025,36,168000,https://open.spotify.com/track/7bmzlBehJsHqzLWllTpFiQ,energetic,prove them wrong
68uaYimE3iijKNNTn2pZMP,I AM A MACHINE,Fearless Motivation,Strong Alone,4/21/2023,31,182000,https://open.spotify.com/track/68uaYimE3iijKNNTn2pZMP,energetic,i am a machine
4c3MDXAW6Jw4gDzSkh425s,One For The Ages,Fearless Motivation,One For The Ages,11/3/2023,31,226000,https://open.spotify.com/track/4c3MDXAW6Jw4gDzSkh425s,energetic,one for the ages
1VgR6N9qH2bWmdKD0FF9Ex,What It Takes to Be a Champion,Faith and Freedom,What It Takes to Be a Champion,8/26/2022,31,190213,https://open.spotify.com/track/1VgR6N9qH2bWmdKD0FF9Ex,energetic,what it takes to be a champion
7lmeHLHBe4nmXzuXc0HDjk,Testify,Rage Against The Machine,The Battle Of Los Angeles,11/2/1999,63,210133,https://open.spotify.com/track/7lmeHLHBe4nmXzuXc0HDjk,energetic,testify
6LEivhro8JO3CDN7PXp4tL,WAKANDA,"Maga, Gabidulin",WAKANDA,10/26/2020,36,168071,https://open.spotify.com/track/6LEivhro8JO3CDN7PXp4tL,energetic,wakanda
6ACGFCYTDYE9qNAEy2T9zN,Intro,Neff Nuffsed,I.D. Illegal Dreamer,10/14/2013,43,275221,https://open.spotify.com/track/6ACGFCYTDYE9qNAEy2T9zN,energetic,intro
5V3mdRI2yQxbSsJGDPc5lD,Chop Suey!,System Of A Down,Toxicity,1/1/2001,6,210240,https://open.spotify.com/track/5V3mdRI2yQxbSsJGDPc5lD,energetic,chop suey
7gwDD9iU5QMlwaGc0iqYzt,Down but Never Out,Fearless Motivation,Freedom,3/12/2021,31,150236,https://open.spotify.com/track/7gwDD9iU5QMlwaGc0iqYzt,energetic,down but never out
0hxWhpWdSOIll5zB3U8l9D,Spartan,"Midi Monstaz, Risko Funk",Defcon 7 Beat Tape,12/23/2019,1,61344,https://open.spotify.com/track/0hxWhpWdSOIll5zB3U8l9D,energetic,spartan
2xxMCCFva1GRQAYl2rlrpM,Freak On a Leash,Korn,The Essential Korn,2011,42,255573,https://open.spotify.com/track/2xxMCCFva1GRQAYl2rlrpM,energetic,freak on a leash
2gW7jNoJ9GxSrMWV2A5Aqr,Getting Away With Murder,Papa Roach,To Be Loved: The Best Of Papa Roach (Explicit Version),1/1/2010,0,190613,https://open.spotify.com/track/2gW7jNoJ9GxSrMWV2A5Aqr,energetic,getting away with murder
4MfbsOIxa3L1XPGjY3cPWK,Outwork,Kill ROB Bailey,Over Everything,4/30/2020,36,250928,https://open.spotify.com/track/4MfbsOIxa3L1XPGjY3cPWK,energetic,outwork
0ysn493dAvoq4Pb7HbW6bD,Fast Lane,Bad Meets Evil,Hell: The Sequel (Deluxe Explicit Version),1/1/2011,0,249546,https://open.spotify.com/track/0ysn493dAvoq4Pb7HbW6bD,energetic,fast lane
0imHJ8ynDyy0taNcItNxAC,The Bank,NQM,The Bank,10/25/2024,38,176333,https://open.spotify.com/track/0imHJ8ynDyy0taNcItNxAC,energetic,the bank
7oVEtyuv9NBmnytsCIsY5I,BURN IT DOWN,Linkin Park,LIVING THINGS,6/19/2012,80,230253,https://open.spotify.com/track/7oVEtyuv9NBmnytsCIsY5I,energetic,burn it down
2ch0avfEXhOIapy4CdrA0O,Shit Towne,Live,Throwing Copper,1/1/1994,34,228240,https://open.spotify.com/track/2ch0avfEXhOIapy4CdrA0O,energetic,shit towne
1zOaxkbS1kAY1gIi0g8sOm,It's My Life,Bon Jovi,Crush,6/13/2000,3,224493,https://open.spotify.com/track/1zOaxkbS1kAY1gIi0g8sOm,energetic,its my life
18lR4BzEs7e3qzc0KVkTpU,What I've Done,Linkin Park,Minutes to Midnight,5/14/2007,85,205226,https://open.spotify.com/track/18lR4BzEs7e3qzc0KVkTpU,energetic,what ive done
3cwDSDzTiWr5H5xMQhQ6Mx,Du hast,Rammstein,Sehnsucht,8/25/1997,2,234226,https://open.spotify.com/track/3cwDSDzTiWr5H5xMQhQ6Mx,energetic,du hast
21wVGIsZBuA1fD8zB8T3qR,Dig Deeper,"Fearless Motivation, Alpha",Dig Deeper,3/5/2021,34,231526,https://open.spotify.com/track/21wVGIsZBuA1fD8zB8T3qR,energetic,dig deeper
3FDpbkGZjjo07zoAcbR4un,Warrior Mentality (Motivational Speech),Fearless Motivation,Warrior Mentality (Motivational Speech),1/28/2022,37,340348,https://open.spotify.com/track/3FDpbkGZjjo07zoAcbR4un,energetic,warrior mentality motivational speech
57bgtoPSgt236HzfBOd8kj,Thunderstruck,AC/DC,The Razors Edge,9/24/1990,86,292880,https://open.spotify.com/track/57bgtoPSgt236HzfBOd8kj,energetic,thunderstruck
0shhngpGC6qR0ByCLchReX,All Over You,Live,Throwing Copper,1/1/1994,38,239533,https://open.spotify.com/track/0shhngpGC6qR0ByCLchReX,energetic,all over you
10caXNKOpIQ7ZJ96XS57d4,I Didn't Come This Far to Only Come This Far (Greatness Remix),Fearless Motivation,I Didn't Come This Far to Only Come This Far (Greatness Remix),11/28/2022,33,142706,https://open.spotify.com/track/10caXNKOpIQ7ZJ96XS57d4,energetic,i didnt come this far to only come this far greatness remix
0bVtevEgtDIeRjCJbK3Lmv,Welcome To The Jungle,Guns N' Roses,Appetite For Destruction,7/21/1987,11,272026,https://open.spotify.com/track/0bVtevEgtDIeRjCJbK3Lmv,energetic,welcome to the jungle
1hKdDCpiI9mqz1jVHRKG0E,Enter Sandman,Metallica,Metallica,8/12/1991,7,331573,https://open.spotify.com/track/1hKdDCpiI9mqz1jVHRKG0E,energetic,enter sandman
3LM41UarpHPJkUZ7rVbbGx,Creeping Death,Metallica,Ride The Lightning,7/27/1984,0,395133,https://open.spotify.com/track/3LM41UarpHPJkUZ7rVbbGx,energetic,creeping death
2Ad7XA54Jw0YyBF5rjiFyl,March Of The Pigs,Nine Inch Nails,The Downward Spiral,3/8/1994,0,178426,https://open.spotify.com/track/2Ad7XA54Jw0YyBF5rjiFyl,energetic,march of the pigs
5LyRtsQLhcXmy50VXhQXXS,Holy Wars...The Punishment Due - 2004 Remix,Megadeth,Rust In Peace (2004 Remix / Expanded Edition),10/4/1990,69,392600,https://open.spotify.com/track/5LyRtsQLhcXmy50VXhQXXS,energetic,holy warsthe punishment due 2004 remix
6gZVQvQZOFpzIy3HblJ20F,Man in the Box,Alice In Chains,Facelift,8/1/1990,79,285200,https://open.spotify.com/track/6gZVQvQZOFpzIy3HblJ20F,energetic,man in the box
0L7zm6afBEtrNKo6C6Gj08,Painkiller,Judas Priest,Painkiller,9/26/1990,66,365826,https://open.spotify.com/track/0L7zm6afBEtrNKo6C6Gj08,energetic,painkiller
769cLRTw2y6KRdkFWFkxtu,Domination,Pantera,Cowboys from Hell,7/20/1990,68,305293,https://open.spotify.com/track/769cLRTw2y6KRdkFWFkxtu,energetic,domination
5dclpFokYTrD629C3SJ3yw,Run This,Rob Bailey & The Hustle Standard,Beast,10/15/2013,44,228493,https://open.spotify.com/track/5dclpFokYTrD629C3SJ3yw,energetic,run this
20KUzCMs22osRkavPuShDl,Never Seen Runaway (Lost Soul & Genjo Mix),Jay Kill & The Hustle Standard,Never Seen Runaway (Lost Soul & Genjo Mix),7/23/2013,36,244029,https://open.spotify.com/track/20KUzCMs22osRkavPuShDl,energetic,never seen runaway lost soul genjo mix
3SeZzF0iKVwsqfpZcQeA4r,Hold Strong,Rob Bailey & The Hustle Standard,Battle Tested,5/15/2012,53,247598,https://open.spotify.com/track/3SeZzF0iKVwsqfpZcQeA4r,energetic,hold strong
1qWI8HJ9xEqCb2nZhyaOsd,Bitter Better,Fearless Motivation,Bitter Better,7/30/2021,28,180419,https://open.spotify.com/track/1qWI8HJ9xEqCb2nZhyaOsd,energetic,bitter better
4RrE66F7xCdUz1uhPw0nT1,Chosen One,Fearless Motivation,Chosen One,11/7/2020,32,220159,https://open.spotify.com/track/4RrE66F7xCdUz1uhPw0nT1,energetic,chosen one
6fd3mZrsVbe7N6whWrlZYv,Hungry,Rob Bailey & The Hustle Standard,Battle Tested,5/15/2012,56,265824,https://open.spotify.com/track/6fd3mZrsVbe7N6whWrlZYv,energetic,hungry
014V6u9VubefjaPPl1QkTJ,Phenomenal,Eminem,Southpaw (Music From And Inspired By The Motion Picture),7/24/2015,1,282546,https://open.spotify.com/track/014V6u9VubefjaPPl1QkTJ,energetic,phenomenal
2ULD6S6VetDMjeXUHwpr0u,Warrior (Motivational Speech),"Fearless Motivation, Jones 2.0",Warrior (Motivational Speech) [feat. Jones 2.0],9/15/2016,36,157139,https://open.spotify.com/track/2ULD6S6VetDMjeXUHwpr0u,energetic,warrior motivational speech
3zmduBNsQ6BPDTZAkXzG5K,Can't Be Touched (feat. Mr. Magic & Trouble),"Roy Jones Jr., Mr Magic, Trouble","Body Head Bangerz, Vol. 1",10/26/2004,73,214400,https://open.spotify.com/track/3zmduBNsQ6BPDTZAkXzG5K,energetic,cant be touched feat mr magic trouble
3QdXQL2WQlwQN1OWX1QUpG,The Lion Attitude (Motivational Speech),Fearless Motivation,The Lion Attitude (Motivational Speech),11/18/2016,36,342510,https://open.spotify.com/track/3QdXQL2WQlwQN1OWX1QUpG,energetic,the lion attitude motivational speech
0sp00HSXkQyqTa6QqM0O8V,Leave Out All The Rest,Linkin Park,Minutes to Midnight,5/14/2007,74,209306,https://open.spotify.com/track/0sp00HSXkQyqTa6QqM0O8V,energetic,leave out all the rest
017XaQhO0Q3W254wACNhV6,My Word (Motivational Speech),Fearless Motivation,My Word (Motivational Speech),4/12/2017,40,205653,https://open.spotify.com/track/017XaQhO0Q3W254wACNhV6,energetic,my word motivational speech
5O9Dz0h08LuBi0aVvDcylh,The Resistance,Skillet,Unleashed,8/5/2016,76,232066,https://open.spotify.com/track/5O9Dz0h08LuBi0aVvDcylh,energetic,the resistance
0UiboHamicH5QSscXxMfJk,Your Results Are a Mirror (Motivational Speech),Fearless Motivation,Strong Mind Strong Life (Motivational Speeches),10/9/2017,0,257012,https://open.spotify.com/track/0UiboHamicH5QSscXxMfJk,energetic,your results are a mirror motivational speech
3vTweVhyRgJIjthsLnynQs,Warrior (Ultimate Fighter Theme),Bonez,Warrior (Ultimate Fighter Theme),2/4/2015,38,200538,https://open.spotify.com/track/3vTweVhyRgJIjthsLnynQs,energetic,warrior ultimate fighter theme
4CbKVDZkYKdv69I4bCaKUq,Hero,Skillet,Awake,8/21/2009,76,186813,https://open.spotify.com/track/4CbKVDZkYKdv69I4bCaKUq,energetic,hero
7uo4ytX0qn5z3RxZNU5LQt,Dig Deeper (Motivational Speech),Fearless Motivation,Dig Deeper (Motivational Speech),8/4/2018,33,338885,https://open.spotify.com/track/7uo4ytX0qn5z3RxZNU5LQt,energetic,dig deeper motivational speech
6f4kA6R95cUJWQ9geSTB6c,Try 'n Hold Me Back,Rob Bailey & The Hustle Standard,Battle Tested,5/15/2012,46,231149,https://open.spotify.com/track/6f4kA6R95cUJWQ9geSTB6c,energetic,try n hold me back
0Cw5iiA8OHWIhuIIA8u8N5,"Go Hard, Go Home (feat. Giz, Swellz & Choppa)","Roy Jones Jr., Giz, Swellz, Choppa","Body Head Bangerz, Vol. 1",10/26/2004,57,325333,https://open.spotify.com/track/0Cw5iiA8OHWIhuIIA8u8N5,energetic,go hard go home feat giz swellz choppa
0WKY4nRJgz3GUG7IqkTgUH,Beast,Rob Bailey & The Hustle Standard,Beast,10/15/2013,51,252632,https://open.spotify.com/track/0WKY4nRJgz3GUG7IqkTgUH,energetic,beast
2vA00G6RJAR6XAZB4SOPKV,I Like These Odds,Jay Kill & The Hustle Standard,Becoming Animal,9/30/2014,36,250000,https://open.spotify.com/track/2vA00G6RJAR6XAZB4SOPKV,energetic,i like these odds
4Yf5bqU3NK4kNOypcrLYwU,Faint,Linkin Park,Meteora,3/25/2003,83,162106,https://open.spotify.com/track/4Yf5bqU3NK4kNOypcrLYwU,energetic,faint
0oa4A0xgnOJZRtabdfhKmK,PRAY 4 ME,LaLion,PRAY 4 ME,8/29/2024,42,221645,https://open.spotify.com/track/0oa4A0xgnOJZRtabdfhKmK,energetic,pray 4 me
435cq2holevLjeBpxTRu2z,Dear Obstacle I Will Destroy You (Motivational Speech),Fearless Motivation,Dear Obstacle I Will Destroy You (Motivational Speech),11/28/2018,30,143704,https://open.spotify.com/track/435cq2holevLjeBpxTRu2z,energetic,dear obstacle i will destroy you motivational speech
6OSNG3ajax69sNsmTEaPyJ,Dreamers & Believers,The Fire & Fury,Dreamers & Believers,3/10/2015,32,201653,https://open.spotify.com/track/6OSNG3ajax69sNsmTEaPyJ,energetic,dreamers believers
5kUKTfd2fSpS57ewbfU821,The Results Will Come (Motivational Speech),Fearless Motivation,The Results Will Come (Motivational Speech),5/14/2019,30,210524,https://open.spotify.com/track/5kUKTfd2fSpS57ewbfU821,energetic,the results will come motivational speech
0XyH1sKFvC4iu8mbG6Dz6S,I Am,"Fearless Motivation, Alpha",Headphones on World Off,7/8/2019,35,222296,https://open.spotify.com/track/0XyH1sKFvC4iu8mbG6Dz6S,energetic,i am
2GR8hGhsZYFRX7eLzKqY6z,Make It Count,Fearless Motivation,Headphones on World Off,7/8/2019,30,202000,https://open.spotify.com/track/2GR8hGhsZYFRX7eLzKqY6z,energetic,make it count
77QWTtVLPM5R1nzHH05xs1,Time for War,Fearless Motivation,Time for War,1/1/2020,31,279652,https://open.spotify.com/track/77QWTtVLPM5R1nzHH05xs1,energetic,time for war
3BSemrj96P69jU3wTGQONJ,Born for This,Outskrts,Born for This,3/6/2020,0,168800,https://open.spotify.com/track/3BSemrj96P69jU3wTGQONJ,energetic,born for this
6f67Z15p6GuYWmsMbWqCM0,My Life,T-Zank,My Life - Single,1/24/2017,26,233795,https://open.spotify.com/track/6f67Z15p6GuYWmsMbWqCM0,energetic,my life
1scb2yfoDH3jXISfjXtIro,Didn't Come This Far,Fearless Motivation,Recharge,6/19/2020,27,233598,https://open.spotify.com/track/1scb2yfoDH3jXISfjXtIro,energetic,didnt come this far
4U0p10TUdRyhQ06ZqGAtxx,Undead,Hollywood Undead,Swan Songs,2008,1,265053,https://open.spotify.com/track/4U0p10TUdRyhQ06ZqGAtxx,energetic,undead
5RBcBHxNnwInGpmuMT3Z1J,Hero,"Fearless Motivation, Alpha",Recharge,6/19/2020,29,217759,https://open.spotify.com/track/5RBcBHxNnwInGpmuMT3Z1J,energetic,hero
3jGCa5jVy0fqPTXqnbf26h,I Am a Champion,"Fearless Motivation, Alpha",Recharge,6/19/2020,27,167797,https://open.spotify.com/track/3jGCa5jVy0fqPTXqnbf26h,energetic,i am a champion
4NSIKsLrHEsQye6cVfKHmA,No Pain No Gain,"A-Connection, Fearless Motivation, Skam, Skrillaw",No Pain No Gain,11/19/2019,28,237866,https://open.spotify.com/track/4NSIKsLrHEsQye6cVfKHmA,energetic,no pain no gain
1cGhHMN5kOev9y6OuJWj09,Flick on Beast Mode (Sound the Siren),Fearless Motivation,Recharge,6/19/2020,26,225075,https://open.spotify.com/track/1cGhHMN5kOev9y6OuJWj09,energetic,flick on beast mode sound the siren
3tACFczr3tjLTvcPpphSYu,Beast Mode,Club Danger,Club Danger,9/18/2020,25,160009,https://open.spotify.com/track/3tACFczr3tjLTvcPpphSYu,energetic,beast mode
4hQid3wARM4Q14Ggq9t2Rx,Discipline,"Fearless Motivation, Alpha",Freedom,3/12/2021,27,196656,https://open.spotify.com/track/4hQid3wARM4Q14Ggq9t2Rx,energetic,discipline
3sPrHl0kn4Js151kgL91G1,Time for War,"Black Hydra, Easy Mccoy",Time for War,6/6/2020,33,148314,https://open.spotify.com/track/3sPrHl0kn4Js151kgL91G1,energetic,time for war
1LzULNONTxWfNnBqq2EM8o,Grudge,Zaria,Grudge,10/28/2021,24,165704,https://open.spotify.com/track/1LzULNONTxWfNnBqq2EM8o,energetic,grudge
6JWdUpT22YUgCpgzoUhey6,Undefeated,"Fearless Motivation, Alpha",Dare to Be Different,10/29/2021,27,202021,https://open.spotify.com/track/6JWdUpT22YUgCpgzoUhey6,energetic,undefeated
7EhAzzH5f0mxo9gG50wJ4g,Every Day (Freedom Series),Fearless Motivation,Every Day (Freedom Series),12/14/2021,27,145790,https://open.spotify.com/track/7EhAzzH5f0mxo9gG50wJ4g,energetic,every day freedom series
6zjKYsWVX5WDHmgNgtsWu0,I Am Unbreakable,Fearless Motivation,I Am Unbreakable,2/4/2022,30,197508,https://open.spotify.com/track/6zjKYsWVX5WDHmgNgtsWu0,energetic,i am unbreakable
2cpIZ0zfnlNNwk99Hmpwpn,In The End,"Tommee Profitt, Fleurie, Jung Youth",Covers (Vol. 1),5/1/2020,55,234715,https://open.spotify.com/track/2cpIZ0zfnlNNwk99Hmpwpn,energetic,in the end
5cY8Tu14Yz0ERswpPQB0vQ,Rekt,"Rob Bailey & The Hustle Standard, Hustle Standard",Spectrum,5/1/2018,38,289478,https://open.spotify.com/track/5cY8Tu14Yz0ERswpPQB0vQ,energetic,rekt
3tLp72iMRY9KCm1K6xZfdQ,Legacy,BIGMOO,Legacy,4/30/2018,44,221727,https://open.spotify.com/track/3tLp72iMRY9KCm1K6xZfdQ,energetic,legacy
7sjdQvHoUL10jC0VRhf2eg,I Am Not Done (HD Smith Remix) [feat. Moxiie],"Rob Bailey & The Hustle Standard, Moxiie",The Beast Remixes: Axes & Anchors,7/1/2014,32,255000,https://open.spotify.com/track/7sjdQvHoUL10jC0VRhf2eg,energetic,i am not done hd smith remix feat moxiie
6XnJv7yHUP7mf4Wa4jciZu,Keep Going (Motivational Speech),Fearless Motivation,Keep Going (Motivational Speech),7/29/2022,37,184151,https://open.spotify.com/track/6XnJv7yHUP7mf4Wa4jciZu,energetic,keep going motivational speech
37LHHq6MKVRF31FNjrUlhn,Under Pressure,"Fearless Motivation, Alpha",Under Pressure,8/26/2022,26,225000,https://open.spotify.com/track/37LHHq6MKVRF31FNjrUlhn,energetic,under pressure
4AHN79ntct6qFFpqPmtDbQ,I Back Myself,Fearless Motivation,Strong Alone,4/21/2023,30,186600,https://open.spotify.com/track/4AHN79ntct6qFFpqPmtDbQ,energetic,i back myself
0nkzd3yNniB767zSDDdLZ3,Awake and Alive,Skillet,Awake,8/21/2009,75,209493,https://open.spotify.com/track/0nkzd3yNniB767zSDDdLZ3,energetic,awake and alive
3wuCCNCnBhJlwkIJTBZFiv,They Don't Care About Us,Michael Jackson,"HIStory - PAST, PRESENT AND FUTURE - BOOK I",6/16/1995,78,284160,https://open.spotify.com/track/3wuCCNCnBhJlwkIJTBZFiv,energetic,they dont care about us
3cWQDKcIhP74CTfkxoCN0J,Psycho In My Head,Skillet,Dominion: Day of Destiny,2/17/2023,62,197480,https://open.spotify.com/track/3cWQDKcIhP74CTfkxoCN0J,energetic,psycho in my head
3TJJvTHXyI1FLZdYVYtmfy,Keep Coming Back,Rob Bailey & The Hustle Standard,6,1/28/2020,38,202858,https://open.spotify.com/track/3TJJvTHXyI1FLZdYVYtmfy,energetic,keep coming back
0kqFwYcSXiDw6ffhhdFxV7,Work Hustle Kill,Rob Bailey & The Hustle Standard,Work Hustle Kill,9/25/2011,37,209166,https://open.spotify.com/track/0kqFwYcSXiDw6ffhhdFxV7,energetic,work hustle kill
5qGizZYD1lbhGFdTR1yoFv,Motivated,NF,Mansion,3/31/2015,49,261200,https://open.spotify.com/track/5qGizZYD1lbhGFdTR1yoFv,energetic,motivated
5OH668jZItauAxxvk9iDIA,IV,"Rob Bailey & The Hustle Standard, Hustle Standard",Spectrum,5/1/2018,39,252510,https://open.spotify.com/track/5OH668jZItauAxxvk9iDIA,energetic,iv
3A5DYhoiuOgIb0VEq8eecl,Godly,"Tommee Profitt, Vo Williams",Cinematic Songs (Vol. 8),9/15/2023,34,244636,https://open.spotify.com/track/3A5DYhoiuOgIb0VEq8eecl,energetic,godly
0wcSfx10w5qS7qrfpQUd2N,Keep Showing Up (Greatness Remix),Fearless Motivation,Keep Showing Up (Greatness Remix),12/16/2022,33,114374,https://open.spotify.com/track/0wcSfx10w5qS7qrfpQUd2N,energetic,keep showing up greatness remix
0VsNEfYvAYu9sOMSl8flFA,Little Fight Left,"Tommee Profitt, Fleurie, Jung Youth",Cinematic Songs (Vol. 8),9/15/2023,32,159473,https://open.spotify.com/track/0VsNEfYvAYu9sOMSl8flFA,energetic,little fight left
4ePKbzLwkIBslceokt2iXZ,I Am Defiant,The Seige,I Am Defiant,4/23/2018,54,248880,https://open.spotify.com/track/4ePKbzLwkIBslceokt2iXZ,energetic,i am defiant
36A49ObYDDXI1jiSJpkmIT,Dig Deep and Find Life (Greatness Remix),Fearless Motivation,Dig Deep and Find Life (Greatness Remix),12/16/2022,33,183532,https://open.spotify.com/track/36A49ObYDDXI1jiSJpkmIT,energetic,dig deep and find life greatness remix
73NtZzF64JUKqki1lPYJU8,Sacrifice,"Rob Bailey & The Hustle Standard, Hustle Standard",Spectrum,5/1/2018,41,213428,https://open.spotify.com/track/73NtZzF64JUKqki1lPYJU8,energetic,sacrifice
7cZf3Wlzkl0txFv0TQzNHW,No Days Off,Fearless Motivation,No Days Off,4/12/2024,34,199422,https://open.spotify.com/track/7cZf3Wlzkl0txFv0TQzNHW,energetic,no days off
3X8jkxJVQp70dXl4UqUomD,Heart of a Champion,Rob Bailey & The Hustle Standard,Heart of a Champion,6/14/2024,47,179344,https://open.spotify.com/track/3X8jkxJVQp70dXl4UqUomD,energetic,heart of a champion
4GssB27iJeqmfGxS94Tfij,Popular Monster,Falling In Reverse,Popular Monster,11/20/2019,69,220537,https://open.spotify.com/track/4GssB27iJeqmfGxS94Tfij,energetic,popular monster
4Pp7tPCBM9ywQexWvCz6iH,Bulletproof,Godsmack,When Legends Rise,4/27/2018,57,177048,https://open.spotify.com/track/4Pp7tPCBM9ywQexWvCz6iH,energetic,bulletproof
5DooySfCD1xCJ49gQm9rx7,Boom,P.O.D.,Satellite (U.S. Version),9/11/2001,67,190760,https://open.spotify.com/track/5DooySfCD1xCJ49gQm9rx7,energetic,boom
6M47gaKejso9772SKTa3yH,Face Off,"Tech N9ne, Joey Cool, King Iso, Dwayne Johnson",ASIN9NE,10/8/2021,61,219802,https://open.spotify.com/track/6M47gaKejso9772SKTa3yH,energetic,face off
3C0aAffNHdoN68Of2Vwpkq,Animal,The Seige,Boneshaker,7/5/2017,44,134440,https://open.spotify.com/track/3C0aAffNHdoN68Of2Vwpkq,energetic,animal
5d8Wq39QLT6OQWsY9paz5n,Zombie,Bad Wolves,Disobey,5/11/2018,74,254805,https://open.spotify.com/track/5d8Wq39QLT6OQWsY9paz5n,energetic,zombie
23Vf9hNoBN8AacpUUHbiRy,War,Sum 41,13 Voices,10/7/2016,64,209666,https://open.spotify.com/track/23Vf9hNoBN8AacpUUHbiRy,energetic,war
0QpvnynYErr67uA68qDT9e,Help,Papa Roach,Crooked Teeth (Deluxe),5/19/2017,49,214797,https://open.spotify.com/track/0QpvnynYErr67uA68qDT9e,energetic,help
3oLe5ZILASG8vU5dxIMfLY,The Search,NF,The Search,7/26/2019,73,248053,https://open.spotify.com/track/3oLe5ZILASG8vU5dxIMfLY,energetic,the search
0xoyUiHhxVH4gwb0CRgNmg,Like A Villain,Bad Omens,THE DEATH OF PEACE OF MIND,2/25/2022,60,210685,https://open.spotify.com/track/0xoyUiHhxVH4gwb0CRgNmg,energetic,like a villain
2SL6oP2YAEQbqsrkOzRGO4,Venom - Music From The Motion Picture,Eminem,Kamikaze,8/31/2018,70,269554,https://open.spotify.com/track/2SL6oP2YAEQbqsrkOzRGO4,energetic,venom music from the motion picture
05HNjbWZuDRdN0l4BVkRk9,Go Forever,Rob Bailey & The Hustle Standard,Go,2/24/2015,39,224000,https://open.spotify.com/track/05HNjbWZuDRdN0l4BVkRk9,energetic,go forever
5UDIJbA6a3epCgntdODPCl,No More Favors,Jay Kill & The Hustle Standard,Becoming Animal,9/30/2014,37,287072,https://open.spotify.com/track/5UDIJbA6a3epCgntdODPCl,energetic,no more favors
07SNyTzawbbC81CQivr2N0,Dial Tone,Catch Your Breath,Shame On Me,10/20/2023,70,200495,https://open.spotify.com/track/07SNyTzawbbC81CQivr2N0,energetic,dial tone
1H6EwW4WMl44qFQINLQ7WH,I Am the Fire,"Rob Bailey & The Hustle Standard, Hustle Standard",Spectrum,5/1/2018,35,303750,https://open.spotify.com/track/1H6EwW4WMl44qFQINLQ7WH,energetic,i am the fire
19YVUctXU3dKW6CCsO3xn5,Accountable,"Rob Bailey & The Hustle Standard, Hustle Standard",Spectrum,5/1/2018,36,296207,https://open.spotify.com/track/19YVUctXU3dKW6CCsO3xn5,energetic,accountable
0SSSHiUMCFOXhhTxBiTGNj,Never Fail Me,Rob Bailey & The Hustle Standard,Never Fail Me (Clean),9/6/2024,29,139436,https://open.spotify.com/track/0SSSHiUMCFOXhhTxBiTGNj,energetic,never fail me
3znflhT93gIA5VICEoq5dt,I AM THE STORM,"Vo Williams, Titus O'Neil, Sonya Bryson-Kirksey",I AM THE STORM,4/25/2024,1,317837,https://open.spotify.com/track/3znflhT93gIA5VICEoq5dt,energetic,i am the storm
4k7HTbpyFhYyaks0Kd2OoW,When Legends Rise,Godsmack,When Legends Rise,4/27/2018,56,172826,https://open.spotify.com/track/4k7HTbpyFhYyaks0Kd2OoW,energetic,when legends rise
23OG0Yyaa2BuBFvJbsOy2L,Everything I Have,R Reed,Everything I Have,11/2/2024,35,197538,https://open.spotify.com/track/23OG0Yyaa2BuBFvJbsOy2L,energetic,everything i have
3IhVDvnFxEabmJLVBThraI,Look at Me Now,NQM,Look at Me Now,11/29/2024,37,128000,https://open.spotify.com/track/3IhVDvnFxEabmJLVBThraI,energetic,look at me now
3MfqS0MYdNOZ5Xk7itm4jJ,I Will Not Break,Disturbed,I Will Not Break,2/21/2025,53,292058,https://open.spotify.com/track/3MfqS0MYdNOZ5Xk7itm4jJ,energetic,i will not break
0reriKDAcLBIEgf3QjX6DC,High On Me: Retold,"Saliva, Lauren Babic, Judge & Jury",Revelation: Retold,1/31/2025,13,181320,https://open.spotify.com/track/0reriKDAcLBIEgf3QjX6DC,energetic,high on me retold
2Ak02XYzqDp9gvmIJA3q8I,Wolf in the Wind (Hurricane Mix),Fearless Motivation,Response Ability,3/28/2025,29,196000,https://open.spotify.com/track/2Ak02XYzqDp9gvmIJA3q8I,energetic,wolf in the wind hurricane mix
0GRi1Qod5iYklaOlz9vr0O,Get Back Up,"Fearless Motivation, ZĒL",Get Back Up,4/4/2025,34,201000,https://open.spotify.com/track/0GRi1Qod5iYklaOlz9vr0O,energetic,get back up
7ccC26pJ3aDG81sS4FwdXF,Remember the Name (feat. Styles of Beyond),"Fort Minor, Styles Of Beyond",The Rising Tied (Deluxe Edition),2005,69,230493,https://open.spotify.com/track/7ccC26pJ3aDG81sS4FwdXF,energetic,remember the name feat styles of beyond
4TuWpzG7qyEiqWHqMWSb4S,WHO'S GONNA CARRY THE BOATS (THEY DON'T KNOW ME SON),"Akira The Don, David Goggins",GOGGINS II,7/19/2024,40,192000,https://open.spotify.com/track/4TuWpzG7qyEiqWHqMWSb4S,energetic,whos gonna carry the boats they dont know me son
2mNQYsAPM2lwSpG8BCcqXt,We're Doing It,Rob Bailey & The Hustle Standard,Go,2/24/2015,43,240652,https://open.spotify.com/track/2mNQYsAPM2lwSpG8BCcqXt,energetic,were doing it
1CsuRKOwYT65mMB69OweGz,Locked In (Instrumental),"Fearless Motivation, Pendo46",Locked In,7/11/2025,29,228000,https://open.spotify.com/track/1CsuRKOwYT65mMB69OweGz,energetic,locked in instrumental
2c03eSv5IkwbDty49pKg1L,Soldier of Heaven,Sabaton,The War to End All Wars,3/4/2022,63,218000,https://open.spotify.com/track/2c03eSv5IkwbDty49pKg1L,energetic,soldier of heaven
7gtcqTzEzAoxShDNuAZn6J,Defiance,"Rob Bailey & The Hustle Standard, Hustle Standard",Spectrum,5/1/2018,31,282000,https://open.spotify.com/track/7gtcqTzEzAoxShDNuAZn6J,energetic,defiance
4r2HXKY1QjrdT1uPf82maG,What I Live For,Rob Bailey & The Hustle Standard,Beast,10/15/2013,44,284651,https://open.spotify.com/track/4r2HXKY1QjrdT1uPf82maG,energetic,what i live for
4vp2J1l5RD4gMZwGFLfRAu,I Gotta Feeling,Black Eyed Peas,THE E.N.D. (THE ENERGY NEVER DIES),1/1/2009,7,289133,https://open.spotify.com/track/4vp2J1l5RD4gMZwGFLfRAu,energetic,i gotta feeling
7mitXLIMCflkhZiD34uEQI,Party Rock Anthem,"LMFAO, Lauren Bennett, GoonRock",Sorry For Party Rocking,1/1/2011,75,262146,https://open.spotify.com/track/7mitXLIMCflkhZiD34uEQI,energetic,party rock anthem
2s5YN9O8Qv25BjQobPHWVZ,Like A G6,"Far East Movement, The Cataracs, DEV",Dirty Bass (Deluxe),2012,2,219306,https://open.spotify.com/track/2s5YN9O8Qv25BjQobPHWVZ,energetic,like a g6
2LEF1A8DOZ9wRYikWgVlZ8,Good Feeling,Flo Rida,Wild Ones,6/22/2012,80,248133,https://open.spotify.com/track/2LEF1A8DOZ9wRYikWgVlZ8,energetic,good feeling
6qn9YLKt13AGvpq9jfO8py,We Found Love,"Rihanna, Calvin Harris",Talk That Talk,11/18/2011,84,215226,https://open.spotify.com/track/6qn9YLKt13AGvpq9jfO8py,energetic,we found love
2P4OICZRVAQcYAV2JReRfj,Waiting For Love,Avicii,Stories,10/2/2015,81,230613,https://open.spotify.com/track/2P4OICZRVAQcYAV2JReRfj,energetic,waiting for love
16Cs9KsHzgunxaEfGrXysG,Play Hard (feat. Ne-Yo & Akon) - New Edit,"David Guetta, Akon, Ne-Yo",Play Hard (feat. Ne-Yo & Akon) [New Edit],3/15/2013,63,208845,https://open.spotify.com/track/16Cs9KsHzgunxaEfGrXysG,energetic,play hard feat neyo akon new edit
1oHNvJVbFkexQc0BpQp7Y4,Starships,Nicki Minaj,Pink Friday ... Roman Reloaded,1/1/2011,74,210626,https://open.spotify.com/track/1oHNvJVbFkexQc0BpQp7Y4,energetic,starships
0ct6r3EGTcMLPtrXHDvVjc,The Nights,Avicii,The Days / Nights,1/1/2014,84,176658,https://open.spotify.com/track/0ct6r3EGTcMLPtrXHDvVjc,energetic,the nights
3bC1ahPIYt1btJzSSEyyrF,Whistle,Flo Rida,Wild Ones,6/22/2012,78,224653,https://open.spotify.com/track/3bC1ahPIYt1btJzSSEyyrF,energetic,whistle
5rb9QrpfcKFHM1EUbSIurX,Yeah! (feat. Lil Jon & Ludacris),"USHER, Lil Jon, Ludacris",Confessions (Expanded Edition),3/23/2004,85,250373,https://open.spotify.com/track/5rb9QrpfcKFHM1EUbSIurX,energetic,yeah feat lil jon ludacris
0azC730Exh71aQlOt9Zj3y,This Is What You Came For,"Calvin Harris, Rihanna",This Is What You Came For,4/29/2016,78,222160,https://open.spotify.com/track/0azC730Exh71aQlOt9Zj3y,energetic,this is what you came for
1dzQoRqT5ucxXVaAhTcT0J,Just Dance,"Lady Gaga, Colby O'Donis",The Fame,1/1/2008,83,241933,https://open.spotify.com/track/1dzQoRqT5ucxXVaAhTcT0J,energetic,just dance
4wkQmYpAaMe41Rc3sYZ7Vz,Let's Go (feat. Ne-Yo),"Calvin Harris, Ne-Yo",18 Months,10/29/2012,66,232800,https://open.spotify.com/track/4wkQmYpAaMe41Rc3sYZ7Vz,energetic,lets go feat neyo
2iJuuzV8P9Yz0VSurttIV5,Scream & Shout,"will.i.am, Britney Spears",#willpower,1/1/2013,79,283400,https://open.spotify.com/track/2iJuuzV8P9Yz0VSurttIV5,energetic,scream shout
5UqCQaDshqbIk3pkhy4Pjg,Levels - Radio Edit,Avicii,Levels,10/28/2011,75,199906,https://open.spotify.com/track/5UqCQaDshqbIk3pkhy4Pjg,energetic,levels radio edit
2PpruBYCo4H7WOBJ7Q2EwM,Hey Ya!,Outkast,Speakerboxxx/The Love Below,2003,82,235213,https://open.spotify.com/track/2PpruBYCo4H7WOBJ7Q2EwM,energetic,hey ya
31qgVdvSqTQ7unwQQngycB,Can't Hold Us (feat. Ray Dalton),"Macklemore & Ryan Lewis, Ray Dalton",The Heist (Deluxe Edition),10/9/2012,3,258431,https://open.spotify.com/track/31qgVdvSqTQ7unwQQngycB,energetic,cant hold us feat ray dalton
7oGZAicScQt96OAW4AruYy,Want to Want Me,Jason Derulo,Everything Is 4,5/29/2015,76,207719,https://open.spotify.com/track/7oGZAicScQt96OAW4AruYy,energetic,want to want me
6Knv6wdA0luoMUuuoYi2i1,My House,Flo Rida,My House,4/7/2015,76,192190,https://open.spotify.com/track/6Knv6wdA0luoMUuuoYi2i1,energetic,my house
4fzsfWzRhPawzqhX8Qt9F3,Stronger,Kanye West,Graduation,9/11/2007,11,311866,https://open.spotify.com/track/4fzsfWzRhPawzqhX8Qt9F3,energetic,stronger
0DiWol3AO6WpXZgp0goxAV,One More Time,Daft Punk,Discovery,3/12/2001,81,320357,https://open.spotify.com/track/0DiWol3AO6WpXZgp0goxAV,energetic,one more time
4J7CKHCF3mdL4diUsmW8lq,Under Control (feat. Hurts),"Calvin Harris, Alesso, Hurts",Motion,10/31/2014,72,184280,https://open.spotify.com/track/4J7CKHCF3mdL4diUsmW8lq,energetic,under control feat hurts
4RXpgGM7A4Hg7cFBoH5KyF,Hey Brother,Avicii,TRUE,9/13/2013,3,255093,https://open.spotify.com/track/4RXpgGM7A4Hg7cFBoH5KyF,energetic,hey brother
6I9VzXrHxO9rA9A5euc8Ak,Toxic,Britney Spears,In The Zone,11/13/2003,85,198800,https://open.spotify.com/track/6I9VzXrHxO9rA9A5euc8Ak,energetic,toxic
4lCv7b86sLynZbXhfScfm2,Firework,Katy Perry,Teenage Dream: The Complete Confection,3/12/2012,71,227880,https://open.spotify.com/track/4lCv7b86sLynZbXhfScfm2,energetic,firework
3E7dfMvvCLUddWissuqMwr,Party In The U.S.A.,Miley Cyrus,The Time Of Our Lives (International Version),1/1/2009,81,202066,https://open.spotify.com/track/3E7dfMvvCLUddWissuqMwr,energetic,party in the usa
6tFFZ3OYoHbTolG08QsuBa,Call on Me - Ryan Riback Remix,"Starley, Ryan Riback",Call On Me (Remixes),9/23/2016,0,222040,https://open.spotify.com/track/6tFFZ3OYoHbTolG08QsuBa,energetic,call on me ryan riback remix
4h8VwCb1MTGoLKueQ1WgbD,Wake Me Up,Avicii,TRUE,9/13/2013,10,247426,https://open.spotify.com/track/4h8VwCb1MTGoLKueQ1WgbD,energetic,wake me up
07nH4ifBxUB4lZcsf44Brn,Blame (feat. John Newman),"Calvin Harris, John Newman",Motion,10/31/2014,80,212960,https://open.spotify.com/track/07nH4ifBxUB4lZcsf44Brn,energetic,blame feat john newman
0TDLuuLlV54CkRRUOahJb4,Titanium (feat. Sia),"David Guetta, Sia",Nothing but the Beat (Ultimate Edition),12/7/2012,83,245040,https://open.spotify.com/track/0TDLuuLlV54CkRRUOahJb4,energetic,titanium feat sia
3MOECVkNshqHYTPt5DZcdN,Five More Hours,"Deorro, Chris Brown",Good Evening,3/31/2017,71,211975,https://open.spotify.com/track/3MOECVkNshqHYTPt5DZcdN,energetic,five more hours
0gb1J5UrTpzaU1s3nupgCd,No Money,Galantis,No Money,4/1/2016,66,189126,https://open.spotify.com/track/0gb1J5UrTpzaU1s3nupgCd,energetic,no money
5jrdCoLpJSvHHorevXBATy,Dark Horse,"Katy Perry, Juicy J",PRISM (Deluxe),10/18/2013,74,215672,https://open.spotify.com/track/5jrdCoLpJSvHHorevXBATy,energetic,dark horse
61dCUoMCg28qEBzrW6htYM,Rather Be (feat. Jess Glynne),"Clean Bandit, Jess Glynne",New Eyes,5/9/2014,78,227833,https://open.spotify.com/track/61dCUoMCg28qEBzrW6htYM,energetic,rather be feat jess glynne
10AsRVRdU07cMAFHeGYO3c,Solo Dance,Martin Jensen,Solo Dance,11/4/2016,64,174933,https://open.spotify.com/track/10AsRVRdU07cMAFHeGYO3c,energetic,solo dance
2rgtCOVK2tpfao2VjURn84,Lovers on the Sun (feat. Sam Martin),"David Guetta, Sam Martin",Listen,11/10/2014,73,203520,https://open.spotify.com/track/2rgtCOVK2tpfao2VjURn84,energetic,lovers on the sun feat sam martin
46lFttIf5hnUZMGvjK0Wxo,Runaway (U & I),Galantis,Pharmacy,6/5/2015,76,227073,https://open.spotify.com/track/46lFttIf5hnUZMGvjK0Wxo,energetic,runaway u i
6GyFP1nfCDB8lbD2bG0Hq9,Midnight City,M83,"Hurry up, We're Dreaming",10/17/2011,79,243960,https://open.spotify.com/track/6GyFP1nfCDB8lbD2bG0Hq9,energetic,midnight city
1JDIArrcepzWDTAWXdGYmP,I Want You To Know,"Zedd, Selena Gomez",True Colors,5/15/2015,66,240000,https://open.spotify.com/track/1JDIArrcepzWDTAWXdGYmP,energetic,i want you to know
3zU9rdflI65tK4dkkNSp77,Heroes (we could be),"Alesso, Tove Lo",Forever,5/22/2015,73,210013,https://open.spotify.com/track/3zU9rdflI65tK4dkkNSp77,energetic,heroes we could be
5JEx7HbmvHQQswJCsoo9rA,Close To Me (with Diplo) (feat. Swae Lee),"Ellie Goulding, Diplo, Swae Lee",Close To Me (feat. Swae Lee),10/24/2018,59,182623,https://open.spotify.com/track/5JEx7HbmvHQQswJCsoo9rA,energetic,close to me with diplo feat swae lee
3Yqsx1OFZqPbULxXPLHlpq,Cold Water (feat. Justin Bieber & MØ),"Major Lazer, Justin Bieber, MØ",Major Lazer Essentials,10/19/2018,46,185351,https://open.spotify.com/track/3Yqsx1OFZqPbULxXPLHlpq,energetic,cold water feat justin bieber m
7ElF5zxOwYP4qVSWVvse3W,Break Your Heart,Taio Cruz,The Rokstarr Hits Collection,1/1/2010,68,201546,https://open.spotify.com/track/7ElF5zxOwYP4qVSWVvse3W,energetic,break your heart
26rdOwwjC2UnweK3xeS58u,GDFR (feat. Sage the Gemini & Lookas),"Flo Rida, Sage The Gemini, Lookas",My House,4/7/2015,71,190185,https://open.spotify.com/track/26rdOwwjC2UnweK3xeS58u,energetic,gdfr feat sage the gemini lookas
7ks6AZmFcm3Y6PGGxGSmlB,Where Them Girls At (feat. Nicki Minaj & Flo Rida),"David Guetta, Flo Rida, Nicki Minaj",Nothing but the Beat (Ultimate Edition),12/7/2012,77,194840,https://open.spotify.com/track/7ks6AZmFcm3Y6PGGxGSmlB,energetic,where them girls at feat nicki minaj flo rida
4QNpBfC0zvjKqPJcyqBy9W,Give Me Everything (feat. Nayer),"Pitbull, AFROJACK, Ne-Yo, Nayer",Planet Pit (Deluxe Version),6/17/2011,87,252306,https://open.spotify.com/track/4QNpBfC0zvjKqPJcyqBy9W,energetic,give me everything feat nayer
1pjvlYOMIg1NhGQbM6iwrY,Light It Up (feat. Nyla & Fuse ODG) [Remix],"Major Lazer, Nyla, Fuse ODG",Peace Is The Mission : Extended,11/27/2015,72,166138,https://open.spotify.com/track/1pjvlYOMIg1NhGQbM6iwrY,energetic,light it up feat nyla fuse odg remix
3ZFTkvIE7kyPt6Nu3PEa7V,Hips Don't Lie (feat. Wyclef Jean),"Shakira, Wyclef Jean","Oral Fixation, Vol. 2 (Expanded Edition)",11/28/2005,36,218093,https://open.spotify.com/track/3ZFTkvIE7kyPt6Nu3PEa7V,energetic,hips dont lie feat wyclef jean
0rCxlp7KdpW1JR8uG6Uno0,Danza Kuduro,"Lucenzo, Don Omar",Danza Kuduro 2019 (Luigi Ramirez Remix),5/24/2019,57,196099,https://open.spotify.com/track/0rCxlp7KdpW1JR8uG6Uno0,energetic,danza kuduro
0lYBSQXN6rCTvUZvg9S0lU,Let Me Love You,"DJ Snake, Justin Bieber",Encore,8/5/2016,87,205946,https://open.spotify.com/track/0lYBSQXN6rCTvUZvg9S0lU,energetic,let me love you
2x0RZdkZcD8QRI53XT4GI5,SOS (feat. Aloe Blacc),"Avicii, Aloe Blacc",TIM,6/6/2019,69,157202,https://open.spotify.com/track/2x0RZdkZcD8QRI53XT4GI5,energetic,sos feat aloe blacc
286TLtk120rnrmVeQClDTc,Walking On A Dream,Empire Of The Sun,Walking On A Dream,1/1/2008,2,198440,https://open.spotify.com/track/286TLtk120rnrmVeQClDTc,energetic,walking on a dream
3ZShCgwUuSNcd3iDomFvbE,Glad You Came,The Wanted,The Wanted (Special Edition),1/1/2012,42,198186,https://open.spotify.com/track/3ZShCgwUuSNcd3iDomFvbE,energetic,glad you came
5pmL3RzOy3IvGFaSDi4hZL,Hangover,"Taio Cruz, Flo Rida",TY.O (International Version),1/1/2011,71,244906,https://open.spotify.com/track/5pmL3RzOy3IvGFaSDi4hZL,energetic,hangover
0C4ejWmOTMv8vuYj85mf8m,S&M,Rihanna,Loud,11/16/2010,73,243533,https://open.spotify.com/track/0C4ejWmOTMv8vuYj85mf8m,energetic,sm
1QV6tiMFM6fSOKOGLMHYYg,Poker Face,Lady Gaga,The Fame,1/1/2008,84,237200,https://open.spotify.com/track/1QV6tiMFM6fSOKOGLMHYYg,energetic,poker face
0U6bQIAh6MCGo1xjbIIx2S,Instagram,"Dimitri Vegas & Like Mike, David Guetta, Daddy Yankee, Afro Bros, NATTI NATASHA, Dimitri Vegas, Like Mike",Instagram,7/5/2019,56,184558,https://open.spotify.com/track/0U6bQIAh6MCGo1xjbIIx2S,energetic,instagram
6lhZLbb0czULpjb2kFryPS,Let's Love,"David Guetta, Sia",Let's Love,9/11/2020,61,200645,https://open.spotify.com/track/6lhZLbb0czULpjb2kFryPS,energetic,lets love
5RzFJd6W40SDTyZkX6xx45,I Know You Want Me (Calle Ocho),Pitbull,Pitbull Starring In Rebelution,8/31/2009,70,237120,https://open.spotify.com/track/5RzFJd6W40SDTyZkX6xx45,energetic,i know you want me calle ocho
0Oe49j06Bjrxs8PltuVeaW,On The Floor - Radio Edit,"Jennifer Lopez, Pitbull",On The Floor,2/18/2011,74,230906,https://open.spotify.com/track/0Oe49j06Bjrxs8PltuVeaW,energetic,on the floor radio edit
6ebkx7Q5tTxrCxKq4GYj0Y,Club Can't Handle Me (feat. David Guetta),"Flo Rida, David Guetta",Only One Flo (Part 1),11/24/2010,81,234560,https://open.spotify.com/track/6ebkx7Q5tTxrCxKq4GYj0Y,energetic,club cant handle me feat david guetta
2Fn3coxd0xAZ09JtrgcgHa,Middle,"DJ Snake, Bipolar Sunshine",Middle,10/16/2015,0,220573,https://open.spotify.com/track/2Fn3coxd0xAZ09JtrgcgHa,energetic,middle
2syQ0f4SAQdzvlAewPl1DJ,Get Low (with Liam Payne),"Zedd, Liam Payne",Get Low (with Liam Payne),7/6/2017,55,204583,https://open.spotify.com/track/2syQ0f4SAQdzvlAewPl1DJ,energetic,get low with liam payne
6kPJZM97LwdG9QIsT7khp6,Solo (feat. Demi Lovato),"Clean Bandit, Demi Lovato",Solo (feat. Demi Lovato),5/17/2018,68,222653,https://open.spotify.com/track/6kPJZM97LwdG9QIsT7khp6,energetic,solo feat demi lovato
0RmXtDH1cBMGImRrmn5xL6,Turn Me On,Kevin Lyttle,Turn Me On (Online Music),3/30/2004,62,192106,https://open.spotify.com/track/0RmXtDH1cBMGImRrmn5xL6,energetic,turn me on
5Xn4IyTtW6FUGIUyWjbUHG,Goodbye (feat. Nicki Minaj & Willy William),"Jason Derulo, David Guetta, Nicki Minaj, Willy William",Goodbye (feat. Nicki Minaj & Willy William),8/24/2018,56,195419,https://open.spotify.com/track/5Xn4IyTtW6FUGIUyWjbUHG,energetic,goodbye feat nicki minaj willy william
0O45fw2L5vsWpdsOdXwNAR,SexyBack (feat. Timbaland),"Justin Timberlake, Timbaland",FutureSex/LoveSounds,9/12/2006,85,242733,https://open.spotify.com/track/0O45fw2L5vsWpdsOdXwNAR,energetic,sexyback feat timbaland
0KKkJNfGyhkQ5aFogxQAPU,That's What I Like,Bruno Mars,24K Magic,11/17/2016,87,206693,https://open.spotify.com/track/0KKkJNfGyhkQ5aFogxQAPU,energetic,thats what i like
2U8NXPTXZWG2O0ye2sYRiH,I Love It (feat. Charli XCX),"Icona Pop, Charli xcx",THIS IS... ICONA POP,8/23/2013,75,157152,https://open.spotify.com/track/2U8NXPTXZWG2O0ye2sYRiH,energetic,i love it feat charli xcx
1u8c2t2Cy7UBoG4ArRcF5g,Blank Space,Taylor Swift,1989 (Deluxe),1/1/2014,83,231826,https://open.spotify.com/track/1u8c2t2Cy7UBoG4ArRcF5g,energetic,blank space
4B0JvthVoAAuygILe3n4Bs,What Do You Mean?,Justin Bieber,Purpose (Deluxe),11/13/2015,82,205680,https://open.spotify.com/track/4B0JvthVoAAuygILe3n4Bs,energetic,what do you mean
6Pgkp4qUoTmJIPn7ReaGxL,Without You (feat. Sandro Cavazza),"Avicii, Sandro Cavazza",AVĪCI (01),8/10/2017,71,181672,https://open.spotify.com/track/6Pgkp4qUoTmJIPn7ReaGxL,energetic,without you feat sandro cavazza
2CPqh63wRVscbceKcPxwvv,The Ocean (feat. Shy Martin),"Mike Perry, shy martin",The Ocean (feat. Shy Martin),4/15/2016,66,183414,https://open.spotify.com/track/2CPqh63wRVscbceKcPxwvv,energetic,the ocean feat shy martin
23L5CiUhw2jV1OIMwthR3S,In the Name of Love,"Martin Garrix, Bebe Rexha",In the Name of Love,7/29/2016,78,195706,https://open.spotify.com/track/23L5CiUhw2jV1OIMwthR3S,energetic,in the name of love
5Gu0PDLN4YJeW75PpBSg9p,"Let Me Go (with Alesso, Florida Georgia Line & watt)","Hailee Steinfeld, Alesso, Florida Georgia Line, WATT","Let Me Go (with Alesso, Florida Georgia Line & watt)",9/8/2017,70,174800,https://open.spotify.com/track/5Gu0PDLN4YJeW75PpBSg9p,energetic,let me go with alesso florida georgia line watt
698ItKASDavgwZ3WjaWjtz,Faded,Alan Walker,Different World,12/14/2018,79,212106,https://open.spotify.com/track/698ItKASDavgwZ3WjaWjtz,energetic,faded
2QtxlzvSBONjs1bDC34ixs,Yeah 3x,Chris Brown,F.A.M.E. (Expanded Edition),3/22/2011,68,241666,https://open.spotify.com/track/2QtxlzvSBONjs1bDC34ixs,energetic,yeah 3x
36cmM3MBMWWCFIiQ90U4J8,Bounce (feat. Kelis) - Radio Edit,"Calvin Harris, Kelis",18 Months,10/29/2012,60,222186,https://open.spotify.com/track/36cmM3MBMWWCFIiQ90U4J8,energetic,bounce feat kelis radio edit
4356Typ82hUiFAynbLYbPn,DJ Got Us Fallin' In Love (feat. Pitbull),"USHER, Pitbull",Raymond v Raymond (Expanded Edition),3/30/2010,84,220800,https://open.spotify.com/track/4356Typ82hUiFAynbLYbPn,energetic,dj got us fallin in love feat pitbull
5MhsZlmKJG6X5kTHkdwC4B,I'm an Albatraoz,"AronChupa, Little Sis Nora",I'm an Albatraoz,8/8/2014,73,166848,https://open.spotify.com/track/5MhsZlmKJG6X5kTHkdwC4B,energetic,im an albatraoz
14iN3o8ptQ8cFVZTEmyQRV,I Kissed A Girl,Katy Perry,One Of The Boys,6/17/2008,75,179640,https://open.spotify.com/track/14iN3o8ptQ8cFVZTEmyQRV,energetic,i kissed a girl
2jSwKQBouf0brIcxGfA9CZ,Super Bass,Nicki Minaj,Pink Friday,1/1/2010,0,200013,https://open.spotify.com/track/2jSwKQBouf0brIcxGfA9CZ,energetic,super bass
6St9lR6dhV2tpCNVz7qfrS,In My Head,Jason Derulo,Jason Derulo (International),2/26/2010,69,199026,https://open.spotify.com/track/6St9lR6dhV2tpCNVz7qfrS,energetic,in my head
5StvAhgmgCOpCPHHNfS8bx,Watch Out For This (Bumaye),"Major Lazer, Busy Signal, FS Green, The Flexican",Free the Universe,4/15/2013,63,269146,https://open.spotify.com/track/5StvAhgmgCOpCPHHNfS8bx,energetic,watch out for this bumaye
03UrZgTINDqvnUMbbIMhql,Gangnam Style (강남스타일),PSY,Gangnam Style (강남스타일),1/1/2012,75,219493,https://open.spotify.com/track/03UrZgTINDqvnUMbbIMhql,energetic,gangnam style
4TsmezEQVSZNNPv5RJ65Ov,Pon de Replay,Rihanna,Music Of The Sun,8/29/2005,79,246960,https://open.spotify.com/track/4TsmezEQVSZNNPv5RJ65Ov,energetic,pon de replay
5M830cD7MNeiiwIGHzH9TV,Bailando - Spanish Version,"Enrique Iglesias, Descemer Bueno, Gente De Zona",SEX AND LOVE (Deluxe Edition),7/4/2014,60,243386,https://open.spotify.com/track/5M830cD7MNeiiwIGHzH9TV,energetic,bailando spanish version
3AYcyxEACnmE6d96RPubID,Thrift Shop (feat. Wanz),"Macklemore & Ryan Lewis, Wanz",The Heist (Deluxe Edition),10/9/2012,2,235613,https://open.spotify.com/track/3AYcyxEACnmE6d96RPubID,energetic,thrift shop feat wanz
18W92Zm1KjLCbUIszOhpkD,I Wanna Know (feat. Bea Miller),"NOTD, Bea Miller",I Wanna Know (feat. Bea Miller),3/16/2018,62,197938,https://open.spotify.com/track/18W92Zm1KjLCbUIszOhpkD,energetic,i wanna know feat bea miller
0RTzJVkunbGwuRjXDFHnjf,Dreamer,"Axwell /\ Ingrosso, Axwell, Sebastian Ingrosso",More Than You Know,7/28/2017,64,251147,https://open.spotify.com/track/0RTzJVkunbGwuRjXDFHnjf,energetic,dreamer
0mjAU3yKR1QnXnHtjGJqTM,Rescue Me,OneRepublic,Rescue Me,5/17/2019,64,158899,https://open.spotify.com/track/0mjAU3yKR1QnXnHtjGJqTM,energetic,rescue me
22VdIZQfgXJea34mQxlt81,Can't Feel My Face,The Weeknd,Beauty Behind The Madness,8/28/2015,83,213520,https://open.spotify.com/track/22VdIZQfgXJea34mQxlt81,energetic,cant feel my face
34GmTxmlK3TGlmqYCbcQKT,Cooler Than Me - Single Mix,"Mike Posner, Gigamesh",31 Minutes to Takeoff,9/10/2010,50,213293,https://open.spotify.com/track/34GmTxmlK3TGlmqYCbcQKT,energetic,cooler than me single mix
63CSozvYUEudPp12679UVF,Don't Worry (with Ray Dalton) - Radio Edit,"Madcon, Ray Dalton",Don't Worry (feat. Ray Dalton),4/10/2015,73,214789,https://open.spotify.com/track/63CSozvYUEudPp12679UVF,energetic,dont worry with ray dalton radio edit
1sh6lL6cmlcwhqZKGiKBua,I Could Be The One (Avicii Vs. Nicky Romero) - Radio Edit,"Avicii, Nicky Romero",I Could Be The One [Avicii vs Nicky Romero],12/26/2012,65,208316,https://open.spotify.com/track/1sh6lL6cmlcwhqZKGiKBua,energetic,i could be the one avicii vs nicky romero radio edit
65hRZOQkVjmBdusz1N7aOv,Save The World,Swedish House Mafia,Save The World,5/13/2011,69,213337,https://open.spotify.com/track/65hRZOQkVjmBdusz1N7aOv,energetic,save the world
5GjnIpUlLGEIYk052ISOw9,This Is What It Feels Like,"Armin van Buuren, Trevor Guthrie",Intense,5/3/2013,72,204360,https://open.spotify.com/track/5GjnIpUlLGEIYk052ISOw9,energetic,this is what it feels like
33CfD8UkDEcSdAP9j4QpUY,All Day And Night,"Jax Jones, Martin Solveig, Madison Beer, Europa",All Day And Night (Jax Jones & Martin Solveig Present Europa),3/28/2019,54,169303,https://open.spotify.com/track/33CfD8UkDEcSdAP9j4QpUY,energetic,all day and night
05SBRd4fXgn8FX7bf8BCAE,I Need Your Love (feat. Ellie Goulding),"Calvin Harris, Ellie Goulding",18 Months,10/29/2012,75,234506,https://open.spotify.com/track/05SBRd4fXgn8FX7bf8BCAE,energetic,i need your love feat ellie goulding
3oDFtOhcN08qeDPAK6MEQG,Boom Boom Pow,Black Eyed Peas,THE E.N.D. (THE ENERGY NEVER DIES) [Deluxe Version],1/1/2009,71,251440,https://open.spotify.com/track/3oDFtOhcN08qeDPAK6MEQG,energetic,boom boom pow
5qTvkDrSfvwDv6RBjjcfQr,Get Busy,Sean Paul,Dutty Rock,11/12/2002,4,211666,https://open.spotify.com/track/5qTvkDrSfvwDv6RBjjcfQr,energetic,get busy
2VOomzT6VavJOGBeySqaMc,Disturbia,Rihanna,Good Girl Gone Bad: Reloaded,6/2/2008,82,238626,https://open.spotify.com/track/2VOomzT6VavJOGBeySqaMc,energetic,disturbia
66BjcDhhwWCcQIBxHMpKXh,Flames,"David Guetta, Sia",7,9/14/2018,51,194680,https://open.spotify.com/track/66BjcDhhwWCcQIBxHMpKXh,energetic,flames
4b93D55xv3YCH5mT4p6HPn,Ocean Drive,Duke Dumont,Duality,4/17/2020,76,206320,https://open.spotify.com/track/4b93D55xv3YCH5mT4p6HPn,energetic,ocean drive
3GpbwCm3YxiWDvy29Uo3vP,Right Round,"Flo Rida, Kesha",R.O.O.T.S. (Route of Overcoming the Struggle),3/23/2009,83,204640,https://open.spotify.com/track/3GpbwCm3YxiWDvy29Uo3vP,energetic,right round
22UDw8rSfLbUsaAGTXQ4Z8,American Boy,"Estelle, Kanye West",Shine,3/28/2008,4,284733,https://open.spotify.com/track/22UDw8rSfLbUsaAGTXQ4Z8,energetic,american boy
2WQ09wqQBIOor7Q0VpIDBK,Rock That Body,Black Eyed Peas,THE E.N.D. (THE ENERGY NEVER DIES) [Deluxe Version],1/1/2009,81,268840,https://open.spotify.com/track/2WQ09wqQBIOor7Q0VpIDBK,energetic,rock that body
4QcDkuGQx9824a6X9BZF4e,Places,"Martin Solveig, Ina Wroldsen",Places,11/25/2016,60,202745,https://open.spotify.com/track/4QcDkuGQx9824a6X9BZF4e,energetic,places
4aBYzs8RxZMuqyOanNlf8I,Like I Do,"David Guetta, Martin Garrix, Brooks",7,9/14/2018,47,201560,https://open.spotify.com/track/4aBYzs8RxZMuqyOanNlf8I,energetic,like i do
66hayvUbTotekKU3H4ta1f,Where Are Ü Now (with Justin Bieber),"Jack Ü, Skrillex, Diplo, Justin Bieber",Skrillex and Diplo present Jack Ü,2/24/2015,76,250285,https://open.spotify.com/track/66hayvUbTotekKU3H4ta1f,energetic,where are now with justin bieber
5N5k9nd479b1xpDZ4usjrg,Promises (with Sam Smith),"Calvin Harris, Sam Smith, Jessie Reyez",Promises (with Sam Smith),8/17/2018,71,213309,https://open.spotify.com/track/5N5k9nd479b1xpDZ4usjrg,energetic,promises with sam smith
7Feaw9WAEREY0DUOSXJLOM,Summer Days (feat. Macklemore & Patrick Stump of Fall Out Boy),"Martin Garrix, Macklemore, Fall Out Boy",Summer Days (feat. Macklemore & Patrick Stump of Fall Out Boy),4/25/2019,70,163804,https://open.spotify.com/track/7Feaw9WAEREY0DUOSXJLOM,energetic,summer days feat macklemore patrick stump of fall out boy
21RzyxY3EFaxVy6K4RqaU9,Body,"Loud Luxury, Brando",Body,10/27/2017,75,163216,https://open.spotify.com/track/21RzyxY3EFaxVy6K4RqaU9,energetic,body
2KklXplRtxMsBYo474Es0w,Be Mine,Ofenbach,Be Mine,11/25/2016,70,161322,https://open.spotify.com/track/2KklXplRtxMsBYo474Es0w,energetic,be mine
2kvgmr5CFhSvleQqTjB3eP,Lush Life,Zara Larsson,So Good,3/17/2017,65,201122,https://open.spotify.com/track/2kvgmr5CFhSvleQqTjB3eP,energetic,lush life
5PYQUBXc7NYeI1obMKSJK0,Never Really Over,Katy Perry,Never Really Over,5/31/2019,65,223523,https://open.spotify.com/track/5PYQUBXc7NYeI1obMKSJK0,energetic,never really over
1mKXfxIOA7eQQJ844OFm7L,I Really Like You,Carly Rae Jepsen,Emotion (Deluxe),9/25/2015,53,204773,https://open.spotify.com/track/1mKXfxIOA7eQQJ844OFm7L,energetic,i really like you
24LS4lQShWyixJ0ZrJXfJ5,Sweet Nothing (feat. Florence Welch),"Calvin Harris, Florence Welch",18 Months,10/29/2012,77,212560,https://open.spotify.com/track/24LS4lQShWyixJ0ZrJXfJ5,energetic,sweet nothing feat florence welch
75NhhYjHO43mvZgYtnXgti,Lonely Together (feat. Rita Ora),"Avicii, Rita Ora",AVĪCI (01),8/10/2017,60,181812,https://open.spotify.com/track/75NhhYjHO43mvZgYtnXgti,energetic,lonely together feat rita ora
2ISSQPb9LHHiV6ng2NXosL,Beautiful Now,"Zedd, Jon Bellion",True Colors,5/15/2015,69,218293,https://open.spotify.com/track/2ISSQPb9LHHiV6ng2NXosL,energetic,beautiful now
1eyrmeiDpdTkOmA839nPVQ,Shed a Light,"Robin Schulz, David Guetta, Cheat Codes",Uncovered,9/29/2017,59,191379,https://open.spotify.com/track/1eyrmeiDpdTkOmA839nPVQ,energetic,shed a light
6jreFSOTUAViWjKyzOC4Kg,REMEDY,Alesso,REMEDY,8/31/2018,63,190295,https://open.spotify.com/track/6jreFSOTUAViWjKyzOC4Kg,energetic,remedy
15vzANxN8G9wWfwAJLLMCg,Paris,The Chainsmokers,Paris,1/13/2017,64,221520,https://open.spotify.com/track/15vzANxN8G9wWfwAJLLMCg,energetic,paris
4DJORZgsbqnEJ4f4B9TBGV,You Don't Know Me (feat. RAYE),"Jax Jones, RAYE",Snacks,7/12/2019,69,212573,https://open.spotify.com/track/4DJORZgsbqnEJ4f4B9TBGV,energetic,you dont know me feat raye
2GYHyAoLWpkxLVa4oYTVko,Alors on danse - Radio Edit,Stromae,Cheese,1/1/2010,78,206066,https://open.spotify.com/track/2GYHyAoLWpkxLVa4oYTVko,energetic,alors on danse radio edit
51tUT1gHE30GQPhn1agudM,Hideaway,Kiesza,Sound Of A Woman,10/17/2014,69,251986,https://open.spotify.com/track/51tUT1gHE30GQPhn1agudM,energetic,hideaway
7iNIg7XDEaYECfWD5dJ9Va,Friends (with BloodPop®),"Justin Bieber, BloodPop®",Friends (with BloodPop®),8/17/2017,69,189466,https://open.spotify.com/track/7iNIg7XDEaYECfWD5dJ9Va,energetic,friends with bloodpop
6g6A7qNhTfUgOSH7ROOxTD,Talk Dirty (feat. 2 Chainz),"Jason Derulo, 2 Chainz",Talk Dirty,9/16/2013,67,177685,https://open.spotify.com/track/6g6A7qNhTfUgOSH7ROOxTD,energetic,talk dirty feat 2 chainz
1oHxIPqJyvAYHy0PVrDU98,Drinking from the Bottle (feat. Tinie Tempah),"Calvin Harris, Tinie Tempah",18 Months,10/29/2012,58,240346,https://open.spotify.com/track/1oHxIPqJyvAYHy0PVrDU98,energetic,drinking from the bottle feat tinie tempah
41Fflg7qHiVOD6dEPvsCzO,Worth It (feat. Kid Ink),"Fifth Harmony, Kid Ink",Reflection (Deluxe),1/30/2015,77,224573,https://open.spotify.com/track/41Fflg7qHiVOD6dEPvsCzO,energetic,worth it feat kid ink
6kex4EBAj0WHXDKZMEJaaF,Swalla (feat. Nicki Minaj & Ty Dolla $ign),"Jason Derulo, Nicki Minaj, Ty Dolla $ign",Swalla (feat. Nicki Minaj & Ty Dolla $ign),2/23/2017,69,216408,https://open.spotify.com/track/6kex4EBAj0WHXDKZMEJaaF,energetic,swalla feat nicki minaj ty dolla ign
0YammaEkYSeo9vQYZ1OwS6,Say My Name,"David Guetta, Bebe Rexha, J Balvin",7,9/14/2018,67,198946,https://open.spotify.com/track/0YammaEkYSeo9vQYZ1OwS6,energetic,say my name
48QmG1dfvMuYLxMPt7KSRA,No Lie,"Sean Paul, Dua Lipa",Mad Love The Prequel,6/29/2018,83,221176,https://open.spotify.com/track/48QmG1dfvMuYLxMPt7KSRA,energetic,no lie
5R9a4t5t5O0IsznsrKPVro,Single Ladies (Put a Ring on It),Beyoncé,I AM...SASHA FIERCE,11/17/2008,67,193213,https://open.spotify.com/track/5R9a4t5t5O0IsznsrKPVro,energetic,single ladies put a ring on it
3jlbL2OTD5YmIunYzgQTAN,Live Your Life,"T.I., Rihanna",Paper Trail,9/7/2008,75,338853,https://open.spotify.com/track/3jlbL2OTD5YmIunYzgQTAN,energetic,live your life
7LP4Es66zdY7CyjepqmvAg,Down,"Jay Sean, Lil Wayne",All Or Nothing,1/1/2009,4,212106,https://open.spotify.com/track/7LP4Es66zdY7CyjepqmvAg,energetic,down
4Li2WHPkuyCdtmokzW2007,Ni**as In Paris,"JAY-Z, Kanye West",Watch The Throne (Deluxe),8/8/2011,14,219333,https://open.spotify.com/track/4Li2WHPkuyCdtmokzW2007,energetic,nias in paris
6jEZLz3YpnEBRpVkv35AmP,Gasolina,Daddy Yankee,Barrio Fino (Bonus Track Version),7/13/2004,5,192600,https://open.spotify.com/track/6jEZLz3YpnEBRpVkv35AmP,energetic,gasolina
2uMbCJ8lxF7hqpQUaeo42D,Do It Right,"Martin Solveig, Tkay Maidza",Do It Right,5/20/2016,58,213211,https://open.spotify.com/track/2uMbCJ8lxF7hqpQUaeo42D,energetic,do it right
1nZzRJbFvCEct3uzu04ZoL,Part Of Me,Katy Perry,Teenage Dream: The Complete Confection,3/12/2012,73,216160,https://open.spotify.com/track/1nZzRJbFvCEct3uzu04ZoL,energetic,part of me
6DvgsZ0NiEPV9qYM931T1F,Telephone,"Lady Gaga, Beyoncé",The Fame Monster (International Deluxe),11/18/2009,54,220626,https://open.spotify.com/track/6DvgsZ0NiEPV9qYM931T1F,energetic,telephone
3tyPOhuVnt5zd5kGfxbCyL,Where Have You Been,Rihanna,Talk That Talk,11/19/2011,78,242680,https://open.spotify.com/track/3tyPOhuVnt5zd5kGfxbCyL,energetic,where have you been
2tW2Kn1IGFFVfRVnQE2UaQ,In My Mind (feat. Georgi Kay) - Axwell Radio Edit,"Ivan Gough, Feenixpawl, Georgi Kay, Axwell",In My Mind (feat. Georgi Kay),5/22/2012,3,185624,https://open.spotify.com/track/2tW2Kn1IGFFVfRVnQE2UaQ,energetic,in my mind feat georgi kay axwell radio edit
3ScJy88F8KqGDfWu8XJhHx,If I Lose Myself - Alesso vs OneRepublic,"OneRepublic, Alesso",Native,1/1/2014,72,215186,https://open.spotify.com/track/3ScJy88F8KqGDfWu8XJhHx,energetic,if i lose myself alesso vs onerepublic
3UN6cIn3VIyg0z1LCuFSum,Without You (feat. Usher),"David Guetta, USHER",Nothing but the Beat (Ultimate Edition),12/7/2012,78,208133,https://open.spotify.com/track/3UN6cIn3VIyg0z1LCuFSum,energetic,without you feat usher
4ut5G4rgB1ClpMTMfjoIuy,High On Life (feat. Bonn),"Martin Garrix, Bonn",High On Life (feat. Bonn),7/29/2018,70,230761,https://open.spotify.com/track/4ut5G4rgB1ClpMTMfjoIuy,energetic,high on life feat bonn
7xoUc6faLbCqZO6fQEYprd,One Last Time,Ariana Grande,My Everything (Deluxe),8/22/2014,85,197266,https://open.spotify.com/track/7xoUc6faLbCqZO6fQEYprd,energetic,one last time
14sOS5L36385FJ3OL8hew4,Happy Now,"Kygo, Sandro Cavazza",Happy Now,10/26/2018,64,211362,https://open.spotify.com/track/14sOS5L36385FJ3OL8hew4,energetic,happy now
60wwxj6Dd9NJlirf84wr2c,Clarity,"Zedd, Foxes",Clarity,1/1/2012,78,271426,https://open.spotify.com/track/60wwxj6Dd9NJlirf84wr2c,energetic,clarity
3M9Apu4OZfylLTFKvgEtKa,Ritual,"Tiësto, Jonas Blue, Rita Ora",Ritual,5/31/2019,59,198995,https://open.spotify.com/track/3M9Apu4OZfylLTFKvgEtKa,energetic,ritual
0vrmHPfoBadXVr2n0m1aqZ,Heaven,Avicii,TIM,6/6/2019,65,277261,https://open.spotify.com/track/0vrmHPfoBadXVr2n0m1aqZ,energetic,heaven
0dXNQ8dckG4eYfEtq9zcva,All Night,"The Vamps, Matoma",Night & Day (Night Edition),7/14/2017,66,197640,https://open.spotify.com/track/0dXNQ8dckG4eYfEtq9zcva,energetic,all night
2ToIksTPpJ4csKPEOdUEyM,Cool,"Alesso, Roy English",Forever,5/22/2015,59,221400,https://open.spotify.com/track/2ToIksTPpJ4csKPEOdUEyM,energetic,cool
3frUvGrmGcay91lvFbOgsN,Like It Is,"Kygo, Zara Larsson, Tyga",Like It Is,3/27/2020,54,183067,https://open.spotify.com/track/3frUvGrmGcay91lvFbOgsN,energetic,like it is
4Tvw0lweq9l2JPQKFbpbBQ,Better When You're Gone,"David Guetta, Brooks, Loote",Better When You're Gone,2/8/2019,55,192402,https://open.spotify.com/track/4Tvw0lweq9l2JPQKFbpbBQ,energetic,better when youre gone
0qc4QlcCxVTGyShurEv1UU,Post Malone (feat. RANI),"Sam Feldt, RANI",Magnets EP,5/24/2019,61,174444,https://open.spotify.com/track/0qc4QlcCxVTGyShurEv1UU,energetic,post malone feat rani
3ebXMykcMXOcLeJ9xZ17XH,Scared to Be Lonely,"Martin Garrix, Dua Lipa",Scared to Be Lonely,1/27/2017,75,220883,https://open.spotify.com/track/3ebXMykcMXOcLeJ9xZ17XH,energetic,scared to be lonely
5L2l7mI8J1USMzhsmdjat9,Red Lights,Tiësto,A Town Called Paradise,6/13/2014,67,262200,https://open.spotify.com/track/5L2l7mI8J1USMzhsmdjat9,energetic,red lights
4PkIDTPGedm0enzdvilLNd,Sixteen,Ellie Goulding,Sixteen,4/12/2019,50,201072,https://open.spotify.com/track/4PkIDTPGedm0enzdvilLNd,energetic,sixteen
0iGckQFyv6svOfAbAY9aWJ,Hot N Cold,Katy Perry,One Of The Boys,6/17/2008,77,220226,https://open.spotify.com/track/0iGckQFyv6svOfAbAY9aWJ,energetic,hot n cold
1KtD0xaLAikgIt5tPbteZQ,Thinking About You (feat. Ayah Marar),"Calvin Harris, Ayah Marar",18 Months,10/29/2012,68,247933,https://open.spotify.com/track/1KtD0xaLAikgIt5tPbteZQ,energetic,thinking about you feat ayah marar
5jyUBKpmaH670zrXrE0wmO,Reload - Radio Edit,"Sebastian Ingrosso, Tommy Trash, John Martin",Reload (Vocal Version / Radio Edit),1/1/2013,68,221272,https://open.spotify.com/track/5jyUBKpmaH670zrXrE0wmO,energetic,reload radio edit
5BOZ4skcMubA0R6RD4zf64,Girls Like (feat. Zara Larsson),"Tinie Tempah, Zara Larsson",YOUTH,3/31/2017,65,195306,https://open.spotify.com/track/5BOZ4skcMubA0R6RD4zf64,energetic,girls like feat zara larsson
5PX4uS1LqlWEPL69phPVQQ,Pursuit Of Happiness - Extended Steve Aoki Remix,"Kid Cudi, MGMT, Ratatat, Steve Aoki",Pursuit Of Happiness [Extended Steve Aoki Remix (Explicit)],1/1/2012,74,373626,https://open.spotify.com/track/5PX4uS1LqlWEPL69phPVQQ,energetic,pursuit of happiness extended steve aoki remix
06h3McKzmxS8Bx58USHiMq,Silhouettes - Original Radio Edit,Avicii,Silhouettes,4/27/2012,57,211880,https://open.spotify.com/track/06h3McKzmxS8Bx58USHiMq,energetic,silhouettes original radio edit
3DGar7krWlmrXRFHBcQF6z,Whenever (feat. Conor Maynard),"Kris Kross Amsterdam, The Boy Next Door, Conor Maynard",Whenever (feat. Conor Maynard),6/22/2018,55,163636,https://open.spotify.com/track/3DGar7krWlmrXRFHBcQF6z,energetic,whenever feat conor maynard
0Hf4aIJpsN4Os2f0y0VqWl,Feel This Moment (feat. Christina Aguilera),"Pitbull, Christina Aguilera",Global Warming: Meltdown (Deluxe Version),2012,80,229506,https://open.spotify.com/track/0Hf4aIJpsN4Os2f0y0VqWl,energetic,feel this moment feat christina aguilera
4bZd0nRuX8HyjeXAUBczvm,I Cry,Flo Rida,Wild Ones,6/22/2012,72,223800,https://open.spotify.com/track/4bZd0nRuX8HyjeXAUBczvm,energetic,i cry
70Vdd1gx5tn84jkAU31ASv,Sexy And I Know It,LMFAO,Sorry For Party Rocking,1/1/2011,70,199480,https://open.spotify.com/track/70Vdd1gx5tn84jkAU31ASv,energetic,sexy and i know it
6T27IN7Ai94BeDv6PPCmoC,Turn Me On (feat. Nicki Minaj),"David Guetta, Nicki Minaj",Nothing but the Beat (Ultimate Edition),12/7/2012,71,199680,https://open.spotify.com/track/6T27IN7Ai94BeDv6PPCmoC,energetic,turn me on feat nicki minaj
0tgbSxoFjZ20MjfoKwWevV,Your Love,"David Guetta, Showtek",Your Love,6/14/2018,51,185620,https://open.spotify.com/track/0tgbSxoFjZ20MjfoKwWevV,energetic,your love
4b2tcjrG1qUkSdsqEFP2dB,Sun Is Shining,"Axwell /\ Ingrosso, Axwell, Sebastian Ingrosso",More Than You Know,7/28/2017,67,254653,https://open.spotify.com/track/4b2tcjrG1qUkSdsqEFP2dB,energetic,sun is shining
1i1fxkWeaMmKEB4T7zqbzK,Don't Let Me Down,"The Chainsmokers, Daya",Don't Let Me Down,2/5/2016,83,208373,https://open.spotify.com/track/1i1fxkWeaMmKEB4T7zqbzK,energetic,dont let me down
08bNPGLD8AhKpnnERrAc6G,FRIENDS,"Marshmello, Anne-Marie",FRIENDS,2/9/2018,15,202620,https://open.spotify.com/track/08bNPGLD8AhKpnnERrAc6G,energetic,friends
2jATUzETZL49e6SywauZKE,Va Va Voom,Nicki Minaj,Pink Friday ... Roman Reloaded (Deluxe),1/1/2012,71,183560,https://open.spotify.com/track/2jATUzETZL49e6SywauZKE,energetic,va va voom
33IQnmtJYjCcrvUUMQgi80,Fight For This Love,Cheryl,3 Words,1/1/2009,67,223253,https://open.spotify.com/track/33IQnmtJYjCcrvUUMQgi80,energetic,fight for this love
25sgk305KZfyuqVBQIahim,Sweet but Psycho,Ava Max,Sweet but Psycho,8/17/2018,6,187436,https://open.spotify.com/track/25sgk305KZfyuqVBQIahim,energetic,sweet but psycho
6F5c58TMEs1byxUstkzVeM,Roar,Katy Perry,PRISM (Deluxe),10/18/2013,72,223546,https://open.spotify.com/track/6F5c58TMEs1byxUstkzVeM,energetic,roar
2ygMBIctKIAfbEBcT9065L,Pump It,Black Eyed Peas,Monkey Business,1/1/2005,81,213066,https://open.spotify.com/track/2ygMBIctKIAfbEBcT9065L,energetic,pump it
0l2cHxzNuInBNbBpda99Je,Intoxicated - Radio Edit,"Martin Solveig, Good Times Ahead",Intoxicated (Radio Edit),3/6/2015,0,159504,https://open.spotify.com/track/0l2cHxzNuInBNbBpda99Je,energetic,intoxicated radio edit
3LUWWox8YYykohBbHUrrxd,We R Who We R,Kesha,Cannibal (Expanded Edition),11/19/2010,75,204760,https://open.spotify.com/track/3LUWWox8YYykohBbHUrrxd,energetic,we r who we r
2ENexcMEMsYk0rVJigVD3i,Only Girl (In The World),Rihanna,Loud,1/1/2010,86,235493,https://open.spotify.com/track/2ENexcMEMsYk0rVJigVD3i,energetic,only girl in the world
4bT2zLVv2T4GiK9q9KtI0v,Stay The Night - Featuring Hayley Williams Of Paramore,"Zedd, Hayley Williams",Clarity (Deluxe),1/1/2014,66,217346,https://open.spotify.com/track/4bT2zLVv2T4GiK9q9KtI0v,energetic,stay the night featuring hayley williams of paramore
7xkQdy0cy5ymoWT7nedvLz,Whatcha Say,Jason Derulo,Jason Derulo (International),2/26/2010,77,221253,https://open.spotify.com/track/7xkQdy0cy5ymoWT7nedvLz,energetic,whatcha say
235LXPXfi0SmOaS9TaCh3c,Teenage Dream,Katy Perry,Teenage Dream,8/24/2010,68,227741,https://open.spotify.com/track/235LXPXfi0SmOaS9TaCh3c,energetic,teenage dream
2O9O26335YYVckmRgPKY3s,Alive,Empire Of The Sun,Ice On The Dune,1/1/2013,75,204546,https://open.spotify.com/track/2O9O26335YYVckmRgPKY3s,energetic,alive
53Ji6ZvVjsBl4pIuiETfhN,Bones (feat. OneRepublic),"Galantis, OneRepublic",Church,2/7/2020,54,205792,https://open.spotify.com/track/53Ji6ZvVjsBl4pIuiETfhN,energetic,bones feat onerepublic
1NDxZ7cFAo481dtYWdrUnR,Pretty Girl - Cheat Codes X CADE Remix,"Maggie Lindemann, Cheat Codes, CADE",Pretty Girl (Cheat Codes X CADE Remix),3/2/2017,64,193613,https://open.spotify.com/track/1NDxZ7cFAo481dtYWdrUnR,energetic,pretty girl cheat codes x cade remix
6cREm4bV7V79Yxdilx9HDo,Once In a While,Timeflies,Once In a While,3/18/2016,50,215160,https://open.spotify.com/track/6cREm4bV7V79Yxdilx9HDo,energetic,once in a while
49COPp81lGS9Hl9OwKlsKl,Polaroid,"Jonas Blue, Liam Payne, Lennon Stella",Blue,11/9/2018,63,193377,https://open.spotify.com/track/49COPp81lGS9Hl9OwKlsKl,energetic,polaroid
77OuOZhDxJSQLYnNIpX2AG,Wasted,"Tiësto, Matthew Koma",A Town Called Paradise,6/13/2014,60,190013,https://open.spotify.com/track/77OuOZhDxJSQLYnNIpX2AG,energetic,wasted
3EmmCZoqpWOTY1g2GBwJoR,Just Hold On,"Steve Aoki, Louis Tomlinson",Just Hold On,12/10/2016,55,198774,https://open.spotify.com/track/3EmmCZoqpWOTY1g2GBwJoR,energetic,just hold on
1trC8L8YpawkU553ymy2zC,Calling (Lose My Mind) - Radio Edit,"Sebastian Ingrosso, Alesso, Ryan Tedder",Calling (Lose My Mind),1/1/2012,65,205440,https://open.spotify.com/track/1trC8L8YpawkU553ymy2zC,energetic,calling lose my mind radio edit
0VffaI2jwQknRrxpECYHsF,Greyhound,Swedish House Mafia,Until Now,1/1/2012,62,410096,https://open.spotify.com/track/0VffaI2jwQknRrxpECYHsF,energetic,greyhound
1CKtxKqyFsFITCH4SpDrWj,You Make Me,Avicii,TRUE,9/13/2013,1,233346,https://open.spotify.com/track/1CKtxKqyFsFITCH4SpDrWj,energetic,you make me
53Y0kdCa1CZ9gRqEuknfwy,Bang My Head (feat. Sia & Fetty Wap),"David Guetta, Fetty Wap, Sia",Listen Again,11/27/2015,58,193333,https://open.spotify.com/track/53Y0kdCa1CZ9gRqEuknfwy,energetic,bang my head feat sia fetty wap
0GxQ1A5L9xnMOytbP6eKBG,What Lovers Do (feat. SZA),"Maroon 5, SZA",Red Pill Blues (Deluxe),6/15/2018,72,199849,https://open.spotify.com/track/0GxQ1A5L9xnMOytbP6eKBG,energetic,what lovers do feat sza
1louJpMmzEicAn7lzDalPW,No Promises (feat. Demi Lovato),"Cheat Codes, Demi Lovato",No Promises (feat. Demi Lovato),3/31/2017,65,223503,https://open.spotify.com/track/1louJpMmzEicAn7lzDalPW,energetic,no promises feat demi lovato
3g0mEQx3NTanacLseoP0Gw,Takeaway,"The Chainsmokers, ILLENIUM, Lennon Stella",World War Joy,12/6/2019,68,209880,https://open.spotify.com/track/3g0mEQx3NTanacLseoP0Gw,energetic,takeaway
5a7NdkF09AfD0H607eiOkX,On My Mind,Ellie Goulding,Delirium (Deluxe),11/6/2015,66,213445,https://open.spotify.com/track/5a7NdkF09AfD0H607eiOkX,energetic,on my mind
5Iy2Jj87Ha0C0IBlNE1I4y,The Days,Avicii,The Days / Nights,1/1/2014,67,278480,https://open.spotify.com/track/5Iy2Jj87Ha0C0IBlNE1I4y,energetic,the days
5fKBwqSTuCbnJlCOpeRa3o,Sexual,"NEIKED, Dyo",Sexual,2016,61,188888,https://open.spotify.com/track/5fKBwqSTuCbnJlCOpeRa3o,energetic,sexual
4kTBakk3h2S678cajDcVTw,Latch,"Disclosure, Sam Smith",Settle (Deluxe Version),6/3/2013,53,255631,https://open.spotify.com/track/4kTBakk3h2S678cajDcVTw,energetic,latch
7BKLCZ1jbUBVqRi2FVlTVw,Closer,"The Chainsmokers, Halsey",Closer,7/29/2016,86,244960,https://open.spotify.com/track/7BKLCZ1jbUBVqRi2FVlTVw,energetic,closer
5icOoE6VgqFKohjWWNp0Ac,Here With Me,"Marshmello, CHVRCHES",Here With Me,3/8/2019,7,156346,https://open.spotify.com/track/5icOoE6VgqFKohjWWNp0Ac,energetic,here with me
4Ce37cRWvM1vIGGynKcs22,Starving,"Hailee Steinfeld, Grey, Zedd",Starving,7/22/2016,71,181880,https://open.spotify.com/track/4Ce37cRWvM1vIGGynKcs22,energetic,starving
3LlmKSHR3Rs0Y3KHQLAYDk,Alone,Alan Walker,Different World,12/14/2018,75,160426,https://open.spotify.com/track/3LlmKSHR3Rs0Y3KHQLAYDk,energetic,alone
4BLEnHP1FInl1u3xAbgI4n,Lullaby,"R3HAB, Mike Williams",The Wave,8/25/2018,2,160183,https://open.spotify.com/track/4BLEnHP1FInl1u3xAbgI4n,energetic,lullaby
0sNu1RdkrTUg7qmyOZYLgw,Don't Let Me Down - W&W Remix,"The Chainsmokers, Daya, W&W",Don't Let Me Down (Remixes),4/15/2016,5,195453,https://open.spotify.com/track/0sNu1RdkrTUg7qmyOZYLgw,energetic,dont let me down ww remix
6h89vMWcUdukHrlEPNHX9f,Sweat - Remix,"Snoop Dogg, David Guetta, Giorgio Tuinfort, Frédéric Riesterer",Doggumentary,1/1/2011,1,196453,https://open.spotify.com/track/6h89vMWcUdukHrlEPNHX9f,energetic,sweat remix
2WRFD9WczJ975X2K1Y9YVs,Heads Will Roll,Yeah Yeah Yeahs,It's Blitz!,1/1/2009,69,221000,https://open.spotify.com/track/2WRFD9WczJ975X2K1Y9YVs,energetic,heads will roll
7GfKD5B7fVAzUgDvqAIbSL,Can We Pretend (feat. Cash Cash),"P!nk, Cash Cash",Hurts 2B Human,4/25/2019,45,224360,https://open.spotify.com/track/7GfKD5B7fVAzUgDvqAIbSL,energetic,can we pretend feat cash cash
5wdlTFSoffwbQba5eokcLR,Don't Leave - Throttle Remix,"Snakehips, MØ, Throttle",Don't Leave (Throttle Remix),2017,0,299266,https://open.spotify.com/track/5wdlTFSoffwbQba5eokcLR,energetic,dont leave throttle remix
2fQxE0jVrjNMT9oJAXtSJR,Domino,Jessie J,Who You Are (Platinum Edition),1/1/2011,76,231840,https://open.spotify.com/track/2fQxE0jVrjNMT9oJAXtSJR,energetic,domino
3iIESzXI8WPwf8YGWOTWTc,You Make Me Feel... (feat. Sabi),"Cobra Starship, Sabi",You Make Me Feel... (feat. Sabi),10/21/2011,47,215693,https://open.spotify.com/track/3iIESzXI8WPwf8YGWOTWTc,energetic,you make me feel feat sabi
7gWSWDBriMK7YKefAe4NMP,Miami 2 Ibiza - Swedish House Mafia vs. Tinie Tempah,"Swedish House Mafia, Tinie Tempah",Disc-Overy,2010,58,206460,https://open.spotify.com/track/7gWSWDBriMK7YKefAe4NMP,energetic,miami 2 ibiza swedish house mafia vs tinie tempah
5kwAIpUBwhmiBpsJlcMgO1,Fade Into Darkness - Vocal Radio Mix,Avicii,Fade Into Darkness,7/22/2011,52,198133,https://open.spotify.com/track/5kwAIpUBwhmiBpsJlcMgO1,energetic,fade into darkness vocal radio mix
0FkLMOUTkSTPSAYkIXQ579,L'amour Toujours (Small Mix),Gigi D'Agostino,L'Amour Toujour,5/30/2014,64,242053,https://open.spotify.com/track/0FkLMOUTkSTPSAYkIXQ579,energetic,lamour toujours small mix
6klf1x9aMoBHcPY2UsSI5m,Stereo Love - Radio Edit,"Edward Maya, Vika Jigulina",Stereo Love (The Definitive DJ Deluxe Edition),3/2/2010,0,186279,https://open.spotify.com/track/6klf1x9aMoBHcPY2UsSI5m,energetic,stereo love radio edit
5dbSyYN5eWW3DzaLmu3ies,Seve - Radio Edit,Tez Cadey,Walls - EP,11/13/2015,42,209773,https://open.spotify.com/track/5dbSyYN5eWW3DzaLmu3ies,energetic,seve radio edit
0MOiv7WTXCqvm89lVCf9C8,Million Voices - Radio Edit,Otto Knows,Million Voices,1/1/2012,66,192866,https://open.spotify.com/track/0MOiv7WTXCqvm89lVCf9C8,energetic,million voices radio edit
54ZPmGE1uOG9IYoUBSRSp7,City Of Dreams - Radio Edit,"Dirty South, Alesso, Ruben Haze",City Of Dreams,1/1/2013,59,226866,https://open.spotify.com/track/54ZPmGE1uOG9IYoUBSRSp7,energetic,city of dreams radio edit
41KPpw0EZCytxNkmEMJVgr,One - Radio Edit,Swedish House Mafia,One (Your Name),7/23/2010,59,169920,https://open.spotify.com/track/41KPpw0EZCytxNkmEMJVgr,energetic,one radio edit
2KrHwwnKAfSDdOStftigJm,Years - Radio Edit,"Alesso, Matthew Koma",Years,1/1/2012,57,195480,https://open.spotify.com/track/2KrHwwnKAfSDdOStftigJm,energetic,years radio edit
6Iocm6VMu6bVNYwiDoyQFW,Coming Home,"Diddy - Dirty Money, Skylar Grey",Last Train To Paris,1/1/2010,66,238693,https://open.spotify.com/track/6Iocm6VMu6bVNYwiDoyQFW,energetic,coming home
5FljCWR0cys07PQ9277GTz,The Other Side,Jason Derulo,Talk Dirty,9/16/2013,62,226986,https://open.spotify.com/track/5FljCWR0cys07PQ9277GTz,energetic,the other side
4ua0IepBEISCWwF8dTJvcU,Ghosts 'n' Stuff,"deadmau5, Rob Swire",For Lack Of A Better Name,1/1/2009,57,328253,https://open.spotify.com/track/4ua0IepBEISCWwF8dTJvcU,energetic,ghosts n stuff
6no1mklq4BJBg7KJ6Dly7N,212,"Azealia Banks, Lazy Jay",Broke with Expensive Taste,11/7/2014,1,204956,https://open.spotify.com/track/6no1mklq4BJBg7KJ6Dly7N,energetic,212
1RMRkCn07y2xtBip9DzwmC,Turn Up the Music,Chris Brown,Fortune (Expanded Edition),7/3/2012,63,227973,https://open.spotify.com/track/1RMRkCn07y2xtBip9DzwmC,energetic,turn up the music
127uq83uGFapbddqiMUKky,Sexy Bitch (feat. Akon),"David Guetta, Akon",One More Love,11/22/2010,63,195853,https://open.spotify.com/track/127uq83uGFapbddqiMUKky,energetic,sexy bitch feat akon
7vWFaMq63AwkFDhS2OAg5u,The Time (Dirty Bit),Black Eyed Peas,The Beginning (Deluxe),1/1/2010,72,307640,https://open.spotify.com/track/7vWFaMq63AwkFDhS2OAg5u,energetic,the time dirty bit
5jzX4dWVQeBTtfBaXnMRt5,DONTTRUSTME,3OH!3,WANT,7/7/2008,71,192573,https://open.spotify.com/track/5jzX4dWVQeBTtfBaXnMRt5,energetic,donttrustme
7kMfu3KUydmrFVGEAhjtyl,Good Girls Go Bad (feat. Leighton Meester),"Cobra Starship, Leighton Meester",Hot Mess,8/7/2009,65,196413,https://open.spotify.com/track/7kMfu3KUydmrFVGEAhjtyl,energetic,good girls go bad feat leighton meester
38iU2jg98IZZEIJPrP7aWD,Till the World Ends,Britney Spears,Femme Fatale (Deluxe Version),3/28/2011,65,237946,https://open.spotify.com/track/38iU2jg98IZZEIJPrP7aWD,energetic,till the world ends
0GiwV6v3AgJfdu59tj719Y,Pump It Up,Endor,Pump It Up,9/13/2019,12,150635,https://open.spotify.com/track/0GiwV6v3AgJfdu59tj719Y,energetic,pump it up
5s7xgzXtmY4gMjeSlgisjy,Easy Love,Sigala,Brighter Days,9/28/2018,65,229813,https://open.spotify.com/track/5s7xgzXtmY4gMjeSlgisjy,energetic,easy love
4M8x1TR36VMQMFMbGCdoyA,Back & Forth,"MK, Jonas Blue, Becky Hill",Back & Forth,9/7/2018,55,196214,https://open.spotify.com/track/4M8x1TR36VMQMFMbGCdoyA,energetic,back forth
1kQhi22kyluRCnIPAXtxEZ,I Found You (with Calvin Harris),"benny blanco, Calvin Harris",FRIENDS KEEP SECRETS,12/7/2018,53,189165,https://open.spotify.com/track/1kQhi22kyluRCnIPAXtxEZ,energetic,i found you with calvin harris
1yAPglN5AGf7UoLK062ZYq,Wish You Well,"Sigala, Becky Hill",Wish You Well,5/24/2019,53,205653,https://open.spotify.com/track/1yAPglN5AGf7UoLK062ZYq,energetic,wish you well
7pqgMEKsDMOHUdFQ7n0N9K,Dangerous (feat. Sam Martin),"David Guetta, Sam Martin",Listen,11/10/2014,70,203641,https://open.spotify.com/track/7pqgMEKsDMOHUdFQ7n0N9K,energetic,dangerous feat sam martin
4NTWZqvfQTlOMitlVn6tew,The Show Goes On,Lupe Fiasco,Lasers,3/4/2011,71,239613,https://open.spotify.com/track/4NTWZqvfQTlOMitlVn6tew,energetic,the show goes on
0eH2eHURaXUP15D8gQlfjx,LoveGame,Lady Gaga,The Fame,1/1/2008,75,216333,https://open.spotify.com/track/0eH2eHURaXUP15D8gQlfjx,energetic,lovegame
3DamFFqW32WihKkTVlwTYQ,Fireflies,Owl City,Ocean Eyes,1/1/2009,78,228346,https://open.spotify.com/track/3DamFFqW32WihKkTVlwTYQ,energetic,fireflies
6FB3v4YcR57y4tXFcdxI1E,I Knew You Were Trouble.,Taylor Swift,Red (Big Machine Radio Release Special),10/22/2012,76,219720,https://open.spotify.com/track/6FB3v4YcR57y4tXFcdxI1E,energetic,i knew you were trouble
6OEolOOk9Gh9bqkdpfIOl0,Ridin' Solo,Jason Derulo,Jason Derulo (International),2/26/2010,67,215746,https://open.spotify.com/track/6OEolOOk9Gh9bqkdpfIOl0,energetic,ridin solo
3hsmbFKT5Cujb5GQjqEU39,Look At Me Now (feat. Lil' Wayne & Busta Rhymes),"Chris Brown, Lil Wayne, Busta Rhymes",F.A.M.E. (Expanded Edition),3/22/2011,72,222586,https://open.spotify.com/track/3hsmbFKT5Cujb5GQjqEU39,energetic,look at me now feat lil wayne busta rhymes
3R4Fok4quXAK9QylJn5FQT,Summer Air,ItaloBrothers,Summer Air,8/4/2017,0,183587,https://open.spotify.com/track/3R4Fok4quXAK9QylJn5FQT,energetic,summer air
2ldAdghnrO34HPcZ0IWfTu,Ten Feet Tall,"AFROJACK, WRABEL",Forget The World (Deluxe),1/1/2014,61,229149,https://open.spotify.com/track/2ldAdghnrO34HPcZ0IWfTu,energetic,ten feet tall
46NBoIAHrmR7qcUGCIFEjR,This One's for You (feat. Zara Larsson) (Official Song UEFA EURO 2016),"David Guetta, Zara Larsson",This One's for You (feat. Zara Larsson) [Official Song UEFA EURO 2016],5/13/2016,67,207272,https://open.spotify.com/track/46NBoIAHrmR7qcUGCIFEjR,energetic,this ones for you feat zara larsson official song uefa euro 2016
1ahVFh0ViDZr8LvkEVlq3B,No Sleep (feat. Bonn),"Martin Garrix, Bonn",No Sleep (feat. Bonn),2/21/2019,58,207094,https://open.spotify.com/track/1ahVFh0ViDZr8LvkEVlq3B,energetic,no sleep feat bonn
4NSW0Km5ZG60L8FthUebPJ,What I Like About You (feat. Theresa Rex),"Jonas Blue, Theresa Rex",What I Like About You (feat. Theresa Rex),3/22/2019,59,220396,https://open.spotify.com/track/4NSW0Km5ZG60L8FthUebPJ,energetic,what i like about you feat theresa rex
7B1Dl3tXqySkB8OPEwVvSu,We'll Be Coming Back (feat. Example),"Calvin Harris, Example",18 Months,10/29/2012,61,234360,https://open.spotify.com/track/7B1Dl3tXqySkB8OPEwVvSu,energetic,well be coming back feat example
4vVTI94F9uJ8lHNDWKv0i2,Eenie Meenie,"Sean Kingston, Justin Bieber",Eenie Meenie,3/23/2010,79,201946,https://open.spotify.com/track/4vVTI94F9uJ8lHNDWKv0i2,energetic,eenie meenie
3JTMWdhcJPiegDSe7SvZS3,Cannibal,Kesha,Cannibal (Expanded Edition),11/19/2010,74,194253,https://open.spotify.com/track/3JTMWdhcJPiegDSe7SvZS3,energetic,cannibal
0mtPNQl5vePVwiI9Vykp7L,We Run The Night,"Havana Brown, Pitbull",We Run The Night,1/1/2011,55,228200,https://open.spotify.com/track/0mtPNQl5vePVwiI9Vykp7L,energetic,we run the night
74PyndGWYtfs86n60lAsYW,Everytime We Touch - Radio Edit,Cascada,Original Me,1/1/2011,64,199120,https://open.spotify.com/track/74PyndGWYtfs86n60lAsYW,energetic,everytime we touch radio edit
3aIhJDHxr1kgTSnutJxPTH,Peanut Butter Jelly,Galantis,Pharmacy,6/5/2015,63,203133,https://open.spotify.com/track/3aIhJDHxr1kgTSnutJxPTH,energetic,peanut butter jelly
66TRwr5uJwPt15mfFkzhbi,Crank That (Soulja Boy),Soulja Boy,souljaboytellem.com,1/1/2007,76,221933,https://open.spotify.com/track/66TRwr5uJwPt15mfFkzhbi,energetic,crank that soulja boy
3TZwjdclvWt7iPJUnMpgcs,Jump Around,House Of Pain,House of Pain (Fine Malt Lyrics),7/21/1994,4,214946,https://open.spotify.com/track/3TZwjdclvWt7iPJUnMpgcs,energetic,jump around
6lV2MSQmRIkycDScNtrBXO,Airplanes (feat. Hayley Williams of Paramore),"B.o.B, Hayley Williams",B.o.B Presents: The Adventures of Bobby Ray,4/27/2010,78,180480,https://open.spotify.com/track/6lV2MSQmRIkycDScNtrBXO,energetic,airplanes feat hayley williams of paramore
1hRFVIy9As8OVRk8B7CrD5,When Love Takes Over (feat. Kelly Rowland),"David Guetta, Kelly Rowland",One More Love,11/22/2010,59,191000,https://open.spotify.com/track/1hRFVIy9As8OVRk8B7CrD5,energetic,when love takes over feat kelly rowland
0WCiI0ddWiu5F2kSHgfw5S,Take It Off,Kesha,Animal (Expanded Edition),1/1/2010,73,215200,https://open.spotify.com/track/0WCiI0ddWiu5F2kSHgfw5S,energetic,take it off
6Q44rxzH39y2tjic98Spo5,Fergalicious,"Fergie, will.i.am",The Dutchess,9/13/2006,63,292373,https://open.spotify.com/track/6Q44rxzH39y2tjic98Spo5,energetic,fergalicious
3Tu7uWBecS6GsLsL8UONKn,Don't Stop the Party (feat. TJR),"Pitbull, TJR",Global Warming: Meltdown (Deluxe Version),2012,69,206120,https://open.spotify.com/track/3Tu7uWBecS6GsLsL8UONKn,energetic,dont stop the party feat tjr
6Yk4HTvs1Ww41l4c7iyBlH,Be Right Here,"Kungs, Stargate, Joshua Golden",Be Right Here,6/22/2018,42,191000,https://open.spotify.com/track/6Yk4HTvs1Ww41l4c7iyBlH,energetic,be right here
2meEiZKWkiN28gITzFwQo5,Into You,Ariana Grande,Dangerous Woman,5/20/2016,3,244453,https://open.spotify.com/track/2meEiZKWkiN28gITzFwQo5,energetic,into you
0wbDgMuAoy7O7pL3a69uZx,Give It To Me,"Timbaland, Justin Timberlake, Nelly Furtado",Shock Value,4/2/2007,78,234026,https://open.spotify.com/track/0wbDgMuAoy7O7pL3a69uZx,energetic,give it to me
3clsCV1f1E9u1Fge9ntulk,Alejandro,Lady Gaga,The Fame Monster (International Deluxe),11/18/2009,58,274213,https://open.spotify.com/track/3clsCV1f1E9u1Fge9ntulk,energetic,alejandro
2ZAOEPkOeZTGsjGHWyCThc,Cola Song (feat. J Balvin),"INNA, J Balvin",Cola Song (feat. J Balvin),4/15/2014,64,198245,https://open.spotify.com/track/2ZAOEPkOeZTGsjGHWyCThc,energetic,cola song feat j balvin
5TmFTHZp7HjBXjjsFvCY6h,Destination Calabria - Radio Edit,"Alex Gaudino, Crystal Waters",Destination Calabria,2/19/2007,75,223111,https://open.spotify.com/track/5TmFTHZp7HjBXjjsFvCY6h,energetic,destination calabria radio edit
360UM2DaiHZPRu0EsrOvMp,If We Ever Meet Again (Featuring Katy Perry),"Timbaland, Katy Perry",Shock Value II,1/1/2009,68,292706,https://open.spotify.com/track/360UM2DaiHZPRu0EsrOvMp,energetic,if we ever meet again featuring katy perry
59dLtGBS26x7kc0rHbaPrq,Nothin' on You (feat. Bruno Mars),"B.o.B, Bruno Mars",B.o.B Presents: The Adventures of Bobby Ray,4/27/2010,83,268320,https://open.spotify.com/track/59dLtGBS26x7kc0rHbaPrq,energetic,nothin on you feat bruno mars
6pTg4H8juKV9iSzrcVUbM3,Dance Wiv Me - Radio Edit,"Dizzee Rascal, Calvin Harris, Chrom3",Tongue N' Cheek (Dirtee Deluxe Edition),1/1/2011,65,204093,https://open.spotify.com/track/6pTg4H8juKV9iSzrcVUbM3,energetic,dance wiv me radio edit
7HacCTm33hZYYN8DXpCYuG,I Like It,"Enrique Iglesias, Pitbull",Euphoria,2010,74,231373,https://open.spotify.com/track/7HacCTm33hZYYN8DXpCYuG,energetic,i like it
02XnQdf7sipaKBBHixz3Zp,Paparazzi,Lady Gaga,The Fame,1/1/2008,80,208306,https://open.spotify.com/track/02XnQdf7sipaKBBHixz3Zp,energetic,paparazzi
28Z8Ay0jsB5Rq5FWiYwufb,Animals - Radio Edit,Martin Garrix,Animals,6/17/2013,0,176117,https://open.spotify.com/track/28Z8Ay0jsB5Rq5FWiYwufb,energetic,animals radio edit
2JoIjuzRplpYGvvLpSW2on,Sad Song (feat. TINI),"Alesso, TINI",Sad Song (feat. TINI),6/14/2019,43,154024,https://open.spotify.com/track/2JoIjuzRplpYGvvLpSW2on,energetic,sad song feat tini
5XYXgYQJvY87aCFxK5sOnp,Go Bang,"PNAU, Kira Divine",Changa,11/10/2017,52,189092,https://open.spotify.com/track/5XYXgYQJvY87aCFxK5sOnp,energetic,go bang
4b4c0oH7PtrPsI86drzgFs,Chasing The Sun,The Wanted,The Wanted (Special Edition),1/1/2012,68,198800,https://open.spotify.com/track/4b4c0oH7PtrPsI86drzgFs,energetic,chasing the sun
2i5gkqfLxlCM902kgZVb6v,Pass Out,Tinie Tempah,Disc-Overy,2010,55,268053,https://open.spotify.com/track/2i5gkqfLxlCM902kgZVb6v,energetic,pass out
6Uj8ru7TNLDIelbuQ8eBd6,"Turn Around (5,4,3,2,1)",Flo Rida,Only One Flo (Part 1),11/24/2010,64,201386,https://open.spotify.com/track/6Uj8ru7TNLDIelbuQ8eBd6,energetic,turn around 54321
4cS2HQ6jK80vqdY9ofpztx,She Wolf,Shakira,She Wolf (Expanded Edition),2009,5,188866,https://open.spotify.com/track/4cS2HQ6jK80vqdY9ofpztx,energetic,she wolf
6AxCr5G75R5rqyNCYWVpTo,Higher,"Taio Cruz, Kylie Minogue",Rokstarr (Special Edition),1/1/2010,62,187626,https://open.spotify.com/track/6AxCr5G75R5rqyNCYWVpTo,energetic,higher
1IAzD1muglOxOcPbUHs70R,Whatever You Like,T.I.,Paper Trail,9/7/2008,75,249533,https://open.spotify.com/track/1IAzD1muglOxOcPbUHs70R,energetic,whatever you like
4odiyU3myG29Ld0wurMfE8,She Doesn't Mind,Sean Paul,Tomahawk Technique,1/24/2012,76,227786,https://open.spotify.com/track/4odiyU3myG29Ld0wurMfE8,energetic,she doesnt mind
1xK7enJZVdv37fnnxoZlPq,With You,"Kaskade, Meghan Trainor",With You,6/14/2019,44,180840,https://open.spotify.com/track/1xK7enJZVdv37fnnxoZlPq,energetic,with you
3F9ByoUqu31xU0I3G5xfVg,Meet Me Halfway,Black Eyed Peas,THE E.N.D. (THE ENERGY NEVER DIES) [Deluxe Version],1/1/2009,80,284373,https://open.spotify.com/track/3F9ByoUqu31xU0I3G5xfVg,energetic,meet me halfway
4fqwEothoIOcKr3pARJCgu,Gettin' Over (feat. Chris Willis & Fergie),"David Guetta, Chris Willis, Fergie",One More Love,11/22/2010,44,182013,https://open.spotify.com/track/4fqwEothoIOcKr3pARJCgu,energetic,gettin over feat chris willis fergie
5cCAZS9VhLGEDV4NCfieeg,I Wanna Go,Britney Spears,Femme Fatale (Deluxe Version),3/28/2011,70,210266,https://open.spotify.com/track/5cCAZS9VhLGEDV4NCfieeg,energetic,i wanna go
3rDFqo8yv93PtTmdOYOPzX,Tonight (I'm Fuckin' You),"Enrique Iglesias, Ludacris, DJ Frank E",Tonight (I'm Fuckin' You),1/1/2010,47,231653,https://open.spotify.com/track/3rDFqo8yv93PtTmdOYOPzX,energetic,tonight im fuckin you
3aQz0z86zrKjd1mcZlonxE,Infinity 2008 - Klaas Vocal Edit,"Guru Josh Project, Klaas",Infinity 2008,5/7/2008,75,192294,https://open.spotify.com/track/3aQz0z86zrKjd1mcZlonxE,energetic,infinity 2008 klaas vocal edit
4LyvsPgJtjUQQtw0FJ6Jys,So What,P!nk,Funhouse (Deluxe Version),10/24/2008,44,215160,https://open.spotify.com/track/4LyvsPgJtjUQQtw0FJ6Jys,energetic,so what
22L7bfCiAkJo5xGSQgmiIO,All Of The Lights,Kanye West,My Beautiful Dark Twisted Fantasy,11/22/2010,79,299613,https://open.spotify.com/track/22L7bfCiAkJo5xGSQgmiIO,energetic,all of the lights
6qUSs4FDzZUdAhY6JDIJfa,Who's That Chick? (feat. Rihanna),"David Guetta, Rihanna",One More Love,11/22/2010,59,201040,https://open.spotify.com/track/6qUSs4FDzZUdAhY6JDIJfa,energetic,whos that chick feat rihanna
2bLqfJjuC5syrsgDsZfGmn,The Way I Are,"Timbaland, Keri Hilson, D.O.E.",Shock Value,1/1/2007,85,179120,https://open.spotify.com/track/2bLqfJjuC5syrsgDsZfGmn,energetic,the way i are
03tqyYWC9Um2ZqU0ZN849H,No Hands (feat. Roscoe Dash & Wale),"Waka Flocka Flame, Roscoe Dash, Wale",Flockaveli,10/1/2010,82,263773,https://open.spotify.com/track/03tqyYWC9Um2ZqU0ZN849H,energetic,no hands feat roscoe dash wale
7iL6o9tox1zgHpKUfh9vuC,In Da Club,50 Cent,Get Rich Or Die Tryin',2/6/2003,82,193466,https://open.spotify.com/track/7iL6o9tox1zgHpKUfh9vuC,energetic,in da club
4OnqLyg2oOZHejuqDnuecO,Promiscuous,"Nelly Furtado, Timbaland",The Best of Nelly Furtado (International Version),1/1/2010,35,242373,https://open.spotify.com/track/4OnqLyg2oOZHejuqDnuecO,energetic,promiscuous
2cMTIlktg3M9mXYqCPqw1J,Milkshake,Kelis,Tasty,12/5/2003,3,182626,https://open.spotify.com/track/2cMTIlktg3M9mXYqCPqw1J,energetic,milkshake
6zsk6uF3MxfIeHPlubKBvR,Get Ur Freak On,Missy Elliott,Miss E... So Addictive,5/14/2001,70,211120,https://open.spotify.com/track/6zsk6uF3MxfIeHPlubKBvR,energetic,get ur freak on
1B75hgRqe7A4fwee3g3Wmu,U Can't Touch This,MC Hammer,Please Hammer Don't Hurt 'Em,2/20/1990,73,257359,https://open.spotify.com/track/1B75hgRqe7A4fwee3g3Wmu,energetic,u cant touch this
0k2GOhqsrxDTAbFFSdNJjT,Temperature,Sean Paul,The Trinity,9/27/2005,83,216320,https://open.spotify.com/track/0k2GOhqsrxDTAbFFSdNJjT,energetic,temperature
4fixebDZAVToLbUCuEloa2,Womanizer,Britney Spears,Circus (Deluxe Version),12/2/2008,79,224400,https://open.spotify.com/track/4fixebDZAVToLbUCuEloa2,energetic,womanizer
30cSNer6TV8x2utjULVeQ5,SOS,Rihanna,A Girl Like Me,4/10/2006,79,238920,https://open.spotify.com/track/30cSNer6TV8x2utjULVeQ5,energetic,sos
7aFln8SrxGkO7poJaKs83n,Seek Bromance - Avicii Vocal Edit,"Tim Berg, Avicii",Seek Bromance (Remixes - Vocal Versions),1/1/2011,24,200986,https://open.spotify.com/track/7aFln8SrxGkO7poJaKs83n,energetic,seek bromance avicii vocal edit
1SgdUjvppHnIp6L7DZSnwc,She Wolf (Falling to Pieces) [feat. Sia],"David Guetta, Sia",Nothing but the Beat (Ultimate Edition),12/7/2012,67,222500,https://open.spotify.com/track/1SgdUjvppHnIp6L7DZSnwc,energetic,she wolf falling to pieces feat sia
60jzFy6Nn4M0iD1d94oteF,Rude Boy,Rihanna,Rated R,11/20/2009,79,222920,https://open.spotify.com/track/60jzFy6Nn4M0iD1d94oteF,energetic,rude boy
2oENJa1T33GJ0w8dC167G4,Fire Burning,Sean Kingston,Tomorrow,9/7/2009,74,239986,https://open.spotify.com/track/2oENJa1T33GJ0w8dC167G4,energetic,fire burning
6aqNCrRA7vs7v6QvRpI50t,Dancing On My Own,Robyn,Body Talk,1/1/2010,64,285853,https://open.spotify.com/track/6aqNCrRA7vs7v6QvRpI50t,energetic,dancing on my own
48BTk7yMhhGGZUQp2LHWjr,Hello - Radio Edit,"Martin Solveig, Dragonette",Hello,11/1/2010,0,191477,https://open.spotify.com/track/48BTk7yMhhGGZUQp2LHWjr,energetic,hello radio edit
3raIDwS1IWxjBq48cE4E8h,Troublemaker (feat. Flo Rida),"Olly Murs, Flo Rida",Right Place Right Time (Special Edition),2012,0,185586,https://open.spotify.com/track/3raIDwS1IWxjBq48cE4E8h,energetic,troublemaker feat flo rida
5o3GnrcFtvkdf3zFznuSbA,Don't Wanna Know (feat. Kendrick Lamar),"Maroon 5, Kendrick Lamar",Red Pill Blues (Deluxe),6/15/2018,70,214265,https://open.spotify.com/track/5o3GnrcFtvkdf3zFznuSbA,energetic,dont wanna know feat kendrick lamar
3f7gYMirBEKuc57218BjOY,California Gurls,"Katy Perry, Snoop Dogg",Teenage Dream,8/24/2010,67,234653,https://open.spotify.com/track/3f7gYMirBEKuc57218BjOY,energetic,california gurls
0aBKFfdyOD1Ttvgv0cfjjJ,More - RedOne Jimmy Joker Remix,USHER,More,11/22/2010,72,219986,https://open.spotify.com/track/0aBKFfdyOD1Ttvgv0cfjjJ,energetic,more redone jimmy joker remix
3rLIv187BhjyweFe89SgLn,Somebody To Love,Justin Bieber,My World 2.0,1/1/2010,74,220920,https://open.spotify.com/track/3rLIv187BhjyweFe89SgLn,energetic,somebody to love
0eqH0ALoDQevq59YcQ53KE,Hollaback Girl,Gwen Stefani,Love. Angel. Music. Baby.,11/12/2004,72,199853,https://open.spotify.com/track/0eqH0ALoDQevq59YcQ53KE,energetic,hollaback girl
7uKcScNXuO3MWw6LowBjW1,"1, 2 Step (feat. Missy Elliott)","Ciara, Missy Elliott",Goodies,9/27/2004,74,203786,https://open.spotify.com/track/7uKcScNXuO3MWw6LowBjW1,energetic,1 2 step feat missy elliott
3rfhI32Il2hVRKDkuGeeen,Hey Baby (Drop It to the Floor) (feat. T-Pain),"Pitbull, T-Pain",Planet Pit (Deluxe Version),6/17/2011,79,234453,https://open.spotify.com/track/3rfhI32Il2hVRKDkuGeeen,energetic,hey baby drop it to the floor feat tpain
1r3myKmjWoOqRip99CmSj1,Don't Wanna Go Home,Jason Derulo,Future History (Deluxe Edition),9/16/2011,63,206080,https://open.spotify.com/track/1r3myKmjWoOqRip99CmSj1,energetic,dont wanna go home
6VRhkROS2SZHGlp0pxndbJ,Bangarang (feat. Sirah),"Skrillex, Sirah",Bangarang EP,12/27/2011,69,215253,https://open.spotify.com/track/6VRhkROS2SZHGlp0pxndbJ,energetic,bangarang feat sirah
5PZI5xTcMq8FsCcEroth7S,Boneless,"Steve Aoki, Chris Lake, Tujamo",Boneless (Remixes),9/10/2013,2,270000,https://open.spotify.com/track/5PZI5xTcMq8FsCcEroth7S,energetic,boneless
4W9KBjqf2lyUF6MdX0vsJm,Get Up (Rattle) - Vocal Edit,"Bingo Players, Far East Movement",Get Up (Rattle),1/14/2013,0,166933,https://open.spotify.com/track/4W9KBjqf2lyUF6MdX0vsJm,energetic,get up rattle vocal edit
4VTRlB4KVaNfm7ZbMOKLNT,Stamp on the Ground - Radio Edit,ItaloBrothers,Stamp On The Ground,9/25/2009,46,196998,https://open.spotify.com/track/4VTRlB4KVaNfm7ZbMOKLNT,energetic,stamp on the ground radio edit
4wMRo12qupmGNj0sh341xb,Nova,Ahrix,Nova,3/16/2017,53,281325,https://open.spotify.com/track/4wMRo12qupmGNj0sh341xb,energetic,nova
6lc1Rq31ILjpydczoURQPb,Mr. Saxobeat,Alexandra Stan,Saxobeats,11/16/2011,0,195105,https://open.spotify.com/track/6lc1Rq31ILjpydczoURQPb,energetic,mr saxobeat
4ANBbieYR9qbYS7tgTpfPW,Sweet Lovin' (feat. Bryn Christopher),"Sigala, Bryn Christopher",Sweet Lovin' (feat. Bryn Christopher),11/16/2015,9,202149,https://open.spotify.com/track/4ANBbieYR9qbYS7tgTpfPW,energetic,sweet lovin feat bryn christopher
7L59vVTpoS94JU3KEeolqt,Take Me Home (feat. Bebe Rexha),"Cash Cash, Bebe Rexha","Blood, Sweat & 3 Years",6/24/2016,58,206320,https://open.spotify.com/track/7L59vVTpoS94JU3KEeolqt,energetic,take me home feat bebe rexha
2oejEp50ZzPuQTQ6v54Evp,Call You Mine,"The Chainsmokers, Bebe Rexha",World War Joy,12/6/2019,66,217640,https://open.spotify.com/track/2oejEp50ZzPuQTQ6v54Evp,energetic,call you mine
2NF8A7C6tICScdRaZ0BrEe,Katchi - Ofenbach vs. Nick Waterhouse,"Ofenbach, Nick Waterhouse",Katchi (Ofenbach vs. Nick Waterhouse),8/25/2017,62,151011,https://open.spotify.com/track/2NF8A7C6tICScdRaZ0BrEe,energetic,katchi ofenbach vs nick waterhouse
6THwtgImf1ZAR2w3iknjeS,We Don't Care,"Sigala, The Vamps",Brighter Days,9/28/2018,45,207666,https://open.spotify.com/track/6THwtgImf1ZAR2w3iknjeS,energetic,we dont care
7IohFKIwrb75c4XaqX7WWo,This Is Love,"will.i.am, Eva Simons",#willpower (Deluxe),1/1/2013,59,279026,https://open.spotify.com/track/7IohFKIwrb75c4XaqX7WWo,energetic,this is love
07K4GcCDSTiXUF5ssyTRUM,The Sweet Escape,"Gwen Stefani, Akon",The Sweet Escape,1/1/2006,75,246466,https://open.spotify.com/track/07K4GcCDSTiXUF5ssyTRUM,energetic,the sweet escape
2cZrrQMjB63c0iIugYH9zS,Rain Over Me (feat. Marc Anthony),"Pitbull, Marc Anthony",Planet Pit (Deluxe Version),6/17/2011,76,231573,https://open.spotify.com/track/2cZrrQMjB63c0iIugYH9zS,energetic,rain over me feat marc anthony
6ITIcWfVuIcMz6PyfJyTjb,Welcome To St. Tropez (Dj Antoine vs Mad Mark Radio Edit) - Dj Antoine Vs Timati,"DJ Antoine, Timati, Kalenna, DJ Antoine vs. Mad Mark",Welcome To St. Tropez (Dj Antoine Vs Timati),9/12/2011,0,195265,https://open.spotify.com/track/6ITIcWfVuIcMz6PyfJyTjb,energetic,welcome to st tropez dj antoine vs mad mark radio edit dj antoine vs timati
3uRIGDDdT4tztwsOSLmjZg,Number 1,"Tinchy Stryder, N-Dubz",Catch 22,1/1/2009,58,212773,https://open.spotify.com/track/3uRIGDDdT4tztwsOSLmjZg,energetic,number 1
6ddQ5KCkvCggk3j6KdA0zL,Bonkers,"Dizzee Rascal, Armand Van Helden",Tongue N' Cheek (Dirtee Deluxe Edition),1/1/2011,66,177573,https://open.spotify.com/track/6ddQ5KCkvCggk3j6KdA0zL,energetic,bonkers
0F2BxpbxH8Yc3pLub48hrb,Pjanoo - Radio Edit,Eric Prydz,Pjanoo,8/29/2008,64,157432,https://open.spotify.com/track/0F2BxpbxH8Yc3pLub48hrb,energetic,pjanoo radio edit
6Sy9BUbgFse0n0LPA5lwy5,Sandstorm,Darude,"Before the Storm, Special Edition",1/1/2001,71,225493,https://open.spotify.com/track/6Sy9BUbgFse0n0LPA5lwy5,energetic,sandstorm
4B2kkxg3wKSTZw5JPaUtzQ,On & On,"Cartoon, Daniel Levi",On & On,7/9/2015,2,207068,https://open.spotify.com/track/4B2kkxg3wKSTZw5JPaUtzQ,energetic,on on
7ipGvvE90ROUNFw7ZBXBTO,Ghost Voices,Virtual Self,Virtual Self,12/1/2017,0,266365,https://open.spotify.com/track/7ipGvvE90ROUNFw7ZBXBTO,energetic,ghost voices
6sKxXqDGkKROr3Z3Na32nv,Stereo Love (Radio Edit),"Edward Maya, Vika Jigulina",Stereo Love,5/15/2010,57,184015,https://open.spotify.com/track/6sKxXqDGkKROr3Z3Na32nv,energetic,stereo love radio edit
03xIKiQXopptD4Sv8ijvcG,2 Times,"Dimitri Vegas, Steve Aoki, Ann Lee, Sound Of Legend",2 Times,10/4/2024,64,131200,https://open.spotify.com/track/03xIKiQXopptD4Sv8ijvcG,energetic,2 times
0yLdNVWF3Srea0uzk55zFn,Flowers,Miley Cyrus,Flowers,1/13/2023,14,200454,https://open.spotify.com/track/0yLdNVWF3Srea0uzk55zFn,energetic,flowers
46Tjel8UJ2nR0uFgXkT9Y7,Like A G6 (with Naeleck),"Timmy Trumpet, POLTERGST, Naeleck",Like A G6 (with Naeleck),5/10/2024,69,148751,https://open.spotify.com/track/46Tjel8UJ2nR0uFgXkT9Y7,energetic,like a g6 with naeleck
52LJ3hyknOijCrE5gCD0rE,L'Amour Toujours,Gigi D'Agostino,L'Amour Toujours,5/23/2001,77,242053,https://open.spotify.com/track/52LJ3hyknOijCrE5gCD0rE,energetic,lamour toujours
5aEqcblO0Z6JloFJXtxyhe,Everytime We Touch,Cascada,Platinum,2006,62,197124,https://open.spotify.com/track/5aEqcblO0Z6JloFJXtxyhe,energetic,everytime we touch
2cc8Sw1OnCuA5bV8nqWqpE,You,"Regard, Troye Sivan, Tate McRae",You,4/16/2021,70,233386,https://open.spotify.com/track/2cc8Sw1OnCuA5bV8nqWqpE,energetic,you
5OMwQFBcte0aWFJFqrr5oj,TiK ToK,Kesha,Animal,2010,2,199693,https://open.spotify.com/track/5OMwQFBcte0aWFJFqrr5oj,energetic,tik tok
7LgqqZZSiEu2ILeWBtwMsq,Ashes,Naeleck,Ashes,8/8/2025,55,153290,https://open.spotify.com/track/7LgqqZZSiEu2ILeWBtwMsq,energetic,ashes
5ZULALImTm80tzUbYQYM9d,Dance Monkey,Tones And I,The Kids Are Coming,8/29/2019,67,209438,https://open.spotify.com/track/5ZULALImTm80tzUbYQYM9d,energetic,dance monkey
3qfxg40NR1fJi3qZSZLgn1,Angels,"TELYKAST, Loek",Angels (Dave Summer Remix),10/3/2025,36,211200,https://open.spotify.com/track/3qfxg40NR1fJi3qZSZLgn1,energetic,angels
0LJeMisvD34COpkt7QFFIO,Lighter,"Westend, Darla Jade",Lighter,10/3/2025,52,187283,https://open.spotify.com/track/0LJeMisvD34COpkt7QFFIO,energetic,lighter
2Iks5m5CbOIjgOq129erIA,Flashback,"Cartoon, Jéja, Elina Born",Flashback,2023,11,146206,https://open.spotify.com/track/2Iks5m5CbOIjgOq129erIA,energetic,flashback
36vvD0P8sUPdfrCtPLbogs,Face The War,"Slanks, Nyukyung",Face The War,8/8/2025,36,268800,https://open.spotify.com/track/36vvD0P8sUPdfrCtPLbogs,energetic,face the war
5u6T0kDFMHIQ64Rs1BUzoN,Humble,"Beyounger, Tommygunnz",Humble,8/15/2025,34,171200,https://open.spotify.com/track/5u6T0kDFMHIQ64Rs1BUzoN,energetic,humble
3ynxj4d5XCMSk2wuU9yDP1,Silver Linings,ben haydn,Silver Linings,10/31/2025,24,130767,https://open.spotify.com/track/3ynxj4d5XCMSk2wuU9yDP1,energetic,silver linings
3ZCXXrm6eORfVsvZ99PPJP,Daisuke,"Slanks, Nyukyung",Daisuke,9/26/2025,33,224571,https://open.spotify.com/track/3ZCXXrm6eORfVsvZ99PPJP,energetic,daisuke
7BHnX3KKvDlpIok1J82Ttx,No Escape,Kryo,No Escape,10/24/2025,28,237244,https://open.spotify.com/track/7BHnX3KKvDlpIok1J82Ttx,energetic,no escape
0J0nepg1ViEncJE4Hlkymm,lost.,kowlys,lost.,10/17/2025,33,174053,https://open.spotify.com/track/0J0nepg1ViEncJE4Hlkymm,energetic,lost
7JVq59wOSkYBVSsvg59ryS,Ascend,WARFORGE,Ascend,10/10/2025,35,99760,https://open.spotify.com/track/7JVq59wOSkYBVSsvg59ryS,energetic,ascend
4xJnMvCPlDfMrhikqUTmWd,Comeback,NightOne Beats,Comeback,8/1/2025,38,181973,https://open.spotify.com/track/4xJnMvCPlDfMrhikqUTmWd,energetic,comeback
2yHNVviOFk1AJNw5H3sT6y,On God,BENZAI,On God,7/11/2025,31,154290,https://open.spotify.com/track/2yHNVviOFk1AJNw5H3sT6y,energetic,on god
5nJhY8Byrgi1ysoWP7vTkP,Spartan,WARFORGE,Spartan,10/1/2025,35,131600,https://open.spotify.com/track/5nJhY8Byrgi1ysoWP7vTkP,energetic,spartan
5Qn7Ki71fVp2hjTsBoWBD9,SUBZERO - Instrumental,"Lucha, Nyukyung",AMBITION (Instrumental),9/19/2025,30,154253,https://open.spotify.com/track/5Qn7Ki71fVp2hjTsBoWBD9,energetic,subzero instrumental
3W4mhOJ8hy2AXHZNu7J5qM,GOING WILD,"Lucha, Nyukyung",GOING WILD,9/12/2025,35,168933,https://open.spotify.com/track/3W4mhOJ8hy2AXHZNu7J5qM,energetic,going wild
1FhABQoSCgcywwCOmAj91f,Final Charge,WARFORGE,Final Charge,9/5/2025,33,99960,https://open.spotify.com/track/1FhABQoSCgcywwCOmAj91f,energetic,final charge
1K0ew4TwAdiN6vTim2Dja5,KING,"Reapecks, Spritzur, Justtjokay",KING,3/4/2022,27,186181,https://open.spotify.com/track/1K0ew4TwAdiN6vTim2Dja5,energetic,king
1dEgCqwfgrYi2P0OzCXey7,AMBITION - Instrumental,"Lucha, Nyukyung",AMBITION (Instrumental),9/19/2025,32,187245,https://open.spotify.com/track/1dEgCqwfgrYi2P0OzCXey7,energetic,ambition instrumental
72wZWobTroPw4NNTADnZ4e,the motive,"BTWRKS, Dante Rose, Nat James",the motive,2/11/2022,40,123324,https://open.spotify.com/track/72wZWobTroPw4NNTADnZ4e,energetic,the motive
78qDrKkMMRYoSfVfXQph5q,Ready For The Throne,"AMU6iX, Nyukyung",Ready For The Throne,8/29/2025,31,104411,https://open.spotify.com/track/78qDrKkMMRYoSfVfXQph5q,energetic,ready for the throne
6vSK136qsCcMD3b0xFmP75,INJUSTICE,Jayanth Ak,INJUSTICE,7/25/2025,33,100048,https://open.spotify.com/track/6vSK136qsCcMD3b0xFmP75,energetic,injustice
0FelLI1ISp5j7KGmpsmzMH,Leviathan,"Slanks, Nyukyung",Leviathan,9/5/2025,31,171003,https://open.spotify.com/track/0FelLI1ISp5j7KGmpsmzMH,energetic,leviathan
5Uv3fmfp0caygi0JagN4Jb,FANTASY,Phonknight,FANTASY,7/18/2025,33,96000,https://open.spotify.com/track/5Uv3fmfp0caygi0JagN4Jb,energetic,fantasy
3cHp9Ka0fqcFInyEI99W5F,WHY SO SERIOUS - Instrumental,"Lucha, Nyukyung",AMBITION (Instrumental),9/19/2025,30,110706,https://open.spotify.com/track/3cHp9Ka0fqcFInyEI99W5F,energetic,why so serious instrumental
7eSLDj2bWZLq9ZirP12PdW,Night & Day,"BTWRKS, Dante Rose, Nat James",Night & Day,11/10/2023,35,108000,https://open.spotify.com/track/7eSLDj2bWZLq9ZirP12PdW,energetic,night day
43vLpiTBoQH32RlgCK59Fn,POWER - Instrumental,"Lucha, Nyukyung",AMBITION (Instrumental),9/19/2025,28,190328,https://open.spotify.com/track/43vLpiTBoQH32RlgCK59Fn,energetic,power instrumental
0C6CKmheMROPlQN6UifUXW,Max Out,"ben haydn, Nat James",Max Out,1/10/2025,33,108447,https://open.spotify.com/track/0C6CKmheMROPlQN6UifUXW,energetic,max out
6OoXp9JoGiVET6AXm804B4,AMBITION,"Lucha, Nyukyung",AMBITION,7/18/2025,31,187245,https://open.spotify.com/track/6OoXp9JoGiVET6AXm804B4,energetic,ambition
4PJA14ppItpTLv1CHQ5AK2,Blood Moon,WARFORGE,Blood Moon,8/22/2025,34,133120,https://open.spotify.com/track/4PJA14ppItpTLv1CHQ5AK2,energetic,blood moon
35uiIyyJrprZLSXey8WTWO,CAN'T CHALLENGE ME - Instrumental,"Lucha, Nyukyung",AMBITION (Instrumental),9/19/2025,27,105038,https://open.spotify.com/track/35uiIyyJrprZLSXey8WTWO,energetic,cant challenge me instrumental
63CJ5IPtDDWbib1Z2mKyJ6,Revolution,"Slanks, Nyukyung",Revolution,8/22/2025,28,218825,https://open.spotify.com/track/63CJ5IPtDDWbib1Z2mKyJ6,energetic,revolution
4JY1TrVbo9YZqTPvp77SPb,TRUTH - Instrumental,"Lucha, Nyukyung",AMBITION (Instrumental),9/19/2025,26,149838,https://open.spotify.com/track/4JY1TrVbo9YZqTPvp77SPb,energetic,truth instrumental
2z0bw6it8nnCQIL2cJQ8vr,WHY SO SERIOUS,"Lucha, Nyukyung",AMBITION,7/18/2025,29,110706,https://open.spotify.com/track/2z0bw6it8nnCQIL2cJQ8vr,energetic,why so serious
68F9PfZr63S9gkXTeL8dtY,TRUE WARRIOR,ANIME FARMER,TRUE WARRIOR,11/3/2025,13,167157,https://open.spotify.com/track/68F9PfZr63S9gkXTeL8dtY,energetic,true warrior
7cDtec1J7eXLlasUHakI34,OVERDRIVE - Instrumental,"Lucha, Nyukyung",AMBITION (Instrumental),9/19/2025,26,107363,https://open.spotify.com/track/7cDtec1J7eXLlasUHakI34,energetic,overdrive instrumental
27bzIF06VkIgNTbrep8OVw,Resistance,"Godmode, BTWRKS, Moistrus",Resistance,1/19/2024,31,218801,https://open.spotify.com/track/27bzIF06VkIgNTbrep8OVw,energetic,resistance
1fpUhud1ddbhfFV9g0YBb8,Hermes,"Slanks, Nyukyung",Hermes,5/9/2025,28,173125,https://open.spotify.com/track/1fpUhud1ddbhfFV9g0YBb8,energetic,hermes
5jCIHjVSpRcKkfHrFdDdeJ,REMEMBER THE NAME,ANIME FARMER,REMEMBER THE NAME,11/3/2025,12,120006,https://open.spotify.com/track/5jCIHjVSpRcKkfHrFdDdeJ,energetic,remember the name
0jmk1nboDSuCwmfozqx8Vl,Resilience,Alpha Beats,Resilience,3/15/2024,31,176000,https://open.spotify.com/track/0jmk1nboDSuCwmfozqx8Vl,energetic,resilience
4hsfAMH9PVwhfnPSRWYxYB,MISTERYOUS FUNK,"NOIXES, Phonknight",MISTERYOUS FUNK,6/27/2025,32,99090,https://open.spotify.com/track/4hsfAMH9PVwhfnPSRWYxYB,energetic,misteryous funk
4EZ7spgxh4COcE1cX4hbdy,Old Me,"Tommygunnz, Lone Me, N.E.B.",Old Me,11/19/2021,26,183614,https://open.spotify.com/track/4EZ7spgxh4COcE1cX4hbdy,energetic,old me
37yHOgimBmQKBu88RkOGIp,I WON’T BREAK,ANIME FARMER,I WON’T BREAK,11/3/2025,12,128548,https://open.spotify.com/track/37yHOgimBmQKBu88RkOGIp,energetic,i wont break
6Ohu8sJE1t7rPzvqSj23sG,HERO,Beyounger,HERO,6/27/2025,33,134068,https://open.spotify.com/track/6Ohu8sJE1t7rPzvqSj23sG,energetic,hero
1H6JGp5W3wn0RVDNQbT2ir,Black Mirror,Spasx,Black Mirror,5/11/2025,21,204599,https://open.spotify.com/track/1H6JGp5W3wn0RVDNQbT2ir,energetic,black mirror
4FNBGSoWs7IGAlV66LEvhA,Gladiator,Alpha Beats,Gladiator,12/11/2023,32,169600,https://open.spotify.com/track/4FNBGSoWs7IGAlV66LEvhA,energetic,gladiator
4Zs0Px9pkvUfLWhgRY7Zys,POWER,"Lucha, Nyukyung",AMBITION,7/18/2025,27,190328,https://open.spotify.com/track/4Zs0Px9pkvUfLWhgRY7Zys,energetic,power
4e2JHWEcUN86AScSSrQDfj,LEGEND NEVER DIES,ANIME FARMER,LEGEND NEVER DIES,11/4/2025,12,141505,https://open.spotify.com/track/4e2JHWEcUN86AScSSrQDfj,energetic,legend never dies
2ac4Hn98u6G8TornaGNKTg,Choir Funk,"HXDES, Heldeus, Rammz",Choir Funk,6/20/2025,32,134138,https://open.spotify.com/track/2ac4Hn98u6G8TornaGNKTg,energetic,choir funk
2nLjcDW7b1ZFdUuR3urnam,Work,"Lucha, Slanks",RESURGENCE,1/6/2023,30,167197,https://open.spotify.com/track/2nLjcDW7b1ZFdUuR3urnam,energetic,work
2bm9MCVxJQOwvqL3zTCF3I,CAN'T CHALLENGE ME,"Lucha, Nyukyung",AMBITION,7/18/2025,28,105038,https://open.spotify.com/track/2bm9MCVxJQOwvqL3zTCF3I,energetic,cant challenge me
7h5qxhVJevzpqskz59YDtJ,CyberFavela,"DYNAMIS, HXDES",CyberFavela,6/6/2025,28,110687,https://open.spotify.com/track/7h5qxhVJevzpqskz59YDtJ,energetic,cyberfavela
5qdOPuttVmFuePNHi7wMmL,Round Up,"BEATSMASH, Krale, Drama B",Round Up,1/24/2025,33,215394,https://open.spotify.com/track/5qdOPuttVmFuePNHi7wMmL,energetic,round up
5wTbZpFPrDT10B5Syaz0uQ,SHADOW HOKAGE,ANIME FARMER,SHADOW HOKAGE,11/4/2025,9,153835,https://open.spotify.com/track/5wTbZpFPrDT10B5Syaz0uQ,energetic,shadow hokage
3RIM5vtyZ9KwI875BHfNbt,SUBZERO,"Lucha, Nyukyung",AMBITION,7/18/2025,25,154253,https://open.spotify.com/track/3RIM5vtyZ9KwI875BHfNbt,energetic,subzero
40tEFbU8aLbXmYvjuB1afq,Holy,Alpha Beats,Holy,9/25/2023,36,234215,https://open.spotify.com/track/40tEFbU8aLbXmYvjuB1afq,energetic,holy
37hCcYFtqkKWvBKef2p2V3,ILLUSION,Phonk Kong,ILLUSION,5/16/2025,28,105882,https://open.spotify.com/track/37hCcYFtqkKWvBKef2p2V3,energetic,illusion
4nyAj6kh2JySWbeXmWK4s9,TRUTH,"Lucha, Nyukyung",AMBITION,7/18/2025,28,149838,https://open.spotify.com/track/4nyAj6kh2JySWbeXmWK4s9,energetic,truth
1oVXD3ojKQy8L5h1wyCX4c,OPPONENT,"Lucha, Nyukyung",OPPONENT,5/2/2025,30,161071,https://open.spotify.com/track/1oVXD3ojKQy8L5h1wyCX4c,energetic,opponent
2c1DdujA82gUWN5Wxar3zC,Elysium,Aytac Turkut,Elysium,11/8/2024,33,134388,https://open.spotify.com/track/2c1DdujA82gUWN5Wxar3zC,energetic,elysium
5rQvV4KayWINLiKigZlZT7,WRATH OF THE TITAN,Drama B,WRATH OF THE TITAN,2/3/2025,32,209423,https://open.spotify.com/track/5rQvV4KayWINLiKigZlZT7,energetic,wrath of the titan
4TFbZ7oFUh0Vytw1KqUk08,Redemption,Alpha Beats,Redemption,9/18/2023,28,162117,https://open.spotify.com/track/4TFbZ7oFUh0Vytw1KqUk08,energetic,redemption
0eelb2XeZW61in8vB5VZvS,Gone,"Urbanstep, ben haydn",Gone,12/9/2022,30,149408,https://open.spotify.com/track/0eelb2XeZW61in8vB5VZvS,energetic,gone
56KlElt6xwTiY8Nd1uFM8A,Send Them,"Lucha, Slanks, Nyukyung",Send Them,4/4/2025,27,153338,https://open.spotify.com/track/56KlElt6xwTiY8Nd1uFM8A,energetic,send them
1wb75KqteQiEKG134BzgUi,Born 2 Ride,"BEATSMASH, Nyukyung",Born 2 Ride,3/14/2025,31,146860,https://open.spotify.com/track/1wb75KqteQiEKG134BzgUi,energetic,born 2 ride
3hG9vjat1QsWxdWKNdaP4r,Moshpit,Beori,Moshpit,3/28/2025,22,146012,https://open.spotify.com/track/3hG9vjat1QsWxdWKNdaP4r,energetic,moshpit
1lhAwz8bmBds0ObYsxAYqe,BEAR WITH ME,Drama B,BEAR WITH ME,6/24/2022,33,178691,https://open.spotify.com/track/1lhAwz8bmBds0ObYsxAYqe,energetic,bear with me
1BHF1t313xqyh5jiimtNqU,MORTALITY!,Phonknight,MORTALITY!,3/7/2025,27,100279,https://open.spotify.com/track/1BHF1t313xqyh5jiimtNqU,energetic,mortality
1qPDWRfypj7Vdi4C3NGjrW,IMMORTAL,"Slanks, Nyukyung",IMMORTAL,2/14/2025,33,213333,https://open.spotify.com/track/1qPDWRfypj7Vdi4C3NGjrW,energetic,immortal
0Mh0c5NrQNI6gVVh67xtTT,MOVE IN SILENCE,Brvski,MOVE IN SILENCE,2/7/2025,21,208000,https://open.spotify.com/track/0Mh0c5NrQNI6gVVh67xtTT,energetic,move in silence
0Nx2JbRbqfY0dERwlhuKyL,Heartless,"Flaco, Jstn Dmnd",Heartless,1/16/2025,25,223448,https://open.spotify.com/track/0Nx2JbRbqfY0dERwlhuKyL,energetic,heartless
6hoO6SMq2IkGTup7iAv0NK,Haunted By,Kryo,Haunted By,1/31/2025,21,131191,https://open.spotify.com/track/6hoO6SMq2IkGTup7iAv0NK,energetic,haunted by
1lkrC95BcN37MLhYxIho1t,See About It,"Slanks, Lucha",See About It,1/17/2025,22,172161,https://open.spotify.com/track/1lkrC95BcN37MLhYxIho1t,energetic,see about it
0nYgg7hA6988lo1otDNnMy,DRAMA FUNK,Phonknight,DRAMA FUNK,1/3/2025,25,107555,https://open.spotify.com/track/0nYgg7hA6988lo1otDNnMy,energetic,drama funk
01w7KPWb5PafxgXJ4J6TJd,It's Like That,"Dante Rose, Nyukyung",It's Like That,12/6/2024,29,158458,https://open.spotify.com/track/01w7KPWb5PafxgXJ4J6TJd,energetic,its like that
3wWLOsjspCVMTQsOp3v403,LIKE A BOSS,FUNKBRO,LIKE A BOSS,2/21/2025,22,82207,https://open.spotify.com/track/3wWLOsjspCVMTQsOp3v403,energetic,like a boss
6rLV3GkcKVNJGzR11s9sGQ,BASS EXPLOSIVA,"DYNAMIS, Phonk Kong",BASS EXPLOSIVA,11/29/2024,27,100000,https://open.spotify.com/track/6rLV3GkcKVNJGzR11s9sGQ,energetic,bass explosiva
1Xj7udR0ROLvN8W6YFxZdG,Aura,"Krush No Rock, Nyukyung",Aura,11/22/2024,33,208012,https://open.spotify.com/track/1Xj7udR0ROLvN8W6YFxZdG,energetic,aura
5ykwU6bPPu75tXDnC4Zvb9,We Ride,"Jayanth Ak, Anup4m, Jay Matthews",We Ride,11/21/2022,24,171351,https://open.spotify.com/track/5ykwU6bPPu75tXDnC4Zvb9,energetic,we ride
4CDzCnV8nIwhWdte8h79pp,Infinite,"Krooze & Sickjaxx, Flyn Stoned",Infinite,10/25/2024,30,205804,https://open.spotify.com/track/4CDzCnV8nIwhWdte8h79pp,energetic,infinite
1HRuoAjl9Eb55kclx4aSg2,Number 1,"Edgar Willow, B. Chaps",Number 1,11/1/2024,26,172303,https://open.spotify.com/track/1HRuoAjl9Eb55kclx4aSg2,energetic,number 1
3f8TUaFCs4Jnh1i8wqGW7O,Hear Us Coming,"NOIXES, Tommygunnz, Milano The Don",Hear Us Coming,8/23/2024,24,172500,https://open.spotify.com/track/3f8TUaFCs4Jnh1i8wqGW7O,energetic,hear us coming
7K3RtcM7J03D5yRJLQn9EV,Touch Down,"Krooze & Sickjaxx, Aena Rose, The LJ",Touch Down,9/23/2022,20,184258,https://open.spotify.com/track/7K3RtcM7J03D5yRJLQn9EV,energetic,touch down
0PrE5hIayv8xViUmr4xYVu,won't let you go,kowlys,won't let you go,9/27/2024,29,149368,https://open.spotify.com/track/0PrE5hIayv8xViUmr4xYVu,energetic,wont let you go
1p5dH7HJBUMcSyKONZKaOM,Sovereign,Krale,Sovereign,8/9/2024,33,134857,https://open.spotify.com/track/1p5dH7HJBUMcSyKONZKaOM,energetic,sovereign
2csuCvR19TGOK4LRTFhArJ,Rise And Grind,Lucha,Rise And Grind,8/2/2024,28,172173,https://open.spotify.com/track/2csuCvR19TGOK4LRTFhArJ,energetic,rise and grind
6moiTm2QVnnl60eVr5tG9g,Down Bad,"Jstn Dmnd, Can Ayanoğlu, KOANS",Down Bad,1/6/2023,16,144027,https://open.spotify.com/track/6moiTm2QVnnl60eVr5tG9g,energetic,down bad
3aNpbdvuQrVDFy0bh5lCUr,VorteX,"Godmode, WSGD, seventaiin, Skyder",VorteX,6/14/2024,27,187611,https://open.spotify.com/track/3aNpbdvuQrVDFy0bh5lCUr,energetic,vortex
37wr7RKIigMYfQdAeh5sPN,LIGADO,FUNKBRO,LIGADO,11/15/2024,23,100193,https://open.spotify.com/track/37wr7RKIigMYfQdAeh5sPN,energetic,ligado
4LbSmQjwHsU3AvNF7HEP6j,Takeover,"NightOne Beats, Nat James",Takeover,9/15/2023,36,145017,https://open.spotify.com/track/4LbSmQjwHsU3AvNF7HEP6j,energetic,takeover
6kaKPeXV3kUE1wGCtdsiTh,POWER,Drama B,POWER,8/24/2022,36,158525,https://open.spotify.com/track/6kaKPeXV3kUE1wGCtdsiTh,energetic,power
5SVRKkZeYaH3MML2b5JZNd,SPARTANS,STEROID SOUND,SPARTANS,11/10/2024,19,104568,https://open.spotify.com/track/5SVRKkZeYaH3MML2b5JZNd,energetic,spartans
13RHKsFhnrIwuQtMCIfooi,CHAKRA,NightOne Beats,CHAKRA,3/29/2024,33,186928,https://open.spotify.com/track/13RHKsFhnrIwuQtMCIfooi,energetic,chakra
2BsdpGktppfmKqXZlR0neN,ASSASSIN,"Dillin Hoox, Drama B, NOIXES",ASSASSIN,2/9/2024,20,128091,https://open.spotify.com/track/2BsdpGktppfmKqXZlR0neN,energetic,assassin
6GMrwMsri6FwljS5DhRCBU,Michael the Archangel,STEROID SOUND,Michael the Archangel,11/3/2024,20,113711,https://open.spotify.com/track/6GMrwMsri6FwljS5DhRCBU,energetic,michael the archangel
69gsmG9uCnLiJiBkywwk93,The Syndicate,"O3-1, Overcap, Benni Hunnit",The Syndicate,12/29/2023,22,198858,https://open.spotify.com/track/69gsmG9uCnLiJiBkywwk93,energetic,the syndicate
0xNbCc7t4QYxoh9W8y7e6y,Overdrive,"Lucha, Nyukyung",Overdrive,7/5/2024,23,107363,https://open.spotify.com/track/0xNbCc7t4QYxoh9W8y7e6y,energetic,overdrive
4UX3baG2Dhu2BNiYh0W0wB,Spartan,Alpha Beats,Spartan,4/21/2023,28,192366,https://open.spotify.com/track/4UX3baG2Dhu2BNiYh0W0wB,energetic,spartan
1gqvayB3yqEezf8S3OVqZm,Fallen Angel,STEROID SOUND,Fallen Angel,10/14/2024,16,228760,https://open.spotify.com/track/1gqvayB3yqEezf8S3OVqZm,energetic,fallen angel
7h2D5qv22698QP88E6yHnC,Legends Never Die,"The FifthGuys, Mandrazo, M.I.M.E",Legends Never Die,3/1/2024,23,185600,https://open.spotify.com/track/7h2D5qv22698QP88E6yHnC,energetic,legends never die
2UKvnXTaSPMWGWVQ1IZl0m,Greatest Misfits,"Nat James, BoyPanda, ben haydn",Greatest Misfits,1/12/2024,21,178285,https://open.spotify.com/track/2UKvnXTaSPMWGWVQ1IZl0m,energetic,greatest misfits
19uM0Xq8AjhBp7kXoT50uT,TRY TO STOP ME,STEROID SOUND,TRY TO STOP ME,9/6/2024,17,113737,https://open.spotify.com/track/19uM0Xq8AjhBp7kXoT50uT,energetic,try to stop me
4RKcYNDUNJnW5lpjnWp1KO,Trap King,"Slanks, Lucha, Benni Hunnit",Trap King,7/1/2022,15,187050,https://open.spotify.com/track/4RKcYNDUNJnW5lpjnWp1KO,energetic,trap king
6sdz6oljIpzJWfMpC0ZWkY,You are Weak,STEROID SOUND,You are Weak,10/24/2024,18,83840,https://open.spotify.com/track/6sdz6oljIpzJWfMpC0ZWkY,energetic,you are weak
4h12Tz0CibmAz02shzcdlP,Vicious,"Epic Beatz, Merula Music",Vicious,3/18/2024,35,161476,https://open.spotify.com/track/4h12Tz0CibmAz02shzcdlP,energetic,vicious
2JU7Lg3uBkl2XfuYKo0IKv,Gain,"Dillin Hoox, Slanks",Gain,3/15/2024,25,169614,https://open.spotify.com/track/2JU7Lg3uBkl2XfuYKo0IKv,energetic,gain
6oTyjKXtmT33sS65NK3KOP,GRIEVANCE,"Lucha, Nyukyung",THE ROAD TO KING,2/16/2024,24,186214,https://open.spotify.com/track/6oTyjKXtmT33sS65NK3KOP,energetic,grievance
1kbmVfmc3SLT08dStMLpwZ,IDGAF,"Edgar Willow, B. Chaps",IDGAF,2/19/2024,28,133499,https://open.spotify.com/track/1kbmVfmc3SLT08dStMLpwZ,energetic,idgaf
6pn5YwJrwNNJVIcwk3U1Oo,FEAR IN YOUR EYES,NightOne Beats,FEAR IN YOUR EYES,10/30/2023,29,96192,https://open.spotify.com/track/6pn5YwJrwNNJVIcwk3U1Oo,energetic,fear in your eyes
0k7FZpHzcWb9PVlSEANob9,Assignment,"Solven, Slanks, Blvkstn",Assignment,10/28/2022,29,212572,https://open.spotify.com/track/0k7FZpHzcWb9PVlSEANob9,energetic,assignment
2msmeHA3KyxRKCnWe3AMbQ,Out Of It,"Jorn L, Dillin Hoox",Out Of It,12/22/2023,20,201679,https://open.spotify.com/track/2msmeHA3KyxRKCnWe3AMbQ,energetic,out of it
7M8d2WRnYOBgc4Zz4OzaKY,REBORN,"NightOne Beats, Epic Beatz",REBORN,12/26/2022,37,183979,https://open.spotify.com/track/7M8d2WRnYOBgc4Zz4OzaKY,energetic,reborn
30BSv4LzBK2qjcsp0JehhA,Danger,"NOIXES, Dillin Hoox",Danger,4/14/2023,16,154666,https://open.spotify.com/track/30BSv4LzBK2qjcsp0JehhA,energetic,danger
0eXiCtbOSGYZxX1764ngIN,No Discretion,"Blvkstn, Jstn Dmnd, Cleeezus",No Discretion,3/10/2023,13,214769,https://open.spotify.com/track/0eXiCtbOSGYZxX1764ngIN,energetic,no discretion
6VH2pWeGNmBN6vCu5Xan8V,BANG,"Grauv, Jayanth Ak",BANG,1/21/2022,21,140904,https://open.spotify.com/track/6VH2pWeGNmBN6vCu5Xan8V,energetic,bang
7Mdba6okGBG9M9wU6hExpy,Victory Lap,"Someone Else, Peter Piffen",Victory Lap,10/21/2022,20,189428,https://open.spotify.com/track/7Mdba6okGBG9M9wU6hExpy,energetic,victory lap
7CAEK1bivD1JNEmDG7laI0,ANIMAL,FUNKBRO,ANIMAL,10/11/2024,29,97868,https://open.spotify.com/track/7CAEK1bivD1JNEmDG7laI0,energetic,animal
5ymB1wY7fhn7G2McVy1F7p,RUN WITH IT,"Jayanth Ak, Anup4m",RUN WITH IT,4/8/2022,25,128417,https://open.spotify.com/track/5ymB1wY7fhn7G2McVy1F7p,energetic,run with it
0PS6y4Nvv4YwwQKqw5kqCH,Ride or Die,"JASRXJ, Killer Beats",Ride or Die,2/11/2022,19,152737,https://open.spotify.com/track/0PS6y4Nvv4YwwQKqw5kqCH,energetic,ride or die
2KpUiECwnOTuqYbQj4WXfp,MASSACRE,FUNKBRO,MASSACRE,9/9/2024,22,110654,https://open.spotify.com/track/2KpUiECwnOTuqYbQj4WXfp,energetic,massacre
7jpcrfSk8rWLUUwn1HBqwf,The Return,"Someone Else, Nat James",The Return,9/30/2022,23,173336,https://open.spotify.com/track/7jpcrfSk8rWLUUwn1HBqwf,energetic,the return
0LzmMi8Q8uVSsAkTeKcZi4,Carnage,"JASRXJ, White Daeth",Carnage,6/27/2022,20,160850,https://open.spotify.com/track/0LzmMi8Q8uVSsAkTeKcZi4,energetic,carnage
4ZpVqeGqpgjYi6TwN8GyCO,Sirius,"RasKal, Anor",Sirius,3/13/2023,23,187637,https://open.spotify.com/track/4ZpVqeGqpgjYi6TwN8GyCO,energetic,sirius
3zRfWWyRaLy2Jg2wHoRT36,Made Us,"4URA, Sultan Braum, Cam Hertz",Made Us,7/26/2024,22,171200,https://open.spotify.com/track/3zRfWWyRaLy2Jg2wHoRT36,energetic,made us
0rIR6WNF4CxWsdbGequvlT,The End,"Slanks, Lucha, Nyukyung",The End,4/26/2024,26,159033,https://open.spotify.com/track/0rIR6WNF4CxWsdbGequvlT,energetic,the end
3zxdMQkBT6IklDhGYJceUL,Crown,Murdbrain,Crown,6/7/2024,29,148059,https://open.spotify.com/track/3zxdMQkBT6IklDhGYJceUL,energetic,crown
0spTk8w1Vl8wKzCMFW6PEQ,Rebel,Alpha Beats,Rebel,2/9/2024,24,158400,https://open.spotify.com/track/0spTk8w1Vl8wKzCMFW6PEQ,energetic,rebel
3EnNBzDxerdCBTLmhqGwQA,GO PLAY,"BEDO97, Coffeeshop, Tommygunnz",GO PLAY,1/16/2023,20,185248,https://open.spotify.com/track/3EnNBzDxerdCBTLmhqGwQA,energetic,go play
0rQUWdgvAukw4mr5mGgSmI,FATALITY,FUNKBRO,FATALITY,8/16/2024,22,111281,https://open.spotify.com/track/0rQUWdgvAukw4mr5mGgSmI,energetic,fatality
346N1Pn3Llol3yq6YDdMtV,Wild,"HYPRFOCUS, Nyukyung",Wild,3/22/2024,23,112397,https://open.spotify.com/track/346N1Pn3Llol3yq6YDdMtV,energetic,wild
0w6XLA1iKoOpInXxViuW4Z,Game Of Thrones,"22 Void Beats, Sneaky Ollie, Tommygunnz, N.E.B.",Game Of Thrones,1/28/2022,21,164800,https://open.spotify.com/track/0w6XLA1iKoOpInXxViuW4Z,energetic,game of thrones
1tCOQu5CohGPjYqJYCBr7P,THE ROAD TO KING - Instrumental,"Lucha, Nyukyung",THE ROAD TO KING (Instrumental),5/10/2024,25,96040,https://open.spotify.com/track/1tCOQu5CohGPjYqJYCBr7P,energetic,the road to king instrumental
5O0UAs1YRGuKAIKyBIqOV2,SHOOT - Instrumental,"Lucha, Nyukyung",THE ROAD TO KING (Instrumental),5/10/2024,25,146430,https://open.spotify.com/track/5O0UAs1YRGuKAIKyBIqOV2,energetic,shoot instrumental
2EsdWeGpUHE84a6tkXBQ7U,GOLD - Instrumental,"Lucha, Nyukyung",THE ROAD TO KING (Instrumental),5/10/2024,23,156043,https://open.spotify.com/track/2EsdWeGpUHE84a6tkXBQ7U,energetic,gold instrumental
0N3bi69M7S621iX9n4r9x9,Caesar,Alpha Beats,Caesar,7/10/2023,24,202737,https://open.spotify.com/track/0N3bi69M7S621iX9n4r9x9,energetic,caesar
5HEdBe5HUZoHcLnCl6ouEA,CHOSEN - Instrumental,"Lucha, Nyukyung",THE ROAD TO KING (Instrumental),5/10/2024,23,153640,https://open.spotify.com/track/5HEdBe5HUZoHcLnCl6ouEA,energetic,chosen instrumental
78RbS5Izo14r8BFtmwy2i5,MERCY - Instrumental,"Lucha, Nyukyung",THE ROAD TO KING (Instrumental),5/10/2024,25,153640,https://open.spotify.com/track/78RbS5Izo14r8BFtmwy2i5,energetic,mercy instrumental
0au7YsYPo3Rf1DaDS9DcaX,Takeover - Slowed,"NightOne Beats, Nat James",Takeover (Slowed),3/11/2024,30,171785,https://open.spotify.com/track/0au7YsYPo3Rf1DaDS9DcaX,energetic,takeover slowed
7cotaorlBNZoO9o3aMVXco,TREASON - Instrumental,"Lucha, Nyukyung",THE ROAD TO KING (Instrumental),5/10/2024,23,185744,https://open.spotify.com/track/7cotaorlBNZoO9o3aMVXco,energetic,treason instrumental
0ysKCZiVlaqEIowaR05uhq,GRIEVANCE - Instrumental,"Lucha, Nyukyung",THE ROAD TO KING (Instrumental),5/10/2024,22,186214,https://open.spotify.com/track/0ysKCZiVlaqEIowaR05uhq,energetic,grievance instrumental
6YZFj4FSBOZIUJ8NBefu27,Enuff,Drama B,Enuff,3/8/2024,26,224954,https://open.spotify.com/track/6YZFj4FSBOZIUJ8NBefu27,energetic,enuff
06qbDfNgblj3Oil7TViRgX,OUTRO - Instrumental,"Lucha, Nyukyung",THE ROAD TO KING (Instrumental),5/10/2024,22,113463,https://open.spotify.com/track/06qbDfNgblj3Oil7TViRgX,energetic,outro instrumental
5dDiHvP5sG5Bh0gAAi15hc,Take That Away,"Slanks, Lucha, Dillin Hoox",Take That Away,2/2/2024,20,195227,https://open.spotify.com/track/5dDiHvP5sG5Bh0gAAi15hc,energetic,take that away
1f50VWNra5mJgF58wTwOn5,Get Back,"BLXSTR, MBEAT MUSIC",Get Back,2/26/2024,21,160175,https://open.spotify.com/track/1f50VWNra5mJgF58wTwOn5,energetic,get back
0Bdud7EodgNlYnnaEeA3wu,THE ROAD TO KING,"Lucha, Nyukyung",THE ROAD TO KING,2/16/2024,21,96040,https://open.spotify.com/track/0Bdud7EodgNlYnnaEeA3wu,energetic,the road to king
6yLTThWvQ0tQS96L3eHHtG,WARMONGER,Alpha Beats,WARMONGER,12/29/2023,22,168000,https://open.spotify.com/track/6yLTThWvQ0tQS96L3eHHtG,energetic,warmonger
12HPBUjaroJsDdJ5RjSoW9,Perseus,Alpha Beats,Perseus,8/14/2023,31,202562,https://open.spotify.com/track/12HPBUjaroJsDdJ5RjSoW9,energetic,perseus
3vBIcRv2x2s8E1rI21M6Mz,SHOOT,"Lucha, Nyukyung",THE ROAD TO KING,2/16/2024,23,146430,https://open.spotify.com/track/3vBIcRv2x2s8E1rI21M6Mz,energetic,shoot
3WnZvYnfq46soMd1R8uZEC,CHOSEN,"Lucha, Nyukyung",THE ROAD TO KING,2/16/2024,21,153640,https://open.spotify.com/track/3WnZvYnfq46soMd1R8uZEC,energetic,chosen
3nTdNaBpzpiWayqdNT4EBx,Resurrection,prodByLone,Resurrection,3/6/2023,20,167046,https://open.spotify.com/track/3nTdNaBpzpiWayqdNT4EBx,energetic,resurrection
3qu2TDCLCVwjnvXOgRSJ6I,Stampede,Alpha Beats,Stampede,1/22/2024,30,171428,https://open.spotify.com/track/3qu2TDCLCVwjnvXOgRSJ6I,energetic,stampede
2EtIws6qptmtmMJid6PtTB,Through The Night,Flame Runner,Through The Night,10/28/2022,21,133668,https://open.spotify.com/track/2EtIws6qptmtmMJid6PtTB,energetic,through the night
6I2IM0Bjr6dX6e5MwrUoAa,GOLD,"Lucha, Nyukyung",THE ROAD TO KING,2/16/2024,20,156043,https://open.spotify.com/track/6I2IM0Bjr6dX6e5MwrUoAa,energetic,gold
5ViVcdFwuRJAh4Sa1Wiw2A,ROCKY,"Godmode, Moistrus",ROCKY,9/29/2023,26,150923,https://open.spotify.com/track/5ViVcdFwuRJAh4Sa1Wiw2A,energetic,rocky
6Z1EiPO1BIcQxIuYFq0i1A,OUTRO,"Lucha, Nyukyung",THE ROAD TO KING,2/16/2024,18,113463,https://open.spotify.com/track/6Z1EiPO1BIcQxIuYFq0i1A,energetic,outro
1kqL9kCGnzTi49B5en3NYu,TUCA HYPERFUNK,"Xaron, Blaver",TUCA HYPERFUNK,2/2/2024,19,110135,https://open.spotify.com/track/1kqL9kCGnzTi49B5en3NYu,energetic,tuca hyperfunk
6oN37u442RdRWB3etg1nYp,TREASON,"Lucha, Nyukyung",THE ROAD TO KING,2/16/2024,23,185744,https://open.spotify.com/track/6oN37u442RdRWB3etg1nYp,energetic,treason
1H9l73q2ZADDUHe7ZIyuN9,Detonate,"Dillin Hoox, Slanks",Detonate,1/12/2024,24,159948,https://open.spotify.com/track/1H9l73q2ZADDUHe7ZIyuN9,energetic,detonate
0R9pYz7g2jmRDs77VgqDi7,MERCY,"Lucha, Nyukyung",THE ROAD TO KING,2/16/2024,22,153640,https://open.spotify.com/track/0R9pYz7g2jmRDs77VgqDi7,energetic,mercy
71lb0hHfkirFyC5Bb88gEX,FUCK WHAT THEY SAY,hardfløw.,FUCK WHAT THEY SAY,1/22/2024,20,87472,https://open.spotify.com/track/71lb0hHfkirFyC5Bb88gEX,energetic,fuck what they say
15x9CGLvSUgJXPhyKSUtno,Don't Panic!,Leveller Beats,Don't Panic!,1/8/2024,27,155688,https://open.spotify.com/track/15x9CGLvSUgJXPhyKSUtno,energetic,dont panic
6ZrXmjIAsvYG6jvHwcjNw8,Madness,hardfløw.,Madness,1/15/2024,20,96484,https://open.spotify.com/track/6ZrXmjIAsvYG6jvHwcjNw8,energetic,madness
0A2vkfh1LPK1u9AnJV6Nj2,Calling,RasKal,Calling,11/20/2023,25,138129,https://open.spotify.com/track/0A2vkfh1LPK1u9AnJV6Nj2,energetic,calling
7FwwbpQgZYqrFgpC4GYQuR,BLOODRAIN,"Wendeng Music, Rsaku",BLOODRAIN,12/4/2023,31,130173,https://open.spotify.com/track/7FwwbpQgZYqrFgpC4GYQuR,energetic,bloodrain
2Qq1zdOw4vku3PuSnCCw04,Elysium,"Godmode, Moistrus",Elysium,11/17/2023,23,210848,https://open.spotify.com/track/2Qq1zdOw4vku3PuSnCCw04,energetic,elysium
1t7XuFFEUn7uvXUo4s0Ydi,ZEUS,Alpha Beats,ZEUS,11/20/2023,30,166400,https://open.spotify.com/track/1t7XuFFEUn7uvXUo4s0Ydi,energetic,zeus
2WNYeWRPij70t9NhCuxIOF,The Moment,"D4RRYL, White Daeth, ben haydn",The Moment,11/7/2022,18,161322,https://open.spotify.com/track/2WNYeWRPij70t9NhCuxIOF,energetic,the moment
0FC66wxYYtwGgTSjd2UImF,Obstinacy,"Godmode, Killer Beats",Obstinacy,12/8/2023,23,195892,https://open.spotify.com/track/0FC66wxYYtwGgTSjd2UImF,energetic,obstinacy
4S3bFyLCh28Q5SGDlx7yvG,I Am The Fire,"Givwits, Waves And Rocks",I Am The Fire,12/11/2023,18,209472,https://open.spotify.com/track/4S3bFyLCh28Q5SGDlx7yvG,energetic,i am the fire
0tWntUoL41w9V1JhwuEUwG,Colosseum,Alpha Beats,Colosseum,10/16/2023,24,187556,https://open.spotify.com/track/0tWntUoL41w9V1JhwuEUwG,energetic,colosseum
3EuMzZ7cGhcyYL2WPmkKT3,BANG,Lucha,BANG,11/24/2023,21,132036,https://open.spotify.com/track/3EuMzZ7cGhcyYL2WPmkKT3,energetic,bang
0oxo8nJtyuhvio7huOBjUi,YUGEN,"Yb Wasg'ood, Young 17",YUGEN,12/24/2021,31,125387,https://open.spotify.com/track/0oxo8nJtyuhvio7huOBjUi,energetic,yugen
16myE4R73lCc6iOclh8Fmj,Immortals,"Ex Music, Nat James",Immortals,9/5/2022,19,144875,https://open.spotify.com/track/16myE4R73lCc6iOclh8Fmj,energetic,immortals
6MfGahMUhpk0CqIjosE437,No Mercy,Alpha Beats,No Mercy,10/30/2023,27,193535,https://open.spotify.com/track/6MfGahMUhpk0CqIjosE437,energetic,no mercy
0HPjVXwHLGXNqSC7xk5SI3,Go Harder,"Anup4m, Jayanth Ak, Jay Matthews",Go Harder,10/10/2022,25,137679,https://open.spotify.com/track/0HPjVXwHLGXNqSC7xk5SI3,energetic,go harder
6jpq8MkaVK9NqIvzxBMv2f,God Slayer,Alpha Beats,God Slayer,5/22/2023,24,176066,https://open.spotify.com/track/6jpq8MkaVK9NqIvzxBMv2f,energetic,god slayer
6Eb5vc607u9uIKPjcAjKPR,Backseat Shadow,"Givwits, Waves And Rocks",Backseat Shadow,2/3/2023,16,217483,https://open.spotify.com/track/6Eb5vc607u9uIKPjcAjKPR,energetic,backseat shadow
1fuUKNUFTMAGzJ9hlLCYuK,Arena - VIP,"Godmode, Killer Beats",Arena (VIP),12/1/2023,21,164127,https://open.spotify.com/track/1fuUKNUFTMAGzJ9hlLCYuK,energetic,arena vip
6A4pPp9kjSeVBRHaR9idBx,Run It Up,"Slanks, Blvkstn",Run It Up,4/5/2023,19,185927,https://open.spotify.com/track/6A4pPp9kjSeVBRHaR9idBx,energetic,run it up
6fygznl3RwZVgTezwnrr3n,Hercules,JASRXJ,Hercules,6/13/2022,21,161868,https://open.spotify.com/track/6fygznl3RwZVgTezwnrr3n,energetic,hercules
3mDbq1AIhrXFnNHwwUQ7ep,DEATH IN THE AIR,"Lucha, NIKKO, Daegho",DEATH IN THE AIR,3/21/2022,20,145751,https://open.spotify.com/track/3mDbq1AIhrXFnNHwwUQ7ep,energetic,death in the air
0esai6cEDcTAveXA436FgQ,KING,"Dillin Hoox, Lucha",KING,11/10/2023,19,194678,https://open.spotify.com/track/0esai6cEDcTAveXA436FgQ,energetic,king
48Cya1TDmxczrrc8F0u41u,REI,Lucha,REI,10/27/2023,20,120360,https://open.spotify.com/track/48Cya1TDmxczrrc8F0u41u,energetic,rei
1il5g8d2T0TLIG15fJwttt,Chains,NightOne Beats,Chains,12/19/2022,37,165765,https://open.spotify.com/track/1il5g8d2T0TLIG15fJwttt,energetic,chains
4u1VqrkqjHGBBLdu6gujEw,Angels,RasKal,Angels,2/15/2023,25,175796,https://open.spotify.com/track/4u1VqrkqjHGBBLdu6gujEw,energetic,angels
5zSLlhe4kThCv0otCTv5CL,Motivation,"22 Void Beats, Sneaky Ollie, Milano The Don",Motivation,6/17/2022,18,118583,https://open.spotify.com/track/5zSLlhe4kThCv0otCTv5CL,energetic,motivation
0Q8HjU47KtKYsle3ZS8PM5,Destiny,Killer Beats,Destiny,10/23/2023,23,204068,https://open.spotify.com/track/0Q8HjU47KtKYsle3ZS8PM5,energetic,destiny
5ASptwvudgSOusFVSYAJfp,We Don't Lose,"Lucha, Dillin Hoox",We Don't Lose,10/13/2023,19,151315,https://open.spotify.com/track/5ASptwvudgSOusFVSYAJfp,energetic,we dont lose
7hDEfyxYz1vuxWhD00Nl8W,Anarchy,Leveller Beats,Anarchy,9/9/2022,32,142285,https://open.spotify.com/track/7hDEfyxYz1vuxWhD00Nl8W,energetic,anarchy
0c6QIMGHapoEN5eVQnRGpc,ORACLE,"Krush No Rock, Killer Beats",ORACLE,10/16/2023,23,148992,https://open.spotify.com/track/0c6QIMGHapoEN5eVQnRGpc,energetic,oracle
5zgXA27UmGlLYiczE1kcdb,Takeover - Instrumental,NightOne Beats,Takeover (Instrumental),10/20/2023,28,144971,https://open.spotify.com/track/5zgXA27UmGlLYiczE1kcdb,energetic,takeover instrumental
2wnchNieAoq8qfODzuJfnr,Disconnected,prodByLone,Disconnected,2/27/2023,17,183437,https://open.spotify.com/track/2wnchNieAoq8qfODzuJfnr,energetic,disconnected
57E2b6aMQDUQ0iAVj2Fyrq,Cartel,"RNSNE, Choirdon",Cartel,5/23/2022,27,122404,https://open.spotify.com/track/57E2b6aMQDUQ0iAVj2Fyrq,energetic,cartel
3Vi64dPeIFi5iNyPuiwxV9,Ferocity,"Lucha, Aditii",Ferocity,10/6/2023,20,108474,https://open.spotify.com/track/3Vi64dPeIFi5iNyPuiwxV9,energetic,ferocity
0Ri5YLwVKjWuZg3xlWsoGq,On My Hustle,"Dillin Hoox, Jstn Dmnd, NOIXES",On My Hustle,9/15/2023,21,194756,https://open.spotify.com/track/0Ri5YLwVKjWuZg3xlWsoGq,energetic,on my hustle
1q7wUQkVjucqQyCKfKURvl,Meka Verse,"Nyukyung, J Cook",Meka Verse,9/8/2023,16,138528,https://open.spotify.com/track/1q7wUQkVjucqQyCKfKURvl,energetic,meka verse
0MgJr1QMkBgCX0ESA0gi0R,DEMONS,Lucha,OBLIVION,6/22/2023,23,174564,https://open.spotify.com/track/0MgJr1QMkBgCX0ESA0gi0R,energetic,demons
5Yu7zKiuX0YaG72I6rdgMw,Rules,Alpha Beats,Rules,4/17/2023,23,171259,https://open.spotify.com/track/5Yu7zKiuX0YaG72I6rdgMw,energetic,rules
29pe7lzPOcKsnDxXo4f78L,BIG BAG,Lucha,OBLIVION,6/22/2023,23,163436,https://open.spotify.com/track/29pe7lzPOcKsnDxXo4f78L,energetic,big bag
4rMsHG5YZFaZum0OWjW6Vr,Triumphant,"Drama B, Nyukyung",Triumphant,7/3/2023,22,198518,https://open.spotify.com/track/4rMsHG5YZFaZum0OWjW6Vr,energetic,triumphant
1brzVpQIzGVb0iyxOFWO5p,Demon Slayer,Alpha Beats,Demon Slayer,4/10/2023,21,181787,https://open.spotify.com/track/1brzVpQIzGVb0iyxOFWO5p,energetic,demon slayer
6NCYPtdcehinbzZAE5dOXM,Uprising,Alpha Beats,Uprising,4/10/2023,19,160628,https://open.spotify.com/track/6NCYPtdcehinbzZAE5dOXM,energetic,uprising
4KeylmD45PLGWPJvqtssv0,Dragon Slayer,Alpha Beats,Dragon Slayer,3/27/2023,27,173428,https://open.spotify.com/track/4KeylmD45PLGWPJvqtssv0,energetic,dragon slayer
5b4K4FFdA4QHffOOdaf2dD,Disturbance,Alexander,Disturbance,6/27/2022,23,129162,https://open.spotify.com/track/5b4K4FFdA4QHffOOdaf2dD,energetic,disturbance
3msz0ZZyYxd69Xlkx8Pipj,Conquest,Alpha Beats,Conquest,3/13/2023,25,175779,https://open.spotify.com/track/3msz0ZZyYxd69Xlkx8Pipj,energetic,conquest
7BLdnZSPNa3gM7hF9P4veR,Glory,Alpha Beats,Glory,4/1/2022,22,144326,https://open.spotify.com/track/7BLdnZSPNa3gM7hF9P4veR,energetic,glory
5sGTC4p0rrHWS4pDivCZnZ,back to the basics,"BTWRKS, Milano The Don",back to the basics,2/17/2023,20,111243,https://open.spotify.com/track/5sGTC4p0rrHWS4pDivCZnZ,energetic,back to the basics
6UFZUFC5eobUxNbwBw1odc,Make It Rain,Alpha Beats,Make It Rain,4/8/2022,30,160050,https://open.spotify.com/track/6UFZUFC5eobUxNbwBw1odc,energetic,make it rain
2lPjZBvcs0g6aW83EiTawS,RELOAD,Lucha,OBLIVION,6/22/2023,18,172161,https://open.spotify.com/track/2lPjZBvcs0g6aW83EiTawS,energetic,reload
4O19bGrdrYuiAqO5Y7YAGn,LOOK ALIVE,Lucha,OBLIVION,6/22/2023,16,169444,https://open.spotify.com/track/4O19bGrdrYuiAqO5Y7YAGn,energetic,look alive
11Duxz6v8uuJQki1Yq6src,Defiant,Alpha Beats,Defiant,4/18/2022,19,145646,https://open.spotify.com/track/11Duxz6v8uuJQki1Yq6src,energetic,defiant
0FbDANLuO7km51KH8Bxo01,Invincible,"M.I.M.E, Godmode, Kazu",Invincible,4/7/2023,21,162352,https://open.spotify.com/track/0FbDANLuO7km51KH8Bxo01,energetic,invincible
6BddvI0qsl90CCRmXeSkhW,Right Now,"Alban Chela, O3-1, B. Chaps, Freedom Stratton",Right Now,6/23/2023,25,109101,https://open.spotify.com/track/6BddvI0qsl90CCRmXeSkhW,energetic,right now
76fwqTEhEW59A7EdrhrhFp,LOCKDOWN,Lucha,OBLIVION,6/22/2023,18,162704,https://open.spotify.com/track/76fwqTEhEW59A7EdrhrhFp,energetic,lockdown
6yxzcpRP2cmkIHNW3Qu1U2,Top Down,"Zack Merci, Don Legend",Top Down,4/3/2023,30,150845,https://open.spotify.com/track/6yxzcpRP2cmkIHNW3Qu1U2,energetic,top down
2cCExguDjs2T6Ir0LsViJ1,ON YOUR OWN,Lucha,OBLIVION,6/22/2023,18,158263,https://open.spotify.com/track/2cCExguDjs2T6Ir0LsViJ1,energetic,on your own
4zGnbS1ax8awSpMf0CDPyG,FALL,Lucha,OBLIVION,6/22/2023,18,150218,https://open.spotify.com/track/4zGnbS1ax8awSpMf0CDPyG,energetic,fall
6pf1u0wWjypJUquBrGNGyQ,BOSS LVL,HYPRFOCUS,BOSS LVL,5/26/2023,22,118333,https://open.spotify.com/track/6pf1u0wWjypJUquBrGNGyQ,energetic,boss lvl
3MlpW1uMZBw9dcFueELC2e,TRIAD,"Hkmk, Lavito Beats, DRILL SZN",TRIAD,5/22/2023,28,124928,https://open.spotify.com/track/3MlpW1uMZBw9dcFueELC2e,energetic,triad
3chJW43urOwksaMPx9S6u3,BANK,"Blvkstn, Slanks",BANK,5/20/2023,17,200699,https://open.spotify.com/track/3chJW43urOwksaMPx9S6u3,energetic,bank
5gBkekn3FAWYqk2mg46aov,HATER,Lucha,OBLIVION,6/22/2023,13,166440,https://open.spotify.com/track/5gBkekn3FAWYqk2mg46aov,energetic,hater
1GidpalbNBL2JiyU9cCQPr,Warrior,Drama B,Warrior,1/29/2023,21,212509,https://open.spotify.com/track/1GidpalbNBL2JiyU9cCQPr,energetic,warrior
0kiWjyV6j968TNpK9kW5Sb,BROKEN,Lucha,OBLIVION,6/22/2023,16,169627,https://open.spotify.com/track/0kiWjyV6j968TNpK9kW5Sb,energetic,broken
38MGpCW6ni9HCof6POEDdc,Greatest,"NOIXES, Brandon James",Greatest,5/8/2023,20,166582,https://open.spotify.com/track/38MGpCW6ni9HCof6POEDdc,energetic,greatest
3zeujax1mPf4h7YnHQShl4,Real One,"Lucha, Slanks, Luciidd",RESURGENCE,1/6/2023,17,159021,https://open.spotify.com/track/3zeujax1mPf4h7YnHQShl4,energetic,real one
0yeLpPoU82UPnsQHun8Rtk,Competition,"Killer Beats, 22 Void Beats, Desmond Fugate",Competition,2/24/2023,28,145608,https://open.spotify.com/track/0yeLpPoU82UPnsQHun8Rtk,energetic,competition
6GRJcFeSE0jUmcJPiJxKPX,Drop,"Lucha, Slanks, Luciidd",RESURGENCE,1/6/2023,17,188931,https://open.spotify.com/track/6GRJcFeSE0jUmcJPiJxKPX,energetic,drop
5zV0AMdnS6D9kG1oFMeDnZ,Currency,"Godmode, BTWRKS, Lavito",Currency,4/14/2023,18,134962,https://open.spotify.com/track/5zV0AMdnS6D9kG1oFMeDnZ,energetic,currency
1kK3S7BNbfhicZQVl14SfY,I Know,"Lucha, Slanks, Blvkstn",I Know,1/25/2023,17,172552,https://open.spotify.com/track/1kK3S7BNbfhicZQVl14SfY,energetic,i know
4dHpLc80lDEfdj0WVkDQmO,I'M HIM,"Alban Chela, Mista LT",I'M HIM,2/13/2023,22,143269,https://open.spotify.com/track/4dHpLc80lDEfdj0WVkDQmO,energetic,im him
2YFRvaSLzKaPnxEkvc5JVl,Arkham City,"Lucha, Slanks, Ctrlgang",RESURGENCE,1/6/2023,17,185640,https://open.spotify.com/track/2YFRvaSLzKaPnxEkvc5JVl,energetic,arkham city
3Tb7B1nfzRlUWIXjzfBToa,No Shade,"4URA, Jstn Dmnd, Dillin Hoox",No Shade,4/21/2023,22,154711,https://open.spotify.com/track/3Tb7B1nfzRlUWIXjzfBToa,energetic,no shade
0ZYt8Om2vvKL2PFOfycyoR,Escape This Earth,"Killer Beats, Emvis, Grauv, Bigstat",Escape This Earth,1/28/2022,16,186875,https://open.spotify.com/track/0ZYt8Om2vvKL2PFOfycyoR,energetic,escape this earth
0ME1B8iqs7jb0gBjlQaaJw,Trap King - Instrumental,"Lucha, Slanks, Benni Hunnit",RESURGENCE (Instrumental),4/21/2023,21,187050,https://open.spotify.com/track/0ME1B8iqs7jb0gBjlQaaJw,energetic,trap king instrumental
2u9bAizAtmkJ18p0CExI74,Arkham City - Instrumental,"Lucha, Slanks, Ctrlgang",RESURGENCE (Instrumental),4/21/2023,20,185640,https://open.spotify.com/track/2u9bAizAtmkJ18p0CExI74,energetic,arkham city instrumental
4kXFVT2U9tXuWcaFMJqnh7,Work - Instrumental,"Lucha, Slanks",RESURGENCE (Instrumental),4/21/2023,22,167197,https://open.spotify.com/track/4kXFVT2U9tXuWcaFMJqnh7,energetic,work instrumental
5aux28b74ikioQ46k3U29O,BAM,HYPRFOCUS,BAM,4/17/2023,20,144718,https://open.spotify.com/track/5aux28b74ikioQ46k3U29O,energetic,bam
3oGdH5u275Tdf7ieS2YFAd,OVERKILL,"KOWZ, Daryl Di-Kar",OVERKILL,3/27/2023,13,186947,https://open.spotify.com/track/3oGdH5u275Tdf7ieS2YFAd,energetic,overkill
11ReMMi97wR5yLQfBXk3wE,Determination,"Godmode, Easy Mccoy, Lavito, BTWRKS",Determination,3/24/2023,13,154450,https://open.spotify.com/track/11ReMMi97wR5yLQfBXk3wE,energetic,determination
7Jtz5DdlWHSF2WNjkE3Otf,HUSTLE,Lucha,HUSTLE,3/27/2023,14,142329,https://open.spotify.com/track/7Jtz5DdlWHSF2WNjkE3Otf,energetic,hustle
2xIbxCMtMl82YzBPISjp6g,COLLAPSE,"Krush No Rock, Lost Heroes",COLLAPSE,2/20/2023,15,173640,https://open.spotify.com/track/2xIbxCMtMl82YzBPISjp6g,energetic,collapse
5adGrGSx1wO8bu0x1hMfWm,Rari,"Blvkstn, Moistrus",Rari,3/24/2023,11,173362,https://open.spotify.com/track/5adGrGSx1wO8bu0x1hMfWm,energetic,rari
6MJ7pWj7uIpcm4rNZQM4cU,Arishem,"RasKal, Anor",Arishem,3/20/2023,21,184999,https://open.spotify.com/track/6MJ7pWj7uIpcm4rNZQM4cU,energetic,arishem
6DogZHDe3NIc3d71b2CJzD,More Money,"Slanks, Lucha, Blvkstn",More Money,2/10/2023,13,144262,https://open.spotify.com/track/6DogZHDe3NIc3d71b2CJzD,energetic,more money
4aVq4bPbClNK7HLBUgLUFA,Warrior,Epic Beatz,Warrior,3/13/2023,30,165840,https://open.spotify.com/track/4aVq4bPbClNK7HLBUgLUFA,energetic,warrior
7GChWsdUhXTUHmhWXDZVu5,BURN IT DOWN,"Godmode, Easy Mccoy, BTWRKS, Lavito",BURN IT DOWN,1/27/2023,14,143713,https://open.spotify.com/track/7GChWsdUhXTUHmhWXDZVu5,energetic,burn it down
6XanakO7VkAKn8j98fi2pl,low life,"Godmode, BTWRKS, Scops",low life,2/10/2023,17,141519,https://open.spotify.com/track/6XanakO7VkAKn8j98fi2pl,energetic,low life
3vKdi0B6R9OwcxPkEHbT1k,NO MORE,"SVRRIC, Limbow, Drama B",NO MORE,2/10/2023,13,229955,https://open.spotify.com/track/3vKdi0B6R9OwcxPkEHbT1k,energetic,no more
4P0YT2GUGgrOfPLD9cWMNx,Destiny,"X-Ray, DRK-LVL",Destiny,2/27/2023,15,154423,https://open.spotify.com/track/4P0YT2GUGgrOfPLD9cWMNx,energetic,destiny
2Hklq3sJemmVdm6vRlVDAC,Payback,"AMU6iX, O3-1, B. Chaps",Payback,2/20/2023,13,186423,https://open.spotify.com/track/2Hklq3sJemmVdm6vRlVDAC,energetic,payback
4uslfOuO5qv8JCzZwZjZO0,OG,"JayXTurbo, Anup4m, Sybr",OG,2/17/2023,18,155193,https://open.spotify.com/track/4uslfOuO5qv8JCzZwZjZO0,energetic,og
3ebcnH8k5FwcSIRM8qV8LP,Snake Charmer,"Skyder, JayXTurbo, Milano The Don",Snake Charmer,2/6/2023,14,157636,https://open.spotify.com/track/3ebcnH8k5FwcSIRM8qV8LP,energetic,snake charmer
62dx23kytAro65YrfLHyIP,SHOT CLOCK,"Drama B, Ajeez",SHOT CLOCK,11/28/2022,20,248064,https://open.spotify.com/track/62dx23kytAro65YrfLHyIP,energetic,shot clock
5OtZi3uWJd5lCY9iAx9kGm,Doing Too Much,"Slanks, Blvkstn",Doing Too Much,1/3/2023,12,220383,https://open.spotify.com/track/5OtZi3uWJd5lCY9iAx9kGm,energetic,doing too much
5mSy66eCIon39nQcKVJXyN,Never Coming Down,"Slanks, Lucha, Luciidd",Never Coming Down,12/29/2022,13,198231,https://open.spotify.com/track/5mSy66eCIon39nQcKVJXyN,energetic,never coming down
7ixl9CNP1P7qKbli3AJw7v,DEMON TIME,"Ctrlgang, svlient",DEMON TIME,12/9/2022,18,105985,https://open.spotify.com/track/7ixl9CNP1P7qKbli3AJw7v,energetic,demon time
4nvTPRn0ccEAzoZL7rOgYR,Living Power,"JayXTurbo, Nat James",Living Power,12/12/2022,33,144640,https://open.spotify.com/track/4nvTPRn0ccEAzoZL7rOgYR,energetic,living power
47uGB42vGObryThxb9VUKi,No One Can Touch Me,"Aytac Turkut, 450 Panda",No One Can Touch Me,12/5/2022,21,164350,https://open.spotify.com/track/47uGB42vGObryThxb9VUKi,energetic,no one can touch me
6fJbklNQ0ttUW3SsKpPqH4,Risk It All,"Lucha, Luciidd",Risk It All,9/23/2022,13,189140,https://open.spotify.com/track/6fJbklNQ0ttUW3SsKpPqH4,energetic,risk it all
20d26FNiVg6MP0ZCzKSu8l,Why,"Atlant!c, Jstn Dmnd, Famillia",Why,8/26/2022,13,183808,https://open.spotify.com/track/20d26FNiVg6MP0ZCzKSu8l,energetic,why
528m48Ob4jorVuaQLfxfGk,BLACK,"Drama B, Jstn Dmnd",BLACK,8/15/2022,14,231288,https://open.spotify.com/track/528m48Ob4jorVuaQLfxfGk,energetic,black
2WKsJQSpDhb4Y9nE5u38JT,Revenge,DRK-LVL,Revenge,7/11/2022,14,173179,https://open.spotify.com/track/2WKsJQSpDhb4Y9nE5u38JT,energetic,revenge
6EknbTuaYs7QgfD7CIZY5o,Drop It,"Lost Heroes, DRK-LVL",Drop It,6/20/2022,17,185604,https://open.spotify.com/track/6EknbTuaYs7QgfD7CIZY5o,energetic,drop it
2nb9D51R1qaF4zx45ney7S,Energy,Tommygunnz,Energy,2/25/2022,15,146000,https://open.spotify.com/track/2nb9D51R1qaF4zx45ney7S,energetic,energy
3fWu1GzMxWulIlGJn2vcEy,Bullet Time,"M Gangsta, Sybr",Bullet Time,12/9/2022,17,174094,https://open.spotify.com/track/3fWu1GzMxWulIlGJn2vcEy,energetic,bullet time
3spJdarxfQDCqOGN6YhrhZ,Hell & Back,"Milano The Don, Daryl Di-Kar",Hell & Back,12/1/2022,11,187995,https://open.spotify.com/track/3spJdarxfQDCqOGN6YhrhZ,energetic,hell back
7J3YKBt70o8iB3UXGtUiho,I Wanna Go - John Summit Remix,"John Summit, Britney Spears",I Wanna Go - John Summit Remix,10/17/2025,71,163478,https://open.spotify.com/track/7J3YKBt70o8iB3UXGtUiho,energetic,i wanna go john summit remix
0F9IJBMwS2JiirjxYAC5uH,My Head & My Heart,"Ascence, Kid Marko, Voltarii",My Head & My Heart,11/7/2025,31,120006,https://open.spotify.com/track/0F9IJBMwS2JiirjxYAC5uH,energetic,my head my heart
4wteGC0HtLeZWjDcczc4Pw,RATATA,"Skrillex, Missy Elliott, Mr. Oizo",Quest For Fire,2/17/2023,64,126774,https://open.spotify.com/track/4wteGC0HtLeZWjDcczc4Pw,energetic,ratata
3LtpKP5abr2qqjunvjlX5i,Doja,Central Cee,Doja,7/21/2022,77,97392,https://open.spotify.com/track/3LtpKP5abr2qqjunvjlX5i,energetic,doja
5cCiRevSVTga4v8CLAbvXf,Without Me,"Lawstylez, RAMSES",Without Me,6/27/2025,53,124995,https://open.spotify.com/track/5cCiRevSVTga4v8CLAbvXf,energetic,without me
1VDfvBUMwL3m1Sd9dMorR4,Money Made Me A Savage - Calabria,"Ely Oaks, LAVINIA",Money Made Me A Savage (Calabria),9/5/2025,68,123854,https://open.spotify.com/track/1VDfvBUMwL3m1Sd9dMorR4,energetic,money made me a savage calabria
1haA1kYuUA4g66cctR5wse,Stay,"New Beat Order, Seeko, Diverse Bind, Dean Andrew",Stay,10/31/2025,41,110550,https://open.spotify.com/track/1haA1kYuUA4g66cctR5wse,energetic,stay
5XnU824XZ6eagjxsJYlRMH,Let's Get Loud,"Ascence, Kid Marko, Voltarii",Let's Get Loud,9/5/2025,50,126798,https://open.spotify.com/track/5XnU824XZ6eagjxsJYlRMH,energetic,lets get loud
5bjFSjfotRhjHnbHoBYhsW,Gone Gone Gone (Done Done Done) [feat. Teddy Swims] - David Guetta Remix,"David Guetta, Tones And I, Teddy Swims",Gone Gone Gone (Done Done Done) [feat. Teddy Swims] [David Guetta Remix],10/24/2025,63,168549,https://open.spotify.com/track/5bjFSjfotRhjHnbHoBYhsW,energetic,gone gone gone done done done feat teddy swims david guetta remix
4kGw7qts1AEVW0Fc6q64fh,Crank That (Soulja Boy),"Lawstylez, RAMSES",Crank That (Soulja Boy),10/31/2025,40,192626,https://open.spotify.com/track/4kGw7qts1AEVW0Fc6q64fh,energetic,crank that soulja boy
5ZLUm9eab8y3tqQ1OhQSHI,Abracadabra,Lady Gaga,Abracadabra,2/3/2025,82,223398,https://open.spotify.com/track/5ZLUm9eab8y3tqQ1OhQSHI,energetic,abracadabra
7rvvKvn0KYoKul40vuGCj6,Something Just Like This - Techno Version,"Ascence, Kid Marko, Voltarii",Something Just Like This (Techno Version),10/17/2025,48,135523,https://open.spotify.com/track/7rvvKvn0KYoKul40vuGCj6,energetic,something just like this techno version
6XU9A86GBKH3NBcBXmd88X,Safe and Sound,"Ascence, Kid Marko, Voltarii",Safe and Sound,10/31/2025,41,136542,https://open.spotify.com/track/6XU9A86GBKH3NBcBXmd88X,energetic,safe and sound
09GIoqzcdTGSsr8jBtLeU8,Firestone,"Acko, BOOTY LEAK, Ola Martin, GREGG, D'NIVIE",Firestone,10/10/2025,49,162246,https://open.spotify.com/track/09GIoqzcdTGSsr8jBtLeU8,energetic,firestone
6g9DbicHXE2OKURzbHL8Qx,Visions,"Level 8, Medusa",Visions,9/26/2025,49,151353,https://open.spotify.com/track/6g9DbicHXE2OKURzbHL8Qx,energetic,visions
226k90b2zBBhhnHtF5G7bB,Destiny,"Alesso, SACHA",Destiny,10/17/2025,71,170625,https://open.spotify.com/track/226k90b2zBBhhnHtF5G7bB,energetic,destiny
2KkU9B4R4mCGIxTCIstVM5,Seven Nation Army,"HARDSTYLE.exe, Mark Hennson, MXRT CXN",Seven Nation Army,8/22/2025,49,111020,https://open.spotify.com/track/2KkU9B4R4mCGIxTCIstVM5,energetic,seven nation army
07q2o9p3hVhW59qXr5HU89,Forever Young,"MARE, Reprobeater, Swae Boy",Forever Young,10/3/2025,46,123376,https://open.spotify.com/track/07q2o9p3hVhW59qXr5HU89,energetic,forever young
5yr1JLt5hokAyU8NBr75jr,A Bar Song (Tipsy) [Remix},"Shaboozey, David Guetta",A Bar Song (Tipsy) [Remix],4/14/2024,62,163863,https://open.spotify.com/track/5yr1JLt5hokAyU8NBr75jr,energetic,a bar song tipsy remix
3vrfUaXc9xdEyqCL6y2cUn,Crying at the Discoteque,Lion Dreher,Crying at the Discoteque,9/12/2025,47,112692,https://open.spotify.com/track/3vrfUaXc9xdEyqCL6y2cUn,energetic,crying at the discoteque
618UE29a3HSeERc74nZrYE,Creepin' - Techno Version,Ascence,Creepin' (Techno Version),12/27/2024,49,107676,https://open.spotify.com/track/618UE29a3HSeERc74nZrYE,energetic,creepin techno version
0dRkjN4dwirOqLUM5Omd0j,Cheri Cheri Lady,Anika,Cheri Cheri Lady,3/21/2025,48,110904,https://open.spotify.com/track/0dRkjN4dwirOqLUM5Omd0j,energetic,cheri cheri lady
1MgBgOANk8CWVTF19DuFJN,Sway,"Lawstylez, RAMSES",Sway,5/30/2025,49,120685,https://open.spotify.com/track/1MgBgOANk8CWVTF19DuFJN,energetic,sway
6eAdBskdGxnbUVXxEUu3io,Not At This Party - David Guetta Remix,"Dasha, David Guetta",Not At This Party (David Guetta Remix),5/23/2025,64,171488,https://open.spotify.com/track/6eAdBskdGxnbUVXxEUu3io,energetic,not at this party david guetta remix
1KmPsZLKm0yqCqWTW4FZNd,Rock My Body - Techno Version,"Ascence, Kid Marko",Rock My Body (Techno Version),6/13/2025,49,120006,https://open.spotify.com/track/1KmPsZLKm0yqCqWTW4FZNd,energetic,rock my body techno version
1Eqdkt6DfGNWElHpeujHGJ,HIGHJACK (right back),"Alok, Łaszewo, A$AP Rocky",HIGHJACK (right back),5/16/2025,71,161982,https://open.spotify.com/track/1Eqdkt6DfGNWElHpeujHGJ,energetic,highjack right back
2MYoJzrfK9ohQ4GKV9S9dX,Don’t Stop The Music,mavzy grx,Don’t Stop The Music,8/8/2025,45,136803,https://open.spotify.com/track/2MYoJzrfK9ohQ4GKV9S9dX,energetic,dont stop the music
41Z2O7ffAHWt6itnVpNuPi,Cry Me A River,"3 Are Legend, Timbaland, W&W",Cry Me A River,8/15/2025,59,149200,https://open.spotify.com/track/41Z2O7ffAHWt6itnVpNuPi,energetic,cry me a river
1OXPUo0Cw7NcClZOtlxLbI,Stereo Love,"Ascence, Kid Marko, Voltarii",Stereo Love,8/15/2025,47,147017,https://open.spotify.com/track/1OXPUo0Cw7NcClZOtlxLbI,energetic,stereo love
1dt220OBbkTsYz1NLVKIaw,"Call Me (with R3HAB, Timmy Trumpet & Charla K)","Gabry Ponte, R3HAB, Timmy Trumpet, Charla K","Call Me (with R3HAB, Timmy Trumpet & Charla K)",1/14/2022,61,178309,https://open.spotify.com/track/1dt220OBbkTsYz1NLVKIaw,energetic,call me with r3hab timmy trumpet charla k
41ChOZvkjGGpbUR6CXtj4c,Telephone,"Lawstylez, RAMSES",Telephone,8/15/2025,46,170997,https://open.spotify.com/track/41ChOZvkjGGpbUR6CXtj4c,energetic,telephone
3NQKrZQS9Ktn3dUDAsHacD,Strong Enough,"Reprobeater, Cuervo, M-T3CK, Brenda Mullen",Strong Enough,7/25/2025,46,123010,https://open.spotify.com/track/3NQKrZQS9Ktn3dUDAsHacD,energetic,strong enough
5qam14xzLPs3rrNuGXV7kr,Own The Night,"Medusa, Benny Sands",Own The Night,7/25/2025,48,141191,https://open.spotify.com/track/5qam14xzLPs3rrNuGXV7kr,energetic,own the night
28x5HxlPwaVrZZH5kgqvtV,"Friday, I’m In Luv (feat. bbyclose)","Alok, Alan Fitzpatrick, bbyclose","Friday, I’m In Luv (feat. bbyclose)",3/21/2025,57,145777,https://open.spotify.com/track/28x5HxlPwaVrZZH5kgqvtV,energetic,friday im in luv feat bbyclose
269A84YyW3j6XtalvLEtlZ,Mr. Vain,"Kid Marko, Voltarii",Mr. Vain,7/25/2025,47,156786,https://open.spotify.com/track/269A84YyW3j6XtalvLEtlZ,energetic,mr vain
0RmYq143QAhq4F9OpTQUPD,Be The One,Jannik Vistisen,Be The One,8/8/2025,48,138240,https://open.spotify.com/track/0RmYq143QAhq4F9OpTQUPD,energetic,be the one
1uds9gKnAhvHsbektvN4Eq,Love's Expired,"WhiteCapMusic, MusicByDavid, Swae Boy, GREGG",Love's Expired,7/18/2025,42,145972,https://open.spotify.com/track/1uds9gKnAhvHsbektvN4Eq,energetic,loves expired
1Rn2PyBB7aQwtIemXz5KSz,I Ain't Worried,"Swae Boy, K3YN0T3, Acko",I Ain't Worried,7/25/2025,43,124003,https://open.spotify.com/track/1Rn2PyBB7aQwtIemXz5KSz,energetic,i aint worried
64HDGbGaukJCRC55b2IExp,Shake It Off,RAMSES,Shake It Off,7/21/2025,45,193593,https://open.spotify.com/track/64HDGbGaukJCRC55b2IExp,energetic,shake it off
3XJQz97R6A7bXn8awvFknM,Together,"David Guetta, Hypaton, Bonnie Tyler",Together,7/4/2025,75,153750,https://open.spotify.com/track/3XJQz97R6A7bXn8awvFknM,energetic,together
5NFFRK0PgLTOx47cLVd9b1,I Need Your Love,"WhiteCapMusic, Anika",I Need Your Love,6/27/2025,44,108287,https://open.spotify.com/track/5NFFRK0PgLTOx47cLVd9b1,energetic,i need your love
1zMYEHdfTjWTJ8GyKAusc2,Umbrella,"Kid Marko, Voltarii",Umbrella,7/11/2025,48,145684,https://open.spotify.com/track/1zMYEHdfTjWTJ8GyKAusc2,energetic,umbrella
3GHFgYRCtcNVOlQ0s9Pglu,Jolene - Techno Version,"GREGG, Swae Boy, Acko",Jolene (Techno Version),6/13/2025,45,127007,https://open.spotify.com/track/3GHFgYRCtcNVOlQ0s9Pglu,energetic,jolene techno version
1fuRHROnYJQgDivosZrzSG,The Bad Touch,"Poylow, Reprobeater, Swae Boy",The Bad Touch,6/6/2025,45,129306,https://open.spotify.com/track/1fuRHROnYJQgDivosZrzSG,energetic,the bad touch
62WTToBrNkBNWQazLEeYS2,Gimme! Gimme! Gimme! (A Man After Midnight),Ascence,Gimme! Gimme! Gimme! (A Man After Midnight),5/2/2025,46,128522,https://open.spotify.com/track/62WTToBrNkBNWQazLEeYS2,energetic,gimme gimme gimme a man after midnight
7D6ACeXtLx97C3pAjZP5WZ,Riptide,"Azault, Swae Boy, Reprobeater",Riptide,5/30/2025,44,120215,https://open.spotify.com/track/7D6ACeXtLx97C3pAjZP5WZ,energetic,riptide
3Q9PAWCqnIoFqlOB74Sgtr,"World, Hold On (Children of the Sky)",Ascence,"World, Hold On (Children of the Sky)",6/6/2025,43,115121,https://open.spotify.com/track/3Q9PAWCqnIoFqlOB74Sgtr,energetic,world hold on children of the sky
4wOoxdq49leMtiOyZPzuuq,Sexy Bitch,"BOOTY LEAK, HOMINID, CØV3R1st, Swae Boy",Sexy Bitch,5/30/2025,44,136089,https://open.spotify.com/track/4wOoxdq49leMtiOyZPzuuq,energetic,sexy bitch
7eaSdJ7FYQQ0FzsYvuJbgy,From Paris to Berlin,Ascence,From Paris to Berlin,5/23/2025,43,131996,https://open.spotify.com/track/7eaSdJ7FYQQ0FzsYvuJbgy,energetic,from paris to berlin
34mlJhAo2WnUxavc6wbV1J,Words,"BOOTY LEAK, Swae Boy, MWH, Alisa McCarthy",Words,4/25/2025,44,116604,https://open.spotify.com/track/34mlJhAo2WnUxavc6wbV1J,energetic,words
7K1BLb6MpvKuGEPpHw35mO,Never Going Home Tonight (feat. Madison Love),"David Guetta, Alesso, Madison Love",Never Going Home Tonight (feat. Madison Love),9/6/2024,71,164285,https://open.spotify.com/track/7K1BLb6MpvKuGEPpHw35mO,energetic,never going home tonight feat madison love
0vaEzJwLbb2TAGsrVh94Xs,Toxic,Fresh Prince of Sped Air,Toxic,3/7/2025,46,138213,https://open.spotify.com/track/0vaEzJwLbb2TAGsrVh94Xs,energetic,toxic
0SML6wWerD0yI2Xd4OUC1R,"Better Off (Alone, Pt. III)","Alan Walker, Dash Berlin, Vikkstar",Walkerworld,11/10/2023,76,151702,https://open.spotify.com/track/0SML6wWerD0yI2Xd4OUC1R,energetic,better off alone pt iii
0lDtYpVLkckZqbNaztMiRO,Love You Like A Love Song,Anika,Love You Like A Love Song,5/16/2025,44,122753,https://open.spotify.com/track/0lDtYpVLkckZqbNaztMiRO,energetic,love you like a love song
27MPL6oQejXt9wGEnDuGbl,Sweet but Psycho,"Now O Later, Reprobeater, Swae Boy, Alisa McCarthy",Sweet but Psycho,5/2/2025,45,117995,https://open.spotify.com/track/27MPL6oQejXt9wGEnDuGbl,energetic,sweet but psycho
0wsxRyna6pbhwXVwYKA9XX,Can’t Get You out of My Head,Ascence,Can’t Get You out of My Head,4/11/2025,45,117760,https://open.spotify.com/track/0wsxRyna6pbhwXVwYKA9XX,energetic,cant get you out of my head
1CK1v7AVMM2tV3O0vkoKhH,Leave Before You Love Me,"Reprobeater, Swae Boy",Leave Before You Love Me,5/16/2025,43,143490,https://open.spotify.com/track/1CK1v7AVMM2tV3O0vkoKhH,energetic,leave before you love me
0WOlK3dhliA9sajHWddRB8,Price Tag - Techno Version,Astech,Price Tag (Techno Version),5/2/2025,45,109165,https://open.spotify.com/track/0WOlK3dhliA9sajHWddRB8,energetic,price tag techno version
4tUX1aYiThsz8JBrq7Tfj5,Worlds Apart,"Marshmello, AR/CO",Worlds Apart,3/28/2025,50,166487,https://open.spotify.com/track/4tUX1aYiThsz8JBrq7Tfj5,energetic,worlds apart
3c5W8x9uOaWsYRiq1VFycp,Rhythm Is a Dancer,Ascence,Rhythm Is a Dancer,3/7/2025,45,138396,https://open.spotify.com/track/3c5W8x9uOaWsYRiq1VFycp,energetic,rhythm is a dancer
1mLJMTWO9yiFFyLdhtrBaw,S&M - Techno Version,Lion Dreher,S&M (Techno Version),2/7/2025,46,119013,https://open.spotify.com/track/1mLJMTWO9yiFFyLdhtrBaw,energetic,sm techno version
5CXuRkkT4WBy1NhWF6tOfO,Leave a Light On - Techno Version,Astech,Leave a Light On (Techno Version),3/7/2025,45,116558,https://open.spotify.com/track/5CXuRkkT4WBy1NhWF6tOfO,energetic,leave a light on techno version
01BSBaofAL5e28f6BhNr2j,Be My Lover,Ascence,Be My Lover,3/21/2025,44,145005,https://open.spotify.com/track/01BSBaofAL5e28f6BhNr2j,energetic,be my lover
1sV9AKT9zB4twKBhf6D5E1,Somebody Told Me,"Thundatraxx, Nick Peters",Somebody Told Me,2/21/2025,45,132571,https://open.spotify.com/track/1sV9AKT9zB4twKBhf6D5E1,energetic,somebody told me
6SqY20qT4h2LRokm2JThp6,Right Now (Na Na Na) - Techno Version,Ascence,Right Now (Na Na Na) [Techno Version],12/5/2024,45,117016,https://open.spotify.com/track/6SqY20qT4h2LRokm2JThp6,energetic,right now na na na techno version
1JWJKlVqjZGO8wQ7z1Gje8,Burn,Lion Dreher,Burn,3/28/2025,45,175856,https://open.spotify.com/track/1JWJKlVqjZGO8wQ7z1Gje8,energetic,burn
4fge9OfqfvyvsnLCWHnfo6,In So Deep,JE3T,In So Deep,4/4/2025,46,140695,https://open.spotify.com/track/4fge9OfqfvyvsnLCWHnfo6,energetic,in so deep
1JOxzDJ1oMKy4xb1zPWGaZ,The Hills - Techno Version,Ascence,The Hills (Techno Version),1/17/2025,43,101813,https://open.spotify.com/track/1JOxzDJ1oMKy4xb1zPWGaZ,energetic,the hills techno version
2Nh1wIvPLDk4wK356m0nQA,yes baby,Madison Beer,yes baby,9/19/2025,77,175324,https://open.spotify.com/track/2Nh1wIvPLDk4wK356m0nQA,energetic,yes baby
2JzQvF7i3drSjdIqKxnIb6,Sprinter,C.Love,Sprinter,3/21/2025,45,207203,https://open.spotify.com/track/2JzQvF7i3drSjdIqKxnIb6,energetic,sprinter
6dBZvwmae2irpE6O4KrDVy,Payphone,"Pudding_PD, MarshallYU",Payphone,4/11/2025,42,122749,https://open.spotify.com/track/6dBZvwmae2irpE6O4KrDVy,energetic,payphone
1QMKH3EwjlzVXOzW8Bxwrc,Memories - Techno Version,Ascence,Memories (Techno Version),2/21/2025,43,123637,https://open.spotify.com/track/1QMKH3EwjlzVXOzW8Bxwrc,energetic,memories techno version
0w63ZP3BDVC1rg7JGrbT7b,Love Me Again,"Sad Puppy, Sunday Shirt",Love Me Again,6/18/2024,48,131004,https://open.spotify.com/track/0w63ZP3BDVC1rg7JGrbT7b,energetic,love me again
3FwPvxXuNuDM5sQyM159AC,Mr. Saxobeat - Techno Version,"Tobi Vibes, Raffi, Flowa",Mr. Saxobeat (Techno Version),1/10/2025,45,133381,https://open.spotify.com/track/3FwPvxXuNuDM5sQyM159AC,energetic,mr saxobeat techno version
4KZP7d15KUFKlV4zKqRALS,I Follow Rivers - Techno Version,Ascence,I Follow Rivers (Techno Version),1/31/2025,43,124290,https://open.spotify.com/track/4KZP7d15KUFKlV4zKqRALS,energetic,i follow rivers techno version
76VSmvZ2VhVrxhf4LtrOsX,BAND4BAND,C.Love,BAND4BAND,12/20/2024,44,164559,https://open.spotify.com/track/76VSmvZ2VhVrxhf4LtrOsX,energetic,band4band
6uMx61qngwPNAvgRqIFW9y,Habits (Stay High) - Techno Version,Ascence,Habits (Stay High) [Techno Version],12/6/2024,44,124487,https://open.spotify.com/track/6uMx61qngwPNAvgRqIFW9y,energetic,habits stay high techno version
3V3lvMtl6LBfi62u1CQf77,Black & Yellow (You Know What It Is),"Olly James, Marnik, 3rd Wall",Black & Yellow (You Know What It Is),8/22/2025,51,131400,https://open.spotify.com/track/3V3lvMtl6LBfi62u1CQf77,energetic,black yellow you know what it is
5inu9oxxtua9ONYp2xiKRa,If I Lose Myself - Techno Version,Ascence,If I Lose Myself (Techno Version),11/5/2024,46,151500,https://open.spotify.com/track/5inu9oxxtua9ONYp2xiKRa,energetic,if i lose myself techno version
3O83jRGPUze6xrAhrV7Riq,The Rhythm of the Night - Techno Version,"Raffi, Aside",The Rhythm of the Night (Techno Version),1/24/2025,43,127973,https://open.spotify.com/track/3O83jRGPUze6xrAhrV7Riq,energetic,the rhythm of the night techno version
1LnMDAQSWvbUpB8KhcKKia,Too Sweet - Techno Version,Fresh Prince of Sped Air,Too Sweet (Techno Version),5/13/2024,46,158302,https://open.spotify.com/track/1LnMDAQSWvbUpB8KhcKKia,energetic,too sweet techno version
6fefWWhrUkzvaBG25PUAka,Pumped Up Kicks - Techno Version,QTPATUTI,Pumped Up Kicks (Techno Version),10/8/2024,45,98600,https://open.spotify.com/track/6fefWWhrUkzvaBG25PUAka,energetic,pumped up kicks techno version
5UmwsSH2bcPiyR6YZ3Rldc,Hangover - Techno Version,Lion Dreher,Hangover (Techno Version),11/5/2024,44,144863,https://open.spotify.com/track/5UmwsSH2bcPiyR6YZ3Rldc,energetic,hangover techno version
2vtXzlfZVTXha9xCe8sNL5,Electric Dream,S1NCE,Electric Dream,5/2/2025,41,136829,https://open.spotify.com/track/2vtXzlfZVTXha9xCe8sNL5,energetic,electric dream
6W9ovERI3z295amf3CX485,Tom's Diner - Techno Version,Ascence,Tom's Diner (Techno Version),10/25/2024,44,123233,https://open.spotify.com/track/6W9ovERI3z295amf3CX485,energetic,toms diner techno version
03mXzfcpdAPHpSEUlwA08N,I Kissed A Girl - Techno Version,Fresh Prince of Sped Air,I Kissed A Girl (Techno Version),1/30/2024,46,112274,https://open.spotify.com/track/03mXzfcpdAPHpSEUlwA08N,energetic,i kissed a girl techno version
34FblEMUojcflYrmWkbztT,Dancing in the Moonlight - Techno Version,"Tobi Vibes, DJ BliiND, MillerNick",Dancing in the Moonlight (Techno Version),11/28/2024,43,120006,https://open.spotify.com/track/34FblEMUojcflYrmWkbztT,energetic,dancing in the moonlight techno version
7D9kpKcnCRmYUbX7CSaQ9Z,Survivor - Techno Version,"Lion Dreher, QUATTRO, SineTwo",Survivor (Techno Version),7/30/2024,46,118857,https://open.spotify.com/track/7D9kpKcnCRmYUbX7CSaQ9Z,energetic,survivor techno version
4pgoc2yEuMkpqCqWgRa70k,Taste - Techno Version,"SUPAFAST, QTPATUTI",Taste (Techno Version),10/8/2024,41,123129,https://open.spotify.com/track/4pgoc2yEuMkpqCqWgRa70k,energetic,taste techno version
3KDcxNFKrYFULZUcJTHGST,Titanium x Outside - Medley Version,Turbocharged Titans,Titanium x Outside (Medley Version),2/21/2025,44,236016,https://open.spotify.com/track/3KDcxNFKrYFULZUcJTHGST,energetic,titanium x outside medley version
15oXDDeGtjJJImJ4PtnQ3z,Beautiful Things - Techno Version,DEVON360,Beautiful Things (Techno Version),7/12/2024,45,151353,https://open.spotify.com/track/15oXDDeGtjJJImJ4PtnQ3z,energetic,beautiful things techno version
5Ipm47n4nn2WFJXalNEh0m,You Know,"Sad Puppy, Sunday Shirt",You Know,4/12/2024,47,144770,https://open.spotify.com/track/5Ipm47n4nn2WFJXalNEh0m,energetic,you know
5jOcMF977QCzEwQRkZtG6f,Hate Me - Techno Version,"Tobi Vibes, MillerNick",Hate Me (Techno Version),10/19/2024,44,128457,https://open.spotify.com/track/5jOcMF977QCzEwQRkZtG6f,energetic,hate me techno version
0HVahQTUFEn20P0XQUR2T6,Cruel Summer - Techno Version,Hyper Emil,Cruel Summer (Techno Version),7/23/2024,43,133720,https://open.spotify.com/track/0HVahQTUFEn20P0XQUR2T6,energetic,cruel summer techno version
3Me5bYXeDXqjBVgug53Ula,This Is The Life,"LIZOT, KYANU",This Is The Life,10/13/2023,68,131388,https://open.spotify.com/track/3Me5bYXeDXqjBVgug53Ula,energetic,this is the life
6yTTAymwOHH20GKiXVrVIx,Feel Like Shit - Techno Version,Fresh Prince of Sped Air,Feel Like Shit (Techno Version),4/5/2024,44,148793,https://open.spotify.com/track/6yTTAymwOHH20GKiXVrVIx,energetic,feel like shit techno version
612RuAQh2xuXVqhdX3Jrfd,You Make My Heart Go,"Sad Puppy, Sunday Shirt",You Make My Heart Go,2/21/2024,53,126263,https://open.spotify.com/track/612RuAQh2xuXVqhdX3Jrfd,energetic,you make my heart go
5Too9wJ8WYq1Om7i3vEZr6,She's All I Wanna Be - Techno Version,Fresh Prince of Sped Air,She's All I Wanna Be (Techno Version),5/8/2024,45,141217,https://open.spotify.com/track/5Too9wJ8WYq1Om7i3vEZr6,energetic,shes all i wanna be techno version
5iPs71iId8dzlCKiYsaxcG,La La La - Techno Version,Lion Dreher,La La La (Techno Version),4/20/2024,45,141296,https://open.spotify.com/track/5iPs71iId8dzlCKiYsaxcG,energetic,la la la techno version
1bM7KkV9nQynfsTJnYr7hN,She's Not Me,"Sad Puppy, Sunday Shirt",She's Not Me,1/24/2024,47,123651,https://open.spotify.com/track/1bM7KkV9nQynfsTJnYr7hN,energetic,shes not me
1heCEIhtoVVq8KhgbtaK9R,Billie Jean - Techno Version,Fresh Prince of Sped Air,Billie Jean (Techno Version),7/16/2024,44,141871,https://open.spotify.com/track/1heCEIhtoVVq8KhgbtaK9R,energetic,billie jean techno version
3YOkRTqknv92aUyOXcTxVg,Can't Forget You,"LUM!X, Lucas & Steve",Can't Forget You,6/21/2024,57,156250,https://open.spotify.com/track/3YOkRTqknv92aUyOXcTxVg,energetic,cant forget you
0zSEvzJM7ydBgBjuU0kkJ0,Numb - Techno Version,Lion Dreher,Numb (Techno Version),2/7/2024,44,133604,https://open.spotify.com/track/0zSEvzJM7ydBgBjuU0kkJ0,energetic,numb techno version
7a9aegwFIaNRNGCkXpOKRx,Believe - Techno Version,Fresh Prince of Sped Air,Believe (Techno Version),1/30/2024,45,103810,https://open.spotify.com/track/7a9aegwFIaNRNGCkXpOKRx,energetic,believe techno version
2r0a1nfKX6G9eCoVC1lDmR,Unholy - Techno Version,Lion Dreher,Unholy (Techno Version),5/8/2024,44,113658,https://open.spotify.com/track/2r0a1nfKX6G9eCoVC1lDmR,energetic,unholy techno version
3wF2AMKpXbiTes6dHYXCLJ,Beg for You - Techno Version,Fresh Prince of Sped Air,Beg for You (Techno Version),5/1/2024,44,139049,https://open.spotify.com/track/3wF2AMKpXbiTes6dHYXCLJ,energetic,beg for you techno version
1puO9prQRuAo0DbhEsA87a,Tattoo,Eugone,Tattoo,12/26/2023,47,185117,https://open.spotify.com/track/1puO9prQRuAo0DbhEsA87a,energetic,tattoo
6yw5safhgj9vaDhZOsfQnK,How to Save a Life - Techno Version,Lion Dreher,How to Save a Life (Techno Version),3/10/2024,45,146311,https://open.spotify.com/track/6yw5safhgj9vaDhZOsfQnK,energetic,how to save a life techno version
0rGSFuwVxoUjmm8MUEmzSz,Boulevard of Broken Dreams - Techno Version,Fresh Prince of Sped Air,Boulevard of Broken Dreams (Techno Version),1/8/2024,46,144000,https://open.spotify.com/track/0rGSFuwVxoUjmm8MUEmzSz,energetic,boulevard of broken dreams techno version
78a73LTQzKUACO1qNemya5,We Don't Talk Anymore,Eugone,We Don't Talk Anymore,1/19/2024,47,156592,https://open.spotify.com/track/78a73LTQzKUACO1qNemya5,energetic,we dont talk anymore
02l9jkVb5Ib6x5K3RgEBXn,Just Dance - Techno Version,Lion Dreher,Just Dance (Techno Version),4/12/2024,43,167418,https://open.spotify.com/track/02l9jkVb5Ib6x5K3RgEBXn,energetic,just dance techno version
64CpWUCjbhFFrwcMWCAURm,Follow Me - Techno Version,DEVON360,Follow Me (Techno Version),4/12/2024,42,136777,https://open.spotify.com/track/64CpWUCjbhFFrwcMWCAURm,energetic,follow me techno version
1uiNUWyrqeEUXwoyzl2mWs,Addicted To You - Techno Version,JAAN,Addicted To You (Techno Version),2/24/2024,42,136739,https://open.spotify.com/track/1uiNUWyrqeEUXwoyzl2mWs,energetic,addicted to you techno version
0oYLIRAmxQSnshYdA9f44y,Smack That - Techno Version,Fresh Prince of Sped Air,Smack That (Techno Version),3/6/2024,43,126249,https://open.spotify.com/track/0oYLIRAmxQSnshYdA9f44y,energetic,smack that techno version
0gTNIyy2c0N5GkGoANatdd,Attention,Salty Eyes,Attention,8/30/2023,45,133421,https://open.spotify.com/track/0gTNIyy2c0N5GkGoANatdd,energetic,attention
2sLV65qf9ejO2py5bi3K3i,Samba de Janeiro - Techno Version,Fresh Prince of Sped Air,Samba de Janeiro (Techno Version),12/31/2023,42,72333,https://open.spotify.com/track/2sLV65qf9ejO2py5bi3K3i,energetic,samba de janeiro techno version
5YGrHkL6mVGcefaKc3vi9z,Freed from Desire - Techno Version,Sad Puppy,Freed from Desire (Techno Version),3/10/2024,44,126406,https://open.spotify.com/track/5YGrHkL6mVGcefaKc3vi9z,energetic,freed from desire techno version
1ItGDhJBYFIX0QI7GXEhVP,I Will Survive,"Lion Dreher, Raffi",I Will Survive,11/21/2023,45,174851,https://open.spotify.com/track/1ItGDhJBYFIX0QI7GXEhVP,energetic,i will survive
6dkEIAZSfwMVQYp53gBI0g,Flowers,Sad Puppy,Flowers,9/21/2023,44,167014,https://open.spotify.com/track/6dkEIAZSfwMVQYp53gBI0g,energetic,flowers
46MZhNWXaBvIVeB5dduB04,Kids - Techno Version,Lion Dreher,Kids (Techno Version),1/25/2024,43,132402,https://open.spotify.com/track/46MZhNWXaBvIVeB5dduB04,energetic,kids techno version
2bSSCzpnX4KXrCyiHeVpRx,Goosebumps - Techno Version,the dreamchild,Goosebumps (Techno Version),7/12/2024,41,135601,https://open.spotify.com/track/2bSSCzpnX4KXrCyiHeVpRx,energetic,goosebumps techno version
316K5BPdhErWuAz7g33lnV,Diamonds,Lion Dreher,Diamonds,9/22/2023,43,129973,https://open.spotify.com/track/316K5BPdhErWuAz7g33lnV,energetic,diamonds
75RvOjHs2Kwq9wwrTn0YHN,Where Are You Now,Lion Dreher,Where Are You Now,11/28/2023,43,119654,https://open.spotify.com/track/75RvOjHs2Kwq9wwrTn0YHN,energetic,where are you now
4M6DWnJnDJD75PqNzIUZd7,Say It Right,Sad Puppy,Say It Right,9/1/2023,43,163775,https://open.spotify.com/track/4M6DWnJnDJD75PqNzIUZd7,energetic,say it right
12EXEYyUSbT04H4M0mH2p5,Zombie,Lion Dreher,Zombie,11/2/2023,43,116000,https://open.spotify.com/track/12EXEYyUSbT04H4M0mH2p5,energetic,zombie
1dcqOv5OFCwMpIqFZ6Brap,How Deep Is Your Love - Techno,Sad Puppy,How Deep Is Your Love (Techno),7/11/2023,44,148807,https://open.spotify.com/track/1dcqOv5OFCwMpIqFZ6Brap,energetic,how deep is your love techno
0lwyzp7GppQxv0Eu6wRkUo,Satisfaction,"David Guetta, Benny Benassi",Satisfaction,8/12/2022,70,155676,https://open.spotify.com/track/0lwyzp7GppQxv0Eu6wRkUo,energetic,satisfaction
2awhzlDrBZ1QzjWkhPDEzg,What I've Done,Lion Dreher,What I've Done,8/30/2023,43,110303,https://open.spotify.com/track/2awhzlDrBZ1QzjWkhPDEzg,energetic,what ive done
3YwjWpt8gapWoXb5uQ2dO3,Disturbia - Techno Version,JAAN,Disturbia (Techno Version),1/24/2024,45,187468,https://open.spotify.com/track/3YwjWpt8gapWoXb5uQ2dO3,energetic,disturbia techno version
4KJMAc6lRgNf8XXZPTFQZi,Apologize,Lion Dreher,Apologize,9/30/2023,43,121039,https://open.spotify.com/track/4KJMAc6lRgNf8XXZPTFQZi,energetic,apologize
3IgLHpCSnhfQ3O4oUns2F1,Ghost - Techno Version,Hyper Emil,Ghost (Techno Version),4/4/2024,42,113998,https://open.spotify.com/track/3IgLHpCSnhfQ3O4oUns2F1,energetic,ghost techno version
2AsoJh4RwtdX52QAYqMmUP,Faded - Hypertechno,Sad Puppy,Faded (Hypertechno),6/26/2023,43,119994,https://open.spotify.com/track/2AsoJh4RwtdX52QAYqMmUP,energetic,faded hypertechno
4a4OYfHWiRv7fZ3j2mwvzP,Don’t You Worry Child (Hypertechno),Sad Puppy,Don’t You Worry Child (Hypertechno),5/31/2023,44,145986,https://open.spotify.com/track/4a4OYfHWiRv7fZ3j2mwvzP,energetic,dont you worry child hypertechno
5YkJbb1xaDhYMvLL5twk3L,Young Folks - Techno Version,Fresh Prince of Sped Air,Young Folks (Techno Version),6/14/2024,43,151980,https://open.spotify.com/track/5YkJbb1xaDhYMvLL5twk3L,energetic,young folks techno version
3CUGN1iRL9DHm34gDtj9u3,Prayer in C - Techno,Sad Puppy,Prayer in C (Techno),7/25/2023,44,155625,https://open.spotify.com/track/3CUGN1iRL9DHm34gDtj9u3,energetic,prayer in c techno
1x5sYLZiu9r5E43kMlt9f8,Symphony (feat. Zara Larsson),"Clean Bandit, Zara Larsson",Symphony (feat. Zara Larsson),3/16/2017,74,212459,https://open.spotify.com/track/1x5sYLZiu9r5E43kMlt9f8,energetic,symphony feat zara larsson
1I7cEuSJwEatpvKxrq6Ef0,MONTAGEM MANIFESTO,"Sayfalse, $pxce, FXRST",MONTAGEM MANIFESTO,8/15/2025,56,77538,https://open.spotify.com/track/1I7cEuSJwEatpvKxrq6Ef0,energetic,montagem manifesto
3VFySvZMSn4z4X4YDDQb0H,NUNCA MUDA?,"Scythermane, NXGHT!, MC Fabinho da Osk",NUNCA MUDA?,1/9/2025,71,81500,https://open.spotify.com/track/3VFySvZMSn4z4X4YDDQb0H,energetic,nunca muda
7wrjh1jGLkV99AhcgnGRjE,COM MEDO!,"Sayfalse, Scythermane",COM MEDO!,3/6/2025,66,69736,https://open.spotify.com/track/7wrjh1jGLkV99AhcgnGRjE,energetic,com medo
41w1X5L2Pg189FKvmIvyLv,LOS MARIACHI,"cape, GoonMoon",LOS MARIACHI,8/22/2025,47,92682,https://open.spotify.com/track/41w1X5L2Pg189FKvmIvyLv,energetic,los mariachi
7LR25zmeMBBDwOpDbCzzIx,Pressao,"HXPETRAIN, Fyex, Dj Samir",Pressao,6/27/2025,47,91798,https://open.spotify.com/track/7LR25zmeMBBDwOpDbCzzIx,energetic,pressao
6VfVTGZGI4WMZwpYqEZ6sO,MONTAGEM AZUL,"SCHWVFTY, KPHK",MONTAGEM AZUL,8/21/2025,43,83086,https://open.spotify.com/track/6VfVTGZGI4WMZwpYqEZ6sO,energetic,montagem azul
62e5BTgij7y00KOQMkeurI,Rabeta Bass (Imanbek Remix),"KDDK, Tropkillaz, Mc Gw, Imanbek",Rabeta Bass,8/15/2025,44,138857,https://open.spotify.com/track/62e5BTgij7y00KOQMkeurI,energetic,rabeta bass imanbek remix
539PuFn8nBMUqfdoVUpWeo,TRUST THE PROCESS,MGEE,TRUST THE PROCESS,10/29/2025,50,133150,https://open.spotify.com/track/539PuFn8nBMUqfdoVUpWeo,energetic,trust the process
0t0lrpixSiYnknhSQRsk5X,SPEAK UP,PUNXO,SPEAK UP,8/22/2025,48,90461,https://open.spotify.com/track/0t0lrpixSiYnknhSQRsk5X,energetic,speak up
4LkkRLP8pldQer1YRrHwkx,LOS VOLTAJE,"Sayfalse, Yb Wasg'ood, Ariis",LOS VOLTAJE,4/11/2025,81,99285,https://open.spotify.com/track/4LkkRLP8pldQer1YRrHwkx,energetic,los voltaje
098FfyoIAqAJXm8IkHBgEO,LA CASSA,"ZWE1HVNDXR, XI$OW, PYTT NB27E",LA CASSA,7/18/2025,46,83076,https://open.spotify.com/track/098FfyoIAqAJXm8IkHBgEO,energetic,la cassa
6n18VWVvemuutTAKiB2rdK,Maré De Verão,"Scythermane, SEKIMANE",Maré De Verão,7/25/2025,48,91187,https://open.spotify.com/track/6n18VWVvemuutTAKiB2rdK,energetic,mar de vero
5EE4Jmvnd6M1jKKYXpP76E,King is Stayin',Djowey,King is Stayin',9/26/2025,29,150909,https://open.spotify.com/track/5EE4Jmvnd6M1jKKYXpP76E,energetic,king is stayin
3jOUAb618b6MObTOQr686t,VEM JOGANDO O RABO,"SEKIMANE, WXRTNAX, Mc Staff",VEM JOGANDO O RABO,8/22/2025,53,107538,https://open.spotify.com/track/3jOUAb618b6MObTOQr686t,energetic,vem jogando o rabo
4sTlQPMyoFMPdhAJvErBN3,PASSO BEM SOLTO - Slowed,ATLXS,PASSO BEM SOLTO,4/23/2024,84,116072,https://open.spotify.com/track/4sTlQPMyoFMPdhAJvErBN3,energetic,passo bem solto slowed
6NBMY5dl0oFqZwbnyurtnr,ESPAÇO LIMINAL 2,"NXGHT!, KGJ, Scythermane",ESPAÇO LIMINAL 2,8/22/2025,47,134769,https://open.spotify.com/track/6NBMY5dl0oFqZwbnyurtnr,energetic,espao liminal 2
0oKoekjJtNqsARQ5HQhWng,ARIA FUNK,GXMZ,ARIA FUNK,7/4/2025,43,89660,https://open.spotify.com/track/0oKoekjJtNqsARQ5HQhWng,energetic,aria funk
33s8daXwLqEMjLXTY5q0gp,VAI CALOR,"sma$her, FXRR",VAI CALOR,8/1/2025,51,66538,https://open.spotify.com/track/33s8daXwLqEMjLXTY5q0gp,energetic,vai calor
2Gs0iF27my40p0dANv2rAg,MONTAGEM XONADA,"MXZI, Dj Samir, DJ Javi26",MONTAGEM XONADA,7/2/2025,87,75682,https://open.spotify.com/track/2Gs0iF27my40p0dANv2rAg,energetic,montagem xonada
7LKfKpO56W1l3AUbfiwAeF,DRUGS.mov - Super Slowed,"Yb Wasg'ood, N!GHTvisiøn",DRUGS.mov,3/28/2025,46,122211,https://open.spotify.com/track/7LKfKpO56W1l3AUbfiwAeF,energetic,drugsmov super slowed
7llooRQ2Y8fc7bZYvXHqbC,Contigo Siempre,Flame Runner,Contigo Siempre,4/11/2025,64,66000,https://open.spotify.com/track/7llooRQ2Y8fc7bZYvXHqbC,energetic,contigo siempre
36sWemxPLWXHepzEixplU2,Velvet Pain,"Isolate.exe, 9STAR, Sayfalse",Velvet Pain,7/25/2025,44,84847,https://open.spotify.com/track/36sWemxPLWXHepzEixplU2,energetic,velvet pain
7L8OBuvUlOzYOPqtlJRDhT,SIN TU LUGAR,Punic,SIN TU LUGAR,7/11/2025,47,99818,https://open.spotify.com/track/7L8OBuvUlOzYOPqtlJRDhT,energetic,sin tu lugar
6BLJT2RkXlI5sMPx17KWKB,GROS TEH,NØNAME,GOING ON,7/24/2025,44,137142,https://open.spotify.com/track/6BLJT2RkXlI5sMPx17KWKB,energetic,gros teh
3LpHb5DePovOXpbG4TUAZj,VEIA ESCURA,"Jecham, Hugomasked, Scythermane, Nxxkz, Lurk",VEIA ESCURA,4/11/2025,41,76408,https://open.spotify.com/track/3LpHb5DePovOXpbG4TUAZj,energetic,veia escura
1831lUKWmr5jDqLwj3qQyF,SEMPARA,"TRXSHBXY, Nxppy, SPIXLEX",SEMPARA,7/25/2025,32,101160,https://open.spotify.com/track/1831lUKWmr5jDqLwj3qQyF,energetic,sempara
3pmhZrPGqtTvkq22OYgg0g,Montagem Sonhar,"Flame Runner, DARKANASE, Kryd",Montagem Sonhar,7/25/2025,45,86428,https://open.spotify.com/track/3pmhZrPGqtTvkq22OYgg0g,energetic,montagem sonhar
5a8ltdxdlSvNCzOAYx0cSJ,ESSE RITMO,"SK3TCH01, NOXII",ESSE RITMO,7/25/2025,35,80625,https://open.spotify.com/track/5a8ltdxdlSvNCzOAYx0cSJ,energetic,esse ritmo
5vICUi5l29gHPSuKJp4f4h,JUST NEED U,cqz,JUST NEED U,7/25/2025,46,96369,https://open.spotify.com/track/5vICUi5l29gHPSuKJp4f4h,energetic,just need u
4UcDPYvz9E4m4Tce3jqzg9,MONTAGEM ZENTINO,"Zurvyy, VXLLAH",MONTAGEM ZENTINO,8/22/2025,36,95552,https://open.spotify.com/track/4UcDPYvz9E4m4Tce3jqzg9,energetic,montagem zentino
4SVna6AMG8m40jxN01RfRI,SE CALA,"Dj Samir, DJ DUDA, DJ Zarek",SE CALA,8/22/2025,51,84961,https://open.spotify.com/track/4SVna6AMG8m40jxN01RfRI,energetic,se cala
4WmdL5jQhPsJ89D92P6MPf,SOLTO SOM,JXNDRO,SOLTO SOM,8/22/2025,35,96091,https://open.spotify.com/track/4WmdL5jQhPsJ89D92P6MPf,energetic,solto som
1yeDESPSzlXK5iv3tqRKOS,PASSO MUDO,"VXN!SH, KVNYSH",PASSO MUDO,8/20/2025,34,94846,https://open.spotify.com/track/1yeDESPSzlXK5iv3tqRKOS,energetic,passo mudo
67j8uaiSnXKl4FycujaAPh,VEI CA DENCA,"SILENZE, Ash",VEI CA DENCA,8/15/2025,35,70239,https://open.spotify.com/track/67j8uaiSnXKl4FycujaAPh,energetic,vei ca denca
65UqfnMY0MRyuyUdl0RoNn,CATALYST,"ARXF, Mc Staff",CATALYST,8/15/2025,34,101125,https://open.spotify.com/track/65UqfnMY0MRyuyUdl0RoNn,energetic,catalyst
3icRa3h1beeRHLbyu7MHii,MI MENTE,"TRXSHBXY, zxnc., Exsire",MI MENTE,8/15/2025,38,91586,https://open.spotify.com/track/3icRa3h1beeRHLbyu7MHii,energetic,mi mente
1VDJQrB5dLFQ4ATJPGwUyL,Brisa Morena,Flame Runner,Brisa Morena,8/15/2025,36,68000,https://open.spotify.com/track/1VDJQrB5dLFQ4ATJPGwUyL,energetic,brisa morena
0DkxMGV0TThX3LexlFOfOf,MONTAGEM LOLI,"RAIZHELL, 3GUNZ",MONTAGEM LOLI,7/25/2025,40,85384,https://open.spotify.com/track/0DkxMGV0TThX3LexlFOfOf,energetic,montagem loli
6daJttXxuT7rXcaVlHK3ER,GAMERBRO,"JO3Y3T, SANTØS",GAMERBRO,8/8/2025,37,268894,https://open.spotify.com/track/6daJttXxuT7rXcaVlHK3ER,energetic,gamerbro
7mF8kh1OlLFawmMD1taJLh,MONTAGEM MANDELA,"MXZI, Dj Samir, volkz",MONTAGEM MANDELA,7/23/2025,68,89593,https://open.spotify.com/track/7mF8kh1OlLFawmMD1taJLh,energetic,montagem mandela
7neUtP8a3PSGEFxckogm3t,MONTAGEM BALANCO,"Jeff Germita, MXTRO",MONTAGEM BALANCO,8/29/2025,36,92370,https://open.spotify.com/track/7neUtP8a3PSGEFxckogm3t,energetic,montagem balanco
673L0qWAnSB4kSDv6TjkG4,PASSA NÃO PASSA,"Zurvyy, DARKANASE",PASSA NÃO PASSA,7/18/2025,36,78821,https://open.spotify.com/track/673L0qWAnSB4kSDv6TjkG4,energetic,passa no passa
5yW3EHUoGT3Sk26QQ1flIj,ESPAÇO LIMINAL,"NXGHT!, Scythermane, MC Caja, KGJ",ESPAÇO LIMINAL,2/10/2025,52,115824,https://open.spotify.com/track/5yW3EHUoGT3Sk26QQ1flIj,energetic,espao liminal
1mfvWzF39LwVpAm8g0LhQT,MONTAGEM TOMADA - Slowed,MXZI,MONTAGEM TOMADA,3/21/2025,15,84901,https://open.spotify.com/track/1mfvWzF39LwVpAm8g0LhQT,energetic,montagem tomada slowed
42ghCoHgJVhpEFkzNpBmDe,ENAMORADA,"Sayfalse, SEKIMANE",ENAMORADA,4/4/2025,40,99959,https://open.spotify.com/track/42ghCoHgJVhpEFkzNpBmDe,energetic,enamorada
2neVidFOGpZcBlbgDoKIzy,LA CRIMINAL,"TRXSHBXY, Nxppy, SPIXLEX, NXDLS",LA CRIMINAL,8/1/2025,35,74366,https://open.spotify.com/track/2neVidFOGpZcBlbgDoKIzy,energetic,la criminal
1sAp0dNIJHq2qk2PtwazUg,Go Fast,prodwhite,Go Fast,5/16/2025,53,140312,https://open.spotify.com/track/1sAp0dNIJHq2qk2PtwazUg,energetic,go fast
4ALBjCoOOGRYCrBElu0eVr,FUNK MI CAMINO,"Sayfalse, Junior RCE",FUNK MI CAMINO,3/28/2025,69,80000,https://open.spotify.com/track/4ALBjCoOOGRYCrBElu0eVr,energetic,funk mi camino
6c3S8RrE30QQKG8TqwIAMG,MONTAGEM GREEN RENITCH V1,"Tsk.4, Fyex, Dj Samir",MONTAGEM GREEN RENITCH V1,3/12/2025,55,98192,https://open.spotify.com/track/6c3S8RrE30QQKG8TqwIAMG,energetic,montagem green renitch v1
60ohVhheQ88j5lxjqvEm98,EMOÇÕES MISTAS,"Scythermane, DJ FLORA, Nxxkz, Mxng0",EMOÇÕES MISTAS,3/26/2025,50,74543,https://open.spotify.com/track/60ohVhheQ88j5lxjqvEm98,energetic,emoes mistas
5XpcPZL5xKPW5y6gbvt8Ow,BRIKZ,Junior RCE,BRIKZ,3/20/2025,43,158918,https://open.spotify.com/track/5XpcPZL5xKPW5y6gbvt8Ow,energetic,brikz
5w2zjllKkZB8EAbvAxevOZ,TUCA,Levianth,TUCA,5/30/2025,30,151081,https://open.spotify.com/track/5w2zjllKkZB8EAbvAxevOZ,energetic,tuca
15XqpUFBka1lcmGoqeEfUu,NUNCA MUDA 2,"Scythermane, NXGHT!, SEKIMANE",NUNCA MUDA 2,3/2/2025,41,96317,https://open.spotify.com/track/15XqpUFBka1lcmGoqeEfUu,energetic,nunca muda 2
2E3cE3Ka2uYDlOBEP38UkR,BONITO ROUBO,"Scythermane, DJ LYVIXRA, Hugomasked",BONITO ROUBO,3/6/2025,65,97961,https://open.spotify.com/track/2E3cE3Ka2uYDlOBEP38UkR,energetic,bonito roubo
5ZOKCCq7mll7ngGzAky5DD,ECOS DO ABISMO - Super Slowed,"Flame Runner, ZIMXN",ECOS DO ABISMO,1/7/2025,0,126942,https://open.spotify.com/track/5ZOKCCq7mll7ngGzAky5DD,energetic,ecos do abismo super slowed
5fZZoFX4YueCXvzGhNm756,DISYERTO,ezcbr,DISYERTO,6/6/2025,14,211285,https://open.spotify.com/track/5fZZoFX4YueCXvzGhNm756,energetic,disyerto
6zEhGdM1Zn4g8Bw1VwXUET,ESSE CARA!,"Sayfalse, Scythermane, TRXSHBXY",ESSE CARA!,3/3/2025,54,64459,https://open.spotify.com/track/6zEhGdM1Zn4g8Bw1VwXUET,energetic,esse cara
22uoH7IBmh1XJL5PnnDRMZ,jumpstorm_01,S3BZS,jumpstorm_01,2/27/2025,33,86172,https://open.spotify.com/track/22uoH7IBmh1XJL5PnnDRMZ,energetic,jumpstorm01
18Y0ZCqkdAPBfsXqhmbaSM,CELERY,Junior RCE,CELERY,11/30/2024,45,128000,https://open.spotify.com/track/18Y0ZCqkdAPBfsXqhmbaSM,energetic,celery
7xPR4vHFYAE4YChYvbjLT8,MOG!,"Fyex, DJ Xero",MOG!,2/7/2025,35,131200,https://open.spotify.com/track/7xPR4vHFYAE4YChYvbjLT8,energetic,mog
2VvIALo87ok5seIcuOM6Qp,PUTA DA PEGA,"Rushex, Scythermane, Lurk",PUTA DA PEGA,2/17/2025,37,76124,https://open.spotify.com/track/2VvIALo87ok5seIcuOM6Qp,energetic,puta da pega
452N8bsapLMSsLnmrjoX52,DANÇA BRUXAS,"Scythermane, -Prey, DXN CHVLX",DANÇA BRUXAS,1/9/2025,36,81850,https://open.spotify.com/track/452N8bsapLMSsLnmrjoX52,energetic,dana bruxas
6Fp4Dn9VH3tG14wksPIzq8,LUZ DA TERRA - Slowed,"NXGHT!, Scythermane, DXN CHVLX",LUZ DA TERRA,2/20/2025,33,117390,https://open.spotify.com/track/6Fp4Dn9VH3tG14wksPIzq8,energetic,luz da terra slowed
1t1Ko5fJw2Pbd7C65nUKbO,CORRUPÇÃO FUNK,"zxnc., DARKANASE, NTPV",CORRUPÇÃO FUNK,1/27/2025,60,134526,https://open.spotify.com/track/1t1Ko5fJw2Pbd7C65nUKbO,energetic,corrupo funk
4M2xAAnTCziNFNbFD0OxuE,FORÇA PESADA,"Sayfalse, TRXSHBXY, Scythermane, MELIZA",FORÇA PESADA,2/26/2025,39,70968,https://open.spotify.com/track/4M2xAAnTCziNFNbFD0OxuE,energetic,fora pesada
6lxU7cQAGD1gl2H1Ysvy6o,DECEITFUL,"509 $icario, Trihoof",DECEITFUL,2/13/2025,25,143225,https://open.spotify.com/track/6lxU7cQAGD1gl2H1Ysvy6o,energetic,deceitful
4hofTeWUg9tuBSoWKF49SB,Calor En Piel,"JXNDRO, trusteki",Calor En Piel,7/4/2025,33,96795,https://open.spotify.com/track/4hofTeWUg9tuBSoWKF49SB,energetic,calor en piel
0v74STQ7hOxvJzR5eBugpX,RAIO ROXO,"zxnc., KREZUS, BLXXDMANE",RAIO ROXO,5/30/2025,36,86812,https://open.spotify.com/track/0v74STQ7hOxvJzR5eBugpX,energetic,raio roxo
6tVup01dQpMwNg5V9VNxJN,COMETA ESTELAR,"Sayfalse, Fyex, FXRR",COMETA ESTELAR,5/30/2025,51,100312,https://open.spotify.com/track/6tVup01dQpMwNg5V9VNxJN,energetic,cometa estelar
72RJAAUHgbovApWePPg3yD,FUNK WITH ME,"GOLDKID$, ya boi ivan, WXRMANE",FUNK WITH ME,2/7/2025,0,87735,https://open.spotify.com/track/72RJAAUHgbovApWePPg3yD,energetic,funk with me
56aJO1W4759nInY3N7kNeG,FUNK SADICO,h6itam,FUNK SADICO,2/7/2025,34,80727,https://open.spotify.com/track/56aJO1W4759nInY3N7kNeG,energetic,funk sadico
4T0xjSACqyzxbIvl2kNNvR,Mingle Game Funk,"SERAPHIX, GOLDKID$, TRXSHBXY, acronym.",Mingle Game Funk,1/10/2025,35,87272,https://open.spotify.com/track/4T0xjSACqyzxbIvl2kNNvR,energetic,mingle game funk
4G4MFwj2ZLQPvlRoeiKhLk,BEAUTIFUL,cqz,BEAUTIFUL,5/30/2025,35,110896,https://open.spotify.com/track/4G4MFwj2ZLQPvlRoeiKhLk,energetic,beautiful
4C7sAnXIZkedtFvemkWoO2,LUTA DE CAO,"Scythermane, $YANIC, SEKIMANE, Lurk",LUTA DE CAO,5/29/2025,45,87808,https://open.spotify.com/track/4C7sAnXIZkedtFvemkWoO2,energetic,luta de cao
49KTJnJilpEhCMph9gIUHk,ENERGIA OCULTA - Super Slowed,"Flame Runner, ZIMXN",ENERGIA OCULTA,1/22/2025,37,102461,https://open.spotify.com/track/49KTJnJilpEhCMph9gIUHk,energetic,energia oculta super slowed
6Fd7vc0nG6ILbEn5F53ebI,FICA LOUCA,Zurvyy,FICA LOUCA,7/4/2025,58,74783,https://open.spotify.com/track/6Fd7vc0nG6ILbEn5F53ebI,energetic,fica louca
5Vuq8CP31cpEEq5zNJCjUN,JOGO DE TOLOS,"Scythermane, luc wall, Lurk",JOGO DE TOLOS,9/13/2024,64,70400,https://open.spotify.com/track/5Vuq8CP31cpEEq5zNJCjUN,energetic,jogo de tolos
3Ervw3EJ3PBVXDpITBMyBg,SOL LETAL!,"Sayfalse, TESOROX, MAEVE",SOL LETAL!,5/28/2025,46,92093,https://open.spotify.com/track/3Ervw3EJ3PBVXDpITBMyBg,energetic,sol letal
6PY27hWzYflSQlEswJO7Kf,AURORA,"RushLow, Sayfalse",AURORA,5/28/2025,41,90592,https://open.spotify.com/track/6PY27hWzYflSQlEswJO7Kf,energetic,aurora
4aiqNP7SGhhYWUPoxiN7Bx,BUFÓN!,"Scythermane, NXVAMANE, LXKERSON",BUFÓN!,10/4/2024,52,71407,https://open.spotify.com/track/4aiqNP7SGhhYWUPoxiN7Bx,energetic,bufn
2Lw7g1PjEn5PUf6UNGkuEM,DIA VERAO,"ARXF, ZIMXN",DIA VERAO,5/23/2025,56,75701,https://open.spotify.com/track/2Lw7g1PjEn5PUf6UNGkuEM,energetic,dia verao
4igtJAFjsiXjf4nkB2Wk79,Wir reißen die Hütte ab! (HARDTEKK),Flame Runner,Wir reißen die Hütte ab! (HARDTEKK),5/23/2025,29,75659,https://open.spotify.com/track/4igtJAFjsiXjf4nkB2Wk79,energetic,wir reien die htte ab hardtekk
2wTYgEuv06QasBGNHorPtm,Montagem Cósmico Esmeralda 1.0,SERAPHIX,Montagem Cósmico Esmeralda 1.0,2/21/2025,0,95100,https://open.spotify.com/track/2wTYgEuv06QasBGNHorPtm,energetic,montagem csmico esmeralda 10
2XvJb6kUogoWD2jkYvaNtg,DERIVA MALÍCIA,#NAME?,DERIVA MALÍCIA,11/27/2024,51,63706,https://open.spotify.com/track/2XvJb6kUogoWD2jkYvaNtg,energetic,deriva malcia
4YlADjgAbrUNYR1cxvmwly,MONTAGEM SOMBRIA,HXI,MONTAGEM SOMBRIA,5/23/2025,28,102857,https://open.spotify.com/track/4YlADjgAbrUNYR1cxvmwly,energetic,montagem sombria
51tLh7NfIwkypCUJWG4FFk,MONTAGEM CALIENTE,"LVGHTER, VOUSI, TRVNSPORTER",MONTAGEM CALIENTE,5/23/2025,33,82788,https://open.spotify.com/track/51tLh7NfIwkypCUJWG4FFk,energetic,montagem caliente
4aT2W9wchQKAimxVFSRIva,SPOOKY,"fennecxx, DJ ALEX",SPOOKY,10/24/2024,75,96923,https://open.spotify.com/track/4aT2W9wchQKAimxVFSRIva,energetic,spooky
3ZlaUJFEyiC0pGizbb6vrh,Laten En Mi Corazón,Flame Runner,Laten En Mi Corazón,5/21/2025,40,84461,https://open.spotify.com/track/3ZlaUJFEyiC0pGizbb6vrh,energetic,laten en mi corazn
3YqYYsN8EOMvZ6CP7J1s2t,SQUID GAME FUNK - Super Slowed,"Lyke, ßino, Sayfalse",SQUID GAME FUNK,1/17/2025,38,84089,https://open.spotify.com/track/3YqYYsN8EOMvZ6CP7J1s2t,energetic,squid game funk super slowed
0RhhVZcfAkRJFAQDVMthYt,HIPNOTIZE ME,"Scythermane, Nxxkz, dearukia",HIPNOTIZE ME,5/20/2025,40,84256,https://open.spotify.com/track/0RhhVZcfAkRJFAQDVMthYt,energetic,hipnotize me
72KvCe8XNNzxB53aFtVmU5,QUE PASA,"Nxxkz, Fyex, Dj Samir",QUE PASA,5/16/2025,52,92341,https://open.spotify.com/track/72KvCe8XNNzxB53aFtVmU5,energetic,que pasa
0cuQ7mi8kaMCZg8EDLU3Cd,Ritmo Forte,MadMikey,Ritmo Forte,9/5/2025,17,87272,https://open.spotify.com/track/0cuQ7mi8kaMCZg8EDLU3Cd,energetic,ritmo forte
1AlNvlZyVgBvTyRDbjCy3A,TITAN! - Ultra Slowed,GXMZ,TITAN!,1/17/2025,0,103839,https://open.spotify.com/track/1AlNvlZyVgBvTyRDbjCy3A,energetic,titan ultra slowed
0tB0ftpV2CsMJIB5HPVTCL,FRUTA BAIXA,"Fyex, Scythermane, LXKERSON",FRUTA BAIXA,1/15/2025,37,79134,https://open.spotify.com/track/0tB0ftpV2CsMJIB5HPVTCL,energetic,fruta baixa
1hcTs55Do0dzfuXQvxr7bD,ESTA NOCHE,"TRXVELER, WHALEMANE",ESTA NOCHE,5/16/2025,45,81924,https://open.spotify.com/track/1hcTs55Do0dzfuXQvxr7bD,energetic,esta noche
5ftgZqfOngakierZ6McLdF,SHUT YO MOUTH,DEADRAP,SHUT YO MOUTH,7/12/2024,17,123878,https://open.spotify.com/track/5ftgZqfOngakierZ6McLdF,energetic,shut yo mouth
5Otpax5LGvsQtYHZvDyUic,Deseo Ardiente,"Flame Runner, RONVXER, QMIIR",Deseo Ardiente,5/16/2025,41,84000,https://open.spotify.com/track/5Otpax5LGvsQtYHZvDyUic,energetic,deseo ardiente
6I76SUAeOwwcthmjDdr8H4,MONTAGEM CANTANDO,CHASHKAKEFIRA,MONTAGEM CANTANDO,5/16/2025,55,86162,https://open.spotify.com/track/6I76SUAeOwwcthmjDdr8H4,energetic,montagem cantando
3SKJV7f7aR7JT1XGkPcwBM,PASO DO PASO,"Zurvyy, NEKKZI, MC LONE",PASO DO PASO,11/15/2024,39,77343,https://open.spotify.com/track/3SKJV7f7aR7JT1XGkPcwBM,energetic,paso do paso
3XxD5JrIn5BbcbEzzc1GPR,NÃO ESQUEÇA,"bxkq, tawsogar, melxnely",NÃO ESQUEÇA,5/16/2025,32,78620,https://open.spotify.com/track/3XxD5JrIn5BbcbEzzc1GPR,energetic,no esquea
77cHuIaE1XRpNkPWBil4P0,DE LA LUNA,"bxkq, PXLWYSE, ShvSpy",DE LA LUNA,5/13/2025,38,91312,https://open.spotify.com/track/77cHuIaE1XRpNkPWBil4P0,energetic,de la luna
4fibz2MtYc8Vh7SpB9PdHx,MANGO ARC FUNK,nikenmar,MANGO ARC FUNK,11/3/2024,27,64000,https://open.spotify.com/track/4fibz2MtYc8Vh7SpB9PdHx,energetic,mango arc funk
166BJ1qwh0uxjj03XBetnq,CANTA LA,"TRXSHBXY, Nxppy, CLASYXX, Fyex",CANTA LA,5/9/2025,57,89160,https://open.spotify.com/track/166BJ1qwh0uxjj03XBetnq,energetic,canta la
6dKy25NqzWWBIavif4SLtq,AMOR INCONTROLABLE,"Yb Wasg'ood, Scythermane, PUNXO",AMOR INCONTROLABLE,5/9/2025,35,74769,https://open.spotify.com/track/6dKy25NqzWWBIavif4SLtq,energetic,amor incontrolable
6O5ZFEC5nYONC96941QZGb,X-PRIME,"Dj Samir, Sayfalse, acronym.",X-PRIME,8/22/2024,53,92919,https://open.spotify.com/track/6O5ZFEC5nYONC96941QZGb,energetic,xprime
0G0zd4vKMUsqUoWGmQTGXQ,NAO DESISTA,"SCHWVFTY, Fyex",NAO DESISTA,2/26/2025,34,87961,https://open.spotify.com/track/0G0zd4vKMUsqUoWGmQTGXQ,energetic,nao desista
109k7PsqwphISq39q9b2kN,OCEANO BRISA,"Scythermane, EVILDXER, bxkq",OCEANO BRISA,5/9/2025,35,88774,https://open.spotify.com/track/109k7PsqwphISq39q9b2kN,energetic,oceano brisa
6rdIv4GYjMuWKUv8FHbx8b,TOM VAI TADO,"yngastrobeatz., PXLWYSE",TOM VAI TADO,5/9/2025,30,76634,https://open.spotify.com/track/6rdIv4GYjMuWKUv8FHbx8b,energetic,tom vai tado
6Bnq4Cnq5bRd5jNUvSsWor,Noche Eterna,"Flame Runner, RVNGE",Noche Eterna,5/9/2025,63,91533,https://open.spotify.com/track/6Bnq4Cnq5bRd5jNUvSsWor,energetic,noche eterna
4aYk5LtFUt2bxTk59fy5Mj,SOMBRAS ETERNAS - Super Slowed,"Flame Runner, ZIMXN, acronym.",SOMBRAS ETERNAS,2/22/2025,38,97514,https://open.spotify.com/track/4aYk5LtFUt2bxTk59fy5Mj,energetic,sombras eternas super slowed
5XlinMYcyGKFeiadtXYNHG,DEADZONE,Misfit,DEADZONE,8/22/2025,25,196615,https://open.spotify.com/track/5XlinMYcyGKFeiadtXYNHG,energetic,deadzone
4fqdWH9VCU8AeNYiWbrDn1,FUNK PARANORMAL,h6itam,FUNK PARANORMAL,2/21/2025,28,76000,https://open.spotify.com/track/4fqdWH9VCU8AeNYiWbrDn1,energetic,funk paranormal
2Ed8m3Hun0n3mII37qp0dW,MONTAGEM PRIVADO,TRXVELER,MONTAGEM PRIVADO,5/9/2025,32,84459,https://open.spotify.com/track/2Ed8m3Hun0n3mII37qp0dW,energetic,montagem privado
5eNCvCeKGDbQG3nlsKiRnm,SUEÑO MARINO,"Sayfalse, KPHK, KREZUS",SUEÑO MARINO,5/9/2025,37,73848,https://open.spotify.com/track/5eNCvCeKGDbQG3nlsKiRnm,energetic,sueo marino
692iXlh2wirGEhOP7u9OLj,FUEGO LENTO,"Sayfalse, FXRST, Yb Wasg'ood",FUEGO LENTO,5/8/2025,39,82153,https://open.spotify.com/track/692iXlh2wirGEhOP7u9OLj,energetic,fuego lento
4PnxFTEEMbbLjYHuCnJUri,SHOWSTOPPER FREESTYLE,WHITENOISE,POŁUDNIOWA GOŚCINNOŚĆ,5/30/2025,17,126015,https://open.spotify.com/track/4PnxFTEEMbbLjYHuCnJUri,energetic,showstopper freestyle
2c57uZ9pidmITk4FU01Y07,MONTAGEM QUEDATE,"Flame Runner, JXNDRO, PANDA!",MONTAGEM QUEDATE,5/2/2025,42,90461,https://open.spotify.com/track/2c57uZ9pidmITk4FU01Y07,energetic,montagem quedate
4y6MeE9CKqa7XQDCROPfNx,MONTAGEM NO PUEDO,"TRXSHBXY, Exsire, Prost",MONTAGEM NO PUEDO,5/2/2025,31,84017,https://open.spotify.com/track/4y6MeE9CKqa7XQDCROPfNx,energetic,montagem no puedo
0AcXLkiH9H0cgwgcFZElBh,JUMPY,"NØ FXCE, acronym.",JUMPY,5/2/2025,30,69523,https://open.spotify.com/track/0AcXLkiH9H0cgwgcFZElBh,energetic,jumpy
5EtkN0ljRmH5jWBvL3owvW,LAS HORAS,bxkq,LAS HORAS,5/2/2025,26,97903,https://open.spotify.com/track/5EtkN0ljRmH5jWBvL3owvW,energetic,las horas
4ovwPha9v0i9qMP2dQB1XS,MALVADA,Frnc$,MALVADA,5/2/2025,23,88850,https://open.spotify.com/track/4ovwPha9v0i9qMP2dQB1XS,energetic,malvada
09n1t9XFlb4PEaSOIBTXF7,FUNK PAIXÃO,NOH.$,FUNK PAIXÃO,5/2/2025,23,112293,https://open.spotify.com/track/09n1t9XFlb4PEaSOIBTXF7,energetic,funk paixo
5n0F3BaTyAzgr7zBEXoUWg,Pasos De Fuego,"Flame Runner, JXNDRO",Pasos De Fuego,4/30/2025,61,111840,https://open.spotify.com/track/5n0F3BaTyAzgr7zBEXoUWg,energetic,pasos de fuego
3hUsD1C1AR79gJczJoeap3,A BELA ROSA,"Scythermane, $YANIC, Nxxkz, Lurk",A BELA ROSA,4/30/2025,42,103297,https://open.spotify.com/track/3hUsD1C1AR79gJczJoeap3,energetic,a bela rosa
6ngDffw8RiwDxmmgpTlypZ,FÉ PERDIDA,"Scythermane, Nakama",FÉ PERDIDA,4/29/2025,37,94222,https://open.spotify.com/track/6ngDffw8RiwDxmmgpTlypZ,energetic,f perdida
6KENQE4FZuf2TGeU8xDv09,TOMA ALTURA,"ARXF, Sayfalse",TOMA ALTURA,4/25/2025,51,85894,https://open.spotify.com/track/6KENQE4FZuf2TGeU8xDv09,energetic,toma altura
1kmSd5kmmv6pCSCvYBnNbl,AL NACER!,"Sayfalse, Nulteex",AL NACER!,4/25/2025,73,108656,https://open.spotify.com/track/1kmSd5kmmv6pCSCvYBnNbl,energetic,al nacer
5iYLar6chab91e63G6yTkC,AS CHAMAS,"Scythermane, DJ LYVIXRA, Lurk, MC Fabinho da Osk",AS CHAMAS,2/21/2025,34,72182,https://open.spotify.com/track/5iYLar6chab91e63G6yTkC,energetic,as chamas
3xjhHU1snuIq41Klkj2VVl,ON THE FLOOR ULTRAFUNK,"KPHK, gymcore, HÄRKÄ",ON THE FLOOR ULTRAFUNK,10/18/2024,29,135517,https://open.spotify.com/track/3xjhHU1snuIq41Klkj2VVl,energetic,on the floor ultrafunk
6BuB8dzxIclK31T7z2ppLg,LIKE ME,MGEE,LIKE ME,8/17/2023,56,143811,https://open.spotify.com/track/6BuB8dzxIclK31T7z2ppLg,energetic,like me
3dV079ZyIliIbkr8C8iHIy,MANHOSO,"DJ Javi26, Scythermane, DXN CHVLX",MANHOSO,11/15/2024,22,67285,https://open.spotify.com/track/3dV079ZyIliIbkr8C8iHIy,energetic,manhoso
2GlqNtKxd8fXSCA4krSUDk,Untitled Funk,"TRXSHBXY, Sayfalse",Untitled Funk,12/27/2024,36,134745,https://open.spotify.com/track/2GlqNtKxd8fXSCA4krSUDk,energetic,untitled funk
27cbxGTzeC1QFL03ZdbOz6,jump374.exe,Livestep,jump374.exe,2/14/2025,26,104747,https://open.spotify.com/track/27cbxGTzeC1QFL03ZdbOz6,energetic,jump374exe
6N2i63NdSbvZ98wW1nR0Z5,OH MAH GAH!,"SH3RWIN, viralune, MC LONE",OH MAH GAH!,2/14/2025,34,91038,https://open.spotify.com/track/6N2i63NdSbvZ98wW1nR0Z5,energetic,oh mah gah
0yLBwnMUNkK8YWyFfybDHf,FUNK HIPNÓTICA EUPHORIA,NOH.$,FUNK HIPNÓTICA EUPHORIA,12/27/2024,16,109096,https://open.spotify.com/track/0yLBwnMUNkK8YWyFfybDHf,energetic,funk hipntica euphoria
6ifAq1NOs7KgwdaTCBIVIS,SHOUN,"MagisterPhonk, Riversmelt",SHOUN,2/14/2025,18,81230,https://open.spotify.com/track/6ifAq1NOs7KgwdaTCBIVIS,energetic,shoun
0HwsHvj2uKuPwRVo9YyTJr,RITMO MI GENTE,"Fyex, Dj Samir, acronym.",RITMO MI GENTE,11/8/2024,26,106423,https://open.spotify.com/track/0HwsHvj2uKuPwRVo9YyTJr,energetic,ritmo mi gente
5wEfurU6xhGlRDHNqREta9,HIDE AND SEEK FUNK,Kødezer0,HIDE AND SEEK FUNK,2/14/2025,16,126857,https://open.spotify.com/track/5wEfurU6xhGlRDHNqREta9,energetic,hide and seek funk
0bxOM73h6EQpWU5ZGPJGzX,Luxid,"YOUTHISENDING, Xhounen",Luxid,12/27/2024,23,118308,https://open.spotify.com/track/0bxOM73h6EQpWU5ZGPJGzX,energetic,luxid
5xmb9mHCBwCA1cjn2BqAHc,Slide De Vorada - Hardstyle,XI$OW,Slide De Vorada - Hardstyle,2/7/2025,16,90861,https://open.spotify.com/track/5xmb9mHCBwCA1cjn2BqAHc,energetic,slide de vorada hardstyle
4ZGvUQYN6cjevdMMfJFqBm,UPA UPA,trusteki,UPA UPA,10/18/2024,16,96013,https://open.spotify.com/track/4ZGvUQYN6cjevdMMfJFqBm,energetic,upa upa
4ShPWfBELAPjVlBLSlIF8i,DUBLE NO DANÇA,"nikenmar, MC LONE",DUBLE NO DANÇA,12/20/2024,16,74545,https://open.spotify.com/track/4ShPWfBELAPjVlBLSlIF8i,energetic,duble no dana
67p84KcATwZhaNxDc0e8Pa,FUNK DE SLIDE CELESTIAL,PVNTERX,FUNK DE SLIDE CELESTIAL,10/18/2024,18,109718,https://open.spotify.com/track/67p84KcATwZhaNxDc0e8Pa,energetic,funk de slide celestial
17s4fizWGWGSKHNhGZXJyX,FUNK É VIDA,PAPAFUNK,FUNK É VIDA,8/12/2025,18,81000,https://open.spotify.com/track/17s4fizWGWGSKHNhGZXJyX,energetic,funk vida
4uUPVpgkB66jOn0NNqxPUp,SAMURI!,Corb Schemitz,SAMURI!,1/12/2025,11,113767,https://open.spotify.com/track/4uUPVpgkB66jOn0NNqxPUp,energetic,samuri
36gbhu9hn8YZIBI4XLlHXq,18 Miles,"Phonknight, leah julia",18 Miles,1/24/2025,15,139200,https://open.spotify.com/track/36gbhu9hn8YZIBI4XLlHXq,energetic,18 miles
2zp2drU33R2txBRMPe2wIx,Resurrect,Roby Koenigs,Resurrect,12/20/2024,0,135975,https://open.spotify.com/track/2zp2drU33R2txBRMPe2wIx,energetic,resurrect
3Cu4JuQ03JgsbUUgmGum2Z,FUNK ALBINO,h6itam,FUNK ALBINO,1/24/2025,28,68302,https://open.spotify.com/track/3Cu4JuQ03JgsbUUgmGum2Z,energetic,funk albino
1br5rNsLc0sufDnVSx24qZ,INFINIDADE,farofinat beats,INFINIDADE,1/31/2025,14,76624,https://open.spotify.com/track/1br5rNsLc0sufDnVSx24qZ,energetic,infinidade
2o4DJWEj7Rxi84GEooNCg4,AUTOMOTIVO NOSTALGIA RITMO,LOSTVPE,AUTOMOTIVO NOSTALGIA RITMO,1/31/2025,13,108850,https://open.spotify.com/track/2o4DJWEj7Rxi84GEooNCg4,energetic,automotivo nostalgia ritmo
77ETVG9Ifq4Hxhv9O2SgR2,DANÇA DE ALIANA,"prodbydxm, PYTT NB27E",DANÇA DE ALIANA,12/6/2024,16,81230,https://open.spotify.com/track/77ETVG9Ifq4Hxhv9O2SgR2,energetic,dana de aliana
7BVUJegn01HSsrHCByr6xH,O SOM DA ELETRÔNICA,"GolzX, PLAYA SSK",O SOM DA ELETRÔNICA,1/31/2025,13,84923,https://open.spotify.com/track/7BVUJegn01HSsrHCByr6xH,energetic,o som da eletrnica
46sLiP9ggR57bNWIPMUgTI,X-REFORÇA,"AzuriusS, drwxx",X-REFORÇA,1/31/2025,13,87428,https://open.spotify.com/track/46sLiP9ggR57bNWIPMUgTI,energetic,xrefora
0vEX8ByhmDp7mIy6314H9G,NOCTURNUS,viralune,NOCTURNUS,12/20/2024,17,108607,https://open.spotify.com/track/0vEX8ByhmDp7mIy6314H9G,energetic,nocturnus
7wJqNDQraeQnuWg7LoPJ5Y,EH VAPO,Phonknight,EH VAPO,1/31/2025,15,94090,https://open.spotify.com/track/7wJqNDQraeQnuWg7LoPJ5Y,energetic,eh vapo
05u03WRVHcu18303266jBz,AWAKE FUNK,"drwxx, Frnc$, Mxnvra",AWAKE FUNK,1/31/2025,15,96084,https://open.spotify.com/track/05u03WRVHcu18303266jBz,energetic,awake funk
1CsPKquEfBOvVbGMwDcEwZ,NOTHING TO LOSE,DannZeth,NOTHING TO LOSE,1/31/2025,15,102861,https://open.spotify.com/track/1CsPKquEfBOvVbGMwDcEwZ,energetic,nothing to lose
1OSmzjLdSYweAb7dkmYKSK,DESERT TEMPLE,"viralune, Habentub",DESERT TEMPLE,12/6/2024,15,92543,https://open.spotify.com/track/1OSmzjLdSYweAb7dkmYKSK,energetic,desert temple
2qeHj1dgo9PHo4E6Ch8Vd2,ENERGIA OCULTA,"Flame Runner, ZIMXN",ENERGIA OCULTA,1/22/2025,16,84000,https://open.spotify.com/track/2qeHj1dgo9PHo4E6Ch8Vd2,energetic,energia oculta
4nq6fBN8KXMeQmApjwTFmJ,FADED!,"TEENWXVE, RZXT!, DannZeth",FADED!,12/6/2024,22,127022,https://open.spotify.com/track/4nq6fBN8KXMeQmApjwTFmJ,energetic,faded
0paSo1weRVEVHWQqznYP8q,Novo,ashka,Novo,1/31/2025,0,76741,https://open.spotify.com/track/0paSo1weRVEVHWQqznYP8q,energetic,novo
1PGvZ6Utc5rKb5sd2tLjqq,Silly Party (Slowed),inxky,Silly Party,11/22/2024,40,106677,https://open.spotify.com/track/1PGvZ6Utc5rKb5sd2tLjqq,energetic,silly party slowed
5XQsxw3VgzxvSsYEGZpK7f,Joga Da Fode,Dj Adde,Joga Da Fode,11/8/2024,17,86533,https://open.spotify.com/track/5XQsxw3VgzxvSsYEGZpK7f,energetic,joga da fode
5TkFp6AkhAFfXbWB1XcR3l,TALA MAÕ,"prodbydxm, PYTT NB27E",TALA MAÕ,12/20/2024,14,90461,https://open.spotify.com/track/5TkFp6AkhAFfXbWB1XcR3l,energetic,tala ma
1QiSEgq7C7X3QwHdFvbwd5,IDK FUNK 2,FXRCEMVNX,IDK FUNK 2,12/13/2024,13,70285,https://open.spotify.com/track/1QiSEgq7C7X3QwHdFvbwd5,energetic,idk funk 2
4DglanPhi0E2Obn8bCgTSV,X-Botadao,"Phonknight, Erigoth",X-Botadao,12/13/2024,14,121043,https://open.spotify.com/track/4DglanPhi0E2Obn8bCgTSV,energetic,xbotadao
7fa2YqDvAVLlt9u981fEO6,SUKUNA FUNK,"KPHK, NVXUS",SUKUNA FUNK,12/13/2024,17,96000,https://open.spotify.com/track/7fa2YqDvAVLlt9u981fEO6,energetic,sukuna funk
0PPgNNfMNa5MMaUA3QrRvk,JOTA FUNK,"Sayfalse, TRXSHBXY, WXRMANE",JOTA FUNK,11/18/2024,22,73388,https://open.spotify.com/track/0PPgNNfMNa5MMaUA3QrRvk,energetic,jota funk
2l6ZnWLwjG2DU1GZQVbHhL,ENCHANTMENT,POLARMANE,ENCHANTMENT,12/13/2024,14,89151,https://open.spotify.com/track/2l6ZnWLwjG2DU1GZQVbHhL,energetic,enchantment
1Tnm92c4lFr55bbbEwDESR,smeric,"drwxx, Zurvyy",smeric,12/13/2024,19,69000,https://open.spotify.com/track/1Tnm92c4lFr55bbbEwDESR,energetic,smeric
0jJrztcnw9xq60gVLhhWdM,MILKY WAY,"CHVRØN, SIXQUEET",MILKY WAY,11/29/2024,16,115514,https://open.spotify.com/track/0jJrztcnw9xq60gVLhhWdM,energetic,milky way
0ryb3v84pYGs2u17jPhO6E,X-REVO,"GEXUS, SXULTAPE VISION",X-REVO,11/29/2024,0,105111,https://open.spotify.com/track/0ryb3v84pYGs2u17jPhO6E,energetic,xrevo
1IlwvsDtcv6rNofzkBRiFz,Three Stars Funk,SCREWBOY,Three Stars Funk,12/13/2024,16,142400,https://open.spotify.com/track/1IlwvsDtcv6rNofzkBRiFz,energetic,three stars funk
0g7rEbFkFBZ4tG96NPhtUf,MONTAGEM SOLO SQUAD,NVXUS,MONTAGEM SOLO SQUAD,12/20/2024,14,84923,https://open.spotify.com/track/0g7rEbFkFBZ4tG96NPhtUf,energetic,montagem solo squad
1yxM5S3Rjzu6aVZyCHCb7s,LANÇA PERFUME,"prodbydxm, PYTT NB27E, xxfrvx",LANÇA PERFUME,12/13/2024,14,96000,https://open.spotify.com/track/1yxM5S3Rjzu6aVZyCHCb7s,energetic,lana perfume
34ei0LHBVpRf14mtTNoYXZ,JOTA FUNK - Slowed,"Sayfalse, TRXSHBXY, WXRMANE",JOTA FUNK,11/18/2024,28,88816,https://open.spotify.com/track/34ei0LHBVpRf14mtTNoYXZ,energetic,jota funk slowed
68zihSz7C6ldzTP1Ez5s1H,Where Did Everyone Go,inxky,Where Did Everyone Go,12/6/2024,21,118158,https://open.spotify.com/track/68zihSz7C6ldzTP1Ez5s1H,energetic,where did everyone go
0io16MKpbeDIdYzmGpQaES,Embrace It,Ndotz,Embrace It,8/23/2024,76,104418,https://open.spotify.com/track/0io16MKpbeDIdYzmGpQaES,energetic,embrace it
5HMKmvefjx5eMJjKMlS9wY,Melodia Proibidão,"Habentub, VYRØN",Melodia Proibidão,11/8/2024,21,151461,https://open.spotify.com/track/5HMKmvefjx5eMJjKMlS9wY,energetic,melodia proibido
2Sk8TfCds1uGIqUoMTfhic,WINTER,$intec,WINTER,11/29/2024,15,125562,https://open.spotify.com/track/2Sk8TfCds1uGIqUoMTfhic,energetic,winter
0diMtm4sdbwRTby0lTJ3id,UNDER CONTROL PR FUNK,"gymcore, KPHK, HÄRKÄ",UNDER CONTROL PR FUNK,10/25/2024,15,93333,https://open.spotify.com/track/0diMtm4sdbwRTby0lTJ3id,energetic,under control pr funk
5lIayMwlliq6Kimy1AObnF,CASTLE,viralune,CASTLE,11/29/2024,15,124361,https://open.spotify.com/track/5lIayMwlliq6Kimy1AObnF,energetic,castle
4luEFYkMrn8j0tZK0BRY4I,SLIDE DE TEMPESTADE - SLOWED,"TRXVELER, Y1LIAS, acronym.",SLIDE DE TEMPESTADE,10/25/2024,27,93331,https://open.spotify.com/track/4luEFYkMrn8j0tZK0BRY4I,energetic,slide de tempestade slowed
4bY8JHHA8iw73rE82BOlLB,DERIVA MALÍCIA - Slowed,#NAME?,DERIVA MALÍCIA,11/27/2024,39,70785,https://open.spotify.com/track/4bY8JHHA8iw73rE82BOlLB,energetic,deriva malcia slowed
1QveEJPiyCQGHz5YIqkI8p,X-Hipnótica,Xhounen,X-Hipnótica,11/22/2024,14,91850,https://open.spotify.com/track/1QveEJPiyCQGHz5YIqkI8p,energetic,xhipntica
0smUZksjsWINxW5QPxB9EX,QUE SE FODA,"KPHK, MC LONE",QUE SE FODA,11/22/2024,16,83076,https://open.spotify.com/track/0smUZksjsWINxW5QPxB9EX,energetic,que se foda
4hu78JbYoSgQAoljXouDyP,HOJE E PIRU!,"Chronxs, Hiderest",HOJE E PIRU!,11/22/2024,17,84673,https://open.spotify.com/track/4hu78JbYoSgQAoljXouDyP,energetic,hoje e piru
2LQFNDTxi1OTjIXMTfTHfR,XONAR,"Fyex, Sayfalse, acronym.",XONAR,7/26/2024,34,86783,https://open.spotify.com/track/2LQFNDTxi1OTjIXMTfTHfR,energetic,xonar
1EelYKAsmW8MJzJ7LJng8S,INFERNO BRASIL,"DYNAMIS, HXDES",INFERNO BRASIL,10/25/2024,15,127455,https://open.spotify.com/track/1EelYKAsmW8MJzJ7LJng8S,energetic,inferno brasil
1dMP2KLAMdKQg8fpnDxykD,BACHIDA FUNK,"DMNTL, justforgetme, RezaDead",BACHIDA FUNK,3/14/2025,18,107081,https://open.spotify.com/track/1dMP2KLAMdKQg8fpnDxykD,energetic,bachida funk
6Tv6OaQxmR7sI081tWmN2y,BUFÓN! - TikTok Version,"Scythermane, NXVAMANE, LXKERSON",BUFÓN! - TikTok Version,10/16/2024,59,110363,https://open.spotify.com/track/6Tv6OaQxmR7sI081tWmN2y,energetic,bufn tiktok version
7u9PvtZRMQKFrvJtgCDWko,FINE DAY FUNK,POLARMANE,FINE DAY FUNK,11/22/2024,15,86049,https://open.spotify.com/track/7u9PvtZRMQKFrvJtgCDWko,energetic,fine day funk
6Jox6JsAaylWLB3v1x6fSb,SAY IT FUNK,"DEN YARA, CRÈME",SAY IT FUNK,11/8/2024,22,134000,https://open.spotify.com/track/6Jox6JsAaylWLB3v1x6fSb,energetic,say it funk
2LSz6XBXEKRP2KvYASdGAu,EMPRESS,KXRSED,EMPRESS,10/25/2024,15,108923,https://open.spotify.com/track/2LSz6XBXEKRP2KvYASdGAu,energetic,empress
6R102MfP9msBbNb2Es8R6z,TETRIS ULTRAFUNK,"nikenmar, KPHK",TETRIS ULTRAFUNK,11/8/2024,16,103384,https://open.spotify.com/track/6R102MfP9msBbNb2Es8R6z,energetic,tetris ultrafunk
6PJdljwrOJxcgb3SCDReko,AWAKENED,"FXV3LA, TESOROX",AWAKENED,11/1/2024,15,129000,https://open.spotify.com/track/6PJdljwrOJxcgb3SCDReko,energetic,awakened
0eRF5rBsNAJd0p4d9qcEJ2,AZTEC,"DJ UN1TXZ, !Nxght",AZTEC,11/1/2024,18,108705,https://open.spotify.com/track/0eRF5rBsNAJd0p4d9qcEJ2,energetic,aztec
4JHTLaVigjKN7aDe0qHQ9h,MTG BROKEN FLAME,"Habentub, Jason Paris",MTG BROKEN FLAME,10/18/2024,21,132167,https://open.spotify.com/track/4JHTLaVigjKN7aDe0qHQ9h,energetic,mtg broken flame
4RTgDavYGmRmORVyXAVqpr,GET UP!,"PANDA!, ADME",GET UP!,10/25/2024,13,77343,https://open.spotify.com/track/4RTgDavYGmRmORVyXAVqpr,energetic,get up
72GVH13eXREZBID7Sps9dy,Winter Arc - Slowed,viralune,Winter Arc,10/4/2024,31,148510,https://open.spotify.com/track/72GVH13eXREZBID7Sps9dy,energetic,winter arc slowed
4X4Ml2HOJKW5fm3v4W5Nd7,MELODIA UNIVERSAL (Slowed),"NEOVERS, 4NT, Zestee",MELODIA UNIVERSAL (Extended),10/25/2024,14,131735,https://open.spotify.com/track/4X4Ml2HOJKW5fm3v4W5Nd7,energetic,melodia universal slowed
1P7FWdqAvbgvptNgVIdcO7,PERFETO!,smnbts,PERFETO!,10/25/2024,13,88155,https://open.spotify.com/track/1P7FWdqAvbgvptNgVIdcO7,energetic,perfeto
05HbbFxu72OveiL6y4l4QV,GOTHIC!,RXMALIAN,GOTHIC!,10/25/2024,15,130612,https://open.spotify.com/track/05HbbFxu72OveiL6y4l4QV,energetic,gothic
5HDxFQbcZRI1zvdaQhH0Lf,CIMA DO TOMA,"S3BZS, acronym., Launch13",CIMA DO TOMA,8/23/2024,25,108026,https://open.spotify.com/track/5HDxFQbcZRI1zvdaQhH0Lf,energetic,cima do toma
3XeqVj8Pzy1ugVQqSsaPle,SLIDE DE TEMPESTADE,"TRXVELER, Y1LIAS, acronym.",SLIDE DE TEMPESTADE,10/25/2024,25,83149,https://open.spotify.com/track/3XeqVj8Pzy1ugVQqSsaPle,energetic,slide de tempestade
2yGYEJcAuEyNkv4gRHxTb4,Qué Mirás Bobo Funk,"Nulteex, acronym.",Qué Mirás Bobo Funk,11/1/2024,19,74187,https://open.spotify.com/track/2yGYEJcAuEyNkv4gRHxTb4,energetic,qu mirs bobo funk
66Ol9ZxH2CRnD3OCcKpLdj,blizzard,AreaHysteria,blizzard,10/11/2024,20,94166,https://open.spotify.com/track/66Ol9ZxH2CRnD3OCcKpLdj,energetic,blizzard
03gig2wPfrz47CN7mwzQhJ,HEXO,"TRXVELER, Sayfalse, acronym.",HEXO,5/31/2024,39,84957,https://open.spotify.com/track/03gig2wPfrz47CN7mwzQhJ,energetic,hexo
7hRGL6T50ddHeUUd94ErBf,Elysium,"MXRAKEE, Dtrxmusic, trusteki",Elysium,10/4/2024,29,147968,https://open.spotify.com/track/7hRGL6T50ddHeUUd94ErBf,energetic,elysium
2amLjASZZG2tALcl0Q9gkb,MONTAGEM WINTER ARC,"DJ EL FUNK TESTOSTERONA, TOKYOSLEEP",MONTAGEM WINTER ARC,11/1/2024,33,110000,https://open.spotify.com/track/2amLjASZZG2tALcl0Q9gkb,energetic,montagem winter arc
2Fnx7nYnCcsuHeyIL2SscY,BALENCA ICHI - Slowed,"TRXVELER, badgo, acronym.",BALENCA ICHI,8/23/2024,26,142586,https://open.spotify.com/track/2Fnx7nYnCcsuHeyIL2SscY,energetic,balenca ichi slowed
3MPeLjI2iD0cl3pqLnKgc9,Bad Habit Funk,"Sayfalse, DJZRX, Fyex",Bad Habit Funk,9/20/2024,49,86968,https://open.spotify.com/track/3MPeLjI2iD0cl3pqLnKgc9,energetic,bad habit funk
10ijEpr3UiVidH8wqm5tmM,Cemetery Date (Hardstyle),"Fyex, Baby Jane, acronym.",Cemetery Date (Hardstyle),10/25/2024,32,139049,https://open.spotify.com/track/10ijEpr3UiVidH8wqm5tmM,energetic,cemetery date hardstyle
6DWmxRSESEZydZeGDZzblj,last fall ☆,Jason Paris,last fall,8/30/2024,18,123853,https://open.spotify.com/track/6DWmxRSESEZydZeGDZzblj,energetic,last fall
3EHXEw3ld1groCmgSFShd8,Cemetery Date (Hardstyle) - Ultra Slowed,"Fyex, Baby Jane, acronym.",Cemetery Date (Hardstyle),10/25/2024,28,183250,https://open.spotify.com/track/3EHXEw3ld1groCmgSFShd8,energetic,cemetery date hardstyle ultra slowed
383334DQM50V29sjNpCTim,SLIDE DO SONHAR,NXGHT!,SLIDE DO SONHAR,8/23/2024,25,94740,https://open.spotify.com/track/383334DQM50V29sjNpCTim,energetic,slide do sonhar
49YrhVk6XJwEBBWdGhGEnS,KA1MAN?,serpan,MAYH3M 1,3/8/2024,16,141916,https://open.spotify.com/track/49YrhVk6XJwEBBWdGhGEnS,energetic,ka1man
5TWCBTNkdVdoYi8vdAKM0f,EAT IT UP FUNK,"Sayfalse, acronym.",EAT IT UP FUNK,10/25/2024,30,71040,https://open.spotify.com/track/5TWCBTNkdVdoYi8vdAKM0f,energetic,eat it up funk
1WV3kDIRyzcTzG3e0mVX03,SLIDE DE APOSTA - LET'S GO GAMBLING,"Sayfalse, acronym.",SLIDE DE APOSTA,8/9/2024,51,86292,https://open.spotify.com/track/1WV3kDIRyzcTzG3e0mVX03,energetic,slide de aposta lets go gambling
0oPghEHh8UIs4sF49iytHT,CAME CAME,"nikenmar, MC LONE, TRXSHBXY",CAME CAME,10/11/2024,29,74880,https://open.spotify.com/track/0oPghEHh8UIs4sF49iytHT,energetic,came came
0R4z6CsaanmRhoy3ffRZQ7,BALENCA ICHI,"TRXVELER, badgo, acronym.",BALENCA ICHI,8/23/2024,15,113173,https://open.spotify.com/track/0R4z6CsaanmRhoy3ffRZQ7,energetic,balenca ichi
7kPY4DcuAuL4fI2hyNUxza,AURA FUNK,"Sx1nxwy, REFRESHERX",AURA FUNK,10/11/2024,14,120000,https://open.spotify.com/track/7kPY4DcuAuL4fI2hyNUxza,energetic,aura funk
29idRGePMN9cbLtwhQ49Qx,Funk de Abismo,"Scythermane, luc wall, Lurk",Funk de Abismo,10/11/2024,23,73846,https://open.spotify.com/track/29idRGePMN9cbLtwhQ49Qx,energetic,funk de abismo
4q0k31ff44gpBz7OctOEZf,Montagem Botulínica,"DJ Javi26, DJ FallThox",Montagem Botulínica,9/27/2024,20,96004,https://open.spotify.com/track/4q0k31ff44gpBz7OctOEZf,energetic,montagem botulnica
4PyqvcbmgXRw0Vv9zd2h43,MTG FIM DE JOGO,NXGHT!,MTG FIM DE JOGO,10/11/2024,17,89134,https://open.spotify.com/track/4PyqvcbmgXRw0Vv9zd2h43,energetic,mtg fim de jogo
4KnVsScMTPhGqfr8PjvcuJ,PAPI FUNK,"Sayfalse, acronym.",PAPI FUNK,9/6/2024,30,72241,https://open.spotify.com/track/4KnVsScMTPhGqfr8PjvcuJ,energetic,papi funk
4odqjdVdRRaTMuBagSf6aw,SPOOK3D,serpan,MAYH3M 1,3/8/2024,16,103365,https://open.spotify.com/track/4odqjdVdRRaTMuBagSf6aw,energetic,spook3d
69JwyFGSDJnOD8KD4WkVsd,HEAVEN,"Shyron, KPHK, gymcore",HEAVEN,10/11/2024,25,108963,https://open.spotify.com/track/69JwyFGSDJnOD8KD4WkVsd,energetic,heaven
5dPV4TQmKitoUIYm8pJSfo,MONTAGEM ELIXIR,NOH.$,MONTAGEM ELIXIR,10/11/2024,15,113898,https://open.spotify.com/track/5dPV4TQmKitoUIYm8pJSfo,energetic,montagem elixir
6XTfkRcmkq1wzx6x0HdESC,100 - Radio-Edit,"The Electronic Advance, Tobin Delroy, DJ Nasty Deluxe",100,8/1/2025,30,190909,https://open.spotify.com/track/6XTfkRcmkq1wzx6x0HdESC,energetic,100 radioedit
0IW1jqUNL5W96OSU9Sgzf3,FEELING FUNK,"Ariis, Sayfalse, acronym.",FEELING FUNK,8/9/2024,24,84374,https://open.spotify.com/track/0IW1jqUNL5W96OSU9Sgzf3,energetic,feeling funk
4k8ctXRnnziiKBIN3qquqn,B-MOON SLIDE,"SCRXXCH, TESOROX",B-MOON SLIDE,10/11/2024,16,104571,https://open.spotify.com/track/4k8ctXRnnziiKBIN3qquqn,energetic,bmoon slide
0ir14ZEf0CWhd6V1Ee73Cm,Sequencia mobilizadora,"DJZRX, Launch13, Rodricci",Sequencia mobilizadora,9/9/2024,50,64528,https://open.spotify.com/track/0ir14ZEf0CWhd6V1Ee73Cm,energetic,sequencia mobilizadora
2rPLFm4PHOnfzCp8QD9e1j,TRUNK!,"Phonknight, VeucroX",TRUNK!,10/11/2024,14,92689,https://open.spotify.com/track/2rPLFm4PHOnfzCp8QD9e1j,energetic,trunk
17WfoQ1h2PHSjFoVbcYwD6,ECL1PSE,serpan,MAYH3M 1,3/8/2024,16,97800,https://open.spotify.com/track/17WfoQ1h2PHSjFoVbcYwD6,energetic,ecl1pse
1v5pQNd9cVWIRltQ0F1Utr,mon amour,CHXSE WAVE,mon amour,10/4/2024,21,109000,https://open.spotify.com/track/1v5pQNd9cVWIRltQ0F1Utr,energetic,mon amour
54a8aoGhcbywpE1wyHABmc,Not My Problem Funk - Sayfalse Remix,"DJZRX, Sayfalse",Not My Problem Funk (Sayfalse Remix),9/18/2024,60,73821,https://open.spotify.com/track/54a8aoGhcbywpE1wyHABmc,energetic,not my problem funk sayfalse remix
071GTiHRoGSwxZ7drEvzZa,Automotivo Fantastico 1.0,"Chronxs, XW1Z, Dj Adde",Automotivo Fantastico 1.0,10/4/2024,15,74083,https://open.spotify.com/track/071GTiHRoGSwxZ7drEvzZa,energetic,automotivo fantastico 10
7yz1vmOSzNbwUR0Krl5xif,MONTAGEM IRRADIÃNTE,$intec,MONTAGEM IRRADIÃNTE,9/27/2024,14,101543,https://open.spotify.com/track/7yz1vmOSzNbwUR0Krl5xif,energetic,montagem irradinte
3tA1A7ZDgQmZVLlCi24rup,X-ALPHA,"KPHK, $MXLE",X-ALPHA,10/4/2024,15,85513,https://open.spotify.com/track/3tA1A7ZDgQmZVLlCi24rup,energetic,xalpha
3eZ5cvdbxADVHN9oou7OKu,EXODUS,Torzion,EXODUS,9/27/2024,18,125828,https://open.spotify.com/track/3eZ5cvdbxADVHN9oou7OKu,energetic,exodus
4JnC0Zzbc6WaEnwlUxWje4,UNMATCHED ENERGY,"gymcore, Shyron, HÄRKÄ",UNMATCHED ENERGY,10/4/2024,14,84937,https://open.spotify.com/track/4JnC0Zzbc6WaEnwlUxWje4,energetic,unmatched energy
2OL2diF0zeca7cC9ZRoClG,EGYPT,XKRA,EGYPT,10/4/2024,14,90093,https://open.spotify.com/track/2OL2diF0zeca7cC9ZRoClG,energetic,egypt
5bljka2uaT5akZRAfBxyKr,SERDECHKA,CHXSE WAVE,SERDECHKA,9/27/2024,23,106308,https://open.spotify.com/track/5bljka2uaT5akZRAfBxyKr,energetic,serdechka
4UsLDbVAVVRLO2kTzz0BYk,LOVER FUNK,"NOIXES, Nara",LOVER FUNK,9/20/2024,21,127384,https://open.spotify.com/track/4UsLDbVAVVRLO2kTzz0BYk,energetic,lover funk
3m19E0qPJJPwv5o9NgQJAl,C-SLIDE+,Chronxs,C-SLIDE+,9/13/2024,16,94406,https://open.spotify.com/track/3m19E0qPJJPwv5o9NgQJAl,energetic,cslide
3ghKcUD0cneV91bNFqZFnB,BATE E PUXA,"Scythermane, Bruderr, Hugomasked",BATE E PUXA,9/6/2024,23,125538,https://open.spotify.com/track/3ghKcUD0cneV91bNFqZFnB,energetic,bate e puxa
1pVvMSPEexofwBb8RGYwua,MONTAGEM BAIXTADA,"trusteki, XW1Z, drwxx",MONTAGEM BAIXTADA,9/27/2024,20,70616,https://open.spotify.com/track/1pVvMSPEexofwBb8RGYwua,energetic,montagem baixtada
5uLMPso2KsxQEvd8u0jKGm,MONTAGEM LIBERDADE GAME,$YANIC,MONTAGEM LIBERDADE GAME,9/27/2024,15,113277,https://open.spotify.com/track/5uLMPso2KsxQEvd8u0jKGm,energetic,montagem liberdade game
5XRimjlWt7Z3IMMLhmBg7f,CHAMADO DE DEUS,Roby Koenigs,CHAMADO DE DEUS,7/12/2024,0,82149,https://open.spotify.com/track/5XRimjlWt7Z3IMMLhmBg7f,energetic,chamado de deus
0pEf4WRc0eJZ19dMmfbqpE,FUNK BULGÁRIO,"Hiderest, Chronxs",FUNK BULGÁRIO,9/6/2024,18,92423,https://open.spotify.com/track/0pEf4WRc0eJZ19dMmfbqpE,energetic,funk bulgrio
0cVm45R7VAUfT2V2y8buuE,GALACTICO DO FUNK,Steven Cano,GALACTICO DO FUNK,9/13/2024,14,137739,https://open.spotify.com/track/0cVm45R7VAUfT2V2y8buuE,energetic,galactico do funk
3X02lqtNBwZaAiUKiALdWh,STARS,GXNRC,STARS,9/20/2024,18,173793,https://open.spotify.com/track/3X02lqtNBwZaAiUKiALdWh,energetic,stars
7J8asoiDsSQHyi8YiwpnpG,DARK SOULS,"GXNRC, XI$OW",DARK SOULS,8/9/2024,25,127403,https://open.spotify.com/track/7J8asoiDsSQHyi8YiwpnpG,energetic,dark souls
4rVxr7RVAplKP9coj8u0iF,Melhores Radiante,SCREWBOY,Melhores Radiante,9/20/2024,16,163302,https://open.spotify.com/track/4rVxr7RVAplKP9coj8u0iF,energetic,melhores radiante
6j0p7GLoeRFgA8K7C5Z0wx,Reality,"Aitor Hertz, ZĒL",Reality,3/22/2024,19,135000,https://open.spotify.com/track/6j0p7GLoeRFgA8K7C5Z0wx,energetic,reality
4YvxfQF9QCXykqi2ahREC4,PYTHON FUNK,"Sayfalse, RD12",PYTHON FUNK,8/23/2024,64,74285,https://open.spotify.com/track/4YvxfQF9QCXykqi2ahREC4,energetic,python funk
7kUVwWxLC79vEzYgbbntnl,MELODIA AMBIENTA,"PYTT NB27E, SCXRE, BXGR",MELODIA AMBIENTA,8/9/2024,14,117073,https://open.spotify.com/track/7kUVwWxLC79vEzYgbbntnl,energetic,melodia ambienta
4DsFnY6jvDwBMRhpjH76H9,SLIDE DE APOSTA - SLOWED,"Sayfalse, MC Da 12, acronym.",SLIDE DE APOSTA,8/9/2024,27,72857,https://open.spotify.com/track/4DsFnY6jvDwBMRhpjH76H9,energetic,slide de aposta slowed
38VlJZkiC7BHHxZuf4ItpN,Feel It,Force7,Feel It,6/6/2024,11,110232,https://open.spotify.com/track/38VlJZkiC7BHHxZuf4ItpN,energetic,feel it
2Gg3Q7Q7IUOdkeXGW7PfkZ,if u think i'm pretty - sped up,da99y,if u think i'm pretty (opium),6/28/2024,24,103581,https://open.spotify.com/track/2Gg3Q7Q7IUOdkeXGW7PfkZ,energetic,if u think im pretty sped up
68XFURRxdAAyQ15l9c5UFm,Explore,Force7,Explore,4/29/2024,10,112004,https://open.spotify.com/track/68XFURRxdAAyQ15l9c5UFm,energetic,explore
3c2nkQEDr27FtJsRijQTnH,MONTAGEM LOUCURA,"Nemecist, Luga, Rviden",MONTAGEM LOUCURA,5/3/2024,20,83076,https://open.spotify.com/track/3c2nkQEDr27FtJsRijQTnH,energetic,montagem loucura
2OAZCm8xbm4FIoBnNzBTdc,IXARIO.exe,"Nemecist, Y1LIAS, JXM",IXARIO.exe,5/24/2024,18,118648,https://open.spotify.com/track/2OAZCm8xbm4FIoBnNzBTdc,energetic,ixarioexe
5iBv3mp7VTOWM19L1QfPjb,Elementos,VYRØN,Elementos,12/31/2023,18,121973,https://open.spotify.com/track/5iBv3mp7VTOWM19L1QfPjb,energetic,elementos
0vEmngmPcTwlebv09jHw1p,DOJA,"The Late Night Project, Bomber, acronym.",DOJA,5/17/2024,22,96000,https://open.spotify.com/track/0vEmngmPcTwlebv09jHw1p,energetic,doja
1PXbFAumSCmDaMLPK9AElS,DWTB,DVRGNT,DWTB,6/4/2024,14,173888,https://open.spotify.com/track/1PXbFAumSCmDaMLPK9AElS,energetic,dwtb
7tZdWtDwz8KhxBQ7d6ksWa,SPARK!,"acronym., Sayfalse",SPARK!,4/26/2024,23,74621,https://open.spotify.com/track/7tZdWtDwz8KhxBQ7d6ksWa,energetic,spark
4tXgDZNkGcRXMz6UvWOePM,ОДЕРЖИМЫЙ,Chris Keya,ОДЕРЖИМЫЙ,5/24/2024,11,101200,https://open.spotify.com/track/4tXgDZNkGcRXMz6UvWOePM,energetic,
4Wtuk8bUs3Ippxqz2FBHw2,REBOLA NO MEU CARALHO II,"TOKYOSLEEP, Nemecist, acronym.",REBOLA NO MEU CARALHO II,4/5/2024,31,99692,https://open.spotify.com/track/4Wtuk8bUs3Ippxqz2FBHw2,energetic,rebola no meu caralho ii
6cTBZcD4Pl3caLBrkMSlS6,Act Like You Know,"AreaHysteria, stZvros, Yury",Act Like You Know,4/26/2024,17,120000,https://open.spotify.com/track/6cTBZcD4Pl3caLBrkMSlS6,energetic,act like you know
669qE10UGqzcSzTcISPtIN,TAKI TAKI,"The Late Night Project, acronym.",TAKI TAKI,4/12/2024,28,92000,https://open.spotify.com/track/669qE10UGqzcSzTcISPtIN,energetic,taki taki
7v9X3BnL9wwxek6uLHgPQ4,REVENGE,"The FifthGuys, The Late Night Project, acronym.",REVENGE,3/15/2024,33,104727,https://open.spotify.com/track/7v9X3BnL9wwxek6uLHgPQ4,energetic,revenge
7yD7ruu7vCzuCQXr4MlCS6,TREINAMENTO DE TESTOSTERONA,"TRXVELER, Nemecist, acronym.",TREINAMENTO DE TESTOSTERONA,11/10/2023,42,74769,https://open.spotify.com/track/7yD7ruu7vCzuCQXr4MlCS6,energetic,treinamento de testosterona
6LrtkSKTGJmPDxUXoZ03D9,Over,Ducktail,Over,6/23/2023,16,158873,https://open.spotify.com/track/6LrtkSKTGJmPDxUXoZ03D9,energetic,over
1vyBKmJooi5Zdx1SBeotHQ,lost cause!,"Yung Zime, ILLXSION, acronym.",lost cause!,3/29/2024,17,134594,https://open.spotify.com/track/1vyBKmJooi5Zdx1SBeotHQ,energetic,lost cause
5JWYq15RfuOSt2OP9gwjaa,Bloodline,"Godmode, Moistrus",Bloodline,4/5/2024,14,127829,https://open.spotify.com/track/5JWYq15RfuOSt2OP9gwjaa,energetic,bloodline
04YQbRHO9hDHTmbhrqoL2q,#krushonme!,"Sadfriendd, Luga, acronym.",#krushonme!,3/22/2024,34,86141,https://open.spotify.com/track/04YQbRHO9hDHTmbhrqoL2q,energetic,krushonme
6xRXL83b2jAxGukqJq0iHm,Don't Say Goodbye - Hardstyle,Tooz,DON'T SAY GOODBYE,6/30/2023,44,135529,https://open.spotify.com/track/6xRXL83b2jAxGukqJq0iHm,energetic,dont say goodbye hardstyle
1rVCozcwmYwuvFl8OY2MHg,FORÇA ESCURA,Chris Keya,FORÇA ESCURA,4/19/2024,12,107998,https://open.spotify.com/track/1rVCozcwmYwuvFl8OY2MHg,energetic,fora escura
0Earhc3vJyXj0JkvOMOQWD,GET DOWN!,"Yung Zime, ILLXSION, acronym.",GET DOWN!,4/12/2024,15,118675,https://open.spotify.com/track/0Earhc3vJyXj0JkvOMOQWD,energetic,get down
13QlzY8OSrPpuNvSPfF6dC,Rude boy (NFL Phonk Edit),"The FifthGuys, The Late Night Project, Phonk King",Rude boy (NFL Phonk Edit),3/7/2024,38,121846,https://open.spotify.com/track/13QlzY8OSrPpuNvSPfF6dC,energetic,rude boy nfl phonk edit
74vp2adEq00W8nbcrh7KDQ,DOMINIO DO ARENA,"S3BZS, TOKYOSLEEP, acronym.",DOMINIO DO ARENA,3/15/2024,28,75428,https://open.spotify.com/track/74vp2adEq00W8nbcrh7KDQ,energetic,dominio do arena
5tPNHAUFmmmtHXa3KjSf40,Lunatik!,"Nemecist, ashka, acronym.",Lunatik!,3/22/2024,19,74620,https://open.spotify.com/track/5tPNHAUFmmmtHXa3KjSf40,energetic,lunatik
2NgpwQh6nJfXjQmeqVJ7bi,Hit The Road Jack - Hypertechno,"The FifthGuys, The Late Night Project",Hit The Road Jack (Hypertechno),4/19/2024,36,125890,https://open.spotify.com/track/2NgpwQh6nJfXjQmeqVJ7bi,energetic,hit the road jack hypertechno
1m8PpnVlhTKJ4x2cSMS74l,MI GENTE DO BRAZIL,"The FifthGuys, The Late Night Project",MI GENTE DO BRAZIL,1/19/2024,41,96393,https://open.spotify.com/track/1m8PpnVlhTKJ4x2cSMS74l,energetic,mi gente do brazil
6qFHexlcrU7vFaI0DaNCO5,Apaonye Asolsin - Hardstyle Remix,Tooz,Apaonye Asolsin,7/8/2022,34,126958,https://open.spotify.com/track/6qFHexlcrU7vFaI0DaNCO5,energetic,apaonye asolsin hardstyle remix
0K4h7wmNfQyj5V2NYDKLNh,Hold It Down [The FifthGuys Remix],"The FifthGuys, Swisha T, Bmike, Prznt",Hold It Down [The FifthGuys Remix],3/22/2024,27,167000,https://open.spotify.com/track/0K4h7wmNfQyj5V2NYDKLNh,energetic,hold it down the fifthguys remix
3KpxTbfNMrWF39N1TOcL3X,Down (Hardstyle),Tooz,DOWN,5/19/2023,42,174967,https://open.spotify.com/track/3KpxTbfNMrWF39N1TOcL3X,energetic,down hardstyle
0oMNleZbRoZyPvx56n25aq,GREEN DOT,"Yung Zime, svlient",GREEN DOT,3/22/2024,17,107096,https://open.spotify.com/track/0oMNleZbRoZyPvx56n25aq,energetic,green dot
04kFjJ9hiRgNLfjF4nQAGA,MISS YOU,"TRXVELER, acronym.",MISS YOU,4/19/2024,19,110817,https://open.spotify.com/track/04kFjJ9hiRgNLfjF4nQAGA,energetic,miss you
0tLoiH6uDvwxP5HljJ1L52,I KNOW?,"BONIIL, Junior Charles, G King",I KNOW?,3/20/2024,27,134400,https://open.spotify.com/track/0tLoiH6uDvwxP5HljJ1L52,energetic,i know
2ATZBcMwIkYvjomj9XpyOT,MI GENTE DO BRAZIL - SLOWED + REVERB,"The FifthGuys, The Late Night Project",MI GENTE DO BRAZIL (SLOWED + REVERB),2/23/2024,28,128625,https://open.spotify.com/track/2ATZBcMwIkYvjomj9XpyOT,energetic,mi gente do brazil slowed reverb
35mR8r29NgOxxkniUgb9RF,IMPULSO AGRESSIVO,"TOKYOSLEEP, TRXVELER, DJ PORTU",IMPULSO AGRESSIVO,2/23/2024,24,78461,https://open.spotify.com/track/35mR8r29NgOxxkniUgb9RF,energetic,impulso agressivo
10BkHleqJKB3LIJJHRR6cF,AUTOMOTIVO DE TESTOSTERONA,"TOKYOSLEEP, DJ EL FUNK TESTOSTERONA, acronym.",AUTOMOTIVO DE TESTOSTERONA,1/26/2024,27,77538,https://open.spotify.com/track/10BkHleqJKB3LIJJHRR6cF,energetic,automotivo de testosterona
39M4HIk71umSXbX91dGicT,I'm Free,"svlient, Phonkmode, Nemecist",I'm Free,3/1/2024,19,125441,https://open.spotify.com/track/39M4HIk71umSXbX91dGicT,energetic,im free
3463mahDZqFJlZBf2lDuFa,krushcore,"ashka, Nemecist, acronym.",krushcore,2/2/2024,24,88060,https://open.spotify.com/track/3463mahDZqFJlZBf2lDuFa,energetic,krushcore
27y6lK5AsMn2ScvKcneOWk,your krush,"svlient, Phonkmode, Nemecist",your krush,2/23/2024,22,97232,https://open.spotify.com/track/27y6lK5AsMn2ScvKcneOWk,energetic,your krush
1Juwlef5Ioq3dHfJTFtIEu,Survival of the Fittest,"Godmode, Killer Beats, Moistrus",Survival of the Fittest,3/1/2024,19,183482,https://open.spotify.com/track/1Juwlef5Ioq3dHfJTFtIEu,energetic,survival of the fittest
344UoaNhIvlbDltZDBfk4I,KRUSH IT UP!,"TRXVELER, DJ PRO, acronym.",KRUSH IT UP!,2/16/2024,26,78388,https://open.spotify.com/track/344UoaNhIvlbDltZDBfk4I,energetic,krush it up
3bv7Wl05kbET7ucr7PtiC1,Tell Me Why,"Jimorrow, F7M, Eric Dale",Tell Me Why,1/11/2024,0,234687,https://open.spotify.com/track/3bv7Wl05kbET7ucr7PtiC1,energetic,tell me why
6aV2b0sPiUni65o0oX7imo,bitkrushed,"PHARAØH, Nemecist, acronym.",bitkrushed,2/9/2024,35,93978,https://open.spotify.com/track/6aV2b0sPiUni65o0oX7imo,energetic,bitkrushed
2HJyX5aHfu4gFqldlc5Mbh,Roses,"TOKYOSLEEP, Wilee, acronym.",Roses,2/26/2024,17,108521,https://open.spotify.com/track/2HJyX5aHfu4gFqldlc5Mbh,energetic,roses
6ijmhnbAimirN5LHl0ps4W,REBOLA NO MEU CARALHO,"TOKYOSLEEP, Nemecist, acronym.",REBOLA NO MEU CARALHO,9/29/2023,37,83076,https://open.spotify.com/track/6ijmhnbAimirN5LHl0ps4W,energetic,rebola no meu caralho
7fepTfbpFh9KJfrM91jAsU,Greedy - Techno Edit,"Starix, lace., itsAirLow, Ameli Baby",Greedy (Techno Edit),12/1/2023,15,158068,https://open.spotify.com/track/7fepTfbpFh9KJfrM91jAsU,energetic,greedy techno edit
6ZbTYeByiVNiKQlC6IQuWd,Disturbia - Hardstyle,Tooz,DISTURBIA,2/16/2024,42,192000,https://open.spotify.com/track/6ZbTYeByiVNiKQlC6IQuWd,energetic,disturbia hardstyle
4nyMoK6gePLzCJybQl4O2F,Mtg - Coração,"Dj Samir, Fyex, Mc Gw",Mtg - Coração,8/25/2023,45,113442,https://open.spotify.com/track/4nyMoK6gePLzCJybQl4O2F,energetic,mtg corao
5NUP9wRyqUmwUKCI82nt1N,BLACKOUT!,"Hxntai Ninja, Daedra, Lord Distortion",BLACKOUT!,11/17/2023,16,103500,https://open.spotify.com/track/5NUP9wRyqUmwUKCI82nt1N,energetic,blackout
05EG9LwFCVjkoYEWzsrHHO,Legend,Tevvez,Phantom,12/4/2020,62,189679,https://open.spotify.com/track/05EG9LwFCVjkoYEWzsrHHO,energetic,legend
2aQpISWUBToaF84DDiTeRV,Be My Lover (feat. La Bouche) - 2023 Mix,"Hypaton, David Guetta, La Bouche",Be My Lover (feat. La Bouche) [2023 Mix],4/21/2023,74,169523,https://open.spotify.com/track/2aQpISWUBToaF84DDiTeRV,energetic,be my lover feat la bouche 2023 mix
7G4XrZlnEUpng7NrRXOnb8,Lethal Industry (Rose Ringed Remix),"Tiësto, Rose Ringed",Lethal Industry (Rose Ringed Remix),1/3/2025,54,182380,https://open.spotify.com/track/7G4XrZlnEUpng7NrRXOnb8,energetic,lethal industry rose ringed remix
0HMyGpwfYTE04SRIVI3KZD,California Dreamin',"DJ Jurij, The Hattersleys",California Dreamin',1/27/2023,41,172384,https://open.spotify.com/track/0HMyGpwfYTE04SRIVI3KZD,energetic,california dreamin
0BaTiJBhrcd3rRClTu0f7u,She Doesn’t Mind,"DNVX, IM FIN3",She Doesn’t Mind,7/22/2022,42,146682,https://open.spotify.com/track/0BaTiJBhrcd3rRClTu0f7u,energetic,she doesnt mind
67Vf5Ryer5CASRdSXdKCTq,In Your Soul - Radio Edit,Xavi del Mundo,In Your Soul (Radio Edit),9/27/2024,33,179216,https://open.spotify.com/track/67Vf5Ryer5CASRdSXdKCTq,energetic,in your soul radio edit
2DMSC8XDbOoWERVCZblcCC,Love Really Hurts Without You,"Amfree, Galisha",Love Really Hurts Without You,7/15/2022,38,165109,https://open.spotify.com/track/2DMSC8XDbOoWERVCZblcCC,energetic,love really hurts without you
7jrMFjEq0t09f7m3HnnWXl,Tell Me Why - MEDUZA Remix,"Supermode, MEDUZA",Tell Me Why (MEDUZA Remix),9/2/2022,69,171428,https://open.spotify.com/track/7jrMFjEq0t09f7m3HnnWXl,energetic,tell me why meduza remix
1S5j9eSU4RQ2ztXYH5ncNr,Bananza (Belly Dancer),"Kriss Reeve, Swizzy Max",Bananza (Belly Dancer),3/11/2022,41,149032,https://open.spotify.com/track/1S5j9eSU4RQ2ztXYH5ncNr,energetic,bananza belly dancer
050bE4qanhgGAeVUOrkKmW,In The End,"David Atsman, SKYWALKER",In The End,1/6/2023,46,177500,https://open.spotify.com/track/050bE4qanhgGAeVUOrkKmW,energetic,in the end
5FQgXqN86U91XmS9uBdwQV,Viralyzer,Goktug Erkun,Viralyzer,10/10/2025,30,223064,https://open.spotify.com/track/5FQgXqN86U91XmS9uBdwQV,energetic,viralyzer
2UsNO5XlRcTzSjxC4Zp3Nm,Paradise,"Ian Storm, VS Prjct, SONJA",Paradise,11/7/2025,33,178620,https://open.spotify.com/track/2UsNO5XlRcTzSjxC4Zp3Nm,energetic,paradise
3fGaYyQIqHdhrw3nxoeTWv,I'll Show You,Richard Houblon,I'll Show You,11/7/2025,25,192786,https://open.spotify.com/track/3fGaYyQIqHdhrw3nxoeTWv,energetic,ill show you
5FLxAS4yxFOrR8RzFoyiBD,Never Leave Me,DJ Vafa,Never Leave Me EP,10/24/2025,44,162822,https://open.spotify.com/track/5FLxAS4yxFOrR8RzFoyiBD,energetic,never leave me
6TIYvYAjOSoeg3W9rV7vEJ,Never Alone,"Melodream, POGODA",Never Alone,11/7/2025,20,185915,https://open.spotify.com/track/6TIYvYAjOSoeg3W9rV7vEJ,energetic,never alone
2Eohbdoihecx4SxyM2mv2K,Intoxicated By Music,Kuebass,Intoxicated By Music,5/11/2025,24,240039,https://open.spotify.com/track/2Eohbdoihecx4SxyM2mv2K,energetic,intoxicated by music
3SH8FJbZebtiULzp5mBW7H,No Turning Back - Edit,"Tom Pulse, Ron van den Beuken, Ibizza8",No Turning Back (Edit),10/24/2025,32,226012,https://open.spotify.com/track/3SH8FJbZebtiULzp5mBW7H,energetic,no turning back edit
18YKYSSDGwmdsnnrhX2GmD,Warrior,"DJ Dobrel, Synthodic",Warrior,10/17/2025,28,172137,https://open.spotify.com/track/18YKYSSDGwmdsnnrhX2GmD,energetic,warrior
2HcD8DL6fVvASQWRFzmIVG,Don't You Want Me - KI/KI Remix,"Felix, KI/KI",Don't You Want Me (KI/KI Remix),7/12/2024,59,227006,https://open.spotify.com/track/2HcD8DL6fVvASQWRFzmIVG,energetic,dont you want me kiki remix
2f2dRxjiUOoV5qhZFbnVO6,Rule The World (Everybody),"Tiësto, Tears For Fears, NIIKO X SWAE, GUDFELLA",Rule The World (Everybody),10/27/2023,63,172500,https://open.spotify.com/track/2f2dRxjiUOoV5qhZFbnVO6,energetic,rule the world everybody
0ZxYJrCv0Kq2ONqgFWw5SM,Luvstruck,"Showtek, Southside Spinners",Luvstruck,12/13/2024,44,161388,https://open.spotify.com/track/0ZxYJrCv0Kq2ONqgFWw5SM,energetic,luvstruck
3ouZakGdPwIQkmiyiSPcGT,Stereo Love (Ian Storm Remix) - Radio Edit,"DJ Zaro, Ian Storm",Stereo Love (Remixes),3/1/2024,0,198283,https://open.spotify.com/track/3ouZakGdPwIQkmiyiSPcGT,energetic,stereo love ian storm remix radio edit
2FR2IH892DKLaTnmpRx8Nc,Je Veux,"Ian Storm, George Dala, DNVX",Je Veux,9/20/2024,36,139034,https://open.spotify.com/track/2FR2IH892DKLaTnmpRx8Nc,energetic,je veux
5xKJI9aPQhuTdTq8BrJ8fL,Ferrari,"James Hype, Miggy Dela Rosa",Ferrari,3/15/2022,2,185661,https://open.spotify.com/track/5xKJI9aPQhuTdTq8BrJ8fL,energetic,ferrari
1z1WFjgfl2W1OaiLeIULmd,Danza Kuduro,"W&W, AXMO, Andre Schnura, Lucenzo, Don Omar",Danza Kuduro,10/25/2024,67,169209,https://open.spotify.com/track/1z1WFjgfl2W1OaiLeIULmd,energetic,danza kuduro
1syUFiBpBVkoESyzpTfEYI,Radio Ga Ga,"DJ Jurij, Salvo Bruno",Radio Ga Ga,6/2/2023,33,162998,https://open.spotify.com/track/1syUFiBpBVkoESyzpTfEYI,energetic,radio ga ga
6f7cu55UzXIFTyQfStstNn,Want You - Radio Edit,"ISVEL, Monroe",Want You,1/12/2024,29,174285,https://open.spotify.com/track/6f7cu55UzXIFTyQfStstNn,energetic,want you radio edit
4fLnoXqsxHZFvGKppc7kCr,Cynical,"twocolors, Safri Duo, Chris de Sarandy",Cynical,6/30/2024,73,191365,https://open.spotify.com/track/4fLnoXqsxHZFvGKppc7kCr,energetic,cynical
7wDCrKYxVbLTZTf43pSZ6n,Someone Else,"litleboy lsbeats767, Quan, Trilla-G",Someone Else,7/5/2024,44,205500,https://open.spotify.com/track/7wDCrKYxVbLTZTf43pSZ6n,energetic,someone else
4R2hZUfgLaeTc9sBfpcxjT,Somebody To Love,Red Lemon,Somebody To Love,5/7/2021,33,162519,https://open.spotify.com/track/4R2hZUfgLaeTc9sBfpcxjT,energetic,somebody to love
2JVVFUf4Cgbv0b6StZQ7Ow,Feels Right,"Jake Silva, Frankie Sims",Feels Right,4/14/2023,32,180476,https://open.spotify.com/track/2JVVFUf4Cgbv0b6StZQ7Ow,energetic,feels right
5f8rPZq8vZYb11cpdAs3rU,Love Me,Seques,Love Me,5/2/2025,29,139034,https://open.spotify.com/track/5f8rPZq8vZYb11cpdAs3rU,energetic,love me
2MCVBDuSODvyfd3xlCfWJZ,Lose My Mind,Insimon,Lose My Mind,6/20/2025,29,155625,https://open.spotify.com/track/2MCVBDuSODvyfd3xlCfWJZ,energetic,lose my mind
12p3LJyuWdEh6bWFoc60Bk,PARADISE,"HI-LO, DANNY AVILA, Oliver Heldens",PARADISE,2/16/2024,7,163147,https://open.spotify.com/track/12p3LJyuWdEh6bWFoc60Bk,energetic,paradise
1jS2WvwjPdLegbEuJF480D,These Little Things - Radio Edit,Xavi del Mundo,These Little Things,3/8/2024,29,179531,https://open.spotify.com/track/1jS2WvwjPdLegbEuJF480D,energetic,these little things radio edit
3NE3tXQkPbWwD9MGanWccc,Manera,"Sergio Garabal, Vedant Jadia",Manera,8/22/2025,31,181440,https://open.spotify.com/track/3NE3tXQkPbWwD9MGanWccc,energetic,manera
4aTksCM9KcDjrjbiA2QyMh,Ay Pappi,Baran Ozhan,Ay Pappi,9/26/2025,40,199637,https://open.spotify.com/track/4aTksCM9KcDjrjbiA2QyMh,energetic,ay pappi
5SzPoxOGAl1mGWsT36KLcC,Sweat,DJSM,Sweat,10/5/2023,68,132696,https://open.spotify.com/track/5SzPoxOGAl1mGWsT36KLcC,energetic,sweat
2K0bxInsrwMsk0gZzxR0xc,DANCE,Aresta,DANCE,11/5/2021,29,148571,https://open.spotify.com/track/2K0bxInsrwMsk0gZzxR0xc,energetic,dance
46rJi3NrCFuiOXPfX5wq91,Everytime We Touch,"Sugar Jesus, leon taro.",Everytime We Touch,4/9/2021,36,199354,https://open.spotify.com/track/46rJi3NrCFuiOXPfX5wq91,energetic,everytime we touch
3JLpwzhVvYeotNSI4izQUV,"Dance For Me (1, 2, 3) - Stutter Techno","Sonny Wern, Lyente, Quinten Circle, ZANA","Dance For Me (1, 2, 3)",10/6/2023,7,147895,https://open.spotify.com/track/3JLpwzhVvYeotNSI4izQUV,energetic,dance for me 1 2 3 stutter techno
7yvFXuuwMTRxbOMTDUta2e,How To Save A Life,"BETASTIC, mavzy grx, be//here, SKYWALKER, Luc Rushmere",How To Save A Life,8/5/2022,32,158847,https://open.spotify.com/track/7yvFXuuwMTRxbOMTDUta2e,energetic,how to save a life
7D9tQ3P9Zb8WsAp8Qiy950,Bump Bump Bump,"Kriss Reeve, Swizzy Max",Bump Bump Bump,10/20/2023,30,134400,https://open.spotify.com/track/7D9tQ3P9Zb8WsAp8Qiy950,energetic,bump bump bump
4016mCGDxO5c3H6sn68hK4,Children,"BETASTIC, Skuado",Children,7/22/2022,31,232564,https://open.spotify.com/track/4016mCGDxO5c3H6sn68hK4,energetic,children
7DnUbJtSuKlCKeYYiZ4cbF,Rompe,"Paulik, FAMIN",Rompe,8/22/2025,28,176250,https://open.spotify.com/track/7DnUbJtSuKlCKeYYiZ4cbF,energetic,rompe
37Nl5bg7rtLN3rLccwwZAB,Say It Right - Jack Rush Remix,"Gabriel Wittner, Nate, LIGO, Jack Rush",Say It Right (Jack Rush Remix),12/2/2022,34,170595,https://open.spotify.com/track/37Nl5bg7rtLN3rLccwwZAB,energetic,say it right jack rush remix
6L5xbckRDXIf5K1pwTaGkD,Satisfaction - Hardwell & Maddix Remix,"David Guetta, Benny Benassi, Hardwell, Maddix",Satisfaction (Hardwell & Maddix Remix),1/5/2023,66,204436,https://open.spotify.com/track/6L5xbckRDXIf5K1pwTaGkD,energetic,satisfaction hardwell maddix remix
3pMvoh0NJZiCaAcgL5xQUW,Come Into My Dream,Ayemi,Come Into My Dream,6/6/2025,34,156321,https://open.spotify.com/track/3pMvoh0NJZiCaAcgL5xQUW,energetic,come into my dream
3iJflxUXsCI5eU0JVBwegI,Haunted,"Ian Storm, AMENTI, Sergio Garabal",Haunted,4/18/2025,28,188880,https://open.spotify.com/track/3iJflxUXsCI5eU0JVBwegI,energetic,haunted
6obySM62EapayXxTQ5omAw,Push Me Away,ISVEL,Push Me Away,8/11/2023,27,185806,https://open.spotify.com/track/6obySM62EapayXxTQ5omAw,energetic,push me away
1bqXaDMUiLNObkULGjHrDq,We Always Rise,GiBoss,We Always Rise,9/23/2022,28,220952,https://open.spotify.com/track/1bqXaDMUiLNObkULGjHrDq,energetic,we always rise
2jvboz6vNa9KyUtuZaRXKm,Not So Bad,"GRHHH, BOOTY LEAK, Margad",Not So Bad,5/19/2023,28,188571,https://open.spotify.com/track/2jvboz6vNa9KyUtuZaRXKm,energetic,not so bad
1VncEEc0zgS9UuGOzekma6,Someone Else - Radio Edit,Miguel Brooker,Someone Else (Radio Edit),9/20/2024,28,236250,https://open.spotify.com/track/1VncEEc0zgS9UuGOzekma6,energetic,someone else radio edit
08N8vFLZvykzU0wjTKZUxq,Digital Soul,OPUL,Digital Soul,4/11/2025,26,256450,https://open.spotify.com/track/08N8vFLZvykzU0wjTKZUxq,energetic,digital soul
2r6rAZuNWBVbBwU2qqQe58,Be Alright,Aresta,Be Alright,2/16/2024,26,154029,https://open.spotify.com/track/2r6rAZuNWBVbBwU2qqQe58,energetic,be alright
0Y5DJaXNfdqZOPIc5GL9co,...Baby One More Time,DJ Jurij,...Baby One More Time,6/17/2022,28,161999,https://open.spotify.com/track/0Y5DJaXNfdqZOPIc5GL9co,energetic,baby one more time
3nYaXyCN2JeFmR7EXs4EKN,Payphone,"DNVX, Van Snyder, Mark Coles",Payphone,7/11/2025,27,123310,https://open.spotify.com/track/3nYaXyCN2JeFmR7EXs4EKN,energetic,payphone
3AAG6jmalMLLXuSdVUxjrC,Never Knew You,"Ailero, Jay Mark",Never Knew You,4/21/2023,26,182380,https://open.spotify.com/track/3AAG6jmalMLLXuSdVUxjrC,energetic,never knew you
0T0gvHjeCv0Gkz6dQepjxC,Spinning,"Martin Mix, Nick Drumm",Spinning,9/9/2022,26,173034,https://open.spotify.com/track/0T0gvHjeCv0Gkz6dQepjxC,energetic,spinning
4u2gyjVlLYkwEcqWeJfNWN,Alive,MELØ,Alive,1/20/2023,25,195395,https://open.spotify.com/track/4u2gyjVlLYkwEcqWeJfNWN,energetic,alive
0rU1CDXddVpwYOXEb60VLC,All You Need,"Da Rek, Boix & Breakloop",All You Need,10/27/2023,26,144009,https://open.spotify.com/track/0rU1CDXddVpwYOXEb60VLC,energetic,all you need
4PcT9OdgVEx5BXTD06zMBV,What You're Like - Radio Edit,"DAN:ROS, NAVAH",What You're Like,12/1/2023,27,144000,https://open.spotify.com/track/4PcT9OdgVEx5BXTD06zMBV,energetic,what youre like radio edit
1FCyznmNp6QhxAcYV2Yv7c,EVRTHNG,"Enveak, WastID",EVRTHNG,2/24/2023,25,172500,https://open.spotify.com/track/1FCyznmNp6QhxAcYV2Yv7c,energetic,evrthng
3yKbDObdG5QDAHXEuE3bjh,Dance It All Away - Sergio Garabal & Miguel Brooker Remix,"Ian Storm, Sergio Garabal, Miguel Brooker",Dance It All Away (Sergio Garabal & Miguel Brooker Remix),5/30/2025,28,192000,https://open.spotify.com/track/3yKbDObdG5QDAHXEuE3bjh,energetic,dance it all away sergio garabal miguel brooker remix
03AYOOcX6jmY65WW0ARe6W,Wanna Feel It - Radio Edit,Insimon,Wanna Feel It,4/12/2024,25,170625,https://open.spotify.com/track/03AYOOcX6jmY65WW0ARe6W,energetic,wanna feel it radio edit
0rdWPB0ftLDVKssc3SGjUU,SET THIS HOUSE ON FIRE,"Sergio Garabal, Infinne",SET THIS HOUSE ON FIRE,4/25/2025,24,189374,https://open.spotify.com/track/0rdWPB0ftLDVKssc3SGjUU,energetic,set this house on fire
0ouceAkAeidNc8kBYAqPHq,Just Dance,"BETASTIC, JANFRY, Strownlex, Margad",Just Dance,3/3/2023,25,137504,https://open.spotify.com/track/0ouceAkAeidNc8kBYAqPHq,energetic,just dance
1GX9C07GNSkC40w9YzV4wJ,Last Chance,"Ritmo Kartel, Chris Ultranova",Last Chance,1/10/2025,23,169453,https://open.spotify.com/track/1GX9C07GNSkC40w9YzV4wJ,energetic,last chance
7xijbGRbQ4v9nTXbM6qp3z,Listen To Your Heart,"PINKFISH, Scott Forshaw",Listen To Your Heart,11/8/2024,35,210000,https://open.spotify.com/track/7xijbGRbQ4v9nTXbM6qp3z,energetic,listen to your heart
4UK3s3HrOJHKN9pE6pK3sL,Cult,"Ritmo Kartel, Chris Ultranova",Cult,2/23/2024,25,195692,https://open.spotify.com/track/4UK3s3HrOJHKN9pE6pK3sL,energetic,cult
19bua05ITWjFrk9iGxOA7r,On & On,"Armin van Buuren, Punctual, Alika",On & On,3/29/2023,59,170578,https://open.spotify.com/track/19bua05ITWjFrk9iGxOA7r,energetic,on on
5vDNoJ5bthYqsGgj6LQRDs,Run,"Ian Storm, Aresta, Sergio Garabal",Run,5/16/2025,25,173239,https://open.spotify.com/track/5vDNoJ5bthYqsGgj6LQRDs,energetic,run
631RC8IL9cpPUOHJcPvUAY,Bel Air,Elkana Paz,Back To The Old School,6/20/2025,23,179047,https://open.spotify.com/track/631RC8IL9cpPUOHJcPvUAY,energetic,bel air
2XmgKaDkXxhwaGDjx01Whv,The World Is On Fire (MOGUAI Remix),"Roy Stroebel, Westbam/ML, MOGUAI",The World Is On Fire Remixes,1/19/2024,24,286874,https://open.spotify.com/track/2XmgKaDkXxhwaGDjx01Whv,energetic,the world is on fire moguai remix
5wwpCD08aq1di4XvbjmDFr,A Walk In The Sun,"Tom Pulse, Ron van den Beuken, C.R. Easy",A Walk In The Sun,5/16/2025,32,161280,https://open.spotify.com/track/5wwpCD08aq1di4XvbjmDFr,energetic,a walk in the sun
31sWBZlGUn3hjR7cxJ2Ts7,Disconnection - Radio Edit,"Jake Silva, Frankie Sims",Disconnection (Radio Edit),10/18/2024,24,167272,https://open.spotify.com/track/31sWBZlGUn3hjR7cxJ2Ts7,energetic,disconnection radio edit
24NmcaRqZ3P0EEr5q2lgfs,Go Back - Radio Edit,"Ian Storm, Ron van den Beuken, John Laurant, E-Wok",Go Back,7/12/2024,24,178862,https://open.spotify.com/track/24NmcaRqZ3P0EEr5q2lgfs,energetic,go back radio edit
0NvebYYQictJJEQbXyYujE,HnT,Better than Lex,HnT,5/23/2025,21,168750,https://open.spotify.com/track/0NvebYYQictJJEQbXyYujE,energetic,hnt
3yW6VvIxfhCWhx9Zyj1kyF,Can't Touch This,Elkana Paz,Back To The Old School,6/20/2025,23,180952,https://open.spotify.com/track/3yW6VvIxfhCWhx9Zyj1kyF,energetic,cant touch this
3KuoQvv7Piw81tlQI0KDtN,Zephyr,Baran Ozhan,Zephyr,8/25/2023,26,114856,https://open.spotify.com/track/3KuoQvv7Piw81tlQI0KDtN,energetic,zephyr
3qpEf1H0Q3pqlBYBELAKHD,BIG SOUND,Aresta,BIG SOUND,3/7/2025,23,167085,https://open.spotify.com/track/3qpEf1H0Q3pqlBYBELAKHD,energetic,big sound
0HiKR8gaMzusRyCBYDVRpD,Take You There,Tim Lights,Take You There,4/4/2025,31,135224,https://open.spotify.com/track/0HiKR8gaMzusRyCBYDVRpD,energetic,take you there
3wTHrRBxyfrcPKiDnPyfbQ,Light Show,"Xpilot, Paulik",Lightshow,3/28/2025,22,156000,https://open.spotify.com/track/3wTHrRBxyfrcPKiDnPyfbQ,energetic,light show
17iqHYEo7KsACsqrbaKTPg,Surrendered,"Maui Sam, LÊ IZNER, N@OM1",Surrendered,1/27/2023,36,209032,https://open.spotify.com/track/17iqHYEo7KsACsqrbaKTPg,energetic,surrendered
4Nc3ZExhcDVJmOSFNHv5Il,Barely Alive - Xavi del Mundo Remix,"Ian Storm, Ron van den Beuken, Menno",Barely Alive (Xavi del Mundo Remix),2023,27,159535,https://open.spotify.com/track/4Nc3ZExhcDVJmOSFNHv5Il,energetic,barely alive xavi del mundo remix
3cnUzO3UAFJFWD0vFryNZx,Daily Double,"Alper Gursoy, Bernadette Lara",Daily Double,2/17/2023,34,208780,https://open.spotify.com/track/3cnUzO3UAFJFWD0vFryNZx,energetic,daily double
1JpRC85Z7O0fiwPKCGPiBt,Feels So Right,"Lucky Guess, Lauren Mayhew",Feels So Right,4/19/2024,22,120773,https://open.spotify.com/track/1JpRC85Z7O0fiwPKCGPiBt,energetic,feels so right
2jxYVxWBqzsf4TCHYnvVpD,Everybody On The Floor,Nasty Guys,Everybody On The Floor,2/21/2025,21,166153,https://open.spotify.com/track/2jxYVxWBqzsf4TCHYnvVpD,energetic,everybody on the floor
5i9CRy5EZ2LikK0ZfXpxv3,On My Mind,"Tripton, Desno, Lorena Sell",On My Mind,3/10/2023,33,179139,https://open.spotify.com/track/5i9CRy5EZ2LikK0ZfXpxv3,energetic,on my mind
3m8pQ0TBRrAWsg80sMVPD3,Bringin' It Back - Radio Edit,Kayson,Bringin' It Back,1/12/2024,21,153600,https://open.spotify.com/track/3m8pQ0TBRrAWsg80sMVPD3,energetic,bringin it back radio edit
53EZMwA0P2BNpFjFurOKbf,Losing Control,PINKFISH,Losing Control,12/15/2023,25,207187,https://open.spotify.com/track/53EZMwA0P2BNpFjFurOKbf,energetic,losing control
6LOpLC8Vzk0ZRyDdRZqdXz,Every Little Thing - Radio Edit,Adam Marcos,Every Little Thing,7/5/2024,34,145357,https://open.spotify.com/track/6LOpLC8Vzk0ZRyDdRZqdXz,energetic,every little thing radio edit
1odaprfK5XPWFxMK3oNo0i,There’s No Need To,Roxelio,There’s No Need To,5/12/2023,36,342860,https://open.spotify.com/track/1odaprfK5XPWFxMK3oNo0i,energetic,theres no need to
28CETuKjWI1xUlo07Dv90C,Same Sky,Flane,Same Sky,3/17/2023,33,147296,https://open.spotify.com/track/28CETuKjWI1xUlo07Dv90C,energetic,same sky
19rjlqoGuSbaVdPCN6nayX,Trauma,Rugdeal,Trauma,3/29/2024,22,340645,https://open.spotify.com/track/19rjlqoGuSbaVdPCN6nayX,energetic,trauma
0PNQDFFLcUK6kqvgePFnHo,Love You Like I Can - Radio Edit,Oswego,Love You Like I Can,4/12/2024,21,142380,https://open.spotify.com/track/0PNQDFFLcUK6kqvgePFnHo,energetic,love you like i can radio edit
1jfbdgYsRvhhmJe2uWUTEm,Set My Body Free,PINKFISH,Set My Body Free,6/30/2023,25,174285,https://open.spotify.com/track/1jfbdgYsRvhhmJe2uWUTEm,energetic,set my body free
6VinxteBj2d5asSgqenI9t,All Night Long (2nite),"Tom Pulse, Ron van den Beuken, Jörg Gierling",All Night Long (2Nite),5/30/2025,23,128660,https://open.spotify.com/track/6VinxteBj2d5asSgqenI9t,energetic,all night long 2nite
5LeCZQJ5aae1FJNBi3Dplw,Lose My Mind - Radio Edit,"Snrs, Brais",Lose My Mind,2/16/2024,19,160000,https://open.spotify.com/track/5LeCZQJ5aae1FJNBi3Dplw,energetic,lose my mind radio edit
2dp4Vu21HQ6HxwiWP7lqP3,Let's See - Radio Edit,Martin Wild,Let's See,6/28/2024,18,112500,https://open.spotify.com/track/2dp4Vu21HQ6HxwiWP7lqP3,energetic,lets see radio edit
2h9uKO3H4EcRTAo7Ya9ehu,Loco - Radio Edit,Mariline,Loco,3/22/2024,21,135720,https://open.spotify.com/track/2h9uKO3H4EcRTAo7Ya9ehu,energetic,loco radio edit
0pNk6PNJah1W034BbmH0p0,Flama,"Freaky DJs, GeeKan",Flama,1/10/2025,19,154761,https://open.spotify.com/track/0pNk6PNJah1W034BbmH0p0,energetic,flama
5hyLUFw9kqh6QyTunNnMMS,Bass Is Calling,Siëndo,Bass Is Calling,11/22/2024,22,125538,https://open.spotify.com/track/5hyLUFw9kqh6QyTunNnMMS,energetic,bass is calling
2uV7is59UjMXZkXPj44hwv,Move That Body,DAN:ROS,Move That Body - EP,3/1/2024,21,185759,https://open.spotify.com/track/2uV7is59UjMXZkXPj44hwv,energetic,move that body
1NPTvQgmrxUHlvkhP2tucV,Drop In It - Radio Edit,Sergio Garabal,Drop In It,8/2/2024,20,163125,https://open.spotify.com/track/1NPTvQgmrxUHlvkhP2tucV,energetic,drop in it radio edit
4Q00FkuzwxFz5tUb8TQQF0,Love Yourself - Radio Edit,KTTK,Love Yourself,9/15/2023,19,172800,https://open.spotify.com/track/4Q00FkuzwxFz5tUb8TQQF0,energetic,love yourself radio edit
0YWSHZIpNUeLskM7IGbutP,Sensuality,"Tom Pulse, Ron van den Beuken, Elaya",Sensuality,11/29/2024,20,215142,https://open.spotify.com/track/0YWSHZIpNUeLskM7IGbutP,energetic,sensuality
0UdnJtliOTVBGNPjhOWmZC,That Talk,"Boix & Breakloop, Fercho Energy",That Talk,3/24/2023,19,145352,https://open.spotify.com/track/0UdnJtliOTVBGNPjhOWmZC,energetic,that talk
0hf2qxxgmINFsgBitgsn8n,Come Back Again,Miguel Brooker,Come Back Again,8/16/2024,20,213750,https://open.spotify.com/track/0hf2qxxgmINFsgBitgsn8n,energetic,come back again
5JD4bqO84eLuI8PllyEN3r,RAGE - Radio Edit,"Yves Labordus, SANRO",RAGE,1/26/2024,19,168750,https://open.spotify.com/track/5JD4bqO84eLuI8PllyEN3r,energetic,rage radio edit
08IUoMBOiYXSqupOO1niUH,Getaway,"maloww., SKILE",Getaway,10/27/2023,20,137952,https://open.spotify.com/track/08IUoMBOiYXSqupOO1niUH,energetic,getaway
4wTphUrpm7BLDdLzfPgjHO,Feels Right (VIP Remix) - Radio Edit,"Jake Silva, Frankie Sims",Feels Right (VIP Remix),4/5/2024,21,202500,https://open.spotify.com/track/4wTphUrpm7BLDdLzfPgjHO,energetic,feels right vip remix radio edit
0zfjeMkX35e56y2rr9VXZY,Losing My Mind - Radio Edit,Fenox,Losing My Mind,5/3/2024,19,129701,https://open.spotify.com/track/0zfjeMkX35e56y2rr9VXZY,energetic,losing my mind radio edit
1nlGvcnwmCb8j6h5j1gCgt,Feel Alive - Radio Edit,"LonelyBrothers, A17N, Kush Rust",Feel Alive,7/12/2024,19,177221,https://open.spotify.com/track/1nlGvcnwmCb8j6h5j1gCgt,energetic,feel alive radio edit
5cFJ8lWclvtb6cHoHOVNQt,Old Skool,DAN:ROS,Move That Body - EP,3/1/2024,20,190645,https://open.spotify.com/track/5cFJ8lWclvtb6cHoHOVNQt,energetic,old skool
23Q3n93peWMqkWHXrXVbSM,Enemy,Yves Labordus,Enemy,4/14/2023,20,180480,https://open.spotify.com/track/23Q3n93peWMqkWHXrXVbSM,energetic,enemy
0Z4xBtCQPotqtRmyLCf8Pw,Pa Que Sude - Radio Edit,"Carlos Pintor, Seiken, Kra Martinez, Aroa Fernandez",Pa Que Sude,6/28/2024,19,189799,https://open.spotify.com/track/0Z4xBtCQPotqtRmyLCf8Pw,energetic,pa que sude radio edit
2G8ZICvfVJGOTkWwYK3eDI,Try This,Cla$$y,Try This,11/1/2024,19,161280,https://open.spotify.com/track/2G8ZICvfVJGOTkWwYK3eDI,energetic,try this
4fvNPBpenpCHbeXG3YR7ZZ,Anything,"Ron van den Beuken, John Laurant, Ian Storm",Anything,10/27/2023,21,183809,https://open.spotify.com/track/4fvNPBpenpCHbeXG3YR7ZZ,energetic,anything
1tpRS1TpKSYtu477Nm1dtC,Think About You - Radio Edit,"Leveki, Conor Robertson",Think About You,7/19/2024,19,145176,https://open.spotify.com/track/1tpRS1TpKSYtu477Nm1dtC,energetic,think about you radio edit
23NNI7WYTyMyA1qEJxoGNF,Play Pretend - Radio Edit,"Jake Silva, Frankie Sims",Play Pretend,1/5/2024,20,231093,https://open.spotify.com/track/23NNI7WYTyMyA1qEJxoGNF,energetic,play pretend radio edit
6mSKq9kAyjQja2ek9cwXNk,Youth - Radio Edit,Ryan Vick,Youth,9/6/2024,18,156190,https://open.spotify.com/track/6mSKq9kAyjQja2ek9cwXNk,energetic,youth radio edit
420MmMpP4kqrFETpkIDQiz,Easy To Love - Radio Edit,Capsalon,Easy To Love,6/28/2024,20,172380,https://open.spotify.com/track/420MmMpP4kqrFETpkIDQiz,energetic,easy to love radio edit
38BJGtyG8ma7oL766d3UlC,Personal,"Andryx, Avsten",Personal,11/22/2024,21,149280,https://open.spotify.com/track/38BJGtyG8ma7oL766d3UlC,energetic,personal
7m8FJgpvIslgTnlClIAVJF,Speaking - Radio Edit,Jorn Pricez,Speaking,4/26/2024,19,174720,https://open.spotify.com/track/7m8FJgpvIslgTnlClIAVJF,energetic,speaking radio edit
1hZAQjRamWdWudm4E1sZjO,SOMMF,TKИ,SOMMF,6/7/2024,20,370285,https://open.spotify.com/track/1hZAQjRamWdWudm4E1sZjO,energetic,sommf
7jAujVlAs9lQXAMGQq7NrL,Dead To Me - Radio Edit,"Ritmo Kartel, Chris Ultranova, IVI",Dead To Me,4/26/2024,20,176190,https://open.spotify.com/track/7jAujVlAs9lQXAMGQq7NrL,energetic,dead to me radio edit
4no5BKoO7x2vA96oAoNEYS,California Nights - Radio Edit,"Under Above, Recap, Leela D",California Nights,1/26/2024,22,187000,https://open.spotify.com/track/4no5BKoO7x2vA96oAoNEYS,energetic,california nights radio edit
486wDNUIHHlO1nxBr6XZxa,Love For Me,DNVX,Love For Me,12/8/2023,20,142023,https://open.spotify.com/track/486wDNUIHHlO1nxBr6XZxa,energetic,love for me
2k7fBXaz2ROmUrudRZtdlL,Pessadou,Sergio Garabal,Pessadou,11/29/2024,19,146718,https://open.spotify.com/track/2k7fBXaz2ROmUrudRZtdlL,energetic,pessadou
17pHoCUNrHKiNg0jxvG53C,Ready Or Not - Radio Edit,Fein Cerra,Ready Or Not (Radio Edit),10/4/2024,19,167076,https://open.spotify.com/track/17pHoCUNrHKiNg0jxvG53C,energetic,ready or not radio edit
4jpHCSMMofosAchUl0eCwP,Heaven - Radio Edit,Nice & Wise,Heaven,4/12/2024,19,138387,https://open.spotify.com/track/4jpHCSMMofosAchUl0eCwP,energetic,heaven radio edit
0m0wn9gAD4jnbXgQEEK9NW,In My Mind,"Mr. Black & Blue, San Sebastian",In My Mind,11/15/2024,20,163857,https://open.spotify.com/track/0m0wn9gAD4jnbXgQEEK9NW,energetic,in my mind
13fiXmNAonAIe6PZccJRtU,Flashback - Radio Edit,Insimon,Flashback,7/5/2024,20,189375,https://open.spotify.com/track/13fiXmNAonAIe6PZccJRtU,energetic,flashback radio edit
3aUhuex5yqfj3MG00P9dob,My Mind,MÆDM,My Mind,7/14/2023,19,141428,https://open.spotify.com/track/3aUhuex5yqfj3MG00P9dob,energetic,my mind
5xDVHvRXNlkdyUnJ3tcDYW,Hydra,Sachin SSS,Hydra,5/24/2024,19,183307,https://open.spotify.com/track/5xDVHvRXNlkdyUnJ3tcDYW,energetic,hydra
4FLzByvX3GBCY6aHmGCNEz,NoNoNo,"Sydney Jo Jackson, Jefferson Nang",NoNoNo,8/4/2023,19,154418,https://open.spotify.com/track/4FLzByvX3GBCY6aHmGCNEz,energetic,nonono
4AX7VoxNzggggT5AVbs0MX,Run To You - Radio Edit,Daniele Sorrenti,Run To You,6/14/2024,19,180000,https://open.spotify.com/track/4AX7VoxNzggggT5AVbs0MX,energetic,run to you radio edit
0Op3kg0mc19HKyEvTjAhZT,Say It - Radio Edit,"Eligriv, Cactus Bram, AN3M",Say It,8/23/2024,19,204375,https://open.spotify.com/track/0Op3kg0mc19HKyEvTjAhZT,energetic,say it radio edit
2sSd34f54XigYa4qp9hhIT,Slipping Away,"This Culture, Gemma Fox",Slipping Away,5/26/2023,20,207360,https://open.spotify.com/track/2sSd34f54XigYa4qp9hhIT,energetic,slipping away
6EF0m5v7uptKBkIaFE1fX6,Stand By You,"TONE, Moav",Stand By You,6/9/2023,19,168846,https://open.spotify.com/track/6EF0m5v7uptKBkIaFE1fX6,energetic,stand by you
4Zh745pEjUIUKYhFSgeep2,Falling For U,Yves Labordus,Falling For U,5/5/2023,20,161250,https://open.spotify.com/track/4Zh745pEjUIUKYhFSgeep2,energetic,falling for u
04NKrybgiwgYY1Zp1IgmVJ,Eyes On Me,MadBoys,Eyes On Me,6/2/2023,19,187500,https://open.spotify.com/track/04NKrybgiwgYY1Zp1IgmVJ,energetic,eyes on me
38LLBhqVMgHQaTLbbqG1u7,Fire In Me,Yves Labordus,Fire In Me,5/26/2023,20,194285,https://open.spotify.com/track/38LLBhqVMgHQaTLbbqG1u7,energetic,fire in me
460kBkNeI4UcDonGWDssP4,MAMA,Terry Moon,MAMA,8/11/2023,19,174809,https://open.spotify.com/track/460kBkNeI4UcDonGWDssP4,energetic,mama
11sSfqxhUHHzRHLzQuHtoF,Close 2 Me - Radio Edit,Don Jack,Close 2 Me,9/22/2023,19,164307,https://open.spotify.com/track/11sSfqxhUHHzRHLzQuHtoF,energetic,close 2 me radio edit
2hDZq1rOVbci7JquPMq4rK,Tomorrow,"LOUKA, fuse., Jason Spark",Tomorrow,7/7/2023,20,142048,https://open.spotify.com/track/2hDZq1rOVbci7JquPMq4rK,energetic,tomorrow
02235mWJBOSuNhNYKs7opC,Green Lights,Xander Seddon,Green Lights,5/26/2023,20,221311,https://open.spotify.com/track/02235mWJBOSuNhNYKs7opC,energetic,green lights
43Sc6SlLwlVEdm5bbEC7rK,Healing (ft. MONA) - Radio Edit,"Amir Sohrab, MONA",Healing (ft. MONA),12/15/2023,21,162280,https://open.spotify.com/track/43Sc6SlLwlVEdm5bbEC7rK,energetic,healing ft mona radio edit
54vmmeze8seRzhbSWdUq8D,Watch me - Radio Edit,Xavi Mundo,Watch Me (Do My Thing),11/17/2023,19,161102,https://open.spotify.com/track/54vmmeze8seRzhbSWdUq8D,energetic,watch me radio edit
7x5EABhOCuYPohtd9IVlNb,I Wish I Knew - Millean. Remix,"Remy Cooper, Esther Van Hees, Millean.",I Wish I Knew (Millean. Remix),3/26/2021,20,225714,https://open.spotify.com/track/7x5EABhOCuYPohtd9IVlNb,energetic,i wish i knew millean remix
17eyFriYEAY26CDxMdwJuU,Dynamite - Radio Edit,"Mike Helan, Novell",Dynamite,6/7/2024,19,165314,https://open.spotify.com/track/17eyFriYEAY26CDxMdwJuU,energetic,dynamite radio edit
75omCpWEKygkHTwc5dNj7a,Etiquette - Radio Edit,Saint Rock,Etiquette,7/26/2024,19,214000,https://open.spotify.com/track/75omCpWEKygkHTwc5dNj7a,energetic,etiquette radio edit
7EaKDp6EmH6f41AAKWgmSC,Imagination,DNVX,Imagination,7/7/2023,21,155715,https://open.spotify.com/track/7EaKDp6EmH6f41AAKWgmSC,energetic,imagination
2D7hGWADliEQ4TNQQLkrH0,Missing You - Radio Edit,Scott Forshaw,Missing You,7/26/2024,19,193714,https://open.spotify.com/track/2D7hGWADliEQ4TNQQLkrH0,energetic,missing you radio edit
4MX9KdABNkzhz7z5aS8Kaf,To Life,DNVX,To Life,11/22/2024,20,139047,https://open.spotify.com/track/4MX9KdABNkzhz7z5aS8Kaf,energetic,to life
6BkibPTNP9QxYekq79LP2t,Free Bitch,DEEPOR,Free Bitch,2/2/2024,19,198245,https://open.spotify.com/track/6BkibPTNP9QxYekq79LP2t,energetic,free bitch
5Uv7QT788W0qTTATdiV4gi,Make Me Feel - Radio Edit,"Simon Miles, LizAnn",Make Me Feel,7/5/2024,19,207619,https://open.spotify.com/track/5Uv7QT788W0qTTATdiV4gi,energetic,make me feel radio edit
7h6j9yVJb8yszx56a91ElI,This Is The Future,"Red Motion, First Crush",This Is The Future,4/14/2023,19,166879,https://open.spotify.com/track/7h6j9yVJb8yszx56a91ElI,energetic,this is the future
202gOUWevwVBnpMrpUnw42,Ready For This - Radio Edit,DAN:ROS,Ready For This,10/13/2023,20,185759,https://open.spotify.com/track/202gOUWevwVBnpMrpUnw42,energetic,ready for this radio edit
4TjDvoIF3F9G8eBvSU5f5N,Punto Central - Radio Edit,"LV, LVKE, Gio Baby",Punto Central,4/19/2024,19,121846,https://open.spotify.com/track/4TjDvoIF3F9G8eBvSU5f5N,energetic,punto central radio edit
17QTqg1HbhSuy2MhJQQMZg,I am Home - Radio Edit,Max Mackie,I Am Home,11/3/2023,19,124761,https://open.spotify.com/track/17QTqg1HbhSuy2MhJQQMZg,energetic,i am home radio edit
55cE87fOVzvN52J6pQHEi9,Call Me - Radio Edit,Drop The Cheese,Call Me,6/21/2024,19,140624,https://open.spotify.com/track/55cE87fOVzvN52J6pQHEi9,energetic,call me radio edit
6CteTmP7mLHCh4yiJiywBQ,Not Afraid - Radio Edit,"Krexxton, Lodyna",Not Afraid,5/3/2024,19,180484,https://open.spotify.com/track/6CteTmP7mLHCh4yiJiywBQ,energetic,not afraid radio edit
0nGQdmGaJRSnfHtfgW0izi,I Need More (feat. Emily Sambrook) - Radio Edit,"MarVes, Synthodic, Emily Sambrook",I Need More (feat. Emily Sambrook),6/14/2024,19,160000,https://open.spotify.com/track/0nGQdmGaJRSnfHtfgW0izi,energetic,i need more feat emily sambrook radio edit
1sMO4s1RyZafyjdxkFbvOr,Something In The Water - Radio Edit,Naizon,Something In The Water,8/16/2024,20,176666,https://open.spotify.com/track/1sMO4s1RyZafyjdxkFbvOr,energetic,something in the water radio edit
6b0MSrnKsKr7seGdmQORga,Don't Understand - Radio Edit,LV,Don't Understand,5/10/2024,19,161434,https://open.spotify.com/track/6b0MSrnKsKr7seGdmQORga,energetic,dont understand radio edit
7e5plDS1dm8nCMGTQoocwH,Right Now - Radio Edit,This Culture,Right Now,12/1/2023,20,190476,https://open.spotify.com/track/7e5plDS1dm8nCMGTQoocwH,energetic,right now radio edit
4FJGyLgj3XxVbmG010l3mt,Upgraded,"Xpilot, Paulik",Upgraded,1/17/2025,19,167040,https://open.spotify.com/track/4FJGyLgj3XxVbmG010l3mt,energetic,upgraded
7FZWsepAFzANyLHVJ57TKi,Feel It - Radio Edit,Onur Enfal,Feel It,2/2/2024,18,188232,https://open.spotify.com/track/7FZWsepAFzANyLHVJ57TKi,energetic,feel it radio edit
1XTjMK2klkGRvkWyEr9UeY,Nexus,RealSounds,Nexus,2/14/2025,19,144761,https://open.spotify.com/track/1XTjMK2klkGRvkWyEr9UeY,energetic,nexus
2ULxuoch5HTZMySBCU0U7D,Bolana,"Lucky Guess, Thvndex",Bolana,9/13/2024,18,140717,https://open.spotify.com/track/2ULxuoch5HTZMySBCU0U7D,energetic,bolana
5psGNl0xdFqvFp2RjT9wJP,Lonely - Radio Edit,Jora,Lonely,6/14/2024,19,200524,https://open.spotify.com/track/5psGNl0xdFqvFp2RjT9wJP,energetic,lonely radio edit
2huKXu9pDX24HxFhcXcQx1,D!cknapped! - Radio Edit,"Rebel Nation, Liam Rydall, MORY",D!cknapped,6/28/2024,19,160000,https://open.spotify.com/track/2huKXu9pDX24HxFhcXcQx1,energetic,dcknapped radio edit
3WJaYgk5I7qpePVPi7WkHs,Stay With Me - Radio Edit,"TSNR, T3rminal",Stay With Me,5/24/2024,19,194285,https://open.spotify.com/track/3WJaYgk5I7qpePVPi7WkHs,energetic,stay with me radio edit
12wiPS9hNfinN1pa6THLot,Pleasure - Radio Edit,So Worry,Pleasure,5/24/2024,20,155156,https://open.spotify.com/track/12wiPS9hNfinN1pa6THLot,energetic,pleasure radio edit
4EvK0MGG9jgJUIYoosPeix,Feels Right,Aresta,Feels Right,6/16/2023,22,160000,https://open.spotify.com/track/4EvK0MGG9jgJUIYoosPeix,energetic,feels right
2maq1l3VPnSdXkyrgI5AYx,Orale,Jaecjoss,Orale,3/10/2023,19,129716,https://open.spotify.com/track/2maq1l3VPnSdXkyrgI5AYx,energetic,orale
6wp8r8toIpMQSiA8XVHu82,Reality - Radio Edit,Alex laray,Reality (Radio Edit),10/11/2024,21,161430,https://open.spotify.com/track/6wp8r8toIpMQSiA8XVHu82,energetic,reality radio edit
2gIqPTyBD9xAPxNfesaQaW,Better - Radio Edit,"LYAN, Triana",Better,8/9/2024,19,188160,https://open.spotify.com/track/2gIqPTyBD9xAPxNfesaQaW,energetic,better radio edit
0UsJHpsc4KeZRbULd20zbr,Favorite Sound - Radio Edit,MØRS,Favorite Sound,11/10/2023,19,174283,https://open.spotify.com/track/0UsJHpsc4KeZRbULd20zbr,energetic,favorite sound radio edit
6bhbuWDvTchQfHFDhKBUBv,White Room - Radio Edit,"SRNDE, Gentleman Underground",White Room (Radio Edit),12/1/2023,21,224516,https://open.spotify.com/track/6bhbuWDvTchQfHFDhKBUBv,energetic,white room radio edit
7mFhbVevVdpqqAm0iKfBVs,Tiki Tiki - Radio Edit,Jora,Tiki Tiki,11/24/2023,19,158520,https://open.spotify.com/track/7mFhbVevVdpqqAm0iKfBVs,energetic,tiki tiki radio edit
7yWTocQOQ4Jew4zHNLRf5A,Reality - Radio Edit,Under Above,Reality,2/10/2023,21,160645,https://open.spotify.com/track/7yWTocQOQ4Jew4zHNLRf5A,energetic,reality radio edit
1dT18epBiTnWALhfQBWEyH,El Ritmo,MICO,El Ritmo,5/5/2023,14,121992,https://open.spotify.com/track/1dT18epBiTnWALhfQBWEyH,energetic,el ritmo
21VbNUJQASI8TMvflZsVfe,Ra Ba Bam - Radio Edit,JDMAJ,Ra Ba Bam (Radio Edit),10/11/2024,12,187741,https://open.spotify.com/track/21VbNUJQASI8TMvflZsVfe,energetic,ra ba bam radio edit
2VRKSsojaKhW9o23mqNQxU,Erasure - Radio Edit,Xpilot,Erasure,6/14/2024,12,155076,https://open.spotify.com/track/2VRKSsojaKhW9o23mqNQxU,energetic,erasure radio edit
457nndOX1mHGlFMNQ800IO,When I Was,M.A.G.M.A.,When I Was,8/23/2024,12,198095,https://open.spotify.com/track/457nndOX1mHGlFMNQ800IO,energetic,when i was
4jVE42BMlgzF4K8QzxfKio,Movin' - Radio Edit,Aslan,Movin',1/26/2024,16,255000,https://open.spotify.com/track/4jVE42BMlgzF4K8QzxfKio,energetic,movin radio edit
26esXiO1Q69sDCnUtJIbvz,Like A D#ug - Radio Edit,JDMAJ,Like A D#ug,3/15/2024,11,245714,https://open.spotify.com/track/26esXiO1Q69sDCnUtJIbvz,energetic,like a dug radio edit
6PZO3nTsjAImDHr16q3aqT,Fire - Radio Edit,Don Jack,Fire (Radio Edit),9/27/2024,11,220028,https://open.spotify.com/track/6PZO3nTsjAImDHr16q3aqT,energetic,fire radio edit
1JVh0Fgztd6RTI9yltteJR,Ground - Radio Edit,NIng,Totem - EP,3/22/2024,9,250434,https://open.spotify.com/track/1JVh0Fgztd6RTI9yltteJR,energetic,ground radio edit
7mFHk4LPQ3x7D3RJ4GhCla,Viper - Radio Edit,NIng,Totem - EP,3/22/2024,10,281142,https://open.spotify.com/track/7mFHk4LPQ3x7D3RJ4GhCla,energetic,viper radio edit
0NTMtAO2BV4tnGvw9EgBVq,Bitch Better Have My Money,Rihanna,Bitch Better Have My Money,3/26/2015,73,219305,https://open.spotify.com/track/0NTMtAO2BV4tnGvw9EgBVq,energetic,bitch better have my money
3dFwpxh2yH7C7p9BGEKLVB,Goodies (feat. Petey Pablo),"Ciara, Petey Pablo",Goodies,9/27/2004,68,223000,https://open.spotify.com/track/3dFwpxh2yH7C7p9BGEKLVB,energetic,goodies feat petey pablo
5UncbfPKpWlxsWWyhmM87l,Physical,Dua Lipa,Future Nostalgia (The Moonlight Edition),2/11/2021,62,193829,https://open.spotify.com/track/5UncbfPKpWlxsWWyhmM87l,energetic,physical
1MnYnayoEmTfZTM7GoPJGM,Here All Night,Demi Lovato,Here All Night,9/12/2025,69,176832,https://open.spotify.com/track/1MnYnayoEmTfZTM7GoPJGM,energetic,here all night
1MaI6NwdrqnE3mRzOYTpoo,Bomb Intro / Pass That Dutch,Missy Elliott,This Is Not a Test!,11/1/2003,60,217200,https://open.spotify.com/track/1MaI6NwdrqnE3mRzOYTpoo,energetic,bomb intro pass that dutch
5EGPf0nqO7vEIwsOX6Er98,Obsessed,Mariah Carey,Memoirs of an imperfect Angel (International Version),9/29/2009,81,242200,https://open.spotify.com/track/5EGPf0nqO7vEIwsOX6Er98,energetic,obsessed
6ocbgoVGwYJhOv1GgI9NsF,7 rings,Ariana Grande,"thank u, next",2/8/2019,84,178626,https://open.spotify.com/track/6ocbgoVGwYJhOv1GgI9NsF,energetic,7 rings
5SixeLvPsYpk7qq9lo5xYg,Have Mercy,Chlöe,Have Mercy,9/10/2021,64,148778,https://open.spotify.com/track/5SixeLvPsYpk7qq9lo5xYg,energetic,have mercy
0HD8mbiPjp3o94X3EaZp0o,exes,Tate McRae,exes,11/17/2023,4,159400,https://open.spotify.com/track/0HD8mbiPjp3o94X3EaZp0o,energetic,exes
2ZqTbIID9vFPTXaGyzbb4q,Neva Play (feat. RM of BTS),"Megan Thee Stallion, RM",Neva Play (feat. RM of BTS),9/6/2024,66,157173,https://open.spotify.com/track/2ZqTbIID9vFPTXaGyzbb4q,energetic,neva play feat rm of bts
1xemKSmCnH59ze3KX5wwgH,Demons,Doja Cat,Demons,8/31/2023,53,195575,https://open.spotify.com/track/1xemKSmCnH59ze3KX5wwgH,energetic,demons
4Oun2ylbjFKMPTiaSbbCih,WAP (feat. Megan Thee Stallion),"Cardi B, Megan Thee Stallion",WAP (feat. Megan Thee Stallion),8/7/2020,74,187541,https://open.spotify.com/track/4Oun2ylbjFKMPTiaSbbCih,energetic,wap feat megan thee stallion
2dKkVF2m160z0RNDN2dddc,NISSAN ALTIMA,Doechii,Alligator Bites Never Heal,8/30/2024,76,126832,https://open.spotify.com/track/2dKkVF2m160z0RNDN2dddc,energetic,nissan altima
5RhFmJifQe83FpQ6ZFFTZ5,"I am not a woman, I'm a god",Halsey,"If I Can’t Have Love, I Want Power",8/27/2021,54,176413,https://open.spotify.com/track/5RhFmJifQe83FpQ6ZFFTZ5,energetic,i am not a woman im a god
3KliPMvk1EvFZu9cvkj8p1,Work Bitch,Britney Spears,Britney Jean (Deluxe Version),11/30/2013,69,247960,https://open.spotify.com/track/3KliPMvk1EvFZu9cvkj8p1,energetic,work bitch
646pXmilpKaPZIjgHzwPhR,Pretty Girls Walk,Big Boss Vette,Pretty Girls Walk,10/14/2022,65,140053,https://open.spotify.com/track/646pXmilpKaPZIjgHzwPhR,energetic,pretty girls walk
4fDTuWwA7vHfHFTnI42Wom,Revolver (feat. Lil Wayne) - Madonna vs. David Guetta One Love Remix,"Madonna, Lil Wayne, David Guetta",Revolver,12/25/2009,37,196946,https://open.spotify.com/track/4fDTuWwA7vHfHFTnI42Wom,energetic,revolver feat lil wayne madonna vs david guetta one love remix
0o7fAE9dLRLx4kGMh3QFot,Fast,Demi Lovato,Fast,8/1/2025,68,181586,https://open.spotify.com/track/0o7fAE9dLRLx4kGMh3QFot,energetic,fast
4wH4dJgrsxONID6KS2tDQM,Maneater,Nelly Furtado,Loose,1/1/2006,84,258893,https://open.spotify.com/track/4wH4dJgrsxONID6KS2tDQM,energetic,maneater
4M7aciOBSbGnh1bN3YbuS0,Anaconda,Nicki Minaj,The Pinkprint,12/12/2014,62,260239,https://open.spotify.com/track/4M7aciOBSbGnh1bN3YbuS0,energetic,anaconda
1TOKDNTBEnlhcXzvLinKgd,I Kissed A Girl - Rock Remix,Katy Perry,One Of The Boys,6/17/2008,50,176762,https://open.spotify.com/track/1TOKDNTBEnlhcXzvLinKgd,energetic,i kissed a girl rock remix
78qd8dvwea0Gosb6Fe6j3k,Boss Bitch,Doja Cat,Boss Bitch,1/23/2020,74,134239,https://open.spotify.com/track/78qd8dvwea0Gosb6Fe6j3k,energetic,boss bitch
06IZo6f9idHrryBnFoyoHd,Boys Wanna Be Her,Peaches,Impeach My Bush,7/11/2006,46,235480,https://open.spotify.com/track/06IZo6f9idHrryBnFoyoHd,energetic,boys wanna be her
0FZUbqZ1x2G71vl027d8Ud,Hot Girl (Bodies Bodies Bodies),Charli xcx,Hot Girl (Bodies Bodies Bodies),7/27/2022,58,157078,https://open.spotify.com/track/0FZUbqZ1x2G71vl027d8Ud,energetic,hot girl bodies bodies bodies
3QSjVPObHxuAJc3E5nrjRn,VILLAIN,"K/DA, Madison Beer, Kim Petras, League of Legends",ALL OUT,11/6/2020,54,199125,https://open.spotify.com/track/3QSjVPObHxuAJc3E5nrjRn,energetic,villain
48C9sYkAOavqzFn77bxGR3,Toxic - Y2K & Alexander Lewis Remix,"Britney Spears, Y2K, Alexander Lewis",Toxic (Y2K & Alexander Lewis Remix),1/31/2020,51,106329,https://open.spotify.com/track/48C9sYkAOavqzFn77bxGR3,energetic,toxic y2k alexander lewis remix
0A1hoCfMLkiAgvhWkkucJa,Body,Megan Thee Stallion,Good News,11/20/2020,67,171067,https://open.spotify.com/track/0A1hoCfMLkiAgvhWkkucJa,energetic,body
7mzQFrKyyde7StPaXLss4K,Video Phone (feat. Lady Gaga),"Beyoncé, Lady Gaga, William Burke",Video Phone,12/21/2009,33,304746,https://open.spotify.com/track/7mzQFrKyyde7StPaXLss4K,energetic,video phone feat lady gaga
02nTpchENdZ4Nm8AfTmrFv,Conceited,Flo Milli,Conceited,6/17/2022,52,147340,https://open.spotify.com/track/02nTpchENdZ4Nm8AfTmrFv,energetic,conceited
2bocAPQcUTLUXx8lAOTiK3,Team,Iggy Azalea,Team,3/18/2016,58,209466,https://open.spotify.com/track/2bocAPQcUTLUXx8lAOTiK3,energetic,team
4v5kAh2wWyCSuKuhMJK8u6,Long Way 2 Go,Cassie,Cassie (U.S. Version),8/7/2006,80,220639,https://open.spotify.com/track/4v5kAh2wWyCSuKuhMJK8u6,energetic,long way 2 go
1ICV1zuhS5APyRDXhifYJO,Sour Cherry,The Kills,Midnight Boom,3/8/2008,38,188946,https://open.spotify.com/track/1ICV1zuhS5APyRDXhifYJO,energetic,sour cherry
79AHPJd8upvNxyK2qQcY8J,HISS,Megan Thee Stallion,HISS,1/26/2024,61,192818,https://open.spotify.com/track/79AHPJd8upvNxyK2qQcY8J,energetic,hiss
3BxWKCI06eQ5Od8TY2JBeA,Buttons,The Pussycat Dolls,PCD,1/1/2005,70,225560,https://open.spotify.com/track/3BxWKCI06eQ5Od8TY2JBeA,energetic,buttons
6KBYefIoo7KydImq1uUQlL,Bodak Yellow,Cardi B,Invasion of Privacy,4/6/2018,72,223712,https://open.spotify.com/track/6KBYefIoo7KydImq1uUQlL,energetic,bodak yellow
62VpKdGyA7OIyUCj3a3LPU,5 in the Morning,Charli xcx,5 in the Morning,5/31/2018,45,169596,https://open.spotify.com/track/62VpKdGyA7OIyUCj3a3LPU,energetic,5 in the morning
1uNePI826aqh9uC9pgbeHU,Tia Tamera (feat. Rico Nasty),"Doja Cat, Rico Nasty",Amala (Deluxe Version),3/1/2019,70,211013,https://open.spotify.com/track/1uNePI826aqh9uC9pgbeHU,energetic,tia tamera feat rico nasty
5LTdRSQOg63EazLbKZbWn2,My Type (feat. City Girls & Jhené Aiko) - Remix,"Saweetie, Jhené Aiko, City Girls",My Type (feat. City Girls & Jhené Aiko) [Remix],8/23/2019,59,172313,https://open.spotify.com/track/5LTdRSQOg63EazLbKZbWn2,energetic,my type feat city girls jhen aiko remix
1FKxKGONukVFXWVJxAKmlz,Sweet Dreams,Beyoncé,I AM...SASHA FIERCE,11/14/2008,67,208066,https://open.spotify.com/track/1FKxKGONukVFXWVJxAKmlz,energetic,sweet dreams
2hKYtHbwYOSjvYQhVdUpdQ,TGIF,GloRilla,TGIF,6/21/2024,65,164571,https://open.spotify.com/track/2hKYtHbwYOSjvYQhVdUpdQ,energetic,tgif
0awvRwer2ByXjyDSON60Q3,Radar,Britney Spears,Circus (Deluxe Version),12/2/2008,46,228413,https://open.spotify.com/track/0awvRwer2ByXjyDSON60Q3,energetic,radar
2GGMabyHXnJmjY6CXhhB2e,Money,Cardi B,Money,10/23/2018,70,183527,https://open.spotify.com/track/2GGMabyHXnJmjY6CXhhB2e,energetic,money
4EfN6bixdOOgoLYR5C4cWo,Birthday Cake,Rihanna,Talk That Talk,11/19/2011,57,78200,https://open.spotify.com/track/4EfN6bixdOOgoLYR5C4cWo,energetic,birthday cake
6ic8OlLUNEATToEFU3xmaH,Gimme More,Britney Spears,Blackout,10/25/2007,84,251240,https://open.spotify.com/track/6ic8OlLUNEATToEFU3xmaH,energetic,gimme more
5zNW5ARjYhJQJz1AChP33n,Thot Shit,Megan Thee Stallion,Thot Shit,6/11/2021,65,184634,https://open.spotify.com/track/5zNW5ARjYhJQJz1AChP33n,energetic,thot shit
3jagJCUbdqhDSPuxP8cAqF,Work It,Missy Elliott,Under Construction,11/12/2002,71,263226,https://open.spotify.com/track/3jagJCUbdqhDSPuxP8cAqF,energetic,work it
5BsGmbPJyupA70FlD7NtbS,Luxury,Azealia Banks,Broke with Expensive Taste,11/7/2014,67,168096,https://open.spotify.com/track/5BsGmbPJyupA70FlD7NtbS,energetic,luxury
4ZtFanR9U6ndgddUvNcjcG,good 4 u,Olivia Rodrigo,SOUR,5/21/2021,81,178146,https://open.spotify.com/track/4ZtFanR9U6ndgddUvNcjcG,energetic,good 4 u
2tpfxAXiI52znho4WE3XFA,Talking Body,Tove Lo,Queen Of The Clouds,9/24/2014,70,238426,https://open.spotify.com/track/2tpfxAXiI52znho4WE3XFA,energetic,talking body
4svZDCRz4cJoneBpjpx8DJ,I Did Something Bad,Taylor Swift,reputation,11/10/2017,73,238253,https://open.spotify.com/track/4svZDCRz4cJoneBpjpx8DJ,energetic,i did something bad
3XF5xLJHOQQRbWya6hBp7d,you should see me in a crown,Billie Eilish,"WHEN WE ALL FALL ASLEEP, WHERE DO WE GO?",3/29/2019,75,180952,https://open.spotify.com/track/3XF5xLJHOQQRbWya6hBp7d,energetic,you should see me in a crown
2lqHDG4oecllOc2GyeKOZh,Make It Look Sexy,Stunna Sandy,Make It Look Sexy,9/6/2024,61,156471,https://open.spotify.com/track/2lqHDG4oecllOc2GyeKOZh,energetic,make it look sexy
6ldwfK0yWgTAlmIfuQkTYN,I'm a Slave 4 U,Britney Spears,Britney (Digital Deluxe Version),10/31/2001,73,203600,https://open.spotify.com/track/6ldwfK0yWgTAlmIfuQkTYN,energetic,im a slave 4 u
3Y1EvIgEVw51XtgNEgpz5c,Von dutch,Charli xcx,BRAT,6/7/2024,79,164284,https://open.spotify.com/track/3Y1EvIgEVw51XtgNEgpz5c,energetic,von dutch
6IbnUaczZBT34DhaD6S18F,Bubblegum Bitch,MARINA,Electra Heart (Deluxe),4/27/2012,79,154666,https://open.spotify.com/track/6IbnUaczZBT34DhaD6S18F,energetic,bubblegum bitch
1gZ7i4qxXkHZb1r6eioaAP,Don't Cha,"The Pussycat Dolls, Busta Rhymes",PCD,1/1/2005,68,272080,https://open.spotify.com/track/1gZ7i4qxXkHZb1r6eioaAP,energetic,dont cha
0UaMYEvWZi0ZqiDOoHU3YI,Lose Control (feat. Ciara & Fat Man Scoop),"Missy Elliott, Ciara, Fatman Scoop",The Cookbook,7/4/2005,67,226863,https://open.spotify.com/track/0UaMYEvWZi0ZqiDOoHU3YI,energetic,lose control feat ciara fat man scoop
4UQijskfH7GRycjz77buzW,Yummy - Righteous Remix,"Ayesha Erotica, Mo Beats",Yummy (Righteous Remix),12/1/2023,74,164001,https://open.spotify.com/track/4UQijskfH7GRycjz77buzW,energetic,yummy righteous remix
5b3XJ1pjrHO5JtY2PcTjnI,Mamushi (feat. Yuki Chiba),"Megan Thee Stallion, 千葉雄喜",MEGAN,6/28/2024,72,156988,https://open.spotify.com/track/5b3XJ1pjrHO5JtY2PcTjnI,energetic,mamushi feat yuki chiba
68rqXl8LTdwEd2u0QMkWvi,Ooh Ooh Baby,Britney Spears,Blackout,10/25/2007,49,208133,https://open.spotify.com/track/68rqXl8LTdwEd2u0QMkWvi,energetic,ooh ooh baby
3kMrazSvILsgcwtidZd1Qd,Bulletproof,La Roux,La Roux,2009,73,205733,https://open.spotify.com/track/3kMrazSvILsgcwtidZd1Qd,energetic,bulletproof
20FZrLl9zSbO9b3DhaqO6M,23,"Mike WiLL Made-It, Miley Cyrus, Wiz Khalifa, Juicy J",23,1/1/2013,70,252520,https://open.spotify.com/track/20FZrLl9zSbO9b3DhaqO6M,energetic,23
4vOoQh9MhS9pyrbvc8LyMz,Can't Tame Her,Zara Larsson,Can't Tame Her,1/26/2023,61,196939,https://open.spotify.com/track/4vOoQh9MhS9pyrbvc8LyMz,energetic,cant tame her
5N1o6d8zGcSZSeMFkOUQOk,Hot Girl Summer (feat. Nicki Minaj & Ty Dolla $ign),"Megan Thee Stallion, Ty Dolla $ign, Nicki Minaj",Hot Girl Summer (feat. Nicki Minaj & Ty Dolla $ign),8/9/2019,60,199427,https://open.spotify.com/track/5N1o6d8zGcSZSeMFkOUQOk,energetic,hot girl summer feat nicki minaj ty dolla ign
52K4Nl7eVNqUpUeJeWJlwT,Break the Ice,Britney Spears,Blackout,10/25/2007,64,196053,https://open.spotify.com/track/52K4Nl7eVNqUpUeJeWJlwT,energetic,break the ice
2OUK5td58k4BV2GvFdfdzr,Where Them Girls At,Megan Thee Stallion,MEGAN,6/28/2024,57,191711,https://open.spotify.com/track/2OUK5td58k4BV2GvFdfdzr,energetic,where them girls at
1iOdhNBdePXR632DhYZVO2,Booty Drop,Doechii,Booty Drop,8/18/2023,55,159560,https://open.spotify.com/track/1iOdhNBdePXR632DhYZVO2,energetic,booty drop
06spxvvLVo3m1GV3jT0ZjP,My Oh My (with Bebe Rexha & Tove Lo),"Kylie Minogue, Bebe Rexha, Tove Lo",My Oh My (with Bebe Rexha & Tove Lo),7/11/2024,46,181146,https://open.spotify.com/track/06spxvvLVo3m1GV3jT0ZjP,energetic,my oh my with bebe rexha tove lo
0hquQWY3xvYqN4qtiquniF,Vegas (From the Original Motion Picture Soundtrack ELVIS),Doja Cat,Vegas (From the Original Motion Picture Soundtrack ELVIS),5/6/2022,71,182906,https://open.spotify.com/track/0hquQWY3xvYqN4qtiquniF,energetic,vegas from the original motion picture soundtrack elvis
71vsEyBd4X1D5BUmLdFSVH,Black Widow,"Iggy Azalea, Rita Ora",The New Classic,1/1/2014,67,209423,https://open.spotify.com/track/71vsEyBd4X1D5BUmLdFSVH,energetic,black widow
1oHClQEgDmmbcEx12Kc5nZ,4 Minutes (feat. Justin Timberlake & Timbaland),"Madonna, Justin Timberlake, Timbaland",Celebration (double disc version),9/18/2009,76,189693,https://open.spotify.com/track/1oHClQEgDmmbcEx12Kc5nZ,energetic,4 minutes feat justin timberlake timbaland
6g0Orsxv6glTJCt4cHsRsQ,Formation,Beyoncé,Lemonade,4/23/2016,69,206080,https://open.spotify.com/track/6g0Orsxv6glTJCt4cHsRsQ,energetic,formation
2Mpj1Ul5OFPyyP4wB62Rvi,Survivor,Destiny's Child,Survivor,5/1/2001,69,254026,https://open.spotify.com/track/2Mpj1Ul5OFPyyP4wB62Rvi,energetic,survivor
3W3KtDwAIg3mAruSpnfG3Q,Fancy,"Iggy Azalea, Charli xcx",The New Classic (Deluxe Version),1/1/2014,69,199938,https://open.spotify.com/track/3W3KtDwAIg3mAruSpnfG3Q,energetic,fancy
5EcG8eMMlwkHRVa4aTR1qd,Breakin' Dishes,Rihanna,Good Girl Gone Bad,1/1/2007,77,200573,https://open.spotify.com/track/5EcG8eMMlwkHRVa4aTR1qd,energetic,breakin dishes
741UUVE2kuITl0c6zuqqbO,Barbie World (with Aqua) [From Barbie The Album],"Nicki Minaj, Ice Spice, Aqua",Barbie World (with Aqua) [From Barbie The Album],6/23/2023,68,109750,https://open.spotify.com/track/741UUVE2kuITl0c6zuqqbO,energetic,barbie world with aqua from barbie the album
2g1KggY9PKvsoEAOaiz4xx,Daisy,Ashnikko,DEMIDEVIL,1/15/2021,67,146523,https://open.spotify.com/track/2g1KggY9PKvsoEAOaiz4xx,energetic,daisy
24XihnoVPWXlKJ4BgXqjVM,It's ok I'm ok,Tate McRae,It's ok I'm ok,9/12/2024,73,156521,https://open.spotify.com/track/24XihnoVPWXlKJ4BgXqjVM,energetic,its ok im ok
6MP5WAK2U7gKWldflqhPCr,ICY GRL (feat. Kehlani) - Bae Mix,"Saweetie, Kehlani",ICY GRL (feat. Kehlani) [Bae Mix],4/28/2018,44,148117,https://open.spotify.com/track/6MP5WAK2U7gKWldflqhPCr,energetic,icy grl feat kehlani bae mix
6dPyzkyZwoj9LqjQXOFdVv,Press,Cardi B,Press,5/31/2019,62,143791,https://open.spotify.com/track/6dPyzkyZwoj9LqjQXOFdVv,energetic,press
6D8y7Bck8h11byRY88Pt2z,Houdini,Dua Lipa,Radical Optimism,5/3/2024,81,185917,https://open.spotify.com/track/6D8y7Bck8h11byRY88Pt2z,energetic,houdini
1P17dC1amhFzptugyAO7Il,Look What You Made Me Do,Taylor Swift,reputation,11/10/2017,79,211853,https://open.spotify.com/track/1P17dC1amhFzptugyAO7Il,energetic,look what you made me do
2u3hKhl5ltq0gbFo8ivsbB,Pretty Girls,Flo Milli,"You Still Here, Ho ?",7/20/2022,43,138240,https://open.spotify.com/track/2u3hKhl5ltq0gbFo8ivsbB,energetic,pretty girls
2ZCu2xskiEBCV3y0eu0zJG,Treat Me,Chlöe,Treat Me,4/8/2022,53,149865,https://open.spotify.com/track/2ZCu2xskiEBCV3y0eu0zJG,energetic,treat me
1Hohk6AufHZOrrhMXZppax,ALIEN SUPERSTAR,Beyoncé,RENAISSANCE,7/29/2022,67,215459,https://open.spotify.com/track/1Hohk6AufHZOrrhMXZppax,energetic,alien superstar
4KTtYhxFtFL7mBwnjkKfLm,Glamorous,"Fergie, Ludacris",The Dutchess,9/13/2006,70,246573,https://open.spotify.com/track/4KTtYhxFtFL7mBwnjkKfLm,energetic,glamorous
41nT1Sp6ChR65FbsdLlFHW,Bootylicious,Destiny's Child,Survivor,5/1/2001,61,207906,https://open.spotify.com/track/41nT1Sp6ChR65FbsdLlFHW,energetic,bootylicious
4CPuDVC8jhhK6lA2DIt8Cf,Born Again (feat. Doja Cat & RAYE),"LISA, Doja Cat, RAYE",Born Again (feat. Doja Cat & RAYE),2/6/2025,72,231174,https://open.spotify.com/track/4CPuDVC8jhhK6lA2DIt8Cf,energetic,born again feat doja cat raye
70ebKSMHvkUSg7JXgUz74Q,Break the Rules,Charli xcx,SUCKER,2/9/2015,57,203907,https://open.spotify.com/track/70ebKSMHvkUSg7JXgUz74Q,energetic,break the rules
5knSvwiFenQOkDoriHi2Rg,Love Me Land,Zara Larsson,Poster Girl,3/4/2021,51,160316,https://open.spotify.com/track/5knSvwiFenQOkDoriHi2Rg,energetic,love me land
5fK0Q3j2iUcQtiRDXlPW0K,Want To,Dua Lipa,Want To,9/6/2018,51,211817,https://open.spotify.com/track/5fK0Q3j2iUcQtiRDXlPW0K,energetic,want to
6nzXkCBOhb2mxctNihOqbb,Bad Girls,M.I.A.,Matangi,1/1/2013,73,227520,https://open.spotify.com/track/6nzXkCBOhb2mxctNihOqbb,energetic,bad girls
3ytbtkmMnkfwMrBi32a7FD,Like What (Freestyle),Cardi B,Like What (Freestyle),3/1/2024,58,136400,https://open.spotify.com/track/3ytbtkmMnkfwMrBi32a7FD,energetic,like what freestyle
3rKCDtV8UcF0RytSiXxypc,Get Up (feat. Chamillionaire),"Ciara, Chamillionaire",The Evolution,2006,65,261880,https://open.spotify.com/track/3rKCDtV8UcF0RytSiXxypc,energetic,get up feat chamillionaire
5Pj9iXYfe607U62YwSF5rC,Daddy AF,Slayyyter,Daddy AF,5/15/2019,48,151866,https://open.spotify.com/track/5Pj9iXYfe607U62YwSF5rC,energetic,daddy af
2Fxmhks0bxGSBdJ92vM42m,bad guy,Billie Eilish,"WHEN WE ALL FALL ASLEEP, WHERE DO WE GO?",3/29/2019,83,194087,https://open.spotify.com/track/2Fxmhks0bxGSBdJ92vM42m,energetic,bad guy
5WokFKscrfGEGGLPTu3jgO,WOW (feat. Sabrina Carpenter) - Remix,"Zara Larsson, Sabrina Carpenter",WOW (feat. Sabrina Carpenter) [Remix],9/25/2020,61,179652,https://open.spotify.com/track/5WokFKscrfGEGGLPTu3jgO,energetic,wow feat sabrina carpenter remix
44L2bY93uD65CEHWbozpx4,Pink Friday Girls,Nicki Minaj,Pink Friday 2,12/8/2023,63,166299,https://open.spotify.com/track/44L2bY93uD65CEHWbozpx4,energetic,pink friday girls
5Ssv6DaKrW0HczVqx6zXdl,Diva,Beyoncé,I AM...SASHA FIERCE,11/14/2008,70,200613,https://open.spotify.com/track/5Ssv6DaKrW0HczVqx6zXdl,energetic,diva
3sJx8qerYrs92oqVAa9S0Z,Shattered Glass,Britney Spears,Circus (Deluxe Version),12/2/2008,47,172400,https://open.spotify.com/track/3sJx8qerYrs92oqVAa9S0Z,energetic,shattered glass
1R0a2iXumgCiFb7HEZ7gUE,Don’t Blame Me,Taylor Swift,reputation,11/10/2017,82,236413,https://open.spotify.com/track/1R0a2iXumgCiFb7HEZ7gUE,energetic,dont blame me
4v8jmsVox8VwU5js3JHOJZ,Gimme What I Want,Miley Cyrus,Plastic Hearts,11/27/2020,54,151720,https://open.spotify.com/track/4v8jmsVox8VwU5js3JHOJZ,energetic,gimme what i want
6zegtH6XXd2PDPLvy1Y0n2,Don’t Call Me Angel (Charlie’s Angels) (with Miley Cyrus & Lana Del Rey),"Ariana Grande, Miley Cyrus, Lana Del Rey",Charlie's Angels (Original Motion Picture Soundtrack),11/1/2019,66,190066,https://open.spotify.com/track/6zegtH6XXd2PDPLvy1Y0n2,energetic,dont call me angel charlies angels with miley cyrus lana del rey
1fKT7RUtOf4xNEqctEFe5L,Barbie Dangerous,Nicki Minaj,Pink Friday 2,12/8/2023,53,132799,https://open.spotify.com/track/1fKT7RUtOf4xNEqctEFe5L,energetic,barbie dangerous
0R50PlmFloTKx9GWaI0rF8,killing boys,Halsey,Manic,1/17/2020,40,143364,https://open.spotify.com/track/0R50PlmFloTKx9GWaI0rF8,energetic,killing boys
2yLa0QULdQr0qAIvVwN6B5,...Ready For It?,Taylor Swift,reputation,11/10/2017,79,208186,https://open.spotify.com/track/2yLa0QULdQr0qAIvVwN6B5,energetic,ready for it
5hyq3LBlCfjRQAFkdQwe8o,Vroom Vroom,Charli xcx,Vroom Vroom EP,2/26/2016,68,193270,https://open.spotify.com/track/5hyq3LBlCfjRQAFkdQwe8o,energetic,vroom vroom
6ORDoQ6jxdfqNyqvUKDHF0,Feeling Myself,"Nicki Minaj, Beyoncé",The Pinkprint,12/12/2014,55,237840,https://open.spotify.com/track/6ORDoQ6jxdfqNyqvUKDHF0,energetic,feeling myself
5OCJzvD7sykQEKHH7qAC3C,God is a woman,Ariana Grande,Sweetener,8/17/2018,77,197546,https://open.spotify.com/track/5OCJzvD7sykQEKHH7qAC3C,energetic,god is a woman
0zVMzJ37VQNFUNvdxxat2E,Flawless Remix (feat. Nicki Minaj),"Beyoncé, Nicki Minaj",BEYONCÉ [Platinum Edition],11/24/2014,62,234413,https://open.spotify.com/track/0zVMzJ37VQNFUNvdxxat2E,energetic,flawless remix feat nicki minaj
2hdy9Wt9qp7M7d0U3ossu2,If U Seek Amy,Britney Spears,Circus (Deluxe Version),12/2/2008,71,216520,https://open.spotify.com/track/2hdy9Wt9qp7M7d0U3ossu2,energetic,if u seek amy
7jk7gqyEonmVVYahZN5zhW,Circus,Britney Spears,Circus (Deluxe Version),12/2/2008,79,192360,https://open.spotify.com/track/7jk7gqyEonmVVYahZN5zhW,energetic,circus
5WHTFyqSii0lmT9R21abT8,Don't Call Me Up,Mabel,Ivy To Roses (Mixtape),1/18/2019,71,178480,https://open.spotify.com/track/5WHTFyqSii0lmT9R21abT8,energetic,dont call me up
7pDfRnoEDRkcz7bQsOjnPc,Enough (Miami),Cardi B,Enough (Miami),3/15/2024,64,158727,https://open.spotify.com/track/7pDfRnoEDRkcz7bQsOjnPc,energetic,enough miami
5v4GgrXPMghOnBBLmveLac,Savage Remix (feat. Beyoncé),"Megan Thee Stallion, Beyoncé",Savage Remix (feat. Beyoncé),4/29/2020,59,242000,https://open.spotify.com/track/5v4GgrXPMghOnBBLmveLac,energetic,savage remix feat beyonc
0i1bokCJ95evU1gb5HcXFy,Never Lose Me (feat. SZA & Cardi B),"Flo Milli, SZA, Cardi B","Fine Ho, Stay",3/15/2024,69,165754,https://open.spotify.com/track/0i1bokCJ95evU1gb5HcXFy,energetic,never lose me feat sza cardi b
21pySLskKIKrhDziCX5ojQ,When I Grow Up,The Pussycat Dolls,Doll Domination (Deluxe),9/23/2008,71,245680,https://open.spotify.com/track/21pySLskKIKrhDziCX5ojQ,energetic,when i grow up
6n2GPvMJtFZ4ckoc9EWHMx,Do My Thang,Miley Cyrus,Bangerz (Deluxe Version),10/4/2013,50,225493,https://open.spotify.com/track/6n2GPvMJtFZ4ckoc9EWHMx,energetic,do my thang
4sOX1nhpKwFWPvoMMExi3q,Primadonna,MARINA,Electra Heart (Deluxe),4/27/2012,74,221075,https://open.spotify.com/track/4sOX1nhpKwFWPvoMMExi3q,energetic,primadonna
6yRraj2ghJiIcVbQ6Vb59Q,In For The Kill,La Roux,La Roux,2009,58,248626,https://open.spotify.com/track/6yRraj2ghJiIcVbQ6Vb59Q,energetic,in for the kill
7D8aQaRzoi9Qzz5yerVK5b,Throw A Fit,Tinashe,Throw A Fit,7/27/2018,52,158757,https://open.spotify.com/track/7D8aQaRzoi9Qzz5yerVK5b,energetic,throw a fit
1V4uMdCH6aDZire0vVqnXW,Prisoner (feat. Dua Lipa),"Miley Cyrus, Dua Lipa",Future Nostalgia (The Moonlight Edition),2/11/2021,57,169338,https://open.spotify.com/track/1V4uMdCH6aDZire0vVqnXW,energetic,prisoner feat dua lipa
1Ff71LUQO0KBk5Slu3K6Vu,Cry for Me,Camila Cabello,Romance,12/6/2019,49,189133,https://open.spotify.com/track/1Ff71LUQO0KBk5Slu3K6Vu,energetic,cry for me
7bs9SS4w8QKffIimEqatSP,Nasty Girl Remix (feat. Chlöe),"Tinashe, Chlöe",Nasty Girl Remix (feat. Chlöe),7/19/2024,50,156000,https://open.spotify.com/track/7bs9SS4w8QKffIimEqatSP,energetic,nasty girl remix feat chle
3RJclnBV8g9mvHPtSzPf7c,Ride (feat. Ludacris),"Ciara, Ludacris",Basic Instinct,12/10/2010,57,274146,https://open.spotify.com/track/3RJclnBV8g9mvHPtSzPf7c,energetic,ride feat ludacris
76VtA90NKurNqaQpV126Ue,Pour It Up,Rihanna,Unapologetic (Deluxe),12/11/2012,67,161200,https://open.spotify.com/track/76VtA90NKurNqaQpV126Ue,energetic,pour it up
1KNh3GCalI00xnSGQZNmiZ,Say So (feat. Nicki Minaj) - Original Version,"Doja Cat, Nicki Minaj",Say So (feat. Nicki Minaj) [Original Version],5/8/2020,41,206760,https://open.spotify.com/track/1KNh3GCalI00xnSGQZNmiZ,energetic,say so feat nicki minaj original version
0RRm4OS5ymfZryXBuj0G2m,Twerk (feat. Cardi B),"City Girls, Cardi B",Girl Code,11/16/2018,60,166476,https://open.spotify.com/track/0RRm4OS5ymfZryXBuj0G2m,energetic,twerk feat cardi b
2AXuNQvX89opvvW5KqkAEW,Princess Diana (with Nicki Minaj),"Ice Spice, Nicki Minaj",Princess Diana (with Nicki Minaj) [Versions],4/18/2023,32,172125,https://open.spotify.com/track/2AXuNQvX89opvvW5KqkAEW,energetic,princess diana with nicki minaj
0W6I02J9xcqK8MtSeosEXb,Get Into It (Yuh),Doja Cat,Planet Her,6/25/2021,71,138293,https://open.spotify.com/track/0W6I02J9xcqK8MtSeosEXb,energetic,get into it yuh
1SJtlNRJDeYHioymcvsqev,Crying in the Club,Camila Cabello,Crying in the Club,5/18/2017,67,216391,https://open.spotify.com/track/1SJtlNRJDeYHioymcvsqev,energetic,crying in the club
6naxalmIoLFWR0siv8dnQQ,Oops!...I Did It Again,Britney Spears,Oops!... I Did It Again,5/16/2000,82,211160,https://open.spotify.com/track/6naxalmIoLFWR0siv8dnQQ,energetic,oopsi did it again
7p58AJeuaFSUHTnPe5NFaf,honey,Halsey,"If I Can’t Have Love, I Want Power",8/27/2021,48,173840,https://open.spotify.com/track/7p58AJeuaFSUHTnPe5NFaf,energetic,honey
2etHQJxIbV0soyPhelVs9Y,Best Friend (feat. Doja Cat),"Saweetie, Doja Cat",Best Friend (feat. Doja Cat),1/7/2021,65,155883,https://open.spotify.com/track/2etHQJxIbV0soyPhelVs9Y,energetic,best friend feat doja cat
1XXimziG1uhM0eDNCZCrUl,Up,Cardi B,Up,2/5/2021,65,156944,https://open.spotify.com/track/1XXimziG1uhM0eDNCZCrUl,energetic,up
4C6Uex2ILwJi9sZXRdmqXp,Super Freaky Girl,Nicki Minaj,Super Freaky Girl,8/12/2022,67,170977,https://open.spotify.com/track/4C6Uex2ILwJi9sZXRdmqXp,energetic,super freaky girl
4dvQg9sD8k9y4qiEURuj8v,Lose My Breath,Destiny's Child,Destiny Fulfilled,11/16/2004,62,242013,https://open.spotify.com/track/4dvQg9sD8k9y4qiEURuj8v,energetic,lose my breath
358bOvBiZCS9fRzNYosw6c,Like a Boy,Ciara,The Evolution,2006,65,237053,https://open.spotify.com/track/358bOvBiZCS9fRzNYosw6c,energetic,like a boy
7i7UIbm5E0DD7aSOYvwp2v,Oh (feat. Ludacris),"Ciara, Ludacris",Goodies,9/27/2004,66,256346,https://open.spotify.com/track/7i7UIbm5E0DD7aSOYvwp2v,energetic,oh feat ludacris
6saYisCUAZXc505blie9kZ,Otaku Hot Girl,Megan Thee Stallion,MEGAN,6/28/2024,61,158663,https://open.spotify.com/track/6saYisCUAZXc505blie9kZ,energetic,otaku hot girl
6DoGtGyDgv5mVxeCpP92tX,Kitty Kat,Megan Thee Stallion,Something for Thee Hotties,10/29/2021,65,125030,https://open.spotify.com/track/6DoGtGyDgv5mVxeCpP92tX,energetic,kitty kat
0FPCqTZoiZpEs324IJFFpQ,BOA,Megan Thee Stallion,MEGAN,6/28/2024,57,154732,https://open.spotify.com/track/0FPCqTZoiZpEs324IJFFpQ,energetic,boa
7jRoWfRlLnGYEIEn4t4kbq,London Bridge,Fergie,The Dutchess,9/13/2006,66,241306,https://open.spotify.com/track/7jRoWfRlLnGYEIEn4t4kbq,energetic,london bridge
3yOlyBJuViE2YSGn3nVE1K,My Oh My (feat. DaBaby),"Camila Cabello, DaBaby",Romance,12/6/2019,76,170746,https://open.spotify.com/track/3yOlyBJuViE2YSGn3nVE1K,energetic,my oh my feat dababy
3yx6eryOZgO54bt3B671cn,Work,Iggy Azalea,The New Classic,1/1/2014,58,223196,https://open.spotify.com/track/3yx6eryOZgO54bt3B671cn,energetic,work
5hHvFrMnwic82WwRLr4WY0,Her,Megan Thee Stallion,Traumazine,8/12/2022,62,137107,https://open.spotify.com/track/5hHvFrMnwic82WwRLr4WY0,energetic,her
7sliFe6W30tPBPh6dvZsIH,Area Codes,Kaliii,Area Codes,3/17/2023,68,139325,https://open.spotify.com/track/7sliFe6W30tPBPh6dvZsIH,energetic,area codes
125U9Ok6RD3jG5aLzyvxnY,Versace Hottie,Princess Nokia,Metallic Butterfly,12/14/2018,39,194493,https://open.spotify.com/track/125U9Ok6RD3jG5aLzyvxnY,energetic,versace hottie
3V0PgcsUMlAGXwCD0084pY,pink diamond,Charli xcx,how i'm feeling now,5/15/2020,55,124066,https://open.spotify.com/track/3V0PgcsUMlAGXwCD0084pY,energetic,pink diamond
5ECMRJbRlj0FZRg9cRg94m,Ex-Girlfriend,No Doubt,Return Of Saturn,2000,55,212400,https://open.spotify.com/track/5ECMRJbRlj0FZRg9cRg94m,energetic,exgirlfriend
6HNWDjbome8TQp0rYRZTQS,Cobra (Rock Remix) [feat. Spiritbox],"Megan Thee Stallion, Spiritbox",Cobra (Rock Remix) [feat. Spiritbox],11/8/2023,54,186521,https://open.spotify.com/track/6HNWDjbome8TQp0rYRZTQS,energetic,cobra rock remix feat spiritbox
7nXq1vaZiz7PdbfojpPjW5,Fighter,Christina Aguilera,Stripped,7/19/2002,66,245960,https://open.spotify.com/track/7nXq1vaZiz7PdbfojpPjW5,energetic,fighter
1uXbwHHfgsXcUKfSZw5ZJ0,Run the World (Girls),Beyoncé,4,6/24/2011,70,236093,https://open.spotify.com/track/1uXbwHHfgsXcUKfSZw5ZJ0,energetic,run the world girls
19JdbdEwQI7bCxefMokZO8,My Humps,Black Eyed Peas,Monkey Business,1/1/2005,5,326960,https://open.spotify.com/track/19JdbdEwQI7bCxefMokZO8,energetic,my humps
37t0Qym2FUMXwoEfeFDEYa,Bossy (feat. Too $hort),"Kelis, Too $hort",The Hits,2008,47,272546,https://open.spotify.com/track/37t0Qym2FUMXwoEfeFDEYa,energetic,bossy feat too hort
6l8Qzewg2rhEgfyaoJRRTJ,I Hate Your Ex-Girlfriend (feat. Doechii),"BANKS, Doechii",I Hate Your Ex-Girlfriend (feat. Doechii),10/18/2024,42,143829,https://open.spotify.com/track/6l8Qzewg2rhEgfyaoJRRTJ,energetic,i hate your exgirlfriend feat doechii
5b5cPscqVEMChvDqscVw26,Training Season,Dua Lipa,Radical Optimism,5/3/2024,80,209487,https://open.spotify.com/track/5b5cPscqVEMChvDqscVw26,energetic,training season
2hloaUoRonYssMuqLCBLTX,bloodline,Ariana Grande,"thank u, next",2/8/2019,79,216893,https://open.spotify.com/track/2hloaUoRonYssMuqLCBLTX,energetic,bloodline
4i2qxFEVVUi8yOYoxB8TCX,Midnight Sky,Miley Cyrus,Plastic Hearts,11/27/2020,70,223280,https://open.spotify.com/track/4i2qxFEVVUi8yOYoxB8TCX,energetic,midnight sky
6k2900NjJeVqZM55G3Danu,Bum Bum Tam Tam,"MC Fioti, Future, J Balvin, Stefflon Don, Juan Magán",Bum Bum Tam Tam,12/15/2017,66,213988,https://open.spotify.com/track/6k2900NjJeVqZM55G3Danu,energetic,bum bum tam tam
1A5yplwEk6cJbAL63L6bkp,Bailar (feat. Pitbull & Elvis Crespo),"Deorro, Pitbull, Elvis Crespo",Bailar (feat. Pitbull & Elvis Crespo),9/2/2016,61,160304,https://open.spotify.com/track/1A5yplwEk6cJbAL63L6bkp,energetic,bailar feat pitbull elvis crespo
25ZAibhr3bdlMCLmubZDVt,QUE PRETENDES,"J Balvin, Bad Bunny",OASIS,6/28/2019,80,222346,https://open.spotify.com/track/25ZAibhr3bdlMCLmubZDVt,energetic,que pretendes
1GejDZaQFo6vWH8uejXNk0,Contra La Pared - Dom Da Bomb Remix,"Sean Paul, J Balvin, Dom Da Bomb",Contra La Pared (Dom Da Bomb Remix),4/19/2019,39,210625,https://open.spotify.com/track/1GejDZaQFo6vWH8uejXNk0,energetic,contra la pared dom da bomb remix
5QmQslczlpMX0kNABJBCVz,TUDO BOM,"Static & Ben El, J Balvin",TUDO BOM,2/13/2019,30,201755,https://open.spotify.com/track/5QmQslczlpMX0kNABJBCVz,energetic,tudo bom
4oESalI5YhRA5olkNercJn,"Differ (feat. Sean Paul, Agent Sasco & Chi Ching Ching) - Remix","Spragga Benz, Sean Paul, Agent Sasco (Assassin), Chi Ching Ching",Chiliagon,9/27/2019,24,167653,https://open.spotify.com/track/4oESalI5YhRA5olkNercJn,energetic,differ feat sean paul agent sasco chi ching ching remix
24wIxeVejXRhYJPrOFpJbg,Pa' Lante,"Alex Sensation, Anitta, Luis Fonsi",Pa' Lante,6/21/2019,42,174893,https://open.spotify.com/track/24wIxeVejXRhYJPrOFpJbg,energetic,pa lante
7CUYHcu0RnbOnMz4RuN07w,Despacito (Featuring Daddy Yankee),"Luis Fonsi, Daddy Yankee",Despacito (Featuring Daddy Yankee),1/13/2017,57,228200,https://open.spotify.com/track/7CUYHcu0RnbOnMz4RuN07w,energetic,despacito featuring daddy yankee
63MgFVcIldlw51imFtcgK1,El Perdón,"Nicky Jam, Enrique Iglesias",El Perdón (w/ Enrique Iglesias),4/19/2016,0,207013,https://open.spotify.com/track/63MgFVcIldlw51imFtcgK1,energetic,el perdn
6UcRpwQooAsR4ru2IPEcFP,Danza Kuduro 2019 - Diamont Dr,"Lucenzo, Don Omar, Big Ali, Luigi Ramirez",Emigrante Del Mundo,12/4/2020,41,180704,https://open.spotify.com/track/6UcRpwQooAsR4ru2IPEcFP,energetic,danza kuduro 2019 diamont dr
4ipnJyDU3Lq15qBAYNqlqK,Mi Gente,"J Balvin, Willy William",Mi Gente,6/30/2017,68,189440,https://open.spotify.com/track/4ipnJyDU3Lq15qBAYNqlqK,energetic,mi gente
6KuqAtoeVzxAYOaMveLNpH,Dura,Daddy Yankee,Dura,1/18/2018,70,200480,https://open.spotify.com/track/6KuqAtoeVzxAYOaMveLNpH,energetic,dura
5l6aJfUzKU78myjGA8ezh4,Candela,"T Garcia, DJ Assad",Candela,5/22/2020,32,181452,https://open.spotify.com/track/5l6aJfUzKU78myjGA8ezh4,energetic,candela
39N9RPD9MRb5WmoLzNzPeA,X,"Nicky Jam, J Balvin",X,3/2/2018,2,173627,https://open.spotify.com/track/39N9RPD9MRb5WmoLzNzPeA,energetic,x
6YZdkObH88npeKrrkb8Ggf,DUELE EL CORAZON (feat. Wisin),"Enrique Iglesias, Wisin",DUELE EL CORAZON (feat. Wisin),4/18/2016,67,199693,https://open.spotify.com/track/6YZdkObH88npeKrrkb8Ggf,energetic,duele el corazon feat wisin
2hl6q70unbviGo3g1R7uFx,Échame La Culpa,"Luis Fonsi, Demi Lovato",Échame La Culpa,11/17/2017,59,173720,https://open.spotify.com/track/2hl6q70unbviGo3g1R7uFx,energetic,chame la culpa
4w8niZpiMy6qz1mntFA5uM,"Taki Taki (with Selena Gomez, Ozuna & Cardi B)","DJ Snake, Selena Gomez, Ozuna, Cardi B","Taki Taki (with Selena Gomez, Ozuna & Cardi B)",9/28/2018,71,212500,https://open.spotify.com/track/4w8niZpiMy6qz1mntFA5uM,energetic,taki taki with selena gomez ozuna cardi b
2vI4SxtYqAQD5h1nSrqfKM,Muchacha,"Gente De Zona, Becky G",Muchacha,4/23/2020,51,200689,https://open.spotify.com/track/2vI4SxtYqAQD5h1nSrqfKM,energetic,muchacha
1s2B5cndbqK8rPJEIcKJRQ,Vaina Loca,"Ozuna, Manuel Turizo",Vaina Loca,6/28/2018,0,176133,https://open.spotify.com/track/1s2B5cndbqK8rPJEIcKJRQ,energetic,vaina loca
2XVilv6s9GETnw9PG4T9Mz,El Préstamo,Maluma,F.A.M.E.,5/18/2018,64,219600,https://open.spotify.com/track/2XVilv6s9GETnw9PG4T9Mz,energetic,el prstamo
2qG5sZ7Si6sdK74qLxedYM,Con Altura,"ROSALÍA, J Balvin, El Guincho",Con Altura,3/28/2019,70,161626,https://open.spotify.com/track/2qG5sZ7Si6sdK74qLxedYM,energetic,con altura
1f38Gx6xQz6r4H1jGVNBJo,Loco Contigo (with J. Balvin & Tyga),"DJ Snake, J Balvin, Tyga",Loco Contigo (with J. Balvin & Tyga),6/13/2019,1,185194,https://open.spotify.com/track/1f38Gx6xQz6r4H1jGVNBJo,energetic,loco contigo with j balvin tyga
5lwVd35Zg6DJ4qibVMq99H,Date La Vuelta,"Luis Fonsi, Sebastian Yatra, Nicky Jam",Date La Vuelta,4/24/2019,53,219773,https://open.spotify.com/track/5lwVd35Zg6DJ4qibVMq99H,energetic,date la vuelta
2H27WSgUMbuIpGW7epu0IP,Coño,"Puri, Jhorrmountain, Adje",Coño,2017,50,137595,https://open.spotify.com/track/2H27WSgUMbuIpGW7epu0IP,energetic,coo
37zdqI4r1gswIzczSBkRon,Aventura,"Lunay, Anuel AA, Ozuna",Épico,10/25/2019,66,217129,https://open.spotify.com/track/37zdqI4r1gswIzczSBkRon,energetic,aventura
7mwoTHCLbucY3b1a6Ude1V,No Lo Trates,"Pitbull, Daddy Yankee, NATTI NATASHA",Libertad 548,9/27/2019,52,198453,https://open.spotify.com/track/7mwoTHCLbucY3b1a6Ude1V,energetic,no lo trates
7nKBxz47S9SD79N086fuhn,SUBEME LA RADIO,"Enrique Iglesias, Descemer Bueno, Zion & Lennox",SUBEME LA RADIO (feat. Descemer Bueno & Zion & Lennox),2/24/2017,69,207680,https://open.spotify.com/track/7nKBxz47S9SD79N086fuhn,energetic,subeme la radio
7Anr3v1UK6i30ef6coGQp7,Sofia,Alvaro Soler,Sofia,4/29/2016,44,210133,https://open.spotify.com/track/7Anr3v1UK6i30ef6coGQp7,energetic,sofia
3VMSMjB4Yx79FDDrmYCk3N,Bailando - English Version,"Enrique Iglesias, Sean Paul, Descemer Bueno, Gente De Zona",SEX AND LOVE (Deluxe Edition),7/4/2014,48,243213,https://open.spotify.com/track/3VMSMjB4Yx79FDDrmYCk3N,energetic,bailando english version
3V8UKqhEK5zBkBb6d6ub8i,Te Boté - Remix,"Nio Garcia, Casper Magico, Bad Bunny, Darell, Ozuna, Nicky Jam",Te Boté (Remix),4/13/2018,74,417920,https://open.spotify.com/track/3V8UKqhEK5zBkBb6d6ub8i,energetic,te bot remix
62vDrkBEyJYEOFj1ScBqM7,Sin Pijama,"Becky G, NATTI NATASHA",MALA SANTA,10/18/2019,66,190160,https://open.spotify.com/track/62vDrkBEyJYEOFj1ScBqM7,energetic,sin pijama
1BuTNbYxxFYezD1tT8AJR9,MOVE TO MIAMI,"Enrique Iglesias, Pitbull",MOVE TO MIAMI,5/3/2018,49,168680,https://open.spotify.com/track/1BuTNbYxxFYezD1tT8AJR9,energetic,move to miami
4etSlPTTpZVons8gVP7DRE,Pem Pem,Elettra Lamborghini,Twerking Queen,6/14/2019,48,172500,https://open.spotify.com/track/4etSlPTTpZVons8gVP7DRE,energetic,pem pem
1HCw8XKtTgWWU3JlEUR0qQ,Bailar (feat. Elvis Crespo) - Radio Edit,"Deorro, Elvis Crespo",Good Evening,3/31/2017,55,137661,https://open.spotify.com/track/1HCw8XKtTgWWU3JlEUR0qQ,energetic,bailar feat elvis crespo radio edit
4dSoDnmR9opAQ8KxUc9SbC,Mad Love,"Sean Paul, David Guetta, Becky G",Mad Love The Prequel,6/29/2018,64,199944,https://open.spotify.com/track/4dSoDnmR9opAQ8KxUc9SbC,energetic,mad love
1rfofaqEpACxVEHIZBJe6W,Havana (feat. Young Thug),"Camila Cabello, Young Thug",Camila,1/12/2018,79,217306,https://open.spotify.com/track/1rfofaqEpACxVEHIZBJe6W,energetic,havana feat young thug
6v3KW9xbzN5yKLt9YKDYA2,Señorita,"Shawn Mendes, Camila Cabello",Shawn Mendes (Deluxe),6/19/2019,80,190799,https://open.spotify.com/track/6v3KW9xbzN5yKLt9YKDYA2,energetic,seorita
5nCtCCB5i1OfbADvynNw0i,Shape of You (feat. Zion & Lennox) - Latin Remix,"Ed Sheeran, Lennox, Zion",Shape of You (feat. Zion & Lennox) [Latin Remix],3/1/2017,54,237664,https://open.spotify.com/track/5nCtCCB5i1OfbADvynNw0i,energetic,shape of you feat zion lennox latin remix
7mWFF4gPADjTQjC97CgFVt,Baila Baila Baila - Remix,"Ozuna, Daddy Yankee, J Balvin, Farruko, Anuel AA","Baila Baila Baila (Remix) [feat. Farruko, Anuel Aa]",4/25/2019,76,235284,https://open.spotify.com/track/7mWFF4gPADjTQjC97CgFVt,energetic,baila baila baila remix
58q2HKrzhC3ozto2nDdN4z,I Like It,"Cardi B, Bad Bunny, J Balvin",Invasion of Privacy,4/6/2018,79,253390,https://open.spotify.com/track/58q2HKrzhC3ozto2nDdN4z,energetic,i like it
4zii9cq9ZgxYJFnaxM3Tul,Unforgettable (feat. Swae Lee) - Latin Remix,"French Montana, J Balvin, Swae Lee",Unforgettable (feat. Swae Lee) [Latin Remix],7/31/2017,48,214000,https://open.spotify.com/track/4zii9cq9ZgxYJFnaxM3Tul,energetic,unforgettable feat swae lee latin remix
3Vo4wInECJQuz9BIBMOu8i,Finesse - Remix; feat. Cardi B,"Bruno Mars, Cardi B",Finesse (Remix) [feat. Cardi B],12/20/2017,75,217288,https://open.spotify.com/track/3Vo4wInECJQuz9BIBMOu8i,energetic,finesse remix feat cardi b
2Cd9iWfcOpGDHLz6tVA3G4,Waka Waka (This Time for Africa) [The Official 2010 FIFA World Cup (TM) Song] (feat. Freshlyground),"Shakira, Freshlyground",Waka Waka (This Time for Africa) [The Official 2010 FIFA World Cup (TM) Song] (feat. Freshlyground),5/7/2010,8,202626,https://open.spotify.com/track/2Cd9iWfcOpGDHLz6tVA3G4,energetic,waka waka this time for africa the official 2010 fifa world cup tm song feat freshlyground
4NNo6yFzKvX4HsTcaH6WIU,Salsa Tequila,Anders Nilsen,Salsa Tequila,7/1/2014,54,199804,https://open.spotify.com/track/4NNo6yFzKvX4HsTcaH6WIU,energetic,salsa tequila
71R6zJsrF3ffc3TBFHfivX,Bumpy Ride,Mohombi,MoveMeant (International),1/1/2010,70,224720,https://open.spotify.com/track/71R6zJsrF3ffc3TBFHfivX,energetic,bumpy ride
74Xdx4ezYQQlg8wKswq25T,"I Need Your Love (feat. Mohombi, Faydee & Costi)","Shaggy, Mohombi, Faydee, Costi","I Need Your Love (feat. Mohombi, Faydee & Costi)",12/22/2014,61,216666,https://open.spotify.com/track/74Xdx4ezYQQlg8wKswq25T,energetic,i need your love feat mohombi faydee costi
48bDHEhfg6qFRO5vbhJcyy,Que Viva la Vida (Chiquitan),Belle Perez,Que Viva la Vida,4/21/2005,39,180866,https://open.spotify.com/track/48bDHEhfg6qFRO5vbhJcyy,energetic,que viva la vida chiquitan
2FldQhZaAuJs4csUpcskia,Enamorada,Belle Perez,Que Viva la Vida,4/21/2005,34,180960,https://open.spotify.com/track/2FldQhZaAuJs4csUpcskia,energetic,enamorada
7knLcYCOSaURD0d7HUULFM,COMO UN BEBÉ,"J Balvin, Bad Bunny, Mr Eazi",OASIS,6/28/2019,69,218826,https://open.spotify.com/track/7knLcYCOSaURD0d7HUULFM,energetic,como un beb
6Za3190Sbw39BBC77WSS1C,Criminal,"NATTI NATASHA, Ozuna",Criminal,9/1/2017,72,232549,https://open.spotify.com/track/6Za3190Sbw39BBC77WSS1C,energetic,criminal
6KLaNDWTMfHZFOX2FjwYBk,"Further Up (Na, Na, Na, Na, Na)","Static & Ben El, Pitbull","Further Up (Na, Na, Na, Na, Na)",1/10/2020,0,151873,https://open.spotify.com/track/6KLaNDWTMfHZFOX2FjwYBk,energetic,further up na na na na na
58gqyeFXhOttZW3yetJGPN,Reggaetón Lento (Remix),"CNCO, Little Mix",CNCO,4/6/2018,62,188800,https://open.spotify.com/track/58gqyeFXhOttZW3yetJGPN,energetic,reggaetn lento remix
6ifUES3keWjwXgae8pXI3o,Me Rehúso,Danny Ocean,54+1,3/22/2019,83,205714,https://open.spotify.com/track/6ifUES3keWjwXgae8pXI3o,energetic,me rehso
3mQ6SLdxxaL52Yte7KF2Ks,Morado,J Balvin,Morado,1/9/2020,59,200666,https://open.spotify.com/track/3mQ6SLdxxaL52Yte7KF2Ks,energetic,morado
35HXnvswjdVWjQRmqtXPJD,Maldad,"Steve Aoki, Maluma",Maldad,1/17/2020,0,168158,https://open.spotify.com/track/35HXnvswjdVWjQRmqtXPJD,energetic,maldad
0ftlxPXNSjPNEvEGbBnMa7,Get Ready,"Pitbull, Blake Shelton",Libertad 548,9/27/2019,50,214613,https://open.spotify.com/track/0ftlxPXNSjPNEvEGbBnMa7,energetic,get ready
4PJ3umtW1aWdfh5EITHc6T,Te Robaré,"Nicky Jam, Ozuna",Intimo,11/1/2019,66,201818,https://open.spotify.com/track/4PJ3umtW1aWdfh5EITHc6T,energetic,te robar
3cR5ZtQ4JqGj4VHBb1gvFf,Hey DJ - Remix,"CNCO, Meghan Trainor, Sean Paul",Hey DJ (Remix),11/9/2018,56,189363,https://open.spotify.com/track/3cR5ZtQ4JqGj4VHBb1gvFf,energetic,hey dj remix
5F8ffc8KWKNawllr5WsW0r,Surtada - Remix Brega Funk,"Dadá Boladão, Tati Zaqui, OIK",Surtada (Remix Brega Funk),9/25/2019,1,152783,https://open.spotify.com/track/5F8ffc8KWKNawllr5WsW0r,energetic,surtada remix brega funk
6Y4PDQv4XjYjHLeLmvyOt0,Si Te Vas,"Sech, Ozuna",Si Te Vas,9/26/2019,55,204906,https://open.spotify.com/track/6Y4PDQv4XjYjHLeLmvyOt0,energetic,si te vas
4NDHYPVJ5zLnR8yYZsMDsu,Rueda,Chimbala,Rueda,7/19/2019,0,210528,https://open.spotify.com/track/4NDHYPVJ5zLnR8yYZsMDsu,energetic,rueda
5pUCe0d9dGYqcbKIciDR4S,En Lo Oscuro,J Balvin,J Balvin Mix Tape,1/1/2012,38,194040,https://open.spotify.com/track/5pUCe0d9dGYqcbKIciDR4S,energetic,en lo oscuro
4VgYtXCVJ7IbWAZ5ryfvEQ,Muévelo,"Nicky Jam, Daddy Yankee",Muévelo,1/8/2020,62,194892,https://open.spotify.com/track/4VgYtXCVJ7IbWAZ5ryfvEQ,energetic,muvelo
1RouRzlg8OKFeqc6LvdxmB,Felices los 4,Maluma,F.A.M.E.,5/18/2018,78,230000,https://open.spotify.com/track/1RouRzlg8OKFeqc6LvdxmB,energetic,felices los 4
7iwhbx1YQcQ675DTj6AmAb,Mamacita (feat. Farruko),"Jason Derulo, Farruko",Mamacita (feat. Farruko),7/5/2019,48,204064,https://open.spotify.com/track/7iwhbx1YQcQ675DTj6AmAb,energetic,mamacita feat farruko
2rc7BkzO8qepMFAxHtOrXc,Blanco,J Balvin,Blanco,11/15/2019,54,145800,https://open.spotify.com/track/2rc7BkzO8qepMFAxHtOrXc,energetic,blanco
3yAoLhZRmCxBdq6cKP1sGV,Dura (feat. Daddy Yankee),"Barrio Latino, Daddy Yankee",Dura (feat. Daddy Yankee),4/24/2020,24,200000,https://open.spotify.com/track/3yAoLhZRmCxBdq6cKP1sGV,energetic,dura feat daddy yankee
380HmhwTE2NJgawn1NwkXi,Rojo,J Balvin,Colores,3/19/2020,70,150720,https://open.spotify.com/track/380HmhwTE2NJgawn1NwkXi,energetic,rojo
0sVJ8tmeN5qq47H4hAxfLc,Vamos a Ponernos Locos,Mark B.,Vamos a Ponernos Locos,1/11/2016,26,183623,https://open.spotify.com/track/0sVJ8tmeN5qq47H4hAxfLc,energetic,vamos a ponernos locos
6LrC4YyCUFS0Q3ZCqFaqpA,Mi Favorita,"Lunay, Wisin & Yandel",Noche De Travesuras,6/5/2020,14,229955,https://open.spotify.com/track/6LrC4YyCUFS0Q3ZCqFaqpA,energetic,mi favorita
2ZSHH750nQpUVHjoe3iu2U,Fuego Del Calor (feat. Ozuna & Tyga),"Scott Storch, Ozuna, Tyga",Fuego Del Calor (feat. Ozuna & Tyga),5/29/2020,47,148260,https://open.spotify.com/track/2ZSHH750nQpUVHjoe3iu2U,energetic,fuego del calor feat ozuna tyga
5e50NiIlOc2YJIftHzoehd,MALA SANTA,Becky G,MALA SANTA,10/18/2019,58,173826,https://open.spotify.com/track/5e50NiIlOc2YJIftHzoehd,energetic,mala santa
4W3FJapn5CD6Fnrlfj4HFe,Booty,"C. Tangana, Becky G",Booty,10/24/2018,58,173366,https://open.spotify.com/track/4W3FJapn5CD6Fnrlfj4HFe,energetic,booty
2vvdTrdryjsl8DmPIMDWZU,EL BAÑO,"Enrique Iglesias, Bad Bunny",EL BAÑO,1/12/2018,63,214520,https://open.spotify.com/track/2vvdTrdryjsl8DmPIMDWZU,energetic,el bao
6RyaV7owmVU6fzEPE17sF1,Que Tire Pa Lante,Daddy Yankee,Que Tire Pa Lante,10/18/2019,50,210520,https://open.spotify.com/track/6RyaV7owmVU6fzEPE17sF1,energetic,que tire pa lante
3gD4J3RUHy4OUuZ3qAiaiG,Caramelo,Ozuna,Caramelo,6/11/2020,61,217546,https://open.spotify.com/track/3gD4J3RUHy4OUuZ3qAiaiG,energetic,caramelo
0mX9hZlqKqgU2AZfuxxhB0,Sin Título,Benavides,Sin Título,11/5/2019,22,179171,https://open.spotify.com/track/0mX9hZlqKqgU2AZfuxxhB0,energetic,sin ttulo
2V5LZRtEyOIs3C1DC1s1oE,Djeale,"Emilia, Dodo, Jay Maly, Costi",Djeale,1/1/2020,0,212658,https://open.spotify.com/track/2V5LZRtEyOIs3C1DC1s1oE,energetic,djeale
49QwoSLuV69Fd8bwTqdZvs,4 besos,"Lola Indigo, Rauw Alejandro, Lalo Ebratt",4 besos,3/27/2020,48,232526,https://open.spotify.com/track/49QwoSLuV69Fd8bwTqdZvs,energetic,4 besos
7k4t7uLgtOxPwTpFmtJNTY,Tusa,"KAROL G, Nicki Minaj",Tusa,11/7/2019,73,200960,https://open.spotify.com/track/7k4t7uLgtOxPwTpFmtJNTY,energetic,tusa
2ZeMMu0zwUoNOuc0SxWaer,El Mundo Bailando,Belle Perez,Gotitas de Amor,8/25/2006,41,176440,https://open.spotify.com/track/2ZeMMu0zwUoNOuc0SxWaer,energetic,el mundo bailando
2EM9zpAc7PVeoAydmbfVIL,La Camisa Negra,Juanes,Mi Sangre,1/1/2004,74,216706,https://open.spotify.com/track/2EM9zpAc7PVeoAydmbfVIL,energetic,la camisa negra
1398Nuu5AEIldCKkARHkwY,"Que Si, Que No - Sunclub Radio Mix",Jody Bernal,538 Hitzone Gold,1/1/2009,0,192400,https://open.spotify.com/track/1398Nuu5AEIldCKkARHkwY,energetic,que si que no sunclub radio mix
6UEfyhyfhYQsyipxOd95Ie,The Ketchup Song (Aserejé) - Spanglish Version,Las Ketchup,Hijas del Tomate,2002,67,213973,https://open.spotify.com/track/6UEfyhyfhYQsyipxOd95Ie,energetic,the ketchup song aserej spanglish version
0zZnBbRW4Dt4cJKVtUQFwF,Balada - Ao Vivo,Gusttavo Lima,Gusttavo Lima e Você (Ao Vivo),9/20/2011,72,201840,https://open.spotify.com/track/0zZnBbRW4Dt4cJKVtUQFwF,energetic,balada ao vivo
4odViYSPthqtubEZHUvXUj,"Loco Contigo (with J. Balvin & Ozuna feat. Nicky Jam, Natti Natasha, Darell & Sech) - REMIX","DJ Snake, J Balvin, Ozuna, Nicky Jam, NATTI NATASHA, Darell, Sech",Carte Blanche (Deluxe),2/21/2020,45,341875,https://open.spotify.com/track/4odViYSPthqtubEZHUvXUj,energetic,loco contigo with j balvin ozuna feat nicky jam natti natasha darell sech remix
2NRhy2p5nQkv62kaec3BW6,LOVE,"Gianluca Vacchi, Sebastian Yatra",LOVE,4/20/2018,46,190320,https://open.spotify.com/track/2NRhy2p5nQkv62kaec3BW6,energetic,love
1DZjCQCUymOXw4svpC0WyY,Vámonos,"Kris Kross Amsterdam, Ally Brooke, Messiah",Vámonos,11/23/2018,38,176000,https://open.spotify.com/track/1DZjCQCUymOXw4svpC0WyY,energetic,vmonos
059bcIhyc2SBwm6sw2AZzd,Te Vi,"Piso 21, Micro TDH",Te Vi,12/14/2018,78,231848,https://open.spotify.com/track/059bcIhyc2SBwm6sw2AZzd,energetic,te vi
2GTCK8zYHwkcu0i0jtKjFz,Perdiendo la Cabeza,"Carlos Rivera, Becky G, Pedro Capó",Perdiendo la Cabeza,1/31/2020,51,165359,https://open.spotify.com/track/2GTCK8zYHwkcu0i0jtKjFz,energetic,perdiendo la cabeza
55BKv7jjl2JKL85vbBRnIS,Whoppa (feat. Sofia Reyes and Farina),"Tinie Tempah, Sofía Reyes, FARIANA",Whoppa (feat. Sofia Reyes and Farina),7/3/2020,45,217315,https://open.spotify.com/track/55BKv7jjl2JKL85vbBRnIS,energetic,whoppa feat sofia reyes and farina
4bro6XcuTPaPM61tCCdto8,Ram Pam,"Karl Wine, Kybba, Tribal Kush, Young F",Ram Pam,4/22/2020,39,141030,https://open.spotify.com/track/4bro6XcuTPaPM61tCCdto8,energetic,ram pam
3SDvcxPcU7BlV1dAne4dWM,Bésame,"Play-N-Skillz, Daddy Yankee, Zion & Lennox",Bésame,6/19/2020,46,212840,https://open.spotify.com/track/3SDvcxPcU7BlV1dAne4dWM,energetic,bsame
3rvmJ3Z2zWzKQUTQSntZU0,La Colegiala (feat. Jody Bernal),"The Boy Next Door, Fresh Coast, Jody Bernal",La Colegiala (feat. Jody Bernal),6/23/2017,45,179093,https://open.spotify.com/track/3rvmJ3Z2zWzKQUTQSntZU0,energetic,la colegiala feat jody bernal
37eGbhE1xVFSvcKkqGb6i1,Contra La Pared,"Sean Paul, J Balvin",Contra La Pared,3/14/2019,65,224680,https://open.spotify.com/track/37eGbhE1xVFSvcKkqGb6i1,energetic,contra la pared
3QHMxEOAGD51PDlbFPHLyJ,Vivir Mi Vida,Marc Anthony,3,7/23/2013,76,252346,https://open.spotify.com/track/3QHMxEOAGD51PDlbFPHLyJ,energetic,vivir mi vida
0eeKDrQxjqNl5bX5VCHDcn,PAM,"Justin Quiles, Daddy Yankee, El Alfa",PAM,5/1/2020,57,201000,https://open.spotify.com/track/0eeKDrQxjqNl5bX5VCHDcn,energetic,pam
4QtiVmuA88tPQiCOHZuQ5b,"1, 2, 3 (feat. Jason Derulo & De La Ghetto)","Sofía Reyes, Jason Derulo, De La Ghetto","1, 2, 3 (feat. Jason Derulo & De La Ghetto)",2/16/2018,63,201526,https://open.spotify.com/track/4QtiVmuA88tPQiCOHZuQ5b,energetic,1 2 3 feat jason derulo de la ghetto
3MR5Lnhd6uCIgLXSK7nmyX,Pa' La Cultura,"David Guetta, HUMAN(X), Sofía Reyes, Abraham Mateo, De La Ghetto, Manuel Turizo, Zion & Lennox, Lalo Ebratt, Thalia, Maejor",Pa' La Cultura,8/5/2020,42,235603,https://open.spotify.com/track/3MR5Lnhd6uCIgLXSK7nmyX,energetic,pa la cultura
116H0KvKr2Zl4RPuVBruDO,MIA (feat. Drake),"Bad Bunny, Drake",MIA (feat. Drake),10/11/2018,6,210367,https://open.spotify.com/track/116H0KvKr2Zl4RPuVBruDO,energetic,mia feat drake
4cno0k9jDEFpLAQyHNjqVx,Tócame (feat. Arcangel & De La Ghetto),"Anitta, Arcángel, De La Ghetto",Tócame (feat. Arcangel & De La Ghetto),7/10/2020,46,166264,https://open.spotify.com/track/4cno0k9jDEFpLAQyHNjqVx,energetic,tcame feat arcangel de la ghetto
6AzKhCHOms83jvNVLsz0Bt,Djadja (feat. Maluma) - Remix,"Aya Nakamura, Maluma",Djadja (feat. Maluma) [Remix],6/12/2020,59,166850,https://open.spotify.com/track/6AzKhCHOms83jvNVLsz0Bt,energetic,djadja feat maluma remix
23MEeQTkSmsDS6NjL8k6I8,Te Mueves,"Zion & Lennox, NATTI NATASHA",Te Mueves,7/17/2020,40,232421,https://open.spotify.com/track/23MEeQTkSmsDS6NjL8k6I8,energetic,te mueves
6JqpFboOH2bq9pzaYbkKBn,R.I.P. (feat. Rita Ora & Anitta),"Sofía Reyes, Rita Ora, Anitta",R.I.P. (feat. Rita Ora & Anitta),3/15/2019,53,187200,https://open.spotify.com/track/6JqpFboOH2bq9pzaYbkKBn,energetic,rip feat rita ora anitta
0rIZ49wxDf8H2LXOKmAMW5,Qué Chimba,Maluma,Qué Chimba,3/13/2020,49,169740,https://open.spotify.com/track/0rIZ49wxDf8H2LXOKmAMW5,energetic,qu chimba
113PlnpZbHd3WIqeYjhZWv,Definitivamente,"Daddy Yankee, Sech",Definitivamente,1/31/2020,56,217773,https://open.spotify.com/track/113PlnpZbHd3WIqeYjhZWv,energetic,definitivamente
06s3QtMJVXw1AJX3UfvZG1,Hasta Que Dios Diga,"Anuel AA, Bad Bunny",Emmanuel,5/29/2020,79,246000,https://open.spotify.com/track/06s3QtMJVXw1AJX3UfvZG1,energetic,hasta que dios diga
6N7I3N37xvT9kPWfXNgDmo,De Cero,CNCO,Que Quiénes Somos,10/11/2019,50,219453,https://open.spotify.com/track/6N7I3N37xvT9kPWfXNgDmo,energetic,de cero
2hDe0Ls5mVqs1XJqv7sbcM,Fútbol & Rumba (feat. Enrique Iglesias),"Anuel AA, Enrique Iglesias",Emmanuel,5/29/2020,56,221428,https://open.spotify.com/track/2hDe0Ls5mVqs1XJqv7sbcM,energetic,ftbol rumba feat enrique iglesias
4pro0Fful9k84YoIdfY6Ha,Ponte Pa' Mí,"Benavides, Brray, Srta. Dayana",Ponte Pa' Mí,9/7/2018,24,230800,https://open.spotify.com/track/4pro0Fful9k84YoIdfY6Ha,energetic,ponte pa m
4HGDI0rQi1DtLgmt1x8tX3,Pierde Los Modales,"J Balvin, Daddy Yankee",Energía,6/24/2016,46,201200,https://open.spotify.com/track/4HGDI0rQi1DtLgmt1x8tX3,energetic,pierde los modales
5Jq958VQwRyQFujau4TMKD,No Drama,"Becky G, Ozuna",No Drama,10/29/2020,45,204827,https://open.spotify.com/track/5Jq958VQwRyQFujau4TMKD,energetic,no drama
1N3rf6ZFzb8NPYeLCmgzj7,Me Gusta,NATTI NATASHA,Iluminatti,2/15/2019,54,197306,https://open.spotify.com/track/1N3rf6ZFzb8NPYeLCmgzj7,energetic,me gusta
2bgcUk2A3jjKbCJ7KPquTi,Mi Niña,"Wisin, Myke Towers, Los Legendarios",Mi Niña,9/23/2020,61,213313,https://open.spotify.com/track/2bgcUk2A3jjKbCJ7KPquTi,energetic,mi nia
1uU95PBinoqgQVn6VVpF6q,La Vereda (Cada Vez),Jude & Frank,La Vereda (Cada Vez),7/23/2018,31,190080,https://open.spotify.com/track/1uU95PBinoqgQVn6VVpF6q,energetic,la vereda cada vez
5Xhqh4lwJPtMUTsdBztN1a,Me Gusta,"Shakira, Anuel AA",Me Gusta,1/13/2020,65,190570,https://open.spotify.com/track/5Xhqh4lwJPtMUTsdBztN1a,energetic,me gusta
3dsyqPDiWYYilRZNBxgxHE,Magenta Riddim,DJ Snake,Carte Blanche,7/25/2019,61,194490,https://open.spotify.com/track/3dsyqPDiWYYilRZNBxgxHE,energetic,magenta riddim
44ETcHYUz11q8QbqcgSwL6,Hola Señorita - Robin Schulz Remix,"GIMS, Maluma, Robin Schulz",Hola Señorita (Robin Schulz Remix),7/5/2019,0,175293,https://open.spotify.com/track/44ETcHYUz11q8QbqcgSwL6,energetic,hola seorita robin schulz remix
47EiUVwUp4C9fGccaPuUCS,DÁKITI,"Bad Bunny, JHAYCO",DÁKITI,10/30/2020,78,205090,https://open.spotify.com/track/47EiUVwUp4C9fGccaPuUCS,energetic,dkiti
0EhpEsp4L0oRGM0vmeaN5e,UN DIA (ONE DAY) (Feat. Tainy),"J Balvin, Dua Lipa, Bad Bunny, Tainy",UN DIA (ONE DAY) (Feat. Tainy),7/24/2020,70,232253,https://open.spotify.com/track/0EhpEsp4L0oRGM0vmeaN5e,energetic,un dia one day feat tainy
0GzuHFG4Ql6DoyxFRnIk3F,Hawái - Remix,"Maluma, The Weeknd",Hawái (Remix),11/5/2020,61,200481,https://open.spotify.com/track/0GzuHFG4Ql6DoyxFRnIk3F,energetic,hawi remix
44f68Zu5X9gJ44ziVnaYoR,La Despedida,Daddy Yankee,Daddy Yankee Mundial,4/26/2010,0,202826,https://open.spotify.com/track/44f68Zu5X9gJ44ziVnaYoR,energetic,la despedida
2cnKEkpVUSV4wnjQiTWfH6,Escápate Conmigo (feat. Ozuna),"Wisin, Ozuna",Escápate Conmigo (feat. Ozuna),3/31/2017,0,232786,https://open.spotify.com/track/2cnKEkpVUSV4wnjQiTWfH6,energetic,escpate conmigo feat ozuna
693iqPOQvhI7PobtR8CC8v,Bonita,"J Balvin, Jowell & Randy",Bonita,6/2/2017,0,265746,https://open.spotify.com/track/693iqPOQvhI7PobtR8CC8v,energetic,bonita
6Hno74945O4vpODalELksq,Latina - Remix,"Reykon, Tyga, Becky G, Maluma",Latina (Remix),10/9/2020,0,251764,https://open.spotify.com/track/6Hno74945O4vpODalELksq,energetic,latina remix
2uib8nytX63WABzJ3KJYYy,Mala (feat. Becky G & De La Ghetto) - Remix,"Pitbull, Becky G, De La Ghetto",Mala (feat. Becky G & De La Ghetto),7/17/2020,41,173693,https://open.spotify.com/track/2uib8nytX63WABzJ3KJYYy,energetic,mala feat becky g de la ghetto remix
4w47S36wQGBhGg073q3nt7,TKN (feat. Travis Scott),"ROSALÍA, Travis Scott",TKN (feat. Travis Scott),5/28/2020,66,129370,https://open.spotify.com/track/4w47S36wQGBhGg073q3nt7,energetic,tkn feat travis scott
41BzKiCrKpUQHS3TP0jmdr,Agua de Jamaica,Maluma,#7DJ (7 Días En Jamaica),1/28/2021,54,176970,https://open.spotify.com/track/41BzKiCrKpUQHS3TP0jmdr,energetic,agua de jamaica
5fROvzNghPid8mbKNDYvpJ,YO VISTO ASÍ,Bad Bunny,EL ÚLTIMO TOUR DEL MUNDO,11/27/2020,65,191526,https://open.spotify.com/track/5fROvzNghPid8mbKNDYvpJ,energetic,yo visto as
2zF9Q2P7kW0jAETUcwJyxN,Bailando El Kuduro,Collectif Métissé,Bailando El Kuduro,1/1/2021,13,181785,https://open.spotify.com/track/2zF9Q2P7kW0jAETUcwJyxN,energetic,bailando el kuduro
57UuB3W1gSpJYfLWOQON1N,Scooby Doo Pa Pa - DJ Kass Official 2018 Mix,Dj Kass,Scooby Doo Pa Pa (DJ Kass Official 2018 Mix),4/24/2018,9,147000,https://open.spotify.com/track/57UuB3W1gSpJYfLWOQON1N,energetic,scooby doo pa pa dj kass official 2018 mix
7eiPStrJyImxzR9jumURZ3,Mueve,"Gianluca Vacchi, Nacho, Becky G, MC Fioti",Mueve,7/26/2019,33,202013,https://open.spotify.com/track/7eiPStrJyImxzR9jumURZ3,energetic,mueve
64RTHdDcAWhX47bhH8nA4u,Ayy Macarena - Remix,"Tyga, Ozuna",Ayy Macarena (Remix),2/21/2020,47,132266,https://open.spotify.com/track/64RTHdDcAWhX47bhH8nA4u,energetic,ayy macarena remix
4cuu2oJHWnSo4NPaIE5aP7,Samba Do Brasil,Bellini,Festival,1/1/2014,0,197853,https://open.spotify.com/track/4cuu2oJHWnSo4NPaIE5aP7,energetic,samba do brasil
0D75ciM842cdUMKSMfAR9y,Baila Conmigo (with Rauw Alejandro),"Selena Gomez, Rauw Alejandro",Baila Conmigo (with Rauw Alejandro),1/29/2021,0,186087,https://open.spotify.com/track/0D75ciM842cdUMKSMfAR9y,energetic,baila conmigo with rauw alejandro
0259eSt61D349yZvwily88,Aquí (feat. Ozuna & Soolking),"AriBeatz, Ozuna, Soolking",Aquí (feat. Ozuna & Soolking),1/15/2021,38,169667,https://open.spotify.com/track/0259eSt61D349yZvwily88,energetic,aqu feat ozuna soolking
2dl5K2ScW7jYhAhuem06cm,PROBLEMA,Daddy Yankee,PROBLEMA,2/26/2021,57,184506,https://open.spotify.com/track/2dl5K2ScW7jYhAhuem06cm,energetic,problema
4iFSDLdPrWIaYo2VQeCv4f,Ma' G,J Balvin,Ma' G,2/28/2021,40,226386,https://open.spotify.com/track/4iFSDLdPrWIaYo2VQeCv4f,energetic,ma g
3kml9ZdpT7UYk1ugkjqOzt,Don Don,"Daddy Yankee, Anuel AA, Kendo Kaponi",Don Don,9/11/2020,57,275893,https://open.spotify.com/track/3kml9ZdpT7UYk1ugkjqOzt,energetic,don don
1c0hsvHLELX6y8qymnpLKL,Soltera (Remix),"Lunay, Daddy Yankee, Bad Bunny",Soltera (Remix),5/10/2019,68,266086,https://open.spotify.com/track/1c0hsvHLELX6y8qymnpLKL,energetic,soltera remix
7BuSE9uTIw931wtZYzvZcQ,Runaway,"Sebastian Yatra, Daddy Yankee, NATTI NATASHA, Jonas Brothers",Runaway,6/21/2019,60,200693,https://open.spotify.com/track/7BuSE9uTIw931wtZYzvZcQ,energetic,runaway
5e45GhSF18JYoLpaq2F48h,Azukita,"Steve Aoki, Daddy Yankee, Play-N-Skillz, Elvis Crespo",Azukita,2/2/2018,59,226161,https://open.spotify.com/track/5e45GhSF18JYoLpaq2F48h,energetic,azukita
0ERbK7qVqveCaBWIiYCrl3,Bella y Sensual,"Romeo Santos, Daddy Yankee, Nicky Jam",Golden,7/21/2017,71,204700,https://open.spotify.com/track/0ERbK7qVqveCaBWIiYCrl3,energetic,bella y sensual
0wkr4KqObqC55h4U9wqwKn,No Se Da Cuenta,"Ozuna, Daddy Yankee",ENOC,9/4/2020,51,231733,https://open.spotify.com/track/0wkr4KqObqC55h4U9wqwKn,energetic,no se da cuenta
0gCPvo1GkbtPhMqg5Gbx1K,Vuelve,"Daddy Yankee, Bad Bunny",Vuelve,9/29/2017,75,279613,https://open.spotify.com/track/0gCPvo1GkbtPhMqg5Gbx1K,energetic,vuelve
6MJUCumnQsQEKbCy28tbCP,Adictiva,"Daddy Yankee, Anuel AA",Adictiva,11/9/2018,67,207853,https://open.spotify.com/track/6MJUCumnQsQEKbCy28tbCP,energetic,adictiva
59PYgzOiOjGDzjDT5N5oOX,Asesina - Remix,"Brytiago, Daddy Yankee, Ozuna, Darell, Anuel AA",Asesina (Remix),10/31/2018,1,327466,https://open.spotify.com/track/59PYgzOiOjGDzjDT5N5oOX,energetic,asesina remix
0AT08pe7CNV34sDKmTyh5b,Ravin',"Charly Black, Sean Paul, Greeicy",Ravin',2/25/2021,31,198120,https://open.spotify.com/track/0AT08pe7CNV34sDKmTyh5b,energetic,ravin
7HctR6dqgzdU9v3LYfDElj,Ten Cuidado,"Pitbull, Farruko, IAmChino, El Alfa, Omar Courtz",Ten Cuidado,3/12/2021,56,213694,https://open.spotify.com/track/7HctR6dqgzdU9v3LYfDElj,energetic,ten cuidado
5cpJFiNwYyWwFLH0V6B3N8,Del Mar,"Ozuna, Doja Cat, Sia",ENOC,9/4/2020,66,214506,https://open.spotify.com/track/5cpJFiNwYyWwFLH0V6B3N8,energetic,del mar
15OjBeqNX3bShsGYQbteRv,La Tóxica,Farruko,La Tóxica,7/24/2020,60,180520,https://open.spotify.com/track/15OjBeqNX3bShsGYQbteRv,energetic,la txica
70uX4beGHc1nQikXveOknp,Mala Costumbre,"Manuel Turizo, Wisin & Yandel",Mala Costumbre,1/7/2021,59,230728,https://open.spotify.com/track/70uX4beGHc1nQikXveOknp,energetic,mala costumbre
6mICuAdrwEjh6Y6lroV2Kg,Chantaje (feat. Maluma),"Shakira, Maluma",El Dorado,5/26/2017,81,195840,https://open.spotify.com/track/6mICuAdrwEjh6Y6lroV2Kg,energetic,chantaje feat maluma
7pzpQlnZoFAocqdvGIkCj9,Internacional,"Juan Magán, CeeLo Green, André Truth",4,7/19/2019,28,216694,https://open.spotify.com/track/7pzpQlnZoFAocqdvGIkCj9,energetic,internacional
2eSnW4d3A4SyEVhVPmBffa,Banana,"Anitta, Becky G",Kisses,4/5/2019,46,195619,https://open.spotify.com/track/2eSnW4d3A4SyEVhVPmBffa,energetic,banana
7kGDAuP9P8mT2epyDwbdDj,Se Acabó la Cuarentena,"Jowell & Randy, Kiko el Crazy",Viva el Perreo,8/6/2020,54,166971,https://open.spotify.com/track/7kGDAuP9P8mT2epyDwbdDj,energetic,se acab la cuarentena
3ggtU1ZOKO8ZNiqPNyXGcm,Dinero,Trinidad Cardona,Dinero,2/2/2018,67,160880,https://open.spotify.com/track/3ggtU1ZOKO8ZNiqPNyXGcm,energetic,dinero
6hf0RpxTbOprT5nnwzkk8e,Qué Más Pues?,"J Balvin, Maria Becerra",Qué Más Pues?,5/28/2021,64,217773,https://open.spotify.com/track/6hf0RpxTbOprT5nnwzkk8e,energetic,qu ms pues
2lwrv8g1JbRlhhqYpPVnlE,Sugar Mami,"La Zowi, Albany, Pipo Beatz",Sugar Mami,7/17/2020,51,176326,https://open.spotify.com/track/2lwrv8g1JbRlhhqYpPVnlE,energetic,sugar mami
1WedZeiezCmCEOzLwhx0hV,Poblado - Remix,"J Balvin, KAROL G, Nicky Jam, Crissin, Totoy El Frio, Natan & Shander",Poblado (Remix),6/18/2021,60,393280,https://open.spotify.com/track/1WedZeiezCmCEOzLwhx0hV,energetic,poblado remix
2CdTLdDjwZdVcm0bresVWx,Otra Noche Sin Ti,"J Balvin, Khalid",Otra Noche Sin Ti,4/9/2021,54,228920,https://open.spotify.com/track/2CdTLdDjwZdVcm0bresVWx,energetic,otra noche sin ti
7qCHqtiSiX3T09ErW718yQ,Wherever I May Roam,"J Balvin, Metallica",Wherever I May Roam,7/21/2021,40,158573,https://open.spotify.com/track/7qCHqtiSiX3T09ErW718yQ,energetic,wherever i may roam
343HgC6SVFtTAgMPlGoNjn,SÚBELE EL VOLUMEN,"Daddy Yankee, Myke Towers, JHAYCO",SÚBELE EL VOLUMEN,7/16/2021,49,223366,https://open.spotify.com/track/343HgC6SVFtTAgMPlGoNjn,energetic,sbele el volumen
4JgSGk8yY0hQE9aENUSqVm,ME PASE,"Enrique Iglesias, Farruko",ME PASE,7/2/2021,53,181573,https://open.spotify.com/track/4JgSGk8yY0hQE9aENUSqVm,energetic,me pase
63aj87TQG6F3RVO5nbG2VQ,In Da Getto,"J Balvin, Skrillex",In Da Getto,7/2/2021,63,131065,https://open.spotify.com/track/63aj87TQG6F3RVO5nbG2VQ,energetic,in da getto
1hfufCKTZ0wIQwoW9tXoDR,TATA - Remix,"Eladio Carrion, J Balvin, Daddy Yankee, Bobby Shmurda",TATA (Remix),7/28/2021,43,264385,https://open.spotify.com/track/1hfufCKTZ0wIQwoW9tXoDR,energetic,tata remix
5KFHrrBMyGj5MhVbZMM3ts,Tu Veneno,J Balvin,Tu Veneno,3/19/2021,47,157320,https://open.spotify.com/track/5KFHrrBMyGj5MhVbZMM3ts,energetic,tu veneno
5fwSHlTEWpluwOM0Sxnh5k,Pepas,Farruko,Pepas,6/24/2021,77,287120,https://open.spotify.com/track/5fwSHlTEWpluwOM0Sxnh5k,energetic,pepas
7jnXxr4waG6Bkt4UTM7buw,Bad Habits - Bachata Version,"Dj Nassos B, Khris Joe",Bad Habits (Bachata Version),7/12/2021,0,228591,https://open.spotify.com/track/7jnXxr4waG6Bkt4UTM7buw,energetic,bad habits bachata version
7DM4BPaS7uofFul3ywMe46,Vente Pa' Ca (feat. Maluma),"Ricky Martin, Maluma",Vente Pa' Ca (feat. Maluma),9/22/2016,75,259195,https://open.spotify.com/track/7DM4BPaS7uofFul3ywMe46,energetic,vente pa ca feat maluma
0XpMTExp5q4nLZZZ3msDGn,La Funka,Ozuna,La Funka,9/12/2021,49,198827,https://open.spotify.com/track/0XpMTExp5q4nLZZZ3msDGn,energetic,la funka
3pDhN3qB33AOPhQEkUCaWt,Limbo,Daddy Yankee,Prestige,1/1/2012,76,224693,https://open.spotify.com/track/3pDhN3qB33AOPhQEkUCaWt,energetic,limbo
3EgHkFBGUu7NHZspAdiy0D,Te Acuerdas De Mí,"J Balvin, Yandel",JOSE,9/10/2021,46,104066,https://open.spotify.com/track/3EgHkFBGUu7NHZspAdiy0D,energetic,te acuerdas de m
6PDlkWmrq2ZKiUuFt2aQsH,Loco,"Justin Quiles, Chimbala, Zion & Lennox",Loco,5/13/2021,63,231603,https://open.spotify.com/track/6PDlkWmrq2ZKiUuFt2aQsH,energetic,loco
7g8YaUQABMal0zWe7a2ijz,Pa Mí (Remix),"Dalex, Rafa Pabön, KHEA, Sech, Feid, Cazzu, Lenny Tavárez",Climaxxx,5/10/2019,72,360960,https://open.spotify.com/track/7g8YaUQABMal0zWe7a2ijz,energetic,pa m remix
0lQk4UhEVDnOH5vYH0vgHM,Sabe,"Nicki Nicole, Rauw Alejandro",Sabe,10/26/2021,47,177655,https://open.spotify.com/track/0lQk4UhEVDnOH5vYH0vgHM,energetic,sabe
2PH533J1xudlfZ5GaHAdVX,Señor Juez,"Ozuna, Anthony Santos",Señor Juez,11/4/2021,55,264757,https://open.spotify.com/track/2PH533J1xudlfZ5GaHAdVX,energetic,seor juez
2BEcap3xJtmiPaHKyfQi4e,Nostálgico,"Rvssian, Rauw Alejandro, Chris Brown",Nostálgico,9/8/2021,72,209883,https://open.spotify.com/track/2BEcap3xJtmiPaHKyfQi4e,energetic,nostlgico
2naJy8SKJ27gj6ZhRPDKaz,Si Tu Lo Dejas,"Rvssian, Bad Bunny, Farruko, Nicky Jam, Kosa",Si Tu Lo Dejas,8/3/2017,65,275478,https://open.spotify.com/track/2naJy8SKJ27gj6ZhRPDKaz,energetic,si tu lo dejas
35UUpTmrcFXNIVIN26ujXl,Relación - Remix,"Sech, Daddy Yankee, J Balvin, ROSALÍA, Farruko",Relación (Remix),9/4/2020,67,247308,https://open.spotify.com/track/35UUpTmrcFXNIVIN26ujXl,energetic,relacin remix
7m4EYPEEFkhI5aEsM5Tgo0,Un Ratito,"Alok, Luis Fonsi, Lunay, Lenny Tavárez, Juliette",Un Ratito,1/14/2022,47,194906,https://open.spotify.com/track/7m4EYPEEFkhI5aEsM5Tgo0,energetic,un ratito
2M6IDHdaSAyt7FcJcptHjj,Santo,"Christina Aguilera, Ozuna",Santo,1/20/2022,44,183414,https://open.spotify.com/track/2M6IDHdaSAyt7FcJcptHjj,energetic,santo
2eqDUxbd0JPEhNrJdPlHLs,Adrenalina (feat. Jennifer Lopez & Ricky Martin),"Wisin, Jennifer Lopez, Ricky Martin",El Regreso del Sobreviviente (Deluxe Edition),3/18/2014,64,235546,https://open.spotify.com/track/2eqDUxbd0JPEhNrJdPlHLs,energetic,adrenalina feat jennifer lopez ricky martin
5H6SZcjJzBNsB2VzKW2Ivd,Tiempo,Ozuna,Tiempo,5/6/2021,48,171813,https://open.spotify.com/track/5H6SZcjJzBNsB2VzKW2Ivd,energetic,tiempo
7CIhgnrhnuWNT3R7EtahYW,La Cintura,Alvaro Soler,La Cintura,3/29/2018,31,205209,https://open.spotify.com/track/7CIhgnrhnuWNT3R7EtahYW,energetic,la cintura
3VClLWqNn80Llv0PJOsKgr,Báilame - Remix,"Nacho, Yandel, Bad Bunny, Mambo Kingz, DJ Luian",Báilame (Remix),7/31/2017,1,217080,https://open.spotify.com/track/3VClLWqNn80Llv0PJOsKgr,energetic,bilame remix
7BlBVFwvbWvcwNcUarQmjk,"Yo x Ti, Tu x Mi","ROSALÍA, Ozuna","Yo x Ti, Tu x Mi",8/15/2019,72,201040,https://open.spotify.com/track/7BlBVFwvbWvcwNcUarQmjk,energetic,yo x ti tu x mi
7KKTnv81z6DmfPIGsZWjOW,La Rubia - Remix 2,"La Nueva Escuela, Omar Montes",La Rubia (Remix 2),4/19/2019,58,210860,https://open.spotify.com/track/7KKTnv81z6DmfPIGsZWjOW,energetic,la rubia remix 2
7JNh1cfm0eXjqFVOzKLyau,Mayores,"Becky G, Bad Bunny",Mayores,7/14/2017,61,202453,https://open.spotify.com/track/7JNh1cfm0eXjqFVOzKLyau,energetic,mayores
59s0s39NFWScuHDbHytI14,Indeciso,"Reik, J Balvin, Lalo Ebratt",Indeciso,8/23/2019,69,217253,https://open.spotify.com/track/59s0s39NFWScuHDbHytI14,energetic,indeciso
770EsvNdHAr56fPBhZxUH6,Los Dioses,"Anuel AA, Ozuna",Los Dioses,1/21/2021,0,278280,https://open.spotify.com/track/770EsvNdHAr56fPBhZxUH6,energetic,los dioses
2qEoAz0i6yEz5dPggABcLH,Una Vaina Loca,"Fuego, Manuel Turizo, Duki",Una Vaina Loca,10/21/2021,61,226187,https://open.spotify.com/track/2qEoAz0i6yEz5dPggABcLH,energetic,una vaina loca
6mmPpaltUZK7xjNlBPQQ0p,Desesperados,"Rauw Alejandro, Chencho Corleone",VICE VERSA,12/10/2021,78,224996,https://open.spotify.com/track/6mmPpaltUZK7xjNlBPQQ0p,energetic,desesperados
7iHHlCbsFou5DZSW5HCPfs,Ella - Remix,"Boza, Lunay, Lenny Tavárez, Juhn, Beéle",Ella (Remix),10/29/2021,63,330477,https://open.spotify.com/track/7iHHlCbsFou5DZSW5HCPfs,energetic,ella remix
74j34STf8L6uADnTN69ohv,El Efecto - Remix,"Rauw Alejandro, Chencho Corleone, KEVVO, Bryant Myers, Lyanno, Dalex",El Efecto (Remix),12/13/2019,71,289898,https://open.spotify.com/track/74j34STf8L6uADnTN69ohv,energetic,el efecto remix
0GovomHOO7m93RvjaDPaLH,DEJA VU,"Tainy, Yandel",DYNASTY,7/15/2021,52,178375,https://open.spotify.com/track/0GovomHOO7m93RvjaDPaLH,energetic,deja vu
7nA9Wv88HS3D4wLFJRTlaT,Karma (Yales),"Barrio Latino, Daddy Yankee",Karma (Yales),2/4/2022,19,262121,https://open.spotify.com/track/7nA9Wv88HS3D4wLFJRTlaT,energetic,karma yales
2surWD0yteYlQ2scXFwQFX,Dynamite (feat. Sia & Miss Lafamilia) [Banx N Ranx Remix],"Sean Paul, Sia, Miss Lafamilia, Banx & Ranx",Dynamite (Remixes),1/14/2022,31,141629,https://open.spotify.com/track/2surWD0yteYlQ2scXFwQFX,energetic,dynamite feat sia miss lafamilia banx n ranx remix
78kygHp1dvW1kncYjBgbe1,Mujeriego,Ryan Castro,Mujeriego,12/17/2021,66,142500,https://open.spotify.com/track/78kygHp1dvW1kncYjBgbe1,energetic,mujeriego
41yHlQmNvtjRpoexYcSyJp,Deprimida,Ozuna,Deprimida,2/17/2022,45,217627,https://open.spotify.com/track/41yHlQmNvtjRpoexYcSyJp,energetic,deprimida
0SqqAgdovOE24BzxIClpjw,Yo Perreo Sola,Bad Bunny,YHLQMDLG,2/29/2020,73,172127,https://open.spotify.com/track/0SqqAgdovOE24BzxIClpjw,energetic,yo perreo sola
5cppeoXfiK59UEsEeOvuNo,Trompeta,Willy William,Trompeta,2/18/2022,47,168704,https://open.spotify.com/track/5cppeoXfiK59UEsEeOvuNo,energetic,trompeta
3IAfUEeaXRX9s9UdKOJrFI,Envolver,Anitta,Envolver,11/11/2021,67,193805,https://open.spotify.com/track/3IAfUEeaXRX9s9UdKOJrFI,energetic,envolver
0bBd6K5X4W7t9GyXcaVOA7,Sigue,"J Balvin, Ed Sheeran",Sigue/Forever My Love,3/25/2022,56,159386,https://open.spotify.com/track/0bBd6K5X4W7t9GyXcaVOA7,energetic,sigue
0LKu09Iq053CEUZ5ktQEWc,Mojando Asientos (feat. Feid),"Maluma, Feid",Mojando Asientos (feat. Feid),3/24/2022,61,252162,https://open.spotify.com/track/0LKu09Iq053CEUZ5ktQEWc,energetic,mojando asientos feat feid
4OUAXw3SXI7bUiNtKC7ErW,Voodoo (with J Balvin & Tainy),"Badshah, J Balvin, Tainy",Voodoo (with J Balvin & Tainy),4/22/2022,46,198130,https://open.spotify.com/track/4OUAXw3SXI7bUiNtKC7ErW,energetic,voodoo with j balvin tainy
5prjQ7QCWQXH84EUwIckgB,Yo Quiero,"Nio Garcia, Pailita",Yo Quiero,5/6/2022,0,209838,https://open.spotify.com/track/5prjQ7QCWQXH84EUwIckgB,energetic,yo quiero
3CIl8hlnMcULSIIhUMmB1Z,FULANITO,"Becky G, El Alfa",ESQUEMAS,5/13/2022,59,157883,https://open.spotify.com/track/3CIl8hlnMcULSIIhUMmB1Z,energetic,fulanito
11zP8yPx3LAEW6of3iiAN0,RAM PAM PAM,"NATTI NATASHA, Becky G",ESQUEMAS,5/13/2022,35,200785,https://open.spotify.com/track/11zP8yPx3LAEW6of3iiAN0,energetic,ram pam pam
6450bXzJsITj64uDHlgZkf,Loco,Rolf Sanchez,Mi Viaje,5/27/2022,19,152975,https://open.spotify.com/track/6450bXzJsITj64uDHlgZkf,energetic,loco
7prFESPQISWkKwP2YQ99ls,Darte Un Beso,Rolf Sanchez,Mi Viaje,5/27/2022,31,165548,https://open.spotify.com/track/7prFESPQISWkKwP2YQ99ls,energetic,darte un beso
3AbNNvo2OmyeDMvRBgf9vk,La Loto,"TINI, Becky G, Anitta",La Loto,7/6/2022,59,190666,https://open.spotify.com/track/3AbNNvo2OmyeDMvRBgf9vk,energetic,la loto
2uAgZ0PelSImQe3BME9CiT,Solo Para Ti,"Alvaro Soler, Topic",Solo Para Ti,4/22/2022,54,198106,https://open.spotify.com/track/2uAgZ0PelSImQe3BME9CiT,energetic,solo para ti
4U80RIeWGZCFLsYUlYZN3I,Medallo en RD,"Mike Moonnight, Christian Lopez RD",Medallo en RD,6/30/2022,32,175200,https://open.spotify.com/track/4U80RIeWGZCFLsYUlYZN3I,energetic,medallo en rd
18HOjcvTVV7W8YzBuOsAPS,Un Verano Sin Ti,Bad Bunny,Un Verano Sin Ti,5/6/2022,76,148143,https://open.spotify.com/track/18HOjcvTVV7W8YzBuOsAPS,energetic,un verano sin ti
2nSNqawExgEYd5k0CATOwO,MENEITO,"Nil Moliner, Yera",MENEITO,4/1/2022,43,198196,https://open.spotify.com/track/2nSNqawExgEYd5k0CATOwO,energetic,meneito
4Zj3K3UaUMC6ndSwl05Zyd,Bellacon,"El Alfa, J Balvin",Bellacon,9/9/2022,0,212000,https://open.spotify.com/track/4Zj3K3UaUMC6ndSwl05Zyd,energetic,bellacon
6riuMNiPqRmE4LPJZGzIuv,Gogo Dance,"El Alfa, Chael Produciendo",Sabiduria,4/7/2022,0,173389,https://open.spotify.com/track/6riuMNiPqRmE4LPJZGzIuv,energetic,gogo dance
2L95U6syP0bV3fkYYOzmiW,La Mamá de la Mamá (feat. El Cherry Scom),"El Alfa, CJ, Chael Produciendo, El Cherry Scom",La Mamá de la Mamá (feat. El Cherry Scom),4/8/2021,2,219000,https://open.spotify.com/track/2L95U6syP0bV3fkYYOzmiW,energetic,la mam de la mam feat el cherry scom
5FL63SjxmPI92qUgwgtxml,Chang Chang,"JPB, Ataniro",Chang Chang,8/13/2021,11,164842,https://open.spotify.com/track/5FL63SjxmPI92qUgwgtxml,energetic,chang chang
3eQY07PrOATptuldCjRKkl,Casting,Lexan,Casting,9/29/2022,14,159539,https://open.spotify.com/track/3eQY07PrOATptuldCjRKkl,energetic,casting
1HcIlahBodb9wFdvTQ6z2m,Daño Colateral,Joonti,Daño Colateral,9/2/2022,0,152610,https://open.spotify.com/track/1HcIlahBodb9wFdvTQ6z2m,energetic,dao colateral
5vXhgXRIUWMD62onAqA5xy,Café Con Leche,Pitbull,Café Con Leche,7/8/2022,45,168323,https://open.spotify.com/track/5vXhgXRIUWMD62onAqA5xy,energetic,caf con leche
0VzBKgimNRMauaqzT2rEnS,Go Down Deh (feat. Sean Paul & Shaggy),"Spice, Sean Paul, Shaggy",Go Down Deh (feat. Sean Paul & Shaggy),4/30/2021,71,154151,https://open.spotify.com/track/0VzBKgimNRMauaqzT2rEnS,energetic,go down deh feat sean paul shaggy
18onJmAJLKbrQVEt9IiKs1,EL NENE,"Foreign Teck, Anuel AA",EL NENE,10/28/2022,52,179999,https://open.spotify.com/track/18onJmAJLKbrQVEt9IiKs1,energetic,el nene
2pr7kPUfFzOrn4JpZZ0fZk,Candela - Dastic Remix,"Alvaro Soler, Nico Santos, Dastic",Candela (Dastic Remix),11/25/2022,25,137874,https://open.spotify.com/track/2pr7kPUfFzOrn4JpZZ0fZk,energetic,candela dastic remix
4EQOGfssbSpTlV6EZRtrSv,ULALA (OOH LA LA),"Myke Towers, Daddy Yankee",ULALA (OOH LA LA),11/24/2022,54,188009,https://open.spotify.com/track/4EQOGfssbSpTlV6EZRtrSv,energetic,ulala ooh la la
1Gq7wM0F22XRuUEgxJFbJQ,Bandida,"IAmChino, Pitbull, Yandel",Bandida,11/16/2022,22,207414,https://open.spotify.com/track/1Gq7wM0F22XRuUEgxJFbJQ,energetic,bandida
2GdHCkeAycTJ1RgMlptaRE,BAILAR CONTIGO,"Black Eyed Peas, Daddy Yankee",BAILAR CONTIGO,11/9/2022,56,223352,https://open.spotify.com/track/2GdHCkeAycTJ1RgMlptaRE,energetic,bailar contigo
4dLIAE3xbJLoiIBbKkZWJk,Ojalá,"The Rudeboyz, Maluma, Adam Levine",Ojalá,10/20/2022,52,189080,https://open.spotify.com/track/4dLIAE3xbJLoiIBbKkZWJk,energetic,ojal
7IatvjEcXEeeXnHC2gMZ2j,CAMPEÓN,Daddy Yankee,LEGENDADDY,3/25/2022,46,194515,https://open.spotify.com/track/7IatvjEcXEeeXnHC2gMZ2j,energetic,campen
65MqlYPOWReasKWcuCaOCW,REMIX,Daddy Yankee,LEGENDADDY,3/25/2022,53,163680,https://open.spotify.com/track/65MqlYPOWReasKWcuCaOCW,energetic,remix
51GN2McXgVYpNJPlePLP1g,UNO QUITAO Y OTRO PUESTO,Daddy Yankee,LEGENDADDY,3/25/2022,42,189481,https://open.spotify.com/track/51GN2McXgVYpNJPlePLP1g,energetic,uno quitao y otro puesto
6rEpJ5uF56xgL2r61xABqc,EL ABUSADOR DEL ABUSADOR,Daddy Yankee,LEGENDADDY,3/25/2022,43,161663,https://open.spotify.com/track/6rEpJ5uF56xgL2r61xABqc,energetic,el abusador del abusador
4e4t1qNN47CzmCxFffzs4U,AGUA,"Daddy Yankee, Rauw Alejandro, Nile Rodgers",LEGENDADDY,3/25/2022,55,204520,https://open.spotify.com/track/4e4t1qNN47CzmCxFffzs4U,energetic,agua
4pN4uE4g6srE6376NDwMJP,ZONA DEL PERREO,"Daddy Yankee, NATTI NATASHA, Becky G",LEGENDADDY,3/25/2022,46,191920,https://open.spotify.com/track/4pN4uE4g6srE6376NDwMJP,energetic,zona del perreo
5Pg4qYTcvCUBBq3jBhKq0t,HOT,"Daddy Yankee, Pitbull",LEGENDADDY,3/25/2022,62,154493,https://open.spotify.com/track/5Pg4qYTcvCUBBq3jBhKq0t,energetic,hot
4OAPnWJ3J5w4c4IBLh2chn,BOMBÓN,"Daddy Yankee, El Alfa, Lil Jon",LEGENDADDY,3/25/2022,64,182413,https://open.spotify.com/track/4OAPnWJ3J5w4c4IBLh2chn,energetic,bombn
3XjN0mvFkQp1FMVM9Ro5hm,RUMBATÓN,Daddy Yankee,LEGENDADDY,3/25/2022,61,248768,https://open.spotify.com/track/3XjN0mvFkQp1FMVM9Ro5hm,energetic,rumbatn
53RxAcwlGfo45nUU7vIRQH,Tell Me (Spanish Version),"Basixx, Andy Delos Santos",Tell Me (Spanish Version),6/12/2020,15,165750,https://open.spotify.com/track/53RxAcwlGfo45nUU7vIRQH,energetic,tell me spanish version
5R2hNuiiwnKVAUNktF9j2Y,mariposas,"sangiovanni, Aitana",mariposas,6/2/2022,61,154000,https://open.spotify.com/track/5R2hNuiiwnKVAUNktF9j2Y,energetic,mariposas
6QHI276bOcHzx8tayM2cOG,Mami Tu Solita,"Jorda, KARYO, Novi Nivo",Mami Tu Solita,8/6/2021,22,175078,https://open.spotify.com/track/6QHI276bOcHzx8tayM2cOG,energetic,mami tu solita
3VvA1wSxukMLsvXoXtlwWx,Hecha Pa' Mi,Boza,Más Negro Que Rojo,7/31/2020,79,186133,https://open.spotify.com/track/3VvA1wSxukMLsvXoXtlwWx,energetic,hecha pa mi
4BpZWGQcmdRumqiU1ttLjI,Loca,"Aka 7even, Robledo",Loca,8/27/2021,17,146732,https://open.spotify.com/track/4BpZWGQcmdRumqiU1ttLjI,energetic,loca
7c8yxiXCVCbkVZIyd00Zz6,Non dire una parola,"Baby K, Alvaro Soler",Non dire una parola,9/10/2021,37,188429,https://open.spotify.com/track/7c8yxiXCVCbkVZIyd00Zz6,energetic,non dire una parola
2caVKAWz7oM5Hw3LDWWVnQ,CHAO BEBE,"Ovy On The Drums, Ozuna",CHAO BEBE,12/29/2022,49,206499,https://open.spotify.com/track/2caVKAWz7oM5Hw3LDWWVnQ,energetic,chao bebe
43C8ga8Z7MkOc1TmEzXcJ3,Skin Tight,"Mr Eazi, Efya",Skin Tight,8/31/2015,54,248626,https://open.spotify.com/track/43C8ga8Z7MkOc1TmEzXcJ3,energetic,skin tight
5bZjb7xKqLqa58QiUBcVvl,Marianela (Que Pasa),"HUGEL, Merk & Kremont, Lirico En La Casa",Marianela (Que Pasa),11/25/2022,64,145766,https://open.spotify.com/track/5bZjb7xKqLqa58QiUBcVvl,energetic,marianela que pasa
3Dmr9Kg8RGb2Eb4MeHnh24,LOS CODIGOS,"El Monta Cotorra, Atuedad",LOS CODIGOS,12/16/2022,11,159473,https://open.spotify.com/track/3Dmr9Kg8RGb2Eb4MeHnh24,energetic,los codigos
1IHWl5LamUGEuP4ozKQSXZ,Tití Me Preguntó,Bad Bunny,Un Verano Sin Ti,5/6/2022,84,243716,https://open.spotify.com/track/1IHWl5LamUGEuP4ozKQSXZ,energetic,tit me pregunt
71L9EZo8OEaZINg75dBUSW,Hombres y Mujeres,"Gordo, Feid",Hombres y Mujeres,11/18/2022,59,148644,https://open.spotify.com/track/71L9EZo8OEaZINg75dBUSW,energetic,hombres y mujeres
1Uz4a76BvXhzu6aTDRvBS0,Proost,Broederliefde,Proost,8/12/2021,36,199469,https://open.spotify.com/track/1Uz4a76BvXhzu6aTDRvBS0,energetic,proost
2WigMwGJysIh9fRnSJvpjn,KU LO SA - A COLORS SHOW,Oxlade,KU LO SA - A COLORS SHOW,6/10/2022,71,147580,https://open.spotify.com/track/2WigMwGJysIh9fRnSJvpjn,energetic,ku lo sa a colors show
0fBP9n1mUM2Ur7LUPq8MVn,Hasta Luego,"HRVY, Malu Trevejo",Hasta Luego,4/25/2018,43,147013,https://open.spotify.com/track/0fBP9n1mUM2Ur7LUPq8MVn,energetic,hasta luego
4MjDJD8cW7iVeWInc2Bdyj,MONACO,Bad Bunny,nadie sabe lo que va a pasar mañana,10/13/2023,80,267194,https://open.spotify.com/track/4MjDJD8cW7iVeWInc2Bdyj,energetic,monaco
2tTmW7RDtMQtBk7m2rYeSw,"Quevedo: Bzrp Music Sessions, Vol. 52/66","Bizarrap, Quevedo","Quevedo: Bzrp Music Sessions, Vol. 52/66",7/6/2022,80,198937,https://open.spotify.com/track/2tTmW7RDtMQtBk7m2rYeSw,energetic,quevedo bzrp music sessions vol 5266
05WVKTdZhlIMX4qqMLuo0f,BELLAKEO,"Peso Pluma, Anitta",BELLAKEO,12/7/2023,72,197333,https://open.spotify.com/track/05WVKTdZhlIMX4qqMLuo0f,energetic,bellakeo
4vAMy0dxoyoIHGuIgKqcwm,Dientes,"J Balvin, USHER, DJ Khaled",Dientes,9/15/2023,56,166426,https://open.spotify.com/track/4vAMy0dxoyoIHGuIgKqcwm,energetic,dientes
6mAN61JH0dzyZpWslS11jy,Fantasias,"Rauw Alejandro, Farruko",Fantasias,8/29/2019,71,199711,https://open.spotify.com/track/6mAN61JH0dzyZpWslS11jy,energetic,fantasias
6a9Z1jUms915w4O7N1PxjY,Santa,"Rvssian, Rauw Alejandro, Ayra Starr",Santa,4/3/2024,79,193038,https://open.spotify.com/track/6a9Z1jUms915w4O7N1PxjY,energetic,santa
0A37XY67wSdGqkGjtfW6aV,Fantasias - Remix,"Rauw Alejandro, Anuel AA, NATTI NATASHA, Farruko, Lunay",Fantasias (Remix) [feat. Farruko & Lunay],3/6/2020,59,267241,https://open.spotify.com/track/0A37XY67wSdGqkGjtfW6aV,energetic,fantasias remix
2CQ0S1zCT7QqmAh7Ke6Kso,Soso - Remix,"Ozuna, Omah Lay",Afro,5/26/2023,57,202012,https://open.spotify.com/track/2CQ0S1zCT7QqmAh7Ke6Kso,energetic,soso remix
5496lks6V3fh1mZAB6IAap,Alibi (with Pabllo Vittar & Yseult),"Sevdaliza, Pabllo Vittar, Yseult",Alibi (with Pabllo Vittar & Yseult),6/28/2024,77,161655,https://open.spotify.com/track/5496lks6V3fh1mZAB6IAap,energetic,alibi with pabllo vittar yseult
14wf185UxfNbSy8dwt4r4q,MAMACITA,"Black Eyed Peas, Ozuna, J. Rey Soul",MAMACITA,4/10/2020,61,249142,https://open.spotify.com/track/14wf185UxfNbSy8dwt4r4q,energetic,mamacita
1ri9ZUkBJVFUdgwzCnfcYs,MAMIII,"Becky G, KAROL G",MAMIII,2/10/2022,69,226088,https://open.spotify.com/track/1ri9ZUkBJVFUdgwzCnfcYs,energetic,mamiii
5dDTrE9ePpX0nGY1naajL0,Contigo,"Emma Heesters, Rolf Sanchez",Contigo,6/14/2024,47,174937,https://open.spotify.com/track/5dDTrE9ePpX0nGY1naajL0,energetic,contigo
6WatFBLVB0x077xWeoVc2k,Si Antes Te Hubiera Conocido,KAROL G,Si Antes Te Hubiera Conocido,6/21/2024,83,195824,https://open.spotify.com/track/6WatFBLVB0x077xWeoVc2k,energetic,si antes te hubiera conocido
40fgKOnq3hxu4HqEbq40CZ,Chula,"Grupo Firme, Demi Lovato",Chula,8/15/2024,51,150724,https://open.spotify.com/track/40fgKOnq3hxu4HqEbq40CZ,energetic,chula
1BIXs6CdkPRLytuqoXs6XN,4K,"El Alfa, Darell, Noriel",4K,3/12/2020,76,201500,https://open.spotify.com/track/1BIXs6CdkPRLytuqoXs6XN,energetic,4k
2od5sSNb5SsiYvlfsdx3UK,Toco Toco To,Dixson Waz,Toco Toco To,12/11/2020,52,181557,https://open.spotify.com/track/2od5sSNb5SsiYvlfsdx3UK,energetic,toco toco to
2FgNhMMwYXRnsctqIcouMP,Un Polvito +,"Maluma, Maisak",Un Polvito +,10/16/2025,70,214742,https://open.spotify.com/track/2FgNhMMwYXRnsctqIcouMP,energetic,un polvito
1q0pMFDJwAvvRD7JyeoiKL,QDMT,"Jory Boy, J Balvin",Matando La Liga 2,10/9/2025,62,185987,https://open.spotify.com/track/1q0pMFDJwAvvRD7JyeoiKL,energetic,qdmt
040CeSVj4n3aDCEsscMvJL,LAS XII,"Fresh Bodden, Lion Fiah, Kybba, Gangsta",LAS XII,11/7/2025,41,172200,https://open.spotify.com/track/040CeSVj4n3aDCEsscMvJL,energetic,las xii
5QvII3b2o6aDFeUeU2TN2I,El Bloke,"Tivi Gunz, Ozuna",El Bloke,10/20/2025,45,256000,https://open.spotify.com/track/5QvII3b2o6aDFeUeU2TN2I,energetic,el bloke
42VsgItocQwOQC3XWZ8JNA,FE!N (feat. Playboi Carti),"Travis Scott, Playboi Carti",UTOPIA,7/28/2023,84,191700,https://open.spotify.com/track/42VsgItocQwOQC3XWZ8JNA,energetic,fen feat playboi carti
4jVBIpuOiMj1crqd8LoCrJ,FRANCHISE (feat. Young Thug & M.I.A.),"Travis Scott, Young Thug, M.I.A.",FRANCHISE (feat. Young Thug & M.I.A.),9/25/2020,73,202794,https://open.spotify.com/track/4jVBIpuOiMj1crqd8LoCrJ,energetic,franchise feat young thug mia
503OTo2dSqe7qk76rgsbep,Still D.R.E.,"Dr. Dre, Snoop Dogg",2001,11/16/1999,82,270586,https://open.spotify.com/track/503OTo2dSqe7qk76rgsbep,energetic,still dre
3AD73lKeY2c9JhsHRqWkOw,KICK OUT,Travis Scott,JACKBOYS 2,7/11/2025,70,170498,https://open.spotify.com/track/3AD73lKeY2c9JhsHRqWkOw,energetic,kick out
0ky8syPEVEfD7qCxMTW49X,Slatty (feat. Yak Gotti & Lil Duke),"Young Stoner Life, Young Thug, Gunna, Lil Duke, Yak Gotti",Slime Language 2,4/16/2021,53,290280,https://open.spotify.com/track/0ky8syPEVEfD7qCxMTW49X,energetic,slatty feat yak gotti lil duke
6gi6y1xwmVszDWkUqab1qw,OUT WEST (feat. Young Thug),"JACKBOYS, Travis Scott, Young Thug",JACKBOYS,12/27/2019,75,157712,https://open.spotify.com/track/6gi6y1xwmVszDWkUqab1qw,energetic,out west feat young thug
2yUzr8Sr6ldG8vmHhZwTnz,née-nah,"21 Savage, Travis Scott, Metro Boomin",american dream,1/12/2024,70,220584,https://open.spotify.com/track/2yUzr8Sr6ldG8vmHhZwTnz,energetic,nenah
5tEaVciE2GnR28aN6W9cLS,FUK SUMN,"¥$, Kanye West, Ty Dolla $ign",VULTURES 1,2/9/2024,4,209577,https://open.spotify.com/track/5tEaVciE2GnR28aN6W9cLS,energetic,fuk sumn
0vjeOZ3Ft5jvAi9SBFJm1j,Superhero (Heroes & Villains) [with Future & Chris Brown],"Metro Boomin, Future, Chris Brown",HEROES & VILLAINS,12/2/2022,79,182666,https://open.spotify.com/track/0vjeOZ3Ft5jvAi9SBFJm1j,energetic,superhero heroes villains with future chris brown
52NGJPcLUzQq5w7uv4e5gf,Private Landing (feat. Justin Bieber & Future),"Don Toliver, Justin Bieber, Future",Love Sick,2/24/2023,77,238253,https://open.spotify.com/track/52NGJPcLUzQq5w7uv4e5gf,energetic,private landing feat justin bieber future
3vkhPIcLDF5Griv9S3x37j,Pipe Down (feat. Travis Scott),"Young Thug, Travis Scott",Pipe Down (feat. Travis Scott),9/25/2025,60,210600,https://open.spotify.com/track/3vkhPIcLDF5Griv9S3x37j,energetic,pipe down feat travis scott
0yqrhHrcWLMjBylHReDN5u,Legends Are Made,Sam Tinnesz,Babel,8/25/2017,68,169758,https://open.spotify.com/track/0yqrhHrcWLMjBylHReDN5u,energetic,legends are made
4VsTzGs0USOAZY0y5872pt,Right Here,"Mintd, Mesa & Boss",Right Here,7/25/2025,46,185625,https://open.spotify.com/track/4VsTzGs0USOAZY0y5872pt,energetic,right here
0k1WUmIRnG3xU6fvvDVfRG,Way 2 Sexy (with Future & Young Thug),"Drake, Future, Young Thug",Certified Lover Boy,9/3/2021,73,257604,https://open.spotify.com/track/0k1WUmIRnG3xU6fvvDVfRG,energetic,way 2 sexy with future young thug
0fWUkzpVtkK54XGwXzOQxu,Hungry Again,Jalen Rich,Hungry Again,1/17/2025,41,201369,https://open.spotify.com/track/0fWUkzpVtkK54XGwXzOQxu,energetic,hungry again
3zz6aAkhSdYLZCO8CLG2an,Berserk,"Kayzo, SampliFire",Berserk,8/22/2025,49,195096,https://open.spotify.com/track/3zz6aAkhSdYLZCO8CLG2an,energetic,berserk
4VDIiXr424UxKiJrTz9ZrU,Zoom,"Benny Freestyles, Big Jerm",Zoom,9/5/2025,33,144984,https://open.spotify.com/track/4VDIiXr424UxKiJrTz9ZrU,energetic,zoom
4R67rQNSbbsR4TdUVOIdez,ESCAPE PLAN,Travis Scott,ESCAPE PLAN / MAFIA,11/5/2021,67,149610,https://open.spotify.com/track/4R67rQNSbbsR4TdUVOIdez,energetic,escape plan
3vNljfABQ7yRv64ADVhJxu,Time Erased All Of Me,Jan Metternich,Time Erased All Of Me,8/22/2025,50,170777,https://open.spotify.com/track/3vNljfABQ7yRv64ADVhJxu,energetic,time erased all of me
7Ie9W94M7OjPoZVV216Xus,Not Afraid,Eminem,Recovery,6/18/2010,79,248133,https://open.spotify.com/track/7Ie9W94M7OjPoZVV216Xus,energetic,not afraid
6wsqVwoiVH2kde4k4KKAFU,I KNOW ?,Travis Scott,UTOPIA,7/28/2023,80,211582,https://open.spotify.com/track/6wsqVwoiVH2kde4k4KKAFU,energetic,i know
6v1kEKdETU536qgvfR8Ph1,Millionaire,Lil Q,Millionaire,9/16/2025,46,181044,https://open.spotify.com/track/6v1kEKdETU536qgvfR8Ph1,energetic,millionaire
4XTzbFwfWScbuiuaZxcNkL,No Complaints,"Metro Boomin, Offset, Drake",Underground Rap,8/18/2017,38,261733,https://open.spotify.com/track/4XTzbFwfWScbuiuaZxcNkL,energetic,no complaints
4doa8bfC6fQWMJ1YgXiYyD,Delusional,kaputza,Delusional,9/3/2025,29,201506,https://open.spotify.com/track/4doa8bfC6fQWMJ1YgXiYyD,energetic,delusional
7uZqvqXzzYMKrexKxdcGmd,Diamonds Dancing (feat. Travis Scott),"Young Stoner Life, Young Thug, Gunna, Travis Scott",Slime Language 2,4/16/2021,61,242600,https://open.spotify.com/track/7uZqvqXzzYMKrexKxdcGmd,energetic,diamonds dancing feat travis scott
5eYElyb3DVsWvku0TCYCwv,Don't Panic,4t9,Don't Panic,8/13/2025,30,189967,https://open.spotify.com/track/5eYElyb3DVsWvku0TCYCwv,energetic,dont panic
4dVpf9jZjcORqGTLUaeYj9,Plain Jane,A$AP Ferg,Still Striving,8/18/2017,68,173600,https://open.spotify.com/track/4dVpf9jZjcORqGTLUaeYj9,energetic,plain jane
74hlyWh9wUpSeCKpLZPGeK,Moudness - Rework,Miguel Bastida,Moudness (Rework),10/24/2025,33,199846,https://open.spotify.com/track/74hlyWh9wUpSeCKpLZPGeK,energetic,moudness rework
67QVeMvttYHbB1Zuvh0cn6,LET'S PRAY (feat. Don Toliver & Travis Scott),"DJ Khaled, Don Toliver, Travis Scott",GOD DID,8/26/2022,53,158979,https://open.spotify.com/track/67QVeMvttYHbB1Zuvh0cn6,energetic,lets pray feat don toliver travis scott
3muvYQsSgatNXW29D9ya9W,New Money,Baddie Li,New Money,10/24/2025,34,169900,https://open.spotify.com/track/3muvYQsSgatNXW29D9ya9W,energetic,new money
4Na2HfNSr58chvfX69fy36,one of wun,Gunna,One of Wun,5/10/2024,80,144000,https://open.spotify.com/track/4Na2HfNSr58chvfX69fy36,energetic,one of wun
3j84U36KvLeXNDPv4t5pI8,Pure Water (with Migos),"Mustard, Migos",Perfect Ten,6/28/2019,72,192470,https://open.spotify.com/track/3j84U36KvLeXNDPv4t5pI8,energetic,pure water with migos
1bDbXMyjaUIooNwFE9wn0N,Rich Flex,"Drake, 21 Savage",Her Loss,11/4/2022,75,239359,https://open.spotify.com/track/1bDbXMyjaUIooNwFE9wn0N,energetic,rich flex
7nTXGj1sSWkr3nmbC6VwOp,Blindão,"Bonde da Stronda, LetoDie",Blindão,9/19/2014,48,315157,https://open.spotify.com/track/7nTXGj1sSWkr3nmbC6VwOp,energetic,blindo
5eqK0tbzUPo2SoeZsov04s,Bank Account,21 Savage,Issa Album,7/6/2017,72,220306,https://open.spotify.com/track/5eqK0tbzUPo2SoeZsov04s,energetic,bank account
0AOmbw8AwDnwXhHC3OhdVB,Courtesy Call,Thousand Foot Krutch,The End Is Where We Begin,4/17/2012,74,236898,https://open.spotify.com/track/0AOmbw8AwDnwXhHC3OhdVB,energetic,courtesy call
1aHy1ipWQRNauI0ee9uYfi,Fall Back,Lithe,Fall Back / Selfish Game,3/22/2024,46,129522,https://open.spotify.com/track/1aHy1ipWQRNauI0ee9uYfi,energetic,fall back
2t8yVaLvJ0RenpXUIAC52d,a lot,21 Savage,i am > i was,12/21/2018,78,288624,https://open.spotify.com/track/2t8yVaLvJ0RenpXUIAC52d,energetic,a lot
2HIjQZsmscClqRGbfzwAgK,Diamonds (feat. Gunna),"Young Thug, Gunna",So Much Fun (Deluxe),12/20/2019,56,210733,https://open.spotify.com/track/2HIjQZsmscClqRGbfzwAgK,energetic,diamonds feat gunna
4mIHgQ3ofK2RK34UdbqMbe,Ambition For Cash,Key Glock,Yellow Tape 2,11/5/2021,69,143480,https://open.spotify.com/track/4mIHgQ3ofK2RK34UdbqMbe,energetic,ambition for cash
7fzN9lz890zav0HERLvVKZ,prada dem (feat. Offset),"Gunna, Offset",One of Wun,5/10/2024,65,165346,https://open.spotify.com/track/7fzN9lz890zav0HERLvVKZ,energetic,prada dem feat offset
1v7L65Lzy0j0vdpRjJewt1,Lose Yourself,Eminem,Just Lose It,1/1/2004,80,322226,https://open.spotify.com/track/1v7L65Lzy0j0vdpRjJewt1,energetic,lose yourself
3UVnUbxhhUBR2ocbbosYeK,24k Gold,"Kith the Kid, Negahdari Nia, Kiana",24k Gold,10/4/2024,28,135480,https://open.spotify.com/track/3UVnUbxhhUBR2ocbbosYeK,energetic,24k gold
0TlLq3lA83rQOYtrqBqSct,Nonstop,Drake,Scorpion,6/29/2018,76,238614,https://open.spotify.com/track/0TlLq3lA83rQOYtrqBqSct,energetic,nonstop
3VVF5eIcvdeIpS4INAq6NM,Going Crazy,Big Moochie Grape,East Haiti Baby: Incarcerated,11/24/2023,38,156933,https://open.spotify.com/track/3VVF5eIcvdeIpS4INAq6NM,energetic,going crazy
6D9zm7VgqIEOiLSbOlXkOC,Transformation,CRO,Ripple Effect,10/24/2025,22,134974,https://open.spotify.com/track/6D9zm7VgqIEOiLSbOlXkOC,energetic,transformation
5w2liyrUoMsT0IfYZhFAq7,Ready For War,"Jeezy, Z-Ro, Lil CArchie Lee",Road Trip Volume 6: Long Road South,12/12/2006,45,453986,https://open.spotify.com/track/5w2liyrUoMsT0IfYZhFAq7,energetic,ready for war
4Vzec4drKRFOiuODe9Bd8T,Quer Tomar Bomba?,Mag,Mag,2/2/2020,51,336746,https://open.spotify.com/track/4Vzec4drKRFOiuODe9Bd8T,energetic,quer tomar bomba
7sO5G9EABYOXQKNPNiE9NR,Ric Flair Drip (with Metro Boomin),"Offset, Metro Boomin",Without Warning,10/30/2017,81,172800,https://open.spotify.com/track/7sO5G9EABYOXQKNPNiE9NR,energetic,ric flair drip with metro boomin
5SWnsxjhdcEDc7LJjq9UHk,Runnin,"21 Savage, Metro Boomin",SAVAGE MODE II,10/2/2020,76,195906,https://open.spotify.com/track/5SWnsxjhdcEDc7LJjq9UHk,energetic,runnin
0FZ4Dmg8jJJAPJnvBIzD9z,ZEZE (feat. Travis Scott & Offset),"Kodak Black, Offset, Travis Scott",Dying to Live,12/14/2018,77,228759,https://open.spotify.com/track/0FZ4Dmg8jJJAPJnvBIzD9z,energetic,zeze feat travis scott offset
3Kd6Wp3lG5HXMB2dlvuy7y,Death,"Trippie Redd, DaBaby",A Love Letter To You 4,11/22/2019,0,172195,https://open.spotify.com/track/3Kd6Wp3lG5HXMB2dlvuy7y,energetic,death
3SGgeDQ3cAuNSFb03PjXtv,ADDYS (feat. Nechie),"Gunna, Nechie",WUNNA,5/22/2020,45,179373,https://open.spotify.com/track/3SGgeDQ3cAuNSFb03PjXtv,energetic,addys feat nechie
6rUmUJ2drFemHTH73bFAKQ,That Go! (feat. T-Shyne),"Young Stoner Life, Young Thug, Meek Mill, T-Shyne",Slime Language 2,4/16/2021,69,226400,https://open.spotify.com/track/6rUmUJ2drFemHTH73bFAKQ,energetic,that go feat tshyne
49BbpJuVsX2wUl0Qo9aVvC,mop (feat. Young Thug),"Gunna, Young Thug",DS4EVER,1/13/2022,56,185213,https://open.spotify.com/track/49BbpJuVsX2wUl0Qo9aVvC,energetic,mop feat young thug
1XRgIKC5TPwo7nWGyKqgG0,I Get the Bag (feat. Migos),"Gucci Mane, Migos",Mr. Davis,10/13/2017,70,233087,https://open.spotify.com/track/1XRgIKC5TPwo7nWGyKqgG0,energetic,i get the bag feat migos
0Mycps3zl2az8oFUZxU2kD,Straight To The Bank,50 Cent,Curtis,1/1/2007,52,190653,https://open.spotify.com/track/0Mycps3zl2az8oFUZxU2kD,energetic,straight to the bank
66ezChUOWvgzRQAi3Ay1wt,Go To Sleep,"Eminem, DMX, Obie Trice",Cradle 2 The Grave,1/1/2003,65,282026,https://open.spotify.com/track/66ezChUOWvgzRQAi3Ay1wt,energetic,go to sleep
4rXLjWdF2ZZpXCVTfWcshS,fukumean,Gunna,a Gift & a Curse,6/16/2023,78,125040,https://open.spotify.com/track/4rXLjWdF2ZZpXCVTfWcshS,energetic,fukumean
3nS9a01VvXHQriLqJYwRqG,DOLLAZ ON MY HEAD (feat. Young Thug),"Gunna, Young Thug",WUNNA,5/22/2020,70,197760,https://open.spotify.com/track/3nS9a01VvXHQriLqJYwRqG,energetic,dollaz on my head feat young thug
2tudvzsrR56uom6smgOcSf,Like That,"Future, Metro Boomin, Kendrick Lamar",WE DON'T TRUST YOU,3/22/2024,82,267706,https://open.spotify.com/track/2tudvzsrR56uom6smgOcSf,energetic,like that
1pLQoF3VeG6KwNJRys3eq3,You Don't Know,"Eminem, 50 Cent, Ca$his, Lloyd Banks",Eminem Presents The Re-Up,1/1/2006,59,257906,https://open.spotify.com/track/1pLQoF3VeG6KwNJRys3eq3,energetic,you dont know
3XOalgusokruzA5ZBA2Qcb,pushin P (feat. Young Thug),"Gunna, Future, Young Thug",DS4EVER,1/13/2022,67,136266,https://open.spotify.com/track/3XOalgusokruzA5ZBA2Qcb,energetic,pushin p feat young thug
2gyhiGCGYYWDr0tI8udDct,Beta Maboko (House Remix),"Jetfly Multz, Forty7even",Beta Maboko,9/16/2025,27,92903,https://open.spotify.com/track/2gyhiGCGYYWDr0tI8udDct,energetic,beta maboko house remix
6n4U3TlzUGhdSFbUUhTvLP,Walk It Talk It,"Migos, Drake",Culture II,1/26/2018,71,276147,https://open.spotify.com/track/6n4U3TlzUGhdSFbUUhTvLP,energetic,walk it talk it
0y7Ao3CVJsyKFmqdjutiIF,WUNNA,Gunna,WUNNA,5/22/2020,60,158240,https://open.spotify.com/track/0y7Ao3CVJsyKFmqdjutiIF,energetic,wunna
3G0yz3DZn3lfraledmBCT0,P.I.M.P.,50 Cent,Get Rich Or Die Tryin',2/6/2003,78,249480,https://open.spotify.com/track/3G0yz3DZn3lfraledmBCT0,energetic,pimp
2zWkxKrUj8GfsUMi0MczgE,Demon Time,"FN DaDealer, Young Stoner Life",Demon Time,8/17/2022,31,188632,https://open.spotify.com/track/2zWkxKrUj8GfsUMi0MczgE,energetic,demon time
69phA1R4gmQsBFRQ3INW8C,ONE CALL,Rich Amiri,Ghetto Fabulous,11/17/2023,73,121399,https://open.spotify.com/track/69phA1R4gmQsBFRQ3INW8C,energetic,one call
2LRYaXXxkMrvSFyaSZHMPs,Take It to Trial (feat. Yak Gotti),"Young Stoner Life, Young Thug, Gunna, Yak Gotti",Slime Language 2,4/16/2021,57,170266,https://open.spotify.com/track/2LRYaXXxkMrvSFyaSZHMPs,energetic,take it to trial feat yak gotti
7Ezwtgfw7khBrpvaNPtMoT,All The Way Up (feat. Infared),"Fat Joe, Remy Ma, French Montana, InfaRed",Plata O Plomo,2/17/2017,59,191900,https://open.spotify.com/track/7Ezwtgfw7khBrpvaNPtMoT,energetic,all the way up feat infared
5QdVpZhASstTN4BBwglPz6,Ghetto Superstar (feat. G Herbo & Doe Boy),"Roddy Ricch, G Herbo, Doe Boy",Ghetto Superstar (feat. G Herbo & Doe Boy),9/8/2022,43,244853,https://open.spotify.com/track/5QdVpZhASstTN4BBwglPz6,energetic,ghetto superstar feat g herbo doe boy
5D2mYZuzcgjpchVY1pmTPh,Candy Shop,"50 Cent, Olivia",The Massacre,3/3/2005,80,209106,https://open.spotify.com/track/5D2mYZuzcgjpchVY1pmTPh,energetic,candy shop
2TSfStvlAMLw89u3tali79,Dah Dah DahDah,Nardo Wick,Who is Nardo Wick?? (Deluxe),7/22/2022,62,151776,https://open.spotify.com/track/2TSfStvlAMLw89u3tali79,energetic,dah dah dahdah
66orjI5vOkyxOZLHWrPklh,X Gon' Give It To Ya - Int'l Bonus track,DMX,Grand Champ,1/1/2003,67,219733,https://open.spotify.com/track/66orjI5vOkyxOZLHWrPklh,energetic,x gon give it to ya intl bonus track
3yfqSUWxFvZELEM4PmlwIR,The Real Slim Shady,Eminem,The Marshall Mathers LP,5/23/2000,84,284200,https://open.spotify.com/track/3yfqSUWxFvZELEM4PmlwIR,energetic,the real slim shady
4nva9EpKntUTs6CRSGBCn9,Just A Lil Bit,50 Cent,The Massacre,3/3/2005,80,237706,https://open.spotify.com/track/4nva9EpKntUTs6CRSGBCn9,energetic,just a lil bit
1SWVDBtw6h3tm9OehOkDhv,What's The Difference,"Dr. Dre, Eminem, Xzibit",2001,11/16/1999,74,244200,https://open.spotify.com/track/1SWVDBtw6h3tm9OehOkDhv,energetic,whats the difference
1DIXPcTDzTj8ZMHt3PDt8p,Gangsta's Paradise,"Coolio, L.V.",Gangsta's Paradise,11/7/1995,86,240693,https://open.spotify.com/track/1DIXPcTDzTj8ZMHt3PDt8p,energetic,gangstas paradise
7lQ8MOhq6IN2w8EYcFNSUk,Without Me,Eminem,The Eminem Show,5/26/2002,87,290320,https://open.spotify.com/track/7lQ8MOhq6IN2w8EYcFNSUk,energetic,without me
0VOMBffX1llDu37yQUt3u3,Pop Out (feat. Nardo Wick),"Lil Baby, Nardo Wick",It's Only Me,10/14/2022,56,195197,https://open.spotify.com/track/0VOMBffX1llDu37yQUt3u3,energetic,pop out feat nardo wick
5STdMlrBf6pqWiNE7WqxSi,Many Men (Wish Death),50 Cent,Get Rich Or Die Tryin',2/6/2003,77,256240,https://open.spotify.com/track/5STdMlrBf6pqWiNE7WqxSi,energetic,many men wish death
5jnxxpX2834SB6LJ0S73Uz,Lollipop,"Lil Wayne, Static Major",Tha Carter III,1/1/2008,73,299333,https://open.spotify.com/track/5jnxxpX2834SB6LJ0S73Uz,energetic,lollipop
5A6OHHy73AR5tLxgTc98zz,Black and Yellow,Wiz Khalifa,Rolling Papers,3/29/2011,78,217666,https://open.spotify.com/track/5A6OHHy73AR5tLxgTc98zz,energetic,black and yellow
69bHJ9qs5FrUJbKP8xU8uZ,Disco Inferno,50 Cent,The Massacre,3/3/2005,73,214226,https://open.spotify.com/track/69bHJ9qs5FrUJbKP8xU8uZ,energetic,disco inferno
3BiXjadPhHdG21xeREkWxI,The Business,Tiësto,All Nighter,3/9/2023,0,164000,https://open.spotify.com/track/3BiXjadPhHdG21xeREkWxI,energetic,the business
3kZoay4ANo86ehb6s4RwS9,Ridin',"Chamillionaire, Krayzie Bone",The Sound of Revenge,1/1/2005,69,303053,https://open.spotify.com/track/3kZoay4ANo86ehb6s4RwS9,energetic,ridin
4LwU4Vp6od3Sb08CsP99GC,The Next Episode,"Dr. Dre, Snoop Dogg",2001,11/16/1999,79,161506,https://open.spotify.com/track/4LwU4Vp6od3Sb08CsP99GC,energetic,the next episode
3uqinR4FCjLv28bkrTdNX5,A Milli,Lil Wayne,Tha Carter III,1/1/2008,69,221840,https://open.spotify.com/track/3uqinR4FCjLv28bkrTdNX5,energetic,a milli
6mcu7D7QuABVwUGDwovOEh,If I Can't,50 Cent,Get Rich Or Die Tryin',2/6/2003,72,196626,https://open.spotify.com/track/6mcu7D7QuABVwUGDwovOEh,energetic,if i cant
0NJu93oln1kkgbHLFzLJ4h,Window Shopper,50 Cent,Window Shopper,1/1/2005,72,192240,https://open.spotify.com/track/0NJu93oln1kkgbHLFzLJ4h,energetic,window shopper
4PmMVdIFpJTB9WQbmILf4p,How We Do,"The Game, 50 Cent",The Documentary,2005,75,235533,https://open.spotify.com/track/4PmMVdIFpJTB9WQbmILf4p,energetic,how we do
5g9lS8deSIxItFBmZRC4vN,Ambitionz Az A Ridah,2Pac,All Eyez On Me,2/13/1996,77,278386,https://open.spotify.com/track/5g9lS8deSIxItFBmZRC4vN,energetic,ambitionz az a ridah
7iXF2W9vKmDoGAhlHdpyIa,Forgot About Dre,"Dr. Dre, Eminem",2001,11/16/1999,78,222293,https://open.spotify.com/track/7iXF2W9vKmDoGAhlHdpyIa,energetic,forgot about dre
5880eYQmXx3c3oD22IljIt,Why We Thugs,Ice Cube,"Laugh Now, Cry Later",1/1/2006,65,224106,https://open.spotify.com/track/5880eYQmXx3c3oD22IljIt,energetic,why we thugs
0M3adYbGtyRHACP86dey1H,Throne,Bring Me The Horizon,That's The Spirit,9/11/2015,77,191520,https://open.spotify.com/track/0M3adYbGtyRHACP86dey1H,energetic,throne
4ptzVhD7TWh4aBkhWEzz0o,Golden,We Came As Romans,Darkbloom,10/14/2022,54,219346,https://open.spotify.com/track/4ptzVhD7TWh4aBkhWEzz0o,energetic,golden
77wSM48dw3GQY7ylaJB3GH,Dead To Me,From Ashes to New,Blackout,7/28/2023,43,199949,https://open.spotify.com/track/77wSM48dw3GQY7ylaJB3GH,energetic,dead to me
6uaKiQ90dZMR68TGOq3HVJ,Dark Angel,Lift The Curse,Dark Angel,10/24/2025,35,189268,https://open.spotify.com/track/6uaKiQ90dZMR68TGOq3HVJ,energetic,dark angel
7HhLrUGNVM0mHMoFwHYINb,Worst in You,Versus Me,Worst in You,4/4/2025,48,206672,https://open.spotify.com/track/7HhLrUGNVM0mHMoFwHYINb,energetic,worst in you
1g5Jqwo02PuitYfv19B6Jn,Black Hole,"We Came As Romans, Caleb Shomo",Darkbloom,10/14/2022,65,179186,https://open.spotify.com/track/1g5Jqwo02PuitYfv19B6Jn,energetic,black hole
5nxcR7W60CU3cvmGX1jBzQ,Drowned in Emotion,Caskets,Lost Souls,8/13/2021,59,222567,https://open.spotify.com/track/5nxcR7W60CU3cvmGX1jBzQ,energetic,drowned in emotion
1bKRtH1leT7y003VikaXUc,Anthem Of The Lonely,Nine Lashes,World We View,1/1/2012,58,241719,https://open.spotify.com/track/1bKRtH1leT7y003VikaXUc,energetic,anthem of the lonely
0KFzRf6TuI1AqE9xdQep21,Levitate,Hollywood Undead,American Tragedy (Deluxe Edition),2011,1,204160,https://open.spotify.com/track/0KFzRf6TuI1AqE9xdQep21,energetic,levitate
235oAvBUWg7avykcFeP8UW,Tap Out (I Won’t),Fearless Motivation,Breathe Success,3/15/2024,31,198000,https://open.spotify.com/track/235oAvBUWg7avykcFeP8UW,energetic,tap out i wont
7079nY1EuvdfIxaMYaTjR9,This Time It's Different,Evans Blue,Graveyard of Empires,4/17/2012,53,209092,https://open.spotify.com/track/7079nY1EuvdfIxaMYaTjR9,energetic,this time its different
1Ts4gJ1LEniBz5wuUOmoPH,Tidal Wave,Lift The Curse,Suffer And Survive,6/30/2023,28,223764,https://open.spotify.com/track/1Ts4gJ1LEniBz5wuUOmoPH,energetic,tidal wave
0v3UwgJhdNCaEIMyuaoqyt,Darkbloom,We Came As Romans,Darkbloom,10/14/2022,56,228266,https://open.spotify.com/track/0v3UwgJhdNCaEIMyuaoqyt,energetic,darkbloom
5HDG2PPLki6wowJvZbAH9d,My Fight,From Ashes to New,My Fight,8/8/2013,48,201339,https://open.spotify.com/track/5HDG2PPLki6wowJvZbAH9d,energetic,my fight
0lHSJ0ZP8uUPnJXhMdGjOK,Attack,Thirty Seconds To Mars,A Beautiful Lie,8/16/2005,65,188186,https://open.spotify.com/track/0lHSJ0ZP8uUPnJXhMdGjOK,energetic,attack
6KHeDBooGJzetzvqvttq24,Intoxicated,"ALESTI, Until I Wake",Intoxicated,3/3/2023,42,183900,https://open.spotify.com/track/6KHeDBooGJzetzvqvttq24,energetic,intoxicated
0UOtF2ojhKGYEjvZ28ZA6d,Scars That I'm Hiding (feat. Anders Fridén of In Flames),"From Ashes to New, In Flames, Anders Friden",Scars That I'm Hiding (feat. Anders Fridén of In Flames),7/31/2020,0,175603,https://open.spotify.com/track/0UOtF2ojhKGYEjvZ28ZA6d,energetic,scars that im hiding feat anders fridn of in flames
6gfUOprNMeD8amncMOSFl0,Misery,Memphis May Fire,Remade In Misery,6/3/2022,64,192176,https://open.spotify.com/track/6gfUOprNMeD8amncMOSFl0,energetic,misery
3HFD33d1GOur9PQswfVeaP,One Foot In The Grave (feat. Aaron Pauley of Of Mice & Men),"From Ashes to New, Of Mice & Men, Aaron Pauley",One Foot In The Grave (feat. Aaron Pauley of Of Mice & Men),4/19/2024,43,208054,https://open.spotify.com/track/3HFD33d1GOur9PQswfVeaP,energetic,one foot in the grave feat aaron pauley of of mice men
5Kqq16dLYPsk1k4q3sGY83,Dying Light,Micah Ariss,Dying Light,3/31/2023,43,192875,https://open.spotify.com/track/5Kqq16dLYPsk1k4q3sGY83,energetic,dying light
5S3qe3mm6K3bVLCfv8KuV8,Chemical,Lift The Curse,Overtake,4/26/2024,19,215510,https://open.spotify.com/track/5S3qe3mm6K3bVLCfv8KuV8,energetic,chemical
0WwrwEmAXGy6keX7noxBYO,You Can't Stop Me,Andy Mineo,Never Land,1/28/2014,0,239961,https://open.spotify.com/track/0WwrwEmAXGy6keX7noxBYO,energetic,you cant stop me
23SOLLrMMW31ebUFfuGNW6,Fed Up,Bazanji,Mixed Feelings,11/18/2017,1,160084,https://open.spotify.com/track/23SOLLrMMW31ebUFfuGNW6,energetic,fed up
5VoE2F0vCeXVmEo4soLavh,Better Off Alone,Versus Me,Better Off Alone,10/11/2024,37,190642,https://open.spotify.com/track/5VoE2F0vCeXVmEo4soLavh,energetic,better off alone
29ya9pu2noGMhtXeUFQbvC,Never Back Down,Nine Lashes,From Water to War,1/21/2014,51,203560,https://open.spotify.com/track/29ya9pu2noGMhtXeUFQbvC,energetic,never back down
13YWByXibBltt3T5u3IcT7,Lost in Echoes,Caskets,Lost Souls,8/13/2021,62,217814,https://open.spotify.com/track/13YWByXibBltt3T5u3IcT7,energetic,lost in echoes
10K74dbHDqw7hmtSmLfs7t,Losing Control,Villain of the Story,Divided,7/22/2022,51,208920,https://open.spotify.com/track/10K74dbHDqw7hmtSmLfs7t,energetic,losing control
4eJNNuBUMdzA3Yn0zrz2Xh,House of Glass,"ALESTI, James Deberg",Elements,12/28/2018,45,190928,https://open.spotify.com/track/4eJNNuBUMdzA3Yn0zrz2Xh,energetic,house of glass
781bCQjAUwwvfqlLV1ktnH,Breaking Through,The Wreckage,Breaking Through - Single,5/10/2011,52,178548,https://open.spotify.com/track/781bCQjAUwwvfqlLV1ktnH,energetic,breaking through
74inHQGjQj6w630tZ9wb2J,Live To Win,Paul Stanley,Live To Win,1/1/2006,47,187360,https://open.spotify.com/track/74inHQGjQj6w630tZ9wb2J,energetic,live to win
23wrmyJ1S2sjeh2dFN5P9k,TRIALS,STARSET,DIVISIONS,9/13/2019,58,258506,https://open.spotify.com/track/23wrmyJ1S2sjeh2dFN5P9k,energetic,trials
69Sy7207dnixZ6w7RSV9Kb,RISE,"League of Legends, Mako, The Word Alive, The Glitch Mob",RISE,9/28/2018,52,192881,https://open.spotify.com/track/69Sy7207dnixZ6w7RSV9Kb,energetic,rise
152yLjLT2T0W8kf2hutvo1,Out of My Way,Onlap,The Awakening,12/31/2012,38,224595,https://open.spotify.com/track/152yLjLT2T0W8kf2hutvo1,energetic,out of my way
6l78mUZ86r0NrfRgni0LuM,Viking Death March,Billy Talent,Dead Silence,9/7/2012,58,242989,https://open.spotify.com/track/6l78mUZ86r0NrfRgni0LuM,energetic,viking death march
7zBQRGpYImAdIZc97FNj3V,"Shell Shocked (feat. Kill the Noise & Madsonik) - From ""Teenage Mutant Ninja Turtles""","Juicy J, Wiz Khalifa, Ty Dolla $ign, Kill The Noise, Madsonik","Shell Shocked (feat. Kill the Noise & Madsonik) [From ""Teenage Mutant Ninja Turtles""]",7/22/2014,62,206566,https://open.spotify.com/track/7zBQRGpYImAdIZc97FNj3V,energetic,shell shocked feat kill the noise madsonik from teenage mutant ninja turtles
7ridH3hy4aXG6Kn1XomKrO,Afterlife,Holding Absence,The Greatest Mistake of My Life,4/16/2021,61,226546,https://open.spotify.com/track/7ridH3hy4aXG6Kn1XomKrO,energetic,afterlife
473xAny4InLJTlWnUNEwZq,Impossible,Manafest,Glory,2006,36,238386,https://open.spotify.com/track/473xAny4InLJTlWnUNEwZq,energetic,impossible
6sIbv1oWOuma2qV907MUbk,1x1 (feat. Nova Twins),"Bring Me The Horizon, Nova Twins",POST HUMAN: SURVIVAL HORROR,10/30/2020,66,209598,https://open.spotify.com/track/6sIbv1oWOuma2qV907MUbk,energetic,1x1 feat nova twins
7mUaGkK1gMEuo3IUWCqF0P,Panic,From Ashes to New,Panic,8/28/2020,58,200800,https://open.spotify.com/track/7mUaGkK1gMEuo3IUWCqF0P,energetic,panic
6Lah64e21cUytn0QXfuOoF,Over And Under,Egypt Central,Egypt Central,4/26/2005,48,175053,https://open.spotify.com/track/6Lah64e21cUytn0QXfuOoF,energetic,over and under
5Qcm0QT5nk28Zlr1XpQ7lr,Even If No One Believes,Micah Ariss,Even If No One Believes,1/15/2024,40,161476,https://open.spotify.com/track/5Qcm0QT5nk28Zlr1XpQ7lr,energetic,even if no one believes
2jfk3m8nq5IvB35s2xIs1O,Not Gonna Die,Skillet,Rise (Deluxe Edition),6/21/2013,69,225280,https://open.spotify.com/track/2jfk3m8nq5IvB35s2xIs1O,energetic,not gonna die
4j1ftjlbrBQMqMOkj2rLZh,Waking The Savage,Above Snakes,Waking The Savage,8/8/2025,32,146796,https://open.spotify.com/track/4j1ftjlbrBQMqMOkj2rLZh,energetic,waking the savage
0WSa1sucoNRcEeULlZVQXj,Can You Feel My Heart,Bring Me The Horizon,Sempiternal (Expanded Edition),4/1/2013,79,228146,https://open.spotify.com/track/0WSa1sucoNRcEeULlZVQXj,energetic,can you feel my heart
3Xfg7AegXaDLoD5GOUMf2e,My Demons,STARSET,Transmissions (Deluxe Version),2014,72,288036,https://open.spotify.com/track/3Xfg7AegXaDLoD5GOUMf2e,energetic,my demons
6xC8tcFBMMjJIyfPw66lDF,Plagued,We Came As Romans,Darkbloom,10/14/2022,56,209840,https://open.spotify.com/track/6xC8tcFBMMjJIyfPw66lDF,energetic,plagued
4h7qcXBtaOJnmrapxoWxGf,Isis (feat. Logic),"Joyner Lucas, Logic",ADHD,3/27/2020,64,236501,https://open.spotify.com/track/4h7qcXBtaOJnmrapxoWxGf,energetic,isis feat logic
5MY50Gj2K5g3P9vSqYtN0J,Cage The Beast,Adelitas Way,Home School Valedictorian,1/1/2011,50,196893,https://open.spotify.com/track/5MY50Gj2K5g3P9vSqYtN0J,energetic,cage the beast
5bENuUfvW1oOEmh2zvyowI,Bleed Me Dry,Memphis May Fire,Make Believe,2/18/2022,0,202591,https://open.spotify.com/track/5bENuUfvW1oOEmh2zvyowI,energetic,bleed me dry
4Ahphc0UzRSoMpJRHgnGQK,I Want to Live,Skillet,Unleashed,8/5/2016,59,208826,https://open.spotify.com/track/4Ahphc0UzRSoMpJRHgnGQK,energetic,i want to live
6xrqktHyZEDvPJSEsxuwYz,Best Day,"Electric Callboy, Sido",Best Day,2/16/2015,1,238213,https://open.spotify.com/track/6xrqktHyZEDvPJSEsxuwYz,energetic,best day
5c3fIHmLHmL4iaqUuqBPHo,Nightmare,From Ashes to New,Blackout,7/28/2023,54,187835,https://open.spotify.com/track/5c3fIHmLHmL4iaqUuqBPHo,energetic,nightmare
06j7eVHrgRSt9eQSWhH3zK,Left Behind,The Plot In You,Vol. 1,1/12/2024,69,206924,https://open.spotify.com/track/06j7eVHrgRSt9eQSWhH3zK,energetic,left behind
7Ds5R4lrpWAtVGAspvd5lE,Barely Breathing (feat. Against The Current),"From Ashes to New, Against The Current, Chrissy Costanza",Barely Breathing (feat. Against The Current),2/2/2024,51,190200,https://open.spotify.com/track/7Ds5R4lrpWAtVGAspvd5lE,energetic,barely breathing feat against the current
3tfTwukbzAVanIvsYeIEmj,End of Me,Ashes Remain,What I've Become,8/23/2011,0,170426,https://open.spotify.com/track/3tfTwukbzAVanIvsYeIEmj,energetic,end of me
6rSuL1ViLO7Aljn2WD09s4,Whispers in the Dark,Skillet,Comatose,10/4/2006,70,204346,https://open.spotify.com/track/6rSuL1ViLO7Aljn2WD09s4,energetic,whispers in the dark
7Kho8NahTcrqnCK5IZGwJb,Let It Burn,STIC.MAN Of Dead Prez (AKA) Stic,The Workout,4/12/2011,42,223253,https://open.spotify.com/track/7Kho8NahTcrqnCK5IZGwJb,energetic,let it burn
2RZWdE8kYPlCAcRUYDeuLC,Red Flag,Billy Talent,Billy Talent II,6/23/2006,65,198173,https://open.spotify.com/track/2RZWdE8kYPlCAcRUYDeuLC,energetic,red flag
529prY1yjjeM1XuzavQ6tF,Surrender To Silence,"Oceans in Silhouette, Miguel Owls",Surrender To Silence,10/16/2023,29,263036,https://open.spotify.com/track/529prY1yjjeM1XuzavQ6tF,energetic,surrender to silence
4EcF55fGcfwbZhGM7K1yLA,Body Head Anthem (feat. Mr. Magic & Choppa),"Roy Jones Jr., Mr Magic, Choppa","Body Head Bangerz, Vol. 1",10/26/2004,57,231573,https://open.spotify.com/track/4EcF55fGcfwbZhGM7K1yLA,energetic,body head anthem feat mr magic choppa
1ED1SD4TRK5NprtJ837Eaa,War,Story Of The Year,Tear Me to Pieces,3/10/2023,55,174283,https://open.spotify.com/track/1ED1SD4TRK5NprtJ837Eaa,energetic,war
1nxbn0COjeyH7MQZ27T3CR,Glass Heart,Caskets,Lost Souls,8/13/2021,64,224421,https://open.spotify.com/track/1nxbn0COjeyH7MQZ27T3CR,energetic,glass heart
5txqGXUFEWkbPHE1NznsWe,We Are,Hollywood Undead,Notes From The Underground,1/1/2012,0,274386,https://open.spotify.com/track/5txqGXUFEWkbPHE1NznsWe,energetic,we are
3ZpwwnyXZLppRzSY1DG5lx,PTSD (Warrior Built),"Tech N9ne, Krizz Kaliko, Jalil Baker",PTSD (Warrior Built),3/28/2017,40,241891,https://open.spotify.com/track/3ZpwwnyXZLppRzSY1DG5lx,energetic,ptsd warrior built
4xDwCYhobDehSBGUmd5H6Y,FEEL NOTHING,The Plot In You,DISPOSE,2/16/2018,70,216826,https://open.spotify.com/track/4xDwCYhobDehSBGUmd5H6Y,energetic,feel nothing
1RXoCep9hxApPfx8UFsGZk,Take It Out On Me,Thousand Foot Krutch,Welcome To The Masquerade (Fan Edition),2009,65,197373,https://open.spotify.com/track/1RXoCep9hxApPfx8UFsGZk,energetic,take it out on me
4WTQHDAVAzbibRUcwzQfpp,Through It All,From Ashes to New,Day One (Deluxe),2/26/2016,56,213052,https://open.spotify.com/track/4WTQHDAVAzbibRUcwzQfpp,energetic,through it all
2ouOVzQTzSsLa2OH1Zxhvu,Whatever It Takes,Hollywood Undead,Five,10/27/2017,0,187654,https://open.spotify.com/track/2ouOVzQTzSsLa2OH1Zxhvu,energetic,whatever it takes
4vVzmaBsxXuKrJeMSLRF4y,Drag the Lake,The Amity Affliction,Misery,8/24/2018,61,211520,https://open.spotify.com/track/4vVzmaBsxXuKrJeMSLRF4y,energetic,drag the lake
0fr7Nl49mFbf6nXXca6YwO,Learning to Survive,We Came As Romans,Cold Like War,10/20/2017,61,269966,https://open.spotify.com/track/0fr7Nl49mFbf6nXXca6YwO,energetic,learning to survive
4rm1If4bXjLVO5zmex660Z,Fight Fire With Gasoline,Self Deception,You Are Only As Sick As Your Secrets,2/24/2023,1,228727,https://open.spotify.com/track/4rm1If4bXjLVO5zmex660Z,energetic,fight fire with gasoline
7BXCfoP6IXrVQV1K8SgAey,Heartache,From Ashes to New,Blackout,7/28/2023,49,225906,https://open.spotify.com/track/7BXCfoP6IXrVQV1K8SgAey,energetic,heartache
20Ov4hI7Z5xh9NkLMMf0db,21 Gun Salute,Catch Your Breath,Shame On Me,10/20/2023,64,226240,https://open.spotify.com/track/20Ov4hI7Z5xh9NkLMMf0db,energetic,21 gun salute
6gdDu39yYqPcaTgCwYEW8i,Turn On The Lights again.. (feat. Future),"Fred again.., Swedish House Mafia, Future",Turn On The Lights again.. (feat. Future),7/29/2022,69,267946,https://open.spotify.com/track/6gdDu39yYqPcaTgCwYEW8i,energetic,turn on the lights again feat future
6SeFPYWv9lIlSWanyEDYf5,Losing My Life,Falling In Reverse,Losing My Life,6/26/2018,58,299015,https://open.spotify.com/track/6SeFPYWv9lIlSWanyEDYf5,energetic,losing my life
5RBWMYMSe6ihNb0hC8ro8v,Killing Me Slowly,Bad Wolves,N.A.T.I.O.N.,10/25/2019,65,237065,https://open.spotify.com/track/5RBWMYMSe6ihNb0hC8ro8v,energetic,killing me slowly
5JwDAzMrtMmVa6asNhWNr3,One Day,Mr. Chaff,One Day,9/5/2025,27,182076,https://open.spotify.com/track/5JwDAzMrtMmVa6asNhWNr3,energetic,one day
3CPhCNH8rV1czzGSmXm9TH,messy,Łaszewo,messy,2/21/2025,74,207873,https://open.spotify.com/track/3CPhCNH8rV1czzGSmXm9TH,energetic,messy
0oGEMH5l32g5PkXnQqjOit,SexyBack,"Mosimann, HASKELL",SexyBack,11/7/2025,5,140152,https://open.spotify.com/track/0oGEMH5l32g5PkXnQqjOit,energetic,sexyback
3Xzve4CL5Lp3SyBmsvMCZG,Bawineo,"Emmanuel Callejas, NOTHANKYOU, IT'S KING JULIAN, Mc Gw",Bawineo,10/24/2025,47,145116,https://open.spotify.com/track/3Xzve4CL5Lp3SyBmsvMCZG,energetic,bawineo
0mtV3ZajpzBizaV8tGpog3,Is It Me That You Need,Julian Fox,Is It Me That You Need,9/12/2025,31,178604,https://open.spotify.com/track/0mtV3ZajpzBizaV8tGpog3,energetic,is it me that you need
20y6xEtoOj2ZBCS4NJNzuS,Voyage Voyage,NOVEMBER KID,Voyage Voyage,11/5/2025,16,145500,https://open.spotify.com/track/20y6xEtoOj2ZBCS4NJNzuS,energetic,voyage voyage
4H9rYGoyv1qGQArSx34s4Z,AY AY,Framed Stories,AY AY,10/17/2025,22,169549,https://open.spotify.com/track/4H9rYGoyv1qGQArSx34s4Z,energetic,ay ay
0rbu4VaUPUO6MbxUwXyDup,Rose London,POOLSE,Rose London,10/10/2025,30,161311,https://open.spotify.com/track/0rbu4VaUPUO6MbxUwXyDup,energetic,rose london
3Ef1AiZwabfQa6MTC7p306,Ghostmode,NILU (DK),Ghostmode,6/20/2025,25,191733,https://open.spotify.com/track/3Ef1AiZwabfQa6MTC7p306,energetic,ghostmode
2Ei8jpaGGjh3GHjnobIy5y,Epissure,"Naarly, SKAI",Epissure,9/12/2025,31,171209,https://open.spotify.com/track/2Ei8jpaGGjh3GHjnobIy5y,energetic,epissure
4aQhIp3MlbFHBM2YZJVLJG,Nessaja,NOVEMBER KID,Nessaja,8/1/2025,29,147321,https://open.spotify.com/track/4aQhIp3MlbFHBM2YZJVLJG,energetic,nessaja
2j18FGa2eisoor3nVLQbRv,Numb,"Karma Child, Jameson",Numb,10/17/2025,21,129836,https://open.spotify.com/track/2j18FGa2eisoor3nVLQbRv,energetic,numb
7pnHJNHiWfOEOlQBqdCiKW,Rover,Pedrik,Rover,10/31/2025,17,240000,https://open.spotify.com/track/7pnHJNHiWfOEOlQBqdCiKW,energetic,rover
0Umu5bhWXWKIRSBNL9mxNL,Berlin,NOVEMBER KID,Berlin,9/19/2025,33,121818,https://open.spotify.com/track/0Umu5bhWXWKIRSBNL9mxNL,energetic,berlin
7jbGNYmL2VYxMakBq2R3jV,Waterfalls,Dillistone,Waterfalls,10/10/2025,36,159514,https://open.spotify.com/track/7jbGNYmL2VYxMakBq2R3jV,energetic,waterfalls
2SzfcRlM9GUasr2k5XODdT,Gypsy Woman,"Matvey Emerson, YUONA",Gypsy Woman,8/22/2025,23,134400,https://open.spotify.com/track/2SzfcRlM9GUasr2k5XODdT,energetic,gypsy woman
2okJU9ThnJYeZSEgyKaNBX,Lights Go Out,DEFREEZE,Lights Go Out,9/12/2025,22,176000,https://open.spotify.com/track/2okJU9ThnJYeZSEgyKaNBX,energetic,lights go out
3PBWfeTdtATHkHx28GnP8T,Bounce,LADANZA,Bounce,10/3/2025,22,180000,https://open.spotify.com/track/3PBWfeTdtATHkHx28GnP8T,energetic,bounce
61DcBXy25uwiy6VP1TaEjZ,SALUTE (feat. Bertie Scott),"Kato, Bertie Scott",SALUTE (feat. Bertie Scott),6/13/2025,23,171319,https://open.spotify.com/track/61DcBXy25uwiy6VP1TaEjZ,energetic,salute feat bertie scott
7yFK39Oj4ItOfiifL8D40e,Pretender,"KSHMR, Sam Feldt",Pretender,10/17/2025,59,192681,https://open.spotify.com/track/7yFK39Oj4ItOfiifL8D40e,energetic,pretender
2Ov8Lk4bZDqWPuE5HKGhsg,Dance Without You,"BOABOA, Eros for you",Dance Without You,6/20/2025,35,165000,https://open.spotify.com/track/2Ov8Lk4bZDqWPuE5HKGhsg,energetic,dance without you
3P0b9lbJM40xmnlwnhmBb8,Hole In The Head,"Sick Individuals, Vikkstar",Hole In The Head,5/2/2025,27,172757,https://open.spotify.com/track/3P0b9lbJM40xmnlwnhmBb8,energetic,hole in the head
2sW4tAYpZSPT0w1ENuAOOq,Energy,"Fraser Jones, Kusher",Energy,10/10/2025,9,191280,https://open.spotify.com/track/2sW4tAYpZSPT0w1ENuAOOq,energetic,energy
6y66r4ZxCZnU4hsPZV69FA,Show Me Love,SKAI,Show Me Love,7/4/2025,50,172380,https://open.spotify.com/track/6y66r4ZxCZnU4hsPZV69FA,energetic,show me love
1Lhn3PAPJJPPQsONd4eblB,Say You Will Stay,Dillistone,Say You Will Stay,8/22/2025,31,162663,https://open.spotify.com/track/1Lhn3PAPJJPPQsONd4eblB,energetic,say you will stay
1KIw68honFennORMNJ9rZO,Activate,Why U So,Activate,10/31/2025,27,126666,https://open.spotify.com/track/1KIw68honFennORMNJ9rZO,energetic,activate
1wdI9CkyO1wwPfgn5Wk59H,Like You Do (feat. Dotter),"Tribbs, Sam Feldt, Andy Dust, Dotter",Like You Do (feat. Dotter),8/8/2025,35,119624,https://open.spotify.com/track/1wdI9CkyO1wwPfgn5Wk59H,energetic,like you do feat dotter
6lbqIWAnml1sdf2Q9w6BVu,What It Feels Like,LADANZA,What It Feels Like,6/6/2025,20,179047,https://open.spotify.com/track/6lbqIWAnml1sdf2Q9w6BVu,energetic,what it feels like
644LWReMaS53G4e9l3rWla,HYPEBEAST,"Martin Jensen, SAVI, eliana",HYPEBEAST,2/28/2025,28,150220,https://open.spotify.com/track/644LWReMaS53G4e9l3rWla,energetic,hypebeast
5GIj5irjgptDIf6rGabBRU,Lonely,"nowifi, Aurila",Lonely,5/23/2025,19,156338,https://open.spotify.com/track/5GIj5irjgptDIf6rGabBRU,energetic,lonely
7JzPLbo0YqORp88GKLdYlw,Follow Me (feat. SACHA),"Martin Jensen, LAWRENT, SACHA",Follow Me (feat. SACHA),8/22/2025,34,164589,https://open.spotify.com/track/7JzPLbo0YqORp88GKLdYlw,energetic,follow me feat sacha
2remGtO8Y53Ne1I12RYFN0,I'm So Crazy,"USAI, SENATVS, LUMINAE",I'm So Crazy,8/22/2025,19,169118,https://open.spotify.com/track/2remGtO8Y53Ne1I12RYFN0,energetic,im so crazy
6weSzxam1Ju8rit3tsqNiT,On My Knees,RAZZ,On My Knees,7/11/2025,30,158895,https://open.spotify.com/track/6weSzxam1Ju8rit3tsqNiT,energetic,on my knees
4lyW7wmnQBzCDNJvtFkee5,Afterglow,"Foínix, Tomas Robin, Tariq Pijning",Afterglow,6/27/2025,19,164835,https://open.spotify.com/track/4lyW7wmnQBzCDNJvtFkee5,energetic,afterglow
6XaYBxqqkIC0r0kBl0Y2gL,Nothing On Me,"AINT, Strobe",Nothing On Me,8/1/2025,28,152000,https://open.spotify.com/track/6XaYBxqqkIC0r0kBl0Y2gL,energetic,nothing on me
5OV90OS7PiWmJElevSHDoI,Cheap Champagne (feat. Sophie Stray),"Sam Feldt, Sophie Stray",Cheap Champagne (feat. Sophie Stray),7/18/2025,34,158285,https://open.spotify.com/track/5OV90OS7PiWmJElevSHDoI,energetic,cheap champagne feat sophie stray
0PjCvRGIYkkDhKuxZKdheP,Somebody New (feat. Syon),"TRU Concept, Lyndrum, Syon",Somebody New (feat. Syon),9/26/2025,30,170426,https://open.spotify.com/track/0PjCvRGIYkkDhKuxZKdheP,energetic,somebody new feat syon
1NiOlr634V8uWvww0veTHX,Time After Time,Peachy Pete,Time After Time,8/8/2025,29,172800,https://open.spotify.com/track/1NiOlr634V8uWvww0veTHX,energetic,time after time
0ASM9zsFfEnzAPmTVhPAXI,King of the Bongo,"Jameson, Karma Child",King of the Bongo,11/22/2024,14,138675,https://open.spotify.com/track/0ASM9zsFfEnzAPmTVhPAXI,energetic,king of the bongo
0ZqeATYRCJHeicnLlr9MRv,SOS (SMS),Barcode Brothers,SOS (SMS),2/21/2025,18,132253,https://open.spotify.com/track/0ZqeATYRCJHeicnLlr9MRv,energetic,sos sms
1eS4LiGfU3kvjAcvF8jNii,TEN,"Sam Feldt, joki",TEN,1/3/2025,41,129103,https://open.spotify.com/track/1eS4LiGfU3kvjAcvF8jNii,energetic,ten
1CnfasP4UnVXIl1zsmAITT,Get Away,"Leondis, Jake Neumar",Get Away,8/1/2025,21,185947,https://open.spotify.com/track/1CnfasP4UnVXIl1zsmAITT,energetic,get away
7qu8ajxsDXcQbazK1ayfRV,I Wanna Dance With Somebody,"Ian Storm, Elkana Paz, Pianoman",I Wanna Dance With Somebody,4/25/2025,21,182441,https://open.spotify.com/track/7qu8ajxsDXcQbazK1ayfRV,energetic,i wanna dance with somebody
1ZRblW8yUDxpcF4gvk5BSC,No Diggity,Mosimann,No Diggity,5/6/2022,19,154080,https://open.spotify.com/track/1ZRblW8yUDxpcF4gvk5BSC,energetic,no diggity
3ai1uXdMClCGYh9x7pHHQJ,Baile da plataforma (feat. Mc Menor Do Alvorada),"SIRØB, Ben Carter, Mc Menor Do Alvorada",Baile da plataforma (feat. Mc Menor Do Alvorada),5/30/2025,17,130645,https://open.spotify.com/track/3ai1uXdMClCGYh9x7pHHQJ,energetic,baile da plataforma feat mc menor do alvorada
7vjiUeg6QyUXtEsLiGnvGI,Say No More,"Martin Jensen, Jaimes",Say No More,4/18/2025,22,145919,https://open.spotify.com/track/7vjiUeg6QyUXtEsLiGnvGI,energetic,say no more
13g0YiHAsi4cRkd51jdYOk,Lost,Holdo,Lost,4/4/2025,32,180029,https://open.spotify.com/track/13g0YiHAsi4cRkd51jdYOk,energetic,lost
0uwXEDQvMafop0deKsBjuP,"YES, PLEASE","Martin Jensen, Sami Brielle, Hektor Mass",HYPEBEAST,5/16/2025,35,133333,https://open.spotify.com/track/0uwXEDQvMafop0deKsBjuP,energetic,yes please
20IwL4hWdvmpfRvAl9cC7k,Far Away (Take Your Time),Peer Pressure,Far Away (Take Your Time),4/18/2025,27,138662,https://open.spotify.com/track/20IwL4hWdvmpfRvAl9cC7k,energetic,far away take your time
4Z8RTTqqAQPz2d91TviRZl,Big Jet Plane,"Henry Chris, 4Rain",Big Jet Plane,7/4/2025,27,147000,https://open.spotify.com/track/4Z8RTTqqAQPz2d91TviRZl,energetic,big jet plane
2epw13mt6XvDnVW9NqiTEm,These Nights,Andeon,These Nights,5/9/2025,4,193920,https://open.spotify.com/track/2epw13mt6XvDnVW9NqiTEm,energetic,these nights
1rPm0PZs9kJSuEQHZZjzEr,House Of The Rising Sun (feat. ERIICE),"Foínix, ERIICE",House Of The Rising Sun (feat. ERIICE),6/13/2025,27,149343,https://open.spotify.com/track/1rPm0PZs9kJSuEQHZZjzEr,energetic,house of the rising sun feat eriice
2OKuhwOo7dzOBsmHTsI4fd,Hold Me,Felipe Allenn,Hold Me,4/25/2025,24,167804,https://open.spotify.com/track/2OKuhwOo7dzOBsmHTsI4fd,energetic,hold me
2CLsuS4tYpA2Ppfw0UvOBp,Dancing On My Own,Peachy Pete,Dancing On My Own,7/4/2025,34,169523,https://open.spotify.com/track/2CLsuS4tYpA2Ppfw0UvOBp,energetic,dancing on my own
3j67j6T9fafj2OF1xIRNIN,Baby Come Back,Kurtis Mantronik,Baby Come Back,3/28/2025,27,162418,https://open.spotify.com/track/3j67j6T9fafj2OF1xIRNIN,energetic,baby come back
3tBWTAw0B6HnWxn4ygdHCf,Ai Ai,Merlin,Ai Ai,6/13/2025,28,188780,https://open.spotify.com/track/3tBWTAw0B6HnWxn4ygdHCf,energetic,ai ai
77V6RvJvFDnw0KWkuAg8u4,Whatever,Yeah Mama,Whatever,5/2/2025,20,153082,https://open.spotify.com/track/77V6RvJvFDnw0KWkuAg8u4,energetic,whatever
0scd3nh27AYTNXo0KHRmsG,Move (feat. Camila Cabello & Malachiii),"Adam Port, Stryv, Camila Cabello, Malachiii, Keinemusik, Orso",Move (feat. Camila Cabello & Malachiii),10/11/2024,73,180236,https://open.spotify.com/track/0scd3nh27AYTNXo0KHRmsG,energetic,move feat camila cabello malachiii
29DlMQJr4THpM3TvA8FyHY,Die For You,SKAI,Die For You,4/11/2025,27,169125,https://open.spotify.com/track/29DlMQJr4THpM3TvA8FyHY,energetic,die for you
1GeEJDCxiNGHXHT2JviojY,Boulevard Of Broken Dreams,NOVEMBER KID,Boulevard Of Broken Dreams,2/7/2025,27,112500,https://open.spotify.com/track/1GeEJDCxiNGHXHT2JviojY,energetic,boulevard of broken dreams
6Zivl4i9FwI1DW7oVA2Q5F,Barely Alive - Xavi del Mundo Remix,"Ian Storm, Ron van den Beuken, Menno, Xavi del Mundo",Barely Alive (Xavi del Mundo Remix),5/9/2025,8,159535,https://open.spotify.com/track/6Zivl4i9FwI1DW7oVA2Q5F,energetic,barely alive xavi del mundo remix
1SLCP1BWbHYErqSadFwwvL,Overtime,"Dillistone, DAYYANI",Overtime,4/11/2025,22,177000,https://open.spotify.com/track/1SLCP1BWbHYErqSadFwwvL,energetic,overtime
4ywzQm3lvAPKtFhCblg4rA,Our Love,RAZZ,Our Love,3/14/2025,19,139365,https://open.spotify.com/track/4ywzQm3lvAPKtFhCblg4rA,energetic,our love
6NdaMtbs4rnUd27jTlmWvt,Only One,Julian,Only One,3/28/2025,8,143437,https://open.spotify.com/track/6NdaMtbs4rnUd27jTlmWvt,energetic,only one
2Lqv4IGtZVa4hVSvxAOKT8,One Kiss,POOLSE,One Kiss,11/29/2024,26,175161,https://open.spotify.com/track/2Lqv4IGtZVa4hVSvxAOKT8,energetic,one kiss
27zNgMKh4JxyEQ8Vqt24UY,Echo,DEFREEZE,Echo,3/14/2025,26,145078,https://open.spotify.com/track/27zNgMKh4JxyEQ8Vqt24UY,energetic,echo
5c046tjcxnTee7CbJ7ADh1,Kiss it Better,"LUMINAE, Teddy Natalia Noemi Sinclair, Jeff Bhasker, Glass John, Robyn Fenty",Kiss it Better,5/2/2025,25,172125,https://open.spotify.com/track/5c046tjcxnTee7CbJ7ADh1,energetic,kiss it better
7dcrx9spdm4UwKqyJJDbqL,Deeper Love,"Martin Jensen, The Stickmen Project, Matt Steffanina",Deeper Love,1/17/2025,31,140444,https://open.spotify.com/track/7dcrx9spdm4UwKqyJJDbqL,energetic,deeper love
6nJ5i2gtFXMzvZVss4LeCl,If We Never Met (feat. SANDMO),"LittGloss, SANDMO",If We Never Met (feat. SANDMO),7/19/2024,11,190000,https://open.spotify.com/track/6nJ5i2gtFXMzvZVss4LeCl,energetic,if we never met feat sandmo
7eTzFS2yt1ijhJZWdSWwnv,Thinkin' Bout You Now (feat. Emery Taylor),"Sick Individuals, Morgan Page, Emery Taylor",Thinkin' Bout You Now (feat. Emery Taylor),4/11/2025,13,159783,https://open.spotify.com/track/7eTzFS2yt1ijhJZWdSWwnv,energetic,thinkin bout you now feat emery taylor
0kOWbFtKKiUAFtcV5II2ZX,Photograph,NOVEMBER KID,Photograph,2/21/2025,29,99250,https://open.spotify.com/track/0kOWbFtKKiUAFtcV5II2ZX,energetic,photograph
43jAqiCLhSgAOpaN9qgBHe,Esme,"Jameson, LADANZA",Esme,3/28/2025,20,191607,https://open.spotify.com/track/43jAqiCLhSgAOpaN9qgBHe,energetic,esme
2RmT1EqJvexyVfup6Zq5x0,Unforgettable,"LUMINAE, Feb, USAI",Unforgettable,12/20/2024,27,140402,https://open.spotify.com/track/2RmT1EqJvexyVfup6Zq5x0,energetic,unforgettable
024rIo1I9Yj8ECVheGFGQs,I Was Made For Loving You,"Sonaba, Next Promises",I Was Made For Loving You,1/24/2025,23,160487,https://open.spotify.com/track/024rIo1I9Yj8ECVheGFGQs,energetic,i was made for loving you
5f62IYi7U0IpWSjRH9JOay,Diamonds,POOLSE,Diamonds,10/11/2024,17,166779,https://open.spotify.com/track/5f62IYi7U0IpWSjRH9JOay,energetic,diamonds
0rmT5akgUvxI8rahkoyuiX,Alone,Jameson,Alone,1/31/2025,9,148064,https://open.spotify.com/track/0rmT5akgUvxI8rahkoyuiX,energetic,alone
6mi1vccwnU9RvLLhRaSOOc,One By One,"Jarod Glawe, Chris Howard",One By One,3/21/2025,6,200655,https://open.spotify.com/track/6mi1vccwnU9RvLLhRaSOOc,energetic,one by one
0vNweSmbUjbntIrr9Lyvzk,Rude Boy,"DMNDS, USAI",Rude Boy,9/15/2023,19,151874,https://open.spotify.com/track/0vNweSmbUjbntIrr9Lyvzk,energetic,rude boy
4AC4dUvXif5IU08GIXzyv0,Jenny From The Block,"Peachy Pete, Karma Child",Jenny From The Block,10/18/2024,18,142592,https://open.spotify.com/track/4AC4dUvXif5IU08GIXzyv0,energetic,jenny from the block
1HhMUrUZ2ZSmaAJE8S0Hsl,Gostosa,"Gustav Boje, SKAI",Gostosa,1/24/2025,13,161951,https://open.spotify.com/track/1HhMUrUZ2ZSmaAJE8S0Hsl,energetic,gostosa
47Pot6ntanQLvJoMPmLGiM,Combo,"SIRØB, Ben Carter",Combo,1/3/2025,6,154404,https://open.spotify.com/track/47Pot6ntanQLvJoMPmLGiM,energetic,combo
0G6pIPBDlXEtULcEer9Zf1,Forever,Don Cerise,Forever,2/14/2025,13,148000,https://open.spotify.com/track/0G6pIPBDlXEtULcEer9Zf1,energetic,forever
0O5gSeXzAMz9wF5Q4aOBVr,Run Away,"Ian Storm, Ron van den Beuken, Menno",Born In The 80's,11/15/2024,34,179346,https://open.spotify.com/track/0O5gSeXzAMz9wF5Q4aOBVr,energetic,run away
1GpHKLy6qSr6LD8lOtO7oA,La Vida Loca,"RAZZ, TRYBE",La Vida Loca,1/17/2025,21,163232,https://open.spotify.com/track/1GpHKLy6qSr6LD8lOtO7oA,energetic,la vida loca
3QLDuU6DVsryoGQJspyT1Y,Back To Black,"MOSKA, Oliva",Back To Black,12/13/2024,17,168000,https://open.spotify.com/track/3QLDuU6DVsryoGQJspyT1Y,energetic,back to black
7emonnduklMI1kzikfMOnb,I Wanna Go Back (Summer),"Jack Wins, Jonasu, Robbie Jay",I Wanna Go Back (Summer),7/5/2024,12,155307,https://open.spotify.com/track/7emonnduklMI1kzikfMOnb,energetic,i wanna go back summer
6hjJXcmQw2yzEwArZ9oP3C,Clocks,"Ian Storm, Ron van den Beuken",Born In The 80's,11/15/2024,38,179201,https://open.spotify.com/track/6hjJXcmQw2yzEwArZ9oP3C,energetic,clocks
7FIBwSZ5RwmUqXj3KOt3IL,Young Again (feat. Darla Jade),"Jay Dixie, Darla Jade",Young Again (feat. Darla Jade),12/6/2024,8,174840,https://open.spotify.com/track/7FIBwSZ5RwmUqXj3KOt3IL,energetic,young again feat darla jade
6egTUvP9ifrTo7g7yi8Dis,Cruel Summer,"RAZZ, Feb",Cruel Summer,9/27/2024,23,176129,https://open.spotify.com/track/6egTUvP9ifrTo7g7yi8Dis,energetic,cruel summer
4WIAUn8HtMHI4DTOQOlUXY,Someone Special,WISEKIDS,Someone Special,12/6/2024,27,163401,https://open.spotify.com/track/4WIAUn8HtMHI4DTOQOlUXY,energetic,someone special
0f6VshKgCoCbHhU3lotwDY,I Need Your Love,Joshua Robbie,I Need Your Love,12/20/2024,13,176129,https://open.spotify.com/track/0f6VshKgCoCbHhU3lotwDY,energetic,i need your love
3XyJvA0PG8dXSLwefnvNQE,Golden Skies,"Rolipso, Foínix, Jordan Grace",Golden Skies,11/29/2024,20,160645,https://open.spotify.com/track/3XyJvA0PG8dXSLwefnvNQE,energetic,golden skies
2O9dFcMz23qjqZebPGHLMw,Baianá - Afro Remix,WISEKIDS,Baianá (Afro Remix),11/1/2024,19,181250,https://open.spotify.com/track/2O9dFcMz23qjqZebPGHLMw,energetic,baian afro remix
0bCdbQ4jo8l8Fj6etcuOnv,Adagio For Strings,Axel Johansson,Adagio For Strings,9/20/2024,20,136888,https://open.spotify.com/track/0bCdbQ4jo8l8Fj6etcuOnv,energetic,adagio for strings
5F0AgT4rhPIkTshwL3gjiq,Lock Me Down,"MOKABY, Zoom.Like",Lock Me Down,10/11/2024,7,126666,https://open.spotify.com/track/5F0AgT4rhPIkTshwL3gjiq,energetic,lock me down
05OA5t087rZNdmMqeY0KBb,Faded,SKAI,Faded,11/1/2024,24,182250,https://open.spotify.com/track/05OA5t087rZNdmMqeY0KBb,energetic,faded
2ReG4f9pHKWpLJxei4xwFv,Hanging Tree,"BACOLE, Buzz Low",Hanging Tree,10/18/2024,13,160327,https://open.spotify.com/track/2ReG4f9pHKWpLJxei4xwFv,energetic,hanging tree
4sa4EXWMhyKGK6s0Sg11UY,Big Jet Plane,Peachy Pete,Big Jet Plane,9/20/2024,15,129230,https://open.spotify.com/track/4sa4EXWMhyKGK6s0Sg11UY,energetic,big jet plane
6EGSkH7wq8tzyJhgj4h3jh,Dance For Me,"WISEKIDS, Jacob Ubizz, RICH ALIEN$",Dance For Me,6/28/2024,7,139573,https://open.spotify.com/track/6EGSkH7wq8tzyJhgj4h3jh,energetic,dance for me
1UH0WA0viJRMctCRnhY0Od,Mas Que Nada,WISEKIDS,Mas Que Nada,10/4/2024,26,201153,https://open.spotify.com/track/1UH0WA0viJRMctCRnhY0Od,energetic,mas que nada
46jSrF814qUHMMPXveyox7,I Don't Wanna Know,"LUMINAE, USAI, Feb",I Don't Wanna Know,5/3/2024,16,143124,https://open.spotify.com/track/46jSrF814qUHMMPXveyox7,energetic,i dont wanna know
1rbgE4EPQlpYa9Crg7Y9th,Hey Now,"DANZANTES (ofc), Clara Sofie",Hey Now,5/10/2024,25,178032,https://open.spotify.com/track/1rbgE4EPQlpYa9Crg7Y9th,energetic,hey now
4Xghwg3xH1IRTAowOMsQIP,Envuelvo,RAZZ,Envuelvo,6/7/2024,20,186982,https://open.spotify.com/track/4Xghwg3xH1IRTAowOMsQIP,energetic,envuelvo
48HDTbfq2I7Vlp1IatRAhE,New Rules,"Matt Willer, Chiara Hope",New Rules,5/31/2024,6,187031,https://open.spotify.com/track/48HDTbfq2I7Vlp1IatRAhE,energetic,new rules
7IBP72Jt48JPytqmboVNgA,One Night,Peer Pressure,One Night,3/29/2024,15,160681,https://open.spotify.com/track/7IBP72Jt48JPytqmboVNgA,energetic,one night
2Ze7IymEfWUEWMMJrP3KTz,Hollaback Girl,Kato,Hollaback Girl,6/17/2022,26,151475,https://open.spotify.com/track/2Ze7IymEfWUEWMMJrP3KTz,energetic,hollaback girl
7vsNEZ1uhphvl13RmJlZjh,Don't Stop The Music,"Feb, Hektor Mass",Don't Stop The Music,9/2/2022,21,145403,https://open.spotify.com/track/7vsNEZ1uhphvl13RmJlZjh,energetic,dont stop the music
6Qn5zhYkTa37e91HC1D7lb,Whatever It Takes,Imagine Dragons,Evolve,6/23/2017,83,201240,https://open.spotify.com/track/6Qn5zhYkTa37e91HC1D7lb,energetic,whatever it takes
0F3v8p8ZnEGtZDxNcJ5Klq,Unstoppable - R3HAB Remix,"Sia, R3HAB",Unstoppable (R3HAB Remix),7/8/2022,64,162352,https://open.spotify.com/track/0F3v8p8ZnEGtZDxNcJ5Klq,energetic,unstoppable r3hab remix
7F96KtKIOWDuK7ElvMLlne,Above the Clouds,"ConKi, K!llx, Crooked Bangs",Above the Clouds,3/16/2023,56,157302,https://open.spotify.com/track/7F96KtKIOWDuK7ElvMLlne,energetic,above the clouds
1FpVJ7HpZInE2GvhVE2TwT,Legends Never Die,"League of Legends, Against The Current",Legends Never Die,9/15/2017,58,235000,https://open.spotify.com/track/1FpVJ7HpZInE2GvhVE2TwT,energetic,legends never die
5hPPXcfUcTK3NFTycU94rh,I'm in Love,ConKi,I'm in Love,8/14/2025,64,158000,https://open.spotify.com/track/5hPPXcfUcTK3NFTycU94rh,energetic,im in love
4VrWlk8IQxevMvERoX08iC,Chandelier,Sia,1000 Forms Of Fear,7/4/2014,81,216120,https://open.spotify.com/track/4VrWlk8IQxevMvERoX08iC,energetic,chandelier
75kTndbdVt63ZZYo8mquvv,Clarity,"Hanno, ZHIKO",Clarity,8/7/2025,54,178395,https://open.spotify.com/track/75kTndbdVt63ZZYo8mquvv,energetic,clarity
5YZvDeQOUhItx80C7KJCfX,How It Goes,"Hanno, Felix Samuel",How It Goes,9/11/2025,55,123297,https://open.spotify.com/track/5YZvDeQOUhItx80C7KJCfX,energetic,how it goes
0zqBZqm5czQ3A4EoSdKFHj,Man On The Moon,"Alan Walker, Benjamin Ingrosso",World Of Walker,11/26/2021,61,178625,https://open.spotify.com/track/0zqBZqm5czQ3A4EoSdKFHj,energetic,man on the moon
4M9kHcpZQZNzRnAhIQ1YLM,The World Is Mine,"ConKi, B.R.T, Shiah Maisel",The World Is Mine,10/21/2021,58,159783,https://open.spotify.com/track/4M9kHcpZQZNzRnAhIQ1YLM,energetic,the world is mine
5YPMEOJ58kfl56VHxTgwx3,Play Hard (feat. Ne-Yo & Akon),"David Guetta, Ne-Yo, Akon",Nothing but the Beat (Ultimate Edition),12/7/2012,76,201000,https://open.spotify.com/track/5YPMEOJ58kfl56VHxTgwx3,energetic,play hard feat neyo akon
0rMuFOja3DhVSuXQeae25C,Sleep,"ConKi, Rolipso, Runforrest",Sleep,6/1/2023,58,178235,https://open.spotify.com/track/0rMuFOja3DhVSuXQeae25C,energetic,sleep
37sINbJZcFdHFAsVNsPq1i,Superheroes,The Script,No Sound Without Silence,9/15/2014,76,245466,https://open.spotify.com/track/37sINbJZcFdHFAsVNsPq1i,energetic,superheroes
54ipXppHLA8U4yqpOFTUhr,Bones,Imagine Dragons,Mercury - Acts 1 & 2,7/1/2022,82,165264,https://open.spotify.com/track/54ipXppHLA8U4yqpOFTUhr,energetic,bones
5l8wENUFbfKUtzmazIGZBU,Roaring 20s,"DVNY, RITHMAL, Alec MacGillivray",Roaring 20s,9/26/2024,53,181975,https://open.spotify.com/track/5l8wENUFbfKUtzmazIGZBU,energetic,roaring 20s
2igwFfvr1OAGX9SKDCPBwO,Empire State Of Mind,"JAY-Z, Alicia Keys",The Blueprint 3,9/8/2009,85,276920,https://open.spotify.com/track/2igwFfvr1OAGX9SKDCPBwO,energetic,empire state of mind
5qaEfEh1AtSdrdrByCP7qR,Demons,Imagine Dragons,Night Visions,9/4/2012,84,177506,https://open.spotify.com/track/5qaEfEh1AtSdrdrByCP7qR,energetic,demons
7vuqyEt5hBBxSuakZBZLiK,Ghost,"ConKi, Zummer, Joel Pritchard, Amelia McLean",Ghost,1/12/2023,55,184250,https://open.spotify.com/track/7vuqyEt5hBBxSuakZBZLiK,energetic,ghost
4JGFQyEJXDLtB3kOL3M1F3,SNAP - Luca Schreiner Remix,"Rosa Linn, Luca Schreiner",SNAP PACK,9/30/2022,1,148023,https://open.spotify.com/track/4JGFQyEJXDLtB3kOL3M1F3,energetic,snap luca schreiner remix
4CNAEjumlTPf4GUgMYaZzf,D.A.N.S,Zummer,D.A.N.S,11/6/2025,27,139523,https://open.spotify.com/track/4CNAEjumlTPf4GUgMYaZzf,energetic,dans
62LN2Eh7OpiPQTpGbnQVm2,Take You There,"ConKi, Goodkins, Janethan",Take You There,5/13/2022,56,148302,https://open.spotify.com/track/62LN2Eh7OpiPQTpGbnQVm2,energetic,take you there
7yJmen70FNFkVYI5XH7HJO,Be Alright,"VARGENTA, Sary",Be Alright,6/19/2025,50,147959,https://open.spotify.com/track/7yJmen70FNFkVYI5XH7HJO,energetic,be alright
1NhPKVLsHhFUHIOZ32QnS2,Secrets,OneRepublic,Waking Up,1/1/2009,78,224693,https://open.spotify.com/track/1NhPKVLsHhFUHIOZ32QnS2,energetic,secrets
6bZDogJAbFbF5E0Q2rkgIc,Back to Life,"B.R.T, R2, Becky Smith",Back to Life,8/21/2025,50,128315,https://open.spotify.com/track/6bZDogJAbFbF5E0Q2rkgIc,energetic,back to life
0N979cmYBbE2TyhrW6KZu0,Till We Meet Again,"Van Herpen, Marcus Mollyhus, Rolipso",Till We Meet Again,10/2/2025,53,148000,https://open.spotify.com/track/0N979cmYBbE2TyhrW6KZu0,energetic,till we meet again
2AFwQBPl6oJwHNfwBQq49B,Back In Love,"Thierry Von Der Warth, Voltage",Back In Love,1/10/2025,58,153063,https://open.spotify.com/track/2AFwQBPl6oJwHNfwBQq49B,energetic,back in love
5LOTtadWBsGDLMQMC0tl2z,Life,ConKi,Life,4/8/2024,64,130000,https://open.spotify.com/track/5LOTtadWBsGDLMQMC0tl2z,energetic,life
21te7Pz3VowOuFho1nfdR0,Letters,Lucas & Steve,Letters To Remember,10/16/2020,42,191000,https://open.spotify.com/track/21te7Pz3VowOuFho1nfdR0,energetic,letters
6PnADVl4QoKUlQPIlaT1mE,Without You,"Zummer, B.R.T, Becky Smith",Without You,1/16/2025,51,158947,https://open.spotify.com/track/6PnADVl4QoKUlQPIlaT1mE,energetic,without you
4h4Em3iM0Vp45KD7b5wW3Z,90s Better,"ConKi, Zummer, MAZEMIRROR",90s Better,4/13/2023,53,139970,https://open.spotify.com/track/4h4Em3iM0Vp45KD7b5wW3Z,energetic,90s better
42ydLwx4i5V49RXHOozJZq,Scars To Your Beautiful,Alessia Cara,Know-It-All (Deluxe),3/11/2016,70,230226,https://open.spotify.com/track/42ydLwx4i5V49RXHOozJZq,energetic,scars to your beautiful
5DoCNgkEKAlMVsn2FSpJKT,Hunger,"ConKi, Joel Pritchard",Hunger,5/6/2022,47,172517,https://open.spotify.com/track/5DoCNgkEKAlMVsn2FSpJKT,energetic,hunger
1Lty1laQpjkzisBZ1dG2R8,Same Heart,"Zummer, Tiinah",Same Heart,10/3/2024,53,152812,https://open.spotify.com/track/1Lty1laQpjkzisBZ1dG2R8,energetic,same heart
1ms5tNNdPouTtcD2oVF9Oz,"Work Hard, Play Hard",Wiz Khalifa,O.N.I.F.C. (Deluxe),12/4/2012,61,219026,https://open.spotify.com/track/1ms5tNNdPouTtcD2oVF9Oz,energetic,work hard play hard
7GGgftep0Q8TZzL07qhPbc,Let You Go,"ConKi, K!llx, SOHBEK",Let You Go,12/8/2022,53,159672,https://open.spotify.com/track/7GGgftep0Q8TZzL07qhPbc,energetic,let you go
4J1B7f8dgMWAcAHEm6Mvi8,Chasing the Day,"TIMBER, Sugar Jesus",Chasing the Day,10/9/2025,52,158095,https://open.spotify.com/track/4J1B7f8dgMWAcAHEm6Mvi8,energetic,chasing the day
6cCEeEs9JA5OI81XaM9RRv,I Won't Let You Go,"PHARAØH, Soundwaves",I Won't Let You Go,5/18/2023,47,133548,https://open.spotify.com/track/6cCEeEs9JA5OI81XaM9RRv,energetic,i wont let you go
2IueV1qO5Zo2V3oP6vqnly,Without Your Love,"SANDMO, All Is Fine, Vinil",Without Your Love,8/1/2024,45,138480,https://open.spotify.com/track/2IueV1qO5Zo2V3oP6vqnly,energetic,without your love
5urzAWsnWOGUb6n9wC1mSj,Man on a Bench (Um Um Um),ConKi,Man on a Bench (Um Um Um),4/10/2025,56,134516,https://open.spotify.com/track/5urzAWsnWOGUb6n9wC1mSj,energetic,man on a bench um um um
5SM8LyP2QBI0pm26rmJs6k,Not Mine,"Andrew Lampa, Sugar Jesus",Not Mine,1/10/2025,48,125584,https://open.spotify.com/track/5SM8LyP2QBI0pm26rmJs6k,energetic,not mine
1CKcs7j0jxdGDCWrntDQil,Hello Shadow,"Sugar Jesus, Dani Doucette",Hello Shadow,3/28/2024,49,180952,https://open.spotify.com/track/1CKcs7j0jxdGDCWrntDQil,energetic,hello shadow
0CAfXk7DXMnon4gLudAp7J,Low (feat. T-Pain),"Flo Rida, T-Pain",Mail on Sunday,3/17/2008,84,231400,https://open.spotify.com/track/0CAfXk7DXMnon4gLudAp7J,energetic,low feat tpain
3O0WP95w6trTVFcNUC9oMw,Wanna Do It,K!llx,Wanna Do It,7/13/2023,48,139439,https://open.spotify.com/track/3O0WP95w6trTVFcNUC9oMw,energetic,wanna do it
4nmDwwaz4eV09GAZPgoZPo,Mesmerized,"INViDA, Alvin Anthony, Luxtides",Mesmerized,5/30/2024,47,130000,https://open.spotify.com/track/4nmDwwaz4eV09GAZPgoZPo,energetic,mesmerized
0LS7hve8of6NHHCL2bWMJt,I Am Nobody,"MARE, Mike L, TWINNS",I Am Nobody,9/18/2025,54,135483,https://open.spotify.com/track/0LS7hve8of6NHHCL2bWMJt,energetic,i am nobody
4Arjo1XR9qXsLstvU9fFV3,Last Breath,Future,CREED: Original Motion Picture Soundtrack,11/20/2015,62,239800,https://open.spotify.com/track/4Arjo1XR9qXsLstvU9fFV3,energetic,last breath
0RgUxB0pyyzPm5apCmBnHZ,Tu Es Foutu,"ConKi, B.R.T, NAJA",Tu Es Foutu,9/15/2022,54,123903,https://open.spotify.com/track/0RgUxB0pyyzPm5apCmBnHZ,energetic,tu es foutu
53BpTC3cYgRfUVxqbNVb8w,Rip,"Zummer, Elle Sloan",Rip,8/8/2024,51,125538,https://open.spotify.com/track/53BpTC3cYgRfUVxqbNVb8w,energetic,rip
09okFAwc61wn82VZPWhjnP,The Good Life,"R2, Sugar Jesus, EMMY",The Good Life,5/14/2025,52,141147,https://open.spotify.com/track/09okFAwc61wn82VZPWhjnP,energetic,the good life
5UmC7TmVAUKJvKCnt6mB0v,Back To You,MAIKE DEPAS,Back To You,8/8/2025,47,188825,https://open.spotify.com/track/5UmC7TmVAUKJvKCnt6mB0v,energetic,back to you
2KbdvsXgQPZ0twKa5Du65u,Find Our Way,"Castor & Pollux, Ozgun",Find Our Way,10/31/2025,34,192000,https://open.spotify.com/track/2KbdvsXgQPZ0twKa5Du65u,energetic,find our way
2gxrSR8QROUH669XjI4VI0,"Truth, Peace, Love, Acid","Alok, ARTBAT","Truth, Peace, Love, Acid",8/29/2025,55,199134,https://open.spotify.com/track/2gxrSR8QROUH669XjI4VI0,energetic,truth peace love acid
3GJpUHRAe6ahsBNcxacAb6,Broken People,"shams, Gabriel Eli",Broken People,11/7/2025,12,191351,https://open.spotify.com/track/3GJpUHRAe6ahsBNcxacAb6,energetic,broken people
64BuLY7ggczC17w5LSUlSE,Creepin' (with The Weeknd & 21 Savage),"Metro Boomin, The Weeknd, 21 Savage",HEROES & VILLAINS,12/2/2022,1,221520,https://open.spotify.com/track/64BuLY7ggczC17w5LSUlSE,energetic,creepin with the weeknd 21 savage
2eN0rxTtgxKkmVCNgizayr,Greatness,Quavo,Greatness,2/24/2023,53,185000,https://open.spotify.com/track/2eN0rxTtgxKkmVCNgizayr,energetic,greatness
6kYGOFNUMxpab09L5Ukoke,Rich Spirit,Kendrick Lamar,Mr. Morale & The Big Steppers,5/13/2022,1,202285,https://open.spotify.com/track/6kYGOFNUMxpab09L5Ukoke,energetic,rich spirit
6w9GrSUaQQIaMBYtabge7p,Embarrassed (feat. Travis Scott),"Don Toliver, Travis Scott",Love Sick (Deluxe),2/28/2023,72,192693,https://open.spotify.com/track/6w9GrSUaQQIaMBYtabge7p,energetic,embarrassed feat travis scott
0FA4wrjDJvJTTU8AepZTup,Watch This - ARIZONATEARS Pluggnb Remix,"Lil Uzi Vert, sped up nightcore, ARIZONATEARS",Watch This (ARIZONATEARS Pluggnb Remix),2/5/2023,72,163139,https://open.spotify.com/track/0FA4wrjDJvJTTU8AepZTup,energetic,watch this arizonatears pluggnb remix
5MMW4CZsZiZt2iuqAXzzWC,The Heart Part 5,Kendrick Lamar,The Heart Part 5,5/8/2022,53,332228,https://open.spotify.com/track/5MMW4CZsZiZt2iuqAXzzWC,energetic,the heart part 5
2KLwPaRDOB87XOYAT2fgxh,Pussy & Millions (feat. Travis Scott),"Drake, 21 Savage, Travis Scott",Her Loss,11/4/2022,70,242026,https://open.spotify.com/track/2KLwPaRDOB87XOYAT2fgxh,energetic,pussy millions feat travis scott
3fNMgjG8yXaSam46swhz7w,KNIGHT CRAWLER (feat. Juice WRLD),"Trippie Redd, Juice WRLD",MANSION MUSIK,1/20/2023,0,177230,https://open.spotify.com/track/3fNMgjG8yXaSam46swhz7w,energetic,knight crawler feat juice wrld
4C9ySJUmAXiaroo91BeFDH,I Dance (feat. Duki & Cuco),"YG, Duki, Cuco",I GOT ISSUES,9/30/2022,42,245796,https://open.spotify.com/track/4C9ySJUmAXiaroo91BeFDH,energetic,i dance feat duki cuco
0C6ShwHWvn4JyvcJc1LjbS,Sticky,Drake,"Honestly, Nevermind",6/16/2022,45,243227,https://open.spotify.com/track/0C6ShwHWvn4JyvcJc1LjbS,energetic,sticky
4qf2G3v1ychaRZ0glmrkES,Raindrops (Insane) [with Travis Scott],"Metro Boomin, Travis Scott",HEROES & VILLAINS,12/2/2022,0,188586,https://open.spotify.com/track/4qf2G3v1ychaRZ0glmrkES,energetic,raindrops insane with travis scott
37If4sC0Si28T6z63qhR5z,Nothing Changed,"Quavo, Takeoff",Only Built For Infinity Links,10/7/2022,60,199111,https://open.spotify.com/track/37If4sC0Si28T6z63qhR5z,energetic,nothing changed
2GGh5FxKXI7bEJ6rFzsRbG,Never Lie,YoungBoy Never Broke Again,Realer 2,9/7/2022,48,138666,https://open.spotify.com/track/2GGh5FxKXI7bEJ6rFzsRbG,energetic,never lie
2BSl2gSFHdzJAMus74qzNj,Backstage Passes (feat. Jack Harlow),"EST Gee, Jack Harlow",I Never Felt Nun,9/16/2022,50,158431,https://open.spotify.com/track/2BSl2gSFHdzJAMus74qzNj,energetic,backstage passes feat jack harlow
531KGXtBroSrOX9LVmiIgc,Starlight,Dave,Starlight,3/3/2022,73,211935,https://open.spotify.com/track/531KGXtBroSrOX9LVmiIgc,energetic,starlight
5gAwpwuchaCGnJLlBMGBzp,DO IT AGAIN (feat. 2Rare),"NLE Choppa, 2Rare",DO IT AGAIN (feat. 2Rare),10/7/2022,59,213206,https://open.spotify.com/track/5gAwpwuchaCGnJLlBMGBzp,energetic,do it again feat 2rare
60PTOzcoFycWBICdumIsFQ,FOR FUN,Lil Uzi Vert,RED & WHITE,7/23/2022,66,188059,https://open.spotify.com/track/60PTOzcoFycWBICdumIsFQ,energetic,for fun
6ug9fUi5oLLgQgOF1G8WkM,California Breeze,Lil Baby,It's Only Me,10/14/2022,65,177789,https://open.spotify.com/track/6ug9fUi5oLLgQgOF1G8WkM,energetic,california breeze
3F5CgOj3wFlRv51JsHbxhe,Jimmy Cooks (feat. 21 Savage),"Drake, 21 Savage","Honestly, Nevermind",6/17/2022,80,218364,https://open.spotify.com/track/3F5CgOj3wFlRv51JsHbxhe,energetic,jimmy cooks feat 21 savage
5gcsJvWzuPMeJBQYdiO0RS,Step 1 (with Offset),"SleazyWorld Go, Offset",Step 1,6/17/2022,47,177731,https://open.spotify.com/track/5gcsJvWzuPMeJBQYdiO0RS,energetic,step 1 with offset
5XJWEh8huqG0l9RgRyArtv,Niagara Falls (Foot or 2) [with Travis Scott & 21 Savage],"Metro Boomin, Travis Scott, 21 Savage",HEROES & VILLAINS,12/2/2022,0,207306,https://open.spotify.com/track/5XJWEh8huqG0l9RgRyArtv,energetic,niagara falls foot or 2 with travis scott 21 savage
2sOj9vyd6yiss9W1IK6chU,"GOD DID (feat. Rick Ross, Lil Wayne, JAY-Z, John Legend & Fridayy)","DJ Khaled, Rick Ross, Lil Wayne, JAY-Z, John Legend, Fridayy",GOD DID,8/26/2022,59,501648,https://open.spotify.com/track/2sOj9vyd6yiss9W1IK6chU,energetic,god did feat rick ross lil wayne jayz john legend fridayy
6DswwzQlABrNoqjNydtvuX,Blessing,Lil Tecca,Blessing,12/9/2022,50,144594,https://open.spotify.com/track/6DswwzQlABrNoqjNydtvuX,energetic,blessing
7Fege3yv4dvehB3NdRBGwI,Banking On Me,Gunna,Banking On Me,2/14/2022,69,200000,https://open.spotify.com/track/7Fege3yv4dvehB3NdRBGwI,energetic,banking on me
0QNNd0qMCDbraS1nQPg3aA,HOTEL LOBBY (Unc & Phew),"Quavo, Takeoff",HOTEL LOBBY (Unc & Phew),5/20/2022,64,142657,https://open.spotify.com/track/0QNNd0qMCDbraS1nQPg3aA,energetic,hotel lobby unc phew
2NVXBBbO4xGO851zrMfCFi,2 Mins of Pain (feat. Alborosie),"Sleepy Hallow, Alborosie",2 Mins of Pain (feat. Alborosie),9/7/2022,47,136695,https://open.spotify.com/track/2NVXBBbO4xGO851zrMfCFi,energetic,2 mins of pain feat alborosie
0oiv4E896TUTTeQU0cmIui,Massive,Drake,"Honestly, Nevermind",6/16/2022,69,336924,https://open.spotify.com/track/0oiv4E896TUTTeQU0cmIui,energetic,massive
3azJifCSqg9fRij2yKIbWz,The Color Violet,Tory Lanez,Alone At Prom,12/10/2021,85,226466,https://open.spotify.com/track/3azJifCSqg9fRij2yKIbWz,energetic,the color violet
08F16baYbciTva9P4BvpiI,MAFIA,Travis Scott,ESCAPE PLAN / MAFIA,11/5/2021,72,240000,https://open.spotify.com/track/08F16baYbciTva9P4BvpiI,energetic,mafia
59nOXPmaKlBfGMDeOVGrIK,WAIT FOR U (feat. Drake & Tems),"Future, Drake, Tems",I NEVER LIKED YOU,4/29/2022,83,189893,https://open.spotify.com/track/59nOXPmaKlBfGMDeOVGrIK,energetic,wait for u feat drake tems
5uVW9FWVaQde0lfF4hYs4C,CODE (feat. Moneybagg Yo),"Offset, Moneybagg Yo",CODE (feat. Moneybagg Yo),8/26/2022,50,192427,https://open.spotify.com/track/5uVW9FWVaQde0lfF4hYs4C,energetic,code feat moneybagg yo
2BJWxD8xKrDv8vneTvTIm9,Beat the Odds,Lil Tjay,Beat the Odds,8/26/2022,61,150000,https://open.spotify.com/track/2BJWxD8xKrDv8vneTvTIm9,energetic,beat the odds
0Dwuu9GOstPuAAVsCv7NZb,Never Tell Freestyle,Remble,IT’S REMBLE,7/16/2021,54,120917,https://open.spotify.com/track/0Dwuu9GOstPuAAVsCv7NZb,energetic,never tell freestyle
0BAP6JdeHYjEu6rw7hTeTZ,Lost Me (with RealestK),"NAV, RealestK",Demons Protected By Angels,9/9/2022,36,186532,https://open.spotify.com/track/0BAP6JdeHYjEu6rw7hTeTZ,energetic,lost me with realestk
3L5icohocyREuwOyqVMsnL,Gordon R Freestyle,Remble,IT’S REMBLE,7/16/2021,52,125200,https://open.spotify.com/track/3L5icohocyREuwOyqVMsnL,energetic,gordon r freestyle
0TYq1cxJXPGGjO0bYHDH2L,Basketball Dreams (Intro),Sleepy Hallow,Still Sleep?,6/2/2021,62,91923,https://open.spotify.com/track/0TYq1cxJXPGGjO0bYHDH2L,energetic,basketball dreams intro
2KMPEI406H9G8UqiWDfuTK,Breakin Bad (Okay),"Sleepy Hallow, Sheff G",DON'T SLEEP,10/31/2019,59,131286,https://open.spotify.com/track/2KMPEI406H9G8UqiWDfuTK,energetic,breakin bad okay
4FRW5Nza1Ym91BGV4nFWXI,Lemon Pepper Freestyle (feat. Rick Ross),"Drake, Rick Ross",Scary Hours 2,3/5/2021,64,383036,https://open.spotify.com/track/4FRW5Nza1Ym91BGV4nFWXI,energetic,lemon pepper freestyle feat rick ross
4fHwoYTU9sy539FSX7fv1j,Robbery,Tee Grizzley,Robbery,9/2/2022,56,144630,https://open.spotify.com/track/4fHwoYTU9sy539FSX7fv1j,energetic,robbery
7ItXHU9yVm8AUkMyo4kffF,"Run (feat. Tyga, 21 Savage & BIA)","YG, Tyga, 21 Savage, BIA",Run,6/24/2022,46,237623,https://open.spotify.com/track/7ItXHU9yVm8AUkMyo4kffF,energetic,run feat tyga 21 savage bia
0JvnmNjMnTQMRizhrKzMSO,Look Ma I Did It,"Gucci Mane, Baby Racks",Look Ma I Did It,9/2/2022,38,207786,https://open.spotify.com/track/0JvnmNjMnTQMRizhrKzMSO,energetic,look ma i did it
5bBzkJE9BqYTL27webAUCw,Rocc Climbing (feat. Lil Yachty),"Remble, Lil Yachty",Rocc Climbing (feat. Lil Yachty),9/24/2021,53,175877,https://open.spotify.com/track/5bBzkJE9BqYTL27webAUCw,energetic,rocc climbing feat lil yachty
5CI4P97F6XAwK1kGnFYC0k,Dead Shot (with Lil Uzi Vert),"NAV, Lil Uzi Vert",Demons Protected By Angels,9/9/2022,46,181355,https://open.spotify.com/track/5CI4P97F6XAwK1kGnFYC0k,energetic,dead shot with lil uzi vert
4FyesJzVpA39hbYvcseO2d,Just Wanna Rock,Lil Uzi Vert,Just Wanna Rock,10/17/2022,70,123890,https://open.spotify.com/track/4FyesJzVpA39hbYvcseO2d,energetic,just wanna rock
2SLwbpExuoBDZBpjfefCtV,Out of Time,The Weeknd,Dawn FM,1/6/2022,76,214193,https://open.spotify.com/track/2SLwbpExuoBDZBpjfefCtV,energetic,out of time
5KcZNsrl7PMIxJ2xBbTwH3,Serial Killers,Gucci Mane,Serial Killers,4/15/2022,0,188967,https://open.spotify.com/track/5KcZNsrl7PMIxJ2xBbTwH3,energetic,serial killers
4KIkADzoVm3A10E9qyjsQ5,4 Da Gang (with Roddy Ricch),"42 Dugg, Roddy Ricch",4 Da Gang (with Roddy Ricch),4/2/2021,0,155720,https://open.spotify.com/track/4KIkADzoVm3A10E9qyjsQ5,energetic,4 da gang with roddy ricch
4Y8nURu6rDISY8dXpNUbZY,Shit Talk,BlueBucksClan,No Rules,11/24/2019,50,188088,https://open.spotify.com/track/4Y8nURu6rDISY8dXpNUbZY,energetic,shit talk
5kYSScXYOZYyi0fxramiW6,BEAUTIFUL (feat. Future & SZA),"DJ Khaled, Future, SZA",GOD DID,8/26/2022,55,223232,https://open.spotify.com/track/5kYSScXYOZYyi0fxramiW6,energetic,beautiful feat future sza
4VCbgIdr8ptegWeJpqLVHH,Love All (with JAY-Z),"Drake, JAY-Z",Certified Lover Boy,9/3/2021,70,228461,https://open.spotify.com/track/4VCbgIdr8ptegWeJpqLVHH,energetic,love all with jayz
3aQem4jVGdhtg116TmJnHz,What’s Next,Drake,Scary Hours 2,3/5/2021,67,178153,https://open.spotify.com/track/3aQem4jVGdhtg116TmJnHz,energetic,whats next
5W8jRrZ6tWrTrqnKRtIQBf,p r i d e . i s . t h e . d e v i l (with Lil Baby),"J. Cole, Lil Baby",The Off-Season,5/14/2021,68,218210,https://open.spotify.com/track/5W8jRrZ6tWrTrqnKRtIQBf,energetic,p r i d e i s t h e d e v i l with lil baby
0W182sCUnpV7B7n23wCpVB,Get Fly (feat. DaBaby),"OHGEESY, DaBaby",GEEZYWORLD,8/27/2021,48,167058,https://open.spotify.com/track/0W182sCUnpV7B7n23wCpVB,energetic,get fly feat dababy
43BlKpJcSrC9AsJ3F1DKg9,Still Trappin' (with King Von),"Lil Durk, King Von",The Voice,12/24/2020,0,172185,https://open.spotify.com/track/43BlKpJcSrC9AsJ3F1DKg9,energetic,still trappin with king von
7DwcBgdzqhFJltEaV1XF81,Cooped Up (with Roddy Ricch),"Post Malone, Roddy Ricch",Cooped Up,5/12/2022,58,185857,https://open.spotify.com/track/7DwcBgdzqhFJltEaV1XF81,energetic,cooped up with roddy ricch
3GdWfmQBiiJrDUvSZS1bGv,Never Sleep (with Lil Baby feat. Travis Scott),"NAV, Lil Baby, Travis Scott",Never Sleep,7/29/2022,57,185785,https://open.spotify.com/track/3GdWfmQBiiJrDUvSZS1bGv,energetic,never sleep with lil baby feat travis scott
40iJIUlhi6renaREYGeIDS,Fair Trade (with Travis Scott),"Drake, Travis Scott",Certified Lover Boy,9/3/2021,80,291175,https://open.spotify.com/track/40iJIUlhi6renaREYGeIDS,energetic,fair trade with travis scott
6FEZld2dq54j1NRrkoV6ld,Soda (feat. Take A Daytrip),"DJ Scheme, Cordae, Ski Mask The Slump God, Take A Daytrip",FAMILY,12/4/2020,51,226666,https://open.spotify.com/track/6FEZld2dq54j1NRrkoV6ld,energetic,soda feat take a daytrip
0Zm7NKJgoKY6ZWwtoEUILK,Praise God,Kanye West,Donda,8/29/2021,1,226652,https://open.spotify.com/track/0Zm7NKJgoKY6ZWwtoEUILK,energetic,praise god
4qMMZ0Bh5sA6Gb3QrcD2Bp,ONE MAN ARMY,DaBaby,Baby On Baby 2,9/23/2022,27,133220,https://open.spotify.com/track/4qMMZ0Bh5sA6Gb3QrcD2Bp,energetic,one man army
3QFInJAm9eyaho5vBzxInN,family ties (with Kendrick Lamar),"Baby Keem, Kendrick Lamar",The Melodic Blue,9/10/2021,77,252262,https://open.spotify.com/track/3QFInJAm9eyaho5vBzxInN,energetic,family ties with kendrick lamar
6rTInqW3YECMkQsBEHw4sd,Solid (feat. Drake),"Young Stoner Life, Young Thug, Gunna, Drake",Slime Language 2,4/16/2021,68,215693,https://open.spotify.com/track/6rTInqW3YECMkQsBEHw4sd,energetic,solid feat drake
0P2P1AxcRYhiZvoF5MyRmM,Rumors (feat. Lil Durk),"Gucci Mane, Lil Durk",Rumors (feat. Lil Durk),1/25/2022,59,185855,https://open.spotify.com/track/0P2P1AxcRYhiZvoF5MyRmM,energetic,rumors feat lil durk
2BITQ360Knh6qNAOqR7Dyq,Miss The Rage (feat. Playboi Carti),"Trippie Redd, Playboi Carti",Miss The Rage (feat. Playboi Carti),5/7/2021,2,236883,https://open.spotify.com/track/2BITQ360Knh6qNAOqR7Dyq,energetic,miss the rage feat playboi carti
2BcMwX1MPV6ZHP4tUT9uq6,Knife Talk (with 21 Savage ft. Project Pat),"Drake, 21 Savage, Project Pat",Certified Lover Boy,9/3/2021,74,242965,https://open.spotify.com/track/2BcMwX1MPV6ZHP4tUT9uq6,energetic,knife talk with 21 savage ft project pat
4XvcHTUfIlWfyJTRG0aqlo,2055,Sleepy Hallow,Still Sleep?,6/2/2021,74,123986,https://open.spotify.com/track/4XvcHTUfIlWfyJTRG0aqlo,energetic,2055
67BtfxlNbhBmCDR2L2l8qd,MONTERO (Call Me By Your Name),Lil Nas X,MONTERO (Call Me By Your Name),3/31/2021,69,137875,https://open.spotify.com/track/67BtfxlNbhBmCDR2L2l8qd,energetic,montero call me by your name
21AJQhGZpujjZQXByZAXpr,REPEAT IT (with Gunna),"Lil Tecca, Gunna",REPEAT IT,8/6/2021,58,190344,https://open.spotify.com/track/21AJQhGZpujjZQXByZAXpr,energetic,repeat it with gunna
1TZv3bujNaYz646eezRE91,Seeing Green (with Drake & Lil Wayne),"Nicki Minaj, Drake, Lil Wayne",Beam Me Up Scotty,5/14/2021,59,339506,https://open.spotify.com/track/1TZv3bujNaYz646eezRE91,energetic,seeing green with drake lil wayne
1YDebgap5OFwXEBG18NJvy,Red Light Green Light,DaBaby,Red Light Green Light,6/25/2021,60,159082,https://open.spotify.com/track/1YDebgap5OFwXEBG18NJvy,energetic,red light green light
21UkXrc9kD48rNpTMI2ecz,NEVER LEFT,Lil Tecca,NEVER LEFT,5/6/2021,53,168727,https://open.spotify.com/track/21UkXrc9kD48rNpTMI2ecz,energetic,never left
6toQdWWc4noiOk3Eo5mVDS,Beat Box 3 (feat. DaBaby),"SpotemGottem, DaBaby",Beat Box 3 (feat. DaBaby),2/26/2021,49,200424,https://open.spotify.com/track/6toQdWWc4noiOk3Eo5mVDS,energetic,beat box 3 feat dababy
2Igem6Q4sfvXGJ3JkG7Baw,Modern Day,Migos,Culture III,6/11/2021,52,241790,https://open.spotify.com/track/2Igem6Q4sfvXGJ3JkG7Baw,energetic,modern day
43PGPuHIlVOc04jrZVh9L6,RAPSTAR,Polo G,RAPSTAR,4/9/2021,2,165925,https://open.spotify.com/track/43PGPuHIlVOc04jrZVh9L6,energetic,rapstar
7eX3um6NpOQKWJMGCi97XD,Real As It Gets (feat. EST Gee),"Lil Baby, EST Gee",Real As It Gets (feat. EST Gee),3/4/2021,60,192804,https://open.spotify.com/track/7eX3um6NpOQKWJMGCi97XD,energetic,real as it gets feat est gee
52vksmCPJWjIGm0JvB7aed,Touchable,Remble,Touchable,6/11/2021,50,122647,https://open.spotify.com/track/52vksmCPJWjIGm0JvB7aed,energetic,touchable
7JuHVG3qQKQKxC4doneXVW,Back in Blood (feat. Lil Durk),"Pooh Shiesty, Lil Durk",Back In Blood (feat. Lil Durk),11/6/2020,66,184489,https://open.spotify.com/track/7JuHVG3qQKQKxC4doneXVW,energetic,back in blood feat lil durk
2NM0qHzx4Ohy8iXHEEgwlO,Having Our Way (feat. Drake),"Migos, Drake",Culture III,6/11/2021,60,278191,https://open.spotify.com/track/2NM0qHzx4Ohy8iXHEEgwlO,energetic,having our way feat drake
4lUmnwRybYH7mMzf16xB0y,Hats Off (feat. Travis Scott),"Lil Baby, Lil Durk, Travis Scott",The Voice of the Heroes,6/4/2021,61,257428,https://open.spotify.com/track/4lUmnwRybYH7mMzf16xB0y,energetic,hats off feat travis scott
1D3z6HTiQsNmZxjl7F7eoG,m y . l i f e (with 21 Savage & Morray),"J. Cole, 21 Savage, Morray",The Off-Season,5/14/2021,72,218801,https://open.spotify.com/track/1D3z6HTiQsNmZxjl7F7eoG,energetic,m y l i f e with 21 savage morray
0PvFJmanyNQMseIFrU708S,For The Night (feat. Lil Baby & DaBaby),"Pop Smoke, Lil Baby, DaBaby",Shoot For The Stars Aim For The Moon,7/3/2020,74,190476,https://open.spotify.com/track/0PvFJmanyNQMseIFrU708S,energetic,for the night feat lil baby dababy
6ztvsy3C6hPjVg9j4x1XKJ,Tip Toe (feat. A Boogie Wit da Hoodie),"Roddy Ricch, A Boogie Wit da Hoodie",Please Excuse Me for Being Antisocial,12/6/2019,53,185806,https://open.spotify.com/track/6ztvsy3C6hPjVg9j4x1XKJ,energetic,tip toe feat a boogie wit da hoodie
5hChuUMe5iHfjkXgzj1D4b,Track Star,Mooski,Track Star,2/9/2021,52,199706,https://open.spotify.com/track/5hChuUMe5iHfjkXgzj1D4b,energetic,track star
30KctD1WsHKTIYczXjip5a,Tequila Shots,Kid Cudi,Man On The Moon III: The Chosen,12/11/2020,63,193293,https://open.spotify.com/track/30KctD1WsHKTIYczXjip5a,energetic,tequila shots
4x3mum2YGHtIBrgUKiNt4F,Don't Need Friends (feat. Lil Baby),"NAV, Lil Baby",Emergency Tsunami,11/6/2020,57,184619,https://open.spotify.com/track/4x3mum2YGHtIBrgUKiNt4F,energetic,dont need friends feat lil baby
65jw6GhwQW3Db55PxlPEpS,Be Something,"Polo G, Lil Baby",THE GOAT,5/15/2020,61,194117,https://open.spotify.com/track/65jw6GhwQW3Db55PxlPEpS,energetic,be something
170DNUSnQRp1tGpppF26pA,Epidemic,Polo G,Epidemic,9/25/2020,0,177272,https://open.spotify.com/track/170DNUSnQRp1tGpppF26pA,energetic,epidemic
02kDW379Yfd5PzW5A6vuGt,Lemonade,"Internet Money, Gunna, Don Toliver, NAV","Lemonade (feat. Gunna, Don Toliver & NAV)",8/14/2020,3,195428,https://open.spotify.com/track/02kDW379Yfd5PzW5A6vuGt,energetic,lemonade
7uZXXMz8td5gRf75oupj9B,WUNNA FLO (feat. Yak Gotti),"Gunna, Yak Gotti",WUNNA (Deluxe),7/24/2020,45,177213,https://open.spotify.com/track/7uZXXMz8td5gRf75oupj9B,energetic,wunna flo feat yak gotti
2wK5badDdF5vOtv1ujYXhu,How You Feel? (Freestyle) (feat. Lil Yachty & Ski Mask the Slump God),"DJ Scheme, Danny Towers, Lil Yachty, Ski Mask The Slump God",FAMILY,12/4/2020,48,136640,https://open.spotify.com/track/2wK5badDdF5vOtv1ujYXhu,energetic,how you feel freestyle feat lil yachty ski mask the slump god
2r6OAV3WsYtXuXjvJ1lIDi,Hello (feat. A Boogie Wit da Hoodie),"Pop Smoke, A Boogie Wit da Hoodie",Shoot For The Stars Aim For The Moon (Deluxe),7/20/2020,71,190534,https://open.spotify.com/track/2r6OAV3WsYtXuXjvJ1lIDi,energetic,hello feat a boogie wit da hoodie
1U6Qqq2JQzOWoHYqtG7pYO,Friends & Family,NAV,Emergency Tsunami,11/6/2020,51,145121,https://open.spotify.com/track/1U6Qqq2JQzOWoHYqtG7pYO,energetic,friends family
1ZkL3IwFNXoloSRHY0R88q,Laughin (feat. DaBaby),"Rich The Kid, DaBaby",Lucky 7,1/29/2021,0,160447,https://open.spotify.com/track/1ZkL3IwFNXoloSRHY0R88q,energetic,laughin feat dababy
2dzja72gQodveSpguIQGJl,Need Me,J.I the Prince of N.Y,Hood Life Krisis Vol. 1,10/11/2019,0,151640,https://open.spotify.com/track/2dzja72gQodveSpguIQGJl,energetic,need me
5Kskr9LcNYa0tpt5f0ZEJx,Calling My Phone,"Lil Tjay, 6LACK",Calling My Phone,2/12/2021,1,205458,https://open.spotify.com/track/5Kskr9LcNYa0tpt5f0ZEJx,energetic,calling my phone
4wVOKKEHUJxHCFFNUWDn0B,Chicago Freestyle (feat. Giveon),"Drake, GIVĒON",Dark Lane Demo Tapes,5/1/2020,78,220487,https://open.spotify.com/track/4wVOKKEHUJxHCFFNUWDn0B,energetic,chicago freestyle feat giveon
6w4PV16oMh5I6ZOCvig0hK,Stay Down (with 6LACK & Young Thug),"Lil Durk, 6LACK, Young Thug",Stay Down (with 6LACK & Young Thug),10/30/2020,0,169330,https://open.spotify.com/track/6w4PV16oMh5I6ZOCvig0hK,energetic,stay down with 6lack young thug
4N7i6RfJXMWfkx9Zr6pzkJ,E-ER (feat. Lil Yachty),"DJ Scheme, Ski Mask The Slump God, Danny Towers, Lil Yachty",FAMILY,12/4/2020,62,163384,https://open.spotify.com/track/4N7i6RfJXMWfkx9Zr6pzkJ,energetic,eer feat lil yachty
0k7wmahjkn389wAZdz19Cv,Drankin N Smokin,"Future, Lil Uzi Vert",Pluto x Baby Pluto,11/13/2020,70,213520,https://open.spotify.com/track/0k7wmahjkn389wAZdz19Cv,energetic,drankin n smokin
7rTzrRdc5UbvLr0gwI1J3E,Out Of Love (feat. Internet Money),"Lil Tecca, Internet Money",Out Of Love,4/17/2020,0,153597,https://open.spotify.com/track/7rTzrRdc5UbvLr0gwI1J3E,energetic,out of love feat internet money
6gxKUmycQX7uyMwJcweFjp,We Paid (feat. 42 Dugg),"Lil Baby, 42 Dugg",My Turn (Deluxe),5/1/2020,72,181929,https://open.spotify.com/track/6gxKUmycQX7uyMwJcweFjp,energetic,we paid feat 42 dugg
4SCnCPOUOUXUmCX2uHb3r7,Outta Time (feat. Drake),"Bryson Tiller, Drake",A N N I V E R S A R Y,10/2/2020,67,198821,https://open.spotify.com/track/4SCnCPOUOUXUmCX2uHb3r7,energetic,outta time feat drake
5n6gBhdEjCuj3obgCoTEFD,That’s It,"Future, Lil Uzi Vert",Pluto x Baby Pluto,11/13/2020,57,228796,https://open.spotify.com/track/5n6gBhdEjCuj3obgCoTEFD,energetic,thats it
6rLi6PyWXu1rPlShuIZpj6,Way Out (feat. Big Sean),"Jack Harlow, Big Sean",Way Out (feat. Big Sean),12/9/2020,51,168906,https://open.spotify.com/track/6rLi6PyWXu1rPlShuIZpj6,energetic,way out feat big sean
6In6SkveIw26thdYRhHTVX,Bacc Seat (feat. Ty Dolla $ign),"Roddy Ricch, Ty Dolla $ign",Please Excuse Me for Being Antisocial,12/6/2019,63,172320,https://open.spotify.com/track/6In6SkveIw26thdYRhHTVX,energetic,bacc seat feat ty dolla ign
4Q34FP1AT7GEl9oLgNtiWj,Mr. Right Now (feat. Drake),"21 Savage, Metro Boomin, Drake",SAVAGE MODE II,10/2/2020,65,193838,https://open.spotify.com/track/4Q34FP1AT7GEl9oLgNtiWj,energetic,mr right now feat drake
29TPjc8wxfz4XMn21O7VsZ,Sky,Playboi Carti,Whole Lotta Red,12/25/2020,79,193234,https://open.spotify.com/track/29TPjc8wxfz4XMn21O7VsZ,energetic,sky
6fMzgFFGzWCwiHMzDzNpp5,Lets Link,WhoHeem,Lets Link,8/20/2020,46,159955,https://open.spotify.com/track/6fMzgFFGzWCwiHMzDzNpp5,energetic,lets link
3bAzFi7wGuOXJdgOYyFDSW,Losses - Bonus,Lil Tjay,Losses (Bonus),10/30/2020,0,195648,https://open.spotify.com/track/3bAzFi7wGuOXJdgOYyFDSW,energetic,losses bonus
3JKgcAa7r07ocVWcV8bS0H,21,Polo G,THE GOAT,5/15/2020,70,163797,https://open.spotify.com/track/3JKgcAa7r07ocVWcV8bS0H,energetic,21
5XzombolzpiaOSTdj1W0VS,Bleed,A Boogie Wit da Hoodie,Artist 2.0 (Deluxe),6/19/2020,54,176958,https://open.spotify.com/track/5XzombolzpiaOSTdj1W0VS,energetic,bleed
5gNOINI5dXZVom2b36LMOd,PICK UP (feat. Quavo),"DaBaby, Quavo",BLAME IT ON BABY,4/17/2020,49,118546,https://open.spotify.com/track/5gNOINI5dXZVom2b36LMOd,energetic,pick up feat quavo
4Iedi94TIaB2GGb1nMB68v,On Me,Lil Baby,On Me,12/4/2020,71,135959,https://open.spotify.com/track/4Iedi94TIaB2GGb1nMB68v,energetic,on me
33gwZOGJWEZ7dRWPqPxBEZ,Wolves (feat. Post Malone),"Big Sean, Post Malone",Detroit 2,9/4/2020,63,199758,https://open.spotify.com/track/33gwZOGJWEZ7dRWPqPxBEZ,energetic,wolves feat post malone
4DuUwzP4ALMqpquHU0ltAB,Tyler Herro,Jack Harlow,Tyler Herro,10/22/2020,59,156497,https://open.spotify.com/track/4DuUwzP4ALMqpquHU0ltAB,energetic,tyler herro
7ytR5pFWmSjzHJIeQkgog4,ROCKSTAR (feat. Roddy Ricch),"DaBaby, Roddy Ricch",BLAME IT ON BABY,4/17/2020,73,181733,https://open.spotify.com/track/7ytR5pFWmSjzHJIeQkgog4,energetic,rockstar feat roddy ricch
5rZlwNFl01HqLWBQGryKSm,Mood Swings (feat. Lil Tjay),"Pop Smoke, Lil Tjay",Shoot For The Stars Aim For The Moon,7/3/2020,75,213333,https://open.spotify.com/track/5rZlwNFl01HqLWBQGryKSm,energetic,mood swings feat lil tjay
1lGHa2pwYzxQHFBUynhLtO,FIND MY WAY,DaBaby,FIND MY WAY,4/1/2020,0,139890,https://open.spotify.com/track/1lGHa2pwYzxQHFBUynhLtO,energetic,find my way
568OIKgeHyGRD3uWR44JbO,Racks 2 Skinny,Migos,Racks 2 Skinny,5/11/2020,53,178024,https://open.spotify.com/track/568OIKgeHyGRD3uWR44JbO,energetic,racks 2 skinny
2SAqBLGA283SUiwJ3xOUVI,Laugh Now Cry Later (feat. Lil Durk),"Drake, Lil Durk",Laugh Now Cry Later (feat. Lil Durk),8/14/2020,75,261492,https://open.spotify.com/track/2SAqBLGA283SUiwJ3xOUVI,energetic,laugh now cry later feat lil durk
740kQ8xwSGloumdiKR5Cwz,Trillionaire (feat. Youngboy Never Broke Again),"Future, YoungBoy Never Broke Again",High Off Life,5/15/2020,58,167551,https://open.spotify.com/track/740kQ8xwSGloumdiKR5Cwz,energetic,trillionaire feat youngboy never broke again
7ge7BHazYbVKi8qyZUX1Bm,Emotionally Scarred,Lil Baby,My Turn,2/28/2020,70,197529,https://open.spotify.com/track/7ge7BHazYbVKi8qyZUX1Bm,energetic,emotionally scarred
0qJeyYAgv6UpvewUxRXAhb,Rags2Riches 2 (feat. Lil Baby),"Rod Wave, Lil Baby",Pray 4 Love (Deluxe),8/7/2020,1,235987,https://open.spotify.com/track/0qJeyYAgv6UpvewUxRXAhb,energetic,rags2riches 2 feat lil baby
1VLtjHwRWOVJiE5Py7JxoQ,Martin & Gina,Polo G,THE GOAT,5/15/2020,77,132832,https://open.spotify.com/track/1VLtjHwRWOVJiE5Py7JxoQ,energetic,martin gina
6wJYhPfqk3KGhHRG76WzOh,Blueberry Faygo,Lil Mosey,Blueberry Faygo,2/7/2020,69,162546,https://open.spotify.com/track/6wJYhPfqk3KGhHRG76WzOh,energetic,blueberry faygo
3NWrHCwvyII4fTx05PN3IO,Enjoy Yourself (feat. Karol G),"Pop Smoke, KAROL G",Shoot For The Stars Aim For The Moon,7/3/2020,63,197938,https://open.spotify.com/track/3NWrHCwvyII4fTx05PN3IO,energetic,enjoy yourself feat karol g
2QqJTIlGKRLJC3onkavYEz,Flex (feat. Juice WRLD),"Polo G, Juice WRLD",THE GOAT,5/15/2020,69,163902,https://open.spotify.com/track/2QqJTIlGKRLJC3onkavYEz,energetic,flex feat juice wrld
0nbXyq5TXYPCO7pr3N8S4I,The Box,Roddy Ricch,Please Excuse Me for Being Antisocial,12/6/2019,82,196652,https://open.spotify.com/track/0nbXyq5TXYPCO7pr3N8S4I,energetic,the box
6UHfW9PmGAUjIVeIkPzPQ2,Only The Team (with Lil Mosey & Lil Tjay),"Rvssian, Lil Mosey, Lil Tjay",Only The Team (with Lil Mosey & Lil Tjay),3/11/2020,52,168979,https://open.spotify.com/track/6UHfW9PmGAUjIVeIkPzPQ2,energetic,only the team with lil mosey lil tjay
0s8QrhtXW1Av2tuLLerDjN,Onna Come Up,Lil Eazzyy,Onna Come Up,6/5/2020,0,128078,https://open.spotify.com/track/0s8QrhtXW1Av2tuLLerDjN,energetic,onna come up
57vxBYXtHMk6H1aD29V7PU,Heartless,The Weeknd,Heartless,11/27/2019,1,200080,https://open.spotify.com/track/57vxBYXtHMk6H1aD29V7PU,energetic,heartless
05aZ9sAU1YXndHv0FMi9iW,Demons (feat. Fivio Foreign & Sosa Geek),"Drake, Fivio Foreign, Sosa Geek",Dark Lane Demo Tapes,5/1/2020,56,204805,https://open.spotify.com/track/05aZ9sAU1YXndHv0FMi9iW,energetic,demons feat fivio foreign sosa geek
3aBL75wBGHJnskegE9jyhb,Boom Boom Room,Roddy Ricch,Please Excuse Me for Being Antisocial,12/6/2019,55,167557,https://open.spotify.com/track/3aBL75wBGHJnskegE9jyhb,energetic,boom boom room
0XkmeG97T4mtYlWRJcrxec,Party Girl (Remix),"StaySolidRocky, Lil Uzi Vert",Party Girl (Remix),7/10/2020,48,147672,https://open.spotify.com/track/0XkmeG97T4mtYlWRJcrxec,energetic,party girl remix
4kfeRwpq5KUaqTkgi4TbDF,Solitaires (feat. Travis Scott),"Future, Travis Scott",High Off Life,5/15/2020,59,205666,https://open.spotify.com/track/4kfeRwpq5KUaqTkgi4TbDF,energetic,solitaires feat travis scott
028JxheELfIvvY4zBXuMjw,Heartless (feat. Mustard),"Polo G, Mustard",Heartless (feat. Mustard),9/20/2019,40,201626,https://open.spotify.com/track/028JxheELfIvvY4zBXuMjw,energetic,heartless feat mustard
4cSSL3YafYjM3yjgFO1vJg,Walk Em Down (feat. Roddy Ricch),"NLE Choppa, Roddy Ricch",Walk Em Down (feat. Roddy Ricch),3/19/2020,58,173288,https://open.spotify.com/track/4cSSL3YafYjM3yjgFO1vJg,energetic,walk em down feat roddy ricch
39Yp9wwQiSRIDOvrVg7mbk,THE SCOTTS,"THE SCOTTS, Travis Scott, Kid Cudi",THE SCOTTS,4/24/2020,70,165977,https://open.spotify.com/track/39Yp9wwQiSRIDOvrVg7mbk,energetic,the scotts
677KTHp39ZBJ9csDdgymI9,3 Headed Goat (feat. Lil Baby & Polo G),"Lil Durk, Lil Baby, Polo G",3 Headed Goat (feat. Lil Baby & Polo G),5/7/2020,0,169531,https://open.spotify.com/track/677KTHp39ZBJ9csDdgymI9,energetic,3 headed goat feat lil baby polo g
7KSSdFCBHCfq4KPzz78ghk,Heatin Up (feat. Gunna),"Lil Baby, Gunna",My Turn,2/28/2020,63,177314,https://open.spotify.com/track/7KSSdFCBHCfq4KPzz78ghk,energetic,heatin up feat gunna
3GZd1aDsgKL71Kt3VIp0hc,Narrow Road (feat. Lil Baby),"NLE Choppa, Lil Baby",Narrow Road (feat. Lil Baby),7/30/2020,48,240297,https://open.spotify.com/track/3GZd1aDsgKL71Kt3VIp0hc,energetic,narrow road feat lil baby
6mtjo5kIHKlboGE84lf1FJ,Need It,"Migos, YoungBoy Never Broke Again",Need It,5/22/2020,63,195680,https://open.spotify.com/track/6mtjo5kIHKlboGE84lf1FJ,energetic,need it
76MjtLfZoTNc3BDqUVjuRH,Patek,"Future, Lil Uzi Vert",Patek,7/30/2020,49,280665,https://open.spotify.com/track/76MjtLfZoTNc3BDqUVjuRH,energetic,patek
1H7KnK26kc1YyellpbINEn,The Woo (feat. 50 Cent & Roddy Ricch),"Pop Smoke, 50 Cent, Roddy Ricch",Shoot For The Stars Aim For The Moon,7/3/2020,69,201600,https://open.spotify.com/track/1H7KnK26kc1YyellpbINEn,energetic,the woo feat 50 cent roddy ricch
6AyWdCtEn1DdxjnxPeojR2,Live Off My Closet (feat. Future),"Lil Baby, Future",My Turn,2/28/2020,57,173061,https://open.spotify.com/track/6AyWdCtEn1DdxjnxPeojR2,energetic,live off my closet feat future
3tDqEKKUs6gf8zMvSuLyLA,Commercial (feat. Lil Uzi Vert),"Lil Baby, Lil Uzi Vert",My Turn,2/28/2020,64,214214,https://open.spotify.com/track/3tDqEKKUs6gf8zMvSuLyLA,energetic,commercial feat lil uzi vert
5LHHKZOwV8XW4LJP2C64mw,COOLER THAN A BITCH (feat. Roddy Ricch),"Gunna, Roddy Ricch",WUNNA,5/22/2020,59,197000,https://open.spotify.com/track/5LHHKZOwV8XW4LJP2C64mw,energetic,cooler than a bitch feat roddy ricch
0lSZh5W0wDeurkGzLYY6hf,Turks (feat. Travis Scott),"NAV, Gunna, Travis Scott",Turks,3/27/2020,58,161377,https://open.spotify.com/track/0lSZh5W0wDeurkGzLYY6hf,energetic,turks feat travis scott
56uXDJRCuoS7abX3SkzHKQ,Myron,Lil Uzi Vert,Eternal Atake (Deluxe) - LUV vs. The World 2,3/13/2020,68,224954,https://open.spotify.com/track/56uXDJRCuoS7abX3SkzHKQ,energetic,myron
6CUP2khYzdphXebxVTfPE3,Lo Mein,Lil Uzi Vert,Eternal Atake,3/6/2020,65,195299,https://open.spotify.com/track/6CUP2khYzdphXebxVTfPE3,energetic,lo mein
5yY9lUy8nbvjM1Uyo1Uqoc,Life Is Good (feat. Drake),"Future, Drake",Life Is Good (feat. Drake),1/10/2020,72,237735,https://open.spotify.com/track/5yY9lUy8nbvjM1Uyo1Uqoc,energetic,life is good feat drake
3kW4z2pIj5VY5fLjBrMRL5,P2,Lil Uzi Vert,Eternal Atake,3/6/2020,63,234626,https://open.spotify.com/track/3kW4z2pIj5VY5fLjBrMRL5,energetic,p2
59JWp4PjZ9TRM8cmtaDYB1,Yessirskiii,"Lil Uzi Vert, 21 Savage",Eternal Atake (Deluxe) - LUV vs. The World 2,3/13/2020,65,219340,https://open.spotify.com/track/59JWp4PjZ9TRM8cmtaDYB1,energetic,yessirskiii
733c1CWmIGymoQXdp7Us88,"Numbers (feat. Roddy Ricch, Gunna and London On Da Track)","A Boogie Wit da Hoodie, London On Da Track, Roddy Ricch, Gunna",Artist 2.0,2/14/2020,59,188563,https://open.spotify.com/track/733c1CWmIGymoQXdp7Us88,energetic,numbers feat roddy ricch gunna and london on da track
3CexezJJW9wmwe7BPm9TWp,In the Field,"LittyGhoul, SappiaVerita",In the Field,12/13/2019,0,210796,https://open.spotify.com/track/3CexezJJW9wmwe7BPm9TWp,energetic,in the field
07KXEDMj78x68D884wgVEm,High Fashion (feat. Mustard),"Roddy Ricch, Mustard",Please Excuse Me for Being Antisocial,12/6/2019,70,220486,https://open.spotify.com/track/07KXEDMj78x68D884wgVEm,energetic,high fashion feat mustard
2u3EyuCqqV31woqGvO9LBz,Sum 2 Prove,Lil Baby,Sum 2 Prove,1/10/2020,64,205760,https://open.spotify.com/track/2u3EyuCqqV31woqGvO9LBz,energetic,sum 2 prove
2FvD20Z8aoWIePi7PoN8sG,TOES (feat. Lil Baby & Moneybagg Yo),"DaBaby, Lil Baby, Moneybagg Yo",KIRK,9/27/2019,75,136366,https://open.spotify.com/track/2FvD20Z8aoWIePi7PoN8sG,energetic,toes feat lil baby moneybagg yo
1iSqfoUFnQwV0QW1EfUit8,Suicidal,YNW Melly,Melly vs. Melvin,11/22/2019,75,222997,https://open.spotify.com/track/1iSqfoUFnQwV0QW1EfUit8,energetic,suicidal
1aMokXl3uKDvCh4BBcjFOA,Lil Top,YoungBoy Never Broke Again,"Still Flexin, Still Steppin",2/21/2020,68,185745,https://open.spotify.com/track/1aMokXl3uKDvCh4BBcjFOA,energetic,lil top
03TzvVWdkVbLT9pzewYiDw,I Don't Sleep (ft. Takeoff),"Lil Wayne, Takeoff",Funeral,1/31/2020,44,200733,https://open.spotify.com/track/03TzvVWdkVbLT9pzewYiDw,energetic,i dont sleep ft takeoff
230wNo1dnexltKYQbsW7oD,772 Love,YNW Melly,772 Love,10/16/2017,70,209488,https://open.spotify.com/track/230wNo1dnexltKYQbsW7oD,energetic,772 love
598yNsG1JFrGd4n2kMoz7F,Woah,Lil Baby,Woah,11/8/2019,56,183011,https://open.spotify.com/track/598yNsG1JFrGd4n2kMoz7F,energetic,woah
7DcvwMAiqKJQD1rrdfxSDx,The London (feat. J. Cole & Travis Scott),"Young Thug, J. Cole, Travis Scott",The London (feat. J. Cole & Travis Scott),5/23/2019,62,200106,https://open.spotify.com/track/7DcvwMAiqKJQD1rrdfxSDx,energetic,the london feat j cole travis scott
735RSTb2xbtWbDtKD9XDYi,Somebody,"Internet Money, Lil Tecca, A Boogie Wit da Hoodie",Somebody,10/11/2019,1,174333,https://open.spotify.com/track/735RSTb2xbtWbDtKD9XDYi,energetic,somebody
6klLvorLoo1sxvZcjJIY8I,Make No Sense,YoungBoy Never Broke Again,AI YoungBoy 2,10/11/2019,80,148629,https://open.spotify.com/track/6klLvorLoo1sxvZcjJIY8I,energetic,make no sense
48BycLu4MtbVvCumpvMMbP,Snake Skin,Trippie Redd,!,8/9/2019,0,186944,https://open.spotify.com/track/48BycLu4MtbVvCumpvMMbP,energetic,snake skin
6igOR5QCn09zAVF2ikZjsV,Surf (feat. Gunna),"Young Thug, Gunna",So Much Fun,8/16/2019,60,184093,https://open.spotify.com/track/6igOR5QCn09zAVF2ikZjsV,energetic,surf feat gunna
3XiNC94b4Tq1xwv70sQJGN,Sanguine Paradise,Lil Uzi Vert,Sanguine Paradise,4/9/2019,70,243976,https://open.spotify.com/track/3XiNC94b4Tq1xwv70sQJGN,energetic,sanguine paradise
7nGJygXx3D1lsSt8aAxRcQ,Pull Up (feat. Lil Uzi Vert & YNW Melly),"Lil Keed, YNW Melly, Lil Uzi Vert",Pull Up (feat. Lil Uzi Vert & YNW Melly),5/29/2019,34,162986,https://open.spotify.com/track/7nGJygXx3D1lsSt8aAxRcQ,energetic,pull up feat lil uzi vert ynw melly
2wZjsbwmWfNVslgV5afl1L,Out The Mud,"Lil Baby, Future",Out The Mud,6/21/2019,54,157816,https://open.spotify.com/track/2wZjsbwmWfNVslgV5afl1L,energetic,out the mud
6vWEAOUSxohKxhp0K1BsxL,Mixed Personalities (feat. Kanye West),"YNW Melly, Kanye West",We All Shine,1/18/2019,67,230400,https://open.spotify.com/track/6vWEAOUSxohKxhp0K1BsxL,energetic,mixed personalities feat kanye west
6MWtB6iiXyIwun0YzU6DFP,Wow.,Post Malone,Wow.,12/24/2018,3,149520,https://open.spotify.com/track/6MWtB6iiXyIwun0YzU6DFP,energetic,wow
7BpxBMNYNYguGWZZk2zOKe,Mister (feat. 21 Savage),"Young Nudy, Pi’erre Bourne, 21 Savage",Mister (feat. 21 Savage),4/24/2019,28,174706,https://open.spotify.com/track/7BpxBMNYNYguGWZZk2zOKe,energetic,mister feat 21 savage
6zxOdvQ3YDPezZMqmTeEMK,Whodie,YNW Melly,Whodie,6/1/2018,36,240847,https://open.spotify.com/track/6zxOdvQ3YDPezZMqmTeEMK,energetic,whodie
3KkWGDCb6byHjNYjxBihGK,Habits,NAV,Bad Habits (Deluxe),3/26/2019,50,204363,https://open.spotify.com/track/3KkWGDCb6byHjNYjxBihGK,energetic,habits
7r62wx5N1cOQxYr6b0p2Bi,Two Cups (feat. Offset & Big Sean),"Rich The Kid, Offset, Big Sean",The World Is Yours 2,3/22/2019,36,181057,https://open.spotify.com/track/7r62wx5N1cOQxYr6b0p2Bi,energetic,two cups feat offset big sean
2IRZnDFmlqMuOrYOLnZZyc,Going Bad (feat. Drake),"Meek Mill, Drake",Championships,11/30/2018,74,180522,https://open.spotify.com/track/2IRZnDFmlqMuOrYOLnZZyc,energetic,going bad feat drake
4ckuS4Nj4FZ7i3Def3Br8W,Sneakin’,"Drake, 21 Savage",Sneakin’,10/24/2016,60,251333,https://open.spotify.com/track/4ckuS4Nj4FZ7i3Def3Br8W,energetic,sneakin
6eiztdXRkooWsBt2xToMWI,Make Believe,Juice WRLD,Death Race For Love,3/8/2019,0,142025,https://open.spotify.com/track/6eiztdXRkooWsBt2xToMWI,energetic,make believe
0Tacxc5lDJ8LwiO1pWNSl8,The Motion,Drake,Care Package,8/2/2019,64,240956,https://open.spotify.com/track/0Tacxc5lDJ8LwiO1pWNSl8,energetic,the motion
0JP9xo3adEtGSdUEISiszL,Moonlight,XXXTENTACION,?,3/16/2018,82,135090,https://open.spotify.com/track/0JP9xo3adEtGSdUEISiszL,energetic,moonlight
4bi9YrkOvmg4Eb7h00AW2c,Fall Threw (feat. Young Thug & Gunna),"Rich The Kid, Young Thug, Gunna",The World Is Yours 2,3/22/2019,39,189830,https://open.spotify.com/track/4bi9YrkOvmg4Eb7h00AW2c,energetic,fall threw feat young thug gunna
6yz0Jndhv0QjKdpcEMbOjz,Shake It Up,Trippie Redd,LIFE'S A TRIP,8/10/2018,0,116680,https://open.spotify.com/track/6yz0Jndhv0QjKdpcEMbOjz,energetic,shake it up
74lnM5V6ecvoTPV0fvptx9,Nuketown (feat. Juice WRLD),"Ski Mask The Slump God, Juice WRLD",STOKELEY,11/30/2018,69,166400,https://open.spotify.com/track/74lnM5V6ecvoTPV0fvptx9,energetic,nuketown feat juice wrld
7wcyO1rrH3Ru4t659IjG41,Crushed Up,Future,Future Hndrxx Presents: The WIZRD,1/18/2019,53,149948,https://open.spotify.com/track/7wcyO1rrH3Ru4t659IjG41,energetic,crushed up
7rC5Pl8rQSX4myONQHYPBK,Mob Ties,Drake,Scorpion,6/29/2018,66,205146,https://open.spotify.com/track/7rC5Pl8rQSX4myONQHYPBK,energetic,mob ties
0AluA5RNsa4Cx6XRhf2hWZ,10 Freaky Girls (with 21 Savage),"Metro Boomin, 21 Savage",NOT ALL HEROES WEAR CAPES (Deluxe),11/6/2018,71,208293,https://open.spotify.com/track/0AluA5RNsa4Cx6XRhf2hWZ,energetic,10 freaky girls with 21 savage
2XW4DbS6NddZxRPm5rMCeY,God's Plan,Drake,Scary Hours,1/20/2018,3,198960,https://open.spotify.com/track/2XW4DbS6NddZxRPm5rMCeY,energetic,gods plan
1xpXnpIpuvzpx9jz15baJF,Call Me,"NAV, Metro Boomin",Perfect Timing,7/21/2017,60,215066,https://open.spotify.com/track/1xpXnpIpuvzpx9jz15baJF,energetic,call me
5BbdKBZO0TH0GhfxUfyhL9,Freestyle,Lil Baby,Too Hard,12/1/2017,77,162053,https://open.spotify.com/track/5BbdKBZO0TH0GhfxUfyhL9,energetic,freestyle
6nO3tr47nr2P7f3hXb8JIo,Champion (feat. Travis Scott),"NAV, Travis Scott",RECKLESS,5/18/2018,63,195053,https://open.spotify.com/track/6nO3tr47nr2P7f3hXb8JIo,energetic,champion feat travis scott
6o79O9qBP3OAkWOXajAQIS,WAKA,"6ix9ine, A Boogie Wit da Hoodie",DUMMY BOY,11/27/2018,0,128769,https://open.spotify.com/track/6o79O9qBP3OAkWOXajAQIS,energetic,waka
4MXhiYIRDMGAuvZc5IFTwC,ASTROTHUNDER,Travis Scott,ASTROWORLD,8/3/2018,77,142969,https://open.spotify.com/track/4MXhiYIRDMGAuvZc5IFTwC,energetic,astrothunder
1q9jq5X5vwmewjOa2mHtQ1,Same Yung Nigga (feat. Playboi Carti),"Gunna, Playboi Carti",Drip or Drown 2,2/22/2019,58,180934,https://open.spotify.com/track/1q9jq5X5vwmewjOa2mHtQ1,energetic,same yung nigga feat playboi carti
4PhNipxELUmBZcOWgafzAx,Major (feat. Key Glock),"Young Dolph, Key Glock",Major (feat. Key Glock),8/31/2018,40,195546,https://open.spotify.com/track/4PhNipxELUmBZcOWgafzAx,energetic,major feat key glock
2uMTscYuCT3BZ0OCzH3MwN,"If I'm Lyin, I'm Flyin",Kodak Black,"If I'm Lyin, I'm Flyin",9/28/2018,0,130929,https://open.spotify.com/track/2uMTscYuCT3BZ0OCzH3MwN,energetic,if im lyin im flyin
1tlBuoIRrtqFs9bE9dmli5,Extra Luv (feat. YG),"Future, YG",FUTURE,6/30/2017,52,246173,https://open.spotify.com/track/1tlBuoIRrtqFs9bE9dmli5,energetic,extra luv feat yg
2BJSMvOGABRxokHKB0OI8i,Shoota (feat. Lil Uzi Vert),"Playboi Carti, Lil Uzi Vert",Die Lit,5/11/2018,76,153800,https://open.spotify.com/track/2BJSMvOGABRxokHKB0OI8i,energetic,shoota feat lil uzi vert
3yAVrwXhueRFZMUjxkh2ia,Leave Me,Rich The Kid,The World Is Yours,3/30/2018,42,182486,https://open.spotify.com/track/3yAVrwXhueRFZMUjxkh2ia,energetic,leave me
7r6LNJT2LqpLpEyZQJPygt,Patek Water (feat. Offset),"Future, Young Thug, Offset",SUPER SLIMEY,10/20/2017,51,189480,https://open.spotify.com/track/7r6LNJT2LqpLpEyZQJPygt,energetic,patek water feat offset
3wAI7MIQtTgwcRmwchPZBc,Go Legend (& Metro Boomin),"Big Sean, Metro Boomin, Travis Scott",Double Or Nothing (& Metro Boomin),12/8/2017,50,268946,https://open.spotify.com/track/3wAI7MIQtTgwcRmwchPZBc,energetic,go legend metro boomin
2bSk87AVkCIIC3Bcligq1z,Life Goes On,"Lil Baby, Gunna, Lil Uzi Vert",Harder Than Ever,5/18/2018,74,247054,https://open.spotify.com/track/2bSk87AVkCIIC3Bcligq1z,energetic,life goes on
2eMwDehkIC1j68U6FA3Eiq,XO TOUR Llif3,Lil Uzi Vert,XO TOUR Llif3,3/24/2017,1,182706,https://open.spotify.com/track/2eMwDehkIC1j68U6FA3Eiq,energetic,xo tour llif3
0CBQ0m3mufWH75LTYB3s6h,Let It Fly (feat. Travis Scott),"Lil Wayne, Travis Scott",Tha Carter V,9/28/2018,54,186872,https://open.spotify.com/track/0CBQ0m3mufWH75LTYB3s6h,energetic,let it fly feat travis scott
4lTiuD1DwBKo4L7wqMkD7C,JAPAN,Famous Dex,JAPAN,3/16/2018,40,144149,https://open.spotify.com/track/4lTiuD1DwBKo4L7wqMkD7C,energetic,japan
4CpKEkdGbOJV51cSvx7SoG,Controlla,Drake,Views,5/13/2016,0,245226,https://open.spotify.com/track/4CpKEkdGbOJV51cSvx7SoG,energetic,controlla
7EiZI6JVHllARrX9PUvAdX,Low Life (feat. The Weeknd),"Future, The Weeknd",EVOL,4/13/2016,82,313546,https://open.spotify.com/track/7EiZI6JVHllARrX9PUvAdX,energetic,low life feat the weeknd
63M8PK8yavNITSViKUB62p,Schemin Up (feat. Drake and P. Reign),"OB OBrien, Drake, Preme",Schemin Up (feat. Drake and P. Reign),12/15/2014,1,330769,https://open.spotify.com/track/63M8PK8yavNITSViKUB62p,energetic,schemin up feat drake and p reign
7tGlzXJv6GD5e5qlu5YmDg,Love Me,"Lil Wayne, Drake, Future",I Am Not A Human Being II (Deluxe),1/1/2013,1,253440,https://open.spotify.com/track/7tGlzXJv6GD5e5qlu5YmDg,energetic,love me
2wzdpaYtmCKc8HtTHKWmbr,I'm On One,"DJ Khaled, Drake, Rick Ross, Lil Wayne",I'm On One,1/1/2011,0,298866,https://open.spotify.com/track/2wzdpaYtmCKc8HtTHKWmbr,energetic,im on one
4h8bkOyEbBWode5lGO02CP,Pen Pine Apple Apple Pen,PPDJ,Pen Pineapple Apple Pen,10/9/2016,0,45882,https://open.spotify.com/track/4h8bkOyEbBWode5lGO02CP,energetic,pen pine apple apple pen
20dP2DaMHIAmwWAbp7peSr,pick up the phone (feat. Quavo),"Young Thug, Travis Scott, Quavo",Birds In The Trap Sing McKnight,9/16/2016,66,252256,https://open.spotify.com/track/20dP2DaMHIAmwWAbp7peSr,energetic,pick up the phone feat quavo
2oUuLLKS8WbF7ELJcwbqms,Look at Me!,XXXTENTACION,Look at Me!,1/29/2016,0,151041,https://open.spotify.com/track/2oUuLLKS8WbF7ELJcwbqms,energetic,look at me
6gBFPUFcJLzWGx4lenP6h2,goosebumps,Travis Scott,Birds In The Trap Sing McKnight,9/16/2016,84,243836,https://open.spotify.com/track/6gBFPUFcJLzWGx4lenP6h2,energetic,goosebumps
3rOSwuTsUlJp0Pu0MkN8r8,Mask Off,Future,FUTURE,8/4/2017,50,204600,https://open.spotify.com/track/3rOSwuTsUlJp0Pu0MkN8r8,energetic,mask off
2BoS7pU92MQtynhQ0cZOLT,Tunnel Vision,Kodak Black,Tunnel Vision,2/17/2017,45,268186,https://open.spotify.com/track/2BoS7pU92MQtynhQ0cZOLT,energetic,tunnel vision
5uZm7EFtP5aoTJvx5gv9Xf,Jungle,A Boogie Wit da Hoodie,Artist,9/16/2016,75,174192,https://open.spotify.com/track/5uZm7EFtP5aoTJvx5gv9Xf,energetic,jungle
1e1JKLEDKP7hEQzJfNAgPl,Magnolia,Playboi Carti,Playboi Carti,4/14/2017,77,181812,https://open.spotify.com/track/1e1JKLEDKP7hEQzJfNAgPl,energetic,magnolia
1WIZiOuNO3woKfdlSK2gNn,Transportin',Kodak Black,Project Baby 2: All Grown Up,8/18/2017,77,169344,https://open.spotify.com/track/1WIZiOuNO3woKfdlSK2gNn,energetic,transportin
2eAZfqOm4EnOF9VvN50Tyc,The Way Life Goes (feat. Oh Wonder),"Lil Uzi Vert, Oh Wonder",Luv Is Rage 2,8/25/2017,78,221746,https://open.spotify.com/track/2eAZfqOm4EnOF9VvN50Tyc,energetic,the way life goes feat oh wonder
16qXgDYtEBOTC8elfnU975,Rubbin off the Paint,YBN Nahmir,Rubbin off the Paint,9/27/2017,0,156133,https://open.spotify.com/track/16qXgDYtEBOTC8elfnU975,energetic,rubbin off the paint
6K2anECyrckidwf5wxS78Q,NBAYOUNGBOAT,"Lil Yachty, YoungBoy Never Broke Again",Lil Boat 2,3/9/2018,64,139845,https://open.spotify.com/track/6K2anECyrckidwf5wxS78Q,energetic,nbayoungboat
0iVWDZhL04DiKgbI1mbC40,Taking Chances,NAV,Bad Habits (Deluxe),3/26/2019,44,186680,https://open.spotify.com/track/0iVWDZhL04DiKgbI1mbC40,energetic,taking chances
2zjGJ0dChMR0KxBZS15aqo,"Baguettes in the Face (feat. NAV, Playboi Carti & A Boogie Wit da Hoodie)","Mustard, NAV, Playboi Carti, A Boogie Wit da Hoodie",Perfect Ten,6/28/2019,62,174100,https://open.spotify.com/track/2zjGJ0dChMR0KxBZS15aqo,energetic,baguettes in the face feat nav playboi carti a boogie wit da hoodie
4rnwyJPkkkvU6Xo86YMD1X,Love Me,Lil Tecca,Love Me,11/30/2018,0,117725,https://open.spotify.com/track/4rnwyJPkkkvU6Xo86YMD1X,energetic,love me
2nKYHpmwjLaEOXS3o7QMiz,Baby,"Quality Control, Lil Baby, DaBaby",Baby,7/17/2019,55,142417,https://open.spotify.com/track/2nKYHpmwjLaEOXS3o7QMiz,energetic,baby
4T2dHb8XBYHlVj7Dyo1cW9,100 Racks (Offset feat. Playboi Carti),"Quality Control, Offset, Playboi Carti",Quality Control: Control The Streets Volume 2,8/16/2019,59,157645,https://open.spotify.com/track/4T2dHb8XBYHlVj7Dyo1cW9,energetic,100 racks offset feat playboi carti
4DTpngLjoHj5gFxEZFeD3J,Codeine Dreaming (feat. Lil Wayne),"Kodak Black, Lil Wayne",Project Baby 2: All Grown Up (Deluxe Edition),11/24/2017,62,264531,https://open.spotify.com/track/4DTpngLjoHj5gFxEZFeD3J,energetic,codeine dreaming feat lil wayne
6vBdBCoOhKHiYDDOcorfNo,Goodbyes (Feat. Young Thug),"Post Malone, Young Thug",Goodbyes (Feat. Young Thug),7/5/2019,2,174960,https://open.spotify.com/track/6vBdBCoOhKHiYDDOcorfNo,energetic,goodbyes feat young thug
1tkg4EHVoqnhR6iFEXb60y,What You Know Bout Love,Pop Smoke,Shoot For The Stars Aim For The Moon,7/3/2020,77,160000,https://open.spotify.com/track/1tkg4EHVoqnhR6iFEXb60y,energetic,what you know bout love
1BPBcKcunC2olMIDEyQejT,Move On - Bonus,Lil Tjay,Move On (Bonus),11/20/2020,0,177528,https://open.spotify.com/track/1BPBcKcunC2olMIDEyQejT,energetic,move on bonus
43CIWpJaJHRcI4mUSjqgc2,Bad Boy (with Young Thug),"Juice WRLD, Young Thug",Bad Boy (with Young Thug),1/15/2021,65,157355,https://open.spotify.com/track/43CIWpJaJHRcI4mUSjqgc2,energetic,bad boy with young thug
44gRhRi2OhEf7moAUj6MD1,The Bigger Picture,Lil Baby,The Bigger Picture,6/12/2020,59,252728,https://open.spotify.com/track/44gRhRi2OhEf7moAUj6MD1,energetic,the bigger picture
57BGVV6wcyhbn3hsjlqEZB,Element,Pop Smoke,Meet The Woo 2,2/7/2020,70,135746,https://open.spotify.com/track/57BGVV6wcyhbn3hsjlqEZB,energetic,element
2bo0HCDcZj8BYjoht9zYgk,Time Today,Moneybagg Yo,Time Today,2/3/2021,0,136939,https://open.spotify.com/track/2bo0HCDcZj8BYjoht9zYgk,energetic,time today
6cQ08IpBxxfGcSKxqE3NmB,Headshot (feat. Polo G & Fivio Foreign),"Lil Tjay, Polo G, Fivio Foreign",Headshot,3/19/2021,0,144349,https://open.spotify.com/track/6cQ08IpBxxfGcSKxqE3NmB,energetic,headshot feat polo g fivio foreign
1dg3qy5DjoJodawfOCgrTP,Run It Up (feat. Offset & Moneybagg Yo),"Lil Tjay, Offset, Moneybagg Yo",Destined 2 Win,4/2/2021,70,232048,https://open.spotify.com/track/1dg3qy5DjoJodawfOCgrTP,energetic,run it up feat offset moneybagg yo
5iZ5wjTTxSIv8Cfrhj6Jla,What That Speed Bout!?,"Mike WiLL Made-It, Nicki Minaj, YoungBoy Never Broke Again",What That Speed Bout!?,11/6/2020,49,171165,https://open.spotify.com/track/5iZ5wjTTxSIv8Cfrhj6Jla,energetic,what that speed bout
5b2CRPYt0QNA0jaCJNIIdn,Keeper (feat. A Boogie Wit da Hoodie),"OHGEESY, A Boogie Wit da Hoodie",GEEZYWORLD,8/27/2021,49,169696,https://open.spotify.com/track/5b2CRPYt0QNA0jaCJNIIdn,energetic,keeper feat a boogie wit da hoodie
0yMv0y3fe0QOQ2Zig0FAOg,Richer,"Rod Wave, Polo G",Richer,3/25/2021,0,190458,https://open.spotify.com/track/0yMv0y3fe0QOQ2Zig0FAOg,energetic,richer
1lUTmmPMAsxZBR2iK9CKDF,Me Vs Me,Moneybagg Yo,Time Served (Deluxe),5/15/2020,68,183318,https://open.spotify.com/track/1lUTmmPMAsxZBR2iK9CKDF,energetic,me vs me
1nH2PkJL1XoUq8oE6tBZoU,Sacrifice,The Weeknd,Dawn FM,1/6/2022,70,188918,https://open.spotify.com/track/1nH2PkJL1XoUq8oE6tBZoU,energetic,sacrifice
37Nqx7iavZpotJSDXZWbJ3,Girls Want Girls (with Lil Baby),"Drake, Lil Baby",Certified Lover Boy,9/3/2021,76,221979,https://open.spotify.com/track/37Nqx7iavZpotJSDXZWbJ3,energetic,girls want girls with lil baby
3Wrjm47oTz2sjIgck11l5e,Beggin',Måneskin,Chosen,12/8/2017,84,211560,https://open.spotify.com/track/3Wrjm47oTz2sjIgck11l5e,energetic,beggin
4heBcjj4Lw3X2sQVFNbLbz,Scared Money (feat. J. Cole and Moneybagg Yo),"YG, J. Cole, Moneybagg Yo",Scared Money,2/4/2022,52,204285,https://open.spotify.com/track/4heBcjj4Lw3X2sQVFNbLbz,energetic,scared money feat j cole and moneybagg yo
3VayB5gLZGODx8b7RO1y5f,"No Suburban, Pt. 2",Sheff G,One and Only,5/15/2020,61,153561,https://open.spotify.com/track/3VayB5gLZGODx8b7RO1y5f,energetic,no suburban pt 2
2FeBslNBMdR9V58uv6hd2t,N95,Kendrick Lamar,Mr. Morale & The Big Steppers,5/13/2022,2,195950,https://open.spotify.com/track/2FeBslNBMdR9V58uv6hd2t,energetic,n95
6ws54n2IzyrIxxyzlG2bVJ,Right On,Lil Baby,Right On,4/8/2022,63,213975,https://open.spotify.com/track/6ws54n2IzyrIxxyzlG2bVJ,energetic,right on
3EMp20j5E42MxfFbsEsIvD,Churchill Downs (feat. Drake),"Jack Harlow, Drake",Come Home The Kids Miss You,5/6/2022,67,309327,https://open.spotify.com/track/3EMp20j5E42MxfFbsEsIvD,energetic,churchill downs feat drake
5cx7vkF8BQ0iOsVpfvZbnz,Sleazy Flow (with Lil Baby) - Remix,"SleazyWorld Go, Lil Baby",Sleazy Flow (Remix),5/26/2022,61,161355,https://open.spotify.com/track/5cx7vkF8BQ0iOsVpfvZbnz,energetic,sleazy flow with lil baby remix
1Ubnuy5zPvXkMTe2dZYwj8,Ruth’s Chris Freestyle (feat. Drakeo the Ruler),"Remble, Drakeo the Ruler",IT’S REMBLE,7/16/2021,54,197877,https://open.spotify.com/track/1Ubnuy5zPvXkMTe2dZYwj8,energetic,ruths chris freestyle feat drakeo the ruler
6V74LEfuOKN9iz7YinOWpB,Stone Rolling,Rod Wave,Beautiful Mind,8/12/2022,48,180705,https://open.spotify.com/track/6V74LEfuOKN9iz7YinOWpB,energetic,stone rolling
060dZ7q9HN8nAS2zn2hwo5,SOCKS,DaBaby,Baby On Baby 2,9/23/2022,36,171123,https://open.spotify.com/track/060dZ7q9HN8nAS2zn2hwo5,energetic,socks
7ci13R5uD46YLsPgvzeqUj,Red Casamigos,Tory Lanez,Sorry 4 What,9/30/2022,45,172000,https://open.spotify.com/track/7ci13R5uD46YLsPgvzeqUj,energetic,red casamigos
0AzqJBVMdHP9ijAadQ0T18,Sober (feat. Roddy Ricch & Post Malone),"YG, Roddy Ricch, Post Malone",I GOT ISSUES,9/30/2022,41,253913,https://open.spotify.com/track/0AzqJBVMdHP9ijAadQ0T18,energetic,sober feat roddy ricch post malone
4wRJHXHDJnKSPr9IVn0BFR,To The Bone (feat. YoungBoy Never Broke Again),"Quavo, Takeoff, YoungBoy Never Broke Again",Only Built For Infinity Links,10/7/2022,58,283196,https://open.spotify.com/track/4wRJHXHDJnKSPr9IVn0BFR,energetic,to the bone feat youngboy never broke again
6w2laMOxRE0yUsbq4bVLiZ,Heyy,Lil Baby,Heyy,10/10/2022,52,192727,https://open.spotify.com/track/6w2laMOxRE0yUsbq4bVLiZ,energetic,heyy
2A0G0bPmlkUXUbvWqrAXzg,Not Finished,Lil Baby,It's Only Me,10/14/2022,63,163453,https://open.spotify.com/track/2A0G0bPmlkUXUbvWqrAXzg,energetic,not finished
46s57QULU02Voy0Kup6UEb,Major Distribution,"Drake, 21 Savage",Her Loss,11/4/2022,66,170501,https://open.spotify.com/track/46s57QULU02Voy0Kup6UEb,energetic,major distribution
3QHGfxhjexLaMKGHXagfRs,Hell Yeah,"SoFaygo, Ken Carson",Pink Heartz,11/11/2022,56,168160,https://open.spotify.com/track/3QHGfxhjexLaMKGHXagfRs,energetic,hell yeah
2UQ2oUbHiB8wWYCE42JX0k,My All,Polo G,My All,12/9/2022,53,197692,https://open.spotify.com/track/2UQ2oUbHiB8wWYCE42JX0k,energetic,my all
2gSPHSdf0vrk2Psxmn8sUn,i need u,Ken Carson,i need u,2/14/2023,52,148760,https://open.spotify.com/track/2gSPHSdf0vrk2Psxmn8sUn,energetic,i need u
0T0vseuNB4KC8opkrCLNbc,23,NLE Choppa,23,1/20/2023,45,260530,https://open.spotify.com/track/0T0vseuNB4KC8opkrCLNbc,energetic,23
2NV0mpU5YbyJXydzYPgw5O,AIN'T GONNA ANSWER,"NLE Choppa, Lil Wayne",AIN'T GONNA ANSWER,3/23/2023,54,187453,https://open.spotify.com/track/2NV0mpU5YbyJXydzYPgw5O,energetic,aint gonna answer
4qZLrKsaGkYmVRGUviVPtk,Inwood Hill Park,6LACK,Since I Have A Lover,3/24/2023,61,189680,https://open.spotify.com/track/4qZLrKsaGkYmVRGUviVPtk,energetic,inwood hill park
6AQbmUe0Qwf5PZnt4HmTXv,Boy's a liar Pt. 2,"PinkPantheress, Ice Spice",Boy's a liar Pt. 2,2/3/2023,71,131013,https://open.spotify.com/track/6AQbmUe0Qwf5PZnt4HmTXv,energetic,boys a liar pt 2
7aRCf5cLOFN1U7kvtChY1G,Search & Rescue,Drake,Search & Rescue,4/7/2023,72,272112,https://open.spotify.com/track/7aRCf5cLOFN1U7kvtChY1G,energetic,search rescue
4y2MBx0WKentE8pHFa52RU,Tesla,"Lil Pump, Smokepurpp",Lil Pump 2,3/17/2023,38,133999,https://open.spotify.com/track/4y2MBx0WKentE8pHFa52RU,energetic,tesla
2dSKFFNoNXKo3hPnlwUdPe,They Don't Love It,Jack Harlow,Jackman.,4/28/2023,62,113292,https://open.spotify.com/track/2dSKFFNoNXKo3hPnlwUdPe,energetic,they dont love it
50nQQkDibPre39SvgG92H6,B&E Pt. 1,"Tee Grizzley, Skilla Baby",Controversy,4/28/2023,34,153282,https://open.spotify.com/track/50nQQkDibPre39SvgG92H6,energetic,be pt 1
08YvUaUsZktAG6zEMDwUqO,Sprinter,"Dave, Central Cee",Split Decision,6/4/2023,58,229133,https://open.spotify.com/track/08YvUaUsZktAG6zEMDwUqO,energetic,sprinter
2HALQBSAvpw1oCzL5QsrT2,Trojan Horse,"Dave, Central Cee",Split Decision,6/4/2023,72,248866,https://open.spotify.com/track/2HALQBSAvpw1oCzL5QsrT2,energetic,trojan horse
6HgWWaMu31KdOpEG5l28BG,All My Life (feat. J. Cole),"Lil Durk, J. Cole",All My Life (feat. J. Cole),5/12/2023,69,223878,https://open.spotify.com/track/6HgWWaMu31KdOpEG5l28BG,energetic,all my life feat j cole
5wG3HvLhF6Y5KTGlK0IW3J,Trance (with Travis Scott & Young Thug),"Metro Boomin, Travis Scott, Young Thug",HEROES & VILLAINS,12/2/2022,82,194786,https://open.spotify.com/track/5wG3HvLhF6Y5KTGlK0IW3J,energetic,trance with travis scott young thug
2Hc1LaV6bzFil3dE71eORA,Aye (feat. Travis Scott),"Lil Uzi Vert, Travis Scott",Pink Tape,6/30/2023,61,207835,https://open.spotify.com/track/2Hc1LaV6bzFil3dE71eORA,energetic,aye feat travis scott
0m9cSkuwYOCUWCf48IS5ds,Project Walls (feat. YoungBoy Never Broke Again),"Lil Tjay, YoungBoy Never Broke Again",Project Walls (feat. YoungBoy Never Broke Again),7/7/2023,47,151142,https://open.spotify.com/track/0m9cSkuwYOCUWCf48IS5ds,energetic,project walls feat youngboy never broke again
7qLr3HMApUbyDkUvgIvHnB,Oh U Went (feat. Drake),"Young Thug, Drake",BUSINESS IS BUSINESS,6/23/2023,65,185333,https://open.spotify.com/track/7qLr3HMApUbyDkUvgIvHnB,energetic,oh u went feat drake
6WzRpISELf3YglGAh7TXcG,Popular (with Playboi Carti & Madonna) - From The Idol Vol. 1 (Music from the HBO Original Series),"The Weeknd, Playboi Carti, Madonna",Popular (Music from the HBO Original Series),6/2/2023,82,215466,https://open.spotify.com/track/6WzRpISELf3YglGAh7TXcG,energetic,popular with playboi carti madonna from the idol vol 1 music from the hbo original series
3OGCNLxpBmTYRxPZg2yDE5,back to the moon,Gunna,a Gift & a Curse,6/16/2023,65,193333,https://open.spotify.com/track/3OGCNLxpBmTYRxPZg2yDE5,energetic,back to the moon
67nepsnrcZkowTxMWigSbb,MELTDOWN (feat. Drake),"Travis Scott, Drake",UTOPIA,7/28/2023,73,246133,https://open.spotify.com/track/67nepsnrcZkowTxMWigSbb,energetic,meltdown feat drake
76gcXhY3Zv6wW0BTe9nHJo,TIL FURTHER NOTICE (feat. James Blake & 21 Savage),"Travis Scott, James Blake, 21 Savage",UTOPIA,7/28/2023,75,314836,https://open.spotify.com/track/76gcXhY3Zv6wW0BTe9nHJo,energetic,til further notice feat james blake 21 savage
1zU9ZanlnsT4te5s1PaQKd,Turn Yo Clic Up (feat. Future),"Quavo, Future",Rocket Power,8/25/2023,26,230835,https://open.spotify.com/track/1zU9ZanlnsT4te5s1PaQKd,energetic,turn yo clic up feat future
5W0RVQViQC7xocvAUnIs6Z,Call Your Friends,Rod Wave,Nostalgia,9/15/2023,62,153128,https://open.spotify.com/track/5W0RVQViQC7xocvAUnIs6Z,energetic,call your friends
4UKKQtU98xxZANriFjJTVL,Goody Two Shoes,ATM Danny,Goody Two Shoes,9/12/2022,0,123969,https://open.spotify.com/track/4UKKQtU98xxZANriFjJTVL,energetic,goody two shoes
5itTZ7kNRBl65Nn1QO9Ax9,Dead or Alive,Lil Tecca,TEC,9/22/2023,58,122487,https://open.spotify.com/track/5itTZ7kNRBl65Nn1QO9Ax9,energetic,dead or alive
1DAibqbopEYULPEtE8WHTE,What Would Pluto Do,Drake,For All The Dogs,10/6/2023,64,182998,https://open.spotify.com/track/1DAibqbopEYULPEtE8WHTE,energetic,what would pluto do
0zbGWzQkLY5wn4xyiLYEi0,Glizock & Wizop (feat. Key Glock),"Gucci Mane, Key Glock",Glizock & Wizop (feat. Key Glock),10/13/2023,45,192508,https://open.spotify.com/track/0zbGWzQkLY5wn4xyiLYEi0,energetic,glizock wizop feat key glock
5e2jIB5KT9kmTDCBzAmvQr,Gorgeous,"Tee Grizzley, Skilla Baby",Controversy,4/28/2023,51,153198,https://open.spotify.com/track/5e2jIB5KT9kmTDCBzAmvQr,energetic,gorgeous
2Gk6fi0dqt91NKvlzGsmm7,SAY MY GRACE (feat. Travis Scott),"Offset, Travis Scott",SET IT OFF,10/13/2023,68,173253,https://open.spotify.com/track/2Gk6fi0dqt91NKvlzGsmm7,energetic,say my grace feat travis scott
3kfhS2L56Wj8fBcu7xE47H,Turks & Caicos (feat. 21 Savage),"Rod Wave, 21 Savage",Nostalgia,9/15/2023,69,203345,https://open.spotify.com/track/3kfhS2L56Wj8fBcu7xE47H,energetic,turks caicos feat 21 savage
1xWkeSPhf3bZqHY7Ncz8vp,500lbs,Lil Tecca,500lbs,7/21/2023,66,144390,https://open.spotify.com/track/1xWkeSPhf3bZqHY7Ncz8vp,energetic,500lbs
6LVNGPtSPpc4KDFjvLS8c1,Long Story Short,"2 Chainz, Lil Wayne",Welcome 2 Collegrove,11/17/2023,49,210338,https://open.spotify.com/track/6LVNGPtSPpc4KDFjvLS8c1,energetic,long story short
52eIcoLUM25zbQupAZYoFh,redrum,21 Savage,american dream,1/12/2024,79,270697,https://open.spotify.com/track/52eIcoLUM25zbQupAZYoFh,energetic,redrum
6uTPdRrEDeH8Fyg5L5qmeU,Never Lose Me,Flo Milli,Never Lose Me,11/30/2023,71,125901,https://open.spotify.com/track/6uTPdRrEDeH8Fyg5L5qmeU,energetic,never lose me
5gzEL5O1ubbtIHUhLkSMTz,Loop Hole (feat. 21 Savage),"Tee Grizzley, 21 Savage",Tee's Coney Island,11/3/2023,58,151182,https://open.spotify.com/track/5gzEL5O1ubbtIHUhLkSMTz,energetic,loop hole feat 21 savage
00n83h3zn2IrySO4Q4aTrG,Down With Me,Lil Tecca,TEC (Bonus),1/19/2024,67,120034,https://open.spotify.com/track/00n83h3zn2IrySO4Q4aTrG,energetic,down with me
3Nv0VdYEBn1B2wxCJK2VV2,Shibuya,Ski Mask The Slump God,Shibuya,3/15/2024,0,156910,https://open.spotify.com/track/3Nv0VdYEBn1B2wxCJK2VV2,energetic,shibuya
3ScMs95OaNlkrZuRe7gyYa,PISTOL PACCIN,"NLE Choppa, BigXthaPlug",Cottonwood 2 (Deluxe 2.0),10/27/2023,69,149449,https://open.spotify.com/track/3ScMs95OaNlkrZuRe7gyYa,energetic,pistol paccin
1pnDvUuAEd6z8bKEsbAjk1,We Don't Trust You,"Future, Metro Boomin",WE DON'T TRUST YOU,3/22/2024,67,226213,https://open.spotify.com/track/1pnDvUuAEd6z8bKEsbAjk1,energetic,we dont trust you
0hKtu53OlIFXVuYkZwcn3o,Cinderella,"Future, Metro Boomin, Travis Scott",WE DON'T TRUST YOU,3/22/2024,73,169840,https://open.spotify.com/track/0hKtu53OlIFXVuYkZwcn3o,energetic,cinderella
3eh51r6rFWAlGQRlHx9QnQ,Push Ups,Drake,Push Ups,4/19/2024,70,232774,https://open.spotify.com/track/3eh51r6rFWAlGQRlHx9QnQ,energetic,push ups
0SdBkFh6u5IHIXqlBu0NyI,Yeah Glo!,GloRilla,Yeah Glo!,2/9/2024,64,142702,https://open.spotify.com/track/0SdBkFh6u5IHIXqlBu0NyI,energetic,yeah glo
0g3WQjlhCk9gcIVow4DigI,NUMBER 2,Lil Tecca,Number 2 / Never Last,5/3/2024,1,137904,https://open.spotify.com/track/0g3WQjlhCk9gcIVow4DigI,energetic,number 2
39q0IGV13RaqsoUmBwJ902,Fundip,"Beatdemons, Quin Nfn",Fundip,10/7/2022,0,198556,https://open.spotify.com/track/39q0IGV13RaqsoUmBwJ902,energetic,fundip
0HGItm7Ox9AnHZbx26nkE4,HEAT STICK,"Shoreline Mafia, OHGEESY, Fenix Flexin",HEAT STICK,5/10/2024,70,137142,https://open.spotify.com/track/0HGItm7Ox9AnHZbx26nkE4,energetic,heat stick
083HuPvgqYBLUiv82bVxwE,HOT ONE (with TiaCorine & A$AP Ferg),"Denzel Curry, TiaCorine, A$AP Ferg",HOT ONE (with TiaCorine & A$AP Ferg),6/5/2024,57,165270,https://open.spotify.com/track/083HuPvgqYBLUiv82bVxwE,energetic,hot one with tiacorine aap ferg
4IWwjybVNBeedHYQaBG1rW,Get It Done,"King Von, OMB Peezy",What It Means To Be King,3/4/2022,54,164520,https://open.spotify.com/track/4IWwjybVNBeedHYQaBG1rW,energetic,get it done
46rCJx8YdbP5ZaQyh57fwE,Rock & Roll,"stoneda5th, R3 DA Chilliman",Rock & Roll,5/3/2022,44,172138,https://open.spotify.com/track/46rCJx8YdbP5ZaQyh57fwE,energetic,rock roll
0OA00aPt3BV10qeMIs3meW,Big Dawgs,"Hanumankind, Kalmi",Big Dawgs,7/9/2024,76,190666,https://open.spotify.com/track/0OA00aPt3BV10qeMIs3meW,energetic,big dawgs
1CyrdaewFn7M7o0Y0RbMI2,Trickin',DDG,Trickin',8/2/2024,0,152058,https://open.spotify.com/track/1CyrdaewFn7M7o0Y0RbMI2,energetic,trickin
1Pp4ViPEN3SkM4gBW7ZTfF,TASTE,Lil Tecca,TASTE,8/9/2024,0,170447,https://open.spotify.com/track/1Pp4ViPEN3SkM4gBW7ZTfF,energetic,taste
1qIwin7JMVuX70qN6wD8ww,It's Up (feat. Young Thug & 21 Savage),"Drake, Young Thug, 21 Savage",100 GIGS,8/30/2024,69,278000,https://open.spotify.com/track/1qIwin7JMVuX70qN6wD8ww,energetic,its up feat young thug 21 savage
5hrnlL3rqxLrkB8UQynmxh,Healing,"Gordo, Drake",DIAMANTE,7/26/2024,65,294000,https://open.spotify.com/track/5hrnlL3rqxLrkB8UQynmxh,energetic,healing
4dStHgygFvGVwyFPkJLOZO,COLORS,"Remble, stoneda5th, Mozzy",COLORS,6/26/2024,38,254391,https://open.spotify.com/track/4dStHgygFvGVwyFPkJLOZO,energetic,colors
2cZOYofOX4d6g0OXxkaIjA,ALL RED,Playboi Carti,ALL RED,9/13/2024,68,148053,https://open.spotify.com/track/2cZOYofOX4d6g0OXxkaIjA,energetic,all red
1wFFFzJ5EsKbBWZriAcubN,Family Matters,Drake,Family Matters,5/3/2024,69,456933,https://open.spotify.com/track/1wFFFzJ5EsKbBWZriAcubN,energetic,family matters
1Es7AUAhQvapIcoh3qMKDL,Timeless (feat. Playboi Carti),"The Weeknd, Playboi Carti",Timeless,9/27/2024,18,256000,https://open.spotify.com/track/1Es7AUAhQvapIcoh3qMKDL,energetic,timeless feat playboi carti
1D9XWqsoNWIfLEzjHcrgMx,BAD TIME,Lil Tecca,PLAN A,9/20/2024,70,210803,https://open.spotify.com/track/1D9XWqsoNWIfLEzjHcrgMx,energetic,bad time
2t4H61OtTYgmDe61KxkjKH,PLUTOSKI,Future,MIXTAPE PLUTO,9/20/2024,61,179022,https://open.spotify.com/track/2t4H61OtTYgmDe61KxkjKH,energetic,plutoski
72pjcmoE6vBby9gb1ZPvdF,5AM,Lil Baby,5AM,11/14/2024,52,102038,https://open.spotify.com/track/72pjcmoE6vBby9gb1ZPvdF,energetic,5am
6gH1UKDAhWS6qXzKXB4wuY,Hello Miss Johnson,Jack Harlow,Hello Miss Johnson,11/21/2024,64,164747,https://open.spotify.com/track/6gH1UKDAhWS6qXzKXB4wuY,energetic,hello miss johnson
1SGvjfc85yzqKXsfKcCxn2,heart pt. 6,Kendrick Lamar,GNX,11/22/2024,71,292461,https://open.spotify.com/track/1SGvjfc85yzqKXsfKcCxn2,energetic,heart pt 6
5gOfC9UzZQzTyShqPMrpjT,wacced out murals,Kendrick Lamar,GNX,11/22/2024,70,317092,https://open.spotify.com/track/5gOfC9UzZQzTyShqPMrpjT,energetic,wacced out murals
45J4avUb9Ni0bnETYaYFVJ,luther (with sza),"Kendrick Lamar, SZA",GNX,11/22/2024,83,177598,https://open.spotify.com/track/45J4avUb9Ni0bnETYaYFVJ,energetic,luther with sza
7JKwHEhYWjEDiaAVqm0RZd,NEVER LAST,Lil Tecca,PLAN A,9/20/2024,62,141732,https://open.spotify.com/track/7JKwHEhYWjEDiaAVqm0RZd,energetic,never last
6afQ4fJDJ9QqU5BKIH99Ej,Insecurities,Lil Baby,Insecurities,11/15/2024,67,127154,https://open.spotify.com/track/6afQ4fJDJ9QqU5BKIH99Ej,energetic,insecurities
0aB0v4027ukVziUGwVGYpG,tv off (feat. lefty gunplay),"Kendrick Lamar, Lefty Gunplay",GNX,11/22/2024,85,220690,https://open.spotify.com/track/0aB0v4027ukVziUGwVGYpG,energetic,tv off feat lefty gunplay
3FHO87BSOEVAsedSnCTnvz,BRIAN STEEL,Drake,$ome $exy $ongs 4 U,2/14/2025,63,111406,https://open.spotify.com/track/3FHO87BSOEVAsedSnCTnvz,energetic,brian steel
5Nz7hI3cCOHmMR4vSLJ1An,GIMME A HUG,Drake,$ome $exy $ongs 4 U,2/14/2025,70,193054,https://open.spotify.com/track/5Nz7hI3cCOHmMR4vSLJ1An,energetic,gimme a hug
2u9S9JJ6hTZS3Vf22HOZKg,NOKIA,Drake,$ome $exy $ongs 4 U,2/14/2025,85,241023,https://open.spotify.com/track/2u9S9JJ6hTZS3Vf22HOZKg,energetic,nokia
0NUqi0ps17YpLUC3kgsZq0,DIE TRYING,"PARTYNEXTDOOR, Drake, Yebba",$ome $exy $ongs 4 U,2/14/2025,82,195431,https://open.spotify.com/track/0NUqi0ps17YpLUC3kgsZq0,energetic,die trying
3cRi3PKcFCPL3fQcEJMKT0,Stiff Gang,Lil Baby,WHAM (Extended Version),1/10/2025,54,171466,https://open.spotify.com/track/3cRi3PKcFCPL3fQcEJMKT0,energetic,stiff gang
6JvIjI8H3yxpigROd3Cv9N,Stuff (feat. Travis Scott),"Lil Baby, Travis Scott",WHAM (Extended Version),1/10/2025,75,180666,https://open.spotify.com/track/6JvIjI8H3yxpigROd3Cv9N,energetic,stuff feat travis scott
3tFed7YsjGnIfxeLEQwx3R,"Sticky (feat. GloRilla, Sexyy Red & Lil Wayne)","Tyler, The Creator, GloRilla, Sexyy Red, Lil Wayne",CHROMAKOPIA,10/28/2024,80,255915,https://open.spotify.com/track/3tFed7YsjGnIfxeLEQwx3R,energetic,sticky feat glorilla sexyy red lil wayne
6D1Pr14PtFHoj6gBEoOfQP,GOT DAMN,Gunna,GOT DAMN,12/20/2024,65,156800,https://open.spotify.com/track/6D1Pr14PtFHoj6gBEoOfQP,energetic,got damn
55NuTxRk1TyKzpgD8dC1IY,Get Jiggy,"B Jack$, ZEDDY WILL",Get Jiggy,2/27/2025,66,118153,https://open.spotify.com/track/55NuTxRk1TyKzpgD8dC1IY,energetic,get jiggy
7EW7Yivb93qKAtp5qEm5of,Dark Thoughts,Lil Tecca,Dark Thoughts,3/14/2025,77,136991,https://open.spotify.com/track/7EW7Yivb93qKAtp5qEm5of,energetic,dark thoughts
6iycYUk3oB0NPMdaDUrN1w,EVIL J0RDAN,Playboi Carti,MUSIC,3/14/2025,77,183928,https://open.spotify.com/track/6iycYUk3oB0NPMdaDUrN1w,energetic,evil j0rdan
3VdooJLOy4tLxKpnn46SMP,CRUSH (with Travis Scott),"Playboi Carti, Travis Scott",MUSIC,3/14/2025,69,173320,https://open.spotify.com/track/3VdooJLOy4tLxKpnn46SMP,energetic,crush with travis scott
4XcZp2xqbiD8YsnPboNUDo,WE NEED ALL DA VIBES (with Young Thug & Ty Dolla $ign),"Playboi Carti, Young Thug, Ty Dolla $ign",MUSIC,3/14/2025,65,181626,https://open.spotify.com/track/4XcZp2xqbiD8YsnPboNUDo,energetic,we need all da vibes with young thug ty dolla ign
5eW508Gq23QlXHowyzW39m,Money On Money (feat. Future),"Young Thug, Future",Money On Money (feat. Future),4/25/2025,69,236626,https://open.spotify.com/track/5eW508Gq23QlXHowyzW39m,energetic,money on money feat future
5vqGU4eGav3JMlwRClgHAv,HBA,Playboi Carti,MUSIC - SORRY 4 DA WAIT,3/25/2025,56,212598,https://open.spotify.com/track/5vqGU4eGav3JMlwRClgHAv,energetic,hba
0ElGHlbkkccOWhMWOYmFiQ,Back 2 Back,"Shoreline Mafia, OHGEESY, Fenix Flexin",Back In Bidness,4/4/2025,59,144905,https://open.spotify.com/track/0ElGHlbkkccOWhMWOYmFiQ,energetic,back 2 back
7b88F9ZJ7gdWlFaTBc1tMW,glacier,"PlaqueBoyMax, Quavo",ATLANTA,5/23/2025,53,120000,https://open.spotify.com/track/7b88F9ZJ7gdWlFaTBc1tMW,energetic,glacier
4W87HdUCaPD4ZRjkLI228v,Watch Da Throne,Key Glock,Glockaveli,5/2/2025,50,156074,https://open.spotify.com/track/4W87HdUCaPD4ZRjkLI228v,energetic,watch da throne
5aF2CKfXSaggOY7RRyXT60,Adderall & Percocets,El Snappo,Adderall & Percocets,5/9/2025,42,132229,https://open.spotify.com/track/5aF2CKfXSaggOY7RRyXT60,energetic,adderall percocets
6LCiXt7miBRf8iTx82DkIJ,Glockaveli,Key Glock,Glockaveli,5/2/2025,53,141265,https://open.spotify.com/track/6LCiXt7miBRf8iTx82DkIJ,energetic,glockaveli
5E3XPRJVgYnxhMAFI7nZ7N,OWA OWA,Lil Tecca,OWA OWA,5/30/2025,70,132380,https://open.spotify.com/track/5E3XPRJVgYnxhMAFI7nZ7N,energetic,owa owa
6B2FtBtIds4rqeLPTW0D76,Outfit (with 21 Savage),"Lil Baby, 21 Savage",WHAM (Extended Version),1/10/2025,71,177000,https://open.spotify.com/track/6B2FtBtIds4rqeLPTW0D76,energetic,outfit with 21 savage
6s8WSX1MxNThrot8ThI6fG,4X4,Travis Scott,4X4,1/24/2025,73,190581,https://open.spotify.com/track/6s8WSX1MxNThrot8ThI6fG,energetic,4x4
7HDq8aEtkBeZq7gfzYjW28,Tweaker,GELO,Tweaker,1/3/2025,68,189544,https://open.spotify.com/track/7HDq8aEtkBeZq7gfzYjW28,energetic,tweaker
53WWD2BBC6Jcip8wy5CniE,cLOUDs,J. Cole,cLOUDs,2/21/2025,67,242086,https://open.spotify.com/track/53WWD2BBC6Jcip8wy5CniE,energetic,clouds
4LRxmoIbLJDcvEhqFgSF29,Legends (with Lil Baby),"Quavo, Lil Baby",Legends (with Lil Baby),4/11/2025,64,181448,https://open.spotify.com/track/4LRxmoIbLJDcvEhqFgSF29,energetic,legends with lil baby
3AO8GgO0WMncsEwhLZJqh5,Top Tingz,YoungBoy Never Broke Again,Top Tingz,5/23/2025,51,214588,https://open.spotify.com/track/3AO8GgO0WMncsEwhLZJqh5,energetic,top tingz
7BPadP3q9qwMkho3IMPU99,BURN,"¥$, Kanye West, Ty Dolla $ign",VULTURES 1,2/9/2024,71,111477,https://open.spotify.com/track/7BPadP3q9qwMkho3IMPU99,energetic,burn
6eTweWBgIkPzPfiqs7l2E3,Blue Devil,Key Glock,Glockaveli,5/2/2025,56,139860,https://open.spotify.com/track/6eTweWBgIkPzPfiqs7l2E3,energetic,blue devil
0K0jgfFssBL0Q5IcFMrsSz,No Sweat,Key Glock,No Sweat,3/13/2025,54,155754,https://open.spotify.com/track/0K0jgfFssBL0Q5IcFMrsSz,energetic,no sweat
2PcZiMr9bRNtRikrN7s6bL,Bodies (with JID),"Offset, JID",Bodies (with JID),6/20/2025,61,178708,https://open.spotify.com/track/2PcZiMr9bRNtRikrN7s6bL,energetic,bodies with jid
0TeyADr2CzTOdwfsZCKn3c,Voices,Gucci Mane,Voices / Psycho,6/20/2025,47,216082,https://open.spotify.com/track/0TeyADr2CzTOdwfsZCKn3c,energetic,voices
4ugKUZExbqbkKXEmbTrTRW,won't stop,Gunna,won't stop,6/13/2025,66,181533,https://open.spotify.com/track/4ugKUZExbqbkKXEmbTrTRW,energetic,wont stop
2dGJ5iswjT3LLSFXxRUhua,Psycho,Gucci Mane,Voices / Psycho,6/20/2025,43,168242,https://open.spotify.com/track/2dGJ5iswjT3LLSFXxRUhua,energetic,psycho
4QimCCJKXDOancrmCXbbOK,Trappa Rappa,Quavo,Trappa Rappa,2/21/2025,54,137653,https://open.spotify.com/track/4QimCCJKXDOancrmCXbbOK,energetic,trappa rappa
6SFdQhFy1OBbYNmtNMRDRz,BTA,Young Nudy,BTA,6/27/2025,45,198866,https://open.spotify.com/track/6SFdQhFy1OBbYNmtNMRDRz,energetic,bta
5e2f1XLGX2Onj05lxiPfWJ,Don’t Blink Or Stare (feat. Bloodhound Lil Jeff & CEO Trayle),"BloodHound Q50, Bloodhound Lil Jeff, CEO Trayle",Don’t Blink Or Stare (feat. Bloodhound Lil Jeff & CEO Trayle),12/3/2024,61,101893,https://open.spotify.com/track/5e2f1XLGX2Onj05lxiPfWJ,energetic,dont blink or stare feat bloodhound lil jeff ceo trayle
4QBxmb7GTU73cz9asr88Hj,WENT WEST,BabyChiefDoit,WENT WEST,6/27/2025,70,156083,https://open.spotify.com/track/4QBxmb7GTU73cz9asr88Hj,energetic,went west
1NpHJ96ljWvqdbjlyc9GtT,FWU,"Don Toliver, Mustard",FWU,6/27/2025,75,171000,https://open.spotify.com/track/1NpHJ96ljWvqdbjlyc9GtT,energetic,fwu
4lUAlhQOVzhitQKjxrHVny,SHYNE,"Travis Scott, GloRilla",JACKBOYS 2,7/13/2025,68,193183,https://open.spotify.com/track/4lUAlhQOVzhitQKjxrHVny,energetic,shyne
26N5kAVhlqFOWAkuMQ5Kwe,WHERE WAS YOU,"Travis Scott, Playboi Carti, Future",JACKBOYS 2,7/13/2025,71,272941,https://open.spotify.com/track/26N5kAVhlqFOWAkuMQ5Kwe,energetic,where was you
0xUIitNNkgWVLZusJ4zxby,At The Top,Kee Nola,At The Top,7/7/2025,41,155699,https://open.spotify.com/track/0xUIitNNkgWVLZusJ4zxby,energetic,at the top
4sLvxpKLvagQ4lZHUpymza,Big Poe (feat. Sk8brd),"Tyler, The Creator, Pharrell Williams",DON'T TAP THE GLASS,7/21/2025,74,182401,https://open.spotify.com/track/4sLvxpKLvagQ4lZHUpymza,energetic,big poe feat sk8brd
5FMyXeZ0reYloRTiCkPprT,Which One (feat. Central Cee),"Drake, Central Cee",Which One,7/25/2025,83,169134,https://open.spotify.com/track/5FMyXeZ0reYloRTiCkPprT,energetic,which one feat central cee
76tdSQZfSqhogGshiOgKUq,Idk Why,"Bay Swag, A Boogie Wit da Hoodie",Damaged Thoughts,7/25/2025,51,191918,https://open.spotify.com/track/76tdSQZfSqhogGshiOgKUq,energetic,idk why
71yn2TMDwMq34VxQEwx5RZ,U Deserve,"Metro Boomin, T.I., Young Dro, Roscoe Dash, Travis Porter, DJ Spinz",Metro Boomin Presents: A Futuristic Summa (Hosted by DJ Spinz),8/1/2025,44,227186,https://open.spotify.com/track/71yn2TMDwMq34VxQEwx5RZ,energetic,u deserve
000zYgBirXxgFkpAXOt0EB,Catch Me Outside 2,Ski Mask The Slump God,Catch Me Outside 2,7/4/2025,65,126315,https://open.spotify.com/track/000zYgBirXxgFkpAXOt0EB,energetic,catch me outside 2
0PNR8Ckjga06INhVnhB7nd,Stick Up,Raq baby,Stick Up,5/7/2025,58,127228,https://open.spotify.com/track/0PNR8Ckjga06INhVnhB7nd,energetic,stick up
73EKQrgYNVwOaKdwh5a1PV,Run It Up (feat. Key Glock),"Offset, Key Glock",KIARI,8/22/2025,71,194571,https://open.spotify.com/track/73EKQrgYNVwOaKdwh5a1PV,energetic,run it up feat key glock
6EZ6hE4t5rUGbmyRQGexAF,Microwave,"Ro$ama, BigXthaPlug",Orange Tape,5/2/2025,62,107520,https://open.spotify.com/track/6EZ6hE4t5rUGbmyRQGexAF,energetic,microwave
4yYI0Cly9B2p8XbNxfNCRy,Everybody’s Looking At Me,Eminem,STANS (The Official Soundtrack),8/26/2025,68,294357,https://open.spotify.com/track/4yYI0Cly9B2p8XbNxfNCRy,energetic,everybodys looking at me
47Sa7pC00F7D5Z0i7HC5la,DOG HOUSE (feat. Julia Wolf & Yeat),"Drake, Julia Wolf, Yeat",DOG HOUSE,9/9/2025,76,190010,https://open.spotify.com/track/47Sa7pC00F7D5Z0i7HC5la,energetic,dog house feat julia wolf yeat
5iSdtklaHGhsLtWZDgFUiB,Grave,Kid Cudi,Grave,7/11/2025,50,191351,https://open.spotify.com/track/5iSdtklaHGhsLtWZDgFUiB,energetic,grave
4CaMf0ogdDd9H4uHpZ8RcX,1 of 1.,Yves!,ROTY,7/11/2025,48,115308,https://open.spotify.com/track/4CaMf0ogdDd9H4uHpZ8RcX,energetic,1 of 1
5zuex7tbGFz0gSHlrMvQdu,COULD BE WRONG,LOSTBOYJAY,COULD BE WRONG,12/2/2022,73,186046,https://open.spotify.com/track/5zuex7tbGFz0gSHlrMvQdu,energetic,could be wrong
2s5hmwxhZnw1oMHp7EacLr,Lost,Felix Ross,Felix Ross,10/27/2023,37,220206,https://open.spotify.com/track/2s5hmwxhZnw1oMHp7EacLr,energetic,lost
1YLJVmuzeM2YSUkCCaTNUB,Dog Days Are Over,Florence + The Machine,Lungs (Deluxe Edition),2009,75,251840,https://open.spotify.com/track/1YLJVmuzeM2YSUkCCaTNUB,energetic,dog days are over
0N9C80kcgL0xXGduKnYKWi,Love Lost,"Mac Miller, The Temper Trap","I Love Life, Thank You",7/22/2022,4,162875,https://open.spotify.com/track/0N9C80kcgL0xXGduKnYKWi,energetic,love lost
7gQAFGUyHPcY0cQNPsjMf0,Crying at the Discoteque - Radio Edit,Alcazar,Casino,6/25/2001,56,231533,https://open.spotify.com/track/7gQAFGUyHPcY0cQNPsjMf0,energetic,crying at the discoteque radio edit
6MFQeWtk7kxWGydnJB2y36,These Words,Natasha Bedingfield,Unwritten,8/30/2004,67,216360,https://open.spotify.com/track/6MFQeWtk7kxWGydnJB2y36,energetic,these words
5T7ZFtCcOgkpjxcuaeZbw0,Best Song Ever,One Direction,Midnight Memories (Deluxe),11/25/2013,76,200106,https://open.spotify.com/track/5T7ZFtCcOgkpjxcuaeZbw0,energetic,best song ever
6CU0zWIWVTEnmWpSjVHM93,You Gotta Be,Des'ree,I Ain't Movin',4/27/1994,64,245200,https://open.spotify.com/track/6CU0zWIWVTEnmWpSjVHM93,energetic,you gotta be
7BHPGtpuuWWsvE7cCaMuEU,Naive,The Kooks,Inside In / Inside Out,1/1/2006,77,203506,https://open.spotify.com/track/7BHPGtpuuWWsvE7cCaMuEU,energetic,naive
5zpDHEU12zATwLGvozxPw2,Lighters,"Bad Meets Evil, Bruno Mars",Hell: The Sequel (Deluxe),1/1/2011,68,303813,https://open.spotify.com/track/5zpDHEU12zATwLGvozxPw2,energetic,lighters
3TcL0dyCMyr0kyTTc4NLgI,Who Says,Selena Gomez & The Scene,When The Sun Goes Down,1/1/2011,73,195613,https://open.spotify.com/track/3TcL0dyCMyr0kyTTc4NLgI,energetic,who says
2ExX3amzlJ0OvDHslQwPdn,Run Boy Run - Instrumental,Woodkid,Run Boy Run,1/1/2013,57,214173,https://open.spotify.com/track/2ExX3amzlJ0OvDHslQwPdn,energetic,run boy run instrumental
4WbHnxCOhdkCM04nv2NUcZ,Beat Goes On - DnB Flip,Spencer Ramsay,Beat Goes On (DnB Flip),10/6/2022,44,145396,https://open.spotify.com/track/4WbHnxCOhdkCM04nv2NUcZ,energetic,beat goes on dnb flip
2aJDlirz6v2a4HREki98cP,Glue,BICEP,Bicep,9/1/2017,71,269149,https://open.spotify.com/track/2aJDlirz6v2a4HREki98cP,energetic,glue
14BH4qO7pgCmIe6mgLKOK3,Someone To You,BANNERS,Empires On Fire,11/3/2017,67,219800,https://open.spotify.com/track/14BH4qO7pgCmIe6mgLKOK3,energetic,someone to you
3jcl9bUajnzORh60S7moSM,James Dean (Demo),Bianca Gasbarri,James Dean (Demo),10/29/2024,19,170840,https://open.spotify.com/track/3jcl9bUajnzORh60S7moSM,energetic,james dean demo
0ElmwRAsaxaUZXnMbaSllH,All About You,McFly,Wonderland,1/1/2005,58,186866,https://open.spotify.com/track/0ElmwRAsaxaUZXnMbaSllH,energetic,all about you
49kjlZP49LMD1MrrcvXDET,For the First Time,The Script,Science & Faith,9/13/2010,68,252440,https://open.spotify.com/track/49kjlZP49LMD1MrrcvXDET,energetic,for the first time
15JINEqzVMv3SvJTAXAKED,Love The Way You Lie,"Eminem, Rihanna",Recovery,6/18/2010,86,263373,https://open.spotify.com/track/15JINEqzVMv3SvJTAXAKED,energetic,love the way you lie
2GyA33q5rti5IxkMQemRDH,I Know What You Did Last Summer,"Shawn Mendes, Camila Cabello",Handwritten,4/14/2015,74,223853,https://open.spotify.com/track/2GyA33q5rti5IxkMQemRDH,energetic,i know what you did last summer
3ezoEY4TKU8frUXAYFJstC,Sweater Weather,Remzcore,Sweater Weather,2/11/2022,50,230389,https://open.spotify.com/track/3ezoEY4TKU8frUXAYFJstC,energetic,sweater weather
7oahNRcO0CxOOQWlqpuH40,Mind Blown,Syn Cole,Mind Blown,11/22/2019,45,161593,https://open.spotify.com/track/7oahNRcO0CxOOQWlqpuH40,energetic,mind blown
2Za2mUwmQoSxWPscaY2vxl,Murder On The Dancefloor,Sophie Ellis-Bextor,Read My Lips,1/1/2002,3,230013,https://open.spotify.com/track/2Za2mUwmQoSxWPscaY2vxl,energetic,murder on the dancefloor
1Y3LN4zO1Edc2EluIoSPJN,Until I Found You (with Em Beihold) - Em Beihold Version,"Stephen Sanchez, Em Beihold",Until I Found You (Em Beihold Version),4/22/2022,78,176440,https://open.spotify.com/track/1Y3LN4zO1Edc2EluIoSPJN,energetic,until i found you with em beihold em beihold version
1v4m9GLt7lpFM5iOvwQZrU,2 days into college,Aimee Carty,2 days into college,12/8/2023,1,168113,https://open.spotify.com/track/1v4m9GLt7lpFM5iOvwQZrU,energetic,2 days into college
2S5LNtRVRPbXk01yRQ14sZ,"I Don't Like It, I Love It (feat. Robin Thicke & Verdine White)","Flo Rida, Robin Thicke, Verdine White",My House,4/7/2015,64,224258,https://open.spotify.com/track/2S5LNtRVRPbXk01yRQ14sZ,energetic,i dont like it i love it feat robin thicke verdine white
6D60klaHqbCl9ySc8VcRss,Stronger (What Doesn't Kill You),Kelly Clarkson,Stronger (Deluxe Version),10/24/2011,65,221946,https://open.spotify.com/track/6D60klaHqbCl9ySc8VcRss,energetic,stronger what doesnt kill you
1kKYjjfNYxE0YYgLa7vgVY,Higher Love,"Kygo, Whitney Houston",Golden Hour,5/29/2020,71,228267,https://open.spotify.com/track/1kKYjjfNYxE0YYgLa7vgVY,energetic,higher love
37f4ITSlgPX81ad2EvmVQr,Fight Song,Rachel Platten,Wildfire,1/1/2016,73,204013,https://open.spotify.com/track/37f4ITSlgPX81ad2EvmVQr,energetic,fight song
7C7yqFTM0ncyJ04GIKrxdV,Anything Could Happen,Ellie Goulding,Halcyon,1/1/2012,61,286322,https://open.spotify.com/track/7C7yqFTM0ncyJ04GIKrxdV,energetic,anything could happen
0FZmAvivvifvtN3pZScbw1,Drunk in Love Remix (feat. JAY-Z & Kanye West),"Beyoncé, JAY-Z, Kanye West",BEYONCÉ [Platinum Edition],11/24/2014,64,395986,https://open.spotify.com/track/0FZmAvivvifvtN3pZScbw1,energetic,drunk in love remix feat jayz kanye west
0Ftrkz2waaHcjKb4qYvLmz,Delilah (pull me out of this),"Fred again.., Delilah Montagu",Delilah (pull me out of this),10/17/2022,61,250702,https://open.spotify.com/track/0Ftrkz2waaHcjKb4qYvLmz,energetic,delilah pull me out of this
6VxUwrFA62k7apLawHsC08,MAKING TIME,Rex Orange County,WHO CARES?,3/11/2022,49,115400,https://open.spotify.com/track/6VxUwrFA62k7apLawHsC08,energetic,making time
4oVqFBvyYFzT5ZhNpmMRJA,Never Say Never,"Justin Bieber, Jaden",Never Say Never - The Remixes,1/1/2011,1,227853,https://open.spotify.com/track/4oVqFBvyYFzT5ZhNpmMRJA,energetic,never say never
5tPl1yvB4YquaTBTzVWS2M,Back To Me,Bianca Blakk,Back To Me,9/7/2022,17,190137,https://open.spotify.com/track/5tPl1yvB4YquaTBTzVWS2M,energetic,back to me
6nQIz2ChMGJCyk0JkCaPS1,For A Minute,Isa Richey,For A Minute,9/22/2023,14,166055,https://open.spotify.com/track/6nQIz2ChMGJCyk0JkCaPS1,energetic,for a minute
5Ohxk2dO5COHF1krpoPigN,Sign of the Times,Harry Styles,Harry Styles,5/12/2017,85,340706,https://open.spotify.com/track/5Ohxk2dO5COHF1krpoPigN,energetic,sign of the times
57iDDD9N9tTWe75x6qhStw,Bitter Sweet Symphony - Remastered 2016,The Verve,Urban Hymns (Remastered 2016),9/29/1997,83,357266,https://open.spotify.com/track/57iDDD9N9tTWe75x6qhStw,energetic,bitter sweet symphony remastered 2016
2PWTZV5znjLtZC5T1EVJvL,this is what falling in love feels like,JVKE,this is what ____ feels like (Vol. 1-4),9/23/2022,76,120308,https://open.spotify.com/track/2PWTZV5znjLtZC5T1EVJvL,energetic,this is what falling in love feels like
09CtPGIpYB4BrO8qb1RGsF,Sorry,Justin Bieber,Purpose (Deluxe),11/13/2015,85,200786,https://open.spotify.com/track/09CtPGIpYB4BrO8qb1RGsF,energetic,sorry
4jTiyLlOJVJj3mCr7yfPQD,This Could Be Us,Rae Sremmurd,SremmLife,1/6/2015,77,206306,https://open.spotify.com/track/4jTiyLlOJVJj3mCr7yfPQD,energetic,this could be us
3zSCNTXI7Ed0PiidZVmzIe,Ignition - Remix,R. Kelly,The Essential R. Kelly,5/19/2014,58,186040,https://open.spotify.com/track/3zSCNTXI7Ed0PiidZVmzIe,energetic,ignition remix
61LtVmmkGr8P9I2tSPvdpf,Teach Me How to Dougie,Cali Swag District,The Kickback,7/12/2011,71,237480,https://open.spotify.com/track/61LtVmmkGr8P9I2tSPvdpf,energetic,teach me how to dougie
2UWbcpfcvKUc5FGcfnVO1P,Dark Days & Nightmares,Jack Cullen,Dark Days & Nightmares,8/5/2022,22,206007,https://open.spotify.com/track/2UWbcpfcvKUc5FGcfnVO1P,energetic,dark days nightmares
3EDS89HeAhHiZKlljciK0a,Push The Button,Sugababes,Taller In More Ways,2005,65,218093,https://open.spotify.com/track/3EDS89HeAhHiZKlljciK0a,energetic,push the button
5wANPM4fQCJwkGd4rN57mH,drivers license,Olivia Rodrigo,SOUR,5/21/2021,85,242013,https://open.spotify.com/track/5wANPM4fQCJwkGd4rN57mH,energetic,drivers license
21b2N2DewizqSchc5DsJe8,KARMA,Mik Ivy,KARMA,4/11/2024,17,205720,https://open.spotify.com/track/21b2N2DewizqSchc5DsJe8,energetic,karma
6ADSaE87h8Y3lccZlBJdXH,With Or Without You,U2,The Joshua Tree (Super Deluxe),3/3/1987,81,295515,https://open.spotify.com/track/6ADSaE87h8Y3lccZlBJdXH,energetic,with or without you
3bNv3VuUOKgrf5hu3YcuRo,Someone Like You,Adele,21,1/24/2011,81,285240,https://open.spotify.com/track/3bNv3VuUOKgrf5hu3YcuRo,energetic,someone like you
4dTaAiV9xFFCxnPur9c9yL,Memories (feat. Kid Cudi),"David Guetta, Kid Cudi",One Love (Deluxe),8/21/2009,62,210093,https://open.spotify.com/track/4dTaAiV9xFFCxnPur9c9yL,energetic,memories feat kid cudi
4U45aEWtQhrm8A5mxPaFZ7,Vienna,Billy Joel,The Stranger (Legacy Edition),1977,83,214240,https://open.spotify.com/track/4U45aEWtQhrm8A5mxPaFZ7,energetic,vienna
5x5JM1BSB6vollcIzDocqT,The Climb,Miley Cyrus,The Time Of Our Lives (International Version),1/1/2009,74,234520,https://open.spotify.com/track/5x5JM1BSB6vollcIzDocqT,energetic,the climb
4g6NpC5pEy2Ehp9XHJjqJg,Lose My Mind,"BALTHAZARD, TORANN",Lose My Mind,5/10/2024,16,230292,https://open.spotify.com/track/4g6NpC5pEy2Ehp9XHJjqJg,energetic,lose my mind
6WTFHKrnZpwEBLRS10Ylqs,misses,Dominic Fike,14 minutes,5/3/2024,73,74378,https://open.spotify.com/track/6WTFHKrnZpwEBLRS10Ylqs,energetic,misses
4ikcYVK1CcHEsYrs2NN0u7,Back To Me,"Tracks On Tap, Righteous Reck, Jon leKole",Tracks On Tap,3/8/2024,17,163220,https://open.spotify.com/track/4ikcYVK1CcHEsYrs2NN0u7,energetic,back to me
1x6jPyUfLuTNQ3o5zykG2x,You Give Me Something,Jamiroquai,A Funk Odyssey,8/29/2001,63,199600,https://open.spotify.com/track/1x6jPyUfLuTNQ3o5zykG2x,energetic,you give me something
6EoNigpPw59T3yEwPXkkot,Sun Electrona,Yazmine,Sun Electrona,7/5/2024,21,205081,https://open.spotify.com/track/6EoNigpPw59T3yEwPXkkot,energetic,sun electrona
2N1qQDKAY2cigRy7r4pI76,Girlfriend,Bianca Gasbarri,Girlfriend,7/5/2024,15,153551,https://open.spotify.com/track/2N1qQDKAY2cigRy7r4pI76,energetic,girlfriend
19RybK6XDbAVpcdxSbZL1o,Apple,Charli xcx,BRAT,6/7/2024,77,151739,https://open.spotify.com/track/19RybK6XDbAVpcdxSbZL1o,energetic,apple
1CrsuwgRQlNMgQgdQD1OLa,Howard,Mik Ivy,DO NOT TAKE THE FLOWERS,7/12/2024,15,158083,https://open.spotify.com/track/1CrsuwgRQlNMgQgdQD1OLa,energetic,howard
3Q4WeJmzxuDpzMu9QjQqbM,Big Girls Don't Cry (Personal),Fergie,The Dutchess,9/13/2006,1,268120,https://open.spotify.com/track/3Q4WeJmzxuDpzMu9QjQqbM,energetic,big girls dont cry personal
5kcsc92tGAjS0uvhDY3Mok,Ode To My Family,The Cranberries,No Need To Argue (The Complete Sessions 1994-1995),10/3/1994,45,271533,https://open.spotify.com/track/5kcsc92tGAjS0uvhDY3Mok,energetic,ode to my family
5kDgJffgJ0lYHTSiaXFWNw,BABY I'M BACK,The Kid LAROI,THE FIRST TIME (DELUXE VERSION),8/9/2024,74,171243,https://open.spotify.com/track/5kDgJffgJ0lYHTSiaXFWNw,energetic,baby im back
2LrTrVQc3jblY2lh61zNsu,When I Was A Youngster,Rizzle Kicks,Stereo Typical,1/1/2011,51,175081,https://open.spotify.com/track/2LrTrVQc3jblY2lh61zNsu,energetic,when i was a youngster
2mdC4Kc6r5XntgiGduo5ez,Nothin' Like That,Hugo Burrows,Nothin' Like That,4/14/2021,15,186000,https://open.spotify.com/track/2mdC4Kc6r5XntgiGduo5ez,energetic,nothin like that
5rWIO1uP0GwAoU45RTBJ2F,Gotta Go My Own Way,"Zac Efron, Vanessa Hudgens, Disney",High School Musical 2 (Original Soundtrack),1/1/2007,66,222360,https://open.spotify.com/track/5rWIO1uP0GwAoU45RTBJ2F,energetic,gotta go my own way
5B5eTk7DF8KVp1zpQoY1XY,The Reason,Hoobastank,The Reason (20th Anniversary),1/12/2024,83,232800,https://open.spotify.com/track/5B5eTk7DF8KVp1zpQoY1XY,energetic,the reason
5hnyJvgoWiQUYZttV4wXy6,Chasing Cars,Snow Patrol,Eyes Open,1/1/2006,83,267960,https://open.spotify.com/track/5hnyJvgoWiQUYZttV4wXy6,energetic,chasing cars
1jWR1S1OFGyQf9TtGO8cKQ,boston,Téo Ziga,boston,12/6/2024,15,131592,https://open.spotify.com/track/1jWR1S1OFGyQf9TtGO8cKQ,energetic,boston
5gSHlT2SI0dtjeHrjj96A1,Here's Where the Story Ends,The Sundays,Reading Writing And Arithmetic,1990,65,230040,https://open.spotify.com/track/5gSHlT2SI0dtjeHrjj96A1,energetic,heres where the story ends
2NjhV99ncY4A5lSkTHvTtU,Lollipop,MIKA,Life In Cartoon Motion,1/1/2006,57,183533,https://open.spotify.com/track/2NjhV99ncY4A5lSkTHvTtU,energetic,lollipop
33pQD4Uj57np7exb4ETJLq,Reason,The Cranberries,Dreaming My Dreams With You,2/7/2025,29,121573,https://open.spotify.com/track/33pQD4Uj57np7exb4ETJLq,energetic,reason
6YGXPZZRhA7qxZR8fr512c,Tension,Isa Richey,Tension,2/21/2025,14,211065,https://open.spotify.com/track/6YGXPZZRhA7qxZR8fr512c,energetic,tension
36vmaZyO0iAE6FZ7287fg2,Dive,Olivia Dean,Messy,6/30/2023,85,200759,https://open.spotify.com/track/36vmaZyO0iAE6FZ7287fg2,energetic,dive
7cXVm1gyx4cejJnK5LoXZt,STARLIGHT,"BALTHAZARD, Mik Ivy",STARLIGHT,3/14/2025,24,220907,https://open.spotify.com/track/7cXVm1gyx4cejJnK5LoXZt,energetic,starlight
3qqho4PnTn3zlMPBzWhFFD,Ugly Heart,G.R.L.,G.R.L.,7/29/2014,57,198306,https://open.spotify.com/track/3qqho4PnTn3zlMPBzWhFFD,energetic,ugly heart
0P2HAFu7RnkfPnkimNi7I5,When the Day Comes,Nico & Vinz,Black Star Elephant,2014,51,227318,https://open.spotify.com/track/0P2HAFu7RnkfPnkimNi7I5,energetic,when the day comes
5VGlqQANWDKJFl0MBG3sg2,Use Somebody,Kings of Leon,Only By The Night,9/23/2008,80,230760,https://open.spotify.com/track/5VGlqQANWDKJFl0MBG3sg2,energetic,use somebody
26ZX2JrAb8AFbr8FFfAsO7,sex,EDEN,i think you think too much of me,8/19/2016,58,218808,https://open.spotify.com/track/26ZX2JrAb8AFbr8FFfAsO7,energetic,sex
4My8w8AA1JpG6E5SiAPvJL,Kiss You,One Direction,Take Me Home (Expanded Edition),11/12/2012,71,182866,https://open.spotify.com/track/4My8w8AA1JpG6E5SiAPvJL,energetic,kiss you
2b2pcPlTWGalbzVt7rPF40,Come Through My Door,Isa Richey,Come Through My Door,5/30/2025,14,274321,https://open.spotify.com/track/2b2pcPlTWGalbzVt7rPF40,energetic,come through my door
3riEOgm07HZhOXlb7huLJ6,colorblind,Jon leKole,colorblind,5/30/2025,15,161551,https://open.spotify.com/track/3riEOgm07HZhOXlb7huLJ6,energetic,colorblind
4BP3uh0hFLFRb5cjsgLqDh,Fortunate Son,Creedence Clearwater Revival,Willy And The Poor Boys (Expanded Edition),11/2/1969,82,140773,https://open.spotify.com/track/4BP3uh0hFLFRb5cjsgLqDh,energetic,fortunate son
6ah4mee54hPyycKICthl5B,Sue me,Audrey Hobert,Sue me,5/9/2025,46,170322,https://open.spotify.com/track/6ah4mee54hPyycKICthl5B,energetic,sue me
0M7oki70AV10Ztt3HyUd8Z,Ladies Room,Olivia Dean,Messy,6/30/2023,75,220372,https://open.spotify.com/track/0M7oki70AV10Ztt3HyUd8Z,energetic,ladies room
6Uwi2Qk3H7fM4b4W4ExrAp,Scott Street,Phoebe Bridgers,Stranger in the Alps,9/22/2017,77,305000,https://open.spotify.com/track/6Uwi2Qk3H7fM4b4W4ExrAp,energetic,scott street
2IJHHpUJirmEDsmB7eoKMj,Summer Days,Hugo Burrows,Summer Days,10/31/2025,8,155789,https://open.spotify.com/track/2IJHHpUJirmEDsmB7eoKMj,energetic,summer days
62N6OFex3U1ZZ3ZjBy4dtL,Hero,"Jéja, CØRT",Hero,10/25/2024,3,213397,https://open.spotify.com/track/62N6OFex3U1ZZ3ZjBy4dtL,energetic,hero
4VoIGASzJefVhZB9ah3E9D,Lost in Tomorrow,"Öwnboss, RYVM",Lost in Tomorrow,5/16/2025,45,249230,https://open.spotify.com/track/4VoIGASzJefVhZB9ah3E9D,energetic,lost in tomorrow
5nafRIDshs3RwVO0sxxgac,Dies Irae feat. Black Prez,"Apashe, Black Prez",Requiem,2/23/2018,52,309517,https://open.spotify.com/track/5nafRIDshs3RwVO0sxxgac,energetic,dies irae feat black prez
5k1uIPpsHmnbWFr4nbpdYb,Up All Night (feat. Afrojack),"VINAI, Hard Lights, AFROJACK",Up All Night (feat. Afrojack),10/9/2020,51,160906,https://open.spotify.com/track/5k1uIPpsHmnbWFr4nbpdYb,energetic,up all night feat afrojack
4tHzUOO5UunlyzAoEpQcYD,Dies Irae,"Naeleck, le Shuuk",Dies Irae,12/20/2024,13,157208,https://open.spotify.com/track/4tHzUOO5UunlyzAoEpQcYD,energetic,dies irae
1ZllVsYbtK2IC2ks1PIy1H,Kabuki,"Naeleck, Oddity",Kabuki,9/22/2023,50,172137,https://open.spotify.com/track/1ZllVsYbtK2IC2ks1PIy1H,energetic,kabuki
6JyuJFedEvPmdWQW0PkbGJ,Purple Lamborghini (with Rick Ross),"Skrillex, Rick Ross",Purple Lamborghini (with Rick Ross),7/22/2016,64,215510,https://open.spotify.com/track/6JyuJFedEvPmdWQW0PkbGJ,energetic,purple lamborghini with rick ross
67WMyaBOp5pwWeBXLIJ0ra,No Glory (feat. M.I.M.E & Drama B),"Skan, Krale, M.I.M.E, Drama B",No Glory (feat. M.I.M.E & Drama B),6/12/2017,2,276000,https://open.spotify.com/track/67WMyaBOp5pwWeBXLIJ0ra,energetic,no glory feat mime drama b
22fKwXCHS6qkgTCwXgCAZB,Creepy Techno,"Naeleck, BEAUZ",Creepy Techno,10/30/2024,5,149600,https://open.spotify.com/track/22fKwXCHS6qkgTCwXgCAZB,energetic,creepy techno
2Y9VShrN7eDx8BXzDXI4fZ,Bang Your Head - Naeleck & KATFYR Remix,"Fukkk Offf, Naeleck, KATFYR",Gaming Music 2020,4/15/2020,41,180923,https://open.spotify.com/track/2Y9VShrN7eDx8BXzDXI4fZ,energetic,bang your head naeleck katfyr remix
6O4JigLzateJbqb8G3VVTR,Spooky Scary Skeletons,Bombs Away,Spooky Scary Skeletons,2022,1,140307,https://open.spotify.com/track/6O4JigLzateJbqb8G3VVTR,energetic,spooky scary skeletons
1h54366McXSNcici2LAiZP,Smells Like Teen Spirit,"Naeleck, Coopex, Duncán, Nito-Onna",Smells Like Teen Spirit,12/15/2023,67,160758,https://open.spotify.com/track/1h54366McXSNcici2LAiZP,energetic,smells like teen spirit
4S2qrsdY4BF0T5UFQLtqoU,Boom Boom Pow,"Zafrir, AFROJACK",Boom Boom Pow,3/12/2021,49,185413,https://open.spotify.com/track/4S2qrsdY4BF0T5UFQLtqoU,energetic,boom boom pow
2Dnb6yPGUq0vmGtxzm3bwi,The Wall,"Alok, Sevenn",The Wall,6/28/2019,54,159500,https://open.spotify.com/track/2Dnb6yPGUq0vmGtxzm3bwi,energetic,the wall
0iRfffwrWG4TfNc65SpxDm,Sweet Child O' Mine,"The FifthGuys, Invisible, The Late Night Project",Sweet Child O' Mine,2022,2,163204,https://open.spotify.com/track/0iRfffwrWG4TfNc65SpxDm,energetic,sweet child o mine
2E8ometum2UaxsEdH8VS5z,Crush Me Down (You Spin Me Around),"Blasterjaxx, Naeleck, 3rd Wall",Crush Me Down (You Spin Me Around),6/21/2024,56,121232,https://open.spotify.com/track/2E8ometum2UaxsEdH8VS5z,energetic,crush me down you spin me around
1LzCBjvOTj1vKFo8GduP3h,Every Battle,Hallman,Every Battle,8/2/2019,41,212181,https://open.spotify.com/track/1LzCBjvOTj1vKFo8GduP3h,energetic,every battle
08E0TIudwefGjA27W4zrnf,Majesty,"Apashe, Wasiu",Requiem,2/23/2018,59,267750,https://open.spotify.com/track/08E0TIudwefGjA27W4zrnf,energetic,majesty
66YtIqT0kN4958EXnCnAmE,Legends Never Die - (Remix),"League of Legends, Alan Walker, Against The Current, Mako",Legends Never Die (Remix),11/2/2017,47,167173,https://open.spotify.com/track/66YtIqT0kN4958EXnCnAmE,energetic,legends never die remix
6XW6hJhSEqp9Jev6UbcLTk,The Power Of Love,Blasterjaxx,The Power Of Love,5/30/2025,61,139100,https://open.spotify.com/track/6XW6hJhSEqp9Jev6UbcLTk,energetic,the power of love
18rHGxr6QDiPieSTo7cUGL,Everytime We Touch - Hardwell & Maurice West Remix,"Cascada, Maurice West",Everytime We Touch (Hardwell & Maurice West Remix),8/6/2018,63,216441,https://open.spotify.com/track/18rHGxr6QDiPieSTo7cUGL,energetic,everytime we touch hardwell maurice west remix
4Ja9nYFkfPS7D9qiZFMUrH,Take A Sip - Dodge & Fuski Remix,"Naeleck, Ferd, n3, Dodge & Fuski",Take A Sip Remixes,3/15/2019,42,173600,https://open.spotify.com/track/4Ja9nYFkfPS7D9qiZFMUrH,energetic,take a sip dodge fuski remix
1moFkZDqcjQNeXtyoanLHv,Blah Blah Blah,Armin van Buuren,Balance,10/25/2019,68,183518,https://open.spotify.com/track/1moFkZDqcjQNeXtyoanLHv,energetic,blah blah blah
0nEeAGQIFWf7xadpqJmywu,Death Rattle,"Blanke, REAPER",Gaming Music 2020,4/15/2020,39,210344,https://open.spotify.com/track/0nEeAGQIFWf7xadpqJmywu,energetic,death rattle
2WFHR1yWR1GBkdr9OxGOaB,Hall Of Fame,"PHARAØH, EQRIC, Clayton Jones",Hall Of Fame,2/11/2022,9,177904,https://open.spotify.com/track/2WFHR1yWR1GBkdr9OxGOaB,energetic,hall of fame
366S9c0rQtvrkclcCSRNmB,"Disease - KATFYR ""Tokyo Bound"" Remix","Naeleck, Oddity",Disease,9/16/2013,34,288867,https://open.spotify.com/track/366S9c0rQtvrkclcCSRNmB,energetic,disease katfyr tokyo bound remix
4OgwXdylh75fHfwUzJTUqg,Rockstar,"Ilkay Sencan, Dynoro",Rockstar,6/21/2019,63,212280,https://open.spotify.com/track/4OgwXdylh75fHfwUzJTUqg,energetic,rockstar
0P5qcqzvOHy1JTLcpZoY60,Dark is All I See - MahyaaR Remix,"Naeleck, Wasiu, MahyaaR, Oddity",Dark is All I See (MahyaaR Remix),2022,1,168731,https://open.spotify.com/track/0P5qcqzvOHy1JTLcpZoY60,energetic,dark is all i see mahyaar remix
6dyfsauAoa5qN0tj9JKamE,My Gasoline,"Maddix, Fēlēs",My Gasoline,8/18/2023,64,236999,https://open.spotify.com/track/6dyfsauAoa5qN0tj9JKamE,energetic,my gasoline
7LKFspjDN37WRQi1ZWVWUV,Fall,Tori Tee,Fall,10/24/2025,22,163636,https://open.spotify.com/track/7LKFspjDN37WRQi1ZWVWUV,energetic,fall
6pI2Sl6FtJf7513IR0xtYM,Love You Like A Love Song,"BOOTY LEAK, Afrodite., Anika",Love You Like A Love Song,8/29/2025,44,149578,https://open.spotify.com/track/6pI2Sl6FtJf7513IR0xtYM,energetic,love you like a love song
0z8iAPnTeIsTqAUXTAaoRm,Accelerate Attack,"RHYME, MORI, Ctrl",Accelerate Attack,10/31/2025,31,148800,https://open.spotify.com/track/0z8iAPnTeIsTqAUXTAaoRm,energetic,accelerate attack
14pzl7jnRniWo4shcZJpoc,One By One,"Electric Hearts, Gina B.",One By One,11/7/2025,33,136000,https://open.spotify.com/track/14pzl7jnRniWo4shcZJpoc,energetic,one by one
5KTVwyCvD82woQZQZ1CjzJ,Like a Prayer,"Seum Dero, NACHT",Like a Prayer,11/7/2025,13,145414,https://open.spotify.com/track/5KTVwyCvD82woQZQZ1CjzJ,energetic,like a prayer
1Jnp5XS0cYsdN23YSbMkpm,Heartbreak After Heartbreak,"BOOTY LEAK, JeLa",Heartbreak After Heartbreak,10/31/2025,34,142000,https://open.spotify.com/track/1Jnp5XS0cYsdN23YSbMkpm,energetic,heartbreak after heartbreak
1I37Zz2g3hk9eWxaNkj031,Your Idol,"Saja Boys, Andrew Choi, Neckwav, Danny Chung, KEVIN WOO, samUIL Lee, KPop Demon Hunters Cast",KPop Demon Hunters (Soundtrack from the Netflix Film),6/20/2025,93,191537,https://open.spotify.com/track/1I37Zz2g3hk9eWxaNkj031,energetic,your idol
5z2V4PzoBOJoqYeCCZXgNP,Weight Of The World,James Stikå,Weight Of The World,10/10/2025,20,178548,https://open.spotify.com/track/5z2V4PzoBOJoqYeCCZXgNP,energetic,weight of the world
0dwF95KYpyKW0p6rXT5rzg,Too Many,"Ernar, Ali Schwartz",Too Many,7/25/2025,32,160708,https://open.spotify.com/track/0dwF95KYpyKW0p6rXT5rzg,energetic,too many
3wYnQflfDZiqo5jzD04gKI,Dance With Me,Zanoii,Dance With Me,8/22/2025,33,127289,https://open.spotify.com/track/3wYnQflfDZiqo5jzD04gKI,energetic,dance with me
4AgXr3Sj0SxnU55639DoHm,Tell Me,"Anika, Yunay, Jacob Browne",Tell Me,10/10/2025,39,133750,https://open.spotify.com/track/4AgXr3Sj0SxnU55639DoHm,energetic,tell me
6IvKlublLU6o0l5UkupAR9,Austin (Boots Stop Workin'),"Daniel Bellomo, Repulse, Amy Lyons",Austin (Boots Stop Workin'),8/8/2025,33,146000,https://open.spotify.com/track/6IvKlublLU6o0l5UkupAR9,energetic,austin boots stop workin
0ZstN0Ry67M9DhoWIweP4N,Toi Et Moi,"Seum Dero, Lyndsay Lilith",Toi Et Moi,8/29/2025,31,136290,https://open.spotify.com/track/0ZstN0Ry67M9DhoWIweP4N,energetic,toi et moi
3D3VaTnjm8GXJZIBvkiYLJ,Cheri Cheri Lady,"NAVAH, Sina Calí",Cheri Cheri Lady,10/10/2025,38,203305,https://open.spotify.com/track/3D3VaTnjm8GXJZIBvkiYLJ,energetic,cheri cheri lady
3Oc3ucdn8gCv8yLSG0Ecq7,This is how we like to party,MODCUBE,This is how we like to party,11/7/2025,1,139069,https://open.spotify.com/track/3Oc3ucdn8gCv8yLSG0Ecq7,energetic,this is how we like to party
5gAMmM8QxR9nM9FnBKOkeN,Afterlife,Martin Fritzon,Afterlife,8/29/2025,16,162410,https://open.spotify.com/track/5gAMmM8QxR9nM9FnBKOkeN,energetic,afterlife
2IqEH8wn9ScOWuA0az3Iiz,Mood,"CØV3R1st, HOMINID, Xblaze",Mood,7/25/2025,32,140741,https://open.spotify.com/track/2IqEH8wn9ScOWuA0az3Iiz,energetic,mood
0C1yyzQdBaf8TVuSbaacti,Heart,LEYDON,Heart,7/25/2025,16,144016,https://open.spotify.com/track/0C1yyzQdBaf8TVuSbaacti,energetic,heart
6jrQDmWHLvuZuaItsZnCU4,On My Mind,Zanoii,On My Mind,7/18/2025,30,123956,https://open.spotify.com/track/6jrQDmWHLvuZuaItsZnCU4,energetic,on my mind
44UDaoD4qsU1YaWq85Q9w9,Peace In The Quiet,"Alp Atesoglu, Moody Violet",Peace In The Quiet,7/11/2025,37,134442,https://open.spotify.com/track/44UDaoD4qsU1YaWq85Q9w9,energetic,peace in the quiet
0i6pihbMFVCxyV7jmGATA9,Anything For You,"BETASTIC, LEYDON",Anything For You,7/18/2025,30,156929,https://open.spotify.com/track/0i6pihbMFVCxyV7jmGATA9,energetic,anything for you
6SkUQyH2nb5CfLqmd98bTh,Nothing Feels The Same,Zanoii,Nothing Feels The Same,6/20/2025,14,153334,https://open.spotify.com/track/6SkUQyH2nb5CfLqmd98bTh,energetic,nothing feels the same
3q99qrg8ys0wA6PBa7JtII,Back & Forth,Dixie,Back & Forth,6/6/2025,15,172615,https://open.spotify.com/track/3q99qrg8ys0wA6PBa7JtII,energetic,back forth
3u1sIghdz3mYelbNHtuybU,"Good Luck, Babe!","BOOTY LEAK, Diverse Bind, Emily Fox","Good Luck, Babe!",6/20/2025,42,165818,https://open.spotify.com/track/3u1sIghdz3mYelbNHtuybU,energetic,good luck babe
4W2TuPl3tWAN9R19jYCbXT,One Last Chance,mxbeats,One Last Chance,6/20/2025,31,125549,https://open.spotify.com/track/4W2TuPl3tWAN9R19jYCbXT,energetic,one last chance
4kckdMuZgnEGc3yknKsp7m,Focus,Andrew Melk,Focus,5/23/2025,14,125630,https://open.spotify.com/track/4kckdMuZgnEGc3yknKsp7m,energetic,focus
5BBlaFLTFFozcAj0dfIe09,Where Have You Been,"SRJY, GREGG",Where Have You Been,5/16/2025,14,123416,https://open.spotify.com/track/5BBlaFLTFFozcAj0dfIe09,energetic,where have you been
7rZtFYkdQnK7c83c7JgvpD,By My Side,Zanoii,By My Side,5/9/2025,31,170390,https://open.spotify.com/track/7rZtFYkdQnK7c83c7JgvpD,energetic,by my side
5MPBSfxy0ve8DhYoTZXCbP,Wasted Love,"Repulse, GREGG, Mirk",Wasted Love,5/30/2025,26,122962,https://open.spotify.com/track/5MPBSfxy0ve8DhYoTZXCbP,energetic,wasted love
3WXulOP77aG1AegMXRoUs3,Touch Me There,"DJ Fluke, URBANO",Touch Me There,3/28/2025,16,114857,https://open.spotify.com/track/3WXulOP77aG1AegMXRoUs3,energetic,touch me there
5QbCotU6ueGbk6OhjfEPMY,YOUR TOUCH,Ola Martin,YOUR TOUCH,4/25/2025,25,159724,https://open.spotify.com/track/5QbCotU6ueGbk6OhjfEPMY,energetic,your touch
2LLmiCn9r3m4dIJWR6OZRA,Forever Yours,"MusicByDavid, Dean Andrew",Forever Yours,5/16/2025,25,144697,https://open.spotify.com/track/2LLmiCn9r3m4dIJWR6OZRA,energetic,forever yours
4f0yiZzJOArIfxcOCwxOe1,Take Me Higher,Andrew Melk,Take Me Higher,4/25/2025,13,142379,https://open.spotify.com/track/4f0yiZzJOArIfxcOCwxOe1,energetic,take me higher
0BmXSeXpe1Anm9rnlYAoCQ,Try Again,"MusicByDavid, OHDAMN, Akatsuki",Try Again,4/11/2025,25,150928,https://open.spotify.com/track/0BmXSeXpe1Anm9rnlYAoCQ,energetic,try again
58uP2ltzh6A7vzarSU6dJx,Daylight,"Code Red, GREYMA, Mv3rK",Daylight,5/16/2025,14,173445,https://open.spotify.com/track/58uP2ltzh6A7vzarSU6dJx,energetic,daylight
4OHFJyiA6RjmClENjtS6Lr,My Way,Mark Vox,My Way,4/18/2025,12,172380,https://open.spotify.com/track/4OHFJyiA6RjmClENjtS6Lr,energetic,my way
6AMTFb8FR17jukhFRYQVWw,Sirene,"Ozlig, Mosees",Sirene,4/11/2025,12,126404,https://open.spotify.com/track/6AMTFb8FR17jukhFRYQVWw,energetic,sirene
03kd8uTvbEQfjZaI5MuNKj,Paradise,Repulse,Paradise,4/11/2025,9,135416,https://open.spotify.com/track/03kd8uTvbEQfjZaI5MuNKj,energetic,paradise
6MDAdKP9hqxI95dTJXnATQ,Scream,"Hybrid Noise, Shawn O'Donnell",Scream,5/9/2025,25,126799,https://open.spotify.com/track/6MDAdKP9hqxI95dTJXnATQ,energetic,scream
215E8fzOGC9mqdtRJytVPE,Safe & Sound,Mazcot,Safe & Sound,3/21/2025,12,169920,https://open.spotify.com/track/215E8fzOGC9mqdtRJytVPE,energetic,safe sound
3Bnn3h1BFOzhOpMgcVE9cM,That's So True,Seum Dero,That's So True,3/14/2025,15,179614,https://open.spotify.com/track/3Bnn3h1BFOzhOpMgcVE9cM,energetic,thats so true
6HBgRaMnOJkAVMWfvPQWPz,Redbone,"Jovan Shay, InMoutain, A17N",Redbone,4/4/2025,20,142955,https://open.spotify.com/track/6HBgRaMnOJkAVMWfvPQWPz,energetic,redbone
2jOPVkDvahxTQApCaUec2z,Diamonds,Zanoii,Diamonds,3/7/2025,12,150241,https://open.spotify.com/track/2jOPVkDvahxTQApCaUec2z,energetic,diamonds
5j4oq2UWqShFq5g6biRait,Haunted,"ETERN3, LEYDON",Haunted,3/28/2025,18,151666,https://open.spotify.com/track/5j4oq2UWqShFq5g6biRait,energetic,haunted
5BW7cApKnMcTGiXLK5CdNA,I Need You,Mark Vox,I Need You,3/14/2025,11,163548,https://open.spotify.com/track/5BW7cApKnMcTGiXLK5CdNA,energetic,i need you
16k8M3LlXNkLtkdCbYAD05,Here For U,Martin Fritzon,Here For U,2/28/2025,15,159004,https://open.spotify.com/track/16k8M3LlXNkLtkdCbYAD05,energetic,here for u
5yP9ufq8O8etVdAHenggTa,Rose,Lynhare,Rose,3/1/2024,20,160750,https://open.spotify.com/track/5yP9ufq8O8etVdAHenggTa,energetic,rose
55oIiNNNz5IM6DThuiDiNb,Austin,"Seum Dero, VALERIIE",Austin,1/17/2025,20,175850,https://open.spotify.com/track/55oIiNNNz5IM6DThuiDiNb,energetic,austin
4slF9h94OT1NgaVgEykj2q,Promises,"Repulse, Rammz, Ozlig",Promises,2/21/2025,12,129543,https://open.spotify.com/track/4slF9h94OT1NgaVgEykj2q,energetic,promises
2iikuMBA1e1IURmIx2Hldk,Hear Me Now,"Kevin Kairouz, Saimöö",Hear Me Now,11/22/2024,16,134410,https://open.spotify.com/track/2iikuMBA1e1IURmIx2Hldk,energetic,hear me now
74t4zb6GzFvpi6ZyAkbHec,Catch The Fall,"Law & Bass, XAMIL",Catch The Fall,2/21/2025,16,163740,https://open.spotify.com/track/74t4zb6GzFvpi6ZyAkbHec,energetic,catch the fall
0NjpOQ1EDTDKMXfsbifeII,Paradise,"Law & Bass, Akatsuki, Baccij",Paradise,1/31/2025,29,177096,https://open.spotify.com/track/0NjpOQ1EDTDKMXfsbifeII,energetic,paradise
6q1OUcVAnCAt1DGIZL0ao5,Gato De Noche,"SNDR, Gonza Macca",Gato De Noche,2/21/2025,12,120024,https://open.spotify.com/track/6q1OUcVAnCAt1DGIZL0ao5,energetic,gato de noche
0mhhI81D8RNmrFGLpihoax,Boulevard of Broken Dreams,"Daniel Bellomo, Amy Lyons, Emiliano Verrino",Boulevard of Broken Dreams,2/7/2025,33,163090,https://open.spotify.com/track/0mhhI81D8RNmrFGLpihoax,energetic,boulevard of broken dreams
6ZzfiZqqA2XSa1ZkfPS3JK,Nothing Matters,"GREYMA, Mv3rK, Law & Bass, Code Red",Nothing Matters,2/14/2025,32,149735,https://open.spotify.com/track/6ZzfiZqqA2XSa1ZkfPS3JK,energetic,nothing matters
4FHeP41B8TbijwkWN8REro,I Have Nothing,Elecriot,I Have Nothing,1/31/2025,12,151128,https://open.spotify.com/track/4FHeP41B8TbijwkWN8REro,energetic,i have nothing
3GmUtYdxJ0YsxOEhjaxqBc,Future,"NAAZUK, Mike Tunes, Injay",Future,1/10/2025,9,144012,https://open.spotify.com/track/3GmUtYdxJ0YsxOEhjaxqBc,energetic,future
21ZoZf3uejSGVff0eZk31y,On The Low,Mark Vox,On The Low,1/3/2025,9,162580,https://open.spotify.com/track/21ZoZf3uejSGVff0eZk31y,energetic,on the low
3TBuOrcGzM5irBY1SiCjre,Long Roads,"Lucky Choice, Christina Burenko",Long Roads,1/3/2025,10,156162,https://open.spotify.com/track/3TBuOrcGzM5irBY1SiCjre,energetic,long roads
4u5nEJ6eUdRFzn5cmXrBXq,Don't Let Me Go,"BASTL, SNDR, Rawanne",Don't Let Me Go,11/22/2024,10,106439,https://open.spotify.com/track/4u5nEJ6eUdRFzn5cmXrBXq,energetic,dont let me go
5FuEpvOKk2dEwNKSeqCPLG,Someone You Loved,Brownie,Someone You Loved,1/3/2025,12,154424,https://open.spotify.com/track/5FuEpvOKk2dEwNKSeqCPLG,energetic,someone you loved
7z5A6wgDnpLmQwEeqaIMeE,I Could Be The One,Zanoii,I Could Be The One,10/4/2024,15,120527,https://open.spotify.com/track/7z5A6wgDnpLmQwEeqaIMeE,energetic,i could be the one
4JwcBIsZjfEFA66UQak3NC,Don't Love Me,CADEK,Don't Love Me,11/29/2024,11,156952,https://open.spotify.com/track/4JwcBIsZjfEFA66UQak3NC,energetic,dont love me
1rwHvD3obiuANdZJbUj2U4,E.T.,KLASS,E.T.,11/8/2024,28,131216,https://open.spotify.com/track/1rwHvD3obiuANdZJbUj2U4,energetic,et
7MaUTeOGvZDs5SeYOmHFIs,We Found Love,"Reprobeater, Samarth Goel, Repulse",We Found Love,11/29/2024,14,116027,https://open.spotify.com/track/7MaUTeOGvZDs5SeYOmHFIs,energetic,we found love
2EcTYfwJp8WN7mygbvq4AC,Good Liar,Ryan Mosh,Good Liar,11/22/2024,11,168571,https://open.spotify.com/track/2EcTYfwJp8WN7mygbvq4AC,energetic,good liar
3QapP59y8YfX6h5cPmEoJo,With You,"NAAC, Malina Stark",With You,11/15/2024,10,127624,https://open.spotify.com/track/3QapP59y8YfX6h5cPmEoJo,energetic,with you
0FbIDw0ijbv4Q95ji1tZ05,Love Me,Baccij,Love Me,11/15/2024,8,134400,https://open.spotify.com/track/0FbIDw0ijbv4Q95ji1tZ05,energetic,love me
50n4eROIojpRydCCFfJZdG,Belong Together,Seum Dero,Belong Together,11/1/2024,13,125316,https://open.spotify.com/track/50n4eROIojpRydCCFfJZdG,energetic,belong together
5h1GhdizqwQq7mVVb1YHFH,You,WNRO,You,11/15/2024,9,153600,https://open.spotify.com/track/5h1GhdizqwQq7mVVb1YHFH,energetic,you
2u0wqO1NDxPyE4yv5DUXAQ,Love Or Die,"Samarth Goel, Beyounger",Love Or Die,12/6/2024,10,132682,https://open.spotify.com/track/2u0wqO1NDxPyE4yv5DUXAQ,energetic,love or die
2Vkof8GTKyIEmQDQDSXrkZ,Feel It Still - Radio Edit,"K3YN0T3, T3CHN0T3, Boyz van Tech",Feel It Still,11/8/2024,11,125898,https://open.spotify.com/track/2Vkof8GTKyIEmQDQDSXrkZ,energetic,feel it still radio edit
701GoPNzGJf7M6GoSolCqT,You'll Be Coming Back,"midkeys, prodbylaurenz, nitsué., Willy Jules",You'll Be Coming Back,11/15/2024,35,133806,https://open.spotify.com/track/701GoPNzGJf7M6GoSolCqT,energetic,youll be coming back
1SUM8AKkD3WyQDy9ddoIcp,Parallel Universe - Radio Edit,"K3YN0T3, T3CHN0T3, pollyzie",Parallel Universe,9/20/2024,10,157857,https://open.spotify.com/track/1SUM8AKkD3WyQDy9ddoIcp,energetic,parallel universe radio edit
2tvJqlUJ7AlUAezL8D2P2a,Calor,Flash & Dash,Calor,11/8/2024,8,128000,https://open.spotify.com/track/2tvJqlUJ7AlUAezL8D2P2a,energetic,calor
5a9Bvdfb6CJoo8IEoCNzpd,Too Sweet,Mike Kelly,Too Sweet,1/3/2025,25,168205,https://open.spotify.com/track/5a9Bvdfb6CJoo8IEoCNzpd,energetic,too sweet
12jEMF75g6Z83zdgFjjcAI,Living On The Edge,Janji Yusuf,Living On The Edge,11/8/2024,34,159206,https://open.spotify.com/track/12jEMF75g6Z83zdgFjjcAI,energetic,living on the edge
6xjFAvgmiV8xvHC7hdmn8H,Lost In You,Arzhel,Lost In You,11/1/2024,12,160000,https://open.spotify.com/track/6xjFAvgmiV8xvHC7hdmn8H,energetic,lost in you
63NelOdmIzqtiCsxbFX1aI,Not Done With You,Andrew Melk,Not Done With You,10/18/2024,9,157504,https://open.spotify.com/track/63NelOdmIzqtiCsxbFX1aI,energetic,not done with you
2hOmTJYtuYakjj4wUYRRJ8,Satellite,Jay Mark,Satellite,11/15/2024,6,123809,https://open.spotify.com/track/2hOmTJYtuYakjj4wUYRRJ8,energetic,satellite
4GsfchQ0WvC4pQBN4NTmR9,Harmony,Amir Telem,Harmony,10/11/2024,10,120960,https://open.spotify.com/track/4GsfchQ0WvC4pQBN4NTmR9,energetic,harmony
71hrbCQwtTbuV7RPhR9Yc7,Unwritten,"Seum Dero, Lindsay Lilith",Unwritten,10/11/2024,9,184000,https://open.spotify.com/track/71hrbCQwtTbuV7RPhR9Yc7,energetic,unwritten
5ioYlzzfcrapxds4r63wY7,Shape Of You,"Samarth Goel, Dylan Baksalara",Shape Of You,10/25/2024,18,132208,https://open.spotify.com/track/5ioYlzzfcrapxds4r63wY7,energetic,shape of you
6BbrqjTvDByNz2MDOrd3rK,Falling,"M4TT3RS, Faber Arena",Falling,10/25/2024,6,139200,https://open.spotify.com/track/6BbrqjTvDByNz2MDOrd3rK,energetic,falling
0gpDZigJzIzBEjBirOSr5W,Coming Over,Atro_Bex,Coming Over,10/25/2024,9,148442,https://open.spotify.com/track/0gpDZigJzIzBEjBirOSr5W,energetic,coming over
7t38ehwTdauRCRXoDJGvKO,Maybe,Goldistic,Maybe,9/24/2021,0,165493,https://open.spotify.com/track/7t38ehwTdauRCRXoDJGvKO,energetic,maybe
18sRfkxrXWthLYUdmMt4mg,Wait For You,Butterworth,Wait For You,10/25/2024,9,170156,https://open.spotify.com/track/18sRfkxrXWthLYUdmMt4mg,energetic,wait for you
4gNwFnkPrwXHkPjD9btxJX,Forever Yours (feat. XiVi),"Godoy Music, XiVi",Forever Yours (feat. XiVi),10/25/2024,7,160000,https://open.spotify.com/track/4gNwFnkPrwXHkPjD9btxJX,energetic,forever yours feat xivi
1A2filBiKZhPxhbkAhQ7Ud,we can't be friends (wait for your love),"Tc-5, Swae Boy, Austin Salter",we can't be friends (wait for your love),10/18/2024,29,130000,https://open.spotify.com/track/1A2filBiKZhPxhbkAhQ7Ud,energetic,we cant be friends wait for your love
4EuWEFNCQoW7tI0qE256zQ,Nothing To Lose,MarshallYU,Nothing to Lose,10/18/2024,7,135208,https://open.spotify.com/track/4EuWEFNCQoW7tI0qE256zQ,energetic,nothing to lose
6rKW7M6xLPdqRLYh7B0FbB,Tell Me Ma (feat. Seth Staton Watkins),"Emmet Glascott, Seth Staton Watkins",Tell Me Ma (feat. Seth Staton Watkins),5/3/2024,15,166153,https://open.spotify.com/track/6rKW7M6xLPdqRLYh7B0FbB,energetic,tell me ma feat seth staton watkins
3MHJLxmWLyxJFDFQdjdYer,10:35,"Ropsu, Mirk",10:35,10/18/2024,8,126496,https://open.spotify.com/track/3MHJLxmWLyxJFDFQdjdYer,energetic,1035
38eaj2DKP6ZbAQVkhLVp45,In Glow,LIKI Lee,In Glow,10/18/2024,10,129776,https://open.spotify.com/track/38eaj2DKP6ZbAQVkhLVp45,energetic,in glow
28IsX7EiW807KUrTHAWwIJ,I Just Wanna Dance,BL Official,I Just Wanna Dance,10/11/2024,13,121846,https://open.spotify.com/track/28IsX7EiW807KUrTHAWwIJ,energetic,i just wanna dance
4XmKjBVEAsw5GuazDdH3Yu,U&I,Martin Fritzon,U&I,10/11/2024,8,151528,https://open.spotify.com/track/4XmKjBVEAsw5GuazDdH3Yu,energetic,ui
1KdjyxuYRo3N1GLDSVZ0C6,Lay Low - Radio Edit,"K3YN0T3, T3CHN0T3, BASTL",Lay Low,10/11/2024,9,122504,https://open.spotify.com/track/1KdjyxuYRo3N1GLDSVZ0C6,energetic,lay low radio edit
3AynVwgPeOaSuvReN2jnF7,Take on Me,Amir Telem,Take on Me,8/16/2024,9,121875,https://open.spotify.com/track/3AynVwgPeOaSuvReN2jnF7,energetic,take on me
3XytShaC2dvW0FkEstYh9Q,Up All Night,"Ola Martin, Takaya Saito",Up All Night,10/4/2024,11,160952,https://open.spotify.com/track/3XytShaC2dvW0FkEstYh9Q,energetic,up all night
6ZAzKK8OaooB3Z6r614YsG,Apologize,"Gulmee, Swae Boy, Ka Reem",Apologize,10/11/2024,12,120857,https://open.spotify.com/track/6ZAzKK8OaooB3Z6r614YsG,energetic,apologize
6AfU4Sa8rb4Xe0ZyWPR4gt,Songwriter,"Robbie Rosen, Nippandab, DENWEHR",Songwriter,10/11/2024,32,142751,https://open.spotify.com/track/6AfU4Sa8rb4Xe0ZyWPR4gt,energetic,songwriter
3F4363u25nPIPWzadqGZZc,I don't wanna,GiBoss,I don't wanna,9/27/2024,10,157741,https://open.spotify.com/track/3F4363u25nPIPWzadqGZZc,energetic,i dont wanna
6IXxVBnZyQIqiK73fFFB2D,Teach Me Snow,Dante Lotus,Teach Me Snow,10/4/2024,6,125714,https://open.spotify.com/track/6IXxVBnZyQIqiK73fFFB2D,energetic,teach me snow
3lh9U5e7mDJVnMq08hCmBG,Hygge,Jared Moreno,Hygge,1/12/2024,0,146221,https://open.spotify.com/track/3lh9U5e7mDJVnMq08hCmBG,energetic,hygge
4osVfUYOzoUmzcW7KeZQIz,I Ain’t Worried (feat. Sergio Ochoa),"K3YN0T3, BASTL, Swae Boy, Sergio Ochoa",I Ain’t Worried (feat. Sergio Ochoa),5/3/2024,11,150259,https://open.spotify.com/track/4osVfUYOzoUmzcW7KeZQIz,energetic,i aint worried feat sergio ochoa
4rtxA6juZr2Yh2DRUn0Iw5,Reason,SNDR,Reason,9/4/2024,9,131810,https://open.spotify.com/track/4rtxA6juZr2Yh2DRUn0Iw5,energetic,reason
13aSFf78egCv8UEQiionj6,Stargazing,"GREYMA, Mv3rK, Swae Boy, Code Red",Stargazing,9/20/2024,32,145945,https://open.spotify.com/track/13aSFf78egCv8UEQiionj6,energetic,stargazing
1YoJlWaIJnKkyvWnqD6BH7,Flowers,"R3JA, Samarth Goel, Repulse, Ka Reem",Flowers,10/18/2024,9,132037,https://open.spotify.com/track/1YoJlWaIJnKkyvWnqD6BH7,energetic,flowers
7eCmbpkORRniLpcKakWPkr,Body,"Austin Salter, Jan Cestr",Body,10/4/2024,6,161281,https://open.spotify.com/track/7eCmbpkORRniLpcKakWPkr,energetic,body
26TfvZ8IcWwoL8zXmFRq24,Do You Know,"Matt You, Tom Platts",Do You Know,10/4/2024,9,124180,https://open.spotify.com/track/26TfvZ8IcWwoL8zXmFRq24,energetic,do you know
2NFJLZQO0L0vHfaA0IG1CI,I Had Some Help,"GREYMA, Mv3rK, Swae Boy, Code Red",I Had Some Help,10/4/2024,34,159827,https://open.spotify.com/track/2NFJLZQO0L0vHfaA0IG1CI,energetic,i had some help
3q6XW8XMvhsBJq2GJRBRN3,Where Did You Go,"Skuado, K3YN0T3, Swae Boy, Mirk",Where Did You Go,11/3/2023,0,140486,https://open.spotify.com/track/3q6XW8XMvhsBJq2GJRBRN3,energetic,where did you go
2czOhF8hSqemP0WARJgAce,Snap,"Mynos, ZOTEF, RG",Snap,3/29/2024,7,149364,https://open.spotify.com/track/2czOhF8hSqemP0WARJgAce,energetic,snap
6vgTEqlhaKapHwfI1eSTWD,Don't Go,"mavzy grx, Millows",Don't Go,2/9/2024,9,128156,https://open.spotify.com/track/6vgTEqlhaKapHwfI1eSTWD,energetic,dont go
49LeMW61WttpPkyhonbjdH,OVER,Polar Gang,OVER,2/12/2021,0,156923,https://open.spotify.com/track/49LeMW61WttpPkyhonbjdH,energetic,over
1OebZOsm9Eo4V5GsrAnyEd,Toro,GeeKan,Toro,3/1/2024,8,185640,https://open.spotify.com/track/1OebZOsm9Eo4V5GsrAnyEd,energetic,toro
6aQcEdJqjscPSlsdM6n09n,Summer,"Zanoii, Son&Dad",Summer,7/12/2024,32,125806,https://open.spotify.com/track/6aQcEdJqjscPSlsdM6n09n,energetic,summer
4unQ7RneOARi2uuDoqSI91,Dancing In The Rain,Zanoii,Dancing In the Rain,8/2/2024,15,155338,https://open.spotify.com/track/4unQ7RneOARi2uuDoqSI91,energetic,dancing in the rain
4FtPOVgNE78opDm3gh792I,Houdini,"Blue Wave, YKATI",Houdini,3/22/2024,8,127655,https://open.spotify.com/track/4FtPOVgNE78opDm3gh792I,energetic,houdini
5gI8G9vv094ksWN2wGWQXJ,Shout,Amir Telem,Shout,8/30/2024,17,120000,https://open.spotify.com/track/5gI8G9vv094ksWN2wGWQXJ,energetic,shout
5KS5mU8P6sU5YMk4zNu183,Eyes of Istanbul,"Robbie Rosen, Johan Davis",Eyes of Istanbul,9/20/2024,6,145292,https://open.spotify.com/track/5KS5mU8P6sU5YMk4zNu183,energetic,eyes of istanbul
1tzWUABBZfhpV4YsOvEu28,Cry,"Open Rim, LU",Cry,3/8/2024,9,149500,https://open.spotify.com/track/1tzWUABBZfhpV4YsOvEu28,energetic,cry
1dqLSqSrEQsxxeevdr4Ish,Need Your Lovin',"Ropsu, DOXIC, Swae Boy",Need Your Lovin',8/30/2024,8,125142,https://open.spotify.com/track/1dqLSqSrEQsxxeevdr4Ish,energetic,need your lovin
4tm4GPvE9FRkC1zBmOLoEm,Country Girl,Polar Gang,Country Girl,12/23/2020,0,166829,https://open.spotify.com/track/4tm4GPvE9FRkC1zBmOLoEm,energetic,country girl
7yFSwMHKwCwWGwLKuZ23wT,GLOW,"pollyzie, Leon Kold",GLOW,8/16/2024,8,153111,https://open.spotify.com/track/7yFSwMHKwCwWGwLKuZ23wT,energetic,glow
4PJbptjWbgZuDyya0LvsSe,Loosing Me,MODCUBE,Loosing Me,8/23/2024,7,148581,https://open.spotify.com/track/4PJbptjWbgZuDyya0LvsSe,energetic,loosing me
43MQW2gynWOfba540pEc11,Temperature Rising,"Mark Vox, Martin Fritzon",Temperature Rising,8/23/2024,10,161235,https://open.spotify.com/track/43MQW2gynWOfba540pEc11,energetic,temperature rising
1YidwNnEhRpkqXLW7Kd21B,Saturday Night,Polar Gang,Saturday Night,2/26/2021,0,145116,https://open.spotify.com/track/1YidwNnEhRpkqXLW7Kd21B,energetic,saturday night
3noYBpFeJKW8L4WLVuJRzC,Running Away,"Celestic, Aisac, Amy Lyons",Running Away,9/6/2024,13,149618,https://open.spotify.com/track/3noYBpFeJKW8L4WLVuJRzC,energetic,running away
1WA0BjkwSCblAG1rFdkutm,A Little Love,WNRO,A Little Love,8/2/2024,8,138410,https://open.spotify.com/track/1WA0BjkwSCblAG1rFdkutm,energetic,a little love
1HWY9BNAl75zZGNrtFa5VD,How To Let It Go,Stefano Cece,How To Let Go,9/20/2024,6,160666,https://open.spotify.com/track/1HWY9BNAl75zZGNrtFa5VD,energetic,how to let it go
5RelFUVxkEAhnKcpadcFVr,Tattoo - Radio Edit,"K3YN0T3, Skuado, T3CHNOT3",Tattoo,6/14/2024,12,122634,https://open.spotify.com/track/5RelFUVxkEAhnKcpadcFVr,energetic,tattoo radio edit
4UPR3ncRWRmAWXYV47XLPw,One Kiss,"BETASTIC, Kremor, Dean Andrew",One Kiss,8/16/2024,11,186671,https://open.spotify.com/track/4UPR3ncRWRmAWXYV47XLPw,energetic,one kiss
3D3onHOGM4nHGAI4QCDdHy,Jungle,CHXBB,Jungle,8/16/2024,11,149464,https://open.spotify.com/track/3D3onHOGM4nHGAI4QCDdHy,energetic,jungle
4gw0n9Sc4JT1EAEZWucJXp,Afterglow,"nitsué., Akatsuki",Afterglow,8/16/2024,32,153606,https://open.spotify.com/track/4gw0n9Sc4JT1EAEZWucJXp,energetic,afterglow
2KLM8qRUFNaEOS3eqnKoTc,Can You Feeling,LIKI Lee,Can You Feeling,9/6/2024,16,157500,https://open.spotify.com/track/2KLM8qRUFNaEOS3eqnKoTc,energetic,can you feeling
70NqadgIeo627NO5gkOlNN,Rise,Sober Chow,Rise,11/24/2023,0,154920,https://open.spotify.com/track/70NqadgIeo627NO5gkOlNN,energetic,rise
4X9uYpcs58KvNFyXuIq0wE,Chasing Cars,"Slenderino, Cole Morehead",Chasing Cars,8/2/2024,18,128616,https://open.spotify.com/track/4X9uYpcs58KvNFyXuIq0wE,energetic,chasing cars
50pG7wgtNDmcdZLuEMkUTT,Fortnight,Zanoii,Fortnight,7/19/2024,18,134094,https://open.spotify.com/track/50pG7wgtNDmcdZLuEMkUTT,energetic,fortnight
0YQQqZKssF3mw0Fcwexned,Greedy,"R3JA, Samarth Goel, Rammz, Ka Reem",Greedy,8/9/2024,8,123860,https://open.spotify.com/track/0YQQqZKssF3mw0Fcwexned,energetic,greedy
0kqYWpZFowI5IX46GbmJTK,Howling At The Moon - Radio Edit,"K3YN0T3, ANNABELL",Howling At The Moon,7/26/2024,12,127726,https://open.spotify.com/track/0kqYWpZFowI5IX46GbmJTK,energetic,howling at the moon radio edit
1IwvPv3WOFNOiidNAy0ftL,Chase The Sun,"Andryx, Luce",Chase The Sun,3/8/2024,12,150600,https://open.spotify.com/track/1IwvPv3WOFNOiidNAy0ftL,energetic,chase the sun
0zQ07DSHCfOVwFV1GyPYnC,Falling For Your Love,Matt You,Falling For Your Love,7/26/2024,6,148535,https://open.spotify.com/track/0zQ07DSHCfOVwFV1GyPYnC,energetic,falling for your love
6TrFnT6Ja47Hcuj3llNOfu,Streetlight,Zanoii,Streetlight,8/30/2024,21,185806,https://open.spotify.com/track/6TrFnT6Ja47Hcuj3llNOfu,energetic,streetlight
7jYpAJFsajUZ5RpCzuXx9D,Until Sunrise,"RMJS, Wontu, Nick Morena",Until Sunrise,7/26/2024,10,158484,https://open.spotify.com/track/7jYpAJFsajUZ5RpCzuXx9D,energetic,until sunrise
0jkLqJKNQIoNUgGu9UeXHl,Summer Without You,Buzlanes,Summer Without You,7/26/2024,10,137076,https://open.spotify.com/track/0jkLqJKNQIoNUgGu9UeXHl,energetic,summer without you
4cAxvBn443hAfwi0btyFYW,It's Impossible,"NAAZUK, Cy_He",It's Impossible,9/13/2024,7,160850,https://open.spotify.com/track/4cAxvBn443hAfwi0btyFYW,energetic,its impossible
2OWFrZ7c30zNYKAlT69jCV,Big in Japan,Amir Telem,Big In Japan,6/7/2024,16,120015,https://open.spotify.com/track/2OWFrZ7c30zNYKAlT69jCV,energetic,big in japan
7bVB4TWyP0zpavQ5C0Bszn,Lullaby,K3YN0T3,Lullaby,2/16/2024,8,166067,https://open.spotify.com/track/7bVB4TWyP0zpavQ5C0Bszn,energetic,lullaby
15YGeXaCW1GD7KnF4dX5yw,Solid Ground,CHXBB,Solid Ground,9/13/2024,9,145736,https://open.spotify.com/track/15YGeXaCW1GD7KnF4dX5yw,energetic,solid ground
2VKYfcqisoFA8hJcifppVB,Disturbia,"Dylan Baksalara, FELLAS, Ka Reem",Disturbia,9/13/2024,7,126875,https://open.spotify.com/track/2VKYfcqisoFA8hJcifppVB,energetic,disturbia
5zQdqaw78sZsO31eLwQJmI,Some Love,Jared Moreno,Some Love,6/28/2024,10,148129,https://open.spotify.com/track/5zQdqaw78sZsO31eLwQJmI,energetic,some love
7BmHP3nW1FrDCZR4s4mER7,You Make Me Feel,"John Laurant, Ron van den Beuken",You Make Me Feel,7/26/2024,13,160909,https://open.spotify.com/track/7BmHP3nW1FrDCZR4s4mER7,energetic,you make me feel
68AVsp7tEyRKRBBjj84Oc4,Ghost,"K3YN0T3, Ropsu, Ka Reem",Ghost,7/12/2024,10,143558,https://open.spotify.com/track/68AVsp7tEyRKRBBjj84Oc4,energetic,ghost
69U4dzvHPB5aRxR5un3Ehd,Toca's Miracle,Paul Jockey,Toca's Miracle,6/21/2024,21,172888,https://open.spotify.com/track/69U4dzvHPB5aRxR5un3Ehd,energetic,tocas miracle
4i5USeQKdt4kzu6YdCZ6G1,Desire,"MusicByDavid, R3JA",Desire,7/19/2024,6,155152,https://open.spotify.com/track/4i5USeQKdt4kzu6YdCZ6G1,energetic,desire
482rIRObaHmMYB4cbjG724,Waves,"Zanoii, Millows, Son&Dad",Waves,5/10/2024,15,104562,https://open.spotify.com/track/482rIRObaHmMYB4cbjG724,energetic,waves
7rXZctilOikyTy04qJjLpW,You Without Me,"Takaya Saito, Jaime Deraz",You Without Me,11/3/2023,0,162562,https://open.spotify.com/track/7rXZctilOikyTy04qJjLpW,energetic,you without me
3T0twZ26mgYLaEGyV3I1VW,Cruel Summer,"K3YN0T3, T3CHN0T3, L0CKN0T3",Cruel Summer,4/26/2024,12,144673,https://open.spotify.com/track/3T0twZ26mgYLaEGyV3I1VW,energetic,cruel summer
56DGUP7b8aexD83LIQGM31,The Power Of Now,ButchVoyage,The Power Of Now,3/29/2024,8,165121,https://open.spotify.com/track/56DGUP7b8aexD83LIQGM31,energetic,the power of now
5NuOTG2pkxB1rIbYv9C4Om,We United,Amir Telem,We United,6/21/2024,9,120000,https://open.spotify.com/track/5NuOTG2pkxB1rIbYv9C4Om,energetic,we united
3nXoizH6Tm1m5suDqQyFKN,Away,Son&Dad,Away,12/18/2020,0,167537,https://open.spotify.com/track/3nXoizH6Tm1m5suDqQyFKN,energetic,away
42IzkcZ90uqtQSOrSy6aLP,Libre - Radio Edit,Dolphan,Libre,7/5/2024,8,136320,https://open.spotify.com/track/42IzkcZ90uqtQSOrSy6aLP,energetic,libre radio edit
63Fv0t12SKQpbu3rVB419H,Starry Night,"Idin Gorji, Helia Homam",Starry Night,7/5/2024,12,149500,https://open.spotify.com/track/63Fv0t12SKQpbu3rVB419H,energetic,starry night
3yyy9jgKTtOxtwhF5KTvLv,How To Save A Life,"Zonus, NAAZUK",How To Save A Life,1/12/2024,0,131134,https://open.spotify.com/track/3yyy9jgKTtOxtwhF5KTvLv,energetic,how to save a life
2M61hWiPO0vSyKay1SA9A6,Back Again,"IAXI, Jakblauz",Back Again,6/21/2024,6,142857,https://open.spotify.com/track/2M61hWiPO0vSyKay1SA9A6,energetic,back again
46ei6paoyYNZlw7JKD9UIl,Can't Take It,"A17N, Freaky DJs, Sarah Anglionin",Can't Take It,6/7/2024,9,145814,https://open.spotify.com/track/46ei6paoyYNZlw7JKD9UIl,energetic,cant take it
1JAOdrsuoXk6MaBFxYiPr7,All My Love,2 VIVE,All My Love,5/31/2024,6,146020,https://open.spotify.com/track/1JAOdrsuoXk6MaBFxYiPr7,energetic,all my love
3NsRtoWkBW9EhXd7ELiQjx,Believe,"Polar Gang, A17N, Colin Lee",Believe,5/10/2024,8,136210,https://open.spotify.com/track/3NsRtoWkBW9EhXd7ELiQjx,energetic,believe
0raCW8Oj6RjQOtDL0FfYUB,Don't Really Know,Beat Bakery,Don't Really Know,6/14/2024,12,161349,https://open.spotify.com/track/0raCW8Oj6RjQOtDL0FfYUB,energetic,dont really know
4ofNlzgxThvXOvHcnNXlkL,Feels Right,Amir Telem,Feels Right,5/24/2024,7,148000,https://open.spotify.com/track/4ofNlzgxThvXOvHcnNXlkL,energetic,feels right
3or0BjMuLkTmkdcVMtqTc2,So Cold,"MERWON, AMU6iX, Nyukyung",So Cold,5/24/2024,6,136000,https://open.spotify.com/track/3or0BjMuLkTmkdcVMtqTc2,energetic,so cold
0zmNgvzo0MTkaL4rs51SEz,Follow My Heart,"WINARTA, Andreayer",Follow My Heart,3/1/2024,16,195000,https://open.spotify.com/track/0zmNgvzo0MTkaL4rs51SEz,energetic,follow my heart
0RPJzB1VWoWoOYRVPokP4s,Hung Up,"Mixo, Kremor, Margad",Hung Up,3/29/2024,9,141600,https://open.spotify.com/track/0RPJzB1VWoWoOYRVPokP4s,energetic,hung up
6sNxT9WypbMOZe8nQH69DM,Sweet But Psycho,"Gulmee, Marcos Veiga, BASTL",Sweet But Psycho,2/23/2024,9,155624,https://open.spotify.com/track/6sNxT9WypbMOZe8nQH69DM,energetic,sweet but psycho
2DR1EIwBZeDe9MTkX1qbdM,Chasing Cars,"BASTL, K3YN0T3, T3CHN0T3",Chasing Cars,3/29/2024,10,155971,https://open.spotify.com/track/2DR1EIwBZeDe9MTkX1qbdM,energetic,chasing cars
6ZZAKtQZmACb665YmAkhWZ,Flowers,nitsué.,Flowers,1/12/2024,0,111468,https://open.spotify.com/track/6ZZAKtQZmACb665YmAkhWZ,energetic,flowers
3bqpgQbrpflSbu2dIqVNNZ,Greedy,"LIGHTZ, Jahan Tea",Greedy,1/19/2024,10,200238,https://open.spotify.com/track/3bqpgQbrpflSbu2dIqVNNZ,energetic,greedy
5dyuksa3AQzWbA4hCwSfFa,Favourite One,Lexton,Favourite One,10/13/2023,0,153230,https://open.spotify.com/track/5dyuksa3AQzWbA4hCwSfFa,energetic,favourite one
6kW4zLgTV1wBCWJTeMHRDQ,Bad Habits,ANRY,Bad Habits,2/9/2024,11,164509,https://open.spotify.com/track/6kW4zLgTV1wBCWJTeMHRDQ,energetic,bad habits
73jXeyk8ufqrH1vX166IfA,One Night,Flane,One Night,5/3/2024,7,160645,https://open.spotify.com/track/73jXeyk8ufqrH1vX166IfA,energetic,one night
7BfW3U3W3eVMUy9f06OAz8,Before You,Hydrex,Before You,4/26/2024,6,140000,https://open.spotify.com/track/7BfW3U3W3eVMUy9f06OAz8,energetic,before you
64MTtZUuGxkB0v54M490Hp,Bad Habits,Jowy,Bad Habits,6/28/2024,9,165714,https://open.spotify.com/track/64MTtZUuGxkB0v54M490Hp,energetic,bad habits
0IAem3c5DYICDZ0TczzTZT,Begging You To Go Away,"Elecriot, BASTL, Dylan Baksalara",Begging You To Go Away,6/28/2024,11,158606,https://open.spotify.com/track/0IAem3c5DYICDZ0TczzTZT,energetic,begging you to go away
76WI5kyyEZXN3KIG5HHCcU,Hold Me,"Millows, Goldistic, Zanoii",Hold Me,4/26/2024,8,146263,https://open.spotify.com/track/76WI5kyyEZXN3KIG5HHCcU,energetic,hold me
0uy0KRyLYoh5b1ie9MdStp,Low Without You,Zanoii,Low Without You,11/24/2023,0,141904,https://open.spotify.com/track/0uy0KRyLYoh5b1ie9MdStp,energetic,low without you
4MftpHrx6dN6RDv0lpCn19,Echos,Amir Telem,Echos,4/26/2024,8,160000,https://open.spotify.com/track/4MftpHrx6dN6RDv0lpCn19,energetic,echos
1Aq6ppqldkyGzUVqDCuVbY,Save Me,RMA,Save Me,5/17/2024,7,143414,https://open.spotify.com/track/1Aq6ppqldkyGzUVqDCuVbY,energetic,save me
4tpeBDuAYpZa39TDWCIc4v,Love Is Dead,"Idin Gorji, RedRozWine",Love Is Dead,5/3/2024,6,146624,https://open.spotify.com/track/4tpeBDuAYpZa39TDWCIc4v,energetic,love is dead
4lRa8QA0SbCBN4SMXQ1vqg,Summer Feeling,Son&Dad,A New Hope,3/5/2021,0,165714,https://open.spotify.com/track/4lRa8QA0SbCBN4SMXQ1vqg,energetic,summer feeling
3qU7RcKN4p0719Popyxwgl,DTF,Polar Gang,DTF,1/22/2021,0,154047,https://open.spotify.com/track/3qU7RcKN4p0719Popyxwgl,energetic,dtf
1jEUraTEnfLfnHUZvLCzoJ,Chasing Dreams,Filip Nordin,Chasing Dreams,2/5/2021,0,158373,https://open.spotify.com/track/1jEUraTEnfLfnHUZvLCzoJ,energetic,chasing dreams
1mWHrT1Fo30hoJ8vOKKMJC,Wild & Free,"Caj Morgan, Emma Svensson",Wild & Free,1/15/2021,0,200157,https://open.spotify.com/track/1mWHrT1Fo30hoJ8vOKKMJC,energetic,wild free
3PLf7FTm0QMKWeTRfKiFzU,Ciao x3,Son&Dad,Ciao x3,1/22/2021,0,148548,https://open.spotify.com/track/3PLf7FTm0QMKWeTRfKiFzU,energetic,ciao x3
53LICDEVVOLQYD49s6nmfh,Touch My Body,Polar Gang,Touch My Body,12/25/2020,0,173333,https://open.spotify.com/track/53LICDEVVOLQYD49s6nmfh,energetic,touch my body
2zVFM5YWoRfgeoUsQQGvmw,Hold Me Tight,Polar Gang,Hold Me Tight,1/29/2021,0,158095,https://open.spotify.com/track/2zVFM5YWoRfgeoUsQQGvmw,energetic,hold me tight
16ltZEMtpMIqdY2hvKL34M,u wanna fight,Filip Nordin,u wanna fight,4/9/2021,0,113962,https://open.spotify.com/track/16ltZEMtpMIqdY2hvKL34M,energetic,u wanna fight
5j5fYkULzNBrT44f05IWgf,No Love,Caj Morgan,ARCHIVES,7/30/2021,8,124067,https://open.spotify.com/track/5j5fYkULzNBrT44f05IWgf,energetic,no love
0QkqI1nBNjO6IpdXVZluzc,rally,Son&Dad,A New Hope,3/5/2021,0,134198,https://open.spotify.com/track/0QkqI1nBNjO6IpdXVZluzc,energetic,rally
3WvpZfpmsHBtRxUjW5nvAQ,Give Me Your Love,Caj Morgan,ARCHIVES,7/30/2021,11,125128,https://open.spotify.com/track/3WvpZfpmsHBtRxUjW5nvAQ,energetic,give me your love
6DRX30A02Hy2bQfA7KBIgA,One Man Army,AMIIGO,One Man Army,4/9/2021,4,200000,https://open.spotify.com/track/6DRX30A02Hy2bQfA7KBIgA,energetic,one man army
2LRNDfHieq4ctBuE02zeW9,AM to PM (feat. Zoe Wees),"Robin Schulz, Sigala, Zoe Wees",AM to PM (feat. Zoe Wees),10/24/2025,63,164042,https://open.spotify.com/track/2LRNDfHieq4ctBuE02zeW9,energetic,am to pm feat zoe wees
1aGXmfXBq4koas7v3277P3,I Follow Rivers,"Tiësto, Oaks",Prismatic: Pack One,1/31/2025,62,198750,https://open.spotify.com/track/1aGXmfXBq4koas7v3277P3,energetic,i follow rivers
5ECf8gpBqmIUN7MWMN4WZx,Lucky,"MORTEN, David Guetta",Lucky,9/5/2025,65,146250,https://open.spotify.com/track/5ECf8gpBqmIUN7MWMN4WZx,energetic,lucky
4arNFfHtD5FPYcpUUiUOM1,World Gone Wild (feat. Sam Martin),"Robin Schulz, CYRIL, Sam Martin",World Gone Wild (feat. Sam Martin),10/11/2024,65,146523,https://open.spotify.com/track/4arNFfHtD5FPYcpUUiUOM1,energetic,world gone wild feat sam martin
3MUFebos5drIwrUHxUorhP,Our Time,"AFROJACK, Martin Garrix, David Guetta, Amél",Our Time,7/11/2025,69,161367,https://open.spotify.com/track/3MUFebos5drIwrUHxUorhP,energetic,our time
4FjDFPYRZVhYHh79YOw0iW,Madhouse (feat. RANI),"Timmy Trumpet, W&W, Da Hool, RANI",Madhouse (feat. RANI),8/29/2025,57,136000,https://open.spotify.com/track/4FjDFPYRZVhYHh79YOw0iW,energetic,madhouse feat rani
2xcRqXdkGyIe2671rR9USF,We Are Young (feat. Anna Graceman),"FDVM, Anna Graceman",We Are Young (feat. Anna Graceman),10/3/2025,38,180476,https://open.spotify.com/track/2xcRqXdkGyIe2671rR9USF,energetic,we are young feat anna graceman
18TbzZ2oTafnLRgteEq2eP,Go Down,Trinix,Origin,8/29/2025,46,147040,https://open.spotify.com/track/18TbzZ2oTafnLRgteEq2eP,energetic,go down
69GEK9C8nKwiGLMv2NbpiG,Over You (feat. Justin Jesso),"Ofenbach, Justin Jesso",Over You (feat. Justin Jesso),11/8/2024,44,173922,https://open.spotify.com/track/69GEK9C8nKwiGLMv2NbpiG,energetic,over you feat justin jesso
7tCXmtYrYNFWMa7vyQfuAI,A Better World,"David Guetta, Cedric Gervais",A Better World,6/13/2025,54,172606,https://open.spotify.com/track/7tCXmtYrYNFWMa7vyQfuAI,energetic,a better world
35t8pOqxELRbWS7ODsyc7p,Run (feat. Ragdoll),"Henri PFR, Ragdoll",Run (feat. Ragdoll),5/23/2025,56,156322,https://open.spotify.com/track/35t8pOqxELRbWS7ODsyc7p,energetic,run feat ragdoll
7Bdtb10c2V4oVqsz8Ebkk5,I Forgive You - (Chromeo Remix) [radio edit],"Sia, Chromeo",I Forgive You [(Chromeo Remix) [radio edit]],9/13/2024,51,201123,https://open.spotify.com/track/7Bdtb10c2V4oVqsz8Ebkk5,energetic,i forgive you chromeo remix radio edit
6whv4cMPhgbBCVhhffQP4u,Outta My Head,"Hypaton, Norma Jean Martine, Henri PFR",Outta My Head,7/18/2025,58,142795,https://open.spotify.com/track/6whv4cMPhgbBCVhhffQP4u,energetic,outta my head
6AXCd4zhFP0DokZUxRzMif,Need You The Most,Ofenbach,Need You The Most,3/21/2025,46,130100,https://open.spotify.com/track/6AXCd4zhFP0DokZUxRzMif,energetic,need you the most
6BBD4ORMmIXeOND3kFQ1IB,Take You Dancing - R3HAB Remix,"Jason Derulo, R3HAB",Take You Dancing (R3HAB Remix),8/20/2020,49,175573,https://open.spotify.com/track/6BBD4ORMmIXeOND3kFQ1IB,energetic,take you dancing r3hab remix
1wUgaVZAwwdqC7dq3nHTjE,Be Your Friend (feat. Enisa),"Cheat Codes, Edward Maya, Enisa",Be Your Friend (feat. Enisa),5/30/2025,51,159973,https://open.spotify.com/track/1wUgaVZAwwdqC7dq3nHTjE,energetic,be your friend feat enisa
6RHdHHlOAHwFaYS9LUwpYU,Heart Still Beating,"Nathan Dawe, Bebe Rexha",Heart Still Beating,10/27/2023,51,149163,https://open.spotify.com/track/6RHdHHlOAHwFaYS9LUwpYU,energetic,heart still beating
2D1P2Y9RUxZW2Ch9A1rwHA,One By One (feat. Oaks),"Robin Schulz, Topic, Oaks",One By One (feat. Oaks),1/19/2024,59,161276,https://open.spotify.com/track/2D1P2Y9RUxZW2Ch9A1rwHA,energetic,one by one feat oaks
13vW2uIXG0H3IpL4faoPNZ,Drink in Moderation,BOY LOCO,Drink in Moderation,10/11/2024,55,140273,https://open.spotify.com/track/13vW2uIXG0H3IpL4faoPNZ,energetic,drink in moderation
4OIJAOZkj6ChEvSIzUKDmQ,Viento,"Gabry Ponte, Vicco",Viento,6/14/2024,60,140867,https://open.spotify.com/track/4OIJAOZkj6ChEvSIzUKDmQ,energetic,viento
1ONZD7qCTjQqZliYyfSGCd,Up In The Sky,Henri PFR,Up In The Sky,11/29/2024,35,145221,https://open.spotify.com/track/1ONZD7qCTjQqZliYyfSGCd,energetic,up in the sky
3xY5aYJcdvZX9xQxNd02ku,In The City,"Charli xcx, Sam Smith",In The City,10/19/2023,56,176479,https://open.spotify.com/track/3xY5aYJcdvZX9xQxNd02ku,energetic,in the city
0YpRDaOmPYZwK75CrqTsip,Say Goodbye - Midnight Dance Party Remix,"Theobuntu, Midnight Dance Party",Say Goodbye (Midnight Dance Party Remix),9/19/2025,29,228529,https://open.spotify.com/track/0YpRDaOmPYZwK75CrqTsip,energetic,say goodbye midnight dance party remix
0DQfBtvq7MSR9fg6MJOMRy,Narina,"Trinix, Lura",Narina,3/14/2025,48,175816,https://open.spotify.com/track/0DQfBtvq7MSR9fg6MJOMRy,energetic,narina
0hh94JJOOvvgugZUWWQxcr,A Girl Like You,FDVM,A Girl Like You,2/21/2025,49,151190,https://open.spotify.com/track/0hh94JJOOvvgugZUWWQxcr,energetic,a girl like you
2aSjWonALEwE3wTpjYMvc7,There She Goes,"CYRIL, MOONLGHT, The La's",There She Goes,5/16/2025,72,121874,https://open.spotify.com/track/2aSjWonALEwE3wTpjYMvc7,energetic,there she goes
4nlXxb73NwSvXUDQVANeAh,Hate Me,Theobuntu,Adult Feelings,6/26/2025,21,166285,https://open.spotify.com/track/4nlXxb73NwSvXUDQVANeAh,energetic,hate me
2o97OhRvkc1WGbV20QkB0R,Rock My Body,"R3HAB, INNA, Sash!",Rock My Body,4/28/2023,0,137419,https://open.spotify.com/track/2o97OhRvkc1WGbV20QkB0R,energetic,rock my body
0p0zES2I7Lgeow1yXmF8ss,Hotstepper,"Trinix, Blvk H3ro",Hotstepper,4/5/2024,57,141615,https://open.spotify.com/track/0p0zES2I7Lgeow1yXmF8ss,energetic,hotstepper
6i7zAdNhzUN2k1HcrBxPHG,Head Shoulders Knees & Toes (feat. Norma Jean Martine),"Ofenbach, Quarterhead, Norma Jean Martine",Head Shoulders Knees & Toes (feat. Norma Jean Martine),5/8/2020,57,156960,https://open.spotify.com/track/6i7zAdNhzUN2k1HcrBxPHG,energetic,head shoulders knees toes feat norma jean martine
5HWmjViuVauuPJcAkO24wc,Keep Dreaming,Kaeyra,Keep Dreaming,8/20/2025,47,199680,https://open.spotify.com/track/5HWmjViuVauuPJcAkO24wc,energetic,keep dreaming
7uCbQR6CHGsy8xCR8JRKyG,Smash My Heart,Robin Schulz,Smash My Heart,7/14/2023,1,170706,https://open.spotify.com/track/7uCbQR6CHGsy8xCR8JRKyG,energetic,smash my heart
2ttIodvY52FYgod5qrcQHN,Lovin Myself,Ava Max,Lovin Myself,5/29/2025,54,176214,https://open.spotify.com/track/2ttIodvY52FYgod5qrcQHN,energetic,lovin myself
7mobUfp1aL8A6CdugCMWft,BOTH,"Tiësto, 21 Savage, BIA",BOTH,8/29/2023,60,188000,https://open.spotify.com/track/7mobUfp1aL8A6CdugCMWft,energetic,both
1ciemDCppxQbYhXzqMoBV0,Sweet Lies,"Nathan Dawe, Talia Mar",Sweet Lies,10/28/2022,41,121860,https://open.spotify.com/track/1ciemDCppxQbYhXzqMoBV0,energetic,sweet lies
7J5GcAbZ2rsWk2BzZDVog1,fancy,Artemas,fancy / xvideos,12/18/2024,54,125943,https://open.spotify.com/track/7J5GcAbZ2rsWk2BzZDVog1,energetic,fancy
3YfGTvsTAWGC2lgoDOikUz,One in a Million,"Bebe Rexha, David Guetta",One in a Million,8/4/2023,63,160529,https://open.spotify.com/track/3YfGTvsTAWGC2lgoDOikUz,energetic,one in a million
0X1KsfG08N1K8brMqGXEXv,One with the Wolves,Robin Schulz,Pink,8/25/2023,41,180213,https://open.spotify.com/track/0X1KsfG08N1K8brMqGXEXv,energetic,one with the wolves
4gA4ndECS37Q9EtanM0SVG,Last Night (feat. Sadie Rose Van),"Henri PFR, Sadie Rose Van",Last Night (feat. Sadie Rose Van),5/10/2024,47,143709,https://open.spotify.com/track/4gA4ndECS37Q9EtanM0SVG,energetic,last night feat sadie rose van
36z2ETGN2zpbOC9new8bUM,Blind (feat. Leowolf),"Theobuntu, LEOWOLF",Blind (feat. Leowolf),1/31/2025,24,156000,https://open.spotify.com/track/36z2ETGN2zpbOC9new8bUM,energetic,blind feat leowolf
29p6UW08MXzwj9thWBW3uF,Hero,"AFROJACK, David Guetta",Hero,4/30/2021,51,171840,https://open.spotify.com/track/29p6UW08MXzwj9thWBW3uF,energetic,hero
6DsMTkxooHd3ziMyYek5Vi,Born to Dance,Trinix,Born to Dance,11/10/2023,36,132519,https://open.spotify.com/track/6DsMTkxooHd3ziMyYek5Vi,energetic,born to dance
0EPnTKYTvCz7wYH3ENYQpa,All In My Head (feat. Omar Rudberg),"FDVM, Omar Rudberg",All In My Head (feat. Omar Rudberg),6/16/2023,33,150680,https://open.spotify.com/track/0EPnTKYTvCz7wYH3ENYQpa,energetic,all in my head feat omar rudberg
3WsbAGQt6HgTj9kg6f466M,Here We Go Again,"Oliver Tree, David Guetta",Here We Go Again,3/3/2023,51,164541,https://open.spotify.com/track/3WsbAGQt6HgTj9kg6f466M,energetic,here we go again
3s32YmunFgfXVWgLRKLdKm,Sweet Goodbye,Robin Schulz,Sweet Goodbye,2/17/2023,48,157619,https://open.spotify.com/track/3s32YmunFgfXVWgLRKLdKm,energetic,sweet goodbye
0EeASEiZBmKx4Qa6O8pEVK,Our Aside,Theobuntu,Our Aside,3/21/2025,20,171875,https://open.spotify.com/track/0EeASEiZBmKx4Qa6O8pEVK,energetic,our aside
6f08saOLZyQr0ulFKUzFeL,Easy On My Heart,Gabry Ponte,Easy On My Heart,9/1/2023,55,178593,https://open.spotify.com/track/6f08saOLZyQr0ulFKUzFeL,energetic,easy on my heart
3nBGbuwudxcu1Gqb3xKtIo,Alright?,Theobuntu,Alright?,5/30/2025,20,143283,https://open.spotify.com/track/3nBGbuwudxcu1Gqb3xKtIo,energetic,alright
1SlLP2AI4L2oh3VRJfHBpf,Hurricane (feat. SHIBUI),"Blasterjaxx, Prezioso, LIZOT, Shibui",Hurricane (feat. SHIBUI),4/1/2022,52,153222,https://open.spotify.com/track/1SlLP2AI4L2oh3VRJfHBpf,energetic,hurricane feat shibui
1E25XsCUJ0cuKEB1gTf5j8,Secrets (feat. MAYLYN),"Faustix, Lizzy Wang, MAYLYN",Secrets (feat. MAYLYN),3/4/2022,24,135726,https://open.spotify.com/track/1E25XsCUJ0cuKEB1gTf5j8,energetic,secrets feat maylyn
02RIHCcIRIrFgRYzUizHlJ,Electric Love,"LUM!X, LAWRENT",Electric Love,5/12/2023,33,144037,https://open.spotify.com/track/02RIHCcIRIrFgRYzUizHlJ,energetic,electric love
69P8aWFbgM3eD7UFSLPWsq,abc (The Wild Remix),"The Wild, GAYLE",abc (The Wild Remix),12/31/2021,50,182903,https://open.spotify.com/track/69P8aWFbgM3eD7UFSLPWsq,energetic,abc the wild remix
5vlzH0ps6WDyb158oFTAb3,Lionheart (Fearless),"Joel Corry, Tom Grennan",Lionheart (Fearless),10/21/2022,60,186689,https://open.spotify.com/track/5vlzH0ps6WDyb158oFTAb3,energetic,lionheart fearless
7cYrKZfoN2ioWEFGGBGuKV,Only Way Is Up (feat. Izzy Bizu),"Robin Schulz, Izzy Bizu",Only Way Is Up (feat. Izzy Bizu),6/7/2024,48,149816,https://open.spotify.com/track/7cYrKZfoN2ioWEFGGBGuKV,energetic,only way is up feat izzy bizu
3UGAJ5bHrDvxH28oJq5Uiw,4U,Ofenbach,4U,4/18/2022,41,149717,https://open.spotify.com/track/3UGAJ5bHrDvxH28oJq5Uiw,energetic,4u
3ElGRG3DqSzzkh1b2wnbzf,We Could Be Together (feat. Daddy DJ),"Gabry Ponte, LUM!X, Daddy DJ",We Could Be Together (feat. Daddy DJ),6/3/2022,61,149642,https://open.spotify.com/track/3ElGRG3DqSzzkh1b2wnbzf,energetic,we could be together feat daddy dj
3Jd898Z6fG2rooLiBA3gIc,Living On Video (All Tonight),"Poylow, Pakito, Nito-Onna",Living On Video (All Tonight),6/2/2023,34,156241,https://open.spotify.com/track/3Jd898Z6fG2rooLiBA3gIc,energetic,living on video all tonight
2aZDpay0CohwxTPQtxetAG,Let's Love - Robin Schulz Remix,"David Guetta, Sia, Robin Schulz",Let's Love (Robin Schulz Remix),11/6/2020,34,172154,https://open.spotify.com/track/2aZDpay0CohwxTPQtxetAG,energetic,lets love robin schulz remix
2tX3PY8eP3h9XaBcLXuRBa,Saturday/Sunday,"Jason Derulo, David Guetta",Saturday/Sunday,2/9/2023,51,166572,https://open.spotify.com/track/2tX3PY8eP3h9XaBcLXuRBa,energetic,saturdaysunday
6Jv74dhllfp9UstM1tIvsG,Mad World,"Sirona, Matt Wolff",Mad World,7/22/2022,31,157142,https://open.spotify.com/track/6Jv74dhllfp9UstM1tIvsG,energetic,mad world
3M89zvwwb1jtDUDKYNsdiA,Calabria (feat. Lunis & Lujavo),"Dance Fruits Music, DMNDS, dnvn, Lunis, Lujavo",Calabria (feat. Lunis & Lujavo),4/16/2021,58,128500,https://open.spotify.com/track/3M89zvwwb1jtDUDKYNsdiA,energetic,calabria feat lunis lujavo
1eGlStOBtFJ6Oc4hhN5tUR,Shivers - Ofenbach Remix,"Ed Sheeran, Ofenbach",Shivers (Ofenbach Remix),10/8/2021,67,187247,https://open.spotify.com/track/1eGlStOBtFJ6Oc4hhN5tUR,energetic,shivers ofenbach remix
64RBKNQIs11WMBhOQitymV,Lean On My Love,liquidfive,Lean On My Love,11/8/2024,27,146666,https://open.spotify.com/track/64RBKNQIs11WMBhOQitymV,energetic,lean on my love
5zEAGm4yKQ8NMemN0m3rW1,Nirvana,A7S,Nirvana,6/4/2021,46,157910,https://open.spotify.com/track/5zEAGm4yKQ8NMemN0m3rW1,energetic,nirvana
6VtfGGQOasBhSQOpCfIcWb,Love Me Now (feat. FAST BOY),"Ofenbach, FAST BOY",Love Me Now (feat. FAST BOY),9/6/2022,38,152581,https://open.spotify.com/track/6VtfGGQOasBhSQOpCfIcWb,energetic,love me now feat fast boy
0HybBvMCgup3onP64JlKqT,Horizon (feat. Olivary) - Thaylo Club Mix,"Theobuntu, Thaylo, Olivary",Horizon (feat. Olivary) [Thaylo Club Mix],10/17/2025,20,201086,https://open.spotify.com/track/0HybBvMCgup3onP64JlKqT,energetic,horizon feat olivary thaylo club mix
0GGUayyESI4F0FhnQPSV81,Finally,"Yves V, HUGEL",Finally,7/2/2021,44,181935,https://open.spotify.com/track/0GGUayyESI4F0FhnQPSV81,energetic,finally
716NqsKLnZVIwLCu1T2yhS,Call On You,"Nito-Onna, Poylow",Call On You,11/22/2024,24,166982,https://open.spotify.com/track/716NqsKLnZVIwLCu1T2yhS,energetic,call on you
0JwXH0xA7o7HUfVfyFh1H6,I'll Be There,"Robin Schulz, Rita Ora, Tiago PZK",I'll Be There,10/13/2023,53,166632,https://open.spotify.com/track/0JwXH0xA7o7HUfVfyFh1H6,energetic,ill be there
3lqamRh4EILIDACnAbl35t,feelings don't lie,"Ofenbach, salem ilese",feelings don't lie,5/24/2024,45,150824,https://open.spotify.com/track/3lqamRh4EILIDACnAbl35t,energetic,feelings dont lie
5ij0EuOJmqzwBqVIzBAXbb,Dumb,A7S,Dumb,7/14/2023,36,149653,https://open.spotify.com/track/5ij0EuOJmqzwBqVIzBAXbb,energetic,dumb
2F0dCzhF9W1tcXwXu99m28,Oh Baby (feat. bshp & Issey Cross),"Nathan Dawe, Bru-C, bshp, Issey Cross",Oh Baby (feat. bshp & Issey Cross),2/3/2023,48,148236,https://open.spotify.com/track/2F0dCzhF9W1tcXwXu99m28,energetic,oh baby feat bshp issey cross
1tNSYryHAUXKSMqYh1WS5M,Light That Leads Me (with Bebe Rexha),"Netsky, Bebe Rexha",Light That Leads Me (with Bebe Rexha),8/22/2025,57,193289,https://open.spotify.com/track/1tNSYryHAUXKSMqYh1WS5M,energetic,light that leads me with bebe rexha
5ma5cqNZGiJonJNYCa96Ci,Minefields - Ofenbach Remix,"Faouzia, John Legend, Ofenbach",Minefields (Ofenbach Remix),1/7/2021,37,229316,https://open.spotify.com/track/5ma5cqNZGiJonJNYCa96Ci,energetic,minefields ofenbach remix
1bmvJkAA8Yz9bv6y3WOj3U,Set Me Free (feat. MAX),"Oliver Heldens, Party Pupils, MAX",Set Me Free (feat. MAX),11/6/2020,2,193364,https://open.spotify.com/track/1bmvJkAA8Yz9bv6y3WOj3U,energetic,set me free feat max
63bWXWGcWnRQvdS8bJWdkB,Love Again (feat. Alida),"Alok, Alida",Love Again (feat. Alida),2/5/2021,58,147401,https://open.spotify.com/track/63bWXWGcWnRQvdS8bJWdkB,energetic,love again feat alida
02FqPcKOjgOBbZRYdpAIhS,Dare U,"NLE Choppa, Imagine Dragons",Dare U,1/16/2025,61,141922,https://open.spotify.com/track/02FqPcKOjgOBbZRYdpAIhS,energetic,dare u
2nCIE2AVFQ1adRVkocdGOp,Touch,VINAI,Touch,6/18/2021,54,144677,https://open.spotify.com/track/2nCIE2AVFQ1adRVkocdGOp,energetic,touch
0HSEJscVwXS83GPgWPMaeR,Bang Bang,"Rita Ora, Imanbek",Bang,2/12/2021,28,179586,https://open.spotify.com/track/0HSEJscVwXS83GPgWPMaeR,energetic,bang bang
19TOAlTFq0NDHvUPQR0tkr,South of the Border (feat. Camila Cabello & Cardi B) - Cheat Codes Remix,"Ed Sheeran, Cardi B, Camila Cabello, Cheat Codes",South of the Border (feat. Camila Cabello & Cardi B) [Cheat Codes Remix],9/27/2019,53,195924,https://open.spotify.com/track/19TOAlTFq0NDHvUPQR0tkr,energetic,south of the border feat camila cabello cardi b cheat codes remix
5072hCBK3Z15qRnTEzd8fy,Titanium (feat. Sia) - David Guetta & MORTEN Future Rave Remix,"David Guetta, Sia, MORTEN",Titanium (feat. Sia) [David Guetta & MORTEN Future Rave Remix],8/20/2021,67,211428,https://open.spotify.com/track/5072hCBK3Z15qRnTEzd8fy,energetic,titanium feat sia david guetta morten future rave remix
2REu6wX4KKrG6uGlTKVqu6,One More Time (feat. Alida),"Robin Schulz, Felix Jaehn, Alida",IIII,2/26/2021,53,199357,https://open.spotify.com/track/2REu6wX4KKrG6uGlTKVqu6,energetic,one more time feat alida
6Of37cKE0cKe8FgBF668O9,Know,Aramis,Know,10/4/2024,25,175506,https://open.spotify.com/track/6Of37cKE0cKe8FgBF668O9,energetic,know
78VSoe3vn4gR4pYSTBiAXA,Wrong or Right (The Riddle),Bassjackers,Wrong or Right (The Riddle),3/24/2023,57,154620,https://open.spotify.com/track/78VSoe3vn4gR4pYSTBiAXA,energetic,wrong or right the riddle
7gJynFtygTiif6xdoipmUm,Forget You (with Gabry Ponte),"LUM!X, Alida, Gabry Ponte",Forget You (with Gabry Ponte),2/10/2023,43,138620,https://open.spotify.com/track/7gJynFtygTiif6xdoipmUm,energetic,forget you with gabry ponte
78oZ26xvmtCfarveRXs3dq,Big (feat. Gunna),"Rita Ora, David Guetta, Imanbek, Gunna",Big (feat. Gunna),2/11/2021,47,156781,https://open.spotify.com/track/78oZ26xvmtCfarveRXs3dq,energetic,big feat gunna
3Ns7GYmCWy4DLI3e6yRE5d,Say Say Say (Waiting 4 U) - Steff da Campo & 71 Digits Radio Mix,"Hi_Tack, Steff da Campo, 71 Digits",Say Say Say (Waiting 4 U) [Steff da Campo & 71 Digits Radio Mix],10/30/2020,52,153600,https://open.spotify.com/track/3Ns7GYmCWy4DLI3e6yRE5d,energetic,say say say waiting 4 u steff da campo 71 digits radio mix
4dZHhJUpHa0D3kSN8iOVvx,Can't Love Myself (feat. Mishaal & LPW),"HUGEL, Mishaal Tamer, LPW",Can't Love Myself (feat. Mishaal & LPW),12/4/2020,40,156659,https://open.spotify.com/track/4dZHhJUpHa0D3kSN8iOVvx,energetic,cant love myself feat mishaal lpw
2rUsJXt4NeeDiIU6sBvrxo,All We Got (feat. KIDDO) - Ofenbach Remix,"Robin Schulz, KIDDO, Ofenbach",All We Got (feat. KIDDO) [Ofenbach Remix],11/13/2020,48,129814,https://open.spotify.com/track/2rUsJXt4NeeDiIU6sBvrxo,energetic,all we got feat kiddo ofenbach remix
2ekn2ttSfGqwhhate0LSR0,New Rules,Dua Lipa,Dua Lipa (Deluxe),6/2/2017,81,209320,https://open.spotify.com/track/2ekn2ttSfGqwhhate0LSR0,energetic,new rules
1iue9j6pHYFdk8pR0ekLJS,DADDY KEEPS CALLING,"Kaleena Zanders, Tchami",DADDY KEEPS CALLING,9/13/2024,32,157500,https://open.spotify.com/track/1iue9j6pHYFdk8pR0ekLJS,energetic,daddy keeps calling
4SkmZvciMZmMinCeEA7g5L,4 to the Floor (feat. Nikol Apatini),"HUGEL, Stefy De Cicco, Hugo Cantarra, Nikol Apatini",4 to the Floor (feat. Nikol Apatini),1/8/2021,60,176585,https://open.spotify.com/track/4SkmZvciMZmMinCeEA7g5L,energetic,4 to the floor feat nikol apatini
265zv3IDBskSIkvgPOSiGQ,2U (feat. Justin Bieber),"David Guetta, Justin Bieber",7,9/14/2018,48,194893,https://open.spotify.com/track/265zv3IDBskSIkvgPOSiGQ,energetic,2u feat justin bieber
5ANWAzmveemGd3Zqb5FXR1,After Midnight (feat. Xoro),"Lucas & Steve, Yves V, Xoro",After Midnight (feat. Xoro),1/27/2023,52,143526,https://open.spotify.com/track/5ANWAzmveemGd3Zqb5FXR1,energetic,after midnight feat xoro
0SZPXD0uEl72YjUVY2K3E9,"The Business, Pt. II","Tiësto, Ty Dolla $ign","The Business, Pt. II",1/21/2021,54,164267,https://open.spotify.com/track/0SZPXD0uEl72YjUVY2K3E9,energetic,the business pt ii
0PAPiFLJYjt55g8rO1uG9B,Hooked (Hot Stuff),"Rika, Galantis",Hooked (Hot Stuff),1/20/2023,31,171188,https://open.spotify.com/track/0PAPiFLJYjt55g8rO1uG9B,energetic,hooked hot stuff
32PKQDEaouIIOlNZ5umoR6,No Diggity,"Lucas & Steve, Blackstreet",No Diggity,3/26/2021,47,168727,https://open.spotify.com/track/32PKQDEaouIIOlNZ5umoR6,energetic,no diggity
1RSBK5VWdjPjHEmRhAkS4Q,Sacrifice,Bebe Rexha,Sacrifice,3/5/2021,49,160871,https://open.spotify.com/track/1RSBK5VWdjPjHEmRhAkS4Q,energetic,sacrifice
463CkQjx2Zk1yXoBuierM9,Levitating (feat. DaBaby),"Dua Lipa, DaBaby",Levitating (feat. DaBaby),10/1/2020,67,203064,https://open.spotify.com/track/463CkQjx2Zk1yXoBuierM9,energetic,levitating feat dababy
0dQQQRxfaTjjDdpno92mTT,No One Knows (feat. Chiara Castelli),"Henri PFR, Famba, Chiara Castelli",No One Knows (feat. Chiara Castelli),11/2/2020,30,147096,https://open.spotify.com/track/0dQQQRxfaTjjDdpno92mTT,energetic,no one knows feat chiara castelli
3gG1APb47C9I1nIgcLFMEh,Fade Away,BENNETT,Fade Away,1/24/2025,46,157000,https://open.spotify.com/track/3gG1APb47C9I1nIgcLFMEh,energetic,fade away
0xUDBg6SMpLjCwqBlsYN8W,Disco Cone (Take It High),"WENZL, Enisa",Disco Cone (Take It High),1/12/2024,0,131367,https://open.spotify.com/track/0xUDBg6SMpLjCwqBlsYN8W,energetic,disco cone take it high
4JQQF7uU5LEc5aubbkvA2K,Wanna Be Loved (feat. PollyAnna),"Henri PFR, FDVM, PollyAnna",Wanna Be Loved (feat. PollyAnna),2/9/2024,38,150476,https://open.spotify.com/track/4JQQF7uU5LEc5aubbkvA2K,energetic,wanna be loved feat pollyanna
2vfcLK0mU3JhMC6vscawrM,Cherry Lips,AR/CO,Cherry Lips,2/2/2024,41,171441,https://open.spotify.com/track/2vfcLK0mU3JhMC6vscawrM,energetic,cherry lips
2HmMuaXvmP6E5RUlqf8EUP,Intergalactic Love,FDVM,Intergalactic Love,9/29/2023,25,149183,https://open.spotify.com/track/2HmMuaXvmP6E5RUlqf8EUP,energetic,intergalactic love
0mV43B6pJWRjcM5TmzNe6d,EveryTime I Cry,Ava Max,EveryTime I Cry,6/8/2021,57,177855,https://open.spotify.com/track/0mV43B6pJWRjcM5TmzNe6d,energetic,everytime i cry
7eJcQOMpRy9CRMZA6J3XAq,Waterfall,"Syn Cole, Alida",Waterfall,10/4/2024,30,187007,https://open.spotify.com/track/7eJcQOMpRy9CRMZA6J3XAq,energetic,waterfall
61ZM92T2zaXIVsqncThQzC,In Your Eyes (feat. Alida),"Robin Schulz, Alida",In Your Eyes (feat. Alida),1/10/2020,58,208222,https://open.spotify.com/track/61ZM92T2zaXIVsqncThQzC,energetic,in your eyes feat alida
1NAeorrSNCibpdJMpXLFeG,Fly (feat. Amara Abonta),"Ødyssey, Amara Abonta",Fly (feat. Amara Abonta),2/24/2017,0,173186,https://open.spotify.com/track/1NAeorrSNCibpdJMpXLFeG,energetic,fly feat amara abonta
5IfHQilcjciOxJQBFCNCCN,HISTORY,"Joel Corry, Becky Hill",HISTORY,8/5/2022,51,176609,https://open.spotify.com/track/5IfHQilcjciOxJQBFCNCCN,energetic,history
1HagMz5nWk1HmevNCBOxF3,Answerphone (feat. Yxng Bane),"Banx & Ranx, Ella Eyre, Yxng Bane",Answerphone (feat. Yxng Bane),3/15/2018,49,190920,https://open.spotify.com/track/1HagMz5nWk1HmevNCBOxF3,energetic,answerphone feat yxng bane
4eB54t0RNCDdTwN6o3mlfk,Til the Sun Rise Up (feat. Akon),"Bob Sinclar, Akon",Til The Sun Rise Up (feat. Akon),9/8/2017,44,190952,https://open.spotify.com/track/4eB54t0RNCDdTwN6o3mlfk,energetic,til the sun rise up feat akon
1vKNZeZt7griiRBDE1Eqqk,More Than Friends,"James Hype, Kelli-Leigh",The Running Mix: Fitness And Home Gym Workout Classics,6/12/2020,0,140698,https://open.spotify.com/track/1vKNZeZt7griiRBDE1Eqqk,energetic,more than friends
3jZwT3D12MkmVFbhm80Q1w,El Me Miró - Nico Falla Remix Radio Edit,"KLYMVX, Manu Manzo, Nico Falla",El Me Miró,11/1/2024,18,208608,https://open.spotify.com/track/3jZwT3D12MkmVFbhm80Q1w,energetic,el me mir nico falla remix radio edit
2lyR4sKecLAbtboEg11ouu,1:01,"Ofenbach, Joeboy",1:01,9/20/2024,33,143448,https://open.spotify.com/track/2lyR4sKecLAbtboEg11ouu,energetic,101
2NJ8vHC4lLd0LLELdrvmAA,Chemical Love,"Poylow, Kelli-Leigh",Chemical Love,11/3/2023,19,126490,https://open.spotify.com/track/2NJ8vHC4lLd0LLELdrvmAA,energetic,chemical love
7x74XLYJqptDCmY4y3FaVh,My Head & My Heart - Jonas Blue Remix,"Ava Max, Jonas Blue",My Head & My Heart (Jonas Blue Remix),12/10/2020,52,179512,https://open.spotify.com/track/7x74XLYJqptDCmY4y3FaVh,energetic,my head my heart jonas blue remix
3850dYVgOFIXJh5U4BFEWH,Hung Up,Madonna,Confessions on a Dance Floor,11/11/2005,78,337733,https://open.spotify.com/track/3850dYVgOFIXJh5U4BFEWH,energetic,hung up
4YhN72dRYL2Z3MsaKyT7rS,Stay (Don't Go Away) [feat. Raye],"David Guetta, RAYE",Stay (Don't Go Away) [feat. Raye],5/9/2019,52,185942,https://open.spotify.com/track/4YhN72dRYL2Z3MsaKyT7rS,energetic,stay dont go away feat raye
2tQB3yQenRXZ0M8DR0Lp4Z,Let Me Hold You - Turn Me On,"Cheat Codes, Dante Klein",Let Me Hold You (Turn Me On),7/8/2016,0,162425,https://open.spotify.com/track/2tQB3yQenRXZ0M8DR0Lp4Z,energetic,let me hold you turn me on
4c7ugL9u55EIb0Sb80Ggtg,Just Like You (feat. Zoë Moss),"Stone Van Brooken, Zoë Moss",Just Like You (feat. Zoë Moss),7/10/2020,19,163216,https://open.spotify.com/track/4c7ugL9u55EIb0Sb80Ggtg,energetic,just like you feat zo moss
6WVHfpzYW3HooQaCC80opC,Halo (feat. PIA MARIA),"LUM!X, PIA MARIA",Halo (feat. PIA MARIA),3/11/2022,52,159600,https://open.spotify.com/track/6WVHfpzYW3HooQaCC80opC,energetic,halo feat pia maria
5ZSIKIjJtKnqT9lJcP6BvM,Call Me Now,"Michael Calfan, INNA",Call Me Now,10/9/2020,48,146866,https://open.spotify.com/track/5ZSIKIjJtKnqT9lJcP6BvM,energetic,call me now
1CVIqrKGGZ9QYArrvCP0Ga,Tick Tock (feat. 24kGoldn) - Joel Corry Remix,"Clean Bandit, Mabel, Joel Corry, 24kGoldn",Tick Tock (feat. 24kGoldn) [Joel Corry Remix],9/11/2020,35,159056,https://open.spotify.com/track/1CVIqrKGGZ9QYArrvCP0Ga,energetic,tick tock feat 24kgoldn joel corry remix
02DNkQ4t0vN33U6YuTQYFx,Kings & Queens - James Carter Remix,"Ava Max, James Carter",Kings & Queens (The Remixes),6/30/2020,22,136190,https://open.spotify.com/track/02DNkQ4t0vN33U6YuTQYFx,energetic,kings queens james carter remix
2thqF2hKNMubZksfpRvuNF,Let It Rain Down (feat. PollyAnna),"Alle Farben, PollyAnna",Let It Rain Down (feat. PollyAnna),5/27/2022,51,158704,https://open.spotify.com/track/2thqF2hKNMubZksfpRvuNF,energetic,let it rain down feat pollyanna
5itjgE8JLn2SDiNxDr1cpp,Denise In Da House (Song For Denise) - Vocal Club Mix,House Syndicat,Denise In Da House (Song For Denise),10/21/2022,20,233000,https://open.spotify.com/track/5itjgE8JLn2SDiNxDr1cpp,energetic,denise in da house song for denise vocal club mix
0L7HnXfcwvDxXMrhblUNL4,Horizon (feat. Olivary),"Theobuntu, Thaylo, Olivary",Horizon (feat. Olivary),11/29/2024,31,194262,https://open.spotify.com/track/0L7HnXfcwvDxXMrhblUNL4,energetic,horizon feat olivary
5WSL7UTa38jMWoBzObD4BD,I Can't Stop,Flux Pavilion,I Can't Stop,2010,59,305785,https://open.spotify.com/track/5WSL7UTa38jMWoBzObD4BD,energetic,i cant stop
5YEOzOojehCqxGQCcQiyR4,Panda,Desiigner,New English,6/26/2016,67,246761,https://open.spotify.com/track/5YEOzOojehCqxGQCcQiyR4,energetic,panda
3xgK660fsZH7ZDcOMfIdfB,Jungle,"X Ambassadors, Jamie N Commons",VHS,6/30/2015,57,189706,https://open.spotify.com/track/3xgK660fsZH7ZDcOMfIdfB,energetic,jungle
4jtyUzZm9WLc2AdaJ1dso7,0 To 100 / The Catch Up,Drake,0 To 100 / The Catch Up,7/14/2013,68,275226,https://open.spotify.com/track/4jtyUzZm9WLc2AdaJ1dso7,energetic,0 to 100 the catch up
04aAxqtGp5pv12UXAg4pkq,Centuries,Fall Out Boy,American Beauty/American Psycho,1/16/2015,81,228360,https://open.spotify.com/track/04aAxqtGp5pv12UXAg4pkq,energetic,centuries
05TeoYmF2bJ5IyxskDro2e,Sex On Fire,October Surprise,"Legends, Revisted",3/5/2025,57,140176,https://open.spotify.com/track/05TeoYmF2bJ5IyxskDro2e,energetic,sex on fire
4uX7M3U4I1nsZ7SFM4XNCn,Kings Never Die,"Eminem, Gwen Stefani",Southpaw (Music From And Inspired By The Motion Picture),7/24/2015,57,296133,https://open.spotify.com/track/4uX7M3U4I1nsZ7SFM4XNCn,energetic,kings never die
7i6r9KotUPQg3ozKKgEPIN,Seven Nation Army,The White Stripes,Elephant,4/1/2003,5,231733,https://open.spotify.com/track/7i6r9KotUPQg3ozKKgEPIN,energetic,seven nation army
2kxEqyoXJUDhSTBNlr5vf5,What About Me,The Tano Jones Revelry,Spinning North,2/16/2024,56,232524,https://open.spotify.com/track/2kxEqyoXJUDhSTBNlr5vf5,energetic,what about me
2Heh0PiDG6F9fUHID8XV0Z,Warriors,Imagine Dragons,Smoke + Mirrors (Deluxe),5/11/2015,2,171039,https://open.spotify.com/track/2Heh0PiDG6F9fUHID8XV0Z,energetic,warriors
1NtIMM4N0cFa1dNzN15chl,Believer,Imagine Dragons,Evolve,6/23/2017,3,204346,https://open.spotify.com/track/1NtIMM4N0cFa1dNzN15chl,energetic,believer
6vTtJrzzjg8Ike4M2Y4yIE,Mr. Brightside,October Surprise,"Legends, Revisted",3/5/2025,55,156486,https://open.spotify.com/track/6vTtJrzzjg8Ike4M2Y4yIE,energetic,mr brightside
4eqTItesy3pZxEzHDXlyHN,Unstoppable,The Score,Unstoppable EP,9/23/2016,1,192146,https://open.spotify.com/track/4eqTItesy3pZxEzHDXlyHN,energetic,unstoppable
4G8gkOterJn0Ywt6uhqbhp,Radioactive,Imagine Dragons,Night Visions,9/4/2012,72,186813,https://open.spotify.com/track/4G8gkOterJn0Ywt6uhqbhp,energetic,radioactive
1paUZGIeMdtqYMnBI1LoFI,2 Scorpios,Ana Shine,2 Scorpios,12/30/2024,55,183730,https://open.spotify.com/track/1paUZGIeMdtqYMnBI1LoFI,energetic,2 scorpios
6Xk7PnitV9jCRorWt2LiVZ,Berzerk,Eminem,The Marshall Mathers LP2 (Deluxe),11/5/2013,64,238746,https://open.spotify.com/track/6Xk7PnitV9jCRorWt2LiVZ,energetic,berzerk
1KBuhAHzia2qoD4u6YhvER,Stiff Upper Lip,AC/DC,Stiff Upper Lip,2/25/2000,65,214560,https://open.spotify.com/track/1KBuhAHzia2qoD4u6YhvER,energetic,stiff upper lip
0dNCLogvNVqkVH6yaNR2ok,Not Possible,Ana Shine,Not Possible,5/29/2025,55,153000,https://open.spotify.com/track/0dNCLogvNVqkVH6yaNR2ok,energetic,not possible
2AYTGaclgKXACh13nJRVcV,All The Way Up (Remix),"Fat Joe, Remy Ma, JAY-Z, French Montana, InfaRed",All The Way Up (Remix) (feat. French Montana & Infared) - Single,5/27/2016,54,284830,https://open.spotify.com/track/2AYTGaclgKXACh13nJRVcV,energetic,all the way up remix
4rUuanKJphrXkijshlCoUC,The Time Is Now (John Cena),"WWE, John Cena, Tha Trademarc",WWE: WrestleMania - The Music 2013,4/2/2013,39,177026,https://open.spotify.com/track/4rUuanKJphrXkijshlCoUC,energetic,the time is now john cena
1AcGKHRv5Q4TJd9yb4vjHE,Sing For The Moment,Eminem,Curtain Call: The Hits (Deluxe Edition),12/6/2005,49,340266,https://open.spotify.com/track/1AcGKHRv5Q4TJd9yb4vjHE,energetic,sing for the moment
4SE4yewyGpOYfxfx59Yjc5,Cinderella Man,Eminem,Recovery,6/18/2010,67,279013,https://open.spotify.com/track/4SE4yewyGpOYfxfx59Yjc5,energetic,cinderella man
16NliprnQF81yGTZR9g5Z5,NEVER LOVE A GHOST,NOVUL,NEVER LOVE A GHOST,10/17/2025,35,146990,https://open.spotify.com/track/16NliprnQF81yGTZR9g5Z5,energetic,never love a ghost
7s0lDK7y3XLmI7tcsRAbW0,My Songs Know What You Did In The Dark (Light Em Up),Fall Out Boy,Save Rock And Roll,4/12/2013,61,186826,https://open.spotify.com/track/7s0lDK7y3XLmI7tcsRAbW0,energetic,my songs know what you did in the dark light em up
6u5M4jPpYkoRV4vVHDQvkd,"All I Do Is Win (feat. T-Pain, Ludacris, Snoop Dogg & Rick Ross)","DJ Khaled, T-Pain, Ludacris, Snoop Dogg, Rick Ross",Victory,3/2/2010,3,227293,https://open.spotify.com/track/6u5M4jPpYkoRV4vVHDQvkd,energetic,all i do is win feat tpain ludacris snoop dogg rick ross
6HfOzLLjsaXsehIFEsrxTk,Trophies,"Young Money, Drake",Rise Of An Empire (Deluxe Edition),1/1/2014,70,188320,https://open.spotify.com/track/6HfOzLLjsaXsehIFEsrxTk,energetic,trophies
7zscdQe9CjzXnqT3P1Ey7K,If You Want Blood (You've Got It),AC/DC,Highway to Hell,7/27/1979,65,274226,https://open.spotify.com/track/7zscdQe9CjzXnqT3P1Ey7K,energetic,if you want blood youve got it
2P884dqfjksDMSzUZksfrS,Hells Bells,AC/DC,Who Made Who,5/24/1986,55,312893,https://open.spotify.com/track/2P884dqfjksDMSzUZksfrS,energetic,hells bells
1Qf7H7d1TNP8VfPVDRLY0D,For Those About to Rock (We Salute You),AC/DC,Who Made Who,5/24/1986,47,353693,https://open.spotify.com/track/1Qf7H7d1TNP8VfPVDRLY0D,energetic,for those about to rock we salute you
7cfvP13Bqb1EyCZQiYsLum,Can’t Take A Joke,Drake,Scorpion,6/29/2018,0,163973,https://open.spotify.com/track/7cfvP13Bqb1EyCZQiYsLum,energetic,cant take a joke
2jt2WxXMCD4zjACthkJQVE,The Ringer,Eminem,Kamikaze,8/31/2018,62,337941,https://open.spotify.com/track/2jt2WxXMCD4zjACthkJQVE,energetic,the ringer
58QhkbaAkLFnn7JwAnAato,Fall,Eminem,Kamikaze,8/31/2018,61,262493,https://open.spotify.com/track/58QhkbaAkLFnn7JwAnAato,energetic,fall
3GMR3hyv8BccozoebVMve3,"It's All About the Benjamins (feat. The Notorious B.I.G., Lil' Kim & The Lox) - Remix","Puff Daddy & The Family, The Notorious B.I.G., Lil' Kim, The LOX, Diddy, Stevie J",No Way Out,1997,50,278200,https://open.spotify.com/track/3GMR3hyv8BccozoebVMve3,energetic,its all about the benjamins feat the notorious big lil kim the lox remix
22nyEAEM29tcBRhukR089b,Icon,Jaden,SYRE,11/17/2017,63,220995,https://open.spotify.com/track/22nyEAEM29tcBRhukR089b,energetic,icon
701RVIizxCUMCO92CfcPby,Ice Cold (Final Round) (with Vince Staples & Ludwig Göransson),"Mike WiLL Made-It, Vince Staples, Ludwig Göransson",Creed II: The Album,11/16/2018,50,125082,https://open.spotify.com/track/701RVIizxCUMCO92CfcPby,energetic,ice cold final round with vince staples ludwig gransson
51rXHuKN8Loc4sUlKPODgH,"King's Dead (with Kendrick Lamar, Future & James Blake)","Jay Rock, Kendrick Lamar, Future, James Blake","King's Dead (with Kendrick Lamar, Future & James Blake)",1/12/2018,67,229670,https://open.spotify.com/track/51rXHuKN8Loc4sUlKPODgH,energetic,kings dead with kendrick lamar future james blake
42zd6DYQ4o4SECmTITrM1U,Dreams and Nightmares,Meek Mill,Dreams and Nightmares (Deluxe Edition),10/26/2012,70,230693,https://open.spotify.com/track/42zd6DYQ4o4SECmTITrM1U,energetic,dreams and nightmares
1PjKowBEfdICVBaxJDPsvm,Prima Donna,"Vince Staples, A$AP Rocky",Prima Donna,8/25/2016,39,210053,https://open.spotify.com/track/1PjKowBEfdICVBaxJDPsvm,energetic,prima donna
2gcWBtz13XcrxtKuPSICsh,Lord Pretty Flacko Jodye 2 (LPFJ2),A$AP Rocky,Lord Pretty Flacko Jodye 2 (LPFJ2),1/7/2015,44,126493,https://open.spotify.com/track/2gcWBtz13XcrxtKuPSICsh,energetic,lord pretty flacko jodye 2 lpfj2
1CQqupcyMg7176PPmIVmSj,Renegade,Styx,Pieces Of Eight,1/1/1978,70,257226,https://open.spotify.com/track/1CQqupcyMg7176PPmIVmSj,energetic,renegade
2XTquzYQAdT1Hk78bOUwsv,Greatest,Eminem,Kamikaze,8/31/2018,57,226937,https://open.spotify.com/track/2XTquzYQAdT1Hk78bOUwsv,energetic,greatest
2gZUPNdnz5Y45eiGxpHGSc,POWER,Kanye West,My Beautiful Dark Twisted Fantasy,11/22/2010,78,292093,https://open.spotify.com/track/2gZUPNdnz5Y45eiGxpHGSc,energetic,power
5wnfZ7VjDpZNyfJkqc9I1d,Jungle - Remix,"X Ambassadors, Jamie N Commons, JAY-Z",Jungle (Remix),1/1/2014,51,207613,https://open.spotify.com/track/5wnfZ7VjDpZNyfJkqc9I1d,energetic,jungle remix
1deetO7jeQqMH2C7kSH32a,Jump Off The Roof,"Vince Staples, Snoh Aalegra",Summertime '06,6/30/2015,43,223986,https://open.spotify.com/track/1deetO7jeQqMH2C7kSH32a,energetic,jump off the roof
2JvzF1RMd7lE3KmFlsyZD8,MIDDLE CHILD,J. Cole,MIDDLE CHILD,1/23/2019,76,213593,https://open.spotify.com/track/2JvzF1RMd7lE3KmFlsyZD8,energetic,middle child
6kiauSlWtddVQx4JwJx51p,"Elevate (feat. Denzel Curry, YBN Cordae, SwaVay, Trevor Rich)","DJ Khalil, Denzel Curry, Cordae, SWAVAY, Trevor Rich",Spider-Man: Into the Spider-Verse (Soundtrack From & Inspired by the Motion Picture),12/14/2018,59,219400,https://open.spotify.com/track/6kiauSlWtddVQx4JwJx51p,energetic,elevate feat denzel curry ybn cordae swavay trevor rich
0pn8eHCvZsBAF9Y9wfv4rt,Really Got It,JERREAU,Never How You Plan,4/8/2016,47,187601,https://open.spotify.com/track/0pn8eHCvZsBAF9Y9wfv4rt,energetic,really got it
4J1ULwp3VLz9gTVZT3Xktk,Catch Hell Blues,The White Stripes,Icky Thump,6/15/2007,0,256600,https://open.spotify.com/track/4J1ULwp3VLz9gTVZT3Xktk,energetic,catch hell blues
6mXwoyzrpb4T5Iveoo4k5G,Lift Me Up,Vince Staples,Summertime '06,6/30/2015,43,271960,https://open.spotify.com/track/6mXwoyzrpb4T5Iveoo4k5G,energetic,lift me up
4wYq5wugZDzQiMZQYG4wVB,Whole Lotta Rosie,AC/DC,Let There Be Rock,3/21/1977,66,333800,https://open.spotify.com/track/4wYq5wugZDzQiMZQYG4wVB,energetic,whole lotta rosie
6fAyRZ0GHuuvSOEIOwi58N,Backseat Freestyle,Kendrick Lamar,"good kid, m.A.A.d city",2012,51,212653,https://open.spotify.com/track/6fAyRZ0GHuuvSOEIOwi58N,energetic,backseat freestyle
2cDCojn6uIBM6A5xTAbl3H,m.A.A.d city,"Kendrick Lamar, MC Eiht","good kid, m.A.A.d city (Deluxe)",2012,63,350120,https://open.spotify.com/track/2cDCojn6uIBM6A5xTAbl3H,energetic,maad city
3a8tAZFJxlmBwOtrf5L1oC,6 God,Drake,If You're Reading This It's Too Late,2/12/2015,62,180666,https://open.spotify.com/track/3a8tAZFJxlmBwOtrf5L1oC,energetic,6 god
58TaFP5j5i9swOf584yon2,HOUSTONFORNICATION,Travis Scott,ASTROWORLD,8/3/2018,67,217828,https://open.spotify.com/track/58TaFP5j5i9swOf584yon2,energetic,houstonfornication
3oHkMCVJyOcjg5FhfLc2Rq,"A$AP Forever REMIX (feat. Moby, T.I. & Kid Cudi)","A$AP Rocky, Moby, T.I., Kid Cudi",TESTING,5/25/2018,59,315773,https://open.spotify.com/track/3oHkMCVJyOcjg5FhfLc2Rq,energetic,aap forever remix feat moby ti kid cudi
4Of9KweFyDMknet4POr6GN,Pray for 'em,Baskem,Unleashed,6/12/2018,1,217861,https://open.spotify.com/track/4Of9KweFyDMknet4POr6GN,energetic,pray for em
2U8gfLqNhP10eirwK8G6ny,Chicago Bulls Theme Song (Sirius) [stadium Version],Sports Machine,"Chicago Sport Hits: One Goal One Score (Sounds of the Stadium Go Bulls. Bears, Blackhawks, Cubs, Sox Wildcats, Illini and the Irish)",1/1/2013,0,211173,https://open.spotify.com/track/2U8gfLqNhP10eirwK8G6ny,energetic,chicago bulls theme song sirius stadium version
0hjLM1wMtk27Qd4ZihyHmi,Wins & Losses,Meek Mill,Wins & Losses (Deluxe Edition),8/4/2017,43,189056,https://open.spotify.com/track/0hjLM1wMtk27Qd4ZihyHmi,energetic,wins losses
7D180Q77XAEP7atBLmMTgK,How You Like Me Now,The Heavy,The House That Dirt Built,10/5/2009,64,217493,https://open.spotify.com/track/7D180Q77XAEP7atBLmMTgK,energetic,how you like me now
7ckSHKZnX72c6IQnKGJNpi,Runnin (feat. A$AP Rocky & Jacob Banks),"Ludwig Göransson, A$AP Rocky, Jacob Banks",Creed II (Score & Music from the Original Motion Picture),11/16/2018,56,304586,https://open.spotify.com/track/7ckSHKZnX72c6IQnKGJNpi,energetic,runnin feat aap rocky jacob banks
16KosXZZWdX6SBWkwQUnBM,Back in the Saddle,Aerosmith,Aerosmith's Greatest Hits,11/11/1980,0,279933,https://open.spotify.com/track/16KosXZZWdX6SBWkwQUnBM,energetic,back in the saddle
20j9HwjFfdgYc5JBovDxLR,Money and the Power,Kid Ink,Almost Home,5/28/2013,47,206666,https://open.spotify.com/track/20j9HwjFfdgYc5JBovDxLR,energetic,money and the power
0haX1okP3ZHnhWPzDAUipW,I Will Go to War,Tessa Thompson,Creed II (Score & Music from the Original Motion Picture),11/16/2018,51,97160,https://open.spotify.com/track/0haX1okP3ZHnhWPzDAUipW,energetic,i will go to war
767T5vqvDToZ8LtqT8iZx9,Lord Knows / Fighting Stronger,"Meek Mill, Jhené Aiko, Ludwig Göransson",CREED: Original Motion Picture Soundtrack,11/20/2015,50,294925,https://open.spotify.com/track/767T5vqvDToZ8LtqT8iZx9,energetic,lord knows fighting stronger
0C80GCp0mMuBzLf3EAXqxv,Shoot to Thrill,AC/DC,Back In Black,7/25/1980,75,317426,https://open.spotify.com/track/0C80GCp0mMuBzLf3EAXqxv,energetic,shoot to thrill
5UKeFkVeUfvP6S43I8s9mt,Jailbreak,AC/DC,'74 Jailbreak,10/15/1984,60,280960,https://open.spotify.com/track/5UKeFkVeUfvP6S43I8s9mt,energetic,jailbreak
6HSqyfGnsHYw9MmIpa9zlZ,Forever,"Drake, Kanye West, Lil Wayne, Eminem",More Than A Game,1/1/2009,63,357346,https://open.spotify.com/track/6HSqyfGnsHYw9MmIpa9zlZ,energetic,forever
1kMuU3TNQvHbqvXCWBodmP,Right Above It,"Lil Wayne, Drake",I Am Not A Human Being,1/1/2010,70,271946,https://open.spotify.com/track/1kMuU3TNQvHbqvXCWBodmP,energetic,right above it
6HZILIRieu8S0iqY8kIKhj,DNA.,Kendrick Lamar,DAMN.,4/14/2017,77,185946,https://open.spotify.com/track/6HZILIRieu8S0iqY8kIKhj,energetic,dna
08mG3Y1vljYA6bvDt4Wqkj,Back In Black,AC/DC,Back In Black,7/25/1980,84,255493,https://open.spotify.com/track/08mG3Y1vljYA6bvDt4Wqkj,energetic,back in black
25rc1PFgPvtV6GFSloyOI0,New Level (feat. Future),"A$AP Ferg, Future",ALWAYS STRIVE AND PROSPER,6/22/2016,55,264973,https://open.spotify.com/track/25rc1PFgPvtV6GFSloyOI0,energetic,new level feat future
17N5FdRwJuv3UXQ7MHnbhF,Ballin,Logic,Uncle Drew (Original Motion Picture Soundtrack),6/15/2018,61,166080,https://open.spotify.com/track/17N5FdRwJuv3UXQ7MHnbhF,energetic,ballin
7KXjTSCq5nL1LoYtL7XAwS,HUMBLE.,Kendrick Lamar,DAMN.,4/14/2017,83,177000,https://open.spotify.com/track/7KXjTSCq5nL1LoYtL7XAwS,energetic,humble
7kNlRLC9PEH8nXMVawssMx,Won't Back Down,"Eminem, P!nk",Recovery,6/18/2010,57,265906,https://open.spotify.com/track/7kNlRLC9PEH8nXMVawssMx,energetic,wont back down
2xLMifQCjDGFmkHkpNLD9h,SICKO MODE,Travis Scott,ASTROWORLD,8/3/2018,82,312820,https://open.spotify.com/track/2xLMifQCjDGFmkHkpNLD9h,energetic,sicko mode
0z5ZPs57J2KERwM1tBM2GF,6 Foot 7 Foot,"Lil Wayne, Cory Gunz",Tha Carter IV (Deluxe),1/1/2011,4,248586,https://open.spotify.com/track/0z5ZPs57J2KERwM1tBM2GF,energetic,6 foot 7 foot
5lFDtgWsjRJu8fPOAyJIAK,Back To Back,Drake,Back To Back,7/31/2015,66,170637,https://open.spotify.com/track/5lFDtgWsjRJu8fPOAyJIAK,energetic,back to back
0nhVrTiCGiGRCoZOJiWzm1,Danger (with Migos & Marshmello),"Migos, Marshmello",Danger (with Migos & Marshmello) [From Bright: The Album],12/8/2017,56,214586,https://open.spotify.com/track/0nhVrTiCGiGRCoZOJiWzm1,energetic,danger with migos marshmello
5KhFaq45chTw8RGfWo8T8J,BILLY,6ix9ine,Day69: Graduation Day,4/10/2018,2,112666,https://open.spotify.com/track/5KhFaq45chTw8RGfWo8T8J,energetic,billy
77UjLW8j5UAGAGVGhR5oUK,Pray For Me (with Kendrick Lamar),"The Weeknd, Kendrick Lamar",Black Panther The Album Music From And Inspired By,2/9/2018,67,211440,https://open.spotify.com/track/77UjLW8j5UAGAGVGhR5oUK,energetic,pray for me with kendrick lamar
5FEXPoPnzueFJQCPRIrC3c,Day 'N' Nite (nightmare),Kid Cudi,Man On The Moon: The End Of Day,9/15/2009,65,221266,https://open.spotify.com/track/5FEXPoPnzueFJQCPRIrC3c,energetic,day n nite nightmare
4gmmRb6bZJffOOiww1JGTO,No Heart,"21 Savage, Metro Boomin",Savage Mode,7/15/2016,67,235040,https://open.spotify.com/track/4gmmRb6bZJffOOiww1JGTO,energetic,no heart
4IO8X9W69dIQe0EC5ALXhq,Immortal,21 Savage,Immortal,10/31/2019,65,254723,https://open.spotify.com/track/4IO8X9W69dIQe0EC5ALXhq,energetic,immortal
7FIWs0pqAYbP91WWM0vlTQ,Godzilla (feat. Juice WRLD),"Eminem, Juice WRLD",Music To Be Murdered By,1/17/2020,80,210800,https://open.spotify.com/track/7FIWs0pqAYbP91WWM0vlTQ,energetic,godzilla feat juice wrld
2MbdDtCv5LUVjYy9RuGTgC,"WHATS POPPIN (feat. DaBaby, Tory Lanez & Lil Wayne) - Remix","Jack Harlow, Tory Lanez, DaBaby, Lil Wayne","WHATS POPPIN (feat. DaBaby, Tory Lanez & Lil Wayne) [Remix]",6/24/2020,64,227478,https://open.spotify.com/track/2MbdDtCv5LUVjYy9RuGTgC,energetic,whats poppin feat dababy tory lanez lil wayne remix
25zlnOAzbVoOzIeXSvQFf1,Got It On Me,Pop Smoke,Shoot For The Stars Aim For The Moon,7/3/2020,68,164579,https://open.spotify.com/track/25zlnOAzbVoOzIeXSvQFf1,energetic,got it on me
6EDO9iiTtwNv6waLwa1UUq,POPSTAR (feat. Drake),"DJ Khaled, Drake",POPSTAR (feat. Drake),7/17/2020,67,200221,https://open.spotify.com/track/6EDO9iiTtwNv6waLwa1UUq,energetic,popstar feat drake
60eZwR3BMCP2yVkUBsD69O,6locc 6a6y (feat. NLE Choppa) - Remix,"Lil Loaded, NLE Choppa",6locc 6a6y (feat. NLE Choppa) [Remix],6/19/2020,48,176583,https://open.spotify.com/track/60eZwR3BMCP2yVkUBsD69O,energetic,6locc 6a6y feat nle choppa remix
1CivPhVrRCMZixFOQe3NKx,Rise and Shine,J. Cole,Cole World: The Sideline Story,9/27/2011,53,274960,https://open.spotify.com/track/1CivPhVrRCMZixFOQe3NKx,energetic,rise and shine
6J17MkMmuzBiIOjRH6MOBZ,Rock and Roll Ain't Noise Pollution,AC/DC,Back In Black,7/25/1980,61,266040,https://open.spotify.com/track/6J17MkMmuzBiIOjRH6MOBZ,energetic,rock and roll aint noise pollution
2SiXAy7TuUkycRVbbWDEpo,You Shook Me All Night Long,AC/DC,Back In Black,7/25/1980,82,210173,https://open.spotify.com/track/2SiXAy7TuUkycRVbbWDEpo,energetic,you shook me all night long
5MxNLUsfh7uzROypsoO5qe,Dream On,Aerosmith,Aerosmith,1/5/1973,7,266960,https://open.spotify.com/track/5MxNLUsfh7uzROypsoO5qe,energetic,dream on
4dDurgTN3eGyU0ghzFJ0T1,Have a Drink on Me,AC/DC,Back In Black,7/25/1980,64,238466,https://open.spotify.com/track/4dDurgTN3eGyU0ghzFJ0T1,energetic,have a drink on me
5vZDl7Jr6GmtJjnziKSBqN,Check,Meek Mill,Dreams Worth More Than Money,6/29/2015,49,194463,https://open.spotify.com/track/5vZDl7Jr6GmtJjnziKSBqN,energetic,check
7nemcVsXVFZF01iqpIIo2Y,It's a Long Way to the Top (If You Wanna Rock 'N' Roll),AC/DC,High Voltage,5/14/1976,73,301226,https://open.spotify.com/track/7nemcVsXVFZF01iqpIIo2Y,energetic,its a long way to the top if you wanna rock n roll
60SdxE8apGAxMiRrpbmLY0,Lucky You (feat. Joyner Lucas),"Eminem, Joyner Lucas",Kamikaze,8/31/2018,69,244679,https://open.spotify.com/track/60SdxE8apGAxMiRrpbmLY0,energetic,lucky you feat joyner lucas
3wScL5W8H40zzCKN0atfBk,Uproar,"Lil Wayne, Swizz Beatz",Tha Carter V,9/28/2018,63,194184,https://open.spotify.com/track/3wScL5W8H40zzCKN0atfBk,energetic,uproar
79XrkTOfV1AqySNjVlygpW,Energy,Drake,If You're Reading This It's Too Late,2/12/2015,70,181933,https://open.spotify.com/track/79XrkTOfV1AqySNjVlygpW,energetic,energy
5Z8HZM6iQMhhqyPcCGY5g9,Hot (feat. Gunna),"Young Thug, Gunna",So Much Fun,8/16/2019,69,193026,https://open.spotify.com/track/5Z8HZM6iQMhhqyPcCGY5g9,energetic,hot feat gunna
5FVd6KXrgO9B3JPmC8OPst,Do I Wanna Know?,Arctic Monkeys,AM,9/9/2013,86,272394,https://open.spotify.com/track/5FVd6KXrgO9B3JPmC8OPst,energetic,do i wanna know
7f1zjZG77S891Uv4O68yfk,Baby Sitter (feat. Offset),"DaBaby, Offset",Baby On Baby,3/1/2019,56,157693,https://open.spotify.com/track/7f1zjZG77S891Uv4O68yfk,energetic,baby sitter feat offset
6C2PfemHQul77DVpnvuAIs,Gonna Fly Now,Bill Conti,Rocky III: Music From The Motion Picture,1/1/1982,53,170240,https://open.spotify.com/track/6C2PfemHQul77DVpnvuAIs,energetic,gonna fly now
3DWjFSDEQ9IWz1mj449fB7,Get Back,Pop Smoke,Meet The Woo 2,2/7/2020,65,108160,https://open.spotify.com/track/3DWjFSDEQ9IWz1mj449fB7,energetic,get back
792HwhrdO3ErRKL5yRe4Ge,Invincible,Pop Smoke,Meet The Woo 2,2/7/2020,72,127546,https://open.spotify.com/track/792HwhrdO3ErRKL5yRe4Ge,energetic,invincible
3eMsgWDRq5dKl5SBTYGv2J,Higher,Eminem,Music To Be Murdered By - Side B (Deluxe Edition),12/18/2020,61,222036,https://open.spotify.com/track/3eMsgWDRq5dKl5SBTYGv2J,energetic,higher
4TgHt7vKCimpywaiKfl0uj,Make It Rain,"Pop Smoke, Rowdy Rebel",Make It Rain,6/12/2020,48,204000,https://open.spotify.com/track/4TgHt7vKCimpywaiKfl0uj,energetic,make it rain
79s5XnCN4TJKTVMSmOx8Ep,Dior,Pop Smoke,Meet The Woo,7/26/2019,76,216386,https://open.spotify.com/track/79s5XnCN4TJKTVMSmOx8Ep,energetic,dior
4RgoqOBE34Q6zZj8K7RUAx,Go,"Huncho Jack, Travis Scott, Quavo","Huncho Jack, Jack Huncho",12/21/2017,50,156530,https://open.spotify.com/track/4RgoqOBE34Q6zZj8K7RUAx,energetic,go
7wqWSTBpYjsFX4JDDQaU1w,Loca,Vince Staples,Summertime '06,6/30/2015,37,161573,https://open.spotify.com/track/7wqWSTBpYjsFX4JDDQaU1w,energetic,loca
57Bs2m3Pn2KFGSaTVZimg9,Session One,"Eminem, Slaughterhouse",Recovery (Deluxe Edition),6/21/2010,41,268213,https://open.spotify.com/track/57Bs2m3Pn2KFGSaTVZimg9,energetic,session one
6bCWyr3C3ngZdwizTYWQTG,Onna Come Up (feat. G Herbo) [Remix],"Lil Eazzyy, G Herbo",Onna Come Up (feat. G Herbo) [Remix],1/15/2021,46,175729,https://open.spotify.com/track/6bCWyr3C3ngZdwizTYWQTG,energetic,onna come up feat g herbo remix
2f0P7iELCvAlV8j6Z3rGDE,Stranglehold,Ted Nugent,Ted Nugent,1975,63,503066,https://open.spotify.com/track/2f0P7iELCvAlV8j6Z3rGDE,energetic,stranglehold
5xKXcU8tpSYz7C7wrMMYec,Hotel Lobby,Pop Smoke,Shoot For The Stars Aim For The Moon (Deluxe),7/20/2020,61,151011,https://open.spotify.com/track/5xKXcU8tpSYz7C7wrMMYec,energetic,hotel lobby
19gEmPjfqSZT0ulDRfjl0m,Hot N*gga,Bobby Shmurda,Hot N*gga,7/25/2014,68,194561,https://open.spotify.com/track/19gEmPjfqSZT0ulDRfjl0m,energetic,hot ngga
1PS1QMdUqOal0ai3Gt7sDQ,Gold Digger,"Kanye West, Jamie Foxx",Late Registration,8/30/2005,80,207626,https://open.spotify.com/track/1PS1QMdUqOal0ai3Gt7sDQ,energetic,gold digger
5UwbnHhjnbinJH8TefuQfN,Long Cool Woman (In a Black Dress) - 1999 Remaster,The Hollies,Distant Light (1999 Remaster),10/8/1971,3,199200,https://open.spotify.com/track/5UwbnHhjnbinJH8TefuQfN,energetic,long cool woman in a black dress 1999 remaster
4qKcDkK6siZ7Jp1Jb4m0aL,Look Alive (feat. Drake),"BlocBoy JB, Drake",Look Alive (feat. Drake),2/9/2018,6,181263,https://open.spotify.com/track/4qKcDkK6siZ7Jp1Jb4m0aL,energetic,look alive feat drake
59fFsGRwFiuhxKDPc1k6xW,Opp Stoppa (feat. 21 Savage),"YBN Nahmir, 21 Savage",Opp Stoppa (feat. 21 Savage),1/22/2021,54,135430,https://open.spotify.com/track/59fFsGRwFiuhxKDPc1k6xW,energetic,opp stoppa feat 21 savage
7rq7HvZrCie7MmiGm8pUVC,Till I Die,mgk,General Admission (Deluxe),10/16/2015,56,212213,https://open.spotify.com/track/7rq7HvZrCie7MmiGm8pUVC,energetic,till i die
0Y0TOsE1q11qgbi7c5WZsG,R.I.C.O. (feat. Drake),"Meek Mill, Drake",Dreams Worth More Than Money,6/29/2015,64,197133,https://open.spotify.com/track/0Y0TOsE1q11qgbi7c5WZsG,energetic,rico feat drake
2nBI3iWLhupR7LyAJ5GGkE,Champions,"Kanye West, Gucci Mane, Big Sean, 2 Chainz, Travis Scott, Yo Gotti, Quavo, Desiigner",Champions,6/10/2016,61,334253,https://open.spotify.com/track/2nBI3iWLhupR7LyAJ5GGkE,energetic,champions
0hPLZrnDgtKxrym1BHjDhd,can't leave without it,21 Savage,i am > i was,12/21/2018,69,205351,https://open.spotify.com/track/0hPLZrnDgtKxrym1BHjDhd,energetic,cant leave without it
0gRHMoKnlm3FHL2YrwfE3w,Shhh (Pew Pew),Young Fanatic,Unknown,7/3/2019,0,113911,https://open.spotify.com/track/0gRHMoKnlm3FHL2YrwfE3w,energetic,shhh pew pew
54flyrjcdnQdco7300avMJ,We Will Rock You - Remastered 2011,Queen,News Of The World (Deluxe Remastered Version),10/28/1977,69,122066,https://open.spotify.com/track/54flyrjcdnQdco7300avMJ,energetic,we will rock you remastered 2011
0tZ3mElWcr74OOhKEiNz1x,Bulls On Parade,Rage Against The Machine,Evil Empire,4/16/1996,74,229466,https://open.spotify.com/track/0tZ3mElWcr74OOhKEiNz1x,energetic,bulls on parade
4yFoV6deeZgoXrCbOW0ubc,Waiting For My Moment,"Childish Gambino, Jhené Aiko, Vince Staples, Ludwig Göransson",CREED: Original Motion Picture Soundtrack,11/20/2015,45,251626,https://open.spotify.com/track/4yFoV6deeZgoXrCbOW0ubc,energetic,waiting for my moment
3UQQ7g6J8fiMB7oldQzBoq,Sin City,AC/DC,Powerage,5/5/1978,58,285040,https://open.spotify.com/track/3UQQ7g6J8fiMB7oldQzBoq,energetic,sin city
2XDdHuoRmBeOaBIOSclj2k,Started From the Bottom,Drake,Started From the Bottom (Explicit Version),1/1/2013,39,173160,https://open.spotify.com/track/2XDdHuoRmBeOaBIOSclj2k,energetic,started from the bottom
79ek2oolIYyGUO4aVK5IY2,Jesus Walks,Kanye West,The College Dropout (Explicit),1/1/2004,0,193733,https://open.spotify.com/track/79ek2oolIYyGUO4aVK5IY2,energetic,jesus walks
3Osd3Yf8K73aj4ySn6LrvK,No Church In The Wild,"JAY-Z, Kanye West, Frank Ocean, The-Dream",Watch The Throne (Deluxe),8/8/2011,5,272506,https://open.spotify.com/track/3Osd3Yf8K73aj4ySn6LrvK,energetic,no church in the wild
6KqKg8IPuvtDB3PNAvffFf,Shake That,"Eminem, Nate Dogg",Curtain Call (Deluxe),12/6/2005,1,274440,https://open.spotify.com/track/6KqKg8IPuvtDB3PNAvffFf,energetic,shake that
5ry2OE6R2zPQFDO85XkgRb,Money In The Grave (Drake ft. Rick Ross),"Drake, Rick Ross",The Best In The World Pack,6/15/2019,73,205426,https://open.spotify.com/track/5ry2OE6R2zPQFDO85XkgRb,energetic,money in the grave drake ft rick ross
1xzBco0xcoJEDXktl7Jxrr,Mo Bamba,Sheck Wes,MUDBOY,10/5/2018,73,183906,https://open.spotify.com/track/1xzBco0xcoJEDXktl7Jxrr,energetic,mo bamba
1cTZMwcBJT0Ka3UJPXOeeN,Nice For What,Drake,Nice For What,4/6/2018,3,210925,https://open.spotify.com/track/1cTZMwcBJT0Ka3UJPXOeeN,energetic,nice for what
4qikXelSRKvoCqFcHLB2H2,Mercy,"Kanye West, Big Sean, Pusha T, 2 Chainz",Mercy,1/1/2012,69,329320,https://open.spotify.com/track/4qikXelSRKvoCqFcHLB2H2,energetic,mercy
27GmP9AWRs744SzKcpJsTZ,Jumpman,"Drake, Future",What A Time To Be Alive,9/20/2015,69,205879,https://open.spotify.com/track/27GmP9AWRs744SzKcpJsTZ,energetic,jumpman
3hQCHzkE5oSA3F1xM8bpcM,Hustlin',Rick Ross,Port Of Miami,1/1/2006,67,254093,https://open.spotify.com/track/3hQCHzkE5oSA3F1xM8bpcM,energetic,hustlin
1ZAyjvIk9YiD76yYy0TEG6,Plug Walk,Rich The Kid,The World Is Yours,3/30/2018,66,175229,https://open.spotify.com/track/1ZAyjvIk9YiD76yYy0TEG6,energetic,plug walk
3OePAyHePd68TTKmy2hjq0,Put On,"Jeezy, Kanye West",The Recession,1/1/2008,70,321293,https://open.spotify.com/track/3OePAyHePd68TTKmy2hjq0,energetic,put on
6fujklziTHa8uoM5OQSfIo,Black Beatles,"Rae Sremmurd, Gucci Mane",SremmLife 2 (Deluxe),8/12/2016,78,291893,https://open.spotify.com/track/6fujklziTHa8uoM5OQSfIo,energetic,black beatles
1jaTQ3nqY3oAAYyCTbIvnM,WHATS POPPIN,Jack Harlow,Sweet Action,3/13/2020,70,139741,https://open.spotify.com/track/1jaTQ3nqY3oAAYyCTbIvnM,energetic,whats poppin
7xVLFuuYdAvcTfcP3IG3dS,"Work REMIX (feat. A$AP Rocky, French Montana, Trinidad James & ScHoolboy Q)","A$AP Ferg, French Montana, A$AP Rocky, Trinidad James, ScHoolboy Q",Trap Lord,8/19/2013,65,283693,https://open.spotify.com/track/7xVLFuuYdAvcTfcP3IG3dS,energetic,work remix feat aap rocky french montana trinidad james schoolboy q
2mNGL7mZILSqZHxGboJaO9,COMË N GO,Yeat,DANGEROUS SUMMER,8/1/2025,84,198620,https://open.spotify.com/track/2mNGL7mZILSqZHxGboJaO9,energetic,com n go
1zzxoZVylsna2BQB65Ppcb,X Gon' Give It To Ya,DMX,The Definition Of X: Pick Of The Litter,6/12/2007,71,217586,https://open.spotify.com/track/1zzxoZVylsna2BQB65Ppcb,energetic,x gon give it to ya
56BtPjjWiRc0ch7DH8DNu9,Trap Jump,Ken Carson,More Chaos,4/11/2025,62,150386,https://open.spotify.com/track/56BtPjjWiRc0ch7DH8DNu9,energetic,trap jump
3CSJDCWrSI2ps00cXr5dbP,ALIVE,"Ye, YoungBoy Never Broke Again",ALIVE,5/21/2025,55,118321,https://open.spotify.com/track/3CSJDCWrSI2ps00cXr5dbP,energetic,alive
2ZRdQMMKtmPLdYp9aP5cK5,Hawk Em,Pop Smoke,Meet The Woo,7/26/2019,62,118800,https://open.spotify.com/track/2ZRdQMMKtmPLdYp9aP5cK5,energetic,hawk em
5mEsgjX62uA42G3ooMubCC,IM YEAT,"Yeat, BNYX®",IM YEAT,7/18/2025,65,168549,https://open.spotify.com/track/5mEsgjX62uA42G3ooMubCC,energetic,im yeat
722tgOgdIbNe3BEyLnejw4,Black Skinhead,Kanye West,Yeezus,6/18/2013,71,188013,https://open.spotify.com/track/722tgOgdIbNe3BEyLnejw4,energetic,black skinhead
2jnezASa7o0lP6aif6VrIf,TEFLON DON,Future,MIXTAPE PLUTO,9/20/2024,62,159893,https://open.spotify.com/track/2jnezASa7o0lP6aif6VrIf,energetic,teflon don
28drn6tQo95MRvO0jQEo5C,Type Shit,"Future, Metro Boomin, Travis Scott, Playboi Carti",WE DON'T TRUST YOU,3/22/2024,80,228266,https://open.spotify.com/track/28drn6tQo95MRvO0jQEo5C,energetic,type shit
106vWgOc5xlj05wewZ2V4u,FIELD TRIP,"¥$, Kanye West, Ty Dolla $ign",VULTURES 2,8/3/2024,2,167228,https://open.spotify.com/track/106vWgOc5xlj05wewZ2V4u,energetic,field trip
3j3SfV4hAcR4XjCvW393Gr,POP OUT,Playboi Carti,MUSIC,3/14/2025,67,161738,https://open.spotify.com/track/3j3SfV4hAcR4XjCvW393Gr,energetic,pop out
0QIVDIXL9OCkfvmAmwYP6f,For The Weekend,"MIKE SOY, kalani, Sterlyn Gram",For The Weekend,3/3/2023,20,178319,https://open.spotify.com/track/0QIVDIXL9OCkfvmAmwYP6f,energetic,for the weekend
6CgbSOe4GooCaxkyMJToze,PUT IT ONG,Yeat,DANGEROUS SUMMER,8/1/2025,69,157611,https://open.spotify.com/track/6CgbSOe4GooCaxkyMJToze,energetic,put it ong
40oKW22ZNNkEdZLJTScaQI,Roll in Peace (feat. XXXTENTACION),"Kodak Black, XXXTENTACION",Project Baby 2: All Grown Up,8/18/2017,71,213132,https://open.spotify.com/track/40oKW22ZNNkEdZLJTScaQI,energetic,roll in peace feat xxxtentacion
0nj9Bq5sHDiTxSHunhgkFb,squabble up,Kendrick Lamar,GNX,11/22/2024,80,157992,https://open.spotify.com/track/0nj9Bq5sHDiTxSHunhgkFb,energetic,squabble up
6Hj9jySrnFppAI0sEMCZpJ,Robbery,Juice WRLD,Death Race For Love,3/8/2019,3,240050,https://open.spotify.com/track/6Hj9jySrnFppAI0sEMCZpJ,energetic,robbery
7IzutleLK1419FM8rUpYmq,Blakk Rokkstar,Ken Carson,More Chaos,4/11/2025,62,230923,https://open.spotify.com/track/7IzutleLK1419FM8rUpYmq,energetic,blakk rokkstar
7iabz12vAuVQYyekFIWJxD,BAND4BAND (feat. Lil Baby),"Central Cee, Lil Baby",BAND4BAND (feat. Lil Baby),5/23/2024,73,140733,https://open.spotify.com/track/7iabz12vAuVQYyekFIWJxD,energetic,band4band feat lil baby
2c7sRekhMGlj7u1WIIzoQu,Fighting My Demons,Ken Carson,A Great Chaos,10/13/2023,72,150401,https://open.spotify.com/track/2c7sRekhMGlj7u1WIIzoQu,energetic,fighting my demons
1EJIcDYXwSqipW5dFe4uJz,EVERY CHANCE I GET (feat. Lil Baby & Lil Durk),"DJ Khaled, Lil Baby, Lil Durk",KHALED KHALED,4/30/2021,73,236524,https://open.spotify.com/track/1EJIcDYXwSqipW5dFe4uJz,energetic,every chance i get feat lil baby lil durk
65OVbaJR5O1RmwOQx0875b,Wants and Needs (feat. Lil Baby),"Drake, Lil Baby",Scary Hours 2,3/5/2021,76,192956,https://open.spotify.com/track/65OVbaJR5O1RmwOQx0875b,energetic,wants and needs feat lil baby
7H3lr9bsPBGFx5NyTuBBGc,Stand On It (with Future),"Yeat, Future",2093,2/16/2024,54,180800,https://open.spotify.com/track/7H3lr9bsPBGFx5NyTuBBGc,energetic,stand on it with future
0lodMO0qK83vfPiiD7FMEt,TOPIA TWINS (feat. Rob49 & 21 Savage),"Travis Scott, Rob49, 21 Savage",UTOPIA,7/28/2023,72,223173,https://open.spotify.com/track/0lodMO0qK83vfPiiD7FMEt,energetic,topia twins feat rob49 21 savage
5rlXuCLnMdfo85079qXHoz,FUK SUMN,"Kanye West, Ty Dolla $ign",VULTURES 1,2/9/2024,1,209577,https://open.spotify.com/track/5rlXuCLnMdfo85079qXHoz,energetic,fuk sumn
7BbaIYAdi3pg4MGl6PHwPv,Monëy so big,Yeat,Up 2 Më,9/10/2021,2,160052,https://open.spotify.com/track/7BbaIYAdi3pg4MGl6PHwPv,energetic,mony so big
1Y5Jvi3eLi4Chwqch9GMem,Super Gremlin,Kodak Black,Back For Everything,2/25/2022,70,200547,https://open.spotify.com/track/1Y5Jvi3eLi4Chwqch9GMem,energetic,super gremlin
4oPLjuY1WgGTL0Ja1doDOn,Magic Johnson,ian,Valedictorian [Deluxe],6/7/2024,75,137158,https://open.spotify.com/track/4oPLjuY1WgGTL0Ja1doDOn,energetic,magic johnson
75lcPkAkUsKWHGBlGM476R,1400 / 999 Freestyle,"Trippie Redd, Juice WRLD",A Love Letter To You 3,11/9/2018,2,175954,https://open.spotify.com/track/75lcPkAkUsKWHGBlGM476R,energetic,1400 999 freestyle
2gQYziDV5cSTRSqr6akzi5,Take A Step Back,"Ski Mask The Slump God, XXXTENTACION",You Will Regret (Reloaded),2/2/2018,65,210386,https://open.spotify.com/track/2gQYziDV5cSTRSqr6akzi5,energetic,take a step back
1pfwOQKJsRRBf6NdYO4Qog,Dark Knight Dummo (feat. Travis Scott),"Trippie Redd, Travis Scott",LIFE'S A TRIP,8/10/2018,72,256161,https://open.spotify.com/track/1pfwOQKJsRRBf6NdYO4Qog,energetic,dark knight dummo feat travis scott
1W24W6jQegnNh0x5DfBBPT,The Grinch,Trippie Redd,A Love Letter To You 4,11/22/2019,2,91288,https://open.spotify.com/track/1W24W6jQegnNh0x5DfBBPT,energetic,the grinch
2JSu5cKatilbxzLLwWcwrE,COUNT MY BANDZ,Rich Amiri,COUNT MY BANDZ,9/20/2024,47,123428,https://open.spotify.com/track/2JSu5cKatilbxzLLwWcwrE,energetic,count my bandz
42tD9J0KCPFSc1d2hFTvAf,NOSTYLIST,Destroy Lonely,NO STYLIST,8/12/2022,1,180000,https://open.spotify.com/track/42tD9J0KCPFSc1d2hFTvAf,energetic,nostylist
7fEoXCZTZFosUFvFQg1BmW,Took Her To The O,King Von,Levon James,3/6/2020,79,196179,https://open.spotify.com/track/7fEoXCZTZFosUFvFQg1BmW,energetic,took her to the o
0mEdbdeRFQwBhN4xfyIeUM,Can't Tell Me Nothing,Kanye West,Graduation,9/11/2007,82,271600,https://open.spotify.com/track/0mEdbdeRFQwBhN4xfyIeUM,energetic,cant tell me nothing
4X5f3vT8MRuXF68pfjNte5,"F**kin' Problems (feat. Drake, 2 Chainz & Kendrick Lamar)","A$AP Rocky, Drake, 2 Chainz, Kendrick Lamar",LONG.LIVE.A$AP (Deluxe Version),2013,75,233786,https://open.spotify.com/track/4X5f3vT8MRuXF68pfjNte5,energetic,fkin problems feat drake 2 chainz kendrick lamar
2cQxzcGw5eUJtqIdYuRoLq,money & sex,"Destroy Lonely, Ken Carson",If Looks Could Kill,5/5/2023,61,272364,https://open.spotify.com/track/2cQxzcGw5eUJtqIdYuRoLq,energetic,money sex
40mjsnRjCpycdUw3xhS20g,GATTI,"JACKBOYS, Pop Smoke, Travis Scott",JACKBOYS,12/27/2019,69,181144,https://open.spotify.com/track/40mjsnRjCpycdUw3xhS20g,energetic,gatti
7zkM2VrMD0DvAxNrxZCICt,Wake Up,Dom Corleo,On My Own,5/26/2023,51,112153,https://open.spotify.com/track/7zkM2VrMD0DvAxNrxZCICt,energetic,wake up
1dhO5lyN2Otv4qR0xWQXH7,Live Sheck Wes,Sheck Wes,MUDBOY,10/5/2018,52,147346,https://open.spotify.com/track/1dhO5lyN2Otv4qR0xWQXH7,energetic,live sheck wes
7ycWLEP1GsNjVvcjawXz3z,Praise The Lord (Da Shine) (feat. Skepta),"A$AP Rocky, Skepta",TESTING,5/25/2018,79,205040,https://open.spotify.com/track/7ycWLEP1GsNjVvcjawXz3z,energetic,praise the lord da shine feat skepta
7sTyAjxDXq9afwfSQy6D0s,BANDIT,Don Toliver,Bandit,2/1/2024,66,147746,https://open.spotify.com/track/7sTyAjxDXq9afwfSQy6D0s,energetic,bandit
5GCU2LJWPzoP8Q6nexs61z,Let's Go,Key Glock,Glockoma 2 (Deluxe),6/23/2023,70,140106,https://open.spotify.com/track/5GCU2LJWPzoP8Q6nexs61z,energetic,lets go
0l3raueiJ78IsmZGwo6CRm,BROTHER STONE (FEAT. KODAK BLACK),"Don Toliver, Kodak Black",BROTHER STONE (FEAT. KODAK BLACK),6/13/2024,60,202840,https://open.spotify.com/track/0l3raueiJ78IsmZGwo6CRm,energetic,brother stone feat kodak black
3SEdomp4pjtkEfdZ48e4VJ,The Whole World Is Free,OsamaSon,Jump Out,1/24/2025,55,104444,https://open.spotify.com/track/3SEdomp4pjtkEfdZ48e4VJ,energetic,the whole world is free
4aYMItbIiNhfGwCLNaMw36,Mister Glock 2,"Paper Route EMPIRE, Key Glock",PAPER ROUTE iLLUMINATi,7/30/2021,55,182786,https://open.spotify.com/track/4aYMItbIiNhfGwCLNaMw36,energetic,mister glock 2
6fL8iaSdwmSTQiUv9K6L4h,Faneto,Chief Keef,Back from the Dead 2,6/16/2015,71,206654,https://open.spotify.com/track/6fL8iaSdwmSTQiUv9K6L4h,energetic,faneto
5i0eJv1DzuyhaYnro4wTKg,Crazy Story (feat. King Von),"Only The Family, King Von","Lil Durk Presents: Only the Family Involved, Vol. 2",12/21/2018,66,146751,https://open.spotify.com/track/5i0eJv1DzuyhaYnro4wTKg,energetic,crazy story feat king von
7d19457woBxmPRCq255YqM,The Race - Remix,"Tay-K, 21 Savage, Young Nudy",#SantanaWorld (+),12/14/2017,63,211875,https://open.spotify.com/track/7d19457woBxmPRCq255YqM,energetic,the race remix
3z1qBYHxWyJiwbTupk194R,VENUS,DC The Don,REBIRTH,10/23/2024,46,196000,https://open.spotify.com/track/3z1qBYHxWyJiwbTupk194R,energetic,venus
0eoNYtkwyNxAtBMoTtjB6H,R50,Homixide Gang,i5u5we5,5/31/2024,55,105500,https://open.spotify.com/track/0eoNYtkwyNxAtBMoTtjB6H,energetic,r50
16m5nuykE5WbvIjSAFvK6E,Tweaker (feat. Lil Wayne) - Remix,"GELO, Lil Wayne",Tweaker (Remix),2/7/2025,49,218457,https://open.spotify.com/track/16m5nuykE5WbvIjSAFvK6E,energetic,tweaker feat lil wayne remix
07DGOUOQb8m0fU5L87ZhPt,Auntie Ain’t Playin (feat. Skrilla),"1900Rugrat, Skrilla",Porch 2 The Pent,2/28/2025,54,120060,https://open.spotify.com/track/07DGOUOQb8m0fU5L87ZhPt,energetic,auntie aint playin feat skrilla
25T5W200EXT5y8sacYVOYu,One Take Freestyle,1900Rugrat,Porch 2 The Pent,2/28/2025,67,179906,https://open.spotify.com/track/25T5W200EXT5y8sacYVOYu,energetic,one take freestyle
4h8esPWnePAuECCHywEi6z,Lord Of Chaos,Ken Carson,More Chaos,4/11/2025,58,121957,https://open.spotify.com/track/4h8esPWnePAuECCHywEi6z,energetic,lord of chaos
5stZnlPMYz3Ba8Hbo3ajlP,X,Xzibit,Restless,4/2/2000,59,255640,https://open.spotify.com/track/5stZnlPMYz3Ba8Hbo3ajlP,energetic,x
3CUo7RAPdgAxDZUMJBb4OY,Green Day,Che,Green Day,5/16/2025,49,123951,https://open.spotify.com/track/3CUo7RAPdgAxDZUMJBb4OY,energetic,green day
6PTZqnC59apAuIXzvpiXsg,KEEP IT COOL,"Internet Money, Rich Amiri",KEEP IT COOL,8/16/2024,36,106666,https://open.spotify.com/track/6PTZqnC59apAuIXzvpiXsg,energetic,keep it cool
4pXChuim76A52lXVvFSozF,DIVE IN!,JELEEL!,REAL RAW!,5/5/2023,55,100500,https://open.spotify.com/track/4pXChuim76A52lXVvFSozF,energetic,dive in
0z0aKxg9gQaISsMxXsqdXh,TRIP OUT,"Sheck Wes, Yeat",JACKBOYS 2,7/11/2025,55,136125,https://open.spotify.com/track/0z0aKxg9gQaISsMxXsqdXh,energetic,trip out
0FEbe5hB2HqCFOaXpgZ7hD,Expression On Your Face,"Mechatok, Ecco2k, Bladee",Wide Awake,8/8/2025,54,173321,https://open.spotify.com/track/0FEbe5hB2HqCFOaXpgZ7hD,energetic,expression on your face
7lOFSXxqxVhSuu7lgL85sj,Hood Politics,"Murda Beatz, Babyface Ray, Big Sean",Hood Politics,10/1/2025,54,194643,https://open.spotify.com/track/7lOFSXxqxVhSuu7lgL85sj,energetic,hood politics
5DuAY3aXh2YiDDRhiyyWwC,coke nails,"Lil Peep, BEXEY",coke nails,10/17/2025,64,182533,https://open.spotify.com/track/5DuAY3aXh2YiDDRhiyyWwC,energetic,coke nails
4v2r3H6YEQIlxS4Z1njwoe,"Trunks (From ""Highest 2 Lowest"")",A$AP Rocky,"Trunks (From ""Highest 2 Lowest"")",8/15/2025,70,223566,https://open.spotify.com/track/4v2r3H6YEQIlxS4Z1njwoe,energetic,trunks from highest 2 lowest
2dURQIBrw3XcHyVZlfdpC1,Two of Hearts,Stacey Q,Better Than Heaven,8/18/1986,65,239693,https://open.spotify.com/track/2dURQIBrw3XcHyVZlfdpC1,energetic,two of hearts
4T4GFHCelpWURCVrF2xetE,Living On Video,Trans-X,Living on Video,1/1/1983,38,353213,https://open.spotify.com/track/4T4GFHCelpWURCVrF2xetE,energetic,living on video
3a7g0gSKdcYqJIH4EldHXh,"My Forbidden Lover (original Power 12"" Mix)",Tapps,"My Forbidden Lover (original Power 12"" Mix) - Single",7/11/2011,47,453352,https://open.spotify.com/track/3a7g0gSKdcYqJIH4EldHXh,energetic,my forbidden lover original power 12 mix
6bPruLkuTV5RezExoICYyD,"So Many Men, So Little Time (Extended Version)",Miquel Brown,Manpower,9/8/2013,33,494466,https://open.spotify.com/track/6bPruLkuTV5RezExoICYyD,energetic,so many men so little time extended version
4pzYxiOinWp5sFnDpiFjWR,Hola Que Tal,Fandango,Hola Que Tal,1/1/1988,39,221640,https://open.spotify.com/track/4pzYxiOinWp5sFnDpiFjWR,energetic,hola que tal
2FcqP2tD1X9k4bkcp1EwNs,Alto Y Peligroso,Click,Duri Duri,1987,38,311147,https://open.spotify.com/track/2FcqP2tD1X9k4bkcp1EwNs,energetic,alto y peligroso
0wgXzjgHh13xFz9S92SZpN,Your Love - Radio Edit,Lime,Your Love,1981,57,242733,https://open.spotify.com/track/0wgXzjgHh13xFz9S92SZpN,energetic,your love radio edit
07MWfCgHF013dHBve3SqQy,Danger,The Flirts,Born To Flirt,5/6/1983,55,371266,https://open.spotify.com/track/07MWfCgHF013dHBve3SqQy,energetic,danger
4PKvKkQ9nnU8BVcTqve2WB,Passion,The Flirts,10 Cents For A Dance,2/5/1982,57,303699,https://open.spotify.com/track/4PKvKkQ9nnU8BVcTqve2WB,energetic,passion
4CGCCwemrpCEiaqieMQKMJ,Fotonovela (Chapter 1) - Remasterizado,Ivan,Baila (Remasterizado 2021),1985,37,273040,https://open.spotify.com/track/4CGCCwemrpCEiaqieMQKMJ,energetic,fotonovela chapter 1 remasterizado
0u4IYwUbmgn2YASsBmouFR,Tonight,Ken Laszlo,The Best of Ken Laszlo,11/25/2016,55,229124,https://open.spotify.com/track/0u4IYwUbmgn2YASsBmouFR,energetic,tonight
708DnJC8l1b4Bf4xg0GiBv,Do You Wanna Funk?,"Patrick Cowley, Sylvester",Do Ya Wanna Funk,1/1/1982,50,414746,https://open.spotify.com/track/708DnJC8l1b4Bf4xg0GiBv,energetic,do you wanna funk
7ft4Kl0QcL5no8eTGtod39,Duri Duri (Baila Baila),Click,Duri Duri,1987,55,294870,https://open.spotify.com/track/7ft4Kl0QcL5no8eTGtod39,energetic,duri duri baila baila
7FBuEpOAcJKiiLuVqSOfSj,"So Many Men, So Little Time",Miquel Brown,"So Many Men, So Little Time - Ep",1/1/1987,0,492093,https://open.spotify.com/track/7FBuEpOAcJKiiLuVqSOfSj,energetic,so many men so little time
7LvXGoyrWgYNywEC5s8awF,Ussr,Eddy Huntington,Bang Bang Baby,4/30/2010,52,233760,https://open.spotify.com/track/7LvXGoyrWgYNywEC5s8awF,energetic,ussr
6jhy2hQxE7I47k7B9vxWtN,"Babe, We're Gonna Love Tonight",Lime,Lime II,1/1/1982,50,414856,https://open.spotify.com/track/6jhy2hQxE7I47k7B9vxWtN,energetic,babe were gonna love tonight
0M8kEswbMRbwkuHbUIf3tL,Las Manos Quietas (85 Versión),Carlos Pérez,Soltero,4/1/1985,57,222543,https://open.spotify.com/track/0M8kEswbMRbwkuHbUIf3tL,energetic,las manos quietas 85 versin
03AAIrcRJgzazS7R3eek5N,Shake It Up,Divine,"The 12"" Collection",5/7/1993,44,368693,https://open.spotify.com/track/03AAIrcRJgzazS7R3eek5N,energetic,shake it up
72Qfhhzdn07S0xUxcH29rO,High Energy,Evelyn Thomas,The Best of Evelyn Thomas,9/8/2013,32,409600,https://open.spotify.com/track/72Qfhhzdn07S0xUxcH29rO,energetic,high energy
6DSYHNPQlQ758zUohNuCUt,Shoot Your Shot,Divine,My First Album,3/12/1982,44,391200,https://open.spotify.com/track/6DSYHNPQlQ758zUohNuCUt,energetic,shoot your shot
2Gzt9UHFKsCmbSs22ZOjaS,Runaway (With My Love),Tapps,Runaway (With My Love) - Single,7/29/2011,35,408425,https://open.spotify.com/track/2Gzt9UHFKsCmbSs22ZOjaS,energetic,runaway with my love
7FpSIGhQAK3oib2SlYBiTf,Unexpected Lovers - Original,Lime,Unexpected Lovers,1/1/1985,48,393066,https://open.spotify.com/track/7FpSIGhQAK3oib2SlYBiTf,energetic,unexpected lovers original
2KCUKZnPjCaJoEf8alkkLL,Helpless (You Took My Love),The Flirts,Made In America,6/8/1984,47,464400,https://open.spotify.com/track/2KCUKZnPjCaJoEf8alkkLL,energetic,helpless you took my love
0bJYeRx0wbAvmvMZTH1TnF,Love Reaction,Divine,"The 12"" Collection",5/7/1993,40,335066,https://open.spotify.com/track/0bJYeRx0wbAvmvMZTH1TnF,energetic,love reaction
2QnekPkVoCLJjjBzLLUpyl,Come and Get Your Love,Lime,Lime II,1/1/1982,42,487240,https://open.spotify.com/track/2QnekPkVoCLJjjBzLLUpyl,energetic,come and get your love
6HRO3MpQFXBrcP0ZkwzyyN,Voulez Vous,The Flirts,"Blondes, Brunettes & Redheads",5/3/1985,40,187493,https://open.spotify.com/track/6HRO3MpQFXBrcP0ZkwzyyN,energetic,voulez vous
0RhcYpwtOwNb6iTfeYaaKH,You Think You're A Man,Divine,Essential Divine,10/10/2011,41,422746,https://open.spotify.com/track/0RhcYpwtOwNb6iTfeYaaKH,energetic,you think youre a man
3VJF5cMuQjQVZD83fRruVe,Guilty,Lime,Lime 3,1/1/1983,38,457533,https://open.spotify.com/track/3VJF5cMuQjQVZD83fRruVe,energetic,guilty
5sFfSYmscXOSdhIpAaL7ZI,Physical Attraction,The Flirts,Made In America,6/8/1984,40,225906,https://open.spotify.com/track/5sFfSYmscXOSdhIpAaL7ZI,energetic,physical attraction
08z4YUOPIc6nS0nAUC5uDU,Native Love (Step By Step),Divine,My First Album,3/12/1982,39,241506,https://open.spotify.com/track/08z4YUOPIc6nS0nAUC5uDU,energetic,native love step by step
3UsflFxjhrLOLY5ErGq6rZ,Angel Eyes,Lime,Lime 3,1/1/1983,33,468866,https://open.spotify.com/track/3UsflFxjhrLOLY5ErGq6rZ,energetic,angel eyes
79kUrxj3lBRhrF0sSfmDl2,Temptation,The Flirts,Made In America,6/8/1984,33,255213,https://open.spotify.com/track/79kUrxj3lBRhrF0sSfmDl2,energetic,temptation
7ayNOJKOx7cyIrNPK3ZU5B,I'm So Beautiful,Divine,Essential Divine,10/10/2011,35,430079,https://open.spotify.com/track/7ayNOJKOx7cyIrNPK3ZU5B,energetic,im so beautiful
5oWMY5g9BErFiZjpsPjRCP,Color My Love,Fun Fun,Color My Love,5/1/1984,48,246106,https://open.spotify.com/track/5oWMY5g9BErFiZjpsPjRCP,energetic,color my love
35FPjkNAkXdp8cXgh6gBfH,Baila Bolero - Marc Hartman Remix,"Fun Fun, Marc Hartman",Baila Bolero (Marc Hartman Remix),11/21/1987,27,300773,https://open.spotify.com/track/35FPjkNAkXdp8cXgh6gBfH,energetic,baila bolero marc hartman remix
1ST2n3ZNd285kDZyWAtxBz,Happy Station - Scratch Version,"Fun Fun, Ben Liebrand",Have Fun!,12/1/1984,39,355722,https://open.spotify.com/track/1ST2n3ZNd285kDZyWAtxBz,energetic,happy station scratch version
2vc0HBghK2g7y4N0On71Iz,Give Me Your Love,Fun Fun,Greatest Hits (Remixes & Unreleased Tracks),1/17/2020,22,234527,https://open.spotify.com/track/2vc0HBghK2g7y4N0On71Iz,energetic,give me your love
0mi5kqTqJWu1GKS1GdHQvv,Living in Japan - Radio Edit,Fun Fun,Living in Japan,12/1/1984,32,217533,https://open.spotify.com/track/0mi5kqTqJWu1GKS1GdHQvv,energetic,living in japan radio edit
4ViqRfZoOGFryXi8BDh6Gj,Megatron Man,Patrick Cowley,Megatron Man,1981,41,546346,https://open.spotify.com/track/4ViqRfZoOGFryXi8BDh6Gj,energetic,megatron man
7G0jq4sJ8oFfpfRzjFqeND,Menergy,Patrick Cowley,Patrick Cowley: The Ultimate Collection,1/1/1983,41,337080,https://open.spotify.com/track/7G0jq4sJ8oFfpfRzjFqeND,energetic,menergy
0Sx5hJQXhnxXhXHupzBJX0,Right on Target,"Patrick Cowley, Paul Parker",Disco Nights (The Collection),12/23/2009,0,379186,https://open.spotify.com/track/0Sx5hJQXhnxXhXHupzBJX0,energetic,right on target
6kmt2IIVsMcYPO0FrAR6US,Pushing Too Hard,Patrick Cowley,Patrick Cowley: The Ultimate Collection,1/1/1983,33,271813,https://open.spotify.com/track/6kmt2IIVsMcYPO0FrAR6US,energetic,pushing too hard
6D2chQ817v8Ww90oUxDVLx,Your Love - Album Mix,Lime,Your Love,1981,43,437106,https://open.spotify.com/track/6D2chQ817v8Ww90oUxDVLx,energetic,your love album mix
3RjtopVQCbo5HxuJs12J9q,Come and Get Your Love - Remix Radio Edit,Lime,Lime II,1/1/1982,35,234733,https://open.spotify.com/track/3RjtopVQCbo5HxuJs12J9q,energetic,come and get your love remix radio edit
2Y3gDRBAulaez4lgwqNdhU,Guilty - Radio Edit,Lime,Lime 3,1/1/1983,28,273133,https://open.spotify.com/track/2Y3gDRBAulaez4lgwqNdhU,energetic,guilty radio edit
5uFrWIQwIiAbnWl1ju9zjv,Unexpected Lovers - Radio Edit,Lime,Unexpected Lovers,1/1/1985,31,256946,https://open.spotify.com/track/5uFrWIQwIiAbnWl1ju9zjv,energetic,unexpected lovers radio edit
7hxDfAPGmjfUCQn08FxYha,She Has A Way,Bobby O,Freedom In An Unfree World (Expanded Edition),9/19/1983,40,353466,https://open.spotify.com/track/7hxDfAPGmjfUCQn08FxYha,energetic,she has a way
0O0CN5xa09zuCow1d5n35y,They Call Me the Queen of Fools,Jessica Williams,Queen of Fools,1/1/1979,43,334800,https://open.spotify.com/track/0O0CN5xa09zuCow1d5n35y,energetic,they call me the queen of fools
6QypjtLLKmIyLZqnOli07s,Boom Boom,Paul Lekakis,Boom Boom,9/16/1982,42,416426,https://open.spotify.com/track/6QypjtLLKmIyLZqnOli07s,energetic,boom boom
1loUhBIiebXs7vjfH95G1D,Menergy,"Patrick Cowley, Sylvester",Disco Nights (The Collection),12/23/2009,0,330333,https://open.spotify.com/track/1loUhBIiebXs7vjfH95G1D,energetic,menergy
4erOSUsVztcG5FNyuqIA9Y,Don't Stop,Sylvester,Do Ya Wanna Funk,1/1/1982,39,411853,https://open.spotify.com/track/4erOSUsVztcG5FNyuqIA9Y,energetic,dont stop
5oHKizUJ4jMXIARIaNl28y,Be With You,Sylvester,Do Ya Wanna Funk,1/1/1982,28,399973,https://open.spotify.com/track/5oHKizUJ4jMXIARIaNl28y,energetic,be with you
3iqDKY8sdJIJVEZNWttN82,Love Spy - Radio Edit,Mike Mareen,Love Spy,12/11/2015,29,260785,https://open.spotify.com/track/3iqDKY8sdJIJVEZNWttN82,energetic,love spy radio edit
3zR2PC2z0bvskaHgqx1Y7f,Agent of Liberty,Mike Mareen,Agent of Liberty,12/11/2015,26,264333,https://open.spotify.com/track/3zR2PC2z0bvskaHgqx1Y7f,energetic,agent of liberty
0KoyYHBXh8cFC2xHjxz57f,Take A Chance,Waterfront Home,New Breed Of Mermaid,3/2/1984,42,338800,https://open.spotify.com/track/0KoyYHBXh8cFC2xHjxz57f,energetic,take a chance
1iN0qo66lfplCufdYlFxMj,Hit'n Run Lover,Carol Jiani,Hit'n Run Lover,1981,31,486560,https://open.spotify.com/track/1iN0qo66lfplCufdYlFxMj,energetic,hitn run lover
1H39Eyz8CWyUihP9u7D7x1,Jump Shout (Remix),LISA,Lisa,11/10/2009,43,381466,https://open.spotify.com/track/1H39Eyz8CWyUihP9u7D7x1,energetic,jump shout remix
72m73tkSLQvVTJOHba4FAg,Whisper To A Scream,Bobby O,"""O"" Records The Collection",4/24/2015,28,421906,https://open.spotify.com/track/72m73tkSLQvVTJOHba4FAg,energetic,whisper to a scream
2VbRh1BfWK1swvH7PKI21J,Light Of Love,Oh Romeo,These Memories (Expanded Edition),3/8/1996,38,208160,https://open.spotify.com/track/2VbRh1BfWK1swvH7PKI21J,energetic,light of love
0tgGImAv6TUhWaInUovxlw,Rendezvous,STOP,The Latin Connection,6/1/1989,48,376533,https://open.spotify.com/track/0tgGImAv6TUhWaInUovxlw,energetic,rendezvous
7AERV8NHv04U0xGM5Wac62,Wake Up,STOP,The Latin Connection,6/1/1989,49,462760,https://open.spotify.com/track/7AERV8NHv04U0xGM5Wac62,energetic,wake up
29GyWDswPDfRCMfMP0AVA1,Catch Me (I'm Falling in Love),Marsha Raven,Catch Me: The Hits,3/25/2021,34,570537,https://open.spotify.com/track/29GyWDswPDfRCMfMP0AVA1,energetic,catch me im falling in love
4GkRqhfaQoKjiAO9Asc654,Flashlight On a Discolight,Rofo,Flashlight On a Discolight - Single,11/23/2010,37,431600,https://open.spotify.com/track/4GkRqhfaQoKjiAO9Asc654,energetic,flashlight on a discolight
0xPJ7pJgqtGGEuQ4t9SU84,You Spin Me Round (Like a Record) - Rip It Up Version,Dead Or Alive,Rip It Up,1985,46,267093,https://open.spotify.com/track/0xPJ7pJgqtGGEuQ4t9SU84,energetic,you spin me round like a record rip it up version
2bC65LbnEdtpJ8ZY6vfA4e,Las Manos Quietas,Carlos Pérez,Soltero,7/20/1985,0,191454,https://open.spotify.com/track/2bC65LbnEdtpJ8ZY6vfA4e,energetic,las manos quietas
0Eu03OJ8pmpllMPrNnvry2,No Puedo Dejar De Pensar En Ti,Pandora,30 Exitos Insuperables,1/1/2009,35,236520,https://open.spotify.com/track/0Eu03OJ8pmpllMPrNnvry2,energetic,no puedo dejar de pensar en ti
1xv7yl98twJMEpQnxechUz,Hojas Secas,Lucero,Cuéntame,1/1/2009,27,257466,https://open.spotify.com/track/1xv7yl98twJMEpQnxechUz,energetic,hojas secas
3mxQartLNCaz11n6lunqYv,Diamante,Sasha,Singles,10/14/2016,30,226920,https://open.spotify.com/track/3mxQartLNCaz11n6lunqYv,energetic,diamante
2oRjH5dT3DoH4OJdb3z6Vv,Catch Me,Marsha Raven,I Like Plastic (Extended Version),5/7/2014,0,215120,https://open.spotify.com/track/2oRjH5dT3DoH4OJdb3z6Vv,energetic,catch me
5ifN74xtD2qqzmwhIoAmxR,Die Hard Lover,Loverde,"Out & Out Party, Vol. 1 (High Energy Mix)",11/16/1997,0,413360,https://open.spotify.com/track/5ifN74xtD2qqzmwhIoAmxR,energetic,die hard lover
22o2vF9vI4TEKs9FlQljRK,Thank God for Music,Patrick Cowley,Patrick Cowley: The Ultimate Collection,1/1/1983,22,368813,https://open.spotify.com/track/22o2vF9vI4TEKs9FlQljRK,energetic,thank god for music
0gpJMsjfnazTl3ktw1gYU5,Lift Off,Patrick Cowley,Patrick Cowley: The Ultimate Collection,1/1/1983,24,383173,https://open.spotify.com/track/0gpJMsjfnazTl3ktw1gYU5,energetic,lift off
3qptgvFixDpAEnQEcTHlvK,Don't Cry (Radio Version),Ken Laszlo,Greatest Hits & Remixes,6/24/2016,41,249240,https://open.spotify.com/track/3qptgvFixDpAEnQEcTHlvK,energetic,dont cry radio version
3HWaSYU8Q3XNuJlF6nLrfq,Touch in the Night,Silent Circle,No.1 (Jubiläums Edition),9/23/2011,55,319813,https://open.spotify.com/track/3HWaSYU8Q3XNuJlF6nLrfq,energetic,touch in the night
7pWW8HPtK8JvgTLRFzyQ2l,"Baila Bolero - 7"" Radio Mix",Fun Fun,Baila Bolero,11/1/1986,31,236954,https://open.spotify.com/track/7pWW8HPtK8JvgTLRFzyQ2l,energetic,baila bolero 7 radio mix
4rwlzuSRYRovaO4gmyss6q,The Break - Original,Kat Mandu,12 Inch Classics,1/1/1979,24,520480,https://open.spotify.com/track/4rwlzuSRYRovaO4gmyss6q,energetic,the break original
4WVDOGQxCU1sk7OEF5jghV,I've Only Got You To Blame,Sylve,Uk Powermixer,2/14/2011,31,233546,https://open.spotify.com/track/4WVDOGQxCU1sk7OEF5jghV,energetic,ive only got you to blame
2kaf1MjnIiMG1VkHvtBX3e,Americano,Click,Click,7/7/2023,29,309981,https://open.spotify.com/track/2kaf1MjnIiMG1VkHvtBX3e,energetic,americano
0Zgtc2DkNIqVgw80IVtmAg,Las Manos Quietas (Versión Extendida),Carlos Pérez,Soltero,4/1/1985,45,446349,https://open.spotify.com/track/0Zgtc2DkNIqVgw80IVtmAg,energetic,las manos quietas versin extendida
5WfLId0K4siutAZDsqBgB6,Happy Station / Color My Love / Baila Bolero / Living in Japan / Give Up Your Love / Gimme Some Lovin',Fun Fun,Have Fun!,12/1/1984,28,547053,https://open.spotify.com/track/5WfLId0K4siutAZDsqBgB6,energetic,happy station color my love baila bolero living in japan give up your love gimme some lovin
15nQdntWu5iUPJdS3WN18c,Rofo's Theme,Rofo,Rofo's Theme - Single,11/5/2010,36,511000,https://open.spotify.com/track/15nQdntWu5iUPJdS3WN18c,energetic,rofos theme
60IBQKLutIDk3qZzU8jxj4,You're My Magician,Lime,Your Love,1981,32,454226,https://open.spotify.com/track/60IBQKLutIDk3qZzU8jxj4,energetic,youre my magician
2Wy6uUcYqRp5VKRcudj7vw,I Don't Wanna Lose You - Club Mix,Lime,Sensual Sensation,1/1/1984,29,454293,https://open.spotify.com/track/2Wy6uUcYqRp5VKRcudj7vw,energetic,i dont wanna lose you club mix
4tj6TSl8GV7L5aM9BWcPvD,Hit Mix - Extended Version,Fun Fun,Hit Mix - The Complete Edition,12/14/2010,24,547133,https://open.spotify.com/track/4tj6TSl8GV7L5aM9BWcPvD,energetic,hit mix extended version
2Fi04my4DdDqNG8glUBoId,Give Me Your Love - Extended Version,Fun Fun,Have Fun!,12/1/1984,25,331360,https://open.spotify.com/track/2Fi04my4DdDqNG8glUBoId,energetic,give me your love extended version
2TxfFo7Ef4a4cVqHRKddfx,Gimme The Love - radio,Kinky Go,Gimme the Love,1986,42,389566,https://open.spotify.com/track/2TxfFo7Ef4a4cVqHRKddfx,energetic,gimme the love radio
7EblNAQKo2q1DCRnO2bVmD,Can't Take My Eyes Off You - Original Extended Version,Boys Town Gang,Disco Kicks (The Complete Anthology),5/30/2014,38,589546,https://open.spotify.com/track/7EblNAQKo2q1DCRnO2bVmD,energetic,cant take my eyes off you original extended version
6XujuWcPY5uQseNIqGiHma,"Disco Kicks - 12"" Remix Version",Boys Town Gang,Cruisin' The Streets,1/29/1982,19,516599,https://open.spotify.com/track/6XujuWcPY5uQseNIqGiHma,energetic,disco kicks 12 remix version
0dAixkHh4J6PT1QPQpx62O,Walk Like a Man,Divine,Walk Like a Man,6/27/2022,28,227388,https://open.spotify.com/track/0dAixkHh4J6PT1QPQpx62O,energetic,walk like a man
40A4eR3xf3ybS0GTemQZSd,You Spin Me Round (Like a Record),Dead Or Alive,Youthquake,3/26/1985,66,199666,https://open.spotify.com/track/40A4eR3xf3ybS0GTemQZSd,energetic,you spin me round like a record
1KMW1BSzbe9kYccxh6eVrx,Love Is Like an Itching in My Heart,Lisa,Ian Anthony Stephens Presents: Fantasia Records - The Definitive Collection (Vol. 1),10/6/2014,0,394880,https://open.spotify.com/track/1KMW1BSzbe9kYccxh6eVrx,energetic,love is like an itching in my heart
2e0xVF3N1UR3BH17dUXy4H,Mike-Mareen-Powerplay-Mix,Mike Mareen,Let´s Start Now,12/4/2015,24,426400,https://open.spotify.com/track/2e0xVF3N1UR3BH17dUXy4H,energetic,mikemareenpowerplaymix
0FLOlYKEIq2qbmfc6hX80v,Reputation,Bobby O,Freedom In An Unfree World (Expanded Edition),9/19/1983,33,275440,https://open.spotify.com/track/0FLOlYKEIq2qbmfc6hX80v,energetic,reputation
2ZHuQYIi971HfdtVikOVVP,I'm So Hot for You,Bobby O,Freedom In An Unfree World (Expanded Edition),9/19/1983,29,311453,https://open.spotify.com/track/2ZHuQYIi971HfdtVikOVVP,energetic,im so hot for you
12qNPlkweMA65XTD1zkUWN,You Ain't Got a Chance - Vocal,Charlie Danone,You Ain't Got a Chance,7/7/1984,33,438845,https://open.spotify.com/track/12qNPlkweMA65XTD1zkUWN,energetic,you aint got a chance vocal
4sdydeR6pH5us3lD4Ttu7O,It Gets Better - Chris Stussy Remix,"KETTAMA, Chris Stussy",It Gets Better (Chris Stussy Remix),10/17/2025,60,252500,https://open.spotify.com/track/4sdydeR6pH5us3lD4Ttu7O,energetic,it gets better chris stussy remix
7Ki6lQlcAW565EsHfP8U7S,Galvanize - Chris Lake Remix,"The Chemical Brothers, Chris Lake",Galvanize (Chris Lake Remix),8/29/2025,62,223618,https://open.spotify.com/track/7Ki6lQlcAW565EsHfP8U7S,energetic,galvanize chris lake remix
5vu69csqeUJheoQWPd2MoM,LA NOCHE,"Chris Lake, Skrillex, ANITA B QUEEN",LA NOCHE,10/3/2025,67,212244,https://open.spotify.com/track/5vu69csqeUJheoQWPd2MoM,energetic,la noche
0NRIWkmQiSoIaEs3wvoSS7,A New Day (feat. Celine Dion),"Sebastian Ingrosso, Céline Dion",A New Day (feat. Celine Dion),7/25/2025,73,207223,https://open.spotify.com/track/0NRIWkmQiSoIaEs3wvoSS7,energetic,a new day feat celine dion
44lt4bpG2LpqwAKgcVHOxq,Moon Colors,Cillus,Moon Colors,9/25/2025,36,290322,https://open.spotify.com/track/44lt4bpG2LpqwAKgcVHOxq,energetic,moon colors
7yo7HDUvQQDfhGnaLgm4Sv,Springstof,"Noise Cartel, The Darkraver, K-Liber",Springstof,9/19/2025,39,134800,https://open.spotify.com/track/7yo7HDUvQQDfhGnaLgm4Sv,energetic,springstof
0SmyaVrzL7j3R9k3pkJgUh,Dummy – Chris Lake Remix,"Portugal. The Man, Chris Lake",Dummy – Chris Lake Remix,3/31/2023,45,173001,https://open.spotify.com/track/0SmyaVrzL7j3R9k3pkJgUh,energetic,dummy chris lake remix
5IWCKdRNRwKhypkbeSWbvb,Flashlight (ft. Project Pat & Juicy J),"Diplo, Project Pat, Juicy J, d00mscrvll",Flashlight (ft. Project Pat & Juicy J),7/18/2025,55,109230,https://open.spotify.com/track/5IWCKdRNRwKhypkbeSWbvb,energetic,flashlight ft project pat juicy j
6FE2GKFS8DqrPZx45AOuyQ,GANGSTA,"Major Lazer, Diplo, Busy Signal, Kybba",GANGSTA,8/27/2025,50,132265,https://open.spotify.com/track/6FE2GKFS8DqrPZx45AOuyQ,energetic,gangsta
4lZts0FFxJ8l8p5EcFVRi3,HOSSELAAR,Dio,de vluGtlaan,2/28/2025,38,165026,https://open.spotify.com/track/4lZts0FFxJ8l8p5EcFVRi3,energetic,hosselaar
1NPmM6VERI6zEJOIoXBEuo,Freek Like Me,Don Diablo,Freek Like Me,4/25/2025,49,201600,https://open.spotify.com/track/1NPmM6VERI6zEJOIoXBEuo,energetic,freek like me
4e5cDgHCM5Q0IQrPfWOoCL,For A Better Day - DubVision Remix,"Avicii, Victor Leicher, Stephan Leicher",For A Better Day (Remixes),10/1/2015,32,293032,https://open.spotify.com/track/4e5cDgHCM5Q0IQrPfWOoCL,energetic,for a better day dubvision remix
0hjnsBac5MQRgSWIEhnrgX,Melbourne,Hausse,Melbourne,5/22/2025,31,235461,https://open.spotify.com/track/0hjnsBac5MQRgSWIEhnrgX,energetic,melbourne
5X1AUaISN82uhF5DA7Ea3K,Toulouse,Nicky Romero,Electro (Part 4),4/15/2013,0,185624,https://open.spotify.com/track/5X1AUaISN82uhF5DA7Ea3K,energetic,toulouse
69kivvB0tIiJtgjBRDYwWY,Kensei - Radio Edit,Ummet Ozcan,Kensei,3/9/2015,0,204375,https://open.spotify.com/track/69kivvB0tIiJtgjBRDYwWY,energetic,kensei radio edit
542FCD3uPUONbuAZa476TW,Space Jungle - Showtek Edit,"Eva Shaw, Showtek",Space Jungle (Showtek Edit),12/15/2014,0,315000,https://open.spotify.com/track/542FCD3uPUONbuAZa476TW,energetic,space jungle showtek edit
6WLS56xiRrXjSm9RSdL3zD,Never Forget You,"Zara Larsson, MNEK",Never Forget You,9/10/2015,1,213427,https://open.spotify.com/track/6WLS56xiRrXjSm9RSdL3zD,energetic,never forget you
4eyzBExaHmfIRmzgVaV8VT,House Every Weekend - Mike Mago Remix,"David Zowie, Mike Mago",House Every Weekend (Mike Mago Remix),7/3/2015,25,284120,https://open.spotify.com/track/4eyzBExaHmfIRmzgVaV8VT,energetic,house every weekend mike mago remix
1AJAQmdCa9D1JhN6vVbaLJ,Scrub The Ground,"Chocolate Puma, Tommie Sunshine, dj funk",Scrub The Ground,10/16/2015,0,168937,https://open.spotify.com/track/1AJAQmdCa9D1JhN6vVbaLJ,energetic,scrub the ground
1GiSUMdpL8dFUQaF6hogaZ,I Get Up,Autoerotique,I Get Up,11/6/2015,0,166451,https://open.spotify.com/track/1GiSUMdpL8dFUQaF6hogaZ,energetic,i get up
7bnqNC0CBeaD09RGUG3FBm,Milky Way,Madison Mars,Milky Way,1/25/2016,0,192000,https://open.spotify.com/track/7bnqNC0CBeaD09RGUG3FBm,energetic,milky way
7xsKoO9xZdr4fxH85j1LBw,Make It Right,Lucas & Steve,Make It Right,3/14/2016,0,169029,https://open.spotify.com/track/7xsKoO9xZdr4fxH85j1LBw,energetic,make it right
2jQf5SE9gvDAygQypyoX1M,Energie,HDK11 & VV,Energie,6/6/2025,31,181875,https://open.spotify.com/track/2jQf5SE9gvDAygQypyoX1M,energetic,energie
7wZorJD5loL9ceLJ67sg6S,Now That I've Found You (feat. John & Michel),"Martin Garrix, John & Michel",Now That I've Found You (feat. John & Michel),3/11/2016,0,192631,https://open.spotify.com/track/7wZorJD5loL9ceLJ67sg6S,energetic,now that ive found you feat john michel
4tkEcLSIzcoRT5n7UY0qMB,Where's Your Head At (Radio Edit),Basement Jaxx,Where's Your Head At,11/24/2001,0,240866,https://open.spotify.com/track/4tkEcLSIzcoRT5n7UY0qMB,energetic,wheres your head at radio edit
0kSgECIEu3ARlKI5M6Z30E,Harlem Shake,Baauer,Jeffree's Volume 3,6/12/2012,0,196664,https://open.spotify.com/track/0kSgECIEu3ARlKI5M6Z30E,energetic,harlem shake
2w2GduKshRATrsoGJ3MZuc,Here We Go,"Hard Rock Sofa, Swanky Tunes",Until Now,1/1/2012,34,361918,https://open.spotify.com/track/2w2GduKshRATrsoGJ3MZuc,energetic,here we go
2zYzyRzz6pRmhPzyfMEC8s,Highway to Hell,AC/DC,Highway to Hell,7/27/1979,86,208400,https://open.spotify.com/track/2zYzyRzz6pRmhPzyfMEC8s,energetic,highway to hell
0bXhjlgUddDlJzHOeVM4Tq,Never Miss A Beat,Kaiser Chiefs,Off With Their Heads,1/1/2008,57,186946,https://open.spotify.com/track/0bXhjlgUddDlJzHOeVM4Tq,energetic,never miss a beat
0DanGj9TtgZIjJnHdTbW9v,Finale (feat. Nicholas Petricca),"Madeon, Nicholas Petricca",Finale,7/22/2012,45,205200,https://open.spotify.com/track/0DanGj9TtgZIjJnHdTbW9v,energetic,finale feat nicholas petricca
6D5pfooPP6hi99RaXjkDsP,Summertime Sadness [Lana Del Rey vs. Cedric Gervais] - Cedric Gervais Remix,"Lana Del Rey, Cedric Gervais",Summertime Sadness [Lana Del Rey vs. Cedric Gervais] (Cedric Gervais Remix),2/1/2013,3,214912,https://open.spotify.com/track/6D5pfooPP6hi99RaXjkDsP,energetic,summertime sadness lana del rey vs cedric gervais cedric gervais remix
1ztbs9oxLOfYcDr5xL8loQ,Spectrum (Say My Name) - Calvin Harris Remix,"Florence + The Machine, Calvin Harris",Spectrum (Say My Name) EP,1/1/2012,1,218190,https://open.spotify.com/track/1ztbs9oxLOfYcDr5xL8loQ,energetic,spectrum say my name calvin harris remix
519fys5P2mce1fLjig0z6l,Lapdance,"N.E.R.D, Vita, Lee Harvey",The Best Of,1/1/2011,38,209826,https://open.spotify.com/track/519fys5P2mce1fLjig0z6l,energetic,lapdance
2W29TNaSCiolWbPfQNgNOW,Genesis,Justice,Cross,6/18/2007,0,234959,https://open.spotify.com/track/2W29TNaSCiolWbPfQNgNOW,energetic,genesis
5YpZh8wfS4moRBk0ijNcXr,Harder Than You Think,Public Enemy,How You Sell Soul to a Soulless People Who Sold Their Soul?,8/7/2007,61,249521,https://open.spotify.com/track/5YpZh8wfS4moRBk0ijNcXr,energetic,harder than you think
3ine8Q5EZw5pGDhQkxqqvm,Music Made Addict - Headhunterz & Wildstylez Remix (Radio Edit),D-Block & S-te-Fan,Black 2011,9/29/2011,28,212800,https://open.spotify.com/track/3ine8Q5EZw5pGDhQkxqqvm,energetic,music made addict headhunterz wildstylez remix radio edit
2qFxaqBT4rHl3Nzs4mgUE7,Drifter,"Don Diablo, DYU",Drifter,5/30/2016,0,179523,https://open.spotify.com/track/2qFxaqBT4rHl3Nzs4mgUE7,energetic,drifter
3eEStD7Va1vlaN5NBEbQmf,The Jam,Kideko,The Jam,8/14/2015,41,192200,https://open.spotify.com/track/3eEStD7Va1vlaN5NBEbQmf,energetic,the jam
33KvuePYdzsx7ZqoTj3rHU,Rock the Bells,Boys Noize,Mayday,5/20/2016,36,171094,https://open.spotify.com/track/33KvuePYdzsx7ZqoTj3rHU,energetic,rock the bells
217xrcrbBtgJhvlHicxTSH,Say It (feat. Tove Lo),"Flume, Tove Lo",Say It,4/21/2016,0,262521,https://open.spotify.com/track/217xrcrbBtgJhvlHicxTSH,energetic,say it feat tove lo
5M4g0Jr9iTYfycalnsN54p,Imaginary - Radio Edit,"Brennan Heart, Jonathan Mendelsohn",Imaginary,12/9/2013,0,192493,https://open.spotify.com/track/5M4g0Jr9iTYfycalnsN54p,energetic,imaginary radio edit
0bpQTh9R8jOJIpOF62XfDy,Turn Around (Hey What's Wrong With You) - Calvo Remix,"Phats & Small, CALVO",Turn Around (Hey What's Wrong With You),5/6/2016,21,170835,https://open.spotify.com/track/0bpQTh9R8jOJIpOF62XfDy,energetic,turn around hey whats wrong with you calvo remix
5tB43ifFO3hZ3wubplzO9o,N70,Robby East,N70,7/12/2016,0,220865,https://open.spotify.com/track/5tB43ifFO3hZ3wubplzO9o,energetic,n70
28L8lrCXn49q1A8JSnaVgy,Origami (Do What You Like),"Latroit, MiSFiT",Origami (Do What You Like),6/3/2016,0,248000,https://open.spotify.com/track/28L8lrCXn49q1A8JSnaVgy,energetic,origami do what you like
3eBwnjEe60kDJAMlFg1ewf,Thinking About You,Axwell /\ Ingrosso,Thinking About You,5/27/2016,0,204590,https://open.spotify.com/track/3eBwnjEe60kDJAMlFg1ewf,energetic,thinking about you
05CC40tqWJVT2iDbFtr6MS,Cole’s Memories - Original Mix,Pyramid,We Are Your Friends (Music From The Original Motion Picture/Deluxe),8/21/2015,37,351213,https://open.spotify.com/track/05CC40tqWJVT2iDbFtr6MS,energetic,coles memories original mix
5dzbhqD9zdzOE9tBMZKpyJ,Keep Pushin',"Tujamo, Inaya Day",Keep Pushin',7/4/2016,0,178112,https://open.spotify.com/track/5dzbhqD9zdzOE9tBMZKpyJ,energetic,keep pushin
3x8MiF52gOqVLbJjbJO4Lu,Needin' U So - Mark Villa Remix,"Inpetto, Mark Villa",Needin' U So (The Remixes),6/13/2016,0,174047,https://open.spotify.com/track/3x8MiF52gOqVLbJjbJO4Lu,energetic,needin u so mark villa remix
2PE8Sj15gIL7YET4gxwO1u,Dominator,"Armin van Buuren, Human Resource",Dominator,6/30/2016,36,149625,https://open.spotify.com/track/2PE8Sj15gIL7YET4gxwO1u,energetic,dominator
2MqPCimvV2gNeNik6pMtAI,Break It Down,"Bougenvilla, Out of Cookies",HELDEEP DJ Tools EP - Part 2,4/25/2016,0,167555,https://open.spotify.com/track/2MqPCimvV2gNeNik6pMtAI,energetic,break it down
6ZeYmkiK2VTSdEagdFy9Hi,Mic,"Laidback Luke, Yellow Claw, Dirtcaps",Focus,2015,2,236251,https://open.spotify.com/track/6ZeYmkiK2VTSdEagdFy9Hi,energetic,mic
18L53e60VncrIfC9PubKoa,Told You So (feat. Megan Hamilton) - Radio Edit,"Aaron Jackson, Megan Hamilton",Told You So (feat. Megan Hamilton),5/26/2016,0,201600,https://open.spotify.com/track/18L53e60VncrIfC9PubKoa,energetic,told you so feat megan hamilton radio edit
3mcoPZRu7fDiKqqCWiUfSL,Triple Six,Curbi,Triple Six,6/6/2016,0,190515,https://open.spotify.com/track/3mcoPZRu7fDiKqqCWiUfSL,energetic,triple six
13ka9PsKD8bZmWOTOygV4S,No Money - MOTi Remix,"Galantis, MOTi",No Money (Remixes),5/20/2016,32,261894,https://open.spotify.com/track/13ka9PsKD8bZmWOTOygV4S,energetic,no money moti remix
3EnHSawLt6qSeeMQDiF6r4,Straight Outta Compton,N.W.A.,Straight Outta Compton (Music From The Motion Picture),1/8/2016,0,257453,https://open.spotify.com/track/3EnHSawLt6qSeeMQDiF6r4,energetic,straight outta compton
1x31CIM3btl9agrJrfhkUr,Birthday,"Boys Noize, Hudson Mohawke, Danny Brown, Spank Rock, Pell",Birthday,8/26/2016,0,195805,https://open.spotify.com/track/1x31CIM3btl9agrJrfhkUr,energetic,birthday
6a9brfnullCpI2I8RHgaMN,Never Be Like You - Martin Solveig Remix,"Flume, kai, Martin Solveig",Never Be Like You (Martin Solveig Remix),8/12/2016,0,284160,https://open.spotify.com/track/6a9brfnullCpI2I8RHgaMN,energetic,never be like you martin solveig remix
3yoNx32KYIWl6usnkZ7cBR,Doppler,Madison Mars,Don Diablo presents The Hex Files 002,8/19/2016,0,211606,https://open.spotify.com/track/3yoNx32KYIWl6usnkZ7cBR,energetic,doppler
5DLOUyuh807yGlUPgUhj0c,"Watch Out for This (Bumaye) [feat. Busy Signal, the Flexican & FS Green] - Dimitri Vegas & Like Mike Tomorrowland Remix","Major Lazer, Busy Signal, FS Green, The Flexican, Dmitri Vegas, Dimitri Vegas & Like Mike",Watch Out for This (Bumaye) [Remixes],8/16/2013,0,301231,https://open.spotify.com/track/5DLOUyuh807yGlUPgUhj0c,energetic,watch out for this bumaye feat busy signal the flexican fs green dimitri vegas like mike tomorrowland remix
5YBGJpEZRStr26gTM0tJmG,Original Don,"Major Lazer, The Partysquad",Original Don,11/7/2011,0,253413,https://open.spotify.com/track/5YBGJpEZRStr26gTM0tJmG,energetic,original don
7qAWdfgvuDJQlhjppYtAfA,Sail - Unlimited Gravity Remix,AWOLNATION,RE/Sail,4/10/2012,39,349537,https://open.spotify.com/track/7qAWdfgvuDJQlhjppYtAfA,energetic,sail unlimited gravity remix
3X0I0NwtGcIDNakTFhG016,Cuba Libre,Sander van Doorn,Take Me To Miami 2016,3/7/2016,0,185184,https://open.spotify.com/track/3X0I0NwtGcIDNakTFhG016,energetic,cuba libre
6F3rgQfSns1slUnMfHXjOA,Sweet Memories,"CID, Kaskade",Sweet Memories,8/26/2016,44,157451,https://open.spotify.com/track/6F3rgQfSns1slUnMfHXjOA,energetic,sweet memories
1uZiQ8D80B1WtXtmoS7mNT,Take The Ride,"Chocolate Puma, Tommie Sunshine",Take The Ride,10/24/2016,0,192755,https://open.spotify.com/track/1uZiQ8D80B1WtXtmoS7mNT,energetic,take the ride
64HH8QusEYZYm3wZEplgn9,Can't Get Enough (feat. Sarah Hudson) - Radio Edit,"Tommie Sunshine, Halfway House, Sarah Hudson",Can't Get Enough (feat. Sarah Hudson) [Radio Edit],4/29/2016,22,222348,https://open.spotify.com/track/64HH8QusEYZYm3wZEplgn9,energetic,cant get enough feat sarah hudson radio edit
1tNxprI7wf87blRuXUyEvC,Grey,Kölsch,Speicher 93,9/30/2016,45,293578,https://open.spotify.com/track/1tNxprI7wf87blRuXUyEvC,energetic,grey
3DDBSKvXiGEN4MiuqbJq34,Cutting Shapes,Don Diablo,Cutting Shapes,10/7/2016,0,179047,https://open.spotify.com/track/3DDBSKvXiGEN4MiuqbJq34,energetic,cutting shapes
5o2clcNEa8fPKEbURHqHoV,Blame (feat. John Newman) - Jacob Plant Remix,"Calvin Harris, John Newman, Jacob Plant",Blame (Remixes) (feat. John Newman),9/25/2015,27,296106,https://open.spotify.com/track/5o2clcNEa8fPKEbURHqHoV,energetic,blame feat john newman jacob plant remix
22SXyL6pUjwIvGWvgGjLov,Can't Feel My Face - Martin Garrix Remix,"The Weeknd, Martin Garrix",Can't Feel My Face (Martin Garrix Remix),11/6/2015,50,252933,https://open.spotify.com/track/22SXyL6pUjwIvGWvgGjLov,energetic,cant feel my face martin garrix remix
6TazhFTDcqlFoJ8ibG2fLU,M1,SLUGGERS,Anthem,10/28/2016,0,320516,https://open.spotify.com/track/6TazhFTDcqlFoJ8ibG2fLU,energetic,m1
56gJHV1MkyHIS4eDFbzoVa,Waiting,"RL Grime, What So Not, Skrillex",Waiting,11/3/2016,41,236350,https://open.spotify.com/track/56gJHV1MkyHIS4eDFbzoVa,energetic,waiting
7qj2aadd65v7HBnePnLQBX,Back To You - Don Diablo Edit,"Ryan Blyth, Duane Harden",Generation HEX ADE Sampler,10/21/2016,0,302133,https://open.spotify.com/track/7qj2aadd65v7HBnePnLQBX,energetic,back to you don diablo edit
7KCXA4Y1gIGDSm388m9bW1,Keeping Your Head Up - Don Diablo Remix; Radio Edit,"Birdy, Don Diablo",Keeping Your Head Up (Don Diablo Remix; Radio Edit),2/12/2016,45,207145,https://open.spotify.com/track/7KCXA4Y1gIGDSm388m9bW1,energetic,keeping your head up don diablo remix radio edit
2idmlkd8oUaQvYEtINpLBX,Heads Will Roll - A-Trak Remix,"Yeah Yeah Yeahs, A-Trak",Heads Will Roll,2009,68,383546,https://open.spotify.com/track/2idmlkd8oUaQvYEtINpLBX,energetic,heads will roll atrak remix
66WcaWVGRFmpx0euxmw9yM,Flight,"Tristam, Braken",Monstercat 012 - Aftermath,3/11/2013,0,219428,https://open.spotify.com/track/66WcaWVGRFmpx0euxmw9yM,energetic,flight
79HFTql1BpEZz6U1272dBL,Intoxicated - GO! Running Mix,"Martin Solveig, GTA",Intoxicated (GO! Running Mix),10/13/2015,5,274285,https://open.spotify.com/track/79HFTql1BpEZz6U1272dBL,energetic,intoxicated go running mix
6cWcBrcuqtiuCL36HCIbtE,Sunshine Motion,Cillus,Sunshine Motion,8/26/2025,23,407520,https://open.spotify.com/track/6cWcBrcuqtiuCL36HCIbtE,energetic,sunshine motion
60n11qhmZ8J2rt8QahriZ5,Endless Summit,Cillus,Endless Summit,9/5/2025,21,460439,https://open.spotify.com/track/60n11qhmZ8J2rt8QahriZ5,energetic,endless summit
0QZdbOtajbimysXPJDkU3H,Drop The Pressure,"Claptone, Mylo",Drop The Pressure,3/13/2020,47,180990,https://open.spotify.com/track/0QZdbOtajbimysXPJDkU3H,energetic,drop the pressure
641bVG01vykqn8c7fjSRPT,Better When,Eli Brown,Change The Situation,8/30/2019,0,231380,https://open.spotify.com/track/641bVG01vykqn8c7fjSRPT,energetic,better when
7Lek9QxxfvRHR10Aw5i2jR,Magic - VIP Edit,Greg Dela,Magic (VIP Edit),9/4/2020,17,188235,https://open.spotify.com/track/7Lek9QxxfvRHR10Aw5i2jR,energetic,magic vip edit
5Xr8dO5ALeh0r2LQv9kL8H,Model Village,IDLES,Ultra Mono,9/25/2020,0,234878,https://open.spotify.com/track/5Xr8dO5ALeh0r2LQv9kL8H,energetic,model village
551xyaSJsg8hILXFq9JdST,"The Plan - From the Motion Picture ""TENET""",Travis Scott,"The Plan (From the Motion Picture ""TENET"")",8/22/2020,54,185850,https://open.spotify.com/track/551xyaSJsg8hILXFq9JdST,energetic,the plan from the motion picture tenet
6y20BV5L33R8YXM0YuI38N,No One Knows,Queens of the Stone Age,Songs For The Deaf,1/1/2002,73,278746,https://open.spotify.com/track/6y20BV5L33R8YXM0YuI38N,energetic,no one knows
3vBv2Tp0kHyBDUBZJr9GXQ,Fight Music,D12,Devils Night,1/1/2001,62,261093,https://open.spotify.com/track/3vBv2Tp0kHyBDUBZJr9GXQ,energetic,fight music
6c6Pr4ALb2SD7j7UnS5YDE,VIDA LOCA,"Black Eyed Peas, Nicky Jam, Tyga",TRANSLATION,11/2/2020,51,234374,https://open.spotify.com/track/6c6Pr4ALb2SD7j7UnS5YDE,energetic,vida loca
6kLrO8KR0sx5nwyWL40d2u,Do It! - Dimitri Vegas Radio Edit,"Dimitri Vegas & Like Mike, Kim Loaiza, Azteck, Dimitri Vegas",Do It!,9/18/2020,42,157444,https://open.spotify.com/track/6kLrO8KR0sx5nwyWL40d2u,energetic,do it dimitri vegas radio edit
3GYlQmwfBDo7imFyGPhrl7,Say My Name,"Dimitri Vegas & Like Mike, Regard, Dimitri Vegas",Say My Name,7/24/2020,60,159535,https://open.spotify.com/track/3GYlQmwfBDo7imFyGPhrl7,energetic,say my name
5KC7ginqShi7mhDQLttQh0,Get in Trouble (So What),"Dimitri Vegas & Like Mike, Vini Vici, Dimitri Vegas",Get in Trouble (So What),6/5/2020,59,161739,https://open.spotify.com/track/5KC7ginqShi7mhDQLttQh0,energetic,get in trouble so what
3DByxA4MRvkBR8DPEFnrgr,Kalinka - Dimitri Vegas & Like Mike Edit,"Timmy Trumpet, Wolfpack, Dimitri Vegas & Like Mike, Jaxx & Vega, R3SPAWN",Kalinka (Dimitri Vegas & Like Mike Edit),5/22/2020,46,160668,https://open.spotify.com/track/3DByxA4MRvkBR8DPEFnrgr,energetic,kalinka dimitri vegas like mike edit
1gRQxbfL4ULWyTosgXSbWT,You Little Beauty,FISHER,You Little Beauty,5/10/2019,64,206587,https://open.spotify.com/track/1gRQxbfL4ULWyTosgXSbWT,energetic,you little beauty
2KXwJZv1pRQFQ95Kj60jBN,Losing It - Radio Edit,FISHER,Losing It (Radio Edit),10/25/2018,55,163247,https://open.spotify.com/track/2KXwJZv1pRQFQ95Kj60jBN,energetic,losing it radio edit
00ETaeHUQ6lops3oWU1Wrt,Hot Stuff,"Kygo, Donna Summer",Hot Stuff,9/18/2020,61,199007,https://open.spotify.com/track/00ETaeHUQ6lops3oWU1Wrt,energetic,hot stuff
6PYRmDxsODnCIOu7nngi9E,It's Like That,"Run–D.M.C., Jason Nevins",Ultimate Run Dmc,10/28/2003,0,248573,https://open.spotify.com/track/6PYRmDxsODnCIOu7nngi9E,energetic,its like that
41N46fZZDok0gY5y49JFia,Satisfaction - Original,Benny Benassi presents The Biz,Hypnotica,5/23/2003,0,285544,https://open.spotify.com/track/41N46fZZDok0gY5y49JFia,energetic,satisfaction original
2S5CHSeaE3s6zCePzAHJuH,Red Alert,Basement Jaxx,The Singles,3/21/2005,0,217120,https://open.spotify.com/track/2S5CHSeaE3s6zCePzAHJuH,energetic,red alert
5rDFRvwao7MFzuhrBTkWMQ,We Don't Care,Audio Bullys,Ego War,1/1/2003,0,210800,https://open.spotify.com/track/5rDFRvwao7MFzuhrBTkWMQ,energetic,we dont care
6IxhlGtqmnnCIZX7j0nJtt,Shot You Down,"Audio Bullys, Nancy Sinatra",Generation,1/1/2005,0,214923,https://open.spotify.com/track/6IxhlGtqmnnCIZX7j0nJtt,energetic,shot you down
7Fa4LdA1wJvvgxaoEyYdZx,Face In A Cloud,Audio Bullys,Ego War,1/1/2003,0,224453,https://open.spotify.com/track/7Fa4LdA1wJvvgxaoEyYdZx,energetic,face in a cloud
6tUSTCk55eDfy21rVJZZfc,No Security - Bart B More Remix,"Crookers, Kelis","Crookers Remixed, Pt. 1 (Bangers)",3/4/2013,13,356680,https://open.spotify.com/track/6tUSTCk55eDfy21rVJZZfc,energetic,no security bart b more remix
6ZtrGCcn38kGImt2GPFbJB,Shot In The Dark,AC/DC,Shot In The Dark,10/7/2020,50,185133,https://open.spotify.com/track/6ZtrGCcn38kGImt2GPFbJB,energetic,shot in the dark
48fPdAwGVoSkGK8GSez9yx,Anything,"Alison Wonderland, Valentino Khan",Anything,11/13/2020,46,226000,https://open.spotify.com/track/48fPdAwGVoSkGK8GSez9yx,energetic,anything
53eXPgDItfU5JqU2vkoFnJ,Explode (Radio Edit),Bonte Carlo,Explode,11/30/2018,0,162000,https://open.spotify.com/track/53eXPgDItfU5JqU2vkoFnJ,energetic,explode radio edit
2UFPNhmmeE53DpxX7Sdma7,Who Got The Keys,SKIY,Who Got The Keys,11/16/2018,24,221384,https://open.spotify.com/track/2UFPNhmmeE53DpxX7Sdma7,energetic,who got the keys
2rFAxj7g4LRz22RxG2HjbH,Stand By You,"DubVision, Pontifexx",Martin Garrix presents STMPD RCRDS Vol. 002,11/6/2020,23,165833,https://open.spotify.com/track/2rFAxj7g4LRz22RxG2HjbH,energetic,stand by you
1ohLQfIwj9NUN7e5UKeDl9,Head & Heart (feat. MNEK) - Tiësto Remix,"Joel Corry, MNEK, Tiësto",Head & Heart (feat. MNEK) [Tiësto Remix],9/15/2020,58,124778,https://open.spotify.com/track/1ohLQfIwj9NUN7e5UKeDl9,energetic,head heart feat mnek tisto remix
1w8DxFHDDInmn5TovLKKrW,Save My Life (feat. Lovespeake),"David Guetta, MORTEN, Lovespeake",Save My Life (feat. Lovespeake),11/13/2020,52,183750,https://open.spotify.com/track/1w8DxFHDDInmn5TovLKKrW,energetic,save my life feat lovespeake
07hm7hRuPbl0kG8hCuQoda,Bonzai Channel One,"Dimitri Vegas & Like Mike, Bassjackers, Crossnaders",Bonzai Channel One,11/2/2020,32,174949,https://open.spotify.com/track/07hm7hRuPbl0kG8hCuQoda,energetic,bonzai channel one
4S4wBdp3NLWnhMgp4lDGGR,Untouchable,"Brennan Heart, Kayzo",Untouchable,11/12/2020,21,286400,https://open.spotify.com/track/4S4wBdp3NLWnhMgp4lDGGR,energetic,untouchable
0BdS78j2ku8houL6SlYkii,Hey! - Radio Edit,"Showtek, Bassjackers","House Classics, Vol. 1 (Presented by Spinnin' Records)",3/16/2020,0,187844,https://open.spotify.com/track/0BdS78j2ku8houL6SlYkii,energetic,hey radio edit
0cIppqmIrSFKUlAXpBizT9,To The Top,"Fedde Le Grand, Marc Benjamin",To The Top,2/28/2020,0,153774,https://open.spotify.com/track/0cIppqmIrSFKUlAXpBizT9,energetic,to the top
1WVXfRpmwutHjOI2r8D47a,I Got 5 On It,"Marc Benjamin, MALARKEY",I Got 5 On It,2/7/2020,41,171968,https://open.spotify.com/track/1WVXfRpmwutHjOI2r8D47a,energetic,i got 5 on it
5BbEhd0nfUDwXcND1QdmFh,"Again (feat. Ms Banks, Ms Dynamite & Jaykae)","CLIPZ, Ms Banks, Jaykae, Ms. Dynamite","Again (feat. Ms Banks, Ms Dynamite & Jaykae)",3/27/2020,32,147585,https://open.spotify.com/track/5BbEhd0nfUDwXcND1QdmFh,energetic,again feat ms banks ms dynamite jaykae
23PIMIlFx1FeiCmmIf1RgZ,Tondo,"Disclosure, Eko Roosevelt",Ecstasy,2/28/2020,41,329280,https://open.spotify.com/track/23PIMIlFx1FeiCmmIf1RgZ,energetic,tondo
1VWj56Sd6ntpRQYkWMtJsX,Blaster,Marc Benjamin,Blaster,11/23/2018,16,159523,https://open.spotify.com/track/1VWj56Sd6ntpRQYkWMtJsX,energetic,blaster
3rgjNQxSce8sLJdNeOWl3H,Options (feat. Stephen Marley) - Chuckie Remix,"Pitbull, Stephen Marley, Chuckie",Options (The Remixes) (feat. Stephen Marley),2/17/2017,20,214488,https://open.spotify.com/track/3rgjNQxSce8sLJdNeOWl3H,energetic,options feat stephen marley chuckie remix
5o0RoCEFMDrQg0xy0i6t20,Groeien - Radio Edit,"Paul Elstak, Dr Phunk, Joel Beukers",Groeien (Radio Edit),8/10/2018,37,158844,https://open.spotify.com/track/5o0RoCEFMDrQg0xy0i6t20,energetic,groeien radio edit
1SG6r7daFfpzPcU15luVqB,Never Change,Don Diablo,Never Change,9/5/2019,42,170476,https://open.spotify.com/track/1SG6r7daFfpzPcU15luVqB,energetic,never change
2V9zkucEOBwv1IWCGjh3L6,Mood For Lovin' (feat. Patexx),"Freddy Moreira, Capital Candy, Patexx",Mood For Lovin' (feat. Patexx),7/28/2017,32,147750,https://open.spotify.com/track/2V9zkucEOBwv1IWCGjh3L6,energetic,mood for lovin feat patexx
4pg1CRAajCYbb1q2sZypPf,Echa Pa'lla (Manos Pa'rriba),Pitbull,I Am Armando (Armando Reloaded),7/30/2012,0,199626,https://open.spotify.com/track/4pg1CRAajCYbb1q2sZypPf,energetic,echa palla manos parriba
4djQHgVBYNasbYpSSwlmzk,Angels & Demons (Darren Styles Edit),"D-Block & S-te-Fan, Darren Styles",Angels & Demons (Darren Styles Edit),10/25/2018,27,194620,https://open.spotify.com/track/4djQHgVBYNasbYpSSwlmzk,energetic,angels demons darren styles edit
0WieTfhf6N0alEhBpSiOtd,Into The Wild,"Wildstylez, KiFi",Into The Wild (feat. KiFi),10/10/2019,37,177600,https://open.spotify.com/track/0WieTfhf6N0alEhBpSiOtd,energetic,into the wild
7KAhYU62DTvmLaAJbblw2b,Freedom,"Da Tweekaz, Neilio",Tweekay16 - The Ultimate Collection,12/30/2016,26,215899,https://open.spotify.com/track/7KAhYU62DTvmLaAJbblw2b,energetic,freedom
4AC0cgrfUb3tiwiqnKhnge,Mutate - 2k19 Festival Mix,"Sidney Samson, Lil Jon",Mutate (2k19 Festival Mix),3/8/2019,28,164999,https://open.spotify.com/track/4AC0cgrfUb3tiwiqnKhnge,energetic,mutate 2k19 festival mix
4AA1VRQaiDZLcZKdhKncSZ,Mi Gente - Sunnery James & Ryan Marciano Remix,"J Balvin, Willy William, Sunnery James & Ryan Marciano",Mi Gente (Sunnery James & Ryan Marciano Remix),10/20/2017,30,238506,https://open.spotify.com/track/4AA1VRQaiDZLcZKdhKncSZ,energetic,mi gente sunnery james ryan marciano remix
2Zl7BFy5LjDaW5tFG3Bv0D,Never Look Back - Edit,Boris Brejcha,Never Look Back (Edit),10/18/2019,0,205440,https://open.spotify.com/track/2Zl7BFy5LjDaW5tFG3Bv0D,energetic,never look back edit
4OOlLHg1ZWLPprD3CO3axz,Grey Zone,Sem Thomasson,Grey Zone,9/27/2019,22,231549,https://open.spotify.com/track/4OOlLHg1ZWLPprD3CO3axz,energetic,grey zone
51ecx8vfBmfo9maBzKDBfa,You Are My Life,"Chocolate Puma, Mike Cervello",You Are My Life,4/24/2020,43,184285,https://open.spotify.com/track/51ecx8vfBmfo9maBzKDBfa,energetic,you are my life
74gdBUwp2xSnMGUDXhKjWq,Tech House Kinda Thing,ATFC,Tech House Kinda Thing,4/24/2020,19,220600,https://open.spotify.com/track/74gdBUwp2xSnMGUDXhKjWq,energetic,tech house kinda thing
1wjQEAV31X26Za9KRAmqwz,For a Feeling (feat. RHODES),"CamelPhat, ARTBAT, RHODES",For a Feeling (feat. RHODES),5/1/2020,55,296324,https://open.spotify.com/track/1wjQEAV31X26Za9KRAmqwz,energetic,for a feeling feat rhodes
6oSWam6C5d0HyUS4bVNVqN,Only The Gods (feat. Anabel Englund),"Disciples, Lee Foss, Anabel Englund",Only the Gods / Better on My Own (feat. Anabel Englund),4/17/2020,34,277690,https://open.spotify.com/track/6oSWam6C5d0HyUS4bVNVqN,energetic,only the gods feat anabel englund
5v6eZ0jEqgmffx0qGha0yr,Nightcrawler,"Duke Dumont, Say Lou Lou",Duality,4/17/2020,44,197288,https://open.spotify.com/track/5v6eZ0jEqgmffx0qGha0yr,energetic,nightcrawler
0wYJthlYqptzzneYqMCExU,Obey,"Duke Dumont, Roland Clark",Duality,4/17/2020,28,178125,https://open.spotify.com/track/0wYJthlYqptzzneYqMCExU,energetic,obey
0TR69tw5aybYHbSC1w4xy5,Love To The World,"Diplo, Wax Motif",Love To The World,4/10/2020,35,179461,https://open.spotify.com/track/0TR69tw5aybYHbSC1w4xy5,energetic,love to the world
0zez18jzrKW4DieAJBo5y8,Nothing to Lose,Theo Kottis,Nothing to Lose,3/20/2020,0,264793,https://open.spotify.com/track/0zez18jzrKW4DieAJBo5y8,energetic,nothing to lose
6KpGyJIyA75C0XyAkIcpZn,Moving [edit],"Love Regenerator, Eli Brown, Calvin Harris",Moving,4/3/2020,37,193132,https://open.spotify.com/track/6KpGyJIyA75C0XyAkIcpZn,energetic,moving edit
1sBWIYYhcXxy1fh64LoQJ5,Superstar DJ,Jack Back,Superstar DJ,3/20/2020,29,203809,https://open.spotify.com/track/1sBWIYYhcXxy1fh64LoQJ5,energetic,superstar dj
6iAbvkrFdaUM3T3JcXRG7G,Give Me Strength [edit],"Love Regenerator, Calvin Harris",Love Regenerator 3,3/13/2020,29,194925,https://open.spotify.com/track/6iAbvkrFdaUM3T3JcXRG7G,energetic,give me strength edit
6W73mUJoTeNXvbVOSoZvs3,Da Revolution,Luuk Van Dijk,Da Revolution E.P.,3/30/2020,41,250312,https://open.spotify.com/track/6W73mUJoTeNXvbVOSoZvs3,energetic,da revolution
05rYZ91Ii5ho9MhO9dcSqA,Feel The Vibe - Keanu Silva Remix,"DJ Kuba, Neitan, Keanu Silva",Feel The Vibe (Keanu Silva Remix),4/10/2020,31,158122,https://open.spotify.com/track/05rYZ91Ii5ho9MhO9dcSqA,energetic,feel the vibe keanu silva remix
1kuWUmxfaHRv0UEMyG1gtc,Know Yourself,"Jay Robinson, IDRIS",Know Yourself,4/24/2020,0,325161,https://open.spotify.com/track/1kuWUmxfaHRv0UEMyG1gtc,energetic,know yourself
5plDcIUqvmCsbc1rvJRfk1,Loreley,Kölsch,1977,6/24/2013,46,345000,https://open.spotify.com/track/5plDcIUqvmCsbc1rvJRfk1,energetic,loreley
37qbcQlmtkWpWNmTh8rbIB,Rave Machine - Extended Mix,"Oliver Heldens, Rowetta",Rave Machine,5/22/2020,16,322638,https://open.spotify.com/track/37qbcQlmtkWpWNmTh8rbIB,energetic,rave machine extended mix
3JxBHvOkVvgZTtQ9shl4fI,Greece 2000 - Edit,"Three Drives On A Vinyl, Three Drives",Greece 2000,6/1/1997,47,219000,https://open.spotify.com/track/3JxBHvOkVvgZTtQ9shl4fI,energetic,greece 2000 edit
6toCdsVO7FKI7Ggedfe1Ed,Zip Zap,"DJ Q, Robbie Rue",Zip Zap,9/25/2020,0,261500,https://open.spotify.com/track/6toCdsVO7FKI7Ggedfe1Ed,energetic,zip zap
5LJtg2pS5VbWaxKpCH1QQl,Yup - Radio Edit,Fallon,Yup,11/15/2019,0,188500,https://open.spotify.com/track/5LJtg2pS5VbWaxKpCH1QQl,energetic,yup radio edit
3G0vs3WVwcd46XuyQpVbBs,Won't Give Up,SOSA,Won't Give Up,3/6/2020,44,136451,https://open.spotify.com/track/3G0vs3WVwcd46XuyQpVbBs,energetic,wont give up
4Bft1AUpbtGrufPoWnUhtJ,Living In A Dream,"Inner City, Steffanie Christi'an",We All Move Together,7/17/2020,26,203520,https://open.spotify.com/track/4Bft1AUpbtGrufPoWnUhtJ,energetic,living in a dream
7IHKa6nqWvmzXNLYAJlKim,Vibrating,Redfield,Vibrating,10/9/2020,0,186235,https://open.spotify.com/track/7IHKa6nqWvmzXNLYAJlKim,energetic,vibrating
1rUblzYg28ccBdGeQzgHav,To The Drum,PAX,To The Drum,4/24/2020,0,178329,https://open.spotify.com/track/1rUblzYg28ccBdGeQzgHav,energetic,to the drum
39WnpwsWrLXpxafV5FwYVh,Tequila - Jax Jones & Martin Solveig Present Europa,"Jax Jones, Martin Solveig, RAYE, Europa",Tequila (Jax Jones & Martin Solveig Present Europa),2/21/2020,40,210967,https://open.spotify.com/track/39WnpwsWrLXpxafV5FwYVh,energetic,tequila jax jones martin solveig present europa
0kNPKqpvxfACILaPJhmNt8,Sunshine,Low Steppa,Sunshine,11/7/2019,23,168193,https://open.spotify.com/track/0kNPKqpvxfACILaPJhmNt8,energetic,sunshine
7zBFSexzY0VEmmeBmrq3R9,Stamina,Alex Mills,Stamina,11/20/2020,0,165234,https://open.spotify.com/track/7zBFSexzY0VEmmeBmrq3R9,energetic,stamina
0QNlZgXWDIMdqv6Gjgq0K3,Soul Fifty,"Chocolate Puma, Firebeatz",Soul Fifty,1/10/2020,26,157440,https://open.spotify.com/track/0QNlZgXWDIMdqv6Gjgq0K3,energetic,soul fifty
7CpaMI2EEklDbPXRkc4ocR,She Lyin',"Malóne, Monoky, Ali Story",She Lyin',7/31/2020,20,160162,https://open.spotify.com/track/7CpaMI2EEklDbPXRkc4ocR,energetic,she lyin
06sV7v0pvyvTbssfNCUWR7,Set You Free,"Maur, FABER",Set You Free,9/18/2020,0,156000,https://open.spotify.com/track/06sV7v0pvyvTbssfNCUWR7,energetic,set you free
3PZaiRN5PfcfNV2VhEbWVc,Right Here (feat. Carrie Baxter),"Otosan, Shadow Child, Carrie Baxter",Right Here (feat. Carrie Baxter),2/12/2021,22,168804,https://open.spotify.com/track/3PZaiRN5PfcfNV2VhEbWVc,energetic,right here feat carrie baxter
3X9vRtYicvgDuEifaOG4Jn,Power of Bass,"Armand Van Helden, Solardo, Hervé",Power of Bass,5/15/2020,26,168602,https://open.spotify.com/track/3X9vRtYicvgDuEifaOG4Jn,energetic,power of bass
3239OdTeQMBphegyNvF8F3,Pour the Milk,"Robbie Doherty, Keees.",Pour the Milk,11/8/2019,49,172285,https://open.spotify.com/track/3239OdTeQMBphegyNvF8F3,energetic,pour the milk
7mxhyoPpgqQOTJ2BCKDkOE,Passion,APEXAPE,Passion,6/19/2020,18,157517,https://open.spotify.com/track/7mxhyoPpgqQOTJ2BCKDkOE,energetic,passion
560XM9FI9xl5H6RK8S1LqH,On Repeat,"Mike Mago, Kelli-Leigh",On Repeat,5/1/2020,33,183727,https://open.spotify.com/track/560XM9FI9xl5H6RK8S1LqH,energetic,on repeat
4f3boNz24gG32cajPw9Nlr,No More Looking Back (feat. Steffanie Christi'an),"IDRIS, Inner City, Steffanie Christi'an",No More Looking Back (feat. Steffanie Christi'an),2/5/2021,0,203068,https://open.spotify.com/track/4f3boNz24gG32cajPw9Nlr,energetic,no more looking back feat steffanie christian
4VgQwlyP0xJywjZsIWl0qE,My Church,"Will Clarke, MK",My Church,10/2/2020,23,198990,https://open.spotify.com/track/4VgQwlyP0xJywjZsIWl0qE,energetic,my church
63zYSUe7FgJkQT5W6N6ORH,Music Is The Answer,"J090, Terri B!",Music Is The Answer,9/18/2020,19,142440,https://open.spotify.com/track/63zYSUe7FgJkQT5W6N6ORH,energetic,music is the answer
7bnczC5ATlZaZX0MHjX7KU,More Life (feat. Tinie Tempah & L Devine),"Torren Foot, Tinie Tempah, L Devine",More Life (feat. Tinie Tempah & L Devine),9/18/2020,33,151933,https://open.spotify.com/track/7bnczC5ATlZaZX0MHjX7KU,energetic,more life feat tinie tempah l devine
38MbUy2C0FLv6exayPlImu,Midnight (The Hanging Tree),"HOSH, 1979, Jalja",Midnight (The Hanging Tree),1/10/2020,51,178823,https://open.spotify.com/track/38MbUy2C0FLv6exayPlImu,energetic,midnight the hanging tree
4XGg3YotZfAeDTOEtwqHSN,Enchantress,ENMA,Enchantress,5/28/2024,12,268356,https://open.spotify.com/track/4XGg3YotZfAeDTOEtwqHSN,energetic,enchantress
0XMEQwAZFgX4PGb5eu67B8,Let's Get Down,Firebeatz,Let's Get Down,12/11/2020,31,193170,https://open.spotify.com/track/0XMEQwAZFgX4PGb5eu67B8,energetic,lets get down
5DF2KFDVeC7wF5CXipl9WN,I Got You,Disciples,I Got You,10/2/2020,41,210731,https://open.spotify.com/track/5DF2KFDVeC7wF5CXipl9WN,energetic,i got you
3tWMfCp9ijx3V57rRsGMSo,I Got U,"Murder He Wrote, Am Jams",I Got U,6/26/2020,15,196535,https://open.spotify.com/track/3tWMfCp9ijx3V57rRsGMSo,energetic,i got u
2yoIHte6f0YMT4Ezl4prjO,If It's Love,"Mark Knight, Laura Davie, The Melody Men",If It's Love,3/27/2020,28,165250,https://open.spotify.com/track/2yoIHte6f0YMT4Ezl4prjO,energetic,if its love
4pmrGhfdYdKeuV0eTCRTHG,Head & Heart (feat. MNEK) - Jack Back Remix,"Joel Corry, MNEK, Jack Back",Head & Heart (feat. MNEK) [The Remixes Pt. 1],9/18/2020,25,259539,https://open.spotify.com/track/4pmrGhfdYdKeuV0eTCRTHG,energetic,head heart feat mnek jack back remix
7EFPdC1CjrFzadsAld2eJ3,Hallelujah,Will Clarke,Hallelujah,4/10/2020,34,219250,https://open.spotify.com/track/7EFPdC1CjrFzadsAld2eJ3,energetic,hallelujah
085egKocgu5WKCISuUBJFW,Haiti - Robbie Doherty Remix,"Welshy, Robbie Doherty",Haiti (Robbie Doherty Remix),11/20/2020,18,177708,https://open.spotify.com/track/085egKocgu5WKCISuUBJFW,energetic,haiti robbie doherty remix
5TWHuMFLR2SrFPBZ2pBC77,Green Light,MAKJ,Green Light,10/2/2020,19,163902,https://open.spotify.com/track/5TWHuMFLR2SrFPBZ2pBC77,energetic,green light
7k2Ol1Tzgvt7mywZQvu6zB,Get Stupid,Cloonee,Get Stupid,8/28/2020,0,227124,https://open.spotify.com/track/7k2Ol1Tzgvt7mywZQvu6zB,energetic,get stupid
3E90ms8h0i9uN1fVyUjsEy,Get Out My Head,Shane Codd,Get Out My Head,5/25/2020,0,204933,https://open.spotify.com/track/3E90ms8h0i9uN1fVyUjsEy,energetic,get out my head
3j35UwERMOYiu7v8IxjeWo,Get Creative,"lau.ra, Nova",Get Creative,6/12/2020,0,179081,https://open.spotify.com/track/3j35UwERMOYiu7v8IxjeWo,energetic,get creative
3RMK5x4l1muv7NXrSBCAUE,Fresh,"FooR, Majestic, Dread MC",Fresh,3/16/2020,35,234666,https://open.spotify.com/track/3RMK5x4l1muv7NXrSBCAUE,energetic,fresh
6UInRRRj9t0fz0MZqWIZvg,Freedom (Never Let You Go),Karma Kid,Freedom (Never Let You Go),9/25/2020,0,217407,https://open.spotify.com/track/6UInRRRj9t0fz0MZqWIZvg,energetic,freedom never let you go
4hHTrOKE4BXr8QxjhOOXYv,Freaks,FISHER,Freaks,3/20/2020,0,175255,https://open.spotify.com/track/4hHTrOKE4BXr8QxjhOOXYv,energetic,freaks
0xuysuyKe74BSrGOqnPJ01,Everytime,Saffron Stone,Everytime,3/27/2020,0,165375,https://open.spotify.com/track/0xuysuyKe74BSrGOqnPJ01,energetic,everytime
7toXrD09umdbaWc63fBQ3p,Every Single Time,Bissett,Every Single Time,1/22/2021,41,178051,https://open.spotify.com/track/7toXrD09umdbaWc63fBQ3p,energetic,every single time
2KP2670rcQA5XRZyQcVhDK,Everybody Dance (feat. Nile Rodgers),"Cedric Gervais, Franklin, Nile Rodgers",Everybody Dance (feat. Nile Rodgers),11/20/2020,0,168289,https://open.spotify.com/track/2KP2670rcQA5XRZyQcVhDK,energetic,everybody dance feat nile rodgers
4zdaqhDpl2pXrwTsqbqRG8,Do It,"Merk & Kremont, Buzz Low",Do It,1/18/2021,34,158951,https://open.spotify.com/track/4zdaqhDpl2pXrwTsqbqRG8,energetic,do it
2zwcWx6UevSV9t555qnVus,Corazon (Edit),"Babert, Shovell",Corazon,8/14/2020,13,168387,https://open.spotify.com/track/2zwcWx6UevSV9t555qnVus,energetic,corazon edit
5yNHdMA27nhu4vU2mRtXF0,Come and Go (Dombresky Remix),"TOKiMONSTA, VanJess, Dombresky",Come and Go (Dombresky Remix),7/15/2020,0,174523,https://open.spotify.com/track/5yNHdMA27nhu4vU2mRtXF0,energetic,come and go dombresky remix
6eSWdCAvzD4danVK3OlqYU,By My Side (feat. Anthony Valadez),"Ferreck Dawn, Anthony Valadez",By My Side (feat. Anthony Valadez),5/15/2020,0,157949,https://open.spotify.com/track/6eSWdCAvzD4danVK3OlqYU,energetic,by my side feat anthony valadez
7anFS4WuqBD7UubZeA0woc,Bodywork,Majestic,Bodywork,4/17/2020,32,159091,https://open.spotify.com/track/7anFS4WuqBD7UubZeA0woc,energetic,bodywork
71Tbosoq0iswAlyMYoiQHF,Banga,DJ Katch,Banga,7/24/2020,35,161000,https://open.spotify.com/track/71Tbosoq0iswAlyMYoiQHF,energetic,banga
2rqgrjE3T96UvvQ0MheJ8T,Ashes,Chapter & Verse,Ashes,1/22/2021,31,222250,https://open.spotify.com/track/2rqgrjE3T96UvvQ0MheJ8T,energetic,ashes
5V55t8Ss6n1zU9ScKrdYwP,Armaghetton,"Marco Faraone, Greeko",Armaghetton,11/6/2020,0,241866,https://open.spotify.com/track/5V55t8Ss6n1zU9ScKrdYwP,energetic,armaghetton
0WXFAweDUMSLl2YZl8NSTc,All I Want (feat. Andrea Martin),"Secondcity, Paul Woolford, Andrea Martin",All I Want (feat. Andrea Martin),10/2/2020,39,184623,https://open.spotify.com/track/0WXFAweDUMSLl2YZl8NSTc,energetic,all i want feat andrea martin
5nbq4CyzheTl7BLPR3caJY,Body,Elderbrook,Body,3/26/2021,47,163308,https://open.spotify.com/track/5nbq4CyzheTl7BLPR3caJY,energetic,body
6lGjLABcr8gbtVYN08h05h,Better Move,"Kideko, Havoc & Lawn",Better Move,3/19/2021,28,178750,https://open.spotify.com/track/6lGjLABcr8gbtVYN08h05h,energetic,better move
1OmOrxBoUR40WvgBNQjylK,Gold Dust - Flux Pavilion Remix,DJ Fresh,Gold Dust,2011,9,325786,https://open.spotify.com/track/1OmOrxBoUR40WvgBNQjylK,energetic,gold dust flux pavilion remix
3R1k8P1MrDdLSRhlTaaWAS,Who Gon Stop Me,"JAY-Z, Kanye West",Watch The Throne (Deluxe),8/8/2011,2,256706,https://open.spotify.com/track/3R1k8P1MrDdLSRhlTaaWAS,energetic,who gon stop me
135TYaJ0WsivC2Zk7MEX4Y,Project T - Martin Garrix Remix,"Dimitri Vegas & Like Mike, Sander van Doorn, Martin Garrix",Project T (Martin Garrix Remix),10/14/2013,0,312197,https://open.spotify.com/track/135TYaJ0WsivC2Zk7MEX4Y,energetic,project t martin garrix remix
0Js9hB2I66nJliPIJxzn2R,Higher Ground,TNGHT,TNGHT,7/23/2012,0,199343,https://open.spotify.com/track/0Js9hB2I66nJliPIJxzn2R,energetic,higher ground
5fpizYGbi5IQoEraj6FP0R,Intergalactic - Remastered 2009,Beastie Boys,Hello Nasty (Deluxe Edition/Remastered),7/14/1998,69,231493,https://open.spotify.com/track/5fpizYGbi5IQoEraj6FP0R,energetic,intergalactic remastered 2009
7gdGdDgpCDy2kACTqvXbYa,6 Foot 7 Foot - Edited Version,"Lil Wayne, Cory Gunz",Tha Carter IV (Deluxe),1/1/2011,0,248586,https://open.spotify.com/track/7gdGdDgpCDy2kACTqvXbYa,energetic,6 foot 7 foot edited version
3UYuDTslR35thjQzaVwRMe,Get Down,Nas,God's Son,12/13/2002,64,244253,https://open.spotify.com/track/3UYuDTslR35thjQzaVwRMe,energetic,get down
4r69QKaIPJ1dp0aKdYu5UM,Music Made Addict,D-Block & S-te-Fan,Scantraxx Evolutionz 004,3/30/2009,38,395675,https://open.spotify.com/track/4r69QKaIPJ1dp0aKdYu5UM,energetic,music made addict
6Wg8k9tyyLRiDWtsTy4tYl,Fugue,Jumo,DJ Mag FR Selection 01,3/16/2015,0,292146,https://open.spotify.com/track/6Wg8k9tyyLRiDWtsTy4tYl,energetic,fugue
3WS7spXVlbeC5kjePmHMQW,Finally Moving,Pretty Lights,Taking up Your Precious Time,10/23/2006,53,277975,https://open.spotify.com/track/3WS7spXVlbeC5kjePmHMQW,energetic,finally moving
0A6Ba6lBThJTo3jQJwl0Na,So Cliche,Matt Lange,"Armada Deep House Selection, Vol. 1 (The Finest Deep House Tunes)",1/24/2014,14,182430,https://open.spotify.com/track/0A6Ba6lBThJTo3jQJwl0Na,energetic,so cliche
6eWsgrQLZhLqy5VfGB9iFs,Gold - Thomas Jack Radio Edit,"Gabriel Rios, Thomas Jack",Gold (Thomas Jack Radio Edit),9/12/2014,47,196310,https://open.spotify.com/track/6eWsgrQLZhLqy5VfGB9iFs,energetic,gold thomas jack radio edit
3W2ZcrRsInZbjWylOi6KhZ,You & Me - Flume Remix,"Disclosure, Eliza Doolittle, Flume",Settle (Special Edition),6/3/2013,71,282812,https://open.spotify.com/track/3W2ZcrRsInZbjWylOi6KhZ,energetic,you me flume remix
6YyheKQwKEkGtZPHC49JxM,Lessons In Love - Headhunterz Remix Radio Edit,"Kaskade, Neon Trees, Headhunterz",Lessons In Love (Headhunterz Remix),2012,2,182577,https://open.spotify.com/track/6YyheKQwKEkGtZPHC49JxM,energetic,lessons in love headhunterz remix radio edit
5MT4nmFnkght672tlg6mXo,Prove - Original Mix,Cleavage,Prove,11/24/2014,0,279997,https://open.spotify.com/track/5MT4nmFnkght672tlg6mXo,energetic,prove original mix
5k0mTv94djzbl1HvhxjXPn,Sail,AWOLNATION,Megalithic Symphony (Deluxe),2011,1,259102,https://open.spotify.com/track/5k0mTv94djzbl1HvhxjXPn,energetic,sail
5qPmR4nG3nNAECAN5JxrEV,Heartbeat - Chase & Status We Just Bought A Guitar Mix,"Nneka, Chase & Status",Heartbeat EP,10/5/2010,49,237733,https://open.spotify.com/track/5qPmR4nG3nNAECAN5JxrEV,energetic,heartbeat chase status we just bought a guitar mix
3UyZtf5BzjEYFJkIiIipoH,Internet Friends,Knife Party,Haunted House,5/6/2013,35,300538,https://open.spotify.com/track/3UyZtf5BzjEYFJkIiIipoH,energetic,internet friends
01lOQwKZWtfTrYKSlgw30q,Insomnia (Monster Mix) - Radio Edit,"Faithless, Rollo Armstrong, Sister Bliss, Goetz",Party Hits 2,11/22/2013,25,215053,https://open.spotify.com/track/01lOQwKZWtfTrYKSlgw30q,energetic,insomnia monster mix radio edit
3JPcICirkAw4TLp9UzEcfl,Flat Beat,Mr. Oizo,Flat Beat,3/15/1999,0,325173,https://open.spotify.com/track/3JPcICirkAw4TLp9UzEcfl,energetic,flat beat
0Rx0vbMiHxLHlbikeu4KHH,My Feelings For You,"Avicii, Sebastien Drums",My Feelings For You,8/16/2010,0,175258,https://open.spotify.com/track/0Rx0vbMiHxLHlbikeu4KHH,energetic,my feelings for you
73RDt2vjq40pvlUaAoGUJA,Eat Sleep Rave Repeat - Dimitri Vegas & Like Mike Vs. Ummet Ozcan Tomorrowland Remix,"Fatboy Slim, Riva Starr, Beardyman",Don't Let Daddy Know (Ibiza To Amsterdam),2/13/2014,0,300076,https://open.spotify.com/track/73RDt2vjq40pvlUaAoGUJA,energetic,eat sleep rave repeat dimitri vegas like mike vs ummet ozcan tomorrowland remix
1U3oH5CRRcjT5TT69b6eYl,Chimes,Hudson Mohawke,Chimes,9/29/2014,0,211332,https://open.spotify.com/track/1U3oH5CRRcjT5TT69b6eYl,energetic,chimes
5fp6j7TdmXpmKM6QEDL6ZA,Faded,AFROJACK,Forget The World (Deluxe),1/1/2014,0,188133,https://open.spotify.com/track/5fp6j7TdmXpmKM6QEDL6ZA,energetic,faded
4evQX2J2lmQAxMwiIXGSvQ,Run On,Moby,Play,1999,0,225133,https://open.spotify.com/track/4evQX2J2lmQAxMwiIXGSvQ,energetic,run on
36JlfppB5TBeYdAhUxUq5m,Sparta,Ten Walls,Sparta,5/3/2015,0,355122,https://open.spotify.com/track/36JlfppB5TBeYdAhUxUq5m,energetic,sparta
3HH3sB50haVzs3FcK90yTX,We Can Escape (Intents Anthem 2012) - Radio Edit,Brennan Heart,We Can Escape (Intents Anthem 2012),7/2/2012,0,166400,https://open.spotify.com/track/3HH3sB50haVzs3FcK90yTX,energetic,we can escape intents anthem 2012 radio edit
3yitiXJG14YtXXPFVoNvb1,I Remember,"Kaskade, deadmau5",I Remember,1/1/2009,51,200089,https://open.spotify.com/track/3yitiXJG14YtXXPFVoNvb1,energetic,i remember
3RCz4mfxAb1lRIVwM9Iqj6,Fools Paradise - Radio Edit,"Dirtcaps, Rochelle",Fools Paradise,2015,16,180422,https://open.spotify.com/track/3RCz4mfxAb1lRIVwM9Iqj6,energetic,fools paradise radio edit
2zjS1Hzm7j7ye8Iox59ddo,Love Has Gone,Netsky,2 Deluxe,11/19/2012,0,251176,https://open.spotify.com/track/2zjS1Hzm7j7ye8Iox59ddo,energetic,love has gone
5z1AkX2Xf1EL3S0xyfVgpL,In White Rooms,Booka Shade,Movements,2006,0,326840,https://open.spotify.com/track/5z1AkX2Xf1EL3S0xyfVgpL,energetic,in white rooms
4Poho9kXg3jjIjtRJAT3qN,Brah,"Dirtcaps, Alvaro",Brah,6/2/2015,0,179140,https://open.spotify.com/track/4Poho9kXg3jjIjtRJAT3qN,energetic,brah
3zwakDP44DQ77ZDUKU3l2A,Beautiful World - Radio Edit,"Blasterjaxx, Dbstf, Ella Isaacson",Beautiful World (Radio Edit),1/16/2015,0,214615,https://open.spotify.com/track/3zwakDP44DQ77ZDUKU3l2A,energetic,beautiful world radio edit
1hOFimMgD8qvAuNuwfPLAw,humain à l'eau,Stromae,Racine Carrée (Standard US Version),1/1/2013,26,239226,https://open.spotify.com/track/1hOFimMgD8qvAuNuwfPLAw,energetic,humain leau
134QG8C1qpCiFSY9B8mG2P,Liberation,Harold van Lennep,Liberation,6/19/2014,60,218389,https://open.spotify.com/track/134QG8C1qpCiFSY9B8mG2P,energetic,liberation
1ys3u2OlPa7ex784dRQUmS,Don't You - The Partysquad Remix,"WOOT, The Partysquad",Don't You (The Partysquad Remix),5/1/2015,0,212208,https://open.spotify.com/track/1ys3u2OlPa7ex784dRQUmS,energetic,dont you the partysquad remix
21NjVoymnUtbrzBoHwIkkz,Beautiful Now - Dirty South Remix,"Zedd, Jon Bellion, Dirty South",Beautiful Now (Dirty South Remix),6/16/2015,0,198750,https://open.spotify.com/track/21NjVoymnUtbrzBoHwIkkz,energetic,beautiful now dirty south remix
16V4wrPioWvu2mp1iDyEqA,Bad Girl (At Night) - Radio Edit,"Dave Spoon, Lisa Maffia",Bad Girl (At Night) [NCQ multi-track],1/1/2007,0,185253,https://open.spotify.com/track/16V4wrPioWvu2mp1iDyEqA,energetic,bad girl at night radio edit
25O2gu7guxDBXT0gZXR14A,Until The Morning - Original Mix,"Kris Kross Amsterdam, CHOCO",Until The Morning,6/29/2015,0,182047,https://open.spotify.com/track/25O2gu7guxDBXT0gZXR14A,energetic,until the morning original mix
6sNf5lzTg9Oa966kKsSuj1,Lunatic - Original Mix,"Mercer, DJ Snake",Lunatic,3/21/2014,0,288750,https://open.spotify.com/track/6sNf5lzTg9Oa966kKsSuj1,energetic,lunatic original mix
3usdTkRcpEDV27vpSUkvg6,Rio (feat. Digital Farm Animals),"Netsky, Digital Farm Animals",Rio (feat. Digital Farm Animals),7/3/2015,38,229240,https://open.spotify.com/track/3usdTkRcpEDV27vpSUkvg6,energetic,rio feat digital farm animals
5QcSDOm6mcvFDl7KBT1fHv,Spaceman - Carnage Festival Trap Remix,"Hardwell, Carnage",Spaceman (Carnage Festival Trap Remix),12/29/2012,1,234160,https://open.spotify.com/track/5QcSDOm6mcvFDl7KBT1fHv,energetic,spaceman carnage festival trap remix
0iVD6SGujQiHoVd3rykL6X,Sandcastles - Radio Edit,Volt & State,Sandcastles,8/3/2015,0,193124,https://open.spotify.com/track/0iVD6SGujQiHoVd3rykL6X,energetic,sandcastles radio edit
0Fjz7qfpqpgmZWNGoRFHfc,Warriors - Sensation 15 Edit,"Nicky Romero, Volt & State",Sensation The Legacy,7/10/2015,0,326929,https://open.spotify.com/track/0Fjz7qfpqpgmZWNGoRFHfc,energetic,warriors sensation 15 edit
2qWzgFoIXAasT036Zog4rO,XXX - Luke’s Amsterdam To Jersey Edit,"Laidback Luke, Shelco Garcia, Teen Wolf",Sensation The Legacy,7/10/2015,0,262272,https://open.spotify.com/track/2qWzgFoIXAasT036Zog4rO,energetic,xxx lukes amsterdam to jersey edit
7rnKVcMj36BgMEphkJQHaH,Bruk Bruk (I Need Your Lovin),Dillon Francis,This Mixtape is Fire.,8/14/2015,27,192186,https://open.spotify.com/track/7rnKVcMj36BgMEphkJQHaH,energetic,bruk bruk i need your lovin
1nGcq1SXHIio64fjUJAmrm,Mary Go Wild!,Grooveyard,TOPradio - Retro Arena - The Best Of The Best,12/6/2012,0,333488,https://open.spotify.com/track/1nGcq1SXHIio64fjUJAmrm,energetic,mary go wild
051Drz9Qsv2JItLDqztmzK,Disconnect - Original Mix,NLW,NLW EP,8/10/2015,0,236868,https://open.spotify.com/track/051Drz9Qsv2JItLDqztmzK,energetic,disconnect original mix
6UlvONcL4jXM0pC0CPA48S,Deep Down Low,Valentino Khan,OWSLA Spring Compilation 2015,3/17/2015,0,184680,https://open.spotify.com/track/6UlvONcL4jXM0pC0CPA48S,energetic,deep down low
1widDGzezTpdiQrol4JG5i,Renegade Mastah - Original Mix,HI-LO,Renegade Mastah,8/3/2015,0,243957,https://open.spotify.com/track/1widDGzezTpdiQrol4JG5i,energetic,renegade mastah original mix
1TLp1Y4l1JZTOC0qgYghaG,Higher Place - Bassjackers Remix,"Dimitri Vegas, Like Mike, Ne-Yo",Higher Place,8/24/2015,0,288764,https://open.spotify.com/track/1TLp1Y4l1JZTOC0qgYghaG,energetic,higher place bassjackers remix
6zCpe9A3pFqrazleVtMyIp,The Hum - Extended Mix,"Dimitri Vegas & Like Mike, Ummet Ozcan",The Hum,5/4/2015,33,356075,https://open.spotify.com/track/6zCpe9A3pFqrazleVtMyIp,energetic,the hum extended mix
75HXTRhUWcPBO02HqQcTI6,Snap That Neck (Radio Edit),"Laidback Luke, Chocolate Puma",Snap That Neck (Radio Edit),7/20/2015,0,187663,https://open.spotify.com/track/75HXTRhUWcPBO02HqQcTI6,energetic,snap that neck radio edit
2cgZfcnb639TaZhd1AU8iz,Bun Up the Dance,"Dillon Francis, Skrillex",This Mixtape is Fire.,8/14/2015,44,214066,https://open.spotify.com/track/2cgZfcnb639TaZhd1AU8iz,energetic,bun up the dance
5k9cFYBcHevjdsyawGjqOI,Pull It,"Dillon Francis, Bro Safari",This Mixtape is Fire.,8/14/2015,23,185960,https://open.spotify.com/track/5k9cFYBcHevjdsyawGjqOI,energetic,pull it
5m42NOBdAOhCF0mXZ7L2zS,Adagio For Strings,Tiësto,40 Best Dance Hits Ever,4/26/2013,0,206813,https://open.spotify.com/track/5m42NOBdAOhCF0mXZ7L2zS,energetic,adagio for strings
4IrKFurLChdrwEsaEDUCEJ,Darker Than Blood (feat. Linkin Park) - Bassjackers Remix,"Steve Aoki, Linkin Park, Bassjackers",Darker Than Blood (feat. Linkin Park) [Remixes],8/28/2015,19,262504,https://open.spotify.com/track/4IrKFurLChdrwEsaEDUCEJ,energetic,darker than blood feat linkin park bassjackers remix
2eR2HzLN0Nww0ZfV5Ly1zv,Bunnydance,Oliver Heldens,Bunnydance,6/15/2015,0,248372,https://open.spotify.com/track/2eR2HzLN0Nww0ZfV5Ly1zv,energetic,bunnydance
2ybdKdQ1KV9ZuCaQBI6LH1,Devotion - Radio Edit,Quintino,Devotion,8/31/2015,0,201093,https://open.spotify.com/track/2ybdKdQ1KV9ZuCaQBI6LH1,energetic,devotion radio edit
45c4PttM63Wv7S8kPJ0yly,Aftermath - Radio Edit,"Quintino, Sandro Silva",Aftermath,7/3/2015,0,193846,https://open.spotify.com/track/45c4PttM63Wv7S8kPJ0yly,energetic,aftermath radio edit
2w42xrCDs7sC3b47Qgi2v9,Winner - Radio Edit,Quinitino,Winner,2/2/2015,0,172500,https://open.spotify.com/track/2w42xrCDs7sC3b47Qgi2v9,energetic,winner radio edit
178ECVEcmX7hLw5Fvc2KhV,Elephant - Ignite,Funkin Matt,Elephant (Ignite),9/7/2015,27,192000,https://open.spotify.com/track/178ECVEcmX7hLw5Fvc2KhV,energetic,elephant ignite
4uGIHuIgMnSC4h4wIQjNTO,Constellations - Original Mix,CamelPhat,Constellations,8/31/2015,0,187045,https://open.spotify.com/track/4uGIHuIgMnSC4h4wIQjNTO,energetic,constellations original mix
6FqH28raIkXVlcHDUvlEzA,This Is Dirty - Original Mix,"DVBBS, MOTi",This Is Dirty,4/28/2014,0,295781,https://open.spotify.com/track/6FqH28raIkXVlcHDUvlEzA,energetic,this is dirty original mix
4L3PFaaYIHRUatYml1rg7F,THIS - Original Mix,"Sander van Doorn, Oliver Heldens",THIS,10/20/2014,0,315714,https://open.spotify.com/track/4L3PFaaYIHRUatYml1rg7F,energetic,this original mix
6TxJ8tyBSmFnDtHWptKGPc,Show Me - Radio Edit,"Tiësto, DallasK",Show Me,7/6/2015,0,175350,https://open.spotify.com/track/6TxJ8tyBSmFnDtHWptKGPc,energetic,show me radio edit
5Fas8gi45KzNptbwV9uCiK,Raven,John Dahlbäck,Raven,7/27/2015,29,190155,https://open.spotify.com/track/5Fas8gi45KzNptbwV9uCiK,energetic,raven
72sWTAd5LnF5bL7dgbaEBx,Reawakening - Radio Edit,"Atmozfears, Audiotricz",Pussy lounge 2015,6/12/2015,0,181212,https://open.spotify.com/track/72sWTAd5LnF5bL7dgbaEBx,energetic,reawakening radio edit
6rMwYjoFvxKiaEH4If8ZpZ,How Deep Is Your Love - Calvin Harris & R3hab Remix,"Calvin Harris, Disciples, R3HAB",How Deep Is Your Love (Remixes),8/7/2015,44,256560,https://open.spotify.com/track/6rMwYjoFvxKiaEH4If8ZpZ,energetic,how deep is your love calvin harris r3hab remix
5FDn1oWUD5BXL2HCfmCk2F,Man With The Red Face - Radio Edit,"Mark Knight, Funkagenda",Man With The Red Face,8/10/2008,50,235039,https://open.spotify.com/track/5FDn1oWUD5BXL2HCfmCk2F,energetic,man with the red face radio edit
0RgkrEAgD5KvUZJXnxgw4h,ABC,"Sander van Doorn, Sunnery James & Ryan Marciano",ABC,9/25/2015,0,178571,https://open.spotify.com/track/0RgkrEAgD5KvUZJXnxgw4h,energetic,abc
00vqDUiq1UoIeYK1X8SlCS,Off the Hook - Radio Edit,"Hardwell, Armin van Buuren",Off the Hook,9/18/2015,0,177058,https://open.spotify.com/track/00vqDUiq1UoIeYK1X8SlCS,energetic,off the hook radio edit
46iI0binWzpkEJgIWTYUBR,Gold on the Ceiling,The Black Keys,Gold on the Ceiling,1/24/2012,37,224333,https://open.spotify.com/track/46iI0binWzpkEJgIWTYUBR,energetic,gold on the ceiling
0FiRmnmsaCwTHICjmybeey,Turn The Music Louder (Rumble) - Radio Edit,"KDA, Tinie Tempah, Katy B",Turn The Music Louder (Rumble) [Radio Edit],9/30/2015,0,201455,https://open.spotify.com/track/0FiRmnmsaCwTHICjmybeey,energetic,turn the music louder rumble radio edit
1Wuwsq0BK4Abd7gRitOhXl,Be Right There,"Diplo, Sleepy Tom",Be Right There,8/28/2015,0,237051,https://open.spotify.com/track/1Wuwsq0BK4Abd7gRitOhXl,energetic,be right there
32KqacHOsXaHeAqZKYDfNu,Sun Is Shining - W&W Remix,"Axwell /\ Ingrosso, Axwell, Sebastian Ingrosso, W&W",Sun Is Shining (Remixes),8/28/2015,0,314786,https://open.spotify.com/track/32KqacHOsXaHeAqZKYDfNu,energetic,sun is shining ww remix
5Cutx8uQ1OyRyy3VXl417q,The New World,Markus Schulz,50 Best Trance Hits Ever,9/9/2011,23,167773,https://open.spotify.com/track/5Cutx8uQ1OyRyy3VXl417q,energetic,the new world
3SU5cPobYDTSC2VmBi2efg,Strong Ones,"Armin van Buuren, Cimo Fränkel",Strong Ones,10/16/2015,22,188653,https://open.spotify.com/track/3SU5cPobYDTSC2VmBi2efg,energetic,strong ones
16npmUQrzujEqCQblPK49F,Mad World - Radio Edit,"Hardwell, Jake Reese",Mad World,10/9/2015,0,210703,https://open.spotify.com/track/16npmUQrzujEqCQblPK49F,energetic,mad world radio edit
6DS51XJ8iV21mAcjPxASWZ,The Power of Now,"Steve Aoki, Headhunterz",Neon Future Odyssey,10/2/2015,43,201093,https://open.spotify.com/track/6DS51XJ8iV21mAcjPxASWZ,energetic,the power of now
0qqwzVWiVmIRynDh1nTGCG,Chemicals,"Tiësto, Don Diablo, Thomas Troelsen",Chemicals,10/3/2015,0,222075,https://open.spotify.com/track/0qqwzVWiVmIRynDh1nTGCG,energetic,chemicals
6fuYLzr0XjwXurFbkDkRJm,On My Mind - Jax Jones Remix,"Ellie Goulding, Jax Jones",On My Mind (Remixes),10/16/2015,0,253466,https://open.spotify.com/track/6fuYLzr0XjwXurFbkDkRJm,energetic,on my mind jax jones remix
1O3Jlr6ksM6meUe1atDAxY,You Got The Love,"Never Sleeps, AFROJACK, Chico Rose",You Got The Love,8/27/2021,31,196684,https://open.spotify.com/track/1O3Jlr6ksM6meUe1atDAxY,energetic,you got the love
6eWbDE66YVmld0sw2I9c9P,Angel of Mine,"Clear Six, Covenants, GIA",Angel of Mine,1/14/2022,20,146854,https://open.spotify.com/track/6eWbDE66YVmld0sw2I9c9P,energetic,angel of mine
7zx1i0jGcFwMBurajgKlO7,Black Magic,Jonasu,Black Magic,12/18/2020,55,174193,https://open.spotify.com/track/7zx1i0jGcFwMBurajgKlO7,energetic,black magic
3e2B2TvuM37qZpQLy7uQSF,B.O.D.Y. (Optixx Remix),"Eloise Viola, OPTIXX",B.O.D.Y. (Optixx Remix),4/23/2021,0,155920,https://open.spotify.com/track/3e2B2TvuM37qZpQLy7uQSF,energetic,body optixx remix
38YnFnN1oVtowL2eUg7d0X,The Boy Is Mine,MODULATE,The Boy Is Mine,4/10/2020,0,184804,https://open.spotify.com/track/38YnFnN1oVtowL2eUg7d0X,energetic,the boy is mine
0eiLudweyosA5c7EUJ6y0c,Breathe Me In,Harrison,Breathe Me In,11/19/2021,42,178420,https://open.spotify.com/track/0eiLudweyosA5c7EUJ6y0c,energetic,breathe me in
1evWpIlEfSZnXtHtpILB6b,Calabria,"DMNDS, Fallen Roses, Dance Fruits Music, Lujavo, Nito-Onna",Calabria,4/16/2021,0,128562,https://open.spotify.com/track/1evWpIlEfSZnXtHtpILB6b,energetic,calabria
7fXupzi3jFgKVED9BUCmUc,Change of Heart,"SOMMA, Paul Schulze, Louise Harris",Change of Heart,12/3/2021,41,155148,https://open.spotify.com/track/7fXupzi3jFgKVED9BUCmUc,energetic,change of heart
219qa1XAw8kHdVY4sHpoA5,Chemical Days,JLV,Chemical Days,1/21/2022,38,175182,https://open.spotify.com/track/219qa1XAw8kHdVY4sHpoA5,energetic,chemical days
67VbZ029qV7P6ukj3IMc6P,Dance Monkey,Robin Tayger,Dance Monkey,4/17/2020,0,160040,https://open.spotify.com/track/67VbZ029qV7P6ukj3IMc6P,energetic,dance monkey
6UBWAUKm49CmVWXEdvnEhJ,Don't Stop Movin',Sam Robs,Don't Stop Movin',8/28/2020,35,174594,https://open.spotify.com/track/6UBWAUKm49CmVWXEdvnEhJ,energetic,dont stop movin
1Lmxn3gJdOljbNzP0OfcKY,Eyes,Kai Raffaello,Eyes,11/27/2020,0,140909,https://open.spotify.com/track/1Lmxn3gJdOljbNzP0OfcKY,energetic,eyes
0uABO1PKbTJvcNQD7usbSw,Feel Good Inc.,"Marcus Layton, Nonô",Feel Good Inc.,3/5/2021,43,173313,https://open.spotify.com/track/0uABO1PKbTJvcNQD7usbSw,energetic,feel good inc
7CWCtrX6hjocPEaVKl66Zg,Freak Like Me,"Benjamin Darren, Ben Rainey, Chloe Shipp",Freak Like Me,11/13/2020,28,173734,https://open.spotify.com/track/7CWCtrX6hjocPEaVKl66Zg,energetic,freak like me
6eXKCcEqAU4eJLfDgh8sfG,Get Down Saturday Night,"Gorgon Breath, Monartt, Eliza",Get Down Saturday Night,12/24/2021,51,138006,https://open.spotify.com/track/6eXKCcEqAU4eJLfDgh8sfG,energetic,get down saturday night
4HHFAQ2jIuDxViIhKG0VTj,Girls Come By,"Havoc & Lawn, Kyle Pearce",Girls Come By,6/4/2021,37,159526,https://open.spotify.com/track/4HHFAQ2jIuDxViIhKG0VTj,energetic,girls come by
4QOxKjpIHKU6VoVmwD4F6T,Glad You Came,"Kai Raffaello, XEER",Glad You Came,8/27/2021,0,172384,https://open.spotify.com/track/4QOxKjpIHKU6VoVmwD4F6T,energetic,glad you came
4exGSaz6lVTxxZVF1xVD4k,God is A DJ,"Faithless, David Guetta",God Is a DJ,12/10/2021,45,155000,https://open.spotify.com/track/4exGSaz6lVTxxZVF1xVD4k,energetic,god is a dj
1VRQHQLh9zeIee7Nw3G0oR,Good 4 U,Beave,Good 4 U,7/30/2021,0,156190,https://open.spotify.com/track/1VRQHQLh9zeIee7Nw3G0oR,energetic,good 4 u
6avelha0wbaNrmZBNeN2Rk,Hanging Up (On You),"Smokin' Jack Hill, LXI",Hanging Up (On You),8/20/2021,0,191707,https://open.spotify.com/track/6avelha0wbaNrmZBNeN2Rk,energetic,hanging up on you
7ClqUJckpwLF7JptR3Xs66,How Deep Is Your Love,Jake Believe,How Deep Is Your Love,8/13/2021,0,165160,https://open.spotify.com/track/7ClqUJckpwLF7JptR3Xs66,energetic,how deep is your love
5vcfy76yr163pFH7NkN6nX,I Don't Want You,"Riton, RAYE",I Don't Want You,9/3/2021,50,190240,https://open.spotify.com/track/5vcfy76yr163pFH7NkN6nX,energetic,i dont want you
5rHzNT5r84fvyLNq4hPEU1,If Your Girl Only Knew,"Ben Rainey, Lauren Carter",If Your Girl Only Knew,11/13/2020,25,157819,https://open.spotify.com/track/5rHzNT5r84fvyLNq4hPEU1,energetic,if your girl only knew
0lrctx5G3InbHwNO5JyFfL,It Ain't Right,Shane Codd,It Ain't Right,11/5/2021,48,208083,https://open.spotify.com/track/0lrctx5G3InbHwNO5JyFfL,energetic,it aint right
5AcUgqPY9xGZENqO9fr45W,Joy - Radio Edit,"Otis Hajo, Loick",Joy,7/17/2015,36,186829,https://open.spotify.com/track/5AcUgqPY9xGZENqO9fr45W,energetic,joy radio edit
1M8jb2TD3f7G3602ylhRHn,Kiss Me More,Robin Tayger,Kiss Me More,7/23/2021,0,156480,https://open.spotify.com/track/1M8jb2TD3f7G3602ylhRHn,energetic,kiss me more
6LW3Z1GqbL78TIjfDyg4zp,Afterglow,"Wilkinson, Becky Hill",Lazers Not Included,1/1/2013,65,225172,https://open.spotify.com/track/6LW3Z1GqbL78TIjfDyg4zp,energetic,afterglow
4u5KbHYUrsO5ZTfAZe9Wa1,Let It Bleed,"SOMMA, Jamis, Leo Stannard, HIISAK",Let It Bleed,1/28/2022,41,161829,https://open.spotify.com/track/4u5KbHYUrsO5ZTfAZe9Wa1,energetic,let it bleed
0WNjZebEUjiPEdVqfYjlcZ,Losing My Mind,"Majestic, Nightcrawlers",Losing My Mind,8/6/2021,36,204849,https://open.spotify.com/track/0WNjZebEUjiPEdVqfYjlcZ,energetic,losing my mind
2CS5MaY5NuF5cQNyEEPfEB,The Love I Need,Alex Hobson,The Love I Need,6/19/2020,0,171716,https://open.spotify.com/track/2CS5MaY5NuF5cQNyEEPfEB,energetic,the love i need
2VNbWFsmuHUCNYZzmXHyJO,More,Jake Believe,More,10/1/2021,0,129712,https://open.spotify.com/track/2VNbWFsmuHUCNYZzmXHyJO,energetic,more
4UgO00TrGQPdKA8YHpAGZk,Never Gonna (Be The Same),MarkMate,Never Gonna (Be The Same),8/13/2021,0,156054,https://open.spotify.com/track/4UgO00TrGQPdKA8YHpAGZk,energetic,never gonna be the same
20zTb6lu1t257GDy8LFDWK,Nirvana,"LANNÉ, Mingue",Nirvana,1/14/2022,19,130848,https://open.spotify.com/track/20zTb6lu1t257GDy8LFDWK,energetic,nirvana
74svMcorgPABViSTZka4yw,No Diggity,"HÄWK, BEYGE",No Diggity,1/7/2022,0,218880,https://open.spotify.com/track/74svMcorgPABViSTZka4yw,energetic,no diggity
287dOpeWtu9E9qhfCK1m1V,No More,Alexxi,No More,7/2/2021,39,162237,https://open.spotify.com/track/287dOpeWtu9E9qhfCK1m1V,energetic,no more
4cyoT8S63fpUAVLqdbrM1A,One And Only,"Wahlstedt, Mathew V",One And Only,1/7/2022,16,171428,https://open.spotify.com/track/4cyoT8S63fpUAVLqdbrM1A,energetic,one and only
1e0V7CMEcXaPAMtL4b5VtV,Out of My Head,"Jack Wins, ManyFew",Out of My Head,8/6/2021,42,162382,https://open.spotify.com/track/1e0V7CMEcXaPAMtL4b5VtV,energetic,out of my head
2E5NQYOQOhzUUmQluohFqC,Over & Over,"Dark Heart, NJOMZA",Over & Over,8/27/2021,0,147110,https://open.spotify.com/track/2E5NQYOQOhzUUmQluohFqC,energetic,over over
0zJvw2UaO0ce3lLEld6BYb,Positions,Beave,Positions,4/16/2021,0,176183,https://open.spotify.com/track/0zJvw2UaO0ce3lLEld6BYb,energetic,positions
3Zs7UPRJeoy3uycdPHVfwv,Signals,"Regard, Kwabs",Signals,10/29/2021,52,167998,https://open.spotify.com/track/3Zs7UPRJeoy3uycdPHVfwv,energetic,signals
20ujHaygoRw7nyJkDj12u1,Slow,"Mark Mendy, HADES, Richard Judge",Slow,1/27/2022,28,150967,https://open.spotify.com/track/20ujHaygoRw7nyJkDj12u1,energetic,slow
3CBRlJxL7BCjoKSccKGagv,Somebody That I Used to Know,"Arpad, JONA XX, CLOSR",Somebody That I Used to Know,1/14/2022,0,148284,https://open.spotify.com/track/3CBRlJxL7BCjoKSccKGagv,energetic,somebody that i used to know
7817rA9ycAIWARDmrZFOlC,Still On It,Jamie Nugent,Still On It,10/29/2021,0,184918,https://open.spotify.com/track/7817rA9ycAIWARDmrZFOlC,energetic,still on it
7iUB3byx9Rcks8zW10JVkP,Stupid Feelings,"220 KID, LANY",Stupid Feelings,8/6/2021,49,166924,https://open.spotify.com/track/7iUB3byx9Rcks8zW10JVkP,energetic,stupid feelings
0odzTf9Q5Z9ReJi3gJ5yOs,Superstar,AZ2A,Superstar,11/19/2021,0,175899,https://open.spotify.com/track/0odzTf9Q5Z9ReJi3gJ5yOs,energetic,superstar
1XNXvGsyA6Gt2vhFRCi22f,Take Me Away,"BassBears, Krmoni, Jordan Rys",Take Me Away,1/14/2022,17,186446,https://open.spotify.com/track/1XNXvGsyA6Gt2vhFRCi22f,energetic,take me away
2X30fR4jrB0b1dBPPKdICb,Take Me Back,Beave,Take Me Back,10/8/2021,0,158880,https://open.spotify.com/track/2X30fR4jrB0b1dBPPKdICb,energetic,take me back
408SQrg31o4Zy76spKFm7U,Take The Love,XEER,Take The Love,1/7/2022,0,161947,https://open.spotify.com/track/408SQrg31o4Zy76spKFm7U,energetic,take the love
3fsolNebSzZdtZnVnjJR5r,Talking Body,Fallen,Talking Body,7/31/2020,0,221480,https://open.spotify.com/track/3fsolNebSzZdtZnVnjJR5r,energetic,talking body
46nvQpUDsxpS08UTFOeKTA,Tell It To My Heart,"MEDUZA, Hozier",Tell It To My Heart,10/29/2021,61,165524,https://open.spotify.com/track/46nvQpUDsxpS08UTFOeKTA,energetic,tell it to my heart
5krhFNgUcYHwXlNPJJYzFM,Tell Me Something Good,Ewan McVicar,Tell Me Something Good,6/25/2021,55,249678,https://open.spotify.com/track/5krhFNgUcYHwXlNPJJYzFM,energetic,tell me something good
5zuYZxEWupGzIwlRY6KnNB,True Love,"ConKi, Barmuda",True Love,1/13/2022,51,165634,https://open.spotify.com/track/5zuYZxEWupGzIwlRY6KnNB,energetic,true love
1o1I1cHSokuxDZIhJEPJ7U,Umbrella,Jake Believe,Umbrella,1/28/2022,0,176157,https://open.spotify.com/track/1o1I1cHSokuxDZIhJEPJ7U,energetic,umbrella
30cMfUI1CVXextXiXRii4X,Wanna Know,HBSN,Wanna Know,1/21/2022,0,158133,https://open.spotify.com/track/30cMfUI1CVXextXiXRii4X,energetic,wanna know
3sIxH6PbrndAo9idzqpbt9,Wasting Time,Zac Samuel,Wasting Time,10/8/2021,36,146580,https://open.spotify.com/track/3sIxH6PbrndAo9idzqpbt9,energetic,wasting time
58TQiHGycsKkGsKHWpTlB2,What You Gunna Do (Optixx Remix),"Eloise Viola, OPTIXX",What You Gunna Do (Optixx Remix),5/22/2020,0,137465,https://open.spotify.com/track/58TQiHGycsKkGsKHWpTlB2,energetic,what you gunna do optixx remix
3yDbJlEJuWjTMPUrM9z9TH,When Friday Comes,KOLIDESCOPES,When Friday Comes,11/19/2021,33,181944,https://open.spotify.com/track/3yDbJlEJuWjTMPUrM9z9TH,energetic,when friday comes
0uYl8cPItCr0e6epdiZj0G,You Got Me,"Jeh, Reece Pullinger",You Got Me,7/9/2021,0,177281,https://open.spotify.com/track/0uYl8cPItCr0e6epdiZj0G,energetic,you got me
4R5ZfGaOiwzFLhhgg6ZZIh,You & I,JKAY,You & I,9/10/2021,0,181881,https://open.spotify.com/track/4R5ZfGaOiwzFLhhgg6ZZIh,energetic,you i
5jgBSDaYdbYaZNhBuvBApf,Da Pussy Syndrome,Dutch Movement,Pussy lounge 2013,6/14/2013,24,276954,https://open.spotify.com/track/5jgBSDaYdbYaZNhBuvBApf,energetic,da pussy syndrome
6JLQTMDtMKKza7MLbqtoFc,We Are The Storm,"Ran-D, Sound Rush, LePrince",We Are The Storm,11/19/2021,0,230556,https://open.spotify.com/track/6JLQTMDtMKKza7MLbqtoFc,energetic,we are the storm
29NwyV0G9dArjBUNLiDih4,Never Die,"The Partysquad, Outsiders",Never Die,12/13/2019,0,200620,https://open.spotify.com/track/29NwyV0G9dArjBUNLiDih4,energetic,never die
3oNDynp3Y6F9NvCMqvoxYI,Liberté - Sefa & Outsiders Remix,"Parla & Pardoux, Outsiders, Sefa",Liberté (Sefa & Outsiders Remix),9/24/2021,47,180292,https://open.spotify.com/track/3oNDynp3Y6F9NvCMqvoxYI,energetic,libert sefa outsiders remix
1YR7VB3xx85Iad2n3soyMb,Amsterdam,"Cristian D, $hirak, Brysa, Ashafar",Amsterdam,1/13/2022,52,173534,https://open.spotify.com/track/1YR7VB3xx85Iad2n3soyMb,energetic,amsterdam
0iVkWge9ytV4Scgy2hQ2za,Hurricane,"Ofenbach, Ella Henderson",Hurricane,9/17/2021,53,147139,https://open.spotify.com/track/0iVkWge9ytV4Scgy2hQ2za,energetic,hurricane
6ZbJz7FWWa3m5QbTudts8K,Back Seat - Chris Lorenzo Remix,"Anna Lunoe, Genesis Owusu, Chris Lorenzo",Back Seat (Chris Lorenzo Remix),1/13/2022,31,286874,https://open.spotify.com/track/6ZbJz7FWWa3m5QbTudts8K,energetic,back seat chris lorenzo remix
632paTWO6lWhhkpSPvlKiG,Backfire,"Shermanology, Jay Colin",Backfire,1/14/2022,29,199384,https://open.spotify.com/track/632paTWO6lWhhkpSPvlKiG,energetic,backfire
2tZaIi32T3Fwn6GqD8Jcii,Lonely (feat. Sananda Maitreya),"Love Regenerator, Riva Starr, Calvin Harris, Sananda Maitreya",Lonely (feat. Sananda Maitreya),1/21/2022,35,170325,https://open.spotify.com/track/2tZaIi32T3Fwn6GqD8Jcii,energetic,lonely feat sananda maitreya
4E7sc3Sw1g3OGCA5XZHXeq,Stay With Me,Hausse,Stay With Me,1/16/2020,12,232659,https://open.spotify.com/track/4E7sc3Sw1g3OGCA5XZHXeq,energetic,stay with me
3GvBWkSgux1ZAEskx8nazX,Silent Sea,Hausse,Silent Sea,4/10/2021,11,172640,https://open.spotify.com/track/3GvBWkSgux1ZAEskx8nazX,energetic,silent sea
4MyPLcBTpqfXZJKcUhMXOg,Set You Free,"Lucas & Steve, Laura White",Set You Free,1/28/2022,33,169523,https://open.spotify.com/track/4MyPLcBTpqfXZJKcUhMXOg,energetic,set you free
4d5NcfD8r5HPmGFzgXA1i3,Let It Ring,"Damien N-Drix, STV",Let It Ring,6/26/2017,43,182250,https://open.spotify.com/track/4d5NcfD8r5HPmGFzgXA1i3,energetic,let it ring
70hYJ2B7d72XKbXEBiYS5R,I Want You,La Fuente,I Want You,4/15/2022,0,219401,https://open.spotify.com/track/70hYJ2B7d72XKbXEBiYS5R,energetic,i want you
3ix6Vo6svUCNbKCqqRLMSE,Gas Pedal,"Trace, Azim G",Gas Pedal,12/17/2021,0,222720,https://open.spotify.com/track/3ix6Vo6svUCNbKCqqRLMSE,energetic,gas pedal
6PCms3vNvv1llO4fZToeMy,Dame Gas,Chuwe,Dame Gas,3/18/2022,28,257278,https://open.spotify.com/track/6PCms3vNvv1llO4fZToeMy,energetic,dame gas
01xdiGuSuIf5qZulm1uqkY,Feel It!,"D-Block & S-te-Fan, D-Sturb",Feel It!,1/21/2020,46,236903,https://open.spotify.com/track/01xdiGuSuIf5qZulm1uqkY,energetic,feel it
0bsdfTgzxOPN4RcZcGJJ3t,It's A Killa,"FISHER, Shermanology",It's A Killa,3/11/2022,37,200028,https://open.spotify.com/track/0bsdfTgzxOPN4RcZcGJJ3t,energetic,its a killa
2Q4nScd22kJ70CqQbQqWFD,Palm Beach Banga,FISHER,Palm Beach Banga,2/11/2022,0,233836,https://open.spotify.com/track/2Q4nScd22kJ70CqQbQqWFD,energetic,palm beach banga
4GzXDXbHkAwXZfKCQMMjHg,50 Cent - (IBRA Remix),"Bokoesam, Bartofso, Yung Felix, IBRA",50 Cent Remix Pack,5/5/2022,17,142080,https://open.spotify.com/track/4GzXDXbHkAwXZfKCQMMjHg,energetic,50 cent ibra remix
2YUVIkvZ2tPEZYTepX6oT9,Move It,"Valentino Khan, Dillon Francis",Move It,4/22/2022,53,201259,https://open.spotify.com/track/2YUVIkvZ2tPEZYTepX6oT9,energetic,move it
4ASOMWcJUrwEpjJy4GEijz,California Dreamin' (feat. High Jinx),"Chris Lorenzo, High Jinx",California Dreamin' (feat. High Jinx),10/8/2021,66,196899,https://open.spotify.com/track/4ASOMWcJUrwEpjJy4GEijz,energetic,california dreamin feat high jinx
37Ex1AZEE0TEZ1K12eUk5G,Give U Love,Ransom,Give U Love,3/31/2022,0,189473,https://open.spotify.com/track/37Ex1AZEE0TEZ1K12eUk5G,energetic,give u love
03SEp9sXkAOAgxJtSLuVEi,Ride With Me (feat. Kid Ink),"Tungevaag, Kid Ink",Ride With Me (feat. Kid Ink),6/4/2021,43,169500,https://open.spotify.com/track/03SEp9sXkAOAgxJtSLuVEi,energetic,ride with me feat kid ink
5feza64dOl5JSSiuFsqrZq,UHUH,"$hirak, Ronnie Flex, Yssi SB, Lil Kleine",UHUH,8/12/2021,48,175300,https://open.spotify.com/track/5feza64dOl5JSSiuFsqrZq,energetic,uhuh
0rIB4inCYvbQRByLEkhdPx,Let It Drop - Radio Edit,BYOR,Let It Drop,9/24/2021,26,146666,https://open.spotify.com/track/0rIB4inCYvbQRByLEkhdPx,energetic,let it drop radio edit
3yEVgP9BUHQdOPaPjQIB0Y,aNYway - Radio Edit,Duck Sauce,aNYway,10/23/2009,11,158266,https://open.spotify.com/track/3yEVgP9BUHQdOPaPjQIB0Y,energetic,anyway radio edit
2KM4KCDbbfOvQ5cgWADd0Z,Way Of Life,Brennan Heart,Way Of Life,5/27/2021,42,211200,https://open.spotify.com/track/2KM4KCDbbfOvQ5cgWADd0Z,energetic,way of life
2V0BhCbyhrvhfMJkS5HZlx,Superhorn,"Gammer, Darren Styles",Superhorn,11/26/2021,0,144000,https://open.spotify.com/track/2V0BhCbyhrvhfMJkS5HZlx,energetic,superhorn
18Joht0Y1d4c5ONqXsTcnS,Zero Fucks Given,"Rät N FrikK, Billy The Kit",Zero Fucks Given,12/14/2018,28,192000,https://open.spotify.com/track/18Joht0Y1d4c5ONqXsTcnS,energetic,zero fucks given
6Kvewrr04OxGG4i6ENZneD,Hero - LNY TNZ Remix,"AFROJACK, David Guetta, LNY TNZ",Hero (Remixes),7/9/2021,15,199200,https://open.spotify.com/track/6Kvewrr04OxGG4i6ENZneD,energetic,hero lny tnz remix
2UnT0N4kOlmx1Bi5ASivdL,Everything We Are,"Brennan Heart, Psyko Punkz",Brennan Heart & Friends,11/20/2020,22,158776,https://open.spotify.com/track/2UnT0N4kOlmx1Bi5ASivdL,energetic,everything we are
7kgTsBAU2a4011YI83XZEB,Make That Body Rock,Ransom,Make That Body Rock,2/19/2021,23,186315,https://open.spotify.com/track/7kgTsBAU2a4011YI83XZEB,energetic,make that body rock
4R7k9w4XBSYSUhlmXFr4xm,HALO,"Sub Zero Project, Diandra Faye",HALO,3/17/2021,39,188991,https://open.spotify.com/track/4R7k9w4XBSYSUhlmXFr4xm,energetic,halo
5iiIrnhl2SO3tlpmkg9oF2,Fire & Blood,D-Sturb,Fire & Blood,7/23/2021,28,171870,https://open.spotify.com/track/5iiIrnhl2SO3tlpmkg9oF2,energetic,fire blood
4Aq5dvUPgdaEEvaEGl2NLz,Axel F,Jordiz,Axel F,1/28/2022,46,193704,https://open.spotify.com/track/4Aq5dvUPgdaEEvaEGl2NLz,energetic,axel f
1gWAtvmMbhH6WPLes1swNh,Fiyaaah!,"The Prophet, Dutch Movement",Fiyaaah!,3/7/2019,44,234021,https://open.spotify.com/track/1gWAtvmMbhH6WPLes1swNh,energetic,fiyaaah
0cfxGRaCEFKwz66bURIYz5,Silence - Brennan Heart Remix,"Delerium, Sarah McLachlan, Brennan Heart",Silence (feat. Sarah McLachlan) [Brennan Heart Remix],10/7/2021,42,263453,https://open.spotify.com/track/0cfxGRaCEFKwz66bURIYz5,energetic,silence brennan heart remix
46Wvx7MOyXP9vef55TI4aV,At The Gates,Hausse,At The Gates,4/9/2020,11,172506,https://open.spotify.com/track/46Wvx7MOyXP9vef55TI4aV,energetic,at the gates
7HQEKWXO8oGMvnGSvhRK4j,How it is,Malaa,How it is,6/9/2022,25,181935,https://open.spotify.com/track/7HQEKWXO8oGMvnGSvhRK4j,energetic,how it is
0E3L4BNuUlZyvcZyySTfKr,"Made In France (with Tchami & Malaa, feat. Mercer)","DJ Snake, Tchami, Malaa, Mercer",Carte Blanche,7/25/2019,44,251428,https://open.spotify.com/track/0E3L4BNuUlZyvcZyySTfKr,energetic,made in france with tchami malaa feat mercer
0a089la64vLzIReKpnjrfZ,Get After It,Wade,Get After It,6/17/2022,40,178837,https://open.spotify.com/track/0a089la64vLzIReKpnjrfZ,energetic,get after it
2RRClVP1ldNEGKNtEChgA9,Back Once More,PAJANE,Back Once More,7/1/2022,39,135000,https://open.spotify.com/track/2RRClVP1ldNEGKNtEChgA9,energetic,back once more
1HwbMf4EI01RVOqa8URjjQ,Close To Me,"Liu, Sevek",Close To Me,6/10/2022,48,147619,https://open.spotify.com/track/1HwbMf4EI01RVOqa8URjjQ,energetic,close to me
4ATGhu6yBy5MaAZv8lmkWG,Get Down Low (Dip),"Dark Heart, Mia Marvelous",Get Down Low (Dip),6/10/2022,43,149406,https://open.spotify.com/track/4ATGhu6yBy5MaAZv8lmkWG,energetic,get down low dip
3wfjPBFCSxYqJEz9xIT8lE,Hit The Gas,Ekonovah,Hit The Gas,2/25/2020,0,223558,https://open.spotify.com/track/3wfjPBFCSxYqJEz9xIT8lE,energetic,hit the gas
3nDEjp2MvXJuqtUsv8GuyQ,Because The Night,"Dimitri Vegas & Like Mike, Brennan Heart, Dimitri Vegas",Because The Night,5/27/2022,52,201330,https://open.spotify.com/track/3nDEjp2MvXJuqtUsv8GuyQ,energetic,because the night
1lXyxleB814ehGUXzsWNXu,One More Time,"Armin van Buuren, Maia Wright",One More Time,7/15/2022,36,148095,https://open.spotify.com/track/1lXyxleB814ehGUXzsWNXu,energetic,one more time
013PVeWEFQio3XHFH9rIC6,The Drop,"Dimitri Vegas, David Guetta, Nicole Scherzinger, Azteck",The Drop,6/24/2022,47,121987,https://open.spotify.com/track/013PVeWEFQio3XHFH9rIC6,energetic,the drop
3hp1sx2wqHipS9fanoPrzV,We Don’t Need - Club Edit,Piero Pirupa,We Don’t Need (Club Edit),3/25/2022,46,158462,https://open.spotify.com/track/3hp1sx2wqHipS9fanoPrzV,energetic,we dont need club edit
5wk4ccb7pQYrFgxfkeuZOQ,No Piensa,"Don Diablo, PnB Rock, Boaz van de Beatz",No Piensa,7/22/2022,37,149268,https://open.spotify.com/track/5wk4ccb7pQYrFgxfkeuZOQ,energetic,no piensa
7brRnnzMQtAPybNOwbmRms,My Feelings For You - Don Diablo Remix,"Avicii, Sebastien Drums, Don Diablo",My Feelings For You (Don Diablo Remix),6/3/2022,40,205714,https://open.spotify.com/track/7brRnnzMQtAPybNOwbmRms,energetic,my feelings for you don diablo remix
6Xz1rumarDiuBztmwJr8eL,Day & Nite - Don Diablo VIP Mix,Don Diablo,Day & Nite (Don Diablo VIP Mix),5/20/2022,24,230655,https://open.spotify.com/track/6Xz1rumarDiuBztmwJr8eL,energetic,day nite don diablo vip mix
0RGpd5zCowfEItCUF7Itpr,NAZARENO,Farruko,NAZARENO,5/19/2022,54,223173,https://open.spotify.com/track/0RGpd5zCowfEItCUF7Itpr,energetic,nazareno
5oVe96Seam9FDlIrV8d3YU,Ring the Alarm,"Sidney Samson, Ilker Akay",Ring the Alarm,8/19/2008,13,275866,https://open.spotify.com/track/5oVe96Seam9FDlIrV8d3YU,energetic,ring the alarm
5cZqsjVs6MevCnAkasbEOX,Break Stuff,Limp Bizkit,Significant Other,1999,84,166706,https://open.spotify.com/track/5cZqsjVs6MevCnAkasbEOX,energetic,break stuff
4Y4VUNGRuuhCNJlQ2lSZZi,Don't Stop The Music,Jake Believe,Don't Stop The Music,4/15/2022,0,171403,https://open.spotify.com/track/4Y4VUNGRuuhCNJlQ2lSZZi,energetic,dont stop the music
7EW6TtHJIa2zyydF6dwNBs,Easy (Optixx Remix),"AMiR, OPTIXX",Easy (Optixx Remix),2/25/2022,0,176183,https://open.spotify.com/track/7EW6TtHJIa2zyydF6dwNBs,energetic,easy optixx remix
4xXPWmjXECKNKx37UIg2IC,Falling,"TRP, Ben Rainey, Leah Sanderson",Falling,4/9/2021,0,191983,https://open.spotify.com/track/4xXPWmjXECKNKx37UIg2IC,energetic,falling
79IJQbc6YLDLjF6lsA5g6T,He Wasn't Man Enough,MODULATE,He Wasn't Man Enough,5/6/2022,0,144027,https://open.spotify.com/track/79IJQbc6YLDLjF6lsA5g6T,energetic,he wasnt man enough
0REgio12vdZhrXm69o2OdW,High,"Nadim, AmeliaCee",High,6/24/2022,16,160538,https://open.spotify.com/track/0REgio12vdZhrXm69o2OdW,energetic,high
63NFtADO4mlSkpXH70ya68,Insomnia,"LANNÉ, Sunlike Brothers",Insomnia,5/6/2022,32,175140,https://open.spotify.com/track/63NFtADO4mlSkpXH70ya68,energetic,insomnia
0bZL9EEh4nCiuRomDhMjwT,Jenny From The Block,"DJSM, Fyex",Jenny From The Block,6/3/2022,47,120000,https://open.spotify.com/track/0bZL9EEh4nCiuRomDhMjwT,energetic,jenny from the block
3OtwFjJsuzryEpf1mFB8nk,Just In Case,Jake Tarry,Just In Case,10/8/2021,23,152774,https://open.spotify.com/track/3OtwFjJsuzryEpf1mFB8nk,energetic,just in case
3mwI4cl2xs0qf2g94eu4AT,Looking For Love,"AZ2A, Katy Tiz",Looking For Love,7/15/2022,0,148292,https://open.spotify.com/track/3mwI4cl2xs0qf2g94eu4AT,energetic,looking for love
0EyuGo7LdFiG110rgRHSuf,Lose You - Anton Powers Remix,"Rawdolff, Tara Mcdonald, Anton Powers",Lose You (Anton Powers Remixes),6/3/2022,20,173658,https://open.spotify.com/track/0EyuGo7LdFiG110rgRHSuf,energetic,lose you anton powers remix
3Ibf5MzsKj4TKeeoL8ZtiQ,Love Me Or Let Me Go,Shane Codd,Love Me Or Let Me Go,5/6/2022,43,154000,https://open.spotify.com/track/3Ibf5MzsKj4TKeeoL8ZtiQ,energetic,love me or let me go
32Kny30rKzU89H0sIFUBO4,Love Sex Magic,RUDY,Love Sex Magic,5/13/2022,33,159141,https://open.spotify.com/track/32Kny30rKzU89H0sIFUBO4,energetic,love sex magic
145cep4GQknm7bX8g2kda5,Loving Me,Amés,Loving Me,6/3/2022,0,131015,https://open.spotify.com/track/145cep4GQknm7bX8g2kda5,energetic,loving me
1zbUcALSjgV3EsYJbATckj,One More Time,"Nadim, Ev Wilde, Abi Flynn",One More Time,3/25/2022,0,146019,https://open.spotify.com/track/1zbUcALSjgV3EsYJbATckj,energetic,one more time
6kNEXB3Dkxi0S5XnK8OGOu,Satisfy Me,"Alex Hobson, Betty Bloom",Satisfy Me,5/27/2022,0,161320,https://open.spotify.com/track/6kNEXB3Dkxi0S5XnK8OGOu,energetic,satisfy me
4vyG9ZhHT8MKJE5mTICMFC,Still Sleepless,"D.O.D, Carla Monroe",Still Sleepless,9/17/2021,70,162879,https://open.spotify.com/track/4vyG9ZhHT8MKJE5mTICMFC,energetic,still sleepless
6FqWqZZAV6bq2iE5dTgDNc,Tell You What It Is,"Eats Everything, Shermanology",Tell You What It Is,5/13/2022,31,187491,https://open.spotify.com/track/6FqWqZZAV6bq2iE5dTgDNc,energetic,tell you what it is
6lQw8YVh9sXbzcOBzyQPmK,This Feeling,"Eden Prince, Alex Mills",This Feeling,1/28/2022,35,194761,https://open.spotify.com/track/6lQw8YVh9sXbzcOBzyQPmK,energetic,this feeling
3n8hN6Q8tQR8JHvRQSGFuU,Unfoolish (You Must Be Used To Me Crying),Ku De Ta,Unfoolish (You Must Be Used To Me Crying),4/14/2022,50,133462,https://open.spotify.com/track/3n8hN6Q8tQR8JHvRQSGFuU,energetic,unfoolish you must be used to me crying
5066WzFaeJhqmQmKjBmrr6,"Weekend (Party, Sleep, Repeat)","Mark Mendy, Paradigm","Weekend (Party, Sleep, Repeat)",5/19/2022,49,138556,https://open.spotify.com/track/5066WzFaeJhqmQmKjBmrr6,energetic,weekend party sleep repeat
2KHe7PmuPlbY5DAVKIkTEF,You Make Me Wanna,"N3RD, JD",You Make Me Wanna,4/8/2022,0,149374,https://open.spotify.com/track/2KHe7PmuPlbY5DAVKIkTEF,energetic,you make me wanna
37sPqov3DpyuELyvmcvGbo,When You Look at Me,"Arpad, IMKK, Maraux",When You Look at Me,7/15/2022,0,131311,https://open.spotify.com/track/37sPqov3DpyuELyvmcvGbo,energetic,when you look at me
6SrriGAtHnL1OMROo7oQNH,Running Up That Hill,"Kilian K, Blaze U, Luke Madness",Running Up That Hill,6/17/2022,54,133209,https://open.spotify.com/track/6SrriGAtHnL1OMROo7oQNH,energetic,running up that hill
1JeM2RHVfWP3S4mKE3akNf,Know My Name,TS7,Know My Name,7/28/2022,31,183750,https://open.spotify.com/track/1JeM2RHVfWP3S4mKE3akNf,energetic,know my name
2uO3KjyA2RcBBZorC0HzaL,Pulverturm - Tiësto's Big Room Remix,"Niels Van Gogh, Tiësto",Pulverturm (Tiësto's Big Room Remix),1/25/2019,0,182000,https://open.spotify.com/track/2uO3KjyA2RcBBZorC0HzaL,energetic,pulverturm tistos big room remix
0pjMTISKHTJkogN1BPZxaC,Paradise - Tiësto Remix,"Coldplay, Tiësto",Princess of China,6/1/2012,46,286346,https://open.spotify.com/track/0pjMTISKHTJkogN1BPZxaC,energetic,paradise tisto remix
1Ut9XUd0JpTkGnHXjBdSAH,Helium - Tiesto Remix,"Chris Lake, Jareth",Helium (Tiesto Remix),5/16/2014,3,266076,https://open.spotify.com/track/1Ut9XUd0JpTkGnHXjBdSAH,energetic,helium tiesto remix
7bKWpXmubyw8iJDUsMaRkr,Gold Skies - Tiësto Remix,"Sander van Doorn, Martin Garrix, DVBBS, Aleesia, Tiësto",Gold Skies (The Remixes Part 1),9/22/2014,0,306102,https://open.spotify.com/track/7bKWpXmubyw8iJDUsMaRkr,energetic,gold skies tisto remix
5rE7rJwrAiCypgcYfvFnE9,Lean On (feat. MØ & DJ Snake) - Tiësto & MOTi Remix,"Major Lazer, DJ Snake, MOTi, MØ, Tiësto",Lean On (Remixes) [feat. MØ & DJ Snake] Vol.2,9/4/2015,0,296349,https://open.spotify.com/track/5rE7rJwrAiCypgcYfvFnE9,energetic,lean on feat m dj snake tisto moti remix
1sI9LpIHEEzQwSVnp8oyfD,Summer Days (feat. Macklemore & Patrick Stump of Fall Out Boy) - Tiësto Remix,"Martin Garrix, Macklemore, Fall Out Boy, Tiësto",Summer Days (feat. Macklemore & Patrick Stump of Fall Out Boy) [Tiësto Remix],6/21/2019,0,255238,https://open.spotify.com/track/1sI9LpIHEEzQwSVnp8oyfD,energetic,summer days feat macklemore patrick stump of fall out boy tisto remix
2VRDfOvvADjpsWrv8Rewq2,Moombah (Afrojack Mix),"Silvio Ecomo, Chuckie, AFROJACK",Moombah (Remixes),5/14/2009,0,183559,https://open.spotify.com/track/2VRDfOvvADjpsWrv8Rewq2,energetic,moombah afrojack mix
0Zy0kysvpcB164gvgQ6V5A,In No Dip,"Dannic, Silvio Ecomo",In No Dip,1/16/2018,17,168515,https://open.spotify.com/track/0Zy0kysvpcB164gvgQ6V5A,energetic,in no dip
5EJcVJZBl6HTfSf6z4dC78,One (Your Name),"Swedish House Mafia, Pharrell Williams",Until Now,1/1/2012,54,351440,https://open.spotify.com/track/5EJcVJZBl6HTfSf6z4dC78,energetic,one your name
5QH3sjtAIJmeUiVuwDOjui,Show Me Love - Dubdogz Remix,"Steve Angello, Laidback Luke, Robin S, Dubdogz",Show Me Love (Dubdogz Remix),2/5/2021,7,189677,https://open.spotify.com/track/5QH3sjtAIJmeUiVuwDOjui,energetic,show me love dubdogz remix
0LTp1UeaPcN2LbbXAGjf6f,Show Me Love - Anevo Remix - Radio Edit,"Steve Angello, Laidback Luke, Robin S, Anevo",Show Me Love (2015 Remixes),5/25/2015,0,204766,https://open.spotify.com/track/0LTp1UeaPcN2LbbXAGjf6f,energetic,show me love anevo remix radio edit
1RE1n34QLdVFmEH178D2bF,Call It House,"Laidback Luke, DJs From Mars",Call It House,10/8/2021,2,122903,https://open.spotify.com/track/1RE1n34QLdVFmEH178D2bF,energetic,call it house
6mknoqv80UiVhEClVrAYfN,Feel The Music - Laidback Luke Remix,"Max Vangeli, De Kibo, Laidback Luke",Feel The Music (Laidback Luke Remix),12/19/2016,11,188000,https://open.spotify.com/track/6mknoqv80UiVhEClVrAYfN,energetic,feel the music laidback luke remix
165M1vmXf2T1ZR02mMmPiT,Turbulence - Radio Edit,"Laidback Luke, Steve Aoki, Lil Jon",Turbulence,2/28/2011,0,228010,https://open.spotify.com/track/165M1vmXf2T1ZR02mMmPiT,energetic,turbulence radio edit
2AgyHbwV4fKpKDNUYvyxSQ,We Can Not Get Enough! - The Prophet Hardstyle Remix,"Laidback Luke, MC Marxman",We Can Not Get Enough!,7/1/2003,11,316381,https://open.spotify.com/track/2AgyHbwV4fKpKDNUYvyxSQ,energetic,we can not get enough the prophet hardstyle remix
6m1kajoVbrZDTKty4d4LIt,We Can Not Get Enough!,"Laidback Luke, MC Marxman",We Can Not Get Enough!,7/1/2003,15,369070,https://open.spotify.com/track/6m1kajoVbrZDTKty4d4LIt,energetic,we can not get enough
0C9P00gKzHroC3Et2SQylA,Like Wooh Wooh - Radio Edit,Rnbstylerz,Like Wooh Wooh,7/30/2019,60,136189,https://open.spotify.com/track/0C9P00gKzHroC3Et2SQylA,energetic,like wooh wooh radio edit
0xyuVt6beRsFbCJkbAaCjY,Stranger Things,Bougenvilla,Stranger Things,4/20/2020,24,183750,https://open.spotify.com/track/0xyuVt6beRsFbCJkbAaCjY,energetic,stranger things
3ehuQZkvZVeSgbshFFZKW2,Day N Night,"AFROJACK, Black V Neck, Muni Long",Day N Night,8/12/2022,38,179199,https://open.spotify.com/track/3ehuQZkvZVeSgbshFFZKW2,energetic,day n night
00qKqzgxfiOsUyK83eacNd,Dance Alone,Ape Rave Club,Dance Alone,7/22/2022,34,177619,https://open.spotify.com/track/00qKqzgxfiOsUyK83eacNd,energetic,dance alone
5GtyT4AyI21cmRxNwAwxNR,Dance Forever,Hudson Mohawke,Cry Sugar,8/12/2022,0,185493,https://open.spotify.com/track/5GtyT4AyI21cmRxNwAwxNR,energetic,dance forever
1dP519dbEob8H6wiouRdaY,Family Affair (Dance For Me),David Guetta,Family Affair (Dance For Me),7/15/2022,65,158391,https://open.spotify.com/track/1dP519dbEob8H6wiouRdaY,energetic,family affair dance for me
3KruoUtSkm84Az0bJunnxl,Baila Conmigo,Tiësto,Baila Conmigo,7/29/2022,60,146249,https://open.spotify.com/track/3KruoUtSkm84Az0bJunnxl,energetic,baila conmigo
5SJaU2u1QXVvSenZoDlKMi,Calabria - Claptone Remix,"Claptone, Rune",Calabria (Claptone Remix),7/1/2022,0,171310,https://open.spotify.com/track/5SJaU2u1QXVvSenZoDlKMi,energetic,calabria claptone remix
5URyPutSQvq9tTbBYybv5n,We Don’t Need,"Oliver Heldens, Piero Pirupa",We Don’t Need,7/29/2022,44,188644,https://open.spotify.com/track/5URyPutSQvq9tTbBYybv5n,energetic,we dont need
4wkMENuv16FSJogYrZvK8X,Movement,Maurice Lessing,Movement,7/1/2022,16,239523,https://open.spotify.com/track/4wkMENuv16FSJogYrZvK8X,energetic,movement
4Ace8alexaAj3QHwprUqQq,"Rave, Rinse, Repeat","Paul Elstak, The Viper, Boogshe","Rave, Rinse, Repeat",6/11/2021,47,171561,https://open.spotify.com/track/4Ace8alexaAj3QHwprUqQq,energetic,rave rinse repeat
4fGMjp3k7d7OAx6y9zAIDN,Summer Is Magic,Stormerz,Summer Is Magic,6/23/2021,0,174504,https://open.spotify.com/track/4fGMjp3k7d7OAx6y9zAIDN,energetic,summer is magic
3bVYgzFGeFpgX3kMeGjIEc,TMY,Scabtik,TMY,6/16/2020,27,159998,https://open.spotify.com/track/3bVYgzFGeFpgX3kMeGjIEc,energetic,tmy
1YIYwFUDRzlQK0IXAVxPcN,Say Yes,BYOR,Say Yes,8/12/2022,36,161280,https://open.spotify.com/track/1YIYwFUDRzlQK0IXAVxPcN,energetic,say yes
2tPecaIFLCxPWRjZkoqJoQ,All That You Need,Don Diablo,All That You Need,9/9/2022,0,160312,https://open.spotify.com/track/2tPecaIFLCxPWRjZkoqJoQ,energetic,all that you need
4uRxhu6ga4eIWUBz5h3Wtd,Afraid To Feel - David Guetta & Dyro Remix,"LF SYSTEM, David Guetta, Dyro",Afraid To Feel (David Guetta & Dyro Remix),8/5/2022,50,142509,https://open.spotify.com/track/4uRxhu6ga4eIWUBz5h3Wtd,energetic,afraid to feel david guetta dyro remix
6oiIX4QKgQT2VLGeSPnrwz,No Piensa - Don Diablo VIP Mix,"Don Diablo, PnB Rock, Boaz van de Beatz",No Piensa (Don Diablo VIP Mix),8/19/2022,30,167812,https://open.spotify.com/track/6oiIX4QKgQT2VLGeSPnrwz,energetic,no piensa don diablo vip mix
5mJCcomN5wLGLMxI1689Tr,Beyond The Sky,Chocolate Puma,Beyond The Sky,8/19/2022,36,142857,https://open.spotify.com/track/5mJCcomN5wLGLMxI1689Tr,energetic,beyond the sky
203awqDVvrXBoCtMfzXpx2,BLOWIN UP,Solo Artist Saxx,BLOWIN UP,3/6/2022,33,248163,https://open.spotify.com/track/203awqDVvrXBoCtMfzXpx2,energetic,blowin up
5IlU0bZzxLKxTlBCnTXEpy,Infinity,E.P.O,Infinity,3/19/2018,0,168985,https://open.spotify.com/track/5IlU0bZzxLKxTlBCnTXEpy,energetic,infinity
6pmPYay3TBetdq5GbqGQdZ,Let's Go! - Radio Edit,DJ Rebel,Let's Go! (Radio Edit),2/27/2013,38,211874,https://open.spotify.com/track/6pmPYay3TBetdq5GbqGQdZ,energetic,lets go radio edit
7r0KmO0iGmRfwz1I6LieZy,OMG!,TABS,OMG!,6/9/2014,17,230909,https://open.spotify.com/track/7r0KmO0iGmRfwz1I6LieZy,energetic,omg
1YgjYRt6PchrL1ujDAbc6P,Rage,"Paaus, Lukrative",Rage,8/15/2018,40,196216,https://open.spotify.com/track/1YgjYRt6PchrL1ujDAbc6P,energetic,rage
2VeszwCp38pQQhKlIIyTUe,Wij Zijn Hier,Buren Van De Brandweer,Wij Zijn Hier,9/30/2022,15,185333,https://open.spotify.com/track/2VeszwCp38pQQhKlIIyTUe,energetic,wij zijn hier
6YG9ny9p9PmMjIyJ0B1pVw,Set My Mind Free,Matt Guy,Set My Mind Free,9/9/2022,42,180461,https://open.spotify.com/track/6YG9ny9p9PmMjIyJ0B1pVw,energetic,set my mind free
6Qv3OWGNixqEobRC5vM0Bp,Heartstrings,"M-22, Ella Henderson",Heartstrings,9/9/2022,36,211359,https://open.spotify.com/track/6Qv3OWGNixqEobRC5vM0Bp,energetic,heartstrings
44fFj5FWWuFseMDEvToXCn,Out Of Control,"Nicky Romero, EDX",Out Of Control,8/26/2022,32,168387,https://open.spotify.com/track/44fFj5FWWuFseMDEvToXCn,energetic,out of control
651YhrvzeVfOa8yIifIhUM,I FEEL LIKE DANCING,Hardwell,I FEEL LIKE DANCING,8/12/2022,39,225681,https://open.spotify.com/track/651YhrvzeVfOa8yIifIhUM,energetic,i feel like dancing
5qTixEL6DIvXM7PY5MFRgT,Run with the Wolves,The Prodigy,Invaders Must Die,2/23/2009,43,264720,https://open.spotify.com/track/5qTixEL6DIvXM7PY5MFRgT,energetic,run with the wolves
0Ja4hLKiUSw01E01pJ1yGr,Breathe,The Prodigy,The Fat of the Land,6/30/1997,68,336280,https://open.spotify.com/track/0Ja4hLKiUSw01E01pJ1yGr,energetic,breathe
79CUrU5o2KAVDTNm4x3eGU,Firestarter,The Prodigy,The Fat of the Land,6/30/1997,66,279800,https://open.spotify.com/track/79CUrU5o2KAVDTNm4x3eGU,energetic,firestarter
48vDCZIRmrFO33fH4QU4ij,Smack My Bitch Up,The Prodigy,The Fat of the Land,6/30/1997,64,343386,https://open.spotify.com/track/48vDCZIRmrFO33fH4QU4ij,energetic,smack my bitch up
6cYJBIE9FC1QAoPw5EhdLA,Out of Space,The Prodigy,Experience,9/21/1992,2,302106,https://open.spotify.com/track/6cYJBIE9FC1QAoPw5EhdLA,energetic,out of space
7H0MOWplwc6gf2AD1vTSYi,Voodoo People,The Prodigy,Music for the Jilted Generation,4/4/1994,57,387066,https://open.spotify.com/track/7H0MOWplwc6gf2AD1vTSYi,energetic,voodoo people
5InNoJxaUQK1jkxQEF2l2Q,Invaders Must Die,The Prodigy,Invaders Must Die,11/8/2009,39,295026,https://open.spotify.com/track/5InNoJxaUQK1jkxQEF2l2Q,energetic,invaders must die
2imCW92yjMPVw9KfTONyuO,Wake Up,"Brennan Heart, The Prophet",La Bush Temple of House,7/8/2011,46,311614,https://open.spotify.com/track/2imCW92yjMPVw9KfTONyuO,energetic,wake up
4ANmPUsA3LAvOSP8xen6Vt,The Calling,"Tchami, Marten Horger",The Calling,5/20/2022,0,197760,https://open.spotify.com/track/4ANmPUsA3LAvOSP8xen6Vt,energetic,the calling
6a7Vnxz6aezPxdKPTF72Yb,I Know,"Marten Hørger, BIJOU",I Know,9/23/2022,45,202560,https://open.spotify.com/track/6a7Vnxz6aezPxdKPTF72Yb,energetic,i know
6MUZSRiBO5mpq5qQkFgAgz,Mr. Navigator,"Armin van Buuren, Tempo Giusto",Mr. Navigator,9/13/2019,42,152238,https://open.spotify.com/track/6MUZSRiBO5mpq5qQkFgAgz,energetic,mr navigator
7rSERmjAT38lC5QhJ8hnQc,I'm Shipping Up To Boston,Dropkick Murphys,The Warrior's Code,7/19/2005,69,153600,https://open.spotify.com/track/7rSERmjAT38lC5QhJ8hnQc,energetic,im shipping up to boston
522LFdtOuvHkNQeYJrAvIC,Hesitate,Picco,Hesitate,6/10/2022,57,170155,https://open.spotify.com/track/522LFdtOuvHkNQeYJrAvIC,energetic,hesitate
12KMoAMzaeBFh91O5sxP2o,The Lone Ranger,"NWYR, W&W",The Lone Ranger,1/28/2022,46,156923,https://open.spotify.com/track/12KMoAMzaeBFh91O5sxP2o,energetic,the lone ranger
5koi0IKj1vrIgvZ1RU5QuU,Your Body - Tujamo & Lady Bee Radio Edit,"Tom Novy, Tujamo, Lady Bee, Michael Marshall",Your Body (Tujamo & Lady Bee Remix),3/8/2019,0,183750,https://open.spotify.com/track/5koi0IKj1vrIgvZ1RU5QuU,energetic,your body tujamo lady bee radio edit
0YVx5YZIgfYHzlq19hqDeE,Angels & Demons,"Ghost Stories, D-Block & S-te-Fan",Antidote,9/12/2017,43,179200,https://open.spotify.com/track/0YVx5YZIgfYHzlq19hqDeE,energetic,angels demons
6YVeOJszaRGv6vc9BNe7cB,I Want You - Hardwell Remix,"La Fuente, Hardwell",I Want You (Hardwell Remix),10/28/2022,31,196874,https://open.spotify.com/track/6YVeOJszaRGv6vc9BNe7cB,energetic,i want you hardwell remix
6Zq0Q5tPURvX1cjxDXLxfG,Just One Kiss,La Fuente,Just One Kiss,11/12/2021,30,168169,https://open.spotify.com/track/6Zq0Q5tPURvX1cjxDXLxfG,energetic,just one kiss
1704XhUx9ZXSXmRQxUfQ3X,Run,Sunnery James & Ryan Marciano,Run,9/16/2022,19,169354,https://open.spotify.com/track/1704XhUx9ZXSXmRQxUfQ3X,energetic,run
7ppgJcPEx6AjK0jhZJMxOm,Hot in Here (Öwnboss Remix),"Steff da Campo, Öwnboss",Hot in Here (Öwnboss Remix),4/22/2022,42,191975,https://open.spotify.com/track/7ppgJcPEx6AjK0jhZJMxOm,energetic,hot in here wnboss remix
1fCs3LuvVDSnLss2Dy7vt8,"Uzi (Pinky Ring) (feat. U-God, Raekwon, Ghostface Killah, RZA, Method Man, Inspectah Deck, Masta Killa & GZA)","Wu-Tang Clan, U-God, Raekwon, Ghostface Killah, RZA, Method Man, Inspectah Deck, Masta Killa, GZA",Iron Flag,12/18/2001,0,320200,https://open.spotify.com/track/1fCs3LuvVDSnLss2Dy7vt8,energetic,uzi pinky ring feat ugod raekwon ghostface killah rza method man inspectah deck masta killa gza
0BhLfxWA4TwGu8bGVKBotN,Roll The Dice,"Armin van Buuren, Philip Strand","Feel Again, Pt. 2",10/21/2022,28,155238,https://open.spotify.com/track/0BhLfxWA4TwGu8bGVKBotN,energetic,roll the dice
29mAlA42YLtpgMDWBmKb17,Gimme Bass,Outsiders,Gimme Bass,10/27/2022,57,164129,https://open.spotify.com/track/29mAlA42YLtpgMDWBmKb17,energetic,gimme bass
5osSw3tL07Tuid7AWsvYcc,"Ante Up Remix (feat. Busta Rhymes, Teflon & Remi Martin) - Remix","M.O.P., Busta Rhymes, Teflon, Remi Martin",Warriorz,8/29/2000,61,247693,https://open.spotify.com/track/5osSw3tL07Tuid7AWsvYcc,energetic,ante up remix feat busta rhymes teflon remi martin remix
0bdbXNbIRClzywgD6UIPlw,Blind Faith,"Chase & Status, Liam Bailey",Blind Faith,1/1/2011,0,233666,https://open.spotify.com/track/0bdbXNbIRClzywgD6UIPlw,energetic,blind faith
6KvYwiJbPUzmBw7Wif2aMX,The Age of Love 2022,"Dimitri Vegas & Like Mike, Age Of Love, Vini Vici",The Age of Love 2022,10/14/2022,44,189561,https://open.spotify.com/track/6KvYwiJbPUzmBw7Wif2aMX,energetic,the age of love 2022
5rYJdqK0TTWSqSRbOnsLmg,Cafe Del Mar,"Dimitri Vegas & Like Mike, Vini Vici, MATTN",Cafe Del Mar,4/1/2022,40,211764,https://open.spotify.com/track/5rYJdqK0TTWSqSRbOnsLmg,energetic,cafe del mar
2Kz0LyPpbHDljctj1tzLwP,Back to the Oldskool,"Dimitri Vegas & Like Mike, Quintino",Back to the Oldskool,1/8/2021,30,144000,https://open.spotify.com/track/2Kz0LyPpbHDljctj1tzLwP,energetic,back to the oldskool
3d0pwyoTXmomnQXoVLhBQx,You Are,"Armin van Buuren, Sunnery James & Ryan Marciano",You Are,7/21/2017,38,177250,https://open.spotify.com/track/3d0pwyoTXmomnQXoVLhBQx,energetic,you are
1S2iRa3oSjGHvs462CtNht,Moon Groove - AC Slater Remix,"Noizu, AC Slater",Moon Groove (AC Slater Remix),9/9/2022,3,213046,https://open.spotify.com/track/1S2iRa3oSjGHvs462CtNht,energetic,moon groove ac slater remix
0CADZTEOUaMw9bHnKB59Ts,Nightbird,DJ Snake,Nightbird,11/4/2022,42,156190,https://open.spotify.com/track/0CADZTEOUaMw9bHnKB59Ts,energetic,nightbird
4bRz69CXfj5tNXhXPUt0Vv,I Need a Boiler Room,blk.,SOUNDS LIKE A GOOD TIME. III,2/7/2020,48,270274,https://open.spotify.com/track/4bRz69CXfj5tNXhXPUt0Vv,energetic,i need a boiler room
3Mnk7mS8GH9hEhHICtcBni,Singapore Swing,"Shinichi Osawa, Paul Chambers",Live At Lowlands,2010,0,285523,https://open.spotify.com/track/3Mnk7mS8GH9hEhHICtcBni,energetic,singapore swing
3wd4oqBJFIu1jjLhlWgsVw,Pan Jabi,Wade,Pan Jabi,7/28/2022,42,167109,https://open.spotify.com/track/3wd4oqBJFIu1jjLhlWgsVw,energetic,pan jabi
3glqlA5qY3bbo8UaUDGPnw,"Triumph (feat. Ol' Dirty Bastard, Inspectah Deck, Method Man, Cappadonna, U-God, RZA, GZA, Masta Killa, Ghostface Killah & Raekwon)","Wu-Tang Clan, Ol' Dirty Bastard, Inspectah Deck, Method Man, Cappadonna, U-God, RZA, GZA, Masta Killa, Ghostface Killah, Raekwon",Wu-Tang Forever,6/3/1997,61,338186,https://open.spotify.com/track/3glqlA5qY3bbo8UaUDGPnw,energetic,triumph feat ol dirty bastard inspectah deck method man cappadonna ugod rza gza masta killa ghostface killah raekwon
57UFzhgsL7Q4lxaEKosMSb,B€NZ,"€URO TRA$H, Yellow Claw, Syaqish",B€NZ,8/5/2022,36,244218,https://open.spotify.com/track/57UFzhgsL7Q4lxaEKosMSb,energetic,bnz
12aCF5xMof5sLunrEy8SA7,I'm Good (Blue) - Oliver Heldens Remix,"David Guetta, Bebe Rexha, Oliver Heldens",I'm Good (Blue) [Oliver Heldens Remix],10/27/2022,50,186328,https://open.spotify.com/track/12aCF5xMof5sLunrEy8SA7,energetic,im good blue oliver heldens remix
2UdCQIDwFvGhslUYZH5tRR,Smack Yo',Beltran,Smack Yo',9/30/2022,66,245669,https://open.spotify.com/track/2UdCQIDwFvGhslUYZH5tRR,energetic,smack yo
0HVwpwnXY2L0M7VW1PbH5F,Believe In Ghosts,"Oliver Heldens, warner case",Believe In Ghosts,9/2/2022,0,166330,https://open.spotify.com/track/0HVwpwnXY2L0M7VW1PbH5F,energetic,believe in ghosts
0ciBdxlofdSf1AePCpXGVF,Renegade,"RL Grime, NERO",Renegade,12/2/2022,36,285616,https://open.spotify.com/track/0ciBdxlofdSf1AePCpXGVF,energetic,renegade
0gtZ8DwXXeqGTc09iFWRBv,Crank,James Hype,Crank,9/16/2022,41,178804,https://open.spotify.com/track/0gtZ8DwXXeqGTc09iFWRBv,energetic,crank
2GJ1xx5ZoeIJYbQKLSpoZ3,Finish Line,Skillet,Victorious,8/2/2019,64,206060,https://open.spotify.com/track/2GJ1xx5ZoeIJYbQKLSpoZ3,energetic,finish line
0frE3SjXkM69r159CEmpc6,Heads Will Roll - A-Trak Remix Radio Edit,"Yeah Yeah Yeahs, A-Trak",Gym Music 2023,11/8/2022,0,203920,https://open.spotify.com/track/0frE3SjXkM69r159CEmpc6,energetic,heads will roll atrak remix radio edit
2AcKLW30dJ03qXsGU3RehH,All Or Nothing,"Topic, HRVY",All Or Nothing,12/16/2022,56,147973,https://open.spotify.com/track/2AcKLW30dJ03qXsGU3RehH,energetic,all or nothing
3zkyus0njMCL6phZmNNEeN,LET GO,Central Cee,LET GO,12/15/2022,72,174246,https://open.spotify.com/track/3zkyus0njMCL6phZmNNEeN,energetic,let go
2Nmf2uJXXICrkWNFVLGSQk,Vibra,"Anuel AA, David Guetta",Vibra,12/8/2022,32,153642,https://open.spotify.com/track/2Nmf2uJXXICrkWNFVLGSQk,energetic,vibra
5EGAY1Txvi5A3hFkYYGsXx,Madan (King),Bakermat,Madan (King),6/17/2022,55,183609,https://open.spotify.com/track/5EGAY1Txvi5A3hFkYYGsXx,energetic,madan king
47Wv7knmg7C9ISkSuTcxo3,Stop the Rock,Apollo 440,Stop The Rock,1997,41,212333,https://open.spotify.com/track/47Wv7knmg7C9ISkSuTcxo3,energetic,stop the rock
7FhMo3HBdR6CC5PMBVQoN3,In My Mind,Antiloop,LP,1/1/1997,42,208040,https://open.spotify.com/track/7FhMo3HBdR6CC5PMBVQoN3,energetic,in my mind
6s3kEvE18DIURckoh0mWTZ,Monster,The Automatic,Not Accepted Anywhere,9/15/2006,52,219440,https://open.spotify.com/track/6s3kEvE18DIURckoh0mWTZ,energetic,monster
3GfOAdcoc3X5GPiiXmpBjK,Song 2,Blur,Blur: The Best Of,10/23/2000,68,121880,https://open.spotify.com/track/3GfOAdcoc3X5GPiiXmpBjK,energetic,song 2
0rfXn2iUwqQXzNvJgmcG6p,Paddling Out,Miike Snow,Happy to You,3/19/2012,1,223053,https://open.spotify.com/track/0rfXn2iUwqQXzNvJgmcG6p,energetic,paddling out
3aTb5EUBOlNDSEcaTFI7Jj,Bodyrock,Moby,Play,5/17/1999,0,216453,https://open.spotify.com/track/3aTb5EUBOlNDSEcaTFI7Jj,energetic,bodyrock
3cCjEDTIWSNr5stzGhiRWI,Dy-Na-Mi-Tee,Ms. Dynamite,A Little Deeper,1/1/2002,51,217466,https://open.spotify.com/track/3cCjEDTIWSNr5stzGhiRWI,energetic,dynamitee
3bUNyRrTFJDd4mqvUcb1Aa,Born Slippy (Nuxx) - Radio Edit,Underworld,Born Slippy (Nuxx) [Radio Edit],1/1/1995,63,264187,https://open.spotify.com/track/3bUNyRrTFJDd4mqvUcb1Aa,energetic,born slippy nuxx radio edit
4SQiwIMg0U0NuXKlLGfZ4C,Rock Your Body Rock,Ferry Corsten,Right Of Way (Deluxe Edition),11/22/2010,28,315093,https://open.spotify.com/track/4SQiwIMg0U0NuXKlLGfZ4C,energetic,rock your body rock
5UWwZ5lm5PKu6eKsHAGxOk,Everlong,Foo Fighters,The Colour And The Shape,5/20/1997,84,250546,https://open.spotify.com/track/5UWwZ5lm5PKu6eKsHAGxOk,energetic,everlong
7x8dCjCr0x6x2lXKujYD34,The Pretender,Foo Fighters,"Echoes, Silence, Patience & Grace",9/25/2007,78,269373,https://open.spotify.com/track/7x8dCjCr0x6x2lXKujYD34,energetic,the pretender
6QuBlKmaadzwQn21IUTPPX,The Rockafeller Skank - Short Edit,Fatboy Slim,The Rockafeller Skank,1/1/1998,42,241466,https://open.spotify.com/track/6QuBlKmaadzwQn21IUTPPX,energetic,the rockafeller skank short edit
5jaVyz2GDdesyu01cBbOSc,Flat Beat - Radio Edit,Mr. Oizo,Analog Worms Attack,1/1/1999,46,316973,https://open.spotify.com/track/5jaVyz2GDdesyu01cBbOSc,energetic,flat beat radio edit
2e2yKavdT6WQzzMHwNtPFa,In The Yuma (feat. Aatig),"Chris Lake, Aatig",In The Yuma (feat. Aatig),11/11/2022,61,156215,https://open.spotify.com/track/2e2yKavdT6WQzzMHwNtPFa,energetic,in the yuma feat aatig
3u8GIBCkW1lg4PJsissrHm,Dum Dum (feat. Lecrae),Lecrae,Blacklight,5/31/2011,0,205093,https://open.spotify.com/track/3u8GIBCkW1lg4PJsissrHm,energetic,dum dum feat lecrae
350EEuza7WOdsZbCExLee9,Walking On Water,Lecrae,Rehab,9/28/2010,0,221200,https://open.spotify.com/track/350EEuza7WOdsZbCExLee9,energetic,walking on water
6WK7h2WfMmnX7zOZnfzoYo,I Like It - Dillon Francis Remix,"Cardi B, Bad Bunny, J Balvin, Dillon Francis",I Like It,6/22/2018,51,219200,https://open.spotify.com/track/6WK7h2WfMmnX7zOZnfzoYo,energetic,i like it dillon francis remix
2BVUOGciUUUqOPSLtHwLGp,GUD VIBRATIONS,"NGHTMRE, SLANDER",GUD VIBRATIONS,10/26/2016,52,224210,https://open.spotify.com/track/2BVUOGciUUUqOPSLtHwLGp,energetic,gud vibrations
4OfqxEKFF4tFQ0ZK14MTBA,LEFT TO RIGHT,Odd Mob,LEFT TO RIGHT,8/12/2022,41,146250,https://open.spotify.com/track/4OfqxEKFF4tFQ0ZK14MTBA,energetic,left to right
1U3nHai9ueJCuEXbf8TvBA,Lithium,Odd Mob,Diffusion,2/13/2017,52,193432,https://open.spotify.com/track/1U3nHai9ueJCuEXbf8TvBA,energetic,lithium
3x4FrngsnnHMsLpluBhmYy,Gold Dust - Marten Hørger Remix,"DJ Fresh, Marten Hørger",Gold Dust (Marten Hørger Remix),4/13/2022,33,214687,https://open.spotify.com/track/3x4FrngsnnHMsLpluBhmYy,energetic,gold dust marten hrger remix
6l6RuG9usSZXu2s0NsyLWe,Ai Papi,"Liu, JØRD",Ai Papi,9/2/2022,42,158158,https://open.spotify.com/track/6l6RuG9usSZXu2s0NsyLWe,energetic,ai papi
6gLDnzjpM0AwOeh9NmmHE0,Other Side,Azzecca,Other Side,10/28/2022,56,244337,https://open.spotify.com/track/6gLDnzjpM0AwOeh9NmmHE0,energetic,other side
1GfBLbAhZUWdseuDqhocmn,Rumble,"Skrillex, Fred again.., Flowdan",Rumble,1/4/2023,59,146571,https://open.spotify.com/track/1GfBLbAhZUWdseuDqhocmn,energetic,rumble
6ziqWx82jgkQYhyIALoraH,Transmission - Joris Voorn Remix,"Eelke Kleijn, Joris Voorn",Transmission (Joris Voorn Remix),10/28/2022,56,224274,https://open.spotify.com/track/6ziqWx82jgkQYhyIALoraH,energetic,transmission joris voorn remix
2LMq1O0NiqGhPOlXo3McYQ,Icky Thump,The White Stripes,Icky Thump,6/15/2007,65,254533,https://open.spotify.com/track/2LMq1O0NiqGhPOlXo3McYQ,energetic,icky thump
1gcESexgftSuLuML57Y69q,All Right Now,Free,Fire And Water,6/26/1970,69,330643,https://open.spotify.com/track/1gcESexgftSuLuML57Y69q,energetic,all right now
7fLTytvnvxy653VWxflTRf,Stay with Me,Faces,A Nod Is as Good as a Wink... to a Blind Horse,1971,61,279413,https://open.spotify.com/track/7fLTytvnvxy653VWxflTRf,energetic,stay with me
3yO1OjqT59JyjHaQZcCYDX,Burning Down the House - 2005 Remaster,Talking Heads,Speaking in Tongues (Deluxe Version),5/31/1983,57,241773,https://open.spotify.com/track/3yO1OjqT59JyjHaQZcCYDX,energetic,burning down the house 2005 remaster
5zwBmW0IbXpIA84cVHDGhe,Split (Only U),"Tiësto, The Chainsmokers",Split (Only U),9/14/2015,1,256640,https://open.spotify.com/track/5zwBmW0IbXpIA84cVHDGhe,energetic,split only u
7jURkEKDVEm9sHueqUX0ko,Gimme That Bounce,Mau P,Gimme That Bounce,1/27/2023,63,217410,https://open.spotify.com/track/7jURkEKDVEm9sHueqUX0ko,energetic,gimme that bounce
3K3asUF88k0nKWtkm4eqLr,House All The Time,Biscits,House All The Time,1/27/2023,26,164000,https://open.spotify.com/track/3K3asUF88k0nKWtkm4eqLr,energetic,house all the time
1WrxHnZVeYqJdKnUzk3onw,Helicopter,James Hype,Helicopter,1/27/2023,34,145474,https://open.spotify.com/track/1WrxHnZVeYqJdKnUzk3onw,energetic,helicopter
0fpA44Ez6El7yJHLgln0SU,Trumpz,"Wave Wave, Damien N-Drix",Trumpz,1/13/2023,33,127680,https://open.spotify.com/track/0fpA44Ez6El7yJHLgln0SU,energetic,trumpz
0vOOiBEAu9rzPW3xVB5TbN,The Drill,MORTEN,The Drill,1/13/2023,33,139218,https://open.spotify.com/track/0vOOiBEAu9rzPW3xVB5TbN,energetic,the drill
0h54RvXeyVK46hxFDa0EfD,Koo Koo Fun (feat. Tiwa Savage & DJ Maphorisa) (Francis Mercier Remix - Radio Edit),"Major Lazer, Major League Djz, Tiwa Savage, DJ Maphorisa, Francis Mercier",Koo Koo Fun (Remixes),2/3/2023,10,202809,https://open.spotify.com/track/0h54RvXeyVK46hxFDa0EfD,energetic,koo koo fun feat tiwa savage dj maphorisa francis mercier remix radio edit
0JaYwpS6nOXIzjnbBzHXk1,Be Right There - HUGEL Remix,"Diplo, Sleepy Tom, HUGEL",Diplo Presents Higher Ground 3 Years LP,12/13/2022,36,173768,https://open.spotify.com/track/0JaYwpS6nOXIzjnbBzHXk1,energetic,be right there hugel remix
7ndDjjFDzw6Q68TmIzgHep,Wasted (feat. Kodak Black & Koe Wetzel),"Diplo, Kodak Black, Koe Wetzel",Wasted (feat. Kodak Black & Koe Wetzel),1/13/2023,47,155495,https://open.spotify.com/track/7ndDjjFDzw6Q68TmIzgHep,energetic,wasted feat kodak black koe wetzel
1mvypEtmZxHz1GT6zaW67g,Afraid To Feel - CID Remix,"LF SYSTEM, CID",Afraid To Feel (CID Remix),7/15/2022,30,205714,https://open.spotify.com/track/1mvypEtmZxHz1GT6zaW67g,energetic,afraid to feel cid remix
3fikfRBPb8vgtk2xcKN0uR,The Bug,Miguel Bastida,Azid People Ep,6/5/2020,29,172379,https://open.spotify.com/track/3fikfRBPb8vgtk2xcKN0uR,energetic,the bug
5tHokMQ1Hf1zmr6gQFe5ix,Future,Martin Ikin,Future,7/22/2022,22,218437,https://open.spotify.com/track/5tHokMQ1Hf1zmr6gQFe5ix,energetic,future
6C0M9XTs497rDfn2pXEuje,Left & Right,"PØP CULTUR, HÄWK",Left & Right,6/17/2022,16,177404,https://open.spotify.com/track/6C0M9XTs497rDfn2pXEuje,energetic,left right
3nPItPKSx3KKQWg3VdoOfQ,Ancient Vibes,Josh Kalker,Ancient Vibes,3/4/2022,16,209881,https://open.spotify.com/track/3nPItPKSx3KKQWg3VdoOfQ,energetic,ancient vibes
6U0NVioYt4nZARPNOKhExY,Ritmo - HUGEL Edit,"Raffa Fl, HUGEL",Ritmo (HUGEL Edit),2/3/2023,0,165483,https://open.spotify.com/track/6U0NVioYt4nZARPNOKhExY,energetic,ritmo hugel edit
0DEbrObho3rzUFkaKLrpQA,Down Like This (feat. Tkay Maidza),"Motez, Tkay Maidza",Down Like This (feat. Tkay Maidza)),2/19/2016,17,292093,https://open.spotify.com/track/0DEbrObho3rzUFkaKLrpQA,energetic,down like this feat tkay maidza
7KSJjSwsggndh15zqnh21q,Modulate,Jack Beats,Modulate,9/1/2017,0,311000,https://open.spotify.com/track/7KSJjSwsggndh15zqnh21q,energetic,modulate
6fyNthyDExChhY3QvtP5If,Name It,Badjokes,Name It,6/29/2022,12,262500,https://open.spotify.com/track/6fyNthyDExChhY3QvtP5If,energetic,name it
2GIkZSwNjOdBkliD5Zs7P7,WHOA - Original Mix,Badjokes,If EP,3/9/2015,11,292500,https://open.spotify.com/track/2GIkZSwNjOdBkliD5Zs7P7,energetic,whoa original mix
0zHMwxCVtHjnLxoQdg3uOe,Music Is The Answer,Celeda,This Is It,1/1/1999,57,217773,https://open.spotify.com/track/0zHMwxCVtHjnLxoQdg3uOe,energetic,music is the answer
1Yof0nzQPn6jjc6jn3HmB3,Body Funk - Dom Dolla Remix,"Purple Disco Machine, Dom Dolla",Body Funk (Dom Dolla Remix),4/5/2019,28,270200,https://open.spotify.com/track/1Yof0nzQPn6jjc6jn3HmB3,energetic,body funk dom dolla remix
5zA3gMIFlgnhNQj39GcTqE,Set Me Free,D.O.D,Set Me Free,1/6/2023,54,180638,https://open.spotify.com/track/5zA3gMIFlgnhNQj39GcTqE,energetic,set me free
5IFSvSEeCAvvBEQ85poqKB,Edge of Seventeen,Wuki,Edge of Seventeen,10/21/2022,55,164042,https://open.spotify.com/track/5IFSvSEeCAvvBEQ85poqKB,energetic,edge of seventeen
6PX5CRJFn24G3cypjNO6yw,Work With My Love,"Alok, James Arthur",Work With My Love,1/13/2023,59,150483,https://open.spotify.com/track/6PX5CRJFn24G3cypjNO6yw,energetic,work with my love
22quZFeltYbo325rn3ktTe,What You Say?,Young Marco,What You Say?,1/13/2023,49,203688,https://open.spotify.com/track/22quZFeltYbo325rn3ktTe,energetic,what you say
4Wu62DoQg1ECGlDKDfo30R,Hero,"Martin Garrix, JVKE",Hero,12/8/2022,57,160714,https://open.spotify.com/track/4Wu62DoQg1ECGlDKDfo30R,energetic,hero
09rAJ1Q1NNJSaUKEW3X9P6,Crying On The Dancefloor,"Sam Feldt, Jonas Blue, Endless Summer, Violet Days",Crying On The Dancefloor,3/17/2023,65,173008,https://open.spotify.com/track/09rAJ1Q1NNJSaUKEW3X9P6,energetic,crying on the dancefloor
6Al4eNOERy6uxX8yieyPnl,Nikes,"Joel Corry, Ron Carroll",Nikes,3/10/2023,33,149583,https://open.spotify.com/track/6Al4eNOERy6uxX8yieyPnl,energetic,nikes
1cycPybSk3hzUNOGZ7l1Ya,Renegade Master (Back Once Again) [Volac Remix],"Deeperlove, VOLAC",Renegade Master (Back Once Again) [Volac Remix],2/5/2021,18,184906,https://open.spotify.com/track/1cycPybSk3hzUNOGZ7l1Ya,energetic,renegade master back once again volac remix
2kZwVd0bmdCIQelHBWiDs6,Going On,AVIAN GRAYS,Going On,2/10/2023,16,146183,https://open.spotify.com/track/2kZwVd0bmdCIQelHBWiDs6,energetic,going on
2FFpINTrHGQLT9W3Vhc9QI,All Good,DJ S.K.T,All Good,6/17/2022,9,156240,https://open.spotify.com/track/2FFpINTrHGQLT9W3Vhc9QI,energetic,all good
22h1x8HUgYEYtoPwjkxLmH,Nanai,Miane,Nanai EP,6/12/2020,31,195935,https://open.spotify.com/track/22h1x8HUgYEYtoPwjkxLmH,energetic,nanai
2TxDyUw7JRuUNfbQmcn0Cs,Perfect,"Sonny Fodera, Biscits",Perfect,3/18/2022,25,186625,https://open.spotify.com/track/2TxDyUw7JRuUNfbQmcn0Cs,energetic,perfect
7IlpTSHwOrnNCsBg7aTJSz,Follow Me (Nobody Listens To Techno),Sunset Bros,Follow Me (Nobody Listens To Techno),7/8/2022,45,150000,https://open.spotify.com/track/7IlpTSHwOrnNCsBg7aTJSz,energetic,follow me nobody listens to techno
7FcxEutyfHTCKlN2MltRAh,Badman Sound,Cloonee,Badman Sound,1/20/2023,0,176264,https://open.spotify.com/track/7FcxEutyfHTCKlN2MltRAh,energetic,badman sound
39aowVnxyzMDZOmrgsN4MU,Deceiver - VIP,"Chris Lake, Green Velvet",Deceiver (VIP),3/3/2023,0,155845,https://open.spotify.com/track/39aowVnxyzMDZOmrgsN4MU,energetic,deceiver vip
1P1s5YNLlNuCoDHzCMYRAm,Believer,Gammer,Believer,12/2/2022,36,213750,https://open.spotify.com/track/1P1s5YNLlNuCoDHzCMYRAm,energetic,believer
22wegVv3MYQOu4WgVbhaXp,The Get Back,"The Prophet, Frontliner",The Get Back,2/10/2023,27,130964,https://open.spotify.com/track/22wegVv3MYQOu4WgVbhaXp,energetic,the get back
694DLdlWtk26a6pyaf1vMi,In Hardstyle We Trust - Melody Mix,"The Prophet, Chuck Roberts",In Hardstyle We Trust (Melody Mix),5/5/2022,47,235009,https://open.spotify.com/track/694DLdlWtk26a6pyaf1vMi,energetic,in hardstyle we trust melody mix
5s7fKeaxTRQZVmcnUg1e8r,Heartbeat (Remix) - VIZE Remix,"Davina Michelle, VIZE",Heartbeat (VIZE Remix),3/24/2023,12,140656,https://open.spotify.com/track/5s7fKeaxTRQZVmcnUg1e8r,energetic,heartbeat remix vize remix
43OMUa5jouGCZEz9k9vooo,Push Up - Original Mix,Creeds,Push Up (Original Mix),12/21/2022,58,240000,https://open.spotify.com/track/43OMUa5jouGCZEz9k9vooo,energetic,push up original mix
6yTaG6eJDi6T0VSawfMTQy,Mexico,"Dimitri Vegas & Like Mike, Ne-Yo, Danna Paola, Dimitri Vegas",Mexico,3/3/2023,50,153109,https://open.spotify.com/track/6yTaG6eJDi6T0VSawfMTQy,energetic,mexico
7uJFTdBaXuc1618uRuq7uB,No Sleep,"Regard, Ella Henderson",No Sleep,3/17/2023,43,170184,https://open.spotify.com/track/7uJFTdBaXuc1618uRuq7uB,energetic,no sleep
6dVgCHMZrWG0tQ4HPeu4aw,Baby again..,"Fred again.., Skrillex, Four Tet",USB,1/17/2022,1,319963,https://open.spotify.com/track/6dVgCHMZrWG0tQ4HPeu4aw,energetic,baby again
76Lq3l4TEzt2javAjXezAr,Different Side,"Michael Bibi, KinAhau, Audio Bullys",Different Side,3/3/2023,54,193710,https://open.spotify.com/track/76Lq3l4TEzt2javAjXezAr,energetic,different side
63MBVrJ8nADdP4AXbBGlOj,Be The One,Hannah Laing,Be The One,1/27/2023,41,166000,https://open.spotify.com/track/63MBVrJ8nADdP4AXbBGlOj,energetic,be the one
4y7P4oG7MNei0CmcuwdfZe,Gold,Camden Cox,Gold,3/31/2023,25,123488,https://open.spotify.com/track/4y7P4oG7MNei0CmcuwdfZe,energetic,gold
6KCmJ8VI6VYNRNubSqi0Ck,Lennon,ESSEL,Lennon,1/6/2023,52,205429,https://open.spotify.com/track/6KCmJ8VI6VYNRNubSqi0Ck,energetic,lennon
7MysdJNLp89Xl3zoSd5bC5,WET,Wax Motif,WET,6/7/2019,55,265108,https://open.spotify.com/track/7MysdJNLp89Xl3zoSd5bC5,energetic,wet
59QDyqLww2pxyg9ijOPO7f,Rhyme Dust,"MK, Dom Dolla",Rhyme Dust,2/24/2023,66,181364,https://open.spotify.com/track/59QDyqLww2pxyg9ijOPO7f,energetic,rhyme dust
1U3VkqNBorp6hxLoM6JlQJ,Never Gonna Not Dance Again - Sam Feldt Remix,"P!nk, Sam Feldt",Never Gonna Not Dance Again (Sam Feldt Remix),12/13/2022,41,167419,https://open.spotify.com/track/1U3VkqNBorp6hxLoM6JlQJ,energetic,never gonna not dance again sam feldt remix
7EPNjzimfSsX4bsjQZwAIm,Ome Duo,"Trobi, Chivv, Kraantje Pappie, ADF Samski, Angela Groothuizen",Ome Duo,4/21/2023,46,161698,https://open.spotify.com/track/7EPNjzimfSsX4bsjQZwAIm,energetic,ome duo
6CgnHnR0C1qsAiq4UAVO8B,Renaissance (The White Lotus) - Tiësto Remix,"Tiësto, Cristobal Tapia De Veer",Renaissance (The White Lotus) [Tiësto Remix],2/17/2023,50,170156,https://open.spotify.com/track/6CgnHnR0C1qsAiq4UAVO8B,energetic,renaissance the white lotus tisto remix
6ryPKHgiz6MSGJ1wYqn28b,Da Fonk (feat. Joni),"Mochakk, Joni",Da Fonk (feat. Joni),7/1/2022,64,366141,https://open.spotify.com/track/6ryPKHgiz6MSGJ1wYqn28b,energetic,da fonk feat joni
0VMej2jwq5FBLMLTlBuAwP,Seschi & The Clown,Mochakk,Seschi & The Clown,3/8/2019,38,245760,https://open.spotify.com/track/0VMej2jwq5FBLMLTlBuAwP,energetic,seschi the clown
2UXqFqCNJjC3mcwFXy0Ot5,Superstylin' - Mochakk Remix,"Groove Armada, Mochakk",Superstylin' (Remixes),3/10/2023,0,327441,https://open.spotify.com/track/2UXqFqCNJjC3mcwFXy0Ot5,energetic,superstylin mochakk remix
7lxbCUxQXJRkPQ1eErYZd3,Raw - Tony Romera Remix,"Julio Navas, Gustavo Bravetti, David Amo, Tony Romera",Raw (Tony Romera Remix),8/5/2022,52,217500,https://open.spotify.com/track/7lxbCUxQXJRkPQ1eErYZd3,energetic,raw tony romera remix
6D3te7baCj2jIfZAKyD3sN,Snatch,Malaa,Snatch,5/5/2023,20,258750,https://open.spotify.com/track/6D3te7baCj2jIfZAKyD3sN,energetic,snatch
2BxpTbiPVty66AwYhTrKbt,I Need You,Yung Felix,I Need You,4/14/2023,38,155076,https://open.spotify.com/track/2BxpTbiPVty66AwYhTrKbt,energetic,i need you
1HZ9EKUhxtzGMzFMloQz7K,Energie,Noise Cartel,Energie,6/16/2023,13,169431,https://open.spotify.com/track/1HZ9EKUhxtzGMzFMloQz7K,energetic,energie
4xr4YruIAUzVZ4vrurqHYB,LEFT TO RIGHT (33 Below Remix),"Odd Mob, 33 Below",LEFT TO RIGHT (33 Below Remix),3/17/2023,29,218823,https://open.spotify.com/track/4xr4YruIAUzVZ4vrurqHYB,energetic,left to right 33 below remix
3IFpq0P6uB4g27nwFYyI86,Hold Up,"Illegal Music, Malaa, Keeld",Hold Up,6/30/2023,13,169918,https://open.spotify.com/track/3IFpq0P6uB4g27nwFYyI86,energetic,hold up
0n7dwvqA03qV2nDp5DcbZN,ZA ZA ZA,FLAKO STIK,ZA ZA ZA,7/7/2023,0,259262,https://open.spotify.com/track/0n7dwvqA03qV2nDp5DcbZN,energetic,za za za
2z9F9MWajyNhGRx0kkZ6eg,Leader,"Dimitri Vegas & Like Mike, Sunnery James & Ryan Marciano, Tinie Tempah, Azteck",Leader,5/12/2023,35,137023,https://open.spotify.com/track/2z9F9MWajyNhGRx0kkZ6eg,energetic,leader
7zt5nDR0xO2KctrgbYN235,Ducati,"Sunnery James & Ryan Marciano, Alina Pozi",Ducati,6/30/2023,21,180480,https://open.spotify.com/track/7zt5nDR0xO2KctrgbYN235,energetic,ducati
12UTeEHQc84W1UE0HZfS8n,Samba,"Leyo, Vlado, The Good Son",Samba,7/28/2023,15,178190,https://open.spotify.com/track/12UTeEHQc84W1UE0HZfS8n,energetic,samba
6kkf975GwERykpvOTu7IXZ,Metro,"Kevin de Vries, Mau P",Metro,7/14/2023,1,239585,https://open.spotify.com/track/6kkf975GwERykpvOTu7IXZ,energetic,metro
6qRzNXm3vpGcGoLVB3zk9n,God Made Me Phunky - Jess Bays Remix,"MD X-Spress, Jess Bays",God Made Me Phunky (Jess Bays Remix),5/12/2023,50,220270,https://open.spotify.com/track/6qRzNXm3vpGcGoLVB3zk9n,energetic,god made me phunky jess bays remix
0t9JXoDIf0sHBXNkw8Hw3o,Let It Drop,Sander van Doorn,Let It Drop,8/25/2023,22,193809,https://open.spotify.com/track/0t9JXoDIf0sHBXNkw8Hw3o,energetic,let it drop
5Fi4nPER6YbntbYDW4P3Pz,I Will Survive,Belters Only,Belters Only,6/10/2022,47,150991,https://open.spotify.com/track/5Fi4nPER6YbntbYDW4P3Pz,energetic,i will survive
1pz4k8r1OPeNBeAGmi9gL9,Don't Stop Just Yet,"Belters Only, Jazzy",Belters Only,3/25/2022,49,186541,https://open.spotify.com/track/1pz4k8r1OPeNBeAGmi9gL9,energetic,dont stop just yet
1wHEnB3E4uOZn3mP8HzA88,Never Miss A Beat - Belters Only Remix,"KIMMIC, Belters Only, Christopher McComiskie, Keiran Mclean",Never Miss A Beat (Belters Only Remix),5/26/2023,34,164695,https://open.spotify.com/track/1wHEnB3E4uOZn3mP8HzA88,energetic,never miss a beat belters only remix
67eYAnkdTu8BMcIx29z26L,Makeba - Ian Asher Remix,"Jain, Ian Asher",Makeba (Ian Asher Remix),1/13/2023,69,125178,https://open.spotify.com/track/67eYAnkdTu8BMcIx29z26L,energetic,makeba ian asher remix
0gpvO8fKvZcQ4u54rdu469,Tremor - Sensation 2014 Anthem,"Dimitri Vegas & Like Mike, Martin Garrix, Dimitri Vegas",Tremor (Sensation 2014 Anthem),5/5/2014,63,294374,https://open.spotify.com/track/0gpvO8fKvZcQ4u54rdu469,energetic,tremor sensation 2014 anthem
0Gc1AVYqYOR522Nvz68dsT,The Hum,"Dimitri Vegas & Like Mike, Ummet Ozcan",The Hum,5/4/2015,49,211000,https://open.spotify.com/track/0Gc1AVYqYOR522Nvz68dsT,energetic,the hum
5HJqLDDjgdhON8LL9U3Oa3,Bomb A Drop,Garmiani,Bomb A Drop,2/19/2016,0,158554,https://open.spotify.com/track/5HJqLDDjgdhON8LL9U3Oa3,energetic,bomb a drop
317QkmITgHwOLefpA5p1Fa,On You - WONKY Remix,"Pill & HARDIES, WONKY",On You (WONKY Remix),9/22/2023,0,170232,https://open.spotify.com/track/317QkmITgHwOLefpA5p1Fa,energetic,on you wonky remix
7eHBDsqfqOMyzMhtnhytNB,U Ok?,"PARISI, Steve Angello, Sebastian Ingrosso",U Ok?,3/31/2023,40,154176,https://open.spotify.com/track/7eHBDsqfqOMyzMhtnhytNB,energetic,u ok
2vuMD95467vEtEUja63LxH,Drum Machine,"Alok, Pickle",Drum Machine,8/25/2023,30,146250,https://open.spotify.com/track/2vuMD95467vEtEUja63LxH,energetic,drum machine
3OA1l7EoDHO8MDEMLySTcZ,POV Siren,Hilit Kolet,POV Siren,6/30/2023,0,195101,https://open.spotify.com/track/3OA1l7EoDHO8MDEMLySTcZ,energetic,pov siren
65rgchI8TW6KX4Zsesiu3i,Ready 2 Dance (with Biscits feat. Anelisa Lamola),"Martin Ikin, Biscits, Anelisa Lamola",Ready 2 Dance (with Biscits feat. Anelisa Lamola),4/2/2021,0,170237,https://open.spotify.com/track/65rgchI8TW6KX4Zsesiu3i,energetic,ready 2 dance with biscits feat anelisa lamola
5Ir9mqfAUnXkSkXHF1yvM0,Jealous,Mochakk,Jealous,8/25/2023,56,256406,https://open.spotify.com/track/5Ir9mqfAUnXkSkXHF1yvM0,energetic,jealous
5roFM0I1K6um2yIYL6kGq2,365,"Biscits, Camden Cox",365,9/15/2023,52,192755,https://open.spotify.com/track/5roFM0I1K6um2yIYL6kGq2,energetic,365
6yrMWKRUdGZ8He2TibxkCo,EGODEATH,"GHENGHIS OTT, 6HRS",EGODEATH,9/9/2022,24,192000,https://open.spotify.com/track/6yrMWKRUdGZ8He2TibxkCo,energetic,egodeath
15BDY6GKFfk02WaoyytP9g,Liquor & Cigarettes (feat. ArrDee),"Chase & Status, Hedex, ArrDee",Liquor & Cigarettes (feat. ArrDee),9/15/2023,56,189257,https://open.spotify.com/track/15BDY6GKFfk02WaoyytP9g,energetic,liquor cigarettes feat arrdee
2ZWmmrWUgDBcPSLihBMvhg,"Baddadan (feat. IRAH, Flowdan, Trigga & Takura)","Chase & Status, Bou, Flowdan, IRAH, Trigga, Takura","Baddadan (feat. IRAH, Flowdan, Trigga & Takura)",7/27/2023,71,177291,https://open.spotify.com/track/2ZWmmrWUgDBcPSLihBMvhg,energetic,baddadan feat irah flowdan trigga takura
72SLU59ZmI3zsWUkkiOi6Q,Disconnect - Tiësto Remix,"Becky Hill, Chase & Status, Tiësto",Disconnect (Tiësto Remix),8/4/2023,43,155041,https://open.spotify.com/track/72SLU59ZmI3zsWUkkiOi6Q,energetic,disconnect tisto remix
602d2gJewoiF1FivuOMMwE,Disconnect,"Becky Hill, Chase & Status",Disconnect,7/14/2023,61,164914,https://open.spotify.com/track/602d2gJewoiF1FivuOMMwE,energetic,disconnect
76XZjMdHtmJkwqNmSLgJ07,Fly Away (feat. Noa Milee),"Oden & Fatzo, THEOS, Noa Milee",RAW EP,10/27/2023,0,210832,https://open.spotify.com/track/76XZjMdHtmJkwqNmSLgJ07,energetic,fly away feat noa milee
1BuOKZA8fokaiEVqBkIHF1,Diarabi,Kaaris,Dozo,11/3/2017,57,186306,https://open.spotify.com/track/1BuOKZA8fokaiEVqBkIHF1,energetic,diarabi
03aBQclFfQ82oEYCYTORfY,Renaissance,"BUNT., VisionV",Renaissance,10/27/2023,49,151688,https://open.spotify.com/track/03aBQclFfQ82oEYCYTORfY,energetic,renaissance
2HAVzWKbG539XNDlWz3FX5,Push It,"Hardwell, AFROJACK, MERYLL",Push It,11/10/2023,35,248571,https://open.spotify.com/track/2HAVzWKbG539XNDlWz3FX5,energetic,push it
4KB66xUZWvRDej628vf2J8,Run Free (Countdown),"Tiësto, R3HAB",Run Free (Countdown),11/10/2023,47,152380,https://open.spotify.com/track/4KB66xUZWvRDej628vf2J8,energetic,run free countdown
7EVHULTsnqPHH2kvCQ1r8j,Waiting,"LP Giobbi, Redfield, DJ Rae",Waiting,11/10/2023,26,173601,https://open.spotify.com/track/7EVHULTsnqPHH2kvCQ1r8j,energetic,waiting
4RHeXreYnosasCxxjBsEVN,Got That,"Don Diablo, Scrufizzer",Got That,11/10/2023,35,166874,https://open.spotify.com/track/4RHeXreYnosasCxxjBsEVN,energetic,got that
6HWy1YDfSdPvJJ7DTDp8AP,Mamacita,Ship Wrek,NO GUEST LIST,5/5/2023,33,162562,https://open.spotify.com/track/6HWy1YDfSdPvJJ7DTDp8AP,energetic,mamacita
6TlFnB8GBrlILKv5qy27Sn,Selecta (feat. Stefflon Don),"Chase & Status, Stefflon Don","2 RUFF, Vol. 1",11/10/2023,62,189693,https://open.spotify.com/track/6TlFnB8GBrlILKv5qy27Sn,energetic,selecta feat stefflon don
6IeVYQcKbddyYaql0cx4JP,Massive & Crew,Chase & Status,"2 RUFF, Vol. 1",11/10/2023,39,178586,https://open.spotify.com/track/6IeVYQcKbddyYaql0cx4JP,energetic,massive crew
1V83L9oCbfir9q75yNbB1V,Say The Word (feat. Clementine Douglas),"Chase & Status, Clementine Douglas","2 RUFF, Vol. 1",11/10/2023,58,237133,https://open.spotify.com/track/1V83L9oCbfir9q75yNbB1V,energetic,say the word feat clementine douglas
68bwt33eVNIbseelSwYUud,On The Block (feat. Sav'O & Horrid1),"Chase & Status, Mozey, Sav'o, Horrid1","2 RUFF, Vol. 1",11/10/2023,48,210333,https://open.spotify.com/track/68bwt33eVNIbseelSwYUud,energetic,on the block feat savo horrid1
7iUScoHKNJC5hqtA40vMlj,leavemealone,"Fred again.., Baby Keem",USB,1/18/2022,3,222784,https://open.spotify.com/track/7iUScoHKNJC5hqtA40vMlj,energetic,leavemealone
74yA2S6c71vhUvfh8VkCBY,Jungle,Fred again..,USB,1/17/2022,1,198805,https://open.spotify.com/track/74yA2S6c71vhUvfh8VkCBY,energetic,jungle
1IaB6xIOpbIZ0SHSUSUxir,Hustle,Chuckie,Hustle,10/19/2023,14,161250,https://open.spotify.com/track/1IaB6xIOpbIZ0SHSUSUxir,energetic,hustle
4Clmg1g8n2yBYG13Z1oSdG,Baila Conmigo (feat. Kelly Ruiz),"Dayvi, Victor Cardenas, Kelly Ruíz",Baila Conmigo (feat. Kelly Ruiz),12/28/2018,4,189817,https://open.spotify.com/track/4Clmg1g8n2yBYG13Z1oSdG,energetic,baila conmigo feat kelly ruiz
27wwb8jeSUFJ40541GsAYm,ITALIA NO RAVE,KOKO.IT,ITALIA NO RAVE,4/28/2023,31,275698,https://open.spotify.com/track/27wwb8jeSUFJ40541GsAYm,energetic,italia no rave
4DYCKiti82xftFEmkUkoN8,At The House,Jamback,At The House EP,3/17/2023,39,338434,https://open.spotify.com/track/4DYCKiti82xftFEmkUkoN8,energetic,at the house
2lH8mDIFt0orI6kCIOgkHT,My Soul,Dubesque,Now That's What I Call All We Have Is Now Vol. 1,11/17/2023,3,195625,https://open.spotify.com/track/2lH8mDIFt0orI6kCIOgkHT,energetic,my soul
4df0o75oXAjyc2KdiFKBIY,Sensation,"Nicky Romero, Chelcee Grimes",Sensation,11/17/2023,27,174665,https://open.spotify.com/track/4df0o75oXAjyc2KdiFKBIY,energetic,sensation
6PILotmKgyucOyFV5iJJZ2,Lose You Tonight,"Brennan Heart, Trevor Guthrie",Lose You Tonight,11/17/2023,37,145000,https://open.spotify.com/track/6PILotmKgyucOyFV5iJJZ2,energetic,lose you tonight
60AKrAEDHMonMmdQ78TK6l,Can't You See,Elly C,Can't You See,3/17/2023,19,242244,https://open.spotify.com/track/60AKrAEDHMonMmdQ78TK6l,energetic,cant you see
5zn6eUXHpt3JjEB7XAXyaf,FAME?,"ero808, NXSTY",FAME?,9/22/2023,39,142562,https://open.spotify.com/track/5zn6eUXHpt3JjEB7XAXyaf,energetic,fame
1YwWHm6Ad1fizVPaQ8nrco,Take U,Jengi,Take U,10/27/2023,63,162727,https://open.spotify.com/track/1YwWHm6Ad1fizVPaQ8nrco,energetic,take u
4CZMw21KNrUidU6S3L5GqU,Body Music,"DLMT, Kamino",Body Music,1/19/2024,23,178646,https://open.spotify.com/track/4CZMw21KNrUidU6S3L5GqU,energetic,body music
1MTPO4CMGIhHBocGVwVckD,Selecta,Biscits,Selecta,10/27/2023,28,166625,https://open.spotify.com/track/1MTPO4CMGIhHBocGVwVckD,energetic,selecta
73Aj6vBOimEVHMMm67YmcU,Don't Stop,Biscits,Don't Stop,4/28/2023,56,170196,https://open.spotify.com/track/73Aj6vBOimEVHMMm67YmcU,energetic,dont stop
6MQQus7RpPd8ctQUnUwTnf,It's A Vibe,"Hollaphonic, Voost",It's A Vibe,1/19/2024,23,170875,https://open.spotify.com/track/6MQQus7RpPd8ctQUnUwTnf,energetic,its a vibe
3A5ZCWkV5EOJ949L1YzpJn,Better Days,"Rules, Dejector",Better Days,12/15/2023,43,183524,https://open.spotify.com/track/3A5ZCWkV5EOJ949L1YzpJn,energetic,better days
2S66GSxjUWfzXCVVQ5nxSU,Spanish Girl in Tulum,D-Sides,Spanish Girl in Tulum,8/10/2023,35,150724,https://open.spotify.com/track/2S66GSxjUWfzXCVVQ5nxSU,energetic,spanish girl in tulum
5ls4FQAoSlAFPFnaYpeyhn,Frikitona,Andruss,Frikitona,7/14/2023,54,174404,https://open.spotify.com/track/5ls4FQAoSlAFPFnaYpeyhn,energetic,frikitona
32fmwlkq7srmOAb5N0vdyj,Echo,"RSCL, Repiet, Julia Kleijn",Echo,8/11/2023,66,134400,https://open.spotify.com/track/32fmwlkq7srmOAb5N0vdyj,energetic,echo
1saRS5Omv8w6kWwmO4T9ri,Borderline,Hausse,Borderline,2/1/2024,12,188000,https://open.spotify.com/track/1saRS5Omv8w6kWwmO4T9ri,energetic,borderline
6JbeNVHHrvRGY9BjB8hmkR,I Just Need (with Lyrah),"Daniel Allan, Lyrah",I Just Need (with Lyrah),8/11/2023,46,146165,https://open.spotify.com/track/6JbeNVHHrvRGY9BjB8hmkR,energetic,i just need with lyrah
7qIpx1KiZc6KBY6zeOJe3T,We Enter,Jake Tarry,We Enter,1/26/2024,14,159330,https://open.spotify.com/track/7qIpx1KiZc6KBY6zeOJe3T,energetic,we enter
3sS48tE1iA7CLb8iAhNHOv,Forever 2 (Crush Mix) - Edit,"Confidence Man, DJ BORING",Forever 2 (Crush Mix),2/29/2024,18,175546,https://open.spotify.com/track/3sS48tE1iA7CLb8iAhNHOv,energetic,forever 2 crush mix edit
57508shL0obX0KUOUL8CJk,Make Me - Franky Rizardo Remix,"Borai & Denham Audio, Franky Rizardo",Make Me (Franky Rizardo Remix),12/15/2023,64,195692,https://open.spotify.com/track/57508shL0obX0KUOUL8CJk,energetic,make me franky rizardo remix
3uN27f0O5xfPmEtw1JoroP,Ratata,La Fuente,Ratata,3/29/2024,3,148446,https://open.spotify.com/track/3uN27f0O5xfPmEtw1JoroP,energetic,ratata
207YcqxaFYsOdJarlqyjWl,Musica,MEDUZA,Musica,11/24/2023,40,177142,https://open.spotify.com/track/207YcqxaFYsOdJarlqyjWl,energetic,musica
4LGqR3c46NOvbzy0dByfZW,Dr. Beat,Our Anthem,Dr. Beat,4/5/2024,37,181224,https://open.spotify.com/track/4LGqR3c46NOvbzy0dByfZW,energetic,dr beat
4rnwQPqGNoHCQppYVdTZdu,Explode,"Tiësto, MOGUAI",Explode,3/29/2024,59,159374,https://open.spotify.com/track/4rnwQPqGNoHCQppYVdTZdu,energetic,explode
21f4TjwWXbnqg8d5R6oq8Y,BerwynGesaffNeighbours,"Fred again.., BERWYN",USB,4/9/2024,1,123607,https://open.spotify.com/track/21f4TjwWXbnqg8d5R6oq8Y,energetic,berwyngesaffneighbours
6w6QxbbEiKSTP4TbqOnYvQ,XTC,Odd Mob,XTC,6/2/2023,41,184687,https://open.spotify.com/track/6w6QxbbEiKSTP4TbqOnYvQ,energetic,xtc
1D3jKMGvMr9NmirT6cnMyO,To The Beat,"Cloonee, Dances",To The Beat,2/9/2024,0,236987,https://open.spotify.com/track/1D3jKMGvMr9NmirT6cnMyO,energetic,to the beat
4SzyI89WvvoVtM7hXXMpSg,Just Yeah,"Gregor Salto, Mitchell Niemeyer",Just Yeah,10/23/2015,16,189677,https://open.spotify.com/track/4SzyI89WvvoVtM7hXXMpSg,energetic,just yeah
6Sj9HYcxzo9fbCc7HcxbIS,On Your Mark,"Gregor Salto, Wiwek",Gregor Salto Ultimate Miami 2,3/28/2014,29,241245,https://open.spotify.com/track/6Sj9HYcxzo9fbCc7HcxbIS,energetic,on your mark
6bN4G05NL8UuY0EOergP6F,Surra de Bunda - Gregor Salto and Sidney Samson Remix,"As Tequileiras do Funk, DJ Gasparzinho",Gregor Salto Ultimate Miami 2,3/28/2014,13,131428,https://open.spotify.com/track/6bN4G05NL8UuY0EOergP6F,energetic,surra de bunda gregor salto and sidney samson remix
6K5jc6cAvyqYK5MpHkCZ8r,Cannonball - La Fuente Remix,"Showtek, Justin Prime, La Fuente",Cannonball (La Fuente Remix),1/19/2024,24,165910,https://open.spotify.com/track/6K5jc6cAvyqYK5MpHkCZ8r,energetic,cannonball la fuente remix
7jIyt5b4y2YwV5xngqiclS,Se La Bebio,"Albert Breaker, El Chima En La Casa",Se La Bebio,12/15/2023,16,182576,https://open.spotify.com/track/7jIyt5b4y2YwV5xngqiclS,energetic,se la bebio
2dly4MpcAVEqEKhr8HJZ2f,Tech Bitch,"Nene, Norberto Loco",Tech Bitch,3/22/2024,17,189216,https://open.spotify.com/track/2dly4MpcAVEqEKhr8HJZ2f,energetic,tech bitch
6myxuB1q6TNsQS2vqNlbZh,Lights Out - Official song Formula 1 Heineken Dutch Grand Prix,La Fuente,Lights Out (Official song Formula 1 Heineken Dutch Grand Prix),8/25/2023,34,190312,https://open.spotify.com/track/6myxuB1q6TNsQS2vqNlbZh,energetic,lights out official song formula 1 heineken dutch grand prix
6b2J4mQ3ATSQnshZHNHQc1,Bump & Grind (Bassline Riddim) [feat. Scrufizzer],"Vato Gonzalez, Scrufizzer",Bump & Grind (Bassline Riddim) [feat. Scrufizzer],2/2/2018,24,155434,https://open.spotify.com/track/6b2J4mQ3ATSQnshZHNHQc1,energetic,bump grind bassline riddim feat scrufizzer
1wu8FheAr8nOawCgGaZhbD,Violet Nights,"Vato Gonzalez, Mucky",Violet Nights,11/20/2015,32,172380,https://open.spotify.com/track/1wu8FheAr8nOawCgGaZhbD,energetic,violet nights
3K7Rf9BuCzstKDJqdXVyOi,Bassline Riddim,Vato Gonzalez,Heldeep DJ Tools EP: Pt. 4,4/3/2017,33,184761,https://open.spotify.com/track/3K7Rf9BuCzstKDJqdXVyOi,energetic,bassline riddim
4xPn0DrPL1Nf8kSmgxRwja,Vixen Riddim,Vato Gonzalez,Vixen Riddim,4/12/2024,14,151874,https://open.spotify.com/track/4xPn0DrPL1Nf8kSmgxRwja,energetic,vixen riddim
5WDpIFiww5AWqIMGG7Uz4O,Ready (feat. Da Professor),"Charmes, Da Professor",Ready (feat. Da Professor),4/4/2016,43,194404,https://open.spotify.com/track/5WDpIFiww5AWqIMGG7Uz4O,energetic,ready feat da professor
1zpyPYZmz9iLrLVOGZUhc7,Nasty,Charmes,Nasty,2/9/2024,18,152438,https://open.spotify.com/track/1zpyPYZmz9iLrLVOGZUhc7,energetic,nasty
5sQLYZQygPgCsdtytZQua7,Speaker Cone,Charmes,Speaker Cone,11/17/2023,18,179572,https://open.spotify.com/track/5sQLYZQygPgCsdtytZQua7,energetic,speaker cone
23VQ44LhiCmjUx7mK1R2gU,Up and Down,Charmes,Up and Down,8/18/2023,14,171631,https://open.spotify.com/track/23VQ44LhiCmjUx7mK1R2gU,energetic,up and down
3bYSuNFC8UqtpTRKBcDtZf,Mwaki - Tiësto's VIP Mix,"Zerb, Sofiya Nzau, Tiësto",Mwaki (Tiësto's VIP Mix),12/29/2023,41,160439,https://open.spotify.com/track/3bYSuNFC8UqtpTRKBcDtZf,energetic,mwaki tistos vip mix
1ViErUfDfWkXPXTsjj3kyh,EAT THE BASS,John Summit,EAT THE BASS,4/10/2024,0,202500,https://open.spotify.com/track/1ViErUfDfWkXPXTsjj3kyh,energetic,eat the bass
1dtNRzHMtDS3TtIzxNdyag,Friends - ARTBAT Remix,"MEDUZA, ARTBAT",Friends (ARTBAT Remix),4/12/2024,43,260307,https://open.spotify.com/track/1dtNRzHMtDS3TtIzxNdyag,energetic,friends artbat remix
6F25FmoNZ2ESMPmYWMbsIG,Now Love Will Begin,"Armin van Buuren, HI-LO, Oliver Heldens",Now Love Will Begin,4/12/2024,39,160000,https://open.spotify.com/track/6F25FmoNZ2ESMPmYWMbsIG,energetic,now love will begin
14CuAxOwFn2346hrXXx5Cj,Dhunga,"TroyBoi, Toxic Rob",Dhunga,4/12/2024,0,149760,https://open.spotify.com/track/14CuAxOwFn2346hrXXx5Cj,energetic,dhunga
0jOwACbG0qQ7RsTf6LMic4,The Underground,"Sam Collins, Jake Tarry",The Underground,4/19/2024,18,124724,https://open.spotify.com/track/0jOwACbG0qQ7RsTf6LMic4,energetic,the underground
6VexrmlU0PAYxKu2cwi8dc,The Drum,Anthony Attalla,The Drum,4/5/2024,14,144761,https://open.spotify.com/track/6VexrmlU0PAYxKu2cwi8dc,energetic,the drum
7F6p64fL9gOBjE3LXQRtDI,The Doppler Effect,"NuKey, Guglielmo Nasini",The Doppler Effect,4/5/2024,16,183809,https://open.spotify.com/track/7F6p64fL9gOBjE3LXQRtDI,energetic,the doppler effect
6kjWT6uVoK8JsBuO2KUHW1,Wait A Minute,Dave Winnel,Wait A Minute,4/12/2024,22,185714,https://open.spotify.com/track/6kjWT6uVoK8JsBuO2KUHW1,energetic,wait a minute
5OoIZKEF0ALBZr8fCOPDOJ,MONACO,WILL K,MONACO,4/12/2024,0,180000,https://open.spotify.com/track/5OoIZKEF0ALBZr8fCOPDOJ,energetic,monaco
77gudhWIN5AD4UWjjPMcGM,BS,Void,BS,3/21/2024,15,360874,https://open.spotify.com/track/77gudhWIN5AD4UWjjPMcGM,energetic,bs
1skgJZ8ktmiM6RMXi7vMNF,Ducki Duck,Snooko,Ducki Duck,4/5/2024,14,297230,https://open.spotify.com/track/1skgJZ8ktmiM6RMXi7vMNF,energetic,ducki duck
5ZWfcC0PqbcxsW0JWhqGc2,SHAKE,SIDEQUEST,SHAKE,3/15/2024,25,144000,https://open.spotify.com/track/5ZWfcC0PqbcxsW0JWhqGc2,energetic,shake
1kvPPo1JhNEjow6r79WX8V,Mirrors,Bart B More,Mirrors / Tell Me Why,4/26/2024,11,188225,https://open.spotify.com/track/1kvPPo1JhNEjow6r79WX8V,energetic,mirrors
1EsZpe7WpvsZ1GxkMDt6I3,JUMP,me n ü,JUMP,3/8/2024,51,181904,https://open.spotify.com/track/1EsZpe7WpvsZ1GxkMDt6I3,energetic,jump
1YSqRCTlZJaMrksUVbehOZ,Something To Say,"Quentyn, CASUAL",Something To Say,6/9/2023,24,210076,https://open.spotify.com/track/1YSqRCTlZJaMrksUVbehOZ,energetic,something to say
53qwLJvGztQir537weA5zu,Rush - HERO Remix,"Quentyn, HERO, ASHWYN, Pikes",Rush,9/30/2022,15,215829,https://open.spotify.com/track/53qwLJvGztQir537weA5zu,energetic,rush hero remix
4yB1cqgwHDEWlmvLchc7KX,Nobody - ellis Remix,"Quentyn, KEV, ellis",Nobody,8/19/2022,20,145057,https://open.spotify.com/track/4yB1cqgwHDEWlmvLchc7KX,energetic,nobody ellis remix
5gCUqmvu7vzhbCGITp5y1T,The Fire,TOYZZ,The Fire,4/26/2024,1,170322,https://open.spotify.com/track/5gCUqmvu7vzhbCGITp5y1T,energetic,the fire
6aW593bXdEl12DkkcC19Y6,You That Somebody - Radio Edit,Catz N Motion,You That Somebody,4/25/2024,11,169218,https://open.spotify.com/track/6aW593bXdEl12DkkcC19Y6,energetic,you that somebody radio edit
5lE64uyiHhhSwS01VI4pV6,Buurman Uit Berlijn,"MCR-T, Joost",Buurman Uit Berlijn,2/2/2024,51,285176,https://open.spotify.com/track/5lE64uyiHhhSwS01VI4pV6,energetic,buurman uit berlijn
3P5lcXWneuYWRtRFreb4Mv,Control Your Body - Hardwell Edit,"Nifra, 2 Unlimited, Hardwell",Control Your Body (Hardwell Edit),5/17/2024,43,167222,https://open.spotify.com/track/3P5lcXWneuYWRtRFreb4Mv,energetic,control your body hardwell edit
64mgSvRy0s2WHhllwcY4D4,All Night,VE/RA,All Night,5/17/2024,20,313714,https://open.spotify.com/track/64mgSvRy0s2WHhllwcY4D4,energetic,all night
1Isw0eYkTeBUP4uuqLNHZt,DESIRE96,Bushbaby,DESIRE96,4/14/2023,0,253478,https://open.spotify.com/track/1Isw0eYkTeBUP4uuqLNHZt,energetic,desire96
1FKNKFUBeNDDLiB0rfjDdo,Rocks,Fionn Curran,Rocks,3/2/2022,35,241406,https://open.spotify.com/track/1FKNKFUBeNDDLiB0rfjDdo,energetic,rocks
29OFLlrrfKIEVwbVMTjBYe,Push,"Skrillex, Hamdi, TAICHU, OFFAIAH, contra",Push,5/24/2024,56,185244,https://open.spotify.com/track/29OFLlrrfKIEVwbVMTjBYe,energetic,push
4Mw1vqYfDWL2d8dJLWFYQp,Kill The Vibe,"David Guetta, MORTEN, Prophecy",Kill The Vibe,5/31/2024,56,166917,https://open.spotify.com/track/4Mw1vqYfDWL2d8dJLWFYQp,energetic,kill the vibe
561pBFcFL2Pwb9HPO9tU8J,places to be,"Fred again.., Anderson .Paak, CHIKA",places to be,5/31/2024,63,226677,https://open.spotify.com/track/561pBFcFL2Pwb9HPO9tU8J,energetic,places to be
1QsB0PQFWEZDy1Q5W2qbjP,Front to Back,Levity,Front to Back,4/26/2024,44,147107,https://open.spotify.com/track/1QsB0PQFWEZDy1Q5W2qbjP,energetic,front to back
37uMiu52DbSIx3SJ3sGDow,Weak,"Vintage Culture, Maverick Sabre, Tom Breu",Promised Land,5/24/2024,65,202560,https://open.spotify.com/track/37uMiu52DbSIx3SJ3sGDow,energetic,weak
1bx7OUl2UmAnA5oZkm9If7,Jerk It Out,Caesars,Jerk It Out,1/14/2005,64,195666,https://open.spotify.com/track/1bx7OUl2UmAnA5oZkm9If7,energetic,jerk it out
4WwozubAb2VQMkRhvPmWEk,Hardcore Sound,Chocolate Puma,Hardcore Sound,5/10/2024,0,150468,https://open.spotify.com/track/4WwozubAb2VQMkRhvPmWEk,energetic,hardcore sound
4BihwGtI5z8wYsr3GkCi6T,Himalaya,HATO,Himalaya,6/28/2024,30,147019,https://open.spotify.com/track/4BihwGtI5z8wYsr3GkCi6T,energetic,himalaya
1uyVw7Y1qZ5cOFXIxqku38,In the Park,Marco Strous,In the Park / Snakes,6/14/2024,0,167272,https://open.spotify.com/track/1uyVw7Y1qZ5cOFXIxqku38,energetic,in the park
25Mloe1yvLqjNDIpi7dtfd,Rave Generator,"Dimitri Vegas & Like Mike, Will Sparks",Rave Generator,6/14/2024,38,112499,https://open.spotify.com/track/25Mloe1yvLqjNDIpi7dtfd,energetic,rave generator
4y9tKMhrx5uepqljKj7wq9,To The Beat,"Dimitri Vegas & Like Mike, Regard, NATTI NATASHA, Dimitri Vegas, Sash!",To The Beat,4/19/2024,50,152222,https://open.spotify.com/track/4y9tKMhrx5uepqljKj7wq9,energetic,to the beat
59ySremqxhrlZnCuNrqf1Y,Under The Sun (with Alok),"Ella Henderson, Switch Disco, Alok",Under The Sun (with Alok),5/31/2024,55,165743,https://open.spotify.com/track/59ySremqxhrlZnCuNrqf1Y,energetic,under the sun with alok
6btglV5XNwzpOtDmOclBwI,Bota Bota,"Chris Lorenzo, MC Buzzz",Bota Bota,6/14/2024,36,192923,https://open.spotify.com/track/6btglV5XNwzpOtDmOclBwI,energetic,bota bota
31BVToYJwvaDoA4SARM2ex,My World,Shermanology,My World,7/5/2024,31,200930,https://open.spotify.com/track/31BVToYJwvaDoA4SARM2ex,energetic,my world
6UQp47gAFE7KmAhh3eutMb,XTC,Hardwell,XTC,7/12/2024,41,176571,https://open.spotify.com/track/6UQp47gAFE7KmAhh3eutMb,energetic,xtc
6XOP4J7HW2Dvpcg6uanWlV,Wild (R3WIRE 'Back To 95' Remix),"James Hype, R3WIRE",Wild (R3WIRE 'Back To 95' Remix),6/28/2024,34,185833,https://open.spotify.com/track/6XOP4J7HW2Dvpcg6uanWlV,energetic,wild r3wire back to 95 remix
30aEleGsSvwoORcXA4mKgT,Gunfinger (Salute),"IRAH, Chase & Status",Gunfinger (Salute),7/19/2024,58,166896,https://open.spotify.com/track/30aEleGsSvwoORcXA4mKgT,energetic,gunfinger salute
62wjQmZdJ1H4qChl7N5mQ5,merci,Stromae,racine carrée,1/1/2013,46,229320,https://open.spotify.com/track/62wjQmZdJ1H4qChl7N5mQ5,energetic,merci
6Sf4HWD5ZIUjMUH9Q4hnGy,Radar Love,"Billy The Kit, Barry Hay",Radar Love,8/2/2024,27,186446,https://open.spotify.com/track/6Sf4HWD5ZIUjMUH9Q4hnGy,energetic,radar love
70kAwMiBK6WVZbcZwhNbLS,D.R.A.M.A.,"Mr. Belt & Wezol, NuKey, Jose De Mara",D.R.A.M.A.,7/12/2024,31,139376,https://open.spotify.com/track/70kAwMiBK6WVZbcZwhNbLS,energetic,drama
2nwmp06W0pxsQltnsW4ElE,Light It Up (feat. MC Ambush),"Tiësto, AFROJACK, MC Ambush",Light It Up (feat. MC Ambush),8/16/2024,37,156146,https://open.spotify.com/track/2nwmp06W0pxsQltnsW4ElE,energetic,light it up feat mc ambush
7qMTqzmYW9FDZg6184Fs4n,Give It Up,"Adam Beyer, The Good Men, Chocolate Puma",Give It Up,7/26/2024,34,190147,https://open.spotify.com/track/7qMTqzmYW9FDZg6184Fs4n,energetic,give it up
5c0Vxk25nOC6uS2a41RtiD,Albertino,"Guido Schneider, André Galluzzi",Albertino / Nora P,1/28/2008,22,455960,https://open.spotify.com/track/5c0Vxk25nOC6uS2a41RtiD,energetic,albertino
6o0gJtOgimGamRBTS80H5g,PICK UP THE PHONE (feat. Nate Dogg),"PAWSA, Nate Dogg",PICK UP THE PHONE (feat. Nate Dogg),5/31/2024,68,224124,https://open.spotify.com/track/6o0gJtOgimGamRBTS80H5g,energetic,pick up the phone feat nate dogg
3GiORO0zRwRT3g9CCklzkQ,It's That Time - FISHER Remix,"Marlon Hoffstadt, FISHER",It's That Time (FISHER Remix),6/21/2024,71,171717,https://open.spotify.com/track/3GiORO0zRwRT3g9CCklzkQ,energetic,its that time fisher remix
5uz3XmT2mbY8eCl1IXDzMF,Waiting For Tonight,"FISHER, Jennifer Lopez",Waiting For Tonight,5/3/2024,51,198019,https://open.spotify.com/track/5uz3XmT2mbY8eCl1IXDzMF,energetic,waiting for tonight
6C941cB4Kzxkw67MhPzlXr,Sky (Shining Bright),KC Lights,Sky (Shining Bright),5/10/2024,0,170429,https://open.spotify.com/track/6C941cB4Kzxkw67MhPzlXr,energetic,sky shining bright
71vqZFDzzvwt7tsTYy1g01,Fresh - House of Prayers Poolside Edit,"Crazibiza, House of Prayers",Fresh,5/5/2023,48,284886,https://open.spotify.com/track/71vqZFDzzvwt7tsTYy1g01,energetic,fresh house of prayers poolside edit
51bwChuoablcgmmSjvwe8Y,I Was Lovin' You (feat. Dots Per Inch & Ayak) - TS7 Remix,"James Hype, Ayak, Dots Per Inch, TS7",I Was Lovin' You (feat. Dots Per Inch & Ayak) [Remixes],8/16/2019,48,244283,https://open.spotify.com/track/51bwChuoablcgmmSjvwe8Y,energetic,i was lovin you feat dots per inch ayak ts7 remix
1ZoHuLxbQho7N5ioKA6Hx1,C.U.B.A,Calvin Harris,C.U.B.A,3/16/2015,45,269906,https://open.spotify.com/track/1ZoHuLxbQho7N5ioKA6Hx1,energetic,cuba
5n2JxbvjBwZflMQ5bgyAKf,On The Gas,"zuezeu, Tamae",More Life,9/12/2024,21,195498,https://open.spotify.com/track/5n2JxbvjBwZflMQ5bgyAKf,energetic,on the gas
7FeCl5uBxZhKRll2jZxMYf,House Party,Quality G,House Party / Can't Stop,9/10/2024,22,184186,https://open.spotify.com/track/7FeCl5uBxZhKRll2jZxMYf,energetic,house party
3zaExCzGSQDEAI03RfneN0,in2minds,"Chris Lake, Disclosure",in2minds,9/20/2024,41,201979,https://open.spotify.com/track/3zaExCzGSQDEAI03RfneN0,energetic,in2minds
3YGnBzhCGdvM4vHdddWXxq,It's Not Right But It's Okay (Jengi Remix),"Mr. Belt & Wezol, Jengi",It's Not Right But It's Okay (Jengi Remix),9/20/2024,38,245538,https://open.spotify.com/track/3YGnBzhCGdvM4vHdddWXxq,energetic,its not right but its okay jengi remix
38D7JeZb1SZfzZo6wGJGae,Feel My Needs,"WEISS, James Hype",Feel My Needs,7/19/2024,46,150000,https://open.spotify.com/track/38D7JeZb1SZfzZo6wGJGae,energetic,feel my needs
7nWY61papgJ9bIQRf0ByVF,Snake,PAX,Snake,6/7/2019,43,181417,https://open.spotify.com/track/7nWY61papgJ9bIQRf0ByVF,energetic,snake
5napq9DmxX4W8Z6y9yI3Us,Baggy Black Jeans,AC Slater,Baggy Black Jeans,9/27/2024,40,192692,https://open.spotify.com/track/5napq9DmxX4W8Z6y9yI3Us,energetic,baggy black jeans
0cs3wJc2hHHGHw13ZTYf5j,In My Dreams,"Four Tet, Ellie Goulding",In My Dreams,9/9/2024,35,290625,https://open.spotify.com/track/0cs3wJc2hHHGHw13ZTYf5j,energetic,in my dreams
2M5LhHBQnM28tQYWVvy0ru,Ghettoblaster,Bushbaby,Locked On,7/26/2024,0,222214,https://open.spotify.com/track/2M5LhHBQnM28tQYWVvy0ru,energetic,ghettoblaster
046ebSoM0LeJEIlXTujdDB,Expander,Bonobo,Expander,8/14/2024,46,251428,https://open.spotify.com/track/046ebSoM0LeJEIlXTujdDB,energetic,expander
44YyzsT4gkFnVVm6ktqg2Q,Without You,Foamo,Foamo - EP,6/17/2013,37,351000,https://open.spotify.com/track/44YyzsT4gkFnVVm6ktqg2Q,energetic,without you
6AyoUbUtGWxXwpB148pKXq,Get Ready (feat. Sister Smurf & Simple Simon),"Chuckie, Gregor Salto, Sister Smurf, Simple Simon",Get Ready (feat. Sister Smurf & Simple Simon),6/28/2024,20,177260,https://open.spotify.com/track/6AyoUbUtGWxXwpB148pKXq,energetic,get ready feat sister smurf simple simon
6Pc5eHdzmnruL7zPsRp5UE,SET IT ON FIRE,ANOTR,SET IT ON FIRE,11/8/2024,23,229867,https://open.spotify.com/track/6Pc5eHdzmnruL7zPsRp5UE,energetic,set it on fire
3Tynfle4uffqi45VWAlz5r,Procedure,MATRiXXMAN,808 State of Mind,4/10/2015,10,369788,https://open.spotify.com/track/3Tynfle4uffqi45VWAlz5r,energetic,procedure
55NFZV4mg6VcXvoB0M65d0,Burnin',"Noizu, Martin Ikin",Burnin',10/20/2023,40,190781,https://open.spotify.com/track/55NFZV4mg6VcXvoB0M65d0,energetic,burnin
0v06s5ISTc1mkO4K0GKrQp,Blacked Out,"Fly With Us, VIIZERO7",Blacked Out,10/25/2024,30,221682,https://open.spotify.com/track/0v06s5ISTc1mkO4K0GKrQp,energetic,blacked out
19IYiA9TCmbCet65fZZhhN,Looking at Your Pager - Chris Lake Remix,"KH, Chris Lake",Looking At Your Pager (Chris Lake Remix),11/18/2022,30,219073,https://open.spotify.com/track/19IYiA9TCmbCet65fZZhhN,energetic,looking at your pager chris lake remix
6CrNAgxGGcraHZqlbNmSlE,Like Whoa,Black V Neck,Like Whoa,7/23/2021,43,186666,https://open.spotify.com/track/6CrNAgxGGcraHZqlbNmSlE,energetic,like whoa
6NxT9CHTUZx8BkOh6gCEvh,Disco Tool (Taiki Nulight Remix),"Matroda, Bleu Clair, Taiki Nulight",Disco Tool (Remixes),10/29/2021,41,217142,https://open.spotify.com/track/6NxT9CHTUZx8BkOh6gCEvh,energetic,disco tool taiki nulight remix
0kdlKcEf7sJrjzAOGEH48E,Brain Baby - Folly Remix,"Jeff Doubleu, Mike McFly, Folly",Brain Baby,10/30/2018,11,229000,https://open.spotify.com/track/0kdlKcEf7sJrjzAOGEH48E,energetic,brain baby folly remix
3O20jGSj87m5hSHoQHXfLv,Feels Like Home,"Meck, James Hype",Feels Like Home,12/13/2024,0,215540,https://open.spotify.com/track/3O20jGSj87m5hSHoQHXfLv,energetic,feels like home
5m212ryEUUWszd9Ffyar5X,Timeless Orbit,ROYAL PULSE,Timeless Orbit,12/19/2024,0,322269,https://open.spotify.com/track/5m212ryEUUWszd9Ffyar5X,energetic,timeless orbit
6z0zgDonyxu4NrU06Vq9wk,All Night,LAMMER,All Night,1/10/2025,50,240000,https://open.spotify.com/track/6z0zgDonyxu4NrU06Vq9wk,energetic,all night
2gVJTQbla9i7bxnKdLiu45,Disco Tetris - Edit,Luuk Van Dijk,Disco Tetris (Edit),12/13/2024,7,198675,https://open.spotify.com/track/2gVJTQbla9i7bxnKdLiu45,energetic,disco tetris edit
5o4zD3SATxUoVeK0gb9nIa,What's A Girl To Do,Luvstruck,What's A Girl To Do,8/9/2024,60,147310,https://open.spotify.com/track/5o4zD3SATxUoVeK0gb9nIa,energetic,whats a girl to do
0MMwlA5aeetEX6DuADdTUS,Chain Gun (Radio Edit),"Simon Field, Eyez",Chain Gun,2/14/2025,1,164871,https://open.spotify.com/track/0MMwlA5aeetEX6DuADdTUS,energetic,chain gun radio edit
3c27H2nNYfoipwl2f1ULnK,Everybody,La Fuente,Everybody,3/7/2025,40,161871,https://open.spotify.com/track/3c27H2nNYfoipwl2f1ULnK,energetic,everybody
5mUwZ8KrcGxmMPTXR0gt11,Thin Line,"John Summit, Guz",Thin Line,10/30/2020,59,188180,https://open.spotify.com/track/5mUwZ8KrcGxmMPTXR0gt11,energetic,thin line
6Qw4mOkFM3UjCf3ybd4zCE,Lose Control - Tiësto Remix,"Teddy Swims, Tiësto",Lose Control (Alt. Versions),2/29/2024,57,165000,https://open.spotify.com/track/6Qw4mOkFM3UjCf3ybd4zCE,energetic,lose control tisto remix
3uIGef7OSXkFdqxjFWn2o6,Gold Dust - Radio Edit,DJ Fresh,Gold Dust,7/30/2010,62,192446,https://open.spotify.com/track/3uIGef7OSXkFdqxjFWn2o6,energetic,gold dust radio edit
