track_id,name,artists,album,album_release_date,popularity,duration_ms,spotify_link,emotion,clean_title
5lK18Pt33xNudq4qYDxIm8,Shallow,"Lady Gaga, Bradley Cooper",Shallow,9/27/2018,1,215733,https://open.spotify.com/track/5lK18Pt33xNudq4qYDxIm8,love,shallow
0fPf9CDFzVnHpcfld5XVtO,You've Got The Love,Florence + The Machine,You've Got The Love,1/1/2010,54,168666,https://open.spotify.com/track/0fPf9CDFzVnHpcfld5XVtO,love,youve got the love
6tNQ70jh4OwmPGpYy6R2o9,Beautiful Things,Benson Boone,Beautiful Things,1/18/2024,84,180304,https://open.spotify.com/track/6tNQ70jh4OwmPGpYy6R2o9,love,beautiful things
0mqTcM8kuu2IYPotMt7AzS,Make You Feel My Love,Adele,19,1/28/2008,1,212040,https://open.spotify.com/track/0mqTcM8kuu2IYPotMt7AzS,love,make you feel my love
4v06bR52VOeuxFKXd0fQCV,L-O-V-E,"caravan, Valentin",indiemono | love 5.0,2/14/2025,34,150000,https://open.spotify.com/track/4v06bR52VOeuxFKXd0fQCV,love,love
1Pw5C4N6Fn5E4mGCxmbbVa,Say You Won't Let Go,James Arthur,Say You Won't Let Go,9/9/2016,64,211240,https://open.spotify.com/track/1Pw5C4N6Fn5E4mGCxmbbVa,love,say you wont let go
2aMZEJZwWouRzOw2aSfKV9,Deeply Still,Xander Ward,Deeply Still,10/24/2025,40,175000,https://open.spotify.com/track/2aMZEJZwWouRzOw2aSfKV9,love,deeply still
5UzTtUZper0CphnqZYvsIu,Young And Beautiful,Lana Del Rey,Young And Beautiful,4/23/2013,0,236053,https://open.spotify.com/track/5UzTtUZper0CphnqZYvsIu,love,young and beautiful
2TIlqbIneP0ZY1O0EzYLlc,Someone You Loved,Lewis Capaldi,Breach,11/8/2018,68,182160,https://open.spotify.com/track/2TIlqbIneP0ZY1O0EzYLlc,love,someone you loved
2GkFLKBarKpG7aoYHXg3Ue,Marry Me,GOVAN,Marry Me,1/26/2024,41,195173,https://open.spotify.com/track/2GkFLKBarKpG7aoYHXg3Ue,love,marry me
1bhUWB0zJMIKr9yVPrkEuI,Perfect Duet (Ed Sheeran & Beyoncé),"Ed Sheeran, Beyoncé",Perfect Duet (Ed Sheeran & Beyoncé),11/30/2017,68,259550,https://open.spotify.com/track/1bhUWB0zJMIKr9yVPrkEuI,love,perfect duet ed sheeran beyonc
7oAbPOF0jpHxEjQcKOQNPp,Ghost,Hannah Harlacher,indiemono OBSIDIAN SUNSET | Indie / Alternative VOL. 05,12/1/2024,32,331664,https://open.spotify.com/track/7oAbPOF0jpHxEjQcKOQNPp,love,ghost
0HRshWRNAwQBROvxXqG3i9,Skinny Love,Birdy,Birdy (Deluxe Version),11/4/2011,59,201080,https://open.spotify.com/track/0HRshWRNAwQBROvxXqG3i9,love,skinny love
0lUXjVdwD90F7coLj0aabz,Alright,Scoobert Doobert,Alright,7/11/2025,45,202000,https://open.spotify.com/track/0lUXjVdwD90F7coLj0aabz,love,alright
3WvPycGo4WJEEGYP429aap,ILYSMIH,Kali Uchis,ILYSMIH,4/25/2025,53,213030,https://open.spotify.com/track/3WvPycGo4WJEEGYP429aap,love,ilysmih
5sNpm9s2QOPfiXagqLhece,Dancing To The Moon,Jordan Parker,Dancing To The Moon,8/22/2025,43,206938,https://open.spotify.com/track/5sNpm9s2QOPfiXagqLhece,love,dancing to the moon
6GD1eomgaGT1Epto6Q5eAo,golden hour,JVKE,golden hour,7/15/2022,1,209259,https://open.spotify.com/track/6GD1eomgaGT1Epto6Q5eAo,love,golden hour
4pDTxHEIzCMyWzLviMm2co,Valentine,Sam Plourd,indiemono | love 5.0,2/14/2025,25,190412,https://open.spotify.com/track/4pDTxHEIzCMyWzLviMm2co,love,valentine
44VZGe3IwqmKoZUo8Z236A,ICNBYH,Cuco,ICNBYH,2/12/2025,1,197305,https://open.spotify.com/track/44VZGe3IwqmKoZUo8Z236A,love,icnbyh
4lGHyCRc06uJfcUaidaihu,Birds Of A Feather,deer noir,Birds Of A Feather,11/15/2024,44,179015,https://open.spotify.com/track/4lGHyCRc06uJfcUaidaihu,love,birds of a feather
7pMEJEVSjQBuUAqWOupJk6,Ever Seen,beabadoobee,Ever Seen,7/1/2024,0,203760,https://open.spotify.com/track/7pMEJEVSjQBuUAqWOupJk6,love,ever seen
0T5iIrXA4p5GsubkhuBIKV,Until I Found You,Stephen Sanchez,Until I Found You,9/1/2021,78,177720,https://open.spotify.com/track/0T5iIrXA4p5GsubkhuBIKV,love,until i found you
4AOncfzN6BzkBprpJrpa06,Take On Me,ALIE,indiemono | love 5.0,2/14/2025,37,194799,https://open.spotify.com/track/4AOncfzN6BzkBprpJrpa06,love,take on me
6dgUya35uo964z7GZXM07g,Nonsense,Sabrina Carpenter,emails i can't send,7/15/2022,83,163648,https://open.spotify.com/track/6dgUya35uo964z7GZXM07g,love,nonsense
0EinquS6uL1mPBOTQnKomo,Couldn't Wait For You,Jordan Parker,Couldn't Wait For You,6/6/2025,44,200000,https://open.spotify.com/track/0EinquS6uL1mPBOTQnKomo,love,couldnt wait for you
3U4isOIWM3VvDubwSI3y7a,All of Me,John Legend,Love In The Future (Expanded Edition),8/30/2013,85,269560,https://open.spotify.com/track/3U4isOIWM3VvDubwSI3y7a,love,all of me
51TYqTZ1eTZsHVcrt0mmqe,Cruel Summer,"RIELL, 88JETZ",love 4.0,2/9/2024,39,238781,https://open.spotify.com/track/51TYqTZ1eTZsHVcrt0mmqe,love,cruel summer
2kJwzbxV2ppxnQoYw4GLBZ,If the World Was Ending (feat. Julia Michaels),"JP Saxe, Julia Michaels",If the World Was Ending (feat. Julia Michaels),10/17/2019,73,208687,https://open.spotify.com/track/2kJwzbxV2ppxnQoYw4GLBZ,love,if the world was ending feat julia michaels
2ES1TRUmbAD1QltEPSpIx2,Honey On Toast,Munboi,Honey On Toast,4/26/2024,22,172881,https://open.spotify.com/track/2ES1TRUmbAD1QltEPSpIx2,love,honey on toast
0gplL1WMoJ6iYaPgMCL0gX,Easy On Me,Adele,Easy On Me,10/14/2021,78,224694,https://open.spotify.com/track/0gplL1WMoJ6iYaPgMCL0gX,love,easy on me
5NJQHLtg873KNDOUJS6Ga0,Scumbag,ROLE MODEL,Kansas Anymore,7/19/2024,52,183189,https://open.spotify.com/track/5NJQHLtg873KNDOUJS6Ga0,love,scumbag
2BOqDYLOJBiMOXShCV1neZ,Dancing On My Own,Calum Scott,Only Human (Deluxe),3/9/2018,80,260285,https://open.spotify.com/track/2BOqDYLOJBiMOXShCV1neZ,love,dancing on my own
6nlj33XLKWHJJVDHTdlwgH,Dreaming Of The Sun,Sandra Iris,Dreaming Of The Sun,3/24/2023,38,235715,https://open.spotify.com/track/6nlj33XLKWHJJVDHTdlwgH,love,dreaming of the sun
4tRtqa0pycuaEI2Y384zYx,No One Needs To Know,GOVAN,No One Needs To Know,4/11/2025,40,156001,https://open.spotify.com/track/4tRtqa0pycuaEI2Y384zYx,love,no one needs to know
6hoUDe5xg5Ex0LAQYK549t,Ama said,Nectar Woode,Ama said,6/20/2025,11,175636,https://open.spotify.com/track/6hoUDe5xg5Ex0LAQYK549t,love,ama said
5aEK8773mSSndiMQWKhnBH,Marry You,Snt,indiemono | love 5.0,2/14/2025,36,250645,https://open.spotify.com/track/5aEK8773mSSndiMQWKhnBH,love,marry you
6bRShWkISHLntvD63TTbGn,Ontario,Xander Ward,Ontario,3/21/2025,42,211680,https://open.spotify.com/track/6bRShWkISHLntvD63TTbGn,love,ontario
26QRPeQOgmIGLCQKgoUJkG,Love On The Brain,Rihanna,ANTI (Deluxe),1/28/2016,0,224000,https://open.spotify.com/track/26QRPeQOgmIGLCQKgoUJkG,love,love on the brain
11XbXTGcDHQYS9CEryZkTG,Friday I'm In Love,"Skinny Dippers, Middle Youth",love 4.0,2/9/2024,23,172500,https://open.spotify.com/track/11XbXTGcDHQYS9CEryZkTG,love,friday im in love
5t8pzRyclrYbL62ebIj0n3,One and Only,Dhruv,Private Blizzard,8/23/2024,44,234973,https://open.spotify.com/track/5t8pzRyclrYbL62ebIj0n3,love,one and only
4VK3MDt1FAP101D0mnFJkz,Burning Love,Elvis Presley,Elvis 75 - Good Rockin' Tonight,12/28/2009,1,169680,https://open.spotify.com/track/4VK3MDt1FAP101D0mnFJkz,love,burning love
0W4i6M9YSmn9CRrKUgahHn,Sentimental,Thomas Day,Angel Boy,9/13/2024,40,230475,https://open.spotify.com/track/0W4i6M9YSmn9CRrKUgahHn,love,sentimental
4oeRfmp9XpKWym6YD1WvBP,You and I,Ingrid Michaelson,Be OK,1/1/2008,0,148706,https://open.spotify.com/track/4oeRfmp9XpKWym6YD1WvBP,love,you and i
66S0OfUJE0J0NAfTVId2vJ,Playing Dangerous,"deer noir, CADDY",Playing Dangerous,3/22/2024,35,204137,https://open.spotify.com/track/66S0OfUJE0J0NAfTVId2vJ,love,playing dangerous
6LRIeceMebqu7TmyyXCRTA,Crazy Little Thing Called Love - Remastered 2011,Queen,Queen 40 Limited Edition Collector's Box Set Vol. 2,1/1/2011,29,163373,https://open.spotify.com/track/6LRIeceMebqu7TmyyXCRTA,love,crazy little thing called love remastered 2011
3Yh8wsWL2X9xzznASIpQWh,Everyday,Q,"Hello, Everyday Changes",11/3/2023,20,227133,https://open.spotify.com/track/3Yh8wsWL2X9xzznASIpQWh,love,everyday
429fxq6cHiIH8fD0KvMFvg,True Love Will Find You in the End,Júlia Collado Riu,True Love Will Find You in the End,2/2/2024,18,146000,https://open.spotify.com/track/429fxq6cHiIH8fD0KvMFvg,love,true love will find you in the end
4jDmJ51x1o9NZB5Nxxc7gY,Careless Whisper,George Michael,Ladies And Gentlemen... The Best Of George Michael,11/9/1998,9,300106,https://open.spotify.com/track/4jDmJ51x1o9NZB5Nxxc7gY,love,careless whisper
4NbUBHx9gRddDJ232CvRrR,what can i do?,Alex Siegel,indiemono | hope fields (VOL.8),5/15/2025,35,185750,https://open.spotify.com/track/4NbUBHx9gRddDJ232CvRrR,love,what can i do
10E3rJTsVL3Xfop80TbUvo,There Goes My Baby,Ambar Lucid,There Goes My Baby,3/7/2025,20,146279,https://open.spotify.com/track/10E3rJTsVL3Xfop80TbUvo,love,there goes my baby
7xNYUYx97k1C8QtOnOx4pO,YOU MAKE ME FEEL LIKE DANCING,Scoobert Doobert,YOU MAKE ME FEEL LIKE DANCING,2/7/2025,38,146000,https://open.spotify.com/track/7xNYUYx97k1C8QtOnOx4pO,love,you make me feel like dancing
1is8gU4RVcN4J8xItxWoOY,I GUESS I'M IN LOVE,Clinton Kane,I GUESS I'M IN LOVE,8/20/2021,65,204093,https://open.spotify.com/track/1is8gU4RVcN4J8xItxWoOY,love,i guess im in love
1H2no08gRwijbr9GuzSNKJ,Dancing In The Dark,Skinny Dippers,indiemono | love 5.0,2/14/2025,34,260456,https://open.spotify.com/track/1H2no08gRwijbr9GuzSNKJ,love,dancing in the dark
1Jaah2tmN9Hv81A87KZ1MU,Torn,Natalie Imbruglia,Left Of The Middle,11/10/1997,79,244666,https://open.spotify.com/track/1Jaah2tmN9Hv81A87KZ1MU,love,torn
0Vamcab1ClWW7u8rAiwT5d,For Once In My Life,"caravan, Valentin","love 3.0: falling in love, songs",2/3/2023,26,148235,https://open.spotify.com/track/0Vamcab1ClWW7u8rAiwT5d,love,for once in my life
0bkjYsOt7EDEjW1SdUsVx6,My 45 (with Jean Carter),"Cuco, Jean Carter",My 45 (with Jean Carter),3/14/2025,3,178841,https://open.spotify.com/track/0bkjYsOt7EDEjW1SdUsVx6,love,my 45 with jean carter
7vGGAJBkHKxKtOnGjQduDV,Saturday Nights,Khalid,Suncity,10/19/2018,55,209546,https://open.spotify.com/track/7vGGAJBkHKxKtOnGjQduDV,love,saturday nights
4DU09gZAUnzBL0c5PRmxnx,night in,GOVAN,night in,9/13/2024,42,180000,https://open.spotify.com/track/4DU09gZAUnzBL0c5PRmxnx,love,night in
3NHPLNVqkybexhhsz8s8WF,Never Knew How Much I Needed You,Max Koste,indiemono GOLDEN BAY | Indie / Alternative VOL. 02,8/1/2024,7,236431,https://open.spotify.com/track/3NHPLNVqkybexhhsz8s8WF,love,never knew how much i needed you
5Ts1DYOuouQLgzTaisxWYh,Love Grows (Where My Rosemary Goes),Edison Lighthouse,Love Grows (Where My Rosemary Goes) & Other Gems,1/1/1970,72,174760,https://open.spotify.com/track/5Ts1DYOuouQLgzTaisxWYh,love,love grows where my rosemary goes
5MqU9NhTlMa3DxwEhE6z9J,25,RIELL,25,1/31/2023,21,161826,https://open.spotify.com/track/5MqU9NhTlMa3DxwEhE6z9J,love,25
23khhseCLQqVMCIT1WMAns,Magic,Coldplay,Ghost Stories,5/16/2014,71,285014,https://open.spotify.com/track/23khhseCLQqVMCIT1WMAns,love,magic
1blLiE48uAhJAebV9dnODK,good2u,GOVAN,good2u,6/28/2024,40,140250,https://open.spotify.com/track/1blLiE48uAhJAebV9dnODK,love,good2u
56rXurvdpjoSIVggfd5ANS,All You Need Is Love - Remastered 2015,The Beatles,1 (Remastered),11/13/2000,0,227760,https://open.spotify.com/track/56rXurvdpjoSIVggfd5ANS,love,all you need is love remastered 2015
14bICTOBi6AzT9sl9XVqfb,baby where you are,Liush,baby where you are,2/2/2024,23,143000,https://open.spotify.com/track/14bICTOBi6AzT9sl9XVqfb,love,baby where you are
2bdVgAQgosGUJoViVDNeOV,LIMBO,keshi,GABRIEL,3/25/2022,73,212784,https://open.spotify.com/track/2bdVgAQgosGUJoViVDNeOV,love,limbo
21szgNA72iLwvBxHQLgwBh,die first,Nessa Barrett,die first,6/24/2022,59,177108,https://open.spotify.com/track/21szgNA72iLwvBxHQLgwBh,love,die first
4a6q8CR2hzLk2plDkSxkfD,I.F.L.Y.,Bazzi,Soul Searching,8/9/2019,68,165714,https://open.spotify.com/track/4a6q8CR2hzLk2plDkSxkfD,love,ifly
5PMurbG8ugpuLcFV00x789,z&h,Arya,z&h,1/9/2023,16,152335,https://open.spotify.com/track/5PMurbG8ugpuLcFV00x789,love,zh
6xGruZOHLs39ZbVccQTuPZ,Glimpse of Us,Joji,Glimpse of Us,6/10/2022,8,233456,https://open.spotify.com/track/6xGruZOHLs39ZbVccQTuPZ,love,glimpse of us
0u6LpMA9z4ZY3PKRXQfrxP,insane,GOVAN,insane,8/8/2024,30,116557,https://open.spotify.com/track/0u6LpMA9z4ZY3PKRXQfrxP,love,insane
1BYZxKSf0aTxp8ZFoeyM3d,we fell in love in october,girl in red,we fell in love in october / forget her,11/21/2018,3,184153,https://open.spotify.com/track/1BYZxKSf0aTxp8ZFoeyM3d,love,we fell in love in october
4GISsjjHTA2UyM9DY4DNgY,internet crush,Jeremy Zucker,internet crush,2/10/2023,37,202735,https://open.spotify.com/track/4GISsjjHTA2UyM9DY4DNgY,love,internet crush
4RY63w21hrE2bvKxIjIUjR,I Fall In Love Too Easily - Sped up / Nightcore Version,Sandra Iris,"love 3.0: falling in love, songs",2/3/2023,30,122369,https://open.spotify.com/track/4RY63w21hrE2bvKxIjIUjR,love,i fall in love too easily sped up nightcore version
1M4qEo4HE3PRaCOM7EXNJq,Adore You,Harry Styles,Adore You,12/6/2019,1,207133,https://open.spotify.com/track/1M4qEo4HE3PRaCOM7EXNJq,love,adore you
3BVgrFWuH01GmCUy9Y2EE8,Señorita,"Shawn Mendes, Camila Cabello",Romance,12/6/2019,52,190813,https://open.spotify.com/track/3BVgrFWuH01GmCUy9Y2EE8,love,seorita
4WwfMajCmOe3ApD9eF5B15,BACK ON TOP (feat. Griff),"HONNE, Griff",BACK ON TOP (feat. Griff),10/8/2021,33,173984,https://open.spotify.com/track/4WwfMajCmOe3ApD9eF5B15,love,back on top feat griff
7Dw770W1ZtqQkYDZO5jcnY,The Girl,INTRN,The Girl,1/20/2023,20,138750,https://open.spotify.com/track/7Dw770W1ZtqQkYDZO5jcnY,love,the girl
4PQILLVCykq5DsC31O1g5s,Light Me Up,Nicky Youre,Light Me Up,6/27/2025,45,179408,https://open.spotify.com/track/4PQILLVCykq5DsC31O1g5s,love,light me up
4BAWCedKFfdwxPFmFv4DMG,Toothpaste Kisses,The Maccabees,Colour It In,2007,51,159320,https://open.spotify.com/track/4BAWCedKFfdwxPFmFv4DMG,love,toothpaste kisses
3NfxSdJnVdon1axzloJgba,I Say a Little Prayer,Aretha Franklin,Aretha Now,6/14/1968,76,216773,https://open.spotify.com/track/3NfxSdJnVdon1axzloJgba,love,i say a little prayer
37y7iDayfwm3WXn5BiAoRk,Dark Red,Steve Lacy,Dark Red,2/20/2017,3,173104,https://open.spotify.com/track/37y7iDayfwm3WXn5BiAoRk,love,dark red
1XLBZ2QVbhodLfnw2v1QDP,Hangover,"Arya, GOVAN",Hangover,2/10/2022,21,140800,https://open.spotify.com/track/1XLBZ2QVbhodLfnw2v1QDP,love,hangover
0PgYPBGqF6Wm5KFHQ81nq5,comethru (with Bea Miller),"Jeremy Zucker, Bea Miller",comethru,3/15/2019,54,181626,https://open.spotify.com/track/0PgYPBGqF6Wm5KFHQ81nq5,love,comethru with bea miller
0T48amWSaW3XEtP4GVEDVh,I Love You,Sandra Iris,I Love You,2/7/2025,33,151529,https://open.spotify.com/track/0T48amWSaW3XEtP4GVEDVh,love,i love you
2m6Ko3CY1qXNNja8AlugNc,Angel Baby,Troye Sivan,Angel Baby,9/9/2021,71,220779,https://open.spotify.com/track/2m6Ko3CY1qXNNja8AlugNc,love,angel baby
4MymCsjbOkhuP2kWNSZgLo,L-O-V-E - Long Version,Joss Stone,The Best Of Joss Stone 2003 - 2009,1/1/2011,47,168973,https://open.spotify.com/track/4MymCsjbOkhuP2kWNSZgLo,love,love long version
52dRbik2NV2di0Okjo8pQd,if you're not the one,Right Right,"love 3.0: falling in love, songs",2/3/2023,12,174667,https://open.spotify.com/track/52dRbik2NV2di0Okjo8pQd,love,if youre not the one
7BVwi9cIzSc6tpyxsp47vJ,Mess Is Mine,Vance Joy,Dream Your Life Away,9/8/2014,62,223640,https://open.spotify.com/track/7BVwi9cIzSc6tpyxsp47vJ,love,mess is mine
3hUxzQpSfdDqwM3ZTFQY0K,august,Taylor Swift,folklore,7/24/2020,85,261922,https://open.spotify.com/track/3hUxzQpSfdDqwM3ZTFQY0K,love,august
7FXj7Qg3YorUxdrzvrcY25,Fly Me To The Moon - 2008 Remastered,"Frank Sinatra, Count Basie",Nothing But The Best (2008 Remastered),5/13/2008,66,147520,https://open.spotify.com/track/7FXj7Qg3YorUxdrzvrcY25,love,fly me to the moon 2008 remastered
4LOeYOTRDzW1kI42eG4R47,Someone Like You,Camo Columbo,"love 3.0: falling in love, songs",2/3/2023,18,123214,https://open.spotify.com/track/4LOeYOTRDzW1kI42eG4R47,love,someone like you
1RMJOxR6GRPsBHL8qeC2ux,Best Part (feat. H.E.R.),"Daniel Caesar, H.E.R.",Freudian,8/25/2017,14,209831,https://open.spotify.com/track/1RMJOxR6GRPsBHL8qeC2ux,love,best part feat her
2kz40rIHjfGYxurLiuCBp9,Lost on You,LP,Death Valley,6/17/2016,0,268105,https://open.spotify.com/track/2kz40rIHjfGYxurLiuCBp9,love,lost on you
60Upg4NK79iFTP77w9O6E7,If I Ain't Got You,"caravan, Valentin",If I Ain't Got You,2/5/2021,28,190169,https://open.spotify.com/track/60Upg4NK79iFTP77w9O6E7,love,if i aint got you
1ges2nnhkzi5rNTjsO4vze,Violet,Joe P,Garden State Vampire,8/23/2024,37,221065,https://open.spotify.com/track/1ges2nnhkzi5rNTjsO4vze,love,violet
6CcJMwBtXByIz4zQLzFkKc,i love you,Billie Eilish,"WHEN WE ALL FALL ASLEEP, WHERE DO WE GO?",3/29/2019,82,291796,https://open.spotify.com/track/6CcJMwBtXByIz4zQLzFkKc,love,i love you
2JlpPwPhKzfHLLmucnMVWQ,Lovesong,Furious Monkey House,Lovesong,2/2/2024,17,208014,https://open.spotify.com/track/2JlpPwPhKzfHLLmucnMVWQ,love,lovesong
3QGsuHI8jO1Rx4JWLUh9jd,Treat You Better,Shawn Mendes,Illuminate,4/20/2017,85,187973,https://open.spotify.com/track/3QGsuHI8jO1Rx4JWLUh9jd,love,treat you better
5Vset1aGKy08k7KpNctIiE,Champagne Supernova,Spritely,Champagne Supernova,2/11/2021,26,206598,https://open.spotify.com/track/5Vset1aGKy08k7KpNctIiE,love,champagne supernova
2whoe0pPKh4JRn6eWSIqTV,Stay With Me,Sam Smith,In The Lonely Hour,1/1/2014,0,172723,https://open.spotify.com/track/2whoe0pPKh4JRn6eWSIqTV,love,stay with me
3V0nnQhqvbE3JmiDdnzQFQ,July (feat. Leon Bridges),"Noah Cyrus, Leon Bridges",July (feat. Leon Bridges),11/8/2019,68,152280,https://open.spotify.com/track/3V0nnQhqvbE3JmiDdnzQFQ,love,july feat leon bridges
2qf8tVKPHwUE7AF10KJh8f,Moments of a Lifetime,LEFT.,Moments of a Lifetime,11/25/2022,16,189250,https://open.spotify.com/track/2qf8tVKPHwUE7AF10KJh8f,love,moments of a lifetime
4I3KMa9p00MJwWbT0vi5iX,One And Only,Adele,21,1/19/2011,0,346813,https://open.spotify.com/track/4I3KMa9p00MJwWbT0vi5iX,love,one and only
2k9N4caeCIJLOWwWwssrEM,Easily,Bruno Major,A Song For Every Moon,8/31/2017,0,210240,https://open.spotify.com/track/2k9N4caeCIJLOWwWwssrEM,love,easily
1Fh6zF1jDV8UbcyFPqwlsw,Sunrise,3409,Sunrise,10/27/2023,36,181250,https://open.spotify.com/track/1Fh6zF1jDV8UbcyFPqwlsw,love,sunrise
6mCbwUSCaYRv2AlzLid3lf,On Hold,Fenne Lily,On Hold,4/6/2018,0,158785,https://open.spotify.com/track/6mCbwUSCaYRv2AlzLid3lf,love,on hold
3FsBtu3gdlfZjBLXyDvmj1,The Night We Met,Lord Huron,13 Reasons Why (A Netflix Original Series Soundtrack),3/30/2017,0,206933,https://open.spotify.com/track/3FsBtu3gdlfZjBLXyDvmj1,love,the night we met
1vmgiZZ2a5jHCVgEaYYv6o,What You Won't Do For Love,LEIDAN,What You Won't Do For Love,2/2/2024,14,284000,https://open.spotify.com/track/1vmgiZZ2a5jHCVgEaYYv6o,love,what you wont do for love
6KaNwZrqpYck0ym4ZsSq3C,One,"Mary J. Blige, U2",The Breakthrough,1/1/2005,0,260466,https://open.spotify.com/track/6KaNwZrqpYck0ym4ZsSq3C,love,one
6Wl98RBUPskcqUmMDS9ii9,bye bye,GOVAN,origin of a heartbreak kid,10/25/2024,33,182999,https://open.spotify.com/track/6Wl98RBUPskcqUmMDS9ii9,love,bye bye
3EPXxR3ImUwfayaurPi3cm,Be Alright,Dean Lewis,Be Alright,6/29/2018,75,196373,https://open.spotify.com/track/3EPXxR3ImUwfayaurPi3cm,love,be alright
2MHfCFcIQvm0uPhrq3r3f1,Can't Help Falling in Love,Camo Columbo,Can't Help Falling in Love,2/5/2021,28,164699,https://open.spotify.com/track/2MHfCFcIQvm0uPhrq3r3f1,love,cant help falling in love
1yTTMcUhL7rtz08Dsgb7Qb,The Bones - with Hozier,"Maren Morris, Hozier",The Bones (with Hozier),10/4/2019,63,197298,https://open.spotify.com/track/1yTTMcUhL7rtz08Dsgb7Qb,love,the bones with hozier
1j4kHkkpqZRBwE0A4CN4Yv,Dusk Till Dawn (feat. Sia) - Radio Edit,"ZAYN, Sia",Dusk Till Dawn (feat. Sia) [Radio Edit],9/7/2017,71,239000,https://open.spotify.com/track/1j4kHkkpqZRBwE0A4CN4Yv,love,dusk till dawn feat sia radio edit
44mKJH9xNJoe31NXSYvQu5,30 Days,"Arya, Daiela",30 Days,6/17/2022,21,179591,https://open.spotify.com/track/44mKJH9xNJoe31NXSYvQu5,love,30 days
02fZLz9BmmOKb5wkueM9D4,If You Ever Want To Be In Love,James Bay,Chaos And The Calm,3/20/2015,53,238973,https://open.spotify.com/track/02fZLz9BmmOKb5wkueM9D4,love,if you ever want to be in love
7noud145AHZGg74vpWOsCa,Trip,Ella Mai,Trip,8/3/2018,0,217118,https://open.spotify.com/track/7noud145AHZGg74vpWOsCa,love,trip
5Ms4Os2PjYikmKXl0niKqM,My Funny Valentine,Right Right,love 2.0,2/11/2022,13,142516,https://open.spotify.com/track/5Ms4Os2PjYikmKXl0niKqM,love,my funny valentine
4uhlD1p3hKRI9PLH8qX0fn,Million Reasons,Lady Gaga,Million Reasons,10/6/2016,0,205280,https://open.spotify.com/track/4uhlD1p3hKRI9PLH8qX0fn,love,million reasons
7lR4o63cpYr8zY3nBEPead,It Takes Two,Fiji Blue,It Takes Two,2/25/2021,0,159012,https://open.spotify.com/track/7lR4o63cpYr8zY3nBEPead,love,it takes two
2nZq5WQOW4FEPxCVTdNGfB,Kissin' In The Cold,"JP Saxe, Julia Michaels",Kissin' In The Cold,12/8/2020,44,224083,https://open.spotify.com/track/2nZq5WQOW4FEPxCVTdNGfB,love,kissin in the cold
6N534SmRjjkW3lgdfJKHDh,Afterthought,kikomori,Afterthought,2/11/2022,13,217142,https://open.spotify.com/track/6N534SmRjjkW3lgdfJKHDh,love,afterthought
2eiY8qXiV6yReXSeuoplns,All the Pretty Girls,KALEO,All the Pretty Girls,1/20/2015,34,269893,https://open.spotify.com/track/2eiY8qXiV6yReXSeuoplns,love,all the pretty girls
5eOcg7yCTC8o09p6iTTcmr,Stay - Album Version (Edited),"Rihanna, Mikky Ekko",Unapologetic (Deluxe),12/10/2012,0,240706,https://open.spotify.com/track/5eOcg7yCTC8o09p6iTTcmr,love,stay album version edited
2BQL1gx2agViPVMmDcNQdg,My Happy Ending,Amuro Ray,love 4.0,2/9/2024,5,239000,https://open.spotify.com/track/2BQL1gx2agViPVMmDcNQdg,love,my happy ending
0742PcMPo2Akmo4vHC29VZ,this is how you fall in love,"Jeremy Zucker, Chelsea Cutler",this is how you fall in love,1/15/2021,0,174586,https://open.spotify.com/track/0742PcMPo2Akmo4vHC29VZ,love,this is how you fall in love
0tP5ogrxKrIPKHHc0seuOr,With Or Without You,U2,U218 Singles (Deluxe Version),1/1/2006,0,296226,https://open.spotify.com/track/0tP5ogrxKrIPKHHc0seuOr,love,with or without you
30LvnsFly9MIrnVjqxZD9U,Big Jet Plane,AFTRHOURS,"love 3.0: falling in love, songs",2/3/2023,19,134142,https://open.spotify.com/track/30LvnsFly9MIrnVjqxZD9U,love,big jet plane
54nfzb6wMJPltkh5vQo7Wd,Your Song,Ellie Goulding,Bright Lights,1/1/2010,0,191826,https://open.spotify.com/track/54nfzb6wMJPltkh5vQo7Wd,love,your song
1yi8EOTpKeVK4cj5HS8DRp,From Eden,Hozier,From Eden EP,3/9/2014,42,222426,https://open.spotify.com/track/1yi8EOTpKeVK4cj5HS8DRp,love,from eden
78keGMxSTSEDxRVvBldH5B,Just the Two of Us,Camo Columbo,love 2.0,2/11/2022,26,150163,https://open.spotify.com/track/78keGMxSTSEDxRVvBldH5B,love,just the two of us
78J9MBkAoqfvyeEpQKJDzD,Step,Vampire Weekend,Modern Vampires of the City,5/27/2013,0,251626,https://open.spotify.com/track/78J9MBkAoqfvyeEpQKJDzD,love,step
7kU0cqbAydta9qlg5rmlCz,GET GONE,OSEI,indiemono LIMINAL HARVEST | Indie / Alternative VOL. 04,11/1/2024,9,141666,https://open.spotify.com/track/7kU0cqbAydta9qlg5rmlCz,love,get gone
4dbV37qzkwZOnkGVpsR0Q7,7 Years,Lukas Graham,Lukas Graham (Blue Album),10/30/2015,0,237300,https://open.spotify.com/track/4dbV37qzkwZOnkGVpsR0Q7,love,7 years
3HXHEpaS3BNDaHbtc9FyNB,Spring,Paul the Neighbour,Sunday Excursion,3/18/2022,13,191293,https://open.spotify.com/track/3HXHEpaS3BNDaHbtc9FyNB,love,spring
7B3z0ySL9Rr0XvZEAjWZzM,Sofia,Clairo,Immunity,8/2/2019,41,188386,https://open.spotify.com/track/7B3z0ySL9Rr0XvZEAjWZzM,love,sofia
6iGU74CwXuT4XVepjc9Emf,God Only Knows - Mono,The Beach Boys,Pet Sounds (Original Mono & Stereo Mix),6/16/1966,61,173040,https://open.spotify.com/track/6iGU74CwXuT4XVepjc9Emf,love,god only knows mono
0kp7Ufy5I1oHpdrUQi4QfG,Honey Blossom,Limón Limón,Honey Blossom,11/12/2021,28,258566,https://open.spotify.com/track/0kp7Ufy5I1oHpdrUQi4QfG,love,honey blossom
0IOFbRuU9O7BsRMVBT6Rbo,Ophelia,The Lumineers,Ophelia,2/5/2016,0,160097,https://open.spotify.com/track/0IOFbRuU9O7BsRMVBT6Rbo,love,ophelia
5Nbe9vDQ1YJdreVIlhZEpP,Lay Me Down,"Sam Smith, John Legend",Lay Me Down,3/9/2015,0,219662,https://open.spotify.com/track/5Nbe9vDQ1YJdreVIlhZEpP,love,lay me down
4n2eqW2yhgRimam8czpH8j,Breathing Underwater,Emeli Sandé,Breathing Underwater,10/28/2016,0,262939,https://open.spotify.com/track/4n2eqW2yhgRimam8czpH8j,love,breathing underwater
4H0ToU5T89PWu4irX7J85c,Cleopatra,"LEFT., YANAGUI, Extrazen, AVALANCHE",Cleopatra,5/7/2021,18,200848,https://open.spotify.com/track/4H0ToU5T89PWu4irX7J85c,love,cleopatra
7wZUrN8oemZfsEd1CGkbXE,Bleeding Love,Leona Lewis,Spirit,2007,78,262466,https://open.spotify.com/track/7wZUrN8oemZfsEd1CGkbXE,love,bleeding love
0R4tfzZcfjibuHP9WHKATM,I Guess That's Why They Call It The Blues,Elton John,Love Songs,11/6/1995,0,282333,https://open.spotify.com/track/0R4tfzZcfjibuHP9WHKATM,love,i guess thats why they call it the blues
5KQ6Ao3KkBmX0mKklIGP2r,let me love you,Adriel Rivera,"love 3.0: falling in love, songs",2/3/2023,21,184000,https://open.spotify.com/track/5KQ6Ao3KkBmX0mKklIGP2r,love,let me love you
50x1Ic8CaXkYNvjmxe3WXy,Those Eyes,New West,Those Eyes,5/10/2019,78,220750,https://open.spotify.com/track/50x1Ic8CaXkYNvjmxe3WXy,love,those eyes
2JqnpexlO9dmvjUMCaLCLJ,Love Someone,Lukas Graham,Love Someone,9/7/2018,60,205463,https://open.spotify.com/track/2JqnpexlO9dmvjUMCaLCLJ,love,love someone
4E6cwWJWZw2zWf7VFbH7wf,Love Song,Sara Bareilles,Little Voice,7/3/2007,72,258826,https://open.spotify.com/track/4E6cwWJWZw2zWf7VFbH7wf,love,love song
5C0LFQARavkPpn7JgA4sLk,Every Breath You Take - Remastered 2003,The Police,Synchronicity (Remastered),6/1/1983,3,253250,https://open.spotify.com/track/5C0LFQARavkPpn7JgA4sLk,love,every breath you take remastered 2003
7lH5ojd6UtoTW6kKQCXdZm,Waterfall,Camo Columbo,Waterfall,8/27/2021,23,166363,https://open.spotify.com/track/7lH5ojd6UtoTW6kKQCXdZm,love,waterfall
27AJf1VXuh3h6QsqQBOLxf,Channel Orange In Your Living Room,Charlie Burg,Channel Orange In Your Living Room,4/21/2020,10,158373,https://open.spotify.com/track/27AJf1VXuh3h6QsqQBOLxf,love,channel orange in your living room
2sBKLT7bFa38yVAYxYltUX,Dance with Me,beabadoobee,Patched Up,12/7/2018,59,234282,https://open.spotify.com/track/2sBKLT7bFa38yVAYxYltUX,love,dance with me
5XxoHuEqz6PEaaIjM5mTgP,Eyes Shut,Olly Alexander (Years & Years),Communion (Deluxe),7/10/2015,0,198226,https://open.spotify.com/track/5XxoHuEqz6PEaaIjM5mTgP,love,eyes shut
3thbPeqVwBS3ma8U4Ngs5P,Whiplash,LEFT.,Whiplash,7/15/2022,20,150471,https://open.spotify.com/track/3thbPeqVwBS3ma8U4Ngs5P,love,whiplash
5pbajJXEPdcoXQPXoAVR1t,You're Beautiful,James Blunt,Back to Bedlam,10/4/2005,63,209493,https://open.spotify.com/track/5pbajJXEPdcoXQPXoAVR1t,love,youre beautiful
6QUwt0HfdD7r9JTxzCAZeg,Night Like This,LP,Night Like This,3/28/2014,21,240306,https://open.spotify.com/track/6QUwt0HfdD7r9JTxzCAZeg,love,night like this
1Udy17gjGeZPNdmmcLjl7L,Real Love - From the John Lewis Christmas Advert 2014,Tom Odell,Real Love,11/6/2014,44,141240,https://open.spotify.com/track/1Udy17gjGeZPNdmmcLjl7L,love,real love from the john lewis christmas advert 2014
1I9a2zVcVWHtg9lpUjHrPX,hey there delilah,caravan,love 2.0,2/11/2022,16,255824,https://open.spotify.com/track/1I9a2zVcVWHtg9lpUjHrPX,love,hey there delilah
7DKqhn3Aa0NT9N9GAcagda,Just a Cloud Away,Pharrell Williams,Despicable Me 2 (Original Motion Picture Soundtrack),6/18/2013,0,176078,https://open.spotify.com/track/7DKqhn3Aa0NT9N9GAcagda,love,just a cloud away
1MeVTXtqhNrYZpUj31eucF,Awake Me,Rosie Carney,Awake Me,1/23/2017,0,257582,https://open.spotify.com/track/1MeVTXtqhNrYZpUj31eucF,love,awake me
5uXOTDmQX4CFcWkqPhsRqk,Golden Train,Justin Nozuka,Holly,5/6/2007,0,183533,https://open.spotify.com/track/5uXOTDmQX4CFcWkqPhsRqk,love,golden train
6mGxkQa2DaCBt4oCw5w3OJ,Here,Liush,Thetimewewanderoff,4/30/2021,9,183895,https://open.spotify.com/track/6mGxkQa2DaCBt4oCw5w3OJ,love,here
5LOaKdW9D2Gl9neAN94NbR,Somewhere Only We Know,Keane,Hopes and Fears (Deluxe Edition),1/1/2009,1,237546,https://open.spotify.com/track/5LOaKdW9D2Gl9neAN94NbR,love,somewhere only we know
7vjWe160MXCv2jiyH3EQMH,Every Day Is A Holiday,"DOPE LEMON, Winston Surfshirt",Every Day Is A Holiday,7/31/2020,0,353211,https://open.spotify.com/track/7vjWe160MXCv2jiyH3EQMH,love,every day is a holiday
4e8yoTt9IuRbDkbsLntXZZ,No Ordinary Love,"3409, Danny Del",No Ordinary Love,2/11/2021,21,202641,https://open.spotify.com/track/4e8yoTt9IuRbDkbsLntXZZ,love,no ordinary love
5esPpmrM2AsyDVgOKzWQwU,Beyond,Leon Bridges,Beyond,4/20/2018,0,240600,https://open.spotify.com/track/5esPpmrM2AsyDVgOKzWQwU,love,beyond
6Wuv7MrhesuDsuGv8vcrOd,Soul Meets Body,Death Cab for Cutie,Plans,8/29/2005,57,230906,https://open.spotify.com/track/6Wuv7MrhesuDsuGv8vcrOd,love,soul meets body
6xM8oBy40nK1rOd8WmoOPx,Last Request,Paolo Nutini,These Streets,1/30/2007,69,220413,https://open.spotify.com/track/6xM8oBy40nK1rOd8WmoOPx,love,last request
4S46FETQcxhXROubIV11M3,My Girl,High Tropics,My Girl,2/5/2021,25,165809,https://open.spotify.com/track/4S46FETQcxhXROubIV11M3,love,my girl
3uP0rhZSVxKPokt6UbnzU0,Brand New Day,Kodaline,In A Perfect World (Deluxe),6/14/2013,0,205280,https://open.spotify.com/track/3uP0rhZSVxKPokt6UbnzU0,love,brand new day
0j2WBxWZnWti5TpSxjJvPb,Love on the Weekend,John Mayer,Love on the Weekend,11/17/2016,57,212626,https://open.spotify.com/track/0j2WBxWZnWti5TpSxjJvPb,love,love on the weekend
18qRmwhrajjNTZZKTgp0jw,KOMM SUSSER TOD,Meric,love 4.0,2/9/2024,5,191666,https://open.spotify.com/track/18qRmwhrajjNTZZKTgp0jw,love,komm susser tod
3VHJN9R1HaJAp6SbeMT0V5,Empire,Of Monsters and Men,Beneath The Skin (Deluxe),6/5/2015,0,260413,https://open.spotify.com/track/3VHJN9R1HaJAp6SbeMT0V5,love,empire
3MdYFBIzPf7lSJnI8wi3Ka,Only Love,Ben Howard,Every Kingdom (Deluxe Version),1/1/2011,0,249173,https://open.spotify.com/track/3MdYFBIzPf7lSJnI8wi3Ka,love,only love
1ews43nnftPtnY6hoW8CEJ,Stories,LEFT.,Perspective,7/23/2021,9,223383,https://open.spotify.com/track/1ews43nnftPtnY6hoW8CEJ,love,stories
12je8giC2S9smUHJ81tpiL,5 Years Time,Noah And The Whale,"Peaceful, The World Lays Me Down",1/1/2008,69,214933,https://open.spotify.com/track/12je8giC2S9smUHJ81tpiL,love,5 years time
4llK75pXNWZz6KAho2Gp16,She Will Be Loved - Radio Mix,Maroon 5,Songs About Jane: 10th Anniversary Edition,2002,84,259453,https://open.spotify.com/track/4llK75pXNWZz6KAho2Gp16,love,she will be loved radio mix
4mUt5lhxHM8P3jAKzsHoCU,Angel,AFTRHOURS,love 2.0,2/11/2022,11,169894,https://open.spotify.com/track/4mUt5lhxHM8P3jAKzsHoCU,love,angel
1JjzjaeF2zY0nf2T2AbFXj,For Desire,Carmody,Skin,4/29/2016,0,189294,https://open.spotify.com/track/1JjzjaeF2zY0nf2T2AbFXj,love,for desire
7x91w5f5x7UayENcGAP5i2,Bruises,Lewis Capaldi,Bruises,6/19/2017,42,218492,https://open.spotify.com/track/7x91w5f5x7UayENcGAP5i2,love,bruises
0yiOZDyFulpNiy1lrVrpjF,Ultralife,Oh Wonder,Ultralife,3/31/2017,24,211573,https://open.spotify.com/track/0yiOZDyFulpNiy1lrVrpjF,love,ultralife
2F1ha0lmHe74s96sN0mIhk,Turning Time,Spritely,love 2.0,2/11/2022,21,192928,https://open.spotify.com/track/2F1ha0lmHe74s96sN0mIhk,love,turning time
1gIKd24bixkgYzuxse32oR,How Deep Is Your Love (2007 Remastered Saturday Night Fever LP Version),Bee Gees,Saturday Night Fever [The Original Movie Soundtrack],1/5/1978,0,245200,https://open.spotify.com/track/1gIKd24bixkgYzuxse32oR,love,how deep is your love 2007 remastered saturday night fever lp version
5kGBSOrKYmhRfdPBw4xD8D,Angela (Single Version),The Lumineers,Angela (Single Version),2/24/2017,0,178840,https://open.spotify.com/track/5kGBSOrKYmhRfdPBw4xD8D,love,angela single version
7ggHQsGP7K3V65lqBwleWO,I'm with You,Right Right,I'm with You,2/11/2021,21,184363,https://open.spotify.com/track/7ggHQsGP7K3V65lqBwleWO,love,im with you
3LHg768dEKqJKht2uPTlVR,Ghosts,Laura Marling,Alas I Cannot Swim,1/1/2008,48,179960,https://open.spotify.com/track/3LHg768dEKqJKht2uPTlVR,love,ghosts
0AjBY8FjXiGg91pntNV4qa,Your Love Song,T.J. Kingston,Always the Moments,9/15/2015,20,173442,https://open.spotify.com/track/0AjBY8FjXiGg91pntNV4qa,love,your love song
4xqowxjJ03RWog4teL6oqG,Know How,"Kings of Convenience, Feist",Riot On An Empty Street,1/1/2004,0,238173,https://open.spotify.com/track/4xqowxjJ03RWog4teL6oqG,love,know how
7aroxbyBcFzfmsjdRBV6cT,Julia,little dipper,Julia,6/18/2021,7,207630,https://open.spotify.com/track/7aroxbyBcFzfmsjdRBV6cT,love,julia
18RQoXcen7pcKhFreuN02y,Rebekah,Jack Vallier,Rebekah - EP,11/17/2017,21,200747,https://open.spotify.com/track/18RQoXcen7pcKhFreuN02y,love,rebekah
1R1yheuqbn1J0u5bFRHdHU,No Love Like Yours,Edward Sharpe & The Magnetic Zeros,PersonA,4/15/2016,0,177686,https://open.spotify.com/track/1R1yheuqbn1J0u5bFRHdHU,love,no love like yours
7IByJvSqRFltGyiiIiL4wn,Who You Love (feat. Katy Perry),"John Mayer, Katy Perry",Paradise Valley,8/20/2013,61,249933,https://open.spotify.com/track/7IByJvSqRFltGyiiIiL4wn,love,who you love feat katy perry
7MDSd5MwBcZuvZBHmWIkiy,Delilah,3409,Delilah,11/19/2020,20,131200,https://open.spotify.com/track/7MDSd5MwBcZuvZBHmWIkiy,love,delilah
7I5DrTYoXT01d4NcOjCozs,Wherever You Are,Angus & Julia Stone,Angus & Julia Stone (Deluxe),8/1/2014,22,221746,https://open.spotify.com/track/7I5DrTYoXT01d4NcOjCozs,love,wherever you are
2MWOqewf5j0qf2b6S5J6cS,Marry Me,Train,"Save Me, San Francisco (Golden Gate Edition)",12/1/2010,62,205453,https://open.spotify.com/track/2MWOqewf5j0qf2b6S5J6cS,love,marry me
61iyAeMVUNu7vIVqedsBFB,We Don't Have To Take Our Clothes Off,Ella Eyre,Feline (Deluxe),8/14/2015,0,236293,https://open.spotify.com/track/61iyAeMVUNu7vIVqedsBFB,love,we dont have to take our clothes off
23dTlZ4Y4SJJ4cpUoQeUYY,Sapphire Moonlight,Camo Columbo,Last Summer Daze,8/28/2020,25,194693,https://open.spotify.com/track/23dTlZ4Y4SJJ4cpUoQeUYY,love,sapphire moonlight
3rXCnvL6xP83VsYUg4rm7e,Whistle For The Choir,The Fratellis,Costello Music,1/1/2006,59,215813,https://open.spotify.com/track/3rXCnvL6xP83VsYUg4rm7e,love,whistle for the choir
2xnIFEOXHXlzIyJN0itwBX,I've Got a Feelin',Macy Todd,I've Got a Feelin',7/15/2016,0,220533,https://open.spotify.com/track/2xnIFEOXHXlzIyJN0itwBX,love,ive got a feelin
4Xri25dRakmqgFcYfsJFJz,Little Love,Tom Speight,Little Love,12/7/2015,0,189057,https://open.spotify.com/track/4Xri25dRakmqgFcYfsJFJz,love,little love
1KsRPfyQUHXn4HpNh1A0vP,I Love You Always Forever,boyhood.,I Love You Always Forever,2/5/2021,16,207990,https://open.spotify.com/track/1KsRPfyQUHXn4HpNh1A0vP,love,i love you always forever
5Wjf9NsW6QCmBiDIdVvMbP,Love Like This - Acoustic,Kodaline,In A Perfect World (Collection),6/17/2013,53,241640,https://open.spotify.com/track/5Wjf9NsW6QCmBiDIdVvMbP,love,love like this acoustic
6CKoWCWAqEVWVjpeoJXyNH,Shape Of My Heart,Sting,Ten Summoner's Tales,3/1/1993,77,279226,https://open.spotify.com/track/6CKoWCWAqEVWVjpeoJXyNH,love,shape of my heart
0u4rkpmNtgcFxYHepnVF4v,Carry You,Novo Amor,Bathing Beach,5/26/2017,69,273106,https://open.spotify.com/track/0u4rkpmNtgcFxYHepnVF4v,love,carry you
2pDV76DDE1NgAOueeHns3R,Get to You,INTRN,Get to You,1/15/2021,14,167619,https://open.spotify.com/track/2pDV76DDE1NgAOueeHns3R,love,get to you
2Ch7LmS7r2Gy2kc64wv3Bz,Die For You,The Weeknd,Starboy,11/25/2016,79,260252,https://open.spotify.com/track/2Ch7LmS7r2Gy2kc64wv3Bz,love,die for you
2QdmxgaAdO0ABySOUBgCXW,Part of Me,Joel Leggett,Part of Me,11/15/2015,0,284250,https://open.spotify.com/track/2QdmxgaAdO0ABySOUBgCXW,love,part of me
5uM9zdUz8PpYJME9wZCM4W,Baby Love - Juke Box Single Version,The Supremes,Where Did Our Love Go: 40th Anniversary Edition,8/31/1964,0,156333,https://open.spotify.com/track/5uM9zdUz8PpYJME9wZCM4W,love,baby love juke box single version
0x4CFzoSdqVq5qTGgwZFuX,Fix You,"Valentin, Adeena, caravan",Fix You,11/22/2019,0,240000,https://open.spotify.com/track/0x4CFzoSdqVq5qTGgwZFuX,love,fix you
3imxKEdtgGSMWihNKLdylF,Ode to a Conversation Stuck in Your Throat,Del Water Gap,Ode to a Conversation Stuck in Your Throat,5/1/2020,0,198927,https://open.spotify.com/track/3imxKEdtgGSMWihNKLdylF,love,ode to a conversation stuck in your throat
1q3AoLCoawd8Gpm9wP7sHi,Cold Nights,Camo Columbo,Cold Nights,1/3/2020,21,189813,https://open.spotify.com/track/1q3AoLCoawd8Gpm9wP7sHi,love,cold nights
31MQR9rOHRXyg4J01hRY1h,Fall in Love with You.,Montell Fish,Fall in Love with You.,11/5/2021,0,132000,https://open.spotify.com/track/31MQR9rOHRXyg4J01hRY1h,love,fall in love with you
3rKYiySCDMUKTw5kGVVhaa,Marvin Gaye (feat. Meghan Trainor),"Charlie Puth, Meghan Trainor",Nine Track Mind,1/29/2016,65,190453,https://open.spotify.com/track/3rKYiySCDMUKTw5kGVVhaa,love,marvin gaye feat meghan trainor
6eAg68QCEmM9wqTPlNhDco,Waterfalls,High Tropics,Waterfalls,11/13/2020,12,249142,https://open.spotify.com/track/6eAg68QCEmM9wqTPlNhDco,love,waterfalls
5kcvBnt6DPX3AMEsCx1qDh,Happiest Year,Jaymes Young,Happiest Year,7/12/2019,0,228442,https://open.spotify.com/track/5kcvBnt6DPX3AMEsCx1qDh,love,happiest year
45g3mVFQOWb2isoj2Swwil,I Love You,Said The Whale,hawaiii,9/17/2013,0,167053,https://open.spotify.com/track/45g3mVFQOWb2isoj2Swwil,love,i love you
2CSRrnOEELmhpq8iaAi9cd,Blind,SZA,SOS,12/9/2022,70,150720,https://open.spotify.com/track/2CSRrnOEELmhpq8iaAi9cd,love,blind
6O7lFX7U5ZPgfGAZsikDQo,Love,"LEFT., Kidonov",Love,2/14/2020,11,221808,https://open.spotify.com/track/6O7lFX7U5ZPgfGAZsikDQo,love,love
6U0FIYXCQ3TGrk4tFpLrEA,SUGAR,BROCKHAMPTON,GINGER,8/23/2019,68,204533,https://open.spotify.com/track/6U0FIYXCQ3TGrk4tFpLrEA,love,sugar
1tdarjaWSw6cxpFdLNANuQ,You Are The Best Thing,Ray LaMontagne,Gossip in the Grain,10/14/2008,58,231840,https://open.spotify.com/track/1tdarjaWSw6cxpFdLNANuQ,love,you are the best thing
0W2oiugGwD5eq2LP6ESnC6,Guava,3409,Guava,8/26/2020,12,193062,https://open.spotify.com/track/0W2oiugGwD5eq2LP6ESnC6,love,guava
5kRPPEWFJIMox5qIkQkiz5,Sweet Creature,Harry Styles,Harry Styles,5/12/2017,70,224866,https://open.spotify.com/track/5kRPPEWFJIMox5qIkQkiz5,love,sweet creature
1EwyAL8SdJpIX0M9b1ArAp,Somewhere Only We Know,"Valentin, caravan",Somewhere Only We Know,5/25/2020,0,193750,https://open.spotify.com/track/1EwyAL8SdJpIX0M9b1ArAp,love,somewhere only we know
48bo7uexDvAThcRDvEB2W7,Simple Song,"The Shins, James Mercer",Port Of Morrow,3/19/2012,57,255400,https://open.spotify.com/track/48bo7uexDvAThcRDvEB2W7,love,simple song
0j1Ia2lQWrcXrQZI4AdJlk,IDK You Yet,Alexander 23,IDK You Yet (Live on Piano),6/23/2020,68,184638,https://open.spotify.com/track/0j1Ia2lQWrcXrQZI4AdJlk,love,idk you yet
1brKQbxBtSq7VP0IztD83o,Can't Buy Me Love - Anthology 1 Version,The Beatles,Anthology 1,11/20/1995,0,130186,https://open.spotify.com/track/1brKQbxBtSq7VP0IztD83o,love,cant buy me love anthology 1 version
1PEqh7awkpuepLBSq8ZwqD,I Love You Always Forever,Donna Lewis,Now in a Minute,4/16/1996,71,239960,https://open.spotify.com/track/1PEqh7awkpuepLBSq8ZwqD,love,i love you always forever
2PnNomkEqlg9ADKCVG0Wt0,Every Breath You Take,The Police,Every Breath You Take : The Classics,1/1/1995,1,253733,https://open.spotify.com/track/2PnNomkEqlg9ADKCVG0Wt0,love,every breath you take
15MJ5NThPjj6xhPcts8MiY,"Take My Breath Away - Love Theme from ""Top Gun""",Berlin,Top Gun - Motion Picture Soundtrack (Special Expanded Edition),1/1/1999,73,255733,https://open.spotify.com/track/15MJ5NThPjj6xhPcts8MiY,love,take my breath away love theme from top gun
0GIOPJKTSxagq3rq07Ch3U,Heaven,Bryan Adams,Reckless,11/1/1984,0,243666,https://open.spotify.com/track/0GIOPJKTSxagq3rq07Ch3U,love,heaven
1GeNWyZtCHbcp3ZWp8GTOO,The Lady In Red,Chris de Burgh,Into The Light,1/1/1986,5,256173,https://open.spotify.com/track/1GeNWyZtCHbcp3ZWp8GTOO,love,the lady in red
01MXkFA8sL7at6txavDErt,Making Love Out of Nothing at All,Air Supply,All Out Of Love,2/2/2018,76,341746,https://open.spotify.com/track/01MXkFA8sL7at6txavDErt,love,making love out of nothing at all
1ko2lVN0vKGUl9zrU0qSlT,Just the Two of Us (feat. Bill Withers),"Grover Washington, Jr., Bill Withers",Anthology,1985,73,438493,https://open.spotify.com/track/1ko2lVN0vKGUl9zrU0qSlT,love,just the two of us feat bill withers
5OHUTC4EvTbL0DuZQRIGGX,A Groovy Kind of Love,Phil Collins,Love Songs (A Compilation Old and New),9/14/2004,67,210733,https://open.spotify.com/track/5OHUTC4EvTbL0DuZQRIGGX,love,a groovy kind of love
1BrbXIJ7b161oQ0PfC0K32,Woman - Remastered 2010,John Lennon,Double Fantasy,11/17/1980,61,212933,https://open.spotify.com/track/1BrbXIJ7b161oQ0PfC0K32,love,woman remastered 2010
2c0e5vKLZCx1WMELOCRHaw,Fallin',skins,Y2K era,5/23/2025,52,194999,https://open.spotify.com/track/2c0e5vKLZCx1WMELOCRHaw,love,fallin
05fHQeRbCSjKVS6z0WbQKJ,Every Time You Go Away - Radio Edit,Paul Young,From Time To Time - The Singles Collection,9/7/1991,72,267000,https://open.spotify.com/track/05fHQeRbCSjKVS6z0WbQKJ,love,every time you go away radio edit
31H6au3jhblhr6MMJiXnCq,"Hungry Eyes - From ""Dirty Dancing"" Soundtrack",Eric Carmen,The Definitive Collection,1997,77,251066,https://open.spotify.com/track/31H6au3jhblhr6MMJiXnCq,love,hungry eyes from dirty dancing soundtrack
7boKWlaNVmrhJdX8IbzUdD,Hard to Say I'm Sorry - 2007 Remaster,Chicago,"The Best of Chicago, 40th Anniversary Edition",10/1/2007,58,223280,https://open.spotify.com/track/7boKWlaNVmrhJdX8IbzUdD,love,hard to say im sorry 2007 remaster
2QlVjJhaIWXoN6LfCIVfPi,Lover's Moon,Glenn Frey,The Allnighter,1/1/1984,61,251400,https://open.spotify.com/track/2QlVjJhaIWXoN6LfCIVfPi,love,lovers moon
2eeSdBHOkvl9O5WMMCdUZA,Love On The Brain,skins,Y2K era,5/23/2025,55,221307,https://open.spotify.com/track/2eeSdBHOkvl9O5WMMCdUZA,love,love on the brain
2Pxqs0WmxxHTV5QaTdmt3Q,Wind Beneath My Wings,Bette Midler,Beaches (Original Soundtrack Recording),1988,62,293853,https://open.spotify.com/track/2Pxqs0WmxxHTV5QaTdmt3Q,love,wind beneath my wings
0odIT9B9BvOCnXfS0e4lB5,Bette Davis Eyes,Kim Carnes,Mistaken Identity,1/1/1981,79,228000,https://open.spotify.com/track/0odIT9B9BvOCnXfS0e4lB5,love,bette davis eyes
2lmcH6prYo3BlR8LfRUJc3,All Out of Love,Air Supply,All Out Of Love,2/2/2018,60,241373,https://open.spotify.com/track/2lmcH6prYo3BlR8LfRUJc3,love,all out of love
1y748kOQshZECWk5MddfOv,Love Changes (Everything),Climie Fisher,Everything,3/14/1988,64,268186,https://open.spotify.com/track/1y748kOQshZECWk5MddfOv,love,love changes everything
4HSUv1HWFxniJhEQWywyfo,Breakeven,League Minimum,4th Liners,5/23/2025,49,158936,https://open.spotify.com/track/4HSUv1HWFxniJhEQWywyfo,love,breakeven
4ByEFOBuLXpCqvO1kw8Wdm,(I Just) Died In Your Arms,Cutting Crew,Broadcast,1/1/1986,80,280400,https://open.spotify.com/track/4ByEFOBuLXpCqvO1kw8Wdm,love,i just died in your arms
2lFFiNm0XtgJ6wkdncTB4k,Drive - 2017 Remaster,The Cars,Heartbeat City (Expanded Edition),1984,74,234332,https://open.spotify.com/track/2lFFiNm0XtgJ6wkdncTB4k,love,drive 2017 remaster
6B4oVElDIKRNcNUary0WG7,Crazy for You,Madonna,Celebration (double disc version),9/18/2009,60,224320,https://open.spotify.com/track/6B4oVElDIKRNcNUary0WG7,love,crazy for you
2DjWsDGgL1xNbhnr7f6t5F,Baby Can I Hold You,Tracy Chapman,Tracy Chapman,4/5/1988,77,193120,https://open.spotify.com/track/2DjWsDGgL1xNbhnr7f6t5F,love,baby can i hold you
12WB7akcDKYVvwQZGGMLRX,Every Breath You Take,Last Call,On Tap,3/5/2025,50,168998,https://open.spotify.com/track/12WB7akcDKYVvwQZGGMLRX,love,every breath you take
6HPLeKiNm92RbykX2BDTUB,Stuck On You,Lionel Richie,Can't Slow Down,1/1/1983,73,192066,https://open.spotify.com/track/6HPLeKiNm92RbykX2BDTUB,love,stuck on you
5MoDQWMDMaAGDEiWsJfeCi,Eternal Flame,"The Bangles, Susanna Hoffs",The Essential Bangles,2004,68,238026,https://open.spotify.com/track/5MoDQWMDMaAGDEiWsJfeCi,love,eternal flame
6PMDILZiYo4YzMBbE0dGK9,Lost in Your Eyes,Debbie Gibson,Electric Youth,1/10/1989,67,215146,https://open.spotify.com/track/6PMDILZiYo4YzMBbE0dGK9,love,lost in your eyes
2fytePz8UsbUr8n33QBEcm,I Just Can't Stop Loving You (feat. Siedah Garrett) - 2012 Remaster,"Michael Jackson, Siedah Garrett",Bad 25th Anniversary,9/18/2012,62,251760,https://open.spotify.com/track/2fytePz8UsbUr8n33QBEcm,love,i just cant stop loving you feat siedah garrett 2012 remaster
2vEQ9zBiwbAVXzS2SOxodY,Nothing's Gonna Stop Us Now,Starship,No Protection,1987,2,270333,https://open.spotify.com/track/2vEQ9zBiwbAVXzS2SOxodY,love,nothings gonna stop us now
4mADzNmBzforQSqotyVni5,Don't Speak,Last Call,On Tap,3/5/2025,52,146864,https://open.spotify.com/track/4mADzNmBzforQSqotyVni5,love,dont speak
6RNDeRnWsRMjPdNVgupZCs,I Just Called To Say I Love You,Stevie Wonder,At The Close Of A Century,11/23/1999,76,262240,https://open.spotify.com/track/6RNDeRnWsRMjPdNVgupZCs,love,i just called to say i love you
0vB4Vd6PtkJSEnWsmqATnZ,Nothing's Gonna Change My Love for You,George Benson,20/20,1/15/1985,74,242678,https://open.spotify.com/track/0vB4Vd6PtkJSEnWsmqATnZ,love,nothings gonna change my love for you
5WwqdeavrQrbeAMDxGawse,Can't Fight This Feeling,REO Speedwagon,Wheels Are Turnin',11/5/1984,74,294773,https://open.spotify.com/track/5WwqdeavrQrbeAMDxGawse,love,cant fight this feeling
0CsM8VGDi38kusMv3pxyj1,True - Single Edit,Spandau Ballet,True - The Digital E.P.,4/25/2008,69,329146,https://open.spotify.com/track/0CsM8VGDi38kusMv3pxyj1,love,true single edit
1Qrdlkgg9I4J7r3P4kZNwr,Missing You,John Waite,No Brakes,1/1/1984,71,269760,https://open.spotify.com/track/1Qrdlkgg9I4J7r3P4kZNwr,love,missing you
43LuU4aE5tuwxsugSU0Nn9,Wonderwall,League Minimum,4th Liners,5/23/2025,43,138361,https://open.spotify.com/track/43LuU4aE5tuwxsugSU0Nn9,love,wonderwall
0e3yhVeNaTfKIWQRw9U9sY,Sacrifice,Elton John,Sleeping With The Past (Remastered with bonus tracks),8/29/1989,76,304133,https://open.spotify.com/track/0e3yhVeNaTfKIWQRw9U9sY,love,sacrifice
7B8xku9v4BCvzZSlngmjmW,Total Eclipse of the Heart,Bonnie Tyler,Faster Than the Speed of Night,10/3/1983,0,418000,https://open.spotify.com/track/7B8xku9v4BCvzZSlngmjmW,love,total eclipse of the heart
1JLn8RhQzHz3qDqsChcmBl,I Want to Know What Love Is - 1999 Remaster,Foreigner,Agent Provocateur,1984,84,304786,https://open.spotify.com/track/1JLn8RhQzHz3qDqsChcmBl,love,i want to know what love is 1999 remaster
1Jj6MF0xDOMA3Ut2Z368Bx,Time After Time,Cyndi Lauper,She's So Unusual: A 30th Anniversary Celebration (Deluxe Edition),3/28/2014,69,243066,https://open.spotify.com/track/1Jj6MF0xDOMA3Ut2Z368Bx,love,time after time
63CHa6rmamv9OsehkRD8oz,Against All Odds (Take a Look at Me Now) - 2016 Remaster,Phil Collins,The Singles (Expanded),10/14/2016,79,206360,https://open.spotify.com/track/63CHa6rmamv9OsehkRD8oz,love,against all odds take a look at me now 2016 remaster
2ePfIBIm49pka6bJXFTCFD,3AM,League Minimum,4th Liners,5/23/2025,37,151666,https://open.spotify.com/track/2ePfIBIm49pka6bJXFTCFD,love,3am
78TnMTAFmWUWWCgNXR7D3K,Listen To Your Heart,Roxette,Look Sharp! (2009 Version),10/19/1988,2,328093,https://open.spotify.com/track/78TnMTAFmWUWWCgNXR7D3K,love,listen to your heart
3TLtCHUaiMHcQcJVGVW2p2,Do You Remember? - 2016 Remaster,Phil Collins,...But Seriously (2016 Remaster),11/20/1989,68,275986,https://open.spotify.com/track/3TLtCHUaiMHcQcJVGVW2p2,love,do you remember 2016 remaster
2OgVsp77En2nju8pnCieVU,Waiting for a Girl like You,Foreigner,4 (Expanded),1981,78,292066,https://open.spotify.com/track/2OgVsp77En2nju8pnCieVU,love,waiting for a girl like you
4LFwNJWoj74Yd71fIr1W8x,Right Here Waiting,Richard Marx,Repeat Offender,1/1/1989,77,264333,https://open.spotify.com/track/4LFwNJWoj74Yd71fIr1W8x,love,right here waiting
36lkJSDyMEZoWTqtRj8Q8q,You're the Inspiration - 2006 Remaster,Chicago,Chicago 17 (Expanded & Remastered),5/14/1984,75,229240,https://open.spotify.com/track/36lkJSDyMEZoWTqtRj8Q8q,love,youre the inspiration 2006 remaster
10l4NKnCy92pkXnxESPzDw,Endless Love - Endless Love/Soundtrack Version,"Lionel Richie, Diana Ross",The Definitive Collection,2/4/2003,31,266266,https://open.spotify.com/track/10l4NKnCy92pkXnxESPzDw,love,endless love endless lovesoundtrack version
09bRmFRViBORKQ2miwp04P,Even the Nights Are Better,Air Supply,Now And Forever,6/1/1982,65,237106,https://open.spotify.com/track/09bRmFRViBORKQ2miwp04P,love,even the nights are better
1eyq8cjUQ2daFthW2PC2GM,Glory of Love,Peter Cetera,Solitude / Solitaire,1986,74,258333,https://open.spotify.com/track/1eyq8cjUQ2daFthW2PC2GM,love,glory of love
5vXsj8L4DK1gGQ43BBG028,We've Got Tonight,"Kenny Rogers, Sheena Easton",We've Got Tonight,2/11/1983,65,234560,https://open.spotify.com/track/5vXsj8L4DK1gGQ43BBG028,love,weve got tonight
5fnOrhQ4KgT5irGCjIccGH,Arthur's Theme (Best That You Can Do),Christopher Cross,Arthur - The Album [Original Soundtrack],2/19/2008,75,234493,https://open.spotify.com/track/5fnOrhQ4KgT5irGCjIccGH,love,arthurs theme best that you can do
1cy5US2dffz6QGBAIzOGkq,I'll Be Loving You (Forever),New Kids On The Block,Hangin' Tough,9/2/1988,56,263933,https://open.spotify.com/track/1cy5US2dffz6QGBAIzOGkq,love,ill be loving you forever
54b8qPFqYqIndfdxiLApea,Alone,Heart,Bad Animals,6/6/1987,76,218733,https://open.spotify.com/track/54b8qPFqYqIndfdxiLApea,love,alone
1WeoeHh0TSzsApyJ6Q8OOK,I'll Be Over You,TOTO,Fahrenheit,1986-08,71,229880,https://open.spotify.com/track/1WeoeHh0TSzsApyJ6Q8OOK,love,ill be over you
7DFawVSjI88xR9mjnWwURg,If You Don't Know Me by Now - 2008 Remaster,Simply Red,A New Flame (Expanded Version),1989,74,204000,https://open.spotify.com/track/7DFawVSjI88xR9mjnWwURg,love,if you dont know me by now 2008 remaster
2w4EpqGasrz9qdTwocx54t,Open Arms,Journey,Escape (Bonus Track Version),1981,2,202173,https://open.spotify.com/track/2w4EpqGasrz9qdTwocx54t,love,open arms
6fkvIT9KFKxO8poBeKfaEf,One More Night - 2016 Remaster,Phil Collins,No Jacket Required (2016 Remaster),1/25/1985,70,288973,https://open.spotify.com/track/6fkvIT9KFKxO8poBeKfaEf,love,one more night 2016 remaster
4kOfxxnW1ukZdsNbCKY9br,What's Love Got to Do with It,Tina Turner,What's Love Got to Do with It?,1993,68,226880,https://open.spotify.com/track/4kOfxxnW1ukZdsNbCKY9br,love,whats love got to do with it
1h22h211rde6dDCeW2hXpN,"Up Where We Belong - From ""An Officer And A Gentleman""","Joe Cocker, Jennifer Warnes",20th Century Masters: The Best Of Joe Cocker (The Millennium Collection),6/6/2000,52,232573,https://open.spotify.com/track/1h22h211rde6dDCeW2hXpN,love,up where we belong from an officer and a gentleman
7wCH9DbgRs7ujHeqNy6oAS,You're Still The One,Shania Twain,Come On Over,1997,0,212560,https://open.spotify.com/track/7wCH9DbgRs7ujHeqNy6oAS,love,youre still the one
6nozDLxeL0TE4MS9GqYU1v,I Knew I Loved You,Savage Garden,Affirmation,11/9/1999,72,250360,https://open.spotify.com/track/6nozDLxeL0TE4MS9GqYU1v,love,i knew i loved you
6hRcrByB9i6rYRiHNh170N,Because You Loved Me,Céline Dion,Falling Into You,3/11/1996,0,273066,https://open.spotify.com/track/6hRcrByB9i6rYRiHNh170N,love,because you loved me
7BD50ATrF3Vab5FQy7vtK8,How Do I Live,LeAnn Rimes,Greatest Hits,11/18/2003,70,266973,https://open.spotify.com/track/7BD50ATrF3Vab5FQy7vtK8,love,how do i live
00WvmRXTkPBZNhhRK3xfdy,As Long as You Love Me,Backstreet Boys,Backstreet Boys,1996,63,214333,https://open.spotify.com/track/00WvmRXTkPBZNhhRK3xfdy,love,as long as you love me
0CjrIEPmqIKnBHy99hun3v,Back At One,Brian McKnight,Back At One,9/21/1999,0,262666,https://open.spotify.com/track/0CjrIEPmqIKnBHy99hun3v,love,back at one
2WthqeuPLwn0CHwCMrlt6L,I Finally Found Someone (feat. Bryan Adams),"Barbra Streisand, Bryan Adams",The Mirror Has Two Faces - Music From The Motion Picture,10/15/1996,60,221973,https://open.spotify.com/track/2WthqeuPLwn0CHwCMrlt6L,love,i finally found someone feat bryan adams
1UI0l2L66HJ9AtoEOlHzv4,Sometimes,Britney Spears,...Baby One More Time (Digital Deluxe Version),1/12/1999,70,245066,https://open.spotify.com/track/1UI0l2L66HJ9AtoEOlHzv4,love,sometimes
0Q7Jp3aCwfYnSnbMDoXWyR,From This Moment On,"Shania Twain, Bryan White",Come On Over,11/4/1997,60,281533,https://open.spotify.com/track/0Q7Jp3aCwfYnSnbMDoXWyR,love,from this moment on
4FCb4CUbFCMNRkI6lYc1zI,Hero,Mariah Carey,Music Box,8/31/1993,2,257733,https://open.spotify.com/track/4FCb4CUbFCMNRkI6lYc1zI,love,hero
5hBEqzQ2az9kDXRXJTDCZw,Wonderful Tonight,Babyface,Playlist,1/1/2007,54,222253,https://open.spotify.com/track/5hBEqzQ2az9kDXRXJTDCZw,love,wonderful tonight
7okbmgA8lRBGl5limZ7LFM,Save The Best For Last,Vanessa Williams,The Comfort Zone,1/1/1991,64,218733,https://open.spotify.com/track/7okbmgA8lRBGl5limZ7LFM,love,save the best for last
6BoueSxgJU2heOvYVDTBuk,I Do (Cherish You),98º,98 Degrees And Rising,1/1/1998,0,228066,https://open.spotify.com/track/6BoueSxgJU2heOvYVDTBuk,love,i do cherish you
4Do68W4FWO2hRAJCzG1lus,I Turn to You,Christina Aguilera,Christina Aguilera (Expanded Edition),1999,59,273706,https://open.spotify.com/track/4Do68W4FWO2hRAJCzG1lus,love,i turn to you
4tS8xQfyPGc7f4lJ1JP6BX,A Whole New World (Aladdin's Theme),"Peabo Bryson, Regina Belle",Passion,1/31/1993,57,243493,https://open.spotify.com/track/4tS8xQfyPGc7f4lJ1JP6BX,love,a whole new world aladdins theme
046MBhhgQJJghnbgZCkaAR,I Need You,LeAnn Rimes,I Need You,1/30/2001,61,229826,https://open.spotify.com/track/046MBhhgQJJghnbgZCkaAR,love,i need you
5kK1Iru9ogP3Iy1zsANU1n,The Power of Love,Céline Dion,The Colour Of My Love,11/9/1993,74,342400,https://open.spotify.com/track/5kK1Iru9ogP3Iy1zsANU1n,love,the power of love
61sQYdFNS6sEBYCyr1q5gn,I'll Make Love To You,Boyz II Men,II,1/1/1994,61,236773,https://open.spotify.com/track/61sQYdFNS6sEBYCyr1q5gn,love,ill make love to you
7IljDTNkQEyy77CcaRbiAj,Endless Love (with Mariah Carey),"Luther Vandross, Mariah Carey",Songs,9/20/1994,63,259665,https://open.spotify.com/track/7IljDTNkQEyy77CcaRbiAj,love,endless love with mariah carey
4WUnM4KNZ0kjp0CUeoyOnS,I Swear,All-4-One,All-4-One,1/1/1994,70,259853,https://open.spotify.com/track/4WUnM4KNZ0kjp0CUeoyOnS,love,i swear
31er9IGsfFbwqy1pH4aiTP,I Have Nothing,Whitney Houston,The Bodyguard - Original Soundtrack Album,11/17/1992,79,289160,https://open.spotify.com/track/31er9IGsfFbwqy1pH4aiTP,love,i have nothing
013AWvizllIUEC2FOBzOnh,Truly Madly Deeply,Savage Garden,Savage Garden,3/4/1997,69,277266,https://open.spotify.com/track/013AWvizllIUEC2FOBzOnh,love,truly madly deeply
7ySbfLwdCwl1EM0zNCJZ38,One Sweet Day,"Mariah Carey, Boyz II Men",Daydream,10/3/1995,69,281066,https://open.spotify.com/track/7ySbfLwdCwl1EM0zNCJZ38,love,one sweet day
6eBK3edMW7bEzecF1eCezc,(Everything I Do) I Do It For You,Bryan Adams,Waking Up The Neighbours,9/24/1991,67,394133,https://open.spotify.com/track/6eBK3edMW7bEzecF1eCezc,love,everything i do i do it for you
36AWdhZIGLUTkWpJDhe7va,2 Become 1,Spice Girls,Spice,1/1/1996,66,241026,https://open.spotify.com/track/36AWdhZIGLUTkWpJDhe7va,love,2 become 1
5GorFaKkP2mLREQvhSblIg,All My Life,K-Ci & JoJo,Love Always,1/1/1997,71,331240,https://open.spotify.com/track/5GorFaKkP2mLREQvhSblIg,love,all my life
1AM1o0mKbgAK5oMpY8B3Z7,Angel of Mine,Monica,The Boy Is Mine,7/13/1998,61,250173,https://open.spotify.com/track/1AM1o0mKbgAK5oMpY8B3Z7,love,angel of mine
3ZxhEGcEmCuwyBzwqCa7oW,End Of The Road,Boyz II Men,Cooleyhighharmony - Expanded Edition,1/1/2009,0,349640,https://open.spotify.com/track/3ZxhEGcEmCuwyBzwqCa7oW,love,end of the road
4eHbdreAnSOrDDsFfc4Fpm,I Will Always Love You,Whitney Houston,The Bodyguard - Original Soundtrack Album,11/17/1992,79,271093,https://open.spotify.com/track/4eHbdreAnSOrDDsFfc4Fpm,love,i will always love you
4lq4yY0y3XqDQZsx03ITaH,I'll Never Break Your Heart,Backstreet Boys,Backstreet Boys,1996,51,287506,https://open.spotify.com/track/4lq4yY0y3XqDQZsx03ITaH,love,ill never break your heart
67HKtdqchK0rmODxsBeWT8,Can You Feel The Love Tonight,Elton John,Love Songs,11/6/1995,56,240000,https://open.spotify.com/track/67HKtdqchK0rmODxsBeWT8,love,can you feel the love tonight
33LC84JgLvK2KuW43MfaNq,"My Heart Will Go On - Love Theme from ""Titanic""",Céline Dion,Let's Talk About Love,11/14/1997,74,280000,https://open.spotify.com/track/33LC84JgLvK2KuW43MfaNq,love,my heart will go on love theme from titanic
5MDQNJ7SZTytJwCbWKqJDL,I Don't Want to Wait,Paula Cole,This Fire,1996,64,320026,https://open.spotify.com/track/5MDQNJ7SZTytJwCbWKqJDL,love,i dont want to wait
1gVgkQFOKa8Wc1HYsJtPdH,More Than Words,Extreme,Extreme II - Pornograffitti,1/1/1990,77,334106,https://open.spotify.com/track/1gVgkQFOKa8Wc1HYsJtPdH,love,more than words
0JN7vUgUolHGHFrOR8xk7S,When You Believe - from The Prince of Egypt,"Whitney Houston, Mariah Carey",My Love Is Your Love,11/17/1998,67,272893,https://open.spotify.com/track/0JN7vUgUolHGHFrOR8xk7S,love,when you believe from the prince of egypt
69uJi5QsBtqlYkGURTBli8,I Can't Make You Love Me,Bonnie Raitt,Luck Of The Draw,1/1/1991,62,332960,https://open.spotify.com/track/69uJi5QsBtqlYkGURTBli8,love,i cant make you love me
5EYWGM3Ns3iYew8ws0FatB,This Kiss,Faith Hill,Faith,1998,67,194306,https://open.spotify.com/track/5EYWGM3Ns3iYew8ws0FatB,love,this kiss
5gZEhPrN1VLqTG1nIAXeNK,I Wanna Love You Forever,Jessica Simpson,Sweet Kisses,11/16/1999,53,263800,https://open.spotify.com/track/5gZEhPrN1VLqTG1nIAXeNK,love,i wanna love you forever
6e40mgJiCid5HRAGrbpGA6,I Want It That Way,Backstreet Boys,The Hits--Chapter One,10/23/2001,66,213600,https://open.spotify.com/track/6e40mgJiCid5HRAGrbpGA6,love,i want it that way
3Mmt6Xk0H6VR92PEp6x3hP,To Be With You,Mr. Big,Lean Into It [Expanded],3/26/1991,63,210480,https://open.spotify.com/track/3Mmt6Xk0H6VR92PEp6x3hP,love,to be with you
3RSpK5Y0y5tl25qvssrwJ6,My All,Mariah Carey,Butterfly,9/16/1997,77,230933,https://open.spotify.com/track/3RSpK5Y0y5tl25qvssrwJ6,love,my all
6M1M6cRtVkm5d0qTzkSEuK,Run to You,Whitney Houston,The Bodyguard - Original Soundtrack Album,11/17/1992,65,264333,https://open.spotify.com/track/6M1M6cRtVkm5d0qTzkSEuK,love,run to you
5EL8hqM8YQJHKKnzGdahly,Dreaming Of You,Selena,Dreaming Of You,1995,68,314866,https://open.spotify.com/track/5EL8hqM8YQJHKKnzGdahly,love,dreaming of you
0A1Y3N4dwrTnjPLiuIMeDk,"Love Is All Around - From ""Four Weddings and a Funeral"" Original Motion Picture Soundtrack",Wet Wet Wet,Picture This,4/10/1995,0,246333,https://open.spotify.com/track/0A1Y3N4dwrTnjPLiuIMeDk,love,love is all around from four weddings and a funeral original motion picture soundtrack
71EHOyEOhNx1SzTebRRyng,Weak,SWV,It's About Time,10/27/1992,67,291906,https://open.spotify.com/track/71EHOyEOhNx1SzTebRRyng,love,weak
3RMeOetCdXttthQK0clPuz,How Am I Supposed to Live Without You,Michael Bolton,Soul Provider,6/27/1989,71,255666,https://open.spotify.com/track/3RMeOetCdXttthQK0clPuz,love,how am i supposed to live without you
2V2pxcEfn5zs79sE7qcewA,Now And Forever,Richard Marx,Paid Vacation,1/1/1994,68,214826,https://open.spotify.com/track/2V2pxcEfn5zs79sE7qcewA,love,now and forever
6kvoHl80mfCVTv7XnZkjQn,"It Must Have Been Love - From the Film ""Pretty Woman""",Roxette,It Must Have Been Love,5/20/1990,81,259665,https://open.spotify.com/track/6kvoHl80mfCVTv7XnZkjQn,love,it must have been love from the film pretty woman
3Nf8oGn1okobzjDcFCvT6n,I'll Stand by You,Pretenders,Last of the Independents,6/1/1994,74,240760,https://open.spotify.com/track/3Nf8oGn1okobzjDcFCvT6n,love,ill stand by you
2nfMrwg3aRhSAv4HX7IzJL,Said I Loved You...But I Lied,Michael Bolton,The One Thing,1993,67,304866,https://open.spotify.com/track/2nfMrwg3aRhSAv4HX7IzJL,love,said i loved youbut i lied
4lsEHglVsLzILTDQ3CNESV,All for Love,Rod Stewart,If We Fall in Love Tonight,11/12/1996,68,281200,https://open.spotify.com/track/4lsEHglVsLzILTDQ3CNESV,love,all for love
6yJxCltgtmGxIgKOS6ndnu,Greatest Love of All,Whitney Houston,Whitney Houston,2/14/1985,71,297877,https://open.spotify.com/track/6yJxCltgtmGxIgKOS6ndnu,love,greatest love of all
0vswnzoKvhNkT1ehc0Tt19,From This Moment On - Pop On-Tour Version,Shania Twain,Greatest Hits,1/1/2004,1,235106,https://open.spotify.com/track/0vswnzoKvhNkT1ehc0Tt19,love,from this moment on pop ontour version
1PJ1JyZJg3aZgZQfg3ciWn,How Do I Live,Trisha Yearwood,Ballads,4/9/2013,57,242186,https://open.spotify.com/track/1PJ1JyZJg3aZgZQfg3ciWn,love,how do i live
0ACu78PvVsOFYIKgRkKbGZ,After All (Love Theme From Chances Are),"Cher, Peter Cetera",Heart Of Stone,1/1/1989,66,244360,https://open.spotify.com/track/0ACu78PvVsOFYIKgRkKbGZ,love,after all love theme from chances are
1HDaENkQhUMm16pjdxZvHn,Please Forgive Me,Bryan Adams,Anthology,10/18/2005,54,355640,https://open.spotify.com/track/1HDaENkQhUMm16pjdxZvHn,love,please forgive me
32Gf5A7Hr8RdgggXG0Fdks,"Have You Ever Really Loved A Woman? - From ""Don Juan DeMarco"" Soundtrack",Bryan Adams,18 Til I Die,6/4/1996,72,291666,https://open.spotify.com/track/32Gf5A7Hr8RdgggXG0Fdks,love,have you ever really loved a woman from don juan demarco soundtrack
6mIY6O7uNGgVqOoX70UAYh,Have I Told You Lately - 2008 Remaster,Rod Stewart,Vagabond Heart (Expanded Edition),1991,66,241506,https://open.spotify.com/track/6mIY6O7uNGgVqOoX70UAYh,love,have i told you lately 2008 remaster
17CPezzLWzvGfpZW6X8XT0,"Say You, Say Me",Lionel Richie,Dancing On The Ceiling (Expanded Edition),1986,72,241066,https://open.spotify.com/track/17CPezzLWzvGfpZW6X8XT0,love,say you say me
4ye6YRG07XMpZZ9Y9tNTt6,To Love Somebody,Michael Bolton,Timeless (The Classics),8/31/1992,63,247973,https://open.spotify.com/track/4ye6YRG07XMpZZ9Y9tNTt6,love,to love somebody
5z3ZDMP02xF33yCvPFnct3,Don't Know Much (with Aaron Neville),"Linda Ronstadt, Aaron Neville",Cry Like a Rainstorm Howl Like the Wind,1989,62,211973,https://open.spotify.com/track/5z3ZDMP02xF33yCvPFnct3,love,dont know much with aaron neville
7tLtIZclwLWk54PFAyDv5T,Where Do Broken Hearts Go,Whitney Houston,Whitney,6/2/1987,66,277600,https://open.spotify.com/track/7tLtIZclwLWk54PFAyDv5T,love,where do broken hearts go
6d1IYeSfyqOTW61rPgocGD,Miss You Like Crazy,Natalie Cole,Good To Be Back,1989,63,234280,https://open.spotify.com/track/6d1IYeSfyqOTW61rPgocGD,love,miss you like crazy
7JOyY9GA3P2Evx50oetDKb,Tonight I Celebrate My Love,"Peabo Bryson, Roberta Flack",Born To Love,7/22/1983,64,211000,https://open.spotify.com/track/7JOyY9GA3P2Evx50oetDKb,love,tonight i celebrate my love
0HuNPrWCyZpCx59pu9ON99,Immortality (feat. Bee Gees),"Céline Dion, Bee Gees",Let's Talk About Love,11/14/1997,65,250893,https://open.spotify.com/track/0HuNPrWCyZpCx59pu9ON99,love,immortality feat bee gees
2A6yzRGMgSQCUapR2ptm6A,True Colors,Cyndi Lauper,True Colors,10/14/1986,70,227600,https://open.spotify.com/track/2A6yzRGMgSQCUapR2ptm6A,love,true colors
0tKjVEJlX3IZ5L1rEJc5hh,When I See You Smile,Bad English,Bad English,6/15/1989,62,257440,https://open.spotify.com/track/0tKjVEJlX3IZ5L1rEJc5hh,love,when i see you smile
1WN4uNclrDuczTO3bCr8s1,Be My Baby,The Ronettes,Presenting the Fabulous Ronettes Featuring Veronica,11/1/1964,80,160906,https://open.spotify.com/track/1WN4uNclrDuczTO3bCr8s1,love,be my baby
48i055G1OT5KxGGftwFxWy,"Oh, Pretty Woman",Roy Orbison,"Oh, Pretty Woman",1962,74,178933,https://open.spotify.com/track/48i055G1OT5KxGGftwFxWy,love,oh pretty woman
6MTd61g9zq6CB1FnJydjEb,Sugar Sugar,The Archies,Everything's Archie,11/14/1969,64,167213,https://open.spotify.com/track/6MTd61g9zq6CB1FnJydjEb,love,sugar sugar
44AyOl4qVkzS48vBsbNXaC,Can't Help Falling in Love,Elvis Presley,Blue Hawaii,10/20/1961,81,182360,https://open.spotify.com/track/44AyOl4qVkzS48vBsbNXaC,love,cant help falling in love
1bZdOnI0GIcB2xqQqQH7DY,Love Me Tender - with The Royal Philharmonic Orchestra,"Elvis Presley, Royal Philharmonic Orchestra",If I Can Dream: Elvis Presley with the Royal Philharmonic Orchestra,10/30/2015,50,205226,https://open.spotify.com/track/1bZdOnI0GIcB2xqQqQH7DY,love,love me tender with the royal philharmonic orchestra
7oHymG8r14Iv9zn5hFTNax,Can't Take My Eyes Off You,Engelbert Humperdinck,A Man Without Love,8/3/1968,64,221373,https://open.spotify.com/track/7oHymG8r14Iv9zn5hFTNax,love,cant take my eyes off you
6vG4oazWuYOaMnHyLJmOMe,Sweet Caroline - Live,Elvis Presley,On Stage (Live),6/1/1970,45,162560,https://open.spotify.com/track/6vG4oazWuYOaMnHyLJmOMe,love,sweet caroline live
4JchWgAG3RZmCLHcEGf9DZ,Chapel of Love,The Dixie Cups,Chapel of Love,1964,0,170874,https://open.spotify.com/track/4JchWgAG3RZmCLHcEGf9DZ,love,chapel of love
2JoZzpdeP2G6Csfdq5aLXP,How Deep Is Your Love,Bee Gees,Greatest,1/1/1979,80,245200,https://open.spotify.com/track/2JoZzpdeP2G6Csfdq5aLXP,love,how deep is your love
5b7OgznPJJr1vHNYGyvxau,Fly Me To The Moon (In Other Words),"Frank Sinatra, Count Basie",Sinatra/Basie: The Complete Reprise Studio Recordings,12/10/1962,73,147000,https://open.spotify.com/track/5b7OgznPJJr1vHNYGyvxau,love,fly me to the moon in other words
745H5CctFr12Mo7cqa1BMH,My Girl,The Temptations,The Temptations Sing Smokey,3/22/1965,79,165000,https://open.spotify.com/track/745H5CctFr12Mo7cqa1BMH,love,my girl
7HW5WIw7ZgZORCzUxv5gW5,Don't Go Breaking My Heart,"Elton John, Kiki Dee",Rock Of The Westies,10/24/1975,79,275440,https://open.spotify.com/track/7HW5WIw7ZgZORCzUxv5gW5,love,dont go breaking my heart
3gsCAGsWr6pUm1Vy7CPPob,Killing Me Softly With His Song,Roberta Flack,Killing Me Softly,1973,73,286920,https://open.spotify.com/track/3gsCAGsWr6pUm1Vy7CPPob,love,killing me softly with his song
2AVkArcfALVk2X8sfPRzya,Summer Nights - From “Grease”,"John Travolta, Olivia Newton-John",Grease (The Original Motion Picture Soundtrack),4/4/1978,71,216906,https://open.spotify.com/track/2AVkArcfALVk2X8sfPRzya,love,summer nights from grease
27hhIs2fp6w06N5zx4Eaa5,Dream A Little Dream Of Me,The Mamas & The Papas,The Papas & The Mamas,5/1/1968,73,194426,https://open.spotify.com/track/27hhIs2fp6w06N5zx4Eaa5,love,dream a little dream of me
1eT2CjXwFXNx6oY5ydvzKU,Hey Jude,The Beatles,Love,11/17/2006,70,238854,https://open.spotify.com/track/1eT2CjXwFXNx6oY5ydvzKU,love,hey jude
77bNe6jYY8yHdP7orXrz5I,I Will Always Love You,Dolly Parton,Jolene (Expanded Edition),1974,59,176093,https://open.spotify.com/track/77bNe6jYY8yHdP7orXrz5I,love,i will always love you
06JokgprGDKrtZ1eP6z2CQ,Take Good Care Of My Baby,Bobby Vee,Take Good Care Of My Baby,2/1/1962,57,149800,https://open.spotify.com/track/06JokgprGDKrtZ1eP6z2CQ,love,take good care of my baby
1ip1ULxxvAzaqH3VqKObdu,Can't Take My Eyes Off of You - Black Box Mix,Gloria Gaynor,Gloria Gaynor '90 (All New Versions),1990,56,316000,https://open.spotify.com/track/1ip1ULxxvAzaqH3VqKObdu,love,cant take my eyes off of you black box mix
5zA8vzDGqPl2AzZkEYQGKh,Uptown Girl,Billy Joel,An Innocent Man,8/8/1983,82,197706,https://open.spotify.com/track/5zA8vzDGqPl2AzZkEYQGKh,love,uptown girl
1QNaUHSiJQa80izo9qd5WI,Sweet Caroline - Opening Night,Elvis Presley,That's the Way It Is (Deluxe Edition),11/11/1970,37,165706,https://open.spotify.com/track/1QNaUHSiJQa80izo9qd5WI,love,sweet caroline opening night
4BM8yJ0PzBi2ZewpMTOxtx,Fernando,ABBA,Arrival,1976,70,252960,https://open.spotify.com/track/4BM8yJ0PzBi2ZewpMTOxtx,love,fernando
1Gv8dvKmkHVaB1edYvW0Fr,Puppy Love - Remix,Paul Anka,Put Your Head On My Shoulder: The Very Best Of Paul Anka,10/3/2000,40,164000,https://open.spotify.com/track/1Gv8dvKmkHVaB1edYvW0Fr,love,puppy love remix
2k6qpHJsrKCCyvsHv2cPqR,Diana,Paul Anka,Sings His Favorites,1966,52,140520,https://open.spotify.com/track/2k6qpHJsrKCCyvsHv2cPqR,love,diana
7eqNATKM78MkWP6aHGXHEV,Put Your Head on My Shoulder,Paul Anka,Sings His Favorites,1966,58,155080,https://open.spotify.com/track/7eqNATKM78MkWP6aHGXHEV,love,put your head on my shoulder
0KMGxYKeUzK9wc5DZCt3HT,If You Leave Me Now,Chicago,Chicago X,6/14/1976,78,235373,https://open.spotify.com/track/0KMGxYKeUzK9wc5DZCt3HT,love,if you leave me now
7uEcCGtM1FBBGIhPozhJjv,Daydream Believer,The Monkees,"The Birds, The Bees, & The Monkees",4/22/1968,66,179613,https://open.spotify.com/track/7uEcCGtM1FBBGIhPozhJjv,love,daydream believer
6AhHYWJOBMRjEi2z1tWpYa,A Teenager In Love,Dion & The Belmonts,The Best Of Dion & The Belmonts,1/1/2005,45,153866,https://open.spotify.com/track/6AhHYWJOBMRjEi2z1tWpYa,love,a teenager in love
1Zcpy8cVvKW8PXBBkmWOi8,Goodbye Yellow Brick Road,Elton John,Elton John's Greatest Hits,1/1/1990,0,193960,https://open.spotify.com/track/1Zcpy8cVvKW8PXBBkmWOi8,love,goodbye yellow brick road
69Qa7czzqraPWZgxpQN405,You Can't Hurry Love,The Supremes,Favorites,1/1/2008,0,165080,https://open.spotify.com/track/69Qa7czzqraPWZgxpQN405,love,you cant hurry love
7ytqdjooPEAa97QSu6NUHS,Dream A Little Dream Of Me - Album Version With Introduction,The Mamas & The Papas,The Papas & The Mamas,1968-05,0,194426,https://open.spotify.com/track/7ytqdjooPEAa97QSu6NUHS,love,dream a little dream of me album version with introduction
5QgFvAiE7oGCBLt20wYYb4,Hopelessly Devoted To You,Olivia Newton-John,Grease,9/14/1978,0,185360,https://open.spotify.com/track/5QgFvAiE7oGCBLt20wYYb4,love,hopelessly devoted to you
4tsN44eY9zuBDPEyGTWO3Q,I Can't Stop Loving You,Ray Charles,"Modern Sounds in Country and Western Music, Vols 1 & 2",6/2/2009,0,256120,https://open.spotify.com/track/4tsN44eY9zuBDPEyGTWO3Q,love,i cant stop loving you
2s4B4fUlVIkE4ELgoupjXL,There Goes My Baby,The Drifters,All-Time Greatest Hits & More 1959-1965,1/29/2007,43,129613,https://open.spotify.com/track/2s4B4fUlVIkE4ELgoupjXL,love,there goes my baby
6sPOmDulFtLzfX25zICNrC,Build Me Up Buttercup,The Foundations,The Foundations,1/1/1968,5,177533,https://open.spotify.com/track/6sPOmDulFtLzfX25zICNrC,love,build me up buttercup
0aDmZSsj0OqOcscNlsASlm,Love Me Tender,Elvis Presley,If I Can Dream: Elvis Presley with the Royal Philharmonic Orchestra,10/30/2015,0,205226,https://open.spotify.com/track/0aDmZSsj0OqOcscNlsASlm,love,love me tender
0VE4ayVlGs5DBoqOdgJ0Zv,Donna - Single Version,Ritchie Valens,Ritchie Valens,1959,59,150973,https://open.spotify.com/track/0VE4ayVlGs5DBoqOdgJ0Zv,love,donna single version
5PuAFxKmqG72uKyoo11zpQ,(You're) Having My Baby,"Paul Anka, Odia Coates",Anka,1974,51,156293,https://open.spotify.com/track/5PuAFxKmqG72uKyoo11zpQ,love,youre having my baby
5fP7YHDNkIwh3F7zPPgEdB,Tiny Dancer - Remastered,Elton John,Diamonds (Deluxe),11/10/2017,0,375866,https://open.spotify.com/track/5fP7YHDNkIwh3F7zPPgEdB,love,tiny dancer remastered
1NrbnHlR2BFREcyWXHIHip,When I'm Sixty Four - Remastered 2009,The Beatles,Sgt. Pepper's Lonely Hearts Club Band (Remastered),6/1/1967,57,157666,https://open.spotify.com/track/1NrbnHlR2BFREcyWXHIHip,love,when im sixty four remastered 2009
0Ov38GRYNyDeGLOWzJfGzy,Fly Me to the Moon,Paul Anka,Sings His Favorites,1966,41,220653,https://open.spotify.com/track/0Ov38GRYNyDeGLOWzJfGzy,love,fly me to the moon
7qUTZEf6bgiApJEXpMAH5y,Can't Smile Without You,Barry Manilow,Even Now,1978,62,193440,https://open.spotify.com/track/7qUTZEf6bgiApJEXpMAH5y,love,cant smile without you
0j5u1HPcFQxKDJQ89zwOFn,I Got Lucky,Elvis Presley,I Got Lucky,10/1/1971,52,115720,https://open.spotify.com/track/0j5u1HPcFQxKDJQ89zwOFn,love,i got lucky
0mbS3VwRbO6HVBMPXnzOGA,To Love Somebody,Bee Gees,Bee Gees' 1st,7/14/1967,68,182000,https://open.spotify.com/track/0mbS3VwRbO6HVBMPXnzOGA,love,to love somebody
0bfvHnWWOeU1U5XeKyVLbW,Can't Take My Eyes off You,Frankie Valli,Solo,1967,80,203680,https://open.spotify.com/track/0bfvHnWWOeU1U5XeKyVLbW,love,cant take my eyes off you
49MHCPzvMLXhRjDantBMVH,Just the Way You Are,Billy Joel,The Stranger (Legacy Edition),1977,73,290573,https://open.spotify.com/track/49MHCPzvMLXhRjDantBMVH,love,just the way you are
4SGBuq37Ol4HJr7pQqFMKa,I Got You Babe,Sonny & Cher,Look At Us,1965,65,190080,https://open.spotify.com/track/4SGBuq37Ol4HJr7pQqFMKa,love,i got you babe
5I9sHwLDX28tLtzVgKLtpr,Everybody Loves Somebody,Dean Martin,Everybody Loves Somebody,1964,68,164546,https://open.spotify.com/track/5I9sHwLDX28tLtzVgKLtpr,love,everybody loves somebody
2Gy7qnDwt8Z3MNxqat4CsK,Wouldn't It Be Nice,The Beach Boys,Pet Sounds (Original Mono & Stereo Mix),6/16/1966,66,153205,https://open.spotify.com/track/2Gy7qnDwt8Z3MNxqat4CsK,love,wouldnt it be nice
68BTFws92cRztMS1oQ7Ewj,All You Need Is Love - Remastered 2009,The Beatles,Magical Mystery Tour (Remastered),11/27/1967,66,230386,https://open.spotify.com/track/68BTFws92cRztMS1oQ7Ewj,love,all you need is love remastered 2009
2kyVQg00pphEufGT59M2XH,(They Long To Be) Close To You,Carpenters,Close To You,1/1/1970,69,273933,https://open.spotify.com/track/2kyVQg00pphEufGT59M2XH,love,they long to be close to you
3tmhMsfPA0lW5tgNUXEhUO,The Wonder of You - Live,Elvis Presley,On Stage (Live),6/1/1970,47,154706,https://open.spotify.com/track/3tmhMsfPA0lW5tgNUXEhUO,love,the wonder of you live
4BcAcEbp6j6luowfAliUfW,Darlin' - Remastered 2001,The Beach Boys,Wild Honey (Remastered),12/18/1967,54,134560,https://open.spotify.com/track/4BcAcEbp6j6luowfAliUfW,love,darlin remastered 2001
4J0DbyODwZJcmIAiTSJfMF,Annie's Song,John Denver,Back Home Again,6/15/1974,69,180693,https://open.spotify.com/track/4J0DbyODwZJcmIAiTSJfMF,love,annies song
7jeOETwLUP84mPQzxlD5nh,Then He Kissed Me,The Crystals,Da Doo Ron Ron: The Very Best of The Crystals,2/22/2011,60,158853,https://open.spotify.com/track/7jeOETwLUP84mPQzxlD5nh,love,then he kissed me
0bwy3sGHeYwng2Ioicq6wf,Will You Love Me Tomorrow,The Shirelles,Tonight's The Night,1/1/1961,2,160693,https://open.spotify.com/track/0bwy3sGHeYwng2Ioicq6wf,love,will you love me tomorrow
7pF4GkbY0WVpfr8TW4epFN,You're the Song (That I Can't Stop Singing),Frankie Valli,Valli,1976,48,167373,https://open.spotify.com/track/7pF4GkbY0WVpfr8TW4epFN,love,youre the song that i cant stop singing
4M0m4FUdc4wD2guhUHogLF,Sharing The Night Together,Dr. Hook,Pleasure & Pain,1978,66,174533,https://open.spotify.com/track/4M0m4FUdc4wD2guhUHogLF,love,sharing the night together
4pbG9SUmWIvsROVLF0zF9s,I Want To Hold Your Hand - Remastered 2015,The Beatles,1 (Remastered),11/13/2000,64,145746,https://open.spotify.com/track/4pbG9SUmWIvsROVLF0zF9s,love,i want to hold your hand remastered 2015
3PeiHmqvHIAZQ7lJHIKUQZ,My Boo,"USHER, Alicia Keys",My Boo,8/31/2004,47,223066,https://open.spotify.com/track/3PeiHmqvHIAZQ7lJHIKUQZ,love,my boo
5ol0jvC2yFKm3E1GcIgU2n,Neighbors Know My Name,Trey Songz,Ready,8/31/2009,57,186306,https://open.spotify.com/track/5ol0jvC2yFKm3E1GcIgU2n,love,neighbors know my name
5zLZU08yLCjhkehAUnAUfG,Best I Ever Had,Drake,Thank Me Later (Japan Version),1/1/2010,0,258720,https://open.spotify.com/track/5zLZU08yLCjhkehAUnAUfG,love,best i ever had
6gHPuyZ0QccKxaQQPzbu9K,Mesmerize,"Ja Rule, Ashanti",Exodus,1/1/2005,0,282106,https://open.spotify.com/track/6gHPuyZ0QccKxaQQPzbu9K,love,mesmerize
0zaWQBwkfh9OmK77CiDmRI,Always On Time,"Ja Rule, Ashanti",Pain Is Love (International Version),10/29/2001,0,245093,https://open.spotify.com/track/0zaWQBwkfh9OmK77CiDmRI,love,always on time
4SRqDmPxYX0pUb5B5ut2Ri,So Sick,Ne-Yo,In My Own Words,1/1/2006,1,207186,https://open.spotify.com/track/4SRqDmPxYX0pUb5B5ut2Ri,love,so sick
1j3H54xdahpAkNI0q6S89q,With You,Chris Brown,Exclusive,11/1/2007,0,252160,https://open.spotify.com/track/1j3H54xdahpAkNI0q6S89q,love,with you
4nthV2eZAXnt4yiJMocLkG,Dilemma,"Nelly, Kelly Rowland",Nellyville (Explicit Version),6/25/2002,2,289173,https://open.spotify.com/track/4nthV2eZAXnt4yiJMocLkG,love,dilemma
2aIdVb8v9KTpEZnftkz2mD,Buy U a Drank (Shawty Snappin') (feat. Yung Joc),"T-Pain, Yung Joc",Epiphany,6/5/2007,2,227960,https://open.spotify.com/track/2aIdVb8v9KTpEZnftkz2mD,love,buy u a drank shawty snappin feat yung joc
4789yoeBIsBi6et3z0fyly,Hate That I Love You,"Rihanna, Ne-Yo",Good Girl Gone Bad: Reloaded,6/2/2008,0,218946,https://open.spotify.com/track/4789yoeBIsBi6et3z0fyly,love,hate that i love you
5lvkPWQGI57wcm2V5FTwyx,No Air,skins,Y2K era,5/23/2025,42,160520,https://open.spotify.com/track/5lvkPWQGI57wcm2V5FTwyx,love,no air
0nDqJMKcSTtYlGK6OQ3sLC,Kiss Me Thru The Phone,"Soulja Boy, Sammie",Kiss Me Thru The Phone,1/1/2009,0,194306,https://open.spotify.com/track/0nDqJMKcSTtYlGK6OQ3sLC,love,kiss me thru the phone
6ZhRiHe8oF4lLCyGDnTfVT,Take A Bow,skins,Y2K era,5/23/2025,44,229690,https://open.spotify.com/track/6ZhRiHe8oF4lLCyGDnTfVT,love,take a bow
7tAXHZdp9UpcYrHn7MZqfo,Forever,Chris Brown,Forever,11/2/2007,2,278573,https://open.spotify.com/track/7tAXHZdp9UpcYrHn7MZqfo,love,forever
4IFYR5smTnHYCLP82AiDrJ,Officially Missing You,Tamia,More,2004,53,242466,https://open.spotify.com/track/4IFYR5smTnHYCLP82AiDrJ,love,officially missing you
3Q1wOifYl7kpB3fE1vI9Ti,Truth or Dare,Ana Shine,Truth or Dare,2/26/2025,54,156688,https://open.spotify.com/track/3Q1wOifYl7kpB3fE1vI9Ti,love,truth or dare
2YLuLEZNjSPY3l8nKlGZKj,Mad,Ne-Yo,Year Of The Gentleman,1/1/2008,41,254533,https://open.spotify.com/track/2YLuLEZNjSPY3l8nKlGZKj,love,mad
06iMqWThw4w8fTFyccvOwr,Ride Wit Me,"Nelly, City Spud",Country Grammar,6/27/2000,1,291781,https://open.spotify.com/track/06iMqWThw4w8fTFyccvOwr,love,ride wit me
2BduFKPM2rtCBbnTTb5yDd,If I Ain't Got You,skins,Y2K era,5/23/2025,46,161985,https://open.spotify.com/track/2BduFKPM2rtCBbnTTb5yDd,love,if i aint got you
3cYesmfE3ptx7FGWEmDkXT,Closer,Ne-Yo,Year Of The Gentleman,1/1/2008,52,234360,https://open.spotify.com/track/3cYesmfE3ptx7FGWEmDkXT,love,closer
1rRQbz1Co1QxxRq4852AgI,My New Ex,Ana Shine,My New Ex,9/28/2025,51,192500,https://open.spotify.com/track/1rRQbz1Co1QxxRq4852AgI,love,my new ex
5MCqvDD8KYbc9p3i1Myx4y,So Into You,Tamia,R'n'B 00s,10/5/2018,33,261866,https://open.spotify.com/track/5MCqvDD8KYbc9p3i1Myx4y,love,so into you
6TTdIIftTZ2tir1QRSCI0o,Bleeding Love,skins,Y2K era,5/23/2025,44,161509,https://open.spotify.com/track/6TTdIIftTZ2tir1QRSCI0o,love,bleeding love
0kWQFzHzEPtvrKnwngvWyb,Master of the Kill,Ana Shine,Master of the Kill,10/23/2025,47,195500,https://open.spotify.com/track/0kWQFzHzEPtvrKnwngvWyb,love,master of the kill
2dYyMKEFQIRXzB6QYZWLIO,Best Love Song (feat. Chris Brown),"T-Pain, Chris Brown",rEVOLVEr (Deluxe Version),12/2/2011,0,195986,https://open.spotify.com/track/2dYyMKEFQIRXzB6QYZWLIO,love,best love song feat chris brown
7BS72CMAHCX9b6MAfoeamG,It Girl,Jason Derulo,Future History,9/16/2011,35,192200,https://open.spotify.com/track/7BS72CMAHCX9b6MAfoeamG,love,it girl
2FbD2sqUmAdjqqCBp0mn2g,Foolish,Ashanti,Ashanti,1/1/2002,0,227386,https://open.spotify.com/track/2FbD2sqUmAdjqqCBp0mn2g,love,foolish
4F55RCGuM477OjznpYGhYz,Shortie Like Mine (feat. Chris Brown & Johntá Austin),"Bow Wow, Chris Brown, Johnta Austin",Playlist: The Very Best Of Bow Wow,7/27/2010,45,267506,https://open.spotify.com/track/4F55RCGuM477OjznpYGhYz,love,shortie like mine feat chris brown johnt austin
2Y2ud3awMZHDxOCpDebiv3,Umbrella,"Rihanna, JAY-Z",Good Girl Gone Bad: Reloaded,6/2/2008,3,275986,https://open.spotify.com/track/2Y2ud3awMZHDxOCpDebiv3,love,umbrella
6NncjnSD7JLEetWb9KqMRY,I Wanna Love You,"Akon, Snoop Dogg",Konvicted,2006,1,247066,https://open.spotify.com/track/6NncjnSD7JLEetWb9KqMRY,love,i wanna love you
4fmBVL01vvKiJAuihK0Tac,Body On Me,"Nelly, Ashanti, Akon",Brass Knuckles,9/16/2008,51,209706,https://open.spotify.com/track/4fmBVL01vvKiJAuihK0Tac,love,body on me
5sUlaoVcLPk2Wr695jp6dd,Bartender (feat. Akon),"T-Pain, Akon",Epiphany,6/1/2007,0,238800,https://open.spotify.com/track/5sUlaoVcLPk2Wr695jp6dd,love,bartender feat akon
0DdpxWfVvUGgkJv5536tiF,Sexy Can I feat. Yung Berg,Ray J,All I Feel,4/8/2008,0,204040,https://open.spotify.com/track/0DdpxWfVvUGgkJv5536tiF,love,sexy can i feat yung berg
0tTPb9zZBMC9zCEqQHzUIM,I'm Sprung,T-Pain,Happy Hour: The Greatest Hits,2014,42,233213,https://open.spotify.com/track/0tTPb9zZBMC9zCEqQHzUIM,love,im sprung
5qrzhg9Fmu8Amg2uMhHfe5,One Wish,Ray J,Raydiation,9/5/2005,0,337640,https://open.spotify.com/track/5qrzhg9Fmu8Amg2uMhHfe5,love,one wish
5k3VjTwIsOjQ2woGz3Yx71,Can't Help but Wait,Trey Songz,Trey Day,10/1/2007,66,206413,https://open.spotify.com/track/5k3VjTwIsOjQ2woGz3Yx71,love,cant help but wait
3gzvhbYPlFplWwZdNlBXlZ,Touch My Body,Mariah Carey,E=MC²,1/1/2008,0,204733,https://open.spotify.com/track/3gzvhbYPlFplWwZdNlBXlZ,love,touch my body
12yGwtB2h9NlzeOKYfVYTF,Don't Matter,Akon,Konvicted,2006,1,293066,https://open.spotify.com/track/12yGwtB2h9NlzeOKYfVYTF,love,dont matter
6ctr1K7KzKErxbfGAynL8A,I Wanna Know,Joe,Greatest Hits,10/14/2008,52,296800,https://open.spotify.com/track/6ctr1K7KzKErxbfGAynL8A,love,i wanna know
5PCYGkoOlpvjttDtG8XcvS,Doing Too Much (feat. Baby Bash) - Main,"Paula DeAnda, Baby Bash",Paula DeAnda,6/1/2006,48,247431,https://open.spotify.com/track/5PCYGkoOlpvjttDtG8XcvS,love,doing too much feat baby bash main
0mI5eE0IuermT57lb0Szas,Rock Wit U (Awww Baby),Ashanti,Chapter II,1/1/2003,0,209120,https://open.spotify.com/track/0mI5eE0IuermT57lb0Szas,love,rock wit u awww baby
0VPTq1UBP8fcWKYgLAtesN,Runaway Love - (Explicit),"Ludacris, Mary J. Blige",Runaway Love,1/1/2007,0,280573,https://open.spotify.com/track/0VPTq1UBP8fcWKYgLAtesN,love,runaway love explicit
3SfZpKjMwvUQKGCty1dJ0T,"Slow Down - 12"" Version",Bobby V.,Disturbing Tha Peace Presents Bobby Valentino,1/1/2005,0,258666,https://open.spotify.com/track/3SfZpKjMwvUQKGCty1dJ0T,love,slow down 12 version
22irp40MtAAatGBNsWE3du,Sunshine (feat. Lea),"Lil' Flip, Lea",U Gotta Feel Me,10/18/2004,27,222480,https://open.spotify.com/track/22irp40MtAAatGBNsWE3du,love,sunshine feat lea
5TNspX9swzjDYuWlE9LzFe,All I Do,B5,B5,6/28/2005,45,225346,https://open.spotify.com/track/5TNspX9swzjDYuWlE9LzFe,love,all i do
0gs72Zn1Nxin1kvKpo9ee5,My Love,"Justin Timberlake, T.I.",FutureSex/LoveSounds,9/11/2006,0,276160,https://open.spotify.com/track/0gs72Zn1Nxin1kvKpo9ee5,love,my love
2P1e3xpjDhYFqOFeu8IWzS,Falsetto,The-Dream,Love/Hate,1/1/2007,55,271173,https://open.spotify.com/track/2P1e3xpjDhYFqOFeu8IWzS,love,falsetto
2bppvcuQhuMcJZHtM9So7r,"Love in This Club, Pt. II (feat. Beyoncé & Lil' Wayne)","USHER, Beyoncé, Lil Wayne",Here I Stand,5/27/2008,63,309040,https://open.spotify.com/track/2bppvcuQhuMcJZHtM9So7r,love,love in this club pt ii feat beyonc lil wayne
1oNToERLIN71YCPLbRIQGQ,Let Me Hold You (feat. Omarion),"Bow Wow, Omarion",Wanted,2005,62,248493,https://open.spotify.com/track/1oNToERLIN71YCPLbRIQGQ,love,let me hold you feat omarion
3fBbfrWZUuWWrMQXFISr7N,New Flame (feat. Usher & Rick Ross),"Chris Brown, USHER, Rick Ross",X (Expanded Edition),9/16/2014,73,244226,https://open.spotify.com/track/3fBbfrWZUuWWrMQXFISr7N,love,new flame feat usher rick ross
6Y3WvyUG9iE5bQYg38SPtQ,Be Without You - Kendu Mix,Mary J. Blige,The Breakthrough,1/1/2005,69,246333,https://open.spotify.com/track/6Y3WvyUG9iE5bQYg38SPtQ,love,be without you kendu mix
5L0KDoZklMgs9GPoonneEl,Nice & Slow - Radio Version,USHER,My Way,9/16/1997,65,227906,https://open.spotify.com/track/5L0KDoZklMgs9GPoonneEl,love,nice slow radio version
7lurcq2Yw96B1K0KOJAHxg,Southside,"Lloyd, Ashanti",Southside,1/1/2004,61,277840,https://open.spotify.com/track/7lurcq2Yw96B1K0KOJAHxg,love,southside
47TqCCnEliDp8NRDyIQoQq,You Make Me Wanna...,USHER,My Way,9/16/1997,69,219120,https://open.spotify.com/track/47TqCCnEliDp8NRDyIQoQq,love,you make me wanna
78CTv7ypHvXQlEjXYst2n9,Can't Leave 'Em Alone (feat. 50 Cent),"Ciara, 50 Cent",The Evolution,2006,61,244760,https://open.spotify.com/track/78CTv7ypHvXQlEjXYst2n9,love,cant leave em alone feat 50 cent
7lVNTXkI3cHFvcXiI8damb,I Need a Girl (Pt. 1) [feat. Usher & Loon],"Diddy, Loon, USHER",R&B Hits,10/4/2005,64,268800,https://open.spotify.com/track/7lVNTXkI3cHFvcXiI8damb,love,i need a girl pt 1 feat usher loon
4NYwy0R3NdvORX2B6OZXBT,Slow Motion,Trey Songz,Trigga Reloaded,6/23/2015,67,197854,https://open.spotify.com/track/4NYwy0R3NdvORX2B6OZXBT,love,slow motion
3OUApyz3jDB3syGUNGqB1d,How You Gonna Act Like That,Tyrese,I Wanna Go There,12/1/2002,63,294693,https://open.spotify.com/track/3OUApyz3jDB3syGUNGqB1d,love,how you gonna act like that
3pD0f7hSJg2XdQ6udw5Tey,What Goes Around.../...Comes Around (Interlude),Justin Timberlake,FutureSex/LoveSounds,9/12/2006,79,448573,https://open.spotify.com/track/3pD0f7hSJg2XdQ6udw5Tey,love,what goes aroundcomes around interlude
6wN4nT2qy3MQc098yL3Eu9,Deuces (feat. Tyga & Kevin McCall),"Chris Brown, Tyga, Kevin McCall",F.A.M.E. (Expanded Edition),3/22/2011,74,276560,https://open.spotify.com/track/6wN4nT2qy3MQc098yL3Eu9,love,deuces feat tyga kevin mccall
3nJjIYchBNkYm7B8XfJf5N,Suffocate - Superclean,J. Holiday,Back Of My Lac',1/1/2007,57,220053,https://open.spotify.com/track/3nJjIYchBNkYm7B8XfJf5N,love,suffocate superclean
5pyVqlqThcxI7tPDjHIzPh,Climax,USHER,Looking 4 Myself (Expanded Edition),6/12/2012,60,232906,https://open.spotify.com/track/5pyVqlqThcxI7tPDjHIzPh,love,climax
6IUiqtI8tE49sqGbmtrNd8,There Goes My Baby,USHER,Raymond v Raymond (Expanded Edition),3/30/2010,60,281293,https://open.spotify.com/track/6IUiqtI8tE49sqGbmtrNd8,love,there goes my baby
6MBEjJlXQYXr8dfxDvZuoA,Do It To It,"Cherish, Sean Paul",Unappreciated,1/1/2006,63,226293,https://open.spotify.com/track/6MBEjJlXQYXr8dfxDvZuoA,love,do it to it
6dlpABcXrQKRU9G00i6Zba,Back To Sleep,Chris Brown,Royalty (Deluxe Version),12/18/2015,68,201253,https://open.spotify.com/track/6dlpABcXrQKRU9G00i6Zba,love,back to sleep
2RqZFOLOnzVmHUX7ZMcaES,Let It Go,"Keyshia Cole, Missy Elliott, Lil' Kim",Just Like You,1/1/2007,66,238333,https://open.spotify.com/track/2RqZFOLOnzVmHUX7ZMcaES,love,let it go
1Jm1I3APcmVz3MqPr5vfTx,Into You (feat. Tamia) - Main Mix,"Fabolous, Tamia",Street Dreams,1/14/2003,66,293840,https://open.spotify.com/track/1Jm1I3APcmVz3MqPr5vfTx,love,into you feat tamia main mix
3bsoEOP4NHEoeVbAAYdbaU,On the Hotline,Pretty Ricky,Late Night Special,1/22/2007,59,242586,https://open.spotify.com/track/3bsoEOP4NHEoeVbAAYdbaU,love,on the hotline
3d8PDk3B4am5c6TsUCznUW,Shut It Down,"Drake, The-Dream",Thank Me Later,1/1/2010,66,419306,https://open.spotify.com/track/3d8PDk3B4am5c6TsUCznUW,love,shut it down
3AlnKlr9gYKaqK4QSenf82,Dance Me to the End of Love,Leonard Cohen,Mojo Presents... Leonard Cohen,9/19/2003,0,277773,https://open.spotify.com/track/3AlnKlr9gYKaqK4QSenf82,love,dance me to the end of love
2ACjOtICHXrAlP3ijVMSvb,Unchained Melody,The Righteous Brothers,Rock N' Roll Legends,1/1/2008,59,215853,https://open.spotify.com/track/2ACjOtICHXrAlP3ijVMSvb,love,unchained melody
5DeXQ3qADuDmqsosnZAK3o,I Want to Know What Love Is - 2008 Remaster,Foreigner,No End in Sight: The Very Best of Foreigner,7/8/2008,61,301106,https://open.spotify.com/track/5DeXQ3qADuDmqsosnZAK3o,love,i want to know what love is 2008 remaster
7o10Pto0YFchZl1zL4dLPH,Always,Bon Jovi,Bon Jovi Greatest Hits,1/1/2010,0,353106,https://open.spotify.com/track/7o10Pto0YFchZl1zL4dLPH,love,always
6qAWJdpqAhaE6Yqy15Omax,Strangers In The Night - Remastered ) [The Frank Sinatra Collection],Frank Sinatra,Nothing But The Best [The Frank Sinatra Collection],5/5/2008,0,164826,https://open.spotify.com/track/6qAWJdpqAhaE6Yqy15Omax,love,strangers in the night remastered the frank sinatra collection
1IRptRzJ7ZqtkXTqWJ1q5o,What A Difference A Day Makes,Dinah Washington,Laid Back Jazz,5/5/2008,0,149693,https://open.spotify.com/track/1IRptRzJ7ZqtkXTqWJ1q5o,love,what a difference a day makes
6UGpcXcENaUqQKPc6oqOe4,The Book of Love,The Magnetic Fields,69 Love Songs,9/14/1999,0,162413,https://open.spotify.com/track/6UGpcXcENaUqQKPc6oqOe4,love,the book of love
07iHAswcApphvyllRDQrEa,Nothing Compares 2 U,Sinéad O'Connor,Pure Driving Rock,6/16/2008,0,280040,https://open.spotify.com/track/07iHAswcApphvyllRDQrEa,love,nothing compares 2 u
3GBGdtSuPKI81bzrniHuF3,Wonderful Tonight,Eric Clapton,Classic Eric Clapton,1/1/2005,53,222626,https://open.spotify.com/track/3GBGdtSuPKI81bzrniHuF3,love,wonderful tonight
1cnoj3gWltCrWBZ77jZtmj,Back for Good - Radio Mix,Take That,Never Forget - The Ultimate Collection,2005,0,241293,https://open.spotify.com/track/1cnoj3gWltCrWBZ77jZtmj,love,back for good radio mix
6UDR3ZoczQudPouT7Wa4DR,You Make Me Feel Like a Natural Woman,Aretha Franklin,Aretha Franklin,2/27/2006,0,163546,https://open.spotify.com/track/6UDR3ZoczQudPouT7Wa4DR,love,you make me feel like a natural woman
1hXIdXjAI4nWz4qnJ28iO2,At Last,Etta James,At Last The Very Best Of,5/19/2011,0,181973,https://open.spotify.com/track/1hXIdXjAI4nWz4qnJ28iO2,love,at last
5ft1GmMZA4uNX7afvQfDLn,Just Like Heaven,The Cure,Kiss Me Kiss Me Kiss Me,5/25/1987,1,212826,https://open.spotify.com/track/5ft1GmMZA4uNX7afvQfDLn,love,just like heaven
7nb2hZWBxeG38lwcRjFqn4,You Are So Beautiful,Joe Cocker,The Ultimate Collection 1968-2003,12/1/2003,46,162466,https://open.spotify.com/track/7nb2hZWBxeG38lwcRjFqn4,love,you are so beautiful
4jsdqalaKwDTdPGLvps128,By Your Side,Sade,Lovers Rock,1/11/2000,0,274933,https://open.spotify.com/track/4jsdqalaKwDTdPGLvps128,love,by your side
31wpOrxlPwpVEyfhP0OZc7,If You Don't Know Me By Now,Harold Melvin & The Blue Notes,Love's Greatest Hits,1/1/2006,0,206120,https://open.spotify.com/track/31wpOrxlPwpVEyfhP0OZc7,love,if you dont know me by now
0SxFyA4FqmEQqZVuAlg8lf,The First Time Ever I Saw Your Face,Roberta Flack,First Take,1969,64,260666,https://open.spotify.com/track/0SxFyA4FqmEQqZVuAlg8lf,love,the first time ever i saw your face
2AwOR6uXiSH1vHDbz5vVGi,What A Diff'rence A Day Made,Dinah Washington,What A Diff'rence A Day Makes!,1959,0,151866,https://open.spotify.com/track/2AwOR6uXiSH1vHDbz5vVGi,love,what a diffrence a day made
36j4mlX0IWUtWlWqiwvWXI,I'm Yours,Jason Mraz,We Sing. We Dance. We Steal Things. (Deluxe Edition),5/13/2008,38,242946,https://open.spotify.com/track/36j4mlX0IWUtWlWqiwvWXI,love,im yours
4McEgTY1HFmggyonYf9H4o,Unforgettable - Remastered 2003,Nat King Cole,Love's Greatest Hits,1/1/2006,0,189933,https://open.spotify.com/track/4McEgTY1HFmggyonYf9H4o,love,unforgettable remastered 2003
6Qyc6fS4DsZjB2mRW9DsQs,Iris,The Goo Goo Dolls,Dizzy up the Girl,1998,92,289533,https://open.spotify.com/track/6Qyc6fS4DsZjB2mRW9DsQs,love,iris
7oSUp4yZ0FbuSvVmCxH2ty,Something - Remastered,The Beatles,Abbey Road (Remastered),9/26/1969,0,182293,https://open.spotify.com/track/7oSUp4yZ0FbuSvVmCxH2ty,love,something remastered
1NyFRrFiJAJIaR6icj1goI,Skinny Love,Bon Iver,"For Emma, Forever Ago",5/12/2008,0,238532,https://open.spotify.com/track/1NyFRrFiJAJIaR6icj1goI,love,skinny love
4Edtgs4Io5HYYN6MDZ4i5G,Let's Get It On,Marvin Gaye,Marvin Gaye '50' (International Version),1/1/2007,0,292066,https://open.spotify.com/track/4Edtgs4Io5HYYN6MDZ4i5G,love,lets get it on
1A3OA6zON5HHueFm4ejrRF,Because the Night,Patti Smith,Outside Society,8/23/2011,52,202866,https://open.spotify.com/track/1A3OA6zON5HHueFm4ejrRF,love,because the night
0jIA3DQGOF7rY6Z0py3XOw,"You're The First, The Last, My Everything",Barry White,The Ultimate Collection,1/1/2000,0,206760,https://open.spotify.com/track/0jIA3DQGOF7rY6Z0py3XOw,love,youre the first the last my everything
0KQx6HOpJueiSkztcS0r7D,Fallin',Alicia Keys,Songs In A Minor,6/5/2001,78,210200,https://open.spotify.com/track/0KQx6HOpJueiSkztcS0r7D,love,fallin
78FzQfooQzB43sGzlpI2At,Is This Love,Whitesnake,Whitesnake's Greatest Hits,7/4/1994,64,284400,https://open.spotify.com/track/78FzQfooQzB43sGzlpI2At,love,is this love
0Bj15uTA1d1itAneIuIo0n,Angie - Remastered,The Rolling Stones,The Rolling Stones Singles Box Set (1971-2006) [Sampler],1/1/2011,42,272386,https://open.spotify.com/track/0Bj15uTA1d1itAneIuIo0n,love,angie remastered
79RUMZfMNMpqZnswovvTqv,Wonderwall,Oasis,(What's the Story) Morning Glory?,10/2/1995,1,258906,https://open.spotify.com/track/79RUMZfMNMpqZnswovvTqv,love,wonderwall
6wVViUl2xSRoDK2T7dMZbR,Bizarre Love Triangle,New Order,Brotherhood (Collector's Edition),9/29/1986,65,263213,https://open.spotify.com/track/6wVViUl2xSRoDK2T7dMZbR,love,bizarre love triangle
3cVWNLd0uEHkc2tnBoE3Ay,Somethin' Stupid,"Frank Sinatra, Nancy Sinatra",The World We Knew,1967-08,0,162493,https://open.spotify.com/track/3cVWNLd0uEHkc2tnBoE3Ay,love,somethin stupid
2VAZBYkcRiD3JD8aimEEG5,Ev'ry Time We Say Goodbye,Ella Fitzgerald,Ella Fitzgerald Sings The Cole Porter Songbook (Expanded Edition),1956,0,212693,https://open.spotify.com/track/2VAZBYkcRiD3JD8aimEEG5,love,evry time we say goodbye
4YLWkcSJPc1ArHLCd9UrUg,Dream A Little Dream,The Beautiful South,Solid Bronze - Great Hits,1/1/2001,0,213893,https://open.spotify.com/track/4YLWkcSJPc1ArHLCd9UrUg,love,dream a little dream
72DefuF22C6aPKrWhRFCBS,Love Hurts - 2007 Remaster,Gram Parsons,Grievous Angel,1974,50,222293,https://open.spotify.com/track/72DefuF22C6aPKrWhRFCBS,love,love hurts 2007 remaster
1XieuY2bxCfXNHwSDJQrPs,My Baby Just Cares For Me,Nina Simone,Jazz Divas,1/1/2007,38,215706,https://open.spotify.com/track/1XieuY2bxCfXNHwSDJQrPs,love,my baby just cares for me
2yX3h3NRoMWGfnXxZlF92X,Love Of My Life - Remastered 2011,Queen,Queen Forever,1/1/2014,0,213339,https://open.spotify.com/track/2yX3h3NRoMWGfnXxZlF92X,love,love of my life remastered 2011
0RdUX4WE0fO30VnlUbDVL6,Still Loving You,Scorpions,Comeblack,11/7/2011,74,403453,https://open.spotify.com/track/0RdUX4WE0fO30VnlUbDVL6,love,still loving you
7ojJ4XvqBhBcteM0zjMebT,(I Can't Help) Falling In Love With You,UB40,Promises And Lies,1/1/1993,70,207440,https://open.spotify.com/track/7ojJ4XvqBhBcteM0zjMebT,love,i cant help falling in love with you
5m3YQ0X4ZVoDLxMCumLO5i,Without You,Mariah Carey,#1 to Infinity,5/15/2015,42,214173,https://open.spotify.com/track/5m3YQ0X4ZVoDLxMCumLO5i,love,without you
51FpzuGkRYXFgsE2zXt9av,When a Man Loves a Woman,Percy Sledge,When a Man Loves a Woman,1966,68,173866,https://open.spotify.com/track/51FpzuGkRYXFgsE2zXt9av,love,when a man loves a woman
3pHKy8Vmwi52p7V9ADdmTU,I Only Have Eyes For You - Single Version,The Flamingos,American Graffiti,1/1/1973,0,203000,https://open.spotify.com/track/3pHKy8Vmwi52p7V9ADdmTU,love,i only have eyes for you single version
4U5VTRPZbXEOTXBeYXiSPD,Embraceable You,Sarah Vaughan,BD Music Presents Sarah Vaughan,10/16/2015,35,291320,https://open.spotify.com/track/4U5VTRPZbXEOTXBeYXiSPD,love,embraceable you
7iLXXTLIaguiWCTRJNU1Tv,The Rose,Bette Midler,The Best Bette,9/22/2008,55,215026,https://open.spotify.com/track/7iLXXTLIaguiWCTRJNU1Tv,love,the rose
32RxZnEk5KyWUTZR4azxbD,Can You Feel the Love Tonight - End Title,Elton John,The Lion King: Special Edition Original Soundtrack (Swedish Version),1/1/2003,60,241253,https://open.spotify.com/track/32RxZnEk5KyWUTZR4azxbD,love,can you feel the love tonight end title
4DnzD0WEiffpsmj5iiT3XU,Endless Love,"Lionel Richie, Diana Ross",Love Songs,1/1/1992,0,268573,https://open.spotify.com/track/4DnzD0WEiffpsmj5iiT3XU,love,endless love
0J4S8GGIF1pCWbeq736Cyz,Annie's Song,"John Denver, Lee Holdridge",Portrait,9/8/1999,0,178893,https://open.spotify.com/track/0J4S8GGIF1pCWbeq736Cyz,love,annies song
6z5Yh7kOKeLjqIsNdokIpU,a thousand years,Christina Perri,The Twilight Saga: Breaking Dawn - Part 1 (Original Motion Picture Soundtrack),11/4/2011,66,285120,https://open.spotify.com/track/6z5Yh7kOKeLjqIsNdokIpU,love,a thousand years
6T7K5bDG0l2tmvdYXKCbcm,Falling Slowly,"Glen Hansard, Markéta Irglová",Love Songs,2/10/2014,26,244133,https://open.spotify.com/track/6T7K5bDG0l2tmvdYXKCbcm,love,falling slowly
7LVHVU3tWfcxj5aiPFEW4Q,Fix You,Coldplay,X&Y,6/7/2005,85,295533,https://open.spotify.com/track/7LVHVU3tWfcxj5aiPFEW4Q,love,fix you
3yvJ98vi9xuHdlGr15q6va,Missing You - Single Version,John Waite,Playlist: Ballads,4/28/2008,0,210453,https://open.spotify.com/track/3yvJ98vi9xuHdlGr15q6va,love,missing you single version
22HSxMswLlM3DMAVeNSQYD,Nine Million Bicycles,Katie Melua,Le Coeur des hommes 2 (Original Motion Picture Soundtrack),10/30/2007,0,198640,https://open.spotify.com/track/22HSxMswLlM3DMAVeNSQYD,love,nine million bicycles
7CKbqqrs0AS1si1ZgaQdcj,Angels,Robbie Williams,Angels,1/1/1997,64,265333,https://open.spotify.com/track/7CKbqqrs0AS1si1ZgaQdcj,love,angels
0g5hYtDyZJ11b969pMLZM4,Perfect Day,Lou Reed,Transformer,12/1/1972,0,224600,https://open.spotify.com/track/0g5hYtDyZJ11b969pMLZM4,love,perfect day
6irJnyu8YbJpVx2RfPz6GI,I Just Can't Stop Loving You (feat. Siedah Garrett),"Michael Jackson, Siedah Garrett",Love Songs,2/2/2009,38,252146,https://open.spotify.com/track/6irJnyu8YbJpVx2RfPz6GI,love,i just cant stop loving you feat siedah garrett
0utKt4XL9oRU1TZIowJhlT,When You're Gone,The Cranberries,To The Faithful Departed (The Complete Sessions 1996-1997),4/30/1996,0,296426,https://open.spotify.com/track/0utKt4XL9oRU1TZIowJhlT,love,when youre gone
1MAqR81Tz28IIqMJ2KUDAO,Killing Me Softly With His Song,Fugees,The Score,1996,0,298773,https://open.spotify.com/track/1MAqR81Tz28IIqMJ2KUDAO,love,killing me softly with his song
6q9JjGg7puap2DyEqfP31k,My Love,"Paul McCartney, Wings",Red Rose Speedway,4/30/1973,0,247706,https://open.spotify.com/track/6q9JjGg7puap2DyEqfP31k,love,my love
7EkFVRqmso1h8WjrUrlXIT,The Power of Love,Jennifer Rush,The Best Of The 80's,12/10/2007,49,279533,https://open.spotify.com/track/7EkFVRqmso1h8WjrUrlXIT,love,the power of love
7J9goqmBW2eBEJcUL3jGZn,When You Say Nothing At All,Alison Krauss & Union Station,Now That I've Found You: A Collection,1/1/1995,0,260800,https://open.spotify.com/track/7J9goqmBW2eBEJcUL3jGZn,love,when you say nothing at all
2sRLrN7pYHrlobLPSIWl4L,Songbird,Eva Cassidy,The Best of Eva Cassidy,10/29/2012,0,223063,https://open.spotify.com/track/2sRLrN7pYHrlobLPSIWl4L,love,songbird
6DFAgL0dqmZ9kTyBwwcnnF,Embraceable You,Billie Holiday,The Complete Commodore/Decca Masters,1/1/2009,0,195386,https://open.spotify.com/track/6DFAgL0dqmZ9kTyBwwcnnF,love,embraceable you
5RDFmxENBVl7gnyvVN5xhf,For Your Precious Love,"The Impressions, Jerry Butler",Their Complete Vee-Jay Recordings,1/1/1993,0,164800,https://open.spotify.com/track/5RDFmxENBVl7gnyvVN5xhf,love,for your precious love
0YKUxdIOWYXnkenH5A7d7N,Mandy,Barry Manilow,70s 100 Hits,3/1/2010,43,170760,https://open.spotify.com/track/0YKUxdIOWYXnkenH5A7d7N,love,mandy
2OxkfL5jW8bvYTCNDLlRSY,She - Tous les visages de l’amour,"Charles Aznavour, Richard Galliano, Eddie Louiss",Greatest Golden Hits,1996,0,153066,https://open.spotify.com/track/2OxkfL5jW8bvYTCNDLlRSY,love,she tous les visages de lamour
2hjAc6x8EoSLhGxRNg8KEw,Crazy Love - 2013 Remaster,Van Morrison,Moondance (Expanded Edition),1970-02,66,155453,https://open.spotify.com/track/2hjAc6x8EoSLhGxRNg8KEw,love,crazy love 2013 remaster
6abWwCv4dqMP3gi54F66bW,I Still Believe in You,Joana Serrat,I Still Believe in You,4/22/2022,35,200106,https://open.spotify.com/track/6abWwCv4dqMP3gi54F66bW,love,i still believe in you
7dGgCgyGJW0KUcRnxpq1Z8,Northern Sky,Nick Drake,Bryter Layter,3/6/1970,0,223866,https://open.spotify.com/track/7dGgCgyGJW0KUcRnxpq1Z8,love,northern sky
2g2GkH3vZHk4lWzBjgQ6nY,(What A) Wonderful World,Sam Cooke,The Man Who Invented Soul,9/26/2000,63,125440,https://open.spotify.com/track/2g2GkH3vZHk4lWzBjgQ6nY,love,what a wonderful world
1hZJcuz9iMoz6tLkFlIaUy,Take My Breath Away,Berlin,Take My Breath Away,1/1/2007,64,264213,https://open.spotify.com/track/1hZJcuz9iMoz6tLkFlIaUy,love,take my breath away
2RwFdFIN9JAyVUzevwkzez,How Sweet It Is (To Be Loved by You),James Taylor,Gorilla,1975,0,214133,https://open.spotify.com/track/2RwFdFIN9JAyVUzevwkzez,love,how sweet it is to be loved by you
66D7zHfeW0frszhjR9ewZ1,Only You (And You Alone),The Platters,The Best Of The Platters,1/1/1995,0,155693,https://open.spotify.com/track/66D7zHfeW0frszhjR9ewZ1,love,only you and you alone
6p6mkYP5O2FSyIKB4zT6xr,The First Cut Is The Deepest,Yusuf / Cat Stevens,New Masters,12/1/1967,0,183133,https://open.spotify.com/track/6p6mkYP5O2FSyIKB4zT6xr,love,the first cut is the deepest
7jmHyHMEqm9MJWiMAneF05,Stand By Me,Ben E. King,Don't Play That Song,1962,78,175493,https://open.spotify.com/track/7jmHyHMEqm9MJWiMAneF05,love,stand by me
2skhhhSXpTMayR6RJt5rF7,I Feel Alive,Alondra Bentley,Ashfield Avenue,3/30/2009,35,149493,https://open.spotify.com/track/2skhhhSXpTMayR6RJt5rF7,love,i feel alive
5e4YJ4hmo9LTjsfkHs1ZdV,Love More,Daniel Hart,Comet (Original Motion Picture Soundtrack),11/27/2015,36,252373,https://open.spotify.com/track/5e4YJ4hmo9LTjsfkHs1ZdV,love,love more
5l9c6bJmzvftumhz4TMPgk,Harvest Moon,Neil Young,Harvest Moon,11/2/1992,76,303213,https://open.spotify.com/track/5l9c6bJmzvftumhz4TMPgk,love,harvest moon
6jGnykaS6TkWp15utXSAeI,Come Away With Me,Norah Jones,Come Away With Me (Super Deluxe Edition),2/26/2002,74,198226,https://open.spotify.com/track/6jGnykaS6TkWp15utXSAeI,love,come away with me
70Y4jSu8zk3l8gyKTUz3l0,It Must Be Love,Labi Siffre,Crying Laughing Loving Lying,1972,54,236986,https://open.spotify.com/track/70Y4jSu8zk3l8gyKTUz3l0,love,it must be love
3YRCqOhFifThpSRFJ1VWFM,November Rain,Guns N' Roses,Use Your Illusion I,9/17/1991,83,536066,https://open.spotify.com/track/3YRCqOhFifThpSRFJ1VWFM,love,november rain
0vItJLwvxJzu5PPw6o62A6,Our House - Demo,"Graham Nash, Joni Mitchell",Déjà Vu (50th Anniversary Deluxe Edition),3/11/1970,52,163325,https://open.spotify.com/track/0vItJLwvxJzu5PPw6o62A6,love,our house demo
2AkAOYrPl6kjQJUSxkPS1Q,Our Love,"Tom Basden, Carey Mulligan",The Ballad of Wallis Island (Original Soundtrack),3/28/2025,41,233133,https://open.spotify.com/track/2AkAOYrPl6kjQJUSxkPS1Q,love,our love
2hwThU9hxJIiV9KbsZoCR1,The Future (belongs to us),Jet Vesper,Casual Viewing Experience,7/25/2025,22,176466,https://open.spotify.com/track/2hwThU9hxJIiV9KbsZoCR1,love,the future belongs to us
2kfGoV9a5dbSKCNmUWH2ZF,Turning Page,Sleeping At Last,Turning Page,6/18/2012,69,255893,https://open.spotify.com/track/2kfGoV9a5dbSKCNmUWH2ZF,love,turning page
2enPRFda84VE2wtI8c86Uf,Always Forever,Cults,Static,10/15/2013,79,223746,https://open.spotify.com/track/2enPRFda84VE2wtI8c86Uf,love,always forever
1fEGtTZjrjJW8eUeewnNJR,"Flightless Bird, American Mouth",Iron & Wine,The Shepherd's Dog,9/25/2007,70,241917,https://open.spotify.com/track/1fEGtTZjrjJW8eUeewnNJR,love,flightless bird american mouth
2msvOEbkK50foYf9BMXr2X,Lover - First Dance Remix,Taylor Swift,Lover (First Dance Remix),11/26/2019,51,233466,https://open.spotify.com/track/2msvOEbkK50foYf9BMXr2X,love,lover first dance remix
1mw0RgNXIpYRyyCdBQbLgA,Love Of My Life,Harry Styles,Harry's House,5/20/2022,68,191638,https://open.spotify.com/track/1mw0RgNXIpYRyyCdBQbLgA,love,love of my life
33kKcOJoyNduHwXhEnga8X,Sea of Love,Cat Power,The Covers Record,3/21/2000,58,139466,https://open.spotify.com/track/33kKcOJoyNduHwXhEnga8X,love,sea of love
557S0RTbb6PMZfc2g3YqKb,Kiss Me,Ed Sheeran,+,9/9/2011,43,280853,https://open.spotify.com/track/557S0RTbb6PMZfc2g3YqKb,love,kiss me
1D5ZvPtj09MckFOp2NcadQ,Surround You,Echosmith,Endless Love (Original Motion Picture Soundtrack),2/11/2014,33,208253,https://open.spotify.com/track/1D5ZvPtj09MckFOp2NcadQ,love,surround you
4buunL9MVbAgwhrX120p47,Always You,Shawn Hook,Rebuild,10/24/2025,27,253587,https://open.spotify.com/track/4buunL9MVbAgwhrX120p47,love,always you
5WDlNHQW1LmcQIA15oGjiW,distance,Christina Perri,lovestrong.,5/10/2011,47,236066,https://open.spotify.com/track/5WDlNHQW1LmcQIA15oGjiW,love,distance
7k9GuJYLp2AzqokyEdwEw2,Hunger,Ross Copperman,Hunger,4/21/2015,54,205594,https://open.spotify.com/track/7k9GuJYLp2AzqokyEdwEw2,love,hunger
6yIHGmQLJxWAUZ1ZkENemN,Can't Help Falling in Love,Haley Reinhart,Better,4/29/2016,2,173174,https://open.spotify.com/track/6yIHGmQLJxWAUZ1ZkENemN,love,cant help falling in love
4oa14QBfWRDfJy2agySy0L,Gravity,Sara Bareilles,Little Voice,7/3/2007,61,232760,https://open.spotify.com/track/4oa14QBfWRDfJy2agySy0L,love,gravity
4oJDAFL5bodzeqL0NVO2Fe,The Idea of You,Alfie Castley,Pivotal,8/8/2025,33,192960,https://open.spotify.com/track/4oJDAFL5bodzeqL0NVO2Fe,love,the idea of you
6QfS2wq5sSC1xAJCQsTSlj,Shallow - Radio Edit,"Lady Gaga, Bradley Cooper",A Star Is Born Soundtrack (Without Dialogue),10/5/2018,70,217212,https://open.spotify.com/track/6QfS2wq5sSC1xAJCQsTSlj,love,shallow radio edit
11bD1JtSjlIgKgZG2134DZ,Chasing Cars,Snow Patrol,Eyes Open,1/1/2006,3,267933,https://open.spotify.com/track/11bD1JtSjlIgKgZG2134DZ,love,chasing cars
5CRVwXGikmqzoRO6q7FeAg,If I Could Fly,One Direction,Made In The A.M. (Deluxe Edition),11/13/2015,65,230320,https://open.spotify.com/track/5CRVwXGikmqzoRO6q7FeAg,love,if i could fly
1v1L0XaG96dLP3ihykfbMd,RED,Jet Jurgensmeyer,RED,6/6/2025,40,251818,https://open.spotify.com/track/1v1L0XaG96dLP3ihykfbMd,love,red
5u0YB9bpmgEPS2bPhwfRFV,arms,Christina Perri,lovestrong.,5/10/2011,58,261213,https://open.spotify.com/track/5u0YB9bpmgEPS2bPhwfRFV,love,arms
6lvsJDZ7336YmpBzcNGhbe,fOoL fOr YoU,ZAYN,Mind Of Mine (Deluxe Edition),3/25/2016,61,202213,https://open.spotify.com/track/6lvsJDZ7336YmpBzcNGhbe,love,fool for you
57uX2vR9j9DNiANDYfXw1i,Never Say Never,The Fray,The Fray,2/2/2009,68,256613,https://open.spotify.com/track/57uX2vR9j9DNiANDYfXw1i,love,never say never
3uWytfUTk3O9rrYB1vllTP,Remember Why,POLI NIKA,Remember Why,10/31/2025,33,197779,https://open.spotify.com/track/3uWytfUTk3O9rrYB1vllTP,love,remember why
0v0pc1lIt5p6EBX7pnfOGF,Holding On and Letting Go,Ross Copperman,Holding On and Letting Go LP,1/9/2012,45,317441,https://open.spotify.com/track/0v0pc1lIt5p6EBX7pnfOGF,love,holding on and letting go
1BIDFr83uMEAzgAaWcrnVN,Only You,Matthew Perryman Jones,Only You - Single,10/21/2010,40,248512,https://open.spotify.com/track/1BIDFr83uMEAzgAaWcrnVN,love,only you
1v6KfzL3Tw4jt6eYM9l0Fk,Man I Used To Be,Dax,Man I Used To Be,8/1/2025,57,231147,https://open.spotify.com/track/1v6KfzL3Tw4jt6eYM9l0Fk,love,man i used to be
6J0xeqjdpsUH0W1YBCmD1L,Take on the World,You Me At Six,Night People,1/6/2017,0,271306,https://open.spotify.com/track/6J0xeqjdpsUH0W1YBCmD1L,love,take on the world
5XsAal7ZcWg1I5T4NcRjkv,Halley's Comet,Billie Eilish,Happier Than Ever,7/30/2021,78,234761,https://open.spotify.com/track/5XsAal7ZcWg1I5T4NcRjkv,love,halleys comet
1fUesbVDYc5EL9jIdZgZx0,Wonderland,Lee Ji Yeon,Wonderland,9/10/2025,10,156260,https://open.spotify.com/track/1fUesbVDYc5EL9jIdZgZx0,love,wonderland
3zmwONxswBAzGwExPugSLN,Sweet Nothing,Taylor Swift,Midnights (3am Edition),10/22/2022,59,188496,https://open.spotify.com/track/3zmwONxswBAzGwExPugSLN,love,sweet nothing
0UgmLwOrTeOCUNwV07a5AD,Breathe Again,Sara Bareilles,Kaleidoscope Heart,9/7/2010,47,298280,https://open.spotify.com/track/0UgmLwOrTeOCUNwV07a5AD,love,breathe again
0qvzXomUDJVaUboy2wMfiS,This Town,Niall Horan,Flicker (Deluxe),10/20/2017,77,232852,https://open.spotify.com/track/0qvzXomUDJVaUboy2wMfiS,love,this town
0Kf6vyR8DUFJp8UiNfTShF,Give Me a Piece,Chord Fiction,Fragments,3/17/2025,22,241700,https://open.spotify.com/track/0Kf6vyR8DUFJp8UiNfTShF,love,give me a piece
2OXidlnDThZR3zf36k6DVL,Just A Kiss,Lady A,Own The Night,9/13/2011,66,218840,https://open.spotify.com/track/2OXidlnDThZR3zf36k6DVL,love,just a kiss
2Kerz9H9IejzeIpjhDJoYG,Love,Lana Del Rey,Lust For Life,7/21/2017,67,272742,https://open.spotify.com/track/2Kerz9H9IejzeIpjhDJoYG,love,love
24jvD83UgLmrdGjhWTFslY,Video Games,Lana Del Rey,Born To Die - The Paradise Edition,11/12/2012,65,281960,https://open.spotify.com/track/24jvD83UgLmrdGjhWTFslY,love,video games
1650yatyByhD11nXbD8ktd,Total Eclipse of the Heart,Sleeping At Last,"Covers, Vol. 1",5/16/2014,46,244824,https://open.spotify.com/track/1650yatyByhD11nXbD8ktd,love,total eclipse of the heart
0hNhlwnzMLzZSlKGDCuHOo,Space Song,Beach House,Depression Cherry,8/28/2015,0,320466,https://open.spotify.com/track/0hNhlwnzMLzZSlKGDCuHOo,love,space song
0wOZIDRrEEM2GCo1JN9gEH,PICTURE [feat. Marie-Mai],"Clément Jacques, Marie-Mai",PICTURE [feat. Marie-Mai],6/20/2025,40,266403,https://open.spotify.com/track/0wOZIDRrEEM2GCo1JN9gEH,love,picture feat mariemai
08Z0ziSvYZzRvbI1DRfjEQ,Fresh Pair of Eyes,Brooke Waggoner,Fresh Pair of Eyes,7/3/2007,41,229346,https://open.spotify.com/track/08Z0ziSvYZzRvbI1DRfjEQ,love,fresh pair of eyes
59UOqNP1w1SUy270vblIMr,I will let you go,Daniel Ahearn,Long way home,1/21/2010,30,264840,https://open.spotify.com/track/59UOqNP1w1SUy270vblIMr,love,i will let you go
1ak4qfZFxNy2Sg2dow5hQ9,Light Me Up,Ingrid Michaelson,It Doesn't Have to Make Sense,8/26/2016,0,247842,https://open.spotify.com/track/1ak4qfZFxNy2Sg2dow5hQ9,love,light me up
6kjgJsCEGmvy0geeJabDO6,Tattoo,Jazmine Vallis,Tattoo,6/12/2025,25,203376,https://open.spotify.com/track/6kjgJsCEGmvy0geeJabDO6,love,tattoo
3rJ9QyjgYiutqCltEKKnU5,Home,RHODES,Home,10/17/2014,32,215750,https://open.spotify.com/track/3rJ9QyjgYiutqCltEKKnU5,love,home
55oeEYEp81nHKvkdJjwXW2,How Sweet It Is (To Be Loved by You),Imaginary Future,How Sweet It Is (To Be Loved by You),6/29/2018,0,177385,https://open.spotify.com/track/55oeEYEp81nHKvkdJjwXW2,love,how sweet it is to be loved by you
2MidHwlPC23NzJHk66E8mw,Serenity,Julia Thomsen,Serenity,1/12/2024,37,143501,https://open.spotify.com/track/2MidHwlPC23NzJHk66E8mw,love,serenity
42YrWn7KYjhJ2GfjTJ3HSY,Work,Charlotte Day Wilson,Work,4/14/2016,0,224714,https://open.spotify.com/track/42YrWn7KYjhJ2GfjTJ3HSY,love,work
4p6IFXlhqEJMaNxafvld8a,Yours,Ella Henderson,Chapter One,10/6/2014,48,168586,https://open.spotify.com/track/4p6IFXlhqEJMaNxafvld8a,love,yours
3xFGySUQbSEsAm8BD6R97g,Please Don't Leave Quite Yet,Adam Agin,Rainy Days + Sleepless Nights,7/20/2012,32,209066,https://open.spotify.com/track/3xFGySUQbSEsAm8BD6R97g,love,please dont leave quite yet
3Y7BVYDtnww08afUPJpVVx,Higher,The Yorks,It's Nothing and Everything,8/16/2024,0,172000,https://open.spotify.com/track/3Y7BVYDtnww08afUPJpVVx,love,higher
41CgzGD7xlgnJe14R4cqkL,Paris in the Rain,Lauv,I met you when I was 18. (the playlist),5/31/2018,0,204712,https://open.spotify.com/track/41CgzGD7xlgnJe14R4cqkL,love,paris in the rain
6D2tzc8kRnZb7P1lNwMBLH,Close To You,Rihanna,ANTI (Deluxe),1/28/2016,56,223213,https://open.spotify.com/track/6D2tzc8kRnZb7P1lNwMBLH,love,close to you
0dHF8t7OIhgPele5WRUfWG,I'm Gonna Be (500 Miles),Sleeping At Last,"Covers, Vol. 1",5/16/2014,50,211787,https://open.spotify.com/track/0dHF8t7OIhgPele5WRUfWG,love,im gonna be 500 miles
6OKKfwf75kQ4veyLktYV7F,Only You,Selena Gomez,13 Reasons Why (A Netflix Original Series Score),3/30/2017,48,184080,https://open.spotify.com/track/6OKKfwf75kQ4veyLktYV7F,love,only you
5JDcQAztvZTIkrWoZihgvC,A Drop in the Ocean,Ron Pope,The Bedroom Demos,7/14/2008,63,220239,https://open.spotify.com/track/5JDcQAztvZTIkrWoZihgvC,love,a drop in the ocean
4x5YzxjrF9wvIIXJV7TveC,Till Forever Falls Apart,"Ashe, FINNEAS",Ashlyn,5/7/2021,70,222926,https://open.spotify.com/track/4x5YzxjrF9wvIIXJV7TveC,love,till forever falls apart
009ImBOrIUlWgla8U05RAC,Unconditionally,Katy Perry,PRISM,1/1/2013,77,228878,https://open.spotify.com/track/009ImBOrIUlWgla8U05RAC,love,unconditionally
53QF56cjZA9RTuuMZDrSA6,I Won't Give Up,Jason Mraz,Love Is a Four Letter Word (Deluxe Edition),4/13/2012,70,240165,https://open.spotify.com/track/53QF56cjZA9RTuuMZDrSA6,love,i wont give up
789CxjEOtO76BVD1A9yJQH,Stay,"Rihanna, Mikky Ekko",Unapologetic (Edited Version),1/1/2012,74,240706,https://open.spotify.com/track/789CxjEOtO76BVD1A9yJQH,love,stay
5O2P9iiztwhomNh8xkR9lJ,Night Changes,One Direction,FOUR (Deluxe),11/17/2014,87,226600,https://open.spotify.com/track/5O2P9iiztwhomNh8xkR9lJ,love,night changes
4TlMBKQs9pnwHwiEeoi6My,Wonderness,Julia Thomsen,Wonderness,2/4/2022,33,181777,https://open.spotify.com/track/4TlMBKQs9pnwHwiEeoi6My,love,wonderness
7CoMBpPTwQi2wPT0U0Nr9b,State Lines,Novo Amor,Birthplace,10/19/2018,75,208653,https://open.spotify.com/track/7CoMBpPTwQi2wPT0U0Nr9b,love,state lines
4Zwt0IkpzDOW2u0YfV94TK,Still,Niall Horan,Heartbreak Weather,3/13/2020,59,251883,https://open.spotify.com/track/4Zwt0IkpzDOW2u0YfV94TK,love,still
5vyxXfD5gLlyPxGZMEjtmd,Crazier,Taylor Swift,Hannah Montana The Movie,1/1/2009,63,191946,https://open.spotify.com/track/5vyxXfD5gLlyPxGZMEjtmd,love,crazier
0HKLzcztfHW7o9b2i0PwtV,Wicked Game,Gemma Hayes,Wicked Game,3/10/2012,50,245775,https://open.spotify.com/track/0HKLzcztfHW7o9b2i0PwtV,love,wicked game
7hDVYcQq6MxkdJGweuCtl9,ocean eyes,Billie Eilish,dont smile at me,12/22/2017,82,200379,https://open.spotify.com/track/7hDVYcQq6MxkdJGweuCtl9,love,ocean eyes
6VzcQuzTNTMFnJ6rBSaLH9,Fine Line,Harry Styles,Fine Line,12/13/2019,76,377960,https://open.spotify.com/track/6VzcQuzTNTMFnJ6rBSaLH9,love,fine line
0TAmnCzOtqRfvA38DDLTjj,Little Things,One Direction,Take Me Home (Expanded Edition),11/12/2012,71,219040,https://open.spotify.com/track/0TAmnCzOtqRfvA38DDLTjj,love,little things
1lyNFzcCl9kXCof6GV32fV,How Would You Feel (Paean),Ed Sheeran,How Would You Feel (Paean),2/16/2017,0,280533,https://open.spotify.com/track/1lyNFzcCl9kXCof6GV32fV,love,how would you feel paean
3Th56VIq2sEaEmPPETu7p5,All of the Stars,Ed Sheeran,x (Wembley Edition),2013,51,237146,https://open.spotify.com/track/3Th56VIq2sEaEmPPETu7p5,love,all of the stars
1JvGjHoDwbekZ9lNVzH0GH,Nobody,Selena Gomez,Revival (Deluxe),10/9/2015,42,217440,https://open.spotify.com/track/1JvGjHoDwbekZ9lNVzH0GH,love,nobody
3JjnGLK8IxkNLvo8Lb3KOM,18,One Direction,FOUR (Deluxe),11/17/2014,79,248360,https://open.spotify.com/track/3JjnGLK8IxkNLvo8Lb3KOM,love,18
3AVrVz5rK8Hrqo9YGiVGN5,Apocalypse,Cigarettes After Sex,Cigarettes After Sex,6/9/2017,4,290146,https://open.spotify.com/track/3AVrVz5rK8Hrqo9YGiVGN5,love,apocalypse
5oV8bZaShr2d01FFMHBUPq,Iris,Kina Grannis,Iris,3/10/2017,0,181136,https://open.spotify.com/track/5oV8bZaShr2d01FFMHBUPq,love,iris
6YPb7DMon2lInNJciLwgzG,Turning Page (Instrumental),Sleeping At Last,Turning Page,6/18/2012,52,256354,https://open.spotify.com/track/6YPb7DMon2lInNJciLwgzG,love,turning page instrumental
4JdZzDETO9XoTJB6imY5wr,How Long Will I Love You - Acoustic,Matt Johnson,How Long Will I Love You (Acoustic),6/19/2020,0,133013,https://open.spotify.com/track/4JdZzDETO9XoTJB6imY5wr,love,how long will i love you acoustic
3CV4lFELdziNM1OnHU8nwz,I Get to Love You,Ruelle,I Get to Love You,2/12/2016,61,239362,https://open.spotify.com/track/3CV4lFELdziNM1OnHU8nwz,love,i get to love you
42wAvtTqoZ1zG5EVnaUFX1,So Will I (100 Billion X),Hillsong Instrumentals,Piano Reflections (Vol. 5),10/2/2020,0,446566,https://open.spotify.com/track/42wAvtTqoZ1zG5EVnaUFX1,love,so will i 100 billion x
5jAIouBES8LWMiriuNq170,State Of Grace (Acoustic Version) (Taylor's Version),Taylor Swift,Red (Taylor's Version),11/12/2021,60,321640,https://open.spotify.com/track/5jAIouBES8LWMiriuNq170,love,state of grace acoustic version taylors version
05zCWOpwIUf6JY06gSL6uz,"Love Me Like You Do - From ""Fifty Shades Of Grey""",Ellie Goulding,Delirium,11/6/2015,59,252534,https://open.spotify.com/track/05zCWOpwIUf6JY06gSL6uz,love,love me like you do from fifty shades of grey
5RzH8ZRHQgkgdZgyQqwIRg,Turning Page,Sydney Rose,Turning Page,9/30/2020,0,218451,https://open.spotify.com/track/5RzH8ZRHQgkgdZgyQqwIRg,love,turning page
2NZEJxIUnsP18o2aNzeuZW,Make You Feel My Love,Sleeping At Last,"Covers, Vol. 2",11/4/2016,49,208339,https://open.spotify.com/track/2NZEJxIUnsP18o2aNzeuZW,love,make you feel my love
2aBtok3AHV6xX8mKJzJhMq,Heaven Everywhere,Dimitra Korri,This Time of Year,11/22/2019,21,208506,https://open.spotify.com/track/2aBtok3AHV6xX8mKJzJhMq,love,heaven everywhere
3bkrE2TqHt5o8OZmvdtlfv,Stand by Me,"Kina Grannis, Imaginary Future",Stand by Me,12/14/2018,0,142050,https://open.spotify.com/track/3bkrE2TqHt5o8OZmvdtlfv,love,stand by me
38ssTLOvoZyL4CLa4ImDG9,What a Wonderful World,"Kina Grannis, Imaginary Future",What a Wonderful World,1/31/2020,0,137066,https://open.spotify.com/track/38ssTLOvoZyL4CLa4ImDG9,love,what a wonderful world
1K3LRUEcUz5FMtPYyg0F45,Ho Hey,The Lumineers,The Lumineers (Deluxe Edition),2012,6,163133,https://open.spotify.com/track/1K3LRUEcUz5FMtPYyg0F45,love,ho hey
77enz5hl8RicxrbPB56VXQ,I Will Spend My Whole Life Loving You,"Imaginary Future, Kina Grannis",I Will Spend My Whole Life Loving You,6/16/2017,0,227619,https://open.spotify.com/track/77enz5hl8RicxrbPB56VXQ,love,i will spend my whole life loving you
4aVE92z0drZzYHKTk4ToVD,I'm so in Love with You (feat. Seth Avett),"Jill Andrews, Seth Avett",The War Inside,9/25/2015,39,226966,https://open.spotify.com/track/4aVE92z0drZzYHKTk4ToVD,love,im so in love with you feat seth avett
4HQr9UGqkHPzboqLb9J8pJ,No Matter Where You Are - Wedding Version,Us The Duo,Up Until Now,8/12/2020,0,251164,https://open.spotify.com/track/4HQr9UGqkHPzboqLb9J8pJ,love,no matter where you are wedding version
5cLbsKoNhkKXd6aZo4BOeq,Kiss Me,Kina Grannis,Kiss Me,6/7/2019,0,137930,https://open.spotify.com/track/5cLbsKoNhkKXd6aZo4BOeq,love,kiss me
4LGJ2pLDvTRnul3EcZoYkX,Like Real People Do,Hozier,Hozier,9/19/2014,68,198029,https://open.spotify.com/track/4LGJ2pLDvTRnul3EcZoYkX,love,like real people do
22bPsP2jCgbLUvh82U0Z3M,The Way I Loved You (Taylor’s Version),Taylor Swift,Fearless (Taylor's Version),4/9/2021,76,243136,https://open.spotify.com/track/22bPsP2jCgbLUvh82U0Z3M,love,the way i loved you taylors version
6JoS7ssf3K7YyrReqLBD6V,I Adore You,Molly Burch,Downhearted,9/16/2016,0,351679,https://open.spotify.com/track/6JoS7ssf3K7YyrReqLBD6V,love,i adore you
1LzNfuep1bnAUR9skqdHCK,Fade Into You,Mazzy Star,So Tonight That I Might See,10/5/1993,86,295600,https://open.spotify.com/track/1LzNfuep1bnAUR9skqdHCK,love,fade into you
00mULXfFvGLsTUsqWCzi6U,Unchained Melody,Norah Jones,Resistance Radio: The Man in the High Castle Album,4/7/2017,0,169933,https://open.spotify.com/track/00mULXfFvGLsTUsqWCzi6U,love,unchained melody
0nhwiwgQs34FnW61LaQxLS,Always Remember Us This Way,Noelle Johnson,Always Remember Us This Way,9/20/2019,0,194314,https://open.spotify.com/track/0nhwiwgQs34FnW61LaQxLS,love,always remember us this way
3odrUVQ9tvRpkC9II2oWzx,"Still Falling For You - From ""Bridget Jones's Baby""",Ellie Goulding,"Still Falling For You (From ""Bridget Jones's Baby"" Original Motion Picture Soundtrack)",8/19/2016,70,240867,https://open.spotify.com/track/3odrUVQ9tvRpkC9II2oWzx,love,still falling for you from bridget joness baby
3MJov5mT64K42o1Rffhblq,Never in My Wildest Dreams,Dan Auerbach,Waiting on a Song,6/2/2017,57,176026,https://open.spotify.com/track/3MJov5mT64K42o1Rffhblq,love,never in my wildest dreams
5YIEsBBvaFfyHAppVoaEcm,I Will Follow You,Toulouse,I Will Follow You,9/23/2016,0,159440,https://open.spotify.com/track/5YIEsBBvaFfyHAppVoaEcm,love,i will follow you
5PzWVmfzu7rePAuFkxPQf0,Repeat Until Death,Novo Amor,Birthplace,10/19/2018,71,234080,https://open.spotify.com/track/5PzWVmfzu7rePAuFkxPQf0,love,repeat until death
0gsBQy8Q0eWlR67xDmoWFw,So This Is Love,Emile Pandolfi,So This Is Love,12/15/2019,56,172187,https://open.spotify.com/track/0gsBQy8Q0eWlR67xDmoWFw,love,so this is love
6YvqWjhGD8mB5QXcbcUKtx,Love Story (Taylor’s Version),Taylor Swift,Fearless (Taylor's Version),4/9/2021,75,235766,https://open.spotify.com/track/6YvqWjhGD8mB5QXcbcUKtx,love,love story taylors version
41SLMGNfVwCe4cch8IA9LK,You & I - Piano Version,One Direction,You & I,5/25/2014,0,222413,https://open.spotify.com/track/41SLMGNfVwCe4cch8IA9LK,love,you i piano version
3I2K2EfJr2N5XdbDVcm05U,"Till The End - From ""Me Before You""",Jessie Ware,Me Before You (Original Motion Picture Soundtrack),6/3/2016,0,180560,https://open.spotify.com/track/3I2K2EfJr2N5XdbDVcm05U,love,till the end from me before you
4JehYebiI9JE8sR8MisGVb,Halo,Beyoncé,I AM...SASHA FIERCE,11/17/2008,74,261640,https://open.spotify.com/track/4JehYebiI9JE8sR8MisGVb,love,halo
1Ov37jtRQ2YNAe8HzfczkL,Wildest Dreams (Taylor's Version),Taylor Swift,Wildest Dreams (Taylor's Version),9/17/2021,72,220433,https://open.spotify.com/track/1Ov37jtRQ2YNAe8HzfczkL,love,wildest dreams taylors version
77sMIMlNaSURUAXq5coCxE,Fearless (Taylor’s Version),Taylor Swift,Fearless (Taylor's Version),4/9/2021,73,241591,https://open.spotify.com/track/77sMIMlNaSURUAXq5coCxE,love,fearless taylors version
7iSEz0IIVF5H4KLXIm99Vk,Angel,FINNEAS,Angel,6/11/2019,0,311152,https://open.spotify.com/track/7iSEz0IIVF5H4KLXIm99Vk,love,angel
7qH9Z4dJEN0l9bidizW7fq,Anchor,Novo Amor,Bathing Beach,5/26/2017,80,257533,https://open.spotify.com/track/7qH9Z4dJEN0l9bidizW7fq,love,anchor
5QL8Uqhv0MQRYKRy6UKQIy,I Lied (with August Ponthier),"Lord Huron, August Ponthier",I Lied,4/29/2021,55,234383,https://open.spotify.com/track/5QL8Uqhv0MQRYKRy6UKQIy,love,i lied with august ponthier
4R2kfaDFhslZEMJqAFNpdd,cardigan,Taylor Swift,folklore,7/24/2020,85,239560,https://open.spotify.com/track/4R2kfaDFhslZEMJqAFNpdd,love,cardigan
6lfxq3CG4xtTiEg7opyCyx,Can't Help Falling In Love,Kina Grannis,Crazy Rich Asians (Original Motion Picture Soundtrack),8/10/2018,66,201933,https://open.spotify.com/track/6lfxq3CG4xtTiEg7opyCyx,love,cant help falling in love
0ZPfDxZn5O0L84wvPSN2iG,How Long Will I Love You - Bonus Track,Ellie Goulding,Halcyon Days,1/1/2013,46,154435,https://open.spotify.com/track/0ZPfDxZn5O0L84wvPSN2iG,love,how long will i love you bonus track
5SrIIAedcgCx8io4GfRh2V,To Be Your Honey,Gemma Hayes,Bones + Longing,11/17/2014,0,214373,https://open.spotify.com/track/5SrIIAedcgCx8io4GfRh2V,love,to be your honey
3JvKfv6T31zO0ini8iNItO,Another Love,Tom Odell,Long Way Down (Deluxe),6/24/2013,87,244360,https://open.spotify.com/track/3JvKfv6T31zO0ini8iNItO,love,another love
4S6fv0puLCsfYjyBTPDb9k,Helium,Sia,Fifty Shades Darker (Original Motion Picture Soundtrack),2/10/2017,70,252320,https://open.spotify.com/track/4S6fv0puLCsfYjyBTPDb9k,love,helium
7hn8Q8WAxFdL4aZ159GI7C,A Thousand Years (feat. Steve Kazee) - Pt. 2; The Twilight Saga: Breaking Dawn Soundtrack,"Christina Perri, Steve Kazee",The Twilight Saga: Breaking Dawn - Part 2 (Original Motion Picture Soundtrack),11/9/2012,67,305893,https://open.spotify.com/track/7hn8Q8WAxFdL4aZ159GI7C,love,a thousand years feat steve kazee pt 2 the twilight saga breaking dawn soundtrack
42YunpdquRjWicoxW971f4,Fire In The Water,Feist,The Twilight Saga: Breaking Dawn - Part 2 (Original Motion Picture Soundtrack),11/9/2012,51,150786,https://open.spotify.com/track/42YunpdquRjWicoxW971f4,love,fire in the water
60jQTAr2OkFcV4SWSRz3st,Emotions,Brenda Lee,Emotions,4/3/1961,63,171226,https://open.spotify.com/track/60jQTAr2OkFcV4SWSRz3st,love,emotions
1qQSRy9DjrGh3jtsSCU6B1,Never Tear Us Apart,INXS,Kick,1987,66,185694,https://open.spotify.com/track/1qQSRy9DjrGh3jtsSCU6B1,love,never tear us apart
1OArWxrw689jZXaJzSErbh,"Quiet, The Winter Harbor",Mazzy Star,Still EP,6/1/2018,53,255358,https://open.spotify.com/track/1OArWxrw689jZXaJzSErbh,love,quiet the winter harbor
4k7x3QKrc3h3U0Viqk0uop,Rosyln,"Bon Iver, St. Vincent",The Twilight Saga: New Moon (Original Motion Picture Soundtrack),10/16/2009,77,289560,https://open.spotify.com/track/4k7x3QKrc3h3U0Viqk0uop,love,rosyln
6HbxpoChDH9ThadFOSAnma,Autumn Town Leaves,Iron & Wine,Weed Garden,8/31/2018,61,195200,https://open.spotify.com/track/6HbxpoChDH9ThadFOSAnma,love,autumn town leaves
3MwHZDGwAR8RjZZBriBqmx,Next to You,John Vincent III,Songs from the Valley,6/17/2019,66,256519,https://open.spotify.com/track/3MwHZDGwAR8RjZZBriBqmx,love,next to you
0boz2COxgC376hg1Drao5V,Lost In The Light,Bahamas,Barchords,2012,51,236813,https://open.spotify.com/track/0boz2COxgC376hg1Drao5V,love,lost in the light
1EWKuMkjiVrHRoqAquXVfL,I Don't Know What Love Is,"Lady Gaga, Bradley Cooper",A Star Is Born Soundtrack,10/5/2018,54,177293,https://open.spotify.com/track/1EWKuMkjiVrHRoqAquXVfL,love,i dont know what love is
1q32AhBbgDPdBr5VyCRHq6,I Want You,Stephen Sanchez,"What Was, Not Now",10/15/2021,55,210453,https://open.spotify.com/track/1q32AhBbgDPdBr5VyCRHq6,love,i want you
5mbLTFP3GSGp1NH1ah2KG9,Labrinth - Love Is Complicated (The Angels Sing),Labrinth,EUPHORIA SEASON 2 OFFICIAL SCORE (FROM THE HBO ORIGINAL SERIES),4/22/2022,50,199576,https://open.spotify.com/track/5mbLTFP3GSGp1NH1ah2KG9,love,labrinth love is complicated the angels sing
4d1CG5ei1E2vGbvmgf5KKv,This Love (Taylor’s Version),Taylor Swift,This Love (Taylor’s Version),5/6/2022,69,250100,https://open.spotify.com/track/4d1CG5ei1E2vGbvmgf5KKv,love,this love taylors version
0G41EUi3xiwUR6iOtXAQCz,Petrified,Omar Apollo,Ivory,4/8/2022,44,197453,https://open.spotify.com/track/0G41EUi3xiwUR6iOtXAQCz,love,petrified
2LXtyj95dK56ENS1QLt4IB,Beach Baby,Bon Iver,Blood Bank,1/20/2009,71,160093,https://open.spotify.com/track/2LXtyj95dK56ENS1QLt4IB,love,beach baby
2gNvrbywamPJShUrg9u0YL,Wherever You Go,Beach House,B-Sides and Rarities,6/30/2017,57,206624,https://open.spotify.com/track/2gNvrbywamPJShUrg9u0YL,love,wherever you go
0A1JLUlkZkp2EFrosoNQi0,Labyrinth,Taylor Swift,Midnights,10/21/2022,71,247962,https://open.spotify.com/track/0A1JLUlkZkp2EFrosoNQi0,love,labyrinth
6dYcUcj1TyZZES5ivtjLdk,Keep On Loving You,Cigarettes After Sex,Affection,10/5/2015,0,233000,https://open.spotify.com/track/6dYcUcj1TyZZES5ivtjLdk,love,keep on loving you
06vNG6CiV4k8oNA0wUUAO7,Until I Found You - Piano Version,Stephen Sanchez,Until I Found You (Piano Version),3/11/2022,64,184895,https://open.spotify.com/track/06vNG6CiV4k8oNA0wUUAO7,love,until i found you piano version
42Q00bTTgyQhPE2FVWaoJE,All I Need To Hear,The 1975,All I Need To Hear,9/21/2022,47,210447,https://open.spotify.com/track/42Q00bTTgyQhPE2FVWaoJE,love,all i need to hear
4uROR0y5k7u1bMfFOmc4WK,Somewhere Tonight,Beach House,Thank Your Lucky Stars,10/16/2015,53,253936,https://open.spotify.com/track/4uROR0y5k7u1bMfFOmc4WK,love,somewhere tonight
0M3HkE321xpCbCYqVKzr1q,It Will Rain,Bruno Mars,It Will Rain,9/28/2011,84,257720,https://open.spotify.com/track/0M3HkE321xpCbCYqVKzr1q,love,it will rain
6ZfXA2xakAvphXOSOJ3u1W,When I Look At You,Miley Cyrus,The Time Of Our Lives (International Version),1/1/2009,69,248586,https://open.spotify.com/track/6ZfXA2xakAvphXOSOJ3u1W,love,when i look at you
0p1BcEcYVO3uk4KDf3gzkY,Wanted,Hunter Hayes,Hunter Hayes (Encore),2011,63,228840,https://open.spotify.com/track/0p1BcEcYVO3uk4KDf3gzkY,love,wanted
1GxNPd5r7D1zChEMuMhue0,Only,RY X,Dawn,5/6/2016,59,268455,https://open.spotify.com/track/1GxNPd5r7D1zChEMuMhue0,love,only
1fDFHXcykq4iw8Gg7s5hG9,About You,The 1975,Being Funny In A Foreign Language,10/14/2022,84,326490,https://open.spotify.com/track/1fDFHXcykq4iw8Gg7s5hG9,love,about you
4UGoW08gaqIEWNTam1UNen,Love Like Ghosts,Lord Huron,Strange Trails,4/7/2015,2,224061,https://open.spotify.com/track/4UGoW08gaqIEWNTam1UNen,love,love like ghosts
2r1RfvbLuSZY9vix9iUNPw,I Found You,Alabama Shakes,Boys & Girls,4/10/2012,35,179653,https://open.spotify.com/track/2r1RfvbLuSZY9vix9iUNPw,love,i found you
2TgxCUZdHFkPEVmFge1OSd,Fallingforyou,The 1975,The 1975 (Deluxe Version),2013,60,240670,https://open.spotify.com/track/2TgxCUZdHFkPEVmFge1OSd,love,fallingforyou
1nvvaiJbrhCkM3Az74N1pM,Ranjha - Sid X Kiara Wedding Version,"Jasleen Royal, Anvita Dutt, Shraddha Sehgal, Prerna Arora, Ashwani Basoya",Ranjha (Sid X Kiara Wedding Version),2/20/2023,59,118554,https://open.spotify.com/track/1nvvaiJbrhCkM3Az74N1pM,love,ranjha sid x kiara wedding version
1Oyfarj5ipZwEup8DUM7hA,Aaj Sajeya,Goldie Sohel,Aaj Sajeya - Single,3/30/2021,50,229179,https://open.spotify.com/track/1Oyfarj5ipZwEup8DUM7hA,love,aaj sajeya
5frmIBzZKMjU2PlWJJ8Ir3,Tere Bin,Rabbi Shergill,Rabbi,2004,0,322701,https://open.spotify.com/track/5frmIBzZKMjU2PlWJJ8Ir3,love,tere bin
4yPOEvXZA1HxaE98Xzbm6r,Kudmayi,"Sachet Tandon, Amitabh Bhattacharya",Rocky Aur Rani Kii Prem Kahaani (Original Motion Picture Soundtrack),8/14/2023,0,267613,https://open.spotify.com/track/4yPOEvXZA1HxaE98Xzbm6r,love,kudmayi
0Jiaz0O4AqnJICa9PxHhaR,Mahiye Jinna Sohna,Darshan Raval,Dard,8/9/2023,67,181250,https://open.spotify.com/track/0Jiaz0O4AqnJICa9PxHhaR,love,mahiye jinna sohna
4svSc7BE6r9xMEk0GosnVu,Rang Lageya,"Mohit Chauhan, Rochak Kohli",Rang Lageya - Single,3/17/2021,48,227962,https://open.spotify.com/track/4svSc7BE6r9xMEk0GosnVu,love,rang lageya
6fAd7h8Jt3Hsf764rn7kEV,"Mehndi Laga Ke Rakhna (From ""Dilwale Dulhania Le Jayenge"")","Lata Mangeshkar, Udit Narayan",Diamonds Forever - Lata Mangeshkar,2/28/2018,47,286694,https://open.spotify.com/track/6fAd7h8Jt3Hsf764rn7kEV,love,mehndi laga ke rakhna from dilwale dulhania le jayenge
29YePgOxuPLfU7uZKxKf6w,Sawaar Loon,"Monali Thakur, Amit Trivedi",Lootera,5/29/2013,68,254699,https://open.spotify.com/track/29YePgOxuPLfU7uZKxKf6w,love,sawaar loon
3R8AWxcHiUUvYwXouezxZB,Joote De Do Paise Le Lo,"Lata Mangeshkar, S. P. Balasubrahmanyam",Hum Aapke Hain Koun (Original Motion Picture Soundtrack),7/30/1994,0,276160,https://open.spotify.com/track/3R8AWxcHiUUvYwXouezxZB,love,joote de do paise le lo
3mUkVsovIuscQlSoMhmAZt,Kali Kali Zulfon Ke (Lo-Fi),"Madhur Sharma, Swapnil Tare, Nusrat Fateh Ali Khan",Kali Kali Zulfon Ke (Lo-Fi),3/31/2023,55,77252,https://open.spotify.com/track/3mUkVsovIuscQlSoMhmAZt,love,kali kali zulfon ke lofi
0lCdndc8chDOcAQqfLvCyE,Mehndi Hai Rachnewali,"A.R. Rahman, Alka Yagnik",Zubeidaa (Original Motion Picture Soundtrack),9/8/2000,49,266253,https://open.spotify.com/track/0lCdndc8chDOcAQqfLvCyE,love,mehndi hai rachnewali
5LSAafg2oH9YPgf3EG17iw,Khalasi | Coke Studio Bharat,"Aditya Gadhvi, Achint",Khalasi | Coke Studio Bharat,7/5/2023,64,258260,https://open.spotify.com/track/5LSAafg2oH9YPgf3EG17iw,love,khalasi coke studio bharat
2qJAzSE6uC94oH2NRoPrGl,London Thumakda,"Labh Janjua, Sonu Kakkar, Neha Kakkar",Queen,2/4/2014,62,230468,https://open.spotify.com/track/2qJAzSE6uC94oH2NRoPrGl,love,london thumakda
4J9n7thOdqi8gxRGNyQoVC,Gal Mitthi Mitthi,"Amit Trivedi, Tochi Raina",Aisha (Original Motion Picture Soundtrack),7/5/2010,60,255906,https://open.spotify.com/track/4J9n7thOdqi8gxRGNyQoVC,love,gal mitthi mitthi
20lOkTejknlhjfhBnVzzN6,Chitta Kukkad,Neha Bhasin,Chitta Kukkad - Single,3/5/2018,0,194837,https://open.spotify.com/track/20lOkTejknlhjfhBnVzzN6,love,chitta kukkad
2xbvLQBFW7E9232BwMBljb,Badri Ki Dulhania (Title Track),"Dev Negi, Neha Kakkar, Monali Thakur, Ikka, Tanishk Bagchi, Shabbir Ahmed",Badrinath Ki Dulhania,2/14/2017,61,206858,https://open.spotify.com/track/2xbvLQBFW7E9232BwMBljb,love,badri ki dulhania title track
1uzkWkIaWaxzHJgJ4Fy5rO,Bole Chudiyan,"Jatin-Lalit, Amit Kumar, Sonu Nigam, Alka Yagnik, Udit Narayan, Kavita Krishnamurthy",Kabhi Khushi Kabhie Gham (Original Motion Picture Soundtrack),11/28/2001,64,408133,https://open.spotify.com/track/1uzkWkIaWaxzHJgJ4Fy5rO,love,bole chudiyan
5aN5zVgz1zAfE6LMxuJYaJ,"Gud Naal Ishq Mitha (From ""Ek Ladki Ko Dekha Toh Aisa Laga"")","Navraj Hans, Harshdeep Kaur, Rochak Kohli","Gud Naal Ishq Mitha (From ""Ek Ladki Ko Dekha Toh Aisa Laga"") - Single",1/15/2019,37,219934,https://open.spotify.com/track/5aN5zVgz1zAfE6LMxuJYaJ,love,gud naal ishq mitha from ek ladki ko dekha toh aisa laga
1ID8nD7o3Z7gtd8rsuof7F,Chaudhary,Mame Khan,Coke Studio India Season 2: Episode 3,7/23/2012,0,423613,https://open.spotify.com/track/1ID8nD7o3Z7gtd8rsuof7F,love,chaudhary
4mtkWtqn0z6BUyTNNqqmKa,Lar Gaiyaan,"Zarish Hafeez, Shiraz Uppal",Sangeet Tumka,1/11/2017,10,302915,https://open.spotify.com/track/4mtkWtqn0z6BUyTNNqqmKa,love,lar gaiyaan
6Tzd3QyHCoFXPUj1QUB4vG,Drama Queen,"Vishal-Shekhar, Shreya Ghoshal, Vishal Dadlani","Drama Queen (From ""Hasee Toh Phasee"")",1/5/2014,58,198746,https://open.spotify.com/track/6Tzd3QyHCoFXPUj1QUB4vG,love,drama queen
16168M9xvIA5FqGlurQfsv,Baari Barsi,"Salim–Sulaiman, Harshdeep Kaur, Labh Janjua, Salim Merchant, Amitabh Bhattacharya",Band Baaja Baaraat,3/11/2010,40,282697,https://open.spotify.com/track/16168M9xvIA5FqGlurQfsv,love,baari barsi
0WCYfoLuL3gMGDNr4cNd16,Banni,"Kapil Jangir, Komal Amrawat",Kapil's - EP,6/3/2021,47,162000,https://open.spotify.com/track/0WCYfoLuL3gMGDNr4cNd16,love,banni
0QOJABRwcIx5WfzILs47eJ,Latthay Di Chaadar,Hari & Sukhmani,Latthay Di Chaadar - Single,12/24/2018,39,215632,https://open.spotify.com/track/0QOJABRwcIx5WfzILs47eJ,love,latthay di chaadar
2Wu9PNpLUCBl3W1GaPqkhl,"Morni Banke (From ""Badhaai Ho"")","Guru Randhawa, Neha Kakkar, Tanishk Bagchi, Panjabi MC","Morni Banke (From ""Badhaai Ho"")",9/26/2018,56,198025,https://open.spotify.com/track/2Wu9PNpLUCBl3W1GaPqkhl,love,morni banke from badhaai ho
7zrqO3WRNwCfZ80k4Y9VG5,"Ghoomar (From ""Padmaavat"")","Shreya Ghoshal, Swaroop Khan, A.M. Turaz, Sanjay Leela Bhansali","Ghoomar (From ""Padmaavat"")",10/25/2017,56,282007,https://open.spotify.com/track/7zrqO3WRNwCfZ80k4Y9VG5,love,ghoomar from padmaavat
1y8Ck6jFOyxNC59SrQJIn6,Jhalla Wallah,"Amit Trivedi, Shreya Ghoshal, Kausar Munir",Ishaqzaade,4/12/2012,61,351425,https://open.spotify.com/track/1y8Ck6jFOyxNC59SrQJIn6,love,jhalla wallah
5yDC62x6y5vZc32PzULCeU,Saajanji Ghar Aaye,"Jatin-Lalit, Kumar Sanu, Alka Yagnik, Kavita Krishnamurthy",Kuch Kuch Hota Hai (Original Motion Picture Soundtrack),8/19/1998,59,435800,https://open.spotify.com/track/5yDC62x6y5vZc32PzULCeU,love,saajanji ghar aaye
5YY8EsBdUYAg1NJQIvgCEj,Ghagra,"Pritam, Rekha Bhardwaj, Vishal Dadlani",Yeh Jawaani Hai Deewani,3/30/2013,65,304307,https://open.spotify.com/track/5YY8EsBdUYAg1NJQIvgCEj,love,ghagra
1KUbKsFnBrt4cWujEmZ6GP,Aithey Aa,"Vishal-Shekhar, AKASA, Neeti Mohan, Kamaal Khan",Bharat,5/17/2019,49,219491,https://open.spotify.com/track/1KUbKsFnBrt4cWujEmZ6GP,love,aithey aa
5ckJAMv3Ixm6orTgfkmtbf,Shubhaarambh,"Amit Trivedi, Shruti Pathak, Divya Kumar",Celebrate Kai Po Che (Original Motion Picture Soundtrack),7/10/2013,62,232533,https://open.spotify.com/track/5ckJAMv3Ixm6orTgfkmtbf,love,shubhaarambh
31EqumBCMNGK3kt1sSL4gV,"Laung Laachi Title Track (From ""Laung Laachi"")","Mannat Noor, Gurmeet Singh","Laung Laachi Title Track (From ""Laung Laachi"")",2/22/2018,52,160635,https://open.spotify.com/track/31EqumBCMNGK3kt1sSL4gV,love,laung laachi title track from laung laachi
1gwO79MdYdumgIjxq8eCxB,Bahara,"Vishal-Shekhar, Shreya Ghoshal, Sona Mohapatra",I Hate Luv Storys (Original Motion Picture Soundtrack),5/25/2010,70,325706,https://open.spotify.com/track/1gwO79MdYdumgIjxq8eCxB,love,bahara
1XVKNlNE2quleT1ZY5yFmN,"Ghani Bawri (From ""Tanu Weds Manu Returns"")",Jyoti Noora,Tanu Weds Manu Returns (Original Motion Picture Soundtrack),4/30/2015,0,254880,https://open.spotify.com/track/1XVKNlNE2quleT1ZY5yFmN,love,ghani bawri from tanu weds manu returns
7hXnhouVPnOnFwCGrQMHvB,Cutiepie,"Pritam, Pardeep Sran, Nakash Aziz",Ae Dil Hai Mushkil (Original Motion Picture Soundtrack) [Deluxe Edition],10/26/2016,56,231562,https://open.spotify.com/track/7hXnhouVPnOnFwCGrQMHvB,love,cutiepie
2W6bC4K4e6y42HnYTA5yHO,Nagada Nagada,"Pritam, Sonu Nigam, Javed Ali, Irshad Kamil",Jab We Met,9/21/2007,59,228469,https://open.spotify.com/track/2W6bC4K4e6y42HnYTA5yHO,love,nagada nagada
3jJ5HgLRNydtLRghjWVaCG,Kabira (Encore),"Pritam, Harshdeep Kaur, Arijit Singh",Yeh Jawaani Hai Deewani,3/30/2013,62,270438,https://open.spotify.com/track/3jJ5HgLRNydtLRghjWVaCG,love,kabira encore
69iDTIABXobqbl8zJOp8dq,Punjabi Wedding Song,"Vishal-Shekhar, Sunidhi Chauhan, Benny Dayal",Hasee Toh Phasee (Original Motion Picture Soundtrack),1/5/2014,51,233920,https://open.spotify.com/track/69iDTIABXobqbl8zJOp8dq,love,punjabi wedding song
2Bn2JQAGZzxe09jFzm1SqJ,Aaja Nachle,"Salim–Sulaiman, Sunidhi Chauhan, Piyush Mishra",Aaja Nachle,10/18/2007,61,305162,https://open.spotify.com/track/2Bn2JQAGZzxe09jFzm1SqJ,love,aaja nachle
7hNYvX0qAKrxtVr1jGDmvR,Gallan Goodiyaan,"Yashita Sharma, Manish Kumar Tipu, Farhan Akhtar, Shankar Mahadevan, Sukhwinder Singh",Dil Dhadakne Do,5/2/2015,67,296500,https://open.spotify.com/track/7hNYvX0qAKrxtVr1jGDmvR,love,gallan goodiyaan
3W1XPf7mvuQcWQB7U7MbTM,Dilliwaali Girlfriend,"Pritam, Arijit Singh, Sunidhi Chauhan",Yeh Jawaani Hai Deewani,3/30/2013,69,260552,https://open.spotify.com/track/3W1XPf7mvuQcWQB7U7MbTM,love,dilliwaali girlfriend
0MAL4lkJiJgCwGdO0Q264f,"High Heels Te Nachche (From ""Ki &amp; Ka"") (feat. Jaz Dhami, Aditi Singh Sharma)","Meet Bros., Yo Yo Honey Singh, Jaz Dhami, Aditi Singh Sharma",Yo Yo Honey Singh Is Back,3/12/2018,51,212115,https://open.spotify.com/track/0MAL4lkJiJgCwGdO0Q264f,love,high heels te nachche from ki amp ka feat jaz dhami aditi singh sharma
7Czm0vv2sYL5z4P51KY66e,Maahi Ve,"Shankar-Ehsaan-Loy, Sadhana Sargam, Sujata Bhattacharya, Udit Narayan, Sonu Nigam",Kal Ho Naa Ho (Original Motion Picture Soundtrack),9/20/2003,62,366853,https://open.spotify.com/track/7Czm0vv2sYL5z4P51KY66e,love,maahi ve
4YIhJmihoXwjtbY4vsV9Nh,"Kudi Nu Nachne De (From ""Angrezi Medium"")","Vishal Dadlani, Sachin-Jigar","Kudi Nu Nachne De (From ""Angrezi Medium"")",3/4/2020,56,172381,https://open.spotify.com/track/4YIhJmihoXwjtbY4vsV9Nh,love,kudi nu nachne de from angrezi medium
2l8TsM7BL2rA2iBej6jmfH,"Banno Ki Aayegi Baraat, Pt. 1",Pamela Chopra,Aaina (Original Motion Picture Soundtrack),12/1/1992,16,353426,https://open.spotify.com/track/2l8TsM7BL2rA2iBej6jmfH,love,banno ki aayegi baraat pt 1
4eu27jAU2bbnyHUC3G75U8,Badtameez Dil,"Pritam, Benny Dayal, Shefali Alvares",Yeh Jawaani Hai Deewani,3/30/2013,70,252760,https://open.spotify.com/track/4eu27jAU2bbnyHUC3G75U8,love,badtameez dil
7emLx4rVwr0tPyjktu7A7U,Deewangi Deewangi,"Vishal-Shekhar, Shaan, Udit Narayan, Shreya Ghoshal, Sunidhi Chauhan, Rahul Saxena",Om Shanti Om,9/18/2007,61,352388,https://open.spotify.com/track/7emLx4rVwr0tPyjktu7A7U,love,deewangi deewangi
2iXVckhPy7tP0wV9DvlrjZ,Mauja Hi Mauja,"Pritam, Mika Singh, Irshad Kamil",Jab We Met,9/21/2007,67,245099,https://open.spotify.com/track/2iXVckhPy7tP0wV9DvlrjZ,love,mauja hi mauja
0nHh2DAQxB0jpAjX6375E9,Kajra / Uden Jab Jab Mashup,Shashaa Tirupati,Kajra / Uden Jab Jab Mashup - Single,12/3/2018,30,125329,https://open.spotify.com/track/0nHh2DAQxB0jpAjX6375E9,love,kajra uden jab jab mashup
0YJooLEHFKKjtwWSEaeHzX,Dholida,"Udit Narayan, Neha Kakkar, Palak Muchhal, Raja Hasan, Tanishk Bagchi, Shabbir Ahmed",Loveyatri - A Journey Of Love,10/3/2018,53,216251,https://open.spotify.com/track/0YJooLEHFKKjtwWSEaeHzX,love,dholida
4Nca80V9yDz1QX6dDGBgeN,Dhindhora Baje Re,"Darshan Raval, Bhoomi Trivedi, Amitabh Bhattacharya",Rocky Aur Rani Kii Prem Kahaani (Original Motion Picture Soundtrack),8/14/2023,0,253599,https://open.spotify.com/track/4Nca80V9yDz1QX6dDGBgeN,love,dhindhora baje re
0YKEBiwNh4VGsuf99aNfLa,Anarkali Disco Chali,"Mamta Sharma, Sukhwinder Singh",Housefull 2,3/2/2012,61,293954,https://open.spotify.com/track/0YKEBiwNh4VGsuf99aNfLa,love,anarkali disco chali
6E6UhpF6vV6Cu1VFbrlVM2,Mujhse Shaadi Karogi,"Sonu Nigam, Udit Narayan, Sunidhi Chauhan",Mujhse Shaadi Karogi,5/31/2004,59,326226,https://open.spotify.com/track/6E6UhpF6vV6Cu1VFbrlVM2,love,mujhse shaadi karogi
3FSv883oAwo0tXbX0121jC,Wedding Da Season,"Mika Singh, Neha Kakkar, Amaal Mallik",Wedding Da Season,11/25/2015,29,225521,https://open.spotify.com/track/3FSv883oAwo0tXbX0121jC,love,wedding da season
60MtSgn6FttZapzcFeWRZO,"Dola Re Dola - From ""Devdas""","Kavita Krishnamurthy, Shreya Ghoshal, KK",Devdas (Original Motion Picture Soundtrack),1/1/2002,50,395866,https://open.spotify.com/track/60MtSgn6FttZapzcFeWRZO,love,dola re dola from devdas
2zGaY3iWYTHjgpSLC0wqdx,Laal Dupatta,"Udit Narayan, Alka Yagnik",Mujhse Shaadi Karogi,5/31/2004,57,314413,https://open.spotify.com/track/2zGaY3iWYTHjgpSLC0wqdx,love,laal dupatta
26gWK6wp04jaWdRzKg4lxd,Ambarsariya-Suit Suit,"Kanika Kapoor, Guru Randhawa",Hits Of Guru Randhawa,11/10/2017,38,200462,https://open.spotify.com/track/26gWK6wp04jaWdRzKg4lxd,love,ambarsariyasuit suit
0e5STSwtLEXKN4ygFYydJd,Aunty Ji,"Ash King, Neuman Pinto, Bianca Gomes, Amit Trivedi",Ek Main Aur Ekk Tu,12/29/2011,45,274784,https://open.spotify.com/track/0e5STSwtLEXKN4ygFYydJd,love,aunty ji
5lnxK8H9ccEkliW73ksgW0,"Didi Tera Devar Deewana (From ""Hum Aapke Hain Koun"")","Lata Mangeshkar, S. P. Balasubrahmanyam",Diamonds Forever - Lata Mangeshkar,2/28/2018,35,485333,https://open.spotify.com/track/5lnxK8H9ccEkliW73ksgW0,love,didi tera devar deewana from hum aapke hain koun
5iyNH1Dmxif1k4Nl1gMeuh,Masakali,"Mohit Chauhan, A.R. Rahman, Prasoon Joshi",Delhi-6,1/19/2009,66,288647,https://open.spotify.com/track/5iyNH1Dmxif1k4Nl1gMeuh,love,masakali
1tEto4JrqNmBZFH5uAiYqb,Sadi Gali,"Lehmber Hussainpuri, Raj Shekhar",Tanu Weds Manu,2/2/2011,62,264900,https://open.spotify.com/track/1tEto4JrqNmBZFH5uAiYqb,love,sadi gali
0fRQGNuIp5cdr9TBShw1bN,Gun Gun Guna,"Ajay-Atul, Udit Narayan, Sunidhi Chauhan",Agneepath (Original Motion Picture Soundtrack),12/16/2011,51,275386,https://open.spotify.com/track/0fRQGNuIp5cdr9TBShw1bN,love,gun gun guna
45P9g6kUb7itdonjjGjDdS,Lamberghini,"The Doorbeen, Ragini",Lamberghini - Single,2/26/2018,47,216999,https://open.spotify.com/track/45P9g6kUb7itdonjjGjDdS,love,lamberghini
4ymPEyiXabTe1NO8q8EFxG,"Chogada (From ""Loveyatri"")","Darshan Raval, Asees Kaur, Lijo George-Dj Chetas","Chogada (From ""Loveyatri"")",8/14/2018,66,249741,https://open.spotify.com/track/4ymPEyiXabTe1NO8q8EFxG,love,chogada from loveyatri
6oloWgrErtc8dG2WiV55gn,Sawan Mein Lag Gayi Aag,"Mika Singh, Payal Dev, Neha Kakkar, Badshah",Ginny Weds Sunny (Original Motion Picture Soundtrack),9/28/2020,58,226615,https://open.spotify.com/track/6oloWgrErtc8dG2WiV55gn,love,sawan mein lag gayi aag
7cQtGVoPCK9DlspeYjdHOA,"Ban Ja Rani (From ""Tumhari Sulu"")",Guru Randhawa,High Rated Gabru - Guru Randhawa,3/2/2019,61,225937,https://open.spotify.com/track/7cQtGVoPCK9DlspeYjdHOA,love,ban ja rani from tumhari sulu
1ax8ZuwRVkSdzzsIqyCNWQ,Tumse Milke Dil Ka,"Sonu Nigam, Sabri Brothers",Main Hoon Na,2/27/2004,66,359253,https://open.spotify.com/track/1ax8ZuwRVkSdzzsIqyCNWQ,love,tumse milke dil ka
0OvLWPmyhxdAV0OZNHDeTz,"Rangtaari (From ""Loveyatri"")","Dev Negi, Yo Yo Honey Singh, Tanishk Bagchi","Rangtaari (From ""Loveyatri"")",9/12/2018,44,217242,https://open.spotify.com/track/0OvLWPmyhxdAV0OZNHDeTz,love,rangtaari from loveyatri
7djtJAOmABNEK0yNhcWgrP,Main Sasural Nahin Jaoongi,"Pamela Chopra, Anand Bakshi",Chandni (Original Motion Picture Soundtrack),9/14/1989,16,250800,https://open.spotify.com/track/7djtJAOmABNEK0yNhcWgrP,love,main sasural nahin jaoongi
21Af1fetSINZpmAS3si8DW,Jiya Re,"A.R. Rahman, Neeti Mohan, Gulzar",Jab Tak Hai Jaan,10/9/2012,59,319216,https://open.spotify.com/track/21Af1fetSINZpmAS3si8DW,love,jiya re
2TbCdbFzs2xO2nzasn0Qvw,"Don't Be Shy Again (From ""Bala"")","Sachin-Jigar, Badshah, Shalmali Kholgade, Gurdeep Mehndi","Don't Be Shy Again (From ""Bala"")",10/18/2019,52,164159,https://open.spotify.com/track/2TbCdbFzs2xO2nzasn0Qvw,love,dont be shy again from bala
7yEuRloGyxyu1KaWBTPP1Z,"Slow Motion (From ""Bharat"")","Shreya Ghoshal, Nakash Aziz, Vishal-Shekhar","Slow Motion (From ""Bharat"")",4/25/2019,49,247247,https://open.spotify.com/track/7yEuRloGyxyu1KaWBTPP1Z,love,slow motion from bharat
7bWIRK3emiP8UwH6fpDfuu,Gallan Kardi,"Jazzy B, Jyotica Tangri, Mumzy Stranger, Prem & Hardeep",Jawaani Jaaneman (Original Motion Picture Soundtrack),1/15/2020,48,194726,https://open.spotify.com/track/7bWIRK3emiP8UwH6fpDfuu,love,gallan kardi
2QMQ4H0jkVuKr7INEwWLru,Phatte Tak Nachna,Sunidhi Chauhan,Dolly Ki Doli,1/2/2015,28,282708,https://open.spotify.com/track/2QMQ4H0jkVuKr7INEwWLru,love,phatte tak nachna
5MHqNesgY5VngoCITqsZGh,Dholi Taro Dhol Baaje,"Kavita Krishnamurthy, Vinod Rathod, Karsan Sagathiya",Hum Dil De Chuke Sanam,4/30/1999,50,375293,https://open.spotify.com/track/5MHqNesgY5VngoCITqsZGh,love,dholi taro dhol baaje
18e3XXYCv4Tx8uUl1mP3CN,Balam Pichkari,"Pritam, Vishal Dadlani, Shalmali Kholgade",Yeh Jawaani Hai Deewani,3/30/2013,66,288902,https://open.spotify.com/track/18e3XXYCv4Tx8uUl1mP3CN,love,balam pichkari
57jOEZtoLQK4zF2x55bdkp,"Tu Hi Yaar Mera (From ""Pati Patni Aur Woh"")","Rochak Kohli, Arijit Singh, Neha Kakkar","Tu Hi Yaar Mera (From ""Pati Patni Aur Woh"")",12/2/2019,66,200991,https://open.spotify.com/track/57jOEZtoLQK4zF2x55bdkp,love,tu hi yaar mera from pati patni aur woh
3jyqXdAjwqO3gFtjnYrbq9,"Ek Ladki Ko Dekha Toh Aisa Laga (From ""Ek Ladki Ko Dekha Toh Aisa Laga"")","Darshan Raval, Rochak Kohli","Ek Ladki Ko Dekha Toh Aisa Laga (From ""Ek Ladki Ko Dekha Toh Aisa Laga"") - Single",1/8/2019,49,155172,https://open.spotify.com/track/3jyqXdAjwqO3gFtjnYrbq9,love,ek ladki ko dekha toh aisa laga from ek ladki ko dekha toh aisa laga
5EqebeDhCvMolO1FovpaDx,Dulhan Hum Le Jayenge,"Alka Yagnik, Kumar Sanu, Sunita Rao",Dulhan Hum Le Jayenge (Original Motion Picture Soundtrack),1/15/2000,44,323680,https://open.spotify.com/track/5EqebeDhCvMolO1FovpaDx,love,dulhan hum le jayenge
68iBMrMRc1rg4eAxJbvxch,Leja Re,"Tanishk Bagchi, Dhvani Bhanushali, Rashmi Virag",Leja Re,11/24/2018,60,205974,https://open.spotify.com/track/68iBMrMRc1rg4eAxJbvxch,love,leja re
0gE4lSz8VwKkxzQB5hj1XE,"Manwa Laage (From ""Happy New Year"")","Shreya Ghoshal, Arijit Singh",Best Of Shreya Ghoshal,3/9/2018,60,272082,https://open.spotify.com/track/0gE4lSz8VwKkxzQB5hj1XE,love,manwa laage from happy new year
1akzSqvnTzAxlyWYqTZcJX,Sharara,"Jeet-Pritam, Asha Bhosle, Javed Akhtar",Mere Yaar Ki Shaadi Hai,5/9/2002,56,296515,https://open.spotify.com/track/1akzSqvnTzAxlyWYqTZcJX,love,sharara
7w1s13gzZyP5cVdHeyiT21,Sajan Ke Ghar Jana Hain,"Alka Yagnik, Richa Sharma, Sonu Nigam",Lajja (Original Motion Picture Soundtrack),1/25/2021,42,376644,https://open.spotify.com/track/7w1s13gzZyP5cVdHeyiT21,love,sajan ke ghar jana hain
0IYpKZhCeoXB85BslBg3q5,Yeh Ladka Hai Allah,"Jatin-Lalit, Udit Narayan, Alka Yagnik",Kabhi Khushi Kabhie Gham (Original Motion Picture Soundtrack),11/28/2001,64,327226,https://open.spotify.com/track/0IYpKZhCeoXB85BslBg3q5,love,yeh ladka hai allah
7fllsOe1cV2pTBzdbkgrX7,Baby Ko Bass Pasand Hai,"Vishal-Shekhar, Vishal Dadlani, Shalmali Kholgade, Isheeta, Badshah, Irshad Kamil",Sultan,5/31/2016,50,253204,https://open.spotify.com/track/7fllsOe1cV2pTBzdbkgrX7,love,baby ko bass pasand hai
6cUaCs1lKfDOyFKMkBF8ch,Dil Dooba,"Sonu Nigam, Shreya Ghoshal",Khakee,10/17/2003,65,230946,https://open.spotify.com/track/6cUaCs1lKfDOyFKMkBF8ch,love,dil dooba
0EH7sgeiFqDa3eS7ieW2zs,Chammak Challo,"Vishal-Shekhar, Akon, Hamsika Iyer, Vishal Dadlani, Niranjan Iyengar",Ra-One,9/16/2011,75,227091,https://open.spotify.com/track/0EH7sgeiFqDa3eS7ieW2zs,love,chammak challo
3YV4Go0hpYXjGTGLJXjfda,"Sajna, Say Yes To The Dress","Badshah, Payal Dev","Sajna, Say Yes To The Dress",12/1/2021,0,158055,https://open.spotify.com/track/3YV4Go0hpYXjGTGLJXjfda,love,sajna say yes to the dress
3H4H5AuUK3t28rJNo1Pbfl,Mehendi Wale Haath,"Sachet-Parampara, Guru Randhawa, Sanjana Sanghi",Mehendi Wale Haath,1/14/2021,56,210314,https://open.spotify.com/track/3H4H5AuUK3t28rJNo1Pbfl,love,mehendi wale haath
39IVoEO9CeLQXYJcLvLwQk,O Mehndi Rang Layee,"Udit Narayan, Sonu Nigam, Alka Yagnik, Jaspinder Narula",Chal Mere Bhai,3/25/2000,37,410133,https://open.spotify.com/track/39IVoEO9CeLQXYJcLvLwQk,love,o mehndi rang layee
469feuqSbNddPWlsmDane7,"Banno (From ""Tannu Weds Manu Returns"")","Brijesh Shandilya, Swati Sharma, Krsna Solo",Tanu Weds Manu Returns (Original Motion Picture Soundtrack),4/30/2015,0,196172,https://open.spotify.com/track/469feuqSbNddPWlsmDane7,love,banno from tannu weds manu returns
6TuPGbfbcWxITQnyMy04rU,Jogi Mahi,"Vishal-Shekhar, Sukhwinder Singh, Shekhar Ravjiani, Himani Kapoor, Anvita Dutt Guptan",Bachna Ae Haseeno,7/5/2008,51,294948,https://open.spotify.com/track/6TuPGbfbcWxITQnyMy04rU,love,jogi mahi
6f7zyAEUCZuvX4Zty62Z5o,Radha,"Vishal-Shekhar, Shreya Ghoshal, Udit Narayan, Vishal Dadlani, Shekhar Ravjiani",Student of the Year (Original Motion Picture Soundtrack),8/31/2012,62,341360,https://open.spotify.com/track/6f7zyAEUCZuvX4Zty62Z5o,love,radha
4NtaQSiRgkQ2Af8GSW0B0t,Billo Rani,"Pritam, Anand Raj Anand, Richa Sharma",Dhan Dhana Dhan Goal,10/30/2007,63,329247,https://open.spotify.com/track/4NtaQSiRgkQ2Af8GSW0B0t,love,billo rani
74AqVxZ3oXwJ8olHssBUG3,Ainvayi Ainvayi,"Salim–Sulaiman, Salim Merchant, Sunidhi Chauhan, Amitabh Bhattacharya",Band Baaja Baaraat,3/11/2010,65,267624,https://open.spotify.com/track/74AqVxZ3oXwJ8olHssBUG3,love,ainvayi ainvayi
320GYtO51QayJwOiO1zIrp,Saiyaan Superstar,"Tulsi Kumar, Amaal Mallik, Kumaar",Ek Paheli Leela,3/10/2015,40,248723,https://open.spotify.com/track/320GYtO51QayJwOiO1zIrp,love,saiyaan superstar
3WQyg3aakTMchXSeBnstLi,Rab Kare,"Udit Narayan, Alka Yagnik",Mujhse Shaadi Karogi,5/31/2004,59,259880,https://open.spotify.com/track/3WQyg3aakTMchXSeBnstLi,love,rab kare
4BiPsAV070dg3eLSVf727A,Ye Ishq Hai,"Pritam, Shreya Ghoshal, Irshad Kamil",Jab We Met,9/21/2007,69,280974,https://open.spotify.com/track/4BiPsAV070dg3eLSVf727A,love,ye ishq hai
0oPRqFB0lh0Npqt2q15ubs,Mera Yaar Dildar,"Alka Yagnik, Sonu Nigam, Sukhwinder Singh",Jaanwar (Original Motion Picture Soundtrack),11/10/1999,44,283506,https://open.spotify.com/track/0oPRqFB0lh0Npqt2q15ubs,love,mera yaar dildar
4a3AzCVuHiiXN6PmxpNegB,Banke Tera Jogi,"Jatin-Lalit, Alka Yagnik, Sonu Nigam",Phir Bhi Dil Hai Hindustani (Original Motion Picture Soundtrack),12/5/1999,55,283760,https://open.spotify.com/track/4a3AzCVuHiiXN6PmxpNegB,love,banke tera jogi
0ON0JdGgRTVcCInt8j6eod,Iski Uski,"Akriti Kakar, Shahid Mallya",2 States,3/14/2014,53,254407,https://open.spotify.com/track/0ON0JdGgRTVcCInt8j6eod,love,iski uski
0R17F5MKTvYpLzqFsVPJl7,Jhoot Bole Kauva Kate,"Lata Mangeshkar, Shailendra Singh",Bobby (Original Motion Picture Soundtrack),12/1/1973,23,255198,https://open.spotify.com/track/0R17F5MKTvYpLzqFsVPJl7,love,jhoot bole kauva kate
5HJvDTnAaDWqhsE841I1QR,Kamariya,"Lijo George, Dj Chetas, Darshan Raval",Mitron (Original Motion Picture Soundtrack),8/30/2018,58,251640,https://open.spotify.com/track/5HJvDTnAaDWqhsE841I1QR,love,kamariya
5pQODzb8j3xMQ1qvrQXJvo,Laung Da Lashkara,"Mahalakshmi Iyer, Hard Kaur, Jassi",Patiala House,1/7/2011,62,304466,https://open.spotify.com/track/5pQODzb8j3xMQ1qvrQXJvo,love,laung da lashkara
3AKgg2xh1XZEmB8vNks2Gi,Hawa Hawa,"Mika Singh, Prakriti Kakar, Gourov-Roshin","Hawa Hawa (From ""Mubarakan"")",6/29/2017,55,272290,https://open.spotify.com/track/3AKgg2xh1XZEmB8vNks2Gi,love,hawa hawa
2UtsLJy1O0OFkCgjJGPGfe,Tujhe Yaad Na Meri Aayee,"Jatin-Lalit, Udit Narayan, Manpreet Akhtar",Kuch Kuch Hota Hai (Original Motion Picture Soundtrack),8/19/1998,60,424573,https://open.spotify.com/track/2UtsLJy1O0OFkCgjJGPGfe,love,tujhe yaad na meri aayee
20rwogC6aE369YsxFb5aRp,Din Shagna Da,"Jasleen Royal, Neeraj Rajawat",Phillauri,3/6/2017,56,215304,https://open.spotify.com/track/20rwogC6aE369YsxFb5aRp,love,din shagna da
5f6v7J2ifXZZijn0AGd0Bz,Mahiya,Ranjit Bawa,Mahiya,2/18/2020,0,302987,https://open.spotify.com/track/5f6v7J2ifXZZijn0AGd0Bz,love,mahiya
1PJjB3p65wjdCbMTObhPxv,Madhaniya,Neha Bhasin,Madhaniya - Single,6/1/2016,0,255301,https://open.spotify.com/track/1PJjB3p65wjdCbMTObhPxv,love,madhaniya
7GnO1WjNfc0BjHwwbkmsAn,Mehndi,"Miss Pooja, DJ KSR",Mehndi,1/4/2020,19,172261,https://open.spotify.com/track/7GnO1WjNfc0BjHwwbkmsAn,love,mehndi
5h6O8kOSivahcPg4Rlgp15,"Banarasiya (From ""Raanjhanaa"")","A.R. Rahman, Shreya Ghoshal",Raanjhanaa (Original Motion Picture Soundtrack),5/31/2013,50,289346,https://open.spotify.com/track/5h6O8kOSivahcPg4Rlgp15,love,banarasiya from raanjhanaa
48QEqHpLNEBpzW2Ef4LryG,Kala Sha Kala,Annamika,Bollywood to Bhangra,1/7/2016,0,250989,https://open.spotify.com/track/48QEqHpLNEBpzW2Ef4LryG,love,kala sha kala
0Sf6tCf1PpIXrG5htibftj,"Sun Sohniye - From ""Afsar""","Ranjit Bawa, Nimrat Khaira, Arjan Dhillon, Jaidev Kumar","Sun Sohniye (From ""Afsar"")",9/18/2018,41,158416,https://open.spotify.com/track/0Sf6tCf1PpIXrG5htibftj,love,sun sohniye from afsar
2mMW4YtrF03h5h4NaXCDsS,Taar Bijli,Sharda Sinha,Gangs Of Wasseypur - 2,7/18/2012,33,412885,https://open.spotify.com/track/2mMW4YtrF03h5h4NaXCDsS,love,taar bijli
7xC3WCYXbpCGuTsjGswxjB,Bajre Da Sitta,Neha Bhasin,Bajre Da Sitta - Single,1/15/2015,0,178200,https://open.spotify.com/track/7xC3WCYXbpCGuTsjGswxjB,love,bajre da sitta
5HJGzB7sZleFrrDvr0pRo4,Sajh Dhaj Ke,"Pritam, Mika Singh, Pankaj Kapur",Mausam,8/11/2011,39,292327,https://open.spotify.com/track/5HJGzB7sZleFrrDvr0pRo4,love,sajh dhaj ke
4hY8QWl3BGv83htRjPfprx,Lagdi Hai Thaai,"Sachin-Jigar, Guru Randhawa, Jonita Gandhi","Lagdi Hai Thaai (From ""Simran"")",8/11/2017,46,165681,https://open.spotify.com/track/4hY8QWl3BGv83htRjPfprx,love,lagdi hai thaai
5O7NujeJHdRbpkj79jEygT,"Thoda Thoda Pyar (From ""Love Aaj Kal"")",Sunidhi Chauhan,Love Aaj Kal,2009,0,242786,https://open.spotify.com/track/5O7NujeJHdRbpkj79jEygT,love,thoda thoda pyar from love aaj kal
2CYjOJhjqxU3IzYWnDmz8A,Rola Pe Gaya,"Mahalakshmi Iyer, Hard Kaur, Shankar Mahadevan, Earl Edgar, Master Saleem",Patiala House,1/7/2011,37,268966,https://open.spotify.com/track/2CYjOJhjqxU3IzYWnDmz8A,love,rola pe gaya
1xf8CRmSxglu1ikMhmdAiq,Chhalka Chhalka Re,"Richa Sharma, Mahalakshmi Iyer, Vaishali, Shoma",Mardaani's Picks Vol-3 (Original),7/8/2014,22,346122,https://open.spotify.com/track/1xf8CRmSxglu1ikMhmdAiq,love,chhalka chhalka re
6GANda34t7RcWY6j1WWOrQ,Gulabi Paani,"Ammy Virk, Mannat Noor",Muklawa (Original Motion Picture Soundtrack),4/27/2019,40,159307,https://open.spotify.com/track/6GANda34t7RcWY6j1WWOrQ,love,gulabi paani
6yyC676TchwgOyhVfOykxA,Mehndi Ki Raat,Models,Jaana Hai Bollywood,3/12/1996,27,263293,https://open.spotify.com/track/6yyC676TchwgOyhVfOykxA,love,mehndi ki raat
5ol7uDVpF1pHQitme6AJpm,Laung Gawacha,"Ravneet Singh, Vee",Laung Gawacha,2/3/2019,30,161283,https://open.spotify.com/track/5ol7uDVpF1pHQitme6AJpm,love,laung gawacha
7y6GHj9Jc5ZT0pMNwkw95x,Mehndi Ki Raat,"Shree Lekha, Sonali Das, Dipali, Anuja",Mehndi Ki Raat,6/29/2000,18,2751254,https://open.spotify.com/track/7y6GHj9Jc5ZT0pMNwkw95x,love,mehndi ki raat
1olfUQXZoaqITRxmBq1Y1F,Charda Siyaal,Mankirt Aulakh,Charda Siyaal - Single,2/18/2016,32,200568,https://open.spotify.com/track/1olfUQXZoaqITRxmBq1Y1F,love,charda siyaal
0RM5vou1ZdEtpYuqchUwTA,Chhan Ke Mohalla,"Pritam, Sunidhi Chauhan, Ritu Pathak",Action Replayy,10/7/2010,43,313597,https://open.spotify.com/track/0RM5vou1ZdEtpYuqchUwTA,love,chhan ke mohalla
73gk3FGOaDGQ5rBvbE5mbs,Mere Yaar Ki Shaadi Hai,"Jeet-Pritam, Udit Narayan, Sonu Nigam, Alka Yagnik, Javed Akhtar",Mere Yaar Ki Shaadi Hai,5/9/2002,46,391810,https://open.spotify.com/track/73gk3FGOaDGQ5rBvbE5mbs,love,mere yaar ki shaadi hai
6SDH3mp9sQCNJDfDDpQTTo,You Are My Soniya,"Sandesh Shandilya, Sonu Nigam, Alka Yagnik",Kabhi Khushi Kabhie Gham (Original Motion Picture Soundtrack),11/28/2001,62,343613,https://open.spotify.com/track/6SDH3mp9sQCNJDfDDpQTTo,love,you are my soniya
3TbHkZs6UnBAWK5Fbv5Kzt,Pretty Woman On Replay,DJ Amsal,Pretty Woman On Replay,11/11/2021,0,132611,https://open.spotify.com/track/3TbHkZs6UnBAWK5Fbv5Kzt,love,pretty woman on replay
3F2BSn4ayglzMwquBRHZq6,Rangi Saari,"Kavita Seth, Kanishk Seth",Rangi Saari,4/24/2020,59,214000,https://open.spotify.com/track/3F2BSn4ayglzMwquBRHZq6,love,rangi saari
3CdJDwOsRoARBHW3iiwDCc,"Aari Aari (From ""Satellite Shankar"")","Romy, Bombay Rockers, Tanishk Bagchi","Aari Aari (From ""Satellite Shankar"")",10/25/2019,23,225625,https://open.spotify.com/track/3CdJDwOsRoARBHW3iiwDCc,love,aari aari from satellite shankar
5EqggGHTuqiUfruO2gMHhI,Dance Pe Chance,"Salim–Sulaiman, Sunidhi Chauhan, Labh Janjua, Jaideep Sahni",Rab Ne Bana Di Jodi,11/6/2008,60,261015,https://open.spotify.com/track/5EqggGHTuqiUfruO2gMHhI,love,dance pe chance
5IAVjiUNOJTgVQpQhf6OvH,Tutti Bole Wedding Di,"Meet Bros., Shipra Goyal",Welcome Back,8/6/2015,41,263128,https://open.spotify.com/track/5IAVjiUNOJTgVQpQhf6OvH,love,tutti bole wedding di
62gpgeA2BtqPqsBv82aww0,Suit Tera Laal Rang Da,Shaarib Toshi,Yamla Pagla Deewana 2,6/7/2013,0,262034,https://open.spotify.com/track/62gpgeA2BtqPqsBv82aww0,love,suit tera laal rang da
3UaP2PQwhA31keZXt7oPLA,The Disco Song,"Vishal-Shekhar, Benny Dayal, Sunidhi Chauhan, Nazia Hassan",Student of the Year (Original Motion Picture Soundtrack),8/31/2012,60,342093,https://open.spotify.com/track/3UaP2PQwhA31keZXt7oPLA,love,the disco song
4gYBJIMEnBB0Ylz7VSAMNt,"Mere Khwabon Mein (From ""Dilwale Dulhania Le Jayenge"")",Lata Mangeshkar,Diamonds Forever - Lata Mangeshkar,2/28/2018,50,256440,https://open.spotify.com/track/4gYBJIMEnBB0Ylz7VSAMNt,love,mere khwabon mein from dilwale dulhania le jayenge
26dEvQuPwM3T61PKzoJiht,Madhanya,"Rahul Vaidya, Asees Kaur, Lijo George-Dj Chetas",Madhanya,4/18/2021,19,230250,https://open.spotify.com/track/26dEvQuPwM3T61PKzoJiht,love,madhanya
4eKWtXoGajnaGKvKAcgc8f,Dhoom Taana,"Vishal-Shekhar, Shreya Ghoshal, Abhijeet",Om Shanti Om,9/18/2007,58,373357,https://open.spotify.com/track/4eKWtXoGajnaGKvKAcgc8f,love,dhoom taana
34wsgkPMRk3xIfHdwtezbf,Tainu Leke,"Sonu Nigam, Mahalakshmi Iyer",Salaam-E-Ishq,7/12/2007,62,273577,https://open.spotify.com/track/34wsgkPMRk3xIfHdwtezbf,love,tainu leke
6loBU3j6zvULZMIlD7n4JW,Aaja Soniye,"Sonu Nigam, Alka Yagnik",Mujhse Shaadi Karogi,5/31/2004,49,298280,https://open.spotify.com/track/6loBU3j6zvULZMIlD7n4JW,love,aaja soniye
6ckcEk6UhQmMF23PtsBbF4,Salaam-E-Ishq,"Sonu Nigam, Shreya Ghoshal, Kunal Ganjawala, Sadhana Sargam, Shankar Mahadevan",Soulful Sonu Nigam Specials,7/31/2017,45,424573,https://open.spotify.com/track/6ckcEk6UhQmMF23PtsBbF4,love,salaameishq
1I9hvYlkNHmrUyIsRMdF8Y,Tera Rang Balle Balle,"Jaspinder Narula, Sonu Nigam",Soldier (Original Motion Picture Soundtrack),11/20/1998,61,295000,https://open.spotify.com/track/1I9hvYlkNHmrUyIsRMdF8Y,love,tera rang balle balle
1U07iG4qnbKP8ui3VidZN4,Koi Ladki Hai,"Uttam Singh, Lata Mangeshkar, Udit Narayan, Anand Bakshi",Dil To Pagal Hai,8/27/1997,57,330684,https://open.spotify.com/track/1U07iG4qnbKP8ui3VidZN4,love,koi ladki hai
07RJC58SXjGzBODPOZZq0x,Deewangi (Rainbow Mix),"Vishal-Shekhar, Shreya Ghoshal, Shaan, Dj Kiran, Dj G, Sunidhi Chauhan, Rahul Saxena",Om Shanti Om,9/18/2007,38,286496,https://open.spotify.com/track/07RJC58SXjGzBODPOZZq0x,love,deewangi rainbow mix
3hCUkos0NxuSFl73oOHJzb,It's the Time to Disco,"Shankar-Ehsaan-Loy, Vasundhara Das, KK, Shaan, Loy Mendonsa",Kal Ho Naa Ho (Original Motion Picture Soundtrack),9/20/2003,60,333093,https://open.spotify.com/track/3hCUkos0NxuSFl73oOHJzb,love,its the time to disco
2T92e1mn6TYTYiCu6NZkvT,Haule Haule - Remix,"Salim–Sulaiman, Sukhwinder Singh, Hard Kaur, Jaideep Sahni",YRF Top 10 - Bollywood Remixed,3/31/2021,25,209528,https://open.spotify.com/track/2T92e1mn6TYTYiCu6NZkvT,love,haule haule remix
0v7rJIwQ2xeB1W19eU5IQS,Main Hoon Na,"Sonu Nigam, Shreya Ghoshal",Main Hoon Na,2/27/2004,59,361066,https://open.spotify.com/track/0v7rJIwQ2xeB1W19eU5IQS,love,main hoon na
6BHcSsU2oBdIwh99FejTzy,Aap Ki Nazron Ne Samjha,Sanam,Rewind With Sanam,3/24/2020,39,186737,https://open.spotify.com/track/6BHcSsU2oBdIwh99FejTzy,love,aap ki nazron ne samjha
1418IuVKQPTYqt7QNJ9RXN,Maan Meri Jaan,King,Champagne Talk,9/13/2022,70,194653,https://open.spotify.com/track/1418IuVKQPTYqt7QNJ9RXN,love,maan meri jaan
75DRLUnnltzSyuTJ7onxmW,"Tere Vaaste (From ""Zara Hatke Zara Bachke"")","Sachin-Jigar, Varun Jain, Shadab Faridi, Altamash Faridi, Amitabh Bhattacharya","Tere Vaaste (From ""Zara Hatke Zara Bachke"") - Single",5/22/2023,55,189136,https://open.spotify.com/track/75DRLUnnltzSyuTJ7onxmW,love,tere vaaste from zara hatke zara bachke
5urYiIXu1ZhfMAOsp7WDTc,"Dil Ko Karaar Aaya (From ""Sukoon"")","Rajat Nagpal, Yasser Desai, Neha Kakkar, Rana Sotal","Dil Ko Karaar Aaya (From ""Sukoon"")",7/31/2020,30,231486,https://open.spotify.com/track/5urYiIXu1ZhfMAOsp7WDTc,love,dil ko karaar aaya from sukoon
6zAvNLJkdyRApUHnlJjKfO,Jhoom - R&B Mix,Ali Zafar,Jhoom,2/14/2011,1,298986,https://open.spotify.com/track/6zAvNLJkdyRApUHnlJjKfO,love,jhoom rb mix
1yYM7dY6wSJFp5qmxPRLu1,Main Rang Sharbaton Ka,"Atif Aslam, Chinmayi Sripaada, Pritam",Phata Poster Nikhla Hero (Original Motion Picture Soundtrack),9/20/2013,65,263152,https://open.spotify.com/track/1yYM7dY6wSJFp5qmxPRLu1,love,main rang sharbaton ka
0vqtlDkv6BamM6PIKM9ptz,Raanjhan Aaya,"Masaba, Akshay & IP",Raanjhan Aaya,10/18/2023,52,163369,https://open.spotify.com/track/0vqtlDkv6BamM6PIKM9ptz,love,raanjhan aaya
7n1gn9nfcLrSplz1529h1h,Mere Dil Mein Aaj Kya Hai,Kishore Kumar,Daag (Original Motion Picture Soundtrack),12/30/1973,33,256476,https://open.spotify.com/track/7n1gn9nfcLrSplz1529h1h,love,mere dil mein aaj kya hai
55yPG3sQrjHVELq5pUAXaw,Na Mangun Sona Chandi,"Manna Dey, Shailendra Singh",Bobby (Original Motion Picture Soundtrack),12/1/1973,27,276950,https://open.spotify.com/track/55yPG3sQrjHVELq5pUAXaw,love,na mangun sona chandi
3iSR2iYIsURi8mcLrg5Utw,Le Jayenge Le Jayenge,"Kishore Kumar, Asha Bhosle",Chor Machaye Shor (Original Motion Picture Soundtrack),12/1/1973,23,239266,https://open.spotify.com/track/3iSR2iYIsURi8mcLrg5Utw,love,le jayenge le jayenge
1b31W3Dvxhksq6vbr35ayu,"Yeh Galiyan Yeh Chaubara (From ""Prem Rog"")",Lata Mangeshkar,One Man Many Roles - Raj Kapoor,6/6/2018,14,388560,https://open.spotify.com/track/1b31W3Dvxhksq6vbr35ayu,love,yeh galiyan yeh chaubara from prem rog
2OgrkwXu5BdEEtpZTWrUPF,Bachna Ae Hasinon Lo Main Aa Gaya,Kishore Kumar,Hum Kisise Kum Naheen (Original Motion Picture Soundtrack),9/1/1977,23,384573,https://open.spotify.com/track/2OgrkwXu5BdEEtpZTWrUPF,love,bachna ae hasinon lo main aa gaya
0hri4DtfwdAs5UGzp9sIBU,Aap Yahan Aaye Kisliye,"Kishore Kumar, Asha Bhosle",Kal Aaj Aur Kal (Original Motion Picture Soundtrack),12/1/1971,19,412577,https://open.spotify.com/track/0hri4DtfwdAs5UGzp9sIBU,love,aap yahan aaye kisliye
3K8LZOXh7m0hZ0P2gkARoA,Main Nikla Gaddi Leke,Udit Narayan,Gadar Ek Prem Katha (Original Motion Picture Soundtrack),6/15/2001,31,326817,https://open.spotify.com/track/3K8LZOXh7m0hZ0P2gkARoA,love,main nikla gaddi leke
3qWWMnlUaYekJYhiT65By7,Chupchup Khade Ho Zaroor Koi Baat Hai,"Lata Mangeshkar, Premlata",Badi Bahen (Original Motion Picture Soundtrack),12/1/1949,13,181506,https://open.spotify.com/track/3qWWMnlUaYekJYhiT65By7,love,chupchup khade ho zaroor koi baat hai
1ckksoSmhxfBE7hk5a9JNn,Aajkal Tere Mere Pyar Ke Charche,"Suman Kalyanpur, Mohammed Rafi",Brahmachari (Original Motion Picture Soundtrack),12/1/1967,25,309493,https://open.spotify.com/track/1ckksoSmhxfBE7hk5a9JNn,love,aajkal tere mere pyar ke charche
1kNRT6BC7rbZmwlozMk86v,"Kaho Naa Pyar Hai, Pt. 1","Udit Narayan, Alka Yagnik",Kaho Naa Pyaar Hai (Original Motion Picture Soundtrack),10/1/2000,48,423666,https://open.spotify.com/track/1kNRT6BC7rbZmwlozMk86v,love,kaho naa pyar hai pt 1
1O5qA3XSUP6Kxn0eeSJls4,Ajib Dastan Hai Yeh,Lata Mangeshkar,Dil Apna Aur Preet Parai (Original Motion Picture Soundtrack),12/31/1960,32,315613,https://open.spotify.com/track/1O5qA3XSUP6Kxn0eeSJls4,love,ajib dastan hai yeh
4QF3BxfQFOxlNZwsUr5tw8,Zindagi Ek Safar Hai Suhana - Male Vocals,Kishore Kumar,Andaz (Original Motion Picture Soundtrack),1/1/1972,23,260400,https://open.spotify.com/track/4QF3BxfQFOxlNZwsUr5tw8,love,zindagi ek safar hai suhana male vocals
4RixtPhUXlci9ad4qIMj23,Kuch Kuch Hota Hai,"Jatin-Lalit, Udit Narayan, Alka Yagnik",Kuch Kuch Hota Hai (Original Motion Picture Soundtrack),8/19/1998,66,297866,https://open.spotify.com/track/4RixtPhUXlci9ad4qIMj23,love,kuch kuch hota hai
2UXqAinFTSFA3Y0nlWPHQn,Mehndi Laga Ke Rakhna,"Lata Mangeshkar, Udit Narayan",Dilwale Dulhania Le Jayenge (Original Motion Picture Soundtrack),11/1/2013,46,286694,https://open.spotify.com/track/2UXqAinFTSFA3Y0nlWPHQn,love,mehndi laga ke rakhna
4T3VAoUDvCJkX5OSYXnng0,Humko Humise Chura Lo,"Jatin-Lalit, Lata Mangeshkar, Udit Narayan, Anand Bakshi",Mohabbatein,8/27/2000,62,473025,https://open.spotify.com/track/4T3VAoUDvCJkX5OSYXnng0,love,humko humise chura lo
3izNaTiYdotdPL0Bs76JqO,My Girl,Dylan Scott,Dylan Scott (Deluxe Edition),8/4/2017,64,197640,https://open.spotify.com/track/3izNaTiYdotdPL0Bs76JqO,love,my girl
6IqUm14MgoKbwt6jdGBikH,Better Off Gone,Logan Mize,Come Back Road,7/28/2017,0,182084,https://open.spotify.com/track/6IqUm14MgoKbwt6jdGBikH,love,better off gone
1p61zyWNtBhbbAFzg4HUiq,Hello Beautiful,Noah Schnacky,Hello Beautiful,1/27/2018,46,216992,https://open.spotify.com/track/1p61zyWNtBhbbAFzg4HUiq,love,hello beautiful
6pGBro3vguPeAkK0TuWUyO,On Tonight,Chase Rice,Lambs & Lions,11/17/2017,45,243826,https://open.spotify.com/track/6pGBro3vguPeAkK0TuWUyO,love,on tonight
3qTmB5HxP9ilJaiM6B1yuk,Five More Minutes,Scotty McCreery,Seasons Change,1/12/2018,70,241146,https://open.spotify.com/track/3qTmB5HxP9ilJaiM6B1yuk,love,five more minutes
0OWZFobGSIW9GrSlQ9C5pc,Marry Me,Thomas Rhett,Life Changes,9/8/2017,64,205453,https://open.spotify.com/track/0OWZFobGSIW9GrSlQ9C5pc,love,marry me
4W38RXuQNuoTSwVsQA1OGC,Nothin' Like You,Dan + Shay,Where It All Began,4/1/2014,58,186253,https://open.spotify.com/track/4W38RXuQNuoTSwVsQA1OGC,love,nothin like you
3oRN2kgSMJOi9hOrXMdE96,Skin & Bones,Eli Young Band,Fingerprints,6/16/2017,44,239533,https://open.spotify.com/track/3oRN2kgSMJOi9hOrXMdE96,love,skin bones
5zXPsVuwJ4vLBcxAWzrnD6,What You Do to Me,Dan + Shay,Where It All Began,4/1/2014,41,210080,https://open.spotify.com/track/5zXPsVuwJ4vLBcxAWzrnD6,love,what you do to me
58VJmNB8oeoE2PRqCrduEo,No Right To Love You - Acoustic,Rhys Lewis,Things I Chose To Remember,11/13/2020,41,229960,https://open.spotify.com/track/58VJmNB8oeoE2PRqCrduEo,love,no right to love you acoustic
4w95iGC6NrxZJ5o3D7bWyV,Eyes On You,Chase Rice,Lambs & Lions,11/17/2017,63,182493,https://open.spotify.com/track/4w95iGC6NrxZJ5o3D7bWyV,love,eyes on you
3U8dHeggJ8IBe0UCb1gbyB,Colder Weather,Zac Brown Band,You Get What You Give,9/20/2010,70,273893,https://open.spotify.com/track/3U8dHeggJ8IBe0UCb1gbyB,love,colder weather
1qjl8UJtWTHrk4SFpwftSN,Tomorrow,Chris Young,Neon,7/12/2011,64,220173,https://open.spotify.com/track/1qjl8UJtWTHrk4SFpwftSN,love,tomorrow
34Vn9nKfztyLco9lJazy4j,I'm Already There,Lonestar,I'm Already There,3/27/2001,57,253373,https://open.spotify.com/track/34Vn9nKfztyLco9lJazy4j,love,im already there
3XKbdb9GB6u3hsnUklQTav,Then,Brad Paisley,American Saturday Night,6/30/2009,59,321640,https://open.spotify.com/track/3XKbdb9GB6u3hsnUklQTav,love,then
7KeVXnlNls1D3BMa0oxgUW,I Loved Her First,Heartland,I Loved Her First,10/10/2006,62,212880,https://open.spotify.com/track/7KeVXnlNls1D3BMa0oxgUW,love,i loved her first
6V3wTb4VVDWRw3YEDgc6Py,Used to Love You Sober,Kane Brown,Chapter 1 - EP,3/25/2016,51,181680,https://open.spotify.com/track/6V3wTb4VVDWRw3YEDgc6Py,love,used to love you sober
5ZManJDV3CexO66nRCkdiV,Break Up with Him,Old Dominion,Meat and Candy,11/6/2015,66,207733,https://open.spotify.com/track/5ZManJDV3CexO66nRCkdiV,love,break up with him
6cHlQF8P8hIRVw9RqfCgaq,Last Night In Laredo,Tori Martin,Last Night In Laredo,10/24/2025,33,209842,https://open.spotify.com/track/6cHlQF8P8hIRVw9RqfCgaq,love,last night in laredo
38gZVjeaeR3gcnCzziAxBm,Middle of a Memory,Cole Swindell,You Should Be Here,5/6/2016,63,226306,https://open.spotify.com/track/38gZVjeaeR3gcnCzziAxBm,love,middle of a memory
4HmAVqHMjFrW6aeUdd8R97,In Case You Didn't Know,Brett Young,Country Breakup,9/13/2021,37,226200,https://open.spotify.com/track/4HmAVqHMjFrW6aeUdd8R97,love,in case you didnt know
4tLNKzcRv95bWCtwNpH4w6,A Man Who Was Gonna Die Young,Eric Church,The Outsiders,1/1/2014,39,193786,https://open.spotify.com/track/4tLNKzcRv95bWCtwNpH4w6,love,a man who was gonna die young
2Qm7rn5K4tt1Yehl8nffO9,Hearts I Leave Behind (feat. Mac Powell),"Craig Morgan, Mac Powell",A Whole Lot More to Me,6/3/2016,31,206706,https://open.spotify.com/track/2Qm7rn5K4tt1Yehl8nffO9,love,hearts i leave behind feat mac powell
2WeajZyzbTH9EVGpaNe6qG,Shuffle Along,Ken Domash,20 Different Routes,8/29/2025,30,195240,https://open.spotify.com/track/2WeajZyzbTH9EVGpaNe6qG,love,shuffle along
7mS200vKsSSVgrbMxWza54,Small Town Boy,Dustin Lynch,Current Mood,9/8/2017,65,205733,https://open.spotify.com/track/7mS200vKsSSVgrbMxWza54,love,small town boy
1DKUs6bsxsDtnbykNSiGxB,Man Enough Now,Chris Bandi,Man Enough Now,10/11/2019,44,185474,https://open.spotify.com/track/1DKUs6bsxsDtnbykNSiGxB,love,man enough now
3I4WFddKpe2PGZWFh7f10J,Yours,Russell Dickerson,Yours,6/16/2017,67,216960,https://open.spotify.com/track/3I4WFddKpe2PGZWFh7f10J,love,yours
5aj0xPGiEUN3aI2oOYu14S,I Don't Dance,Lee Brice,I Don't Dance (Deluxe Edition),9/9/2014,63,221173,https://open.spotify.com/track/5aj0xPGiEUN3aI2oOYu14S,love,i dont dance
07XwV03mQjcvpIlazjash0,The Long Way,Brett Eldredge,Wedding Songs 2021,3/26/2021,30,208720,https://open.spotify.com/track/07XwV03mQjcvpIlazjash0,love,the long way
4QAXLB2Hkx3n7LbOFxD34h,Drinking Class,Lee Brice,I Don't Dance (Deluxe Edition),9/9/2014,57,207346,https://open.spotify.com/track/4QAXLB2Hkx3n7LbOFxD34h,love,drinking class
7KGIo7qiqY7UwFvtR3dULa,Lord Knows,America Allen,Lace to Ashes,9/4/2025,10,237500,https://open.spotify.com/track/7KGIo7qiqY7UwFvtR3dULa,love,lord knows
1ybzoJh5izERZwHwY5lEKV,Boy (Acoustic),Lee Brice,Boy (Acoustic),5/4/2018,31,194706,https://open.spotify.com/track/1ybzoJh5izERZwHwY5lEKV,love,boy acoustic
77a5Eu7lC3tG0Sukt2O91U,Born to Love You,LANCO,Hallelujah Nights,1/19/2018,52,230013,https://open.spotify.com/track/77a5Eu7lC3tG0Sukt2O91U,love,born to love you
1PoGWZbJPGmViVi7CYbDUK,Drink A Beer,Luke Bryan,Crash My Party,1/1/2013,64,202626,https://open.spotify.com/track/1PoGWZbJPGmViVi7CYbDUK,love,drink a beer
3eDNb3ZG3gKgjAAgJBcOL8,Best Shot,Jimmie Allen,Mercury Lane,10/5/2018,59,195053,https://open.spotify.com/track/3eDNb3ZG3gKgjAAgJBcOL8,love,best shot
1QZusBhbepFM6uPVcaONV3,Lie Here With You,Mike Ryan,Mike Ryan,11/7/2025,32,197600,https://open.spotify.com/track/1QZusBhbepFM6uPVcaONV3,love,lie here with you
3Z3D2hnbZnveVhTuOifJyt,I See You,Luke Bryan,Crash My Party,1/1/2013,61,185986,https://open.spotify.com/track/3Z3D2hnbZnveVhTuOifJyt,love,i see you
3wicn7uBSaGtBLTSbjsnmy,You Make It Easy,JD & The Straight Chasers,Southern Comfort Classics (Deluxe Version),9/28/2025,40,124816,https://open.spotify.com/track/3wicn7uBSaGtBLTSbjsnmy,love,you make it easy
2lFtnEmkIPm2ClN55e2chV,Black,Dierks Bentley,Black,6/10/2016,58,211160,https://open.spotify.com/track/2lFtnEmkIPm2ClN55e2chV,love,black
7kzpBwY002n5vpOgkkri2P,Good Man,Lee Brice,I Don't Dance (Deluxe Edition),9/9/2014,34,204613,https://open.spotify.com/track/7kzpBwY002n5vpOgkkri2P,love,good man
4gB7HrYHbJVJ5RFOjxmoq4,One Number Away,Luke Combs,This One's for You,6/2/2017,77,221800,https://open.spotify.com/track/4gB7HrYHbJVJ5RFOjxmoq4,love,one number away
2l1fWY1albInvAG9t8WP2p,That Don't Sound Like You,Lee Brice,I Don't Dance (Deluxe Edition),9/9/2014,55,210573,https://open.spotify.com/track/2l1fWY1albInvAG9t8WP2p,love,that dont sound like you
3UxjbtPrNrtxoWzpSDnQ3x,Tequila,Dan + Shay,Country Backyard BBQ,4/15/2022,28,196746,https://open.spotify.com/track/3UxjbtPrNrtxoWzpSDnQ3x,love,tequila
3SyZr4RXLBDHlwfrrvsSxo,"10,000 Hours",JD & The Straight Chasers,Southern Comfort Classics (Deluxe Version),9/28/2025,32,142853,https://open.spotify.com/track/3SyZr4RXLBDHlwfrrvsSxo,love,10000 hours
58OZRWAbTCIuJpWWFYpIm9,Always The Only One,Lee Brice,I Don't Dance (Deluxe Edition),9/9/2014,29,233640,https://open.spotify.com/track/58OZRWAbTCIuJpWWFYpIm9,love,always the only one
5j3fTz4Jn0nn3zD1kBejel,Panama City,Lee Brice,I Don't Dance (Deluxe Edition),9/9/2014,26,255466,https://open.spotify.com/track/5j3fTz4Jn0nn3zD1kBejel,love,panama city
1G4cdOtF36ZCs6i2dZoC87,Drunk Me,Mitchell Tenpenny,Telling All My Secrets,12/14/2018,60,211767,https://open.spotify.com/track/1G4cdOtF36ZCs6i2dZoC87,love,drunk me
56eGOeSsqdg3FLxdo83TwV,Rumor,Lee Brice,Lee Brice,11/3/2017,72,198440,https://open.spotify.com/track/56eGOeSsqdg3FLxdo83TwV,love,rumor
5q8uqAMkjZlZqrTkBHUNpZ,Closer,Lee Brice,I Don't Dance (Deluxe Edition),9/9/2014,27,248120,https://open.spotify.com/track/5q8uqAMkjZlZqrTkBHUNpZ,love,closer
3CfQx5eWVTzTtwXZhBlkrk,Singles You Up,Jordan Davis,Best Country Of The Decade: 2010-2019,12/20/2019,26,182693,https://open.spotify.com/track/3CfQx5eWVTzTtwXZhBlkrk,love,singles you up
7AK5vh1cRnO3YxAjOjL4Yy,Look At You,Seth Ennis,Mabelle - EP,8/11/2017,41,195418,https://open.spotify.com/track/7AK5vh1cRnO3YxAjOjL4Yy,love,look at you
3yOs8FffuG6hPbzQG9lIqV,I Don't Know About You,Chris Lane,Laps Around The Sun,7/13/2018,0,207933,https://open.spotify.com/track/3yOs8FffuG6hPbzQG9lIqV,love,i dont know about you
1ZcGi4Z4eYlEJlBgdCnR3J,Kiss Somebody,Morgan Evans,Before You,12/2/2022,26,213183,https://open.spotify.com/track/1ZcGi4Z4eYlEJlBgdCnR3J,love,kiss somebody
4WOIQlc4DlImQP0X9UoTvu,Take It From Me,Jordan Davis,The Hits,10/27/2023,28,174254,https://open.spotify.com/track/4WOIQlc4DlImQP0X9UoTvu,love,take it from me
3WZqIHjZUedmT72wpHPhV6,Speechless,Dan + Shay,Yoga & Ballads,11/17/2023,28,213386,https://open.spotify.com/track/3WZqIHjZUedmT72wpHPhV6,love,speechless
5Z19ylxppfnfdP4JH0u8oj,Break Up in the End,Cole Swindell,All of It,8/17/2018,59,199693,https://open.spotify.com/track/5Z19ylxppfnfdP4JH0u8oj,love,break up in the end
0V5DMqU5HYgg5sBYQFnb9l,Mysteries of the World,Walker McGuire,Mysteries of the World,9/15/2017,42,218013,https://open.spotify.com/track/0V5DMqU5HYgg5sBYQFnb9l,love,mysteries of the world
1elh7SJVKWt2xpqwCLRRzG,Like I Loved You,Brett Young,Brett Young (Big Machine Radio Release Special),2/10/2017,45,208640,https://open.spotify.com/track/1elh7SJVKWt2xpqwCLRRzG,love,like i loved you
3DV49ruvI5Sl6iisPZAc2c,Hooked,Dylan Scott,Dylan Scott (Deluxe Edition),8/4/2017,58,149293,https://open.spotify.com/track/3DV49ruvI5Sl6iisPZAc2c,love,hooked
3FnUiG5NPce4gOmKrdR30K,Unforgettable,Thomas Rhett,Life Changes (Deluxe Version),9/21/2018,34,157563,https://open.spotify.com/track/3FnUiG5NPce4gOmKrdR30K,love,unforgettable
1smOhIn2NNZIsZw96C9fsI,Talk You Out Of It,Florida Georgia Line,Can't Say I Ain't Country (Big Machine Radio Release Special),2/15/2019,38,202920,https://open.spotify.com/track/1smOhIn2NNZIsZw96C9fsI,love,talk you out of it
0uSGTaHms9ceAxb7L6VLrU,All To Myself,Dan + Shay,All To Myself,5/3/2018,46,169612,https://open.spotify.com/track/0uSGTaHms9ceAxb7L6VLrU,love,all to myself
7734hqSkNVdcrNmdMxl6v0,Never Land,Eli Young Band,Fingerprints (Big Machine Radio Release Special),6/16/2017,24,204080,https://open.spotify.com/track/7734hqSkNVdcrNmdMxl6v0,love,never land
0DhvbmscwStZ6KyORk9w5j,What Hurts The Most,Rascal Flatts,Sad Country,1/5/2022,39,214106,https://open.spotify.com/track/0DhvbmscwStZ6KyORk9w5j,love,what hurts the most
39eGjVwvt4UADSnIgWmJLP,Harder to Lie,David Ramirez,Fables,8/28/2015,33,250402,https://open.spotify.com/track/39eGjVwvt4UADSnIgWmJLP,love,harder to lie
0N9uZRrJQ3lO5TmInEjLxc,Take Back Home Girl,"Chris Lane, Tori Kelly",Laps Around The Sun,7/13/2018,0,212106,https://open.spotify.com/track/0N9uZRrJQ3lO5TmInEjLxc,love,take back home girl
74CEfiZthUGX5yUNNUM4bj,This Is It,Scotty McCreery,Seasons Change,1/12/2018,61,230973,https://open.spotify.com/track/74CEfiZthUGX5yUNNUM4bj,love,this is it
4ORLpakZQLP52GggvL3Fyh,Simple,Florida Georgia Line,Greatest Hits,11/9/2022,31,185200,https://open.spotify.com/track/4ORLpakZQLP52GggvL3Fyh,love,simple
6foY66mWZN0pSRjZ408c00,Whiskey Glasses,Morgan Wallen,If I Know Me,4/27/2018,7,234346,https://open.spotify.com/track/6foY66mWZN0pSRjZ408c00,love,whiskey glasses
3NgcaTIgVh77DdwAInp996,Good Girl,Dustin Lynch,Tullahoma,1/17/2020,60,189533,https://open.spotify.com/track/3NgcaTIgVh77DdwAInp996,love,good girl
4iLeL1aYGcQBsYcWIhXIUO,Found You,Kane Brown,Kane Brown (Deluxe Edition),10/6/2017,49,191733,https://open.spotify.com/track/4iLeL1aYGcQBsYcWIhXIUO,love,found you
6fjjDabrMLXD0ykHD9axap,Mercy,Brett Young,Country Hits,5/15/2021,27,217120,https://open.spotify.com/track/6fjjDabrMLXD0ykHD9axap,love,mercy
3hjmowsZzUSY1xY2XQVyIy,Slow Dance In A Parking Lot,Jordan Davis,Country Love Songs,1/31/2020,27,193929,https://open.spotify.com/track/3hjmowsZzUSY1xY2XQVyIy,love,slow dance in a parking lot
4nWHhF8R5RkTtFotcsOYnz,Love That About You,Filmore,State I'm In,9/25/2020,40,157421,https://open.spotify.com/track/4nWHhF8R5RkTtFotcsOYnz,love,love that about you
6waqLPcT6ruMhmd36OhmFO,Losing Sleep,Chris Young,Losing Sleep,10/20/2017,53,178253,https://open.spotify.com/track/6waqLPcT6ruMhmd36OhmFO,love,losing sleep
6f09x3bvg2EBQWxVwNJNVN,Prayed For You,Matt Stell,Better Than That - EP,10/16/2020,30,211506,https://open.spotify.com/track/6f09x3bvg2EBQWxVwNJNVN,love,prayed for you
7epGknfpAlH1u33S71Ur1o,Lose It,Kane Brown,Experiment Extended,11/1/2019,57,178986,https://open.spotify.com/track/7epGknfpAlH1u33S71Ur1o,love,lose it
4yXArxfioqiXRZH68tdu76,Happens Like That,Granger Smith,When The Good Guys Win,10/27/2017,46,171160,https://open.spotify.com/track/4yXArxfioqiXRZH68tdu76,love,happens like that
6zdO7yfGMdFzEaSYDaZgNf,Woke Up in Nashville,Seth Ennis,Mabelle - EP,8/11/2017,40,172960,https://open.spotify.com/track/6zdO7yfGMdFzEaSYDaZgNf,love,woke up in nashville
1XIYYgAkVxULMbhr2zNjKS,20 in a Chevy,Cole Swindell,All of It,8/17/2018,40,184080,https://open.spotify.com/track/1XIYYgAkVxULMbhr2zNjKS,love,20 in a chevy
54eUv9Q3D9MZuOGS5PSflp,Some Girls,Jameson Rodgers,Jameson Rodgers,1/19/2018,51,184893,https://open.spotify.com/track/54eUv9Q3D9MZuOGS5PSflp,love,some girls
1jNNHFZmRGXZFHlil5uhei,Drunk on Your Love,Brett Eldredge,Illinois,9/11/2015,57,173960,https://open.spotify.com/track/1jNNHFZmRGXZFHlil5uhei,love,drunk on your love
1RNZLo1oCpUsdZ14BoSv4I,Get to You,Michael Ray,Get to You,6/15/2017,39,192532,https://open.spotify.com/track/1RNZLo1oCpUsdZ14BoSv4I,love,get to you
6kDMng4BHLcd5TjP9DF0Lk,It Don't Hurt Like It Used To,Billy Currington,Class Of '16,4/17/2020,23,184506,https://open.spotify.com/track/6kDMng4BHLcd5TjP9DF0Lk,love,it dont hurt like it used to
2QVzUws1l5mzZ4v46tGHrC,Love You Like That,Canaan Smith,Bronco,6/23/2015,55,203053,https://open.spotify.com/track/2QVzUws1l5mzZ4v46tGHrC,love,love you like that
7LhEHJQmcjWMRXM1HoSr46,Stupid,Levi Hummon,Stupid,10/6/2017,32,183870,https://open.spotify.com/track/7LhEHJQmcjWMRXM1HoSr46,love,stupid
57KKY8gqUqqS3YXYotkxS5,Keeping Score (feat. Kelly Clarkson),"Dan + Shay, Kelly Clarkson",Dan + Shay,6/22/2018,52,220213,https://open.spotify.com/track/57KKY8gqUqqS3YXYotkxS5,love,keeping score feat kelly clarkson
7Ad0OLsUn63FoD4gnguZz5,Sleep Without You,Brett Young,Brett Young (Big Machine Radio Release Special),2/10/2017,37,188466,https://open.spotify.com/track/7Ad0OLsUn63FoD4gnguZz5,love,sleep without you
3nBXOlFTADNvG9nkqy2O2W,"Woman, Amen",Dierks Bentley,The Mountain,6/8/2018,51,179826,https://open.spotify.com/track/3nBXOlFTADNvG9nkqy2O2W,love,woman amen
609qKv3KPAbdtp0LQH2buA,I'll Name the Dogs,Blake Shelton,Texoma Shore,11/3/2017,57,183640,https://open.spotify.com/track/609qKv3KPAbdtp0LQH2buA,love,ill name the dogs
1cG3sQOVItzKsvHzkCzuke,What's Mine Is Yours,Kane Brown,Kane Brown (Deluxe Edition),10/6/2017,51,216240,https://open.spotify.com/track/1cG3sQOVItzKsvHzkCzuke,love,whats mine is yours
0BteLcimTI0usYZ2L2zQaZ,Don’t Wanna Write This Song,Brett Young,Ticket To L.A.,12/7/2018,49,228640,https://open.spotify.com/track/0BteLcimTI0usYZ2L2zQaZ,love,dont wanna write this song
0950zBhDfpTlPmANus8lIq,Where I Go When I Drink,Chris Young,Losing Sleep,10/20/2017,36,210346,https://open.spotify.com/track/0950zBhDfpTlPmANus8lIq,love,where i go when i drink
6YviFs2g3bKgqCTq4CFWAm,Notice,Thomas Rhett,Center Point Road,5/31/2019,49,222853,https://open.spotify.com/track/6YviFs2g3bKgqCTq4CFWAm,love,notice
0rpwb2kLgS6KAZsostOj1O,Grave,Thomas Rhett,Life Changes,9/8/2017,41,193680,https://open.spotify.com/track/0rpwb2kLgS6KAZsostOj1O,love,grave
6UtB0ezZwMneQIfLJ1Yzc1,I've Been Meaning to Call,Adam Sanders,I've Been Meaning to Call,11/18/2016,0,230440,https://open.spotify.com/track/6UtB0ezZwMneQIfLJ1Yzc1,love,ive been meaning to call
3LK6wDkhbTyg8GhJidU9oC,Remember You Young,Thomas Rhett,Center Point Road,5/31/2019,53,180466,https://open.spotify.com/track/3LK6wDkhbTyg8GhJidU9oC,love,remember you young
1QsXOnBUiREtGixFfdLTOf,Back To Us,Rascal Flatts,Back To Us,5/19/2017,40,238600,https://open.spotify.com/track/1QsXOnBUiREtGixFfdLTOf,love,back to us
30ycZOQj59qlIGI0MvLtDm,She's Got a Way,Chris Young,Losing Sleep,10/20/2017,46,171240,https://open.spotify.com/track/30ycZOQj59qlIGI0MvLtDm,love,shes got a way
15KIxlXlomcNwSelqVvLcF,That's My Girl,Russell Dickerson,That's My Girl - Single,6/22/2011,43,207126,https://open.spotify.com/track/15KIxlXlomcNwSelqVvLcF,love,thats my girl
3sfJXqWV7sr2aQiSaahbZc,Eastside,Dylan Scott,Eastside,12/14/2018,43,167142,https://open.spotify.com/track/3sfJXqWV7sr2aQiSaahbZc,love,eastside
1Jhm8RRMQSTYX9ZaOMeUk8,I Wish You'd Stay,Brad Paisley,Part II,5/29/2001,36,377866,https://open.spotify.com/track/1Jhm8RRMQSTYX9ZaOMeUk8,love,i wish youd stay
7oQ09pJGn75oy9MIvkINWi,Put A Label On It,Ryan Follese,Ryan Follese,8/18/2017,33,204706,https://open.spotify.com/track/7oQ09pJGn75oy9MIvkINWi,love,put a label on it
7cA3PnUQDlUyBBwpRozQeo,One Man Band,Old Dominion,Old Dominion,10/25/2019,76,186240,https://open.spotify.com/track/7cA3PnUQDlUyBBwpRozQeo,love,one man band
26iYJEimPCE0ozDlpj0UFN,Livin' On Love,Alan Jackson,34 Number Ones,11/19/2010,53,228733,https://open.spotify.com/track/26iYJEimPCE0ozDlpj0UFN,love,livin on love
4COsI4plqId7MSmXDZ0dW5,House Party,Sam Hunt,4th of July 2022,4/6/2022,29,190240,https://open.spotify.com/track/4COsI4plqId7MSmXDZ0dW5,love,house party
3pJkBPHadRAxBBo484RipI,Sixteen,Thomas Rhett,Life Changes,9/8/2017,57,178333,https://open.spotify.com/track/3pJkBPHadRAxBBo484RipI,love,sixteen
7ongSdLv28Z27WeCrzZXwB,19 You + Me,Dan + Shay,Where It All Began,4/1/2014,52,217406,https://open.spotify.com/track/7ongSdLv28Z27WeCrzZXwB,love,19 you me
42xmT5zcFAhCKfkLjpG0bv,Downtown's Dead,Sam Hunt,SOUTHSIDE,4/3/2020,41,213986,https://open.spotify.com/track/42xmT5zcFAhCKfkLjpG0bv,love,downtowns dead
66pxmg3Jhjm09tHoWR1wVR,All the Pretty Girls,Kenny Chesney,Cosmic Hallelujah,4/28/2017,62,212893,https://open.spotify.com/track/66pxmg3Jhjm09tHoWR1wVR,love,all the pretty girls
63OQWdXMq0Pe6pRpWY5gO0,Star Of The Show,Thomas Rhett,Tangled Up (Deluxe),10/28/2016,46,181200,https://open.spotify.com/track/63OQWdXMq0Pe6pRpWY5gO0,love,star of the show
7px4t7HGiuMUvFkEOpZEwp,Song for Another Time,Old Dominion,Meat and Candy,11/6/2015,58,191826,https://open.spotify.com/track/7px4t7HGiuMUvFkEOpZEwp,love,song for another time
2VPmBOuy7ZAOFSzKwW2IEt,Ridin’ Roads,Dustin Lynch,Tullahoma,1/17/2020,63,205426,https://open.spotify.com/track/2VPmBOuy7ZAOFSzKwW2IEt,love,ridin roads
081t95JRuDUrQYSS3h8iKk,Sober Saturday Night (feat. Vince Gill),"Chris Young, Vince Gill",I'm Comin' Over,11/13/2015,48,194560,https://open.spotify.com/track/081t95JRuDUrQYSS3h8iKk,love,sober saturday night feat vince gill
30RZAuEkYeDXvy46Iv6l7E,Homesick,Kane Brown,Experiment Extended,11/1/2019,59,205400,https://open.spotify.com/track/30RZAuEkYeDXvy46Iv6l7E,love,homesick
3fHgqkRp331r3W0WtUGBGr,My Side of the Fence,Dan + Shay,Dan + Shay,6/22/2018,46,219826,https://open.spotify.com/track/3fHgqkRp331r3W0WtUGBGr,love,my side of the fence
61hmCqoIlTJjcVMMLhcH5n,Tonight I Wanna Cry,Keith Urban,Be Here,1/1/2004,49,259506,https://open.spotify.com/track/61hmCqoIlTJjcVMMLhcH5n,love,tonight i wanna cry
1kFZQBIMd4RGiY4DhTtWXX,First Time Feeling,Dan + Shay,Where It All Began,4/1/2014,40,239080,https://open.spotify.com/track/1kFZQBIMd4RGiY4DhTtWXX,love,first time feeling
3EcFVfHd0XJdr0M33uVZco,I Heard Goodbye,Dan + Shay,Where It All Began,4/1/2014,36,221733,https://open.spotify.com/track/3EcFVfHd0XJdr0M33uVZco,love,i heard goodbye
0kjnvAqQvdjN69aDTGlceq,That Old Truck,Thomas Rhett,Center Point Road,5/31/2019,43,212026,https://open.spotify.com/track/0kjnvAqQvdjN69aDTGlceq,love,that old truck
0O39q1NfkVnMurlMwMAEZm,Comeback,Kane Brown,Kane Brown (Deluxe Edition),10/6/2017,35,165333,https://open.spotify.com/track/0O39q1NfkVnMurlMwMAEZm,love,comeback
5FT6VANzQnPQyNVeFS1rl9,Sway,Dan + Shay,Obsessed,6/3/2016,38,189613,https://open.spotify.com/track/5FT6VANzQnPQyNVeFS1rl9,love,sway
5SDmV7qNJsqWPtPZccypyV,Til Tomorrow,Walker McGuire,Til Tomorrow,6/1/2017,38,249493,https://open.spotify.com/track/5SDmV7qNJsqWPtPZccypyV,love,til tomorrow
45fYpjXgTl2Ll9usUusxmh,When I Pray for You,Dan + Shay,The Shack: Music From and Inspired By the Original Motion Picture,2/24/2017,28,209173,https://open.spotify.com/track/45fYpjXgTl2Ll9usUusxmh,love,when i pray for you
53F1MVa1BWUkTBbVqgVAfN,Kinfolks,Sam Hunt,Kinfolks,10/10/2019,50,181933,https://open.spotify.com/track/53F1MVa1BWUkTBbVqgVAfN,love,kinfolks
0lZxd99ZIjA0zUdQAY3FXr,You'll Think Of Me - Single Version,Keith Urban,Greatest Hits,1/1/2007,48,231293,https://open.spotify.com/track/0lZxd99ZIjA0zUdQAY3FXr,love,youll think of me single version
6n77sRt4ihxmRlkEGLRqHZ,Lately,Dan + Shay,Obsessed,6/3/2016,44,243080,https://open.spotify.com/track/6n77sRt4ihxmRlkEGLRqHZ,love,lately
2moC0T4mGwmP8dUDostr2g,For My Daughter,Kane Brown,Experiment Extended,11/1/2019,51,223922,https://open.spotify.com/track/2moC0T4mGwmP8dUDostr2g,love,for my daughter
5xdFitc41cUXrRtR5dzwg5,Can't Say No,Dan + Shay,Where It All Began,4/1/2014,40,174373,https://open.spotify.com/track/5xdFitc41cUXrRtR5dzwg5,love,cant say no
5FF1zkuNs0xEiXj9RaZeo0,Gone Crazy,Alan Jackson,16 Biggest Hits,8/7/2007,34,230440,https://open.spotify.com/track/5FF1zkuNs0xEiXj9RaZeo0,love,gone crazy
1LONTBZZRxDVx4wEvdcCLd,He Didn't Have to Be,Brad Paisley,Hits Alive,11/2/2010,40,282226,https://open.spotify.com/track/1LONTBZZRxDVx4wEvdcCLd,love,he didnt have to be
6W9W8dSswA8KNegvl3W97V,Think of You,"Chris Young, Cassadee Pope",I'm Comin' Over,11/13/2015,61,218946,https://open.spotify.com/track/6W9W8dSswA8KNegvl3W97V,love,think of you
7yNJCsUH3tXlpQiHSsAc5l,"Big, Big Plans",Chris Lane,"Big, Big Plans",6/28/2019,0,187306,https://open.spotify.com/track/7yNJCsUH3tXlpQiHSsAc5l,love,big big plans
2xL9yqz1tV7RhfkSADcz3I,Catch - The Acoustic Sessions,Brett Young,The Acoustic Sessions,9/13/2019,39,187866,https://open.spotify.com/track/2xL9yqz1tV7RhfkSADcz3I,love,catch the acoustic sessions
4Vxu50qVrQcycjRyJQaZLC,Life Changes,Thomas Rhett,Life Changes,9/8/2017,55,190226,https://open.spotify.com/track/4Vxu50qVrQcycjRyJQaZLC,love,life changes
6aOdhGqD0xuFM0OauOedNl,Stealing Cinderella,Chuck Wicks,Starting Now,2008,42,242986,https://open.spotify.com/track/6aOdhGqD0xuFM0OauOedNl,love,stealing cinderella
0SU27YJzHF31hVWEqCSIpG,What Matters Most,Craig Morgan,What Matters Most,2011,26,215237,https://open.spotify.com/track/0SU27YJzHF31hVWEqCSIpG,love,what matters most
38gbVnKWI8xEd7AnqS9aiZ,Nothing Like You,Luke Combs,What You See Is What You Get,11/8/2019,56,196320,https://open.spotify.com/track/38gbVnKWI8xEd7AnqS9aiZ,love,nothing like you
6gdLyYNuhWBzqwlOFSsXC7,Better Together,Luke Combs,What You See Is What You Get,11/8/2019,70,219573,https://open.spotify.com/track/6gdLyYNuhWBzqwlOFSsXC7,love,better together
3joYyhcTy02utAx8I7zTVr,Nobody,Dylan Scott,The Ranch (A Netflix Original Series Official Soundtrack),1/24/2020,24,160840,https://open.spotify.com/track/3joYyhcTy02utAx8I7zTVr,love,nobody
4FvBrDDXFOjFIonFFA0uF0,Against The World - Demo,Brantley Gilbert,The Devil Don't Sleep (Deluxe / Big Machine Radio Release Special),1/27/2017,21,230266,https://open.spotify.com/track/4FvBrDDXFOjFIonFFA0uF0,love,against the world demo
3D7GNDrpWwtknt9mFKa0we,Outlaw In Me,Brantley Gilbert,The Devil Don't Sleep,1/27/2017,36,207186,https://open.spotify.com/track/3D7GNDrpWwtknt9mFKa0we,love,outlaw in me
1S2MYkI8NTHjydgJGl7eL6,Three Feet Of Water,Brantley Gilbert,The Devil Don't Sleep,1/27/2017,30,233613,https://open.spotify.com/track/1S2MYkI8NTHjydgJGl7eL6,love,three feet of water
5vFeIK83tBs8TC2vMEfj7h,Closer Than We've Ever Been - Demo,Brantley Gilbert,The Devil Don't Sleep (Deluxe / Big Machine Radio Release Special),1/27/2017,21,263400,https://open.spotify.com/track/5vFeIK83tBs8TC2vMEfj7h,love,closer than weve ever been demo
4wX5BvSKf8KAVDLr9YVr54,You Promised - Demo,Brantley Gilbert,The Devil Don't Sleep (Deluxe / Big Machine Radio Release Special),1/27/2017,23,312826,https://open.spotify.com/track/4wX5BvSKf8KAVDLr9YVr54,love,you promised demo
7CmJQKB7nW4yCuA0hhc4nc,Baby Be Crazy,Brantley Gilbert,The Devil Don't Sleep,1/27/2017,42,209880,https://open.spotify.com/track/7CmJQKB7nW4yCuA0hhc4nc,love,baby be crazy
4aUSSwN8VeiI27ohgKTjve,At Least We Thought It Was - Demo,Brantley Gilbert,The Devil Don't Sleep (Deluxe / Big Machine Radio Release Special),1/27/2017,21,226933,https://open.spotify.com/track/4aUSSwN8VeiI27ohgKTjve,love,at least we thought it was demo
3I74lFPU8RE17EIfYz351J,The Ones That Like Me,Brantley Gilbert,The Devil Don't Sleep,1/27/2017,48,205266,https://open.spotify.com/track/3I74lFPU8RE17EIfYz351J,love,the ones that like me
2lI54bv3cQe5RQJuqj3c2S,We're Gonna Ride Again,Brantley Gilbert,The Devil Don't Sleep,1/27/2017,35,279720,https://open.spotify.com/track/2lI54bv3cQe5RQJuqj3c2S,love,were gonna ride again
7FP28A0mKv3BjqvDAxwc0P,Rockin' Chairs,Brantley Gilbert,The Devil Don't Sleep,1/27/2017,35,248920,https://open.spotify.com/track/7FP28A0mKv3BjqvDAxwc0P,love,rockin chairs
5Mul8GSfaJlcFrj4FmzyDp,The Devil Don't Sleep,Brantley Gilbert,The Devil Don't Sleep,1/27/2017,37,224493,https://open.spotify.com/track/5Mul8GSfaJlcFrj4FmzyDp,love,the devil dont sleep
70k6gO9Cpe7TJxUgReKUdJ,Drowning,Chris Young,Famous Friends,8/6/2021,49,191613,https://open.spotify.com/track/70k6gO9Cpe7TJxUgReKUdJ,love,drowning
6A1VIniM2VVrlUdnLkDzfe,I'm Still There,Josh Gracin,"Nothin' Like Us, Pt. 1",2/17/2017,22,259567,https://open.spotify.com/track/6A1VIniM2VVrlUdnLkDzfe,love,im still there
3aKalGmwMJwJsomrOWRsh9,Bigger Than Us,Adam Doleac,Bigger Than Us,6/16/2017,33,201875,https://open.spotify.com/track/3aKalGmwMJwJsomrOWRsh9,love,bigger than us
3L6vCuAJNmC87VkARu8tuN,Hey Girl,Billy Currington,Best Country Of The Decade: 2010-2019,12/20/2019,25,200533,https://open.spotify.com/track/3L6vCuAJNmC87VkARu8tuN,love,hey girl
5C6uh95eAL0RBTSGXKQwvk,Hometown Girl,Josh Turner,Deep South,3/10/2017,64,215080,https://open.spotify.com/track/5C6uh95eAL0RBTSGXKQwvk,love,hometown girl
31JID2STTlLuFqXFWHyM8e,Homemade,Jake Owen,Greetings From...Jake,3/29/2019,0,192653,https://open.spotify.com/track/31JID2STTlLuFqXFWHyM8e,love,homemade
4wwZnclbrUX7EBGfkFclmP,You Ain't Here To Kiss Me,Brett Young,Brett Young,2/10/2017,52,217653,https://open.spotify.com/track/4wwZnclbrUX7EBGfkFclmP,love,you aint here to kiss me
0x64VU0L9lsdVU12AHp01L,"1, 2, 3 Mississippi",Brett Young,Ticket To L.A.,12/7/2018,41,206800,https://open.spotify.com/track/0x64VU0L9lsdVU12AHp01L,love,1 2 3 mississippi
5MVWpkc72ny7L65c8FGA1G,Heaven,Jake Owen,Barefoot Blue Jean Night,8/26/2011,34,191026,https://open.spotify.com/track/5MVWpkc72ny7L65c8FGA1G,love,heaven
3kgCJPXDlnL5bl1HFesHUi,Every Little Thing,Russell Dickerson,Yours,6/16/2017,58,190640,https://open.spotify.com/track/3kgCJPXDlnL5bl1HFesHUi,love,every little thing
0MLjVU6ESkKIWZk4cmDx2c,The Difference,Tyler Rich,Two Thousand Miles (Big Machine Radio Release Special),9/4/2020,21,186973,https://open.spotify.com/track/0MLjVU6ESkKIWZk4cmDx2c,love,the difference
64wjSAPLRnrjNByQCxnX3u,To a T,Ryan Hurd,To a T,1/4/2019,46,178813,https://open.spotify.com/track/64wjSAPLRnrjNByQCxnX3u,love,to a t
5arYSbxUTnHVVxpdn8P4GV,H.O.L.Y.,Florida Georgia Line,Cleaning Music,10/27/2022,0,196960,https://open.spotify.com/track/5arYSbxUTnHVVxpdn8P4GV,love,holy
4u6eRWSXvzVZtRP6m48Psx,Young Forever,Eric Paslay,Young Forever,3/2/2018,38,197933,https://open.spotify.com/track/4u6eRWSXvzVZtRP6m48Psx,love,young forever
6daxh0ShCpQbBXNxGtbnmu,Whiskey On My Breath,Love and Theft,The Ranch (A Netflix Original Series Official Soundtrack),1/24/2020,22,279320,https://open.spotify.com/track/6daxh0ShCpQbBXNxGtbnmu,love,whiskey on my breath
5h0JUxCAZBcEifuPrBPEQ7,Make Me Want To,Jimmie Allen,Mercury Lane,10/5/2018,52,172280,https://open.spotify.com/track/5h0JUxCAZBcEifuPrBPEQ7,love,make me want to
4fT0lwTnwXN5Qg5vSPyq0u,Chills,James Barker Band,Game On,4/21/2017,50,188373,https://open.spotify.com/track/4fT0lwTnwXN5Qg5vSPyq0u,love,chills
3Ih7J3vNiaoOZfkXCtEd7j,Hell If I Know,Chase Bryant,Hell If I Know,4/2/2018,38,169226,https://open.spotify.com/track/3Ih7J3vNiaoOZfkXCtEd7j,love,hell if i know
7EKxN4ONrGXT5YnvFTKO4v,Hollywood,Ruston Kelly,Halloween,4/7/2017,31,190106,https://open.spotify.com/track/7EKxN4ONrGXT5YnvFTKO4v,love,hollywood
3l4ocz4JRx92xTAnqNTgGG,Right Girl Wrong Time,Jon Langston,Right Girl Wrong Time,4/28/2017,49,222893,https://open.spotify.com/track/3l4ocz4JRx92xTAnqNTgGG,love,right girl wrong time
0O1x2tRm8ZpfDbcpOWZp7z,American Country Love Song,Jake Owen,American Love,7/29/2016,57,199746,https://open.spotify.com/track/0O1x2tRm8ZpfDbcpOWZp7z,love,american country love song
3QRcYRETj4mxyxzlsSsry3,Somebody's Been Drinking,Lee Brice,I Don't Dance (Deluxe Edition),9/9/2014,27,221626,https://open.spotify.com/track/3QRcYRETj4mxyxzlsSsry3,love,somebodys been drinking
4n0xztUAbHPUV8G3NQvF30,How Not To,Dan + Shay,Obsessed,6/3/2016,59,192000,https://open.spotify.com/track/4n0xztUAbHPUV8G3NQvF30,love,how not to
2N9UNogK8doh0NvIAdiuAn,Love Ain't,Eli Young Band,Best Of 2010's Country,6/2/2023,23,187093,https://open.spotify.com/track/2N9UNogK8doh0NvIAdiuAn,love,love aint
2f9T9zbyFdon812fhDTS8k,Show You Off Tonight,Lee Brice,I Don't Dance (Deluxe Edition),9/9/2014,32,234053,https://open.spotify.com/track/2f9T9zbyFdon812fhDTS8k,love,show you off tonight
7vaEbpYY66I4ZRILkQ1z5E,Ain't Always Pretty,Logan Mize,Come Back Road,7/28/2017,0,210618,https://open.spotify.com/track/7vaEbpYY66I4ZRILkQ1z5E,love,aint always pretty
01xLBiKVi4MAgHu15jLYaa,Three Chords & The Truth,Chase Rice,Lambs & Lions,11/17/2017,44,234186,https://open.spotify.com/track/01xLBiKVi4MAgHu15jLYaa,love,three chords the truth
3zLj05WcNEHrGjj70OcTug,Are You Happy Now,"Rascal Flatts, Lauren Alaina",Back To Us,5/19/2017,39,239266,https://open.spotify.com/track/3zLj05WcNEHrGjj70OcTug,love,are you happy now
7A5UEYnF87a8WmrrMeteQB,I Don't Wanna Live,Chris Cagle,My Life's Been A Country Song,1/1/2008,29,217720,https://open.spotify.com/track/7A5UEYnF87a8WmrrMeteQB,love,i dont wanna live
7JhqNTHfbTcjX0FNbXtnTo,Running out of Room,Trent Tomlinson,That's What's Working Right Now,10/28/2016,29,192360,https://open.spotify.com/track/7JhqNTHfbTcjX0FNbXtnTo,love,running out of room
2lGhsw2IxPFHcmS8jqdZCz,Just Say When,Walker Montgomery,Just Say When,4/19/2018,28,189120,https://open.spotify.com/track/2lGhsw2IxPFHcmS8jqdZCz,love,just say when
2vjNx7jYF9q2w3sKiJ37lg,Think & Drive,Seth Ennis,Mabelle - EP,8/11/2017,36,235466,https://open.spotify.com/track/2vjNx7jYF9q2w3sKiJ37lg,love,think drive
6aPc6SSWgTsiXrrUpJCPlj,I Drive Your Truck,Lee Brice,Hard 2 Love,4/24/2012,58,234840,https://open.spotify.com/track/6aPc6SSWgTsiXrrUpJCPlj,love,i drive your truck
2y6u1FsY2HSuSsn0cemmqu,You Should Be Here,Cole Swindell,Single Saturday Night - Country Songs,10/21/2022,38,190173,https://open.spotify.com/track/2y6u1FsY2HSuSsn0cemmqu,love,you should be here
7dysCAfzEwSY94rfkEYTeE,Prob'ly At A Bar,Jon Langston,Prob'ly At A Bar,8/3/2018,39,202746,https://open.spotify.com/track/7dysCAfzEwSY94rfkEYTeE,love,probly at a bar
5HsPn6gWnDyW70FGOMHkg1,Humble And Kind,Tim McGraw,McGraw Machine Hits: 2013-2019 (Big Machine Radio Release Special),11/20/2020,42,260026,https://open.spotify.com/track/5HsPn6gWnDyW70FGOMHkg1,love,humble and kind
4Az17HfqonKSWNsaLgTBeK,If I Told You,Darius Rucker,When Was The Last Time,10/20/2017,59,212320,https://open.spotify.com/track/4Az17HfqonKSWNsaLgTBeK,love,if i told you
1oQDxrvz8PAxAAs0Sl1dcX,I Don't Want This Night To End,Luke Bryan,Best Country Of The Decade: 2011-2020,12/15/2020,44,219973,https://open.spotify.com/track/1oQDxrvz8PAxAAs0Sl1dcX,love,i dont want this night to end
6DEaND0SHv3sC11xobZLiy,Take Your Time,Sam Hunt,Montevallo,10/24/2014,63,243706,https://open.spotify.com/track/6DEaND0SHv3sC11xobZLiy,love,take your time
34LPe8OXyMtvYGDw3A1vv6,The Safe Side,Chris Cagle,Play It Loud,2000,25,287933,https://open.spotify.com/track/34LPe8OXyMtvYGDw3A1vv6,love,the safe side
5kpDn3lzvpTPLPxRTXyq9c,Whoever Broke Your Heart,Murphy Elmore,Whoever Broke Your Heart,4/7/2017,0,194481,https://open.spotify.com/track/5kpDn3lzvpTPLPxRTXyq9c,love,whoever broke your heart
7cwcuB2q2Qqp8cwJxuRYze,Wanna Be That Song,Brett Eldredge,Road Trippin' Country,4/15/2022,22,236226,https://open.spotify.com/track/7cwcuB2q2Qqp8cwJxuRYze,love,wanna be that song
4u7KjVIQPdzGCcAwg4W5Kl,Who I Am With You,Chris Young,A.M.,9/16/2013,58,191573,https://open.spotify.com/track/4u7KjVIQPdzGCcAwg4W5Kl,love,who i am with you
1zvQt99d5oTkEQLmSoO1yu,Mine Would Be You,Blake Shelton,Based on a True Story... (Deluxe Edition),3/26/2013,60,239506,https://open.spotify.com/track/1zvQt99d5oTkEQLmSoO1yu,love,mine would be you
5FVuERsYqtKKAaWe62NBnv,Mean to Me,Brett Eldredge,Bring You Back,8/6/2013,52,228906,https://open.spotify.com/track/5FVuERsYqtKKAaWe62NBnv,love,mean to me
6IFPfV8PNSYOmufzQ95hmm,Confession,Florida Georgia Line,Anything Goes,10/14/2014,56,190640,https://open.spotify.com/track/6IFPfV8PNSYOmufzQ95hmm,love,confession
3oJcdlAbl6jAD0JNHhrlsl,Die A Happy Man,Thomas Rhett,Best Country 2022,9/16/2022,43,228320,https://open.spotify.com/track/3oJcdlAbl6jAD0JNHhrlsl,love,die a happy man
3oyMHCAAcnWFdcGuVgwfhd,A Woman Like You,Lee Brice,Hard 2 Love,4/24/2012,57,209786,https://open.spotify.com/track/3oyMHCAAcnWFdcGuVgwfhd,love,a woman like you
2onXZTp7OYgnblrt9eq08I,Just Love Me,Chris Cagle,Chris Cagle,1/1/2003,31,308413,https://open.spotify.com/track/2onXZTp7OYgnblrt9eq08I,love,just love me
6BTuZCNIdEE177PzcS9rOH,Make You Miss Me,Sam Hunt,Montevallo,10/27/2014,38,225693,https://open.spotify.com/track/6BTuZCNIdEE177PzcS9rOH,love,make you miss me
5CXnIPD6rTjszYYQm6fY2P,Dirt,Florida Georgia Line,Anything Goes,10/14/2014,61,230586,https://open.spotify.com/track/5CXnIPD6rTjszYYQm6fY2P,love,dirt
0H04yVa3DJxoXbLBpAb7iV,I'm Comin' Over,Chris Young,I'm Comin' Over,11/13/2015,70,197280,https://open.spotify.com/track/0H04yVa3DJxoXbLBpAb7iV,love,im comin over
5Q1120IiW4pVs1lDmayHtU,Getting Over You,Jackie Lee,Getting Over You,10/21/2016,40,172101,https://open.spotify.com/track/5Q1120IiW4pVs1lDmayHtU,love,getting over you
2sE61ZmvYH8wiOx5jygkHH,Say You Do,Dierks Bentley,RISER,1/1/2014,51,219360,https://open.spotify.com/track/2sE61ZmvYH8wiOx5jygkHH,love,say you do
1NAD1iIr7TCxI14knNlzQ2,I'd Find You,Chris Cagle,Anywhere But Here,1/1/2005,31,211680,https://open.spotify.com/track/1NAD1iIr7TCxI14knNlzQ2,love,id find you
4JBKYoKFRijmnOEfFiNhbM,Forever Girl,Jon Langston,Jon Langston - EP,12/11/2015,49,239936,https://open.spotify.com/track/4JBKYoKFRijmnOEfFiNhbM,love,forever girl
0lQJBl9YEsoMtE8D4yTE9g,From the Ground Up,Dan + Shay,Obsessed,6/3/2016,64,253933,https://open.spotify.com/track/0lQJBl9YEsoMtE8D4yTE9g,love,from the ground up
2d48mamATjby7wgPjdrSOQ,Craving You,"Thomas Rhett, Maren Morris",Life Changes,9/8/2017,61,223626,https://open.spotify.com/track/2d48mamATjby7wgPjdrSOQ,love,craving you
2QjBCXTXtRWI8ebnS2SB3T,Love Her Like She's Leavin' (feat. Don Henley),"Brad Paisley, Don Henley",This Is Country Music,5/23/2011,37,248893,https://open.spotify.com/track/2QjBCXTXtRWI8ebnS2SB3T,love,love her like shes leavin feat don henley
3dAgQFdruU8ufWc5GE05xC,She's Everything,Brad Paisley,Time Well Wasted,8/16/2005,64,266920,https://open.spotify.com/track/3dAgQFdruU8ufWc5GE05xC,love,shes everything
18q0I5Mz5TbxMf4cWSKql9,Bless The Broken Road,Rascal Flatts,Twenty Years Of Rascal Flatts - The Greatest Hits,10/2/2020,35,226693,https://open.spotify.com/track/18q0I5Mz5TbxMf4cWSKql9,love,bless the broken road
0OlS52TmtK2gPaEtdmr7DN,No Such Thing as a Broken Heart,Old Dominion,Happy Endings,8/25/2017,57,176893,https://open.spotify.com/track/0OlS52TmtK2gPaEtdmr7DN,love,no such thing as a broken heart
1VP3Sl3UqXFDvWi8tOKle1,Springsteen,Eric Church,Country Mix,7/12/2023,46,263386,https://open.spotify.com/track/1VP3Sl3UqXFDvWi8tOKle1,love,springsteen
2pLSgbc3CEXtoCXfuMOTmU,I Lost You,Dylan Scott,Dylan Scott (Deluxe Edition),8/4/2017,40,217960,https://open.spotify.com/track/2pLSgbc3CEXtoCXfuMOTmU,love,i lost you
4M3EQoDaaF5j6Q9hZubfgz,Forget To Forget You,Scotty McCreery,See You Tonight,1/1/2013,39,238093,https://open.spotify.com/track/4M3EQoDaaF5j6Q9hZubfgz,love,forget to forget you
3S1EAu4PRsti1rMFCgoGgo,Like There's No Yesterday,Mark Wills,Looking for America,4/30/2013,37,261478,https://open.spotify.com/track/3S1EAu4PRsti1rMFCgoGgo,love,like theres no yesterday
4RldvvNaEdteK2I0y6NWTR,God And Country Music,George Strait,Honky Tonk Time Machine,3/29/2019,42,244133,https://open.spotify.com/track/4RldvvNaEdteK2I0y6NWTR,love,god and country music
5slddJ629YcePvqD6Uyk8r,I Lived It,Blake Shelton,Texoma Shore,11/3/2017,50,219600,https://open.spotify.com/track/5slddJ629YcePvqD6Uyk8r,love,i lived it
1eN2eT24tkdBII9qzqqEca,Her World or Mine,Michael Ray,Soft Country Hits,4/15/2022,21,208506,https://open.spotify.com/track/1eN2eT24tkdBII9qzqqEca,love,her world or mine
7Lr4XaxGpkAwa37IVgg22k,Back To Life,Rascal Flatts,Back To Life,9/28/2018,53,214218,https://open.spotify.com/track/7Lr4XaxGpkAwa37IVgg22k,love,back to life
78xHPNJ4t2JfyCQLgC9W9Y,Different For Girls,"Dierks Bentley, Elle King",Country Rock Hits,5/21/2021,22,180360,https://open.spotify.com/track/78xHPNJ4t2JfyCQLgC9W9Y,love,different for girls
5mKMELcALGGyxHkP800ill,"If I Should Fall Behind - Live at Warner Hollywood Studios, Los Angeles, CA - September 1992",Bruce Springsteen,In Concert/MTV Plugged (Live),4/12/1993,30,284533,https://open.spotify.com/track/5mKMELcALGGyxHkP800ill,love,if i should fall behind live at warner hollywood studios los angeles ca september 1992
0xlZp9OQaH5zk0ZygcOtFK,Do I Make You Wanna,Billy Currington,Música Country en Inglés,10/13/2023,27,234306,https://open.spotify.com/track/0xlZp9OQaH5zk0ZygcOtFK,love,do i make you wanna
0c4ICGb0jvszKj3KPR59JU,Every Time I Hear That Song,Blake Shelton,If I'm Honest,5/20/2016,54,214800,https://open.spotify.com/track/0c4ICGb0jvszKj3KPR59JU,love,every time i hear that song
7mJfhO152PFsTEaDvd2FVv,I'd Be Jealous Too,Dustin Lynch,Current Mood,9/8/2017,51,185706,https://open.spotify.com/track/7mJfhO152PFsTEaDvd2FVv,love,id be jealous too
5BJSIhaHPpnTkAahlmOQ1h,If You Met Me First,Eric Ethridge,Eric Ethridge,7/6/2018,0,193832,https://open.spotify.com/track/5BJSIhaHPpnTkAahlmOQ1h,love,if you met me first
4NGpWsyIfqioJWGje37xKq,Dad's Old Number,Cole Swindell,All of It,8/17/2018,43,209720,https://open.spotify.com/track/4NGpWsyIfqioJWGje37xKq,love,dads old number
30pZYGyG8EG8LfetpM5EbS,Her,Cole Swindell,Nashville Nights Easy Country,11/10/2023,19,211466,https://open.spotify.com/track/30pZYGyG8EG8LfetpM5EbS,love,her
0cjTLJ5aJsaVBDiV5UoCsW,That's When You Know It's Over,Lee Brice,Hard 2 Love,4/24/2012,34,199240,https://open.spotify.com/track/0cjTLJ5aJsaVBDiV5UoCsW,love,thats when you know its over
3OBHpK5sbRBj3xQLCFcBLt,Somebody's Been Drinkin',Cole Swindell,All of It,8/17/2018,37,225266,https://open.spotify.com/track/3OBHpK5sbRBj3xQLCFcBLt,love,somebodys been drinkin
4pLdJam8uxIKIMwUaTP6fJ,Here Tonight,Brett Young,Ticket To L.A. (Big Machine Radio Release Special),12/7/2018,30,216533,https://open.spotify.com/track/4pLdJam8uxIKIMwUaTP6fJ,love,here tonight
6CyJlVAEFlNdpggOLanytL,Hangin' On,Chris Young,Losing Sleep,10/20/2017,52,185440,https://open.spotify.com/track/6CyJlVAEFlNdpggOLanytL,love,hangin on
1kFBLqkTuNKlspkJ1EOGjN,Drunk Girl,Chris Janson,EVERYBODY,9/22/2017,57,207266,https://open.spotify.com/track/1kFBLqkTuNKlspkJ1EOGjN,love,drunk girl
14GwnOeC9qYEKEA6uOZepa,One Of Them Girls,Lee Brice,One Of Them Girls,4/10/2020,64,188893,https://open.spotify.com/track/14GwnOeC9qYEKEA6uOZepa,love,one of them girls
5GeyeJIjw875GptYSAGGZf,Empty Coffee Cups,Nicholas Wells,Stumbling Forward,10/6/2015,24,282720,https://open.spotify.com/track/5GeyeJIjw875GptYSAGGZf,love,empty coffee cups
4PuwzSguqfx9nV4Z6SK3qS,Break Down On Me,Brandon Lay,Break Down On Me,10/13/2017,34,174247,https://open.spotify.com/track/4PuwzSguqfx9nV4Z6SK3qS,love,break down on me
7J7C8cxpT5UgGH195zwefK,Crazy Girl - Acoustic,Eli Young Band,This Is Eli Young Band: Greatest Hits,3/29/2019,39,187712,https://open.spotify.com/track/7J7C8cxpT5UgGH195zwefK,love,crazy girl acoustic
55BOHRBoPZAyJGCpKR5R16,Backroad Song,Granger Smith,Remington,3/4/2016,53,236786,https://open.spotify.com/track/55BOHRBoPZAyJGCpKR5R16,love,backroad song
5cCLKP66G2PJEorzYQVXHR,"Love, Me",Collin Raye,All I Can Be,8/27/1991,54,231506,https://open.spotify.com/track/5cCLKP66G2PJEorzYQVXHR,love,love me
6okqN4UYQG40JtXvcrsGI7,Hard Days,Brantley Gilbert,Top Country Hits Of All Time,5/14/2021,20,178419,https://open.spotify.com/track/6okqN4UYQG40JtXvcrsGI7,love,hard days
0HYmBlDzX4IO7OGKC1TdAr,Beer Buddies,Dylan Scott,Dylan Scott (Deluxe Edition),8/4/2017,43,201760,https://open.spotify.com/track/0HYmBlDzX4IO7OGKC1TdAr,love,beer buddies
7u9Z5XKpKv0e0cv0BjfExk,In My Head,Brantley Gilbert,The Devil Don't Sleep,1/27/2017,36,222200,https://open.spotify.com/track/7u9Z5XKpKv0e0cv0BjfExk,love,in my head
0g6S3h6IDZNuyk1XODJbJU,This Girl,Hunter Hayes,Hot Country,3/7/2023,19,180815,https://open.spotify.com/track/0g6S3h6IDZNuyk1XODJbJU,love,this girl
7B1QliUMZv7gSTUGAfMRRD,Live Like You Were Dying,Tim McGraw,Live Like You Were Dying,8/17/2004,66,300333,https://open.spotify.com/track/7B1QliUMZv7gSTUGAfMRRD,love,live like you were dying
0p1HtkrNYxv0iDfEKwXSTp,Sangria,Blake Shelton,BRINGING BACK THE SUNSHINE,9/30/2014,66,233480,https://open.spotify.com/track/0p1HtkrNYxv0iDfEKwXSTp,love,sangria
65rdw6vlQI4s4i6usBKHUd,Olivia Mae,Brett Young,Brett Young,2/10/2017,46,222320,https://open.spotify.com/track/65rdw6vlQI4s4i6usBKHUd,love,olivia mae
5gwfqqmDD36Uql56SkqTJ8,Way Back,Brantley Gilbert,The Devil Don't Sleep,1/27/2017,35,217813,https://open.spotify.com/track/5gwfqqmDD36Uql56SkqTJ8,love,way back
1D7cfiC5mxqHfTCcOiRBej,Love You Like I Used To,Russell Dickerson,Love You Like I Used To,2/11/2020,50,186613,https://open.spotify.com/track/1D7cfiC5mxqHfTCcOiRBej,love,love you like i used to
6M0wVBuIzTzQc75ilPomYH,Single Saturday Night,Cole Swindell,Down To The Bar (feat. HARDY),3/4/2022,22,189960,https://open.spotify.com/track/6M0wVBuIzTzQc75ilPomYH,love,single saturday night
2icdid0XHQHpN7VVS9NV6y,Up,Cole Swindell,You Should Be Here,5/6/2016,31,194293,https://open.spotify.com/track/2icdid0XHQHpN7VVS9NV6y,love,up
31yEajfaRjTVwUXy6awvdf,Would Have Loved Her - Stripped,Chris Bandi,Chris Bandi,5/29/2020,35,196746,https://open.spotify.com/track/31yEajfaRjTVwUXy6awvdf,love,would have loved her stripped
2A69wys3S9uiPSmn6UZWJn,Written in the Sand,Old Dominion,Happy Endings,8/25/2017,59,184080,https://open.spotify.com/track/2A69wys3S9uiPSmn6UZWJn,love,written in the sand
3hYl6v9aUFqk2gJ9oQV2GQ,Most People Are Good,Luke Bryan,Country Cure,3/2/2018,26,220096,https://open.spotify.com/track/3hYl6v9aUFqk2gJ9oQV2GQ,love,most people are good
5PBx0zFfehUMyv5H4YXVAU,Blue Tacoma,Russell Dickerson,Yours,6/16/2017,63,212066,https://open.spotify.com/track/5PBx0zFfehUMyv5H4YXVAU,love,blue tacoma
6yV31VDQeazGjfZSMazE92,I Know Somebody,LOCASH,The Fighters,6/17/2016,56,197829,https://open.spotify.com/track/6yV31VDQeazGjfZSMazE92,love,i know somebody
0bDkQfyJXo7OxghOrgdVUC,Smile,Uncle Kracker,The Complete Albums 2000-2009,8/9/2019,21,201933,https://open.spotify.com/track/0bDkQfyJXo7OxghOrgdVUC,love,smile
2o4lW5AnMolmIssBZ9Dnlk,Goodnight Kiss,Randy Houser,How Country Feels,1/22/2013,55,206800,https://open.spotify.com/track/2o4lW5AnMolmIssBZ9Dnlk,love,goodnight kiss
273TiTHLlHSRe5zrzs7wvD,What You See Is What You Get,Luke Combs,What You See Is What You Get,11/8/2019,56,171920,https://open.spotify.com/track/273TiTHLlHSRe5zrzs7wvD,love,what you see is what you get
59zMc9HEGKXkL6jG9wZim9,Lead Me On,Teddy Robb,Teddy Robb - EP,4/17/2020,37,190200,https://open.spotify.com/track/59zMc9HEGKXkL6jG9wZim9,love,lead me on
6NebrV4ZigAoXIRbe11hxh,Thinking 'Bout You (feat. Lauren Alaina),"Dustin Lynch, Lauren Alaina",Tullahoma,1/17/2020,60,170560,https://open.spotify.com/track/6NebrV4ZigAoXIRbe11hxh,love,thinking bout you feat lauren alaina
0evD8RKcpsMnxrT6wHglkk,You Don't Get To,Kenny Chesney,Here And Now,5/1/2020,41,216533,https://open.spotify.com/track/0evD8RKcpsMnxrT6wHglkk,love,you dont get to
5HoV892c7zwm92xx3vnWBY,Come Back To Bed,Sean Stemaly,Product Of A Small Town,2/18/2022,0,183920,https://open.spotify.com/track/5HoV892c7zwm92xx3vnWBY,love,come back to bed
3qZrZQ3OJYupSltq7wCgtG,I'm Not Gonna' Cry,Corey Smith,Undertones,9/8/2003,24,258426,https://open.spotify.com/track/3qZrZQ3OJYupSltq7wCgtG,love,im not gonna cry
30AECxqqjI4oU91fOhAi8I,Yours - Wedding Edition,Russell Dickerson,Yours,6/16/2017,50,216333,https://open.spotify.com/track/30AECxqqjI4oU91fOhAi8I,love,yours wedding edition
5Kuvvw2blL70n9GqVFx3vF,Church In A Chevy,Jordan Davis,Jordan Davis,5/22/2020,51,223448,https://open.spotify.com/track/5Kuvvw2blL70n9GqVFx3vF,love,church in a chevy
5UPB14jxrMJQCNBPUJuJFE,Keeping Score - Acoustic,Dan + Shay,Keeping Score (Acoustic),4/7/2019,32,212400,https://open.spotify.com/track/5UPB14jxrMJQCNBPUJuJFE,love,keeping score acoustic
5w3NgfV8v1nNZFLUBlGHIL,Light It Up,Luke Bryan,What Makes You Country,12/8/2017,60,177305,https://open.spotify.com/track/5w3NgfV8v1nNZFLUBlGHIL,love,light it up
1pbjOhmFwYC09EYU5EwB5L,Ready Set Roll,Chase Rice,Ignite the Night (Party Edition),8/19/2014,60,190587,https://open.spotify.com/track/1pbjOhmFwYC09EYU5EwB5L,love,ready set roll
6UsoV6X96Rox9mfxoz7SFy,You Broke Up with Me,Walker Hayes,You Broke Up with Me,1/27/2017,45,197840,https://open.spotify.com/track/6UsoV6X96Rox9mfxoz7SFy,love,you broke up with me
2ln4i3HdJB1Tk4Hs0JL1Qw,Beat of the Music,Brett Eldredge,Wanted - Hot Country Hits,5/20/2022,9,179293,https://open.spotify.com/track/2ln4i3HdJB1Tk4Hs0JL1Qw,love,beat of the music
5KqgCoUfSSqANtyVoHv6Ml,Stay A Little Longer,Brothers Osborne,Best Country Of The Decade: 2010-2019,12/20/2019,36,335480,https://open.spotify.com/track/5KqgCoUfSSqANtyVoHv6Ml,love,stay a little longer
4D4xJ4LyDXBWIf9thFSMAJ,Yours If You Want It,Rascal Flatts,Back To Us,5/19/2017,55,206826,https://open.spotify.com/track/4D4xJ4LyDXBWIf9thFSMAJ,love,yours if you want it
19yTqpHTUrw7mOcRDvXYzn,For Her,Chris Lane,Girl Problems,7/12/2016,0,211226,https://open.spotify.com/track/19yTqpHTUrw7mOcRDvXYzn,love,for her
2fSuoIlA1uTERXunbshSWh,Lady,Brett Young,Weekends Look A Little Different These Days,6/4/2021,62,194293,https://open.spotify.com/track/2fSuoIlA1uTERXunbshSWh,love,lady
0ifYeH4gNXEyba41xr3I1w,Everywhere But On,Matt Stell,Everywhere But On,10/25/2019,49,192586,https://open.spotify.com/track/0ifYeH4gNXEyba41xr3I1w,love,everywhere but on
3EPaC3fac1r0j7DU4XNvs0,Drunk Like You,The Cadillac Three,Bury Me In My Boots (Big Machine Radio Release Special),8/4/2016,39,210346,https://open.spotify.com/track/3EPaC3fac1r0j7DU4XNvs0,love,drunk like you
3kv6omImmKEfOVJWjstusF,Drunk On You,Luke Bryan,Tailgates & Tanlines,1/1/2011,68,213546,https://open.spotify.com/track/3kv6omImmKEfOVJWjstusF,love,drunk on you
3BQipmmdqOBwk2Nz7oKw3j,What She Wants Tonight,Luke Bryan,Born Here Live Here Die Here,8/7/2020,47,187186,https://open.spotify.com/track/3BQipmmdqOBwk2Nz7oKw3j,love,what she wants tonight
5k2k4KbfP9Twp2duWmjHsr,Town Ain't Big Enough,"Chris Young, Lauren Alaina",Famous Friends,8/6/2021,31,171800,https://open.spotify.com/track/5k2k4KbfP9Twp2duWmjHsr,love,town aint big enough
4ACvq9GM4hZTcI7sfSqmxP,Done,Chris Janson,Done (Acoustic from the Acuff House),4/10/2020,33,220120,https://open.spotify.com/track/4ACvq9GM4hZTcI7sfSqmxP,love,done
5o9LteJdhkA3ndUDz4JVfV,Make You Mine,High Valley,Dear Life,11/18/2016,47,211613,https://open.spotify.com/track/5o9LteJdhkA3ndUDz4JVfV,love,make you mine
3FFtL2ub2rqjvT77i1q2Vw,Are You With Me,Easton Corbin,Muve Sessions: All Over The Road,1/1/2012,24,220373,https://open.spotify.com/track/3FFtL2ub2rqjvT77i1q2Vw,love,are you with me
6QKVAHijUENUy82a1yDqvI,Dream Girl,Eric Ethridge,Good With Me,10/30/2020,22,190906,https://open.spotify.com/track/6QKVAHijUENUy82a1yDqvI,love,dream girl
3G9ETaH55bMQx8hwNhAgbU,The Stable Song,Gregory Alan Isakov,"That Sea, The Gambler",1/1/2007,67,360933,https://open.spotify.com/track/3G9ETaH55bMQx8hwNhAgbU,love,the stable song
4BXkf6yww23Vdju7E1fUrn,Whiskey Lullaby (feat. Alison Krauss),"Brad Paisley, Alison Krauss",Hits Alive,11/2/2010,64,259453,https://open.spotify.com/track/4BXkf6yww23Vdju7E1fUrn,love,whiskey lullaby feat alison krauss
5TJGQSZpO3A1aabRqOuW0E,Do I,Luke Bryan,Doin' My Thing,1/1/2009,33,239413,https://open.spotify.com/track/5TJGQSZpO3A1aabRqOuW0E,love,do i
1oZ6Rg6AiSTuqQ1oBtRPnu,Remember When,Alan Jackson,Triple Play,5/20/2006,55,270600,https://open.spotify.com/track/1oZ6Rg6AiSTuqQ1oBtRPnu,love,remember when
3GcT2pBuyP5hThxYyfRGjp,Fast,Luke Bryan,Kill The Lights,8/7/2015,32,206240,https://open.spotify.com/track/3GcT2pBuyP5hThxYyfRGjp,love,fast
4flpuxUafXW68PrwhBac4J,I Feel Bad,Rascal Flatts,Me And My Gang,11/13/2006,37,198306,https://open.spotify.com/track/4flpuxUafXW68PrwhBac4J,love,i feel bad
54iGR32Ba6mRtwLASLkohd,Meet The Man,Noah Schnacky,Noah Schnacky EP,7/24/2020,30,230426,https://open.spotify.com/track/54iGR32Ba6mRtwLASLkohd,love,meet the man
6VlgS3HbOwEiDyZdkaLTEV,Be Alright,Parmalee,Be Alright,3/15/2019,48,201026,https://open.spotify.com/track/6VlgS3HbOwEiDyZdkaLTEV,love,be alright
1Fo2N5iXRi37maMboaig7O,Undo It,Carrie Underwood,Play On,2009,56,177253,https://open.spotify.com/track/1Fo2N5iXRi37maMboaig7O,love,undo it
7DnNU5rQLgy4KEYvFMrGgW,This is Us,"Jimmie Allen, Noah Cyrus",This is Us,2/21/2020,44,205826,https://open.spotify.com/track/7DnNU5rQLgy4KEYvFMrGgW,love,this is us
5iGvqZkRA72EZpv05iKwaV,Gasoline,Eric Ethridge,Dream Girl / Gasoline,2/21/2020,20,169973,https://open.spotify.com/track/5iGvqZkRA72EZpv05iKwaV,love,gasoline
1WH58TdOY8nf4FSIvLcfuG,She Ain’t Home,Brantley Gilbert,Fire & Brimstone,10/4/2019,32,201303,https://open.spotify.com/track/1WH58TdOY8nf4FSIvLcfuG,love,she aint home
4PJXT82AZtlDW4Q71b43oz,Whatever She's Got,David Nail,I'm A Fire,1/1/2014,62,236800,https://open.spotify.com/track/4PJXT82AZtlDW4Q71b43oz,love,whatever shes got
0Cf6KkneD10Fcinbez11Xm,Laid Back Ride,Brantley Gilbert,Fire & Brimstone,10/4/2019,35,198466,https://open.spotify.com/track/0Cf6KkneD10Fcinbez11Xm,love,laid back ride
1eSsXKgo5O6VdF7HS4eZcT,Man Of Steel,Brantley Gilbert,Fire & Brimstone,10/4/2019,49,185529,https://open.spotify.com/track/1eSsXKgo5O6VdF7HS4eZcT,love,man of steel
4mLKCOJksI2bO8E5G8eIoi,Bad Boy,Brantley Gilbert,Fire & Brimstone,10/4/2019,39,241226,https://open.spotify.com/track/4mLKCOJksI2bO8E5G8eIoi,love,bad boy
79QEtZF5a4HRzEXyltBy1O,Good Vibes,Chris Janson,Country Radio Hits,12/16/2022,35,165586,https://open.spotify.com/track/79QEtZF5a4HRzEXyltBy1O,love,good vibes
7BQE1P0NUalHSvFtrxasx9,Memory I Don't Mess With,Lee Brice,Memory I Don't Mess With,10/16/2020,54,180616,https://open.spotify.com/track/7BQE1P0NUalHSvFtrxasx9,love,memory i dont mess with
0c36gHE4gFzaJL6ItRjHRd,God Made A Woman,Jerrod Niemann,This Ride,10/6/2017,37,208853,https://open.spotify.com/track/0c36gHE4gFzaJL6ItRjHRd,love,god made a woman
23iSWEI5GZAGxHcJKYCuiC,If I Was The Priest,Bruce Springsteen,Letter To You,10/23/2020,38,410933,https://open.spotify.com/track/23iSWEI5GZAGxHcJKYCuiC,love,if i was the priest
14KAAbogyA9EJjYUyOJrRB,Grow Old,Florida Georgia Line,Dig Your Roots,8/26/2016,48,230640,https://open.spotify.com/track/14KAAbogyA9EJjYUyOJrRB,love,grow old
5ZuDo4T5NU7jg5y0yV2Otk,Come Over - Acoustic Mixtape,Sam Hunt,Between The Pines (Acoustic Mixtape),10/23/2015,49,241866,https://open.spotify.com/track/5ZuDo4T5NU7jg5y0yV2Otk,love,come over acoustic mixtape
1mEuraYyURGrPW0ICdAwYr,Woulda Left Me Too,Ryan Griffin,Sake of the Summer,3/10/2017,32,223880,https://open.spotify.com/track/1mEuraYyURGrPW0ICdAwYr,love,woulda left me too
19P6cJstaoQJHtHW3HOGcg,The Rest of Our Life,"Tim McGraw, Faith Hill",The Rest of Our Life,11/17/2017,49,225360,https://open.spotify.com/track/19P6cJstaoQJHtHW3HOGcg,love,the rest of our life
34SQ0QfLSR316d8KL2zkuZ,With You I Am,Cody Johnson,Gotta Be Me,8/5/2016,69,220893,https://open.spotify.com/track/34SQ0QfLSR316d8KL2zkuZ,love,with you i am
55BiXEd58TxhBPGJ5tImyJ,Someone Like You - Piano Vocal,David Nail,1979,1/1/2012,39,320933,https://open.spotify.com/track/55BiXEd58TxhBPGJ5tImyJ,love,someone like you piano vocal
3EWQsarNCItwHn9hE2MHTn,Last Time for Everything,Brad Paisley,Love and War,4/21/2017,45,230831,https://open.spotify.com/track/3EWQsarNCItwHn9hE2MHTn,love,last time for everything
5nw1vq8GwersAqkYcmkBYf,Everything Changes,Morgan Evans,Things That We Drink To,10/12/2018,30,197699,https://open.spotify.com/track/5nw1vq8GwersAqkYcmkBYf,love,everything changes
5KClAAep73NVj6DYpLkvRA,Young Again,Morgan Evans,Things That We Drink To,10/12/2018,43,175322,https://open.spotify.com/track/5KClAAep73NVj6DYpLkvRA,love,young again
6XoTkG6PcjYvxofe6RUqm4,Just a Phase,Adam Craig,Adam Craig EP,5/20/2016,37,186626,https://open.spotify.com/track/6XoTkG6PcjYvxofe6RUqm4,love,just a phase
0uJ00wEebEjmTXzZudCe2R,If I Die Young,The Band Perry,Really Sad Songs,2/19/2021,20,223266,https://open.spotify.com/track/0uJ00wEebEjmTXzZudCe2R,love,if i die young
73aofsDvxQznhWLfgQ5gBz,Grew Apart,"Logan Mize, Donovan Woods",Still That Kid,1/27/2021,0,169975,https://open.spotify.com/track/73aofsDvxQznhWLfgQ5gBz,love,grew apart
1H5glrmhDnd0DL2O2dnzm2,What If I Never Get Over You,Lady A,Soundtrack To Summer 2019 (Deluxe Edition),8/16/2019,21,206230,https://open.spotify.com/track/1H5glrmhDnd0DL2O2dnzm2,love,what if i never get over you
23TxRN09aR1RB0G0tFoT0b,Better Man,Little Big Town,The Breaker,2/24/2017,63,263120,https://open.spotify.com/track/23TxRN09aR1RB0G0tFoT0b,love,better man
2wxfu24GQpEZQrjDJm5Ac1,Every Little Thing,Carly Pearce,Every Little Thing,10/13/2017,58,180053,https://open.spotify.com/track/2wxfu24GQpEZQrjDJm5Ac1,love,every little thing
5ehN5A3B3lDwmFCYO63Wk6,2016,Sam Hunt,SOUTHSIDE,4/3/2020,46,235053,https://open.spotify.com/track/5ehN5A3B3lDwmFCYO63Wk6,love,2016
37lgnvIksElzeZfgCJq9MA,You Don't Want Me,Hunter Phelps,You Don't Want Me,8/30/2019,32,184842,https://open.spotify.com/track/37lgnvIksElzeZfgCJq9MA,love,you dont want me
4YF2r46odxHgaaOO2AUjUo,Money On You,Chad Brownlee,Back In The Game (Deluxe Edition),1/10/2020,35,197066,https://open.spotify.com/track/4YF2r46odxHgaaOO2AUjUo,love,money on you
4oR2cCQGs0Yt0Mgr2diV6V,What’s Your Country Song,Thomas Rhett,Country Again (Side A),4/30/2021,66,171333,https://open.spotify.com/track/4oR2cCQGs0Yt0Mgr2diV6V,love,whats your country song
51q2Jl8vBwhLkQSCi2Orlu,I Hope You're Happy Now,"Lee Brice, Carly Pearce",Hey World,11/20/2020,30,199813,https://open.spotify.com/track/51q2Jl8vBwhLkQSCi2Orlu,love,i hope youre happy now
2eQYv5UJAjtXraIVzy2ZH7,Señorita,"Jake Owen, Lele Pons",Greetings From...Jake,3/29/2019,0,180053,https://open.spotify.com/track/2eQYv5UJAjtXraIVzy2ZH7,love,seorita
6RLY95QPCA8kFEskvipv1p,Before You,Drew Baldridge,Before You,3/26/2020,41,219365,https://open.spotify.com/track/6RLY95QPCA8kFEskvipv1p,love,before you
3f3VeiJIaWOZcmkJpTqxyj,Giving You Up,Kameron Marlowe,Giving You Up,6/14/2019,54,230842,https://open.spotify.com/track/3f3VeiJIaWOZcmkJpTqxyj,love,giving you up
6S9ydj7jVx2KrkLluImHrH,Nobody but You,"Blake Shelton, Gwen Stefani",Country Backyard BBQ,4/15/2022,22,194866,https://open.spotify.com/track/6S9ydj7jVx2KrkLluImHrH,love,nobody but you
3G3OwFCrkc86mMuLPOvgjc,Under My Skin,Nate Smith,Under My Skin,10/16/2020,46,178771,https://open.spotify.com/track/3G3OwFCrkc86mMuLPOvgjc,love,under my skin
0TPMr67hdmxz4vYVzwvnsz,Leave Her Wild,Tyler Rich,Real Love,2/11/2022,21,199106,https://open.spotify.com/track/0TPMr67hdmxz4vYVzwvnsz,love,leave her wild
4Kz35lM1EIdB7IJNh0W5dI,Every Now And Then,Alan Jackson,Freight Train,3/30/2010,30,227453,https://open.spotify.com/track/4Kz35lM1EIdB7IJNh0W5dI,love,every now and then
55x6uA2907oPXRqQCqHSxW,Left Side Of Leavin',Brett Young,Brett Young,2/10/2017,39,214453,https://open.spotify.com/track/55x6uA2907oPXRqQCqHSxW,love,left side of leavin
1Wvlwbyz4eGEegFx6s71gr,Sirens,Lee Brice,I Don't Dance (Deluxe Edition),9/9/2014,34,234720,https://open.spotify.com/track/1Wvlwbyz4eGEegFx6s71gr,love,sirens
096YtKWNRXdmYKFLelSBto,Still Goin Down,Morgan Wallen,Still Goin Down,11/19/2020,10,186293,https://open.spotify.com/track/096YtKWNRXdmYKFLelSBto,love,still goin down
21HxYsyuuXZNqB1Dme5PQN,Wildfire,Nate Smith,Wildfire,6/7/2019,54,190249,https://open.spotify.com/track/21HxYsyuuXZNqB1Dme5PQN,love,wildfire
6DLPQYXXbzKbtD9WbCXpI3,Wasted On You,Morgan Wallen,Dangerous: The Double Album (Bonus),1/29/2021,7,178520,https://open.spotify.com/track/6DLPQYXXbzKbtD9WbCXpI3,love,wasted on you
3NxGlVBbrjPw3jRdhLdsZI,Wildfire - Acoustic,Nate Smith,Wildfire (Acoustic),8/7/2020,25,173790,https://open.spotify.com/track/3NxGlVBbrjPw3jRdhLdsZI,love,wildfire acoustic
77Bt2DXJE1R1qsnm4D10Ox,Breakups,Seaforth,Breakups,1/14/2021,43,223129,https://open.spotify.com/track/77Bt2DXJE1R1qsnm4D10Ox,love,breakups
2T0bFbSCjQf9DA1xoZklWe,More Than A Memory - Acoustic,Lee Brice,Lee Brice,7/8/2008,35,186600,https://open.spotify.com/track/2T0bFbSCjQf9DA1xoZklWe,love,more than a memory acoustic
4bAgufFck5QxOUwxt5Eewu,Reckless,Nate Smith,Reckless,3/27/2020,43,206565,https://open.spotify.com/track/4bAgufFck5QxOUwxt5Eewu,love,reckless
5r00wpsojd4mBYaQFDvni7,Roller Coaster,Luke Bryan,Crash My Party,1/1/2013,63,259079,https://open.spotify.com/track/5r00wpsojd4mBYaQFDvni7,love,roller coaster
6HTVZeVQ9J6Uiq6tHESxU9,"Welcome Home, Son",Radical Face,Ghost,3/2/2007,72,287634,https://open.spotify.com/track/6HTVZeVQ9J6Uiq6tHESxU9,love,welcome home son
7C58cEg97SN8OYUPV3Uxpe,11:11,Tyler Rich,Two Thousand Miles,9/4/2020,41,195853,https://open.spotify.com/track/7C58cEg97SN8OYUPV3Uxpe,love,1111
6y1z6w2ar92qmmpPhigf9g,Drunk Me - Acoustic,Mitchell Tenpenny,Drunk Me (Acoustic),11/30/2018,34,223307,https://open.spotify.com/track/6y1z6w2ar92qmmpPhigf9g,love,drunk me acoustic
6iQkiYR8yZnURI8W678PNg,Razor Blade,Luke Bryan,Kill The Lights (Deluxe),8/7/2015,40,221800,https://open.spotify.com/track/6iQkiYR8yZnURI8W678PNg,love,razor blade
27rPYvYisboZwKnIiX2cug,Renegades,Thomas Rhett,Life Changes,9/8/2017,33,222640,https://open.spotify.com/track/27rPYvYisboZwKnIiX2cug,love,renegades
6RzqPvgo3eVHufJRYlgmlH,The Good Ones,Gabby Barrett,Country Ballads,2/11/2022,22,215140,https://open.spotify.com/track/6RzqPvgo3eVHufJRYlgmlH,love,the good ones
6ZfWLg7DPFHjIAYrvIP4LZ,The One You Need,Brett Eldredge,Sunday Drive,7/10/2020,40,245186,https://open.spotify.com/track/6ZfWLg7DPFHjIAYrvIP4LZ,love,the one you need
5oi5FZxnsT6jno2seBjmZM,Playing With Fire,"Thomas Rhett, Danielle Bradbery",Tangled Up (Deluxe),10/28/2016,35,205160,https://open.spotify.com/track/5oi5FZxnsT6jno2seBjmZM,love,playing with fire
67K05ShIJMDAWfd78QbzYh,Like It's The Last Time,Thomas Rhett,Tangled Up,1/1/2015,0,189960,https://open.spotify.com/track/67K05ShIJMDAWfd78QbzYh,love,like its the last time
3VvPREisNL7yBoePVbLbyZ,Want It Again,Thomas Rhett,Country Again (Side A),4/30/2021,52,172586,https://open.spotify.com/track/3VvPREisNL7yBoePVbLbyZ,love,want it again
393uYKqsUjTLKi7cIRSHZK,Not Yet,Brett Young,Best of 2021 Country,11/30/2021,20,174146,https://open.spotify.com/track/393uYKqsUjTLKi7cIRSHZK,love,not yet
7rKfBFtyJX2M3JcecMAvD0,Growing Up,Thomas Rhett,Country Again (Side A),4/30/2021,41,181266,https://open.spotify.com/track/7rKfBFtyJX2M3JcecMAvD0,love,growing up
60RFlt48hm0l4Fu0JoccOl,More Hearts Than Mine,Ingrid Andress,Lady Like,3/27/2020,62,214786,https://open.spotify.com/track/60RFlt48hm0l4Fu0JoccOl,love,more hearts than mine
2L4frIBEMlMCYy2s1f1kyM,Forever To Go,Chase Rice,The Album,5/28/2021,50,177279,https://open.spotify.com/track/2L4frIBEMlMCYy2s1f1kyM,love,forever to go
5NhZkLMccDVhxocmVHDu4G,Livin' Our Love Song,Jason Michael Carroll,Waitin' In The Country,2/6/2007,46,231466,https://open.spotify.com/track/5NhZkLMccDVhxocmVHDu4G,love,livin our love song
4YnjiMGmYAOnJlc0TmwYKt,Just South of Heaven,Blake Shelton,BRINGING BACK THE SUNSHINE,9/30/2014,33,250200,https://open.spotify.com/track/4YnjiMGmYAOnJlc0TmwYKt,love,just south of heaven
3CiF9D8iuVhZWDvvjf8HpG,Country Again,Thomas Rhett,Country Again (Side A),4/30/2021,53,221240,https://open.spotify.com/track/3CiF9D8iuVhZWDvvjf8HpG,love,country again
0BEK5My9MnyIOpTzoQbIFm,Monday Mornin' Missin' You,Blake Shelton,Body Language (Deluxe),12/3/2021,23,220413,https://open.spotify.com/track/0BEK5My9MnyIOpTzoQbIFm,love,monday mornin missin you
2mfahQ0EaaZWq4cFNg6A1o,All On Me,Devin Dawson,Dark Horse,1/19/2018,54,224626,https://open.spotify.com/track/2mfahQ0EaaZWq4cFNg6A1o,love,all on me
1bVSBylqceGUesAORRAohr,Rescue Me,Chris Young,Famous Friends,8/6/2021,30,198000,https://open.spotify.com/track/1bVSBylqceGUesAORRAohr,love,rescue me
7aftSOGSOpSoIlVAQVBb71,Break Up In A Small Town,Sam Hunt,Montevallo,10/24/2014,65,229880,https://open.spotify.com/track/7aftSOGSOpSoIlVAQVBb71,love,break up in a small town
3nnG7AM9QopHVPEuLX3Khk,Let It Go,James Bay,Chaos And The Calm,3/20/2015,70,260532,https://open.spotify.com/track/3nnG7AM9QopHVPEuLX3Khk,love,let it go
0OFOf0vAz1EL18MtIPRoOo,Good Grief,Mathilde Widding,Good Grief,3/21/2025,48,229086,https://open.spotify.com/track/0OFOf0vAz1EL18MtIPRoOo,love,good grief
5iFwAOB2TFkPJk8sMlxP8g,Make You Mine,PUBLIC,Make You Mine,8/9/2019,71,232906,https://open.spotify.com/track/5iFwAOB2TFkPJk8sMlxP8g,love,make you mine
0Cy7wt6IlRfBPHXXjmZbcP,Love Me Like You Do,Ellie Goulding,Fifty Shades Freed (Original Motion Picture Soundtrack),2/9/2018,75,253520,https://open.spotify.com/track/0Cy7wt6IlRfBPHXXjmZbcP,love,love me like you do
3Bw46JM2zBu9DKPyg0845r,almost love,pressley,almost love,11/7/2025,16,184273,https://open.spotify.com/track/3Bw46JM2zBu9DKPyg0845r,love,almost love
4wcBRRpIfesgcyUtis7PEg,"1 step forward, 3 steps back",Olivia Rodrigo,SOUR,5/21/2021,77,163586,https://open.spotify.com/track/4wcBRRpIfesgcyUtis7PEg,love,1 step forward 3 steps back
79EkGysjP2dL5GdpeQjRxT,This Side of Paradise,Coyote Theory,Color,6/20/2011,79,242010,https://open.spotify.com/track/79EkGysjP2dL5GdpeQjRxT,love,this side of paradise
5mfAZwEr4jAVDnSY0HHuyH,Stray,What Matters The Most,Stray,10/25/2025,39,149500,https://open.spotify.com/track/5mfAZwEr4jAVDnSY0HHuyH,love,stray
42bbDWZ8WmXTH7PkYAlGLu,Hold My Girl,George Ezra,Staying at Tamara's,3/23/2018,69,211763,https://open.spotify.com/track/42bbDWZ8WmXTH7PkYAlGLu,love,hold my girl
4mzP5mHkRvGxdhdGdAH7EJ,Give Me Your Forever,Zack Tabudlo,Episode,10/15/2021,69,244800,https://open.spotify.com/track/4mzP5mHkRvGxdhdGdAH7EJ,love,give me your forever
3RrUG5t3Eq9hWMPFEvcUuy,River,SEREN,River,10/10/2025,33,178693,https://open.spotify.com/track/3RrUG5t3Eq9hWMPFEvcUuy,love,river
5WtfUKzXircvW8l5aaVZWT,What A Time (feat. Niall Horan),"Julia Michaels, Niall Horan",Inner Monologue Part 1,1/24/2019,73,173306,https://open.spotify.com/track/5WtfUKzXircvW8l5aaVZWT,love,what a time feat niall horan
3aIih7McWu18P0DiumaS37,Fall In Your Arms,James Vickery,JAMES.,9/12/2025,30,218189,https://open.spotify.com/track/3aIih7McWu18P0DiumaS37,love,fall in your arms
58qX77t2VWMWcycsh9zKLc,i don't want to watch the world end with someone else,Clinton Kane,i don't want to watch the world end with someone else,5/8/2020,58,184505,https://open.spotify.com/track/58qX77t2VWMWcycsh9zKLc,love,i dont want to watch the world end with someone else
7v2aQMRX9irMF298akCRfw,to be fair,Jasmine Star,to be fair,9/10/2025,15,175000,https://open.spotify.com/track/7v2aQMRX9irMF298akCRfw,love,to be fair
727Z2S2mtNH46CbP9EWPwY,If You Love Her,Forest Blakk,If You Love Her,9/30/2020,73,217351,https://open.spotify.com/track/727Z2S2mtNH46CbP9EWPwY,love,if you love her
1OBK4DltPHWoeilauCyckU,Sky is the Limit,Mark Ambor,Hello World,9/9/2022,0,159345,https://open.spotify.com/track/1OBK4DltPHWoeilauCyckU,love,sky is the limit
3PLVXHy0Ea9GMhmuaWB3zs,Flesh And Bone,Rosina Bullen,Flesh and Bone,10/24/2025,31,209293,https://open.spotify.com/track/3PLVXHy0Ea9GMhmuaWB3zs,love,flesh and bone
7G0qSQ07VgirXEwWM6ECF3,Butterflies,Abe Parker,Everwood,8/11/2023,0,183937,https://open.spotify.com/track/7G0qSQ07VgirXEwWM6ECF3,love,butterflies
3nHf0xlfhHZRTopJSeUr6T,another year,"Polar, leoleo",another year,10/10/2025,41,161447,https://open.spotify.com/track/3nHf0xlfhHZRTopJSeUr6T,love,another year
4IhKLu7Vk3j2TLmnFPl6To,Water Fountain,Alec Benjamin,Narrated For You,11/16/2018,71,218893,https://open.spotify.com/track/4IhKLu7Vk3j2TLmnFPl6To,love,water fountain
2CpzvsiCLqqXoDNdVUuMNz,Hurt Like Me,Empara Mi,Monsters & Masochists,10/10/2025,41,221621,https://open.spotify.com/track/2CpzvsiCLqqXoDNdVUuMNz,love,hurt like me
3afkJSKX0EAMsJXTZnDXXJ,Strawberries & Cigarettes,Troye Sivan,Strawberries & Cigarettes,3/16/2018,74,201538,https://open.spotify.com/track/3afkJSKX0EAMsJXTZnDXXJ,love,strawberries cigarettes
6CH11lLhhDvVxsBYj96jUc,How Could I Forget?,JeLa,How Could I Forget?,10/10/2025,43,173782,https://open.spotify.com/track/6CH11lLhhDvVxsBYj96jUc,love,how could i forget
3sqrvkNC6IPTIXvvbx9Arw,Enchanted,Taylor Swift,Speak Now (Deluxe Package),1/1/2010,69,352200,https://open.spotify.com/track/3sqrvkNC6IPTIXvvbx9Arw,love,enchanted
6lg2eYuybQiwhxr15c1sKX,I Can Tell a Lie,MIIA,I Can Tell a Lie,10/22/2025,45,197429,https://open.spotify.com/track/6lg2eYuybQiwhxr15c1sKX,love,i can tell a lie
5JCoSi02qi3jJeHdZXMmR8,favorite crime,Olivia Rodrigo,SOUR,5/21/2021,82,152666,https://open.spotify.com/track/5JCoSi02qi3jJeHdZXMmR8,love,favorite crime
3cKM7UXBZmgjEgEBTkaIlU,Strong,One Direction,Midnight Memories (Deluxe),11/25/2013,73,184373,https://open.spotify.com/track/3cKM7UXBZmgjEgEBTkaIlU,love,strong
3pxJIvFImKCbWG3jk1rRPn,Skin and Bones,Juliana Hale,Skin and Bones,10/24/2025,31,188060,https://open.spotify.com/track/3pxJIvFImKCbWG3jk1rRPn,love,skin and bones
1RLXmFc79On9MeMECinLp3,Trick Of The Light,Jessica Carter Altman,Trick Of The Light,10/17/2025,43,197354,https://open.spotify.com/track/1RLXmFc79On9MeMECinLp3,love,trick of the light
559SdaPI7mqy9IQiscuaMj,Sure Thing - Sped Up,Miguel,Sure Thing (Sped Up),1/27/2023,62,150053,https://open.spotify.com/track/559SdaPI7mqy9IQiscuaMj,love,sure thing sped up
7l97ElWmIdVHWUaOeeU5ZC,that way,Tate McRae,all the things i never said,1/24/2020,78,175026,https://open.spotify.com/track/7l97ElWmIdVHWUaOeeU5ZC,love,that way
3h3pOvw6hjOvZxRUseB7h9,i wanna be your girlfriend,girl in red,i wanna be your girlfriend,3/2/2018,1,204990,https://open.spotify.com/track/3h3pOvw6hjOvZxRUseB7h9,love,i wanna be your girlfriend
6hM7n9CmP8ikeZXFzKlpAX,I C U,Zarooni,I C U,10/24/2025,44,172363,https://open.spotify.com/track/6hM7n9CmP8ikeZXFzKlpAX,love,i c u
5uSFGgIfHMT3osrAd9n9ym,Forget Me,Lewis Capaldi,Forget Me,9/9/2022,2,203472,https://open.spotify.com/track/5uSFGgIfHMT3osrAd9n9ym,love,forget me
1Fid2jjqsHViMX6xNH70hE,Atlantis,Seafret,Tell Me It's Real (Expanded Edition),1/29/2016,81,229173,https://open.spotify.com/track/1Fid2jjqsHViMX6xNH70hE,love,atlantis
6QsXgv4TR4luZN0omMH5Di,Claw Marks,panicbaby,Claw Marks,7/22/2025,72,155528,https://open.spotify.com/track/6QsXgv4TR4luZN0omMH5Di,love,claw marks
6aL8z4bV0B1B3eQuFVTAuA,Last Name,Cali Tucker,Last Name,7/18/2025,46,202919,https://open.spotify.com/track/6aL8z4bV0B1B3eQuFVTAuA,love,last name
5fvouDK10g4xzvf7FLx1o9,Duality,"KOTA!, Satin Puppets",Duality,10/17/2025,29,193306,https://open.spotify.com/track/5fvouDK10g4xzvf7FLx1o9,love,duality
0eDQ1JYHNMJ8ijyr9QqGsG,Urban Cowboy,Cali Tucker,Urban Cowboy,9/6/2024,35,212102,https://open.spotify.com/track/0eDQ1JYHNMJ8ijyr9QqGsG,love,urban cowboy
2PR4jVXzyjCky2PkONvipq,Favorite T-Shirt - Acoustic,Jake Scott,Favorite T-Shirt (Acoustic),11/8/2019,45,188442,https://open.spotify.com/track/2PR4jVXzyjCky2PkONvipq,love,favorite tshirt acoustic
4sfg2Pxqr6UIS3yGX3gqid,Shallow,Romantic Lovebirds,Romantic Songs,7/14/2022,38,215942,https://open.spotify.com/track/4sfg2Pxqr6UIS3yGX3gqid,love,shallow
3FAJ6O0NOHQV8Mc5Ri6ENp,Heartbreak Anniversary,GIVĒON,TAKE TIME,3/27/2020,78,198370,https://open.spotify.com/track/3FAJ6O0NOHQV8Mc5Ri6ENp,love,heartbreak anniversary
31qCy5ZaophVA81wtlwLc4,Anyone,Justin Bieber,Anyone,1/1/2021,66,190779,https://open.spotify.com/track/31qCy5ZaophVA81wtlwLc4,love,anyone
6EcvEdZWKoatDpZ7tsFs0o,Enough,Modern Liv,PILLOWCRASH,9/19/2025,29,215604,https://open.spotify.com/track/6EcvEdZWKoatDpZ7tsFs0o,love,enough
6hdkw1wzhIRYPlYDUtCY5m,Love Me Now,John Legend,Love Me Now,10/7/2016,48,210306,https://open.spotify.com/track/6hdkw1wzhIRYPlYDUtCY5m,love,love me now
7uzmGiiJyRfuViKKK3lVmR,Mine,Bazzi,COSMIC,4/12/2018,71,131064,https://open.spotify.com/track/7uzmGiiJyRfuViKKK3lVmR,love,mine
0QKihOtiRiHAmDwHntMxpd,More Than Love,Rick Lee Vinson Group,More Than Love,4/9/2025,24,195250,https://open.spotify.com/track/0QKihOtiRiHAmDwHntMxpd,love,more than love
2TVvc98uWNpN4KT24LgYSd,Outta Your Head,Don't Believe in Ghosts,Outta Your Head,10/10/2025,38,196636,https://open.spotify.com/track/2TVvc98uWNpN4KT24LgYSd,love,outta your head
0QzuaeCEEOV40Pn7IvKEny,double take,Dhruv,rapunzel,1/21/2022,76,171743,https://open.spotify.com/track/0QzuaeCEEOV40Pn7IvKEny,love,double take
7suZ5Hm5tjBPBB1tfQPzFM,Warning Signs,Kimberly penez,Warning Signs,11/7/2025,8,224130,https://open.spotify.com/track/7suZ5Hm5tjBPBB1tfQPzFM,love,warning signs
25ADHIZyggkIXGROtBkEkw,Ben Howard,Cosimo,welcome home,10/3/2025,29,142755,https://open.spotify.com/track/25ADHIZyggkIXGROtBkEkw,love,ben howard
60iSKGrGazRzICtMjADNSM,Hold Me While You Wait,Lewis Capaldi,Divinely Uninspired To A Hellish Extent,5/17/2019,77,205686,https://open.spotify.com/track/60iSKGrGazRzICtMjADNSM,love,hold me while you wait
4k3uABcX9iaGlt5pRJhumi,stupid,Tate McRae,stupid,12/6/2019,1,172915,https://open.spotify.com/track/4k3uABcX9iaGlt5pRJhumi,love,stupid
5R1V3QIdLEzcLL7D9nx8OQ,Electric,Zoey Madison,Electric,9/19/2025,25,170866,https://open.spotify.com/track/5R1V3QIdLEzcLL7D9nx8OQ,love,electric
6ZuahEctZD6w75peme58hm,Wonder,Shawn Mendes,Wonder,12/4/2020,68,172692,https://open.spotify.com/track/6ZuahEctZD6w75peme58hm,love,wonder
3jCVs4vJmuSeu11xBD2kxk,next to you,tona,next to you,10/3/2025,27,202165,https://open.spotify.com/track/3jCVs4vJmuSeu11xBD2kxk,love,next to you
3Y2MvObZdPakD1X71KOxCD,Teenage Dream,Stephen Dawes,Teenage Dream,6/2/2022,0,177857,https://open.spotify.com/track/3Y2MvObZdPakD1X71KOxCD,love,teenage dream
5roK7SJV2Y6Io0gk0BFt3c,be nice princess,Julia Kate,be nice princess,10/24/2025,38,167840,https://open.spotify.com/track/5roK7SJV2Y6Io0gk0BFt3c,love,be nice princess
3T03rPwlL8NVk1yIaxeD8U,Off My Face,Justin Bieber,Justice,3/19/2021,71,156467,https://open.spotify.com/track/3T03rPwlL8NVk1yIaxeD8U,love,off my face
26so0qWE1NNRZjgUsjF7YH,Fate,Elena Matei,Fate,4/18/2024,26,242986,https://open.spotify.com/track/26so0qWE1NNRZjgUsjF7YH,love,fate
3Ia7q85n7Rnq9TesYiXBeG,You're The One,Romantic Lovebirds,You're The One,2/4/2022,0,132500,https://open.spotify.com/track/3Ia7q85n7Rnq9TesYiXBeG,love,youre the one
7wl7LNnYoFkvuGK2iGm1zB,Don't leave (Kylie) - Grayson Repp Remix,"Akcent, SERA, Misha Miller, Grayson Repp",Don't Leave (Kylie) [Remix Pack],9/19/2025,31,194404,https://open.spotify.com/track/7wl7LNnYoFkvuGK2iGm1zB,love,dont leave kylie grayson repp remix
6M31fPFCYB8Job3MCjjrDV,They Don't Know About Us,One Direction,Take Me Home (Expanded Edition),11/12/2012,72,200400,https://open.spotify.com/track/6M31fPFCYB8Job3MCjjrDV,love,they dont know about us
0C3shWEOObGT5IxApC7Mkg,you were there for me,Henry Moodie,you were there for me,8/9/2022,1,195365,https://open.spotify.com/track/0C3shWEOObGT5IxApC7Mkg,love,you were there for me
6HdLAkaRUIaXuzUuqYbZ4U,Rapture,Silent Rival,Rapture,8/22/2025,36,189458,https://open.spotify.com/track/6HdLAkaRUIaXuzUuqYbZ4U,love,rapture
5KeXq2Qv4apHw4v4VhwWKz,Make Out - Remix,J.W. Cudd,J.W. CUDD,10/1/2021,24,211000,https://open.spotify.com/track/5KeXq2Qv4apHw4v4VhwWKz,love,make out remix
4Yxc55NX3tAXC2mHRAhtcW,"All I Want - From ""High School Musical: The Musical: The Series""","Olivia Rodrigo, Disney","All I Want (From ""High School Musical: The Musical: The Series"")",11/27/2019,78,177322,https://open.spotify.com/track/4Yxc55NX3tAXC2mHRAhtcW,love,all i want from high school musical the musical the series
3ChgKINj1I7nIGXwOCJ5L3,It's Good,Don't Believe in Ghosts,But on the Bright Side,11/7/2025,12,171511,https://open.spotify.com/track/3ChgKINj1I7nIGXwOCJ5L3,love,its good
4l9hml2UCnxoNI3yCdL1BW,My Funny Valentine,Chet Baker,Chet Baker Sings,1956,65,141133,https://open.spotify.com/track/4l9hml2UCnxoNI3yCdL1BW,love,my funny valentine
6uyH6GdYQFRY74fB9M8wWO,I Will Always Love You,Boston Aires,I Will Always Love You,12/5/2024,13,168251,https://open.spotify.com/track/6uyH6GdYQFRY74fB9M8wWO,love,i will always love you
7D0RhFcb3CrfPuTJ0obrod,Sparks,Coldplay,Parachutes,7/10/2000,90,227093,https://open.spotify.com/track/7D0RhFcb3CrfPuTJ0obrod,love,sparks
6FLqFu1ApSkUddZ9P4H6Io,Baby I'm Yours,Arctic Monkeys,Leave Before The Lights Come On,10/31/2006,0,152613,https://open.spotify.com/track/6FLqFu1ApSkUddZ9P4H6Io,love,baby im yours
3F0bPJkVvYuvUmu9AepFsJ,Bring Color In My Kiss,J.W. Cudd,Bring Color In My Kiss,9/10/2025,26,278032,https://open.spotify.com/track/3F0bPJkVvYuvUmu9AepFsJ,love,bring color in my kiss
2afCBiru10AFckfOa49wIa,You & I,One Direction,Midnight Memories (Deluxe),11/25/2013,79,237933,https://open.spotify.com/track/2afCBiru10AFckfOa49wIa,love,you i
0fF9t7wGVnISUf7giY7Zdo,Days Like This - Matt Pridgyn Remix,"Grayson Repp, Kelli-Leigh, Matt Pridgyn",Days Like This (Matt Pridgyn Remix),10/31/2025,39,215625,https://open.spotify.com/track/0fF9t7wGVnISUf7giY7Zdo,love,days like this matt pridgyn remix
5CZ40GBx1sQ9agT82CLQCT,traitor,Olivia Rodrigo,SOUR,5/21/2021,86,229226,https://open.spotify.com/track/5CZ40GBx1sQ9agT82CLQCT,love,traitor
03x2rVJRFUrvwlfxoHd9Mo,Just You and I,Tom Walker,What a Time To Be Alive,3/1/2019,61,174982,https://open.spotify.com/track/03x2rVJRFUrvwlfxoHd9Mo,love,just you and i
5Yy41O1EorhrUIYmErNQbf,Everywhere I Go,Hanne Leland,Everywhere I Go,3/28/2025,27,214920,https://open.spotify.com/track/5Yy41O1EorhrUIYmErNQbf,love,everywhere i go
3SErMoIKdRELto2OspGs5L,idfc,blackbear,dead,6/2/2015,69,207026,https://open.spotify.com/track/3SErMoIKdRELto2OspGs5L,love,idfc
2IssBpPtHcViZL5vYQNHhA,Like To Be You (feat. Julia Michaels),"Shawn Mendes, Julia Michaels",Shawn Mendes,5/25/2018,52,159400,https://open.spotify.com/track/2IssBpPtHcViZL5vYQNHhA,love,like to be you feat julia michaels
1DUddD2WIN6Y1HLutxyKEr,Come Healing,Heather is Growing,Come Healing,10/24/2025,28,196000,https://open.spotify.com/track/1DUddD2WIN6Y1HLutxyKEr,love,come healing
3cqPu20DGTGUoZtbJH2Dmi,What If I Told You That I Love You,Ali Gatie,What If I Told You That I Love You,1/24/2020,57,193667,https://open.spotify.com/track/3cqPu20DGTGUoZtbJH2Dmi,love,what if i told you that i love you
1Jc1U63UvYtLATwbY2BHV3,Backseat,Audriix,Backseat,10/31/2025,18,201019,https://open.spotify.com/track/1Jc1U63UvYtLATwbY2BHV3,love,backseat
18uwL0vNUanqZH0ro2QcOP,comethru,Jeremy Zucker,"summer,",9/28/2018,73,181613,https://open.spotify.com/track/18uwL0vNUanqZH0ro2QcOP,love,comethru
246dmmlZJMF2kihukS5qvm,Turn off the News,Tanis,Turn off the News,10/17/2025,37,213818,https://open.spotify.com/track/246dmmlZJMF2kihukS5qvm,love,turn off the news
3fVnlF4pGqWI9flVENcT28,Wildest Dreams,Taylor Swift,1989,1/1/2014,74,220440,https://open.spotify.com/track/3fVnlF4pGqWI9flVENcT28,love,wildest dreams
2Egnhj7coDLZW412wFrnQ4,Magnolias,Jay McGregor,Magnolias,9/17/2025,24,240000,https://open.spotify.com/track/2Egnhj7coDLZW412wFrnQ4,love,magnolias
6VrLYoQKdhu1Jruei06t65,Somebody To You,The Vamps,Meet The Vamps,1/1/2014,70,185097,https://open.spotify.com/track/6VrLYoQKdhu1Jruei06t65,love,somebody to you
2KnLkZ3z7PO3kgVGHGqDpD,It'll Be Okay,Shawn Mendes,It'll Be Okay,12/1/2021,71,222800,https://open.spotify.com/track/2KnLkZ3z7PO3kgVGHGqDpD,love,itll be okay
7HOOoQgaLoggkTEfEwwTzm,don't break my heart to love me,Rebel Rae,don't break my heart to love me,10/3/2025,33,193250,https://open.spotify.com/track/7HOOoQgaLoggkTEfEwwTzm,love,dont break my heart to love me
5ajjAnNRh8bxFvaVHzpPjh,Reckless,Madison Beer,Reckless,6/4/2021,71,203384,https://open.spotify.com/track/5ajjAnNRh8bxFvaVHzpPjh,love,reckless
0R8WpMF2S5vnoOCTfRJxyF,Angel's Wings,SABINA,Angel's Wings,11/10/2015,23,219852,https://open.spotify.com/track/0R8WpMF2S5vnoOCTfRJxyF,love,angels wings
1SymEzIT3H8UZfibCs3TYi,Afterglow,Taylor Swift,Lover,8/23/2019,73,223293,https://open.spotify.com/track/1SymEzIT3H8UZfibCs3TYi,love,afterglow
1hAmhKYDXt9LbfSVDz4QXz,Where Love Arrives,EMS,Where Love Arrives,10/24/2025,10,323039,https://open.spotify.com/track/1hAmhKYDXt9LbfSVDz4QXz,love,where love arrives
4hNjjRYpkftbChRMkRlDeg,CHICKEN TENDIES,Clinton Kane,MAYBE SOMEDAY IT'LL ALL BE OK,7/22/2022,53,196853,https://open.spotify.com/track/4hNjjRYpkftbChRMkRlDeg,love,chicken tendies
1kBb5hcBQSb4tDu8LERByg,Vienna,Anna Duboc,Vienna,10/17/2025,32,183343,https://open.spotify.com/track/1kBb5hcBQSb4tDu8LERByg,love,vienna
5cJ5Z213mD6NbOhXfDjqpk,we both know,Sofie Alise,every time,9/19/2025,15,204866,https://open.spotify.com/track/5cJ5Z213mD6NbOhXfDjqpk,love,we both know
6jkqsQCKi7f7NDM4lFy0uO,Change,Jared Munday,Change,11/2/2025,8,178000,https://open.spotify.com/track/6jkqsQCKi7f7NDM4lFy0uO,love,change
1TQXIltqoZ5XXyfCbAeSQQ,Dancing With Your Ghost,Sasha Alex Sloan,Dancing With Your Ghost,6/28/2019,77,197732,https://open.spotify.com/track/1TQXIltqoZ5XXyfCbAeSQQ,love,dancing with your ghost
23SENjysjh3gLAeSeoV7WT,Maybe Tonight,Jascha Richter,Maybe Tonight,8/11/2023,26,213134,https://open.spotify.com/track/23SENjysjh3gLAeSeoV7WT,love,maybe tonight
5zcfnScTSFGCHGY1yeXWke,Ishq Sufiyana (Male),"Vishal-Shekhar, Kamal Khan",The Dirty Picture,10/29/2011,73,325257,https://open.spotify.com/track/5zcfnScTSFGCHGY1yeXWke,love,ishq sufiyana male
1fkjRQA8wXPPyxqYLbxuqy,Ishq Bulaava,"Vishal-Shekhar, Sanam Puri, Shipra Goyal",Hasee Toh Phasee (Original Motion Picture Soundtrack),1/5/2014,75,303640,https://open.spotify.com/track/1fkjRQA8wXPPyxqYLbxuqy,love,ishq bulaava
2fMlezwwP5Hr1UwuAknN4o,"Tose Naina (From ""Mickey Virus)",Arijit Singh,Love Dose Arijit Singh,2/11/2016,68,263549,https://open.spotify.com/track/2fMlezwwP5Hr1UwuAknN4o,love,tose naina from mickey virus
3h44S4bynHkbKVP2mogqdX,"Nazar Laaye (From ""Raanjhanaa"") - Reprise","A.R. Rahman, Rashid Ali, Neeti Mohan",Raanjhanaa (Original Motion Picture Soundtrack),5/31/2013,53,235973,https://open.spotify.com/track/3h44S4bynHkbKVP2mogqdX,love,nazar laaye from raanjhanaa reprise
17opN752ZQpNuoptelsNQ1,Pehli Nazar Mein,"Atif Aslam, Pritam",Race (Original Motion Picture Soundtrack),3/21/2008,67,312892,https://open.spotify.com/track/17opN752ZQpNuoptelsNQ1,love,pehli nazar mein
4J5OpeZUR2msDPfMsIeGSU,Soniyo,"Raju Singh, Sonu Nigam, Shreya Ghoshal",RAAZ - The Mystery Continues (Original Motion Picture Soundtrack),12/1/2008,66,328440,https://open.spotify.com/track/4J5OpeZUR2msDPfMsIeGSU,love,soniyo
1QufGJee7k9v4Cfp2NxXbv,Abhi Kuch Dino Se,"Pritam, Mohit Chauhan",Dil Toh Baccha Hai Ji,12/23/2010,67,285686,https://open.spotify.com/track/1QufGJee7k9v4Cfp2NxXbv,love,abhi kuch dino se
4rSmmC6OYmjVOYxr8ruVWN,Mere Bina,"Pritam, Nikhil D'Souza",Crook (Original Motion Picture Soundtrack),9/3/2010,72,289560,https://open.spotify.com/track/4rSmmC6OYmjVOYxr8ruVWN,love,mere bina
0gPgdRfB4jdGrlyXS0Vx78,Khuda Jaane,"Vishal-Shekhar, KK, Shilpa Rao, Anvita Dutt Guptan",Bachna Ae Haseeno,7/5/2008,75,333583,https://open.spotify.com/track/0gPgdRfB4jdGrlyXS0Vx78,love,khuda jaane
7txLCGOXyDlDXTjtR1Sk4v,Tu Jo Mila,"Pritam, KK, Kausar Munir",Bajrangi Bhaijaan,7/7/2015,65,242864,https://open.spotify.com/track/7txLCGOXyDlDXTjtR1Sk4v,love,tu jo mila
1xaj4bm3GMthtoZHUfepl1,Ye Tumhari Meri Baatein,Dominique,Rock On,2/16/2010,49,324057,https://open.spotify.com/track/1xaj4bm3GMthtoZHUfepl1,love,ye tumhari meri baatein
7uubRr0u9Zxc1Y84hEn7Xf,Moh Moh Ke Dhaage (Female),"Anu Malik, Monali Thakur, Varun Grover",Dum Laga Ke Haisha,2/9/2015,60,322899,https://open.spotify.com/track/7uubRr0u9Zxc1Y84hEn7Xf,love,moh moh ke dhaage female
7sJQv0LRPgM2xCkkdWOlyj,Mere Sohneya,"Sachet Tandon, Parampara Tandon, Sachet-Parampara, Irshad Kamil",Kabir Singh,6/14/2019,67,193355,https://open.spotify.com/track/7sJQv0LRPgM2xCkkdWOlyj,love,mere sohneya
2KpxQeRbF8ei9u1BeAOdBL,Mileya Mileya,"Rekha Bhardwaj, Jigar Saraiya, Priya Andrews",Happy Ending (Original Motion Picture Soundtrack),10/22/2014,0,266278,https://open.spotify.com/track/2KpxQeRbF8ei9u1BeAOdBL,love,mileya mileya
5nHwX7e5XHnie22nuTFgda,Dil Kyun Yeh Mera,KK,Kites,3/29/2010,59,333200,https://open.spotify.com/track/5nHwX7e5XHnie22nuTFgda,love,dil kyun yeh mera
5KNuHsIeFtD0oukst77hBi,Maula Mere Maula,Roop Kumar Rathod,Anwar (Original Motion Picture Soundtrack),12/1/2006,64,364329,https://open.spotify.com/track/5KNuHsIeFtD0oukst77hBi,love,maula mere maula
4DsDQlJ3ZNSJRUV6djKi8Q,Aise Kyun,"Anurag Saikia, Raghav Chaitanya, Nikhita Gandhi",Mismatched: Season 1 (Music from the Netflix Original Series),11/11/2020,0,264933,https://open.spotify.com/track/4DsDQlJ3ZNSJRUV6djKi8Q,love,aise kyun
22jbgc9BtV1uiV7hKYTyDx,Chaandaniya,"Mohan Kannan, Yashita Sharma",2 States,3/14/2014,58,247862,https://open.spotify.com/track/22jbgc9BtV1uiV7hKYTyDx,love,chaandaniya
0IudGhdeJZwJ0Ps6ndtQDt,Falak Tak,"Vishal-Shekhar, Udit Narayan, Mahalakshmi Iyer, Kausar Munir",Tashan,3/27/2008,69,356179,https://open.spotify.com/track/0IudGhdeJZwJ0Ps6ndtQDt,love,falak tak
4FeczSomVWVyU4FW7xDeAI,Tere Bina,"A.R. Rahman, Chinmayi, Murtuza Khan, Qadir Khan",Guru (Original Motion Picture Soundtrack),9/11/2006,80,309640,https://open.spotify.com/track/4FeczSomVWVyU4FW7xDeAI,love,tere bina
1lWjvbQWru7XPekvQGiKv5,Sajna Ve,"Vishal Mishra, Lisa Mishra",Sajna Ve,5/20/2019,45,197857,https://open.spotify.com/track/1lWjvbQWru7XPekvQGiKv5,love,sajna ve
6bdpj89aYEBjhpsenXAsmO,Enna Sona,"A.R. Rahman, Arijit Singh",OK Jaanu (Original Motion Picture Soundtrack),1/4/2017,72,213632,https://open.spotify.com/track/6bdpj89aYEBjhpsenXAsmO,love,enna sona
0rk2X5TAhraBC5aCIXK2Rq,Samjhawan,"Jawad Ahmad, Shaarib Toshi, Arijit Singh, Shreya Ghoshal",Samjhawan,6/19/2014,72,269184,https://open.spotify.com/track/0rk2X5TAhraBC5aCIXK2Rq,love,samjhawan
3FSJBFKoBD4xHuj9F1UUPM,It's You - Acoustic,Ali Gatie,It's You (Acoustic),8/2/2019,44,220126,https://open.spotify.com/track/3FSJBFKoBD4xHuj9F1UUPM,love,its you acoustic
1ai3itvPFcWilE9NX0JTCf,Mera Mann Kehne Laga,Falak Shabbir,Latest Songs Of Ayushmann Khurrana,9/12/2017,59,227334,https://open.spotify.com/track/1ai3itvPFcWilE9NX0JTCf,love,mera mann kehne laga
33CeXYP0EtZTujI3IuNqBS,Mera Mann-Yahin Hoon Main,Ayushmann Khurrana,T-Series Mixtape,8/11/2017,29,242971,https://open.spotify.com/track/33CeXYP0EtZTujI3IuNqBS,love,mera mannyahin hoon main
6TFESXMfJJWwccviaxGAMa,Humsafar,"Akhil Sachdeva, Mansheel Gujral",Badrinath Ki Dulhania,2/14/2017,71,268463,https://open.spotify.com/track/6TFESXMfJJWwccviaxGAMa,love,humsafar
6GT0oiQdjiYX91qgAMi7Vd,Nit Nit,Jasleen Royal,Nit Nit,2/18/2020,49,246136,https://open.spotify.com/track/6GT0oiQdjiYX91qgAMi7Vd,love,nit nit
7N30pzJGFwnYU8iuzxWS7l,Ajj Din Chadheya,"Rahat Fateh Ali Khan, Pritam",Love Aaj Kal (Original Motion Picture Soundtrack),7/31/2009,0,315013,https://open.spotify.com/track/7N30pzJGFwnYU8iuzxWS7l,love,ajj din chadheya
665b3Nss3OQmhTUdB5hBXw,Bheegi Si Bhaagi Si,"Pritam, Mohit Chauhan, Antara Mitra",Raajneeti (Original Motion Picture Soundtrack),5/12/2010,64,278093,https://open.spotify.com/track/665b3Nss3OQmhTUdB5hBXw,love,bheegi si bhaagi si
0iXLwnLmLwn9y54JtBTNxY,Main Agar Kahoon,"Vishal-Shekhar, Sonu Nigam, Shreya Ghoshal",Om Shanti Om,9/18/2007,68,308158,https://open.spotify.com/track/0iXLwnLmLwn9y54JtBTNxY,love,main agar kahoon
6mTvwBzWTGDOVeCNQEqtOE,Soch Na Sake,"Amaal Mallik, Arijit Singh, Tulsi Kumar",Airlift,12/17/2015,73,281322,https://open.spotify.com/track/6mTvwBzWTGDOVeCNQEqtOE,love,soch na sake
3x55c9UVpbURc2T02DLfEM,Te Amo (Duet),"Pritam, Ash King, Sunidhi Chauhan",Dum Maaro Dum,3/15/2011,59,284723,https://open.spotify.com/track/3x55c9UVpbURc2T02DLfEM,love,te amo duet
4f5kLqyOJ5ZPnalEVMQrB2,"Tere Bin (From ""Simmba"")","Rahat Fateh Ali Khan, Asees Kaur, Tanishk Bagchi","Tere Bin (From ""Simmba"")",12/14/2018,65,230948,https://open.spotify.com/track/4f5kLqyOJ5ZPnalEVMQrB2,love,tere bin from simmba
5DgwplsDLjLqLyQ6aarz1Q,Ik Vaari Aa (Jubin Version),"Pritam, Jubin Nautiyal, Amitabh Bhattacharya",Raabta,6/3/2017,37,274475,https://open.spotify.com/track/5DgwplsDLjLqLyQ6aarz1Q,love,ik vaari aa jubin version
14cceH4q4ME5ywqe2DbFGs,Duniyaa,"Akhil, Dhvani Bhanushali, Kunaal Vermaa",Luka Chuppi,2/22/2019,48,222500,https://open.spotify.com/track/14cceH4q4ME5ywqe2DbFGs,love,duniyaa
3oWxFNsXstcancCR1wODR4,Tera Ban Jaunga,"Akhil Sachdeva, Tulsi Kumar, Kumaar",Kabir Singh,6/14/2019,70,236436,https://open.spotify.com/track/3oWxFNsXstcancCR1wODR4,love,tera ban jaunga
4wANB882g1ZhF2V8ugksY1,"Sanu Ek Pal Chain (From ""Raid"")","Rahat Fateh Ali Khan, Tanishk Bagchi","Sanu Ek Pal Chain (From ""Raid"")",2/12/2018,63,210345,https://open.spotify.com/track/4wANB882g1ZhF2V8ugksY1,love,sanu ek pal chain from raid
7eQl3Yqv35ioqUfveKHitE,Tum Se Hi,"Pritam, Mohit Chauhan, Irshad Kamil",Jab We Met,9/21/2007,78,321225,https://open.spotify.com/track/7eQl3Yqv35ioqUfveKHitE,love,tum se hi
6f3ANRNQ8nCiPZ6VqXqq93,Main Rahoon Ya Na Rahoon,"Amaal Mallik, Armaan Malik, Rashmi Virag",Main Rahoon Ya Na Rahoon,11/24/2015,69,309457,https://open.spotify.com/track/6f3ANRNQ8nCiPZ6VqXqq93,love,main rahoon ya na rahoon
4lBO4Q7Pa816Mk3ptYcYUz,"Tere Mere (From ""Chef"")","Armaan Malik, Amaal Mallik","Tere Mere (From ""Chef"")",9/11/2017,56,343544,https://open.spotify.com/track/4lBO4Q7Pa816Mk3ptYcYUz,love,tere mere from chef
3phw912iJRhtMfsdJ1k3Sr,"Darasal (From ""Raabta"")","Atif Aslam, Jam8","Darasal (From ""Raabta"")",6/3/2017,60,274354,https://open.spotify.com/track/3phw912iJRhtMfsdJ1k3Sr,love,darasal from raabta
6udC4b4jOSnHb9ItnXgKLR,Saibo,"Sachin-Jigar, Shreya Ghoshal, Tochi Raina",Shor in the City (Original Motion Picture Soundtrack),3/28/2011,72,195253,https://open.spotify.com/track/6udC4b4jOSnHb9ItnXgKLR,love,saibo
7u5B4ptccyg8T7NPfByhE7,Tere Naina,"Shankar Mahadevan, Shreya Ghoshal",Chandni Chowk To China,12/4/2008,66,255721,https://open.spotify.com/track/7u5B4ptccyg8T7NPfByhE7,love,tere naina
5bHDGWyIFML1LYXZWTD5MF,I Love You,"Pritam, Ash King, Clinton Cerejo",Bodyguard,7/27/2011,63,256812,https://open.spotify.com/track/5bHDGWyIFML1LYXZWTD5MF,love,i love you
6N5WkgPIDoTdbCXyyIIKAv,tere bina,Zaeden,tere bina,9/5/2019,55,157245,https://open.spotify.com/track/6N5WkgPIDoTdbCXyyIIKAv,love,tere bina
3zAXHUL5YcYOA41rruvjy4,Manchala,"Vishal-Shekhar, Shafqat Amanat Ali, Nupur Pant",Hasee Toh Phasee (Original Motion Picture Soundtrack),1/5/2014,63,227506,https://open.spotify.com/track/3zAXHUL5YcYOA41rruvjy4,love,manchala
3beYHVCFKzbdNjJqjKeYpM,Teri Jhuki Nazar,"Pritam, Shafqat Amanat Ali",Murder 3 (Original Motion Picture Soundtrack),2/1/2013,71,279186,https://open.spotify.com/track/3beYHVCFKzbdNjJqjKeYpM,love,teri jhuki nazar
6fOrdTNuSAM219wGYwZMaO,Mera Pehla Pehla Pyaar,KK,Mp3: Mera Pehla Pehla Pyar,5/12/2007,52,271025,https://open.spotify.com/track/6fOrdTNuSAM219wGYwZMaO,love,mera pehla pehla pyaar
6DefzsWqnwrFrmNVnJxWkS,Jo Tu Na Mila,"Asim Azhar, Kunaal Vermaa",Jo Tu Na Mila,11/20/2018,66,234037,https://open.spotify.com/track/6DefzsWqnwrFrmNVnJxWkS,love,jo tu na mila
01npLGQTbZBIHVRcXJbLzR,Kuchh Khaas,"Mohit Chauhan, Neha Bhasin",Fashion,9/19/2008,60,296890,https://open.spotify.com/track/01npLGQTbZBIHVRcXJbLzR,love,kuchh khaas
7tp4iYvcZksGp1u7feUrrO,Mitti Di Khushboo,"Rochak Kohli, Ayushmann Khurrana",Mitti Di Khushboo,10/8/2014,60,247222,https://open.spotify.com/track/7tp4iYvcZksGp1u7feUrrO,love,mitti di khushboo
0qVNxbFE4EUV3mNFodXiln,Saadi Galli Aaja,"Ayushmann Khurrana, Neeti Mohan",Latest Songs Of Ayushmann Khurrana,9/12/2017,58,253416,https://open.spotify.com/track/0qVNxbFE4EUV3mNFodXiln,love,saadi galli aaja
3HFjh7QljnUCBLsoTwMuTj,Kya Mujhe Pyar Hai,"Pritam, KK, Neelesh Misra",Woh Lamhe,8/17/2006,72,266653,https://open.spotify.com/track/3HFjh7QljnUCBLsoTwMuTj,love,kya mujhe pyar hai
3s6H6UW7yPu2rsF8CGki60,Zindagi Do Pal Ki,KK,Kites,3/29/2010,57,253200,https://open.spotify.com/track/3s6H6UW7yPu2rsF8CGki60,love,zindagi do pal ki
7pBcon5GqvUfn58HRfF8wv,Afreen Afreen (Coke Studio Season 9),"Rahat Fateh Ali Khan, Momina Mustehsan",Afreen Afreen (Coke Studio Season 9),8/23/2016,52,400000,https://open.spotify.com/track/7pBcon5GqvUfn58HRfF8wv,love,afreen afreen coke studio season 9
4Tkb7zsDmsawB7S5TpKQV1,Pehli Dafa,"Atif Aslam, Shiraz Uppal",Pehli Dafa,1/6/2017,76,298771,https://open.spotify.com/track/4Tkb7zsDmsawB7S5TpKQV1,love,pehli dafa
6kzj1MWS5tFsoOZUz4c8Hc,Tauba Tumhare Ishare,"Abhijeet, Alka Yagnik",Chalte Chalte,5/3/2003,61,316360,https://open.spotify.com/track/6kzj1MWS5tFsoOZUz4c8Hc,love,tauba tumhare ishare
6cUOiOY5qh2FpIQWIYAd2h,Mehrama,"Pritam, Darshan Raval, Antara Mitra",Love Aaj Kal (Original Motion Picture Soundtrack),2/14/2020,70,249415,https://open.spotify.com/track/6cUOiOY5qh2FpIQWIYAd2h,love,mehrama
4byiHL0b9mIoCUCjbjI4eA,"Gazab Ka Hai Din (From ""Dil Juunglee"")","Jubin Nautiyal, Prakriti Kakar",Romantic Hits By Jubin Nautiyal,5/25/2020,57,236325,https://open.spotify.com/track/4byiHL0b9mIoCUCjbjI4eA,love,gazab ka hai din from dil juunglee
2y0hUGvHaKm2p5xmJF4HBe,"Saware (From ""Phantom"")","Pritam, Arijit Singh, Amitabh Bhattacharya",Ultimate Love Songs - Arijit Singh,5/19/2020,60,321613,https://open.spotify.com/track/2y0hUGvHaKm2p5xmJF4HBe,love,saware from phantom
6eTPyEkYUmDUFvNxJdNuOD,"Pani Da Rang Male (From ""Vicky Donor"")",Ayushmann Khurrana,Vicky Donor,4/4/2012,0,240786,https://open.spotify.com/track/6eTPyEkYUmDUFvNxJdNuOD,love,pani da rang male from vicky donor
0dLbrlAVPPjpPqnYfmJsWk,Tera Hone Laga Hoon,"Pritam, Atif Aslam, Alisha Chinai",Ajab Prem Ki Ghazab Kahani (Original Motion Picture Soundtrack),11/6/2009,74,299827,https://open.spotify.com/track/0dLbrlAVPPjpPqnYfmJsWk,love,tera hone laga hoon
4TobDQpylJNxkXMH1QUvTp,Tum Mile - Love Reprise,"Pritam, Javed Ali",Tum Mile (Original Motion Picture Soundtrack),9/8/2009,56,303320,https://open.spotify.com/track/4TobDQpylJNxkXMH1QUvTp,love,tum mile love reprise
1AXQ4ZCUueIfGGEYAdq9Pe,Tere Naina,"Shankar-Ehsaan-Loy, Shafqat Amanat Ali",My Name Is Khan (Original Motion Picture Soundtrack),1/5/2010,0,278546,https://open.spotify.com/track/1AXQ4ZCUueIfGGEYAdq9Pe,love,tere naina
30IOhjcKbULQUt66nYkUvW,Aa Jao Meri Tamanna,"Javed Ali, Jojo Nathaniel, Pritam",Ajab Prem Ki Ghazab Kahani (Original Motion Picture Soundtrack),11/6/2009,65,245687,https://open.spotify.com/track/30IOhjcKbULQUt66nYkUvW,love,aa jao meri tamanna
4OEBP1iwGmLtcM8UKRLm80,"Itni Si Baat Hain (From ""Azhar"")","Pritam, Arijit Singh, Antara Mitra, Manoj Yadav",Ultimate Love Songs - Arijit Singh,5/19/2020,65,294846,https://open.spotify.com/track/4OEBP1iwGmLtcM8UKRLm80,love,itni si baat hain from azhar
0GQngE2rOYvlKwEQjTAsP8,Subhanallah,"Pritam, Sreeram, Shilpa Rao",Yeh Jawaani Hai Deewani,3/30/2013,76,249707,https://open.spotify.com/track/0GQngE2rOYvlKwEQjTAsP8,love,subhanallah
62kyw2ux2p0CZ7pKWtM6QO,Tujhko Jo Paaya,"Pritam, Mohit Chauhan",Crook (Original Motion Picture Soundtrack),9/3/2010,57,184826,https://open.spotify.com/track/62kyw2ux2p0CZ7pKWtM6QO,love,tujhko jo paaya
4gkqGoKI311ayrtcvYaFTz,"Bawara Mann (From ""Jolly Ll.B 2"")","Jubin Nautiyal, Neeti Mohan",Romantic Hits By Jubin Nautiyal,5/25/2020,43,216073,https://open.spotify.com/track/4gkqGoKI311ayrtcvYaFTz,love,bawara mann from jolly llb 2
1tPPINau3vBP8Q89JTn0ER,Saudebazi (Encore),"Pritam, Javed Ali",Aakrosh,9/18/2010,68,354862,https://open.spotify.com/track/1tPPINau3vBP8Q89JTn0ER,love,saudebazi encore
5HY1pCLXAlq5A0G6WR5vvS,"Love Me Thoda Aur (From ""Yaariyan"")","Pritam, Arijit Singh",Loveholic Arijit Singh,4/15/2019,52,265810,https://open.spotify.com/track/5HY1pCLXAlq5A0G6WR5vvS,love,love me thoda aur from yaariyan
6YycppSAeGtSvwmu8qCcr2,In Dino,"Pritam, Soham",Life In A Metro (Original Motion Picture Soundtrack),3/17/2007,62,397026,https://open.spotify.com/track/6YycppSAeGtSvwmu8qCcr2,love,in dino
1vgVsR5rkXGP4NmUcoroJH,Aye Khuda,Salim Merchant,Paathshaala,3/15/2010,60,280497,https://open.spotify.com/track/1vgVsR5rkXGP4NmUcoroJH,love,aye khuda
4EHa33GDXoVWGXYOO3cEGm,Yun Hi,"Mohit Chauhan, Raj Shekhar",Tanu Weds Manu,2/2/2011,55,259500,https://open.spotify.com/track/4EHa33GDXoVWGXYOO3cEGm,love,yun hi
5arambGXhSW6TZUR9L0tSw,Baatein Kuch Ankahee,"Pritam, Adnan Sami",Life In A Metro (Original Motion Picture Soundtrack),3/17/2007,51,275413,https://open.spotify.com/track/5arambGXhSW6TZUR9L0tSw,love,baatein kuch ankahee
2vR23BjIzpLMtzsyKrM6Mb,Saiyyan,"Kailash Kher, Paresh Kamath, Naresh Kamath",Jhoomo Re,6/3/2011,73,343906,https://open.spotify.com/track/2vR23BjIzpLMtzsyKrM6Mb,love,saiyyan
5upmbnXemLfPvs3d2eyHml,Sajdaa,"Shankar-Ehsaan-Loy, Rahat Fateh Ali Khan, Shankar Mahadevan, Richa Sharma",My Name Is Khan (Original Motion Picture Soundtrack),1/5/2010,0,365706,https://open.spotify.com/track/5upmbnXemLfPvs3d2eyHml,love,sajdaa
4N66qcycDiFLJGjnXiKbKX,Sajde,"Pritam, KK, Sunidhi Chauhan",Khatta Meetha,6/21/2010,64,305583,https://open.spotify.com/track/4N66qcycDiFLJGjnXiKbKX,love,sajde
7qR3Wm4hkhZC9wB8eLxyr8,"Jeena Jeena (From ""Badlapur"")",Atif Aslam,Badlapur (Original Motion Picture Soundtrack),2/12/2015,0,228968,https://open.spotify.com/track/7qR3Wm4hkhZC9wB8eLxyr8,love,jeena jeena from badlapur
5O4AGvOVFSs5ipu3iNOuoi,Soniye,"KK, Sunidhi Chauhan",Aksar,12/21/2005,61,296720,https://open.spotify.com/track/5O4AGvOVFSs5ipu3iNOuoi,love,soniye
3RAqJsgCOpwiPhkqmEvgI0,Pakeezah,Gulraj Singh,Ungli (Original Motion Picture Soundtrack),11/18/2014,45,265193,https://open.spotify.com/track/3RAqJsgCOpwiPhkqmEvgI0,love,pakeezah
7lJNQFaBPlm3XhNUWnVk55,Teri Ore,"Pritam, Rahat Fateh Ali Khan, Shreya Ghoshal, Mayur Puri",Singh is Kinng (Original Motion Picture Soundtrack),6/30/2008,54,339591,https://open.spotify.com/track/7lJNQFaBPlm3XhNUWnVk55,love,teri ore
3tgdOveYac7YMEAQD9sGLf,Bulleya,"Vishal-Shekhar, Papon, Irshad Kamil",Sultan,5/31/2016,72,357067,https://open.spotify.com/track/3tgdOveYac7YMEAQD9sGLf,love,bulleya
6fScgF2Y63ScU73nYju0ny,O Saathi,"Atif Aslam, Arko","O Saathi (From ""Baaghi 2"")",3/9/2018,75,251818,https://open.spotify.com/track/6fScgF2Y63ScU73nYju0ny,love,o saathi
7jhYEas6vPeHYqMexBWb1K,Jhoom R&B Mix,Ali Zafar,Jhoom - Ali Zafar,2/14/2011,0,295862,https://open.spotify.com/track/7jhYEas6vPeHYqMexBWb1K,love,jhoom rb mix
2MvCNH9ua0CeOgUQfZf56z,Guzarish,Javed Ali,Ghajini,11/25/2008,73,327029,https://open.spotify.com/track/2MvCNH9ua0CeOgUQfZf56z,love,guzarish
4aLB0OONsninkkqPNDQpiH,Dilko Tumse Pyar Hua,Roop Kumar Rathod,Rehnaa Hai Terre Dil Mein (Original Motion Picture Soundtrack),12/1/2001,34,331467,https://open.spotify.com/track/4aLB0OONsninkkqPNDQpiH,love,dilko tumse pyar hua
1sNCUR5bUvFSQVDYEvsHCU,Saathiyaa,"Shreya Ghoshal, Ajay",Singham,6/27/2011,69,310924,https://open.spotify.com/track/1sNCUR5bUvFSQVDYEvsHCU,love,saathiyaa
52itZ0w0CydihB2JCZEIft,Pee Loon,"Pritam, Mohit Chauhan, Irshad Kamil",Once Upon A Time In Mumbaai,6/29/2010,74,285686,https://open.spotify.com/track/52itZ0w0CydihB2JCZEIft,love,pee loon
7cLGKaJXLFpUU7Up34vVr1,Tera Rastaa Chhodoon Na,"Vishal-Shekhar, Amitabh Bhattacharya, Anusha Mani",Chennai Express,7/3/2013,68,252963,https://open.spotify.com/track/7cLGKaJXLFpUU7Up34vVr1,love,tera rastaa chhodoon na
4vxxyc7MU5W4YhQOCEEBPr,Main Hun Tu Ho,Arijit Singh,Days Of Tafree - In Class Out Of Class,9/9/2016,19,263432,https://open.spotify.com/track/4vxxyc7MU5W4YhQOCEEBPr,love,main hun tu ho
58xpZwxUpgrnJMTEmvkZMP,Pehli Baar Mohabbat,Mohit Chauhan,Kaminey,7/6/2009,52,321282,https://open.spotify.com/track/58xpZwxUpgrnJMTEmvkZMP,love,pehli baar mohabbat
6MvaTkoPYUG9bX6MicwdZO,Woh Pehli Baar,"Vishal Dadlani, Shiraz, Samrat, Shaan",Pyaar Mein Kabhi Kabhi (Original Motion Picture Soundtrack),2/3/1999,48,271960,https://open.spotify.com/track/6MvaTkoPYUG9bX6MicwdZO,love,woh pehli baar
3jtKSUiVDowKNBqVQbWaig,Iktara,"Amit Trivedi, Kavita Seth, Amitabh Bhattacharya",Wake Up Sid (Original Motion Picture Soundtrack),8/21/2009,47,253773,https://open.spotify.com/track/3jtKSUiVDowKNBqVQbWaig,love,iktara
1EjxJHY9A6LMOlvyZdwDly,Tum Mile,"Pritam, Neeraj Shridhar",Tum Mile (Original Motion Picture Soundtrack),9/8/2009,71,343786,https://open.spotify.com/track/1EjxJHY9A6LMOlvyZdwDly,love,tum mile
0wr1v0WSbEnmOm0B22yYHz,tere bina - Acoustic,"Zaeden, Jonita Gandhi",tere bina (Acoustic),10/23/2019,44,132000,https://open.spotify.com/track/0wr1v0WSbEnmOm0B22yYHz,love,tere bina acoustic
0h73AwuEY2x44cBMOP58fO,Bakhuda Tumhi Ho,"Atif Aslam, Alka Yagnik, Pritam",Kismat Konnection (Original Motion Picture Soundtrack),7/18/2008,61,292493,https://open.spotify.com/track/0h73AwuEY2x44cBMOP58fO,love,bakhuda tumhi ho
1mYcukuz7uow0wc7DmPXHU,Rozana,"Shreya Ghoshal, Rochak Kohli, Manoj Muntashir","Rozana (From ""Naam Shabana"")",3/3/2017,58,274201,https://open.spotify.com/track/1mYcukuz7uow0wc7DmPXHU,love,rozana
6J31lR4ZqpRPAjOqzX5lCu,"Afeemi (From ""Meri Pyaari Bindu "")","Sachin-Jigar, Sanah Moidutty, Kausar Munir",YRF Top 10 - Midnight Hour,2/17/2021,52,249692,https://open.spotify.com/track/6J31lR4ZqpRPAjOqzX5lCu,love,afeemi from meri pyaari bindu
6g0HHWLJwfe2PlbgHi8pBj,Be Intehaan,"Atif Aslam, Sunidhi Chauhan, Pritam",Race 2 (Original Motion Picture Soundtrack),1/25/2012,60,290867,https://open.spotify.com/track/6g0HHWLJwfe2PlbgHi8pBj,love,be intehaan
27FjnefSYiOgaG6jhytdE2,Kaise Bataaoon,"KK, Sonal Chauhan",3G - A Killer Connection,2/25/2013,0,281611,https://open.spotify.com/track/27FjnefSYiOgaG6jhytdE2,love,kaise bataaoon
0EMYTe2oQy70PCKPQFlbVy,Voh Dekhnay Mein,Ali Zafar,"London, Paris, New York (Original Motion Picture Soundtrack)",1/30/2012,54,272453,https://open.spotify.com/track/0EMYTe2oQy70PCKPQFlbVy,love,voh dekhnay mein
2gXZp1zDDA5bnPsLwrSMRj,Kinna Sona,"Sunil Kamath, Mithoon, Amitabh Varma",Bhaag Johnny,8/24/2015,64,303755,https://open.spotify.com/track/2gXZp1zDDA5bnPsLwrSMRj,love,kinna sona
1sbW5E7w8tnqpYk0Frx8QG,Maahi Ve,A.R. Rahman,Highway,1/22/2014,70,240784,https://open.spotify.com/track/1sbW5E7w8tnqpYk0Frx8QG,love,maahi ve
2XYyriLyJSuGj4FN7QoNmM,Khudaya Khair,"Pritam, Soham Chakraborty, Akriti Kakar, Monali Thakur, Gulzar",Billu,1/5/2009,65,280557,https://open.spotify.com/track/2XYyriLyJSuGj4FN7QoNmM,love,khudaya khair
2wDsZgFps34cgGMiYeeszB,Aise Kyun - Ghazal Version,"Rekha Bhardwaj, Anurag Saikia, Raj Shekhar, Mismatched",Mismatched: Season 2 (Music from the Netflix Series),9/30/2022,0,329080,https://open.spotify.com/track/2wDsZgFps34cgGMiYeeszB,love,aise kyun ghazal version
3t3wsY5IdLVzB9WidegJSU,Jeene Laga Hoon,"Sachin-Jigar, Atif Aslam, Shreya Ghoshal",Ramaiya Vastavaiya (Original Motion Picture Soundtrack),7/19/2013,76,236933,https://open.spotify.com/track/3t3wsY5IdLVzB9WidegJSU,love,jeene laga hoon
4CKi5CijlpT7ljOgLN7ReX,Jiya Dhadak Dhadak Jaye,Rahat Fateh Ali Khan,Kalyug (Original Motion Picture Soundtrack),12/9/2005,0,319480,https://open.spotify.com/track/4CKi5CijlpT7ljOgLN7ReX,love,jiya dhadak dhadak jaye
6K0Ea7pq2trf6SwsfEKkOp,Aye Udi Udi Udi,"A.R. Rahman, Adnan Sami, Gulzar",Saathiya,10/18/2002,57,276715,https://open.spotify.com/track/6K0Ea7pq2trf6SwsfEKkOp,love,aye udi udi udi
5WncH5iZ5GFlnXm7jKEXVP,Labon Ko,"Pritam, KK",Bhool Bhulaiyaa,9/5/2007,72,341027,https://open.spotify.com/track/5WncH5iZ5GFlnXm7jKEXVP,love,labon ko
3nKEiJUeaWn8q2O9I1xwlB,Shukran Allah,"Salim–Sulaiman, Sonu Nigam, Shreya Ghoshal, Salim Merchant",Kurbaan (Original Motion Picture Soundtrack),10/15/2009,61,290053,https://open.spotify.com/track/3nKEiJUeaWn8q2O9I1xwlB,love,shukran allah
1wnozUBSe7OMpmZiTPJC5j,"Tum Tak (From ""Raanjhanaa"")","A.R. Rahman, Javed Ali, KIRTI SAGATHIA, Pooja AV",Raanjhanaa (Original Motion Picture Soundtrack),5/31/2013,73,304466,https://open.spotify.com/track/1wnozUBSe7OMpmZiTPJC5j,love,tum tak from raanjhanaa
3u947zydbp5jVgVNlaRgv4,Tere Bin Nahi Laage (Male Version),"Uzair Jaswal, Amaal Mallik, Kumaar",Ek Paheli Leela,3/10/2015,58,222396,https://open.spotify.com/track/3u947zydbp5jVgVNlaRgv4,love,tere bin nahi laage male version
30UWFQsrAfkzcsRWaiNLtU,Yahin Hoon Main,"Rochak Kohli, Ayushmann Khurrana",Yahin Hoon Main,12/11/2015,53,238120,https://open.spotify.com/track/30UWFQsrAfkzcsRWaiNLtU,love,yahin hoon main
1O5mTSQa0sCce9ghhDqIZl,Jashn-E-Bahaaraa,"A.R. Rahman, Javed Ali",Jodhaa Akbar (Original Motion Picture Soundtrack),12/31/2007,69,315173,https://open.spotify.com/track/1O5mTSQa0sCce9ghhDqIZl,love,jashnebahaaraa
3qrdLVOClRU4yPkcXZ7c5u,"Mere Liye Tum Kaafi Ho (From ""Shubh Mangal Zyada Saavdhan"")","Ayushmann Khurrana, Tanishk-Vayu","Mere Liye Tum Kaafi Ho (From ""Shubh Mangal Zyada Saavdhan"")",2/4/2020,62,132158,https://open.spotify.com/track/3qrdLVOClRU4yPkcXZ7c5u,love,mere liye tum kaafi ho from shubh mangal zyada saavdhan
3xF15SqY32Mno3UUMBirhU,Zehnaseeb,"Vishal-Shekhar, Chinmayi, Shekhar Ravjiani",Hasee Toh Phasee (Original Motion Picture Soundtrack),1/5/2014,71,217440,https://open.spotify.com/track/3xF15SqY32Mno3UUMBirhU,love,zehnaseeb
0FBQ4NrrHUbR9kus7rzrOj,Dil Diyan Gallan,Atif Aslam,YRF Top 10 - Falling in Love,2/13/2021,76,260536,https://open.spotify.com/track/0FBQ4NrrHUbR9kus7rzrOj,love,dil diyan gallan
2RgvvnMwtP0R2OkVZmFvnV,"Ajab Si (From ""Om Shanti Om"")",KK,Zindagi Do Pal Ki - K.K. All Time Hits,6/1/2022,57,241668,https://open.spotify.com/track/2RgvvnMwtP0R2OkVZmFvnV,love,ajab si from om shanti om
4R8VBRb5nKbEfi1EIA2B7p,KTMBK,"Zaeden, Hanita Bhambri",Genesis 1:1,7/2/2021,52,154434,https://open.spotify.com/track/4R8VBRb5nKbEfi1EIA2B7p,love,ktmbk
5orNEFkFG4RP24goF02AuD,Kashmir Main Tu Kanyakumari,"Vishal-Shekhar, Sunidhi Chauhan, Arijit Singh, Neeti Mohan",Chennai Express,7/3/2013,63,307627,https://open.spotify.com/track/5orNEFkFG4RP24goF02AuD,love,kashmir main tu kanyakumari
5OMUXgfXsSukZ0zxelpC3b,"Raanjhanaa (From ""Raanjhanaa"")","A.R. Rahman, Jaswinder Singh, Shiraz Uppal",Raanjhanaa (Original Motion Picture Soundtrack),5/31/2013,74,254653,https://open.spotify.com/track/5OMUXgfXsSukZ0zxelpC3b,love,raanjhanaa from raanjhanaa
6ZoCBDOB308GqUdt2AJrV2,Dildaara (Stand By Me),"Vishal-Shekhar, Shafqat Amanat Ali, Kumaar",Ra-One,9/16/2011,68,249660,https://open.spotify.com/track/6ZoCBDOB308GqUdt2AJrV2,love,dildaara stand by me
4bD9z9qa4qg9BhryvYWB7c,Kabira,"Pritam, Tochi Raina, Rekha Bhardwaj",Yeh Jawaani Hai Deewani,3/30/2013,76,223459,https://open.spotify.com/track/4bD9z9qa4qg9BhryvYWB7c,love,kabira
3XQ15TDH5wMJMJr0X6u2Yc,"Bol Do Na Zara (From ""Azhar"")",Armaan Malik,2016 Shining Star - Armaan Malik,12/30/2016,53,292826,https://open.spotify.com/track/3XQ15TDH5wMJMJr0X6u2Yc,love,bol do na zara from azhar
3Uv8BQFN3bQfhkregyMbnx,My Dil Goes Mmmm,"Vishal-Shekhar, Shaan, Gayatri Iyer, Jaideep Sahni",Salaam Namaste,8/3/2005,63,452832,https://open.spotify.com/track/3Uv8BQFN3bQfhkregyMbnx,love,my dil goes mmmm
4dPeCbg2Op44s9kwyMS3ZT,Sadka,"Vishal-Shekhar, Suraj Jagan, Mahalakshmi Iyer",I Hate Luv Storys (Original Motion Picture Soundtrack),5/25/2010,54,343586,https://open.spotify.com/track/4dPeCbg2Op44s9kwyMS3ZT,love,sadka
2Rr8j88wr7SAYSwuekTJgx,"Sab Tera (From ""Baaghi"")","Armaan Malik, Shraddha Kapoor",2016 Shining Star - Armaan Malik,12/30/2016,53,228116,https://open.spotify.com/track/2Rr8j88wr7SAYSwuekTJgx,love,sab tera from baaghi
2PRLuCoUGWfUpbBo7yWuJd,Khudaya Ve,Salim Merchant,Luck,6/23/2009,50,321146,https://open.spotify.com/track/2PRLuCoUGWfUpbBo7yWuJd,love,khudaya ve
0KSOLEBixnBYIKNHF1VbzF,Hona Tha Pyar,"Atif Aslam, Hadiqa Kiani",Bol (Original Motion Picture Soundtrack),6/5/2011,72,221986,https://open.spotify.com/track/0KSOLEBixnBYIKNHF1VbzF,love,hona tha pyar
1CVqr5LImdmJ1Upt4z08Pm,Tu Hi Mera,"Pritam, Shafqat Amanat Ali",Jannat 2 (Original Motion Picture Soundtrack),3/30/2012,73,272973,https://open.spotify.com/track/1CVqr5LImdmJ1Upt4z08Pm,love,tu hi mera
0UlJKSmbpSPaRxUnr0lpgH,Rabba Main Toh Mar Gaya Oye,"Pritam, Shahid Mallya",Mausam,8/11/2011,55,280520,https://open.spotify.com/track/0UlJKSmbpSPaRxUnr0lpgH,love,rabba main toh mar gaya oye
6ocOeSjnWPcSTaSsi0zIdY,Aao Milo Chalo,"Pritam, Shaan, Ustad Sultan Khan, Irshad Kamil",Jab We Met,9/21/2007,61,325933,https://open.spotify.com/track/6ocOeSjnWPcSTaSsi0zIdY,love,aao milo chalo
4GagsETs7qfR3cwQkRcXgb,Main Kya Karoon,"Pritam, Nikhil Paul George",Barfi! (Original Motion Picture Soundtrack),6/24/2012,52,270333,https://open.spotify.com/track/4GagsETs7qfR3cwQkRcXgb,love,main kya karoon
3aaiAWCet6sbfOfLSn3g7i,Tu Chahiye,"Pritam, Atif Aslam, Amitabh Bhattacharya",Bajrangi Bhaijaan,7/7/2015,70,272680,https://open.spotify.com/track/3aaiAWCet6sbfOfLSn3g7i,love,tu chahiye
648GXyKI62FhbeBq0levWr,Dil Kya Kare,Adnan Sami,Salaam-E-Ishq,7/12/2007,54,327880,https://open.spotify.com/track/648GXyKI62FhbeBq0levWr,love,dil kya kare
0zqYmOjuMqpgUNOcO8wmKH,"Tum Jo Aaye (From ""Once Upon A Time In Mumbaai"")","Pritam, Rahat Fateh Ali Khan, Tulsi Kumar",Mesmeric Vocalzz - Tulsi Kumar,3/4/2019,54,286443,https://open.spotify.com/track/0zqYmOjuMqpgUNOcO8wmKH,love,tum jo aaye from once upon a time in mumbaai
0joXv5niso2T8YXWOlIe1X,Titli,"Vishal-Shekhar, Chinmayi, Gopi Sundar",Chennai Express,7/3/2013,65,350617,https://open.spotify.com/track/0joXv5niso2T8YXWOlIe1X,love,titli
0ojpEubhy4JNeVftmVuiN7,Pehla Pyaar,"Armaan Malik, Vishal Mishra, Irshad Kamil",Kabir Singh,6/14/2019,70,272532,https://open.spotify.com/track/0ojpEubhy4JNeVftmVuiN7,love,pehla pyaar
1ZGZsRhYm4XEU7ZWhYBxJA,Mar Jaayen,"Mithoon, Atif Aslam, Sayeed Quadri",Loveshhuda (Original Motion Picture Soundtrack),2/19/2016,53,258751,https://open.spotify.com/track/1ZGZsRhYm4XEU7ZWhYBxJA,love,mar jaayen
78KKYDENYsw6jYfuEZsqJl,Saathiya,"A.R. Rahman, Sonu Nigam, Gulzar",Saathiya,10/18/2002,63,357433,https://open.spotify.com/track/78KKYDENYsw6jYfuEZsqJl,love,saathiya
6yrIAJ4yMPzq8Vsu1d3CXg,Aahista Aahista,"Vishal-Shekhar, Lucky Ali, Shreya Ghoshal, Anvita Dutt Guptan",Bachna Ae Haseeno,7/5/2008,58,350000,https://open.spotify.com/track/6yrIAJ4yMPzq8Vsu1d3CXg,love,aahista aahista
3OLFqbd9ZeVjaUKTiaLsD6,Tu Hi Haqeeqat,"Pritam, Javed Ali, Irshan Ashraf, Shadab",Tum Mile (Original Motion Picture Soundtrack),9/8/2009,73,302026,https://open.spotify.com/track/3OLFqbd9ZeVjaUKTiaLsD6,love,tu hi haqeeqat
5a11x5PUFvJEadMRqtNtTr,Piya O Re Piya,"Sachin-Jigar, Atif Aslam, Shreya Ghoshal",Tere Naal Love Ho Gaya (Original Motion Picture Soundtrack),2/24/2011,71,292746,https://open.spotify.com/track/5a11x5PUFvJEadMRqtNtTr,love,piya o re piya
44DFFra1iTFvIGpzVlRHFx,Sang Hoon Tere,"Pritam, Nikhil D'Souza",Jannat 2 (Original Motion Picture Soundtrack),3/30/2012,52,264840,https://open.spotify.com/track/44DFFra1iTFvIGpzVlRHFx,love,sang hoon tere
5RZbS87YI2wd87SWuO0YAX,Rehna Tu,"A.R. Rahman, Prasoon Joshi",Delhi-6,1/19/2009,50,409274,https://open.spotify.com/track/5RZbS87YI2wd87SWuO0YAX,love,rehna tu
5pMd5QRixmRGmPSSZKn4Ia,You Get Me Rockin & Reeling,"Pritam, Neeraj Shridhar, Sayeed Quadri",Billu,1/5/2009,41,286426,https://open.spotify.com/track/5pMd5QRixmRGmPSSZKn4Ia,love,you get me rockin reeling
6Sp7azay1NZU4wxlFacWCl,Jab Mila Tu,"Vishal-Shekhar, Vishal Dadlani",I Hate Luv Storys (Original Motion Picture Soundtrack),5/25/2010,54,251853,https://open.spotify.com/track/6Sp7azay1NZU4wxlFacWCl,love,jab mila tu
0GVPRo9LEjxjT4C4o8BGot,Is This Love,"Mohit Chauhan, Shreya Ghoshal, Pritam",Kismat Konnection (Original Motion Picture Soundtrack),7/18/2008,65,329167,https://open.spotify.com/track/0GVPRo9LEjxjT4C4o8BGot,love,is this love
4TAdD9qxGEZR8hQQL3DXH8,"Hua Hain Aaj Pehli Baar (From ""Sanam Re"")","Amaal Mallik, Armaan Malik, Palak Muchhal",2016 Shining Star - Armaan Malik,12/30/2016,50,309272,https://open.spotify.com/track/4TAdD9qxGEZR8hQQL3DXH8,love,hua hain aaj pehli baar from sanam re
0d1JQdBaeetUo8xAiKCT3C,Tera Deedar Hua,"Pritam, Anupam Amod, Rahat Fateh Ali Khan",Jannat 2 (Original Motion Picture Soundtrack),3/30/2012,65,347573,https://open.spotify.com/track/0d1JQdBaeetUo8xAiKCT3C,love,tera deedar hua
5CteVMD0U8C9WbAWvrNgkN,Chori Kiya Re Jiya,"Sonu Nigam, Shreya Ghoshal",Dabangg,8/4/2010,62,286720,https://open.spotify.com/track/5CteVMD0U8C9WbAWvrNgkN,love,chori kiya re jiya
6qMB7GsJd7L8sqEvQGWQl6,O Meri Jaan,"Pritam, KK",Life In A Metro (Original Motion Picture Soundtrack),3/17/2007,54,305600,https://open.spotify.com/track/6qMB7GsJd7L8sqEvQGWQl6,love,o meri jaan
2OvldWM8rVnp7QCn9eCrr1,Phir Le Aya Dil,"Pritam, Rekha Bhardwaj",Barfi! (Original Motion Picture Soundtrack),6/24/2012,61,285000,https://open.spotify.com/track/2OvldWM8rVnp7QCn9eCrr1,love,phir le aya dil
4KCbZcshgibfJSCAkg87Lv,Jag Ghoomeya,"Vishal-Shekhar, Rahat Fateh Ali Khan, Irshad Kamil",Sultan,5/31/2016,67,281991,https://open.spotify.com/track/4KCbZcshgibfJSCAkg87Lv,love,jag ghoomeya
7iLA6PQeQWRjLDHOJgGpj5,Gerua,"Pritam, Arijit Singh, Antara Mitra",Dilwale (Original Motion Picture Soundtrack),11/17/2015,63,345558,https://open.spotify.com/track/7iLA6PQeQWRjLDHOJgGpj5,love,gerua
0bYDMpQ94LnF38FiOlc8K9,Chaar Kadam,"Shaan, Shreya Ghoshal, Shantanu Moitra, Swanand Kirkire",Pk,11/17/2014,62,242668,https://open.spotify.com/track/0bYDMpQ94LnF38FiOlc8K9,love,chaar kadam
3EFGRGsshk0NWidcXfhKvw,Dil To Bachcha Hai,Rahat Fateh Ali Khan,Ishqiya,12/31/2009,63,333984,https://open.spotify.com/track/3EFGRGsshk0NWidcXfhKvw,love,dil to bachcha hai
7n56JgxCsWXr8om8KCzqNz,"Soniye (From ""Heartless"")",KK,Evergreen Hits Of K.K.,6/1/2022,38,301016,https://open.spotify.com/track/7n56JgxCsWXr8om8KCzqNz,love,soniye from heartless
4mjTMmz0j6Wl3GhODoPqTx,Hoor,"Sachin-Jigar, Atif Aslam","Hoor (From ""Hindi Medium"")",4/19/2017,56,237360,https://open.spotify.com/track/4mjTMmz0j6Wl3GhODoPqTx,love,hoor
3O9yuuwFSe9l6PUn5CovQM,"Lag Ja Gale (From ""Bhoomi"")","Rahat Fateh Ali Khan, Sachin-Jigar","Lag Ja Gale (From ""Bhoomi"")",8/24/2017,39,225873,https://open.spotify.com/track/3O9yuuwFSe9l6PUn5CovQM,love,lag ja gale from bhoomi
4FamnSE42MmMSayJiEk3OC,Chal Wahan Jaate Hain,"Arijit Singh, Rashmi Virag, Amaal Mallik",Chal Wahan Jaate Hain,7/17/2015,57,326121,https://open.spotify.com/track/4FamnSE42MmMSayJiEk3OC,love,chal wahan jaate hain
163jamCc6vC1HQKpbu2jxC,Darmiyaan,"Shafqat Amanat Ali, Clinton Cerejo",Jodi Breakers,1/18/2012,63,353500,https://open.spotify.com/track/163jamCc6vC1HQKpbu2jxC,love,darmiyaan
02N5ZxOVugGQmKeIT0VXUx,Tu Meri Dost Hain,"Benny Dayal, Shreya Ghoshal",Yuvvraaj (Original Motion Picture Soundtrack),11/21/2008,61,373173,https://open.spotify.com/track/02N5ZxOVugGQmKeIT0VXUx,love,tu meri dost hain
73K33p4Vyz9koXGqmL5eFs,Malang Sajna,"Sachet Tandon, Parampara Tandon, Kumaar, Sachet-Parampara",Malang Sajna,12/19/2022,73,161041,https://open.spotify.com/track/73K33p4Vyz9koXGqmL5eFs,love,malang sajna
6KvXpACADAz73IPrCgXobL,Alfaazo,Mitraz,Alfaazo,1/19/2023,61,158447,https://open.spotify.com/track/6KvXpACADAz73IPrCgXobL,love,alfaazo
1d5lpW3gUyq537iuyrb9Lf,Samjho Na,Aditya Rikhari,Samjho Na,2/10/2022,80,172408,https://open.spotify.com/track/1d5lpW3gUyq537iuyrb9Lf,love,samjho na
4lKuVRhrSO9le6tRbgrpKC,Aadha Ishq,"Salim–Sulaiman, Shreya Ghoshal, Amitabh Bhattacharya",Band Baaja Baaraat,3/11/2010,54,283715,https://open.spotify.com/track/4lKuVRhrSO9le6tRbgrpKC,love,aadha ishq
4YwGnKgtq7V0EI1hYNOirm,O Bekhabar,"Pritam, Shreya Ghoshal",Action Replayy,10/7/2010,59,267251,https://open.spotify.com/track/4YwGnKgtq7V0EI1hYNOirm,love,o bekhabar
4cltuh2RNH0LyZY9I8Vi08,Humko Pyar Hua,"Pritam, Tulsi Kumar, KK",Ready,4/25/2011,59,327300,https://open.spotify.com/track/4cltuh2RNH0LyZY9I8Vi08,love,humko pyar hua
2NECp5Tvb5Lm6TbJf0Y8xI,Mera Yaar,"Shankar-Ehsaan-Loy, Javed Bashir",Bhaag Milkha Bhaag (Original Motion Picture Soundtrack),6/14/2013,66,351293,https://open.spotify.com/track/2NECp5Tvb5Lm6TbJf0Y8xI,love,mera yaar
7Ky9U9iHjGBiRax3joCRDS,"Phir Aur Kya Chahiye (From ""Zara Hatke Zara Bachke"")","Sachin-Jigar, Arijit Singh, Amitabha Bhattacharya","Phir Aur Kya Chahiye (From ""Zara Hatke Zara Bachke"") - Single",5/16/2023,52,266075,https://open.spotify.com/track/7Ky9U9iHjGBiRax3joCRDS,love,phir aur kya chahiye from zara hatke zara bachke
3jPWd7NpYoaGVUSbJh9Xca,Meet,Arijit Singh,Best Of Arijit Singh 2017,12/28/2017,45,215411,https://open.spotify.com/track/3jPWd7NpYoaGVUSbJh9Xca,love,meet
5vGiuYFSGekGLgbxhV1rD5,Tu Jaane Na,"Atif Aslam, Pritam",Best of Romance: Atif Aslam & Pritam,4/20/2023,65,341933,https://open.spotify.com/track/5vGiuYFSGekGLgbxhV1rD5,love,tu jaane na
5xRci5qoXzzJgR6ZwzXO2J,Rabba Main Toh Mar Gaya Oye,"Pritam, Rahat Fateh Ali Khan",Mausam,8/11/2011,62,269003,https://open.spotify.com/track/5xRci5qoXzzJgR6ZwzXO2J,love,rabba main toh mar gaya oye
2cPUB8EOT6AfJ8oxhyoNXL,Ye Tune Kya Kiya,"Pritam, Javed Bashir",Once Upon Ay Time In Mumbai Dobaara !,7/22/2013,80,314239,https://open.spotify.com/track/2cPUB8EOT6AfJ8oxhyoNXL,love,ye tune kya kiya
3l7JaDIJmWMpvcJqhTJjrk,Hosanna,"A.R. Rahman, Vijay Prakash, Suzanne D'Mello, Blaaze, Thamarai",Vinnaithaandi Varuvaayaa (Original Motion Picture Soundtrack),1/11/2010,60,330546,https://open.spotify.com/track/3l7JaDIJmWMpvcJqhTJjrk,love,hosanna
3vjkllvtOIKpVvXSWsu1ta,Tu Hai,"A.R. Rahman, Sanah Moidutty",Mohenjo Daro,7/6/2016,57,238688,https://open.spotify.com/track/3vjkllvtOIKpVvXSWsu1ta,love,tu hai
0RrR3wg4ezBVwm7lyeybir,Suno- Na Sangemarmar,Arijit Singh,Youngistaan,3/5/2014,57,201675,https://open.spotify.com/track/0RrR3wg4ezBVwm7lyeybir,love,suno na sangemarmar
5hhsS7RcsT09Gx1l1ocPqy,"Galliyan (Unplugged) [From ""Ek Villain""]","Shraddha Kapoor, Ankit Tiwari",Best Of Shraddha Kapoor,3/3/2017,43,254750,https://open.spotify.com/track/5hhsS7RcsT09Gx1l1ocPqy,love,galliyan unplugged from ek villain
7fW9J3EpVWVN1ouv0slAs0,"Kya Mujhe Pyar Hai (From ""Woh Lamhe"")","Pritam, KK",Evergreen Hits Of K.K.,6/1/2022,57,266653,https://open.spotify.com/track/7fW9J3EpVWVN1ouv0slAs0,love,kya mujhe pyar hai from woh lamhe
71rvcGbKcdAkbVJSrsAsh7,Soch Na Sake,Arijit Singh,Airlift,12/17/2015,46,281683,https://open.spotify.com/track/71rvcGbKcdAkbVJSrsAsh7,love,soch na sake
6871FKHumiy1Wfr6vF7Xxt,"Hawayein (From ""Jab Harry Met Sejal"")","Pritam, Arijit Singh","Hawayein (From ""Jab Harry Met Sejal"")",7/26/2017,63,289999,https://open.spotify.com/track/6871FKHumiy1Wfr6vF7Xxt,love,hawayein from jab harry met sejal
3H43T5swYywvcdCBFiDgW6,Manwa Laage,"Vishal-Shekhar, Shreya Ghoshal, Arijit Singh, Irshad Kamil",Happy New Year,9/26/2014,65,272082,https://open.spotify.com/track/3H43T5swYywvcdCBFiDgW6,love,manwa laage
3JUmNYQyJKeRq2a3RR8K71,"Ijazat (From ""One Night Stand"")","Meet Bros., Arijit Singh",Love Forever With Arijit Singh,6/7/2017,58,288964,https://open.spotify.com/track/3JUmNYQyJKeRq2a3RR8K71,love,ijazat from one night stand
7hNb5juMQyy93U63jW4Mwj,"Main Rang Sharbaton Ka (From ""Phata Poster Nikhla Hero"")","Atif Aslam, Chinmayi, Pritam",Phata Poster Nikhla Hero (Original Motion Picture Soundtrack),9/10/2013,0,262905,https://open.spotify.com/track/7hNb5juMQyy93U63jW4Mwj,love,main rang sharbaton ka from phata poster nikhla hero
1Wf5q34m4hTnAxCljiAonb,"Enna Sona (From ""OK Jaanu"")","A.R. Rahman, Arijit Singh","Enna Sona (From ""OK Jaanu"")",1/4/2017,55,213632,https://open.spotify.com/track/1Wf5q34m4hTnAxCljiAonb,love,enna sona from ok jaanu
3Kl8p2PxVf8eAayLwTxOIm,Dil Ibaadat,"Pritam, KK",Tum Mile (Original Motion Picture Soundtrack),9/8/2009,75,329386,https://open.spotify.com/track/3Kl8p2PxVf8eAayLwTxOIm,love,dil ibaadat
36rdBb7kFXXYlrkIDT2A00,"Tera Deedar Hua (From ""Jannat 2"")","Pritam, Anupam Amod, Rahat Fateh Ali Khan",Best of Me Pritam,2/1/2013,36,347573,https://open.spotify.com/track/36rdBb7kFXXYlrkIDT2A00,love,tera deedar hua from jannat 2
0hFUtSsV2itYEUTZGj6w5H,"Aabaad Barbaad (From ""Ludo"")","Pritam, Arijit Singh","Aabaad Barbaad (From ""Ludo"")",10/21/2020,58,309103,https://open.spotify.com/track/0hFUtSsV2itYEUTZGj6w5H,love,aabaad barbaad from ludo
4qRcjFkFqSpLBzcbLDt7HL,Ambarsariya,"Sona Mohapatra, Ram Sampath, Munna Dhiman",Fukrey,5/14/2013,68,248182,https://open.spotify.com/track/4qRcjFkFqSpLBzcbLDt7HL,love,ambarsariya
3zqFsowz5iGbYIxZW5KlKw,"Tera Hua (From ""Loveyatri"")","Atif Aslam, Tanishk Bagchi","Tera Hua (From ""Loveyatri"")",8/30/2018,60,214002,https://open.spotify.com/track/3zqFsowz5iGbYIxZW5KlKw,love,tera hua from loveyatri
4TvWvoxuK9tULN4EQeFh6y,"Saware (From ""Phantom"")","Pritam, Arijit Singh",Arijit Singh Broken Strings,4/24/2019,38,321613,https://open.spotify.com/track/4TvWvoxuK9tULN4EQeFh6y,love,saware from phantom
5uUEytfFSWfTzu5EqZxQju,Sab Tera,"Armaan Malik, Shraddha Kapoor",Baaghi,4/9/2016,59,228116,https://open.spotify.com/track/5uUEytfFSWfTzu5EqZxQju,love,sab tera
3oKuEvvclPj25AifUVoKxS,"Tum Hi Ho (From ""Aashiqui 2"")",Arijit Singh,Loveholic Arijit Singh,4/15/2019,61,261974,https://open.spotify.com/track/3oKuEvvclPj25AifUVoKxS,love,tum hi ho from aashiqui 2
2l3dFxtoSMgMQVyRIUHjpz,Akhiyaan,Mitraz,Akhiyaan,9/4/2022,65,191868,https://open.spotify.com/track/2l3dFxtoSMgMQVyRIUHjpz,love,akhiyaan
4e9dIemIXO8Tzg0k4aWujk,"Raabta (Title Track) [From ""Raabta""]","Pritam, Arijit Singh, Nikhita Gandhi","Raabta (Title Track) [From ""Raabta""]",5/2/2017,56,297158,https://open.spotify.com/track/4e9dIemIXO8Tzg0k4aWujk,love,raabta title track from raabta
2sT0eosuhBEkw8dz6qFxUo,Aise Kyun,"Anurag Saikia, Raghav Chaitanya, Raj Shekhar, Nikhita Gandhi",Mismatched: Season 1 (Music from the Netflix Original Series),11/11/2020,55,264933,https://open.spotify.com/track/2sT0eosuhBEkw8dz6qFxUo,love,aise kyun
5JCDVLwteSXuwVqjCa7SwH,O Rangrez,"Shankar-Ehsaan-Loy, Shreya Ghoshal, Javed Bashir, Yusuf Mohammed, Vajid Ali",Bhaag Milkha Bhaag (Original Motion Picture Soundtrack),6/14/2013,72,385000,https://open.spotify.com/track/5JCDVLwteSXuwVqjCa7SwH,love,o rangrez
7dm80EBbK2JFHcQdGDvF1D,Achha Lagta Hai,"Shankar-Ehsaan-Loy, Mohit Chauhan, Shreya Ghoshal, Neuman Pinto",Achha Lagta Hai,7/11/2011,45,235800,https://open.spotify.com/track/7dm80EBbK2JFHcQdGDvF1D,love,achha lagta hai
7zG4akZAie70mOCMmtoacS,Bin Tere - Reprise,"Vishal-Shekhar, Shekhar Ravjiani",I Hate Luv Storys (Original Motion Picture Soundtrack),5/25/2010,43,220146,https://open.spotify.com/track/7zG4akZAie70mOCMmtoacS,love,bin tere reprise
111KDx9Y9OMRTynJ4WYXSo,"I Am In Love (From ""Once Upon A Time In Mumbaai"")","Pritam, KK, Dominique",Evergreen Hits Of K.K.,6/1/2022,34,285108,https://open.spotify.com/track/111KDx9Y9OMRTynJ4WYXSo,love,i am in love from once upon a time in mumbaai
69d2jB4VJ9fGZLNzwLtaF2,"O Meri Jaan (From ""Life in a Metro"")","Pritam, KK",KK: Best of Me,4/27/2015,23,305600,https://open.spotify.com/track/69d2jB4VJ9fGZLNzwLtaF2,love,o meri jaan from life in a metro
3h6Xvd0lISog6GxTk4X6MK,"Uska Hi Banana (From ""1920 Evil Returns"")",Arijit Singh,Arijit Singh Broken Strings,4/24/2019,65,327029,https://open.spotify.com/track/3h6Xvd0lISog6GxTk4X6MK,love,uska hi banana from 1920 evil returns
5X5db3FrBOHbibrFKA02MQ,"Chashni (From ""Bharat"")","Abhijeet Srivastava, Vishal-Shekhar","Chashni (From ""Bharat"")",5/1/2019,62,265995,https://open.spotify.com/track/5X5db3FrBOHbibrFKA02MQ,love,chashni from bharat
2xRtXbFAmk3cW6xE1zF7ye,Tu Jhoom,"Naseebo Lal, Abida Parveen",Tu Jhoom,1/19/2022,52,397546,https://open.spotify.com/track/2xRtXbFAmk3cW6xE1zF7ye,love,tu jhoom
7yDHHVKLbvDmVw1XXhDDIO,Pehle Bhi Main,"Vishal Mishra, Raj Shekhar",ANIMAL,11/24/2023,73,250158,https://open.spotify.com/track/7yDHHVKLbvDmVw1XXhDDIO,love,pehle bhi main
0645eBDehHcqfiF15hscQV,"Janiye (from the Netflix Film ""Chor Nikal Ke Bhaga"")","Vishal Mishra, Rashmeet Kaur","Janiye (from the Netflix Film ""Chor Nikal Ke Bhaga"")",3/17/2023,74,223390,https://open.spotify.com/track/0645eBDehHcqfiF15hscQV,love,janiye from the netflix film chor nikal ke bhaga
5WJ7hrAsgcfncN8zussoFq,Daryaa,"Amit Trivedi, Ammy Virk, Shahid Mallya, Shellee",Manmarziyaan (Original Motion Picture Soundtrack),8/10/2018,53,261918,https://open.spotify.com/track/5WJ7hrAsgcfncN8zussoFq,love,daryaa
10ds7gidDqEORLayc77ABS,Kadi Te Has Bol,"Atif Aslam, Velo Sound Station",Velo Sound Station EP 1,11/20/2020,52,269158,https://open.spotify.com/track/10ds7gidDqEORLayc77ABS,love,kadi te has bol
6pXp6OFlxrA0FJyzNw4QID,"Dhoonde Akhiyaan - From ""Jabariya Jodi""","Yasser Desai, Altamash Faridi, Rashmi Virag","Dhoonde Akhiyaan (From ""Jabariya Jodi"")",7/18/2019,69,275399,https://open.spotify.com/track/6pXp6OFlxrA0FJyzNw4QID,love,dhoonde akhiyaan from jabariya jodi
5zCnGtCl5Ac5zlFHXaZmhy,"Sajni (From ""Laapataa Ladies"")","Ram Sampath, Arijit Singh, Prashant Pandey","Sajni (From ""Laapataa Ladies"")",2/12/2024,75,170044,https://open.spotify.com/track/5zCnGtCl5Ac5zlFHXaZmhy,love,sajni from laapataa ladies
5fKzdTKPV9vT4WEjEdxXrt,Rishte Naate,"Rahat Fateh Ali Khan, Suzanne D'Mello",De Dana Dan (Original Motion Picture Soundtrack),11/2/2009,55,286586,https://open.spotify.com/track/5fKzdTKPV9vT4WEjEdxXrt,love,rishte naate
1ccZZf0IQi5y0bHMl2aGDF,Gulabi Aankhen,Sanam,Universally SANAM,8/9/2019,72,197759,https://open.spotify.com/track/1ccZZf0IQi5y0bHMl2aGDF,love,gulabi aankhen
0M0JQzqVNQVwviGIe94QaX,"Mere Bina (From ""Crook"") - Unplugged","Pritam, KK",Best of Bollywood: KK,7/1/2016,37,294760,https://open.spotify.com/track/0M0JQzqVNQVwviGIe94QaX,love,mere bina from crook unplugged
0rxEPf4Y6uBmV3hkrV340a,Isq Risk,"Sohail Sen, Rahat Fateh Ali Khan, Irshad Kamil",Mere Brother Ki Dulhan,9/8/2011,68,295131,https://open.spotify.com/track/0rxEPf4Y6uBmV3hkrV340a,love,isq risk
2YevgojIN3UouxDM5JjzE0,Awaargi,Aditya A,Awaargi,11/8/2022,47,61491,https://open.spotify.com/track/2YevgojIN3UouxDM5JjzE0,love,awaargi
2C6CJGFLbisteRuY6Plb7b,Ve Haaniyaan,"Danny, Avvy Sra, Sagar",Ve Haaniyaan,1/19/2024,71,240000,https://open.spotify.com/track/2C6CJGFLbisteRuY6Plb7b,love,ve haaniyaan
5DyYcwMw0f6z3FefXNLOHv,Ishq Hua,"Salim–Sulaiman, Sonu Nigam, Shreya Ghoshal, Jaideep Sahni",Aaja Nachle,10/18/2007,62,263026,https://open.spotify.com/track/5DyYcwMw0f6z3FefXNLOHv,love,ishq hua
0gRNu9dVzi5aC87AI1empZ,Jab Se Tere Naina,"Monty Sharma, Shaan",Saawariya (Original Motion Picture Soundtrack),9/14/2007,67,284573,https://open.spotify.com/track/0gRNu9dVzi5aC87AI1empZ,love,jab se tere naina
6okXGyZjrasNITqJbkgcEa,Pehli Si Muhabbat (Original Motion Picture Soundtrack),Ali Zafar,Pehli Si Muhabbat (Original Motion Picture Soundtrack),1/19/2021,49,260377,https://open.spotify.com/track/6okXGyZjrasNITqJbkgcEa,love,pehli si muhabbat original motion picture soundtrack
3DpedytYku64Hjf51064vO,Tere Bin,"Mithoon, Atif Aslam",Bas Ek Pal (Original Motion Picture Soundtrack),9/15/2006,63,275986,https://open.spotify.com/track/3DpedytYku64Hjf51064vO,love,tere bin
38GXsI5NhQGQnZpibjwXOV,Tu Kisi Rail Si,Swanand Kirkire,Masaan (Original Motion Picture Soundtrack),6/7/2015,51,230960,https://open.spotify.com/track/38GXsI5NhQGQnZpibjwXOV,love,tu kisi rail si
5UHvVfewZKxwoB6gdhSFtr,Monta Re,"Swanand Kirkire, Amitabh Bhattacharya, Amit Trivedi",Lootera,5/29/2013,59,237614,https://open.spotify.com/track/5UHvVfewZKxwoB6gdhSFtr,love,monta re
6gHVMInOPMsA4ujf0nWHSt,Ishq Di Baajiyaan,"Shankar-Ehsaan-Loy, Diljit Dosanjh",Soorma (Original Motion Picture Soundtrack),7/3/2018,67,287134,https://open.spotify.com/track/6gHVMInOPMsA4ujf0nWHSt,love,ishq di baajiyaan
0SAZ4IHYMtjW4Lxrjm7NnG,Aashiq Tera,"Sohail Sen, Mudassar Aziz, Altamash Faridi",Happy Bhag Jayegi (Original Motion Picture Soundtrack),7/28/2016,67,294751,https://open.spotify.com/track/0SAZ4IHYMtjW4Lxrjm7NnG,love,aashiq tera
2VRMKoiauJYUQTxs2TaVsz,Meherbani,"Arko, Jubin Nautiyal",Best Of Jubin Nautiyal,6/26/2023,38,243591,https://open.spotify.com/track/2VRMKoiauJYUQTxs2TaVsz,love,meherbani
3eSm4iAkLsn3BeggfiQOH9,"Kaise Ab Kahein - From ""Gutar Gu""","Gaurav Chatterji, Aasa Singh, Hansika Pareek, Hrishi Giridhar, Pratik Gangavane","Kaise Ab Kahein (From ""Gutar Gu"")",4/13/2023,63,120000,https://open.spotify.com/track/3eSm4iAkLsn3BeggfiQOH9,love,kaise ab kahein from gutar gu
4IlM3cT0US7HYXwl6tNxhd,Emraan Hashmi Mashup,"Dj Raahul Pai, DJ Saquib, Pritam, KK",Emraan Hashmi Mashup,2/28/2025,32,223546,https://open.spotify.com/track/4IlM3cT0US7HYXwl6tNxhd,love,emraan hashmi mashup
0TqOvKVUVGouGv4pyR5gj0,Kooch Na Karin,Azhar Abbas,Load Wedding (Original Motion Picture Soundtrack),8/1/2018,5,276522,https://open.spotify.com/track/0TqOvKVUVGouGv4pyR5gj0,love,kooch na karin
2BeY2dQPbD8xYxx3yhBTVD,"Mann Mera (From ""Table No. 21"")",Gajendra Verma,Table No. 21,12/19/2012,0,198125,https://open.spotify.com/track/2BeY2dQPbD8xYxx3yhBTVD,love,mann mera from table no 21
0G5tgEYkfBj9pREQWHYCq3,Chup Chup Ke (Film Version),"Pritam, Ash King, Muazzam, Rizwan Ali Khan",Rush,10/9/2012,50,230569,https://open.spotify.com/track/0G5tgEYkfBj9pREQWHYCq3,love,chup chup ke film version
1tnUbj8AI3PvxZNQZRTZmB,O Mere Khuda,"Atif Aslam, Garima Jhingon",Prince (Original Motion Picture Soundtrack),4/9/2010,57,202973,https://open.spotify.com/track/1tnUbj8AI3PvxZNQZRTZmB,love,o mere khuda
2tqIKAq7jGWdt7u6Gb8tRF,Jogi,"Yasser Desai, Aakanksha Sharma",Shaadi Mein Zaroor Aana (Original Motion Picture Soundtrack),10/24/2017,65,273188,https://open.spotify.com/track/2tqIKAq7jGWdt7u6Gb8tRF,love,jogi
1uRTH9LeFh40tFYlq48vcy,Saiyaara Reprise - Female,"Tanishk Bagchi, Faheem Abdullah, Arslan Nizami, Shreya Ghoshal, Irshad Kamil",Saiyaara,7/4/2025,77,183072,https://open.spotify.com/track/1uRTH9LeFh40tFYlq48vcy,love,saiyaara reprise female
0MuyQBnHpnqEKKafbNpjNU,Barbaad Reprise - Female,"The Rish, Shilpa Rao",Saiyaara (Extended Album),9/10/2025,51,129945,https://open.spotify.com/track/0MuyQBnHpnqEKKafbNpjNU,love,barbaad reprise female
15MvgPKHdoA44YNiCXbDfa,Qayde Se,"Pritam, Arijit Singh, Amitabh Bhattacharya",Metro ... In Dino (Side B),7/14/2025,57,215075,https://open.spotify.com/track/15MvgPKHdoA44YNiCXbDfa,love,qayde se
3x822BpQYSFMIB7P3uiJN0,Aavan Jaavan,"Pritam, Arijit Singh, Nikhita Gandhi, Amitabh Bhattacharya",WAR 2,8/16/2025,69,225535,https://open.spotify.com/track/3x822BpQYSFMIB7P3uiJN0,love,aavan jaavan
2HHmJ0oUtxDLXhn7uEDxYW,Zamaana Lage,"Pritam, Arijit Singh, Shashwat Singh, Qaisar-Ul-Jafri, Sandeep Shrivastava",Metro ... In Dino (Side A),6/23/2025,63,196138,https://open.spotify.com/track/2HHmJ0oUtxDLXhn7uEDxYW,love,zamaana lage
18d1pubaNYUpaKIeSoxPFA,The Sick,Bella Kay,The Sick,8/4/2025,78,195434,https://open.spotify.com/track/18d1pubaNYUpaKIeSoxPFA,love,the sick
699N3s6sZxhbWLqCsQLSWC,Bitter,"dani perez, leo maneo","blue nights, without you",7/11/2025,40,218279,https://open.spotify.com/track/699N3s6sZxhbWLqCsQLSWC,love,bitter
2KhrPRV0V1FS2l4eQMJUWt,Sweet,Cigarettes After Sex,Cigarettes After Sex,6/9/2017,84,291640,https://open.spotify.com/track/2KhrPRV0V1FS2l4eQMJUWt,love,sweet
6m7N2LVTviCf3VJLwe3hto,tough crowd,Hanna,tough crowd,8/22/2025,40,146526,https://open.spotify.com/track/6m7N2LVTviCf3VJLwe3hto,love,tough crowd
6GGtHZgBycCgGBUhZo81xe,Say Yes To Heaven,Lana Del Rey,Say Yes To Heaven,5/19/2023,84,209156,https://open.spotify.com/track/6GGtHZgBycCgGBUhZo81xe,love,say yes to heaven
4ZM3dwLIxxiJBKIUDPyNdQ,Velvet Excuses,Bad Romance Club,Permanent Crush,9/26/2025,40,153840,https://open.spotify.com/track/4ZM3dwLIxxiJBKIUDPyNdQ,love,velvet excuses
1jfLgyy3nksoIDpz5qFtX4,Mr. Simple,Dylan Joshua,Mr. Simple,7/25/2025,37,139910,https://open.spotify.com/track/1jfLgyy3nksoIDpz5qFtX4,love,mr simple
6C0NcNE4R5HJkjzrbDdN4a,Golden Morning,Aurora Lane,Golden Hours,9/26/2025,42,155960,https://open.spotify.com/track/6C0NcNE4R5HJkjzrbDdN4a,love,golden morning
1dGr1c8CrMLDpV6mPbImSI,Lover,Taylor Swift,Lover,8/23/2019,84,221306,https://open.spotify.com/track/1dGr1c8CrMLDpV6mPbImSI,love,lover
2S8JkfjN2PsaxT193IesbL,The Last Song for You,Clarence Blue,The Last Song for You,9/19/2025,41,248839,https://open.spotify.com/track/2S8JkfjN2PsaxT193IesbL,love,the last song for you
6VIGu2cXI2KIX3QYni1dp1,PEDALS,JACKPAL,PEDALS,7/16/2025,30,190550,https://open.spotify.com/track/6VIGu2cXI2KIX3QYni1dp1,love,pedals
1b4ZWBrt5Sjrnj0ZXK8Klh,Shadows in the Blue,Eddie Gold,Echoes of Love,9/27/2025,40,196720,https://open.spotify.com/track/1b4ZWBrt5Sjrnj0ZXK8Klh,love,shadows in the blue
2KAo9JlZHNMDGGFHswY6fs,Falling Slow,Sienna Rose,Velvet Embrace,9/28/2025,40,218960,https://open.spotify.com/track/2KAo9JlZHNMDGGFHswY6fs,love,falling slow
1PXNKt7VATthCOOnwh707u,W1THOUT A RE4SON,Jan Metternich,Broken Symphonies,7/26/2024,46,114705,https://open.spotify.com/track/1PXNKt7VATthCOOnwh707u,love,w1thout a re4son
6TtsKcfzvW8cbr7oDb1xJY,"Call me, drunk",Kate Kristine,"Call me, drunk",9/5/2025,34,218376,https://open.spotify.com/track/6TtsKcfzvW8cbr7oDb1xJY,love,call me drunk
0b1W7y9SLb4bPfTXJ9pT9u,eternal winter,inalery,eternal winter,12/8/2023,49,99000,https://open.spotify.com/track/0b1W7y9SLb4bPfTXJ9pT9u,love,eternal winter
6UygWDSxGhhSD9TwRTkjAQ,Can’t Stop Lovin’ You Baby,Charlie Blaze,Soul on Fire,9/27/2025,27,180640,https://open.spotify.com/track/6UygWDSxGhhSD9TwRTkjAQ,love,cant stop lovin you baby
6dBUzqjtbnIa1TwYbyw5CM,Lovers Rock,TV Girl,French Exit,6/5/2014,86,213920,https://open.spotify.com/track/6dBUzqjtbnIa1TwYbyw5CM,love,lovers rock
01q4KukXfjnM3pDf1zh3rA,YOU M4KE ME,Jan Metternich,Broken Symphonies,7/26/2024,48,126666,https://open.spotify.com/track/01q4KukXfjnM3pDf1zh3rA,love,you m4ke me
7pS78xyQrzIzhnF8wgU5MF,What You Wanted,Grace Kay,What You Wanted,6/27/2025,26,160000,https://open.spotify.com/track/7pS78xyQrzIzhnF8wgU5MF,love,what you wanted
4RYHasgDQxZfXcmj6q4VIq,No One But You,The Blue Hour Collective,Songs Beneath the Moon,9/29/2025,40,233720,https://open.spotify.com/track/4RYHasgDQxZfXcmj6q4VIq,love,no one but you
3xKsf9qdS1CyvXSMEid6g8,Pink + White,Frank Ocean,Blonde,8/20/2016,86,184516,https://open.spotify.com/track/3xKsf9qdS1CyvXSMEid6g8,love,pink white
7zz8ZSeoIrujPrFaxna3rb,Young Again,"dani perez, leo maneo",Young Again,7/12/2025,40,216919,https://open.spotify.com/track/7zz8ZSeoIrujPrFaxna3rb,love,young again
4xw0P9UfRRQJX8HzNMwdcn,Hollywood Sign,Mereki,Hollywood Sign,9/5/2025,31,168340,https://open.spotify.com/track/4xw0P9UfRRQJX8HzNMwdcn,love,hollywood sign
7vaJupvYyjtaDStrP1fvxL,Taste Of Lips,Zuri Monroe,Calm Season,10/12/2025,34,144039,https://open.spotify.com/track/7vaJupvYyjtaDStrP1fvxL,love,taste of lips
4ahHYaIFswTdkkUXqqlFmL,Carpet Like A Runway,David Smith,David Lost The Jacket,10/10/2025,29,218199,https://open.spotify.com/track/4ahHYaIFswTdkkUXqqlFmL,love,carpet like a runway
71LO8UyaOih5S43vLQlGeF,Say You Will,"dani perez, leo maneo",Say You Will,7/12/2025,43,199519,https://open.spotify.com/track/71LO8UyaOih5S43vLQlGeF,love,say you will
21B4gaTWnTkuSh77iWEXdS,Juno,Sabrina Carpenter,Short n' Sweet,8/23/2024,83,223192,https://open.spotify.com/track/21B4gaTWnTkuSh77iWEXdS,love,juno
1b3K4Qv5KpTTvuUD3ccVBi,Come Back Home,"dani perez, leo maneo",Come Back Home,7/12/2025,30,178079,https://open.spotify.com/track/1b3K4Qv5KpTTvuUD3ccVBi,love,come back home
3iBgrkexCzVuPy4O9vx7Mf,Glue Song,beabadoobee,Glue Song,2/14/2023,80,135066,https://open.spotify.com/track/3iBgrkexCzVuPy4O9vx7Mf,love,glue song
6s8bibG0Xg8iEod1STXKns,Come On and Say,The Velvet Rings,The Sound of Time,9/28/2025,24,140760,https://open.spotify.com/track/6s8bibG0Xg8iEod1STXKns,love,come on and say
5OmNvgpqEOln4mJ0wqU9Ax,Maybe I want to stay,"dani perez, leo maneo","blue nights, without you",7/11/2025,36,198399,https://open.spotify.com/track/5OmNvgpqEOln4mJ0wqU9Ax,love,maybe i want to stay
0W4NhJhcqKCqEP2GIpDCDq,Love,Keyshia Cole,The Way It Is,1/1/2005,82,255333,https://open.spotify.com/track/0W4NhJhcqKCqEP2GIpDCDq,love,love
65kKvpTuhJAVxyFPlKuOAd,You to Me Are Everything,The Real Thing,Real Thing,4/11/1976,69,208840,https://open.spotify.com/track/65kKvpTuhJAVxyFPlKuOAd,love,you to me are everything
3vkCueOmm7xQDoJ17W1Pm3,My Love Mine All Mine,Mitski,The Land Is Inhospitable and So Are We,9/15/2023,86,137773,https://open.spotify.com/track/3vkCueOmm7xQDoJ17W1Pm3,love,my love mine all mine
5maVzHzCrjSchVDeFRDENh,velvet chains,"dani perez, leo maneo",red roses fade too,6/25/2025,36,144319,https://open.spotify.com/track/5maVzHzCrjSchVDeFRDENh,love,velvet chains
68BYI4ILv4uTCz67zIW5Hr,Tru Luv,Mereki,Tru Luv,8/20/2025,33,217848,https://open.spotify.com/track/68BYI4ILv4uTCz67zIW5Hr,love,tru luv
6RiiSy9GzSwiyDEJDiMuKe,Something About You,"Eyedress, Dent May",Mulholland Drive,8/27/2021,79,153312,https://open.spotify.com/track/6RiiSy9GzSwiyDEJDiMuKe,love,something about you
5XNEjzJumuICf99YFYctOS,Are you lost?,"dani perez, leo maneo","blue nights, without you",7/11/2025,34,217959,https://open.spotify.com/track/5XNEjzJumuICf99YFYctOS,love,are you lost
2ZWlPOoWh0626oTaHrnl2a,Ivy,Frank Ocean,Blonde,8/20/2016,82,249191,https://open.spotify.com/track/2ZWlPOoWh0626oTaHrnl2a,love,ivy
7ksFbMZ5mYcouDcD4Qcso3,Sunflowers,"dani perez, leo maneo",Withered Walls,6/15/2025,31,164799,https://open.spotify.com/track/7ksFbMZ5mYcouDcD4Qcso3,love,sunflowers
1OubIZ0ARYCUq5kceYUQiO,Congratulations (feat. Bilal),"Mac Miller, Bilal",The Divine Feminine,9/16/2016,76,256426,https://open.spotify.com/track/1OubIZ0ARYCUq5kceYUQiO,love,congratulations feat bilal
58kgR2FRp7LaHXavVYRd6k,Erase,Djemini,Erase,3/5/2025,25,157500,https://open.spotify.com/track/58kgR2FRp7LaHXavVYRd6k,love,erase
4i54GB7ibzS6d43fzmBn4R,Missing You,"dani perez, leo maneo",Missing You,7/15/2025,39,179599,https://open.spotify.com/track/4i54GB7ibzS6d43fzmBn4R,love,missing you
7qEUFOVcxRI19tbT68JcYK,Everything Has Changed (feat. Ed Sheeran) (Taylor’s Version),"Taylor Swift, Ed Sheeran",Red (Taylor's Version),11/12/2021,70,245426,https://open.spotify.com/track/7qEUFOVcxRI19tbT68JcYK,love,everything has changed feat ed sheeran taylors version
5t0lYAMAw3ed5wkq1czNYR,goodbyes,"Noktis, townsend",goodbyes,9/23/2022,41,139155,https://open.spotify.com/track/5t0lYAMAw3ed5wkq1czNYR,love,goodbyes
1SQO9gNpRfMfbBv3DFWU0n,Until Forever,"dani perez, leo maneo",Until Forever,7/12/2025,24,212639,https://open.spotify.com/track/1SQO9gNpRfMfbBv3DFWU0n,love,until forever
3JvKMgsTaNd8M4sBigSJca,Chemical Rush,"dani perez, leo maneo",Chemical Rush,7/12/2025,38,187479,https://open.spotify.com/track/3JvKMgsTaNd8M4sBigSJca,love,chemical rush
5hQSXkFgbxjZo9uCwd11so,False God,Taylor Swift,Lover,8/23/2019,77,200306,https://open.spotify.com/track/5hQSXkFgbxjZo9uCwd11so,love,false god
1yjY7rpaAQvKwpdUliHx0d,Still into You,Paramore,Paramore,4/5/2013,82,216013,https://open.spotify.com/track/1yjY7rpaAQvKwpdUliHx0d,love,still into you
0yuAWlxq59xT3agQ965OxE,Sunsetz,Cigarettes After Sex,Cigarettes After Sex,6/9/2017,85,214680,https://open.spotify.com/track/0yuAWlxq59xT3agQ965OxE,love,sunsetz
64G060METuZwxdPDA9GXoR,Late Night Texts,"dani perez, leo maneo",White Dunes,7/5/2025,27,154959,https://open.spotify.com/track/64G060METuZwxdPDA9GXoR,love,late night texts
2xGjfbXZnI8uQDhukoQURQ,K.,Cigarettes After Sex,Cigarettes After Sex,6/9/2017,84,319560,https://open.spotify.com/track/2xGjfbXZnI8uQDhukoQURQ,love,k
626KmEyH79qw3ePpDe04ts,Blocked,Perry Bancs,Blocked,6/27/2025,24,237600,https://open.spotify.com/track/626KmEyH79qw3ePpDe04ts,love,blocked
7fg1gjNuh2IY0r4S7j71kM,when u left,foreveralone,heartbeats apart,6/26/2024,53,108000,https://open.spotify.com/track/7fg1gjNuh2IY0r4S7j71kM,love,when u left
1o82DwNisONAd2mu1RcGE6,Margaret (feat. Bleachers),"Lana Del Rey, Bleachers",Did you know that there's a tunnel under Ocean Blvd,3/24/2023,80,339890,https://open.spotify.com/track/1o82DwNisONAd2mu1RcGE6,love,margaret feat bleachers
1NZs6n6hl8UuMaX0UC0YTz,Brooklyn Baby,Lana Del Rey,Ultraviolence (Deluxe),1/1/2014,83,351640,https://open.spotify.com/track/1NZs6n6hl8UuMaX0UC0YTz,love,brooklyn baby
3vxJgWZDyiUUghsFlk9oSR,Rosa Range Rover,Prada Boys,Rosa Range Rover,7/7/2025,24,166599,https://open.spotify.com/track/3vxJgWZDyiUUghsFlk9oSR,love,rosa range rover
6jgkEbmQ2F2onEqsEhiliL,My Kind of Woman,Mac DeMarco,2,10/16/2012,82,190845,https://open.spotify.com/track/6jgkEbmQ2F2onEqsEhiliL,love,my kind of woman
4SoQFu8q6PiVyh0Ls8tHbk,As the hours fly,The Canyons,No Turning Back,10/8/2025,37,213479,https://open.spotify.com/track/4SoQFu8q6PiVyh0Ls8tHbk,love,as the hours fly
7EAMXbLcL0qXmciM5SwMh2,Heart To Heart,Mac DeMarco,Here Comes The Cowboy,5/10/2019,82,211140,https://open.spotify.com/track/7EAMXbLcL0qXmciM5SwMh2,love,heart to heart
5bCXMD1riI1WxfU8RU20Es,DOSIS,"Za Artica, FVNTASIA",DOSIS,6/10/2025,38,131559,https://open.spotify.com/track/5bCXMD1riI1WxfU8RU20Es,love,dosis
4P9Q0GojKVXpRTJCaL3kyy,All Of The Girls You Loved Before,Taylor Swift,All Of The Girls You Loved Before,8/23/2019,71,221407,https://open.spotify.com/track/4P9Q0GojKVXpRTJCaL3kyy,love,all of the girls you loved before
2LMkwUfqC6S6s6qDVlEuzV,White Ferrari,Frank Ocean,Blonde,8/20/2016,84,248807,https://open.spotify.com/track/2LMkwUfqC6S6s6qDVlEuzV,love,white ferrari
0PZOuWTzmIR6KY7kIqjVll,Nobody Sleeps,"dani perez, leo maneo","blue nights, without you",7/11/2025,32,203079,https://open.spotify.com/track/0PZOuWTzmIR6KY7kIqjVll,love,nobody sleeps
34xTFwjPQ1dC6uJmleno7x,Godspeed,Frank Ocean,Blonde,8/20/2016,77,177922,https://open.spotify.com/track/34xTFwjPQ1dC6uJmleno7x,love,godspeed
39MQCCRfsJwowN3RX20VhJ,Sally Cinnamon - Single Mix,The Stone Roses,Sally Cinnamon,5/1/1987,59,173000,https://open.spotify.com/track/39MQCCRfsJwowN3RX20VhJ,love,sally cinnamon single mix
11xsEi1TXOK3RtZU7rUekg,i want to kiss this girl,"dani perez, leo maneo",i want to kiss this girl,7/12/2025,25,224919,https://open.spotify.com/track/11xsEi1TXOK3RtZU7rUekg,love,i want to kiss this girl
4i4ArYpqtsA3MJ1k0o2dxq,If I Had A Gun…,Noel Gallagher's High Flying Birds,Noel Gallagher's High Flying Birds,10/17/2011,68,249106,https://open.spotify.com/track/4i4ArYpqtsA3MJ1k0o2dxq,love,if i had a gun
7Mts0OfPorF4iwOomvfqn1,So High School,Taylor Swift,THE TORTURED POETS DEPARTMENT: THE ANTHOLOGY,4/19/2024,75,228800,https://open.spotify.com/track/7Mts0OfPorF4iwOomvfqn1,love,so high school
5UTQAPXF12oiR2Fs1t6iU3,Worth The Chase,"dani perez, leo maneo",Worth The Chase,7/12/2025,28,148959,https://open.spotify.com/track/5UTQAPXF12oiR2Fs1t6iU3,love,worth the chase
1dhMTsEZz6ZEquGvmzVoHn,The Alchemy,Taylor Swift,THE TORTURED POETS DEPARTMENT,4/18/2024,66,196900,https://open.spotify.com/track/1dhMTsEZz6ZEquGvmzVoHn,love,the alchemy
0W0iAC1VGlB82PI6elxFYf,Guilty as Sin?,Taylor Swift,THE TORTURED POETS DEPARTMENT,4/18/2024,74,254365,https://open.spotify.com/track/0W0iAC1VGlB82PI6elxFYf,love,guilty as sin
4rDSQoiV5ofGvzgNagFpBe,Vacío,"FVNTASIA, Za Artica",Vacío,6/7/2025,28,148559,https://open.spotify.com/track/4rDSQoiV5ofGvzgNagFpBe,love,vaco
5og4Qzt92jJzVDkOtSEilb,But Daddy I Love Him,Taylor Swift,THE TORTURED POETS DEPARTMENT,4/18/2024,67,340428,https://open.spotify.com/track/5og4Qzt92jJzVDkOtSEilb,love,but daddy i love him
0cePFVYwqCFrP2obuyMYD2,so american,Olivia Rodrigo,GUTS (spilled),3/22/2024,51,169717,https://open.spotify.com/track/0cePFVYwqCFrP2obuyMYD2,love,so american
78zAMwpBfOnhCfcUDNlapI,Take it back,"dani perez, leo maneo",Take it back,7/12/2025,35,172719,https://open.spotify.com/track/78zAMwpBfOnhCfcUDNlapI,love,take it back
78BHYuPCnUBh9wlbNWTCqC,She Is Love,Oasis,Heathen Chemistry,2/3/2002,43,189373,https://open.spotify.com/track/78BHYuPCnUBh9wlbNWTCqC,love,she is love
12M5uqx0ZuwkpLp5rJim1a,Cornelia Street,Taylor Swift,Lover,8/23/2019,72,287266,https://open.spotify.com/track/12M5uqx0ZuwkpLp5rJim1a,love,cornelia street
5gln5TJhwv711ZC80OSb1Z,Work of Art,"dani perez, leo maneo",Work of Art,7/12/2025,28,210759,https://open.spotify.com/track/5gln5TJhwv711ZC80OSb1Z,love,work of art
1LLXZFeAHK9R4xUramtUKw,London Boy,Taylor Swift,Lover,8/23/2019,71,190240,https://open.spotify.com/track/1LLXZFeAHK9R4xUramtUKw,love,london boy
4bPMSVMlKoJSGJjKjm2kiB,Real Thing,"dani perez, leo maneo",Real Thing,7/12/2025,25,162639,https://open.spotify.com/track/4bPMSVMlKoJSGJjKjm2kiB,love,real thing
3nFJbZCHP4d9vduKjJLdBL,Never Too Much,Luther Vandross,Never Too Much,7/23/1981,72,230466,https://open.spotify.com/track/3nFJbZCHP4d9vduKjJLdBL,love,never too much
3ZHfX6kbiY7JVsB63lLOLu,The Only Exception,Paramore,Brand New Eyes,9/25/2009,68,267653,https://open.spotify.com/track/3ZHfX6kbiY7JVsB63lLOLu,love,the only exception
1to0kI0u46NL3x4NyMXvQQ,More Than This,"dani perez, leo maneo",More Than This,7/12/2025,35,213639,https://open.spotify.com/track/1to0kI0u46NL3x4NyMXvQQ,love,more than this
1CQ2cMfrmFM1YdfmjENKVE,She Looks So Perfect,5 Seconds of Summer,5 Seconds Of Summer,6/27/2014,71,202496,https://open.spotify.com/track/1CQ2cMfrmFM1YdfmjENKVE,love,she looks so perfect
754kgU5rWscRTfvlsuEwFp,Kiss Me,Sixpence None The Richer,Sixpence None The Richer,11/22/1997,84,208680,https://open.spotify.com/track/754kgU5rWscRTfvlsuEwFp,love,kiss me
4wVppgVnzspKQZS6Owu79m,Golden Hour,"dani perez, leo maneo",Golden Hour,7/12/2025,29,167639,https://open.spotify.com/track/4wVppgVnzspKQZS6Owu79m,love,golden hour
1fzAuUVbzlhZ1lJAx9PtY6,Daylight,Taylor Swift,Lover,8/23/2019,80,293453,https://open.spotify.com/track/1fzAuUVbzlhZ1lJAx9PtY6,love,daylight
5XhMgAWzou6EjDmQtoyoZE,I Love You,Fontaines D.C.,Skinty Fia,4/22/2022,73,305800,https://open.spotify.com/track/5XhMgAWzou6EjDmQtoyoZE,love,i love you
7jEO0kXSGKCfD86wrdKFZi,Home With you,"dani perez, leo maneo",Home With you,7/12/2025,36,182279,https://open.spotify.com/track/7jEO0kXSGKCfD86wrdKFZi,love,home with you
27w0RH5IDt6xU3B2j7QOuy,Favourite,Fontaines D.C.,Romance,8/23/2024,70,256066,https://open.spotify.com/track/27w0RH5IDt6xU3B2j7QOuy,love,favourite
040I32EKLxQrkuxQu1pqvT,Saturn,SZA,SOS Deluxe: LANA,12/20/2024,78,186191,https://open.spotify.com/track/040I32EKLxQrkuxQu1pqvT,love,saturn
71As6ou3HRXLVEv01W3up2,Maybe Mars,"dani perez, leo maneo",Maybe Mars,7/12/2025,26,204879,https://open.spotify.com/track/71As6ou3HRXLVEv01W3up2,love,maybe mars
0jcw8cJf3TNMZN0BXlueML,Hell N Back (feat. Summer Walker),"Bakar, Summer Walker",Halo,9/21/2023,70,195147,https://open.spotify.com/track/0jcw8cJf3TNMZN0BXlueML,love,hell n back feat summer walker
42JUC0GrpuQRauGGBlaI2l,Donde Calla El Mar,Luis Miguel Hernandez,La habitación Donde No Estás,10/10/2025,35,208159,https://open.spotify.com/track/42JUC0GrpuQRauGGBlaI2l,love,donde calla el mar
3XgGQ1wjo5khvq2UImjyNF,ALL MINE,Brent Faiyaz,WASTELAND,7/8/2022,76,216062,https://open.spotify.com/track/3XgGQ1wjo5khvq2UImjyNF,love,all mine
4UEWKwZGiTGhv1mPW3cwAM,nights like this,"inanotherlife, deadlove",nights like this,10/13/2025,37,91674,https://open.spotify.com/track/4UEWKwZGiTGhv1mPW3cwAM,love,nights like this
0NcxXCB9jIyQkSPBxryVAq,Easy Touch,All Blues Brothers,Easy Touch,10/16/2025,14,238039,https://open.spotify.com/track/0NcxXCB9jIyQkSPBxryVAq,love,easy touch
4LXiT6MtSIuP3juviF9nGl,Sorry,Blues Couple,Sorry,10/16/2025,13,213239,https://open.spotify.com/track/4LXiT6MtSIuP3juviF9nGl,love,sorry
0wg1LdwEucR6Pl7e6i059W,Lights Out,Homer Applewhite,Lights Out,10/16/2025,15,261399,https://open.spotify.com/track/0wg1LdwEucR6Pl7e6i059W,love,lights out
7B2LJWV30CugJ3682k1MCu,Loving You,Ric Segreto,Segreto,5/3/1982,0,246200,https://open.spotify.com/track/7B2LJWV30CugJ3682k1MCu,love,loving you
17tcPIrHqmEbyBJOFHFozK,Don't Know What To Say (Don't Know What To Do),Ric Segreto,Segreto,5/3/1982,0,165400,https://open.spotify.com/track/17tcPIrHqmEbyBJOFHFozK,love,dont know what to say dont know what to do
1t7AA4xxqEseapeIJCiQ5l,When I Met You,APO Hiking Society,True to My Music,1/1/1982,0,259413,https://open.spotify.com/track/1t7AA4xxqEseapeIJCiQ5l,love,when i met you
7GwHM0FLKjOtktSGYnIP9h,Yakap Sa Dilim,APO Hiking Society,True to My Music,1/1/1982,0,181546,https://open.spotify.com/track/7GwHM0FLKjOtktSGYnIP9h,love,yakap sa dilim
2HaJfrv6acYRZBtvlqOqdf,Kumot At Unan,APO Hiking Society,True to My Music,1/1/1982,0,226626,https://open.spotify.com/track/2HaJfrv6acYRZBtvlqOqdf,love,kumot at unan
3kosmz8zzr4jnuRdnc7xGP,"Ako'y Sa'yo, Ika'y Akin",APO Hiking Society,Apo... Banda Rito,1/1/2001,0,279200,https://open.spotify.com/track/3kosmz8zzr4jnuRdnc7xGP,love,akoy sayo ikay akin
59bwRfN5gprboZBISPo42V,Panalangin,APO Hiking Society,Ten Years Together,1/1/1980,0,212573,https://open.spotify.com/track/59bwRfN5gprboZBISPo42V,love,panalangin
58lmkRQMpm7xNrFWgVx5yj,Ewan,APO Hiking Society,Ten Years Together,1/1/1980,0,175986,https://open.spotify.com/track/58lmkRQMpm7xNrFWgVx5yj,love,ewan
7Ed0NEZbdA2PBrp2QgD8cW,O Giliw Ko,APO Hiking Society,Ten Years Together,1/1/1980,0,245533,https://open.spotify.com/track/7Ed0NEZbdA2PBrp2QgD8cW,love,o giliw ko
5plPOZ4HhPp7HcW2XHZFWb,Pumapatak Ang Ulan Mahirap Magmahal Ng Syota Ng Iba Medley,APO Hiking Society,"Boboy, Jim, & Danny... Final Edition",8/10/2008,42,229386,https://open.spotify.com/track/5plPOZ4HhPp7HcW2XHZFWb,love,pumapatak ang ulan mahirap magmahal ng syota ng iba medley
4pqQYwHXJShNs8MyqnMdof,Harana,Noel Cabangon,Acoustic Noel,1/1/2014,0,210813,https://open.spotify.com/track/4pqQYwHXJShNs8MyqnMdof,love,harana
4Djv8IQISAX8zDosmEUjXD,Ikaw Lang Ang Aking Mahal,Noel Cabangon,Tuloy Ang Byahe,1/1/2009,0,251813,https://open.spotify.com/track/4Djv8IQISAX8zDosmEUjXD,love,ikaw lang ang aking mahal
44Dtm1oA3k7BlgdyQVbs4i,Tuwing Umuulan At Kapiling Ka,Noel Cabangon,Tuloy Ang Byahe,1/1/2009,0,306586,https://open.spotify.com/track/44Dtm1oA3k7BlgdyQVbs4i,love,tuwing umuulan at kapiling ka
5ktg42pkqIJHcGyIx3oMKc,Kahit Maputi Na Ang Buhok Ko,Noel Cabangon,Byahe,1/1/2009,0,199933,https://open.spotify.com/track/5ktg42pkqIJHcGyIx3oMKc,love,kahit maputi na ang buhok ko
0d85mvbgpwcBkAyAioZ37T,Di Na Natuto,Noel Cabangon,Byahe Collection,1/1/2015,0,280626,https://open.spotify.com/track/0d85mvbgpwcBkAyAioZ37T,love,di na natuto
4PeK7sKaNy5W7jdpPDy0MY,Ipagpatawad Mo,Noel Cabangon,Byahe Collection,1/1/2015,0,335173,https://open.spotify.com/track/4PeK7sKaNy5W7jdpPDy0MY,love,ipagpatawad mo
0Siv6s1uM9Z8WPZC7224nJ,Panunumpa,Noel Cabangon,Sa'Yo Lamang: Papuri At Inspirasyon,1/11/2016,0,241600,https://open.spotify.com/track/0Siv6s1uM9Z8WPZC7224nJ,love,panunumpa
6Av1EmJlQ0G9Bf4rkVV48O,I Will Always Stay This Way In Love With You,Noel Cabangon,Byahe Pa Rin,8/11/2017,0,290453,https://open.spotify.com/track/6Av1EmJlQ0G9Bf4rkVV48O,love,i will always stay this way in love with you
6ItzSJGRHEhM9C5HbJ6m3Z,Kahit Kailan,"Nyoy Volante, Mannos",Umagang Kay Ganda,2008,42,315720,https://open.spotify.com/track/6ItzSJGRHEhM9C5HbJ6m3Z,love,kahit kailan
4S3MfmuVCrLXKNModVgQqS,Naaalala Ka,Nyoy Volante with Mannos,Umagang Kay Ganda,2/22/2008,0,222280,https://open.spotify.com/track/4S3MfmuVCrLXKNModVgQqS,love,naaalala ka
5KUZMtM60CwoQFjdkfjvY2,Binibini,Nyoy Volante with Mannos,Umagang Kay Ganda,2/22/2008,0,264866,https://open.spotify.com/track/5KUZMtM60CwoQFjdkfjvY2,love,binibini
15d3SDWiiR99O0MMmHnICo,Each Day With You,Nyoy Volante with Mannos,Umagang Kay Ganda,2/22/2008,0,257573,https://open.spotify.com/track/15d3SDWiiR99O0MMmHnICo,love,each day with you
23kb0nomnO71oLqw7Okj3T,Magkasuyo Buong Gabi,"Nyoy Volante, Sabrina",Tuloy Pa Rin,1/1/2012,37,235226,https://open.spotify.com/track/23kb0nomnO71oLqw7Okj3T,love,magkasuyo buong gabi
7czG9HV8a9oTjzoXqfos8Q,Sana Dalawa Ang Puso Ko,Nyoy Volante,Tuloy Pa Rin,1/1/2012,36,287546,https://open.spotify.com/track/7czG9HV8a9oTjzoXqfos8Q,love,sana dalawa ang puso ko
2pAFgfaNVioQGhC0jhtcsG,Ipagpatawad Mo,Nyoy Volante,Tuloy Pa Rin,1/1/2012,41,239333,https://open.spotify.com/track/2pAFgfaNVioQGhC0jhtcsG,love,ipagpatawad mo
7JIGvuVUQEzaWdDQglFP0S,Bukas Na Lang Kita Mamahalin,Nyoy Volante,Tuloy Pa Rin,1/1/2012,36,254986,https://open.spotify.com/track/7JIGvuVUQEzaWdDQglFP0S,love,bukas na lang kita mamahalin
38yZBKFHK1OgXg7VXu7olm,Basta't Kasama Kita,Nyoy Volante,Tuloy Pa Rin,1/1/2012,40,255040,https://open.spotify.com/track/38yZBKFHK1OgXg7VXu7olm,love,bastat kasama kita
5iiywmGbNU62D0QAKN9tdu,Nandito Ako,Nyoy Volante,Tuloy Pa Rin,1/1/2012,35,270586,https://open.spotify.com/track/5iiywmGbNU62D0QAKN9tdu,love,nandito ako
3qzmMmQOsKTc0MNvuyb9GO,Nais ko,Side A,Titanium,1/1/2003,0,295549,https://open.spotify.com/track/3qzmMmQOsKTc0MNvuyb9GO,love,nais ko
73Xl7Ea8ADUTcDhlQYNKb7,Sa Aking Puso,Rich Patawaran,Sa Aking Puso,10/23/2019,45,244396,https://open.spotify.com/track/73Xl7Ea8ADUTcDhlQYNKb7,love,sa aking puso
5uvk8F9cY8aq7W47OjYZsZ,Naalala Ka,Mark Carpio,Naalala Ka,2/9/2018,0,222976,https://open.spotify.com/track/5uvk8F9cY8aq7W47OjYZsZ,love,naalala ka
7mAZcZJ67Lj8UZ61VXFASH,Bakit Labis Kitang Mahal,Mark Carpio,Bakit Labis Kitang Mahal,3/23/2018,0,217067,https://open.spotify.com/track/7mAZcZJ67Lj8UZ61VXFASH,love,bakit labis kitang mahal
665y7mYxsxRDRbteEp6BoL,Through The Years,Mark Carpio,Through The Years,1/22/2021,0,276613,https://open.spotify.com/track/665y7mYxsxRDRbteEp6BoL,love,through the years
1ER60P43ftVOLaMRvBfpnt,Don't Know What To Do (Don't Know What To Say),Mark Carpio,Don't Know What To Do (Don't Know What To Say),10/11/2017,0,167086,https://open.spotify.com/track/1ER60P43ftVOLaMRvBfpnt,love,dont know what to do dont know what to say
1m5e0B9zrfwxpddyn5EAcu,Please Be Careful With My Heart,"Christian Bautista, Sarah Geronimo",Romance Revisited,1/1/2009,49,214786,https://open.spotify.com/track/1m5e0B9zrfwxpddyn5EAcu,love,please be careful with my heart
1nNHsmKqNjDWwxLD1oR9Jj,Beautiful Girl,Christian Bautista,Romance Revisited,1/1/2009,45,207573,https://open.spotify.com/track/1nNHsmKqNjDWwxLD1oR9Jj,love,beautiful girl
0PZ2kZheHGRPCzf7FqYZBt,When I Met You,Martin Nievera,Awit Ng Puso,1/1/2006,0,297325,https://open.spotify.com/track/0PZ2kZheHGRPCzf7FqYZBt,love,when i met you
7jp4BQlkzvVyDHRr1eE8Fa,I Think I'm in Love,Martin Nievera,Awit Ng Puso,1/1/2006,0,200176,https://open.spotify.com/track/7jp4BQlkzvVyDHRr1eE8Fa,love,i think im in love
61KnrdJsgtAKAexW3lKUDF,Closer You and I,Piolo Pascual,Renditions..Piolo Sings Louie O.,1/1/2005,0,235810,https://open.spotify.com/track/61KnrdJsgtAKAexW3lKUDF,love,closer you and i
2Cu1svdS65XkKML81zD8a3,Getting To Know Each Other,Ariel Rivera,Greatest Hits,2000,52,197306,https://open.spotify.com/track/2Cu1svdS65XkKML81zD8a3,love,getting to know each other
034zHn5tOZLlwDxv0zy3rj,A Smile In Your Heart,Ariel Rivera,Greatest Hits,2000,57,229120,https://open.spotify.com/track/034zHn5tOZLlwDxv0zy3rj,love,a smile in your heart
5UZ0AyDwJBF2Ql2E8sBPk7,Can We Just Stop and Talk a While,"Gary Valenciano, Kyla",Acoustic Lokal 2,5/13/2004,0,219306,https://open.spotify.com/track/5UZ0AyDwJBF2Ql2E8sBPk7,love,can we just stop and talk a while
2NAuP1WHOrbY34f0YeOwyO,Perfect,Gino Padilla,Let Me Be The One,11/17/2009,0,278773,https://open.spotify.com/track/2NAuP1WHOrbY34f0YeOwyO,love,perfect
3Nt7SjPO6bW4vBHm5FNuz6,I've Fallen For You,Gino Padilla,Let Me Be The One,11/17/2009,0,218213,https://open.spotify.com/track/3Nt7SjPO6bW4vBHm5FNuz6,love,ive fallen for you
4vKYxnuBfEPPFpdi9N16dC,So Slow,Gino Padilla,Let Me Be The One,11/17/2009,0,282160,https://open.spotify.com/track/4vKYxnuBfEPPFpdi9N16dC,love,so slow
37TqPH922j9xJcIORQmbk1,Why Can't It Be,Gino Padilla,Let Me Be The One,11/17/2009,0,236760,https://open.spotify.com/track/37TqPH922j9xJcIORQmbk1,love,why cant it be
2idoyY41uz1TA037MIF7WL,Even If,Gino Padilla,Let Me Be The One,11/17/2009,0,208746,https://open.spotify.com/track/2idoyY41uz1TA037MIF7WL,love,even if
5mZrVJcrj54kkOK2mfyeSS,To Love Again,Gino Padilla,Let Me Be The One,11/17/2009,0,282613,https://open.spotify.com/track/5mZrVJcrj54kkOK2mfyeSS,love,to love again
4zVjP8YBvZxRFiaBzqCrGp,Let Me Be The One,Gino Padilla,Let Me Be The One,11/17/2009,0,280413,https://open.spotify.com/track/4zVjP8YBvZxRFiaBzqCrGp,love,let me be the one
0AcxvjJfRCh44eBzn7BwJo,Now That I Have You,Gino Padilla,Let Me Be The One,11/17/2009,0,268466,https://open.spotify.com/track/0AcxvjJfRCh44eBzn7BwJo,love,now that i have you
5bEnGeAjedqNdMGux3WlDv,You,Basil Valdez,SCE: Ngayon at Kailanman,2/4/2009,0,246840,https://open.spotify.com/track/5bEnGeAjedqNdMGux3WlDv,love,you
4EHJEhSQksjENo5vmEhQe0,Be My Lady,Marco Sison,Mahal,11/15/1994,0,212000,https://open.spotify.com/track/4EHJEhSQksjENo5vmEhQe0,love,be my lady
0rWH6b5ysnCY1Hvk7Wu8dH,Till My Heart Aches End,Marco Sison,Marco for All Seasons,1/1/2003,0,244506,https://open.spotify.com/track/0rWH6b5ysnCY1Hvk7Wu8dH,love,till my heart aches end
1KE0IQrweh5tqRQjJB03qn,Looking Through the Eyes of Love,Marco Sison,Memories,2002,43,264626,https://open.spotify.com/track/1KE0IQrweh5tqRQjJB03qn,love,looking through the eyes of love
0ICzV5Wqtma8XoA2N8fA4g,'Til I Met You,Marco Sison,Hindi Ko Akalain,7/2/2011,37,213693,https://open.spotify.com/track/0ICzV5Wqtma8XoA2N8fA4g,love,til i met you
0isBdHxImW7KVnw2PeXP9s,Friend of Mine,Marco Sison,Hindi Ko Akalain,7/2/2011,35,214426,https://open.spotify.com/track/0isBdHxImW7KVnw2PeXP9s,love,friend of mine
2LMGtp3Si59ub831abwXKa,A Very Special Love,Marco Sison,Memories,1/6/2002,0,278466,https://open.spotify.com/track/2LMGtp3Si59ub831abwXKa,love,a very special love
2hdTVY48OUDexiEGYjpsdo,Maybe This Time,Nonoy Zuniga,Impressions,4/20/2001,34,197613,https://open.spotify.com/track/2hdTVY48OUDexiEGYjpsdo,love,maybe this time
7K4LZBdHS6wEfImFLRkV3S,Make It with You,Martin Nievera,More Souvenirs,1/1/2001,0,263288,https://open.spotify.com/track/7K4LZBdHS6wEfImFLRkV3S,love,make it with you
6YZjXJJZj1xUGoxqGg4EhA,Forevermore,Martin Nievera,Best Wishes: A Wedding Love Song Collection,2004,0,310160,https://open.spotify.com/track/6YZjXJJZj1xUGoxqGg4EhA,love,forevermore
5ONZUcFHtslSBavtrUJ8p3,Tell Me,"Side A, Jun Reyes",The Platinum Collection,9/23/1994,61,240666,https://open.spotify.com/track/5ONZUcFHtslSBavtrUJ8p3,love,tell me
4eSiBXcRssyyfNoRsghk8b,You,Martin Nievera,Journeys,1/1/1997,0,263746,https://open.spotify.com/track/4eSiBXcRssyyfNoRsghk8b,love,you
1JedZKgDBkWPmFXTYsLmOt,Somewhere Down the Road,Martin Nievera,When Love Is Gone,1/1/2005,0,254876,https://open.spotify.com/track/1JedZKgDBkWPmFXTYsLmOt,love,somewhere down the road
6jBEA4Zo4lxnn7cx7L1aVJ,Just Once,Martin Nievera,Forever Forever,1/1/2010,0,266318,https://open.spotify.com/track/6jBEA4Zo4lxnn7cx7L1aVJ,love,just once
5kuUuFQQtCVmMUAHYpeWbo,It Might Be You,Martin Nievera,Forever,1/1/2010,0,283742,https://open.spotify.com/track/5kuUuFQQtCVmMUAHYpeWbo,love,it might be you
1fsiJxdOVHBLtvjkESWng7,I'll Always Love You,Martin Nievera,For Always,1/1/2009,0,259645,https://open.spotify.com/track/1fsiJxdOVHBLtvjkESWng7,love,ill always love you
3YSKVsAoXcS4ARbczgwlom,Maybe This Time,Martin Nievera,For Always,1/1/2009,0,211475,https://open.spotify.com/track/3YSKVsAoXcS4ARbczgwlom,love,maybe this time
3QjPaDzLt7FjjQnc1ZwEEa,Come What May,Martin Nievera,For Always,1/1/2009,0,248934,https://open.spotify.com/track/3QjPaDzLt7FjjQnc1ZwEEa,love,come what may
3r6f6Zx712WIBsTq6a33gg,The Last Time,Martin Nievera,For Always,2009,23,232733,https://open.spotify.com/track/3r6f6Zx712WIBsTq6a33gg,love,the last time
10FCCqkAQNlj0gWTkl4j5w,She,Martin Nievera,Unforgettable,1/1/2004,0,177281,https://open.spotify.com/track/10FCCqkAQNlj0gWTkl4j5w,love,she
59EpJK5LvP520DcxQFedsf,Maalaala Mo Kaya,Martin Nievera,Kahapon... Ngayon,5/11/2016,0,204800,https://open.spotify.com/track/59EpJK5LvP520DcxQFedsf,love,maalaala mo kaya
1XT5lm1QWmLK6j88cDLyZq,Gaano Ko Ikaw Kamahal,Martin Nievera,Kahapon... Ngayon,5/11/2016,0,226133,https://open.spotify.com/track/1XT5lm1QWmLK6j88cDLyZq,love,gaano ko ikaw kamahal
0K4YNNvNpu7PSBMYN5ouBR,Sana'y Maghintay Ang Walang Hanggang,Martin Nievera,Awit Ng Puso,1/1/2006,0,286667,https://open.spotify.com/track/0K4YNNvNpu7PSBMYN5ouBR,love,sanay maghintay ang walang hanggang
34u1TM1vh7SUSi8QWC3Qnn,Kahit Na,Martin Nievera,Awit Ng Puso,1/1/2006,0,300303,https://open.spotify.com/track/34u1TM1vh7SUSi8QWC3Qnn,love,kahit na
6CT05RC01gkCz9OmjRFF57,Kailangan Kita,Martin Nievera,Awit Ng Puso,1/1/2006,0,270576,https://open.spotify.com/track/6CT05RC01gkCz9OmjRFF57,love,kailangan kita
45DUb20aFLSwWD3c5h34AM,Maging Sino Ka Man,"REY VALERA, ABS-CBN Philharmonic Orchestra, Martin Nievera",Decades of OPM,1/1/2014,0,243586,https://open.spotify.com/track/45DUb20aFLSwWD3c5h34AM,love,maging sino ka man
3Yw8zd1zNWUqUXoE2VRzOn,Ikaw,Martin Nievera,Ikaw Ang Pangarap,1/1/2008,0,248520,https://open.spotify.com/track/3Yw8zd1zNWUqUXoE2VRzOn,love,ikaw
75AQ6lp1JKMyqJG2jeuQna,Sana Maulit Muli,Gary Valenciano,With Love,1/1/2011,0,303755,https://open.spotify.com/track/75AQ6lp1JKMyqJG2jeuQna,love,sana maulit muli
1cN8bugcIxDL4lBugF7ZjE,Ngayon At Kailanman,Ariel Rivera,Ina Kapatid Anak (Original Motion Picture Soundtrack),11/14/2012,0,320342,https://open.spotify.com/track/1cN8bugcIxDL4lBugF7ZjE,love,ngayon at kailanman
32jNAh25hmUaVdlVtCXdo0,Nandito Ako,Noel Cabangon,Acoustic Noel,1/1/2014,34,307266,https://open.spotify.com/track/32jNAh25hmUaVdlVtCXdo0,love,nandito ako
56Ho7ceJTbezYCWuZucGO4,Hanggang,Wency Cornejo,Wency Cornejo Silver Series,10/27/2006,0,239600,https://open.spotify.com/track/56Ho7ceJTbezYCWuZucGO4,love,hanggang
5wIbM2VeIvOv1RRNHystgG,Ikaw Lamang,Ogie Alcasid,A Better Man,3/13/2002,0,274026,https://open.spotify.com/track/5wIbM2VeIvOv1RRNHystgG,love,ikaw lamang
7t4voZXXvYTgynftx6mFWw,Handog,Ogie Alcasid,Koleksyon Classic Opm Hits,1/1/2013,0,243160,https://open.spotify.com/track/7t4voZXXvYTgynftx6mFWw,love,handog
3fYNG5xyowcxDxMLY0RRcD,Ngayon At Kailanman,Ogie Alcasid,Koleksyon Classic Opm Hits,1/1/2013,0,277200,https://open.spotify.com/track/3fYNG5xyowcxDxMLY0RRcD,love,ngayon at kailanman
6LojCrquTR5uD9gDGwl4Y3,Ikaw Lang Ang Mamahalin,Ogie Alcasid,The Great Filipino Songbook,1/1/2008,0,217000,https://open.spotify.com/track/6LojCrquTR5uD9gDGwl4Y3,love,ikaw lang ang mamahalin
7rZVlsD9LhIprtkUA8yIIK,Bato Sa Buhangin,Ogie Alcasid,The Great Filipino Songbook,1/1/2008,0,177320,https://open.spotify.com/track/7rZVlsD9LhIprtkUA8yIIK,love,bato sa buhangin
1DhHkQ8jz1uMLAvptFkgHn,Dahil Mahal Kita,Ogie Alcasid,The Story of Ogie Alcasid: The Ultimate OPM Collection,1/1/2001,0,246256,https://open.spotify.com/track/1DhHkQ8jz1uMLAvptFkgHn,love,dahil mahal kita
1RfHZX6gSruQIOYMOuztMt,Tulog,"Chad Borja, Yutaka Yokokura",Show Me The Way,8/29/2000,31,272626,https://open.spotify.com/track/1RfHZX6gSruQIOYMOuztMt,love,tulog
1Tsf8LwPvFOEZAcJuZAhsf,Yakap,Chad Borja,"Ikaw Lang, Sa Habang Buhay",5/10/2013,0,246826,https://open.spotify.com/track/1Tsf8LwPvFOEZAcJuZAhsf,love,yakap
0he77N7uBMsTqOPGkq4E0P,Araw- Gabi,Nonoy Zuniga,Nonoy Zuñiga Collection Kumusta Ka,11/20/2008,0,264733,https://open.spotify.com/track/0he77N7uBMsTqOPGkq4E0P,love,araw gabi
7FIDPZy0YOnohh2d2z63h6,Ikaw Ang Miss Universe Ng Buhay Ko,Hotdog,Unang Kagat,2005,45,222066,https://open.spotify.com/track/7FIDPZy0YOnohh2d2z63h6,love,ikaw ang miss universe ng buhay ko
45zZ9TJwjjE8eSrrna1j7q,Nandito Ako,Ogie Alcasid,Ogie Alcasid,1/6/1990,66,248813,https://open.spotify.com/track/45zZ9TJwjjE8eSrrna1j7q,love,nandito ako
3zwZ6aMGvhpDQ8EMIjr6E0,Magkasuyo Buong Gabi,"RICO J PUNO, Elisa",OPM Back to Back Hits of Anthony Castelo & Rico J. Puno,3/2/2012,0,228600,https://open.spotify.com/track/3zwZ6aMGvhpDQ8EMIjr6E0,love,magkasuyo buong gabi
3daOwyqLApvUJCYQCjdRw8,Sana Dalawa Ang Puso Ko,RICO J PUNO,Rico J Walang Kupas All Hits,7/18/2008,0,314373,https://open.spotify.com/track/3daOwyqLApvUJCYQCjdRw8,love,sana dalawa ang puso ko
79PlBxg7GTXQMw6v6JAhm9,"Sorry Na, Puede Ba",RICO J PUNO,SCE: The Way We Were,7/3/2008,0,221000,https://open.spotify.com/track/79PlBxg7GTXQMw6v6JAhm9,love,sorry na puede ba
36cAv5b4AiVk0baAt5ukSu,Maging Sino Ka Man,"RICO J PUNO, Marco Sison, REY VALERA",Once Again...,2008,0,210440,https://open.spotify.com/track/36cAv5b4AiVk0baAt5ukSu,love,maging sino ka man
0mzidm980e5EU5oZTfDKIT,Dahil Mahal Kita,Boyfriends,Best of OPM Classic Love Songs,1/1/2006,51,192786,https://open.spotify.com/track/0mzidm980e5EU5oZTfDKIT,love,dahil mahal kita
6a14ZLtkyJIp1ophsxl2rY,Nais Kong Malaman Mo,Boyfriends,Akustik,1/1/2004,0,218533,https://open.spotify.com/track/6a14ZLtkyJIp1ophsxl2rY,love,nais kong malaman mo
0LE8Nk8Csk1YLPgqNHW4uJ,Umagang Kay Ganda,"Tillie Moreno, Ray-An Fuentes",I Love You Too…,6/7/2010,0,225533,https://open.spotify.com/track/0LE8Nk8Csk1YLPgqNHW4uJ,love,umagang kay ganda
2CFPobAShozN6dCxMsMGbu,Kumusta Ka,Blue Ketchup,Kwento Pop,6/26/2007,0,250840,https://open.spotify.com/track/2CFPobAShozN6dCxMsMGbu,love,kumusta ka
5vMyeAfJLxBazfjDxhW3p6,Kasama Kang Tumanda,Ogie Alcasid,Musika Ng Buhay Ko,1/1/2007,0,197355,https://open.spotify.com/track/5vMyeAfJLxBazfjDxhW3p6,love,kasama kang tumanda
3ykq419xF5kGXLfaMxhcPO,Akin Ka Na Lang,The Company,Lighthearted OPM,9/6/2012,0,198480,https://open.spotify.com/track/3ykq419xF5kGXLfaMxhcPO,love,akin ka na lang
66JcnAQAVknSogu9ezxQE4,Kanlungan,The Company,Lighthearted OPM,9/6/2012,0,262853,https://open.spotify.com/track/66JcnAQAVknSogu9ezxQE4,love,kanlungan
1malcu3jthJNeIvXTI28lc,Hanggang Sa Dulo Ng Walang Hanggan,The Company,Lighthearted OPM,9/6/2012,0,191386,https://open.spotify.com/track/1malcu3jthJNeIvXTI28lc,love,hanggang sa dulo ng walang hanggan
2RkZ5LkEzeHGRsmDqKwmaJ,Ordinary,Alex Warren,"You'll Be Alright, Kid (Chapter 1)",9/26/2024,91,186964,https://open.spotify.com/track/2RkZ5LkEzeHGRsmDqKwmaJ,love,ordinary
0UYnhUfnUj5adChuAXvLUB,Sailor Song,Gigi Perez,Sailor Song,7/26/2024,4,211978,https://open.spotify.com/track/0UYnhUfnUj5adChuAXvLUB,love,sailor song
3HMY0r2BAdpasXMY8rseR0,Too Sweet,Hozier,Unheard,3/22/2024,75,251424,https://open.spotify.com/track/3HMY0r2BAdpasXMY8rseR0,love,too sweet
7rcbwjIaZ5jEgyFk35Bqfj,DAISIES,Justin Bieber,SWAG,7/11/2025,74,176453,https://open.spotify.com/track/7rcbwjIaZ5jEgyFk35Bqfj,love,daisies
2mWfVxEo4xZYDaz0v7hYrN,Juna,Clairo,Charm,7/12/2024,80,195109,https://open.spotify.com/track/2mWfVxEo4xZYDaz0v7hYrN,love,juna
51rfRCiUSvxXlCSCfIztBy,"I Love You, I'm Sorry",Gracie Abrams,The Secret of Us,6/21/2024,86,157146,https://open.spotify.com/track/51rfRCiUSvxXlCSCfIztBy,love,i love you im sorry
4BqIT4j2xzROrC9dMlgXPT,You Love Me,Kimya Dawson,Hidden Vagenda,10/5/2004,69,159106,https://open.spotify.com/track/4BqIT4j2xzROrC9dMlgXPT,love,you love me
7ETIZFr7163zFcz3RxKk5O,The First Time,Damiano David,FUNNY little FEARS,5/16/2025,68,218266,https://open.spotify.com/track/7ETIZFr7163zFcz3RxKk5O,love,the first time
6XolXnd1meZ5clHVnBOdiz,Fiction,Xander Ward,Fiction,5/30/2025,39,173181,https://open.spotify.com/track/6XolXnd1meZ5clHVnBOdiz,love,fiction
0WIv5qV41y6YjjB9V1biuC,Made For Me,Muni Long,Made For Me,9/15/2023,69,188000,https://open.spotify.com/track/0WIv5qV41y6YjjB9V1biuC,love,made for me
1F6IbA7di42uPc3cff8PXV,Flaming Hot Cheetos,Clairo,Flaming Hot Cheetos,6/14/2017,36,123884,https://open.spotify.com/track/1F6IbA7di42uPc3cff8PXV,love,flaming hot cheetos
1l8hiBc2F0CQz0CApolqxO,I Can't Relate,Sleepy Soul,indiemono | hope fields (VOL.8),5/15/2025,31,212013,https://open.spotify.com/track/1l8hiBc2F0CQz0CApolqxO,love,i cant relate
3qeFjtPJ1lIRKDTB5DZWpt,did i tell u that i miss u,adore,did i tell u that i miss u,5/30/2024,71,115921,https://open.spotify.com/track/3qeFjtPJ1lIRKDTB5DZWpt,love,did i tell u that i miss u
2J051fjLklkoPbzOoTAACZ,"Sally, When The Wine Runs Out",ROLE MODEL,Kansas Anymore (The Longest Goodbye),2/14/2025,82,218660,https://open.spotify.com/track/2J051fjLklkoPbzOoTAACZ,love,sally when the wine runs out
5m1q8rL1rYuL39qV2Bf3bz,scraps,Sebastian Falk,indiemono LIMINAL HARVEST | Indie / Alternative VOL. 04,11/1/2024,33,195062,https://open.spotify.com/track/5m1q8rL1rYuL39qV2Bf3bz,love,scraps
6vFsBXYczYsP0H3lgunZOm,Cloud 9,Beach Bunny,Honeymoon,2/14/2020,2,147350,https://open.spotify.com/track/6vFsBXYczYsP0H3lgunZOm,love,cloud 9
6wHpLMmp98aHcV8L1JFrj8,Eternity,Alex Warren,"You'll Be Alright, Kid",7/18/2025,87,189553,https://open.spotify.com/track/6wHpLMmp98aHcV8L1JFrj8,love,eternity
21acb66djKRlDPJOXRBCkc,Take A Chance With Me,NIKI,Nicole,8/11/2022,76,303933,https://open.spotify.com/track/21acb66djKRlDPJOXRBCkc,love,take a chance with me
53MUrTMbt8afqsrEfbZfr4,That's So True,Valentin,That's So True,7/18/2025,37,176470,https://open.spotify.com/track/53MUrTMbt8afqsrEfbZfr4,love,thats so true
72sfmdpuO5r8cBDgs7MqZZ,UNDERSTAND,keshi,GABRIEL,3/25/2022,75,150519,https://open.spotify.com/track/72sfmdpuO5r8cBDgs7MqZZ,love,understand
0YMe6PHRbeDcN7KJdCG0bW,The Dress,Dijon,Absolutely,11/5/2021,78,184767,https://open.spotify.com/track/0YMe6PHRbeDcN7KJdCG0bW,love,the dress
4I7EYM5SGY78Hu9nDJwnbY,Tigre Blanco (Byakko),Sandra Iris,Tigre Blanco (Byakko),5/24/2024,41,158168,https://open.spotify.com/track/4I7EYM5SGY78Hu9nDJwnbY,love,tigre blanco byakko
2aL4lMGhWdPpyPL6COPou7,Soft Spot,keshi,Requiem,9/13/2024,75,204223,https://open.spotify.com/track/2aL4lMGhWdPpyPL6COPou7,love,soft spot
6oCXDaFZYL7sHnowv6pdXb,Spring Into Summer,Lizzy McAlpine,Older (and Wiser),10/4/2024,78,262518,https://open.spotify.com/track/6oCXDaFZYL7sHnowv6pdXb,love,spring into summer
1Mza2sr6tPhy6jjI3HB9fW,Hold Me Down,Daniel Caesar,Freudian,8/25/2017,9,231267,https://open.spotify.com/track/1Mza2sr6tPhy6jjI3HB9fW,love,hold me down
0Nti9y7C4AkkFf88d4dN9P,I Just Can't Help Feeling Curious,Skinny Dippers,I Just Can't Help Feeling Curious,7/2/2025,17,195967,https://open.spotify.com/track/0Nti9y7C4AkkFf88d4dN9P,love,i just cant help feeling curious
4SqWKzw0CbA05TGszDgMlc,I Love You So,The Walters,I Love You So,11/28/2014,87,160239,https://open.spotify.com/track/4SqWKzw0CbA05TGszDgMlc,love,i love you so
1lpLrlyweOShEKXT1bpcDd,Looking Out for You,Joy Again,Looking Out for You,11/6/2015,0,179499,https://open.spotify.com/track/1lpLrlyweOShEKXT1bpcDd,love,looking out for you
5rXQa65rj3megGYVwEerro,willow tree,The Artist Ren,indiemono | lost postcards (VOL.9),8/1/2025,19,180272,https://open.spotify.com/track/5rXQa65rj3megGYVwEerro,love,willow tree
5rurggqwwudn9clMdcchxT,"Calling (Spider-Man: Across the Spider-Verse) (Metro Boomin & Swae Lee, NAV, feat. A Boogie Wit da Hoodie)","Metro Boomin, Swae Lee, NAV, A Boogie Wit da Hoodie",METRO BOOMIN PRESENTS SPIDER-MAN: ACROSS THE SPIDER-VERSE (SOUNDTRACK FROM AND INSPIRED BY THE MOTION PICTURE),6/2/2023,70,219453,https://open.spotify.com/track/5rurggqwwudn9clMdcchxT,love,calling spiderman across the spiderverse metro boomin swae lee nav feat a boogie wit da hoodie
7qshYIOUFQAGgYfWXg1m9N,Velvet Ring,Big Thief,Masterpiece,5/27/2016,68,155938,https://open.spotify.com/track/7qshYIOUFQAGgYfWXg1m9N,love,velvet ring
6JVOeKaRMwFjgiH3IbZhW1,Make You Mine,Valentin,Make You Mine,5/24/2024,44,206829,https://open.spotify.com/track/6JVOeKaRMwFjgiH3IbZhW1,love,make you mine
2S2od3hT7ceytw7d1pTRuE,Again (feat. XXXTENTACION),"Noah Cyrus, XXXTENTACION",Again (feat. XXXTENTACION),9/22/2017,84,193961,https://open.spotify.com/track/2S2od3hT7ceytw7d1pTRuE,love,again feat xxxtentacion
7fyG2MquxykO3Ufiku1Dj2,Treehouse,"Alex G, Emily Yacina",Treehouse,1/17/2011,78,158801,https://open.spotify.com/track/7fyG2MquxykO3Ufiku1Dj2,love,treehouse
5YABYtKx9qa56vBjlXDbmw,Snooze (Acoustic) (feat. Justin Bieber),"SZA, Justin Bieber",Snooze (Acoustic) (feat. Justin Bieber),9/15/2023,68,190464,https://open.spotify.com/track/5YABYtKx9qa56vBjlXDbmw,love,snooze acoustic feat justin bieber
1I08zQMc1sHy2xwd8itedV,Soh-Soh,Odeal,Sunday At Zuri's,7/5/2024,0,184552,https://open.spotify.com/track/1I08zQMc1sHy2xwd8itedV,love,sohsoh
6ezlyxouJ9WcHU8WdtHlgk,I Think They Call This Love,Elliot James Reay,I Think They Call This Love,7/17/2024,2,193573,https://open.spotify.com/track/6ezlyxouJ9WcHU8WdtHlgk,love,i think they call this love
2exbololsmP1XM2gmBEvAW,Misty,Lesley Gore,I'll Cry If I Want To,6/1/1963,64,138000,https://open.spotify.com/track/2exbololsmP1XM2gmBEvAW,love,misty
2Lumsra3kuU61wXkEKzKaK,Disco,Surf Curse,Disco,6/12/2019,77,152760,https://open.spotify.com/track/2Lumsra3kuU61wXkEKzKaK,love,disco
0xaFw2zDYf1rIJWl2dXiSF,Open Arms (feat. Travis Scott),"SZA, Travis Scott",SOS,12/9/2022,74,239613,https://open.spotify.com/track/0xaFw2zDYf1rIJWl2dXiSF,love,open arms feat travis scott
7H7SIkUTvK6LTuadr2qmzl,Casual,Valentin,Casual,6/27/2025,35,226000,https://open.spotify.com/track/7H7SIkUTvK6LTuadr2qmzl,love,casual
5HKv1sFHbXgmXBih203HxT,I Don't Wanna Be Okay Without You,Charlie Burg,Live in Peter's Attic,12/20/2016,0,243796,https://open.spotify.com/track/5HKv1sFHbXgmXBih203HxT,love,i dont wanna be okay without you
47uY2r2IzVg8moQyAwmm83,LOVE LOOKS PRETTY ON YOU,Nessa Barrett,AFTERCARE DELUXE,2/7/2025,62,192946,https://open.spotify.com/track/47uY2r2IzVg8moQyAwmm83,love,love looks pretty on you
0Mq1lxttEoA1fW8Y5y7yGc,Favorite Song,sped upped,Favorite Song,7/14/2023,37,199655,https://open.spotify.com/track/0Mq1lxttEoA1fW8Y5y7yGc,love,favorite song
6Dk5fHTvH897XrVzCO64Mx,What You Won't Do for Love,Bobby Caldwell,What You Won't Do for Love,1978,72,286493,https://open.spotify.com/track/6Dk5fHTvH897XrVzCO64Mx,love,what you wont do for love
4k9rEprQJLZgiGOSq5PpFL,LONDON,Chelan,indiemono GOLDEN BAY | Indie / Alternative VOL. 02,8/1/2024,33,187079,https://open.spotify.com/track/4k9rEprQJLZgiGOSq5PpFL,love,london
2tr3OPvMejWh2kK7b1C9vP,Fragile,kikomori,Fragile,2/2/2024,26,178562,https://open.spotify.com/track/2tr3OPvMejWh2kK7b1C9vP,love,fragile
1Ukxccao1BlWrPhYkcXbwZ,From The Start,Laufey,From The Start,5/11/2023,75,169573,https://open.spotify.com/track/1Ukxccao1BlWrPhYkcXbwZ,love,from the start
5rwQGBi5mdmU7dqNM7x9Oo,Love You So,The King Khan & BBQ Show,Love You So,11/20/2007,48,225880,https://open.spotify.com/track/5rwQGBi5mdmU7dqNM7x9Oo,love,love you so
7cYonhoxaE1hIoIe1a6Olt,Bluffing,Ariel Bold,indiemono | brains in bloom (VOL.7),3/14/2025,9,186226,https://open.spotify.com/track/7cYonhoxaE1hIoIe1a6Olt,love,bluffing
73RbfOTJIjHzi2pcVHjeHM,What It Is (Solo Version),Doechii,What It Is (Versions),3/17/2023,72,189824,https://open.spotify.com/track/73RbfOTJIjHzi2pcVHjeHM,love,what it is solo version
71XJNtOdwmL1UWOQQvsKoH,Always,Daniel Caesar,NEVER ENOUGH (Bonus Version),4/10/2023,60,225312,https://open.spotify.com/track/71XJNtOdwmL1UWOQQvsKoH,love,always
2GmNiPQxGdXr6melEUwGrP,Adore You,BUNGALOW,indiemono AMBER CITY | Indie / Alternative VOL. 03,10/1/2024,19,155643,https://open.spotify.com/track/2GmNiPQxGdXr6melEUwGrP,love,adore you
2DtUUBwYwEzKMTMDrc5EiO,girls like me don't cry,thủy,girls like me don't cry,10/6/2022,64,213640,https://open.spotify.com/track/2DtUUBwYwEzKMTMDrc5EiO,love,girls like me dont cry
21UmuTXgbGBgQGwdN1pA6b,Lay,Jordan Parker,Lay,11/16/2023,35,126500,https://open.spotify.com/track/21UmuTXgbGBgQGwdN1pA6b,love,lay
60JZB9waHUPWJTGbYO6kDB,STUPID IN LOVE (feat. HUH YUNJIN of LE SSERAFIM),"MAX, HUH YUNJIN",STUPID IN LOVE (feat. HUH YUNJIN of LE SSERAFIM),2/9/2024,61,173336,https://open.spotify.com/track/60JZB9waHUPWJTGbYO6kDB,love,stupid in love feat huh yunjin of le sserafim
3HnKjVVRn69yGy3HAi9P8L,Break,FRØ,indiemono | brains in bloom (VOL.7),3/14/2025,33,241820,https://open.spotify.com/track/3HnKjVVRn69yGy3HAi9P8L,love,break
7csXczueD55OiKIRlmeLsc,Second Wind,Camo Columbo,Second Wind,6/7/2024,29,175000,https://open.spotify.com/track/7csXczueD55OiKIRlmeLsc,love,second wind
4PwWESSlTwzvw9B7bmtTLS,anything,Adrianne Lenker,songs,10/23/2020,80,202047,https://open.spotify.com/track/4PwWESSlTwzvw9B7bmtTLS,love,anything
5CzK4nw6SEOwx9rK1fs6eX,back to the start,Gloria Kim,back to the start,6/23/2023,36,155500,https://open.spotify.com/track/5CzK4nw6SEOwx9rK1fs6eX,love,back to the start
5iEqRHrYBllHetBQOVnImL,Strangers,Right Right,Strangers,8/9/2024,31,159600,https://open.spotify.com/track/5iEqRHrYBllHetBQOVnImL,love,strangers
0BCPKOYdS2jbQ8iyB56Zns,Clocks,Coldplay,A Rush of Blood to the Head,8/27/2002,85,307879,https://open.spotify.com/track/0BCPKOYdS2jbQ8iyB56Zns,love,clocks
3itgPtXSu4I9mr2QD6yrzP,Holy Roller (feat. Sierra Ferrell),"Zach Bryan, Sierra Ferrell",Zach Bryan,8/25/2023,63,216026,https://open.spotify.com/track/3itgPtXSu4I9mr2QD6yrzP,love,holy roller feat sierra ferrell
5jQI2r1RdgtuT8S3iG8zFC,Lavender Haze,Taylor Swift,Midnights,10/21/2022,72,202395,https://open.spotify.com/track/5jQI2r1RdgtuT8S3iG8zFC,love,lavender haze
3DhMHV9wmXysac9o5fC8wS,Same Place Same Time - Acoustic,Johnning,Same Place Same Time (Acoustic),10/6/2023,33,166945,https://open.spotify.com/track/3DhMHV9wmXysac9o5fC8wS,love,same place same time acoustic
7MBSbBrx0TvBYyKEcpGcJb,Sweet Marie,The Walters,Young Men,12/23/2015,0,137092,https://open.spotify.com/track/7MBSbBrx0TvBYyKEcpGcJb,love,sweet marie
5dFWiXXSvStAVQqOhrbXGu,Go Home,"kikomori, Sala",Go Home,6/7/2024,24,209268,https://open.spotify.com/track/5dFWiXXSvStAVQqOhrbXGu,love,go home
5seOJJVjyWCIBkSEBJrIGX,just for now,"Arya, Sophia Bacino",just for now,10/27/2023,38,181224,https://open.spotify.com/track/5seOJJVjyWCIBkSEBJrIGX,love,just for now
5Ck3e6z1bcSCes5gdo0Ddt,Bed Peace,"Jhené Aiko, Childish Gambino",Sail Out,1/1/2013,69,256079,https://open.spotify.com/track/5Ck3e6z1bcSCes5gdo0Ddt,love,bed peace
2L9N0zZnd37dwF0clgxMGI,ceilings,Lizzy McAlpine,five seconds flat,4/8/2022,80,182887,https://open.spotify.com/track/2L9N0zZnd37dwF0clgxMGI,love,ceilings
0L3oQdYUvVbsOOPJSkZ3C3,Would That I,Hozier,"Wasteland, Baby!",3/1/2019,69,268293,https://open.spotify.com/track/0L3oQdYUvVbsOOPJSkZ3C3,love,would that i
4nFrcGM7MY1mpoQCC7Kefj,Me & U,Tems,Me & U,10/5/2023,67,192935,https://open.spotify.com/track/4nFrcGM7MY1mpoQCC7Kefj,love,me u
68HocO7fx9z0MgDU0ZPHro,Every Summertime,NIKI,Every Summertime,8/10/2021,75,215686,https://open.spotify.com/track/68HocO7fx9z0MgDU0ZPHro,love,every summertime
1HkY9J1UcWylAeBxJdK58H,Stars,"Luna Keller, Clouds And Thorns",indiemono AMBER CITY | Indie / Alternative VOL. 03,10/1/2024,15,235739,https://open.spotify.com/track/1HkY9J1UcWylAeBxJdK58H,love,stars
1K1KcmJgKaeqnsisQnhyE1,Mrs. Hollywood,Go-Jo,Mrs. Hollywood,3/20/2023,1,143840,https://open.spotify.com/track/1K1KcmJgKaeqnsisQnhyE1,love,mrs hollywood
6MtXDDHNC16r4RpdYhufO8,Guns N' Roses,Johnning,Guns N' Roses,2/24/2023,35,216279,https://open.spotify.com/track/6MtXDDHNC16r4RpdYhufO8,love,guns n roses
6YSThKFVQoa1luinGVdreM,If We Have Each Other,Alec Benjamin,If We Have Each Other (Always By Her Side) [Sped Up Version],4/10/2023,40,181522,https://open.spotify.com/track/6YSThKFVQoa1luinGVdreM,love,if we have each other
4ThyHM57HG7pnLudis9b0M,Promises,"Jhené Aiko, Namiko, Miyagi",Souled Out,9/8/2014,0,297493,https://open.spotify.com/track/4ThyHM57HG7pnLudis9b0M,love,promises
4ELeOhdznV5qAuzN2cLYki,Caught Up,GOVAN,Caught Up,11/17/2023,34,146400,https://open.spotify.com/track/4ELeOhdznV5qAuzN2cLYki,love,caught up
5QvBXUm5MglLJ3iBfTX2Wo,RUNNING OUT OF TIME,"Tyler, The Creator",IGOR,5/17/2019,73,177226,https://open.spotify.com/track/5QvBXUm5MglLJ3iBfTX2Wo,love,running out of time
1oOamzG57yPWa5PTxXguDt,missin something,Zach Templar,orange blood,2/2/2023,0,145833,https://open.spotify.com/track/1oOamzG57yPWa5PTxXguDt,love,missin something
47iu7KWKt6Sa6ocHgYmkGx,I Got It,Jordan Parker,I Got It,5/10/2024,30,212273,https://open.spotify.com/track/47iu7KWKt6Sa6ocHgYmkGx,love,i got it
0Dl965SLJGi9bB0SrvtPRx,girlfriend,hemlocke springs,girlfriend,11/2/2022,0,133150,https://open.spotify.com/track/0Dl965SLJGi9bB0SrvtPRx,love,girlfriend
5qi08vmSk2gQQYHT7o6UGX,A Thousand Miles,Right Right,love 4.0,2/9/2024,38,137700,https://open.spotify.com/track/5qi08vmSk2gQQYHT7o6UGX,love,a thousand miles
2kSb3wYSOV996xA2NSmpck,Melting,Kali Uchis,Por Vida,2/4/2015,78,208853,https://open.spotify.com/track/2kSb3wYSOV996xA2NSmpck,love,melting
7gdo5qa0i2iGS9Y99UgJl0,the bees & their knees,ivy.,the bees & their knees,3/17/2023,22,102222,https://open.spotify.com/track/7gdo5qa0i2iGS9Y99UgJl0,love,the bees their knees
48CKzGWOC65n8a8kdANJV8,Only Love Can Hurt Like This - Slowed Down Version,"Paloma Faith, sped up + slowed",Only Love Can Hurt Like This (Slowed Down Version),2/28/2022,60,257743,https://open.spotify.com/track/48CKzGWOC65n8a8kdANJV8,love,only love can hurt like this slowed down version
67qHLr1O1th5flYd4kFwL1,4 WEEKS,"D.O.S.E, LEIDAN",4 WEEKS,4/5/2024,15,244047,https://open.spotify.com/track/67qHLr1O1th5flYd4kFwL1,love,4 weeks
0dSXFiK5FccucA4wo3ZVpe,All For Us,"Labrinth, Zendaya",Imagination & the Misfit Kid,11/22/2019,56,191710,https://open.spotify.com/track/0dSXFiK5FccucA4wo3ZVpe,love,all for us
7lPN2DXiMsVn7XUKtOW1CS,drivers license,Olivia Rodrigo,drivers license,1/8/2021,23,242013,https://open.spotify.com/track/7lPN2DXiMsVn7XUKtOW1CS,love,drivers license
5CSKbHjpqborGnlzagyaDo,Love Again,Dua Lipa,Future Nostalgia (The Moonlight Edition),2/11/2021,64,258004,https://open.spotify.com/track/5CSKbHjpqborGnlzagyaDo,love,love again
2DgdHcjWmO3qd50RzuBLgZ,House of Memories,Panic! At The Disco,Death of a Bachelor,1/15/2016,78,208706,https://open.spotify.com/track/2DgdHcjWmO3qd50RzuBLgZ,love,house of memories
3lqajEemyKhmUKdAnfE378,11:00 PM,Sandra Iris,11:00 PM,6/16/2023,19,217020,https://open.spotify.com/track/3lqajEemyKhmUKdAnfE378,love,1100 pm
1UZOjK1BwmwWU14Erba9CZ,Malibu,Miley Cyrus,Younger Now,9/29/2017,70,231906,https://open.spotify.com/track/1UZOjK1BwmwWU14Erba9CZ,love,malibu
6iIfv3VOMLsX9Y7edcf9ly,Love To Me,Meric,Love To Me,10/20/2023,23,162676,https://open.spotify.com/track/6iIfv3VOMLsX9Y7edcf9ly,love,love to me
10hMM5nsZQf66ldBlgWBfG,All For Us - from the HBO Original Series Euphoria,"Labrinth, Zendaya",All For Us (from the HBO Original Series Euphoria),8/4/2019,67,192986,https://open.spotify.com/track/10hMM5nsZQf66ldBlgWBfG,love,all for us from the hbo original series euphoria
5xwBIieMMFUmLDgvG4DjFe,Fall In Love Alone,Stacey Ryan,Fall In Love Alone,5/13/2022,69,205427,https://open.spotify.com/track/5xwBIieMMFUmLDgvG4DjFe,love,fall in love alone
4mChXwwU4xbiYIP7QQeLFP,Forever,Rod Wave,Beautiful Mind,8/12/2022,55,214185,https://open.spotify.com/track/4mChXwwU4xbiYIP7QQeLFP,love,forever
6abqqL8a4GPxy4EtiJ6chW,Love So Good,Jaeger,Love So Good,5/26/2023,12,199589,https://open.spotify.com/track/6abqqL8a4GPxy4EtiJ6chW,love,love so good
4xqrdfXkTW4T0RauPLv3WA,Heather,Conan Gray,Kid Krow,3/20/2020,84,198040,https://open.spotify.com/track/4xqrdfXkTW4T0RauPLv3WA,love,heather
0Ni3UTucdl8y2j3EG4w5PB,omg,Gloria Kim,omg,11/11/2022,38,142372,https://open.spotify.com/track/0Ni3UTucdl8y2j3EG4w5PB,love,omg
68SSN8C0cJmUEXJkGyNYqe,You’re here that’s the thing,beabadoobee,Beatopia,7/15/2022,67,198600,https://open.spotify.com/track/68SSN8C0cJmUEXJkGyNYqe,love,youre here thats the thing
3AlfzYBSXvI5Bhbqm5iuSn,Antis,RIELL,Antis,4/21/2023,25,155213,https://open.spotify.com/track/3AlfzYBSXvI5Bhbqm5iuSn,love,antis
6N22FZs2ZhPBYi3b9XPajV,Still Don't Know My Name,Labrinth,Euphoria (Original Score from the HBO Series),10/4/2019,72,153294,https://open.spotify.com/track/6N22FZs2ZhPBYi3b9XPajV,love,still dont know my name
55igK3Bnsnnvd7re3iitx0,Kinda Suck,Munboi,Missd Calls,8/18/2023,8,205383,https://open.spotify.com/track/55igK3Bnsnnvd7re3iitx0,love,kinda suck
6QnizbZqfrkouMhxXmdm8c,Interstate name calling,Miranda Fling,Interstate name calling,5/26/2023,33,128985,https://open.spotify.com/track/6QnizbZqfrkouMhxXmdm8c,love,interstate name calling
7lozLnUfzcgEpMMVQI7yhA,Why,Bazzi,COSMIC,4/12/2018,66,148259,https://open.spotify.com/track/7lozLnUfzcgEpMMVQI7yhA,love,why
4iN16F8JtVxG2UTzp3avGl,Smokin Out The Window,"Bruno Mars, Anderson .Paak, Silk Sonic",Smokin Out The Window,11/5/2021,0,197442,https://open.spotify.com/track/4iN16F8JtVxG2UTzp3avGl,love,smokin out the window
0KQRhak4Irr2CKxgQ9U6ay,MEAN!,Madeline The Person,MEAN!,4/29/2022,57,143960,https://open.spotify.com/track/0KQRhak4Irr2CKxgQ9U6ay,love,mean
72pGjWHRVJ0jPH1PooqNFH,I Fall In Love Too Easily,Sandra Iris,I Fall In Love Too Easily,2/2/2023,18,141564,https://open.spotify.com/track/72pGjWHRVJ0jPH1PooqNFH,love,i fall in love too easily
3cyqGuyJNBvQB8OTXvhYgk,I'm just a Man,Paul the Neighbour,I'm just a Man,10/27/2022,8,264231,https://open.spotify.com/track/3cyqGuyJNBvQB8OTXvhYgk,love,im just a man
4nlc1r7c3cOgqZh6BICrTO,Say Yes,kikomori,"love 3.0: falling out of love, songs",2/3/2023,10,137120,https://open.spotify.com/track/4nlc1r7c3cOgqZh6BICrTO,love,say yes
5fFVy5lNikE6Gls8qKLS5L,Be With You,Akon,Freedom,1/1/2008,0,231013,https://open.spotify.com/track/5fFVy5lNikE6Gls8qKLS5L,love,be with you
1IqpK3QiSJsbUuBebDdrPV,Hold on (We're Going Home),3409,love 2.0,2/11/2022,17,168461,https://open.spotify.com/track/1IqpK3QiSJsbUuBebDdrPV,love,hold on were going home
31tf1qEai5o5f4r66Kd0pU,Me and Your Mama,Childish Gambino,"""Awaken, My Love!""",12/2/2016,1,379226,https://open.spotify.com/track/31tf1qEai5o5f4r66Kd0pU,love,me and your mama
1nahzW3kfMuwReTka28tH5,Hold On,Justin Bieber,Justice,3/19/2021,70,170813,https://open.spotify.com/track/1nahzW3kfMuwReTka28tH5,love,hold on
4N525F62am9WXdYf7h8ZXm,Sea of Love,Animal House,"love 3.0: falling in love, songs",2/3/2023,17,123013,https://open.spotify.com/track/4N525F62am9WXdYf7h8ZXm,love,sea of love
2RttW7RAu5nOAfq6YFvApB,Happier,Ed Sheeran,÷ (Deluxe),3/3/2017,75,207520,https://open.spotify.com/track/2RttW7RAu5nOAfq6YFvApB,love,happier
5gm4MGsuk6uVaDfqgLiAug,Get You the Moon,"Kina, Snøw",Get You the Moon,3/13/2018,0,179043,https://open.spotify.com/track/5gm4MGsuk6uVaDfqgLiAug,love,get you the moon
1Rr6W1MhMFzOogazoXSkw1,Make You Happy,INTRN,Make You Happy,9/16/2022,18,232320,https://open.spotify.com/track/1Rr6W1MhMFzOogazoXSkw1,love,make you happy
60kZjg2JNVMPtN9LHS8qJO,Love Crimes,Munboi,Eudaimonia,9/9/2022,7,216666,https://open.spotify.com/track/60kZjg2JNVMPtN9LHS8qJO,love,love crimes
27r2uANqwK7XbsiAZnzf9e,One Day,Tate McRae,One Day,12/24/2017,0,202496,https://open.spotify.com/track/27r2uANqwK7XbsiAZnzf9e,love,one day
0rKtyWc8bvkriBthvHKY8d,SLOW DANCING IN THE DARK,Joji,BALLADS 1,10/26/2018,5,209273,https://open.spotify.com/track/0rKtyWc8bvkriBthvHKY8d,love,slow dancing in the dark
24KD18eYQQQWaSW9Von1vA,Real Thing,Ruel,Free Time,9/13/2019,44,192413,https://open.spotify.com/track/24KD18eYQQQWaSW9Von1vA,love,real thing
2W4yABdLc4Jnds67Poi5Nl,Yellow Hearts,Ant Saunders,Yellow Hearts,6/18/2019,58,223257,https://open.spotify.com/track/2W4yABdLc4Jnds67Poi5Nl,love,yellow hearts
2qxmye6gAegTMjLKEBoR3d,Let Me Down Slowly,Alec Benjamin,Narrated For You,11/16/2018,82,169353,https://open.spotify.com/track/2qxmye6gAegTMjLKEBoR3d,love,let me down slowly
1wjzFQodRWrPcQ0AnYnvQ9,I Like Me Better,Lauv,I Like Me Better,5/19/2017,2,197436,https://open.spotify.com/track/1wjzFQodRWrPcQ0AnYnvQ9,love,i like me better
69vToJ9BMbbLlFZo7k7A7B,You Are The Reason,Calum Scott,Only Human (Deluxe),3/9/2018,79,204326,https://open.spotify.com/track/69vToJ9BMbbLlFZo7k7A7B,love,you are the reason
5yVIlYEHZxQVLyInCdldoS,Impossible,James Arthur,James Arthur (Deluxe),11/4/2013,81,209440,https://open.spotify.com/track/5yVIlYEHZxQVLyInCdldoS,love,impossible
5qNh5WtzMbfpSj2jLlBkoD,Your Power,Billie Eilish,Your Power,4/29/2021,1,245896,https://open.spotify.com/track/5qNh5WtzMbfpSj2jLlBkoD,love,your power
2nkLSqkzhSEZ4VACes7pNT,Hey Is That You,3409,Hey Is That You,10/14/2021,16,173195,https://open.spotify.com/track/2nkLSqkzhSEZ4VACes7pNT,love,hey is that you
2nC3QhMI9reBIOWutbU3Tj,Moral of the Story,Ashe,Moral of the Story,2/14/2019,72,201083,https://open.spotify.com/track/2nC3QhMI9reBIOWutbU3Tj,love,moral of the story
10ImcQk9tihY1EKMDIbvXJ,To Be Loved,Adele,30,11/19/2021,64,403961,https://open.spotify.com/track/10ImcQk9tihY1EKMDIbvXJ,love,to be loved
55Am8neGJkdj2ADaM3aw5H,Train Wreck,James Arthur,Back from the Edge,10/28/2016,79,208826,https://open.spotify.com/track/55Am8neGJkdj2ADaM3aw5H,love,train wreck
1yy2DlSDtEt90d54rPDPXz,I'll Be Missing You (feat. Faith Evans & 112) - 2014 Remaster,"Diddy, 112, Faith Evans",No Way Out (2014 Remaster),1997,68,306560,https://open.spotify.com/track/1yy2DlSDtEt90d54rPDPXz,love,ill be missing you feat faith evans 112 2014 remaster
6sHsXIJoEN5JpdkGMQDJxt,The Boy Is Mine,"Brandy, Monica",Never Say Never,5/29/1998,76,294786,https://open.spotify.com/track/6sHsXIJoEN5JpdkGMQDJxt,love,the boy is mine
3LmvfNUQtglbTrydsdIqFU,We Belong Together,Mariah Carey,The Emancipation of Mimi,4/12/2005,72,201400,https://open.spotify.com/track/3LmvfNUQtglbTrydsdIqFU,love,we belong together
0gPQTLaqHDgdupKEok7J2x,7 Days,Craig David,Born to Do It,8/14/2000,72,235133,https://open.spotify.com/track/0gPQTLaqHDgdupKEok7J2x,love,7 days
2ezqQeBiC72gwMJoO4w1hA,Every Time I Close My Eyes (with Kenny G),"Babyface, Kenny G",The Day,10/29/1996,63,296266,https://open.spotify.com/track/2ezqQeBiC72gwMJoO4w1hA,love,every time i close my eyes with kenny g
6mz1fBdKATx6qP4oP1I65G,Pony,Ginuwine,R&B: From Doo-Wop To Hip-Hop,10/8/1999,72,251733,https://open.spotify.com/track/6mz1fBdKATx6qP4oP1I65G,love,pony
4Gmkqn3V7IMTkOmmiX7cbb,On Bended Knee,Boyz II Men,II,8/30/1994,75,329800,https://open.spotify.com/track/4Gmkqn3V7IMTkOmmiX7cbb,love,on bended knee
7nYvUtkQMx1v80S2FH2s9J,Regulate,"Warren G, Nate Dogg",Regulate… G Funk Era,6/7/1994,74,248866,https://open.spotify.com/track/7nYvUtkQMx1v80S2FH2s9J,love,regulate
3aw9iWUQ3VrPQltgwvN9Xu,Family Affair,Mary J. Blige,No More Drama,8/28/2001,81,265866,https://open.spotify.com/track/3aw9iWUQ3VrPQltgwvN9Xu,love,family affair
3w8Mw9GHYepoTWOSdiyosj,Incomplete,Sisqo,Unleash The Dragon,11/30/1999,68,274226,https://open.spotify.com/track/3w8Mw9GHYepoTWOSdiyosj,love,incomplete
6qspW4YKycviDFjHBOaqUY,Waterfalls,TLC,Crazysexycool,11/15/1994,75,279506,https://open.spotify.com/track/6qspW4YKycviDFjHBOaqUY,love,waterfalls
3wKKkGVn7cVSfgPeYYIiXG,Kiss Kiss (feat. T-Pain),"Chris Brown, T-Pain",Exclusive (Expanded Edition),11/6/2007,76,250666,https://open.spotify.com/track/3wKKkGVn7cVSfgPeYYIiXG,love,kiss kiss feat tpain
7xYnUQigPoIDAMPVK79NEq,Run It! (feat. Juelz Santana),"Chris Brown, Juelz Santana",Chris Brown (Expanded Edition),2005,77,229866,https://open.spotify.com/track/7xYnUQigPoIDAMPVK79NEq,love,run it feat juelz santana
7KwZNVEaqikRSBSpyhXK2j,Hypnotize - 2014 Remaster,The Notorious B.I.G.,Life After Death (2014 Remastered Edition),3/4/1997,81,229826,https://open.spotify.com/track/7KwZNVEaqikRSBSpyhXK2j,love,hypnotize 2014 remaster
2g8HN35AnVGIk7B8yMucww,Big Poppa - 2005 Remaster,The Notorious B.I.G.,Ready to Die (The Remaster),9/13/1994,80,252746,https://open.spotify.com/track/2g8HN35AnVGIk7B8yMucww,love,big poppa 2005 remaster
5DCA1FOUDBURlRTNg4ganf,Let Me Blow Ya Mind,"Eve, Gwen Stefani",Scorpion,1/1/2001,0,229933,https://open.spotify.com/track/5DCA1FOUDBURlRTNg4ganf,love,let me blow ya mind
5zdUc1JRCImBYcDWgvFNpE,Caught Up,USHER,Confessions (Expanded Edition),3/23/2004,64,224640,https://open.spotify.com/track/5zdUc1JRCImBYcDWgvFNpE,love,caught up
0l3GEbH3CviUytD6iX4wzg,Right Thurr,Chingy,Jackpot,1/1/2003,70,250746,https://open.spotify.com/track/0l3GEbH3CviUytD6iX4wzg,love,right thurr
5Mmk2ii6laakqfeCT7OnVD,Thong Song,Sisqo,Unleash The Dragon,11/30/1999,72,253733,https://open.spotify.com/track/5Mmk2ii6laakqfeCT7OnVD,love,thong song
6bUNEbXT7HovLW6BgPCBsb,Roses,Outkast,Speakerboxxx/The Love Below,2003,71,369573,https://open.spotify.com/track/6bUNEbXT7HovLW6BgPCBsb,love,roses
1xzi1Jcr7mEi9K2RfzLOqS,CUFF IT,Beyoncé,RENAISSANCE,7/29/2022,74,225388,https://open.spotify.com/track/1xzi1Jcr7mEi9K2RfzLOqS,love,cuff it
3OHfY25tqY28d16oZczHc8,Kill Bill,SZA,SOS,12/9/2022,77,153946,https://open.spotify.com/track/3OHfY25tqY28d16oZczHc8,love,kill bill
26b3oVLrRUaaybJulow9kz,People,Libianca,People,12/6/2022,76,184791,https://open.spotify.com/track/26b3oVLrRUaaybJulow9kz,love,people
0eLtIxPRNJfsmehITZ1qaJ,Sahiba,Aditya Rikhari,Sahiba,12/19/2023,88,190098,https://open.spotify.com/track/0eLtIxPRNJfsmehITZ1qaJ,love,sahiba
1D35BJlymlh6OLD75WupSF,"Saiyaara (From ""Saiyaara"")","Tanishk Bagchi, Faheem Abdullah, Arslan Nizami, Irshad Kamil","Saiyaara (From ""Saiyaara"")",6/3/2025,86,370875,https://open.spotify.com/track/1D35BJlymlh6OLD75WupSF,love,saiyaara from saiyaara
3JiLQJmVW7d4O8AQDFB3oj,Thodi Si Daaru,"AP Dhillon, Shreya Ghoshal",Thodi Si Daaru,7/17/2025,80,180248,https://open.spotify.com/track/3JiLQJmVW7d4O8AQDFB3oj,love,thodi si daaru
6G8vN5EUtcDxOXOXadF6kp,"Tum Ho Toh (From ""Saiyaara"")","Vishal Mishra, Hansika Pareek, Raj Shekhar","Tum Ho Toh (From ""Saiyaara"")",6/17/2025,79,318217,https://open.spotify.com/track/6G8vN5EUtcDxOXOXadF6kp,love,tum ho toh from saiyaara
23UKXgXmLkT0XyPBeKx2gP,"Koi Naa (From ""Bhool Chuk Maaf"")","Tanishk Bagchi, Gifty, Harnoor, Shreya Ghoshal, Irshad Kamil","Koi Naa (From ""Bhool Chuk Maaf"")",4/16/2025,68,221117,https://open.spotify.com/track/23UKXgXmLkT0XyPBeKx2gP,love,koi naa from bhool chuk maaf
5AnWrUzsrFgBvhn6dUElnr,"Aaj Ki Raat (From ""Stree 2"")","Sachin-Jigar, Madhubanti Bagchi, Divya Kumar, Amitabh Bhattacharya","Aaj Ki Raat (From ""Stree 2"")",7/24/2024,75,228620,https://open.spotify.com/track/5AnWrUzsrFgBvhn6dUElnr,love,aaj ki raat from stree 2
3jPLJbSL14oH6pcSLIaMGJ,Morni,"Badshah, Sharvi Yadav, Hiten",Morni,11/14/2024,63,171935,https://open.spotify.com/track/3jPLJbSL14oH6pcSLIaMGJ,love,morni
1PALLCSlHwAI4upY3sMg8u,"Jaana Samjho Na (From ""Bhool Bhulaiyaa 3"")","Aditya Rikhari, Tulsi Kumar, Lijo George-Dj Chetas","Jaana Samjho Na (From ""Bhool Bhulaiyaa 3"")",10/22/2024,75,212108,https://open.spotify.com/track/1PALLCSlHwAI4upY3sMg8u,love,jaana samjho na from bhool bhulaiyaa 3
78BWCd70D1X6LMkDZm1UoF,Millionaire,Yo Yo Honey Singh,Glory,8/26/2024,74,199114,https://open.spotify.com/track/78BWCd70D1X6LMkDZm1UoF,love,millionaire
16kiQQ4BoLHDyj5W2fkfNK,"Tauba Tauba (From ""Bad Newz"")",Karan Aujla,"Tauba Tauba (From ""Bad Newz"")",7/2/2024,67,207157,https://open.spotify.com/track/16kiQQ4BoLHDyj5W2fkfNK,love,tauba tauba from bad newz
1mQUEvGR7Sbt2OCz2gFrdx,"Aayi Nai (From ""Stree 2"")","Sachin-Jigar, Pawan Singh, Simran Choudhary, Divya Kumar, Amitabh Bhattacharya","Aayi Nai (From ""Stree 2"")",8/1/2024,70,178780,https://open.spotify.com/track/1mQUEvGR7Sbt2OCz2gFrdx,love,aayi nai from stree 2
0XRb6eZE4dBIJdqwf1Mixu,Suniyan Suniyan,"Juss, MixSingh",Suniyan Suniyan,4/12/2024,74,197538,https://open.spotify.com/track/0XRb6eZE4dBIJdqwf1Mixu,love,suniyan suniyan
7r6iwgXcR85d9rfqsuf2Af,Bhool Bhulaiyaa 3 - Title Track (feat. Pitbull),"Pitbull, Diljit Dosanjh, Tanishk Bagchi, Pritam, Neeraj Shridhar, Dhrruv Yogi, Sameer Anjaan",Bhool Bhulaiyaa 3 - Title Track (feat. Pitbull),10/16/2024,59,230080,https://open.spotify.com/track/7r6iwgXcR85d9rfqsuf2Af,love,bhool bhulaiyaa 3 title track feat pitbull
34Fh4HXZmnuBdtgejWUZg2,"Dekhha Tenu (From ""Mr. And Mrs. Mahi"")","Mohammad Faiz, Jaani","Dekhha Tenu (From ""Mr. And Mrs. Mahi"")",5/14/2024,70,281511,https://open.spotify.com/track/34Fh4HXZmnuBdtgejWUZg2,love,dekhha tenu from mr and mrs mahi
36N5awamOX6XX5pQn3aFXZ,"Soni Soni (From ""Ishq Vishk Rebound"")","Darshan Raval, Jonita Gandhi, Rochak Kohli, Gurpreet Saini","Soni Soni (From ""Ishq Vishk Rebound"")",5/24/2024,70,176875,https://open.spotify.com/track/36N5awamOX6XX5pQn3aFXZ,love,soni soni from ishq vishk rebound
6EivvaEepVTjmDde43eGiB,"Ve Kamleya (From ""Rocky Aur Rani Kii Prem Kahaani"")","Pritam, Arijit Singh, Shreya Ghoshal, Shadab Faridi, Altamash Faridi, Amitabh Bhattacharya","Ve Kamleya (From ""Rocky Aur Rani Kii Prem Kahaani"")",7/18/2023,71,246988,https://open.spotify.com/track/6EivvaEepVTjmDde43eGiB,love,ve kamleya from rocky aur rani kii prem kahaani
2hPMMkjM0eSDgsNFfIVSwf,"Kya Meri Yaad Aati Hai (From ""Sky Force"")","Tanishk Bagchi, Vishal Mishra, Irshad Kamil","Kya Meri Yaad Aati Hai (From ""Sky Force"")",1/11/2025,57,255468,https://open.spotify.com/track/2hPMMkjM0eSDgsNFfIVSwf,love,kya meri yaad aati hai from sky force
6IR6mzRO60hnMjNoq8rCPE,"Teri Baaton Mein Aisa Uljha Jiya Title Song (From ""Teri Baaton Mein Aisa Uljha Jiya"")","Raghav, Tanishk Bagchi, Asees Kaur","Teri Baaton Mein Aisa Uljha Jiya Title Song (From ""Teri Baaton Mein Aisa Uljha Jiya"")",1/29/2024,65,153083,https://open.spotify.com/track/6IR6mzRO60hnMjNoq8rCPE,love,teri baaton mein aisa uljha jiya title song from teri baaton mein aisa uljha jiya
1uCBFWAcZOJGAj1CFQHZDj,Daaku,"Badshah, Sharvi Yadav, Hiten",Daaku,2/22/2024,56,160396,https://open.spotify.com/track/1uCBFWAcZOJGAj1CFQHZDj,love,daaku
4BDOA9pV0yLClbR3v37ekI,Top Class / Overseas,"DIVINE, Karan Aujla",Street Dreams,2/16/2024,59,288000,https://open.spotify.com/track/4BDOA9pV0yLClbR3v37ekI,love,top class overseas
01NcKe8sh9lmKVfRXFr7MR,"Gallan (From ""Teri Baaton Mein Aisa Uljha Jiya"")","Talwiinder, MC SQUARE, NDS","Gallan (From ""Teri Baaton Mein Aisa Uljha Jiya"")",2/13/2024,60,211343,https://open.spotify.com/track/01NcKe8sh9lmKVfRXFr7MR,love,gallan from teri baaton mein aisa uljha jiya
0bp2qIPuKP1mIGKIaJhl23,"Jeena Haraam (From ""Crakk - Jeetegaa Toh Jiyegaa"")","Tanishk Bagchi, Vishal Mishra, Shilpa Rao","Jeena Haraam (From ""Crakk - Jeetegaa Toh Jiyegaa"")",1/25/2024,55,155044,https://open.spotify.com/track/0bp2qIPuKP1mIGKIaJhl23,love,jeena haraam from crakk jeetegaa toh jiyegaa
2ceeTJAzKy295Fm0VsaXtE,"Tum Se (From ""Teri Baaton Mein Aisa Uljha Jiya"")","Sachin-Jigar, Raghav Chaitanya, Varun Jain, Indraneel","Tum Se (From ""Teri Baaton Mein Aisa Uljha Jiya"")",2/2/2024,76,264089,https://open.spotify.com/track/2ceeTJAzKy295Fm0VsaXtE,love,tum se from teri baaton mein aisa uljha jiya
0M0ANKNzmM4Odd7FNKghzW,"Akhiyaan Gulaab (From ""Teri Baaton Mein Aisa Uljha Jiya"")",Mitraz,"Akhiyaan Gulaab (From ""Teri Baaton Mein Aisa Uljha Jiya"")",1/19/2024,72,171147,https://open.spotify.com/track/0M0ANKNzmM4Odd7FNKghzW,love,akhiyaan gulaab from teri baaton mein aisa uljha jiya
2ibipg9GBEZ5YKOdskobJZ,"Laal Peeli Akhiyaan (From ""Teri Baaton Mein Aisa Uljha Jiya"")","Tanishk Bagchi, Romy, Neeraj Rajawat","Laal Peeli Akhiyaan (From ""Teri Baaton Mein Aisa Uljha Jiya"")",1/12/2024,61,188101,https://open.spotify.com/track/2ibipg9GBEZ5YKOdskobJZ,love,laal peeli akhiyaan from teri baaton mein aisa uljha jiya
53QgDRc1bPL1Kke1GemgaE,"Dil Jhoom (From ""Crakk - Jeetegaa Toh Jiyegaa"")","Tanishk Bagchi, Vishal Mishra, Shreya Ghoshal, Ali Zafar, Gurpreet Saini","Dil Jhoom (From ""Crakk - Jeetegaa Toh Jiyegaa"")",1/15/2024,54,187049,https://open.spotify.com/track/53QgDRc1bPL1Kke1GemgaE,love,dil jhoom from crakk jeetegaa toh jiyegaa
4sKISeqmcPixT0rim339VH,"Raat Akeli Thi (From ""Merry Christmas"")","Pritam, Arijit Singh, Antara Mitra","Raat Akeli Thi (From ""Merry Christmas"")",1/10/2024,51,264913,https://open.spotify.com/track/4sKISeqmcPixT0rim339VH,love,raat akeli thi from merry christmas
0VXBujZKMLLlmee25BXEQs,"Sher Khul Gaye (From ""Fighter"")","Vishal-Shekhar, Vishal Dadlani, Shekhar Ravjiani, Benny Dayal, Shilpa Rao, Kumaar","Sher Khul Gaye (From ""Fighter"")",12/15/2023,56,180172,https://open.spotify.com/track/0VXBujZKMLLlmee25BXEQs,love,sher khul gaye from fighter
23YpzkTDtU78GK6vpgRbkM,"Ishq Jaisa Kuch (From ""Fighter"")","Vishal-Shekhar, Vishal Dadlani, Shekhar Ravjiani, Shilpa Rao, Mellow D, Kumaar","Ishq Jaisa Kuch (From ""Fighter"")",12/22/2023,56,169686,https://open.spotify.com/track/23YpzkTDtU78GK6vpgRbkM,love,ishq jaisa kuch from fighter
0YxKKO272sacGBJKjf6FnB,Saari Duniya Jalaa Denge,"Jaani, B Praak",ANIMAL,11/24/2023,61,182348,https://open.spotify.com/track/0YxKKO272sacGBJKjf6FnB,love,saari duniya jalaa denge
4uNxdQ1L4Xa52MWX864QhW,"What Jhumka ? (From ""Rocky Aur Rani Kii Prem Kahaani"")","Pritam, Arijit Singh, Jonita Gandhi, Ranveer Singh, Amitabh Bhattacharya, Madan Mohan","What Jhumka ? (From ""Rocky Aur Rani Kii Prem Kahaani"")",7/12/2023,61,213611,https://open.spotify.com/track/4uNxdQ1L4Xa52MWX864QhW,love,what jhumka from rocky aur rani kii prem kahaani
2OfjwjT2pRe9Yoee7jJECa,"Kudiye Ni Tere (From ""Starfish"")","Yo Yo Honey Singh, Khaalif, Harjot Kaur","Kudiye Ni Tere (From ""Starfish"")",11/18/2023,47,249105,https://open.spotify.com/track/2OfjwjT2pRe9Yoee7jJECa,love,kudiye ni tere from starfish
77Mo1my3vQVqu4wRmVIeCa,Manzoor Hai,"Salim–Sulaiman, Armaan Malik, Shraddha Pandit",Manzoor Hai,11/16/2023,42,239504,https://open.spotify.com/track/77Mo1my3vQVqu4wRmVIeCa,love,manzoor hai
06LCamFUOtImIKi9mFRKiD,"Tum Kya Mile (From ""Rocky Aur Rani Kii Prem Kahaani"")","Pritam, Arijit Singh, Shreya Ghoshal, Amitabh Bhattacharya","Tum Kya Mile (From ""Rocky Aur Rani Kii Prem Kahaani"")",6/28/2023,67,277500,https://open.spotify.com/track/06LCamFUOtImIKi9mFRKiD,love,tum kya mile from rocky aur rani kii prem kahaani
5F0CmU03XqPQtweJdxa6p0,Apna Bana Le Bulleya,"Mohit Chauhan, Dev Sharma, Pragya Mishra",Apna Bana Le Bulleya,7/7/2023,43,250434,https://open.spotify.com/track/5F0CmU03XqPQtweJdxa6p0,love,apna bana le bulleya
5kQrjdDGU9Pf6PMN4rN7Pc,"Dhindhora Baje Re (From ""Rocky Aur Rani Kii Prem Kahaani"")","Pritam, Darshan Raval, Bhoomi Trivedi, Amitabh Bhattacharya","Dhindhora Baje Re (From ""Rocky Aur Rani Kii Prem Kahaani"")",7/24/2023,45,253599,https://open.spotify.com/track/5kQrjdDGU9Pf6PMN4rN7Pc,love,dhindhora baje re from rocky aur rani kii prem kahaani
7tW0iElc6Po0MrXz2NjQxe,"Kudmayi (Film Version) (From ""Rocky Aur Rani Kii Prem Kahaani"")","Pritam, Shahid Mallya, Amitabh Bhattacharya",Rocky Aur Rani Kii Prem Kahaani,7/31/2023,0,265227,https://open.spotify.com/track/7tW0iElc6Po0MrXz2NjQxe,love,kudmayi film version from rocky aur rani kii prem kahaani
0Q06Iaat0HULY86OUu2dkm,"Ro Lain De (From ""Rocky Aur Rani Kii Prem Kahaani"")","Pritam, Sonu Nigam, Shilpa Rao, Amitabh Bhattacharya",Rocky Aur Rani Kii Prem Kahaani,7/31/2023,0,238421,https://open.spotify.com/track/0Q06Iaat0HULY86OUu2dkm,love,ro lain de from rocky aur rani kii prem kahaani
2cz4qH4fCauVA93JHkUMad,"Le Aaunga (From ""Satyaprem Ki Katha"")","Tanishk Bagchi, Arijit Singh","Le Aaunga (From ""Satyaprem Ki Katha"")",7/1/2023,61,244052,https://open.spotify.com/track/2cz4qH4fCauVA93JHkUMad,love,le aaunga from satyaprem ki katha
0yCWDaAgOtg6TKlNCg9rwA,Tu Aake Dekhle,King,The Carnival,9/21/2020,0,270000,https://open.spotify.com/track/0yCWDaAgOtg6TKlNCg9rwA,love,tu aake dekhle
31TXxq8gfgYyrYClnYY48m,The Fate of Ophelia,Taylor Swift,The Life of a Showgirl,10/3/2025,88,226073,https://open.spotify.com/track/31TXxq8gfgYyrYClnYY48m,love,the fate of ophelia
0CtZpaOhtzvLV3FfcsVpQo,"Besharam Rang (From ""Pathaan"")","Vishal-Shekhar, Shilpa Rao, Caralisa Monteiro, Vishal Dadlani, Shekhar Ravjiani, Kumaar","Besharam Rang (From ""Pathaan"")",12/12/2022,67,258472,https://open.spotify.com/track/0CtZpaOhtzvLV3FfcsVpQo,love,besharam rang from pathaan
0z8wIFS6LUp2iz6kajcID7,"Current Laga Re (From ""Cirkus"")","Nakash Aziz, Dhvani Bhanushali, Jonita Gandhi, Lijo George-Dj Chetas, Vivek Hariharan","Current Laga Re (From ""Cirkus"")",12/8/2022,49,226500,https://open.spotify.com/track/0z8wIFS6LUp2iz6kajcID7,love,current laga re from cirkus
3SxOgJihDKlbZ9C1OvLgNs,"Kyaa Baat Haii 2.0 (From ""Govinda Naam Mera"")","Harrdy Sandhu, Tanishk Bagchi, Nikhita Gandhi, Jaani","Kyaa Baat Haii 2.0 (From ""Govinda Naam Mera"")",12/5/2022,54,176170,https://open.spotify.com/track/3SxOgJihDKlbZ9C1OvLgNs,love,kyaa baat haii 20 from govinda naam mera
3wwLWFRLiReDf5AqgmAJwT,Heer Ranjha,"Rito Riba, Rajat Nagpal, Rana Sotal",Heer Ranjha,10/18/2022,66,223107,https://open.spotify.com/track/3wwLWFRLiReDf5AqgmAJwT,love,heer ranjha
5OcGETO7eEKjKme4gm0r7y,"Dance Ka Bhoot (From ""Brahmastra"")","Pritam, Arijit Singh, Amitabh Bhattacharya","Dance Ka Bhoot (From ""Brahmastra"")",8/25/2022,52,245735,https://open.spotify.com/track/5OcGETO7eEKjKme4gm0r7y,love,dance ka bhoot from brahmastra
45C7tXCrmp3R5E65XUtLLj,"Jehda Nasha (From ""An Action Hero"")","Tanishk Bagchi, Faridkot, Yohani, Amar Jalal, Harjot Kaur","Jehda Nasha (From ""An Action Hero"")",11/17/2022,55,222054,https://open.spotify.com/track/45C7tXCrmp3R5E65XUtLLj,love,jehda nasha from an action hero
0zlGnseLGzRIBA0TJcb3Bo,"Manike (From ""Thank God"")","Yohani, Jubin Nautiyal, Tanishk Bagchi, Rashmi Virag, Surya Ragunaathan","Manike (From ""Thank God"")",9/16/2022,62,197473,https://open.spotify.com/track/0zlGnseLGzRIBA0TJcb3Bo,love,manike from thank god
3x9vShiP4hDhE94zvObYNS,Rangisari,"Kanishk Seth, Kavita Seth",Jugjugg Jeeyo,6/24/2022,51,223271,https://open.spotify.com/track/3x9vShiP4hDhE94zvObYNS,love,rangisari
208sMwgVcaFt2mT79Df1KG,"Naacho Naacho (From ""RRR"")","Vishal Mishra, Rahul Sipligunj, M. M. Keeravaani, Riya Mukherjee","Naacho Naacho (From ""RRR"")",11/10/2021,54,214207,https://open.spotify.com/track/208sMwgVcaFt2mT79Df1KG,love,naacho naacho from rrr
0snQrp1VaY5Pj1YIHRJpRJ,Chaand Baaliyan,Aditya A,Chaand Baaliyan,3/28/2020,67,103264,https://open.spotify.com/track/0snQrp1VaY5Pj1YIHRJpRJ,love,chaand baaliyan
7sVEoPc5ZUUQerRkgTypUZ,"Srivalli (From ""Pushpa The Rise Part - 01"")","Javed Ali, Devi Sri Prasad","Srivalli (From ""Pushpa The Rise Part - 01"")",12/14/2021,55,224072,https://open.spotify.com/track/7sVEoPc5ZUUQerRkgTypUZ,love,srivalli from pushpa the rise part 01
2rOnSn2piaqLAlYjtfUBlY,"Raataan Lambiyan (From ""Shershaah"")","Tanishk Bagchi, Jubin Nautiyal, Asees Kaur","Raataan Lambiyan (From ""Shershaah"")",7/30/2021,71,230292,https://open.spotify.com/track/2rOnSn2piaqLAlYjtfUBlY,love,raataan lambiyan from shershaah
576v1keY82NOPITMNu0wD2,Filhaal2 Mohabbat,"B Praak, Akshay Kumar, Nupur Sanon, Ammy Virk",Filhaal2 Mohabbat,7/6/2021,60,300196,https://open.spotify.com/track/576v1keY82NOPITMNu0wD2,love,filhaal2 mohabbat
018eOid2aGaPdxon7T6GsC,"Shayad (From ""Love Aaj Kal"")","Pritam, Arijit Singh","Shayad (From ""Love Aaj Kal"")",1/22/2020,62,247941,https://open.spotify.com/track/018eOid2aGaPdxon7T6GsC,love,shayad from love aaj kal
4UJkUnfEEL8B2JZ1OQfYOO,Dil Bechara,A.R. Rahman,Dil Bechara (Original Motion Picture Soundtrack),7/10/2020,50,163426,https://open.spotify.com/track/4UJkUnfEEL8B2JZ1OQfYOO,love,dil bechara
5T2ZZiBMDGh3TZDUbxg4rV,Kaun Tujhe,"Palak Muchhal, Amaal Mallik, Manoj Muntashir",M.S.Dhoni - The Untold Story,9/17/2016,64,241448,https://open.spotify.com/track/5T2ZZiBMDGh3TZDUbxg4rV,love,kaun tujhe
5QtEFRYavs5S3GHtFEq7A4,Tujhe Kitna Chahne Lage,"Arijit Singh, Mithoon",Kabir Singh,6/14/2019,61,284779,https://open.spotify.com/track/5QtEFRYavs5S3GHtFEq7A4,love,tujhe kitna chahne lage
40S8Et5fYlBCa0QgBTEOE1,"Enni Soni (From ""Saaho"")","Guru Randhawa, Tulsi Kumar","Enni Soni (From ""Saaho"")",8/2/2019,53,258927,https://open.spotify.com/track/40S8Et5fYlBCa0QgBTEOE1,love,enni soni from saaho
1feANd8EfcDP5UqSvbheM3,"Bekhayali (From ""Kabir Singh"")","Sachet Tandon, Sachet-Parampara","Bekhayali (From ""Kabir Singh"")",5/24/2019,70,371790,https://open.spotify.com/track/1feANd8EfcDP5UqSvbheM3,love,bekhayali from kabir singh
0WdbnNKO0Jt4BZACSDQh44,"Ghungroo (From ""War"")","Vishal-Shekhar, Arijit Singh, Shilpa Rao, Kumaar","Ghungroo (From ""War"")",9/30/2019,66,302935,https://open.spotify.com/track/0WdbnNKO0Jt4BZACSDQh44,love,ghungroo from war
01AE1MgL6L86WQzh4KGDUa,"Kinna Sona (From ""Marjaavaan"")","Meet Bros., Jubin Nautiyal, Dhvani Bhanushali","Kinna Sona (From ""Marjaavaan"")",11/6/2019,59,273925,https://open.spotify.com/track/01AE1MgL6L86WQzh4KGDUa,love,kinna sona from marjaavaan
7tl1En7BCSnD6Qb5OGlEIE,Paniyon Sa,"Atif Aslam, Tulsi Kumar",Satyameva Jayate,8/1/2018,63,236239,https://open.spotify.com/track/7tl1En7BCSnD6Qb5OGlEIE,love,paniyon sa
2IoZMG3RqiTmsy7Li3zGFg,"Mere Sohneya (From ""Kabir Singh"")","Sachet Tandon, Parampara Tandon, Sachet-Parampara","Mere Sohneya (From ""Kabir Singh"")",6/6/2019,72,193355,https://open.spotify.com/track/2IoZMG3RqiTmsy7Li3zGFg,love,mere sohneya from kabir singh
3vCzLB6kS2lGcIpm1OOUsy,Ishq Hai,"Anurag Saikia, Raj Shekhar, Romy, Amarabha Banerjee, Varun Jain, Madhubanti Bagchi, Mismatched - Cast",Mismatched: Season 3 (Soundtrack from the Netflix Series),12/3/2024,76,312857,https://open.spotify.com/track/3vCzLB6kS2lGcIpm1OOUsy,love,ishq hai
4PEGwWH4tL6H7dGl4uVSPg,Like a Tattoo,Sade,Love Deluxe,10/26/1992,80,218000,https://open.spotify.com/track/4PEGwWH4tL6H7dGl4uVSPg,love,like a tattoo
6MdqqkQ8sSC0WB4i8PyRuQ,No Diggity,"Blackstreet, Dr. Dre, Queen Pen",Another Level,9/9/1996,78,304600,https://open.spotify.com/track/6MdqqkQ8sSC0WB4i8PyRuQ,love,no diggity
3jDdpx9PMlfMBS5tOBHFm9,Return of the Mack,Mark Morrison,Return of the Mack,4/22/1996,78,213093,https://open.spotify.com/track/3jDdpx9PMlfMBS5tOBHFm9,love,return of the mack
0uEp9E98JB5awlA084uaIg,Doo Wop (That Thing),Ms. Lauryn Hill,The Miseducation of Lauryn Hill,8/25/1998,76,320266,https://open.spotify.com/track/0uEp9E98JB5awlA084uaIg,love,doo wop that thing
567UAkWoLBqZ709s3Qcbze,Maria Maria (feat. The Product G&B),"Santana, The Product G&B",Supernatural (Legacy Edition),1999,71,261973,https://open.spotify.com/track/567UAkWoLBqZ709s3Qcbze,love,maria maria feat the product gb
0JHwHqPlca9zCnGnQenAEW,Candy Rain - Heavy D & TrakMasterz Mix,"Soul For Real, Heavy D",Candy Rain (Remixes),1/1/1994,47,261626,https://open.spotify.com/track/0JHwHqPlca9zCnGnQenAEW,love,candy rain heavy d trakmasterz mix
7jg3Irt0hqnss3HvaPP2D2,Only You (feat. The Notorious B.I.G.) - Radio Mix,"112, The Notorious B.I.G.",112,8/27/1996,57,260426,https://open.spotify.com/track/7jg3Irt0hqnss3HvaPP2D2,love,only you feat the notorious big radio mix
5OQO6NEs89flntUWPtXUiG,Steelo,702,No Doubt,1/1/1996,57,257959,https://open.spotify.com/track/5OQO6NEs89flntUWPtXUiG,love,steelo
5PG3h38oiQLEJlOuOvIs80,Still Not a Player (feat. Joe),"Big Pun, Joe",Greatest Hits,10/14/2008,58,236906,https://open.spotify.com/track/5PG3h38oiQLEJlOuOvIs80,love,still not a player feat joe
7MQywXGHEev7JmwwIzMcao,Love Like This,Faith Evans,Keep the Faith,1998,65,275706,https://open.spotify.com/track/7MQywXGHEev7JmwwIzMcao,love,love like this
5HQwoi47vjLNqaOc329VNM,"I Wanna Be Down (feat. Queen Latifah, Yoyo & McLyte) - Remix","Brandy, MC Lyte, Yo-Yo, Queen Latifah",The Best Of Brandy (with bonus track),4/5/2005,0,256666,https://open.spotify.com/track/5HQwoi47vjLNqaOc329VNM,love,i wanna be down feat queen latifah yoyo mclyte remix
6a5jHgwqYMk9wlYJYfs3c9,Can We Talk,Tevin Campbell,The Best of Tevin Campbell,2001,62,284586,https://open.spotify.com/track/6a5jHgwqYMk9wlYJYfs3c9,love,can we talk
3upCmUgdchN3u0vkedbC5S,Touch It,Monifah,Mo'Hogany,1/1/1998,54,285826,https://open.spotify.com/track/3upCmUgdchN3u0vkedbC5S,love,touch it
04VArZKHm1xesMxqnsutDY,I'm Dreamin',Christopher Williams,New Jack City (Music from the Motion Picture),3/5/1991,49,303706,https://open.spotify.com/track/04VArZKHm1xesMxqnsutDY,love,im dreamin
3xRbymJj98leHL7K8Y94WS,She's Playing Hard To Get,Hi-Five,Greatest Hits,10/10/1994,44,276573,https://open.spotify.com/track/3xRbymJj98leHL7K8Y94WS,love,shes playing hard to get
7tsRp7QKUBp6hc9bth0h7x,Don't Walk Away,Jade,Jade To The Max,11/13/1992,63,216373,https://open.spotify.com/track/7tsRp7QKUBp6hc9bth0h7x,love,dont walk away
5A0aUvnfAEcmUx3hoXjI8R,I'm So Into You,SWV,It's About Time,10/27/1992,59,278333,https://open.spotify.com/track/5A0aUvnfAEcmUx3hoXjI8R,love,im so into you
0YwUJOHKYxlm5gVfIkl8Ym,Best Friend,Brandy,Brandy,1994,60,288840,https://open.spotify.com/track/0YwUJOHKYxlm5gVfIkl8Ym,love,best friend
7qdo6JOOaaY9LadOAhfXq7,Let's Get Down,"Tony! Toni! Toné!, DJ Quik",House Of Music,1/1/1996,57,299506,https://open.spotify.com/track/7qdo6JOOaaY9LadOAhfXq7,love,lets get down
6x53SJOV1PAZ8ZUwH4NFXQ,Knockin' da Boots,H-Town,Fever for da Flavor,1/28/1993,60,330945,https://open.spotify.com/track/6x53SJOV1PAZ8ZUwH4NFXQ,love,knockin da boots
5xE7sFTlv2yrG9mmhDSpdq,Come and Talk to Me - Remix,Jodeci,R&B Hits,10/4/2005,61,295386,https://open.spotify.com/track/5xE7sFTlv2yrG9mmhDSpdq,love,come and talk to me remix
0IBgCsG8dRnUtveiIaoFHF,In My Bed - So So Def Mix,"Dru Hill, Jermaine Dupri",Hits,10/11/2005,46,242360,https://open.spotify.com/track/0IBgCsG8dRnUtveiIaoFHF,love,in my bed so so def mix
6uQKuonTU8VKBz5SHZuQXD,This Is How We Do It,"Montell Jordan, Wino",This Is How We Do It,1/1/1995,67,238800,https://open.spotify.com/track/6uQKuonTU8VKBz5SHZuQXD,love,this is how we do it
2lp8xjq0WTm3HZKHuDEweg,Tell Me,Groove Theory,Groove Theory,7/25/1995,65,236066,https://open.spotify.com/track/2lp8xjq0WTm3HZKHuDEweg,love,tell me
6m59VvDUi0UQsB2eZ9wVbH,Poison,Bell Biv DeVoe,Poison,1/1/1990,76,261853,https://open.spotify.com/track/6m59VvDUi0UQsB2eZ9wVbH,love,poison
6fRLVZ4jKzuqyDPlIdbq9q,Butta Love,Next,Rated Next,9/30/1997,50,296400,https://open.spotify.com/track/6fRLVZ4jKzuqyDPlIdbq9q,love,butta love
5u3rsmRYRSKJpFHXPT4p07,Every Little Thing I Do,Soul For Real,Candy Rain,1995,63,260066,https://open.spotify.com/track/5u3rsmRYRSKJpFHXPT4p07,love,every little thing i do
36tOpYpo1omPwIab8ebEkW,Humpin' Around,Bobby Brown,Bobby,8/24/1992,47,378493,https://open.spotify.com/track/36tOpYpo1omPwIab8ebEkW,love,humpin around
4Wtk0YYWUcx1JYicaq5Jd0,It's All About Me,"Mýa, Sisqo",Mya,1/1/1998,50,264933,https://open.spotify.com/track/4Wtk0YYWUcx1JYicaq5Jd0,love,its all about me
3lRgzwd3g1TewI4zjgbh9V,Sensitivity,Ralph Tresvant,Ralph Tresvant,1/1/1990,53,281333,https://open.spotify.com/track/3lRgzwd3g1TewI4zjgbh9V,love,sensitivity
1CAw3ethNuSDPf3E7luSFF,Faded Pictures,"Case, Joe",Personal Conversation,1/1/1999,59,229773,https://open.spotify.com/track/1CAw3ethNuSDPf3E7luSFF,love,faded pictures
63PIgPkDf3rswlU4ZWCYAM,What About Your Friends,TLC,Ooooooohhh... On The TLC Tip,2/25/1992,51,293600,https://open.spotify.com/track/63PIgPkDf3rswlU4ZWCYAM,love,what about your friends
6Vas6h9lB5mmeVDXdFqlQA,Freak Like Me,Adina Howard,Do You Wanna Ride?,1995,62,253613,https://open.spotify.com/track/6Vas6h9lB5mmeVDXdFqlQA,love,freak like me
67ZorjDM25q7bETfLbHdfS,You're the One,SWV,New Beginning,4/23/1996,54,282600,https://open.spotify.com/track/67ZorjDM25q7bETfLbHdfS,love,youre the one
3XG801WWhqC753dekEBkMt,Real Love,Mary J. Blige,What's The 411?,1/1/1992,63,269973,https://open.spotify.com/track/3XG801WWhqC753dekEBkMt,love,real love
4cRR2gUTOerkUOW5iZpm91,Feels Good,Tony! Toni! Toné!,The Revival,1/1/1990,54,298373,https://open.spotify.com/track/4cRR2gUTOerkUOW5iZpm91,love,feels good
3lsse1FoSHnNXc6y0jHxvd,I Wanna Sex You Up - Single Mix,Color Me Badd,New Jack City (Music from the Motion Picture),3/5/1991,50,236946,https://open.spotify.com/track/3lsse1FoSHnNXc6y0jHxvd,love,i wanna sex you up single mix
2T6gVrosnbyaSGKXqsbi8I,Lady,D'Angelo,Brown Sugar,7/3/1995,0,346266,https://open.spotify.com/track/2T6gVrosnbyaSGKXqsbi8I,love,lady
0YfNXMKlh46m6aAhHOrmls,Doo Wop (That Thing) - Edit,Ms. Lauryn Hill,"R&B - 100 Hits - The Greatest R n B album - 100 R & B Classics featuring Usher, Pitbull and Justin Timberlake",6/24/2013,48,240666,https://open.spotify.com/track/0YfNXMKlh46m6aAhHOrmls,love,doo wop that thing edit
4lRrk574qIHpoEEKC1zuam,At Your Best (You Are Love),Aaliyah,Age Ain't Nothing But A Number,5/22/1994,63,291400,https://open.spotify.com/track/4lRrk574qIHpoEEKC1zuam,love,at your best you are love
5u3FywQOPJ5O7ZAjm31cnq,Right Here - Human Nature Radio Mix,SWV,Right Here,1992,55,226800,https://open.spotify.com/track/5u3FywQOPJ5O7ZAjm31cnq,love,right here human nature radio mix
47uDHNJpq4zUfOM0RFdEbV,Do Me!,Bell Biv DeVoe,Poison (Expanded Edition),3/20/1990,36,272426,https://open.spotify.com/track/47uDHNJpq4zUfOM0RFdEbV,love,do me
5X82VFLvjpeWQlTSShqqj0,Be Happy,Mary J. Blige,My Life,1/1/1994,56,349560,https://open.spotify.com/track/5X82VFLvjpeWQlTSShqqj0,love,be happy
69QIVIjPMnI1ABLBqh9P1b,Twisted,Keith Sweat,Keith Sweat,1996,71,260666,https://open.spotify.com/track/69QIVIjPMnI1ABLBqh9P1b,love,twisted
2mj1Z5bqu0UfW4o4a7UxpW,Last Night,Az Yet,Az Yet,10/27/1996,49,269026,https://open.spotify.com/track/2mj1Z5bqu0UfW4o4a7UxpW,love,last night
5BE3DOk0C26VCMxxT84bec,I Love Your Smile,Shanice,Ultimate Collection: Shanice,11/16/1999,49,259626,https://open.spotify.com/track/5BE3DOk0C26VCMxxT84bec,love,i love your smile
17aVK3oQdgwVG2l0HpP67W,Baby,Brandy,Brandy,1994,54,313293,https://open.spotify.com/track/17aVK3oQdgwVG2l0HpP67W,love,baby
4GAGWckW9edK3zB6ZS7Tz5,Candy Rain,Soul For Real,90's Soul Number 1's,1/1/2007,38,271093,https://open.spotify.com/track/4GAGWckW9edK3zB6ZS7Tz5,love,candy rain
4330XmgVWlx98Y3Naswycg,Sittin' Up In My Room - from Waiting to Exhale - Original Soundtrack,Brandy,Waiting To Exhale,11/14/1995,46,292066,https://open.spotify.com/track/4330XmgVWlx98Y3Naswycg,love,sittin up in my room from waiting to exhale original soundtrack
0JCAezTC5IlK1a9o0YBEsD,Don't Take It Personal (Just One of Dem Days),Monica,Miss Thang,7/18/1995,57,258466,https://open.spotify.com/track/0JCAezTC5IlK1a9o0YBEsD,love,dont take it personal just one of dem days
1aWV3uY3SIEZVbmv45oFWS,Creep,TLC,Crazysexycool,11/15/1994,67,268533,https://open.spotify.com/track/1aWV3uY3SIEZVbmv45oFWS,love,creep
6v5O3M2svc11Z9TMr6yVxI,Remember the Time,Michael Jackson,The Essential Michael Jackson,7/19/2005,41,239893,https://open.spotify.com/track/6v5O3M2svc11Z9TMr6yVxI,love,remember the time
4wDSLkTUIpRsn3UbCzW9wV,Motownphilly,Boyz II Men,The Best Of Boyz II Men 20th Century Masters The Millennium Collection,10/7/2003,46,235320,https://open.spotify.com/track/4wDSLkTUIpRsn3UbCzW9wV,love,motownphilly
1SkJ8HjZUZRPYT3R2rh5sA,Love Will Never Do (Without You),Janet Jackson,Rhythm Nation 1814,9/19/1989,46,350000,https://open.spotify.com/track/1SkJ8HjZUZRPYT3R2rh5sA,love,love will never do without you
0YneC4nNQEsKCqAGCv1tJK,My Lovin' (You're Never Gonna Get It),En Vogue,The Very Best of En Vogue,8/21/2001,40,281613,https://open.spotify.com/track/0YneC4nNQEsKCqAGCv1tJK,love,my lovin youre never gonna get it
5PIveStlGgjVL54GpVcqxr,My Way,USHER,My Way,9/16/1997,55,214853,https://open.spotify.com/track/5PIveStlGgjVL54GpVcqxr,love,my way
7DufxStaLzlKtFvG6VkdBU,All The Things (Your Man Won't Do),Joe,Greatest Hits,10/14/2008,36,380360,https://open.spotify.com/track/7DufxStaLzlKtFvG6VkdBU,love,all the things your man wont do
0hcW7qPqWWJc8189OaqQvX,You,"Jesse Powell, Gerald Albright",Jesse Powell,1/1/1996,57,318466,https://open.spotify.com/track/0hcW7qPqWWJc8189OaqQvX,love,you
1Oi2zpmL81Q0yScF1zxaC0,"Bills, Bills, Bills",Destiny's Child,The Writing's On The Wall,7/27/1999,70,256026,https://open.spotify.com/track/1Oi2zpmL81Q0yScF1zxaC0,love,bills bills bills
2W2vmNmTLERMWT9XBxm35E,Diggin' On You,TLC,Crazysexycool,11/15/1994,54,254560,https://open.spotify.com/track/2W2vmNmTLERMWT9XBxm35E,love,diggin on you
4SF1747p541umnykBp352Q,Nobody (feat. Athena Cage),"Keith Sweat, Athena Cage",Keith Sweat,1996,68,264773,https://open.spotify.com/track/4SF1747p541umnykBp352Q,love,nobody feat athena cage
0mIuIBLkaRvPCz6A0mPqbM,My Little Secret,Xscape,Traces Of My Lipstick,5/1/1998,49,268040,https://open.spotify.com/track/0mIuIBLkaRvPCz6A0mPqbM,love,my little secret
2fyTojfPYs67KBWN4WYRX7,Too Close,Next,Platinum & Gold Collection,4/30/2004,49,258866,https://open.spotify.com/track/2fyTojfPYs67KBWN4WYRX7,love,too close
6iUlUzSGZzKtlCvQ3wCVZD,Breakdown (feat. Krayzie Bone & Wish Bone),"Mariah Carey, Krayzie Bone, Wish Bone",Butterfly,9/16/1997,57,283573,https://open.spotify.com/track/6iUlUzSGZzKtlCvQ3wCVZD,love,breakdown feat krayzie bone wish bone
6N9uyMZf9pbNOuomveWscp,I Wanna Be Down,Brandy,Brandy,1994,67,291666,https://open.spotify.com/track/6N9uyMZf9pbNOuomveWscp,love,i wanna be down
70iDnqYvxCPl3mPd3ddxgD,Another Sad Love Song,Toni Braxton,Toni Braxton,7/13/1993,57,301560,https://open.spotify.com/track/70iDnqYvxCPl3mPd3ddxgD,love,another sad love song
5xka4Z5fOoXt0v9Qxpzh6t,Hey Mr. D.J.,Zhané,Pronounced Jah-Nay,2/8/1994,0,250666,https://open.spotify.com/track/5xka4Z5fOoXt0v9Qxpzh6t,love,hey mr dj
29rQJydAlO0uMyWvRIZxQg,That's The Way Love Goes,Janet Jackson,Janet,5/18/1993,66,265106,https://open.spotify.com/track/29rQJydAlO0uMyWvRIZxQg,love,thats the way love goes
1jCsCYgzQQHk3bDJDuFbNi,If I Ever Fall In Love,Shai,If I Ever Fall In Love,1/1/1992,59,189026,https://open.spotify.com/track/1jCsCYgzQQHk3bDJDuFbNi,love,if i ever fall in love
0tNuJpBgtE65diL6Q8Q7fI,On & On,Erykah Badu,Baduizm,1/1/1997,70,226133,https://open.spotify.com/track/0tNuJpBgtE65diL6Q8Q7fI,love,on on
6iX9C7Cqgn0St5a6L25udL,Touch Me Tease Me,"Case, Foxy Brown",Def Jam's Greatest Hits,9/9/1997,0,228866,https://open.spotify.com/track/6iX9C7Cqgn0St5a6L25udL,love,touch me tease me
4OnZR9U5JRFGF1Yza9j579,I Can Love You Like That,All-4-One,Rhino Hi-Five: All-4-One,4/19/2005,0,257959,https://open.spotify.com/track/4OnZR9U5JRFGF1Yza9j579,love,i can love you like that
13r5JSQ9i1ID0ZqMSDbi4s,"Only You (feat. The Notorious B.I.G., Ma$e) - Bad Boy Remix","112, The Notorious B.I.G., Ma$e",Bad Boy's 10th Anniversary- The Hits,3/9/2004,46,285453,https://open.spotify.com/track/13r5JSQ9i1ID0ZqMSDbi4s,love,only you feat the notorious big mae bad boy remix
5kHgrRO3hMDPehtH9VhYQc,"No, No, No Pt. 2 (feat. Wyclef Jean)","Destiny's Child, Wyclef Jean",Destiny's Child,2/17/1998,50,207466,https://open.spotify.com/track/5kHgrRO3hMDPehtH9VhYQc,love,no no no pt 2 feat wyclef jean
1MACgJABIGrFeArFtYdgbz,Cool It Now,New Edition,Greatest Hits-Volume One,1/1/1991,29,343733,https://open.spotify.com/track/1MACgJABIGrFeArFtYdgbz,love,cool it now
0YPUjnI3WAkJPAsPkantHe,Never Make A Promise,Dru Hill,Dru Hill,1/1/1996,0,328400,https://open.spotify.com/track/0YPUjnI3WAkJPAsPkantHe,love,never make a promise
0fVnw3Bl28cqbqOcBGOF5G,Groove Thang,Zhané,Pronounced Jah-Nay,2/8/1994,0,236506,https://open.spotify.com/track/0fVnw3Bl28cqbqOcBGOF5G,love,groove thang
6jUyYHDikmw9WltPojSR37,Got 'Til It's Gone,"Janet Jackson, Q-Tip, Joni Mitchell",The Velvet Rope,10/7/1997,0,241760,https://open.spotify.com/track/6jUyYHDikmw9WltPojSR37,love,got til its gone
4eDCsyIHTSu3cQZ5wDIyP7,Get It Together,702,No Doubt,1/1/1996,65,291400,https://open.spotify.com/track/4eDCsyIHTSu3cQZ5wDIyP7,love,get it together
3IuJXTVipz0DGz70MaCfgW,You Remind Me,Mary J. Blige,What's The 411?,1/1/1992,49,258092,https://open.spotify.com/track/3IuJXTVipz0DGz70MaCfgW,love,you remind me
1Dx8rIZaXzZPvUQRF2j9hB,Sweet Lady,Tyrese,Tyrese,8/31/1998,61,290600,https://open.spotify.com/track/1Dx8rIZaXzZPvUQRF2j9hB,love,sweet lady
6zA2SEJJoiNByVMlQ4vgtH,Down Low (Nobody Has to Know) (feat. Ronald Isley & Ernie Isley),"R. Kelly, Ronald Isley, Ernie Isley",R. Kelly,11/10/1995,49,288506,https://open.spotify.com/track/6zA2SEJJoiNByVMlQ4vgtH,love,down low nobody has to know feat ronald isley ernie isley
1hKQtfw99LLivX3vH1adZJ,Take A Sip - Tha Boogie Bandit Remix,"Naeleck, Ferd, n3, Tha Boogie Bandit",Take A Sip Remixes,3/15/2019,37,186617,https://open.spotify.com/track/1hKQtfw99LLivX3vH1adZJ,love,take a sip tha boogie bandit remix
2PsHIonOTmX6bSrzIJSjyS,Nobody Knows,The Tony Rich Project,Words,1/16/1996,56,306933,https://open.spotify.com/track/2PsHIonOTmX6bSrzIJSjyS,love,nobody knows
1ZQndK2NBHKKOaS8n1CTGP,A Thin Line Between Love & Hate (feat. Shirley Murdock),"H-Town, Shirley Murdock",The Compilation: Greatest Hits II and More,11/19/1996,47,300000,https://open.spotify.com/track/1ZQndK2NBHKKOaS8n1CTGP,love,a thin line between love hate feat shirley murdock
70aBlCLalffIq1c1cng6zO,Giving Him Something He Can Feel,En Vogue,The Very Best of En Vogue,8/21/2001,34,235706,https://open.spotify.com/track/70aBlCLalffIq1c1cng6zO,love,giving him something he can feel
58s4iqgXFzXhBndBkg2AaD,Spend My Life With You,"Eric Benét, Kevin ""K.D."" Davis",A Day in the Life,2/25/1999,60,276013,https://open.spotify.com/track/58s4iqgXFzXhBndBkg2AaD,love,spend my life with you
4t6qMeHgbxWod2SLokiSQp,Ordinary - Wedding Version,Alex Warren,Ordinary (Wedding Version),3/18/2025,73,186964,https://open.spotify.com/track/4t6qMeHgbxWod2SLokiSQp,love,ordinary wedding version
6CfWiCKBxbvL6bNnWQl8bV,Thinking Out Loud,Ed Sheeran,Wedding Songs,7/16/2022,48,281560,https://open.spotify.com/track/6CfWiCKBxbvL6bNnWQl8bV,love,thinking out loud
3WGH5P3BzYDxJBRSQDmK8J,Marry You,Bruno Mars,Wedding Songs,7/16/2022,42,230120,https://open.spotify.com/track/3WGH5P3BzYDxJBRSQDmK8J,love,marry you
75Nlnd9AJ4CYrLXgWGsuTF,How Sweet It Is (To Be Loved By You) - 2019 Remaster,James Taylor,Gorilla (2019 Remaster),5/1/1975,65,216386,https://open.spotify.com/track/75Nlnd9AJ4CYrLXgWGsuTF,love,how sweet it is to be loved by you 2019 remaster
3L99Ze40qI1MjhJwgW47OO,You Say,Lauren Daigle,Perfect Love Songs,2/9/2024,39,274693,https://open.spotify.com/track/3L99Ze40qI1MjhJwgW47OO,love,you say
3vViiiCepqGbdOanBMOgmI,My Girl - Mono; Remastered,Otis Redding,Wedding Songs,7/16/2022,35,175853,https://open.spotify.com/track/3vViiiCepqGbdOanBMOgmI,love,my girl mono remastered
01twL64hJwU3kAiSsUsIVa,I Choose You,Forest Blakk,I Choose You,6/23/2023,63,180040,https://open.spotify.com/track/01twL64hJwU3kAiSsUsIVa,love,i choose you
6iYxkBHyMpsgVxUgfy5fSx,ALL MY LOVE,Coldplay,Moon Music,10/4/2024,69,222647,https://open.spotify.com/track/6iYxkBHyMpsgVxUgfy5fSx,love,all my love
31CFbc2CDoYTT1If00pasb,One Call Away - Acoustic,Charlie Puth,Wedding Songs,7/16/2022,36,189052,https://open.spotify.com/track/31CFbc2CDoYTT1If00pasb,love,one call away acoustic
7rJkmoGkKjLMIPI9qUQnSy,Beautiful Things - Acoustic,Benson Boone,Beautiful Things (Alternate Versions),2/23/2024,71,201248,https://open.spotify.com/track/7rJkmoGkKjLMIPI9qUQnSy,love,beautiful things acoustic
0dRU2b0L1f1vJ3N6iiB2pj,Have I Told You Lately,Rod Stewart,Wedding Songs,7/16/2022,33,241506,https://open.spotify.com/track/0dRU2b0L1f1vJ3N6iiB2pj,love,have i told you lately
38zsOOcu31XbbYj9BIPUF1,Your Song,Elton John,Elton John,4/10/1970,79,241786,https://open.spotify.com/track/38zsOOcu31XbbYj9BIPUF1,love,your song
02VomyV2YmyAn5xR0v5X5w,It Had to Be You,Ray Charles,Wedding Songs,7/16/2022,30,164666,https://open.spotify.com/track/02VomyV2YmyAn5xR0v5X5w,love,it had to be you
6sqYKj0lROZeasNfZ8hjZG,True Companion,Marc Cohn,Wedding Songs,7/16/2022,30,249960,https://open.spotify.com/track/6sqYKj0lROZeasNfZ8hjZG,love,true companion
5iA84AwulcEvv7gVAmnNp3,Til Death Do Us Part,Leroy Sanchez,STANDBY (Español),4/29/2022,47,190119,https://open.spotify.com/track/5iA84AwulcEvv7gVAmnNp3,love,til death do us part
5gVCfYmQRPy1QJifP8f5gg,Fall In Love,Bailey Zimmerman,Fall In Love,2/11/2022,1,232058,https://open.spotify.com/track/5gVCfYmQRPy1QJifP8f5gg,love,fall in love
4DuGcxb3gRaefxya5lBYzb,Look At Us Now (Honeycomb) - Acoustic Demo,Daisy Jones & The Six,Look At Us Now (Honeycomb) [Acoustic Demo],4/14/2023,32,231653,https://open.spotify.com/track/4DuGcxb3gRaefxya5lBYzb,love,look at us now honeycomb acoustic demo
3oV2RVOmwdWdf9BmGS4Oad,Glad You Exist,Dan + Shay,Good Things,8/13/2021,56,144760,https://open.spotify.com/track/3oV2RVOmwdWdf9BmGS4Oad,love,glad you exist
1WbJD0bvccDwiFpYrM6a16,(You Make Me Feel Like) A Natural Woman,Aretha Franklin,Wedding Songs,7/16/2022,29,165333,https://open.spotify.com/track/1WbJD0bvccDwiFpYrM6a16,love,you make me feel like a natural woman
3t5o6aDBXWyNZiyFQylraq,Born To Be Alive,Bea and her Business,Born To Be Alive,5/12/2023,54,157068,https://open.spotify.com/track/3t5o6aDBXWyNZiyFQylraq,love,born to be alive
0LJIVYOer8mlCmTrKoP9Kh,I'll Never Not Love You,Michael Bublé,Higher,3/25/2022,43,218390,https://open.spotify.com/track/0LJIVYOer8mlCmTrKoP9Kh,love,ill never not love you
7fNrvWiFsEYLXMdGgPTXxU,Songbird - 2004 Remaster,Fleetwood Mac,Wedding Songs,7/16/2022,29,200813,https://open.spotify.com/track/7fNrvWiFsEYLXMdGgPTXxU,love,songbird 2004 remaster
13KhcUWu9WucFw0h5jB88R,Through The Echoes,Paolo Nutini,Through The Echoes / Lose It,5/11/2022,0,221245,https://open.spotify.com/track/13KhcUWu9WucFw0h5jB88R,love,through the echoes
4KCqwaAtPOBomQt6SkAUlU,Crazy Love,Michael Bublé,Wedding Songs,7/16/2022,30,211293,https://open.spotify.com/track/4KCqwaAtPOBomQt6SkAUlU,love,crazy love
3YdKJzcoMZMacISlpY4QoP,I Only Have Eyes for You,The Flamingos,Flamingo Serenade,8/11/1959,72,202773,https://open.spotify.com/track/3YdKJzcoMZMacISlpY4QoP,love,i only have eyes for you
7FKLJbZzLWiRZJnvnN9Fpt,Meant to Be (feat. Florida Georgia Line),"Bebe Rexha, Florida Georgia Line",Wedding Songs,7/16/2022,38,164640,https://open.spotify.com/track/7FKLJbZzLWiRZJnvnN9Fpt,love,meant to be feat florida georgia line
1j4Okp2EWef680zQg9SBvl,Little White Chapel,Amble,Little White Chapel,9/6/2024,47,243769,https://open.spotify.com/track/1j4Okp2EWef680zQg9SBvl,love,little white chapel
7B4HbpZCSfLzKGapKzlUPD,Pachelbel: Canon and Gigue for Three Violins and Continuo in D Major: Canon,"Johann Pachelbel, Sir Neville Marriner, Academy of St. Martin in the Fields",Mozart: Academy in Concert,1986,53,301586,https://open.spotify.com/track/7B4HbpZCSfLzKGapKzlUPD,love,pachelbel canon and gigue for three violins and continuo in d major canon
6OSGtkaFDBEOxpJ1MSGkSV,Somewhere Only We Know,Lily Allen,Wedding Songs,7/16/2022,31,208154,https://open.spotify.com/track/6OSGtkaFDBEOxpJ1MSGkSV,love,somewhere only we know
0r6I5tMDusK3ql2n2MKMuY,Crazy Love,Van Morrison,Wedding Songs,7/16/2022,34,155453,https://open.spotify.com/track/0r6I5tMDusK3ql2n2MKMuY,love,crazy love
0uhGgihlgkmAGZvp93rUwm,way after forever,vaultboy,way after forever,3/10/2023,48,173662,https://open.spotify.com/track/0uhGgihlgkmAGZvp93rUwm,love,way after forever
09Vx1SQCzOw1AUYGg948Po,Hey Love (From the Netflix Film ‘A Beautiful Life’),Christopher,A Beautiful Life (Music From The Netflix Film),6/1/2023,42,166636,https://open.spotify.com/track/09Vx1SQCzOw1AUYGg948Po,love,hey love from the netflix film a beautiful life
2XeGZDxR5RfYZYdwmpOh5U,Make It with You,Bread,Wedding Songs,7/16/2022,27,192200,https://open.spotify.com/track/2XeGZDxR5RfYZYdwmpOh5U,love,make it with you
5YqpHuXpFjDVZ7tY1ClFll,Heartbeats,José González,Veneer,4/3/2006,63,161680,https://open.spotify.com/track/5YqpHuXpFjDVZ7tY1ClFll,love,heartbeats
7FZrN4xpBFuymXRneqQIbg,When I Fall In Love,Michael Bublé,Wedding Songs,7/16/2022,28,243507,https://open.spotify.com/track/7FZrN4xpBFuymXRneqQIbg,love,when i fall in love
7eQHxigpuDJjCG50JyzU8v,BUTTERFLIES,"MAX, Ali Gatie",BUTTERFLIES,6/25/2021,0,191266,https://open.spotify.com/track/7eQHxigpuDJjCG50JyzU8v,love,butterflies
0x4KivIybqZnYxWOt9ii77,Wasn't Expecting That,Jamie Lawson,Wedding Songs,7/16/2022,27,201072,https://open.spotify.com/track/0x4KivIybqZnYxWOt9ii77,love,wasnt expecting that
672pbi6q4UuyJYIuThNsq3,Give You Love (feat. Jason Derulo),"Jessica Mauboy, Jason Derulo",Give You Love (feat. Jason Derulo),8/11/2023,46,174125,https://open.spotify.com/track/672pbi6q4UuyJYIuThNsq3,love,give you love feat jason derulo
4686eQ81DEswHa90bcdlC9,Rock and A Hard Place,Bailey Zimmerman,Rock and A Hard Place,6/10/2022,1,207540,https://open.spotify.com/track/4686eQ81DEswHa90bcdlC9,love,rock and a hard place
41yIvlFgvGwxq8qTqAR7eG,Bloom - Bonus Track,The Paper Kites,Woodland - EP,3/5/2013,1,210080,https://open.spotify.com/track/41yIvlFgvGwxq8qTqAR7eG,love,bloom bonus track
5vtOJrmovXGxGsnAck694H,Fields Of Gold (Songbird),Eva Cassidy,Songbird,5/19/1998,59,282093,https://open.spotify.com/track/5vtOJrmovXGxGsnAck694H,love,fields of gold songbird
4uzKAj0mIyYmyhsRRyPXaQ,Carry You Home,Alex Warren,Carry You Home,5/31/2024,72,166880,https://open.spotify.com/track/4uzKAj0mIyYmyhsRRyPXaQ,love,carry you home
2H0eoB9I9cBKxkGctqiCA0,So Beautiful - Single Edit,James Morrison,So Beautiful,9/13/2019,33,188135,https://open.spotify.com/track/2H0eoB9I9cBKxkGctqiCA0,love,so beautiful single edit
2xPV95cfbyusygMTxpa3SW,You,Dan + Shay,Good Things,8/13/2021,59,196253,https://open.spotify.com/track/2xPV95cfbyusygMTxpa3SW,love,you
7sqnVoTweuQofjz32gmDQl,Love You 'Til Death,Forest Blakk,Love You 'Til Death,2/14/2025,50,160636,https://open.spotify.com/track/7sqnVoTweuQofjz32gmDQl,love,love you til death
6ewtEhcgTtR4ZU7vf24pOK,Candy,Paolo Nutini,Wedding Songs,7/16/2022,27,298693,https://open.spotify.com/track/6ewtEhcgTtR4ZU7vf24pOK,love,candy
44szQB1ZEenKeQVIp1EZ6c,One Man's Love,Amble,The Commons,11/1/2024,56,211720,https://open.spotify.com/track/44szQB1ZEenKeQVIp1EZ6c,love,one mans love
5QYnNhTKsN3kE7OaqILA1U,First Times,Ed Sheeran,=,10/25/2021,58,185853,https://open.spotify.com/track/5QYnNhTKsN3kE7OaqILA1U,love,first times
4L5k6CJOltwqapOYT7OvkH,Home With Me,RIIKI REID,Home With Me,8/18/2023,31,167065,https://open.spotify.com/track/4L5k6CJOltwqapOYT7OvkH,love,home with me
2FvJarUKRhzOB8RJ9J9O99,Green Eyes,Coldplay,Wedding Songs,7/16/2022,26,223040,https://open.spotify.com/track/2FvJarUKRhzOB8RJ9J9O99,love,green eyes
56WG8yn5x8JNYHGfGEExCt,Just the Way You Are,Bruno Mars,Viral Hits: Rewind,9/19/2023,0,220733,https://open.spotify.com/track/56WG8yn5x8JNYHGfGEExCt,love,just the way you are
140d02skaVY4ABiW6irXom,We Can Reach the Stars,Blake Shelton,We Can Reach The Stars,11/5/2021,31,216826,https://open.spotify.com/track/140d02skaVY4ABiW6irXom,love,we can reach the stars
1MSQazOnFk7WjIm3sen4AE,The Best Days of My Life,Jason Gray,Love Will Have the Final Word,3/4/2014,28,228146,https://open.spotify.com/track/1MSQazOnFk7WjIm3sen4AE,love,the best days of my life
6uNSb2BDnQIgaa8mO6Hr7z,Leave the Door Open,"Bruno Mars, Anderson .Paak, Silk Sonic",Wedding Songs,7/16/2022,27,242096,https://open.spotify.com/track/6uNSb2BDnQIgaa8mO6Hr7z,love,leave the door open
4DhPRzkpdXYExzwUrV6t3i,"Debussy: Suite bergamasque, CD 82, L. 75: III. Clair de lune","Claude Debussy, Andrew von Oeyen",Debussy: Suite bergamasque: III. Clair de lune,7/26/2024,31,302986,https://open.spotify.com/track/4DhPRzkpdXYExzwUrV6t3i,love,debussy suite bergamasque cd 82 l 75 iii clair de lune
7avSThIZqiPOJBBXOHfUUd,TRUE,Spandau Ballet,Wedding Songs,7/16/2022,27,328293,https://open.spotify.com/track/7avSThIZqiPOJBBXOHfUUd,love,true
6XqmcXPzvILbJ4CmeyQE4A,Always,Bunch Of Grapes,Always,3/28/2025,28,148043,https://open.spotify.com/track/6XqmcXPzvILbJ4CmeyQE4A,love,always
2i8lw5PFlwK32qOEbucxD2,Let's Go Home Together,"Ella Henderson, Tom Grennan",Wedding Songs,7/16/2022,26,208692,https://open.spotify.com/track/2i8lw5PFlwK32qOEbucxD2,love,lets go home together
74e7TXfepDeeNnWQHu6vki,Feels Like This,Maisie Peters,Wedding Songs,7/16/2022,24,223346,https://open.spotify.com/track/74e7TXfepDeeNnWQHu6vki,love,feels like this
4Q12rnySxgZA5gX4cwblRG,Gorgeous,Brett Eldredge,Gorgeous,1/3/2025,45,214560,https://open.spotify.com/track/4Q12rnySxgZA5gX4cwblRG,love,gorgeous
0VK6LjfOx37YzDUkLtQS2p,Dancing in the Minefields,Andrew Peterson,Counting Stars,7/27/2010,42,210372,https://open.spotify.com/track/0VK6LjfOx37YzDUkLtQS2p,love,dancing in the minefields
1puhU2Pw5hNVu4CjsoU0dj,I Lost Myself In Loving You,Jamie Miller,Wedding Songs,7/16/2022,25,201306,https://open.spotify.com/track/1puhU2Pw5hNVu4CjsoU0dj,love,i lost myself in loving you
6YAYMDHymSAYZsmYqGVOXs,"December, 1963 (Oh What a Night!)",Frankie Valli & The Four Seasons,Wedding Songs,7/16/2022,24,201093,https://open.spotify.com/track/6YAYMDHymSAYZsmYqGVOXs,love,december 1963 oh what a night
3BSi5qoJGLab7rn7zfmTPA,A Groovy Kind of Love - 2016 Remaster,Phil Collins,The Singles (Expanded),10/14/2016,60,210346,https://open.spotify.com/track/3BSi5qoJGLab7rn7zfmTPA,love,a groovy kind of love 2016 remaster
6hYvw3LLTViP2mT4MpDNmT,Grow as We Go,Ben Platt,Sing To Me Instead,3/29/2019,58,249426,https://open.spotify.com/track/6hYvw3LLTViP2mT4MpDNmT,love,grow as we go
0bL2cwYV2pZbbKYs574LRf,You'll Be Mine,Brett Eldredge,Lonestar Lovers,3/14/2025,28,170346,https://open.spotify.com/track/0bL2cwYV2pZbbKYs574LRf,love,youll be mine
4wLZ4zPM9c4oe1VV8ejdWV,Home,Michael Bublé,It's Time,2/7/2005,59,225906,https://open.spotify.com/track/4wLZ4zPM9c4oe1VV8ejdWV,love,home
7ExSGiqt0W5xu3XoAwjnDm,Time After Time (Time After Time),Eva Cassidy,Time After Time,6/20/2000,57,240000,https://open.spotify.com/track/7ExSGiqt0W5xu3XoAwjnDm,love,time after time time after time
0mRM8KuaZ62AKyNS00MRBn,There It Goes - Acoustic,Maisie Peters,There It Goes (Acoustic),9/29/2023,39,217620,https://open.spotify.com/track/0mRM8KuaZ62AKyNS00MRBn,love,there it goes acoustic
72c71uox08Vwz9RCVCBIcU,The Power of Love,Gabrielle Aplin,Wedding Songs,7/16/2022,24,245160,https://open.spotify.com/track/72c71uox08Vwz9RCVCBIcU,love,the power of love
12IKMIGpOGazpaNXzhE36s,Us Against the World,Coldplay,Wedding Songs,7/16/2022,24,239767,https://open.spotify.com/track/12IKMIGpOGazpaNXzhE36s,love,us against the world
6qwkEez1yvpIS1K2Al2tuF,24K Magic,Bruno Mars,Wedding Songs,7/16/2022,26,225983,https://open.spotify.com/track/6qwkEez1yvpIS1K2Al2tuF,love,24k magic
5v4dJnJh5HC6mUUNQTl3PF,Ain't Nobody,Chaka Khan,Wedding Songs,7/16/2022,23,280853,https://open.spotify.com/track/5v4dJnJh5HC6mUUNQTl3PF,love,aint nobody
08uko64fCznlv7h4YYKJyD,"You Bet Your Sweet, Sweet Love",Candi Staton,Wedding Songs,7/16/2022,21,278813,https://open.spotify.com/track/08uko64fCznlv7h4YYKJyD,love,you bet your sweet sweet love
12151UpTnGBWrpgJ8b8jmg,Believe,Cher,Wedding Songs,7/16/2022,24,238693,https://open.spotify.com/track/12151UpTnGBWrpgJ8b8jmg,love,believe
4uLU6hMCjMI75M1A2tKUQC,Never Gonna Give You Up,Rick Astley,Whenever You Need Somebody,11/12/1987,3,213573,https://open.spotify.com/track/4uLU6hMCjMI75M1A2tKUQC,love,never gonna give you up
36umtbUVPKxlgJzKcrQIwI,"Let's Dance - Single Version, 2014 Remaster",David Bowie,Nothing Has Changed (The Best of David Bowie) [Deluxe Edition],11/14/2014,28,248586,https://open.spotify.com/track/36umtbUVPKxlgJzKcrQIwI,love,lets dance single version 2014 remaster
5nenaH7uVgLOGnFakPxHAw,The Best - Edit,Tina Turner,Wedding Songs,7/16/2022,23,250133,https://open.spotify.com/track/5nenaH7uVgLOGnFakPxHAw,love,the best edit
0WAZjg3J6VavTvnCCCa3sY,About Damn Time,Lizzo,Viral Hits: Rewind,9/19/2023,0,191822,https://open.spotify.com/track/0WAZjg3J6VavTvnCCCa3sY,love,about damn time
6x6jtNmUTxLQx2grY7FzI6,That's the Way (I Like It) - Edited Version,KC & The Sunshine Band,Wedding Songs,7/16/2022,22,183666,https://open.spotify.com/track/6x6jtNmUTxLQx2grY7FzI6,love,thats the way i like it edited version
4bEb3KE4mSKlTFjtWJQBqO,Don't Stop - 2004 Remaster,Fleetwood Mac,Rumours,2/4/1977,76,193346,https://open.spotify.com/track/4bEb3KE4mSKlTFjtWJQBqO,love,dont stop 2004 remaster
6wrxu9FiChdiaZ3P7MenNW,Respect,Aretha Franklin,Wedding Songs,7/16/2022,23,147600,https://open.spotify.com/track/6wrxu9FiChdiaZ3P7MenNW,love,respect
12XegSqU3PDSl8X5tXVLA4,Want to Want Me,Jason Derulo,Wedding Songs,7/16/2022,24,206280,https://open.spotify.com/track/12XegSqU3PDSl8X5tXVLA4,love,want to want me
3esdHrYyccagxfjWKiaFBX,I'm a Believer,The Monkees,Wedding Songs,7/16/2022,24,167373,https://open.spotify.com/track/3esdHrYyccagxfjWKiaFBX,love,im a believer
4T6HLdP6OcAtqC6tGnQelG,Everything,Michael Bublé,Call Me Irresponsible,4/27/2007,71,212373,https://open.spotify.com/track/4T6HLdP6OcAtqC6tGnQelG,love,everything
0DhWVAbb00MiXhD5Iw1VTl,Le Freak - Single Edit,CHIC,Wedding Songs,7/16/2022,21,215693,https://open.spotify.com/track/0DhWVAbb00MiXhD5Iw1VTl,love,le freak single edit
10SfRsGOylSFoJEmGWeM1Q,He's the Greatest Dancer - Edit Version,Sister Sledge,We Are Family - The Essential Sister Sledge,5/24/2013,41,214866,https://open.spotify.com/track/10SfRsGOylSFoJEmGWeM1Q,love,hes the greatest dancer edit version
63lQg9WqNq3glQ4QhDoydT,Soul Man,Sam & Dave,Wedding Songs,7/16/2022,21,156880,https://open.spotify.com/track/63lQg9WqNq3glQ4QhDoydT,love,soul man
41RT2V9v3oh5YqEoDcBmzC,Hold My Hand,Jess Glynne,Wedding Songs,7/16/2022,26,227343,https://open.spotify.com/track/41RT2V9v3oh5YqEoDcBmzC,love,hold my hand
16C6WvEjbYK3W4WAxTDlsM,Crazy What Love Can Do,"David Guetta, Becky Hill, Ella Henderson",Wedding Songs,7/16/2022,23,169756,https://open.spotify.com/track/16C6WvEjbYK3W4WAxTDlsM,love,crazy what love can do
2FWEptT9gqhyisyrArGgOY,Good Feeling,Flo Rida,Wedding Songs,7/16/2022,24,248133,https://open.spotify.com/track/2FWEptT9gqhyisyrArGgOY,love,good feeling
0Yu5V1PzrHjs62Vp4XKtNb,Forget You,CeeLo Green,Viral Hits: Rewind,9/19/2023,0,222733,https://open.spotify.com/track/0Yu5V1PzrHjs62Vp4XKtNb,love,forget you
41on8RwRh22IHcChAN2gm8,American Boy (feat. Kanye West),"Estelle, Kanye West",Shine,3/28/2008,1,284733,https://open.spotify.com/track/41on8RwRh22IHcChAN2gm8,love,american boy feat kanye west
22sLuJYcvZOSoLLRYev1s5,Material Girl,Madonna,Celebration (double disc version),9/18/2009,71,240280,https://open.spotify.com/track/22sLuJYcvZOSoLLRYev1s5,love,material girl
7sHeIOMSxIQpVZ0NPp5het,Levitating,"Dua Lipa, DaBaby",Viral Hits: Rewind,9/19/2023,0,203064,https://open.spotify.com/track/7sHeIOMSxIQpVZ0NPp5het,love,levitating
1d5FrmaMVEgerd0Z744m5J,Rockabye (feat. Sean Paul & Anne-Marie),"Clean Bandit, Sean Paul, Anne-Marie",Wedding Songs,7/16/2022,25,250456,https://open.spotify.com/track/1d5FrmaMVEgerd0Z744m5J,love,rockabye feat sean paul annemarie
5dfJyW2oPvuYs9SsuhnvlS,My Head & My Heart,Ava Max,Wedding Songs,7/16/2022,23,174760,https://open.spotify.com/track/5dfJyW2oPvuYs9SsuhnvlS,love,my head my heart
3k0DJq2HdWJqnqor8NX0ac,Padam Padam,Kylie Minogue,Padam Padam,5/18/2023,4,166266,https://open.spotify.com/track/3k0DJq2HdWJqnqor8NX0ac,love,padam padam
2oYFSRysbq57DeekVu8QGv,Head & Heart (feat. MNEK),"Joel Corry, MNEK",Wedding Songs,7/16/2022,26,166028,https://open.spotify.com/track/2oYFSRysbq57DeekVu8QGv,love,head heart feat mnek
6qsxngcIjEKomjYKeUBtui,Groove Is In the Heart,Deee-Lite,Wedding Songs,7/16/2022,20,231786,https://open.spotify.com/track/6qsxngcIjEKomjYKeUBtui,love,groove is in the heart
43Yxq5ouibhej2qYLyJioV,I'll Be There,Jess Glynne,Greatest Hits Ever,3/26/2021,22,194386,https://open.spotify.com/track/43Yxq5ouibhej2qYLyJioV,love,ill be there
6ZG919Qv4kKPsofvTe8Q0S,Move On Up,Curtis Mayfield,Wedding Songs,7/16/2022,21,165789,https://open.spotify.com/track/6ZG919Qv4kKPsofvTe8Q0S,love,move on up
3gxEZXUjrNbl3TlSrTGbR5,Modern Love - 2018 Remaster,David Bowie,Let's Dance (2018 Remaster),4/14/1983,70,288339,https://open.spotify.com/track/3gxEZXUjrNbl3TlSrTGbR5,love,modern love 2018 remaster
4Z1ulaMyYEefeLZORQCsxF,Love Shack,The B-52's,Greatest Hits Ever,3/26/2021,21,320680,https://open.spotify.com/track/4Z1ulaMyYEefeLZORQCsxF,love,love shack
18FquowgCIUMRN0BcSF8xa,I've Got a Woman,Ray Charles,Wedding Songs,7/16/2022,22,171466,https://open.spotify.com/track/18FquowgCIUMRN0BcSF8xa,love,ive got a woman
30FjTKLWJ12RpvFrXfUuhY,"This Is Me (From ""The Greatest Showman"")","Keala Settle, The Greatest Showman Ensemble",Wedding Songs,7/16/2022,23,234706,https://open.spotify.com/track/30FjTKLWJ12RpvFrXfUuhY,love,this is me from the greatest showman
3OfP1hLon7xSE4ODkeyZrj,High Hopes,Panic! At The Disco,Wedding Songs,7/16/2022,23,192133,https://open.spotify.com/track/3OfP1hLon7xSE4ODkeyZrj,love,high hopes
70VjMtwhm3Q2HBQeJnPfmh,Hung Up,Madonna,Celebration (double disc version),9/18/2009,50,336880,https://open.spotify.com/track/70VjMtwhm3Q2HBQeJnPfmh,love,hung up
7oVA6XDStx9WAGyXOcYP0x,Can't Get You Out of My Head,Kylie Minogue,Wedding Songs,7/16/2022,22,231480,https://open.spotify.com/track/7oVA6XDStx9WAGyXOcYP0x,love,cant get you out of my head
6XVo4USpxUzkcltW3Sj9tf,Take You Dancing,Jason Derulo,Wedding Songs,7/16/2022,23,190306,https://open.spotify.com/track/6XVo4USpxUzkcltW3Sj9tf,love,take you dancing
2rjjNUYONZqC7wSd1i6OFq,Good as Hell (feat. Ariana Grande),"Lizzo, Ariana Grande",Cuz I Love You (Super Deluxe),4/17/2019,58,159011,https://open.spotify.com/track/2rjjNUYONZqC7wSd1i6OFq,love,good as hell feat ariana grande
1Cqby5gdwLYzHMsjojpUDb,Don't Start Now,Dua Lipa,Wedding Songs,7/16/2022,23,183290,https://open.spotify.com/track/1Cqby5gdwLYzHMsjojpUDb,love,dont start now
2UoNFxe2svYWK8wowMoEVH,Dance Monkey,Tones And I,Viral Hits: Rewind,9/19/2023,0,209438,https://open.spotify.com/track/2UoNFxe2svYWK8wowMoEVH,love,dance monkey
2aC0wqs9bJne2CcueEvvdr,Spinning Around,Kylie Minogue,Wedding Songs,7/16/2022,20,207600,https://open.spotify.com/track/2aC0wqs9bJne2CcueEvvdr,love,spinning around
1ZGKtkU4lTZLSaJtsjkQ9y,Take On Me,a-ha,Viral Hits: Rewind,9/19/2023,0,224920,https://open.spotify.com/track/1ZGKtkU4lTZLSaJtsjkQ9y,love,take on me
096akzdwi93mbRPxAQrgjF,Locked Out of Heaven,Bruno Mars,Wedding Songs,7/16/2022,37,233478,https://open.spotify.com/track/096akzdwi93mbRPxAQrgjF,love,locked out of heaven
59aIcgOyw6t2RnZ9qPeWH0,Ciento,Rise High,Ciento,2/14/2025,42,245000,https://open.spotify.com/track/59aIcgOyw6t2RnZ9qPeWH0,love,ciento
7qj3gSAKVRayTcPJkR2RGg,Hinga Muna,Fred Engay,Hinga Muna,11/7/2025,26,260421,https://open.spotify.com/track/7qj3gSAKVRayTcPJkR2RGg,love,hinga muna
26DcgZg9O6YCUVuRukGGhQ,Aura,IV OF SPADES,Aura,7/16/2025,73,318867,https://open.spotify.com/track/26DcgZg9O6YCUVuRukGGhQ,love,aura
2ADSh3Mp744n2586tpUtIW,Dilaw,Maki,Dilaw,5/24/2024,72,192380,https://open.spotify.com/track/2ADSh3Mp744n2586tpUtIW,love,dilaw
4cBm8rv2B5BJWU2pDaHVbF,Multo,Cup of Joe,Multo,9/14/2024,81,237692,https://open.spotify.com/track/4cBm8rv2B5BJWU2pDaHVbF,love,multo
6tPFZRJKj5JR7qO3qWxaVm,Saksi Ang Langit,December Avenue,Saksi Ang Langit,11/25/2022,81,259058,https://open.spotify.com/track/6tPFZRJKj5JR7qO3qWxaVm,love,saksi ang langit
5l9g7py8RCblcvbZgGQgSd,Pagtingin,Ben&Ben,LIMASAWA STREET,5/12/2019,69,227370,https://open.spotify.com/track/5l9g7py8RCblcvbZgGQgSd,love,pagtingin
01yAdrgd5cjxUyebfX4VGa,Sandali,Cup of Joe,Sandali,9/10/2025,70,219201,https://open.spotify.com/track/01yAdrgd5cjxUyebfX4VGa,love,sandali
7dXZnGGBn9Kfu8NCnrRl3w,Kalimutan Ka,Skusta Clee,Kalimutan Ka,2/12/2025,75,288000,https://open.spotify.com/track/7dXZnGGBn9Kfu8NCnrRl3w,love,kalimutan ka
0zANeX4R6uWb82gCQAguOD,Habang Buhay,Zack Tabudlo,Habang Buhay,9/17/2021,58,244067,https://open.spotify.com/track/0zANeX4R6uWb82gCQAguOD,love,habang buhay
7trAmBLuRdzxHDftBs8LwX,Dahan Dahan,Fred Engay,Dahan Dahan,6/21/2024,47,242763,https://open.spotify.com/track/7trAmBLuRdzxHDftBs8LwX,love,dahan dahan
5mi8Oe95frx6LhvFioXE7t,Miss Miss,Rob Deniel,Miss Miss,12/8/2023,70,265677,https://open.spotify.com/track/5mi8Oe95frx6LhvFioXE7t,love,miss miss
0uZFcsx96wzbixsULmrg8o,Pasilyo,SunKissed Lola,Pasilyo,10/28/2022,75,270250,https://open.spotify.com/track/0uZFcsx96wzbixsULmrg8o,love,pasilyo
1ytElsSPsJ1GBqMfPYydRX,kahel na langit,Maki,kahel na langit,6/13/2025,74,216382,https://open.spotify.com/track/1ytElsSPsJ1GBqMfPYydRX,love,kahel na langit
16iRlyUMJVPqz62DlomMre,Ikaw Lang,NOBITA,Ikaw Lang,6/12/2020,9,263500,https://open.spotify.com/track/16iRlyUMJVPqz62DlomMre,love,ikaw lang
3h8uWt8HNyDNubPSEBgTPG,Yakap,Zack Tabudlo,Yakap,7/22/2022,54,178947,https://open.spotify.com/track/3h8uWt8HNyDNubPSEBgTPG,love,yakap
2ShJmQqsGHvcwBrkQWECCp,Sunrise,Fred Engay,Sunrise,11/6/2020,46,146351,https://open.spotify.com/track/2ShJmQqsGHvcwBrkQWECCp,love,sunrise
1mT8L0Da9RmYbx9TUpqU1y,Tanging Ikaw,Sugarcane,Tanging Ikaw,1/31/2025,64,176872,https://open.spotify.com/track/1mT8L0Da9RmYbx9TUpqU1y,love,tanging ikaw
7b89Ffklm3xh4GI37vlZDZ,Tingin,"Cup of Joe, Janine",Tingin,4/28/2023,77,222298,https://open.spotify.com/track/7b89Ffklm3xh4GI37vlZDZ,love,tingin
7njgHSuPpFzQdWsnwU8u45,LT. Butterfly,"Denice Lao, Fred Engay, Rise High",LT. Butterfly,7/18/2025,38,221000,https://open.spotify.com/track/7njgHSuPpFzQdWsnwU8u45,love,lt butterfly
2NxnWXho1vkCkuBijDyYNK,Naiilang,Le John,Naiilang,4/25/2025,79,247071,https://open.spotify.com/track/2NxnWXho1vkCkuBijDyYNK,love,naiilang
2Dhdu4YB3y5U3RiIcCJduv,Tibok,Earl Agustin,Tibok,6/16/2023,70,326666,https://open.spotify.com/track/2Dhdu4YB3y5U3RiIcCJduv,love,tibok
2C9Eh0yPIUvXDdamtZyrti,Toki,Rise High,Toki,8/16/2024,40,216000,https://open.spotify.com/track/2C9Eh0yPIUvXDdamtZyrti,love,toki
7dYth29KdWodmOyLfET13W,Nauupos,Fred Engay,Nauupos,10/6/2023,43,352983,https://open.spotify.com/track/7dYth29KdWodmOyLfET13W,love,nauupos
0DlpDP9w33WizDA6FGZ37k,Kay Ganda Mo,Frank Ely,Hallo!,12/23/2021,0,194861,https://open.spotify.com/track/0DlpDP9w33WizDA6FGZ37k,love,kay ganda mo
3mlXfQVSWdR8kbVojmVfmL,Ito Lamang,Project: Romeo,Ito Lamang,11/29/2024,53,199267,https://open.spotify.com/track/3mlXfQVSWdR8kbVojmVfmL,love,ito lamang
1kYNtaLiB2jEtm7SUbmo0f,Orie,"Fred Engay, Rise High",Orie,10/17/2025,36,218333,https://open.spotify.com/track/1kYNtaLiB2jEtm7SUbmo0f,love,orie
2K0CH6BtfBtY7wMnsKIuzo,Lihim,Arthur Miguel,Lihim,7/28/2023,64,246346,https://open.spotify.com/track/2K0CH6BtfBtY7wMnsKIuzo,love,lihim
06IkOr83qPqa3yYvrIjgxp,Sa Bawat Sandali,Amiel Sol,Sa Bawat Sandali,12/6/2024,75,302608,https://open.spotify.com/track/06IkOr83qPqa3yYvrIjgxp,love,sa bawat sandali
4S88dJ9cW8IC2qmoKOQn2c,Puso puso,Fred Engay,Puso-Puso,2/14/2025,42,210551,https://open.spotify.com/track/4S88dJ9cW8IC2qmoKOQn2c,love,puso puso
5OAGg2B2BjxzpiEcuzaCkZ,Namumula,Maki,Namumula,8/30/2024,65,174473,https://open.spotify.com/track/5OAGg2B2BjxzpiEcuzaCkZ,love,namumula
0kE1SmlJNLg14dgdo9kJws,Misteryoso,Cup of Joe,Misteryoso,5/17/2024,74,221641,https://open.spotify.com/track/0kE1SmlJNLg14dgdo9kJws,love,misteryoso
1imaIe1NEAaWnLF0BY0V6F,sining (feat. Jay R),"Dionela, Jay R",sining (feat. Jay R),6/7/2024,75,200000,https://open.spotify.com/track/1imaIe1NEAaWnLF0BY0V6F,love,sining feat jay r
3PgjBOoA5OytNGkglObpOd,Sa Susunod na Habang Buhay,Ben&Ben,Sa Susunod na Habang Buhay,2/28/2020,71,288189,https://open.spotify.com/track/3PgjBOoA5OytNGkglObpOd,love,sa susunod na habang buhay
3Nu0Kjuo8vSKMf5hF80Yy2,METRO,MIRA VIGONTE,METRO,1/31/2025,29,354185,https://open.spotify.com/track/3Nu0Kjuo8vSKMf5hF80Yy2,love,metro
0WuTFMJsWGWQNzvnsUcdxr,Huling Araw,Fred Engay,Huling Araw,10/18/2024,42,212876,https://open.spotify.com/track/0WuTFMJsWGWQNzvnsUcdxr,love,huling araw
0Qra8Ps4tJAZPqRXyehCjc,Heaven Knows - This Angel Has Flown,Orange & Lemons,Strike Whilst the Iron Is Hot,3/24/2005,74,241146,https://open.spotify.com/track/0Qra8Ps4tJAZPqRXyehCjc,love,heaven knows this angel has flown
47OFMuRu5lzJHRbtEXPBbs,Uhaw (Tayong Lahat),Dilaw,Uhaw (Tayong Lahat),12/16/2022,68,241185,https://open.spotify.com/track/47OFMuRu5lzJHRbtEXPBbs,love,uhaw tayong lahat
6lbHdRNNrEqh7O7FXxqtlo,Gabi,Fred Engay,Gabi,10/4/2019,39,212834,https://open.spotify.com/track/6lbHdRNNrEqh7O7FXxqtlo,love,gabi
6t4krDdBmRmcRH7mb8wPRL,Gusto feat. Al James,"Zack Tabudlo, Al James",Gusto,5/26/2023,61,260000,https://open.spotify.com/track/6t4krDdBmRmcRH7mb8wPRL,love,gusto feat al james
7diRn4jyJMR7u7wxkyS8nc,Mari Na Sa Bicol,Fred Engay,Mari Na Sa Bicol,8/5/2022,34,198752,https://open.spotify.com/track/7diRn4jyJMR7u7wxkyS8nc,love,mari na sa bicol
2e7iqtA42EPXTtiiAlblC1,"Babalik Sa'yo (from ""2 Good 2 Be True"")",Moira Dela Torre,"Babalik Sa'yo (from ""2 Good 2 Be True"")",7/22/2022,51,229711,https://open.spotify.com/track/2e7iqtA42EPXTtiiAlblC1,love,babalik sayo from 2 good 2 be true
2ONW0ksoUixoxT7gfI9hWX,711,TONEEJAY,711,9/8/2023,61,222000,https://open.spotify.com/track/2ONW0ksoUixoxT7gfI9hWX,love,711
2mJM3KBWIzwPYLarHnNLmJ,Para Di Na,Purple Magic,Para Di Na,10/22/2024,26,244000,https://open.spotify.com/track/2mJM3KBWIzwPYLarHnNLmJ,love,para di na
2dMQ4FbQcrEWVFK6NIFjrl,Museo,Eliza Maturan,Museo,4/19/2024,70,270400,https://open.spotify.com/track/2dMQ4FbQcrEWVFK6NIFjrl,love,museo
65VazLK0RJDMQfqOlcVtZ7,DITO,"Poy Labartinos, Fred Engay",DITO,2/7/2025,26,248075,https://open.spotify.com/track/65VazLK0RJDMQfqOlcVtZ7,love,dito
55eWkBMyr3bAHVVE1SLmDE,Ikot,Over October,Ikot,4/12/2024,59,250093,https://open.spotify.com/track/55eWkBMyr3bAHVVE1SLmDE,love,ikot
0SuQMjb2TleiKg1ebQSDnX,ERE,juan karlos,ERE,8/4/2023,64,284812,https://open.spotify.com/track/0SuQMjb2TleiKg1ebQSDnX,love,ere
1eVqZdwIfzy1VjQOHmFSlw,Balaraw (Balang Araw),Dagger Dion,Balaraw (Balang Araw),12/18/2020,23,252027,https://open.spotify.com/track/1eVqZdwIfzy1VjQOHmFSlw,love,balaraw balang araw
61DuXKQqvXkxcrAIiNLIgR,Saan?,Maki,Saan?,3/31/2023,60,206500,https://open.spotify.com/track/61DuXKQqvXkxcrAIiNLIgR,love,saan
5BxtHRTyatV1gCBumnHSN2,Tugon,Project: Romeo,Tugon,6/24/2023,47,286000,https://open.spotify.com/track/5BxtHRTyatV1gCBumnHSN2,love,tugon
1dcNEEtODRVZEevQ20Cgmy,Nangangamba,Zack Tabudlo,Nangangamba,8/7/2020,67,210354,https://open.spotify.com/track/1dcNEEtODRVZEevQ20Cgmy,love,nangangamba
21gWhGHu1NFgdM8k93brhV,Ayoko,UDS,Ayoko,12/31/2018,25,264167,https://open.spotify.com/track/21gWhGHu1NFgdM8k93brhV,love,ayoko
6dlW7m78wKau9ZRqPLAUJA,Yakap,figvres,Yakap,2/29/2024,65,268085,https://open.spotify.com/track/6dlW7m78wKau9ZRqPLAUJA,love,yakap
0mtkRIAOueeXqHpyahIbtJ,Raining In Manila,Lola Amour,Raining In Manila,6/14/2023,62,291070,https://open.spotify.com/track/0mtkRIAOueeXqHpyahIbtJ,love,raining in manila
6wdCelHrPh7UfliNjwRTUv,Leaves,Ben&Ben,Leaves,3/31/2017,69,310708,https://open.spotify.com/track/6wdCelHrPh7UfliNjwRTUv,love,leaves
5o5rOj568TLbuwXvwA9WIZ,Panata,Tothapi,Panata,10/30/2024,59,275893,https://open.spotify.com/track/5o5rOj568TLbuwXvwA9WIZ,love,panata
5QJYLlZvfZHX1wUTrgROru,"Patawad, Paalam","Moira Dela Torre, I Belong to the Zoo",Patawad,3/27/2020,0,323140,https://open.spotify.com/track/5QJYLlZvfZHX1wUTrgROru,love,patawad paalam
3vUqB1JscVAbi89WhhyGxg,Mauli,"Fred Engay, Mei Teves",Mauli,3/2/2020,38,217718,https://open.spotify.com/track/3vUqB1JscVAbi89WhhyGxg,love,mauli
0sqnYgWOw9DMc6jRgkcB2m,Palagi,TJ Monterde,Palagi,7/6/2023,63,218051,https://open.spotify.com/track/0sqnYgWOw9DMc6jRgkcB2m,love,palagi
1tC2PLqLeJXt0VlgOYpc6m,Bawat Piyesa,Munimuni,Kulayan Natin,7/26/2019,66,386000,https://open.spotify.com/track/1tC2PLqLeJXt0VlgOYpc6m,love,bawat piyesa
6r1l5lVuUNj0XSZO94gKxn,Final Entry/Nakakapagod Na,Mei Teves,Final Entry/Nakakapagod Na,9/8/2023,38,299161,https://open.spotify.com/track/6r1l5lVuUNj0XSZO94gKxn,love,final entrynakakapagod na
6HxGR4H7Qfe4uR68veOW3g,"Balisong (Theme Song of the Movie ""100 Tula Para Kay Stella"")",The Juans,"Balisong (Theme Song of the Movie ""100 Tula Para Kay Stella"")",7/7/2017,0,229034,https://open.spotify.com/track/6HxGR4H7Qfe4uR68veOW3g,love,balisong theme song of the movie 100 tula para kay stella
6JAb0usKUwR2OZ0L3jDyzf,Gumamela,Jireh Lim,Gumamela,11/4/2022,38,212989,https://open.spotify.com/track/6JAb0usKUwR2OZ0L3jDyzf,love,gumamela
0en1kxNAvVQxLpbteRTG7L,Ulap,Rob Deniel,Ulap,9/13/2020,0,405738,https://open.spotify.com/track/0en1kxNAvVQxLpbteRTG7L,love,ulap
3N86cJokR8dscEw9QeDXuL,Interesado,Ron Clarin Alcoriza,Interesado,3/10/2023,25,304390,https://open.spotify.com/track/3N86cJokR8dscEw9QeDXuL,love,interesado
5d9Rka4T0szdC1MobhtXrV,Paninindigan Kita,Ben&Ben,Paninindigan Kita,5/1/2022,65,309760,https://open.spotify.com/track/5d9Rka4T0szdC1MobhtXrV,love,paninindigan kita
6aJIzdh5lAcnNwIpDqd9Ok,Tinig (Ng Pagibig),Rise High,Tinig (Ng Pagibig),3/6/2020,34,222375,https://open.spotify.com/track/6aJIzdh5lAcnNwIpDqd9Ok,love,tinig ng pagibig
3LvrJEPQ61Vvj1t3Edg20X,Ikaw Pa Rin Ang Pipiliin Ko,Cup of Joe,Ikaw Pa Rin Ang Pipiliin Ko,7/2/2021,71,262068,https://open.spotify.com/track/3LvrJEPQ61Vvj1t3Edg20X,love,ikaw pa rin ang pipiliin ko
0NCkmYgdIkUd3iimgMHtfB,Sabik,The Juans,Liwanag,3/17/2022,40,209999,https://open.spotify.com/track/0NCkmYgdIkUd3iimgMHtfB,love,sabik
00mBzIWv5gHOYxwuEJXjOG,Sa Ngalan Ng Pag-Ibig,December Avenue,Sa Ngalan Ng Pag-Ibig,4/29/2017,1,285138,https://open.spotify.com/track/00mBzIWv5gHOYxwuEJXjOG,love,sa ngalan ng pagibig
5dVLtXuGXzaFBoAiwE6YZU,'Di Na Posible,Similar Sky,'Di Na Posible,5/24/2024,52,275999,https://open.spotify.com/track/5dVLtXuGXzaFBoAiwE6YZU,love,di na posible
1ZzEba5GA2QW4em4m8pf4a,Kaya Ko Pala,Luna and Apollo,Kaya Ko Pala,6/28/2024,32,236162,https://open.spotify.com/track/1ZzEba5GA2QW4em4m8pf4a,love,kaya ko pala
2aw9gph33z3qCtAD6pmTPx,Lagi,Skusta Clee,Lagi,6/21/2021,62,214500,https://open.spotify.com/track/2aw9gph33z3qCtAD6pmTPx,love,lagi
1ax06geCh4xRi4dGBs5p9D,Celeste,Tothapi,Celeste,10/21/2022,0,199636,https://open.spotify.com/track/1ax06geCh4xRi4dGBs5p9D,love,celeste
08MFgEQeVLF37EyZ7jcwLc,Pano,Zack Tabudlo,Pano,12/6/2021,67,254400,https://open.spotify.com/track/08MFgEQeVLF37EyZ7jcwLc,love,pano
0ukSeS4jnLLdfv6LVXadyD,Pangalan,Mei Teves,Pangalan,12/31/2021,0,234097,https://open.spotify.com/track/0ukSeS4jnLLdfv6LVXadyD,love,pangalan
1VXWIeBsFR66bstpB9sn0T,Tinatangi,"Cookie Chua, Bayang Barrios, The Benjamins",PhilPop 2016,6/10/2016,0,212933,https://open.spotify.com/track/1VXWIeBsFR66bstpB9sn0T,love,tinatangi
5hvqC3Xiz3Ll2yZtaBPnvi,Bituin,Letters From June,Bituin,6/14/2024,47,287507,https://open.spotify.com/track/5hvqC3Xiz3Ll2yZtaBPnvi,love,bituin
7cHycXGo5HnVQ5NkI3dLWK,Baliw,SUD,Baliw,8/30/2019,50,218983,https://open.spotify.com/track/7cHycXGo5HnVQ5NkI3dLWK,love,baliw
4D4LqHOFRnt73hEsByjrxy,Bumalik sa simula,Rise High,Bumalik sa simula,7/15/2023,26,241000,https://open.spotify.com/track/4D4LqHOFRnt73hEsByjrxy,love,bumalik sa simula
06QaUonQZi89XxfvPdUa1l,Sinayang,"Hey Its Je, Kunnns",Sinayang,10/8/2021,28,258778,https://open.spotify.com/track/06QaUonQZi89XxfvPdUa1l,love,sinayang
33a5I5tDvZoI3iIucwrho5,lutang,jikamarie,lutang,8/29/2021,0,272125,https://open.spotify.com/track/33a5I5tDvZoI3iIucwrho5,love,lutang
7EiN0HinvUHr8sahwBMxd1,Kutsinta,Tothapi,Kutsinta,3/27/2024,39,315562,https://open.spotify.com/track/7EiN0HinvUHr8sahwBMxd1,love,kutsinta
2xfryRaVlZmaLpTgSB056n,Ba't Ba?,Luna and Apollo,Ba't Ba?,2/2/2024,23,292989,https://open.spotify.com/track/2xfryRaVlZmaLpTgSB056n,love,bat ba
34YfLWuoxLEcvJQNxdI9P2,Pagsamo,Arthur Nery,Pagsamo,10/1/2021,0,297001,https://open.spotify.com/track/34YfLWuoxLEcvJQNxdI9P2,love,pagsamo
7k1xgMqvp8W28jQVDQoPsp,Orasan,We The Santiago.,Orasan,11/9/2022,28,211200,https://open.spotify.com/track/7k1xgMqvp8W28jQVDQoPsp,love,orasan
0QQoU68nnBRWJqr9ak3mnS,MAPA (Band Version),"SB19, Ben&Ben",MAPA (Band Version),6/27/2021,53,270411,https://open.spotify.com/track/0QQoU68nnBRWJqr9ak3mnS,love,mapa band version
6H1x0S41IKbJ614E33Xrhh,Pagitan,Minaw,Pagitan,10/8/2021,30,349333,https://open.spotify.com/track/6H1x0S41IKbJ614E33Xrhh,love,pagitan
5MYPzdIWgx3pMLRGlq2fVq,Asan Ka Na Ba,Zack Tabudlo,Asan Ka Na Ba,3/25/2022,54,241132,https://open.spotify.com/track/5MYPzdIWgx3pMLRGlq2fVq,love,asan ka na ba
4YJotBaxWOXvFxzE3gCLd1,Inlove,Fred Engay,Inlove,2/11/2022,31,187738,https://open.spotify.com/track/4YJotBaxWOXvFxzE3gCLd1,love,inlove
35yw6wTQcItHtyrbCAQV9L,Ako Naman Muna,Angela Ken,Ako Naman Muna,3/5/2021,0,327058,https://open.spotify.com/track/35yw6wTQcItHtyrbCAQV9L,love,ako naman muna
6VqZS3Wmf53pbfDBVEYvnP,Hindi Tayo Pwede,The Juans,Umaga,10/26/2018,0,303937,https://open.spotify.com/track/6VqZS3Wmf53pbfDBVEYvnP,love,hindi tayo pwede
6gZuSIaLzS0LnKqWK5WJVl,Hating Gabi,Hezekiah Mesina,Hating Gabi,2/22/2022,20,243461,https://open.spotify.com/track/6gZuSIaLzS0LnKqWK5WJVl,love,hating gabi
1mXxolyhAm7eP91K48L57k,Samahan Mo Ako,Hey Its Je,Samahan Mo Ako,1/7/2021,44,212976,https://open.spotify.com/track/1mXxolyhAm7eP91K48L57k,love,samahan mo ako
6AM4tR8evoIYmXrEoDwfNb,Kahit Na Tambay,Fred Engay,Kahit Na Tambay,10/1/2021,39,157940,https://open.spotify.com/track/6AM4tR8evoIYmXrEoDwfNb,love,kahit na tambay
0FOYt3VRWweAWgN1relGqN,Laro,Autotelic,Papunta Pabalik,9/30/2016,45,320573,https://open.spotify.com/track/0FOYt3VRWweAWgN1relGqN,love,laro
4u8RkgV6P4TLi89SmlUtv8,Mundo,IV OF SPADES,Mundo,2/14/2018,1,349713,https://open.spotify.com/track/4u8RkgV6P4TLi89SmlUtv8,love,mundo
2BgD4nRyx9EZ5o8YEnjRSV,Kung 'Di Rin Lang Ikaw,"December Avenue, Moira Dela Torre",Kung 'Di Rin Lang Ikaw,7/22/2018,0,267759,https://open.spotify.com/track/2BgD4nRyx9EZ5o8YEnjRSV,love,kung di rin lang ikaw
49SGaIBcaaOv0OhcUVrLtN,Celeste (Full Band Version),Tothapi,Celeste (Full Band Version),3/1/2024,39,202500,https://open.spotify.com/track/49SGaIBcaaOv0OhcUVrLtN,love,celeste full band version
3WUEs51GpcvlgU7lehLgLh,Kathang Isip,Ben&Ben,Kathang Isip,6/23/2017,72,318814,https://open.spotify.com/track/3WUEs51GpcvlgU7lehLgLh,love,kathang isip
5w0gS64z7eaAIrJXD8bpwT,Padaba,"Fred Engay, Tin Almendras",Padaba,5/7/2021,37,277029,https://open.spotify.com/track/5w0gS64z7eaAIrJXD8bpwT,love,padaba
5Hm2MJQ4ECvQmH5QWCMQrR,Paraluman,Adie,Paraluman,3/26/2021,0,312320,https://open.spotify.com/track/5Hm2MJQ4ECvQmH5QWCMQrR,love,paraluman
652CegYwXhnFnVz3SgGzTO,Ilaw Sa Daan,IV OF SPADES,Ilaw Sa Daan,10/7/2016,57,242790,https://open.spotify.com/track/652CegYwXhnFnVz3SgGzTO,love,ilaw sa daan
0Yb0T1IVTzNBSZu790EvDL,Languyin,Autotelic,Papunta Pabalik,9/30/2016,44,264253,https://open.spotify.com/track/0Yb0T1IVTzNBSZu790EvDL,love,languyin
24bmXekGRqVFRlPYdfzyJr,Midnight Sky,Unique Salonga,Grandma,8/13/2018,0,244426,https://open.spotify.com/track/24bmXekGRqVFRlPYdfzyJr,love,midnight sky
3cdVZ0zqOHl8cS0bR06oKZ,Papansin,Minaw,Papansin,2/25/2022,30,257058,https://open.spotify.com/track/3cdVZ0zqOHl8cS0bR06oKZ,love,papansin
5Vta4sfOrj9fTbNZXmjM2i,Ayoko Na'ng Maging Single,Poy Labartinos,Ayoko Na'ng Maging Single,2/2/2024,23,228086,https://open.spotify.com/track/5Vta4sfOrj9fTbNZXmjM2i,love,ayoko nang maging single
3I2fxo7S9Z29I7xsntRCLD,Istorya,The Juans,Istorya,10/27/2017,0,253401,https://open.spotify.com/track/3I2fxo7S9Z29I7xsntRCLD,love,istorya
1X4l4i472kW5ofFP8Xo0x0,Sana - Single Version,I Belong to the Zoo,Sana,4/28/2018,0,277098,https://open.spotify.com/track/1X4l4i472kW5ofFP8Xo0x0,love,sana single version
2hLWGufXgFRtvbHTDbmrw7,Katabi,Fred Engay,Katabi,12/27/2020,39,266815,https://open.spotify.com/track/2hLWGufXgFRtvbHTDbmrw7,love,katabi
1yDiru08Q6omDOGkZMPnei,Maybe The Night,Ben&Ben,Maybe The Night,10/27/2017,66,217197,https://open.spotify.com/track/1yDiru08Q6omDOGkZMPnei,love,maybe the night
0K4lDbom7qAebFYnlhORJT,Fire,Fred Engay,Fire,6/21/2019,40,270550,https://open.spotify.com/track/0K4lDbom7qAebFYnlhORJT,love,fire
6GIzDc4xBUeYHwubWwTrhC,Kahit Di Mo Alam,December Avenue,Kahit Di Mo Alam,9/17/2017,0,282094,https://open.spotify.com/track/6GIzDc4xBUeYHwubWwTrhC,love,kahit di mo alam
58grXgbCj7t5ulr0TGLIr9,Kahit Ayaw Mo Na,This Band,Kahit Ayaw Mo Na,11/2/2018,0,243015,https://open.spotify.com/track/58grXgbCj7t5ulr0TGLIr9,love,kahit ayaw mo na
0wNf0yIreg4A8C5ZUY6b6Q,SITWASYONSHIP,Janine Berdin,SITWASYONSHIP,9/29/2023,51,228553,https://open.spotify.com/track/0wNf0yIreg4A8C5ZUY6b6Q,love,sitwasyonship
2wOy4GNuwDYag3ABH0LVje,Manatili,Vanz Bonaobra,Manatili,1/7/2018,36,300000,https://open.spotify.com/track/2wOy4GNuwDYag3ABH0LVje,love,manatili
2ZiNCGDMapQzMtnPRVOKZI,Di Makatulog,SUD,Di Makatulog,6/30/2017,55,329396,https://open.spotify.com/track/2ZiNCGDMapQzMtnPRVOKZI,love,di makatulog
6vHpfxm4thfKCtjSbwKbGa,Kursunada,"Hey Its Je, Cliff",Kursunada,3/25/2021,35,289963,https://open.spotify.com/track/6vHpfxm4thfKCtjSbwKbGa,love,kursunada
5f9808hpiCpuNyqqdXmpF2,Buwan,juan karlos,Buwan,6/22/2018,67,343446,https://open.spotify.com/track/5f9808hpiCpuNyqqdXmpF2,love,buwan
6ipu0NJW6CpYZjHnUo1xxS,Walang Hanggan,Quest,Life Of A Champion,5/20/2016,52,383703,https://open.spotify.com/track/6ipu0NJW6CpYZjHnUo1xxS,love,walang hanggan
7CXBhqBSbHNgecVX6aguUp,Sa Hindi Pag-Alala,Munimuni,Simula,3/17/2017,60,248674,https://open.spotify.com/track/7CXBhqBSbHNgecVX6aguUp,love,sa hindi pagalala
0ztDBQdQmdVZvorSmIjMih,Tagpuan,Moira Dela Torre,Malaya,2/19/2018,0,260240,https://open.spotify.com/track/0ztDBQdQmdVZvorSmIjMih,love,tagpuan
65sEZZaxTjLMD8vNgPoMz5,Imahe,Magnus Haven,Imahe,11/30/2018,72,321817,https://open.spotify.com/track/65sEZZaxTjLMD8vNgPoMz5,love,imahe
2X5AFygz5SDYlXagyPw8kX,Binibini,Zack Tabudlo,Binibini,3/26/2021,57,221538,https://open.spotify.com/track/2X5AFygz5SDYlXagyPw8kX,love,binibini
4YNVHQrwx6WD4lgEZPF2c1,Kahit Di Ko Sabihin,Hey Its Je,Kahit Di Ko Sabihin,5/6/2021,34,251866,https://open.spotify.com/track/4YNVHQrwx6WD4lgEZPF2c1,love,kahit di ko sabihin
0x2VgHoxUxKFbIUqQur8Fe,Sino,Unique Salonga,Grandma,8/13/2018,0,280426,https://open.spotify.com/track/0x2VgHoxUxKFbIUqQur8Fe,love,sino
6OvnXcO0CIRq4qzTl0NVEn,Landian,"Fred Engay, Brian Pepito",Landian,6/20/2021,35,231666,https://open.spotify.com/track/6OvnXcO0CIRq4qzTl0NVEn,love,landian
6Yq6GkbNBGqMqE16evuFsB,safe&warm,Fin and Fil,safe&warm,2/29/2020,30,228000,https://open.spotify.com/track/6Yq6GkbNBGqMqE16evuFsB,love,safewarm
5NXdUJ3Z2jhlp2u1cj6f7m,Balang Araw - Single Version,I Belong to the Zoo,Balang Araw,10/23/2018,0,288207,https://open.spotify.com/track/5NXdUJ3Z2jhlp2u1cj6f7m,love,balang araw single version
5nMKJJ5Rl6X1yn58aVeICO,Bulong,December Avenue,Bulong,4/8/2018,0,270233,https://open.spotify.com/track/5nMKJJ5Rl6X1yn58aVeICO,love,bulong
2RgD3eO4IIGF16rR8Ch8OV,Hindi Na Nga,This Band,Hindi Na Nga,9/14/2018,0,282442,https://open.spotify.com/track/2RgD3eO4IIGF16rR8Ch8OV,love,hindi na nga
0QQLjnPQ1gl4ZjJDFkZ1NU,WLKN,Fred Engay,WLKN,12/31/2021,33,202922,https://open.spotify.com/track/0QQLjnPQ1gl4ZjJDFkZ1NU,love,wlkn
2IMODbij0lZ5CuAjZi0IDE,Sila,SUD,Sila,7/31/2015,66,326000,https://open.spotify.com/track/2IMODbij0lZ5CuAjZi0IDE,love,sila
3PJP3lKVWLvr1Tn0vly481,"Oh, Mahal","Dro Perez, Cliff","Oh, Mahal",2/12/2021,30,247578,https://open.spotify.com/track/3PJP3lKVWLvr1Tn0vly481,love,oh mahal
5tKzuxCVwyQC3owm3eKBCJ,Sarong Banggi,Fred Engay,Sarong Banggi,3/31/2023,32,205693,https://open.spotify.com/track/5tKzuxCVwyQC3owm3eKBCJ,love,sarong banggi
6YEO7K4hwGKh7BmNxMMvkc,Oks Lang,John Roa,Oks Lang,2/14/2018,0,336369,https://open.spotify.com/track/6YEO7K4hwGKh7BmNxMMvkc,love,oks lang
5hew0m0Jl7qGHI0wQnhOlx,Kawalan,Fred Engay,Kawalan,11/19/2021,30,164757,https://open.spotify.com/track/5hew0m0Jl7qGHI0wQnhOlx,love,kawalan
6FT35oVqQZFiTPL9BLmHOH,Tayo Lang Ang May Alam,Peryodiko,Balik Sa Simula,10/1/2014,43,292473,https://open.spotify.com/track/6FT35oVqQZFiTPL9BLmHOH,love,tayo lang ang may alam
1CZJ2yA160WXmUI32Rf1aF,Patawarin,Fred Engay,Patawarin,8/6/2021,34,237997,https://open.spotify.com/track/1CZJ2yA160WXmUI32Rf1aF,love,patawarin
3vGkyQlCw8LklNip0ZUELC,Nobela,Join The Club,Nobela,4/1/2016,68,291506,https://open.spotify.com/track/3vGkyQlCw8LklNip0ZUELC,love,nobela
3vZz00XHR0pE5oMUO7RTNg,Pakialam - Studio Version,"Mei Teves, Henry Alburo",Pakialam (Studio Version),10/18/2024,21,300646,https://open.spotify.com/track/3vZz00XHR0pE5oMUO7RTNg,love,pakialam studio version
5UhpceEr5XmbVwyoIUIRnh,Hanggang Kailan - Umuwi Ka Na Baby,Orange & Lemons,Strike Whilst the Iron Is Hot,3/24/2005,0,261866,https://open.spotify.com/track/5UhpceEr5XmbVwyoIUIRnh,love,hanggang kailan umuwi ka na baby
7hoP5NDUXEbmOawvEAsi8h,'Di Na Babalik,This Band,'Di Na Babalik,2/3/2019,0,340262,https://open.spotify.com/track/7hoP5NDUXEbmOawvEAsi8h,love,di na babalik
1ZlGWHj8q3BXHOdaDuo7vK,Respeto,Fred Engay,Respeto,3/3/2023,26,232163,https://open.spotify.com/track/1ZlGWHj8q3BXHOdaDuo7vK,love,respeto
3hrkPBNoXAasNErj9ATIve,Hinga,Minaw,Hinga,7/30/2021,33,285714,https://open.spotify.com/track/3hrkPBNoXAasNErj9ATIve,love,hinga
6z5N0OC5P1vSsHy6OIinaa,Broken String,Fred Engay,Broken String,1/12/2024,31,187121,https://open.spotify.com/track/6z5N0OC5P1vSsHy6OIinaa,love,broken string
7I8DzFkeonK2fLE1nIlQsA,MB,Dro Perez,MB,3/22/2021,32,220645,https://open.spotify.com/track/7I8DzFkeonK2fLE1nIlQsA,love,mb
3iWM23sWtG4v6a7hqr54NJ,Dulo,The Juans,Liwanag,3/17/2022,54,313695,https://open.spotify.com/track/3iWM23sWtG4v6a7hqr54NJ,love,dulo
21WRNpR0AO5R78Qgr8zK2W,Bicolana,Fred Engay,Bicolana,4/15/2022,33,194648,https://open.spotify.com/track/21WRNpR0AO5R78Qgr8zK2W,love,bicolana
6p6DiqAPwMX7vdrSo30wgo,'Di Na Muli,Janine,'Di Na Muli,4/6/2018,0,207018,https://open.spotify.com/track/6p6DiqAPwMX7vdrSo30wgo,love,di na muli
4fE0gWRGGRTxMCiJ51As3w,Nagbabakasakali,"polaris., drmfy",Nagbabakasakali,11/10/2023,34,202764,https://open.spotify.com/track/4fE0gWRGGRTxMCiJ51As3w,love,nagbabakasakali
6ldkIBfBsO8batnP52Ldg9,Sandali,Fred Engay,Sari-Sari Love Stories,2/14/2023,34,208382,https://open.spotify.com/track/6ldkIBfBsO8batnP52Ldg9,love,sandali
0mYdp1s4tdMvJtiFuX1gRT,Paraluman,Kyle Raphael,Paraluman,2/19/2021,0,281447,https://open.spotify.com/track/0mYdp1s4tdMvJtiFuX1gRT,love,paraluman
26KmBmsMNMkN048pYcUCFq,Bayle,"Fred Engay, Marvin Sinchioco, Tin Almendras",Bayle,3/26/2021,36,266467,https://open.spotify.com/track/26KmBmsMNMkN048pYcUCFq,love,bayle
5NBPIwE42Lz34N1JtnZSrT,puydi ba,Fin and Fil,puydi ba,1/27/2020,28,233624,https://open.spotify.com/track/5NBPIwE42Lz34N1JtnZSrT,love,puydi ba
0YyM8aEdbjGfLWPn6fdcn7,Pasensya Ka Na,Silent Sanctuary,Langit. Luha.,4/8/2015,0,241029,https://open.spotify.com/track/0YyM8aEdbjGfLWPn6fdcn7,love,pasensya ka na
1AaUjKE6DCkvbjNQtjXaB5,Malik-mata,Project: Romeo,Malik-mata,10/21/2022,29,287703,https://open.spotify.com/track/1AaUjKE6DCkvbjNQtjXaB5,love,malikmata
45sa7GQmhosjlD0U7LTVLw,Kadiliman,Brian Pepito,Kadiliman,9/27/2023,37,239425,https://open.spotify.com/track/45sa7GQmhosjlD0U7LTVLw,love,kadiliman
6C3SKl8oJbfjfJBANhuQuu,Akala,Marion Aunor,The Day After Valentine's (Original Movie Soundtrack),7/20/2018,0,341167,https://open.spotify.com/track/6C3SKl8oJbfjfJBANhuQuu,love,akala
0GHwNr0lqf8jpc9wesmnHo,Ex,Callalily,Ex,4/13/2018,58,279259,https://open.spotify.com/track/0GHwNr0lqf8jpc9wesmnHo,love,ex
7lunciLL4kF7xBwadVAZai,Happy Ending,Forsomereason,Happy Ending,9/19/2022,14,288554,https://open.spotify.com/track/7lunciLL4kF7xBwadVAZai,love,happy ending
4JSDhJVmo2UqdF7nxbyenn,Kung Wala Ka,Hale,Kung Wala Ka,2004,63,242800,https://open.spotify.com/track/4JSDhJVmo2UqdF7nxbyenn,love,kung wala ka
70pZfF46gNeJ4L39siQLs5,Minamahal,Frank Ely,Frank Ely!,2/2/2021,0,230962,https://open.spotify.com/track/70pZfF46gNeJ4L39siQLs5,love,minamahal
5RFHiLHCt7dDgKfCAdD5vj,Hey Barbara,IV OF SPADES,Hey Barbara,7/14/2017,0,232760,https://open.spotify.com/track/5RFHiLHCt7dDgKfCAdD5vj,love,hey barbara
0xAcfMfQZAruCWIF7rmQPn,Buntala,Fred Engay,Buntala,4/27/2019,35,210442,https://open.spotify.com/track/0xAcfMfQZAruCWIF7rmQPn,love,buntala
2pGH2MRfqXyFJtVPVBZ7Gx,Pwede Ba,Lola Amour,Pwede Ba,6/15/2018,58,342806,https://open.spotify.com/track/2pGH2MRfqXyFJtVPVBZ7Gx,love,pwede ba
2zpC2BeRSSyHnJKgzPgyB7,Sawii,ambo dolores,Sawii,10/2/2023,2,283106,https://open.spotify.com/track/2zpC2BeRSSyHnJKgzPgyB7,love,sawii
1IlSaQ2FzymQC3vwWnXSa6,Sana Bumalik,SUD,Sana Bumalik,6/22/2018,41,353941,https://open.spotify.com/track/1IlSaQ2FzymQC3vwWnXSa6,love,sana bumalik
2tBEUn2D0VcvgH4zJMaMHB,Binabati Kita,UDS,Binabati Kita,10/18/2024,7,216598,https://open.spotify.com/track/2tBEUn2D0VcvgH4zJMaMHB,love,binabati kita
1eXyuqt1ZmMtninsCPVg8Y,Bakit Ako,Joseph John,Bakit Ako,11/3/2023,32,237160,https://open.spotify.com/track/1eXyuqt1ZmMtninsCPVg8Y,love,bakit ako
0FmgSXrImj5AoT56cGz4oF,Tahimik Lamang,Tothapi,Tahimik Lamang,1/27/2023,35,252013,https://open.spotify.com/track/0FmgSXrImj5AoT56cGz4oF,love,tahimik lamang
3kDTC8i8F6VOqsUVWTCPOf,Come Here Tonight,ambo dolores,Come Here Tonight,2/20/2023,2,230514,https://open.spotify.com/track/3kDTC8i8F6VOqsUVWTCPOf,love,come here tonight
4uCiTkdtahYZ1ub2kjnmhS,Bato,"Fred Engay, Henrii",Bato,11/5/2021,27,204042,https://open.spotify.com/track/4uCiTkdtahYZ1ub2kjnmhS,love,bato
19qvp23a0iXjzS72nqOi8u,Sa'yo,Munimuni,Simula,3/17/2017,60,352445,https://open.spotify.com/track/19qvp23a0iXjzS72nqOi8u,love,sayo
3tBCr2BznxNFj9ev08UeGV,Kahit Isang Saglit,Hulyo,Kahit Isang Saglit,11/17/2017,33,239577,https://open.spotify.com/track/3tBCr2BznxNFj9ev08UeGV,love,kahit isang saglit
0gDRtumoR9ZrvAlnniToMz,Ikaw At Ako,"Moira Dela Torre, Jason Marvin",Ikaw At Ako,1/15/2019,0,269876,https://open.spotify.com/track/0gDRtumoR9ZrvAlnniToMz,love,ikaw at ako
07edrFukbWyI4QXjqUY1MD,Pag Umiikot Ang Mundo,"157, drmfy",Pag Umiikot Ang Mundo,10/13/2023,21,270255,https://open.spotify.com/track/07edrFukbWyI4QXjqUY1MD,love,pag umiikot ang mundo
04Fqdekvehn72zJ4lJbEH7,Bitaw Na,This Band,Bitaw Na,6/22/2018,0,283616,https://open.spotify.com/track/04Fqdekvehn72zJ4lJbEH7,love,bitaw na
4knd96W9mAvYFF1PX3PWtY,Naghihintay,Similar Sky,Naghihintay,4/19/2020,35,321921,https://open.spotify.com/track/4knd96W9mAvYFF1PX3PWtY,love,naghihintay
7gWKGNeHjIDUkNreiYYNdm,Oo,Up Dharma Down,Fragmented,1/1/2006,0,239000,https://open.spotify.com/track/7gWKGNeHjIDUkNreiYYNdm,love,oo
3sCwIqTYDRNwShU5Mu4KUy,Happy Day,Fred Engay,Happy Day,3/18/2022,38,158791,https://open.spotify.com/track/3sCwIqTYDRNwShU5Mu4KUy,love,happy day
68qOMum0kIvub5W3yQsTPo,Bawat Piyesa (Secret Verse Ver.),"TONEEJAY, syd hartha",Kasama Kita,11/25/2022,49,410000,https://open.spotify.com/track/68qOMum0kIvub5W3yQsTPo,love,bawat piyesa secret verse ver
2RbLDjnIt19HFJWfHQgfry,Tulog Na,Sabu,Tulog Na,1/12/2018,34,356867,https://open.spotify.com/track/2RbLDjnIt19HFJWfHQgfry,love,tulog na
4UgtdWy4dm7vMVIupUbtMm,Huling Sayaw - Acoustic,Kamikazee,Romantico,1/1/2012,0,260253,https://open.spotify.com/track/4UgtdWy4dm7vMVIupUbtMm,love,huling sayaw acoustic
4QX1HhIh5GtkldfQ7CgHKk,Oh Pag-ibig,Joseph John,Oh Pag-ibig,3/8/2024,31,174216,https://open.spotify.com/track/4QX1HhIh5GtkldfQ7CgHKk,love,oh pagibig
1Yd9vD5QKZTMA6yFxFuD1M,Pansamantala,Callalily,Flower Power,1/1/2012,0,277813,https://open.spotify.com/track/1Yd9vD5QKZTMA6yFxFuD1M,love,pansamantala
7lIhTTjYPA1mfb5A8C055v,Kulang,Fred Engay,Kulang,1/13/2023,31,231798,https://open.spotify.com/track/7lIhTTjYPA1mfb5A8C055v,love,kulang
0087fDVeNhuyMtST91RMjv,Kundiman,Silent Sanctuary,Fuchsiang Pag-Ibig,1/1/2007,0,339053,https://open.spotify.com/track/0087fDVeNhuyMtST91RMjv,love,kundiman
49z4lfcPYi4TMyjYR9nUeD,Himig,Fred Engay,Himig,9/30/2022,30,170000,https://open.spotify.com/track/49z4lfcPYi4TMyjYR9nUeD,love,himig
7h4W9blGxYCkKJ3dxPZ84j,Dulo Ng Hangganan,IV OF SPADES,CLAPCLAPCLAP!,1/18/2019,35,328303,https://open.spotify.com/track/7h4W9blGxYCkKJ3dxPZ84j,love,dulo ng hangganan
6X1gTtMsz0AD5UsfRiGgoR,Be My Girl,Lance Melgarejo,Be My Girl,5/17/2023,23,265822,https://open.spotify.com/track/6X1gTtMsz0AD5UsfRiGgoR,love,be my girl
1LQi717JZsSC98L3SXHICT,Paruparo,Lai Buñag,Paruparo,4/19/2024,32,230090,https://open.spotify.com/track/1LQi717JZsSC98L3SXHICT,love,paruparo
6HNITUUCHYoSc0B8XBobgj,Ika'y Sasamahan,SIYAK,Ika'y Sasamahan,10/28/2023,18,212841,https://open.spotify.com/track/6HNITUUCHYoSc0B8XBobgj,love,ikay sasamahan
267RumTt5KeLBGl2KWxBL0,Dating Tayo,TJ Monterde,TJ Monterde,5/19/2016,0,239480,https://open.spotify.com/track/267RumTt5KeLBGl2KWxBL0,love,dating tayo
6HXgVj5P4ca4ASgBXoRDO9,Sampu,Fred Engay,Sampu,3/17/2023,25,242000,https://open.spotify.com/track/6HXgVj5P4ca4ASgBXoRDO9,love,sampu
06IPbvFOLoAQ3BDy3XDt0r,Tahanan,Munimuni,Tahanan,3/15/2018,46,256000,https://open.spotify.com/track/06IPbvFOLoAQ3BDy3XDt0r,love,tahanan
6NFKf8vBApSvtzkapYmnVR,Tadhana,Up Dharma Down,Capacities,12/7/2012,0,222446,https://open.spotify.com/track/6NFKf8vBApSvtzkapYmnVR,love,tadhana
4MyiyNOHtnvjVuEhs9yOl9,Hanggang Dito Na Lang,Jimmy Bondoc,"Walang Araw, Walang Ulan",1/13/2009,44,371386,https://open.spotify.com/track/4MyiyNOHtnvjVuEhs9yOl9,love,hanggang dito na lang
4rzk0LiQvmvYILQn3jLU6w,Dagat,Tothapi,Habilin,2/9/2021,33,313250,https://open.spotify.com/track/4rzk0LiQvmvYILQn3jLU6w,love,dagat
56TcF3XoMprpA5HrNKckJE,True Love,"Fred Engay, Rise High",True Love,9/20/2024,27,201000,https://open.spotify.com/track/56TcF3XoMprpA5HrNKckJE,love,true love
4AULw1VRyJP17zMvwgTIUs,Umaasa,Calein,Umaasa,6/28/2019,75,335624,https://open.spotify.com/track/4AULw1VRyJP17zMvwgTIUs,love,umaasa
3iZs3MQdWw6IG5cMtqNGhw,Obra,Keiko Necesario,Obra,3/25/2022,23,287628,https://open.spotify.com/track/3iZs3MQdWw6IG5cMtqNGhw,love,obra
2tR5liucorXRwduxr0qEx6,Binalewala - Original Version,Michael Dutchi Libranda,Binalewala,10/7/2019,57,268486,https://open.spotify.com/track/2tR5liucorXRwduxr0qEx6,love,binalewala original version
4okXjc97X7ZCazpMozBopD,ngayong gabi,Hey Its Je,ngayong gabi,8/3/2023,40,227950,https://open.spotify.com/track/4okXjc97X7ZCazpMozBopD,love,ngayong gabi
1WXs4O7mBxXglHJPwYweHq,Demonyo,juan karlos,JKL,1/27/2017,64,218000,https://open.spotify.com/track/1WXs4O7mBxXglHJPwYweHq,love,demonyo
49qeP9EOud8xpyoO9K8j7L,Langit Lupa Impyerno,Fred Engay,Langit Lupa Impyerno,4/21/2023,25,294483,https://open.spotify.com/track/49qeP9EOud8xpyoO9K8j7L,love,langit lupa impyerno
1N0yX1ECt0H4ZvxV1ogXJ8,Pagsuko,ALLMO$T,Pagsuko,5/14/2020,0,324927,https://open.spotify.com/track/1N0yX1ECt0H4ZvxV1ogXJ8,love,pagsuko
4ESVeOSa7asoWhkAg6aTB2,tila tala,syd hartha,tila tala,3/14/2018,58,281296,https://open.spotify.com/track/4ESVeOSa7asoWhkAg6aTB2,love,tila tala
7wqc3ARtpkF7Hf8e4KgijY,Nakakabaliw,"Manuel, Yellowlane",Nakakabaliw,8/1/2024,20,242000,https://open.spotify.com/track/7wqc3ARtpkF7Hf8e4KgijY,love,nakakabaliw
7sW3f7PqDV7BQ7qqeVBJIA,Migraine,Moonstar88,Todo Combo,4/10/2008,67,267560,https://open.spotify.com/track/7sW3f7PqDV7BQ7qqeVBJIA,love,migraine
0DOW3LEpqYKZ3BEAdffjDW,'Di Ba Halata,Agsunta,Agsunta,2/4/2018,0,227533,https://open.spotify.com/track/0DOW3LEpqYKZ3BEAdffjDW,love,di ba halata
6KTjHpX77i9Ge395Qzo40h,Game of Questions,I Belong to the Zoo,I Belong to the Zoo,6/30/2017,0,331071,https://open.spotify.com/track/6KTjHpX77i9Ge395Qzo40h,love,game of questions
5zMR44ZH4KVZj4FlhTj3SE,Magbalik,Callalily,Destination XYZ,7/17/2006,68,326813,https://open.spotify.com/track/5zMR44ZH4KVZj4FlhTj3SE,love,magbalik
4iRRAvxPPWXQp3mV1rAbPF,Unang Sayaw,NOBITA,Unang Sayaw,8/18/2021,63,278008,https://open.spotify.com/track/4iRRAvxPPWXQp3mV1rAbPF,love,unang sayaw
6sbvkS217UQ4laxCvVGIj0,Ako Si Spider-Man,Daddy Pepsi,Ako Si Spider-Man,8/16/2024,0,252945,https://open.spotify.com/track/6sbvkS217UQ4laxCvVGIj0,love,ako si spiderman
1GmL18YlWSIKcgHjA3r10d,Pero,"Fred Engay, Dro Perez",Pero,8/12/2022,35,225882,https://open.spotify.com/track/1GmL18YlWSIKcgHjA3r10d,love,pero
5NOlYTQxmMNvzskKRdrj0U,Walong Bilyon,TJ Monterde,Walong Bilyon,4/21/2022,52,248065,https://open.spotify.com/track/5NOlYTQxmMNvzskKRdrj0U,love,walong bilyon
7h5p4QArJqYFH2btghw0vP,Swerte,Fred Engay,Swerte,4/29/2022,34,247211,https://open.spotify.com/track/7h5p4QArJqYFH2btghw0vP,love,swerte
1K0rybxoxW5svDYwXezXyN,Leonora,Sugarcane,Leonora,3/31/2023,69,234052,https://open.spotify.com/track/1K0rybxoxW5svDYwXezXyN,love,leonora
13XA9iA4wCgt8rrWMhPTv6,Atin Ang Gabi,"Midnight Rue, Mei Teves",Atin Ang Gabi,1/10/2025,25,275966,https://open.spotify.com/track/13XA9iA4wCgt8rrWMhPTv6,love,atin ang gabi
0g4O0vR31JDH2lH3C7oXbQ,AWIT NA LANG,Poy Labartinos,AWIT NA LANG,12/4/2022,21,211444,https://open.spotify.com/track/0g4O0vR31JDH2lH3C7oXbQ,love,awit na lang
0PJuLn6Kl3rIIrHROsunCK,Salamin,Fred Engay,Salamin,5/26/2023,20,420336,https://open.spotify.com/track/0PJuLn6Kl3rIIrHROsunCK,love,salamin
6HVT2c1ZZdhH1nGFb4AxUJ,Estranghero,Cup of Joe,Estranghero,6/10/2022,72,186610,https://open.spotify.com/track/6HVT2c1ZZdhH1nGFb4AxUJ,love,estranghero
1AuxZd50Dpaz0cCWphYryh,panaginip,iluna,panaginip,12/18/2019,64,332406,https://open.spotify.com/track/1AuxZd50Dpaz0cCWphYryh,love,panaginip
4XSIv5hJzP6kEQqsLli1eE,Kisame,rhodessa,Kisame,2/10/2023,65,212608,https://open.spotify.com/track/4XSIv5hJzP6kEQqsLli1eE,love,kisame
1p8iH7PjJKwQDslqywUKou,Hello,Fred Engay,Hello,8/17/2023,33,168742,https://open.spotify.com/track/1p8iH7PjJKwQDslqywUKou,love,hello
0R6lC6F082eap1AJd8W54d,Nahuhulog,Jed Baruelo,Nahuhulog,5/13/2022,0,227298,https://open.spotify.com/track/0R6lC6F082eap1AJd8W54d,love,nahuhulog
0ty6e3LSPw1xiWSEhswl9z,Gold,"Fred Engay, Aj Diaz",Gold,6/23/2023,33,249020,https://open.spotify.com/track/0ty6e3LSPw1xiWSEhswl9z,love,gold
0QBPWTTVyV3VclqALtmLWv,Isip,Healy After Dark,Isip,7/5/2023,67,265182,https://open.spotify.com/track/0QBPWTTVyV3VclqALtmLWv,love,isip
60FBrWWkQ6LO2u3k2hzwXj,Tayo Ay Magsayawan,ambo dolores,Tayo Ay Magsayawan,12/16/2022,3,224000,https://open.spotify.com/track/60FBrWWkQ6LO2u3k2hzwXj,love,tayo ay magsayawan
4mc3rUoMwwiNTHA4al9nNd,Fallen,Lola Amour,Fallen,6/25/2021,69,201806,https://open.spotify.com/track/4mc3rUoMwwiNTHA4al9nNd,love,fallen
3pttxaxc5DtpfxNmYrnsgU,Panaginip,Tothapi,Habilin,2/9/2021,30,343051,https://open.spotify.com/track/3pttxaxc5DtpfxNmYrnsgU,love,panaginip
0iUV1F6fDnbIYdgh9kctdY,Bumangon Kaigorotan,Talahib,Bumangon Kaigorotan,9/26/2024,4,318874,https://open.spotify.com/track/0iUV1F6fDnbIYdgh9kctdY,love,bumangon kaigorotan
5ig6xc5tLQZT5s5yxTZRRC,Peli Cola,Rise High,Peli Cola,4/28/2023,16,200000,https://open.spotify.com/track/5ig6xc5tLQZT5s5yxTZRRC,love,peli cola
5KgkdXVLUdh1B00WQIwrF0,Ating Dalawa,Over October,Ating Dalawa,4/28/2023,51,241674,https://open.spotify.com/track/5KgkdXVLUdh1B00WQIwrF0,love,ating dalawa
40vtHmqtWFkwu0hjB7X6gJ,Anghel,Dro Perez,Anghel,7/20/2023,35,181363,https://open.spotify.com/track/40vtHmqtWFkwu0hjB7X6gJ,love,anghel
4OyQdz88874Eh9h0H27sqQ,A.I,Rise High,A.I,6/27/2025,19,203500,https://open.spotify.com/track/4OyQdz88874Eh9h0H27sqQ,love,ai
6oG2TsvAdZJutBH62D3SHa,Pangarap,Fred Engay,Pangarap,9/22/2023,28,231574,https://open.spotify.com/track/6oG2TsvAdZJutBH62D3SHa,love,pangarap
67DEADzgSxkFWI3jVlQUL3,RomCom,Rob Deniel,RomCom,8/25/2023,73,237485,https://open.spotify.com/track/67DEADzgSxkFWI3jVlQUL3,love,romcom
1iIJtD9hkzw4ZHfR7ND9yb,"Salamin, Salamin",BINI,Talaarawan,3/8/2024,65,230218,https://open.spotify.com/track/1iIJtD9hkzw4ZHfR7ND9yb,love,salamin salamin
1WVHEZbUfXIR0pvyVn3aAf,Hardin,"Luna and Apollo, Fred Engay",Hardin,5/27/2025,27,343447,https://open.spotify.com/track/1WVHEZbUfXIR0pvyVn3aAf,love,hardin
4qOxd97yhYwqUBCgMlSTM9,Ulan,Tothapi,Ulan,5/28/2025,41,281739,https://open.spotify.com/track/4qOxd97yhYwqUBCgMlSTM9,love,ulan
4mk3eFjZzuwb8hUMTNNSjB,Ibang Planeta,Dan Martel,Ibang Planeta,7/4/2025,25,278806,https://open.spotify.com/track/4mk3eFjZzuwb8hUMTNNSjB,love,ibang planeta
7JFrlCOkVbe5l7Ju2YyRlG,Balang Araw,JC Herrero,Balang Araw,4/11/2025,40,301668,https://open.spotify.com/track/7JFrlCOkVbe5l7Ju2YyRlG,love,balang araw
4PojofgWD5JpV3iCei5x2r,Oras Na,Rise High,Oras Na,9/19/2025,21,217000,https://open.spotify.com/track/4PojofgWD5JpV3iCei5x2r,love,oras na
47G7kRIpFDQtgLxc3r0g5k,You Know That Feel Off Of Me,Tep No,You Know That Feel Off Of Me,3/26/2021,31,218155,https://open.spotify.com/track/47G7kRIpFDQtgLxc3r0g5k,love,you know that feel off of me
4vNhOsCifGb7PuIK7MsrOB,Broken Wings,"Simon Field, Jamie, Aleksander Walmann",Broken Wings,4/1/2016,0,218754,https://open.spotify.com/track/4vNhOsCifGb7PuIK7MsrOB,love,broken wings
3WJfTSYrWTwCqCVlH5oUGZ,Right Here (Radio Edit),Eat More Cake,Right Here,6/14/2024,1,220000,https://open.spotify.com/track/3WJfTSYrWTwCqCVlH5oUGZ,love,right here radio edit
0tQoyC0v4ubWDLZdxOdqW2,On My Feet,Digvalley,On My Feet,3/15/2024,1,205714,https://open.spotify.com/track/0tQoyC0v4ubWDLZdxOdqW2,love,on my feet
5jTOUqSGiWw6cQOUiBkZNu,Just Gets Better (Radio Edit),Eat More Cake,Just Gets Better,7/26/2024,0,227419,https://open.spotify.com/track/5jTOUqSGiWw6cQOUiBkZNu,love,just gets better radio edit
6V7YeqYCiYAGapz9duqDys,Reflections,Café Du MIDI,Reflections,4/26/2024,1,167692,https://open.spotify.com/track/6V7YeqYCiYAGapz9duqDys,love,reflections
4WIaDYUIlXsHi4yMF596aI,About Damn Time - Purple Disco Machine Remix,"Lizzo, Purple Disco Machine",About Damn Time (Purple Disco Machine Remix),5/18/2022,55,218476,https://open.spotify.com/track/4WIaDYUIlXsHi4yMF596aI,love,about damn time purple disco machine remix
5aF03ngZBaYnSRVA2U4oTq,Not a DJ (Radio Edit),"Simon Field, Delphi Drive",Panda,8/16/2024,0,185409,https://open.spotify.com/track/5aF03ngZBaYnSRVA2U4oTq,love,not a dj radio edit
0vJAuKJa9ZB7uuZavc5htW,Sonora,"Glauko, Pat-Rich",Sonora,9/5/2025,40,195245,https://open.spotify.com/track/0vJAuKJa9ZB7uuZavc5htW,love,sonora
6JpQ6l2uA82tSRgh2b35ti,Meeresbrise,Young Jing,Meeresbrise,2/4/2022,0,218181,https://open.spotify.com/track/6JpQ6l2uA82tSRgh2b35ti,love,meeresbrise
1KVdcDtoT0MwSTBepWLE1X,Lemonade (Radio Edit),Young Jing,Lemonade,7/26/2024,0,273600,https://open.spotify.com/track/1KVdcDtoT0MwSTBepWLE1X,love,lemonade radio edit
6iyG9kcDw8W69M6U81TzQq,Mbali Nami,Dimon,Mbali Nami,10/3/2025,33,210000,https://open.spotify.com/track/6iyG9kcDw8W69M6U81TzQq,love,mbali nami
0eYGzLf7Cny571furHzaCF,Where Are You Now,"Simon Field, iiola",Where Are You Now,1/14/2022,0,222338,https://open.spotify.com/track/0eYGzLf7Cny571furHzaCF,love,where are you now
0JN103lmxUGsVZujBBNHga,Cumulus,Himmel,Cumulus,7/28/2023,0,212583,https://open.spotify.com/track/0JN103lmxUGsVZujBBNHga,love,cumulus
3jwk8pWmhHzkqBqx726eq8,Key to My Heart (Radio Edit),SverreV,Key to My Heart,5/3/2024,0,196207,https://open.spotify.com/track/3jwk8pWmhHzkqBqx726eq8,love,key to my heart radio edit
4wYqVMg8PKIXLkprjob4MK,Stay Forever,Bo Degas,Stay Forever,7/9/2021,1,252369,https://open.spotify.com/track/4wYqVMg8PKIXLkprjob4MK,love,stay forever
5g5kRFwnXfXkzG7bWg97Pe,Your Light,Eat More Cake,Your Light,3/17/2023,0,244304,https://open.spotify.com/track/5g5kRFwnXfXkzG7bWg97Pe,love,your light
2h0FuxX1TtWlkR1pHB6XgU,Drive With Me,"Stefan Brecht, Delphi Drive",Drive With Me,10/13/2023,0,221200,https://open.spotify.com/track/2h0FuxX1TtWlkR1pHB6XgU,love,drive with me
6R29YUysD573h3MKlRfwPI,Your Hand,Café Du MIDI,Your Hand,2/12/2021,0,190070,https://open.spotify.com/track/6R29YUysD573h3MKlRfwPI,love,your hand
2e7JKCutRPMrr3EDRHMeMf,Body Right (Radio Edit),SverreV,Body Right,2/23/2024,0,160217,https://open.spotify.com/track/2e7JKCutRPMrr3EDRHMeMf,love,body right radio edit
20OPneJ0OBZeiArQ7WrCva,In The End (Radio Edit),"Stefan Brecht, SverreV",In The End,3/22/2024,0,238418,https://open.spotify.com/track/20OPneJ0OBZeiArQ7WrCva,love,in the end radio edit
5L0ayD6smhPK4IyL7licjA,Something So Good,Sam Pellegrino,Something So Good,7/22/2022,0,161415,https://open.spotify.com/track/5L0ayD6smhPK4IyL7licjA,love,something so good
5FIaMRdRiZ9i3x63zy3QFO,Quiet (Radio Edit),GRAZZE,Quiet,4/5/2024,0,208904,https://open.spotify.com/track/5FIaMRdRiZ9i3x63zy3QFO,love,quiet radio edit
3smkH8O2yGDbVq6hDYhFmi,All Night (Radio Edit),Eat More Cake,All Night,10/20/2023,0,214390,https://open.spotify.com/track/3smkH8O2yGDbVq6hDYhFmi,love,all night radio edit
4ooxGxWbItZv2pnND3tYZj,Shake The Tree,Simon Field,Shake The Tree,1/25/2019,0,184372,https://open.spotify.com/track/4ooxGxWbItZv2pnND3tYZj,love,shake the tree
45qds1x3iknEv9bXdCKJiI,Everybody,Eat More Cake,Everybody,8/4/2023,0,189250,https://open.spotify.com/track/45qds1x3iknEv9bXdCKJiI,love,everybody
7zimB4UXTtfgn82GgJGChF,Got To Live,ACID HARRY,Got To Live,1/26/2024,23,336000,https://open.spotify.com/track/7zimB4UXTtfgn82GgJGChF,love,got to live
1OKdRPrjpr0WcaQsf724s8,Night Whispers,"Adam G, Moini",Night Whispers,2/23/2024,0,174322,https://open.spotify.com/track/1OKdRPrjpr0WcaQsf724s8,love,night whispers
1iSpu2hoaX3apDIRBS9pqF,Runaway,Digvalley,Runaway,11/15/2024,22,190820,https://open.spotify.com/track/1iSpu2hoaX3apDIRBS9pqF,love,runaway
5obLbrCX54cAswG4s9ymLL,Never Felt This Way,Eat More Cake,Never Felt This Way,12/17/2021,0,182142,https://open.spotify.com/track/5obLbrCX54cAswG4s9ymLL,love,never felt this way
65hthL32hn6wZftwI9bXhm,Tribal & Error (Radio Edit),Stefan Brecht,Tribal & Error,3/10/2023,0,244452,https://open.spotify.com/track/65hthL32hn6wZftwI9bXhm,love,tribal error radio edit
3LevXpbNJJ2nYSrb2tINeS,Pjanoo,"Büya, OJOG",Pjanoo,11/7/2025,5,150128,https://open.spotify.com/track/3LevXpbNJJ2nYSrb2tINeS,love,pjanoo
4ZXapA7RwuAxPnjE4br4Ah,The Beach (Radio Edit),Thomas Sol,The Beach,5/26/2023,0,211636,https://open.spotify.com/track/4ZXapA7RwuAxPnjE4br4Ah,love,the beach radio edit
6NoDsG2tde13CTGimMry69,Forget Everything,Eat More Cake,Forget Everything,7/8/2022,0,200000,https://open.spotify.com/track/6NoDsG2tde13CTGimMry69,love,forget everything
6yd1ddxk6lAqOgXGHTK19J,"Falling, Falling",Eat More Cake,"Falling, Falling",1/20/2023,0,193250,https://open.spotify.com/track/6yd1ddxk6lAqOgXGHTK19J,love,falling falling
4qcnJifDCtfGrSa9c0nf5w,Berlin (Radio edit),SHZA MN,Berlin,2/3/2023,0,243318,https://open.spotify.com/track/4qcnJifDCtfGrSa9c0nf5w,love,berlin radio edit
08HZvk2X53HwgR2RRXfd6C,Clair Du Lune,Lullaby,Clair Du Lune,1/27/2023,0,96027,https://open.spotify.com/track/08HZvk2X53HwgR2RRXfd6C,love,clair du lune
4SQ2aqllD14wGlwUaxdP3q,Run Home (Radio Edit),ACAY,Run Home,11/17/2023,0,223414,https://open.spotify.com/track/4SQ2aqllD14wGlwUaxdP3q,love,run home radio edit
5rLHrqV7EZ8aFsusGUYwEs,Playing For Time,Bo Degas,Playing For Time,5/31/2024,0,215238,https://open.spotify.com/track/5rLHrqV7EZ8aFsusGUYwEs,love,playing for time
2QM5IQqOtWuy2ku5sLsJQ0,Watch You,"HOBBS, Café Du MIDI",Watch You,10/30/2020,0,232800,https://open.spotify.com/track/2QM5IQqOtWuy2ku5sLsJQ0,love,watch you
0cmTnG9H3HHxcH9l316WSX,Midnight Cherry,"Café Du MIDI, Jay Nemor",Midnight Cherry,5/21/2021,0,176400,https://open.spotify.com/track/0cmTnG9H3HHxcH9l316WSX,love,midnight cherry
018Q5u5omDgW1VnJO5cTG6,Waterfall,"Tube & Berger, Goatchy",Waterfall,7/23/2021,0,206939,https://open.spotify.com/track/018Q5u5omDgW1VnJO5cTG6,love,waterfall
3mva2lp2Cm6W9gnoqStyhC,Blue Marlin,Café Du MIDI,Blue Marlin,11/12/2021,0,220752,https://open.spotify.com/track/3mva2lp2Cm6W9gnoqStyhC,love,blue marlin
1LMQeE7wuTm2bcadZkWYYu,One Last Secret (Radio Edit),"Simon Field, Yasmin Jane",One Last Secret,10/14/2022,0,217246,https://open.spotify.com/track/1LMQeE7wuTm2bcadZkWYYu,love,one last secret radio edit
4k7QmOsCj7UVNMxOrUezRk,No One's Talking (Radio edit),Simon Field,No One's Talking,12/10/2021,0,259133,https://open.spotify.com/track/4k7QmOsCj7UVNMxOrUezRk,love,no ones talking radio edit
3TxgzTW5ZszAghaL7XJo11,Closure,"Simon Field, SverreV",Closure,6/18/2021,0,168135,https://open.spotify.com/track/3TxgzTW5ZszAghaL7XJo11,love,closure
2Muiz7xzkylzQ6CDxSt9Z3,Out Of Time,"Atella, Bo Degas, Digvalley",Out Of Time,5/21/2021,0,189677,https://open.spotify.com/track/2Muiz7xzkylzQ6CDxSt9Z3,love,out of time
5CY6o6XK8JERMseAuEZ5P3,If I Don't,"Simon Field, Magnus Foss, Milos",If I Don't,5/28/2021,0,208155,https://open.spotify.com/track/5CY6o6XK8JERMseAuEZ5P3,love,if i dont
3l09ozhFppcBhSXXalTtsf,Laufen,"MonoJack, Fritz Kölner",Laufen,1/21/2022,0,257709,https://open.spotify.com/track/3l09ozhFppcBhSXXalTtsf,love,laufen
1j6z3L6JlNONoh1bPxezd9,Holding On,"Atella, HOBBS, Digvalley",Holding On,2/5/2021,0,277214,https://open.spotify.com/track/1j6z3L6JlNONoh1bPxezd9,love,holding on
7nHwdUhW2qo0Gac3CcWOnC,Midnight Moment,"Sam Pellegrino, Le P",Midnight Moment,5/5/2023,0,198557,https://open.spotify.com/track/7nHwdUhW2qo0Gac3CcWOnC,love,midnight moment
0oLvtCGnuUUkf6DG7AewpD,Never Coming,Sam Pellegrino,Never Coming,6/17/2022,0,169811,https://open.spotify.com/track/0oLvtCGnuUUkf6DG7AewpD,love,never coming
3u1arkxplSze2Kt699kLTU,Paloma,Bo Degas,Paloma,3/10/2023,0,185806,https://open.spotify.com/track/3u1arkxplSze2Kt699kLTU,love,paloma
64NGjHW1w5Kl42xEKdqi6o,U.,"Coco & Breezy, Dawn Richard",U.,11/13/2020,34,157304,https://open.spotify.com/track/64NGjHW1w5Kl42xEKdqi6o,love,u
3m1sjvxkWaJOryPwpcck5A,Sweet Deep,Café Du MIDI,Sweet Deep,3/25/2022,0,254332,https://open.spotify.com/track/3m1sjvxkWaJOryPwpcck5A,love,sweet deep
7mHwAzqUFG2M2FTP3Lurvk,All About It,Wilborn,All About It,5/27/2022,0,216410,https://open.spotify.com/track/7mHwAzqUFG2M2FTP3Lurvk,love,all about it
1I3MLIrlycQp4CdhbemHYr,C'est Logic,"Bo Degas, SverreV",C'est Logic,1/22/2021,0,225263,https://open.spotify.com/track/1I3MLIrlycQp4CdhbemHYr,love,cest logic
6IxJ3SbiVGcWpl8Xd6fUGf,I Never Told You,Paige,I Never Told You,3/11/2022,0,242019,https://open.spotify.com/track/6IxJ3SbiVGcWpl8Xd6fUGf,love,i never told you
0s8P4RvBZ4l63U1mFlEMsL,Running (Husky Remix),"Ridney, Shannon B, Lovely Laura, Husky",Running (Husky Remix),10/1/2021,0,254933,https://open.spotify.com/track/0s8P4RvBZ4l63U1mFlEMsL,love,running husky remix
1GU57dztsWDMz8U7j5ivmX,Hideaway,Wilborn,Hideaway,6/18/2021,2,208141,https://open.spotify.com/track/1GU57dztsWDMz8U7j5ivmX,love,hideaway
7CPB8VR2W5TdXBJ7uU0V9M,Run!,"Ridney, Simon Field, Errol Reid",Run!,7/16/2021,0,159796,https://open.spotify.com/track/7CPB8VR2W5TdXBJ7uU0V9M,love,run
2Ud1A3nRauYVOE12jNScHG,Hold Your Tongue,"SverreV, Bo Degas",Hold Your Tongue,11/6/2020,0,232000,https://open.spotify.com/track/2Ud1A3nRauYVOE12jNScHG,love,hold your tongue
6Xz4eIUgQq8LX1cZGhNoYK,Sirens (feat. Yasmin Jane),"Simon Field, Yasmin Jane",Sirens (feat. Yasmin Jane),6/12/2020,0,177758,https://open.spotify.com/track/6Xz4eIUgQq8LX1cZGhNoYK,love,sirens feat yasmin jane
3TwBo0dFlDezqvtioPvrb7,Running (Radio Edit),"Nihil Young, Artifex Mundi, Luke Coulson",Running (Radio Edit),6/25/2021,0,243157,https://open.spotify.com/track/3TwBo0dFlDezqvtioPvrb7,love,running radio edit
39Sa8kv0vMIzM59CLjG2YP,Die Kamele,Young Jing,Die Kamele,5/7/2021,0,216296,https://open.spotify.com/track/39Sa8kv0vMIzM59CLjG2YP,love,die kamele
2SGjogIk2BgVF04hrwC9ch,So I'm Told - Tristan Case Remix,"Alex Daniell, Hayley Warwick, Tristan Case",Eternal Rays of Light (Remixes),10/6/2021,0,366562,https://open.spotify.com/track/2SGjogIk2BgVF04hrwC9ch,love,so im told tristan case remix
2OrzOIpjxnCh0bzEReQYkI,Don't Believe,Café Du MIDI,Don't Believe,8/13/2021,0,166770,https://open.spotify.com/track/2OrzOIpjxnCh0bzEReQYkI,love,dont believe
0SFkjO1rDK5ZvSr43eaKEJ,Remember,Young Jing,Remember,1/29/2021,0,173658,https://open.spotify.com/track/0SFkjO1rDK5ZvSr43eaKEJ,love,remember
1BPypDiUKhkLeLZ5aDcOcu,Waves,"Young Jing, Bo Degas",Waves,8/14/2020,0,195000,https://open.spotify.com/track/1BPypDiUKhkLeLZ5aDcOcu,love,waves
0WgPU4KPKfNCGoNA8OjWJM,Suave,Paco Amigó,Suave,7/30/2021,0,42666,https://open.spotify.com/track/0WgPU4KPKfNCGoNA8OjWJM,love,suave
14c0GxZ4lot2bHSx9lZ0I6,Bottles & Bay,"Panuma, Nina Carr",Bottles & Bay,2/28/2020,40,336000,https://open.spotify.com/track/14c0GxZ4lot2bHSx9lZ0I6,love,bottles bay
5ajNmxT2XVJ1x67ZV54aAX,Out Of The Blue (feat. The Endorphins),"Simon Field, The Endorphins",Out Of The Blue (feat. The Endorphins),6/15/2018,0,224925,https://open.spotify.com/track/5ajNmxT2XVJ1x67ZV54aAX,love,out of the blue feat the endorphins
2TRkx6bUnpGvIjUVHxzWaP,Rosé,Bo Degas,Rosé,9/11/2020,0,196363,https://open.spotify.com/track/2TRkx6bUnpGvIjUVHxzWaP,love,ros
5lBMMKDUo9S2ENqhk1a5BQ,Sunsettlers,Bonada,Sunsettlers,5/14/2021,0,281612,https://open.spotify.com/track/5lBMMKDUo9S2ENqhk1a5BQ,love,sunsettlers
27GMEz2IJHQsFGWqc3W3nx,Love Is (Young Jing Acoustic Edit),"Young Jing, HOBBS, Moini, Paco Amigó",Love Is (Young Jing Acoustic Edit),12/11/2020,0,122142,https://open.spotify.com/track/27GMEz2IJHQsFGWqc3W3nx,love,love is young jing acoustic edit
73oB5V3AfKfoPduBqJi7KS,Love Is,"HOBBS, Paco Amigó, Young Jing, Moini",Love Is,11/27/2020,0,212142,https://open.spotify.com/track/73oB5V3AfKfoPduBqJi7KS,love,love is
0h0BqxvMQio0F1GCDg1xVg,Expressions,"Café Du MIDI, Rose Dolls",Expressions,11/20/2020,0,206829,https://open.spotify.com/track/0h0BqxvMQio0F1GCDg1xVg,love,expressions
2JYPI0teQ6yeaJ83GgBnek,Why You,"Kappekoff, Jimmy Smash",Why You,7/17/2020,19,265536,https://open.spotify.com/track/2JYPI0teQ6yeaJ83GgBnek,love,why you
4GJJYTJyjyzPDeKtUhibsH,Fortaleza,Bolier,Fortaleza,7/12/2019,26,165762,https://open.spotify.com/track/4GJJYTJyjyzPDeKtUhibsH,love,fortaleza
3vMCues0qjgNqGkSsvCftQ,Without You - Chill Mix,"Alyx Ander, Mýa",Without You,9/11/2020,18,178272,https://open.spotify.com/track/3vMCues0qjgNqGkSsvCftQ,love,without you chill mix
3EBIxR5wy1DQxbL6efLk6l,Sharam,Bo Degas,Sharam,7/24/2020,0,258500,https://open.spotify.com/track/3EBIxR5wy1DQxbL6efLk6l,love,sharam
0SAW70iFdpvydu9G6VPJbK,Harem,"Café Du MIDI, Moini",Harem,9/18/2020,0,228000,https://open.spotify.com/track/0SAW70iFdpvydu9G6VPJbK,love,harem
4baKDpwYVfimnaoqPClree,Camasutra,"Moini, Paco Amigó",Camasutra,10/23/2020,0,190714,https://open.spotify.com/track/4baKDpwYVfimnaoqPClree,love,camasutra
6L1C5kQF6Y1UVRXqfKlehf,Orchard,Moini,Orchard,1/15/2021,0,115121,https://open.spotify.com/track/6L1C5kQF6Y1UVRXqfKlehf,love,orchard
2TbtpyknAMjF6JT62ww6kg,Hungboo - DJ-Kicks,Peggy Gou,DJ-Kicks EP,5/31/2019,0,275533,https://open.spotify.com/track/2TbtpyknAMjF6JT62ww6kg,love,hungboo djkicks
6tiAaGahi9jdjJya9duaup,Sunset,Young Jing,Sunset,7/31/2020,0,124500,https://open.spotify.com/track/6tiAaGahi9jdjJya9duaup,love,sunset
0G5fioUU0iOCs03HG9OSBp,Secret Spot,Sweet D,Secret Spot,1/15/2021,0,237623,https://open.spotify.com/track/0G5fioUU0iOCs03HG9OSBp,love,secret spot
4KquyljJBPJ2ZoTYBNFmcL,Nectarine,Lente,Noodles & Champagne,3/13/2020,15,426000,https://open.spotify.com/track/4KquyljJBPJ2ZoTYBNFmcL,love,nectarine
7E5H70YfMPbnZFLdaKYwH7,Feel for You,"Wolfgang Wee, Jimmy Smash",Feel for You,4/24/2020,20,148750,https://open.spotify.com/track/7E5H70YfMPbnZFLdaKYwH7,love,feel for you
35ME0Y7EEMKJ4nSM4SPhAX,Levante,Satin Jackets,Hidden Treasures EP,7/17/2020,37,193397,https://open.spotify.com/track/35ME0Y7EEMKJ4nSM4SPhAX,love,levante
3QNDxxxaG20XpcX6OFJFaD,Ashram - Original Mix,Sunar,Ashram,5/24/2019,0,448524,https://open.spotify.com/track/3QNDxxxaG20XpcX6OFJFaD,love,ashram original mix
3pVdvj3AMEK7FQLsLLf7KY,Samsara,Bo Degas,Samsara,8/7/2020,0,173658,https://open.spotify.com/track/3pVdvj3AMEK7FQLsLLf7KY,love,samsara
3PRhxjMECKErCJHWlHyWcI,Last Night,"Simon Field, The Endorphins",Last Night,5/11/2018,18,224127,https://open.spotify.com/track/3PRhxjMECKErCJHWlHyWcI,love,last night
7EmiCXCJDkM9vO4m24PMRd,Missing,"BODÉ, Tanya Lacey",Missing,6/15/2019,24,181935,https://open.spotify.com/track/7EmiCXCJDkM9vO4m24PMRd,love,missing
6MG2wRqClZh0JZ6i8hNMIV,Ultimatum,"Disclosure, Fatoumata Diawara",Ultimatum,5/17/2018,41,328100,https://open.spotify.com/track/6MG2wRqClZh0JZ6i8hNMIV,love,ultimatum
13u1tWCghqtXleLfUEbHNK,Love Is Everywhere - Satin Jackets Remix,"NTEIBINT, Matina Sous Peau, Satin Jackets",Love Is Everywhere (Satin Jackets Remix),8/21/2020,32,271318,https://open.spotify.com/track/13u1tWCghqtXleLfUEbHNK,love,love is everywhere satin jackets remix
43IlJpP6BV65PXadzJ3CwM,Northern Lights,"Satin Jackets, David Harks",Solar Nights,4/26/2019,50,255792,https://open.spotify.com/track/43IlJpP6BV65PXadzJ3CwM,love,northern lights
2qS5OWLCnM9qiQBwpo7Ltm,Baianá - Pablo Fierro Edit,"Barbatuques, Pablo Fierro",Baianá (Pablo Fierro Edit),8/2/2019,29,366576,https://open.spotify.com/track/2qS5OWLCnM9qiQBwpo7Ltm,love,baian pablo fierro edit
6hkwexw6DnooY528hcPTM2,Feeling Good - Simon Field Remix / Extended Mix,"Nina Simone, Simon Field",Remix The Classics (Vol. 3),5/20/2016,18,320953,https://open.spotify.com/track/6hkwexw6DnooY528hcPTM2,love,feeling good simon field remix extended mix
5mVsfYRumGlHONrZVx8hbe,Kyra,Danito & Athina,Kyra,12/7/2018,0,457891,https://open.spotify.com/track/5mVsfYRumGlHONrZVx8hbe,love,kyra
1wW0yMVo6dVxWZkmduKEWC,You Make Me Feel Good - Original Mix,Satin Jackets,Panorama Pacifico,2016,45,427819,https://open.spotify.com/track/1wW0yMVo6dVxWZkmduKEWC,love,you make me feel good original mix
38hx8ndSiE6yHMXmnkEGbB,Bones,jackLNDN,Bones,10/13/2017,0,193392,https://open.spotify.com/track/38hx8ndSiE6yHMXmnkEGbB,love,bones
3ncpLDd2Jap0gWr1vXgosv,The Baddest,"Jafunk, DiRTY RADiO",The Baddest,4/17/2020,0,195357,https://open.spotify.com/track/3ncpLDd2Jap0gWr1vXgosv,love,the baddest
70rSCklmoS9nabqlMvD1RD,Good Company,"Mogul, BVRGER",Good Company,6/12/2020,0,233628,https://open.spotify.com/track/70rSCklmoS9nabqlMvD1RD,love,good company
4VywXu6umkIQ2OS0m1I79y,Better Together,Jack Johnson,In Between Dreams,1/1/2005,71,207680,https://open.spotify.com/track/4VywXu6umkIQ2OS0m1I79y,love,better together
0mE22UPAPbwQaTmxMOlpaH,Long Lost Sunday Morning,Tep No,Long Lost Sunday Morning,2/8/2019,45,152326,https://open.spotify.com/track/0mE22UPAPbwQaTmxMOlpaH,love,long lost sunday morning
28Xhh5MktqInbIZA4qPr6Y,Ecstacy,"Café Du MIDI, Jay Nemor",Ecstacy,6/25/2021,0,235959,https://open.spotify.com/track/28Xhh5MktqInbIZA4qPr6Y,love,ecstacy
4MxwumWUDw2jNivpWHhS2D,Be Still,Eat More Cake,Be Still,4/29/2022,0,195750,https://open.spotify.com/track/4MxwumWUDw2jNivpWHhS2D,love,be still
02JdJ09Hsl22kS5lccO7tV,Not With You,"Atella, Digvalley",Not With You,7/8/2022,1,210571,https://open.spotify.com/track/02JdJ09Hsl22kS5lccO7tV,love,not with you
1cxUp6fxG7h3ZGfB7CF1SL,You Make Me (Oh Oh Oh),SverreV,You Make Me (Oh Oh Oh),6/17/2022,0,146428,https://open.spotify.com/track/1cxUp6fxG7h3ZGfB7CF1SL,love,you make me oh oh oh
6vB8QDhABiypQcVNpEOuQV,Don't Kill My Vibe,Franz Schröder,Don't Kill My Vibe,4/29/2022,0,187317,https://open.spotify.com/track/6vB8QDhABiypQcVNpEOuQV,love,dont kill my vibe
3YJJjQPAbDT7mGpX3WtQ9A,Good Days,SZA,Good Days,12/25/2020,72,279204,https://open.spotify.com/track/3YJJjQPAbDT7mGpX3WtQ9A,love,good days
7kyIwX2twjSvRnrjpDQARD,Sometimes,"Atella, Digvalley",Sometimes,5/20/2022,0,218918,https://open.spotify.com/track/7kyIwX2twjSvRnrjpDQARD,love,sometimes
5ihS6UUlyQAfmp48eSkxuQ,Landslide,Fleetwood Mac,Fleetwood Mac,7/11/1975,83,199493,https://open.spotify.com/track/5ihS6UUlyQAfmp48eSkxuQ,love,landslide
410JdlMI7lzzzrcF8vsLms,Livewire,"Calper, Yasmin Jane",Livewire,5/27/2022,0,186146,https://open.spotify.com/track/410JdlMI7lzzzrcF8vsLms,love,livewire
2K0Uk1PmyMpKqSZir3Mn7N,Elderflower,"SverreV, Paco Amigó",Elderflower,8/13/2021,0,308000,https://open.spotify.com/track/2K0Uk1PmyMpKqSZir3Mn7N,love,elderflower
5Jd1tPdMIRxkLIkYY2BKiY,Lush Life (Piano Cover),Franz Schröder,Lush Life (Piano Cover),7/29/2022,0,184615,https://open.spotify.com/track/5Jd1tPdMIRxkLIkYY2BKiY,love,lush life piano cover
1lBaMqhhJIRNqiNSn1EUMc,Roda,MonoJack,Roda,3/12/2021,0,285123,https://open.spotify.com/track/1lBaMqhhJIRNqiNSn1EUMc,love,roda
0gDFEmFuqFCb3k3GJ3x7aN,Back To Me,"Satin Jackets, Panama",Back To Me,10/2/2020,37,221061,https://open.spotify.com/track/0gDFEmFuqFCb3k3GJ3x7aN,love,back to me
3Ect3TlbUYwB0pwWUzCOv9,Don't Give Up (Radio Edit),"Nihil Young, Talal, Amy Wawn",Don't Give Up (Radio Edit),3/26/2021,0,208977,https://open.spotify.com/track/3Ect3TlbUYwB0pwWUzCOv9,love,dont give up radio edit
3LCX5pudqlryLD2VVibdQn,PanAm (Radio Edit),Simon Field,Panda,8/16/2024,1,185410,https://open.spotify.com/track/3LCX5pudqlryLD2VVibdQn,love,panam radio edit
3GlxpwkmhfD1FRrWhYljhA,Give It To You,Eclipt,Give It To You,8/12/2025,39,139047,https://open.spotify.com/track/3GlxpwkmhfD1FRrWhYljhA,love,give it to you
4Qme2qmSqORtRRM9hTC5hH,RAMsterdam - Jorn van Deynhoven Extended Remix,"RAM, Jorn Van Deynhoven",RAMsterdam,10/26/2009,38,455326,https://open.spotify.com/track/4Qme2qmSqORtRRM9hTC5hH,love,ramsterdam jorn van deynhoven extended remix
2dQiovh8KeYEOc1uHdFjcC,Adagio For Strings,Tiësto,A State Of Trance - 15 Years,9/30/2016,37,206813,https://open.spotify.com/track/2dQiovh8KeYEOc1uHdFjcC,love,adagio for strings
0neva1N08tpWLLVrrXZm2Y,Communication Part 3 - Extended Mix,Armin van Buuren,10 Years,11/11/2006,29,507906,https://open.spotify.com/track/0neva1N08tpWLLVrrXZm2Y,love,communication part 3 extended mix
77lqDkU3aO9idYFOLfQ1Ts,Silence - Tiësto's In Search Of Sunrise Remix,"Delerium, Sarah McLachlan, Tiësto","A State Of Trance 650 (Selected by Armin van Buuren, BT, Aly & Fila, Kyau & Albert and Omnia)",1/30/2014,23,236093,https://open.spotify.com/track/77lqDkU3aO9idYFOLfQ1Ts,love,silence tistos in search of sunrise remix
4PZSoglLwevedrH4bmgKsC,Shivers,"Armin van Buuren, Susana",Universal Religion Chapter 7,9/27/2013,27,191840,https://open.spotify.com/track/4PZSoglLwevedrH4bmgKsC,love,shivers
7pCL1xeNgdseiQTIYAQISQ,Anahera,"Ferry Corsten, Gouryella",Anahera,6/29/2015,35,270506,https://open.spotify.com/track/7pCL1xeNgdseiQTIYAQISQ,love,anahera
1QH83zBuFEy7Tbgf2UvAnD,Tuvan,GAIA,Tuvan,11/2/2009,54,170360,https://open.spotify.com/track/1QH83zBuFEy7Tbgf2UvAnD,love,tuvan
1s7qr6aDKY4iTlvH8oB50X,Exploration Of Space,Cosmic Gate,Armada Music - Trance Legacy II,12/15/2023,17,216360,https://open.spotify.com/track/1s7qr6aDKY4iTlvH8oB50X,love,exploration of space
5bMGUG2Z1uZBdcr0MDTljI,Destination (A State of Trance 2024 Anthem),"Armin van Buuren, Ferry Corsten, Rank 1, Ruben de Ronde",Destination (A State of Trance 2024 Anthem),9/22/2023,33,193790,https://open.spotify.com/track/5bMGUG2Z1uZBdcr0MDTljI,love,destination a state of trance 2024 anthem
3PbDqZ1VMsBTjXCbs6Jv7P,For an Angel,Paul van Dyk,45 RPM,10/4/1994,45,381893,https://open.spotify.com/track/3PbDqZ1VMsBTjXCbs6Jv7P,love,for an angel
05c4AAJKIulqI8vQQ41Rch,Saltwater,"Chicane, Moya Brennan",Twenty,7/29/2016,49,202533,https://open.spotify.com/track/05c4AAJKIulqI8vQQ41Rch,love,saltwater
294bZQoJEueD2ys3wrNDmI,Airwave - Radio Vocal Edit,Rank 1,Airwave,1/1/2000,57,179853,https://open.spotify.com/track/294bZQoJEueD2ys3wrNDmI,love,airwave radio vocal edit
29xhHp7I079jDveVcoShIk,Satellite - Above & Beyond Mix (Edit),"Above & Beyond, OceanLab",Satellite,3/24/2015,43,209653,https://open.spotify.com/track/29xhHp7I079jDveVcoShIk,love,satellite above beyond mix edit
0EcH1iItB5rVIZaaiQMbsG,Take Me Away (Into The Night) - Vocal Radio Mix,4 Strings,Believe,4/22/2003,59,190426,https://open.spotify.com/track/0EcH1iItB5rVIZaaiQMbsG,love,take me away into the night vocal radio mix
65DzBVmzCk00ytU2GGfilN,Burned With Desire (Classic Bonus Track) - Rising Star Remix,"Armin van Buuren, Justine Suissa, Rising Star",A State Of Trance Top 20 - November 2017 (Selected by Armin van Buuren),11/17/2017,19,181826,https://open.spotify.com/track/65DzBVmzCk00ytU2GGfilN,love,burned with desire classic bonus track rising star remix
35u8ALUkbFm37EoCENz3dx,Carte Blanche,"Veracocha, Ferry Corsten, Vincent de Moor",Carte Blanche,5/1/1999,41,205800,https://open.spotify.com/track/35u8ALUkbFm37EoCENz3dx,love,carte blanche
2zM1zEjv2JX1qTmSDeB8IL,Concrete Angel - Radio Edit,"Gareth Emery, Christina Novelli",Concrete Angel,2/13/2012,57,235024,https://open.spotify.com/track/2zM1zEjv2JX1qTmSDeB8IL,love,concrete angel radio edit
16LjcLOTRWt6NMQhdE1g5q,I Love You,"Key4050, Plumb",I Love You,2/21/2020,46,242391,https://open.spotify.com/track/16LjcLOTRWt6NMQhdE1g5q,love,i love you
4BdZyQpNHXlvK4co5qV3So,Children,"Tinlicker, Robert Miles",A State Of Trance Year Mix 2021 (Selected by Armin van Buuren),12/8/2021,20,245927,https://open.spotify.com/track/4BdZyQpNHXlvK4co5qV3So,love,children
45QjqrqAEfNvkXtxjoaI6I,Sun & Moon - Above & Beyond Extended Club Mix,"Above & Beyond, Richard Bedford","A State Of Trance Classics, Vol. 12 (The Full Unmixed Versions)",9/22/2017,15,188099,https://open.spotify.com/track/45QjqrqAEfNvkXtxjoaI6I,love,sun moon above beyond extended club mix
1ZZUokdNDeSPpqxhOsNiEk,Saving Light,"Gareth Emery, STANDERWICK, HALIENE",A State Of Trance 850 (The Official Album),2/15/2018,16,275665,https://open.spotify.com/track/1ZZUokdNDeSPpqxhOsNiEk,love,saving light
57nKL06bKwjaM5Y0aMtY9v,In And Out Of Love,"Armin van Buuren, Sharon Den Adel",Armin Anthems Top 100 (Ultimate Singles Collected),11/28/2014,62,181680,https://open.spotify.com/track/57nKL06bKwjaM5Y0aMtY9v,love,in and out of love
7fIfO8fZ55Eq5qtd5vCd6z,Out Of The Blue,System F,Out Of The Blue (Remastered),2/22/2010,52,234186,https://open.spotify.com/track/7fIfO8fZ55Eq5qtd5vCd6z,love,out of the blue
2wLEdsmuvK3iHTvPjNZ5dv,On A Good Day - Above & Beyond Club Mix,"Above & Beyond, OceanLab",Sirens Of The Sea Remixed,6/8/2009,26,470150,https://open.spotify.com/track/2wLEdsmuvK3iHTvPjNZ5dv,love,on a good day above beyond club mix
5RScucFoUuNzhLWwGWy05b,Intense,"Armin van Buuren, Miri Ben-Ari",Intense,5/3/2013,42,527786,https://open.spotify.com/track/5RScucFoUuNzhLWwGWy05b,love,intense
5hWcrdQfD9OFLrdssfYS7T,As the Rush Comes - Gabriel & Dresden Sweeping Strings Mix,"Motorcycle, JES, Gabriel & Dresden",Nyana Mixed by Tiësto,11/8/2010,37,403093,https://open.spotify.com/track/5hWcrdQfD9OFLrdssfYS7T,love,as the rush comes gabriel dresden sweeping strings mix
2S8fffwnxwY4F9bdeTLDIv,Serenity,"Armin van Buuren, Jan Vayne",Armin Anthems Top 100 (Ultimate Singles Collected),11/28/2014,39,177505,https://open.spotify.com/track/2S8fffwnxwY4F9bdeTLDIv,love,serenity
1Da5kabhTEe6dT3FxRlgk4,RAMelia (Tribute To Amelia) - Original Mix,"RAM, Susana",A State Of Trance Radio Top 20 - January 2014 (Including Classic Bonus Track),1/17/2014,31,497444,https://open.spotify.com/track/1Da5kabhTEe6dT3FxRlgk4,love,ramelia tribute to amelia original mix
7D1UWOH3q99TOqb4zwRkLr,Rest Of Our Lives,Ben Gold,Rest Of Our Lives,6/3/2022,42,240897,https://open.spotify.com/track/7D1UWOH3q99TOqb4zwRkLr,love,rest of our lives
0jxu3jQ6HqQ4VAdzmzwEo0,Bloodstream,"Ferry Corsten, Ruben de Ronde",Bloodstream (Cubicore Remix),10/28/2022,10,226097,https://open.spotify.com/track/0jxu3jQ6HqQ4VAdzmzwEo0,love,bloodstream
2xkrujtSjZz7EKAYGbIIzH,Blah Blah Blah,Armin van Buuren,Blah Blah Blah,5/18/2018,63,183518,https://open.spotify.com/track/2xkrujtSjZz7EKAYGbIIzH,love,blah blah blah
34PgbZHudjUapNEqsb1WcW,Universal Nation - Original Mix,Push,"A State Of Trance Classics, Vol.4",1/1/2009,1,477413,https://open.spotify.com/track/34PgbZHudjUapNEqsb1WcW,love,universal nation original mix
72dpj4P2OaMijPfr6mcuDo,Lethal Industry,Tiësto,A State Of Trance - 15 Years,9/30/2016,22,165146,https://open.spotify.com/track/72dpj4P2OaMijPfr6mcuDo,love,lethal industry
7LpshpG8snNJYdD7TnHS0I,We Control The Sunlight,"Aly & Fila, Jwaydan",Armada Collected: Aly & Fila,7/15/2016,44,226673,https://open.spotify.com/track/7LpshpG8snNJYdD7TnHS0I,love,we control the sunlight
2JyGSCWeruwFHK6w57N1qG,Suburban Train,Tiësto,In My Memory,7/22/2009,0,622226,https://open.spotify.com/track/2JyGSCWeruwFHK6w57N1qG,love,suburban train
3bupH9r8ZlCeLGMvlyL7rE,J'ai Envie De Toi,GAIA,J'ai Envie De Toi,3/5/2012,47,167272,https://open.spotify.com/track/3bupH9r8ZlCeLGMvlyL7rE,love,jai envie de toi
1WOCm5zJr1opYMnej9qaBQ,Beautiful Things - Gabriel & Dresden Unplugged Mix,"Andain, Gabriel & Dresden",Nyana Mixed by Tiësto,11/8/2010,44,435480,https://open.spotify.com/track/1WOCm5zJr1opYMnej9qaBQ,love,beautiful things gabriel dresden unplugged mix
0wTOwf23c4eG9L8dzZxnCU,Nothing But You - PVD Club Mix,"Paul van Dyk, Hemstock & Jennings","Trance - The Early Years, Vol. 2 (2002-2007)",11/15/2013,7,215360,https://open.spotify.com/track/0wTOwf23c4eG9L8dzZxnCU,love,nothing but you pvd club mix
4ScHK8dVV6Jcb2yzucsdwK,Till The Sky Falls Down,Dash Berlin,Trance Top 1000 - The Anthems,11/10/2017,19,230146,https://open.spotify.com/track/4ScHK8dVV6Jcb2yzucsdwK,love,till the sky falls down
1UhHgUddUt2L7siqPsOoU7,An Angel's Love,"Alex M.O.R.P.H., Sylvia Tosun",An Angel's Love,11/7/2011,50,185400,https://open.spotify.com/track/1UhHgUddUt2L7siqPsOoU7,love,an angels love
1rn7t6Bi98nDikeMaHsUA1,Waiting,"Dash Berlin, Emma Hewitt","A State Of Trance Classics, Vol. 10",7/24/2015,13,179893,https://open.spotify.com/track/1rn7t6Bi98nDikeMaHsUA1,love,waiting
0o23Opkrop7lr9UkmUHDN3,This Is What It Feels Like - W&W Remix,"Armin van Buuren, Trevor Guthrie, W&W",Intense (The More Intense Edition),5/3/2013,34,206504,https://open.spotify.com/track/0o23Opkrop7lr9UkmUHDN3,love,this is what it feels like ww remix
2inBkyRhXyvSmzq7V4HVnx,Somebody Loves You (with Plumb),"Aly & Fila, Plumb",A State Of Trance Year Mix 2020 (Selected by Armin van Buuren),12/11/2020,20,250285,https://open.spotify.com/track/2inBkyRhXyvSmzq7V4HVnx,love,somebody loves you with plumb
3ICChM5ebH2RPZnvXg4uuC,Amsterdam - Smith & Pledger Remix,Luminary,Amsterdam,6/2/2006,42,466800,https://open.spotify.com/track/3ICChM5ebH2RPZnvXg4uuC,love,amsterdam smith pledger remix
3oWuR8oRXtO9RejTyRjk12,1998 - Gouryella 1999 Remix,"Binary Finary, Gouryella",A State Of Trance 600,5/4/2013,42,178253,https://open.spotify.com/track/3oWuR8oRXtO9RejTyRjk12,love,1998 gouryella 1999 remix
791WQUn8PePLamJVPgGKZC,Café Del Mar - Three 'N One Radio Edit,"Energy 52, Three 'N One",Café Del Mar: The Best of the Remixes,7/28/2005,52,229600,https://open.spotify.com/track/791WQUn8PePLamJVPgGKZC,love,caf del mar three n one radio edit
08sJApuOhqHPD7IkCPBHVl,Man On The Run,"Dash Berlin, Cerf, Mitiska & Jaren","A State Of Trance Classics, Vol. 9",7/25/2014,10,220444,https://open.spotify.com/track/08sJApuOhqHPD7IkCPBHVl,love,man on the run
3bsILE1hTGw7e7WywM2hea,Southern Sun - Tiësto Remix,"Paul Oakenfold, Carla Werner, Tiësto",Southern Sun (Tiësto Remix),12/6/2002,0,214598,https://open.spotify.com/track/3bsILE1hTGw7e7WywM2hea,love,southern sun tisto remix
4gxRJtuIXVxAKpAEiimylx,Rainbow,"Estiva, Ruben de Ronde",Spectacle,6/22/2018,34,205587,https://open.spotify.com/track/4gxRJtuIXVxAKpAEiimylx,love,rainbow
2Ysc50BB6hEdEqfD5mWCbQ,All Over Again,"Bryan Kearney, Plumb",All Over Again,7/7/2017,43,250434,https://open.spotify.com/track/2Ysc50BB6hEdEqfD5mWCbQ,love,all over again
3Nku6gLNqnwUuq8GLkqyhW,Great Spirit,"Armin van Buuren, Vini Vici, Hilight Tribe",Great Spirit,12/12/2016,63,215773,https://open.spotify.com/track/3Nku6gLNqnwUuq8GLkqyhW,love,great spirit
2Rmf7cypRqNgLe5xH84FDQ,Sunset Boulevard,"Alex M.O.R.P.H., Ana Criado",Trance Top 1000 - The Best Of,12/17/2010,0,221420,https://open.spotify.com/track/2Rmf7cypRqNgLe5xH84FDQ,love,sunset boulevard
3XSlpwWGn0O6YY3k92erF8,Sirens Of The Sea - Above & Beyond Club Edit,"Above & Beyond, OceanLab, Justine Suissa","A State Of Trance Classics, Vol. 7",11/2/2012,16,229173,https://open.spotify.com/track/3XSlpwWGn0O6YY3k92erF8,love,sirens of the sea above beyond club edit
03jMSKaqxq8e47asdJWmf9,Ligaya - Vocal Mix,"Gouryella, PATTY LOU, Ferry Corsten",Ligaya,2000,37,210933,https://open.spotify.com/track/03jMSKaqxq8e47asdJWmf9,love,ligaya vocal mix
7Fqb5u0eNnz5AXwFHFEmTx,I Live For That Energy (ASOT 800 Anthem),Armin van Buuren,I Live For That Energy (ASOT 800 Anthem) EP,12/1/2016,38,197920,https://open.spotify.com/track/7Fqb5u0eNnz5AXwFHFEmTx,love,i live for that energy asot 800 anthem
679OImUIPtyBvKOT4Vlus5,On A Good Day (Metropolis),"Above & Beyond, Gareth Emery, OceanLab","A State Of Trance Classics, Vol. 11",7/22/2016,21,176417,https://open.spotify.com/track/679OImUIPtyBvKOT4Vlus5,love,on a good day metropolis
6xl5vg5rhmbGI7kNML1IP4,Gouryella,"Gouryella, Ferry Corsten",Gouryella,12/19/2011,49,217146,https://open.spotify.com/track/6xl5vg5rhmbGI7kNML1IP4,love,gouryella
1O3lfI2E0L8SFF9n78a9qU,Sail,Armin van Buuren,The Best Of Armin Only,5/13/2017,32,217675,https://open.spotify.com/track/1O3lfI2E0L8SFF9n78a9qU,love,sail
5ZF5rGJ00V81AmLYAIgO2D,If You Only Knew,"Hel:sløwed, Amber Revival",If You Only Knew,9/8/2023,31,200371,https://open.spotify.com/track/5ZF5rGJ00V81AmLYAIgO2D,love,if you only knew
32ZhR9QXRMtD1DHiOiPDPj,Orbion,Armin van Buuren,Orbion,2/13/2012,34,169746,https://open.spotify.com/track/32ZhR9QXRMtD1DHiOiPDPj,love,orbion
0DyFdO9zKqWBpys2YYk17Y,Let The Light Shine In - 12'' Original Mix,"Darren Tate, Jono Grant",Let The Light Shine In,5/12/2003,30,473142,https://open.spotify.com/track/0DyFdO9zKqWBpys2YYk17Y,love,let the light shine in 12 original mix
4dFsZLGVr40S9veNWXBCoe,Traffic - Radio Edit,Tiësto,Just Be,5/14/2004,2,177026,https://open.spotify.com/track/4dFsZLGVr40S9veNWXBCoe,love,traffic radio edit
4jy7tsWx2FZjXspLV5uZkQ,Offshore,Chicane,Far From The Maddening Crowds,6/11/1997,46,417807,https://open.spotify.com/track/4jy7tsWx2FZjXspLV5uZkQ,love,offshore
4jW0JslSUaV94CUPeCGlM8,Mirage,Armin van Buuren,Mirage,9/10/2010,35,401666,https://open.spotify.com/track/4jW0JslSUaV94CUPeCGlM8,love,mirage
2MYymWLO7e5L2oSo3fH304,Seven Cities - Armin van Buuren Remix,"Solarstone, Armin van Buuren",Trance Anthems Top 60,6/28/2013,36,262186,https://open.spotify.com/track/2MYymWLO7e5L2oSo3fH304,love,seven cities armin van buuren remix
0sSw0lhUoP0hHynlljWt1e,U - Bryan Kearney Remix,"Gareth Emery, Bo Bruce, Bryan Kearney",A State Of Trance 1000 - Celebration Mix (Selected by Armin van Buuren),1/28/2021,16,252826,https://open.spotify.com/track/0sSw0lhUoP0hHynlljWt1e,love,u bryan kearney remix
2nnRJHxIaoDe3FPTitG0iB,REFLEXION (ASOT 2023 Anthem),"Armin van Buuren, Cosmic Gate",REFLEXION (ASOT 2023 Anthem),12/14/2022,28,159140,https://open.spotify.com/track/2nnRJHxIaoDe3FPTitG0iB,love,reflexion asot 2023 anthem
72NPZCVQyyNUOizSs9JxmZ,Lost,"Sunlounger, Zara Taylor",Armada Collected: Roger Shah presents Sunlounger (Deluxe Version),7/18/2014,46,206760,https://open.spotify.com/track/72NPZCVQyyNUOizSs9JxmZ,love,lost
4Hgkloet6xvwpGDXVOjrG2,Status Excessu D (The Official A State Of Trance 500 Anthem) - Original Mix,GAIA,Armin van Buuren presents Armind - Best Of 2011,12/2/2011,9,582721,https://open.spotify.com/track/4Hgkloet6xvwpGDXVOjrG2,love,status excessu d the official a state of trance 500 anthem original mix
64AwAe6HpIEGFjy0KoGsmH,The Whiteroom,"Andy Moor, Adam White, Whiteroom",The Whiteroom,3/22/2021,41,233848,https://open.spotify.com/track/64AwAe6HpIEGFjy0KoGsmH,love,the whiteroom
1NTqyiDCyH2tjtA7espd06,Between The Rays,Orjan Nilsen,A State Of Trance 1000 - Celebration Mix (Selected by Armin van Buuren),1/28/2021,14,237293,https://open.spotify.com/track/1NTqyiDCyH2tjtA7espd06,love,between the rays
5x2mMDG6AsJbAt1NN6ICGE,Just Be - Antillas Club Mix,"Tiësto, Kirsty Hawkshaw, Antillas",Just Be (Remixed),1/1/2005,0,589386,https://open.spotify.com/track/5x2mMDG6AsJbAt1NN6ICGE,love,just be antillas club mix
6qTk67EGkkVOcRPlKuQnKB,The Last Dancer,"Armin van Buuren, Shapov",The Last Dancer,3/22/2018,44,210124,https://open.spotify.com/track/6qTk67EGkkVOcRPlKuQnKB,love,the last dancer
6LaTJQRgvTgvCAOUMafF1f,Made Of Love,"Ferry Corsten, Betsie Larkin",Ferry Corsten Collected,8/3/2010,41,221840,https://open.spotify.com/track/6LaTJQRgvTgvCAOUMafF1f,love,made of love
4q0oTDOVbp2Ncl4mME289w,The Fusion,"Omnia, Ira",A State Of Trance - 15 Years,9/30/2016,18,155986,https://open.spotify.com/track/4q0oTDOVbp2Ncl4mME289w,love,the fusion
6PYR903w1miJVhOhQ6zKzY,Good For Me - Above & Beyond Club Mix,"Above & Beyond, Zoë Johnston","A State Of Trance Classics, Vol. 13 (The Full Unmixed Versions)",11/9/2018,18,228500,https://open.spotify.com/track/6PYR903w1miJVhOhQ6zKzY,love,good for me above beyond club mix
4xZax8srPgsXV2mpMerqEk,Castles In The Sky,i_o,Castles In The Sky,11/20/2020,32,223280,https://open.spotify.com/track/4xZax8srPgsXV2mpMerqEk,love,castles in the sky
7t2b65ohMHkRaXiqWBy7lY,Lift,Sean Tyas,Lift,9/24/2006,13,167812,https://open.spotify.com/track/7t2b65ohMHkRaXiqWBy7lY,love,lift
0qIQ2EvcKzlojqAhNTkF7s,Sea of Thoughts,Factor B,Factor B Presents Theatre of the Mind,10/4/2021,22,429924,https://open.spotify.com/track/0qIQ2EvcKzlojqAhNTkF7s,love,sea of thoughts
04Sd6Youh9nTZRONx8bnI6,Wild Wild Son - Richard Durand Remix,"Armin van Buuren, Sam Martin, Richard Durand",Wild Wild Son (Remixes),1/18/2019,24,231576,https://open.spotify.com/track/04Sd6Youh9nTZRONx8bnI6,love,wild wild son richard durand remix
0yccOTrRjhAaGG5uYJWzF8,Can't Sleep,Above & Beyond,"A State Of Trance Classics, Vol. 10",7/24/2015,16,193026,https://open.spotify.com/track/0yccOTrRjhAaGG5uYJWzF8,love,cant sleep
6qlmPJiL0uQZ45Jirn3VA5,Barber's Adagio for Strings - Ferry Corsten Remix; Radio Edit;,"William Orbit, Ferry Corsten",Fitness Beats 2013,12/10/2012,54,220565,https://open.spotify.com/track/6qlmPJiL0uQZ45Jirn3VA5,love,barbers adagio for strings ferry corsten remix radio edit
6Yo4qTQgqCN1WXcCmQx7Q4,Need To Feel Loved - Thrillseekers Remix,"Reflekt, delline bass, The Thrillseekers",Need To Feel Loved,12/3/2004,38,492360,https://open.spotify.com/track/6Yo4qTQgqCN1WXcCmQx7Q4,love,need to feel loved thrillseekers remix
6c9aYBSbIDzVZ2DedjqDIB,Arisen,Arksun,A State Of Trance 1000 - Celebration Mix (Selected by Armin van Buuren),1/28/2021,9,234280,https://open.spotify.com/track/6c9aYBSbIDzVZ2DedjqDIB,love,arisen
223Uolw4JYsv0A89OquH5W,Big Sky - Agnelli Nelson Remix,"John O'Callaghan, Audrey Gallagher, Agnelli & Nelson","Armin van Buuren presents Armind, Vol. 5",12/24/2007,25,190220,https://open.spotify.com/track/223Uolw4JYsv0A89OquH5W,love,big sky agnelli nelson remix
6lFz76WMEhn1m1XVt8CZUU,This Light Between Us,"Armin van Buuren, Christian Burns",Armin Anthems Top 100 (Ultimate Singles Collected),11/28/2014,29,196773,https://open.spotify.com/track/6lFz76WMEhn1m1XVt8CZUU,love,this light between us
5COw2LOE3JIgNDn80oI8iK,It's All About The Melody,Aly & Fila,It's All About The Melody,3/11/2019,27,274283,https://open.spotify.com/track/5COw2LOE3JIgNDn80oI8iK,love,its all about the melody
2W4kTanCgrcjXulGM8ImDw,The Air I Breathe,"Richard Durand, Christina Novelli",A State Of Trance Showcase - Mix 006: Richard Durand,6/23/2020,16,198360,https://open.spotify.com/track/2W4kTanCgrcjXulGM8ImDw,love,the air i breathe
6bHJ1YUor22u1iTTcVB1Ue,Take This,"Bryan Kearney, Out of the Dust, Plumb",A State Of Trance: Future Favorite - Best Of 2022,11/18/2022,10,250434,https://open.spotify.com/track/6bHJ1YUor22u1iTTcVB1Ue,love,take this
5Xxhfeo34iu83hvfiuEdy6,No One On Earth - Gabriel & Dresden Remix,"Above & Beyond, Zoë Johnston, Gabriel & Dresden",Trance Top 1000 - The Best Of,12/17/2010,24,279240,https://open.spotify.com/track/5Xxhfeo34iu83hvfiuEdy6,love,no one on earth gabriel dresden remix
2isCFbEg9Omhbykb4ejrjz,Zocalo,"Armin van Buuren, Gabriel & Dresden",Shivers,8/8/2005,32,509198,https://open.spotify.com/track/2isCFbEg9Omhbykb4ejrjz,love,zocalo
6IJWtx0K9zn8BACrQZjEVm,Black Hole - Jorn van Deynhoven Remix,"Craig Connelly, Christina Novelli, Jorn Van Deynhoven",A State Of Trance Year Mix 2013,1/3/2014,13,239987,https://open.spotify.com/track/6IJWtx0K9zn8BACrQZjEVm,love,black hole jorn van deynhoven remix
0wYVNC09iLBVIqHB07Hckt,Ecstasy,ATB,No Silence,5/24/2004,41,261093,https://open.spotify.com/track/0wYVNC09iLBVIqHB07Hckt,love,ecstasy
2eDaK4svE1opo7Ix9eNl3E,Via Infinita,Estiva,Infinita,6/9/2023,38,237096,https://open.spotify.com/track/2eDaK4svE1opo7Ix9eNl3E,love,via infinita
6OXBLKHxAXfSpWe1q55Wbm,The Sound Of Goodbye,"Armin van Buuren, Perpetuous Dreamer",The Sound Of Goodbye,8/31/2001,33,206505,https://open.spotify.com/track/6OXBLKHxAXfSpWe1q55Wbm,love,the sound of goodbye
1oIkH4RilHZUVKi5znhOB2,Alone Tonight - Above & Beyond Club Mix (Edit),Above & Beyond,The Club Mix Collection,5/21/2020,28,206400,https://open.spotify.com/track/1oIkH4RilHZUVKi5znhOB2,love,alone tonight above beyond club mix edit
1tW69ALApGYf9PnHWOQXew,Beautiful,Ferry Corsten,Ferry Corsten Collected,8/3/2010,31,201986,https://open.spotify.com/track/1tW69ALApGYf9PnHWOQXew,love,beautiful
0fNLj40ATA6ZtwvUh64fx2,Air For Life,"Above & Beyond, Andy Moor",A State Of Trance - 15 Years,9/30/2016,16,242786,https://open.spotify.com/track/0fNLj40ATA6ZtwvUh64fx2,love,air for life
6MGEKGTGcdBfxw8AYN0XUe,The Legacy - Alphazone Remix,"Saltwater, Alphazone",Armada Music - Trance Legacy,7/15/2022,12,201267,https://open.spotify.com/track/6MGEKGTGcdBfxw8AYN0XUe,love,the legacy alphazone remix
7v4J6QfxOM19QhrxhWB0r1,Empire Of Hearts,GAIA,Empire Of Hearts,3/24/2014,45,198186,https://open.spotify.com/track/7v4J6QfxOM19QhrxhWB0r1,love,empire of hearts
4djoYbJiWIhqifboz99G8Y,Synaesthesia - Ferry Corsten Remix,"The Thrillseekers, Ferry Corsten",A State Of Trance 1000 - Celebration Mix (Selected by Armin van Buuren),1/28/2021,12,166956,https://open.spotify.com/track/4djoYbJiWIhqifboz99G8Y,love,synaesthesia ferry corsten remix
4H2h7b2u800wp186jLGVNO,Not Giving Up On Love,"Armin van Buuren, Sophie Ellis-Bextor",Mirage,9/10/2010,45,173760,https://open.spotify.com/track/4H2h7b2u800wp186jLGVNO,love,not giving up on love
6QfcL5rVYc0RqQ3UZX69kD,You'll Be OK,"Gareth Emery, Annabel",A State Of Trance Year Mix 2020 (Selected by Armin van Buuren),12/11/2020,12,211583,https://open.spotify.com/track/6QfcL5rVYc0RqQ3UZX69kD,love,youll be ok
3fWYaSHmMcRjzq3J6Ay8eq,550 Senta - Radio Mix,Andrew Rayel,Trance Anthems Top 60,6/28/2013,14,198000,https://open.spotify.com/track/3fWYaSHmMcRjzq3J6Ay8eq,love,550 senta radio mix
3ggp5JzDOMEm1y6hoC7CAl,Lighter Than Air,"MaRLo, Feenixpawl, Mila Josef",Armada Music - 20 Years,6/1/2023,7,201529,https://open.spotify.com/track/3ggp5JzDOMEm1y6hoC7CAl,love,lighter than air
5bbXNfvMHto9OBK23uppEd,My Symphony (The Best Of Armin Only Anthem),Armin van Buuren,The Best Of Armin Only,5/13/2017,30,189960,https://open.spotify.com/track/5bbXNfvMHto9OBK23uppEd,love,my symphony the best of armin only anthem
1jHrknBAzHwK3F3fkCmt8c,Right Back,Yuri Kane,A State Of Trance 1000 - Celebration Mix (Selected by Armin van Buuren),1/28/2021,15,191440,https://open.spotify.com/track/1jHrknBAzHwK3F3fkCmt8c,love,right back
4XhyJiDzbm82XZysbtBQI1,Blue Fear,Armin van Buuren,Armada Music - Trance Legacy II,12/15/2023,10,220280,https://open.spotify.com/track/4XhyJiDzbm82XZysbtBQI1,love,blue fear
02xAj0E4O1XXVL3sMu4eOW,ResuRection (Radio Edit),PPK,ResuRection Legacy,11/13/2017,0,196648,https://open.spotify.com/track/02xAj0E4O1XXVL3sMu4eOW,love,resurection radio edit
2ljF5Cdpsc8tQXB5FLiIeJ,Imagine,Armin van Buuren,Armin Anthems Top 100 (Ultimate Singles Collected),11/28/2014,29,243532,https://open.spotify.com/track/2ljF5Cdpsc8tQXB5FLiIeJ,love,imagine
2u76Bp1ratb7nhPxFFJ5V4,New Horizons (A State of Trance 650 Anthem) [Mixed],Jorn Van Deynhoven,A State Of Trance Anthems (Mini Mix),1/31/2020,10,85970,https://open.spotify.com/track/2u76Bp1ratb7nhPxFFJ5V4,love,new horizons a state of trance 650 anthem mixed
2WfeqxanbRRWEnXJxcttuw,Shine A Light,"Bryan Kearney, Bo Bruce","A State of Trance Radio Top 50 - 2023, Vol. 2",9/29/2023,9,200000,https://open.spotify.com/track/2WfeqxanbRRWEnXJxcttuw,love,shine a light
7hVFfW8lv3WOYRBHmvQ3gn,Exhale,"System F, Armin van Buuren",Exhale,1/1/2000,20,222608,https://open.spotify.com/track/7hVFfW8lv3WOYRBHmvQ3gn,love,exhale
05Z9XLTEN2aJx3y6YWlGoJ,Piece Of Art,Kryder,Piece Of Art,11/19/2021,34,196751,https://open.spotify.com/track/05Z9XLTEN2aJx3y6YWlGoJ,love,piece of art
1e21WWJUeqFhZhDuakGkdd,Subterranean,"Miss Monique, AVIRA, LUNA",Subterranean,9/29/2023,57,210731,https://open.spotify.com/track/1e21WWJUeqFhZhDuakGkdd,love,subterranean
7oQXir65XJFOXjj5mMF5mI,White Sand - DJ Shah's Original Mix,"Sunlounger, DJ Shah","A State Of Trance Classics, Vol. 8 (The Full Unmixed Versions)",10/11/2013,7,589316,https://open.spotify.com/track/7oQXir65XJFOXjj5mMF5mI,love,white sand dj shahs original mix
5LOfPpv4A3SFdN3UrNa3Iy,Home - Above & Beyond Club Mix (Mixed),Above & Beyond,Anjunabeats presents: Earth Day 2024 (DJ Mix),4/22/2024,7,375652,https://open.spotify.com/track/5LOfPpv4A3SFdN3UrNa3Iy,love,home above beyond club mix mixed
2MiaMo1zQXpv2NABNN0E0D,Divine - Radio Edit,Selu Vibra,"A State Of Trance 500 (Selected by Armin van Buuren, Markus Schulz, Paul Oakenfold, Cosmic Gate & Andy Moor)",4/15/2011,9,206956,https://open.spotify.com/track/2MiaMo1zQXpv2NABNN0E0D,love,divine radio edit
0wpfTH7ktqLdtwBoUDZFYd,Coming Home,Armin van Buuren,Mirage,9/10/2010,30,380240,https://open.spotify.com/track/0wpfTH7ktqLdtwBoUDZFYd,love,coming home
5mjJkRdpBWoWAAzxDKMArc,Be Your Sound (Mixed),"Cosmic Gate, Emma Hewitt",A State Of Trance 1000 - Celebration Mix (Mixed by Armin van Buuren),1/29/2021,24,116496,https://open.spotify.com/track/5mjJkRdpBWoWAAzxDKMArc,love,be your sound mixed
5jydMksp3y4JD8z79kPHjk,La Guitarra,Orjan Nilsen,Armada Music - 20 Years,6/1/2023,12,173706,https://open.spotify.com/track/5jydMksp3y4JD8z79kPHjk,love,la guitarra
6cNOIP7w7xrmfZWepTJADR,Greece 2000,"Three Drives On A Vinyl, Three Drives",Armada Music - 20 Years,6/1/2023,20,234773,https://open.spotify.com/track/6cNOIP7w7xrmfZWepTJADR,love,greece 2000
0WKCs7wjRIcXWSiHu1rBm7,Silhouette [ASOT 700 - Part 1] - Allen & Envy Remix,"Dart Rayne, Yura Moonlight, Sarah Lynn, Allen & Envy",A State Of Trance Episode 700 (Part 1),1/29/2015,0,139109,https://open.spotify.com/track/0WKCs7wjRIcXWSiHu1rBm7,love,silhouette asot 700 part 1 allen envy remix
3PSSpZKQoekj3JF3goOgyt,Strange World (Mixed) - 2000 Remake,Push,A State Of Trance 1000 - Celebration Mix (Mixed by Armin van Buuren),1/29/2021,17,71080,https://open.spotify.com/track/3PSSpZKQoekj3JF3goOgyt,love,strange world mixed 2000 remake
4G9i3Flp6oszrXR95sb23j,Humming The Lights,GAIA,Humming The Lights,5/3/2013,32,214545,https://open.spotify.com/track/4G9i3Flp6oszrXR95sb23j,love,humming the lights
1gFPkcBSf7fkIICOpiz889,Superstring - Rank 1 Remix,"Cygnus X, Rank 1","A State Of Trance 600 (Selected by Armin van Buuren, ATB, W&W, Rank 1 & Andrew Rayel)",4/19/2013,13,188320,https://open.spotify.com/track/1gFPkcBSf7fkIICOpiz889,love,superstring rank 1 remix
5Lugtz8tfLgGDeqF9wJHHQ,Long Way Home,Gareth Emery,Drive,4/1/2014,41,445311,https://open.spotify.com/track/5Lugtz8tfLgGDeqF9wJHHQ,love,long way home
4z3aEQdbO5MIsCyGKNDohq,Fallout (Mixed),Davey Asprey,Trance Top 1000 - Mini Mix 005,3/2/2018,28,92425,https://open.spotify.com/track/4z3aEQdbO5MIsCyGKNDohq,love,fallout mixed
35Inf31HWqoLXKWQJcxpt8,Going Wrong - Armin van Buuren’s Extended Mix,"Armin van Buuren, DJ Shah, Chris Jones",Going Wrong,3/31/2008,19,358266,https://open.spotify.com/track/35Inf31HWqoLXKWQJcxpt8,love,going wrong armin van buurens extended mix
0QzeVRMO5ZBAncJOzPG45V,Sanctuary (Mixed),"Gareth Emery, Lucy Saunders",Trance Top 1000 - Mini Mix 003,7/7/2017,17,67773,https://open.spotify.com/track/0QzeVRMO5ZBAncJOzPG45V,love,sanctuary mixed
5NTfKZ9aVZhX4Gr8efmuYQ,I Wish,"Andrew Rayel, Robbie Seed, Jimmy Chou, That Girl",A State of Trance - Celebration Weekend,3/3/2023,7,215000,https://open.spotify.com/track/5NTfKZ9aVZhX4Gr8efmuYQ,love,i wish
4WW0E8wSl7s4yXRtotq8lV,For All Time,"Armin van Buuren, Aly & Fila, Kazi Jay",For All Time,9/3/2021,32,239142,https://open.spotify.com/track/4WW0E8wSl7s4yXRtotq8lV,love,for all time
6LNiKJiTzOqTyHevbHSs04,Solarcoaster,Solarstone,Armada Music - Trance Legacy II,12/15/2023,12,215280,https://open.spotify.com/track/6LNiKJiTzOqTyHevbHSs04,love,solarcoaster
597OrtHvre7s1Lr8JRhT8o,Amsterdam (Mixed),Orjan Nilsen,Trance Top 1000 - Mini Mix 010,7/5/2019,14,87941,https://open.spotify.com/track/597OrtHvre7s1Lr8JRhT8o,love,amsterdam mixed
3sqaL70dyHtGzba6P6b2JG,Sound Of The Drums,"Armin van Buuren, Laura Jansen",Armin Anthems Top 100 (Ultimate Singles Collected),11/28/2014,19,235880,https://open.spotify.com/track/3sqaL70dyHtGzba6P6b2JG,love,sound of the drums
302izEeCgAxrLEpnXM4nNP,Futuro,"Giuseppe Ottaviani, Ilan Bluestone",Futuro,7/7/2023,31,175066,https://open.spotify.com/track/302izEeCgAxrLEpnXM4nNP,love,futuro
5d0mx2RZ6Wwi9jNjGdBz1y,Drifting Away - Lange's Sunset Mix,"Lange, Skye",Drifting Away,1/1/2001,31,433261,https://open.spotify.com/track/5d0mx2RZ6Wwi9jNjGdBz1y,love,drifting away langes sunset mix
5eUCYNogj2M5yHpOyzvr7c,EIFORYA,"Armin van Buuren, Andrew Rayel",Armin Anthems Top 100 (Ultimate Singles Collected),11/28/2014,21,161779,https://open.spotify.com/track/5eUCYNogj2M5yHpOyzvr7c,love,eiforya
2ERspmtlOp4FS1VVQ9eeWD,Time Of Our Lives - Paul van Dyk Club Mix,"Paul van Dyk, Vega4","A State Of Trance Classics, Vol. 11",7/22/2016,19,202856,https://open.spotify.com/track/2ERspmtlOp4FS1VVQ9eeWD,love,time of our lives paul van dyk club mix
4TpVnbXWBqi5VQWXCB9bu9,Space Case,Armin van Buuren,Breathe In,1/12/2024,35,212252,https://open.spotify.com/track/4TpVnbXWBqi5VQWXCB9bu9,love,space case
7BhB11GDezuGWN0XpzVako,Flaming June - Paul van Dyk Radio Edit,"BT, Paul van Dyk","A State Of Trance Classics, Vol. 7",11/2/2012,30,227111,https://open.spotify.com/track/7BhB11GDezuGWN0XpzVako,love,flaming june paul van dyk radio edit
6iTAEFGmUnPX8d68F3hmvm,Janeiro - Armin van Buuren Radio Edit,"Solid Sessions, Armin van Buuren",Janeiro (Armin van Buuren Remix),9/2/2002,24,207896,https://open.spotify.com/track/6iTAEFGmUnPX8d68F3hmvm,love,janeiro armin van buuren radio edit
3mnRb7zMa365CYEpYOwYCz,Let The Music Guide You (ASOT 950 Anthem),Armin van Buuren,Let The Music Guide You (ASOT 950 Anthem),11/22/2019,24,187666,https://open.spotify.com/track/3mnRb7zMa365CYEpYOwYCz,love,let the music guide you asot 950 anthem
5lxmLPmXLLYPm25I12R6fo,Beggin' You - Armin van Buuren Remix,"Cerf, Mitiska, Jaren, Armin van Buuren","A State Of Trance Classics, Vol. 12 (The Full Unmixed Versions)",9/22/2017,25,264519,https://open.spotify.com/track/5lxmLPmXLLYPm25I12R6fo,love,beggin you armin van buuren remix
6ytPTGhq5dQn7XbpJ2GcNA,Sunrise - Tiësto Remix,"Goldenscan, Tiësto",Sunrise,8/15/2011,17,588602,https://open.spotify.com/track/6ytPTGhq5dQn7XbpJ2GcNA,love,sunrise tisto remix
2qdNMDz7Vave8TDPAE8YLr,Aisha (Official Sail 2010 Anthem),GAIA,"A State Of Trance Classics, Vol. 11",7/22/2016,10,189380,https://open.spotify.com/track/2qdNMDz7Vave8TDPAE8YLr,love,aisha official sail 2010 anthem
7kNkfmiFLYb10B3OZNuQVx,Airport,Photographer,Armin van Buuren's 2012 Top 20,12/7/2012,13,282616,https://open.spotify.com/track/7kNkfmiFLYb10B3OZNuQVx,love,airport
0yrlRdgnfEFvk5zlZ9yCKy,Turn It Up,Armin van Buuren,Turn It Up,3/15/2019,48,172173,https://open.spotify.com/track/0yrlRdgnfEFvk5zlZ9yCKy,love,turn it up
0F3qMD7lRkdZgcBoXaQEES,Tokyo777,7 SKIES,Tokyo777,11/24/2023,20,180468,https://open.spotify.com/track/0F3qMD7lRkdZgcBoXaQEES,love,tokyo777
4jM0zZPDschVSpZPuBhaxL,Walhalla,Gouryella,In Search of Sunrise 1 Mixed by Tiësto,10/20/1999,35,211360,https://open.spotify.com/track/4jM0zZPDschVSpZPuBhaxL,love,walhalla
6cACdG597u2QM1k5S2PzEg,Yet Another Day,"Armin van Buuren, Ray Wilson",Yet Another Day,6/2/2003,19,207213,https://open.spotify.com/track/6cACdG597u2QM1k5S2PzEg,love,yet another day
6L5oATCQcGUXOOqo2fLiPB,Whispers Of Time,"XiJaro & Pitch, LightControl",Whispers Of Time,5/17/2019,17,216500,https://open.spotify.com/track/6L5oATCQcGUXOOqo2fLiPB,love,whispers of time
6QEiGcM4u5foW7uEmEGcdJ,Fly Away - Cosmic Gate Remix,"Vincent de Moor, Cosmic Gate",Fly Away,6/4/2000,28,210280,https://open.spotify.com/track/6QEiGcM4u5foW7uEmEGcdJ,love,fly away cosmic gate remix
0jT6M1tT51b1p2s8qDUUkB,Show Me Love,"Above & Beyond, Armin van Buuren",Show Me Love,3/1/2019,36,211655,https://open.spotify.com/track/0jT6M1tT51b1p2s8qDUUkB,love,show me love
7CoZDPMLlbdp0qgQVigOVz,Turn The World Into A Dancefloor (ASOT 1000 Anthem) [Mixed],Armin van Buuren,Trance Top 1000 - Mini Mix 016,4/16/2021,6,109942,https://open.spotify.com/track/7CoZDPMLlbdp0qgQVigOVz,love,turn the world into a dancefloor asot 1000 anthem mixed
1nI98rPkNPcZE4q0DE7Rtn,Your Distant World - Original Mix,Simon O'Shine,A State Of Trance - Future Favorite Best Of 2012,12/7/2012,13,583148,https://open.spotify.com/track/1nI98rPkNPcZE4q0DE7Rtn,love,your distant world original mix
10LrhzGpz0rZgnNRxWUWsW,Home,"Coast 2 Coast, Discovery",A State Of Trance 550,3/30/2012,8,209300,https://open.spotify.com/track/10LrhzGpz0rZgnNRxWUWsW,love,home
2GbMkJklI9wvegN0ezO1vZ,My Religion,Pulser,Trance Top 1000 - Ibiza Classics,7/19/2019,15,226693,https://open.spotify.com/track/2GbMkJklI9wvegN0ezO1vZ,love,my religion
7KbMs4wwGtrPAwiyAXnnWi,Be In The Moment (ASOT 850 Anthem) [Mixed],Armin van Buuren,A State Of Trance Anthems (Mini Mix),1/31/2020,11,70867,https://open.spotify.com/track/7KbMs4wwGtrPAwiyAXnnWi,love,be in the moment asot 850 anthem mixed
3pVwawYlhHg9cLKWpeaN3l,Find Yourself,"John O'Callaghan, Sarah Howells",Vocal Trance Hits - The Anthems,5/31/2019,36,151621,https://open.spotify.com/track/3pVwawYlhHg9cLKWpeaN3l,love,find yourself
3zU9X2OAGU8V7rNJrzIRI8,Walk The Edge - Alex M.O.R.P.H. B2B Woody van Eyden Vocal Mix,"Alex M.O.R.P.H., Woody van Eyden",Trance Top 1000 - The Best Of,12/17/2010,19,206666,https://open.spotify.com/track/3zU9X2OAGU8V7rNJrzIRI8,love,walk the edge alex morph b2b woody van eyden vocal mix
3zIgdTCwmCLUT8gO7cii8Q,Waiting For The Night,"Armin van Buuren, Fiora",Armin Anthems Top 100 (Ultimate Singles Collected),11/28/2014,31,184369,https://open.spotify.com/track/3zIgdTCwmCLUT8gO7cii8Q,love,waiting for the night
3VZPDpwXtjMXuFDn1oFXaf,Running For Peace (ASOT 895) - Club Mix,Alex M.O.R.P.H.,ASOT 895 - A State Of Trance Episode 895 (Top 50 Of 2018 Special),12/20/2018,6,256100,https://open.spotify.com/track/3VZPDpwXtjMXuFDn1oFXaf,love,running for peace asot 895 club mix
0pLjrEYAgsyNHN2O4Br3oy,We Rise Again,Factor B,We Rise Again,2/26/2016,11,229051,https://open.spotify.com/track/0pLjrEYAgsyNHN2O4Br3oy,love,we rise again
0wNl0JDRupTEnCrfH7KwDs,La Résistance De L'Amour,"Armin van Buuren, Shapov",Balance,10/25/2019,36,211875,https://open.spotify.com/track/0wNl0JDRupTEnCrfH7KwDs,love,la rsistance de lamour
5oRcArT4YUU0hAo5EzNW3u,9 PM (Till I Come) - Radio Edit,ATB,9 PM (Till I Come),10/26/1998,46,199520,https://open.spotify.com/track/5oRcArT4YUU0hAo5EzNW3u,love,9 pm till i come radio edit
2SpyCBZd6AXV2i0uoi2sRK,Venera (Vee's Theme),"Ferry Corsten, Gouryella",A State Of Trance Year Mix 2017 (Mixed by Armin van Buuren),12/15/2017,13,188320,https://open.spotify.com/track/2SpyCBZd6AXV2i0uoi2sRK,love,venera vees theme
0gDfkQYmyiq0eZFLof6hbh,Escape - Radio Edit,Airbase,Escape,1/24/2006,45,194946,https://open.spotify.com/track/0gDfkQYmyiq0eZFLof6hbh,love,escape radio edit
2AIyz9N86ExdABFnNrXlpH,Naked Angel - Radio Edit,"Solarstone, Scott Bond","A State Of Trance Classics, Vol. 7",11/2/2012,10,272173,https://open.spotify.com/track/2AIyz9N86ExdABFnNrXlpH,love,naked angel radio edit
7bbY135gafWRikvA2f9jjA,Follow Me - Lange's Club Mix,"Lange, The Morrighan",I Believe / Follow Me,5/6/2003,49,392560,https://open.spotify.com/track/7bbY135gafWRikvA2f9jjA,love,follow me langes club mix
2IjnqjuNP7zhvzZsHVOB5A,Northern Soul,"Above & Beyond, Richard Bedford",A State Of Trance Top 20 - January 2018 (Selected by Armin van Buuren),1/12/2018,9,180468,https://open.spotify.com/track/2IjnqjuNP7zhvzZsHVOB5A,love,northern soul
6lfyZu7hvAJqyzYe5uyD1C,Shelter - Photographer Remix,"Dash Berlin, Roxanne Emery, Photographer",A State Of Trance Radio Top 20 - January 2015 (Including Classic Bonus Track),1/16/2015,19,216176,https://open.spotify.com/track/6lfyZu7hvAJqyzYe5uyD1C,love,shelter photographer remix
3SBxdCDq0tXJ2m6IUB4xBZ,Linking People,Giuseppe Ottaviani,A State Of Trance 1000 - Celebration Mix (Selected by Armin van Buuren),1/28/2021,8,219860,https://open.spotify.com/track/3SBxdCDq0tXJ2m6IUB4xBZ,love,linking people
53NAWGO8L6jYYc9nfp11uS,Captured - Sebastian Brandt Remix,"Under Sun, Signum",Captured,5/27/2007,5,408693,https://open.spotify.com/track/53NAWGO8L6jYYc9nfp11uS,love,captured sebastian brandt remix
4YtXaW8q7knXtL43kztDhA,Stars Collide - XiJaro & Pitch Remix,"Somna, Jennifer Rene, XiJaro & Pitch","A State Of Trance Top 20 - 2021, Vol. 3 (Selected by Armin van Buuren)",9/24/2021,6,239795,https://open.spotify.com/track/4YtXaW8q7knXtL43kztDhA,love,stars collide xijaro pitch remix
22PEA9hscWITQmbUFg0Jas,Lost In Space,"Armin van Buuren, Jorn Van Deynhoven",A State Of Trance FOREVER,9/3/2021,42,201304,https://open.spotify.com/track/22PEA9hscWITQmbUFg0Jas,love,lost in space
1KItfWyAoMnjN3PE0pZGJP,Other Side Of The World (ASOT 1147) - Daxson Remix,"Craig Connelly, HALIENE, Daxson",ASOT 1147 - A State of Trance Episode 1147,11/16/2023,7,202740,https://open.spotify.com/track/1KItfWyAoMnjN3PE0pZGJP,love,other side of the world asot 1147 daxson remix
1yF7iQ62H1sw6M5jQ2YOAu,Autumn Tactics - The Thrillseekers Radio Edit,"Chicane, The Thrillseekers",A State Of Trance 600,5/4/2013,27,238246,https://open.spotify.com/track/1yF7iQ62H1sw6M5jQ2YOAu,love,autumn tactics the thrillseekers radio edit
0KU8W0lHfsNlH7lfV1dz29,Gratitude,"Above & Beyond, anamē, Marty Longstaff",Gratitude,4/14/2022,47,233619,https://open.spotify.com/track/0KU8W0lHfsNlH7lfV1dz29,love,gratitude
5BYO2o4tpB4rzzVesxtUuT,Love Is A Drug,"Armin van Buuren, Anne Gudrun",Breathe In,1/12/2024,51,200625,https://open.spotify.com/track/5BYO2o4tpB4rzzVesxtUuT,love,love is a drug
7e2fY6QvojYZRWTQfLFuMR,Till The Sunrise,Giuseppe Ottaviani,A State Of Trance Year Mix 2018 (Selected by Armin van Buuren),12/14/2018,14,169714,https://open.spotify.com/track/7e2fY6QvojYZRWTQfLFuMR,love,till the sunrise
18s5HkCmbwJm1UIkDQXJWG,I Don't Own You,Armin van Buuren,Mirage,9/10/2010,33,405106,https://open.spotify.com/track/18s5HkCmbwJm1UIkDQXJWG,love,i dont own you
57HLbw5C35P2CjpNJ9ALuS,Sun In Your Eyes - Original Mix,Above & Beyond,Group Therapy,6/6/2011,43,291026,https://open.spotify.com/track/57HLbw5C35P2CjpNJ9ALuS,love,sun in your eyes original mix
4Zc162LFWQ6ueZSvwtkbf0,Exactly,"John O'Callaghan, Bryan Kearney",Something to Live For,1/29/2007,16,500213,https://open.spotify.com/track/4Zc162LFWQ6ueZSvwtkbf0,love,exactly
3BaUuBZeqJuWApjH8TmEV9,Spiral,Robert Nickson,"A State Of Trance Classics, Vol.4",1/1/2009,0,554724,https://open.spotify.com/track/3BaUuBZeqJuWApjH8TmEV9,love,spiral
4Bnw1Ca9bOI5DXeSwrZncd,Flight 643 [ASOT 643] **ASOT Radio Classic** - Original Mix,Tiësto,A State of Trance Episode 643,12/12/2013,5,302003,https://open.spotify.com/track/4Bnw1Ca9bOI5DXeSwrZncd,love,flight 643 asot 643 asot radio classic original mix
5HpI0yxhjUdEUpQqa818Ac,From The Earth - Breakfast Remix,Andrew Bayer,From The Earth,11/27/2011,11,494417,https://open.spotify.com/track/5HpI0yxhjUdEUpQqa818Ac,love,from the earth breakfast remix
7rP8LJpQ2EXxOtuGsZGezH,Thing Called Love - Radio Edit,"Above & Beyond, Richard Bedford",A State Of Trance Yearmix 2011 (Mixed By Armin Van Buuren),1/13/2012,0,170149,https://open.spotify.com/track/7rP8LJpQ2EXxOtuGsZGezH,love,thing called love radio edit
1SiJMjOMPuEm6KqwIEkCNT,Forever & Always,"Armin van Buuren, Gareth Emery, Owl City",Feel Again,3/30/2023,38,194002,https://open.spotify.com/track/1SiJMjOMPuEm6KqwIEkCNT,love,forever always
6wWjQ8pqeTFsdh98ZLLcBE,We're All We Need,"Above & Beyond, Zoë Johnston",A State Of Trance - Future Favorite Best Of 2015,11/20/2015,11,262834,https://open.spotify.com/track/6wWjQ8pqeTFsdh98ZLLcBE,love,were all we need
0WX5Nv5C8BjMRm0oubOWHK,Sky Falls Down (ASOT 986) - Armin van Buuren Remix,"Above & Beyond, OceanLab, Armin van Buuren",ASOT 986 - A State Of Trance Episode 986 (Including Armin van Buuren & Ferry Corsten B2B Vinyl Set),10/15/2020,6,483480,https://open.spotify.com/track/0WX5Nv5C8BjMRm0oubOWHK,love,sky falls down asot 986 armin van buuren remix
0e9JXAbeWRJAqVUY2ZKUxG,Apollo Road [ATB with Dash Berlin Mix Cut] - Club Version,"ATB, Dash Berlin",A State Of Trance Radio Top 20 - 2011 (Mixed Version),12/30/2011,9,275391,https://open.spotify.com/track/0e9JXAbeWRJAqVUY2ZKUxG,love,apollo road atb with dash berlin mix cut club version
1fNin4vOdSjZUuTD4iepwk,Missing You - Ben Gold Remix,"Gareth Emery, Maria Lynn, Ben Gold",Trance 100 - Best Of Summer 2023,9/15/2023,8,201500,https://open.spotify.com/track/1fNin4vOdSjZUuTD4iepwk,love,missing you ben gold remix
5r17HU9O8wRdN5sKbSJtcV,Destiny,"Markus Schulz, Delacey",A State Of Trance Radio Top 20 - June 2015 (Including Classic Bonus Track),6/12/2015,20,227927,https://open.spotify.com/track/5r17HU9O8wRdN5sKbSJtcV,love,destiny
16vesqKrocX8YaTyZR0Mvq,Hollow,"Armin van Buuren, AVIRA, Be No Rain",Hollow,6/26/2020,32,207997,https://open.spotify.com/track/16vesqKrocX8YaTyZR0Mvq,love,hollow
67bCCKld1wDgmJ8TE9mi2Z,Unbreakable,"Aly & Fila, Roger Shah, Susana",A State Of Trance Radio Top 20 - October 2016 (Including Classic Bonus Track),10/7/2016,7,200000,https://open.spotify.com/track/67bCCKld1wDgmJ8TE9mi2Z,love,unbreakable
1YvZAl9rv455hj64qOZmj5,Computers Take Over The World - Maddix Remix,"Armin van Buuren, Maddix",Computers Take Over The World (Remixes),9/15/2023,36,242112,https://open.spotify.com/track/1YvZAl9rv455hj64qOZmj5,love,computers take over the world maddix remix
4gVGaxS7E1nxq7xAKXkWOt,Saint Vitus,GAIA,Saint Vitus,8/3/2017,44,210882,https://open.spotify.com/track/4gVGaxS7E1nxq7xAKXkWOt,love,saint vitus
4QCYVn9sntc3WNSLapE4Ps,Rush - Super8 vs Orkidea Remix,"Aalto, Super8, Orkidea","A State Of Trance Classics, Vol. 10",7/24/2015,6,209150,https://open.spotify.com/track/4QCYVn9sntc3WNSLapE4Ps,love,rush super8 vs orkidea remix
2ry5MzxPhL9IPuOgzvmVQn,Zara - Radio Edit,ARTY,A State Of Trance 550,3/30/2012,15,230909,https://open.spotify.com/track/2ry5MzxPhL9IPuOgzvmVQn,love,zara radio edit
1171CdT7CgL0Twwk8NEeuW,Rush Hour - Miserere & Rush Hour Radio Edit,Armin van Buuren,"A State Of Trance Classics, Vol. 7",11/2/2012,14,216790,https://open.spotify.com/track/1171CdT7CgL0Twwk8NEeuW,love,rush hour miserere rush hour radio edit
65txyOqz9deNgfVKKpiTSx,450,Sebastian Brandt,A State Of Trance 2010,2/4/2010,19,258695,https://open.spotify.com/track/65txyOqz9deNgfVKKpiTSx,love,450
6VM07TmzYJWb4MUEkxRplr,Elements Of Life,Tiësto,Elements Of Life,4/6/2007,0,505360,https://open.spotify.com/track/6VM07TmzYJWb4MUEkxRplr,love,elements of life
048J9p9lP9pxuPaXtRv2hJ,Sansa (ASOT 758),Gareth Emery,A State Of Trance Episode 758,4/7/2016,18,223660,https://open.spotify.com/track/048J9p9lP9pxuPaXtRv2hJ,love,sansa asot 758
4RQGig0Vhr4GXmqfklCCyK,Rapture (Armin Van Burren Remix Remastered - Made Radio Edit) [feat. Nadia Ali],"iio, Nadia Ali",Rapture (feat. Nadia Ali) [Armin Van Buuren Remix Remastered],7/11/2011,46,189700,https://open.spotify.com/track/4RQGig0Vhr4GXmqfklCCyK,love,rapture armin van burren remix remastered made radio edit feat nadia ali
0kEI9KTgJls3s6v9C7blZP,Lost Language,Aly & Fila,Armada Collected: Aly & Fila,7/15/2016,26,244448,https://open.spotify.com/track/0kEI9KTgJls3s6v9C7blZP,love,lost language
6z1255wQBVJnK6bX00xtes,Lifting You Higher (ASOT 900 Anthem),Armin van Buuren,A State Of Trance 900 (The Official Album),2/22/2019,10,177518,https://open.spotify.com/track/6z1255wQBVJnK6bX00xtes,love,lifting you higher asot 900 anthem
1gI0eWxInrrTyDop578FEN,Pure Thrust - Nu NRG Remix,"Basic Dawn, Nu NRG","A State Of Trance 500 (Selected by Armin van Buuren, Markus Schulz, Paul Oakenfold, Cosmic Gate & Andy Moor)",4/15/2011,20,224788,https://open.spotify.com/track/1gI0eWxInrrTyDop578FEN,love,pure thrust nu nrg remix
2Equ9WQVmnaJXt2yUOgm7w,Home With You - Armin van Buuren pres. Rising Star Remix,"Armin van Buuren, Susana, Rising Star",Home With You (Armin van Buuren pres. Rising Star Remix),12/8/2021,27,213428,https://open.spotify.com/track/2Equ9WQVmnaJXt2yUOgm7w,love,home with you armin van buuren pres rising star remix
4wmDScqiSAfRwuenaf7oe8,Stay - Sneijder Remix,"Ben Gold, SIVAN, Sneijder",Stay (Sneijder Remix),2/22/2019,24,213913,https://open.spotify.com/track/4wmDScqiSAfRwuenaf7oe8,love,stay sneijder remix
3aVbUziTZhGWkXAMvPJemo,Touch Me - Armin van Buuren Remix,"Armin van Buuren, Rising Star",Touch Me,4/2/2001,8,575690,https://open.spotify.com/track/3aVbUziTZhGWkXAMvPJemo,love,touch me armin van buuren remix
3i3IJpSWaW3qg3jSRupqUP,Healesville Sanctuary - Roger Shah Mix,"Roger Shah, Signum",A State Of Trance Classics - Mix 028: Roger Shah,8/3/2021,9,170222,https://open.spotify.com/track/3i3IJpSWaW3qg3jSRupqUP,love,healesville sanctuary roger shah mix
4UKX72tvv4DFm0zPQWtu0q,Helsinki Scorchin' - Alex M.O.R.P.H Remix,Super8 & Tab,Helsinki Scorchin',4/17/2006,13,513173,https://open.spotify.com/track/4UKX72tvv4DFm0zPQWtu0q,love,helsinki scorchin alex morph remix
1fkg7grkp5yElhTFF8vnnU,Who's Afraid Of 138?! - Photographer Remix,"Armin van Buuren, Photographer",Who's Afraid Of 138?!,11/22/2013,10,216000,https://open.spotify.com/track/1fkg7grkp5yElhTFF8vnnU,love,whos afraid of 138 photographer remix
6oa09AhKCi9a8G9VLG3pAc,L'Esperanza - Armin Van Buuren's Rising Star Mix,Airscape,L’Esperanza (S&G 2009 Remix),12/7/2009,7,672501,https://open.spotify.com/track/6oa09AhKCi9a8G9VLG3pAc,love,lesperanza armin van buurens rising star mix
56k6qktQ4SLjaSHOYUxGc0,How Do I Know,"Andrew Rayel, Jano",A State Of Trance Classics - Mix 003: Andrew Rayel,4/14/2020,20,224000,https://open.spotify.com/track/56k6qktQ4SLjaSHOYUxGc0,love,how do i know
70D83gDDX8hylBw8ePdh4w,Wonder? - DJ Tiësto & Armin Van Buuren Wonder Mix,"Major League, Tiësto, Armin van Buuren",Boundaries of Imagination Mixed by Armin van Buuren (Remastered),12/22/1999,9,346306,https://open.spotify.com/track/70D83gDDX8hylBw8ePdh4w,love,wonder dj tisto armin van buuren wonder mix
4ks4xCLSGDEvKmzIBZPH7e,Magico,"Armin van Buuren, Giuseppe Ottaviani",A State Of Trance FOREVER,9/3/2021,23,203293,https://open.spotify.com/track/4ks4xCLSGDEvKmzIBZPH7e,love,magico
4wzMOX70RjYM30gd0boani,Netherworld - Oliver Prime Remix,"L.S.G., Oliver Prime","A State Of Trance 500 (Selected By Armin van Buuren, Paul Oakenfold, Markus Schulz, Cosmic Gate & Andy Moor)",4/22/2011,9,667293,https://open.spotify.com/track/4wzMOX70RjYM30gd0boani,love,netherworld oliver prime remix
1Q0FWt1rZoNuXKm5xrPbrA,Sea Tides - Radio Edit,Andy Blueman,Trance Top 1000 - Selection 003,6/14/2013,9,217391,https://open.spotify.com/track/1Q0FWt1rZoNuXKm5xrPbrA,love,sea tides radio edit
5JmoppXeRtcYcG33tISRQI,Skylarking,BT,A State Of Trance 2013,3/8/2013,12,206250,https://open.spotify.com/track/5JmoppXeRtcYcG33tISRQI,love,skylarking
7eSwjazApBU7jXcGiLEsnK,Brute,"Ferry Corsten, Armin van Buuren","Trance Essentials 2012, Vol. 1",12/30/2011,14,212893,https://open.spotify.com/track/7eSwjazApBU7jXcGiLEsnK,love,brute
4thqTuvBIgNUM8hYr0yIXX,Panama,Giuseppe Ottaviani,Evolver,7/19/2019,25,229565,https://open.spotify.com/track/4thqTuvBIgNUM8hYr0yIXX,love,panama
0jZq0zDujagh2kLVYVGsN8,Savage Daughter,Ekaterina Shelehova,Savage Daughter,4/28/2023,64,144350,https://open.spotify.com/track/0jZq0zDujagh2kLVYVGsN8,love,savage daughter
0Uy0xnGNgDXfXGQbKkarCM,Trøllabundin,Eivør,Slør + Bridges,9/18/2015,0,270973,https://open.spotify.com/track/0Uy0xnGNgDXfXGQbKkarCM,love,trllabundin
2eX3dXD3eKSbxOloMXBDkP,Úlfar í skugga,Domsgard,Úlfar í skugga,7/7/2025,46,156541,https://open.spotify.com/track/2eX3dXD3eKSbxOloMXBDkP,love,lfar skugga
7csW8IgexVxsnAEjQrpWig,Fehu,Wardruna,Runaljod – Yggdrasil,3/25/2013,0,405280,https://open.spotify.com/track/7csW8IgexVxsnAEjQrpWig,love,fehu
6lanCCozUAMy9YWSXki2KT,Edge of Night [Pippin's Song] (Bonus Track),MALINDA,The Folks I Love,7/16/2021,49,63372,https://open.spotify.com/track/6lanCCozUAMy9YWSXki2KT,love,edge of night pippins song bonus track
22VDE1td1hToIprDuVYZOY,Maria (feat. Markéta Irglová),"Lizzie Weber, Markéta Irglová",Maria (feat. Markéta Irglová),10/31/2025,25,251000,https://open.spotify.com/track/22VDE1td1hToIprDuVYZOY,love,maria feat markta irglov
5QoMq0a8f0jK4n5RTmWXxF,My Mother Told Me - Acoustic Version,NATI.,My Mother Told Me,7/15/2021,0,61888,https://open.spotify.com/track/5QoMq0a8f0jK4n5RTmWXxF,love,my mother told me acoustic version
4oH1HdHkeGLRuaapFOCCpv,The Last Kingdom,"John Lunn, Eivør",The Last Kingdom (Original Television Soundtrack),11/9/2018,47,322733,https://open.spotify.com/track/4oH1HdHkeGLRuaapFOCCpv,love,the last kingdom
3XN3MLpVCSgyeei69MY7r2,Earth Melodies,Ekaterina Shelehova,Earth Melodies,3/30/2021,53,150857,https://open.spotify.com/track/3XN3MLpVCSgyeei69MY7r2,love,earth melodies
7D2N6lxpfFEKAxDMVfz6mH,Conjuring Storms,Ekaterina Shelehova,Conjuring Storms,3/11/2022,46,101950,https://open.spotify.com/track/7D2N6lxpfFEKAxDMVfz6mH,love,conjuring storms
3J2Eo7wmRl9qSSvh6qDzP7,Lívstræðrir,"John Lunn, Eivør",The Last Kingdom (Original Television Soundtrack),11/9/2018,49,317693,https://open.spotify.com/track/3J2Eo7wmRl9qSSvh6qDzP7,love,lvstrrir
2MRzU88isUimYDUhPgxcEw,Now We Are Free,"Ekaterina Shelehova, Emanuele Tedeschi",Now We Are Free,7/8/2021,43,276683,https://open.spotify.com/track/2MRzU88isUimYDUhPgxcEw,love,now we are free
596DO7Czmqib9aHtYNkE3I,Helvegen,Kalandra,Helvegen,3/6/2020,53,412372,https://open.spotify.com/track/596DO7Czmqib9aHtYNkE3I,love,helvegen
44s77gJbPi0QizWRLJDhz8,The Echo and the River,"Bear McCreary, Sophia Brown",The Witcher: Blood Origin (Soundtrack from the Netflix Series),12/16/2022,37,141720,https://open.spotify.com/track/44s77gJbPi0QizWRLJDhz8,love,the echo and the river
0G8bBgxMyribBBDwMq9KoS,Grieve No More - Series Version,Patty Gurdy,Carnival Row: Season 1 (Music from the Amazon Original Series),10/1/2021,39,86211,https://open.spotify.com/track/0G8bBgxMyribBBDwMq9KoS,love,grieve no more series version
4uQCnoQ2xoulPIA1ijXeaU,Blood Will Prevail,"John Lunn, Eivør, Danny Saul",The Last Kingdom: Destiny Is All,4/21/2023,43,173000,https://open.spotify.com/track/4uQCnoQ2xoulPIA1ijXeaU,love,blood will prevail
58zDpyUEjrQ1Xx1FNVjM9Q,Tor i Helheim,Myrkur,Folkesange,3/20/2020,42,430223,https://open.spotify.com/track/58zDpyUEjrQ1Xx1FNVjM9Q,love,tor i helheim
65bVC6KYo6AEzSBIuah9BE,The Black Rose,"Bear McCreary, Sophia Brown",The Witcher: Blood Origin (Soundtrack from the Netflix Series),12/16/2022,37,206400,https://open.spotify.com/track/65bVC6KYo6AEzSBIuah9BE,love,the black rose
2WeYMEAdnKrzTRU7AbtDV7,Norðrljós,SKÁLD,Vikings Memories,10/9/2020,49,200786,https://open.spotify.com/track/2WeYMEAdnKrzTRU7AbtDV7,love,norrljs
1LAhMTnNHtlr8uLNlt6MxB,Awakening,Ekaterina Shelehova,Awakening,3/31/2023,39,137567,https://open.spotify.com/track/1LAhMTnNHtlr8uLNlt6MxB,love,awakening
5vrCgn8HJJcpSB00jNj01G,"Salvation From the Dawn (from the Netflix Series ""Devil In Ohio"")","Will Bates, Maiah Manser",Devil in Ohio (Soundtrack from the Netflix Series),9/2/2022,32,142370,https://open.spotify.com/track/5vrCgn8HJJcpSB00jNj01G,love,salvation from the dawn from the netflix series devil in ohio
0DvIRwRcYA62RUU1ohuEMu,Lora Lie Lo,Patty Gurdy,Carnival Row: Season 1 (Music from the Amazon Original Series),10/1/2021,42,116619,https://open.spotify.com/track/0DvIRwRcYA62RUU1ohuEMu,love,lora lie lo
05SlUh92X3w2tj7ykTTLoD,Misty Mountains,Rachel Hardy,Misty Mountains,5/29/2021,0,185419,https://open.spotify.com/track/05SlUh92X3w2tj7ykTTLoD,love,misty mountains
7oGwKNBX90dXL53ZbhPxJk,Norupo,Heilung,Futha,6/28/2019,55,257972,https://open.spotify.com/track/7oGwKNBX90dXL53ZbhPxJk,love,norupo
6dSpPbDxU0aovEAtPDPuCE,If I Had A Heart,Fever Ray,Fever Ray,1/12/2009,0,229933,https://open.spotify.com/track/6dSpPbDxU0aovEAtPDPuCE,love,if i had a heart
1nl11qleZSSYuVXEjHK8wS,Víðbláinn,Peter Gundry,Víðbláinn,7/18/2017,44,271707,https://open.spotify.com/track/1nl11qleZSSYuVXEjHK8wS,love,vblinn
5rb84lxIZ20QumznRnTtBm,Song of Durin,Eurielle,Song of Durin,5/20/2016,49,157985,https://open.spotify.com/track/5rb84lxIZ20QumznRnTtBm,love,song of durin
3nfZyxnCJgwXCNZ70F1EDg,Lady of the Dawn (Nordic),Peter Gundry,Lady of the Dawn (Nordic),12/23/2017,36,269291,https://open.spotify.com/track/3nfZyxnCJgwXCNZ70F1EDg,love,lady of the dawn nordic
1HzXj8vzKwaMC2gC8Y87lP,Vikings Nature,Ralf Kurtsiefer,Vikings Nature,5/24/2020,28,175200,https://open.spotify.com/track/1HzXj8vzKwaMC2gC8Y87lP,love,vikings nature
0Gfx6hHehnIOTyPSb7dtzr,Flight to Valhalla,Aria Siren,Flight to Valhalla,6/7/2023,35,67437,https://open.spotify.com/track/0Gfx6hHehnIOTyPSb7dtzr,love,flight to valhalla
6K6uDRqHEManekQw3tZ2kA,Sorgarstund,Aria Siren,Sorgarstund,12/8/2023,31,219825,https://open.spotify.com/track/6K6uDRqHEManekQw3tZ2kA,love,sorgarstund
4xIegjAQAud6Ssn2HoyzOt,Yggdrasil Trembles,Nemuer,Urðarbrunnr,10/18/2019,34,337306,https://open.spotify.com/track/4xIegjAQAud6Ssn2HoyzOt,love,yggdrasil trembles
66JoB873O4URpCGDfrv7Pb,New River,The Oh Hellos,Notos,12/8/2017,42,221753,https://open.spotify.com/track/66JoB873O4URpCGDfrv7Pb,love,new river
3TFPuV7tqS0qhNpLbX6Gi9,If I Had A Heart - 2022 Remastered Version,"Bart Zeal, Freya Catherine, Tom de Munck","Book of Zeal, Vol. 2 (2022 Remastered Version)",8/15/2022,24,268240,https://open.spotify.com/track/3TFPuV7tqS0qhNpLbX6Gi9,love,if i had a heart 2022 remastered version
6RnlLDpA7zaFBW6cGaOX3U,The Man Who Can't Forget - 2022 Remastered Version,"Bart Zeal, Karliene","Book of Zeal, Vol. 2 (2022 Remastered Version)",8/15/2022,30,168400,https://open.spotify.com/track/6RnlLDpA7zaFBW6cGaOX3U,love,the man who cant forget 2022 remastered version
10fQ5UwxwEjJG78eOVNpxQ,My Mother Told Me,"Bart Zeal, Rikke Linssen","Book of Zeal, Vol. 1",10/22/2021,28,209866,https://open.spotify.com/track/10fQ5UwxwEjJG78eOVNpxQ,love,my mother told me
3oPDBMeybJMnMExCeNxAPk,Valhalla Shores,"Aria Siren, Eric Heitmann",Valhalla Shores,4/5/2024,34,186666,https://open.spotify.com/track/3oPDBMeybJMnMExCeNxAPk,love,valhalla shores
6WJSS750fDfkg18rd4JzeO,ODIN!,"Bart Zeal, Joran Elane, Marlieske Doorn, Marcel van de Plasse",ODIN!,7/20/2024,22,164105,https://open.spotify.com/track/6WJSS750fDfkg18rd4JzeO,love,odin
7uhkkVYJtdFs1mBr0y4BZ0,ODIN! - Instrumental Version,"Bart Zeal, Joran Elane, Marlieske Doorn, Marcel van de Plasse",ODIN!,7/20/2024,21,161903,https://open.spotify.com/track/7uhkkVYJtdFs1mBr0y4BZ0,love,odin instrumental version
7BmRh4RIVgXVCcppDYExBz,Rite in Blood,Herknungr,Rite in Blood,4/6/2022,32,230134,https://open.spotify.com/track/7BmRh4RIVgXVCcppDYExBz,love,rite in blood
1y8VBlg2qV2iMkZSnpM3UZ,Berserksgangr,Herknungr,Hugleikinn,2/24/2020,0,186907,https://open.spotify.com/track/1y8VBlg2qV2iMkZSnpM3UZ,love,berserksgangr
1CErLH8t4asWDgZAfJIoHu,Soar,"Eric Heitmann, Aria Siren",Soar,7/5/2024,31,225391,https://open.spotify.com/track/1CErLH8t4asWDgZAfJIoHu,love,soar
4MysKZbbjNEfs8vTTxR9E9,Landvaettir,"Pawl D Beats, Askadia",Landvaettir,8/9/2024,32,250158,https://open.spotify.com/track/4MysKZbbjNEfs8vTTxR9E9,love,landvaettir
2L6vSXXJux9GCL97R6qr1F,Woodland Gardens at Night,Brombaer,Woodland Gardens,5/2/2024,31,177043,https://open.spotify.com/track/2L6vSXXJux9GCL97R6qr1F,love,woodland gardens at night
3SyaJE3q3brl01P5xkRLTE,Walking Through Blooming Night Flowers,Brombaer,Woodland Gardens,5/2/2024,27,113345,https://open.spotify.com/track/3SyaJE3q3brl01P5xkRLTE,love,walking through blooming night flowers
7svPsdes3vQESrTJrpQ1cj,Folkvangr,Peter Gundry,Volur,7/10/2019,33,249500,https://open.spotify.com/track/7svPsdes3vQESrTJrpQ1cj,love,folkvangr
7Lz5tGeBpxxTwdEbO8SOLZ,Yggdrasill,Gealdýr,Eptir Ragnarök,6/22/2021,34,276627,https://open.spotify.com/track/7Lz5tGeBpxxTwdEbO8SOLZ,love,yggdrasill
4KRpxrne4ljhntRn3s6yb9,Flamme,"Kati Ran, Kai Uwe Faust, Heilung",LYS,10/15/2015,39,355076,https://open.spotify.com/track/4KRpxrne4ljhntRn3s6yb9,love,flamme
51vRRdA4a9Ode3ad8TVruc,Freya,"Michael Maas, Clara Sorace",Emotional Vocal Trailer,11/16/2020,33,133549,https://open.spotify.com/track/51vRRdA4a9Ode3ad8TVruc,love,freya
2RVtKjCQN5F08nUgAqkMYm,The Lone Wolf,Sagason,Dancing with your Shadows,8/5/2021,30,249444,https://open.spotify.com/track/2RVtKjCQN5F08nUgAqkMYm,love,the lone wolf
6pwuWy7aSV1xl5R0LNPhD2,Elendil's Oath,Gealdýr,Elendil's Oath,11/28/2023,37,81000,https://open.spotify.com/track/6pwuWy7aSV1xl5R0LNPhD2,love,elendils oath
22Dve65iVPgjSqMsMX4Sdg,Dimna Juda,Waldkauz,Mythos,4/21/2017,37,221493,https://open.spotify.com/track/22Dve65iVPgjSqMsMX4Sdg,love,dimna juda
6SxopEt5KyhINVgB3EYr77,Dance of the Druids,Karliene,Dance of the Druids,6/4/2015,28,199580,https://open.spotify.com/track/6SxopEt5KyhINVgB3EYr77,love,dance of the druids
5qaw8YyoICxBnSQ1hedfQz,Loki,Gealdýr,Sól,8/9/2019,32,402000,https://open.spotify.com/track/5qaw8YyoICxBnSQ1hedfQz,love,loki
0Aj5CXE0wB6jnt4z7RRzDK,Woodland Gardens at Dusk,Brombaer,Woodland Gardens II,2/28/2025,32,182224,https://open.spotify.com/track/0Aj5CXE0wB6jnt4z7RRzDK,love,woodland gardens at dusk
4yjRIIPz7q9jkQ48DL0DyY,Helgiminni,Askadia,Helgiminni,4/18/2025,26,101999,https://open.spotify.com/track/4yjRIIPz7q9jkQ48DL0DyY,love,helgiminni
3GK3UBVe6HzKDmpUbjkw2c,Ragnarök,Bart Zeal,Ragnarök,4/20/2025,20,333104,https://open.spotify.com/track/3GK3UBVe6HzKDmpUbjkw2c,love,ragnark
4srlfIfZNkeKW9XiSytgyr,Sång till natten,ro.t,Sång till natten,1/27/2022,21,193135,https://open.spotify.com/track/4srlfIfZNkeKW9XiSytgyr,love,sng till natten
4EIJ1Zh8pfCmUUVNlJdQv7,Rún - Intimate Version,SKÁLD,Winter Songs,10/29/2021,37,209560,https://open.spotify.com/track/4EIJ1Zh8pfCmUUVNlJdQv7,love,rn intimate version
5TafcrwBYeaktJTTNyDvcL,Healing Waters,Brombaer,Ithya Endless Wanderings (Original Soundtrack),6/20/2025,29,222486,https://open.spotify.com/track/5TafcrwBYeaktJTTNyDvcL,love,healing waters
2ykYhr7NHOfiVEqzlcmgnR,The Valkyrie,Bart Zeal,The Valkyrie,6/20/2025,0,227400,https://open.spotify.com/track/2ykYhr7NHOfiVEqzlcmgnR,love,the valkyrie
4Vn9y2wBSugivi1BE7BOol,Stirdur Saknur,"Eivør, Einar Selvik",Segl,9/18/2020,0,340733,https://open.spotify.com/track/4Vn9y2wBSugivi1BE7BOol,love,stirdur saknur
7lCF89AaPIHTu6g90zWCJt,Mánasegl,Eivør,Segl,9/18/2020,0,136426,https://open.spotify.com/track/7lCF89AaPIHTu6g90zWCJt,love,mnasegl
0Laochxm4Y1AUrpH9WBDg0,Valkyriesletten,"Asynje, Nanna Barslev",Galdr,12/18/2015,31,384253,https://open.spotify.com/track/0Laochxm4Y1AUrpH9WBDg0,love,valkyriesletten
3xc9VOj0Hel62l1EFHxFnI,Trollslaget,SKÁLD,Huldufólk,1/20/2023,35,70040,https://open.spotify.com/track/3xc9VOj0Hel62l1EFHxFnI,love,trollslaget
7v4gpkUfJ7IcS4N9dJV17W,Vinda,"Kati Ran, Heilung, Maria Franz",LYS,10/15/2015,38,148381,https://open.spotify.com/track/7v4gpkUfJ7IcS4N9dJV17W,love,vinda
56QTuY2Y0cp8z2VdP138sV,Gong,Sigur Rós,Takk...,9/12/2005,26,333733,https://open.spotify.com/track/56QTuY2Y0cp8z2VdP138sV,love,gong
6bk11TH82XrT5QUC1gDw9A,Nocturne,Secret Garden,Songs From A Secret Garden,1/1/1995,56,193680,https://open.spotify.com/track/6bk11TH82XrT5QUC1gDw9A,love,nocturne
6wW9ews4LjClYwvb9GSida,Valhalla Calling - Duet Version,"Miracle Of Sound, Peyton Parrish",Valhalla Calling (Duet Version),11/5/2021,59,240759,https://open.spotify.com/track/6wW9ews4LjClYwvb9GSida,love,valhalla calling duet version
3UTor5mQwaTRddi5QNckde,Northern Wind - Radio Edit,LOVE JOSIE,Northern Wind (Radio Edit),10/3/2025,19,227767,https://open.spotify.com/track/3UTor5mQwaTRddi5QNckde,love,northern wind radio edit
508AcnlaxR3Lm4IJpiYrMX,All Roads Lead To Home,LOVE JOSIE,All Roads Lead To Home,4/11/2025,18,177483,https://open.spotify.com/track/508AcnlaxR3Lm4IJpiYrMX,love,all roads lead to home
5sEBWqyf75HdNIouC89YpK,Destined for Adventure,Brombaer,Ithya Destined for Adventure (Original Soundtrack),9/5/2025,22,132138,https://open.spotify.com/track/5sEBWqyf75HdNIouC89YpK,love,destined for adventure
1hIWcOUshoCdk3kMmbPz2K,Where Elves Once Lived,Martin Egger,Wanderlust,11/19/2021,34,140346,https://open.spotify.com/track/1hIWcOUshoCdk3kMmbPz2K,love,where elves once lived
48eU8wIsAJ6BZxA8trXmRA,Abandoned City,Martin Egger,Wanderlust Part 2,8/19/2022,27,170500,https://open.spotify.com/track/48eU8wIsAJ6BZxA8trXmRA,love,abandoned city
7cPKplKs83xObKVDCOsLn4,Out Of The Deep,Martin Egger,Wanderlust Part 2,8/19/2022,23,67500,https://open.spotify.com/track/7cPKplKs83xObKVDCOsLn4,love,out of the deep
7IH3lza3ROadGVi3598iTj,Flóki,Domsgard,Víkingr,7/23/2025,37,138624,https://open.spotify.com/track/7IH3lza3ROadGVi3598iTj,love,flki
6dviCN4ZJgbj0AEe8WUACF,Island fannst,Domsgard,Myrkr,10/23/2025,35,139041,https://open.spotify.com/track/6dviCN4ZJgbj0AEe8WUACF,love,island fannst
2ZVAlM6dhBIabmw038Zbup,Berserkir bróðir,Domsgard,Úlfar í skugga,7/7/2025,37,138645,https://open.spotify.com/track/2ZVAlM6dhBIabmw038Zbup,love,berserkir brir
4n17YjPg0c6iCOxIx0BQ1i,Hrafnsins kall,Domsgard,Úlfar í skugga,7/7/2025,37,154482,https://open.spotify.com/track/4n17YjPg0c6iCOxIx0BQ1i,love,hrafnsins kall
4kfCWF4kqhyK5bRTfbHAxg,Dans valkyrjanna,Domsgard,Blóð ok Rúnir,8/3/2025,47,169771,https://open.spotify.com/track/4kfCWF4kqhyK5bRTfbHAxg,love,dans valkyrjanna
5KdFmoRUj6zqTg2Oh0My6n,Hrafnar yfir Miðgarði,Domsgard,Blóð ok Rúnir,8/3/2025,37,159798,https://open.spotify.com/track/5KdFmoRUj6zqTg2Oh0My6n,love,hrafnar yfir migari
1S5t8hop6LjcNecjLjRZuS,Grótti,SKÁLD,Vikings Memories,10/9/2020,52,173066,https://open.spotify.com/track/1S5t8hop6LjcNecjLjRZuS,love,grtti
34hYH6o60RtUv5u5UUgnd0,Rún,SKÁLD,Vikings Chant (Alfar Fagrahvél Edition),9/20/2019,54,160400,https://open.spotify.com/track/34hYH6o60RtUv5u5UUgnd0,love,rn
62uzKP0xa76flVndOJnV69,The Dragonborn Comes,Tal Barr,Tal Barr,4/25/2021,26,125717,https://open.spotify.com/track/62uzKP0xa76flVndOJnV69,love,the dragonborn comes
4f1Swppc5dHLbByiEXrlu7,Suurin,"Kati Ran, Maria Franz, Kai Uwe Faust, Heilung",LYS,10/15/2015,43,356925,https://open.spotify.com/track/4f1Swppc5dHLbByiEXrlu7,love,suurin
0k1cEQqg2tLCPMyDtua9sk,Mørke Skoger - Extended,Kalandra,Kingdom Two Crowns: Norse Lands Soundtrack (Extended),8/4/2022,53,149386,https://open.spotify.com/track/0k1cEQqg2tLCPMyDtua9sk,love,mrke skoger extended
6JJGu31qvtkU9sQcyouXXN,Yggdrasil,Forndom,Faþir,4/3/2020,45,255000,https://open.spotify.com/track/6JJGu31qvtkU9sQcyouXXN,love,yggdrasil
1VtAhBhiXduSG6b3ibvcKG,Hemkomst,Forndom,Faþir,4/3/2020,43,340133,https://open.spotify.com/track/1VtAhBhiXduSG6b3ibvcKG,love,hemkomst
